params,file_size,peaq_score,distortion_index,processing_time,fitness
"{'ar': '24000', 'sample_fmt': 's32p', 'compression_level': '9', 'reservoir': '1', 'b:a': '272k', 'abr': 'True'}",219.1953125,-3.661,-2.499,0.7119828620052431,-0.805458141917317
"{'ar': '24000', 'sample_fmt': 'fltp', 'compression_level': '5', 'reservoir': '1', 'b:a': '229k', 'abr': 'True'}",199.7890625,-3.659,-2.49,0.42671506098122336,-0.7459083069043988
"{'ar': '32000', 'sample_fmt': 's16p', 'compression_level': '3', 'reservoir': '0', 'b:a': '138k'}",178.953125,-3.28,-1.609,0.5122003889991902,0.4419856916542039
"{'ar': '12000', 'sample_fmt': 'fltp', 'compression_level': '1', 'reservoir': '1', 'b:a': '286k', 'abr': 'True'}",75.265625,-3.765,-2.917,0.4785164979984984,-0.9327136099068987
"{'ar': '8000', 'sample_fmt': 's32p', 'compression_level': '3', 'reservoir': '0', 'b:a': '148k', 'abr': 'True'}",89.09375,-3.858,-3.51,0.34824489199672826,-1.3489009638097667
"{'ar': '12000', 'sample_fmt': 'fltp', 'compression_level': '7', 'reservoir': '0', 'aq': '9'}",54.40625,-3.776,-2.975,0.3413904959743377,-0.9332195683867731
"{'ar': '24000', 'sample_fmt': 'fltp', 'compression_level': '0', 'reservoir': '0', 'b:a': '170k', 'abr': 'True'}",169.0390625,-3.672,-2.538,0.8867624859849457,-0.7762762500780926
"{'ar': '16000', 'sample_fmt': 's16p', 'compression_level': '2', 'reservoir': '0', 'b:a': '126k', 'abr': 'True'}",149.10546875,-3.737,-2.79,0.5116865989984944,-0.9476874558832237
"{'ar': '48000', 'sample_fmt': 'fltp', 'compression_level': '9', 'reservoir': '0', 'b:a': '230k', 'abr': 'True'}",333.21875,-3.481,-2.004,0.4311813020030968,-0.391105728087547
"{'ar': '8000', 'sample_fmt': 'fltp', 'compression_level': '1', 'reservoir': '1', 'b:a': '102k', 'abr': 'True'}",72.78125,-3.858,-3.505,0.4476080989697948,-1.32863861457058
"{'ar': '48000', 'sample_fmt': 'fltp', 'compression_level': '5', 'reservoir': '1', 'b:a': '264k'}",357.078125,-3.508,-2.067,0.5404402750136796,-0.5200351360317376
"{'ar': '11025', 'sample_fmt': 'fltp', 'compression_level': '4', 'reservoir': '1', 'b:a': '157k'}",90.8935546875,-3.848,-3.427,0.3788422580109909,-1.304551961905907
"{'ar': '22050', 'sample_fmt': 's16p', 'compression_level': '8', 'reservoir': '0', 'b:a': '246k', 'abr': 'True'}",223.35546875,-3.677,-2.554,0.36789756099460647,-0.841293235126199
"{'ar': '12000', 'sample_fmt': 's32p', 'compression_level': '7', 'reservoir': '0', 'aq': '9'}",54.40625,-3.776,-2.975,0.3361587399849668,-0.9328328741858771
"{'ar': '48000', 'sample_fmt': 'fltp', 'compression_level': '2', 'reservoir': '0', 'aq': '9'}",119.6796875,-3.337,-1.711,0.43649769597686827,0.3771784084129531
"{'ar': '8000', 'sample_fmt': 's16p', 'compression_level': '5', 'reservoir': '1', 'b:a': '217k', 'abr': 'True'}",85.859375,-3.858,-3.509,0.34654518199386075,-1.3432988972098403
"{'ar': '8000', 'sample_fmt': 'fltp', 'compression_level': '8', 'reservoir': '0', 'b:a': '242k', 'abr': 'True'}",91.484375,-3.858,-3.51,0.3396682419697754,-1.352081674528336
"{'ar': '24000', 'sample_fmt': 's16p', 'compression_level': '6', 'reservoir': '0', 'aq': '9'}",77.28125,-3.735,-2.784,0.38082729702000506,-0.8168552768575374
"{'ar': '12000', 'sample_fmt': 'fltp', 'compression_level': '1', 'reservoir': '1', 'b:a': '306k'}",90.640625,-3.761,-2.901,0.4864063020213507,-0.943463025572374
"{'ar': '11025', 'sample_fmt': 's16p', 'compression_level': '9', 'reservoir': '0', 'b:a': '236k'}",90.8935546875,-3.85,-3.442,0.3381860940135084,-1.310938699160346
"{'ar': '44100', 'sample_fmt': 'fltp', 'compression_level': '3', 'reservoir': '0', 'b:a': '203k', 'abr': 'True'}",305.046875,-2.603,-0.718,0.5248917849967256,2.0982856575213087
"{'ar': '12000', 'sample_fmt': 'fltp', 'compression_level': '8', 'reservoir': '1', 'b:a': '190k'}",90.640625,-3.742,-2.811,0.34815889902529307,-0.8605846849263799
"{'ar': '16000', 'sample_fmt': 's16p', 'compression_level': '0', 'reservoir': '1', 'b:a': '264k', 'abr': 'True'}",132.51171875,-3.74,-2.801,0.9223457949992735,-0.962022259972453
"{'ar': '22050', 'sample_fmt': 's32p', 'compression_level': '0', 'reservoir': '0', 'aq': '9'}",75.0888671875,-3.731,-2.763,0.41433579102158546,-0.79988930087798
"{'ar': '8000', 'sample_fmt': 'fltp', 'compression_level': '8', 'reservoir': '0', 'b:a': '32k', 'abr': 'True'}",47.75,-3.856,-3.491,0.3691424819990061,-1.2738212210208837
"{'ar': '44100', 'sample_fmt': 's16p', 'compression_level': '1', 'reservoir': '1', 'aq': '9'}",103.81640625,-3.341,-1.719,0.45863269799156114,0.38901140429190983
"{'ar': '11025', 'sample_fmt': 'fltp', 'compression_level': '3', 'reservoir': '0', 'b:a': '70k'}",90.28125,-3.848,-3.428,0.3929133420169819,-1.3049304218689517
"{'ar': '24000', 'sample_fmt': 's16p', 'compression_level': '0', 'reservoir': '0', 'b:a': '216k', 'abr': 'True'}",169.1328125,-3.672,-2.536,0.902134036005009,-0.7769310824921127
"{'ar': '22050', 'sample_fmt': 's32p', 'compression_level': '0', 'reservoir': '1', 'aq': '9'}",69.9306640625,-3.731,-2.763,0.3862490089959465,-0.7895825635053628
"{'ar': '8000', 'sample_fmt': 'fltp', 'compression_level': '9', 'reservoir': '0', 'b:a': '248k', 'abr': 'True'}",91.484375,-3.858,-3.51,0.34043938701506704,-1.3521386720866453
"{'ar': '22050', 'sample_fmt': 's16p', 'compression_level': '5', 'reservoir': '0', 'aq': '9'}",75.7998046875,-3.731,-2.762,0.37328644798253663,-0.7976741847315632
"{'ar': '24000', 'sample_fmt': 's32p', 'compression_level': '7', 'reservoir': '1', 'aq': '9'}",71.0234375,-3.724,-2.734,0.3644083520048298,-0.7642540986386304
"{'ar': '12000', 'sample_fmt': 's32p', 'compression_level': '3', 'reservoir': '1', 'aq': '9'}",49.765625,-3.769,-2.94,0.377939558995422,-0.9011655250103513
"{'ar': '8000', 'sample_fmt': 'fltp', 'compression_level': '0', 'reservoir': '0', 'b:a': '241k'}",91.484375,-3.857,-3.501,0.5062452939746436,-1.3592248022079112
"{'ar': '32000', 'sample_fmt': 'fltp', 'compression_level': '4', 'reservoir': '1', 'b:a': '237k', 'abr': 'True'}",303.96875,-3.17,-1.431,0.4796388689719606,0.5573541582904697
"{'ar': '32000', 'sample_fmt': 's32p', 'compression_level': '0', 'reservoir': '1', 'b:a': '152k', 'abr': 'True'}",195.265625,-3.242,-1.546,1.083618813980138,0.4821327435441319
"{'ar': '48000', 'sample_fmt': 's32p', 'compression_level': '0', 'reservoir': '1', 'aq': '9'}",109.1796875,-3.337,-1.711,0.4656794590118807,0.39177597837147615
"{'ar': '22050', 'sample_fmt': 'fltp', 'compression_level': '8', 'reservoir': '0', 'b:a': '32k', 'abr': 'True'}",49.0322265625,-3.72,-2.719,0.3672961000120267,-0.7153253159967317
"{'ar': '16000', 'sample_fmt': 's32p', 'compression_level': '0', 'reservoir': '1', 'b:a': '55k', 'abr': 'True'}",73.66015625,-3.837,-3.342,0.5850144900032319,-1.239848742376809
"{'ar': '12000', 'sample_fmt': 's32p', 'compression_level': '1', 'reservoir': '1', 'aq': '9'}",49.765625,-3.769,-2.94,0.3625521370267961,-0.9000281961949217
"{'ar': '48000', 'sample_fmt': 's16p', 'compression_level': '6', 'reservoir': '1', 'b:a': '194k', 'abr': 'True'}",266.515625,-3.53,-2.119,0.49128949103760533,-0.4395573532334144
"{'ar': '48000', 'sample_fmt': 'fltp', 'compression_level': '6', 'reservoir': '0', 'aq': '9'}",121.0390625,-3.337,-1.711,0.4186840829788707,0.37632595744156566
"{'ar': '12000', 'sample_fmt': 's16p', 'compression_level': '4', 'reservoir': '1', 'b:a': '38k'}",56.328125,-3.767,-2.932,0.3735196469933726,-0.9041268425882567
"{'ar': '44100', 'sample_fmt': 's16p', 'compression_level': '7', 'reservoir': '1', 'b:a': '32k'}",44.771484375,-3.291,-1.629,0.3965135340113193,0.632706851875047
"{'ar': '24000', 'sample_fmt': 's16p', 'compression_level': '6', 'reservoir': '1', 'b:a': '137k', 'abr': 'True'}",168.5234375,-3.67,-2.529,0.41633285698480904,-0.7331836711083631
"{'ar': '8000', 'sample_fmt': 's32p', 'compression_level': '8', 'reservoir': '1', 'aq': '9'}",36.8515625,-3.855,-3.486,0.3360960599966347,-1.2500811836188246
"{'ar': '22050', 'sample_fmt': 'fltp', 'compression_level': '1', 'reservoir': '1', 'aq': '9'}",69.9306640625,-3.731,-2.763,0.3888320049736649,-0.7897734802009333
"{'ar': '12000', 'sample_fmt': 'fltp', 'compression_level': '6', 'reservoir': '1', 'aq': '9'}",50.375,-3.769,-2.94,0.3619674630172085,-0.9009573393697192
"{'ar': '32000', 'sample_fmt': 'fltp', 'compression_level': '6', 'reservoir': '0', 'aq': '9'}",92.75,-3.54,-2.146,0.5041338379960507,-0.1950518136405592
"{'ar': '48000', 'sample_fmt': 's32p', 'compression_level': '1', 'reservoir': '1', 'b:a': '32k', 'abr': 'True'}",49.2734375,-3.404,-1.84,1.0118821890209801,0.2501948695994328
"{'ar': '44100', 'sample_fmt': 's16p', 'compression_level': '0', 'reservoir': '1', 'b:a': '32k'}",44.771484375,-3.133,-1.376,0.9894733340188395,1.0368206354705882
"{'ar': '12000', 'sample_fmt': 's32p', 'compression_level': '3', 'reservoir': '1', 'aq': '9'}",49.765625,-3.769,-2.94,0.4460392070177477,-0.9061989667509057
"{'ar': '16000', 'sample_fmt': 'fltp', 'compression_level': '1', 'reservoir': '1', 'b:a': '264k', 'abr': 'True'}",149.703125,-3.74,-2.805,0.623272011987865,-0.9686104047157154
"{'ar': '12000', 'sample_fmt': 's32p', 'compression_level': '5', 'reservoir': '0', 'aq': '9'}",55.625,-3.769,-2.94,0.4346604460151866,-0.9147075269580678
"{'ar': '48000', 'sample_fmt': 's16p', 'compression_level': '5', 'reservoir': '1', 'b:a': '260k'}",357.078125,-3.506,-2.063,0.541434578015469,-0.514186918531303
"{'ar': '8000', 'sample_fmt': 's16p', 'compression_level': '5', 'reservoir': '0', 'b:a': '217k', 'abr': 'True'}",90.078125,-3.858,-3.509,0.35344504300155677,-1.350540595934411
"{'ar': '24000', 'sample_fmt': 's32p', 'compression_level': '9', 'reservoir': '1', 'b:a': '272k', 'abr': 'True'}",219.1953125,-3.661,-2.499,0.38033917799475603,-0.7809453990387879
"{'ar': '32000', 'sample_fmt': 's32p', 'compression_level': '0', 'reservoir': '1', 'b:a': '152k', 'abr': 'True'}",195.265625,-3.242,-1.546,1.0363320500182454,0.48562784489066896
"{'ar': '11025', 'sample_fmt': 'fltp', 'compression_level': '1', 'reservoir': '1', 'b:a': '268k'}",90.8935546875,-3.847,-3.42,0.45853264300967567,-1.3059039618086727
"{'ar': '8000', 'sample_fmt': 'fltp', 'compression_level': '8', 'reservoir': '0', 'b:a': '32k', 'abr': 'True'}",47.75,-3.856,-3.491,0.3348266209650319,-1.2712848365856098
"{'ar': '11025', 'sample_fmt': 's16p', 'compression_level': '9', 'reservoir': '1', 'b:a': '32k'}",45.1787109375,-3.841,-3.376,0.3837005659879651,-1.1995675515945223
"{'ar': '8000', 'sample_fmt': 'fltp', 'compression_level': '1', 'reservoir': '1', 'b:a': '102k', 'abr': 'True'}",72.78125,-3.858,-3.505,0.4701016150065698,-1.3303011753296932
"{'ar': '32000', 'sample_fmt': 's16p', 'compression_level': '3', 'reservoir': '0', 'b:a': '138k', 'abr': 'True'}",200.6796875,-3.258,-1.572,0.5582535219728015,0.4668440582476916
"{'ar': '12000', 'sample_fmt': 's32p', 'compression_level': '7', 'reservoir': '0', 'aq': '9'}",54.40625,-3.776,-2.975,0.3663253500126302,-0.9350625754911538
"{'ar': '22050', 'sample_fmt': 'fltp', 'compression_level': '8', 'reservoir': '1', 'b:a': '32k', 'abr': 'True'}",44.232421875,-3.72,-2.719,0.3826180670002941,-0.7087989283834338
"{'ar': '44100', 'sample_fmt': 's32p', 'compression_level': '3', 'reservoir': '0', 'aq': '9'}",112.5185546875,-3.343,-1.721,0.4458059100143146,0.37078296648991327
"{'ar': '22050', 'sample_fmt': 's16p', 'compression_level': '8', 'reservoir': '1', 'b:a': '196k', 'abr': 'True'}",219.69921875,-3.677,-2.553,0.3751025010133162,-0.8356761659306834
"{'ar': '32000', 'sample_fmt': 's32p', 'compression_level': '0', 'reservoir': '1', 'b:a': '260k', 'abr': 'True'}",320.140625,-3.173,-1.436,0.7379773509746883,0.503887620561954
"{'ar': '12000', 'sample_fmt': 's32p', 'compression_level': '3', 'reservoir': '0', 'aq': '9'}",55.15625,-3.769,-2.94,0.37859805501648225,-0.9098158258777832
"{'ar': '44100', 'sample_fmt': 'fltp', 'compression_level': '3', 'reservoir': '0', 'b:a': '204k', 'abr': 'True'}",307.6103515625,-2.606,-0.721,0.5282460890011862,2.086011093661525
"{'ar': '8000', 'sample_fmt': 'fltp', 'compression_level': '8', 'reservoir': '0', 'b:a': '241k', 'abr': 'True'}",91.484375,-3.858,-3.51,0.3423758290009573,-1.3522818001086394
"{'ar': '32000', 'sample_fmt': 'fltp', 'compression_level': '6', 'reservoir': '1', 'b:a': '151k', 'abr': 'True'}",205.8125,-3.208,-1.49,0.47998815195751376,0.6068031119800047
"{'ar': '44100', 'sample_fmt': 'fltp', 'compression_level': '3', 'reservoir': '0', 'aq': '9'}",112.5185546875,-3.343,-1.721,0.4948244509869255,0.3671598645010201
"{'ar': '22050', 'sample_fmt': 's32p', 'compression_level': '4', 'reservoir': '1', 'aq': '9'}",69.9306640625,-3.731,-2.763,0.3865531950141303,-0.7896050467728287
"{'ar': '22050', 'sample_fmt': 's32p', 'compression_level': '0', 'reservoir': '0', 'aq': '9'}",75.0888671875,-3.731,-2.763,0.38752027400187217,-0.7979072885389835
"{'ar': '16000', 'sample_fmt': 's32p', 'compression_level': '0', 'reservoir': '1', 'b:a': '32k', 'abr': 'True'}",43.91796875,-3.277,-1.605,0.579868123983033,0.6607066405750369
"{'ar': '24000', 'sample_fmt': 's32p', 'compression_level': '6', 'reservoir': '0', 'aq': '9'}",77.375,-3.735,-2.782,0.37634898399119265,-0.8160429485428891
"{'ar': '48000', 'sample_fmt': 'fltp', 'compression_level': '5', 'reservoir': '1', 'b:a': '264k'}",357.078125,-3.508,-2.067,0.5026004269893747,-0.5172382835364159
"{'ar': '16000', 'sample_fmt': 's32p', 'compression_level': '0', 'reservoir': '1', 'b:a': '58k', 'abr': 'True'}",75.98046875,-3.837,-3.344,0.6264008979778737,-1.2472410887158745
"{'ar': '32000', 'sample_fmt': 'fltp', 'compression_level': '6', 'reservoir': '0', 'aq': '9'}",92.75,-3.54,-2.146,0.4100347940111533,-0.18809668142629923
"{'ar': '44100', 'sample_fmt': 's16p', 'compression_level': '6', 'reservoir': '0', 'b:a': '137k', 'abr': 'True'}",204.998046875,-2.816,-0.959,0.5921619519940577,1.6806556634082073
"{'ar': '22050', 'sample_fmt': 's16p', 'compression_level': '3', 'reservoir': '0', 'aq': '9'}",75.1142578125,-3.731,-2.762,0.4544521439820528,-0.8025794729437539
"{'ar': '12000', 'sample_fmt': 'fltp', 'compression_level': '0', 'reservoir': '1', 'b:a': '244k'}",90.640625,-3.768,-2.932,0.6319993610377423,-0.9803130047362011
"{'ar': '24000', 'sample_fmt': 's16p', 'compression_level': '5', 'reservoir': '1', 'b:a': '217k', 'abr': 'True'}",199.1328125,-3.658,-2.49,0.4266950780292973,-0.7425297371708579
"{'ar': '24000', 'sample_fmt': 's16p', 'compression_level': '3', 'reservoir': '0', 'b:a': '70k'}",89.515625,-3.782,-3.004,0.4430624710221309,-1.0198851457560674
"{'ar': '8000', 'sample_fmt': 'fltp', 'compression_level': '1', 'reservoir': '1', 'b:a': '107k', 'abr': 'True'}",72.921875,-3.858,-3.505,0.4221975740219932,-1.3269848395903652
"{'ar': '48000', 'sample_fmt': 'fltp', 'compression_level': '6', 'reservoir': '1', 'b:a': '229k', 'abr': 'True'}",314.609375,-3.52,-2.095,0.4911139759933576,-0.4854154949450641
"{'ar': '11025', 'sample_fmt': 'fltp', 'compression_level': '3', 'reservoir': '0', 'b:a': '136k'}",90.689453125,-3.848,-3.428,0.37038124998798594,-1.3039163651259693
"{'ar': '12000', 'sample_fmt': 's32p', 'compression_level': '6', 'reservoir': '1', 'b:a': '138k', 'abr': 'True'}",82.4375,-3.759,-2.892,0.370409939030651,-0.9143009616619836
"{'ar': '24000', 'sample_fmt': 's32p', 'compression_level': '1', 'reservoir': '1', 'b:a': '272k', 'abr': 'True'}",175.2734375,-3.667,-2.518,0.6556792210321873,-0.7511853324962283
"{'ar': '22050', 'sample_fmt': 's32p', 'compression_level': '0', 'reservoir': '0', 'aq': '9'}",75.0888671875,-3.731,-2.763,0.3977962000062689,-0.7986668119194336
"{'ar': '8000', 'sample_fmt': 's32p', 'compression_level': '3', 'reservoir': '0', 'b:a': '148k', 'abr': 'True'}",89.09375,-3.858,-3.51,0.35775095800636336,-1.3496035846137049
"{'ar': '8000', 'sample_fmt': 'fltp', 'compression_level': '0', 'reservoir': '0', 'b:a': '241k'}",91.484375,-3.857,-3.501,0.4959796250332147,-1.35846603695662
"{'ar': '24000', 'sample_fmt': 'fltp', 'compression_level': '5', 'reservoir': '1', 'b:a': '229k'}",223.671875,-3.66,-2.495,0.4380237899895292,-0.7887603562481779
"{'ar': '16000', 'sample_fmt': 's16p', 'compression_level': '3', 'reservoir': '1', 'b:a': '264k', 'abr': 'True'}",207.11328125,-3.764,-2.917,0.41541693298495375,-1.136104439550216
"{'ar': '8000', 'sample_fmt': 'fltp', 'compression_level': '9', 'reservoir': '0', 'b:a': '248k', 'abr': 'True'}",91.484375,-3.858,-3.51,0.34096939701703377,-1.352177846657209
"{'ar': '22050', 'sample_fmt': 'fltp', 'compression_level': '8', 'reservoir': '0', 'b:a': '246k', 'abr': 'True'}",223.35546875,-3.676,-2.552,0.37638168898411095,-0.8389594668844298
"{'ar': '24000', 'sample_fmt': 'fltp', 'compression_level': '0', 'reservoir': '1', 'b:a': '213k', 'abr': 'True'}",160.0859375,-3.672,-2.536,0.8993170989851933,-0.7622870962936334
"{'ar': '44100', 'sample_fmt': 's16p', 'compression_level': '4', 'reservoir': '0', 'b:a': '137k', 'abr': 'True'}",200.58984375,-2.816,-0.959,0.5375684260216076,1.6917248423543785
"{'ar': '32000', 'sample_fmt': 's32p', 'compression_level': '0', 'reservoir': '1', 'b:a': '152k', 'abr': 'True'}",195.265625,-3.242,-1.546,1.033061997994082,0.48586954388369186
"{'ar': '32000', 'sample_fmt': 's32p', 'compression_level': '0', 'reservoir': '1', 'b:a': '152k', 'abr': 'True'}",195.265625,-3.242,-1.546,1.0315414290234912,0.48598193352957453
"{'ar': '8000', 'sample_fmt': 'fltp', 'compression_level': '8', 'reservoir': '0', 'b:a': '32k', 'abr': 'True'}",47.75,-3.856,-3.491,0.3381906699796673,-1.271533483167777
"{'ar': '8000', 'sample_fmt': 'fltp', 'compression_level': '8', 'reservoir': '0', 'aq': '9'}",43.4609375,-3.855,-3.486,0.33971671501058154,-1.2608951424559678
"{'ar': '22050', 'sample_fmt': 'fltp', 'compression_level': '8', 'reservoir': '0', 'b:a': '246k', 'abr': 'True'}",223.35546875,-3.676,-2.552,0.3744616150215734,-0.8388175486703324
"{'ar': '8000', 'sample_fmt': 'fltp', 'compression_level': '0', 'reservoir': '0', 'b:a': '32k', 'abr': 'True'}",46.8359375,-3.851,-3.451,0.4683437139901798,-1.2554269079901683
"{'ar': '22050', 'sample_fmt': 's16p', 'compression_level': '8', 'reservoir': '0', 'b:a': '240k'}",223.546875,-3.677,-2.554,0.39882246701745316,-0.8438844044581174
"{'ar': '22050', 'sample_fmt': 's16p', 'compression_level': '3', 'reservoir': '0', 'aq': '9'}",75.1142578125,-3.731,-2.762,0.3884339520300273,-0.7976998776351509
"{'ar': '8000', 'sample_fmt': 's32p', 'compression_level': '3', 'reservoir': '0', 'aq': '9'}",40.578125,-3.85,-3.441,0.3561766940110829,-1.23166642762095
"{'ar': '22050', 'sample_fmt': 'fltp', 'compression_level': '8', 'reservoir': '0', 'b:a': '246k', 'abr': 'True'}",223.35546875,-3.676,-2.552,0.38799522098270245,-0.8398178565885559
"{'ar': '32000', 'sample_fmt': 's32p', 'compression_level': '9', 'reservoir': '1', 'b:a': '272k', 'abr': 'True'}",375.6875,-3.177,-1.442,0.39523106600972824,0.4293743044694458
"{'ar': '22050', 'sample_fmt': 'fltp', 'compression_level': '4', 'reservoir': '1', 'b:a': '32k', 'abr': 'True'}",43.927734375,-3.72,-2.719,0.5081032190064434,-0.7175877194630306
"{'ar': '22050', 'sample_fmt': 'fltp', 'compression_level': '5', 'reservoir': '1', 'b:a': '237k', 'abr': 'True'}",202.7275390625,-3.676,-2.55,0.4148157039890066,-0.8082540618360406
"{'ar': '32000', 'sample_fmt': 'fltp', 'compression_level': '6', 'reservoir': '0', 'b:a': '102k', 'abr': 'True'}",147.3828125,-3.375,-1.782,0.47174337098840624,0.21943321785354686
"{'ar': '44100', 'sample_fmt': 's16p', 'compression_level': '3', 'reservoir': '0', 'b:a': '196k', 'abr': 'True'}",281.2578125,-2.611,-0.726,0.5300294420158025,2.1147021135552038
"{'ar': '22050', 'sample_fmt': 'fltp', 'compression_level': '6', 'reservoir': '0', 'b:a': '32k', 'abr': 'True'}",49.3115234375,-3.72,-2.719,0.4102168710087426,-0.7189433783272551
"{'ar': '22050', 'sample_fmt': 's16p', 'compression_level': '5', 'reservoir': '0', 'aq': '2'}",176.1220703125,-3.685,-2.582,0.40058626400423236,-0.7958130275721786
"{'ar': '44100', 'sample_fmt': 's16p', 'compression_level': '0', 'reservoir': '1', 'aq': '9'}",103.81640625,-3.341,-1.719,0.46986328801722266,0.38818131893540864
"{'ar': '44100', 'sample_fmt': 's16p', 'compression_level': '1', 'reservoir': '0', 'aq': '9'}",112.5185546875,-3.341,-1.719,0.43882562400540337,0.3765896920877395
"{'ar': '16000', 'sample_fmt': 's32p', 'compression_level': '0', 'reservoir': '1', 'b:a': '32k', 'abr': 'True'}",43.91796875,-3.277,-1.605,0.5845417020027526,0.6603612029205798
"{'ar': '8000', 'sample_fmt': 'fltp', 'compression_level': '8', 'reservoir': '0', 'aq': '9'}",43.4609375,-3.855,-3.486,0.3556156739941798,-1.2620702804501196
"{'ar': '16000', 'sample_fmt': 's32p', 'compression_level': '0', 'reservoir': '1', 'b:a': '32k', 'abr': 'True'}",43.91796875,-3.277,-1.605,0.6032475589599926,0.6589785989874355
"{'ar': '44100', 'sample_fmt': 's16p', 'compression_level': '9', 'reservoir': '0', 'b:a': '204k', 'abr': 'True'}",311.4013671875,-2.612,-0.728,0.4331362239900045,2.070803913237366
"{'ar': '22050', 'sample_fmt': 's16p', 'compression_level': '3', 'reservoir': '0', 'b:a': '138k'}",201.2001953125,-3.677,-2.555,0.43579871801193804,-0.8112750785411936
"{'ar': '12000', 'sample_fmt': 's32p', 'compression_level': '3', 'reservoir': '1', 'aq': '9'}",49.765625,-3.769,-2.94,0.38171380799030885,-0.901444490658219
"{'ar': '48000', 'sample_fmt': 's32p', 'compression_level': '0', 'reservoir': '1', 'b:a': '32k', 'abr': 'True'}",49.2734375,-3.404,-1.84,0.840408791002119,0.26286896387228237
"{'ar': '44100', 'sample_fmt': 'fltp', 'compression_level': '6', 'reservoir': '0', 'aq': '9'}",115.111328125,-3.343,-1.721,0.4223618399701081,0.36837858863299594
"{'ar': '12000', 'sample_fmt': 's32p', 'compression_level': '7', 'reservoir': '0', 'aq': '9'}",54.40625,-3.776,-2.975,0.35263778499211185,-0.9340508880140285
"{'ar': '12000', 'sample_fmt': 'fltp', 'compression_level': '8', 'reservoir': '1', 'b:a': '198k'}",90.640625,-3.742,-2.811,0.3487023609923199,-0.8606248537705469
"{'ar': '44100', 'sample_fmt': 'fltp', 'compression_level': '0', 'reservoir': '0', 'b:a': '32k'}",44.771484375,-3.13,-1.371,0.8010313250124454,1.0593160343613726
"{'ar': '44100', 'sample_fmt': 's32p', 'compression_level': '3', 'reservoir': '0', 'aq': '9'}",112.5185546875,-3.343,-1.721,0.43118530701030977,0.371863617500155
"{'ar': '12000', 'sample_fmt': 'fltp', 'compression_level': '7', 'reservoir': '0', 'aq': '9'}",54.40625,-3.776,-2.975,0.3485384620144032,-0.9337478952088785
"{'ar': '32000', 'sample_fmt': 's32p', 'compression_level': '0', 'reservoir': '0', 'b:a': '260k', 'abr': 'True'}",345.734375,-3.173,-1.436,0.7093078159959987,0.46516762768072406
"{'ar': '32000', 'sample_fmt': 'fltp', 'compression_level': '6', 'reservoir': '0', 'aq': '9'}",92.75,-3.54,-2.146,0.3932485339755658,-0.1868559604477822
"{'ar': '22050', 'sample_fmt': 's16p', 'compression_level': '8', 'reservoir': '0', 'b:a': '194k', 'abr': 'True'}",223.35546875,-3.677,-2.554,0.3779399460181594,-0.8420354968180024
"{'ar': '12000', 'sample_fmt': 's32p', 'compression_level': '3', 'reservoir': '1', 'aq': '9'}",49.765625,-3.769,-2.94,0.3695091900008265,-0.9005424120807256
"{'ar': '22050', 'sample_fmt': 's16p', 'compression_level': '8', 'reservoir': '0', 'b:a': '246k', 'abr': 'True'}",223.35546875,-3.677,-2.554,0.3801349730056245,-0.8421977376045734
"{'ar': '22050', 'sample_fmt': 'fltp', 'compression_level': '5', 'reservoir': '0', 'aq': '9'}",75.7490234375,-3.731,-2.763,0.38235361996339634,-0.7985787941748154
"{'ar': '12000', 'sample_fmt': 'fltp', 'compression_level': '7', 'reservoir': '1', 'aq': '9'}",50.28125,-3.776,-2.975,0.35146628101938404,-0.927382182265365
"{'ar': '8000', 'sample_fmt': 's16p', 'compression_level': '8', 'reservoir': '0', 'b:a': '32k'}",45.359375,-3.856,-3.49,0.33942887699231505,-1.2674949085152192
"{'ar': '22050', 'sample_fmt': 'fltp', 'compression_level': '6', 'reservoir': '1', 'b:a': '32k', 'abr': 'True'}",44.4365234375,-3.72,-2.719,0.4097673090000171,-0.7111312849394948
"{'ar': '16000', 'sample_fmt': 's32p', 'compression_level': '0', 'reservoir': '0', 'b:a': '32k', 'abr': 'True'}",48.27734375,-3.277,-1.605,0.5849918199819513,0.6533718330025979
"{'ar': '32000', 'sample_fmt': 's16p', 'compression_level': '3', 'reservoir': '0', 'b:a': '56k'}",78.3359375,-3.697,-2.626,0.45818264299305156,-0.6858756951501519
"{'ar': '22050', 'sample_fmt': 's16p', 'compression_level': '8', 'reservoir': '1', 'b:a': '196k', 'abr': 'True'}",219.69921875,-3.677,-2.553,0.3754283499729354,-0.8357002503687398
"{'ar': '44100', 'sample_fmt': 'fltp', 'compression_level': '3', 'reservoir': '1', 'b:a': '203k', 'abr': 'True'}",275.4228515625,-2.603,-0.718,0.5303384939907119,2.1451530812491875
"{'ar': '32000', 'sample_fmt': 's16p', 'compression_level': '5', 'reservoir': '1', 'aq': '9'}",84.13671875,-3.544,-2.157,0.3956370610103477,-0.18607838917945932
"{'ar': '8000', 'sample_fmt': 'fltp', 'compression_level': '8', 'reservoir': '1', 'b:a': '32k', 'abr': 'True'}",44.4453125,-3.856,-3.492,0.3447103669750504,-1.267057658335878
"{'ar': '12000', 'sample_fmt': 'fltp', 'compression_level': '3', 'reservoir': '1', 'aq': '9'}",49.765625,-3.769,-2.94,0.3700108269986231,-0.900579489520575
"{'ar': '8000', 'sample_fmt': 's16p', 'compression_level': '1', 'reservoir': '1', 'aq': '9'}",35.8671875,-3.85,-3.44,0.35649091700906865,-1.2238571181060391
"{'ar': '44100', 'sample_fmt': 's16p', 'compression_level': '1', 'reservoir': '1', 'aq': '9'}",103.81640625,-3.341,-1.719,0.43274619898875244,0.3909247502251346
"{'ar': '16000', 'sample_fmt': 's16p', 'compression_level': '0', 'reservoir': '0', 'b:a': '134k', 'abr': 'True'}",121.89453125,-3.761,-2.903,0.7125490710313898,-1.0106795598685028
"{'ar': '12000', 'sample_fmt': 'fltp', 'compression_level': '0', 'reservoir': '1', 'aq': '9'}",49.765625,-3.769,-2.94,0.3710294169723056,-0.9006547764484658
"{'ar': '12000', 'sample_fmt': 's32p', 'compression_level': '0', 'reservoir': '1', 'aq': '9'}",49.765625,-3.769,-2.94,0.36946783401072025,-0.9005393553400101
"{'ar': '22050', 'sample_fmt': 'fltp', 'compression_level': '8', 'reservoir': '1', 'b:a': '32k', 'abr': 'True'}",44.232421875,-3.72,-2.719,0.3734063189767767,-0.7081180614722005
"{'ar': '44100', 'sample_fmt': 'fltp', 'compression_level': '6', 'reservoir': '0', 'b:a': '246k', 'abr': 'True'}",359.7890625,-2.591,-0.705,0.49571965902578086,2.0451518958703634
"{'ar': '22050', 'sample_fmt': 'fltp', 'compression_level': '6', 'reservoir': '0', 'aq': '9'}",75.7490234375,-3.731,-2.763,0.39276783500099555,-0.7993485388972577
"{'ar': '22050', 'sample_fmt': 'fltp', 'compression_level': '6', 'reservoir': '1', 'b:a': '32k', 'abr': 'True'}",44.4365234375,-3.72,-2.719,0.4106213530176319,-0.7111944098003623
"{'ar': '32000', 'sample_fmt': 'fltp', 'compression_level': '0', 'reservoir': '1', 'aq': '9'}",83.046875,-3.54,-2.146,0.41076580199296586,-0.17266777919513204
"{'ar': '44100', 'sample_fmt': 'fltp', 'compression_level': '0', 'reservoir': '0', 'b:a': '32k'}",44.771484375,-3.13,-1.371,0.8394344729895238,1.056477546739041
"{'ar': '44100', 'sample_fmt': 's16p', 'compression_level': '7', 'reservoir': '1', 'b:a': '32k'}",44.771484375,-3.291,-1.629,0.4024435530009214,0.6322685470383648
"{'ar': '44100', 'sample_fmt': 'fltp', 'compression_level': '3', 'reservoir': '0', 'b:a': '32k', 'abr': 'True'}",52.6875,-3.333,-1.704,0.46637082198867574,0.49339542212937304
"{'ar': '32000', 'sample_fmt': 's16p', 'compression_level': '3', 'reservoir': '0', 'b:a': '57k'}",78.3359375,-3.697,-2.626,0.4605460849998053,-0.6860503839773875
"{'ar': '12000', 'sample_fmt': 's16p', 'compression_level': '3', 'reservoir': '1', 'b:a': '54k'}",78.828125,-3.758,-2.887,0.3788879770436324,-0.9052610161251581
"{'ar': '48000', 'sample_fmt': 's16p', 'compression_level': '5', 'reservoir': '1', 'aq': '9'}",110.6796875,-3.336,-1.708,0.42743929600692354,0.39548523545501746
"{'ar': '12000', 'sample_fmt': 'fltp', 'compression_level': '0', 'reservoir': '1', 'b:a': '32k'}",45.078125,-3.755,-2.872,0.5297094110283069,-0.8508332939325844
"{'ar': '44100', 'sample_fmt': 'fltp', 'compression_level': '9', 'reservoir': '1', 'b:a': '135k', 'abr': 'True'}",179.408203125,-2.879,-1.035,0.41263078499468975,1.56399721586186
"{'ar': '32000', 'sample_fmt': 's16p', 'compression_level': '3', 'reservoir': '0', 'aq': '9'}",90.78125,-3.544,-2.157,0.40679839099175297,-0.19750579867400808
"{'ar': '32000', 'sample_fmt': 's16p', 'compression_level': '3', 'reservoir': '0', 'b:a': '56k'}",78.3359375,-3.697,-2.626,0.5068231070181355,-0.6894708523795039
"{'ar': '32000', 'sample_fmt': 's16p', 'compression_level': '3', 'reservoir': '0', 'b:a': '56k'}",78.3359375,-3.697,-2.626,0.4587752470106352,-0.685919496225258
"{'ar': '44100', 'sample_fmt': 's16p', 'compression_level': '1', 'reservoir': '0', 'b:a': '56k', 'abr': 'True'}",84.6044921875,-3.437,-1.908,0.8527362740132958,0.10724217008122908
"{'ar': '44100', 'sample_fmt': 's16p', 'compression_level': '8', 'reservoir': '0', 'b:a': '246k', 'abr': 'True'}",359.482421875,-2.606,-0.721,0.42577604798134416,2.0108145237449384
"{'ar': '8000', 'sample_fmt': 'fltp', 'compression_level': '8', 'reservoir': '0', 'b:a': '32k', 'abr': 'True'}",47.75,-3.856,-3.491,0.3825364179792814,-1.2748112055272842
"{'ar': '22050', 'sample_fmt': 'fltp', 'compression_level': '5', 'reservoir': '0', 'aq': '9'}",75.7490234375,-3.731,-2.763,0.43812589801382273,-0.8027010843841977
"{'ar': '12000', 'sample_fmt': 's16p', 'compression_level': '1', 'reservoir': '0', 'aq': '9'}",55.15625,-3.768,-2.936,0.5476117500220425,-0.9187163449234796
"{'ar': '44100', 'sample_fmt': 's16p', 'compression_level': '4', 'reservoir': '0', 'b:a': '137k', 'abr': 'True'}",200.58984375,-2.816,-0.959,0.7726408879971132,1.6743499575124705
"{'ar': '12000', 'sample_fmt': 's16p', 'compression_level': '8', 'reservoir': '1', 'b:a': '32k'}",45.078125,-3.779,-2.988,0.5203075299796183,-0.9426500572071207
"{'ar': '12000', 'sample_fmt': 'fltp', 'compression_level': '6', 'reservoir': '1', 'aq': '9'}",50.375,-3.769,-2.94,0.43039100599708036,-0.9060147211223913
"{'ar': '44100', 'sample_fmt': 's32p', 'compression_level': '3', 'reservoir': '0', 'b:a': '196k', 'abr': 'True'}",280.4375,-2.615,-0.731,0.5665178140043281,2.102417052790654
"{'ar': '22050', 'sample_fmt': 'fltp', 'compression_level': '8', 'reservoir': '1', 'b:a': '32k', 'abr': 'True'}",44.232421875,-3.72,-2.719,0.38468910299707204,-0.7089520046376453
"{'ar': '16000', 'sample_fmt': 'fltp', 'compression_level': '6', 'reservoir': '1', 'b:a': '136k', 'abr': 'True'}",178.63671875,-3.768,-2.934,0.47563000398804434,-1.1097984629686668
"{'ar': '48000', 'sample_fmt': 'fltp', 'compression_level': '6', 'reservoir': '0', 'aq': '9'}",121.0390625,-3.337,-1.711,0.47197091302950867,0.3723873738748668
"{'ar': '44100', 'sample_fmt': 'fltp', 'compression_level': '3', 'reservoir': '1', 'b:a': '205k', 'abr': 'True'}",277.681640625,-2.604,-0.719,0.5343009819916915,2.1386105363043795
"{'ar': '48000', 'sample_fmt': 'fltp', 'compression_level': '6', 'reservoir': '1', 'aq': '9'}",110.65625,-3.337,-1.711,0.4317924530187156,0.3919245663698415
"{'ar': '12000', 'sample_fmt': 's16p', 'compression_level': '4', 'reservoir': '0', 'b:a': '137k', 'abr': 'True'}",86.375,-3.761,-2.898,0.3813028260192368,-0.927941641927572
"{'ar': '44100', 'sample_fmt': 's16p', 'compression_level': '8', 'reservoir': '1', 'b:a': '200k', 'abr': 'True'}",273.48046875,-2.616,-0.732,0.4238416870357469,2.1214183498505514
"{'ar': '22050', 'sample_fmt': 'fltp', 'compression_level': '6', 'reservoir': '1', 'b:a': '209k', 'abr': 'True'}",202.7275390625,-3.676,-2.55,0.4133454819966573,-0.8081453934807836
"{'ar': '22050', 'sample_fmt': 'fltp', 'compression_level': '1', 'reservoir': '0', 'b:a': '246k', 'abr': 'True'}",182.67578125,-3.674,-2.543,0.6305602179781999,-0.7853363974097934
"{'ar': '8000', 'sample_fmt': 'fltp', 'compression_level': '3', 'reservoir': '0', 'aq': '9'}",40.578125,-3.85,-3.441,0.35722707997774705,-1.2317440646825477
"{'ar': '44100', 'sample_fmt': 'fltp', 'compression_level': '3', 'reservoir': '0', 'b:a': '195k'}",267.6279296875,-2.613,-0.728,0.5491883220383897,2.129743954493299
"{'ar': '44100', 'sample_fmt': 's16p', 'compression_level': '3', 'reservoir': '0', 'aq': '9'}",112.5185546875,-3.341,-1.719,0.4570674480055459,0.37524138617115
"{'ar': '22050', 'sample_fmt': 's16p', 'compression_level': '1', 'reservoir': '0', 'aq': '9'}",75.1142578125,-3.731,-2.762,0.40605999002582394,-0.7990026690290147
"{'ar': '32000', 'sample_fmt': 'fltp', 'compression_level': '6', 'reservoir': '1', 'b:a': '151k', 'abr': 'True'}",205.8125,-3.208,-1.49,0.48705146700376645,0.6062810419574278
"{'ar': '12000', 'sample_fmt': 'fltp', 'compression_level': '6', 'reservoir': '1', 'b:a': '136k'}",90.453125,-3.755,-2.871,0.37213665500166826,-0.911274459421384
"{'ar': '44100', 'sample_fmt': 's16p', 'compression_level': '8', 'reservoir': '0', 'b:a': '203k', 'abr': 'True'}",307.916015625,-2.615,-0.731,0.42133145601837896,2.069301701140286
"{'ar': '32000', 'sample_fmt': 's16p', 'compression_level': '3', 'reservoir': '1', 'b:a': '136k'}",178.953125,-3.266,-1.586,0.5872291549749207,0.47631477190043053
"{'ar': '44100', 'sample_fmt': 's16p', 'compression_level': '1', 'reservoir': '0', 'aq': '9'}",112.5185546875,-3.341,-1.719,0.43215771799441427,0.3770825362860943
"{'ar': '44100', 'sample_fmt': 'fltp', 'compression_level': '3', 'reservoir': '0', 'b:a': '138k', 'abr': 'True'}",208.0732421875,-2.828,-0.972,0.5538575249665882,1.646519660602973
"{'ar': '44100', 'sample_fmt': 's16p', 'compression_level': '7', 'reservoir': '1', 'b:a': '32k'}",44.771484375,-3.291,-1.629,0.4028664880024735,0.6322372866904455
"{'ar': '12000', 'sample_fmt': 'fltp', 'compression_level': '6', 'reservoir': '1', 'b:a': '136k'}",90.453125,-3.755,-2.871,0.36826693097827956,-0.9109884369383109
"{'ar': '22050', 'sample_fmt': 's16p', 'compression_level': '3', 'reservoir': '0', 'aq': '0'}",213.4736328125,-3.683,-2.575,0.42460030599613674,-0.8503204565748618
"{'ar': '12000', 'sample_fmt': 'fltp', 'compression_level': '6', 'reservoir': '1', 'aq': '9'}",50.375,-3.769,-2.94,0.36712786098360084,-0.9013387592929676
"{'ar': '12000', 'sample_fmt': 'fltp', 'compression_level': '3', 'reservoir': '1', 'b:a': '139k', 'abr': 'True'}",81.640625,-3.755,-2.872,0.3814960609888658,-0.8982199042154838
"{'ar': '44100', 'sample_fmt': 'fltp', 'compression_level': '0', 'reservoir': '0', 'b:a': '34k', 'abr': 'True'}",55.88671875,-3.215,-1.502,0.8053299729945138,0.8018923551091596
"{'ar': '44100', 'sample_fmt': 'fltp', 'compression_level': '7', 'reservoir': '1', 'aq': '9'}",97.1474609375,-3.314,-1.668,0.412188596004853,0.4820823224943733
"{'ar': '24000', 'sample_fmt': 's32p', 'compression_level': '7', 'reservoir': '1', 'aq': '9'}",71.0234375,-3.724,-2.734,0.3743868910241872,-0.7649916412877982
"{'ar': '12000', 'sample_fmt': 's16p', 'compression_level': '3', 'reservoir': '1', 'b:a': '54k', 'abr': 'True'}",71.046875,-3.767,-2.928,0.3926557300146669,-0.9277656005786378
"{'ar': '32000', 'sample_fmt': 's16p', 'compression_level': '5', 'reservoir': '0', 'aq': '9'}",92.75,-3.544,-2.157,0.3986239399819169,-0.20004306607775216
"{'ar': '44100', 'sample_fmt': 'fltp', 'compression_level': '9', 'reservoir': '1', 'b:a': '133k', 'abr': 'True'}",176.65625,-2.904,-1.066,0.4213600190123543,1.4997155505660944
"{'ar': '44100', 'sample_fmt': 's16p', 'compression_level': '7', 'reservoir': '1', 'b:a': '32k'}",44.771484375,-3.291,-1.629,0.4010340679960791,0.6323727261473924
"{'ar': '44100', 'sample_fmt': 'fltp', 'compression_level': '3', 'reservoir': '0', 'aq': '9'}",112.5185546875,-3.343,-1.721,0.443778280983679,0.3709328344098446
"{'ar': '32000', 'sample_fmt': 'fltp', 'compression_level': '6', 'reservoir': '0', 'aq': '9'}",92.75,-3.54,-2.146,0.720019439002499,-0.21100854215308065
"{'ar': '8000', 'sample_fmt': 's16p', 'compression_level': '8', 'reservoir': '1', 'aq': '9'}",36.8515625,-3.855,-3.486,0.813720520993229,-1.2853837874957474
"{'ar': '44100', 'sample_fmt': 's16p', 'compression_level': '3', 'reservoir': '0', 'b:a': '196k', 'abr': 'True'}",281.2578125,-2.611,-0.726,0.5902017389889807,2.1102546052345947
"{'ar': '32000', 'sample_fmt': 'fltp', 'compression_level': '3', 'reservoir': '1', 'b:a': '239k', 'abr': 'True'}",306.5,-3.171,-1.434,0.5626228890032507,0.5439052305106691
"{'ar': '12000', 'sample_fmt': 'fltp', 'compression_level': '6', 'reservoir': '1', 'aq': '9'}",50.375,-3.769,-2.94,0.4065521619922947,-0.904252723286207
"{'ar': '32000', 'sample_fmt': 's16p', 'compression_level': '3', 'reservoir': '0', 'b:a': '138k'}",178.953125,-3.28,-1.609,0.5357318230089732,0.44024641537892695
"{'ar': '22050', 'sample_fmt': 's16p', 'compression_level': '8', 'reservoir': '1', 'b:a': '194k', 'abr': 'True'}",219.69921875,-3.677,-2.553,0.40603045499301516,-0.8379621403671492
"{'ar': '12000', 'sample_fmt': 'fltp', 'compression_level': '8', 'reservoir': '1', 'b:a': '32k'}",45.078125,-3.779,-2.989,0.3811954050033819,-0.9326833365322456
"{'ar': '44100', 'sample_fmt': 's16p', 'compression_level': '3', 'reservoir': '0', 'aq': '9'}",112.5185546875,-3.341,-1.719,0.4584703940199688,0.37513769037779693
"{'ar': '12000', 'sample_fmt': 'fltp', 'compression_level': '6', 'reservoir': '1', 'b:a': '136k'}",90.453125,-3.755,-2.871,0.4189099140348844,-0.9147316061350111
"{'ar': '22050', 'sample_fmt': 'fltp', 'compression_level': '8', 'reservoir': '1', 'b:a': '268k', 'abr': 'True'}",219.953125,-3.677,-2.553,0.41988853400107473,-0.839391580242456
"{'ar': '44100', 'sample_fmt': 's16p', 'compression_level': '3', 'reservoir': '0', 'b:a': '196k'}",267.6279296875,-2.618,-0.734,0.5992568149813451,2.1125008078841203
"{'ar': '8000', 'sample_fmt': 'fltp', 'compression_level': '8', 'reservoir': '0', 'b:a': '32k', 'abr': 'True'}",47.75,-3.856,-3.491,0.3695703129924368,-1.2738528432457084
"{'ar': '44100', 'sample_fmt': 's16p', 'compression_level': '8', 'reservoir': '0', 'b:a': '137k', 'abr': 'True'}",202.5341796875,-2.862,-1.014,0.43159723599092104,1.5719276181687987
"{'ar': '12000', 'sample_fmt': 'fltp', 'compression_level': '4', 'reservoir': '1', 'aq': '9'}",49.765625,-3.769,-2.94,0.3890405199781526,-0.901986029109762
"{'ar': '22050', 'sample_fmt': 's16p', 'compression_level': '8', 'reservoir': '1', 'b:a': '135k', 'abr': 'True'}",186.87109375,-3.68,-2.565,0.40109106799354777,-0.795989693227411
"{'ar': '12000', 'sample_fmt': 'fltp', 'compression_level': '6', 'reservoir': '1', 'aq': '9'}",50.375,-3.769,-2.94,0.38077409300603904,-0.9023473917287844
"{'ar': '12000', 'sample_fmt': 's32p', 'compression_level': '3', 'reservoir': '0', 'aq': '9'}",55.15625,-3.769,-2.94,0.3885046869982034,-0.9105480536700437
"{'ar': '32000', 'sample_fmt': 's16p', 'compression_level': '1', 'reservoir': '1', 'aq': '9'}",82.9765625,-3.544,-2.157,0.4216183969983831,-0.1861475245211519
"{'ar': '32000', 'sample_fmt': 's32p', 'compression_level': '9', 'reservoir': '0', 'aq': '9'}",89.62109375,-3.518,-2.09,0.3883594849903602,-0.11257760845958267
"{'ar': '16000', 'sample_fmt': 's32p', 'compression_level': '0', 'reservoir': '1', 'b:a': '32k', 'abr': 'True'}",43.91796875,-3.277,-1.605,0.6078807219746523,0.6586361485227703
"{'ar': '22050', 'sample_fmt': 'fltp', 'compression_level': '8', 'reservoir': '0', 'b:a': '32k', 'abr': 'True'}",49.0322265625,-3.72,-2.719,0.4672339040262159,-0.7227120078342497
"{'ar': '44100', 'sample_fmt': 's16p', 'compression_level': '0', 'reservoir': '1', 'b:a': '32k'}",44.771484375,-3.133,-1.376,0.8366353410237934,1.0481173331162443
"{'ar': '32000', 'sample_fmt': 's16p', 'compression_level': '9', 'reservoir': '1', 'aq': '9'}",81.7109375,-3.514,-2.081,0.4009194019890856,-0.08872511482218072
"{'ar': '22050', 'sample_fmt': 'fltp', 'compression_level': '8', 'reservoir': '0', 'b:a': '239k', 'abr': 'True'}",223.35546875,-3.676,-2.552,0.3919621809909586,-0.8401110660642072
"{'ar': '32000', 'sample_fmt': 'fltp', 'compression_level': '4', 'reservoir': '1', 'b:a': '237k', 'abr': 'True'}",303.96875,-3.17,-1.431,0.5153986769728363,0.554711047562984
"{'ar': '44100', 'sample_fmt': 's16p', 'compression_level': '8', 'reservoir': '0', 'b:a': '246k', 'abr': 'True'}",359.482421875,-2.606,-0.721,0.4570410060114227,2.0085036403654284
"{'ar': '44100', 'sample_fmt': 's16p', 'compression_level': '6', 'reservoir': '0', 'b:a': '137k', 'abr': 'True'}",204.998046875,-2.816,-0.959,0.5487119769968558,1.6838671765970163
"{'ar': '12000', 'sample_fmt': 'fltp', 'compression_level': '8', 'reservoir': '1', 'b:a': '274k', 'abr': 'True'}",88.53125,-3.742,-2.811,0.38328636102960445,-0.85981520210315
"{'ar': '32000', 'sample_fmt': 's16p', 'compression_level': '5', 'reservoir': '1', 'b:a': '32k'}",44.8671875,-3.431,-1.895,0.4360082820057869,0.21953173700527132
"{'ar': '44100', 'sample_fmt': 'fltp', 'compression_level': '7', 'reservoir': '1', 'b:a': '133k', 'abr': 'True'}",176.65625,-2.904,-1.066,0.43431000801501796,1.498758379463472
"{'ar': '44100', 'sample_fmt': 'fltp', 'compression_level': '8', 'reservoir': '0', 'b:a': '203k', 'abr': 'True'}",307.9150390625,-2.611,-0.727,0.43395511695416644,2.0789517931367185
"{'ar': '44100', 'sample_fmt': 's16p', 'compression_level': '7', 'reservoir': '1', 'b:a': '196k'}",267.6279296875,-2.634,-0.752,0.43495759498910047,2.0816873811841194
"{'ar': '44100', 'sample_fmt': 's16p', 'compression_level': '3', 'reservoir': '0', 'b:a': '32k', 'abr': 'True'}",52.611328125,-3.341,-1.718,0.49726451898459345,0.4681776040750932
"{'ar': '44100', 'sample_fmt': 'fltp', 'compression_level': '5', 'reservoir': '0', 'b:a': '32k'}",44.771484375,-3.299,-1.643,0.5076121390156914,0.6014393125748022
"{'ar': '44100', 'sample_fmt': 's16p', 'compression_level': '3', 'reservoir': '0', 'b:a': '57k'}",78.1376953125,-3.436,-1.905,0.5095504349737894,0.14620317894458593
"{'ar': '8000', 'sample_fmt': 'fltp', 'compression_level': '8', 'reservoir': '0', 'b:a': '32k', 'abr': 'True'}",47.75,-3.856,-3.491,0.3598169729812071,-1.2731319457058818
"{'ar': '44100', 'sample_fmt': 's16p', 'compression_level': '8', 'reservoir': '0', 'b:a': '32k', 'abr': 'True'}",52.9921875,-3.355,-1.744,0.43164608601364307,0.4315988798776895
"{'ar': '44100', 'sample_fmt': 's16p', 'compression_level': '8', 'reservoir': '0', 'b:a': '192k', 'abr': 'True'}",275.412109375,-2.63,-0.747,0.4738226220069919,2.0772908581138116
"{'ar': '44100', 'sample_fmt': 's16p', 'compression_level': '6', 'reservoir': '1', 'b:a': '143k', 'abr': 'True'}",191.458984375,-2.768,-0.902,0.5799373199988622,1.8329811695929956
"{'ar': '44100', 'sample_fmt': 'fltp', 'compression_level': '3', 'reservoir': '0', 'b:a': '204k', 'abr': 'True'}",307.6103515625,-2.606,-0.721,0.5895383229653817,2.0814808075621594
"{'ar': '44100', 'sample_fmt': 's16p', 'compression_level': '7', 'reservoir': '1', 'b:a': '196k', 'abr': 'True'}",268.1728515625,-2.616,-0.733,0.46993419202044606,2.126165238122548
"{'ar': '24000', 'sample_fmt': 's16p', 'compression_level': '7', 'reservoir': '1', 'aq': '9'}",71.046875,-3.725,-2.739,0.40666405798401684,-0.7713219682222293
"{'ar': '8000', 'sample_fmt': 's16p', 'compression_level': '3', 'reservoir': '1', 'b:a': '57k', 'abr': 'True'}",74.2578125,-3.858,-3.511,0.37753095899824984,-1.32770785965874
"{'ar': '12000', 'sample_fmt': 'fltp', 'compression_level': '1', 'reservoir': '0', 'aq': '9'}",55.15625,-3.769,-2.94,0.39326733598136343,-0.9109000748167548
"{'ar': '44100', 'sample_fmt': 's16p', 'compression_level': '8', 'reservoir': '1', 'b:a': '32k', 'abr': 'True'}",48.193359375,-3.355,-1.744,0.43003066498204134,0.4393756005092473
"{'ar': '44100', 'sample_fmt': 'fltp', 'compression_level': '4', 'reservoir': '0', 'b:a': '137k', 'abr': 'True'}",200.4873046875,-2.816,-0.959,0.559483121993253,1.6902686818115225
"{'ar': '22050', 'sample_fmt': 'fltp', 'compression_level': '7', 'reservoir': '1', 'aq': '9'}",70.005859375,-3.724,-2.735,0.38092036699526943,-0.7641662943826194
"{'ar': '44100', 'sample_fmt': 's16p', 'compression_level': '8', 'reservoir': '0', 'b:a': '200k', 'abr': 'True'}",296.1240234375,-2.616,-0.732,0.43717438203748316,2.0843013730424764
"{'ar': '44100', 'sample_fmt': 's16p', 'compression_level': '9', 'reservoir': '1', 'b:a': '204k', 'abr': 'True'}",279.517578125,-2.613,-0.729,0.4326022519962862,2.1190738181596447
"{'ar': '44100', 'sample_fmt': 's16p', 'compression_level': '3', 'reservoir': '0', 'b:a': '196k'}",267.6279296875,-2.618,-0.734,0.5615164670161903,2.115290306042592
"{'ar': '44100', 'sample_fmt': 'fltp', 'compression_level': '0', 'reservoir': '0', 'b:a': '275k', 'abr': 'True'}",387.5478515625,-2.589,-0.703,0.9348046440281905,1.973694931254887
"{'ar': '16000', 'sample_fmt': 's32p', 'compression_level': '0', 'reservoir': '1', 'b:a': '32k', 'abr': 'True'}",43.91796875,-3.277,-1.605,0.6066869619826321,0.658724382772822
"{'ar': '44100', 'sample_fmt': 's16p', 'compression_level': '3', 'reservoir': '0', 'b:a': '196k'}",267.6279296875,-2.618,-0.734,0.5582237989874557,2.1155336766498554
"{'ar': '12000', 'sample_fmt': 'fltp', 'compression_level': '3', 'reservoir': '1', 'b:a': '136k', 'abr': 'True'}",81.546875,-3.755,-2.872,0.40790258601191454,-0.9000220932173981
"{'ar': '44100', 'sample_fmt': 'fltp', 'compression_level': '7', 'reservoir': '1', 'b:a': '32k', 'abr': 'True'}",48.16796875,-3.35,-1.734,0.42597720297635533,0.45451999178927704
"{'ar': '44100', 'sample_fmt': 's32p', 'compression_level': '0', 'reservoir': '0', 'b:a': '32k'}",44.771484375,-3.13,-1.371,0.8430380569770932,1.0562111954349538
"{'ar': '44100', 'sample_fmt': 'fltp', 'compression_level': '0', 'reservoir': '0', 'b:a': '32k'}",44.771484375,-3.13,-1.371,0.8253347790159751,1.0575196958578181
"{'ar': '44100', 'sample_fmt': 's16p', 'compression_level': '7', 'reservoir': '1', 'b:a': '32k'}",44.771484375,-3.291,-1.629,0.4198396299907472,0.6309827527268614
"{'ar': '44100', 'sample_fmt': 'fltp', 'compression_level': '4', 'reservoir': '1', 'b:a': '32k', 'abr': 'True'}",47.66015625,-3.348,-1.73,0.5173238489951473,0.4545003050024695
"{'ar': '16000', 'sample_fmt': 's32p', 'compression_level': '9', 'reservoir': '0', 'aq': '9'}",66.69921875,-3.805,-3.135,0.3882891940011177,-1.0743429844346963
"{'ar': '16000', 'sample_fmt': 's32p', 'compression_level': '0', 'reservoir': '1', 'b:a': '32k', 'abr': 'True'}",43.91796875,-3.277,-1.605,0.6195736749796197,0.6577718885825977
"{'ar': '16000', 'sample_fmt': 's32p', 'compression_level': '0', 'reservoir': '1', 'b:a': '32k', 'abr': 'True'}",43.91796875,-3.277,-1.605,0.6119265409943182,0.6583371103497442
"{'ar': '32000', 'sample_fmt': 's32p', 'compression_level': '9', 'reservoir': '0', 'aq': '9'}",89.62109375,-3.518,-2.09,0.3969555140065495,-0.11321296580003352
"{'ar': '44100', 'sample_fmt': 's16p', 'compression_level': '4', 'reservoir': '0', 'b:a': '200k', 'abr': 'True'}",287.41015625,-2.615,-0.731,0.5508941530133598,2.092445821917461
"{'ar': '12000', 'sample_fmt': 'fltp', 'compression_level': '6', 'reservoir': '1', 'b:a': '136k'}",90.453125,-3.755,-2.871,0.38735718600219116,-0.9123994528431755
"{'ar': '44100', 'sample_fmt': 's16p', 'compression_level': '8', 'reservoir': '1', 'b:a': '137k', 'abr': 'True'}",182.173828125,-2.862,-1.014,0.43109714801539667,1.6044528734973302
"{'ar': '8000', 'sample_fmt': 'fltp', 'compression_level': '0', 'reservoir': '0', 'b:a': '172k'}",91.484375,-3.857,-3.501,0.5169550309947226,-1.360016389813908
"{'ar': '44100', 'sample_fmt': 's16p', 'compression_level': '7', 'reservoir': '1', 'aq': '9'}",97.146484375,-3.315,-1.67,0.42686120799044147,0.47803853096222465
"{'ar': '44100', 'sample_fmt': 's16p', 'compression_level': '9', 'reservoir': '1', 'aq': '9'}",97.146484375,-3.315,-1.67,0.41616838198387995,0.47882886862635277
"{'ar': '22050', 'sample_fmt': 'fltp', 'compression_level': '8', 'reservoir': '1', 'aq': '9'}",70.005859375,-3.724,-2.735,0.40354195298277773,-0.7658383211618142
"{'ar': '44100', 'sample_fmt': 'fltp', 'compression_level': '3', 'reservoir': '1', 'aq': '9'}",103.837890625,-3.343,-1.721,0.4867239540035371,0.3816100240500106
"{'ar': '44100', 'sample_fmt': 'fltp', 'compression_level': '8', 'reservoir': '0', 'aq': '9'}",103.8740234375,-3.314,-1.668,0.44842131502809934,0.4686709198365298
"{'ar': '44100', 'sample_fmt': 's16p', 'compression_level': '4', 'reservoir': '0', 'b:a': '137k', 'abr': 'True'}",200.58984375,-2.816,-0.959,0.5667152819805779,1.6895705140186181
"{'ar': '12000', 'sample_fmt': 'fltp', 'compression_level': '6', 'reservoir': '1', 'b:a': '136k', 'abr': 'True'}",82.34375,-3.759,-2.892,0.38755307099199854,-0.9154184665186783
"{'ar': '22050', 'sample_fmt': 'fltp', 'compression_level': '0', 'reservoir': '0', 'b:a': '32k', 'abr': 'True'}",49.7177734375,-3.69,-2.603,0.6184891790326219,-0.6284943146151021
"{'ar': '22050', 'sample_fmt': 'fltp', 'compression_level': '8', 'reservoir': '0', 'b:a': '196k', 'abr': 'True'}",223.35546875,-3.676,-2.552,0.3942152770468965,-0.8402775989034036
"{'ar': '22050', 'sample_fmt': 's16p', 'compression_level': '8', 'reservoir': '0', 'b:a': '195k', 'abr': 'True'}",223.35546875,-3.677,-2.554,0.39304196697776206,-0.8431517308202673
"{'ar': '44100', 'sample_fmt': 'fltp', 'compression_level': '0', 'reservoir': '0', 'b:a': '201k', 'abr': 'True'}",292.7490234375,-2.617,-0.733,0.8717221049882937,2.0549226671370646
"{'ar': '44100', 'sample_fmt': 's16p', 'compression_level': '7', 'reservoir': '1', 'b:a': '196k'}",267.6279296875,-2.634,-0.752,0.43709692198899575,2.0815292573445596
"{'ar': '44100', 'sample_fmt': 'fltp', 'compression_level': '9', 'reservoir': '1', 'b:a': '135k', 'abr': 'True'}",179.408203125,-2.879,-1.035,0.4314231369935442,1.5626082188302863
"{'ar': '32000', 'sample_fmt': 's32p', 'compression_level': '9', 'reservoir': '0', 'aq': '9'}",89.62109375,-3.518,-2.09,0.3980976680177264,-0.11329738570293985
"{'ar': '24000', 'sample_fmt': 's32p', 'compression_level': '7', 'reservoir': '1', 'aq': '9'}",71.0234375,-3.724,-2.734,0.38784836800186895,-0.7659866179444582
"{'ar': '12000', 'sample_fmt': 's32p', 'compression_level': '3', 'reservoir': '0', 'b:a': '196k', 'abr': 'True'}",86.984375,-3.756,-2.879,0.39953156700357795,-0.9126179400151349
"{'ar': '44100', 'sample_fmt': 'fltp', 'compression_level': '0', 'reservoir': '0', 'b:a': '34k', 'abr': 'True'}",55.88671875,-3.215,-1.502,0.8355369170021731,0.7996596726028874
"{'ar': '8000', 'sample_fmt': 'fltp', 'compression_level': '8', 'reservoir': '1', 'aq': '9'}",36.8515625,-3.855,-3.486,0.3650054819881916,-1.2522179625240533
"{'ar': '12000', 'sample_fmt': 's32p', 'compression_level': '9', 'reservoir': '0', 'aq': '9'}",54.40625,-3.776,-2.975,0.4632160929904785,-0.94222405024383
"{'ar': '44100', 'sample_fmt': 's16p', 'compression_level': '6', 'reservoir': '0', 'b:a': '143k', 'abr': 'True'}",222.42578125,-2.768,-0.902,0.6613814579905011,1.7775487762672757
"{'ar': '44100', 'sample_fmt': 's16p', 'compression_level': '8', 'reservoir': '0', 'b:a': '141k', 'abr': 'True'}",217.501953125,-2.817,-0.96,0.5313002800103277,1.6625566885252683
"{'ar': '44100', 'sample_fmt': 's16p', 'compression_level': '7', 'reservoir': '1', 'b:a': '285k'}",356.8115234375,-2.595,-0.709,0.4525473889952991,2.0425124517991713
"{'ar': '44100', 'sample_fmt': 's16p', 'compression_level': '8', 'reservoir': '0', 'b:a': '196k'}",267.6279296875,-2.617,-0.733,0.4651420699665323,2.1250590124215205
"{'ar': '16000', 'sample_fmt': 'fltp', 'compression_level': '0', 'reservoir': '1', 'b:a': '284k', 'abr': 'True'}",132.4765625,-3.738,-2.795,0.8180791219929233,-0.9477068852119601
"{'ar': '44100', 'sample_fmt': 's16p', 'compression_level': '8', 'reservoir': '1', 'b:a': '200k', 'abr': 'True'}",273.48046875,-2.616,-0.732,0.44116255798144266,2.120138114235057
"{'ar': '22050', 'sample_fmt': 's32p', 'compression_level': '7', 'reservoir': '1', 'aq': '9'}",70.005859375,-3.724,-2.735,0.3980389400094282,-0.7654315775735098
"{'ar': '22050', 'sample_fmt': 's16p', 'compression_level': '8', 'reservoir': '0', 'b:a': '246k', 'abr': 'True'}",223.35546875,-3.677,-2.554,0.39444177999394014,-0.8432551950446682
"{'ar': '8000', 'sample_fmt': 's16p', 'compression_level': '1', 'reservoir': '1', 'aq': '9'}",35.8671875,-3.85,-3.44,0.3750015849946067,-1.22522529505834
"{'ar': '16000', 'sample_fmt': 's32p', 'compression_level': '0', 'reservoir': '1', 'b:a': '32k', 'abr': 'True'}",43.91796875,-3.277,-1.605,0.6120811929868069,0.6583256795741549
"{'ar': '8000', 'sample_fmt': 's32p', 'compression_level': '8', 'reservoir': '0', 'aq': '9'}",43.4609375,-3.855,-3.486,0.3578879269771278,-1.26223822923314
"{'ar': '44100', 'sample_fmt': 'fltp', 'compression_level': '0', 'reservoir': '0', 'b:a': '34k', 'abr': 'True'}",55.88671875,-3.215,-1.502,0.8489099179860204,0.7986712354625588
"{'ar': '8000', 'sample_fmt': 's32p', 'compression_level': '8', 'reservoir': '1', 'aq': '9'}",36.8515625,-3.855,-3.486,0.35833546199137345,-1.251724962074898
"{'ar': '8000', 'sample_fmt': 's16p', 'compression_level': '9', 'reservoir': '1', 'b:a': '205k', 'abr': 'True'}",90.21875,-3.858,-3.51,0.39555124298203737,-1.3541926355730594
"{'ar': '44100', 'sample_fmt': 'fltp', 'compression_level': '0', 'reservoir': '0', 'b:a': '32k'}",44.771484375,-3.13,-1.371,0.873501328023849,1.0539595670566353
"{'ar': '8000', 'sample_fmt': 's32p', 'compression_level': '3', 'reservoir': '0', 'aq': '9'}",40.578125,-3.85,-3.441,0.37729373399633914,-1.233227249058146
"{'ar': '44100', 'sample_fmt': 'fltp', 'compression_level': '3', 'reservoir': '0', 'b:a': '196k', 'abr': 'True'}",280.4375,-2.615,-0.731,0.5639794989838265,2.102604666987583
"{'ar': '44100', 'sample_fmt': 's32p', 'compression_level': '9', 'reservoir': '1', 'aq': '9'}",97.1474609375,-3.314,-1.668,0.42469193699071184,0.4811581644371397
"{'ar': '44100', 'sample_fmt': 's32p', 'compression_level': '3', 'reservoir': '0', 'b:a': '204k', 'abr': 'True'}",307.6103515625,-2.606,-0.721,0.557228938996559,2.0838688874803837
"{'ar': '12000', 'sample_fmt': 's32p', 'compression_level': '8', 'reservoir': '0', 'aq': '9'}",54.40625,-3.776,-2.975,0.37321641499875113,-0.9355719140141172
"{'ar': '12000', 'sample_fmt': 's32p', 'compression_level': '4', 'reservoir': '0', 'aq': '9'}",55.15625,-3.769,-2.94,0.38692137799807824,-0.910431026727308
"{'ar': '44100', 'sample_fmt': 's16p', 'compression_level': '9', 'reservoir': '1', 'b:a': '204k', 'abr': 'True'}",279.517578125,-2.613,-0.729,0.44913822697708383,2.1178515964726574
"{'ar': '44100', 'sample_fmt': 'fltp', 'compression_level': '3', 'reservoir': '0', 'b:a': '32k'}",44.771484375,-3.291,-1.628,0.47953423802391626,0.6268860101843456
"{'ar': '44100', 'sample_fmt': 'fltp', 'compression_level': '1', 'reservoir': '0', 'b:a': '275k', 'abr': 'True'}",397.037109375,-2.593,-0.707,0.8264071580197196,1.955983644806567
"{'ar': '44100', 'sample_fmt': 'fltp', 'compression_level': '8', 'reservoir': '1', 'b:a': '278k', 'abr': 'True'}",382.6123046875,-2.597,-0.712,0.44439013802912086,1.9963397334040531
"{'ar': '12000', 'sample_fmt': 'fltp', 'compression_level': '8', 'reservoir': '1', 'b:a': '190k'}",90.640625,-3.742,-2.811,0.36794146097963676,-0.8620468712367033
"{'ar': '44100', 'sample_fmt': 's32p', 'compression_level': '0', 'reservoir': '0', 'b:a': '32k', 'abr': 'True'}",53.119140625,-3.132,-1.375,0.8550985180190764,1.036078002973478
"{'ar': '44100', 'sample_fmt': 'fltp', 'compression_level': '3', 'reservoir': '0', 'aq': '9'}",112.5185546875,-3.343,-1.721,0.46048502100165933,0.36969799098558015
"{'ar': '8000', 'sample_fmt': 'fltp', 'compression_level': '3', 'reservoir': '0', 'aq': '9'}",40.578125,-3.85,-3.441,0.4381209909915924,-1.2377231673663134
"{'ar': '44100', 'sample_fmt': 'fltp', 'compression_level': '6', 'reservoir': '0', 'b:a': '248k', 'abr': 'True'}",360.8095703125,-2.59,-0.704,0.5288849310018122,2.0437175628443924
"{'ar': '22050', 'sample_fmt': 'fltp', 'compression_level': '8', 'reservoir': '0', 'b:a': '246k', 'abr': 'True'}",223.35546875,-3.676,-2.552,0.3984177880047355,-0.8405882186302984
"{'ar': '22050', 'sample_fmt': 's16p', 'compression_level': '8', 'reservoir': '1', 'b:a': '137k', 'abr': 'True'}",189.970703125,-3.679,-2.562,0.39639735300443135,-0.7973123911052316
"{'ar': '16000', 'sample_fmt': 's16p', 'compression_level': '8', 'reservoir': '1', 'b:a': '196k', 'abr': 'True'}",220.68359375,-3.766,-2.926,0.37871065796935,-1.1625440414279768
"{'ar': '22050', 'sample_fmt': 'fltp', 'compression_level': '8', 'reservoir': '0', 'b:a': '241k', 'abr': 'True'}",223.35546875,-3.676,-2.552,0.39727908800705336,-0.8405040540235089
"{'ar': '8000', 'sample_fmt': 'fltp', 'compression_level': '8', 'reservoir': '0', 'b:a': '32k', 'abr': 'True'}",47.75,-3.856,-3.491,0.3624046889890451,-1.2733232112725157
"{'ar': '12000', 'sample_fmt': 'fltp', 'compression_level': '7', 'reservoir': '1', 'b:a': '137k', 'abr': 'True'}",88.4375,-3.742,-2.811,0.3731771569873672,-0.8589184080676817
"{'ar': '12000', 'sample_fmt': 's32p', 'compression_level': '7', 'reservoir': '1', 'b:a': '286k'}",90.640625,-3.742,-2.811,0.37212575098965317,-0.8623561442007002
"{'ar': '44100', 'sample_fmt': 's16p', 'compression_level': '7', 'reservoir': '1', 'b:a': '196k'}",267.6279296875,-2.634,-0.752,0.45087890297872946,2.0805105913103605
"{'ar': '12000', 'sample_fmt': 's32p', 'compression_level': '7', 'reservoir': '1', 'aq': '9'}",50.28125,-3.776,-2.975,0.36866350198397413,-0.9286532785535032
"{'ar': '44100', 'sample_fmt': 's16p', 'compression_level': '8', 'reservoir': '1', 'b:a': '204k', 'abr': 'True'}",279.517578125,-2.613,-0.729,0.4397888869862072,2.1185426332037323
"{'ar': '12000', 'sample_fmt': 's16p', 'compression_level': '1', 'reservoir': '1', 'aq': '9'}",49.765625,-3.768,-2.936,0.39498792099766433,-0.8988338472316917
"{'ar': '24000', 'sample_fmt': 's32p', 'compression_level': '7', 'reservoir': '0', 'aq': '9'}",75.6171875,-3.724,-2.734,0.3894472360261716,-0.773434879189618
"{'ar': '44100', 'sample_fmt': 'fltp', 'compression_level': '8', 'reservoir': '0', 'b:a': '203k'}",267.6279296875,-2.62,-0.736,0.4428594330092892,2.1187697977616544
"{'ar': '44100', 'sample_fmt': 's16p', 'compression_level': '7', 'reservoir': '0', 'b:a': '196k', 'abr': 'True'}",281.76953125,-2.616,-0.732,0.4491349780000746,2.1063222859780373
"{'ar': '44100', 'sample_fmt': 'fltp', 'compression_level': '9', 'reservoir': '1', 'b:a': '135k', 'abr': 'True'}",179.408203125,-2.879,-1.035,0.5558030719985254,1.5534149384724163
"{'ar': '44100', 'sample_fmt': 'fltp', 'compression_level': '8', 'reservoir': '1', 'b:a': '190k'}",267.6279296875,-2.63,-0.747,0.46704161798697896,2.090213001737341
"{'ar': '44100', 'sample_fmt': 's16p', 'compression_level': '3', 'reservoir': '0', 'b:a': '186k', 'abr': 'True'}",271.826171875,-2.631,-0.748,0.5860202120093163,2.072074567379886
"{'ar': '22050', 'sample_fmt': 's16p', 'compression_level': '8', 'reservoir': '0', 'b:a': '32k', 'abr': 'True'}",49.1337890625,-3.719,-2.715,0.39379455597372726,-0.7138541816527495
"{'ar': '22050', 'sample_fmt': 'fltp', 'compression_level': '4', 'reservoir': '1', 'b:a': '32k', 'abr': 'True'}",43.927734375,-3.72,-2.719,0.44269511400489137,-0.7127532174436157
"{'ar': '44100', 'sample_fmt': 'fltp', 'compression_level': '0', 'reservoir': '0', 'b:a': '32k', 'abr': 'True'}",53.119140625,-3.132,-1.375,0.8477893600065727,1.036618243959986
"{'ar': '44100', 'sample_fmt': 's16p', 'compression_level': '7', 'reservoir': '1', 'b:a': '32k'}",44.771484375,-3.291,-1.629,0.4476816850074101,0.6289248659986109
"{'ar': '44100', 'sample_fmt': 's16p', 'compression_level': '8', 'reservoir': '0', 'b:a': '203k', 'abr': 'True'}",307.916015625,-2.615,-0.731,0.442382595007075,2.0677457506361487
"{'ar': '16000', 'sample_fmt': 's32p', 'compression_level': '0', 'reservoir': '1', 'b:a': '32k', 'abr': 'True'}",43.91796875,-3.277,-1.605,0.6184594230144285,0.65785424616467
"{'ar': '44100', 'sample_fmt': 's16p', 'compression_level': '7', 'reservoir': '1', 'aq': '9'}",97.146484375,-3.315,-1.67,0.4272573929920327,0.4780092477840893
"{'ar': '22050', 'sample_fmt': 's16p', 'compression_level': '8', 'reservoir': '0', 'b:a': '195k'}",223.546875,-3.677,-2.554,0.3978867999976501,-0.8438152466053309
"{'ar': '44100', 'sample_fmt': 's16p', 'compression_level': '8', 'reservoir': '0', 'b:a': '137k', 'abr': 'True'}",202.5341796875,-2.862,-1.014,0.4359929059864953,1.5716027214993449
"{'ar': '8000', 'sample_fmt': 's32p', 'compression_level': '8', 'reservoir': '1', 'b:a': '166k'}",91.484375,-3.858,-3.511,0.36914774400065653,-1.3545760481047469
"{'ar': '8000', 'sample_fmt': 's16p', 'compression_level': '8', 'reservoir': '1', 'b:a': '167k', 'abr': 'True'}",90.21875,-3.858,-3.51,0.3579336979892105,-1.351412214137078
"{'ar': '44100', 'sample_fmt': 's32p', 'compression_level': '3', 'reservoir': '1', 'b:a': '167k', 'abr': 'True'}",224.8564453125,-2.667,-0.788,0.5993687089940067,2.0495397732166594
"{'ar': '32000', 'sample_fmt': 's16p', 'compression_level': '5', 'reservoir': '1', 'b:a': '32k', 'abr': 'True'}",46.765625,-3.429,-1.89,0.46836349001387134,0.2203481682883498
"{'ar': '44100', 'sample_fmt': 's16p', 'compression_level': '7', 'reservoir': '1', 'b:a': '191k', 'abr': 'True'}",260.7529296875,-2.632,-0.749,0.4957190069835633,2.0937727747453767
"{'ar': '44100', 'sample_fmt': 'fltp', 'compression_level': '3', 'reservoir': '0', 'b:a': '32k'}",44.771484375,-3.291,-1.628,0.9943231540091801,0.5888364740627277
"{'ar': '44100', 'sample_fmt': 'fltp', 'compression_level': '4', 'reservoir': '0', 'b:a': '142k', 'abr': 'True'}",218.7373046875,-2.784,-0.921,0.6043500179948751,1.7443769911243623
"{'ar': '44100', 'sample_fmt': 's16p', 'compression_level': '8', 'reservoir': '1', 'b:a': '135k', 'abr': 'True'}",179.365234375,-2.88,-1.036,0.4451575200073421,1.5590162383679622
"{'ar': '44100', 'sample_fmt': 'fltp', 'compression_level': '8', 'reservoir': '1', 'b:a': '203k', 'abr': 'True'}",277.7763671875,-2.612,-0.728,0.45027909899363294,2.123191056238214
"{'ar': '22050', 'sample_fmt': 's16p', 'compression_level': '8', 'reservoir': '0', 'b:a': '253k', 'abr': 'True'}",223.35546875,-3.677,-2.554,0.43262098799459636,-0.8460771306163294
"{'ar': '32000', 'sample_fmt': 'fltp', 'compression_level': '0', 'reservoir': '1', 'b:a': '32k'}",44.8671875,-3.314,-1.669,0.7255773470096756,0.5420251780350863
"{'ar': '44100', 'sample_fmt': 's16p', 'compression_level': '8', 'reservoir': '1', 'b:a': '200k', 'abr': 'True'}",273.48046875,-2.616,-0.732,0.558752109966008,2.111446730705172
"{'ar': '44100', 'sample_fmt': 's16p', 'compression_level': '6', 'reservoir': '1', 'b:a': '143k'}",178.4443359375,-2.851,-1.001,0.5912112960068043,1.6282996684192714
"{'ar': '44100', 'sample_fmt': 'fltp', 'compression_level': '8', 'reservoir': '0', 'b:a': '245k', 'abr': 'True'}",359.482421875,-2.6,-0.715,0.4531404819863383,2.0246643168394822
"{'ar': '44100', 'sample_fmt': 'fltp', 'compression_level': '0', 'reservoir': '0', 'b:a': '275k', 'abr': 'True'}",387.5478515625,-2.589,-0.703,1.1390789010038134,1.9585964307274726
"{'ar': '44100', 'sample_fmt': 'fltp', 'compression_level': '6', 'reservoir': '0', 'b:a': '249k', 'abr': 'True'}",361.2177734375,-2.59,-0.703,0.5564496730221435,2.0413442762501357
"{'ar': '44100', 'sample_fmt': 's16p', 'compression_level': '7', 'reservoir': '1', 'b:a': '196k'}",267.6279296875,-2.634,-0.752,0.4962133319932036,2.0771597926805225
"{'ar': '44100', 'sample_fmt': 's16p', 'compression_level': '7', 'reservoir': '1', 'b:a': '196k', 'abr': 'True'}",268.1728515625,-2.616,-0.733,0.4725950800057035,2.125968564203653
"{'ar': '44100', 'sample_fmt': 's16p', 'compression_level': '9', 'reservoir': '0', 'b:a': '204k', 'abr': 'True'}",311.4013671875,-2.612,-0.728,0.4569121050008107,2.069046569177981
"{'ar': '44100', 'sample_fmt': 'fltp', 'compression_level': '0', 'reservoir': '0', 'b:a': '275k', 'abr': 'True'}",387.5478515625,-2.589,-0.703,0.9592903260199819,1.9718851237542225
"{'ar': '22050', 'sample_fmt': 'fltp', 'compression_level': '4', 'reservoir': '0', 'b:a': '32k'}",44.84765625,-3.721,-2.723,0.47880881500896066,-0.7204821436737076
"{'ar': '22050', 'sample_fmt': 'fltp', 'compression_level': '8', 'reservoir': '0', 'b:a': '246k', 'abr': 'True'}",223.35546875,-3.676,-2.552,0.4251477670331951,-0.8425639086092228
"{'ar': '44100', 'sample_fmt': 's16p', 'compression_level': '7', 'reservoir': '1', 'b:a': '32k'}",44.771484375,-3.291,-1.629,0.4453646019974258,0.6290961282984535
"{'ar': '8000', 'sample_fmt': 's32p', 'compression_level': '3', 'reservoir': '0', 'aq': '9'}",40.578125,-3.85,-3.441,0.3794344959896989,-1.2333854789622187
"{'ar': '44100', 'sample_fmt': 's16p', 'compression_level': '8', 'reservoir': '0', 'b:a': '204k', 'abr': 'True'}",311.4013671875,-2.612,-0.728,0.5386254279874265,2.0630069013878423
"{'ar': '44100', 'sample_fmt': 's16p', 'compression_level': '1', 'reservoir': '1', 'b:a': '200k', 'abr': 'True'}",270.1220703125,-2.611,-0.726,0.8012442699691746,2.1124247517055528
"{'ar': '44100', 'sample_fmt': 's16p', 'compression_level': '7', 'reservoir': '1', 'b:a': '196k'}",267.6279296875,-2.634,-0.752,0.45344712102087215,2.080320766894705
"{'ar': '8000', 'sample_fmt': 's32p', 'compression_level': '4', 'reservoir': '1', 'aq': '9'}",35.8671875,-3.85,-3.441,0.46177004399942234,-1.231954060965397
"{'ar': '44100', 'sample_fmt': 's32p', 'compression_level': '8', 'reservoir': '1', 'b:a': '204k', 'abr': 'True'}",279.2080078125,-2.61,-0.725,0.455073460994754,2.1261585237146443
"{'ar': '44100', 'sample_fmt': 's16p', 'compression_level': '8', 'reservoir': '0', 'b:a': '141k', 'abr': 'True'}",217.501953125,-2.817,-0.96,0.5268453939934261,1.6628859620219467
"{'ar': '44100', 'sample_fmt': 'fltp', 'compression_level': '6', 'reservoir': '0', 'b:a': '248k', 'abr': 'True'}",360.8095703125,-2.59,-0.704,0.7687255229975563,2.0259902517364865
"{'ar': '32000', 'sample_fmt': 's32p', 'compression_level': '9', 'reservoir': '0', 'b:a': '65k', 'abr': 'True'}",94.12109375,-3.617,-2.357,0.591124058002606,-0.44963625554419523
"{'ar': '44100', 'sample_fmt': 's16p', 'compression_level': '7', 'reservoir': '1', 'b:a': '298k'}",445.9951171875,-2.585,-0.699,0.47243741402053274,1.9251891809364825
"{'ar': '22050', 'sample_fmt': 'fltp', 'compression_level': '8', 'reservoir': '1', 'b:a': '32k'}",44.84765625,-3.724,-2.734,0.4147409609868191,-0.7262065594804913
"{'ar': '44100', 'sample_fmt': 's16p', 'compression_level': '3', 'reservoir': '0', 'b:a': '203k', 'abr': 'True'}",305.3544921875,-2.604,-0.719,0.6329946219921112,2.0871592144011815
"{'ar': '44100', 'sample_fmt': 'fltp', 'compression_level': '3', 'reservoir': '1', 'aq': '9'}",103.837890625,-3.343,-1.721,0.4920149669633247,0.3812189499952243
"{'ar': '8000', 'sample_fmt': 's16p', 'compression_level': '7', 'reservoir': '1', 'aq': '9'}",36.8515625,-3.855,-3.486,0.4062679540074896,-1.2552677910475767
"{'ar': '44100', 'sample_fmt': 's16p', 'compression_level': '6', 'reservoir': '1', 'b:a': '143k', 'abr': 'True'}",191.458984375,-2.768,-0.902,0.5862582259869669,1.8325139731688935
"{'ar': '44100', 'sample_fmt': 'fltp', 'compression_level': '0', 'reservoir': '0', 'b:a': '274k', 'abr': 'True'}",386.7314453125,-2.588,-0.702,1.1372370820026845,1.962680671695261
"{'ar': '24000', 'sample_fmt': 's32p', 'compression_level': '7', 'reservoir': '1', 'aq': '9'}",71.0234375,-3.724,-2.734,0.5008188640058506,-0.7743365937013248
"{'ar': '44100', 'sample_fmt': 's16p', 'compression_level': '7', 'reservoir': '1', 'b:a': '291k'}",445.9951171875,-2.585,-0.699,0.8496667370200157,1.8973070717730964
"{'ar': '44100', 'sample_fmt': 'fltp', 'compression_level': '3', 'reservoir': '1', 'b:a': '168k', 'abr': 'True'}",226.38671875,-2.662,-0.782,0.9386533699871507,2.0355629001256674
"{'ar': '44100', 'sample_fmt': 's16p', 'compression_level': '7', 'reservoir': '0', 'b:a': '285k', 'abr': 'True'}",445.4091796875,-2.594,-0.708,0.6528292709845118,1.8889822911156273
"{'ar': '44100', 'sample_fmt': 's16p', 'compression_level': '8', 'reservoir': '1', 'b:a': '200k', 'abr': 'True'}",273.48046875,-2.616,-0.732,0.7581477499916218,2.096708822851956
"{'ar': '12000', 'sample_fmt': 's32p', 'compression_level': '1', 'reservoir': '1', 'aq': '9'}",49.765625,-3.769,-2.94,0.48651271002017893,-0.9091904802948831
"{'ar': '44100', 'sample_fmt': 'fltp', 'compression_level': '7', 'reservoir': '1', 'b:a': '199k'}",267.6279296875,-2.63,-0.747,0.482212337985402,2.0890916899906298
"{'ar': '44100', 'sample_fmt': 'fltp', 'compression_level': '8', 'reservoir': '0', 'b:a': '196k'}",267.6279296875,-2.62,-0.736,0.654207655985374,2.103148439968864
"{'ar': '44100', 'sample_fmt': 's16p', 'compression_level': '7', 'reservoir': '1', 'b:a': '203k'}",267.6279296875,-2.634,-0.752,0.5328482349868864,2.0744520011537717
"{'ar': '22050', 'sample_fmt': 's16p', 'compression_level': '8', 'reservoir': '0', 'b:a': '32k', 'abr': 'True'}",49.1337890625,-3.719,-2.715,0.40710234199650586,-0.7148377985668848
"{'ar': '44100', 'sample_fmt': 'fltp', 'compression_level': '3', 'reservoir': '1', 'b:a': '203k', 'abr': 'True'}",275.4228515625,-2.603,-0.718,0.7133218300295994,2.131628254202474
"{'ar': '44100', 'sample_fmt': 's16p', 'compression_level': '4', 'reservoir': '0', 'b:a': '134k', 'abr': 'True'}",193.20703125,-2.816,-0.959,0.5532847410067916,1.7023436967147674
"{'ar': '44100', 'sample_fmt': 's16p', 'compression_level': '6', 'reservoir': '1', 'b:a': '143k', 'abr': 'True'}",191.458984375,-2.768,-0.902,0.564247405010974,1.8341408565414494
"{'ar': '44100', 'sample_fmt': 's16p', 'compression_level': '7', 'reservoir': '0', 'b:a': '246k', 'abr': 'True'}",359.482421875,-2.606,-0.721,0.47149399199406616,2.007435378413519
"{'ar': '44100', 'sample_fmt': 's16p', 'compression_level': '6', 'reservoir': '1', 'b:a': '143k'}",178.4443359375,-2.851,-1.001,0.637170647009043,1.6249026799997774
"{'ar': '32000', 'sample_fmt': 's32p', 'compression_level': '9', 'reservoir': '0', 'aq': '9'}",89.62109375,-3.518,-2.09,0.44514490201254375,-0.11677478269755436
"{'ar': '12000', 'sample_fmt': 's32p', 'compression_level': '8', 'reservoir': '0', 'aq': '9'}",54.40625,-3.776,-2.975,0.7031456060358323,-0.9599579337634254
"{'ar': '8000', 'sample_fmt': 's32p', 'compression_level': '8', 'reservoir': '1', 'b:a': '167k', 'abr': 'True'}",90.21875,-3.858,-3.51,0.811973077012226,-1.3849715764627184
"{'ar': '22050', 'sample_fmt': 'fltp', 'compression_level': '0', 'reservoir': '1', 'b:a': '32k', 'abr': 'True'}",45.2734375,-3.69,-2.603,1.1485885599686299,-0.6605838218779893
"{'ar': '44100', 'sample_fmt': 's32p', 'compression_level': '9', 'reservoir': '0', 'aq': '9'}",103.8740234375,-3.314,-1.668,0.6215512129710987,0.4558743888682858
"{'ar': '44100', 'sample_fmt': 'fltp', 'compression_level': '0', 'reservoir': '0', 'b:a': '32k'}",44.771484375,-3.13,-1.371,0.9314909539825749,1.049673386256933
"{'ar': '32000', 'sample_fmt': 's32p', 'compression_level': '9', 'reservoir': '0', 'b:a': '65k', 'abr': 'True'}",94.12109375,-3.617,-2.357,0.4231849489733577,-0.43722339078192507
"{'ar': '22050', 'sample_fmt': 's32p', 'compression_level': '7', 'reservoir': '0', 'aq': '9'}",74.3984375,-3.724,-2.735,0.4259493089921307,-0.7745035950334274
"{'ar': '44100', 'sample_fmt': 's32p', 'compression_level': '6', 'reservoir': '0', 'aq': '9'}",115.111328125,-3.343,-1.721,0.46824534199549817,0.3649872064305256
"{'ar': '8000', 'sample_fmt': 's32p', 'compression_level': '8', 'reservoir': '1', 'aq': '9'}",36.8515625,-3.855,-3.486,0.3800965390109923,-1.253333386150072
"{'ar': '44100', 'sample_fmt': 's16p', 'compression_level': '8', 'reservoir': '1', 'b:a': '200k', 'abr': 'True'}",273.48046875,-2.616,-0.732,0.4602946240338497,2.1187240079562746
"{'ar': '44100', 'sample_fmt': 's16p', 'compression_level': '8', 'reservoir': '1', 'b:a': '285k'}",356.8115234375,-2.595,-0.709,0.5029635959945153,2.03878604427608
"{'ar': '44100', 'sample_fmt': 'fltp', 'compression_level': '9', 'reservoir': '0', 'b:a': '133k', 'abr': 'True'}",191.6669921875,-2.904,-1.066,0.5336812310270034,1.4674614552262248
"{'ar': '22050', 'sample_fmt': 's16p', 'compression_level': '8', 'reservoir': '0', 'b:a': '245k', 'abr': 'True'}",223.35546875,-3.677,-2.554,0.4361383850045968,-0.8463371115918908
"{'ar': '44100', 'sample_fmt': 's16p', 'compression_level': '8', 'reservoir': '1', 'b:a': '200k', 'abr': 'True'}",273.48046875,-2.616,-0.732,0.483268661017064,2.117025930505677
"{'ar': '8000', 'sample_fmt': 's16p', 'compression_level': '1', 'reservoir': '0', 'aq': '9'}",40.5078125,-3.85,-3.44,0.3785075010091532,-1.2328893085088193
"{'ar': '22050', 'sample_fmt': 's16p', 'compression_level': '9', 'reservoir': '0', 'aq': '9'}",74.423828125,-3.724,-2.735,0.39670237302198075,-0.7723823844165579
"{'ar': '44100', 'sample_fmt': 'fltp', 'compression_level': '6', 'reservoir': '0', 'b:a': '249k', 'abr': 'True'}",361.2177734375,-2.59,-0.703,0.5241199450101703,2.0437338598553683
"{'ar': '44100', 'sample_fmt': 's16p', 'compression_level': '8', 'reservoir': '1', 'b:a': '246k', 'abr': 'True'}",339.3701171875,-2.606,-0.721,0.45684362802421674,2.0406107219047254
"{'ar': '44100', 'sample_fmt': 's16p', 'compression_level': '8', 'reservoir': '0', 'b:a': '196k'}",267.6279296875,-2.617,-0.733,0.44823304502642713,2.126308807308826
"{'ar': '44100', 'sample_fmt': 's16p', 'compression_level': '6', 'reservoir': '1', 'b:a': '190k'}",267.6279296875,-2.629,-0.746,0.5226330879959278,2.088749471818344
"{'ar': '24000', 'sample_fmt': 's32p', 'compression_level': '9', 'reservoir': '1', 'aq': '9'}",71.0234375,-3.724,-2.734,0.39164605498081073,-0.766267315961445
"{'ar': '44100', 'sample_fmt': 'fltp', 'compression_level': '0', 'reservoir': '0', 'b:a': '32k'}",44.771484375,-3.13,-1.371,0.8520040519942995,1.0555484928384526
"{'ar': '44100', 'sample_fmt': 'fltp', 'compression_level': '8', 'reservoir': '0', 'b:a': '203k', 'abr': 'True'}",307.9150390625,-2.611,-0.727,0.48783546200138517,2.074969341161824
"{'ar': '22050', 'sample_fmt': 'fltp', 'compression_level': '8', 'reservoir': '0', 'b:a': '32k', 'abr': 'True'}",49.0322265625,-3.72,-2.719,0.5277447649859823,-0.7271845403972949
"{'ar': '44100', 'sample_fmt': 's16p', 'compression_level': '5', 'reservoir': '1', 'aq': '9'}",105.1748046875,-3.341,-1.719,0.4465232740039937,0.38773889849629256
"{'ar': '22050', 'sample_fmt': 'fltp', 'compression_level': '8', 'reservoir': '0', 'b:a': '32k', 'abr': 'True'}",49.0322265625,-3.72,-2.719,0.3940586910175625,-0.7173034164211052
"{'ar': '44100', 'sample_fmt': 'fltp', 'compression_level': '6', 'reservoir': '0', 'b:a': '246k', 'abr': 'True'}",359.7890625,-2.591,-0.705,0.5301853609853424,2.042604436259355
"{'ar': '22050', 'sample_fmt': 'fltp', 'compression_level': '8', 'reservoir': '0', 'b:a': '32k', 'abr': 'True'}",49.0322265625,-3.72,-2.719,0.39291682798648253,-0.7172190180253786
"{'ar': '22050', 'sample_fmt': 'fltp', 'compression_level': '8', 'reservoir': '0', 'b:a': '32k', 'abr': 'True'}",49.0322265625,-3.72,-2.719,0.39665809500729665,-0.7174955458802501
"{'ar': '22050', 'sample_fmt': 'fltp', 'compression_level': '3', 'reservoir': '0', 'b:a': '170k', 'abr': 'True'}",208.6005859375,-3.676,-2.552,0.4592378369998187,-0.8215397598849103
"{'ar': '44100', 'sample_fmt': 'fltp', 'compression_level': '8', 'reservoir': '0', 'b:a': '203k', 'abr': 'True'}",307.9150390625,-2.611,-0.727,0.43742306297644973,2.0786954672265345
"{'ar': '44100', 'sample_fmt': 's16p', 'compression_level': '7', 'reservoir': '1', 'b:a': '203k', 'abr': 'True'}",277.8779296875,-2.616,-0.732,0.44032264398992993,2.113183321924717
"{'ar': '44100', 'sample_fmt': 's16p', 'compression_level': '8', 'reservoir': '1', 'b:a': '196k', 'abr': 'True'}",268.1728515625,-2.616,-0.733,0.4373744720069226,2.1285718211011138
"{'ar': '24000', 'sample_fmt': 'fltp', 'compression_level': '7', 'reservoir': '0', 'b:a': '203k', 'abr': 'True'}",223.2265625,-3.662,-2.502,0.3997384910180699,-0.7920880943241048
"{'ar': '44100', 'sample_fmt': 'fltp', 'compression_level': '8', 'reservoir': '1', 'b:a': '133k', 'abr': 'True'}",176.65625,-2.904,-1.066,0.4354553909797687,1.498673720899278
"{'ar': '44100', 'sample_fmt': 'fltp', 'compression_level': '8', 'reservoir': '1', 'b:a': '32k', 'abr': 'True'}",48.16796875,-3.35,-1.734,0.41816982501768507,0.45509705765147607
"{'ar': '44100', 'sample_fmt': 'fltp', 'compression_level': '9', 'reservoir': '1', 'b:a': '135k', 'abr': 'True'}",179.408203125,-2.879,-1.035,0.4397994579921942,1.5619891007441977
"{'ar': '44100', 'sample_fmt': 'fltp', 'compression_level': '6', 'reservoir': '0', 'b:a': '245k', 'abr': 'True'}",359.9931640625,-2.589,-0.703,0.5386700989911333,2.046942419610732
"{'ar': '44100', 'sample_fmt': 'fltp', 'compression_level': '8', 'reservoir': '1', 'b:a': '248k', 'abr': 'True'}",342.1123046875,-2.603,-0.718,0.44443953697918914,2.0450881213085546
"{'ar': '24000', 'sample_fmt': 'fltp', 'compression_level': '9', 'reservoir': '0', 'b:a': '272k', 'abr': 'True'}",223.2265625,-3.662,-2.502,0.4136739870009478,-0.7931181070949865
"{'ar': '8000', 'sample_fmt': 's32p', 'compression_level': '8', 'reservoir': '1', 'aq': '9'}",36.8515625,-3.855,-3.486,0.3793844800093211,-1.2532807558119594
"{'ar': '44100', 'sample_fmt': 's16p', 'compression_level': '8', 'reservoir': '0', 'b:a': '134k', 'abr': 'True'}",194.7421875,-2.894,-1.053,0.47676819103071466,1.4941614198077176
"{'ar': '44100', 'sample_fmt': 's16p', 'compression_level': '8', 'reservoir': '1', 'b:a': '200k', 'abr': 'True'}",273.48046875,-2.616,-0.732,0.5359641460236162,2.1131310549597155
"{'ar': '44100', 'sample_fmt': 's16p', 'compression_level': '8', 'reservoir': '0', 'b:a': '141k', 'abr': 'True'}",217.501953125,-2.817,-0.96,0.44042468402767554,1.669273566384415
"{'ar': '44100', 'sample_fmt': 'fltp', 'compression_level': '0', 'reservoir': '0', 'b:a': '275k', 'abr': 'True'}",387.5478515625,-2.589,-0.703,1.2361380139773246,1.951422511261958
"{'ar': '44100', 'sample_fmt': 'fltp', 'compression_level': '3', 'reservoir': '0', 'b:a': '195k', 'abr': 'True'}",278.2841796875,-2.617,-0.733,0.5856580779945944,2.0991475250982443
"{'ar': '44100', 'sample_fmt': 's32p', 'compression_level': '3', 'reservoir': '1', 'b:a': '32k', 'abr': 'True'}",47.787109375,-3.333,-1.704,0.6623921679856721,0.4867262979793882
"{'ar': '44100', 'sample_fmt': 'fltp', 'compression_level': '6', 'reservoir': '0', 'b:a': '246k', 'abr': 'True'}",359.7890625,-2.591,-0.705,0.5525556209904607,2.040950985709656
"{'ar': '44100', 'sample_fmt': 'fltp', 'compression_level': '1', 'reservoir': '1', 'b:a': '135k', 'abr': 'True'}",179.255859375,-2.906,-1.069,1.0627308299881406,1.4425556252898295
"{'ar': '44100', 'sample_fmt': 'fltp', 'compression_level': '6', 'reservoir': '0', 'b:a': '246k', 'abr': 'True'}",359.7890625,-2.591,-0.705,0.5826019789965358,2.03873017257873
"{'ar': '22050', 'sample_fmt': 's16p', 'compression_level': '8', 'reservoir': '0', 'b:a': '166k', 'abr': 'True'}",223.35546875,-3.677,-2.554,0.4041761019907426,-0.843974686908101
"{'ar': '22050', 'sample_fmt': 's32p', 'compression_level': '7', 'reservoir': '1', 'aq': '9'}",70.005859375,-3.724,-2.735,0.43988382001407444,-0.7685244535539381
"{'ar': '44100', 'sample_fmt': 'fltp', 'compression_level': '3', 'reservoir': '0', 'b:a': '195k'}",267.6279296875,-2.613,-0.728,0.6045222970133182,2.1256540605305827
"{'ar': '44100', 'sample_fmt': 's16p', 'compression_level': '7', 'reservoir': '0', 'b:a': '141k', 'abr': 'True'}",217.501953125,-2.817,-0.96,0.6375157120055519,1.6547059990661905
"{'ar': '44100', 'sample_fmt': 'fltp', 'compression_level': '3', 'reservoir': '0', 'b:a': '32k', 'abr': 'True'}",52.6875,-3.333,-1.704,0.5613772500364576,0.4863732225373883
"{'ar': '44100', 'sample_fmt': 's16p', 'compression_level': '8', 'reservoir': '1', 'b:a': '135k', 'abr': 'True'}",179.365234375,-2.88,-1.036,0.6391738989914302,1.5446759272402224
"{'ar': '8000', 'sample_fmt': 's32p', 'compression_level': '7', 'reservoir': '1', 'aq': '9'}",36.8515625,-3.855,-3.486,0.38247098901774734,-1.253508888610392
"{'ar': '44100', 'sample_fmt': 's16p', 'compression_level': '7', 'reservoir': '1', 'b:a': '191k'}",267.6279296875,-2.634,-0.752,0.47375369098153897,2.0788198496386574
"{'ar': '44100', 'sample_fmt': 's16p', 'compression_level': '7', 'reservoir': '1', 'b:a': '289k'}",445.9951171875,-2.585,-0.699,0.5527008049830329,1.9192566818114265
"{'ar': '44100', 'sample_fmt': 'fltp', 'compression_level': '3', 'reservoir': '0', 'b:a': '169k', 'abr': 'True'}",250.0751953125,-2.66,-0.78,0.7740667930047493,2.0152198983967082
"{'ar': '44100', 'sample_fmt': 's16p', 'compression_level': '8', 'reservoir': '0', 'b:a': '135k', 'abr': 'True'}",196.5869140625,-2.88,-1.036,0.4726369380077813,1.5295051304329355
"{'ar': '44100', 'sample_fmt': 'fltp', 'compression_level': '0', 'reservoir': '0', 'b:a': '282k', 'abr': 'True'}",395.7119140625,-2.587,-0.701,1.2054116469807923,1.9459572727299494
"{'ar': '44100', 'sample_fmt': 's16p', 'compression_level': '6', 'reservoir': '1', 'b:a': '66k', 'abr': 'True'}",90.126953125,-3.472,-1.982,0.5909936740063131,0.012884579893040789
"{'ar': '44100', 'sample_fmt': 's32p', 'compression_level': '7', 'reservoir': '1', 'aq': '9'}",97.1474609375,-3.314,-1.668,0.47410880000097677,0.4775056213156014
"{'ar': '11025', 'sample_fmt': 'fltp', 'compression_level': '8', 'reservoir': '0', 'b:a': '203k', 'abr': 'True'}",90.3310546875,-3.85,-3.441,0.5744546370115131,-1.3271889700563564
"{'ar': '44100', 'sample_fmt': 's16p', 'compression_level': '8', 'reservoir': '0', 'b:a': '141k', 'abr': 'True'}",217.501953125,-2.817,-0.96,0.5607626909913961,1.660379036606115
"{'ar': '8000', 'sample_fmt': 's32p', 'compression_level': '8', 'reservoir': '1', 'b:a': '202k'}",91.484375,-3.858,-3.511,0.49160548200597987,-1.3636272533287122
"{'ar': '8000', 'sample_fmt': 's16p', 'compression_level': '7', 'reservoir': '1', 'b:a': '283k'}",91.484375,-3.858,-3.512,0.3863261120277457,-1.3561612093261903
"{'ar': '44100', 'sample_fmt': 's16p', 'compression_level': '3', 'reservoir': '1', 'b:a': '168k', 'abr': 'True'}",226.4912109375,-2.661,-0.782,0.7904480239958502,2.0486803887984366
"{'ar': '44100', 'sample_fmt': 's16p', 'compression_level': '8', 'reservoir': '1', 'b:a': '137k', 'abr': 'True'}",182.173828125,-2.862,-1.014,0.49268513498827815,1.599900727438596
"{'ar': '44100', 'sample_fmt': 's32p', 'compression_level': '8', 'reservoir': '1', 'aq': '9'}",97.1474609375,-3.314,-1.668,0.46666640299372375,0.478055710381169
"{'ar': '44100', 'sample_fmt': 'fltp', 'compression_level': '3', 'reservoir': '0', 'b:a': '32k'}",44.771484375,-3.291,-1.628,0.5242519599851221,0.6235807941546204
"{'ar': '44100', 'sample_fmt': 's16p', 'compression_level': '8', 'reservoir': '0', 'b:a': '247k', 'abr': 'True'}",359.6865234375,-2.604,-0.719,0.4802404200308956,2.0117540194986194
"{'ar': '44100', 'sample_fmt': 's16p', 'compression_level': '7', 'reservoir': '1', 'b:a': '213k', 'abr': 'True'}",292.431640625,-2.607,-0.722,0.5008160540019162,2.109613262382323
"{'ar': '44100', 'sample_fmt': 'fltp', 'compression_level': '3', 'reservoir': '1', 'b:a': '140k', 'abr': 'True'}",186.58203125,-2.823,-0.967,0.6241185139806475,1.6888462137953077
"{'ar': '44100', 'sample_fmt': 'fltp', 'compression_level': '8', 'reservoir': '1', 'b:a': '203k', 'abr': 'True'}",277.7763671875,-2.612,-0.728,0.47779930898104794,2.121156958005958
"{'ar': '44100', 'sample_fmt': 'fltp', 'compression_level': '9', 'reservoir': '0', 'b:a': '275k', 'abr': 'True'}",445.4091796875,-2.6,-0.714,0.4689230059739202,1.8867029570353209
"{'ar': '32000', 'sample_fmt': 's16p', 'compression_level': '5', 'reservoir': '1', 'b:a': '32k', 'abr': 'True'}",46.765625,-3.429,-1.89,0.48165211197920144,0.21936596784506981
"{'ar': '44100', 'sample_fmt': 's16p', 'compression_level': '3', 'reservoir': '0', 'b:a': '193k'}",267.6279296875,-2.618,-0.734,0.6624885540222749,2.1078271673608664
"{'ar': '16000', 'sample_fmt': 'fltp', 'compression_level': '0', 'reservoir': '1', 'b:a': '32k', 'abr': 'True'}",43.91796875,-3.277,-1.605,0.6814853029791266,0.6531958212805138
"{'ar': '44100', 'sample_fmt': 's16p', 'compression_level': '7', 'reservoir': '1', 'b:a': '289k', 'abr': 'True'}",397.3603515625,-2.594,-0.708,0.6048707459995057,1.9691968587237432
"{'ar': '24000', 'sample_fmt': 's32p', 'compression_level': '7', 'reservoir': '1', 'aq': '9'}",71.0234375,-3.724,-2.734,0.40930480902898125,-0.7675725254932638
"{'ar': '24000', 'sample_fmt': 's32p', 'compression_level': '7', 'reservoir': '1', 'aq': '9'}",71.0234375,-3.724,-2.734,0.3936363910033833,-0.7664144274474025
"{'ar': '12000', 'sample_fmt': 'fltp', 'compression_level': '0', 'reservoir': '0', 'b:a': '191k'}",90.640625,-3.768,-2.932,0.7422503619745839,-0.9884619747554215
"{'ar': '44100', 'sample_fmt': 's16p', 'compression_level': '8', 'reservoir': '1', 'b:a': '143k'}",178.4443359375,-2.914,-1.079,0.4768019299954176,1.4653641556141992
"{'ar': '44100', 'sample_fmt': 's32p', 'compression_level': '3', 'reservoir': '1', 'b:a': '167k'}",223.037109375,-2.666,-0.787,0.8376494210097007,2.037476203554909
"{'ar': '44100', 'sample_fmt': 's16p', 'compression_level': '6', 'reservoir': '1', 'b:a': '143k'}",178.4443359375,-2.851,-1.001,0.5608525639981963,1.6305435700152433
"{'ar': '32000', 'sample_fmt': 's16p', 'compression_level': '7', 'reservoir': '1', 'b:a': '32k'}",44.8671875,-3.423,-1.878,0.521093438990647,0.2372451428629668
"{'ar': '32000', 'sample_fmt': 's16p', 'compression_level': '7', 'reservoir': '1', 'aq': '9'}",81.7109375,-3.514,-2.081,0.40615742301451974,-0.0891122720899933
"{'ar': '44100', 'sample_fmt': 's16p', 'compression_level': '7', 'reservoir': '1', 'b:a': '213k', 'abr': 'True'}",292.431640625,-2.607,-0.722,0.46866275896900333,2.1119898053163184
"{'ar': '8000', 'sample_fmt': 'fltp', 'compression_level': '3', 'reservoir': '0', 'b:a': '195k'}",91.484375,-3.858,-3.51,0.3935482599772513,-1.3560641023307782
"{'ar': '44100', 'sample_fmt': 'fltp', 'compression_level': '8', 'reservoir': '1', 'b:a': '196k', 'abr': 'True'}",268.0751953125,-2.617,-0.733,0.4540915740071796,2.125162100577354
"{'ar': '22050', 'sample_fmt': 'fltp', 'compression_level': '8', 'reservoir': '0', 'b:a': '32k', 'abr': 'True'}",49.0322265625,-3.72,-2.719,0.38497964400448836,-0.7166323578249568
"{'ar': '44100', 'sample_fmt': 's16p', 'compression_level': '4', 'reservoir': '0', 'b:a': '201k', 'abr': 'True'}",291.1005859375,-2.611,-0.727,0.5707968230417464,2.0956676550167033
"{'ar': '22050', 'sample_fmt': 'fltp', 'compression_level': '8', 'reservoir': '0', 'b:a': '246k', 'abr': 'True'}",223.35546875,-3.676,-2.552,0.4156370719720144,-0.8418609456587104
"{'ar': '44100', 'sample_fmt': 's16p', 'compression_level': '8', 'reservoir': '1', 'b:a': '135k', 'abr': 'True'}",179.365234375,-2.88,-1.036,0.4900262060400564,1.5556998641475426
"{'ar': '44100', 'sample_fmt': 's16p', 'compression_level': '6', 'reservoir': '1', 'b:a': '142k', 'abr': 'True'}",190.2275390625,-2.783,-0.92,0.637058396008797,1.7900968406206539
"{'ar': '22050', 'sample_fmt': 's16p', 'compression_level': '8', 'reservoir': '1', 'b:a': '196k', 'abr': 'True'}",219.69921875,-3.677,-2.553,0.5115132599894423,-0.8457586792480214
"{'ar': '24000', 'sample_fmt': 's32p', 'compression_level': '7', 'reservoir': '1', 'b:a': '212k', 'abr': 'True'}",219.1953125,-3.661,-2.499,0.40451724600279704,-0.7827324699011474
"{'ar': '44100', 'sample_fmt': 's32p', 'compression_level': '3', 'reservoir': '0', 'b:a': '195k'}",267.6279296875,-2.613,-0.728,0.7001414309779648,2.1185865740740373
"{'ar': '24000', 'sample_fmt': 's16p', 'compression_level': '8', 'reservoir': '1', 'b:a': '196k', 'abr': 'True'}",219.1953125,-3.661,-2.499,0.4085866479726974,-0.7830332511581618
"{'ar': '32000', 'sample_fmt': 's16p', 'compression_level': '3', 'reservoir': '1', 'b:a': '168k', 'abr': 'True'}",221.3515625,-3.196,-1.471,0.5568228730116971,0.6102818674979305
"{'ar': '44100', 'sample_fmt': 's16p', 'compression_level': '7', 'reservoir': '1', 'b:a': '213k', 'abr': 'True'}",292.431640625,-2.607,-0.722,0.45040290302131325,2.1133394440262494
"{'ar': '22050', 'sample_fmt': 'fltp', 'compression_level': '4', 'reservoir': '1', 'b:a': '32k', 'abr': 'True'}",43.927734375,-3.72,-2.719,0.4684446850151289,-0.7146564426332938
"{'ar': '32000', 'sample_fmt': 's16p', 'compression_level': '8', 'reservoir': '1', 'aq': '9'}",81.7109375,-3.514,-2.081,0.4055675080162473,-0.08906866976807365
"{'ar': '44100', 'sample_fmt': 'fltp', 'compression_level': '3', 'reservoir': '1', 'b:a': '201k', 'abr': 'True'}",273.0703125,-2.604,-0.719,0.5684067340043839,2.1434478147158402
"{'ar': '44100', 'sample_fmt': 'fltp', 'compression_level': '9', 'reservoir': '1', 'b:a': '133k', 'abr': 'True'}",176.65625,-2.904,-1.066,0.46326149301603436,1.4966184915596847
"{'ar': '24000', 'sample_fmt': 's32p', 'compression_level': '7', 'reservoir': '1', 'aq': '9'}",71.0234375,-3.724,-2.734,0.41275057397433557,-0.7678272119359661
"{'ar': '44100', 'sample_fmt': 'fltp', 'compression_level': '8', 'reservoir': '1', 'b:a': '133k', 'abr': 'True'}",176.65625,-2.904,-1.066,0.4725157860084437,1.4959344800268786
"{'ar': '12000', 'sample_fmt': 's32p', 'compression_level': '3', 'reservoir': '1', 'aq': '9'}",49.765625,-3.769,-2.94,0.6656626400072128,-0.9224319692247306
"{'ar': '44100', 'sample_fmt': 's16p', 'compression_level': '1', 'reservoir': '1', 'b:a': '201k', 'abr': 'True'}",271.0380859375,-2.613,-0.728,1.0465689599805046,2.0875396488646434
"{'ar': '44100', 'sample_fmt': 'fltp', 'compression_level': '3', 'reservoir': '1', 'b:a': '140k', 'abr': 'True'}",186.58203125,-2.823,-0.967,0.7818245929956902,1.6771897018469164
"{'ar': '44100', 'sample_fmt': 'fltp', 'compression_level': '3', 'reservoir': '0', 'b:a': '169k', 'abr': 'True'}",250.0751953125,-2.66,-0.78,0.8014619710156694,2.0131950416390807
"{'ar': '44100', 'sample_fmt': 's16p', 'compression_level': '6', 'reservoir': '0', 'b:a': '145k'}",223.037109375,-2.671,-0.792,0.6464661830104887,2.038380127818651
"{'ar': '22050', 'sample_fmt': 's16p', 'compression_level': '8', 'reservoir': '1', 'b:a': '135k', 'abr': 'True'}",186.87109375,-3.68,-2.565,0.7489995100186206,-0.8217046113633482
"{'ar': '44100', 'sample_fmt': 'fltp', 'compression_level': '3', 'reservoir': '1', 'b:a': '32k'}",44.771484375,-3.302,-1.648,0.6597032819991,0.5816307112176176
"{'ar': '44100', 'sample_fmt': 'fltp', 'compression_level': '3', 'reservoir': '0', 'b:a': '192k'}",267.6279296875,-2.613,-0.728,0.8689443690236658,2.106109861213364
"{'ar': '44100', 'sample_fmt': 's16p', 'compression_level': '8', 'reservoir': '0', 'b:a': '141k', 'abr': 'True'}",217.501953125,-2.817,-0.96,0.8461441109830048,1.6392856713233237
"{'ar': '44100', 'sample_fmt': 's16p', 'compression_level': '7', 'reservoir': '1', 'b:a': '32k', 'abr': 'True'}",48.193359375,-3.355,-1.744,0.5642068389861379,0.42945825182341135
"{'ar': '12000', 'sample_fmt': 's32p', 'compression_level': '9', 'reservoir': '1', 'aq': '9'}",50.28125,-3.776,-2.975,0.5435942999902181,-0.9415829192486277
"{'ar': '32000', 'sample_fmt': 's32p', 'compression_level': '8', 'reservoir': '0', 'b:a': '65k', 'abr': 'True'}",94.12109375,-3.617,-2.357,0.6724565890035592,-0.4556477778984799
"{'ar': '16000', 'sample_fmt': 's32p', 'compression_level': '3', 'reservoir': '1', 'b:a': '32k', 'abr': 'True'}",43.49609375,-3.349,-1.733,0.7616586740186904,0.4398089462382345
"{'ar': '32000', 'sample_fmt': 'fltp', 'compression_level': '3', 'reservoir': '1', 'b:a': '32k', 'abr': 'True'}",46.58984375,-3.411,-1.854,0.7151906699873507,0.2556803299689968
"{'ar': '12000', 'sample_fmt': 's16p', 'compression_level': '8', 'reservoir': '0', 'b:a': '32k'}",45.078125,-3.774,-2.967,0.6260779460135382,-0.9321935384883455
"{'ar': '44100', 'sample_fmt': 'fltp', 'compression_level': '3', 'reservoir': '0', 'b:a': '203k', 'abr': 'True'}",305.046875,-2.603,-0.718,0.7759183589951135,2.0797315581647657
"{'ar': '16000', 'sample_fmt': 's32p', 'compression_level': '0', 'reservoir': '1', 'b:a': '32k', 'abr': 'True'}",43.91796875,-3.277,-1.605,0.7831937500159256,0.6456782561014082
"{'ar': '12000', 'sample_fmt': 's16p', 'compression_level': '8', 'reservoir': '0', 'b:a': '193k'}",90.640625,-3.74,-2.801,0.5023911609896459,-0.8641699772615365
"{'ar': '22050', 'sample_fmt': 's32p', 'compression_level': '8', 'reservoir': '0', 'b:a': '32k', 'abr': 'True'}",49.0322265625,-3.72,-2.719,0.43442256801063195,-0.7202868271899966
"{'ar': '44100', 'sample_fmt': 'fltp', 'compression_level': '3', 'reservoir': '0', 'b:a': '195k'}",267.6279296875,-2.613,-0.728,0.5602916600182652,2.1289232747031615
"{'ar': '44100', 'sample_fmt': 'fltp', 'compression_level': '8', 'reservoir': '0', 'b:a': '137k', 'abr': 'True'}",202.63671875,-2.864,-1.016,0.6304552630172111,1.5517750364014573
"{'ar': '44100', 'sample_fmt': 's16p', 'compression_level': '6', 'reservoir': '1', 'b:a': '143k'}",178.4443359375,-2.851,-1.001,0.5940419530379586,1.6280904463796928
"{'ar': '44100', 'sample_fmt': 's16p', 'compression_level': '8', 'reservoir': '0', 'b:a': '170k', 'abr': 'True'}",253.9365234375,-2.677,-0.799,0.5409712579858024,1.9806846252363284
"{'ar': '22050', 'sample_fmt': 'fltp', 'compression_level': '8', 'reservoir': '1', 'b:a': '32k', 'abr': 'True'}",44.232421875,-3.72,-2.719,0.45165594198624603,-0.7139017171896189
"{'ar': '44100', 'sample_fmt': 'fltp', 'compression_level': '0', 'reservoir': '1', 'b:a': '33k'}",44.771484375,-3.12,-1.357,0.8380223369749729,1.0842977178818458
"{'ar': '44100', 'sample_fmt': 'fltp', 'compression_level': '0', 'reservoir': '0', 'b:a': '32k'}",44.771484375,-3.13,-1.371,0.9857885349774733,1.0456600951676567
"{'ar': '44100', 'sample_fmt': 's16p', 'compression_level': '4', 'reservoir': '0', 'b:a': '137k', 'abr': 'True'}",200.58984375,-2.816,-0.959,0.785057651984971,1.6734321986112994
"{'ar': '44100', 'sample_fmt': 'fltp', 'compression_level': '8', 'reservoir': '1', 'b:a': '248k', 'abr': 'True'}",342.1123046875,-2.603,-0.718,0.6502291410288308,2.0298776171007202
"{'ar': '44100', 'sample_fmt': 's16p', 'compression_level': '3', 'reservoir': '1', 'b:a': '143k', 'abr': 'True'}",190.484375,-2.792,-0.93,0.6215691639808938,1.766707845877166
"{'ar': '44100', 'sample_fmt': 's16p', 'compression_level': '1', 'reservoir': '1', 'b:a': '200k', 'abr': 'True'}",270.1220703125,-2.611,-0.726,0.8919325020106044,2.1057217224566385
"{'ar': '44100', 'sample_fmt': 'fltp', 'compression_level': '8', 'reservoir': '1', 'b:a': '32k', 'abr': 'True'}",48.16796875,-3.35,-1.734,0.5362295169907156,0.4463709247167034
"{'ar': '44100', 'sample_fmt': 'fltp', 'compression_level': '9', 'reservoir': '1', 'b:a': '135k', 'abr': 'True'}",179.408203125,-2.879,-1.035,0.5295754100079648,1.5553535007477626
"{'ar': '44100', 'sample_fmt': 's16p', 'compression_level': '8', 'reservoir': '1', 'b:a': '135k', 'abr': 'True'}",179.365234375,-2.88,-1.036,0.5199426120088901,1.55348865614715
"{'ar': '44100', 'sample_fmt': 'fltp', 'compression_level': '8', 'reservoir': '0', 'b:a': '203k', 'abr': 'True'}",307.9150390625,-2.611,-0.727,0.4635561000031885,2.076763898955657
"{'ar': '22050', 'sample_fmt': 's16p', 'compression_level': '8', 'reservoir': '1', 'b:a': '168k', 'abr': 'True'}",219.69921875,-3.677,-2.553,0.4194636990141589,-0.8389550302444201
"{'ar': '44100', 'sample_fmt': 's16p', 'compression_level': '6', 'reservoir': '0', 'b:a': '204k'}",267.6279296875,-2.621,-0.737,0.5488964529940858,2.1082868990040953
"{'ar': '22050', 'sample_fmt': 's16p', 'compression_level': '6', 'reservoir': '1', 'b:a': '143k'}",201.2001953125,-3.676,-2.551,0.48423954102327116,-0.8112637082556087
"{'ar': '44100', 'sample_fmt': 's16p', 'compression_level': '8', 'reservoir': '0', 'b:a': '246k', 'abr': 'True'}",359.482421875,-2.606,-0.721,0.48641805502120405,2.006332297796203
"{'ar': '44100', 'sample_fmt': 's16p', 'compression_level': '6', 'reservoir': '1', 'b:a': '142k', 'abr': 'True'}",190.2275390625,-2.783,-0.92,0.546759433025727,1.7967710978687788
"{'ar': '44100', 'sample_fmt': 's16p', 'compression_level': '6', 'reservoir': '1', 'b:a': '141k', 'abr': 'True'}",188.9970703125,-2.794,-0.932,0.5759696309978608,1.7671606860661584
"{'ar': '44100', 'sample_fmt': 'fltp', 'compression_level': '7', 'reservoir': '1', 'b:a': '248k'}",356.8115234375,-2.605,-0.72,0.47268104398972355,2.0142548943230367
"{'ar': '44100', 'sample_fmt': 's16p', 'compression_level': '1', 'reservoir': '1', 'b:a': '249k', 'abr': 'True'}",340.283203125,-2.589,-0.703,0.8241361140098888,2.057293288745202
"{'ar': '44100', 'sample_fmt': 'fltp', 'compression_level': '6', 'reservoir': '1', 'b:a': '143k', 'abr': 'True'}",191.4599609375,-2.772,-0.907,0.595142901991494,1.8209586794383854
"{'ar': '44100', 'sample_fmt': 'fltp', 'compression_level': '3', 'reservoir': '0', 'b:a': '203k'}",267.6279296875,-2.613,-0.728,0.60732354701031,2.1254470120498627
"{'ar': '44100', 'sample_fmt': 's16p', 'compression_level': '8', 'reservoir': '0', 'b:a': '203k', 'abr': 'True'}",307.916015625,-2.615,-0.731,0.7972021689929534,2.0415200107691716
"{'ar': '12000', 'sample_fmt': 's32p', 'compression_level': '1', 'reservoir': '1', 'aq': '9'}",49.765625,-3.769,-2.94,0.4030484749819152,-0.9030213975362277
"{'ar': '44100', 'sample_fmt': 'fltp', 'compression_level': '3', 'reservoir': '0', 'b:a': '195k'}",267.6279296875,-2.613,-0.728,0.5546885119692888,2.1293374195642185
"{'ar': '44100', 'sample_fmt': 's32p', 'compression_level': '0', 'reservoir': '0', 'b:a': '32k'}",44.771484375,-3.13,-1.371,1.0461652819649316,1.0411974753557902
"{'ar': '12000', 'sample_fmt': 's16p', 'compression_level': '3', 'reservoir': '1', 'b:a': '168k', 'abr': 'True'}",82.0625,-3.756,-2.877,0.5856291139789391,-0.917888368833769
"{'ar': '32000', 'sample_fmt': 's32p', 'compression_level': '9', 'reservoir': '1', 'b:a': '133k', 'abr': 'True'}",180.5703125,-3.272,-1.596,0.7783783930062782,0.4424716794797195
"{'ar': '44100', 'sample_fmt': 'fltp', 'compression_level': '3', 'reservoir': '0', 'b:a': '195k'}",267.6279296875,-2.613,-0.728,0.7460641389770899,2.1151922940447734
"{'ar': '12000', 'sample_fmt': 's32p', 'compression_level': '1', 'reservoir': '0', 'aq': '9'}",55.15625,-3.769,-2.94,0.49003644500044174,-0.9180525592521105
"{'ar': '44100', 'sample_fmt': 's16p', 'compression_level': '8', 'reservoir': '1', 'b:a': '143k'}",178.4443359375,-2.914,-1.079,0.519408475025557,1.4622149827711148
"{'ar': '44100', 'sample_fmt': 's16p', 'compression_level': '3', 'reservoir': '0', 'b:a': '137k', 'abr': 'True'}",203.15234375,-2.831,-0.977,0.8035921099944972,1.6273460538034394
"{'ar': '44100', 'sample_fmt': 'fltp', 'compression_level': '3', 'reservoir': '1', 'b:a': '168k', 'abr': 'True'}",226.38671875,-2.662,-0.782,0.6610752989945468,2.056079497338309
"{'ar': '44100', 'sample_fmt': 'fltp', 'compression_level': '3', 'reservoir': '0', 'b:a': '168k', 'abr': 'True'}",247.8408203125,-2.662,-0.782,0.593962875980651,2.026806419880497
"{'ar': '44100', 'sample_fmt': 'fltp', 'compression_level': '3', 'reservoir': '1', 'b:a': '133k', 'abr': 'True'}",177.3203125,-2.883,-1.04,0.7153443139977753,1.5340573141090192
"{'ar': '44100', 'sample_fmt': 's16p', 'compression_level': '6', 'reservoir': '0', 'b:a': '247k', 'abr': 'True'}",360.8095703125,-2.59,-0.703,0.630995562998578,2.036485729421279
"{'ar': '44100', 'sample_fmt': 's16p', 'compression_level': '6', 'reservoir': '0', 'b:a': '145k', 'abr': 'True'}",225.0859375,-2.717,-0.844,0.8638173810031731,1.895464852522869
"{'ar': '16000', 'sample_fmt': 's16p', 'compression_level': '3', 'reservoir': '1', 'b:a': '32k', 'abr': 'True'}",43.42578125,-3.338,-1.712,0.6000059250218328,0.4841233059214572
"{'ar': '44100', 'sample_fmt': 'fltp', 'compression_level': '8', 'reservoir': '0', 'b:a': '195k', 'abr': 'True'}",279.8212890625,-2.62,-0.737,0.5307510760030709,2.0925015020815088
"{'ar': '44100', 'sample_fmt': 's16p', 'compression_level': '7', 'reservoir': '1', 'b:a': '191k', 'abr': 'True'}",260.7529296875,-2.632,-0.749,0.5404458659759257,2.09046688337128
"{'ar': '44100', 'sample_fmt': 's16p', 'compression_level': '6', 'reservoir': '0', 'b:a': '141k', 'abr': 'True'}",220.4794921875,-2.793,-0.932,0.6226797929848544,1.715802754535319
"{'ar': '24000', 'sample_fmt': 's32p', 'compression_level': '9', 'reservoir': '1', 'b:a': '277k', 'abr': 'True'}",219.1953125,-3.661,-2.499,0.4349930439784657,-0.7849850241809749
"{'ar': '16000', 'sample_fmt': 's32p', 'compression_level': '1', 'reservoir': '1', 'aq': '9'}",59.73828125,-3.818,-3.218,0.5773301059671212,-1.1336804625976005
"{'ar': '44100', 'sample_fmt': 's32p', 'compression_level': '3', 'reservoir': '1', 'b:a': '172k', 'abr': 'True'}",231.3798828125,-2.639,-0.758,0.8498274289886467,2.0953204389480335
"{'ar': '16000', 'sample_fmt': 's16p', 'compression_level': '3', 'reservoir': '1', 'b:a': '32k', 'abr': 'True'}",43.42578125,-3.338,-1.712,0.48068532600882463,0.4929426361385991
"{'ar': '22050', 'sample_fmt': 'fltp', 'compression_level': '8', 'reservoir': '1', 'b:a': '32k', 'abr': 'True'}",44.232421875,-3.72,-2.719,0.437718455970753,-0.7128715573296769
"{'ar': '44100', 'sample_fmt': 's16p', 'compression_level': '7', 'reservoir': '0', 'b:a': '213k', 'abr': 'True'}",315.908203125,-2.607,-0.722,0.46395265296450816,2.074877222976282
"{'ar': '44100', 'sample_fmt': 'fltp', 'compression_level': '6', 'reservoir': '0', 'b:a': '32k', 'abr': 'True'}",53.14453125,-3.348,-1.73,0.5053609680035152,0.4466332930191085
"{'ar': '44100', 'sample_fmt': 's16p', 'compression_level': '9', 'reservoir': '1', 'b:a': '135k', 'abr': 'True'}",179.365234375,-2.88,-1.036,0.5033912580111064,1.5547120145417164
"{'ar': '22050', 'sample_fmt': 'fltp', 'compression_level': '8', 'reservoir': '0', 'b:a': '194k', 'abr': 'True'}",223.35546875,-3.676,-2.552,0.47168313202564605,-0.8460034718869676
"{'ar': '44100', 'sample_fmt': 'fltp', 'compression_level': '3', 'reservoir': '0', 'b:a': '169k', 'abr': 'True'}",250.0751953125,-2.66,-0.78,0.6261195930128451,2.0261551034008995
"{'ar': '44100', 'sample_fmt': 's16p', 'compression_level': '4', 'reservoir': '1', 'b:a': '32k', 'abr': 'True'}",47.685546875,-3.352,-1.738,0.5124831499997526,0.4429741615132949
"{'ar': '44100', 'sample_fmt': 'fltp', 'compression_level': '4', 'reservoir': '1', 'b:a': '32k', 'abr': 'True'}",47.66015625,-3.348,-1.73,0.4951574839942623,0.4561386850833069
"{'ar': '44100', 'sample_fmt': 's16p', 'compression_level': '3', 'reservoir': '1', 'b:a': '245k', 'abr': 'True'}",336.6259765625,-2.6,-0.715,0.6092584310099483,2.049596409002108
"{'ar': '44100', 'sample_fmt': 's16p', 'compression_level': '8', 'reservoir': '0', 'b:a': '246k', 'abr': 'True'}",359.482421875,-2.606,-0.721,0.4580398099787999,2.0084298158784297
"{'ar': '44100', 'sample_fmt': 's16p', 'compression_level': '3', 'reservoir': '1', 'b:a': '54k'}",78.1376953125,-3.461,-1.96,0.5495751869748347,0.06764617549096322
"{'ar': '44100', 'sample_fmt': 's16p', 'compression_level': '1', 'reservoir': '1', 'b:a': '249k', 'abr': 'True'}",340.283203125,-2.589,-0.703,0.8607899670023471,2.054584096569291
"{'ar': '44100', 'sample_fmt': 's16p', 'compression_level': '7', 'reservoir': '1', 'b:a': '192k', 'abr': 'True'}",262.173828125,-2.63,-0.747,0.4989737830183003,2.0965557199888067
"{'ar': '44100', 'sample_fmt': 'fltp', 'compression_level': '1', 'reservoir': '0', 'b:a': '249k', 'abr': 'True'}",358.97265625,-2.592,-0.706,0.8286515950167086,2.019201248878606
"{'ar': '12000', 'sample_fmt': 'fltp', 'compression_level': '8', 'reservoir': '0', 'aq': '9'}",54.40625,-3.776,-2.975,0.3763953540183138,-0.935806878581724
"{'ar': '44100', 'sample_fmt': 's16p', 'compression_level': '6', 'reservoir': '1', 'b:a': '143k'}",178.4443359375,-2.851,-1.001,0.6069068119977601,1.6271395674844984
"{'ar': '44100', 'sample_fmt': 's16p', 'compression_level': '3', 'reservoir': '0', 'b:a': '133k', 'abr': 'True'}",192.4892578125,-2.871,-1.025,0.6202107470016927,1.5495754919149842
"{'ar': '22050', 'sample_fmt': 's16p', 'compression_level': '8', 'reservoir': '1', 'b:a': '32k', 'abr': 'True'}",44.2578125,-3.719,-2.715,0.4569046200194862,-0.710738405598536
"{'ar': '44100', 'sample_fmt': 's16p', 'compression_level': '6', 'reservoir': '1', 'b:a': '143k'}",178.4443359375,-2.851,-1.001,0.6189273339987267,1.6262510959734109
"{'ar': '44100', 'sample_fmt': 'fltp', 'compression_level': '0', 'reservoir': '1', 'b:a': '33k'}",44.771484375,-3.12,-1.357,1.1774620670184959,1.0592087467164817
"{'ar': '44100', 'sample_fmt': 's16p', 'compression_level': '8', 'reservoir': '1', 'b:a': '170k', 'abr': 'True'}",229.55078125,-2.677,-0.799,0.503602184006013,2.0223581471942946
"{'ar': '12000', 'sample_fmt': 'fltp', 'compression_level': '3', 'reservoir': '1', 'b:a': '168k', 'abr': 'True'}",81.734375,-3.755,-2.872,0.4777673850476276,-0.905485189483148
"{'ar': '44100', 'sample_fmt': 's16p', 'compression_level': '3', 'reservoir': '1', 'b:a': '32k', 'abr': 'True'}",47.837890625,-3.341,-1.718,0.5572993439855054,0.471357061979268
"{'ar': '44100', 'sample_fmt': 's16p', 'compression_level': '3', 'reservoir': '0', 'b:a': '32k'}",44.771484375,-3.298,-1.641,0.4938825509743765,0.605414960748839
"{'ar': '44100', 'sample_fmt': 's16p', 'compression_level': '8', 'reservoir': '1', 'b:a': '32k', 'abr': 'True'}",48.193359375,-3.355,-1.744,0.49673150802846067,0.43444554848592487
"{'ar': '44100', 'sample_fmt': 'fltp', 'compression_level': '3', 'reservoir': '0', 'b:a': '32k'}",44.771484375,-3.291,-1.628,0.6034534310165327,0.617726784599797
"{'ar': '44100', 'sample_fmt': 's32p', 'compression_level': '3', 'reservoir': '1', 'b:a': '168k', 'abr': 'True'}",226.3896484375,-2.662,-0.783,0.7580101339844987,2.048594630410587
"{'ar': '44100', 'sample_fmt': 'fltp', 'compression_level': '3', 'reservoir': '1', 'b:a': '32k', 'abr': 'True'}",47.787109375,-3.333,-1.704,0.5558489689719863,0.4946012136457931
"{'ar': '44100', 'sample_fmt': 's16p', 'compression_level': '7', 'reservoir': '1', 'b:a': '163k', 'abr': 'True'}",219.642578125,-2.703,-0.828,0.4994299329991918,1.968750021757816
"{'ar': '22050', 'sample_fmt': 's16p', 'compression_level': '8', 'reservoir': '1', 'b:a': '246k', 'abr': 'True'}",219.69921875,-3.677,-2.553,0.41059166300692596,-0.8382992724298148
"{'ar': '22050', 'sample_fmt': 's16p', 'compression_level': '0', 'reservoir': '1', 'b:a': '32k', 'abr': 'True'}",45.2744140625,-3.691,-2.605,0.8622491490095854,-0.6423820616351915
"{'ar': '44100', 'sample_fmt': 's16p', 'compression_level': '8', 'reservoir': '1', 'b:a': '135k', 'abr': 'True'}",179.365234375,-2.88,-1.036,0.5483183989708778,1.5513913197487486
"{'ar': '44100', 'sample_fmt': 'fltp', 'compression_level': '3', 'reservoir': '1', 'b:a': '168k', 'abr': 'True'}",226.38671875,-2.662,-0.782,0.6340690779907163,2.058075605159759
"{'ar': '44100', 'sample_fmt': 's16p', 'compression_level': '7', 'reservoir': '1', 'b:a': '143k'}",178.4443359375,-2.914,-1.079,0.4421557690075133,1.4679249534733794
"{'ar': '44100', 'sample_fmt': 's16p', 'compression_level': '3', 'reservoir': '1', 'b:a': '203k', 'abr': 'True'}",275.42578125,-2.604,-0.719,0.6049542610126082,2.13698794328254
"{'ar': '44100', 'sample_fmt': 's16p', 'compression_level': '1', 'reservoir': '1', 'b:a': '249k', 'abr': 'True'}",340.283203125,-2.589,-0.703,0.8426589790033177,2.055924210276808
"{'ar': '22050', 'sample_fmt': 's16p', 'compression_level': '8', 'reservoir': '0', 'b:a': '142k', 'abr': 'True'}",204.71875,-3.678,-2.557,0.5500998049974442,-0.8282986899597659
"{'ar': '32000', 'sample_fmt': 's32p', 'compression_level': '9', 'reservoir': '1', 'b:a': '272k', 'abr': 'True'}",375.6875,-3.177,-1.442,0.5834963980014436,0.41545906984098263
"{'ar': '44100', 'sample_fmt': 's32p', 'compression_level': '3', 'reservoir': '1', 'aq': '9'}",103.837890625,-3.343,-1.721,0.5276346009923145,0.3785861999309948
"{'ar': '32000', 'sample_fmt': 's16p', 'compression_level': '5', 'reservoir': '1', 'aq': '9'}",84.13671875,-3.544,-2.157,0.4981814769853372,-0.1936577432380892
"{'ar': '44100', 'sample_fmt': 'fltp', 'compression_level': '6', 'reservoir': '1', 'b:a': '249k', 'abr': 'True'}",345.36328125,-2.589,-0.703,0.5754627230053302,2.0675673566811827
"{'ar': '44100', 'sample_fmt': 's16p', 'compression_level': '7', 'reservoir': '1', 'b:a': '172k', 'abr': 'True'}",232.3984375,-2.668,-0.789,0.5071137220074888,2.0416787196021575
"{'ar': '44100', 'sample_fmt': 's16p', 'compression_level': '6', 'reservoir': '1', 'b:a': '32k', 'abr': 'True'}",48.21875,-3.352,-1.738,0.49930056097218767,0.4430977114007031
"{'ar': '44100', 'sample_fmt': 's16p', 'compression_level': '8', 'reservoir': '0', 'b:a': '141k', 'abr': 'True'}",217.501953125,-2.817,-0.96,0.5617393919965252,1.6603068458129167
"{'ar': '44100', 'sample_fmt': 's16p', 'compression_level': '6', 'reservoir': '1', 'b:a': '143k', 'abr': 'True'}",191.458984375,-2.768,-0.902,0.5905985530116595,1.8321931670583158
"{'ar': '44100', 'sample_fmt': 's16p', 'compression_level': '8', 'reservoir': '1', 'b:a': '200k', 'abr': 'True'}",273.48046875,-2.616,-0.732,0.45723631299915724,2.1189500565609984
"{'ar': '8000', 'sample_fmt': 'fltp', 'compression_level': '8', 'reservoir': '1', 'aq': '9'}",36.8515625,-3.855,-3.486,0.37834589497651905,-1.253203990991479
"{'ar': '32000', 'sample_fmt': 's16p', 'compression_level': '5', 'reservoir': '1', 'aq': '9'}",84.13671875,-3.544,-2.157,0.4280583329964429,-0.1884747390643101
"{'ar': '44100', 'sample_fmt': 's32p', 'compression_level': '6', 'reservoir': '1', 'aq': '9'}",105.197265625,-3.343,-1.721,0.5033502669830341,0.37821201864492193
"{'ar': '44100', 'sample_fmt': 's16p', 'compression_level': '7', 'reservoir': '1', 'b:a': '163k', 'abr': 'True'}",219.642578125,-2.703,-0.828,0.6151690099795815,1.9601954121819287
"{'ar': '44100', 'sample_fmt': 's16p', 'compression_level': '6', 'reservoir': '1', 'b:a': '143k', 'abr': 'True'}",191.458984375,-2.768,-0.902,0.5651625780155882,1.8340732134605373
"{'ar': '44100', 'sample_fmt': 'fltp', 'compression_level': '3', 'reservoir': '1', 'b:a': '131k', 'abr': 'True'}",174.66796875,-2.893,-1.052,0.6648975810094271,1.5149333496713349
"{'ar': '44100', 'sample_fmt': 'fltp', 'compression_level': '8', 'reservoir': '1', 'b:a': '33k'}",44.771484375,-3.286,-1.619,0.7190684410161339,0.623670160034685
"{'ar': '16000', 'sample_fmt': 's32p', 'compression_level': '3', 'reservoir': '1', 'b:a': '32k', 'abr': 'True'}",43.49609375,-3.349,-1.733,0.5237180000112858,0.457395828918331
"{'ar': '44100', 'sample_fmt': 's16p', 'compression_level': '8', 'reservoir': '0', 'b:a': '135k', 'abr': 'True'}",196.5869140625,-2.88,-1.036,0.5065762369777076,1.526996578787788
"{'ar': '44100', 'sample_fmt': 's16p', 'compression_level': '3', 'reservoir': '1', 'b:a': '32k', 'abr': 'True'}",47.837890625,-3.341,-1.718,0.5542648359842133,0.4715813512330207
"{'ar': '44100', 'sample_fmt': 's16p', 'compression_level': '8', 'reservoir': '0', 'b:a': '243k', 'abr': 'True'}",359.2783203125,-2.607,-0.722,0.4950363380194176,2.0033755769935833
"{'ar': '44100', 'sample_fmt': 'fltp', 'compression_level': '3', 'reservoir': '0', 'b:a': '32k'}",44.771484375,-3.291,-1.628,0.5177230479894206,0.6240633649037203
"{'ar': '44100', 'sample_fmt': 'fltp', 'compression_level': '8', 'reservoir': '1', 'b:a': '32k', 'abr': 'True'}",48.16796875,-3.35,-1.734,0.4719280019926373,0.45112363547177375
"{'ar': '44100', 'sample_fmt': 's16p', 'compression_level': '3', 'reservoir': '1', 'b:a': '32k', 'abr': 'True'}",47.837890625,-3.341,-1.718,0.5180087409971748,0.47426114396553876
"{'ar': '44100', 'sample_fmt': 's16p', 'compression_level': '3', 'reservoir': '1', 'b:a': '164k', 'abr': 'True'}",221.0810546875,-2.666,-0.786,0.8915558930020779,2.0369284861052734
"{'ar': '44100', 'sample_fmt': 's16p', 'compression_level': '3', 'reservoir': '1', 'b:a': '245k', 'abr': 'True'}",336.6259765625,-2.6,-0.715,0.6538464220066089,2.0463007817627945
"{'ar': '16000', 'sample_fmt': 's16p', 'compression_level': '3', 'reservoir': '1', 'b:a': '242k', 'abr': 'True'}",207.11328125,-3.764,-2.917,0.49231840498396195,-1.1417884495313393
"{'ar': '44100', 'sample_fmt': 'fltp', 'compression_level': '3', 'reservoir': '1', 'b:a': '201k', 'abr': 'True'}",273.0703125,-2.604,-0.719,0.6339587809925433,2.138602673528314
"{'ar': '32000', 'sample_fmt': 's32p', 'compression_level': '9', 'reservoir': '1', 'b:a': '272k', 'abr': 'True'}",375.6875,-3.177,-1.442,0.4607949060155079,0.424528291625915
"{'ar': '44100', 'sample_fmt': 's16p', 'compression_level': '8', 'reservoir': '1', 'b:a': '248k', 'abr': 'True'}",342.11328125,-2.604,-0.719,0.6247699300001841,2.029112426433381
"{'ar': '44100', 'sample_fmt': 's16p', 'compression_level': '6', 'reservoir': '1', 'b:a': '140k'}",178.4443359375,-2.851,-1.001,0.6133093590033241,1.6266663367369165
"{'ar': '44100', 'sample_fmt': 'fltp', 'compression_level': '3', 'reservoir': '0', 'b:a': '251k'}",356.8115234375,-2.586,-0.7,0.6262318170047365,2.0534835001223573
"{'ar': '44100', 'sample_fmt': 's16p', 'compression_level': '1', 'reservoir': '1', 'b:a': '249k', 'abr': 'True'}",340.283203125,-2.589,-0.703,1.0624282200005837,2.0396804307118543
"{'ar': '8000', 'sample_fmt': 's32p', 'compression_level': '8', 'reservoir': '1', 'aq': '9'}",36.8515625,-3.855,-3.486,0.4583534990088083,-1.2591175841654971
"{'ar': '44100', 'sample_fmt': 's16p', 'compression_level': '4', 'reservoir': '0', 'b:a': '137k', 'abr': 'True'}",200.58984375,-2.816,-0.959,0.6368950599862728,1.6843833238610288
"{'ar': '44100', 'sample_fmt': 'fltp', 'compression_level': '3', 'reservoir': '1', 'b:a': '201k', 'abr': 'True'}",273.0703125,-2.604,-0.719,0.7389748620043974,2.1308406315656123
"{'ar': '44100', 'sample_fmt': 'fltp', 'compression_level': '6', 'reservoir': '0', 'b:a': '168k'}",223.037109375,-2.67,-0.792,0.6452282519894652,2.040801564714335
"{'ar': '44100', 'sample_fmt': 'fltp', 'compression_level': '8', 'reservoir': '1', 'b:a': '248k', 'abr': 'True'}",342.1123046875,-2.603,-0.718,0.5053381950128824,2.040586925543342
"{'ar': '8000', 'sample_fmt': 's32p', 'compression_level': '8', 'reservoir': '1', 'aq': '9'}",36.8515625,-3.855,-3.486,0.40464818899636157,-1.2551480695357382
"{'ar': '44100', 'sample_fmt': 'fltp', 'compression_level': '0', 'reservoir': '1', 'b:a': '274k'}",356.8115234375,-2.591,-0.705,1.2782985219964758,1.992060384760589
"{'ar': '44100', 'sample_fmt': 's16p', 'compression_level': '3', 'reservoir': '1', 'b:a': '168k', 'abr': 'True'}",226.4912109375,-2.661,-0.782,0.6776645199861377,2.057016543436745
"{'ar': '44100', 'sample_fmt': 's32p', 'compression_level': '9', 'reservoir': '1', 'b:a': '272k', 'abr': 'True'}",374.34375,-2.599,-0.714,0.528139198984718,1.998052645916376
"{'ar': '32000', 'sample_fmt': 's16p', 'compression_level': '7', 'reservoir': '1', 'b:a': '32k'}",44.8671875,-3.423,-1.878,0.46873021000646986,0.24111546040635198
"{'ar': '44100', 'sample_fmt': 'fltp', 'compression_level': '8', 'reservoir': '0', 'b:a': '141k', 'abr': 'True'}",218.4248046875,-2.823,-0.967,0.49894619898987,1.647287674673351
"{'ar': '16000', 'sample_fmt': 's32p', 'compression_level': '0', 'reservoir': '1', 'b:a': '32k', 'abr': 'True'}",43.91796875,-3.277,-1.605,0.846206157002598,0.6410208270439843
"{'ar': '44100', 'sample_fmt': 'fltp', 'compression_level': '3', 'reservoir': '1', 'b:a': '135k', 'abr': 'True'}",179.8720703125,-2.869,-1.022,0.6466448870196473,1.573360718689739
"{'ar': '44100', 'sample_fmt': 's16p', 'compression_level': '3', 'reservoir': '1', 'b:a': '172k', 'abr': 'True'}",231.4765625,-2.653,-0.772,0.7180273209814914,2.067872349936427
"{'ar': '44100', 'sample_fmt': 's16p', 'compression_level': '3', 'reservoir': '1', 'b:a': '138k', 'abr': 'True'}",184.0205078125,-2.829,-0.974,0.7630226610053796,1.666478903371188
"{'ar': '44100', 'sample_fmt': 'fltp', 'compression_level': '3', 'reservoir': '1', 'b:a': '169k', 'abr': 'True'}",227.51171875,-2.66,-0.78,0.6557204540004022,2.0599709592112054
"{'ar': '44100', 'sample_fmt': 's16p', 'compression_level': '8', 'reservoir': '1', 'b:a': '32k'}",44.771484375,-3.291,-1.629,0.49926437801332213,0.6251122401245235
"{'ar': '44100', 'sample_fmt': 's16p', 'compression_level': '8', 'reservoir': '0', 'b:a': '141k', 'abr': 'True'}",217.501953125,-2.817,-0.96,0.6516068420023657,1.653664482935677
"{'ar': '44100', 'sample_fmt': 's16p', 'compression_level': '3', 'reservoir': '1', 'b:a': '245k', 'abr': 'True'}",336.6259765625,-2.6,-0.715,0.6753491419949569,2.0447114536022535
"{'ar': '22050', 'sample_fmt': 's32p', 'compression_level': '9', 'reservoir': '1', 'b:a': '32k', 'abr': 'True'}",44.232421875,-3.72,-2.719,0.47884246899047866,-0.7159111519485026
"{'ar': '44100', 'sample_fmt': 's16p', 'compression_level': '6', 'reservoir': '0', 'b:a': '145k'}",223.037109375,-2.671,-0.792,0.5790838299726602,2.043360552214474
"{'ar': '44100', 'sample_fmt': 'fltp', 'compression_level': '0', 'reservoir': '1', 'b:a': '32k', 'abr': 'True'}",48.244140625,-3.132,-1.375,1.009649835032178,1.0324335335602777
"{'ar': '8000', 'sample_fmt': 's16p', 'compression_level': '3', 'reservoir': '1', 'aq': '9'}",35.8671875,-3.85,-3.44,0.4017083169601392,-1.2271992667796776
"{'ar': '44100', 'sample_fmt': 's16p', 'compression_level': '6', 'reservoir': '1', 'b:a': '141k', 'abr': 'True'}",188.9970703125,-2.794,-0.932,0.562831703980919,1.7681317482104113
"{'ar': '44100', 'sample_fmt': 's16p', 'compression_level': '8', 'reservoir': '1', 'b:a': '170k', 'abr': 'True'}",229.55078125,-2.677,-0.799,0.4537959560402669,2.0260394694046555
"{'ar': '44100', 'sample_fmt': 's16p', 'compression_level': '7', 'reservoir': '1', 'b:a': '173k', 'abr': 'True'}",234.02734375,-2.665,-0.786,0.46240081198629923,2.0503205806526186
"{'ar': '44100', 'sample_fmt': 's16p', 'compression_level': '9', 'reservoir': '1', 'b:a': '134k'}",178.4443359375,-2.914,-1.079,0.4464992669818457,1.4676039129887521
"{'ar': '44100', 'sample_fmt': 'fltp', 'compression_level': '3', 'reservoir': '1', 'b:a': '129k', 'abr': 'True'}",171.7158203125,-2.921,-1.088,0.5861359599803109,1.448870725273873
"{'ar': '16000', 'sample_fmt': 's32p', 'compression_level': '0', 'reservoir': '0', 'b:a': '32k', 'abr': 'True'}",48.27734375,-3.277,-1.605,0.6174111080181319,0.6509756297572173
"{'ar': '44100', 'sample_fmt': 's16p', 'compression_level': '3', 'reservoir': '1', 'b:a': '138k', 'abr': 'True'}",184.0205078125,-2.829,-0.974,0.5860565199982375,1.6795589821480732
"{'ar': '16000', 'sample_fmt': 's32p', 'compression_level': '9', 'reservoir': '1', 'b:a': '272k', 'abr': 'True'}",220.68359375,-3.766,-2.924,0.3837669309868943,-1.1622868483586433
"{'ar': '32000', 'sample_fmt': 's16p', 'compression_level': '5', 'reservoir': '1', 'aq': '9'}",84.13671875,-3.544,-2.157,0.42505401698872447,-0.18825268138803386
"{'ar': '16000', 'sample_fmt': 's16p', 'compression_level': '9', 'reservoir': '1', 'b:a': '32k', 'abr': 'True'}",42.79296875,-3.446,-1.926,0.39179310100735165,0.18138128800890332
"{'ar': '44100', 'sample_fmt': 's16p', 'compression_level': '6', 'reservoir': '0', 'b:a': '138k', 'abr': 'True'}",211.251953125,-2.808,-0.95,0.5406097719969694,1.6959655254904147
"{'ar': '8000', 'sample_fmt': 's32p', 'compression_level': '8', 'reservoir': '1', 'b:a': '34k'}",45.359375,-3.857,-3.498,0.3772778419952374,-1.27514603997712
"{'ar': '32000', 'sample_fmt': 's16p', 'compression_level': '6', 'reservoir': '1', 'b:a': '32k', 'abr': 'True'}",46.765625,-3.429,-1.89,0.4539337610185612,0.2214147112491309
"{'ar': '44100', 'sample_fmt': 's16p', 'compression_level': '7', 'reservoir': '1', 'b:a': '213k', 'abr': 'True'}",292.431640625,-2.607,-0.722,0.4535271410131827,2.113108522569643
"{'ar': '44100', 'sample_fmt': 's16p', 'compression_level': '8', 'reservoir': '0', 'b:a': '141k', 'abr': 'True'}",217.501953125,-2.817,-0.96,0.45057773700682446,1.6685231249042687
"{'ar': '44100', 'sample_fmt': 's16p', 'compression_level': '7', 'reservoir': '1', 'b:a': '250k', 'abr': 'True'}",344.75390625,-2.604,-0.719,0.45043411300866865,2.037784538508901
"{'ar': '44100', 'sample_fmt': 's16p', 'compression_level': '8', 'reservoir': '0', 'b:a': '141k', 'abr': 'True'}",217.501953125,-2.817,-0.96,0.4652056100021582,1.6674419365479631
"{'ar': '44100', 'sample_fmt': 's16p', 'compression_level': '7', 'reservoir': '1', 'b:a': '173k', 'abr': 'True'}",234.02734375,-2.665,-0.786,0.44414159102598205,2.0516701724287985
"{'ar': '24000', 'sample_fmt': 's32p', 'compression_level': '6', 'reservoir': '0', 'b:a': '272k', 'abr': 'True'}",208.4609375,-3.661,-2.498,0.4551359800097998,-0.7690299261026697
"{'ar': '44100', 'sample_fmt': 's32p', 'compression_level': '3', 'reservoir': '1', 'b:a': '172k', 'abr': 'True'}",231.3798828125,-2.639,-0.758,0.5960092169989366,2.114080876334186
"{'ar': '44100', 'sample_fmt': 'fltp', 'compression_level': '6', 'reservoir': '1', 'b:a': '168k', 'abr': 'True'}",228.12109375,-2.654,-0.773,0.5597306600247975,2.0822813199822345
"{'ar': '12000', 'sample_fmt': 'fltp', 'compression_level': '8', 'reservoir': '1', 'b:a': '190k'}",90.640625,-3.742,-2.811,0.37629219601512887,-0.8626640981903313
"{'ar': '22050', 'sample_fmt': 's16p', 'compression_level': '6', 'reservoir': '0', 'b:a': '143k'}",201.2001953125,-3.676,-2.552,0.4458848130016122,-0.8087442579004643
"{'ar': '44100', 'sample_fmt': 'fltp', 'compression_level': '9', 'reservoir': '0', 'aq': '9'}",103.8740234375,-3.314,-1.668,0.43983840799774043,0.46930530729309555
"{'ar': '44100', 'sample_fmt': 'fltp', 'compression_level': '3', 'reservoir': '0', 'b:a': '216k'}",312.220703125,-2.598,-0.712,0.5672379169845954,2.097251148556938
"{'ar': '12000', 'sample_fmt': 'fltp', 'compression_level': '8', 'reservoir': '1', 'b:a': '190k'}",90.640625,-3.742,-2.811,0.3819738009769935,-0.8630840420284994
"{'ar': '44100', 'sample_fmt': 's16p', 'compression_level': '1', 'reservoir': '1', 'b:a': '168k', 'abr': 'True'}",224.44921875,-2.698,-0.822,0.954132941988064,1.9410142619350896
"{'ar': '44100', 'sample_fmt': 's16p', 'compression_level': '7', 'reservoir': '1', 'b:a': '143k', 'abr': 'True'}",190.8896484375,-2.799,-0.939,0.456488792959135,1.7591140420369635
"{'ar': '22050', 'sample_fmt': 'fltp', 'compression_level': '8', 'reservoir': '0', 'b:a': '32k', 'abr': 'True'}",49.0322265625,-3.72,-2.719,0.40272018100949936,-0.717943612171405
"{'ar': '44100', 'sample_fmt': 's16p', 'compression_level': '3', 'reservoir': '1', 'b:a': '172k', 'abr': 'True'}",231.4765625,-2.653,-0.772,0.6124138459854294,2.075678547014507
"{'ar': '44100', 'sample_fmt': 's16p', 'compression_level': '6', 'reservoir': '1', 'b:a': '141k', 'abr': 'True'}",188.9970703125,-2.794,-0.932,0.5684461279888637,1.7677167699106484
"{'ar': '44100', 'sample_fmt': 's16p', 'compression_level': '1', 'reservoir': '1', 'b:a': '134k', 'abr': 'True'}",178.189453125,-2.907,-1.069,0.9419732810056303,1.4508528535038083
"{'ar': '44100', 'sample_fmt': 'fltp', 'compression_level': '3', 'reservoir': '0', 'b:a': '32k'}",44.771484375,-3.291,-1.628,0.5015778730157763,0.62525670143307
"{'ar': '44100', 'sample_fmt': 's16p', 'compression_level': '2', 'reservoir': '0', 'b:a': '145k'}",223.037109375,-2.701,-0.826,0.6951679149933625,1.9541567210946371
"{'ar': '44100', 'sample_fmt': 'fltp', 'compression_level': '6', 'reservoir': '0', 'b:a': '246k', 'abr': 'True'}",359.7890625,-2.591,-0.705,0.5267840230371803,2.042855838974335
"{'ar': '44100', 'sample_fmt': 's16p', 'compression_level': '6', 'reservoir': '0', 'b:a': '145k'}",223.037109375,-2.671,-0.792,0.5553442499949597,2.0451152131596206
"{'ar': '22050', 'sample_fmt': 's16p', 'compression_level': '8', 'reservoir': '0', 'b:a': '246k', 'abr': 'True'}",223.35546875,-3.677,-2.554,0.4062518020218704,-0.8441281078945666
"{'ar': '16000', 'sample_fmt': 's16p', 'compression_level': '3', 'reservoir': '1', 'b:a': '32k', 'abr': 'True'}",43.42578125,-3.338,-1.712,0.4282566680049058,0.49681778972987256
"{'ar': '44100', 'sample_fmt': 'fltp', 'compression_level': '3', 'reservoir': '0', 'b:a': '249k', 'abr': 'True'}",359.380859375,-2.589,-0.703,0.5659306400048081,2.0459045471813226
"{'ar': '32000', 'sample_fmt': 's32p', 'compression_level': '9', 'reservoir': '1', 'b:a': '271k', 'abr': 'True'}",374.703125,-3.176,-1.441,0.4261670850100927,0.4313038625175011
"{'ar': '44100', 'sample_fmt': 'fltp', 'compression_level': '3', 'reservoir': '1', 'b:a': '130k', 'abr': 'True'}",173.087890625,-2.906,-1.068,0.5805334980250336,1.488353691113916
"{'ar': '44100', 'sample_fmt': 's16p', 'compression_level': '6', 'reservoir': '1', 'b:a': '143k', 'abr': 'True'}",191.458984375,-2.768,-0.902,0.5471810169983655,1.835402282588101
"{'ar': '44100', 'sample_fmt': 'fltp', 'compression_level': '8', 'reservoir': '0', 'b:a': '249k'}",356.8115234375,-2.606,-0.721,0.4534801990084816,2.013028688005522
"{'ar': '44100', 'sample_fmt': 's16p', 'compression_level': '3', 'reservoir': '1', 'b:a': '32k', 'abr': 'True'}",47.837890625,-3.341,-1.718,0.7506914979894646,0.4570628891233361
"{'ar': '44100', 'sample_fmt': 's16p', 'compression_level': '6', 'reservoir': '1', 'b:a': '172k', 'abr': 'True'}",233.1064453125,-2.645,-0.763,0.7006982430175412,2.088031074211869
"{'ar': '44100', 'sample_fmt': 's16p', 'compression_level': '4', 'reservoir': '1', 'b:a': '137k', 'abr': 'True'}",181.205078125,-2.816,-0.959,0.7584495980117936,1.7063304611866201
"{'ar': '44100', 'sample_fmt': 's16p', 'compression_level': '3', 'reservoir': '1', 'b:a': '138k', 'abr': 'True'}",184.0205078125,-2.829,-0.974,0.6008845829637721,1.678462997172676
"{'ar': '44100', 'sample_fmt': 'fltp', 'compression_level': '3', 'reservoir': '1', 'b:a': '33k'}",44.771484375,-3.302,-1.648,0.5934311870078091,0.5865290732334357
"{'ar': '44100', 'sample_fmt': 'fltp', 'compression_level': '9', 'reservoir': '1', 'b:a': '133k', 'abr': 'True'}",176.65625,-2.904,-1.066,0.5036650459805969,1.4936321482251076
"{'ar': '8000', 'sample_fmt': 's32p', 'compression_level': '8', 'reservoir': '1', 'aq': '9'}",36.8515625,-3.855,-3.486,0.38044545098091476,-1.253359175241854
"{'ar': '44100', 'sample_fmt': 's16p', 'compression_level': '9', 'reservoir': '1', 'aq': '9'}",97.146484375,-3.315,-1.67,0.4319382560206577,0.47766327167357586
"{'ar': '44100', 'sample_fmt': 's16p', 'compression_level': '7', 'reservoir': '1', 'b:a': '141k', 'abr': 'True'}",187.6083984375,-2.817,-0.96,0.44986687900382094,1.7162757536756916
"{'ar': '44100', 'sample_fmt': 's16p', 'compression_level': '8', 'reservoir': '1', 'b:a': '135k', 'abr': 'True'}",179.365234375,-2.88,-1.036,0.4440633050107863,1.5590971149597914
"{'ar': '22050', 'sample_fmt': 'fltp', 'compression_level': '8', 'reservoir': '0', 'b:a': '246k', 'abr': 'True'}",223.35546875,-3.676,-2.552,0.42851471502217464,-0.8428127694629596
"{'ar': '44100', 'sample_fmt': 's16p', 'compression_level': '8', 'reservoir': '1', 'b:a': '137k', 'abr': 'True'}",182.173828125,-2.862,-1.014,0.559785092016682,1.5949411757477348
"{'ar': '44100', 'sample_fmt': 's16p', 'compression_level': '3', 'reservoir': '1', 'b:a': '143k', 'abr': 'True'}",190.484375,-2.792,-0.93,0.5826366370311007,1.769585461428866
"{'ar': '44100', 'sample_fmt': 'fltp', 'compression_level': '3', 'reservoir': '0', 'b:a': '129k', 'abr': 'True'}",186.1845703125,-2.921,-1.088,0.6047267840185668,1.424409351468596
"{'ar': '44100', 'sample_fmt': 's16p', 'compression_level': '3', 'reservoir': '1', 'b:a': '138k', 'abr': 'True'}",184.0205078125,-2.829,-0.974,0.6023195930174552,1.6783569314335411
"{'ar': '44100', 'sample_fmt': 's16p', 'compression_level': '9', 'reservoir': '1', 'b:a': '232k', 'abr': 'True'}",319.8642578125,-2.599,-0.714,0.45241181799792685,2.090580872948325
"{'ar': '16000', 'sample_fmt': 's16p', 'compression_level': '9', 'reservoir': '1', 'b:a': '32k', 'abr': 'True'}",42.79296875,-3.446,-1.926,0.3921686800022144,0.18135352788026068
"{'ar': '44100', 'sample_fmt': 's16p', 'compression_level': '8', 'reservoir': '1', 'b:a': '168k', 'abr': 'True'}",226.796875,-2.686,-0.809,0.4573535859817639,2.00604680081277
"{'ar': '44100', 'sample_fmt': 's16p', 'compression_level': '6', 'reservoir': '1', 'aq': '9'}",105.1748046875,-3.341,-1.719,0.45777666301000863,0.3869071280012821
"{'ar': '44100', 'sample_fmt': 's16p', 'compression_level': '8', 'reservoir': '1', 'b:a': '139k', 'abr': 'True'}",185.0380859375,-2.836,-0.983,0.45105911599239334,1.6687646263805007
"{'ar': '44100', 'sample_fmt': 's32p', 'compression_level': '3', 'reservoir': '0', 'b:a': '215k'}",312.220703125,-2.598,-0.712,0.5880644739954732,2.095711797555649
"{'ar': '44100', 'sample_fmt': 's16p', 'compression_level': '7', 'reservoir': '1', 'b:a': '172k', 'abr': 'True'}",232.3984375,-2.668,-0.789,0.45239445599145256,2.045723178649689
"{'ar': '44100', 'sample_fmt': 'fltp', 'compression_level': '1', 'reservoir': '1', 'b:a': '33k'}",44.771484375,-3.12,-1.357,0.8346141400106717,1.084549627566526
"{'ar': '44100', 'sample_fmt': 'fltp', 'compression_level': '9', 'reservoir': '1', 'b:a': '133k', 'abr': 'True'}",176.65625,-2.904,-1.066,0.4456868839915842,1.4979174816896865
"{'ar': '44100', 'sample_fmt': 's16p', 'compression_level': '1', 'reservoir': '1', 'b:a': '249k'}",356.8115234375,-2.599,-0.714,0.8223920059681404,2.004279124203329
"{'ar': '44100', 'sample_fmt': 's16p', 'compression_level': '6', 'reservoir': '1', 'b:a': '190k'}",267.6279296875,-2.629,-0.746,0.5348730920231901,2.08784477775656
"{'ar': '22050', 'sample_fmt': 'fltp', 'compression_level': '6', 'reservoir': '1', 'b:a': '141k', 'abr': 'True'}",177.5009765625,-3.676,-2.551,0.44308075596927665,-0.770405538954151
"{'ar': '32000', 'sample_fmt': 's32p', 'compression_level': '7', 'reservoir': '0', 'aq': '9'}",89.62109375,-3.518,-2.09,0.41593443797319196,-0.11461575290479488
"{'ar': '44100', 'sample_fmt': 's16p', 'compression_level': '7', 'reservoir': '1', 'b:a': '143k', 'abr': 'True'}",190.8896484375,-2.799,-0.939,0.4478625600168016,1.7597516318368618
"{'ar': '44100', 'sample_fmt': 's32p', 'compression_level': '3', 'reservoir': '1', 'b:a': '167k', 'abr': 'True'}",224.8564453125,-2.667,-0.788,0.5983142459881492,2.0496177116240033
"{'ar': '22050', 'sample_fmt': 'fltp', 'compression_level': '8', 'reservoir': '1', 'b:a': '32k', 'abr': 'True'}",44.232421875,-3.72,-2.719,0.4036872759752441,-0.7103562144924636
"{'ar': '44100', 'sample_fmt': 's32p', 'compression_level': '4', 'reservoir': '1', 'b:a': '135k', 'abr': 'True'}",178.7470703125,-2.826,-0.971,0.5804934180050623,1.6963209934041763
"{'ar': '22050', 'sample_fmt': 'fltp', 'compression_level': '8', 'reservoir': '0', 'b:a': '250k', 'abr': 'True'}",223.35546875,-3.676,-2.552,0.4119784760114271,-0.8415905282607555
"{'ar': '32000', 'sample_fmt': 'fltp', 'compression_level': '8', 'reservoir': '1', 'b:a': '191k'}",268.390625,-3.177,-1.443,0.4288611029915046,0.5977829787792621
"{'ar': '44100', 'sample_fmt': 's32p', 'compression_level': '8', 'reservoir': '0', 'b:a': '141k', 'abr': 'True'}",218.4248046875,-2.823,-0.967,0.4499711680400651,1.6509075607107482
"{'ar': '44100', 'sample_fmt': 's32p', 'compression_level': '3', 'reservoir': '1', 'b:a': '171k'}",223.037109375,-2.666,-0.787,0.5998195649881382,2.055054895357494
"{'ar': '44100', 'sample_fmt': 's16p', 'compression_level': '3', 'reservoir': '1', 'b:a': '168k', 'abr': 'True'}",226.4912109375,-2.661,-0.782,0.597054323006887,2.0629746759964998
"{'ar': '22050', 'sample_fmt': 'fltp', 'compression_level': '3', 'reservoir': '1', 'b:a': '164k', 'abr': 'True'}",199.7080078125,-3.675,-2.548,0.46632760399370454,-0.8042824413944412
"{'ar': '44100', 'sample_fmt': 's16p', 'compression_level': '6', 'reservoir': '1', 'b:a': '143k', 'abr': 'True'}",191.458984375,-2.768,-0.902,0.5469550090201665,1.8354189874907576
"{'ar': '44100', 'sample_fmt': 'fltp', 'compression_level': '4', 'reservoir': '1', 'b:a': '32k', 'abr': 'True'}",47.66015625,-3.348,-1.73,0.5005434339982457,0.4557405939572896
"{'ar': '44100', 'sample_fmt': 's16p', 'compression_level': '7', 'reservoir': '1', 'b:a': '143k', 'abr': 'True'}",190.8896484375,-2.799,-0.939,0.607343898009276,1.7479639053683254
"{'ar': '22050', 'sample_fmt': 'fltp', 'compression_level': '6', 'reservoir': '0', 'b:a': '170k', 'abr': 'True'}",211.857421875,-3.676,-2.552,0.4457757420022972,-0.8257415553860182
"{'ar': '44100', 'sample_fmt': 'fltp', 'compression_level': '0', 'reservoir': '1', 'b:a': '33k'}",44.771484375,-3.12,-1.357,0.8558457729814108,1.0829803362306882
"{'ar': '44100', 'sample_fmt': 'fltp', 'compression_level': '4', 'reservoir': '1', 'b:a': '133k', 'abr': 'True'}",176.296875,-2.833,-0.979,0.5859670630015898,1.6809928783012305
"{'ar': '44100', 'sample_fmt': 'fltp', 'compression_level': '3', 'reservoir': '1', 'b:a': '130k', 'abr': 'True'}",173.087890625,-2.906,-1.068,0.5858561269997153,1.487960280228123
"{'ar': '44100', 'sample_fmt': 'fltp', 'compression_level': '6', 'reservoir': '1', 'b:a': '246k', 'abr': 'True'}",342.0107421875,-2.591,-0.705,0.5294147680106107,2.0710296295132427
"{'ar': '24000', 'sample_fmt': 's32p', 'compression_level': '9', 'reservoir': '1', 'b:a': '272k', 'abr': 'True'}",219.1953125,-3.661,-2.499,0.413858543994138,-0.7834229122248018
"{'ar': '44100', 'sample_fmt': 's16p', 'compression_level': '8', 'reservoir': '1', 'b:a': '141k', 'abr': 'True'}",187.6083984375,-2.817,-0.96,0.4468053469900042,1.7165020403522886
"{'ar': '44100', 'sample_fmt': 's16p', 'compression_level': '3', 'reservoir': '1', 'b:a': '164k', 'abr': 'True'}",221.0810546875,-2.666,-0.786,0.6025248469959479,2.0582916057913896
"{'ar': '44100', 'sample_fmt': 'fltp', 'compression_level': '8', 'reservoir': '0', 'b:a': '32k', 'abr': 'True'}",53.09375,-3.35,-1.734,0.4381180079653859,0.4457627350108659
"{'ar': '44100', 'sample_fmt': 's32p', 'compression_level': '7', 'reservoir': '1', 'aq': '9'}",97.1474609375,-3.314,-1.668,0.434988355031237,0.4803971264310932
"{'ar': '8000', 'sample_fmt': 's32p', 'compression_level': '8', 'reservoir': '0', 'aq': '9'}",43.4609375,-3.855,-3.486,0.3759741979883984,-1.2635750377788943
"{'ar': '22050', 'sample_fmt': 's16p', 'compression_level': '8', 'reservoir': '0', 'b:a': '40k', 'abr': 'True'}",59.474609375,-3.689,-2.598,0.40545011300127953,-0.624409389632828
"{'ar': '22050', 'sample_fmt': 'fltp', 'compression_level': '8', 'reservoir': '1', 'b:a': '236k', 'abr': 'True'}",219.953125,-3.677,-2.553,0.4154638430045452,-0.8390645385469734
"{'ar': '44100', 'sample_fmt': 'fltp', 'compression_level': '8', 'reservoir': '0', 'b:a': '246k', 'abr': 'True'}",359.6865234375,-2.605,-0.72,0.45403108597383834,2.0110458308578023
"{'ar': '12000', 'sample_fmt': 'fltp', 'compression_level': '8', 'reservoir': '1', 'b:a': '190k'}",90.640625,-3.742,-2.811,0.3952529800008051,-0.8640655445166889
"{'ar': '44100', 'sample_fmt': 's16p', 'compression_level': '8', 'reservoir': '0', 'b:a': '173k', 'abr': 'True'}",265.5166015625,-2.665,-0.786,0.5404952850367408,1.99430209831395
"{'ar': '44100', 'sample_fmt': 's16p', 'compression_level': '4', 'reservoir': '1', 'b:a': '137k', 'abr': 'True'}",181.205078125,-2.816,-0.959,0.7239489479979966,1.70888050390929
"{'ar': '44100', 'sample_fmt': 's16p', 'compression_level': '3', 'reservoir': '1', 'b:a': '172k', 'abr': 'True'}",231.4765625,-2.653,-0.772,0.6142232840356883,2.0755448062203383
"{'ar': '44100', 'sample_fmt': 'fltp', 'compression_level': '6', 'reservoir': '1', 'b:a': '168k', 'abr': 'True'}",228.12109375,-2.654,-0.773,0.5871462899958715,2.0802549515611415
"{'ar': '44100', 'sample_fmt': 'fltp', 'compression_level': '6', 'reservoir': '0', 'b:a': '249k', 'abr': 'True'}",361.2177734375,-2.59,-0.703,0.8040782679745462,2.0230413313424087
"{'ar': '44100', 'sample_fmt': 's16p', 'compression_level': '9', 'reservoir': '1', 'b:a': '175k', 'abr': 'True'}",237.072265625,-2.659,-0.779,0.5899655829707626,2.0522210616799814
"{'ar': '44100', 'sample_fmt': 'fltp', 'compression_level': '6', 'reservoir': '1', 'b:a': '144k', 'abr': 'True'}",196.421875,-2.716,-0.843,0.7010775220114738,1.9558770519726945
"{'ar': '44100', 'sample_fmt': 'fltp', 'compression_level': '0', 'reservoir': '0', 'b:a': '213k'}",312.220703125,-2.6,-0.715,0.9334219390002545,2.064579178601953
"{'ar': '44100', 'sample_fmt': 's16p', 'compression_level': '3', 'reservoir': '1', 'b:a': '168k', 'abr': 'True'}",226.4912109375,-2.661,-0.782,0.7038408220105339,2.0550817773248884
"{'ar': '44100', 'sample_fmt': 's16p', 'compression_level': '4', 'reservoir': '1', 'b:a': '240k', 'abr': 'True'}",327.2822265625,-2.598,-0.712,0.5993956970341969,2.070841134240477
"{'ar': '44100', 'sample_fmt': 's16p', 'compression_level': '6', 'reservoir': '1', 'b:a': '246k', 'abr': 'True'}",341.8076171875,-2.593,-0.708,0.5899477409839164,2.061273331061082
"{'ar': '44100', 'sample_fmt': 's32p', 'compression_level': '6', 'reservoir': '1', 'b:a': '245k', 'abr': 'True'}",340.6884765625,-2.589,-0.702,0.5787199760088697,2.0751014824952363
"{'ar': '44100', 'sample_fmt': 'fltp', 'compression_level': '6', 'reservoir': '1', 'b:a': '246k', 'abr': 'True'}",342.0107421875,-2.591,-0.705,0.609792770963395,2.0650886590848447
"{'ar': '22050', 'sample_fmt': 's16p', 'compression_level': '8', 'reservoir': '0', 'b:a': '32k', 'abr': 'True'}",49.1337890625,-3.719,-2.715,0.4919606050243601,-0.7211099179619118
"{'ar': '44100', 'sample_fmt': 'fltp', 'compression_level': '3', 'reservoir': '1', 'b:a': '129k', 'abr': 'True'}",171.7158203125,-2.921,-1.088,0.6258662010077387,1.4459341483699193
"{'ar': '44100', 'sample_fmt': 's32p', 'compression_level': '4', 'reservoir': '1', 'b:a': '135k', 'abr': 'True'}",178.7470703125,-2.826,-0.971,0.6023298049985897,1.6947070029512434
"{'ar': '44100', 'sample_fmt': 'fltp', 'compression_level': '4', 'reservoir': '1', 'b:a': '133k', 'abr': 'True'}",176.296875,-2.833,-0.979,0.6154326660325751,1.6788149904484455
"{'ar': '44100', 'sample_fmt': 'fltp', 'compression_level': '6', 'reservoir': '1', 'b:a': '246k', 'abr': 'True'}",342.0107421875,-2.591,-0.705,0.5513812600111123,2.0694060226233417
"{'ar': '22050', 'sample_fmt': 's16p', 'compression_level': '8', 'reservoir': '0', 'b:a': '246k', 'abr': 'True'}",223.35546875,-3.677,-2.554,0.4446505860250909,-0.8469662729629819
"{'ar': '44100', 'sample_fmt': 's16p', 'compression_level': '1', 'reservoir': '1', 'b:a': '200k', 'abr': 'True'}",270.1220703125,-2.611,-0.726,0.8436277789587621,2.109292064100627
"{'ar': '44100', 'sample_fmt': 's16p', 'compression_level': '1', 'reservoir': '1', 'b:a': '198k', 'abr': 'True'}",267.9736328125,-2.616,-0.732,0.8295614020025823,2.100217496705625
"{'ar': '44100', 'sample_fmt': 's16p', 'compression_level': '1', 'reservoir': '1', 'b:a': '202k', 'abr': 'True'}",272.064453125,-2.614,-0.729,0.8332723040075507,2.099021886928815
"{'ar': '44100', 'sample_fmt': 's16p', 'compression_level': '0', 'reservoir': '0', 'b:a': '32k', 'abr': 'True'}",53.09375,-3.138,-1.383,0.8702975850028452,1.0184918166502104
"{'ar': '24000', 'sample_fmt': 's32p', 'compression_level': '9', 'reservoir': '1', 'b:a': '272k', 'abr': 'True'}",219.1953125,-3.661,-2.499,0.42617049999535084,-0.7843329244648658
"{'ar': '44100', 'sample_fmt': 'fltp', 'compression_level': '6', 'reservoir': '0', 'b:a': '249k', 'abr': 'True'}",361.2177734375,-2.59,-0.703,0.549262639018707,2.04187549069829
"{'ar': '44100', 'sample_fmt': 's16p', 'compression_level': '6', 'reservoir': '1', 'b:a': '141k', 'abr': 'True'}",188.9970703125,-2.794,-0.932,0.5685845320113003,1.7677065400694698
"{'ar': '16000', 'sample_fmt': 'fltp', 'compression_level': '0', 'reservoir': '1', 'b:a': '32k', 'abr': 'True'}",43.91796875,-3.277,-1.605,0.6437731539772358,0.6559832351721376
"{'ar': '44100', 'sample_fmt': 's16p', 'compression_level': '1', 'reservoir': '1', 'b:a': '33k'}",44.771484375,-3.133,-1.376,0.8618319139932282,1.046254981609498
"{'ar': '44100', 'sample_fmt': 'fltp', 'compression_level': '9', 'reservoir': '1', 'b:a': '133k', 'abr': 'True'}",176.65625,-2.904,-1.066,0.4742610059911385,1.495805485775624
"{'ar': '44100', 'sample_fmt': 's16p', 'compression_level': '8', 'reservoir': '1', 'b:a': '248k', 'abr': 'True'}",342.11328125,-2.604,-0.719,0.47669855898129754,2.0400568092769347
"{'ar': '44100', 'sample_fmt': 's16p', 'compression_level': '6', 'reservoir': '1', 'b:a': '141k', 'abr': 'True'}",188.9970703125,-2.794,-0.932,0.5733831260004081,1.7673518621235158
"{'ar': '22050', 'sample_fmt': 'fltp', 'compression_level': '6', 'reservoir': '0', 'b:a': '250k', 'abr': 'True'}",211.857421875,-3.676,-2.552,0.46410657599335536,-0.8270964402882063
"{'ar': '8000', 'sample_fmt': 'fltp', 'compression_level': '6', 'reservoir': '0', 'aq': '9'}",41.140625,-3.85,-3.441,0.39936738499091007,-1.235756337720537
"{'ar': '44100', 'sample_fmt': 's16p', 'compression_level': '8', 'reservoir': '1', 'b:a': '135k', 'abr': 'True'}",179.365234375,-2.88,-1.036,0.4858006880094763,1.5560121843936563
"{'ar': '44100', 'sample_fmt': 's16p', 'compression_level': '6', 'reservoir': '1', 'b:a': '143k', 'abr': 'True'}",191.458984375,-2.768,-0.902,0.5712808319949545,1.8336209956319083
"{'ar': '44100', 'sample_fmt': 's16p', 'compression_level': '3', 'reservoir': '1', 'b:a': '166k'}",223.037109375,-2.662,-0.783,0.6177932280115783,2.064307994976048
"{'ar': '44100', 'sample_fmt': 's16p', 'compression_level': '1', 'reservoir': '1', 'b:a': '216k'}",312.220703125,-2.594,-0.709,0.9087355460214894,2.0822761987054323
"{'ar': '44100', 'sample_fmt': 's16p', 'compression_level': '8', 'reservoir': '1', 'b:a': '246k', 'abr': 'True'}",339.3701171875,-2.606,-0.721,0.5025898680032697,2.037229485136681
"{'ar': '16000', 'sample_fmt': 's32p', 'compression_level': '0', 'reservoir': '1', 'b:a': '237k', 'abr': 'True'}",132.4765625,-3.738,-2.795,0.7738189790106844,-0.9444354901666191
"{'ar': '44100', 'sample_fmt': 's32p', 'compression_level': '3', 'reservoir': '1', 'b:a': '144k', 'abr': 'True'}",193.251953125,-2.791,-0.929,0.6115979059832171,1.7656741201485033
"{'ar': '44100', 'sample_fmt': 'fltp', 'compression_level': '9', 'reservoir': '1', 'b:a': '141k', 'abr': 'True'}",187.755859375,-2.823,-0.967,0.4642249530006666,1.6987913728616866
"{'ar': '44100', 'sample_fmt': 's16p', 'compression_level': '8', 'reservoir': '1', 'b:a': '141k'}",178.4443359375,-2.914,-1.079,0.4652103509870358,1.4662209227093919
"{'ar': '44100', 'sample_fmt': 's32p', 'compression_level': '3', 'reservoir': '1', 'b:a': '164k', 'abr': 'True'}",221.07421875,-2.666,-0.786,0.6187458300264552,2.057103573933057
"{'ar': '44100', 'sample_fmt': 'fltp', 'compression_level': '6', 'reservoir': '1', 'b:a': '246k', 'abr': 'True'}",342.0107421875,-2.591,-0.705,0.5460736390086822,2.069798324226544
"{'ar': '44100', 'sample_fmt': 's16p', 'compression_level': '8', 'reservoir': '1', 'b:a': '191k'}",267.6279296875,-2.634,-0.752,0.4729906900029164,2.078876245245469
"{'ar': '24000', 'sample_fmt': 's32p', 'compression_level': '9', 'reservoir': '1', 'b:a': '272k', 'abr': 'True'}",219.1953125,-3.661,-2.499,0.42827687499811873,-0.7844886127271122
"{'ar': '44100', 'sample_fmt': 'fltp', 'compression_level': '8', 'reservoir': '1', 'b:a': '137k', 'abr': 'True'}",182.22265625,-2.864,-1.016,0.4672870540234726,1.596409267181288
"{'ar': '44100', 'sample_fmt': 's16p', 'compression_level': '8', 'reservoir': '1', 'b:a': '135k', 'abr': 'True'}",179.365234375,-2.88,-1.036,0.46665094600757584,1.5574275971529354
"{'ar': '44100', 'sample_fmt': 's16p', 'compression_level': '1', 'reservoir': '1', 'b:a': '200k', 'abr': 'True'}",270.1220703125,-2.611,-0.726,0.8282352300302591,2.110429771864474
"{'ar': '44100', 'sample_fmt': 'fltp', 'compression_level': '0', 'reservoir': '0', 'b:a': '32k'}",44.771484375,-3.13,-1.371,1.0388793829770293,1.0417359972005895
"{'ar': '44100', 'sample_fmt': 'fltp', 'compression_level': '6', 'reservoir': '0', 'b:a': '249k', 'abr': 'True'}",361.2177734375,-2.59,-0.703,0.571073264000006,2.0402634043901133
"{'ar': '44100', 'sample_fmt': 'fltp', 'compression_level': '6', 'reservoir': '0', 'b:a': '249k', 'abr': 'True'}",361.2177734375,-2.59,-0.703,0.5818098699965049,2.0394698308204386
"{'ar': '44100', 'sample_fmt': 's16p', 'compression_level': '8', 'reservoir': '1', 'b:a': '137k', 'abr': 'True'}",182.173828125,-2.862,-1.014,0.47338139297789894,1.6013275227834423
"{'ar': '44100', 'sample_fmt': 'fltp', 'compression_level': '0', 'reservoir': '1', 'b:a': '249k', 'abr': 'True'}",337.53515625,-2.592,-0.706,0.9501661070098635,2.0444268202343627
"{'ar': '22050', 'sample_fmt': 'fltp', 'compression_level': '8', 'reservoir': '0', 'b:a': '32k', 'abr': 'True'}",49.0322265625,-3.72,-2.719,0.4540139750170056,-0.7217348846858259
"{'ar': '44100', 'sample_fmt': 's32p', 'compression_level': '3', 'reservoir': '1', 'b:a': '172k', 'abr': 'True'}",231.3798828125,-2.639,-0.758,0.6330672060139477,2.111341813297208
"{'ar': '44100', 'sample_fmt': 's16p', 'compression_level': '6', 'reservoir': '1', 'b:a': '141k', 'abr': 'True'}",188.9970703125,-2.794,-0.932,0.5709897320193704,1.7675287647877087
"{'ar': '44100', 'sample_fmt': 'fltp', 'compression_level': '3', 'reservoir': '1', 'b:a': '191k', 'abr': 'True'}",259.8330078125,-2.623,-0.739,0.5818951049877796,2.1129951617563734
"{'ar': '44100', 'sample_fmt': 's16p', 'compression_level': '8', 'reservoir': '1', 'aq': '9'}",97.146484375,-3.315,-1.67,0.455000112997368,0.4759587031935272
"{'ar': '16000', 'sample_fmt': 's16p', 'compression_level': '9', 'reservoir': '1', 'b:a': '32k', 'abr': 'True'}",42.79296875,-3.446,-1.926,0.41710541999782436,0.1795103813793257
"{'ar': '44100', 'sample_fmt': 's16p', 'compression_level': '8', 'reservoir': '1', 'b:a': '170k'}",223.037109375,-2.689,-0.812,0.4688253680069465,2.003262024461519
"{'ar': '44100', 'sample_fmt': 'fltp', 'compression_level': '6', 'reservoir': '1', 'b:a': '133k', 'abr': 'True'}",178.697265625,-2.833,-0.979,0.5867749349854421,1.6771029477846635
"{'ar': '44100', 'sample_fmt': 's16p', 'compression_level': '6', 'reservoir': '0', 'b:a': '260k', 'abr': 'True'}",390.3017578125,-2.583,-0.696,0.5988621309807058,2.010318938155007
"{'ar': '44100', 'sample_fmt': 's16p', 'compression_level': '8', 'reservoir': '1', 'b:a': '32k'}",44.771484375,-3.291,-1.629,0.47980891101178713,0.6265502499018339
"{'ar': '22050', 'sample_fmt': 'fltp', 'compression_level': '8', 'reservoir': '1', 'b:a': '32k', 'abr': 'True'}",44.232421875,-3.72,-2.719,0.4170224159897771,-0.7113418532191612
"{'ar': '44100', 'sample_fmt': 's16p', 'compression_level': '3', 'reservoir': '1', 'b:a': '138k', 'abr': 'True'}",184.0205078125,-2.829,-0.974,0.6223156089836266,1.6768789681204868
"{'ar': '22050', 'sample_fmt': 'fltp', 'compression_level': '8', 'reservoir': '0', 'b:a': '200k', 'abr': 'True'}",223.35546875,-3.676,-2.552,0.4292053809913341,-0.8428638185802297
"{'ar': '22050', 'sample_fmt': 'fltp', 'compression_level': '8', 'reservoir': '1', 'b:a': '32k', 'abr': 'True'}",44.232421875,-3.72,-2.719,0.429940689005889,-0.712296680101583
"{'ar': '16000', 'sample_fmt': 's16p', 'compression_level': '1', 'reservoir': '1', 'b:a': '32k'}",44.97265625,-3.27,-1.592,0.6423715979908593,0.6748144248787715
"{'ar': '44100', 'sample_fmt': 'fltp', 'compression_level': '3', 'reservoir': '0', 'b:a': '216k'}",312.220703125,-2.598,-0.712,0.5996359339915216,2.0948565175147866
"{'ar': '16000', 'sample_fmt': 'fltp', 'compression_level': '3', 'reservoir': '1', 'b:a': '32k', 'abr': 'True'}",43.49609375,-3.349,-1.733,0.4514119289815426,0.46274017953666724
"{'ar': '44100', 'sample_fmt': 's16p', 'compression_level': '8', 'reservoir': '1', 'b:a': '191k', 'abr': 'True'}",260.7529296875,-2.632,-0.749,0.46926799399079755,2.0957278455386077
"{'ar': '44100', 'sample_fmt': 's16p', 'compression_level': '8', 'reservoir': '0', 'b:a': '246k', 'abr': 'True'}",359.482421875,-2.606,-0.721,0.47078244099975564,2.0074879712033393
"{'ar': '32000', 'sample_fmt': 's32p', 'compression_level': '9', 'reservoir': '0', 'b:a': '65k', 'abr': 'True'}",94.12109375,-3.617,-2.357,0.4425871239800472,-0.4386574615939239
"{'ar': '16000', 'sample_fmt': 's16p', 'compression_level': '7', 'reservoir': '1', 'b:a': '32k', 'abr': 'True'}",42.79296875,-3.446,-1.926,0.401525135996053,0.18066196518484695
"{'ar': '32000', 'sample_fmt': 's32p', 'compression_level': '9', 'reservoir': '1', 'b:a': '272k', 'abr': 'True'}",375.6875,-3.177,-1.442,0.4507036180002615,0.42527416787912625
"{'ar': '44100', 'sample_fmt': 's16p', 'compression_level': '8', 'reservoir': '1', 'b:a': '135k', 'abr': 'True'}",179.365234375,-2.88,-1.036,0.4664559350057971,1.5574420109795075
"{'ar': '44100', 'sample_fmt': 'fltp', 'compression_level': '3', 'reservoir': '1', 'b:a': '133k', 'abr': 'True'}",177.3203125,-2.883,-1.04,0.6199160760152154,1.5411106908919874
"{'ar': '44100', 'sample_fmt': 's16p', 'compression_level': '1', 'reservoir': '0', 'b:a': '200k', 'abr': 'True'}",295.0,-2.611,-0.726,0.8362681009748485,2.0701392072578106
"{'ar': '44100', 'sample_fmt': 'fltp', 'compression_level': '4', 'reservoir': '1', 'b:a': '132k', 'abr': 'True'}",175.125,-2.843,-0.991,0.5816712689702399,1.656095433038119
"{'ar': '44100', 'sample_fmt': 's16p', 'compression_level': '8', 'reservoir': '1', 'b:a': '143k', 'abr': 'True'}",190.8896484375,-2.799,-0.939,0.4807378049881663,1.7573217274970394
"{'ar': '44100', 'sample_fmt': 'fltp', 'compression_level': '8', 'reservoir': '1', 'b:a': '190k'}",267.6279296875,-2.63,-0.747,0.46941521001281217,2.0900375626928698
"{'ar': '22050', 'sample_fmt': 'fltp', 'compression_level': '8', 'reservoir': '0', 'b:a': '32k', 'abr': 'True'}",49.0322265625,-3.72,-2.719,0.43154518998926505,-0.720074151867044
"{'ar': '32000', 'sample_fmt': 's32p', 'compression_level': '8', 'reservoir': '0', 'b:a': '245k', 'abr': 'True'}",361.203125,-3.172,-1.434,0.44860371097456664,0.46271493907490185
"{'ar': '44100', 'sample_fmt': 'fltp', 'compression_level': '6', 'reservoir': '1', 'b:a': '250k', 'abr': 'True'}",346.5810546875,-2.585,-0.698,0.5560501799918711,2.0779560792394975
"{'ar': '44100', 'sample_fmt': 's16p', 'compression_level': '8', 'reservoir': '1', 'b:a': '171k', 'abr': 'True'}",231.0771484375,-2.671,-0.792,0.4697012830001768,2.038616126518323
"{'ar': '44100', 'sample_fmt': 's32p', 'compression_level': '8', 'reservoir': '0', 'b:a': '32k', 'abr': 'True'}",53.09375,-3.35,-1.734,0.45917673100484535,0.4442062239476246
"{'ar': '32000', 'sample_fmt': 's16p', 'compression_level': '1', 'reservoir': '1', 'aq': '9'}",82.9765625,-3.544,-2.157,0.46659758099121973,-0.18947206596505767
"{'ar': '44100', 'sample_fmt': 's16p', 'compression_level': '1', 'reservoir': '1', 'b:a': '198k', 'abr': 'True'}",267.9736328125,-2.616,-0.732,0.8333158800087404,2.099939992388657
"{'ar': '12000', 'sample_fmt': 'fltp', 'compression_level': '1', 'reservoir': '1', 'b:a': '190k'}",90.640625,-3.761,-2.901,0.5426269530144054,-0.9476184563213965
"{'ar': '44100', 'sample_fmt': 's16p', 'compression_level': '8', 'reservoir': '1', 'b:a': '137k', 'abr': 'True'}",182.173828125,-2.862,-1.014,0.5119523569883313,1.5984766313932273
"{'ar': '44100', 'sample_fmt': 's16p', 'compression_level': '7', 'reservoir': '1', 'b:a': '143k', 'abr': 'True'}",190.8896484375,-2.799,-0.939,0.4948535049916245,1.7562783953263466
"{'ar': '44100', 'sample_fmt': 'fltp', 'compression_level': '3', 'reservoir': '1', 'b:a': '32k'}",44.771484375,-3.302,-1.648,0.5187611370056402,0.5920481523676917
"{'ar': '44100', 'sample_fmt': 'fltp', 'compression_level': '6', 'reservoir': '1', 'b:a': '144k', 'abr': 'True'}",196.421875,-2.716,-0.843,0.5658309280115645,1.9658735184931053
"{'ar': '16000', 'sample_fmt': 's32p', 'compression_level': '0', 'reservoir': '1', 'b:a': '32k'}",44.97265625,-3.267,-1.587,0.6526355809764937,0.6826228897950507
"{'ar': '44100', 'sample_fmt': 's16p', 'compression_level': '9', 'reservoir': '1', 'b:a': '216k'}",312.220703125,-2.602,-0.717,0.47634945396566764,2.0930719340649464
"{'ar': '16000', 'sample_fmt': 's32p', 'compression_level': '4', 'reservoir': '1', 'b:a': '32k', 'abr': 'True'}",42.96875,-3.404,-1.84,0.5152465850114822,0.2969628086880381
"{'ar': '22050', 'sample_fmt': 's16p', 'compression_level': '8', 'reservoir': '0', 'b:a': '246k', 'abr': 'True'}",223.35546875,-3.677,-2.554,0.4270771199662704,-0.8456673673128722
"{'ar': '44100', 'sample_fmt': 's16p', 'compression_level': '3', 'reservoir': '1', 'b:a': '164k'}",223.037109375,-2.662,-0.783,0.6198527679953258,2.0641557684253744
"{'ar': '44100', 'sample_fmt': 'fltp', 'compression_level': '3', 'reservoir': '1', 'b:a': '129k', 'abr': 'True'}",171.7158203125,-2.921,-1.088,0.619314752984792,1.4464183848219045
"{'ar': '44100', 'sample_fmt': 'fltp', 'compression_level': '8', 'reservoir': '1', 'b:a': '250k', 'abr': 'True'}",345.05859375,-2.606,-0.721,0.47592727199662477,2.0301232939212825
"{'ar': '44100', 'sample_fmt': 'fltp', 'compression_level': '9', 'reservoir': '1', 'b:a': '133k', 'abr': 'True'}",176.65625,-2.904,-1.066,0.47282876100507565,1.4959113471406222
"{'ar': '44100', 'sample_fmt': 'fltp', 'compression_level': '4', 'reservoir': '1', 'b:a': '136k'}",178.4443359375,-2.838,-0.985,0.5949165759957395,1.663362326888439
"{'ar': '12000', 'sample_fmt': 's32p', 'compression_level': '0', 'reservoir': '1', 'b:a': '32k', 'abr': 'True'}",43.859375,-3.755,-2.873,0.5921847410209011,-0.8538217682458235
"{'ar': '44100', 'sample_fmt': 'fltp', 'compression_level': '0', 'reservoir': '0', 'b:a': '32k'}",44.771484375,-3.13,-1.371,0.881351275020279,1.053379354793864
"{'ar': '16000', 'sample_fmt': 's32p', 'compression_level': '0', 'reservoir': '1', 'b:a': '32k'}",44.97265625,-3.267,-1.587,0.6434634879988153,0.6833008256872738
"{'ar': '22050', 'sample_fmt': 'fltp', 'compression_level': '8', 'reservoir': '0', 'b:a': '32k', 'abr': 'True'}",49.0322265625,-3.72,-2.719,0.44344540999736637,-0.7209537315102592
"{'ar': '16000', 'sample_fmt': 's16p', 'compression_level': '9', 'reservoir': '1', 'b:a': '32k', 'abr': 'True'}",42.79296875,-3.446,-1.926,0.40396829100791365,0.18048138453909512
"{'ar': '44100', 'sample_fmt': 's16p', 'compression_level': '7', 'reservoir': '1', 'aq': '9'}",97.146484375,-3.315,-1.67,0.4580942730244715,0.4757300048861986
"{'ar': '32000', 'sample_fmt': 's32p', 'compression_level': '9', 'reservoir': '1', 'b:a': '268k'}",357.828125,-3.178,-1.444,0.45522077902569436,0.4504770093994219
"{'ar': '32000', 'sample_fmt': 's32p', 'compression_level': '9', 'reservoir': '0', 'aq': '9'}",89.62109375,-3.518,-2.09,0.4447831360157579,-0.11674804352750845
"{'ar': '8000', 'sample_fmt': 's32p', 'compression_level': '9', 'reservoir': '1', 'aq': '9'}",36.8515625,-3.855,-3.486,0.4181435249920469,-1.256145548810245
"{'ar': '8000', 'sample_fmt': 's16p', 'compression_level': '1', 'reservoir': '1', 'aq': '9'}",35.8671875,-3.85,-3.44,0.4210605249973014,-1.228629644388593
"{'ar': '8000', 'sample_fmt': 's16p', 'compression_level': '1', 'reservoir': '1', 'aq': '9'}",35.8671875,-3.85,-3.44,0.4156468489964027,-1.228229503954037
"{'ar': '44100', 'sample_fmt': 'fltp', 'compression_level': '0', 'reservoir': '0', 'b:a': '32k'}",44.771484375,-3.13,-1.371,0.9012463570106775,1.0519088518025799
"{'ar': '12000', 'sample_fmt': 'fltp', 'compression_level': '7', 'reservoir': '1', 'b:a': '32k'}",45.078125,-3.779,-2.989,0.4176353130314965,-0.9353767154177067
"{'ar': '44100', 'sample_fmt': 'fltp', 'compression_level': '6', 'reservoir': '1', 'b:a': '168k', 'abr': 'True'}",228.12109375,-2.654,-0.773,0.6323736709891818,2.0769120651598336
"{'ar': '44100', 'sample_fmt': 'fltp', 'compression_level': '6', 'reservoir': '1', 'b:a': '144k', 'abr': 'True'}",196.421875,-2.716,-0.843,0.5708430950180627,1.9655030547483756
"{'ar': '44100', 'sample_fmt': 's16p', 'compression_level': '7', 'reservoir': '1', 'aq': '9'}",97.146484375,-3.315,-1.67,0.4895870790060144,0.47340228060629175
"{'ar': '44100', 'sample_fmt': 's16p', 'compression_level': '1', 'reservoir': '1', 'b:a': '199k', 'abr': 'True'}",269.09765625,-2.613,-0.728,0.8452216730220243,2.105518083556802
"{'ar': '44100', 'sample_fmt': 's16p', 'compression_level': '8', 'reservoir': '1', 'b:a': '141k', 'abr': 'True'}",187.6083984375,-2.817,-0.96,0.4829656009969767,1.7138293315035134
"{'ar': '16000', 'sample_fmt': 'fltp', 'compression_level': '6', 'reservoir': '1', 'b:a': '32k'}",44.97265625,-3.321,-1.681,0.45079663197975606,0.542071656073335
"{'ar': '44100', 'sample_fmt': 'fltp', 'compression_level': '4', 'reservoir': '1', 'b:a': '135k', 'abr': 'True'}",178.6943359375,-2.827,-0.972,0.5926413020060863,1.692861858329821
"{'ar': '44100', 'sample_fmt': 's16p', 'compression_level': '1', 'reservoir': '1', 'b:a': '198k', 'abr': 'True'}",267.9736328125,-2.616,-0.732,0.8285705340094864,2.1002907346218356
"{'ar': '32000', 'sample_fmt': 'fltp', 'compression_level': '3', 'reservoir': '1', 'b:a': '125k', 'abr': 'True'}",166.859375,-3.297,-1.64,0.5751670750032645,0.40724105691842133
"{'ar': '44100', 'sample_fmt': 's16p', 'compression_level': '1', 'reservoir': '1', 'b:a': '138k', 'abr': 'True'}",183.0517578125,-2.877,-1.033,0.9646596249658614,1.5226720705954322
"{'ar': '44100', 'sample_fmt': 'fltp', 'compression_level': '6', 'reservoir': '1', 'b:a': '131k', 'abr': 'True'}",176.1962890625,-2.843,-0.99,0.5779068819829263,1.654979710123632
"{'ar': '44100', 'sample_fmt': 's16p', 'compression_level': '1', 'reservoir': '1', 'b:a': '35k'}",44.771484375,-3.133,-1.376,0.8648817060166039,1.046029562669514
"{'ar': '16000', 'sample_fmt': 'fltp', 'compression_level': '0', 'reservoir': '1', 'b:a': '32k', 'abr': 'True'}",43.91796875,-3.277,-1.605,0.6484363610215951,0.6556385640664334
"{'ar': '44100', 'sample_fmt': 'fltp', 'compression_level': '8', 'reservoir': '1', 'b:a': '248k', 'abr': 'True'}",342.1123046875,-2.603,-0.718,0.4834462830040138,2.042205020010583
"{'ar': '16000', 'sample_fmt': 'fltp', 'compression_level': '3', 'reservoir': '1', 'b:a': '126k', 'abr': 'True'}",160.49609375,-3.768,-2.936,0.4551182869763579,-1.0799669462505062
"{'ar': '16000', 'sample_fmt': 's16p', 'compression_level': '3', 'reservoir': '1', 'b:a': '32k', 'abr': 'True'}",43.42578125,-3.338,-1.712,0.45650461499462835,0.49472990235317976
"{'ar': '44100', 'sample_fmt': 'fltp', 'compression_level': '3', 'reservoir': '1', 'b:a': '191k', 'abr': 'True'}",259.8330078125,-2.623,-0.739,0.5847257319837809,2.11278594193678
"{'ar': '44100', 'sample_fmt': 'fltp', 'compression_level': '3', 'reservoir': '0', 'b:a': '32k'}",44.771484375,-3.291,-1.628,0.513875319971703,0.6243477615984628
"{'ar': '44100', 'sample_fmt': 's16p', 'compression_level': '8', 'reservoir': '0', 'b:a': '32k'}",44.771484375,-3.305,-1.653,0.45373145400662906,0.5882875785698458
"{'ar': '32000', 'sample_fmt': 's32p', 'compression_level': '9', 'reservoir': '0', 'aq': '9'}",89.62109375,-3.518,-2.09,0.43519467001897283,-0.11603933230244776
"{'ar': '22050', 'sample_fmt': 'fltp', 'compression_level': '8', 'reservoir': '1', 'b:a': '32k', 'abr': 'True'}",44.232421875,-3.72,-2.719,0.4272220760176424,-0.7120957395609363
"{'ar': '44100', 'sample_fmt': 'fltp', 'compression_level': '9', 'reservoir': '1', 'b:a': '190k', 'abr': 'True'}",259.3271484375,-2.638,-0.756,0.4679119159700349,2.0819153099793253
"{'ar': '16000', 'sample_fmt': 's16p', 'compression_level': '8', 'reservoir': '1', 'b:a': '32k', 'abr': 'True'}",42.79296875,-3.446,-1.926,0.41079324996098876,0.17997693210402943
"{'ar': '44100', 'sample_fmt': 's32p', 'compression_level': '1', 'reservoir': '1', 'aq': '9'}",103.837890625,-3.343,-1.721,0.49038104800274596,0.38133971766636066
"{'ar': '24000', 'sample_fmt': 's32p', 'compression_level': '9', 'reservoir': '1', 'b:a': '272k', 'abr': 'True'}",219.1953125,-3.661,-2.499,0.4392727690283209,-0.7853013510244995
"{'ar': '44100', 'sample_fmt': 's16p', 'compression_level': '3', 'reservoir': '1', 'b:a': '164k', 'abr': 'True'}",221.0810546875,-2.666,-0.786,0.625387802021578,2.056601738729218
"{'ar': '44100', 'sample_fmt': 'fltp', 'compression_level': '1', 'reservoir': '1', 'b:a': '33k'}",44.771484375,-3.12,-1.357,0.8851712299801875,1.080812806976057
"{'ar': '44100', 'sample_fmt': 's16p', 'compression_level': '8', 'reservoir': '1', 'b:a': '191k', 'abr': 'True'}",260.7529296875,-2.632,-0.749,0.49850605899700895,2.0935667756786422
"{'ar': '44100', 'sample_fmt': 's32p', 'compression_level': '9', 'reservoir': '0', 'b:a': '133k', 'abr': 'True'}",191.6669921875,-2.904,-1.066,0.4973956170142628,1.4701434297952196
"{'ar': '44100', 'sample_fmt': 's16p', 'compression_level': '7', 'reservoir': '1', 'b:a': '137k'}",178.4443359375,-2.914,-1.079,0.49620285199489444,1.4639301774155837
"{'ar': '32000', 'sample_fmt': 'fltp', 'compression_level': '3', 'reservoir': '1', 'b:a': '129k', 'abr': 'True'}",171.5,-3.282,-1.613,0.5692122019827366,0.44374276230517906
"{'ar': '22050', 'sample_fmt': 'fltp', 'compression_level': '8', 'reservoir': '0', 'b:a': '32k', 'abr': 'True'}",49.0322265625,-3.72,-2.719,0.4334660679742228,-0.7202161295087615
"{'ar': '44100', 'sample_fmt': 'fltp', 'compression_level': '9', 'reservoir': '1', 'b:a': '133k', 'abr': 'True'}",176.65625,-2.904,-1.066,0.46528365300036967,1.4964690278727668
"{'ar': '44100', 'sample_fmt': 'fltp', 'compression_level': '8', 'reservoir': '1', 'b:a': '190k'}",267.6279296875,-2.63,-0.747,0.4766715489968192,2.089501225713364
"{'ar': '44100', 'sample_fmt': 's16p', 'compression_level': '3', 'reservoir': '1', 'b:a': '129k', 'abr': 'True'}",171.7666015625,-2.921,-1.087,0.6105691020202357,1.4472992297178948
"{'ar': '32000', 'sample_fmt': 'fltp', 'compression_level': '6', 'reservoir': '1', 'b:a': '168k', 'abr': 'True'}",222.1953125,-3.192,-1.466,0.5402554930187762,0.6210571117986171
"{'ar': '44100', 'sample_fmt': 's32p', 'compression_level': '1', 'reservoir': '1', 'b:a': '171k', 'abr': 'True'}",227.603515625,-2.682,-0.804,0.9710254459932912,1.9776897450204023
"{'ar': '32000', 'sample_fmt': 's32p', 'compression_level': '9', 'reservoir': '1', 'aq': '9'}",81.7109375,-3.518,-2.09,0.4426402889948804,-0.10396770314632953
"{'ar': '44100', 'sample_fmt': 's16p', 'compression_level': '8', 'reservoir': '1', 'b:a': '136k', 'abr': 'True'}",180.84375,-2.87,-1.024,0.46947755198925734,1.5819443387571264
"{'ar': '44100', 'sample_fmt': 's16p', 'compression_level': '7', 'reservoir': '1', 'b:a': '143k', 'abr': 'True'}",190.8896484375,-2.799,-0.939,0.4736655229644384,1.757844460294829
"{'ar': '44100', 'sample_fmt': 's32p', 'compression_level': '0', 'reservoir': '1', 'b:a': '32k'}",44.771484375,-3.12,-1.357,0.8709262100164779,1.0818656975586465
"{'ar': '44100', 'sample_fmt': 's16p', 'compression_level': '9', 'reservoir': '1', 'b:a': '172k', 'abr': 'True'}",232.3984375,-2.668,-0.789,0.7483640010177623,2.0238472144541046
"{'ar': '44100', 'sample_fmt': 's16p', 'compression_level': '8', 'reservoir': '1', 'b:a': '170k'}",223.037109375,-2.689,-0.812,0.7124235979863442,1.9852569754735785
"{'ar': '32000', 'sample_fmt': 's32p', 'compression_level': '9', 'reservoir': '1', 'b:a': '272k', 'abr': 'True'}",375.6875,-3.177,-1.442,0.6187051689776126,0.412856687852063
"{'ar': '16000', 'sample_fmt': 's16p', 'compression_level': '9', 'reservoir': '1', 'b:a': '32k', 'abr': 'True'}",42.79296875,-3.446,-1.926,0.464301300002262,0.17602199752866834
"{'ar': '32000', 'sample_fmt': 'fltp', 'compression_level': '8', 'reservoir': '1', 'b:a': '190k'}",268.390625,-3.177,-1.443,0.48551557699101977,0.5935954829184198
"{'ar': '44100', 'sample_fmt': 's16p', 'compression_level': '1', 'reservoir': '1', 'b:a': '200k', 'abr': 'True'}",270.1220703125,-2.611,-0.726,0.9765826629882213,2.0994649844853983
"{'ar': '44100', 'sample_fmt': 's16p', 'compression_level': '8', 'reservoir': '1', 'b:a': '141k', 'abr': 'True'}",187.6083984375,-2.817,-0.96,0.49743700100225396,1.7127597085179886
"{'ar': '44100', 'sample_fmt': 's16p', 'compression_level': '3', 'reservoir': '1', 'b:a': '32k', 'abr': 'True'}",47.837890625,-3.341,-1.718,0.5175247649895027,0.4742969160305815
"{'ar': '22050', 'sample_fmt': 'fltp', 'compression_level': '8', 'reservoir': '0', 'b:a': '32k', 'abr': 'True'}",49.0322265625,-3.72,-2.719,0.4332997159799561,-0.7202038339522369
"{'ar': '44100', 'sample_fmt': 's16p', 'compression_level': '8', 'reservoir': '1', 'b:a': '141k', 'abr': 'True'}",187.6083984375,-2.817,-0.96,0.46461606098455377,1.7151855990217864
"{'ar': '44100', 'sample_fmt': 's32p', 'compression_level': '3', 'reservoir': '1', 'b:a': '172k', 'abr': 'True'}",231.3798828125,-2.639,-0.758,0.6321079070039559,2.1114127178586677
"{'ar': '44100', 'sample_fmt': 'fltp', 'compression_level': '9', 'reservoir': '1', 'aq': '9'}",97.1474609375,-3.314,-1.668,0.4653365580015816,0.47815400306676004
"{'ar': '44100', 'sample_fmt': 's16p', 'compression_level': '7', 'reservoir': '1', 'b:a': '172k', 'abr': 'True'}",232.3984375,-2.668,-0.789,0.4965607910125982,2.042458717221785
"{'ar': '44100', 'sample_fmt': 'fltp', 'compression_level': '3', 'reservoir': '1', 'aq': '9'}",103.837890625,-3.343,-1.721,0.5213513389753643,0.379050613980427
"{'ar': '44100', 'sample_fmt': 's16p', 'compression_level': '4', 'reservoir': '1', 'b:a': '137k', 'abr': 'True'}",181.205078125,-2.816,-0.959,0.6172220190055668,1.7167689995892612
"{'ar': '44100', 'sample_fmt': 's16p', 'compression_level': '1', 'reservoir': '1', 'aq': '9'}",103.81640625,-3.341,-1.719,0.49248010996961966,0.3865096442798133
"{'ar': '44100', 'sample_fmt': 's16p', 'compression_level': '8', 'reservoir': '1', 'b:a': '191k', 'abr': 'True'}",260.7529296875,-2.632,-0.749,0.4978130919917021,2.093617994872142
"{'ar': '44100', 'sample_fmt': 's32p', 'compression_level': '1', 'reservoir': '1', 'b:a': '216k'}",312.220703125,-2.594,-0.708,0.8472014579747338,2.087139819347197
"{'ar': '32000', 'sample_fmt': 's32p', 'compression_level': '9', 'reservoir': '0', 'aq': '9'}",89.62109375,-3.518,-2.09,0.4412954770086799,-0.11649026057366277
"{'ar': '44100', 'sample_fmt': 'fltp', 'compression_level': '6', 'reservoir': '0', 'b:a': '141k', 'abr': 'True'}",221.0947265625,-2.791,-0.929,0.5739295470120851,1.7240305692478752
"{'ar': '44100', 'sample_fmt': 'fltp', 'compression_level': '6', 'reservoir': '1', 'b:a': '144k', 'abr': 'True'}",196.421875,-2.716,-0.843,0.5767638679826632,1.9650654333121151
"{'ar': '22050', 'sample_fmt': 's16p', 'compression_level': '8', 'reservoir': '0', 'b:a': '245k', 'abr': 'True'}",223.35546875,-3.677,-2.554,0.43435784202301875,-0.8462055065157327
"{'ar': '44100', 'sample_fmt': 's16p', 'compression_level': '4', 'reservoir': '1', 'b:a': '133k', 'abr': 'True'}",176.396484375,-2.834,-0.98,0.5948531859903596,1.677531739877228
"{'ar': '16000', 'sample_fmt': 'fltp', 'compression_level': '8', 'reservoir': '1', 'b:a': '190k'}",224.375,-3.762,-2.907,0.41593146001105197,-1.1558719236422494
"{'ar': '44100', 'sample_fmt': 's16p', 'compression_level': '8', 'reservoir': '1', 'b:a': '32k', 'abr': 'True'}",48.193359375,-3.355,-1.744,0.4711594089749269,0.43633565621052645
"{'ar': '16000', 'sample_fmt': 'fltp', 'compression_level': '3', 'reservoir': '1', 'b:a': '32k', 'abr': 'True'}",43.49609375,-3.349,-1.733,0.4535911610000767,0.4625791062018852
"{'ar': '44100', 'sample_fmt': 's16p', 'compression_level': '8', 'reservoir': '1', 'b:a': '169k'}",223.037109375,-2.689,-0.812,0.4749677369836718,2.002808024223761
"{'ar': '44100', 'sample_fmt': 's16p', 'compression_level': '4', 'reservoir': '1', 'b:a': '137k', 'abr': 'True'}",181.205078125,-2.816,-0.959,0.6163967890024651,1.7168299947230659
"{'ar': '44100', 'sample_fmt': 's16p', 'compression_level': '1', 'reservoir': '1', 'aq': '9'}",103.81640625,-3.341,-1.719,0.49504599600913934,0.38631999222920965
"{'ar': '22050', 'sample_fmt': 'fltp', 'compression_level': '8', 'reservoir': '1', 'aq': '9'}",70.005859375,-3.724,-2.735,0.43013284701737575,-0.7678037309669944
"{'ar': '44100', 'sample_fmt': 'fltp', 'compression_level': '6', 'reservoir': '0', 'b:a': '168k', 'abr': 'True'}",251.4951171875,-2.653,-0.773,0.5841391769936308,2.0455100518781384
"{'ar': '44100', 'sample_fmt': 's16p', 'compression_level': '3', 'reservoir': '1', 'b:a': '164k', 'abr': 'True'}",221.0810546875,-2.666,-0.786,0.7166190770221874,2.0498585716062174
"{'ar': '44100', 'sample_fmt': 'fltp', 'compression_level': '6', 'reservoir': '1', 'b:a': '144k', 'abr': 'True'}",196.421875,-2.716,-0.843,0.5791292860230897,1.9648905984305216
"{'ar': '44100', 'sample_fmt': 'fltp', 'compression_level': '1', 'reservoir': '1', 'aq': '9'}",103.837890625,-3.343,-1.721,0.4923204819788225,0.3811963684977272
"{'ar': '44100', 'sample_fmt': 's16p', 'compression_level': '3', 'reservoir': '1', 'b:a': '164k', 'abr': 'True'}",221.0810546875,-2.666,-0.786,0.6357652339793276,2.0558347127504817
"{'ar': '44100', 'sample_fmt': 's32p', 'compression_level': '9', 'reservoir': '0', 'b:a': '272k', 'abr': 'True'}",445.4091796875,-2.599,-0.713,0.4827425259863958,1.8883269126291367
"{'ar': '44100', 'sample_fmt': 'fltp', 'compression_level': '3', 'reservoir': '1', 'b:a': '163k', 'abr': 'True'}",219.7431640625,-2.671,-0.793,0.6358744259923697,2.0441035687271345
"{'ar': '16000', 'sample_fmt': 's32p', 'compression_level': '0', 'reservoir': '1', 'b:a': '32k', 'abr': 'True'}",43.91796875,-3.277,-1.605,0.6584706419962458,0.6548969013682987
"{'ar': '44100', 'sample_fmt': 'fltp', 'compression_level': '6', 'reservoir': '1', 'b:a': '143k', 'abr': 'True'}",191.4599609375,-2.772,-0.907,0.5788852130062878,1.822160332203408
"{'ar': '12000', 'sample_fmt': 's16p', 'compression_level': '8', 'reservoir': '1', 'b:a': '190k'}",90.640625,-3.741,-2.808,0.4375494369887747,-0.8639154847942455
"{'ar': '44100', 'sample_fmt': 's16p', 'compression_level': '3', 'reservoir': '0', 'b:a': '164k', 'abr': 'True'}",235.44921875,-2.666,-0.786,0.6589989229978528,2.0311906728006957
"{'ar': '32000', 'sample_fmt': 's32p', 'compression_level': '1', 'reservoir': '1', 'aq': '9'}",83.046875,-3.54,-2.146,0.500390144996345,-0.17929217333142883
"{'ar': '16000', 'sample_fmt': 's16p', 'compression_level': '3', 'reservoir': '1', 'b:a': '32k', 'abr': 'True'}",43.42578125,-3.338,-1.712,0.45821379899280146,0.4946035716256572
"{'ar': '44100', 'sample_fmt': 'fltp', 'compression_level': '9', 'reservoir': '1', 'b:a': '133k', 'abr': 'True'}",176.65625,-2.904,-1.066,0.4824590580246877,1.495199544063805
"{'ar': '16000', 'sample_fmt': 's16p', 'compression_level': '3', 'reservoir': '1', 'b:a': '32k', 'abr': 'True'}",43.42578125,-3.338,-1.712,0.45723624096717685,0.49467582576371644
"{'ar': '16000', 'sample_fmt': 's32p', 'compression_level': '0', 'reservoir': '1', 'b:a': '32k', 'abr': 'True'}",43.91796875,-3.277,-1.605,0.6574298510095105,0.6549738292372079
"{'ar': '44100', 'sample_fmt': 's32p', 'compression_level': '8', 'reservoir': '1', 'b:a': '273k', 'abr': 'True'}",375.673828125,-2.598,-0.712,0.48995841303258203,2.001713194183955
"{'ar': '44100', 'sample_fmt': 'fltp', 'compression_level': '8', 'reservoir': '1', 'b:a': '171k', 'abr': 'True'}",231.080078125,-2.669,-0.79,0.4822793210041709,2.042972565081297
"{'ar': '16000', 'sample_fmt': 's32p', 'compression_level': '1', 'reservoir': '1', 'b:a': '216k'}",224.375,-3.739,-2.8,0.6143590020074043,-1.083195656618806
"{'ar': '22050', 'sample_fmt': 's32p', 'compression_level': '9', 'reservoir': '0', 'aq': '9'}",74.3984375,-3.724,-2.735,0.42985991199384443,-0.7747926389998971
"{'ar': '44100', 'sample_fmt': 'fltp', 'compression_level': '9', 'reservoir': '1', 'b:a': '134k', 'abr': 'True'}",178.1904296875,-2.893,-1.053,0.4712944159982726,1.523306994303355
"{'ar': '44100', 'sample_fmt': 's32p', 'compression_level': '1', 'reservoir': '1', 'b:a': '32k'}",44.771484375,-3.12,-1.357,0.8723856839933433,1.0817578236202674
"{'ar': '44100', 'sample_fmt': 'fltp', 'compression_level': '3', 'reservoir': '0', 'b:a': '32k', 'abr': 'True'}",52.6875,-3.333,-1.704,0.5339351529837586,0.48840154721695367
"{'ar': '32000', 'sample_fmt': 's32p', 'compression_level': '8', 'reservoir': '0', 'aq': '9'}",89.62109375,-3.518,-2.09,0.4422735740081407,-0.11656255454883549
"{'ar': '22050', 'sample_fmt': 'fltp', 'compression_level': '6', 'reservoir': '0', 'b:a': '249k', 'abr': 'True'}",211.857421875,-3.676,-2.552,0.49851974000921473,-0.8296400166680017
"{'ar': '16000', 'sample_fmt': 's32p', 'compression_level': '0', 'reservoir': '1', 'b:a': '32k', 'abr': 'True'}",43.91796875,-3.277,-1.605,0.6723783380293753,0.6538689433720232
"{'ar': '16000', 'sample_fmt': 's16p', 'compression_level': '6', 'reservoir': '1', 'b:a': '32k', 'abr': 'True'}",43.35546875,-3.405,-1.842,0.4633260750269983,0.2972224755146386
"{'ar': '16000', 'sample_fmt': 's32p', 'compression_level': '0', 'reservoir': '0', 'b:a': '32k', 'abr': 'True'}",48.27734375,-3.277,-1.605,0.6561683929758146,0.6481109668474678
"{'ar': '44100', 'sample_fmt': 's16p', 'compression_level': '3', 'reservoir': '1', 'b:a': '32k', 'abr': 'True'}",47.837890625,-3.341,-1.718,0.5224862940085586,0.473930195085808
"{'ar': '32000', 'sample_fmt': 'fltp', 'compression_level': '8', 'reservoir': '1', 'b:a': '250k', 'abr': 'True'}",346.578125,-3.172,-1.434,0.4837233970174566,0.4834557364932159
"{'ar': '44100', 'sample_fmt': 's16p', 'compression_level': '7', 'reservoir': '1', 'b:a': '172k', 'abr': 'True'}",232.3984375,-2.668,-0.789,0.48915065499022603,2.043006421784751
"{'ar': '44100', 'sample_fmt': 's16p', 'compression_level': '8', 'reservoir': '1', 'b:a': '32k'}",44.771484375,-3.291,-1.629,0.5658310399740003,0.6201921058129276
"{'ar': '12000', 'sample_fmt': 'fltp', 'compression_level': '8', 'reservoir': '1', 'b:a': '191k'}",90.640625,-3.742,-2.811,0.4147377939661965,-0.865505723412888
"{'ar': '44100', 'sample_fmt': 'fltp', 'compression_level': '9', 'reservoir': '1', 'b:a': '190k', 'abr': 'True'}",259.3271484375,-2.638,-0.756,0.49376401701010764,2.08000450649891
"{'ar': '12000', 'sample_fmt': 'fltp', 'compression_level': '6', 'reservoir': '1', 'b:a': '169k', 'abr': 'True'}",82.53125,-3.759,-2.892,0.4345872339908965,-0.9191940845120967
"{'ar': '44100', 'sample_fmt': 's16p', 'compression_level': '9', 'reservoir': '0', 'b:a': '201k', 'abr': 'True'}",299.8154296875,-2.615,-0.73,0.5897204570064787,2.070096860251114
"{'ar': '44100', 'sample_fmt': 's16p', 'compression_level': '8', 'reservoir': '1', 'b:a': '170k', 'abr': 'True'}",229.55078125,-2.677,-0.799,0.5839704379905015,2.0164178973403106
"{'ar': '44100', 'sample_fmt': 's16p', 'compression_level': '1', 'reservoir': '1', 'b:a': '169k', 'abr': 'True'}",225.3125,-2.687,-0.811,1.1456932020373642,1.9545773410193823
"{'ar': '24000', 'sample_fmt': 's32p', 'compression_level': '9', 'reservoir': '1', 'b:a': '272k'}",223.671875,-3.66,-2.495,0.5056879189796746,-0.7937616075187512
"{'ar': '8000', 'sample_fmt': 's32p', 'compression_level': '8', 'reservoir': '1', 'aq': '9'}",36.8515625,-3.855,-3.486,0.41506365497480147,-1.2559179067188322
"{'ar': '44100', 'sample_fmt': 's32p', 'compression_level': '8', 'reservoir': '1', 'b:a': '172k', 'abr': 'True'}",232.501953125,-2.664,-0.785,0.5106651750102174,2.051832630213237
"{'ar': '12000', 'sample_fmt': 'fltp', 'compression_level': '8', 'reservoir': '1', 'b:a': '190k'}",90.640625,-3.742,-2.811,0.41260426898952574,-0.865348028417628
"{'ar': '44100', 'sample_fmt': 's32p', 'compression_level': '1', 'reservoir': '1', 'b:a': '133k'}",178.4443359375,-2.942,-1.114,0.991244270990137,1.3510609321147122
"{'ar': '44100', 'sample_fmt': 's16p', 'compression_level': '4', 'reservoir': '1', 'b:a': '133k'}",178.4443359375,-2.832,-0.978,0.6053074780211318,1.6787821411803403
"{'ar': '44100', 'sample_fmt': 'fltp', 'compression_level': '3', 'reservoir': '0', 'b:a': '32k', 'abr': 'True'}",52.6875,-3.333,-1.704,0.5222121209953912,0.48926803038169425
"{'ar': '44100', 'sample_fmt': 's16p', 'compression_level': '3', 'reservoir': '1', 'b:a': '129k', 'abr': 'True'}",171.7666015625,-2.921,-1.087,0.6204582109930925,1.4465682971018474
"{'ar': '44100', 'sample_fmt': 's16p', 'compression_level': '8', 'reservoir': '0', 'b:a': '32k', 'abr': 'True'}",52.9921875,-3.355,-1.744,0.4698641799914185,0.428774070131109
"{'ar': '44100', 'sample_fmt': 's16p', 'compression_level': '8', 'reservoir': '1', 'b:a': '136k', 'abr': 'True'}",180.84375,-2.87,-1.024,0.48545564501546323,1.5807633517372492
"{'ar': '44100', 'sample_fmt': 's16p', 'compression_level': '8', 'reservoir': '1', 'b:a': '135k', 'abr': 'True'}",179.365234375,-2.88,-1.036,0.4856289960152935,1.5560248746450032
"{'ar': '44100', 'sample_fmt': 's16p', 'compression_level': '8', 'reservoir': '1', 'b:a': '141k', 'abr': 'True'}",187.6083984375,-2.817,-0.96,0.4837966830236837,1.7137679038297362
"{'ar': '44100', 'sample_fmt': 's16p', 'compression_level': '7', 'reservoir': '1', 'b:a': '32k'}",44.771484375,-3.291,-1.629,0.4738832379807718,0.6269882335161605
"{'ar': '44100', 'sample_fmt': 's32p', 'compression_level': '9', 'reservoir': '1', 'b:a': '34k', 'abr': 'True'}",51.01171875,-3.386,-1.804,0.4778966259909794,0.34018495527188164
"{'ar': '44100', 'sample_fmt': 's16p', 'compression_level': '8', 'reservoir': '1', 'b:a': '143k', 'abr': 'True'}",190.8896484375,-2.799,-0.939,0.5247950729972217,1.7540653275271179
"{'ar': '44100', 'sample_fmt': 'fltp', 'compression_level': '6', 'reservoir': '1', 'b:a': '249k', 'abr': 'True'}",345.36328125,-2.589,-0.703,0.7771955860080197,2.0526566979249674
"{'ar': '32000', 'sample_fmt': 's32p', 'compression_level': '9', 'reservoir': '1', 'b:a': '32k', 'abr': 'True'}",46.73046875,-3.442,-1.918,0.4241682179563213,0.18454883880089898
"{'ar': '44100', 'sample_fmt': 's32p', 'compression_level': '9', 'reservoir': '1', 'b:a': '32k'}",44.771484375,-3.286,-1.619,0.4452470969990827,0.6439090867025331
"{'ar': '32000', 'sample_fmt': 's16p', 'compression_level': '9', 'reservoir': '1', 'b:a': '272k', 'abr': 'True'}",375.828125,-3.176,-1.441,0.43774930300423875,0.42865266463865304
"{'ar': '32000', 'sample_fmt': 's32p', 'compression_level': '9', 'reservoir': '0', 'aq': '9'}",89.62109375,-3.518,-2.09,0.5160032739804592,-0.1220121296955022
"{'ar': '44100', 'sample_fmt': 'fltp', 'compression_level': '8', 'reservoir': '1', 'b:a': '171k', 'abr': 'True'}",231.080078125,-2.669,-0.79,0.5710463459836319,2.036411537797133
"{'ar': '44100', 'sample_fmt': 's32p', 'compression_level': '9', 'reservoir': '1', 'b:a': '249k', 'abr': 'True'}",343.53515625,-2.603,-0.718,0.5678124830010347,2.0336988765360586
"{'ar': '32000', 'sample_fmt': 's32p', 'compression_level': '9', 'reservoir': '1', 'b:a': '272k', 'abr': 'True'}",375.6875,-3.177,-1.442,0.5322230889869388,0.41924882825038495
"{'ar': '44100', 'sample_fmt': 's16p', 'compression_level': '3', 'reservoir': '1', 'b:a': '164k', 'abr': 'True'}",221.0810546875,-2.666,-0.786,0.7170064070087392,2.0498299429278277
"{'ar': '44100', 'sample_fmt': 's32p', 'compression_level': '1', 'reservoir': '1', 'b:a': '216k', 'abr': 'True'}",296.1259765625,-2.594,-0.709,0.8577030900050886,2.1117299405145515
"{'ar': '44100', 'sample_fmt': 'fltp', 'compression_level': '6', 'reservoir': '1', 'b:a': '144k', 'abr': 'True'}",196.421875,-2.716,-0.843,0.6159410279651638,1.9621697362261676
"{'ar': '44100', 'sample_fmt': 's32p', 'compression_level': '3', 'reservoir': '1', 'b:a': '129k', 'abr': 'True'}",171.7646484375,-2.921,-1.088,0.6559777070069686,1.4436306066516864
"{'ar': '44100', 'sample_fmt': 's16p', 'compression_level': '8', 'reservoir': '1', 'b:a': '191k'}",267.6279296875,-2.634,-0.752,0.4654371230280958,2.0794345512045345
"{'ar': '44100', 'sample_fmt': 's16p', 'compression_level': '1', 'reservoir': '1', 'b:a': '216k', 'abr': 'True'}",295.921875,-2.596,-0.711,0.8502899589948356,2.1073127515940207
"{'ar': '44100', 'sample_fmt': 'fltp', 'compression_level': '6', 'reservoir': '1', 'b:a': '168k', 'abr': 'True'}",228.12109375,-2.654,-0.773,0.592939922993537,2.0798267274071733
"{'ar': '44100', 'sample_fmt': 's16p', 'compression_level': '8', 'reservoir': '1', 'b:a': '170k'}",223.037109375,-2.689,-0.812,0.491199559008237,2.001608283360535
"{'ar': '44100', 'sample_fmt': 's16p', 'compression_level': '9', 'reservoir': '1', 'b:a': '172k', 'abr': 'True'}",232.3984375,-2.668,-0.789,0.4788380570244044,2.043768655695823
"{'ar': '22050', 'sample_fmt': 'fltp', 'compression_level': '4', 'reservoir': '1', 'b:a': '132k', 'abr': 'True'}",162.8154296875,-3.678,-2.559,0.48370861800503917,-0.7571587971739143
"{'ar': '44100', 'sample_fmt': 's32p', 'compression_level': '8', 'reservoir': '1', 'b:a': '172k', 'abr': 'True'}",232.501953125,-2.664,-0.785,0.47769852698547766,2.0542692904168183
"{'ar': '22050', 'sample_fmt': 'fltp', 'compression_level': '8', 'reservoir': '0', 'b:a': '32k', 'abr': 'True'}",49.0322265625,-3.72,-2.719,0.4220425359962974,-0.7193717832551156
"{'ar': '44100', 'sample_fmt': 's32p', 'compression_level': '1', 'reservoir': '1', 'b:a': '32k'}",44.771484375,-3.12,-1.357,0.8636799310042989,1.0824012909765692
"{'ar': '44100', 'sample_fmt': 's16p', 'compression_level': '1', 'reservoir': '1', 'b:a': '207k', 'abr': 'True'}",276.0517578125,-2.614,-0.729,0.8308177719882224,2.092840907513513
"{'ar': '44100', 'sample_fmt': 'fltp', 'compression_level': '6', 'reservoir': '1', 'b:a': '133k', 'abr': 'True'}",178.697265625,-2.833,-0.979,0.5680733310000505,1.6784852373683707
"{'ar': '32000', 'sample_fmt': 'fltp', 'compression_level': '8', 'reservoir': '1', 'b:a': '189k', 'abr': 'True'}",263.2578125,-3.177,-1.443,0.4913585020112805,0.6013538626910364
"{'ar': '44100', 'sample_fmt': 's16p', 'compression_level': '1', 'reservoir': '1', 'b:a': '246k', 'abr': 'True'}",337.337890625,-2.591,-0.705,0.8940337829990312,2.0515358885026354
"{'ar': '44100', 'sample_fmt': 'fltp', 'compression_level': '6', 'reservoir': '1', 'b:a': '165k', 'abr': 'True'}",224.1435546875,-2.657,-0.777,0.5679713739664294,2.079767396166575
"{'ar': '44100', 'sample_fmt': 's16p', 'compression_level': '2', 'reservoir': '1', 'b:a': '32k', 'abr': 'True'}",47.8125,-3.293,-1.632,0.5412326860241592,0.611551549320673
"{'ar': '44100', 'sample_fmt': 'fltp', 'compression_level': '8', 'reservoir': '1', 'b:a': '144k', 'abr': 'True'}",192.5791015625,-2.807,-0.948,0.48993515502661467,1.7324674958516064
"{'ar': '44100', 'sample_fmt': 'fltp', 'compression_level': '8', 'reservoir': '1', 'b:a': '133k', 'abr': 'True'}",176.65625,-2.904,-1.066,0.49862922899774276,1.49400436000792
"{'ar': '22050', 'sample_fmt': 'fltp', 'compression_level': '8', 'reservoir': '0', 'b:a': '32k', 'abr': 'True'}",49.0322265625,-3.72,-2.719,0.4202789950068109,-0.7192414348453156
"{'ar': '12000', 'sample_fmt': 'fltp', 'compression_level': '8', 'reservoir': '1', 'b:a': '192k'}",90.640625,-3.742,-2.811,0.3962386289786082,-0.8641383966804004
"{'ar': '16000', 'sample_fmt': 's32p', 'compression_level': '0', 'reservoir': '1', 'b:a': '134k', 'abr': 'True'}",112.26171875,-3.761,-2.899,0.7464027960086241,-0.9965492148836179
"{'ar': '16000', 'sample_fmt': 's32p', 'compression_level': '0', 'reservoir': '1', 'b:a': '172k', 'abr': 'True'}",132.4765625,-3.738,-2.795,0.7507088739948813,-0.9427273555346016
"{'ar': '32000', 'sample_fmt': 's32p', 'compression_level': '9', 'reservoir': '0', 'b:a': '65k', 'abr': 'True'}",94.12109375,-3.617,-2.357,0.4298994719865732,-0.4377196805776014
"{'ar': '32000', 'sample_fmt': 's32p', 'compression_level': '9', 'reservoir': '1', 'b:a': '196k', 'abr': 'True'}",272.5390625,-3.177,-1.443,0.4405380700191017,0.5903003855143292
"{'ar': '44100', 'sample_fmt': 'fltp', 'compression_level': '3', 'reservoir': '1', 'b:a': '163k', 'abr': 'True'}",219.7431640625,-2.671,-0.793,0.6245834040164482,2.0449381207836805
"{'ar': '8000', 'sample_fmt': 's32p', 'compression_level': '8', 'reservoir': '1', 'b:a': '143k', 'abr': 'True'}",90.078125,-3.858,-3.51,0.4091723560122773,-1.3549750210561804
"{'ar': '44100', 'sample_fmt': 's32p', 'compression_level': '8', 'reservoir': '1', 'b:a': '273k', 'abr': 'True'}",375.673828125,-2.598,-0.712,0.4878328149789013,2.001870303277434
"{'ar': '44100', 'sample_fmt': 's16p', 'compression_level': '7', 'reservoir': '1', 'b:a': '32k'}",44.771484375,-3.291,-1.629,0.4480853100249078,0.628895032907404
"{'ar': '32000', 'sample_fmt': 'fltp', 'compression_level': '9', 'reservoir': '1', 'b:a': '177k', 'abr': 'True'}",245.6796875,-3.182,-1.45,0.4325179349689279,0.6198938328857908
"{'ar': '16000', 'sample_fmt': 's16p', 'compression_level': '3', 'reservoir': '1', 'b:a': '32k', 'abr': 'True'}",43.42578125,-3.338,-1.712,0.507811487041181,0.4909376632031076
"{'ar': '44100', 'sample_fmt': 's32p', 'compression_level': '8', 'reservoir': '1', 'b:a': '276k', 'abr': 'True'}",379.865234375,-2.599,-0.714,0.45987919901381247,1.994287502535544
"{'ar': '16000', 'sample_fmt': 's16p', 'compression_level': '9', 'reservoir': '1', 'b:a': '32k', 'abr': 'True'}",42.79296875,-3.446,-1.926,0.3930196510045789,0.181290630154829
"{'ar': '8000', 'sample_fmt': 's32p', 'compression_level': '8', 'reservoir': '1', 'aq': '9'}",36.8515625,-3.855,-3.486,0.3919718579854816,-1.254211125285948
"{'ar': '32000', 'sample_fmt': 's32p', 'compression_level': '9', 'reservoir': '0', 'aq': '9'}",89.62109375,-3.518,-2.09,0.41802625902346335,-0.11477036544236269
"{'ar': '44100', 'sample_fmt': 's16p', 'compression_level': '6', 'reservoir': '1', 'b:a': '253k', 'abr': 'True'}",349.7314453125,-2.582,-0.695,0.532372329995269,2.082615399460698
"{'ar': '16000', 'sample_fmt': 's32p', 'compression_level': '8', 'reservoir': '0', 'b:a': '32k', 'abr': 'True'}",47.71484375,-3.448,-1.93,0.39281699096318334,0.16753023829667918
"{'ar': '16000', 'sample_fmt': 's32p', 'compression_level': '0', 'reservoir': '1', 'b:a': '32k', 'abr': 'True'}",43.91796875,-3.277,-1.605,0.6527833429863676,0.6553172660700068
"{'ar': '44100', 'sample_fmt': 'fltp', 'compression_level': '9', 'reservoir': '1', 'b:a': '133k', 'abr': 'True'}",176.65625,-2.904,-1.066,0.4720362559892237,1.4959699234760693
"{'ar': '44100', 'sample_fmt': 'fltp', 'compression_level': '9', 'reservoir': '1', 'b:a': '141k', 'abr': 'True'}",187.755859375,-2.823,-0.967,0.4789380010042805,1.6977038889744291
"{'ar': '16000', 'sample_fmt': 'fltp', 'compression_level': '0', 'reservoir': '1', 'b:a': '32k', 'abr': 'True'}",43.91796875,-3.277,-1.605,0.6548815509886481,0.6551621814543627
"{'ar': '44100', 'sample_fmt': 's32p', 'compression_level': '3', 'reservoir': '1', 'b:a': '129k', 'abr': 'True'}",171.7646484375,-2.921,-1.088,0.5913905549969058,1.448404429663582
"{'ar': '44100', 'sample_fmt': 's16p', 'compression_level': '6', 'reservoir': '1', 'b:a': '141k', 'abr': 'True'}",188.9970703125,-2.794,-0.932,0.5532511089986656,1.7688398776660468
"{'ar': '44100', 'sample_fmt': 'fltp', 'compression_level': '8', 'reservoir': '1', 'b:a': '171k', 'abr': 'True'}",231.080078125,-2.669,-0.79,0.48389993398450315,2.0428527808936043
"{'ar': '44100', 'sample_fmt': 's16p', 'compression_level': '8', 'reservoir': '1', 'b:a': '199k', 'abr': 'True'}",272.357421875,-2.619,-0.736,0.4739490590291098,2.111255128220543
"{'ar': '44100', 'sample_fmt': 'fltp', 'compression_level': '8', 'reservoir': '1', 'b:a': '32k', 'abr': 'True'}",48.16796875,-3.35,-1.734,0.4638103030156344,0.4517236380570251
"{'ar': '44100', 'sample_fmt': 's16p', 'compression_level': '6', 'reservoir': '1', 'b:a': '143k', 'abr': 'True'}",191.458984375,-2.768,-0.902,0.5565631840145215,1.8347088195167427
"{'ar': '44100', 'sample_fmt': 's16p', 'compression_level': '8', 'reservoir': '1', 'b:a': '172k', 'abr': 'True'}",232.3984375,-2.668,-0.789,0.45876862201839685,2.045252045622236
"{'ar': '44100', 'sample_fmt': 's16p', 'compression_level': '8', 'reservoir': '1', 'b:a': '32k', 'abr': 'True'}",48.193359375,-3.355,-1.744,0.4455940850020852,0.4382252631693394
"{'ar': '44100', 'sample_fmt': 'fltp', 'compression_level': '6', 'reservoir': '0', 'b:a': '247k', 'abr': 'True'}",360.60546875,-2.593,-0.707,0.5437097620160785,2.0350113056545025
"{'ar': '44100', 'sample_fmt': 's32p', 'compression_level': '8', 'reservoir': '1', 'b:a': '275k', 'abr': 'True'}",378.6396484375,-2.6,-0.715,0.4696953359816689,1.9928721913493035
"{'ar': '44100', 'sample_fmt': 'fltp', 'compression_level': '9', 'reservoir': '1', 'b:a': '130k', 'abr': 'True'}",172.376953125,-2.918,-1.084,0.4549334609764628,1.4657649819644818
"{'ar': '44100', 'sample_fmt': 's16p', 'compression_level': '1', 'reservoir': '1', 'b:a': '207k', 'abr': 'True'}",276.0517578125,-2.614,-0.729,0.8181877509923652,2.0937744288562925
"{'ar': '44100', 'sample_fmt': 's32p', 'compression_level': '3', 'reservoir': '1', 'b:a': '32k', 'abr': 'True'}",47.787109375,-3.333,-1.704,0.5993230209860485,0.4913879208551039
"{'ar': '44100', 'sample_fmt': 'fltp', 'compression_level': '8', 'reservoir': '1', 'b:a': '249k', 'abr': 'True'}",343.53515625,-2.603,-0.718,0.4617159439949319,2.041540778270802
"{'ar': '44100', 'sample_fmt': 's32p', 'compression_level': '8', 'reservoir': '1', 'b:a': '172k', 'abr': 'True'}",232.501953125,-2.664,-0.785,0.4656643730122596,2.0551587695063604
"{'ar': '44100', 'sample_fmt': 's16p', 'compression_level': '7', 'reservoir': '1', 'b:a': '133k', 'abr': 'True'}",176.70703125,-2.904,-1.066,0.4803280340274796,1.4952760243611056
"{'ar': '16000', 'sample_fmt': 's16p', 'compression_level': '6', 'reservoir': '1', 'b:a': '32k', 'abr': 'True'}",43.35546875,-3.405,-1.842,0.45612977899145335,0.29775437454634607
"{'ar': '44100', 'sample_fmt': 's16p', 'compression_level': '3', 'reservoir': '1', 'b:a': '129k', 'abr': 'True'}",171.7666015625,-2.921,-1.087,0.5954111340106465,1.4484195989282678
"{'ar': '16000', 'sample_fmt': 's32p', 'compression_level': '0', 'reservoir': '0', 'b:a': '65k'}",89.796875,-3.833,-3.315,0.6931892780121416,-1.2557559161124834
"{'ar': '32000', 'sample_fmt': 's32p', 'compression_level': '9', 'reservoir': '0', 'aq': '9'}",89.62109375,-3.518,-2.09,0.4189654699875973,-0.11483978523831388
"{'ar': '44100', 'sample_fmt': 's32p', 'compression_level': '1', 'reservoir': '1', 'b:a': '32k'}",44.771484375,-3.12,-1.357,0.8475586340064183,1.0835928626157412
"{'ar': '32000', 'sample_fmt': 's32p', 'compression_level': '3', 'reservoir': '1', 'b:a': '170k', 'abr': 'True'}",223.07421875,-3.187,-1.458,0.5428659919998609,0.6336350791336883
"{'ar': '44100', 'sample_fmt': 'fltp', 'compression_level': '1', 'reservoir': '1', 'b:a': '215k'}",312.220703125,-2.594,-0.708,0.8284653449954931,2.0885246595903437
"{'ar': '16000', 'sample_fmt': 's32p', 'compression_level': '0', 'reservoir': '1', 'b:a': '265k'}",224.375,-3.741,-2.807,0.7525046610098798,-1.1002744859428288
"{'ar': '44100', 'sample_fmt': 's32p', 'compression_level': '3', 'reservoir': '1', 'b:a': '129k', 'abr': 'True'}",171.7646484375,-2.921,-1.088,0.5932108630076982,1.4482698854392244
"{'ar': '44100', 'sample_fmt': 's32p', 'compression_level': '1', 'reservoir': '1', 'b:a': '216k'}",312.220703125,-2.594,-0.708,0.82553243698203,2.088741439295451
"{'ar': '32000', 'sample_fmt': 's16p', 'compression_level': '6', 'reservoir': '1', 'b:a': '274k', 'abr': 'True'}",354.171875,-3.178,-1.443,0.5196801830024924,0.45186223574275086
"{'ar': '44100', 'sample_fmt': 's16p', 'compression_level': '8', 'reservoir': '1', 'b:a': '171k', 'abr': 'True'}",231.0771484375,-2.671,-0.792,0.48932525198324583,2.0371656622727174
"{'ar': '44100', 'sample_fmt': 's32p', 'compression_level': '8', 'reservoir': '1', 'b:a': '273k', 'abr': 'True'}",375.673828125,-2.598,-0.712,0.4740110319980886,2.002891911191791
"{'ar': '44100', 'sample_fmt': 's16p', 'compression_level': '7', 'reservoir': '1', 'b:a': '32k', 'abr': 'True'}",48.193359375,-3.355,-1.744,0.45087644102750346,0.43783482897358417
"{'ar': '16000', 'sample_fmt': 's32p', 'compression_level': '0', 'reservoir': '1', 'b:a': '32k'}",44.97265625,-3.267,-1.587,0.638503522000974,0.6836674311046333
"{'ar': '32000', 'sample_fmt': 'fltp', 'compression_level': '3', 'reservoir': '1', 'b:a': '129k', 'abr': 'True'}",171.5,-3.282,-1.613,0.5545679900096729,0.44482515832253555
"{'ar': '22050', 'sample_fmt': 'fltp', 'compression_level': '9', 'reservoir': '1', 'b:a': '133k', 'abr': 'True'}",184.439453125,-3.68,-2.564,0.4190857309731655,-0.7931241894673874
"{'ar': '32000', 'sample_fmt': 'fltp', 'compression_level': '9', 'reservoir': '1', 'b:a': '272k', 'abr': 'True'}",375.6875,-3.177,-1.442,0.44264373899204656,0.4258698968234296
"{'ar': '44100', 'sample_fmt': 's16p', 'compression_level': '8', 'reservoir': '1', 'b:a': '135k', 'abr': 'True'}",179.365234375,-2.88,-1.036,0.48153268100577407,1.5563276451225336
"{'ar': '44100', 'sample_fmt': 's16p', 'compression_level': '6', 'reservoir': '1', 'b:a': '168k', 'abr': 'True'}",228.12109375,-2.652,-0.771,0.5695550479867961,2.086845963574382
"{'ar': '22050', 'sample_fmt': 's32p', 'compression_level': '8', 'reservoir': '0', 'b:a': '246k', 'abr': 'True'}",223.35546875,-3.676,-2.552,0.42283855797722936,-0.8423932282960712
"{'ar': '32000', 'sample_fmt': 's32p', 'compression_level': '9', 'reservoir': '0', 'aq': '9'}",89.62109375,-3.518,-2.09,0.4350604649807792,-0.11602941282032628
"{'ar': '44100', 'sample_fmt': 's32p', 'compression_level': '3', 'reservoir': '1', 'b:a': '129k', 'abr': 'True'}",171.7646484375,-2.921,-1.088,0.5949990609951783,1.448137714559463
"{'ar': '44100', 'sample_fmt': 's32p', 'compression_level': '7', 'reservoir': '1', 'b:a': '144k', 'abr': 'True'}",192.5791015625,-2.807,-0.948,0.48029016601503827,1.7331803848559981
"{'ar': '44100', 'sample_fmt': 's16p', 'compression_level': '4', 'reservoir': '1', 'b:a': '133k', 'abr': 'True'}",176.396484375,-2.834,-0.98,0.5978911420097575,1.677307195770495
"{'ar': '44100', 'sample_fmt': 's16p', 'compression_level': '6', 'reservoir': '1', 'b:a': '131k', 'abr': 'True'}",176.248046875,-2.843,-0.991,0.5692050009965897,1.6552248447710807
"{'ar': '44100', 'sample_fmt': 's16p', 'compression_level': '4', 'reservoir': '1', 'b:a': '133k', 'abr': 'True'}",176.396484375,-2.834,-0.98,0.5995237540046219,1.6771865247009707
"{'ar': '44100', 'sample_fmt': 'fltp', 'compression_level': '8', 'reservoir': '1', 'b:a': '135k', 'abr': 'True'}",179.408203125,-2.879,-1.035,0.46881320598185994,1.5598446108030275
"{'ar': '44100', 'sample_fmt': 's16p', 'compression_level': '8', 'reservoir': '1', 'b:a': '217k', 'abr': 'True'}",298.0703125,-2.608,-0.723,0.4709647769923322,2.100176831124149
"{'ar': '44100', 'sample_fmt': 's16p', 'compression_level': '7', 'reservoir': '1', 'b:a': '32k'}",44.771484375,-3.291,-1.629,0.44282632498652674,0.6292837396859832
"{'ar': '44100', 'sample_fmt': 's32p', 'compression_level': '3', 'reservoir': '0', 'b:a': '216k'}",312.220703125,-2.598,-0.712,0.5800993340380955,2.0963005240629826
"{'ar': '24000', 'sample_fmt': 's32p', 'compression_level': '9', 'reservoir': '1', 'b:a': '272k', 'abr': 'True'}",219.1953125,-3.661,-2.499,0.42560696898726746,-0.7842912722598904
"{'ar': '44100', 'sample_fmt': 's32p', 'compression_level': '6', 'reservoir': '1', 'b:a': '168k', 'abr': 'True'}",228.119140625,-2.654,-0.773,0.5806348689948209,2.0807393460327277
"{'ar': '44100', 'sample_fmt': 'fltp', 'compression_level': '6', 'reservoir': '1', 'b:a': '144k', 'abr': 'True'}",196.421875,-2.716,-0.843,0.5579859050048981,1.966453366809567
"{'ar': '44100', 'sample_fmt': 's16p', 'compression_level': '6', 'reservoir': '1', 'b:a': '216k'}",312.220703125,-2.592,-0.706,0.551462289004121,2.1142895482741855
"{'ar': '44100', 'sample_fmt': 's16p', 'compression_level': '6', 'reservoir': '1', 'b:a': '136k', 'abr': 'True'}",182.6826171875,-2.822,-0.966,0.5579101759649348,1.7026074166034135
"{'ar': '22050', 'sample_fmt': 'fltp', 'compression_level': '8', 'reservoir': '1', 'b:a': '32k', 'abr': 'True'}",44.232421875,-3.72,-2.719,0.4176260170061141,-0.711386467114218
"{'ar': '44100', 'sample_fmt': 'fltp', 'compression_level': '9', 'reservoir': '1', 'b:a': '136k', 'abr': 'True'}",180.99609375,-2.873,-1.028,0.45720173697918653,1.57435694303677
"{'ar': '44100', 'sample_fmt': 's16p', 'compression_level': '6', 'reservoir': '1', 'b:a': '143k'}",178.4443359375,-2.851,-1.001,0.5639132320065983,1.630317347199783
"{'ar': '44100', 'sample_fmt': 's16p', 'compression_level': '8', 'reservoir': '1', 'b:a': '134k', 'abr': 'True'}",178.1396484375,-2.894,-1.053,0.456002161023207,1.5221883810574144
"{'ar': '44100', 'sample_fmt': 's16p', 'compression_level': '7', 'reservoir': '1', 'b:a': '143k', 'abr': 'True'}",190.8896484375,-2.799,-0.939,0.46354601299390197,1.7585924225142955
"{'ar': '44100', 'sample_fmt': 's16p', 'compression_level': '7', 'reservoir': '1', 'b:a': '216k'}",312.220703125,-2.602,-0.717,0.49102920197765343,2.091986911476282
"{'ar': '44100', 'sample_fmt': 'fltp', 'compression_level': '8', 'reservoir': '1', 'b:a': '171k', 'abr': 'True'}",231.080078125,-2.669,-0.79,0.46546750303241424,2.0442151751207187
"{'ar': '44100', 'sample_fmt': 's16p', 'compression_level': '7', 'reservoir': '1', 'b:a': '143k', 'abr': 'True'}",190.8896484375,-2.799,-0.939,0.4621108700230252,1.7586984980777243
"{'ar': '44100', 'sample_fmt': 's16p', 'compression_level': '1', 'reservoir': '1', 'b:a': '168k', 'abr': 'True'}",224.44921875,-2.698,-0.822,0.9693613179842941,1.9398886886669995
"{'ar': '44100', 'sample_fmt': 's16p', 'compression_level': '3', 'reservoir': '1', 'b:a': '129k', 'abr': 'True'}",171.7666015625,-2.921,-1.087,0.5946245240047574,1.4484777395464967
"{'ar': '16000', 'sample_fmt': 'fltp', 'compression_level': '8', 'reservoir': '1', 'b:a': '183k'}",224.375,-3.762,-2.907,0.4073917929781601,-1.1552407321788265
"{'ar': '44100', 'sample_fmt': 'fltp', 'compression_level': '3', 'reservoir': '1', 'b:a': '129k', 'abr': 'True'}",171.7158203125,-2.921,-1.088,0.5992641739721876,1.4479003810473658
"{'ar': '44100', 'sample_fmt': 'fltp', 'compression_level': '8', 'reservoir': '1', 'b:a': '193k', 'abr': 'True'}",263.8056640625,-2.63,-0.747,0.46795580102480017,2.0962444858054208
"{'ar': '44100', 'sample_fmt': 'fltp', 'compression_level': '9', 'reservoir': '1', 'b:a': '131k', 'abr': 'True'}",173.70703125,-2.908,-1.071,0.46261630902881734,1.4904750995599916
"{'ar': '44100', 'sample_fmt': 'fltp', 'compression_level': '9', 'reservoir': '1', 'b:a': '135k', 'abr': 'True'}",179.408203125,-2.879,-1.035,0.4576817229972221,1.5606673708717842
"{'ar': '44100', 'sample_fmt': 's32p', 'compression_level': '3', 'reservoir': '1', 'b:a': '131k', 'abr': 'True'}",174.66796875,-2.893,-1.052,0.604348294029478,1.5194087224125532
"{'ar': '44100', 'sample_fmt': 'fltp', 'compression_level': '6', 'reservoir': '1', 'b:a': '248k', 'abr': 'True'}",344.2451171875,-2.59,-0.704,0.5395040909934323,2.069363981639863
"{'ar': '22050', 'sample_fmt': 's16p', 'compression_level': '4', 'reservoir': '1', 'b:a': '133k', 'abr': 'True'}",164.646484375,-3.678,-2.556,0.4921497009927407,-0.7597580759395253
"{'ar': '44100', 'sample_fmt': 's16p', 'compression_level': '8', 'reservoir': '1', 'b:a': '32k'}",44.771484375,-3.291,-1.629,0.46449668300920166,0.6276820209139812
"{'ar': '44100', 'sample_fmt': 's16p', 'compression_level': '8', 'reservoir': '1', 'b:a': '137k', 'abr': 'True'}",182.173828125,-2.862,-1.014,0.48111064301338047,1.6007562315817754
"{'ar': '44100', 'sample_fmt': 'fltp', 'compression_level': '6', 'reservoir': '1', 'b:a': '144k', 'abr': 'True'}",196.421875,-2.716,-0.843,0.5554037970141508,1.9666442178714547
"{'ar': '44100', 'sample_fmt': 's16p', 'compression_level': '7', 'reservoir': '0', 'b:a': '63k', 'abr': 'True'}",93.5732421875,-3.494,-2.033,0.4589228609984275,-0.05019981746630972
"{'ar': '44100', 'sample_fmt': 's32p', 'compression_level': '0', 'reservoir': '1', 'aq': '9'}",103.837890625,-3.343,-1.721,0.47766944399336353,0.3822792690453817
"{'ar': '24000', 'sample_fmt': 's32p', 'compression_level': '8', 'reservoir': '1', 'b:a': '169k'}",223.671875,-3.66,-2.495,0.425497780990554,-0.7878345227326019
"{'ar': '44100', 'sample_fmt': 's16p', 'compression_level': '3', 'reservoir': '1', 'b:a': '129k', 'abr': 'True'}",171.7666015625,-2.921,-1.087,0.5974708870053291,1.4482673566333404
"{'ar': '44100', 'sample_fmt': 's32p', 'compression_level': '9', 'reservoir': '1', 'b:a': '272k', 'abr': 'True'}",374.34375,-2.599,-0.714,0.47335361799923703,2.0021020064948982
"{'ar': '44100', 'sample_fmt': 's16p', 'compression_level': '8', 'reservoir': '0', 'b:a': '143k', 'abr': 'True'}",222.7314453125,-2.799,-0.939,0.4577236990153324,1.708213938254705
"{'ar': '44100', 'sample_fmt': 's16p', 'compression_level': '1', 'reservoir': '1', 'b:a': '197k', 'abr': 'True'}",266.9560546875,-2.618,-0.734,0.8091202059877105,2.098061285470287
"{'ar': '44100', 'sample_fmt': 's16p', 'compression_level': '1', 'reservoir': '1', 'b:a': '188k', 'abr': 'True'}",256.3779296875,-2.636,-0.753,0.7981528740201611,2.0678184615076876
"{'ar': '22050', 'sample_fmt': 'fltp', 'compression_level': '9', 'reservoir': '1', 'b:a': '66k', 'abr': 'True'}",88.6162109375,-3.747,-2.837,0.4164573480084073,-0.8822541425545152
"{'ar': '44100', 'sample_fmt': 's16p', 'compression_level': '8', 'reservoir': '1', 'b:a': '170k'}",223.037109375,-2.689,-0.812,0.46599891802179627,2.0034709355461717
"{'ar': '44100', 'sample_fmt': 's16p', 'compression_level': '8', 'reservoir': '1', 'b:a': '135k', 'abr': 'True'}",179.365234375,-2.88,-1.036,0.46500084703438915,1.5575495607355512
"{'ar': '44100', 'sample_fmt': 'fltp', 'compression_level': '8', 'reservoir': '0', 'b:a': '141k', 'abr': 'True'}",218.4248046875,-2.823,-0.967,0.6017988929816056,1.6396855348958186
"{'ar': '44100', 'sample_fmt': 'fltp', 'compression_level': '6', 'reservoir': '1', 'b:a': '32k', 'abr': 'True'}",48.193359375,-3.348,-1.73,0.5079191050026566,0.45434462344828996
"{'ar': '32000', 'sample_fmt': 's16p', 'compression_level': '6', 'reservoir': '1', 'b:a': '272k', 'abr': 'True'}",352.484375,-3.176,-1.441,0.5804683210153598,0.45535268534777945
"{'ar': '22050', 'sample_fmt': 'fltp', 'compression_level': '8', 'reservoir': '0', 'b:a': '32k', 'abr': 'True'}",49.0322265625,-3.72,-2.719,0.42672345199389383,-0.7197177632807189
"{'ar': '16000', 'sample_fmt': 's32p', 'compression_level': '0', 'reservoir': '1', 'b:a': '135k', 'abr': 'True'}",113.17578125,-3.757,-2.879,0.7899311500077602,-0.9855961389543095
"{'ar': '44100', 'sample_fmt': 's16p', 'compression_level': '6', 'reservoir': '1', 'b:a': '168k', 'abr': 'True'}",228.12109375,-2.652,-0.771,0.6468623190303333,2.081131959813433
"{'ar': '44100', 'sample_fmt': 's16p', 'compression_level': '6', 'reservoir': '1', 'b:a': '141k', 'abr': 'True'}",188.9970703125,-2.794,-0.932,0.5755683760216925,1.767190343980763
"{'ar': '44100', 'sample_fmt': 'fltp', 'compression_level': '8', 'reservoir': '1', 'b:a': '238k', 'abr': 'True'}",327.4853515625,-2.6,-0.714,0.48820451900246553,2.0734446836005076
"{'ar': '44100', 'sample_fmt': 'fltp', 'compression_level': '6', 'reservoir': '1', 'b:a': '133k', 'abr': 'True'}",178.697265625,-2.833,-0.979,0.5709881649818271,1.6782697935671655
"{'ar': '44100', 'sample_fmt': 'fltp', 'compression_level': '3', 'reservoir': '0', 'b:a': '213k'}",312.220703125,-2.598,-0.712,0.5982198040001094,2.0949611877739702
"{'ar': '44100', 'sample_fmt': 's16p', 'compression_level': '3', 'reservoir': '1', 'b:a': '189k', 'abr': 'True'}",256.9892578125,-2.626,-0.742,0.5882349250023253,2.109128049832136
"{'ar': '44100', 'sample_fmt': 'fltp', 'compression_level': '9', 'reservoir': '0', 'b:a': '133k', 'abr': 'True'}",191.6669921875,-2.904,-1.066,0.45867533099954017,1.4730053580061968
"{'ar': '44100', 'sample_fmt': 's32p', 'compression_level': '9', 'reservoir': '1', 'b:a': '32k'}",44.771484375,-3.286,-1.619,0.4545550490147434,0.6432211090762855
"{'ar': '44100', 'sample_fmt': 'fltp', 'compression_level': '0', 'reservoir': '1', 'b:a': '32k', 'abr': 'True'}",48.244140625,-3.132,-1.375,0.9025828349986114,1.0403471648734413
"{'ar': '32000', 'sample_fmt': 'fltp', 'compression_level': '8', 'reservoir': '1', 'b:a': '272k', 'abr': 'True'}",375.6875,-3.177,-1.442,0.4527139439887833,0.42512557887702995
"{'ar': '44100', 'sample_fmt': 's16p', 'compression_level': '8', 'reservoir': '1', 'b:a': '141k', 'abr': 'True'}",187.6083984375,-2.817,-0.96,0.46615204800036736,1.715072069783635
"{'ar': '22050', 'sample_fmt': 'fltp', 'compression_level': '6', 'reservoir': '0', 'b:a': '32k', 'abr': 'True'}",49.3115234375,-3.72,-2.719,0.791981015005149,-0.7471606692126433
"{'ar': '44100', 'sample_fmt': 's16p', 'compression_level': '6', 'reservoir': '1', 'b:a': '143k', 'abr': 'True'}",191.458984375,-2.768,-0.902,0.5702667250006925,1.8336959512098379
"{'ar': '44100', 'sample_fmt': 's16p', 'compression_level': '6', 'reservoir': '1', 'b:a': '253k', 'abr': 'True'}",349.7314453125,-2.582,-0.695,0.5457663410052191,2.0816254094086375
"{'ar': '22050', 'sample_fmt': 's16p', 'compression_level': '8', 'reservoir': '0', 'b:a': '247k', 'abr': 'True'}",223.35546875,-3.677,-2.554,0.43145363399526104,-0.8459908481094899
"{'ar': '44100', 'sample_fmt': 'fltp', 'compression_level': '9', 'reservoir': '0', 'b:a': '138k', 'abr': 'True'}",207.1474609375,-2.852,-1.002,0.4618101280357223,1.5894181256847795
"{'ar': '22050', 'sample_fmt': 'fltp', 'compression_level': '9', 'reservoir': '1', 'b:a': '131k', 'abr': 'True'}",181.919921875,-3.68,-2.564,0.4242176919942722,-0.7894831806911229
"{'ar': '12000', 'sample_fmt': 'fltp', 'compression_level': '3', 'reservoir': '1', 'b:a': '129k', 'abr': 'True'}",81.546875,-3.755,-2.872,0.4252865790040232,-0.9013069943657168
"{'ar': '32000', 'sample_fmt': 's16p', 'compression_level': '7', 'reservoir': '1', 'b:a': '170k', 'abr': 'True'}",234.640625,-3.191,-1.464,0.443170717015164,0.6113352380632593
"{'ar': '8000', 'sample_fmt': 'fltp', 'compression_level': '8', 'reservoir': '1', 'aq': '9'}",36.8515625,-3.855,-3.486,0.3888701609976124,-1.2539818699000733
"{'ar': '44100', 'sample_fmt': 'fltp', 'compression_level': '8', 'reservoir': '1', 'b:a': '217k', 'abr': 'True'}",297.9677734375,-2.606,-0.721,0.4721232070005499,2.105545618659468
"{'ar': '44100', 'sample_fmt': 's32p', 'compression_level': '0', 'reservoir': '1', 'b:a': '32k'}",44.771484375,-3.12,-1.357,0.8534918780205771,1.0831543194081763
"{'ar': '8000', 'sample_fmt': 's32p', 'compression_level': '8', 'reservoir': '0', 'aq': '9'}",43.4609375,-3.855,-3.486,0.39394222502596676,-1.2649031065709189
"{'ar': '22050', 'sample_fmt': 'fltp', 'compression_level': '8', 'reservoir': '0', 'b:a': '244k', 'abr': 'True'}",223.35546875,-3.676,-2.552,0.4231370369961951,-0.8424152897427362
"{'ar': '44100', 'sample_fmt': 'fltp', 'compression_level': '6', 'reservoir': '1', 'b:a': '144k', 'abr': 'True'}",196.421875,-2.716,-0.843,0.5725062260171399,1.9653801279310736
"{'ar': '44100', 'sample_fmt': 's16p', 'compression_level': '4', 'reservoir': '1', 'b:a': '141k', 'abr': 'True'}",186.21875,-2.794,-0.932,0.6001773439929821,1.7698046914476782
"{'ar': '44100', 'sample_fmt': 's16p', 'compression_level': '9', 'reservoir': '1', 'b:a': '270k', 'abr': 'True'}",371.78515625,-2.598,-0.712,0.5013148610014468,2.007078822383757
"{'ar': '44100', 'sample_fmt': 'fltp', 'compression_level': '8', 'reservoir': '1', 'b:a': '141k', 'abr': 'True'}",187.755859375,-2.823,-0.967,0.5408961130015086,1.693124385905771
"{'ar': '44100', 'sample_fmt': 'fltp', 'compression_level': '8', 'reservoir': '1', 'b:a': '171k', 'abr': 'True'}",231.080078125,-2.669,-0.79,0.49209468098706566,2.042247083466175
"{'ar': '44100', 'sample_fmt': 'fltp', 'compression_level': '0', 'reservoir': '0', 'b:a': '32k'}",44.771484375,-3.13,-1.371,0.9207388229842763,1.0504681073243458
"{'ar': '44100', 'sample_fmt': 'fltp', 'compression_level': '9', 'reservoir': '1', 'b:a': '136k', 'abr': 'True'}",180.99609375,-2.873,-1.028,0.471525882021524,1.573298204091009
"{'ar': '44100', 'sample_fmt': 's16p', 'compression_level': '6', 'reservoir': '1', 'b:a': '248k', 'abr': 'True'}",344.1435546875,-2.589,-0.703,0.5720234669861384,2.069767836536767
"{'ar': '44100', 'sample_fmt': 'fltp', 'compression_level': '3', 'reservoir': '1', 'b:a': '164k', 'abr': 'True'}",221.07421875,-2.666,-0.786,0.6199095099873375,2.057017562985015
"{'ar': '44100', 'sample_fmt': 's16p', 'compression_level': '6', 'reservoir': '1', 'b:a': '143k', 'abr': 'True'}",191.458984375,-2.768,-0.902,0.5873054159746971,1.8324365723313325
"{'ar': '32000', 'sample_fmt': 's32p', 'compression_level': '8', 'reservoir': '1', 'b:a': '32k', 'abr': 'True'}",46.73046875,-3.442,-1.918,0.4404579229885712,0.18334481963733787
"{'ar': '44100', 'sample_fmt': 'fltp', 'compression_level': '6', 'reservoir': '1', 'b:a': '129k', 'abr': 'True'}",173.3427734375,-2.863,-1.016,0.6151234339922667,1.6019815057637292
"{'ar': '22050', 'sample_fmt': 's16p', 'compression_level': '8', 'reservoir': '0', 'b:a': '246k', 'abr': 'True'}",223.35546875,-3.677,-2.554,0.47071501999744214,-0.8488927705838998
"{'ar': '44100', 'sample_fmt': 'fltp', 'compression_level': '8', 'reservoir': '0', 'b:a': '36k', 'abr': 'True'}",59.2392578125,-3.256,-1.568,0.4650468630134128,0.7053464287145661
"{'ar': '22050', 'sample_fmt': 'fltp', 'compression_level': '8', 'reservoir': '0', 'b:a': '32k', 'abr': 'True'}",49.0322265625,-3.72,-2.719,0.4323991879937239,-0.7201372733269462
"{'ar': '44100', 'sample_fmt': 's16p', 'compression_level': '8', 'reservoir': '1', 'b:a': '170k'}",223.037109375,-2.689,-0.812,0.5070569249801338,2.00043621962605
"{'ar': '44100', 'sample_fmt': 'fltp', 'compression_level': '6', 'reservoir': '0', 'b:a': '32k'}",44.771484375,-3.299,-1.643,0.5235701150086243,0.600259812462977
"{'ar': '16000', 'sample_fmt': 's16p', 'compression_level': '6', 'reservoir': '1', 'b:a': '32k', 'abr': 'True'}",43.35546875,-3.405,-1.842,0.4553613280004356,0.29781117297932025
"{'ar': '44100', 'sample_fmt': 'fltp', 'compression_level': '6', 'reservoir': '1', 'b:a': '248k', 'abr': 'True'}",344.2451171875,-2.59,-0.704,0.5608707030187361,2.0677847136121175
"{'ar': '44100', 'sample_fmt': 'fltp', 'compression_level': '1', 'reservoir': '1', 'b:a': '199k', 'abr': 'True'}",269.2998046875,-2.617,-0.733,0.8306035269924905,2.095378948466848
"{'ar': '32000', 'sample_fmt': 'fltp', 'compression_level': '3', 'reservoir': '1', 'b:a': '136k', 'abr': 'True'}",178.8828125,-3.259,-1.574,0.5676920760015491,0.4979660747835223
"{'ar': '44100', 'sample_fmt': 's32p', 'compression_level': '9', 'reservoir': '1', 'b:a': '139k'}",178.4443359375,-2.916,-1.081,0.4814271609939169,1.4597314989364774
"{'ar': '44100', 'sample_fmt': 's16p', 'compression_level': '8', 'reservoir': '1', 'b:a': '219k', 'abr': 'True'}",300.8388671875,-2.604,-0.719,0.48921171002439223,2.1049920478384836
"{'ar': '44100', 'sample_fmt': 'fltp', 'compression_level': '9', 'reservoir': '1', 'b:a': '32k', 'abr': 'True'}",48.16796875,-3.35,-1.734,0.46897518896730617,0.451341886413818
"{'ar': '44100', 'sample_fmt': 'fltp', 'compression_level': '9', 'reservoir': '1', 'b:a': '133k', 'abr': 'True'}",176.65625,-2.904,-1.066,0.49476745002903044,1.4942897952490468
"{'ar': '44100', 'sample_fmt': 's32p', 'compression_level': '8', 'reservoir': '1', 'b:a': '273k', 'abr': 'True'}",375.673828125,-2.598,-0.712,0.48556862201076,2.0020376563214732
"{'ar': '44100', 'sample_fmt': 's16p', 'compression_level': '8', 'reservoir': '1', 'b:a': '141k', 'abr': 'True'}",187.6083984375,-2.817,-0.96,0.4960931969981175,1.7128590329544868
"{'ar': '44100', 'sample_fmt': 'fltp', 'compression_level': '1', 'reservoir': '1', 'b:a': '199k', 'abr': 'True'}",269.2998046875,-2.617,-0.733,0.8356454790045973,2.0950062832262977
"{'ar': '12000', 'sample_fmt': 'fltp', 'compression_level': '8', 'reservoir': '1', 'b:a': '192k', 'abr': 'True'}",88.53125,-3.742,-2.811,0.4168442460359074,-0.8622955623402554
"{'ar': '32000', 'sample_fmt': 's32p', 'compression_level': '9', 'reservoir': '0', 'aq': '9'}",89.62109375,-3.518,-2.09,0.44226739401347004,-0.11656209776757398
"{'ar': '44100', 'sample_fmt': 'fltp', 'compression_level': '6', 'reservoir': '1', 'b:a': '249k', 'abr': 'True'}",345.36328125,-2.589,-0.703,0.5664907510217745,2.0682305010525357
"{'ar': '32000', 'sample_fmt': 's32p', 'compression_level': '9', 'reservoir': '0', 'aq': '9'}",89.62109375,-3.518,-2.09,0.435625712008914,-0.11607119186130173
"{'ar': '44100', 'sample_fmt': 's16p', 'compression_level': '7', 'reservoir': '1', 'b:a': '32k', 'abr': 'True'}",48.193359375,-3.355,-1.744,0.4700314360088669,0.43641902795141596
"{'ar': '44100', 'sample_fmt': 'fltp', 'compression_level': '6', 'reservoir': '1', 'b:a': '249k'}",356.8115234375,-2.593,-0.707,0.6052001079951879,2.036520240781085
"{'ar': '8000', 'sample_fmt': 's16p', 'compression_level': '8', 'reservoir': '1', 'b:a': '167k'}",91.484375,-3.858,-3.512,0.4076051919837482,-1.3577340076057942
"{'ar': '44100', 'sample_fmt': 's16p', 'compression_level': '7', 'reservoir': '1', 'b:a': '143k', 'abr': 'True'}",190.8896484375,-2.799,-0.939,0.4939757510146592,1.756343272658813
"{'ar': '8000', 'sample_fmt': 's32p', 'compression_level': '8', 'reservoir': '1', 'aq': '9'}",36.8515625,-3.855,-3.486,0.41032283401000313,-1.2555674989440242
"{'ar': '44100', 'sample_fmt': 's32p', 'compression_level': '9', 'reservoir': '1', 'b:a': '32k'}",44.771484375,-3.286,-1.619,0.4754556689877063,0.6416762838674843
"{'ar': '44100', 'sample_fmt': 's16p', 'compression_level': '7', 'reservoir': '1', 'b:a': '140k', 'abr': 'True'}",186.3251953125,-2.828,-0.973,0.5271585589798633,1.6828801885873224
"{'ar': '24000', 'sample_fmt': 's32p', 'compression_level': '9', 'reservoir': '1', 'b:a': '272k', 'abr': 'True'}",219.1953125,-3.661,-2.499,0.4703608049894683,-0.7875991575827271
"{'ar': '44100', 'sample_fmt': 'fltp', 'compression_level': '6', 'reservoir': '1', 'aq': '9'}",105.197265625,-3.343,-1.721,0.49313583999173716,0.3789669964556293
"{'ar': '22050', 'sample_fmt': 's16p', 'compression_level': '8', 'reservoir': '1', 'b:a': '162k', 'abr': 'True'}",219.69921875,-3.677,-2.553,0.4918903720099479,-0.844308294902513
"{'ar': '22050', 'sample_fmt': 's16p', 'compression_level': '6', 'reservoir': '1', 'b:a': '171k', 'abr': 'True'}",202.5224609375,-3.675,-2.548,0.5078062140091788,-0.8118391685423287
"{'ar': '44100', 'sample_fmt': 'fltp', 'compression_level': '3', 'reservoir': '1', 'b:a': '164k', 'abr': 'True'}",221.07421875,-2.666,-0.786,0.6536919730133377,2.0545206035376173
"{'ar': '24000', 'sample_fmt': 's32p', 'compression_level': '9', 'reservoir': '1', 'b:a': '272k', 'abr': 'True'}",219.1953125,-3.661,-2.499,0.44826229801401496,-0.7859657930846065
"{'ar': '16000', 'sample_fmt': 's16p', 'compression_level': '6', 'reservoir': '1', 'b:a': '133k', 'abr': 'True'}",174.20703125,-3.767,-2.929,0.47613121199538,-1.0988599832560517
"{'ar': '44100', 'sample_fmt': 's16p', 'compression_level': '8', 'reservoir': '0', 'b:a': '143k', 'abr': 'True'}",222.7314453125,-2.799,-0.939,0.4969282289966941,1.7053162181730637
"{'ar': '16000', 'sample_fmt': 's16p', 'compression_level': '9', 'reservoir': '1', 'b:a': '65k', 'abr': 'True'}",89.09375,-3.794,-3.07,0.4249968270014506,-1.0666561998051476
"{'ar': '44100', 'sample_fmt': 's32p', 'compression_level': '7', 'reservoir': '1', 'b:a': '32k'}",44.771484375,-3.286,-1.619,0.4601055099919904,0.6428108584689249
"{'ar': '44100', 'sample_fmt': 's16p', 'compression_level': '6', 'reservoir': '1', 'b:a': '141k', 'abr': 'True'}",188.9970703125,-2.794,-0.932,0.5776749049837235,1.7670346443389426
"{'ar': '44100', 'sample_fmt': 's16p', 'compression_level': '8', 'reservoir': '0', 'b:a': '141k', 'abr': 'True'}",217.501953125,-2.817,-0.96,0.49853949100361206,1.6649781330940543
"{'ar': '44100', 'sample_fmt': 's16p', 'compression_level': '1', 'reservoir': '1', 'b:a': '199k', 'abr': 'True'}",269.09765625,-2.613,-0.728,0.8646826600015629,2.1040796657819687
"{'ar': '44100', 'sample_fmt': 'fltp', 'compression_level': '8', 'reservoir': '0', 'b:a': '36k', 'abr': 'True'}",59.2392578125,-3.256,-1.568,0.48747460899176076,0.7036887292104959
"{'ar': '16000', 'sample_fmt': 's32p', 'compression_level': '0', 'reservoir': '1', 'b:a': '32k'}",44.97265625,-3.267,-1.587,0.6719625370169524,0.6811943786341705
"{'ar': '44100', 'sample_fmt': 's16p', 'compression_level': '7', 'reservoir': '1', 'b:a': '172k', 'abr': 'True'}",232.3984375,-2.668,-0.789,0.4874144810019061,2.043134747420425
"{'ar': '44100', 'sample_fmt': 'fltp', 'compression_level': '6', 'reservoir': '1', 'b:a': '249k', 'abr': 'True'}",345.36328125,-2.589,-0.703,0.5757872380199842,2.0675433708388526
"{'ar': '16000', 'sample_fmt': 'fltp', 'compression_level': '6', 'reservoir': '1', 'b:a': '32k', 'abr': 'True'}",43.42578125,-3.404,-1.84,0.4478229699889198,0.3012170142862924
"{'ar': '44100', 'sample_fmt': 's16p', 'compression_level': '8', 'reservoir': '1', 'b:a': '163k', 'abr': 'True'}",219.642578125,-2.703,-0.828,0.4775965869775973,1.9703637874437272
"{'ar': '44100', 'sample_fmt': 's32p', 'compression_level': '7', 'reservoir': '1', 'b:a': '32k'}",44.771484375,-3.286,-1.619,0.4748195070133079,0.6417233044370273
"{'ar': '44100', 'sample_fmt': 'fltp', 'compression_level': '6', 'reservoir': '1', 'b:a': '144k', 'abr': 'True'}",196.421875,-2.716,-0.843,0.572380358033115,1.9653894311974338
"{'ar': '16000', 'sample_fmt': 's16p', 'compression_level': '0', 'reservoir': '1', 'b:a': '141k', 'abr': 'True'}",116.69140625,-3.765,-2.92,0.7634316979674622,-1.0208205437182236
"{'ar': '44100', 'sample_fmt': 's16p', 'compression_level': '8', 'reservoir': '1', 'b:a': '32k'}",44.771484375,-3.291,-1.629,0.46435495602781884,0.6276924963646564
"{'ar': '22050', 'sample_fmt': 'fltp', 'compression_level': '8', 'reservoir': '1', 'b:a': '32k', 'abr': 'True'}",44.232421875,-3.72,-2.719,0.436466299026506,-0.7127790067921641
"{'ar': '22050', 'sample_fmt': 's16p', 'compression_level': '8', 'reservoir': '0', 'b:a': '246k', 'abr': 'True'}",223.35546875,-3.677,-2.554,0.43537143399589695,-0.8462804240269436
"{'ar': '44100', 'sample_fmt': 's16p', 'compression_level': '8', 'reservoir': '1', 'b:a': '217k', 'abr': 'True'}",298.0703125,-2.608,-0.723,0.4852025569998659,2.0991244756676384
"{'ar': '44100', 'sample_fmt': 's16p', 'compression_level': '0', 'reservoir': '0', 'b:a': '32k'}",44.771484375,-3.131,-1.373,0.8788989119930193,1.0505997613766072
"{'ar': '22050', 'sample_fmt': 'fltp', 'compression_level': '8', 'reservoir': '1', 'b:a': '32k', 'abr': 'True'}",44.232421875,-3.72,-2.719,0.4272643160074949,-0.7120988616406271
"{'ar': '44100', 'sample_fmt': 's16p', 'compression_level': '3', 'reservoir': '1', 'b:a': '32k', 'abr': 'True'}",47.837890625,-3.341,-1.718,0.5336727940302808,0.47310336854888396
"{'ar': '44100', 'sample_fmt': 'fltp', 'compression_level': '1', 'reservoir': '1', 'b:a': '32k', 'abr': 'True'}",48.244140625,-3.132,-1.375,0.9312813139986247,1.0382259773741793
"{'ar': '44100', 'sample_fmt': 's16p', 'compression_level': '6', 'reservoir': '1', 'b:a': '142k', 'abr': 'True'}",190.2275390625,-2.783,-0.92,0.5721586209838279,1.7948937705028198
"{'ar': '16000', 'sample_fmt': 's16p', 'compression_level': '6', 'reservoir': '1', 'b:a': '199k', 'abr': 'True'}",210.69921875,-3.764,-2.916,0.4429531850037165,-1.1435462186398753
"{'ar': '32000', 'sample_fmt': 's32p', 'compression_level': '9', 'reservoir': '1', 'b:a': '199k', 'abr': 'True'}",276.4765625,-3.178,-1.444,0.4655634019873105,0.5795223652876698
"{'ar': '16000', 'sample_fmt': 'fltp', 'compression_level': '0', 'reservoir': '1', 'b:a': '32k', 'abr': 'True'}",43.91796875,-3.277,-1.605,0.6480366639734711,0.655668106830075
"{'ar': '44100', 'sample_fmt': 's16p', 'compression_level': '8', 'reservoir': '1', 'b:a': '137k', 'abr': 'True'}",182.173828125,-2.862,-1.014,0.48060391502804123,1.600793685311223
"{'ar': '44100', 'sample_fmt': 's16p', 'compression_level': '6', 'reservoir': '1', 'b:a': '133k', 'abr': 'True'}",178.8505859375,-2.834,-0.98,0.5835188729979564,1.6744535686917676
"{'ar': '44100', 'sample_fmt': 's16p', 'compression_level': '3', 'reservoir': '1', 'b:a': '144k', 'abr': 'True'}",193.1982421875,-2.779,-0.915,0.6482164339977317,1.795428915350278
"{'ar': '44100', 'sample_fmt': 's16p', 'compression_level': '3', 'reservoir': '1', 'b:a': '129k', 'abr': 'True'}",171.7666015625,-2.921,-1.087,0.6509164059825707,1.4443170439095883
"{'ar': '32000', 'sample_fmt': 's32p', 'compression_level': '6', 'reservoir': '1', 'aq': '9'}",84.20703125,-3.54,-2.146,0.47301540899206884,-0.17912004776868937
"{'ar': '24000', 'sample_fmt': 's32p', 'compression_level': '9', 'reservoir': '1', 'b:a': '272k', 'abr': 'True'}",219.1953125,-3.661,-2.499,0.44402947000344284,-0.7856529325367514
"{'ar': '44100', 'sample_fmt': 'fltp', 'compression_level': '1', 'reservoir': '1', 'b:a': '141k', 'abr': 'True'}",186.17578125,-2.842,-0.99,0.9740150769648608,1.612108224341092
"{'ar': '44100', 'sample_fmt': 's16p', 'compression_level': '1', 'reservoir': '1', 'b:a': '199k', 'abr': 'True'}",269.09765625,-2.613,-0.728,0.9023756949754898,2.1012936646633764
"{'ar': '16000', 'sample_fmt': 's32p', 'compression_level': '0', 'reservoir': '1', 'b:a': '32k', 'abr': 'True'}",43.91796875,-3.277,-1.605,0.7653199640044477,0.6469993592669108
"{'ar': '12000', 'sample_fmt': 'fltp', 'compression_level': '8', 'reservoir': '1', 'b:a': '246k', 'abr': 'True'}",88.53125,-3.742,-2.811,0.5164176470134407,-0.8696553200964917
"{'ar': '44100', 'sample_fmt': 's16p', 'compression_level': '1', 'reservoir': '1', 'b:a': '199k', 'abr': 'True'}",269.09765625,-2.613,-0.728,0.8755133080121595,2.1032791412953236
"{'ar': '44100', 'sample_fmt': 's16p', 'compression_level': '8', 'reservoir': '1', 'b:a': '217k', 'abr': 'True'}",298.0703125,-2.608,-0.723,0.5382550029898994,2.0952032161040473
"{'ar': '44100', 'sample_fmt': 's16p', 'compression_level': '3', 'reservoir': '1', 'b:a': '187k', 'abr': 'True'}",254.5498046875,-2.625,-0.742,0.6183499960170593,2.1131246447743117
"{'ar': '12000', 'sample_fmt': 'fltp', 'compression_level': '8', 'reservoir': '1', 'b:a': '190k'}",90.640625,-3.742,-2.811,0.42846966499928385,-0.8665206856754124
"{'ar': '44100', 'sample_fmt': 's16p', 'compression_level': '8', 'reservoir': '0', 'b:a': '246k', 'abr': 'True'}",359.482421875,-2.606,-0.721,0.5242803379951511,2.0035337870689336
"{'ar': '16000', 'sample_fmt': 's32p', 'compression_level': '0', 'reservoir': '1', 'b:a': '32k', 'abr': 'True'}",43.91796875,-3.277,-1.605,0.6867376599984709,0.6528076043979714
"{'ar': '44100', 'sample_fmt': 's16p', 'compression_level': '8', 'reservoir': '1', 'b:a': '163k', 'abr': 'True'}",219.642578125,-2.703,-0.828,0.48896701098419726,1.9695233665536829
"{'ar': '44100', 'sample_fmt': 's16p', 'compression_level': '6', 'reservoir': '1', 'b:a': '189k', 'abr': 'True'}",260.546875,-2.631,-0.748,0.5726499209995382,2.091060779037382
"{'ar': '32000', 'sample_fmt': 's32p', 'compression_level': '9', 'reservoir': '1', 'b:a': '272k', 'abr': 'True'}",375.6875,-3.177,-1.442,0.48026943000149913,0.4230888732918235
"{'ar': '44100', 'sample_fmt': 's16p', 'compression_level': '9', 'reservoir': '1', 'b:a': '135k', 'abr': 'True'}",179.365234375,-2.88,-1.036,0.5340155450103339,1.5524484850091396
"{'ar': '16000', 'sample_fmt': 's16p', 'compression_level': '9', 'reservoir': '1', 'b:a': '32k', 'abr': 'True'}",42.79296875,-3.446,-1.926,0.4574900350125972,0.17652543780333343
"{'ar': '32000', 'sample_fmt': 's32p', 'compression_level': '9', 'reservoir': '1', 'aq': '9'}",81.7109375,-3.518,-2.09,0.4550296319939662,-0.10488343528299489
"{'ar': '44100', 'sample_fmt': 'fltp', 'compression_level': '8', 'reservoir': '1', 'b:a': '46k', 'abr': 'True'}",65.4384765625,-3.31,-1.662,0.47686083399457857,0.5391116164332992
"{'ar': '44100', 'sample_fmt': 's16p', 'compression_level': '4', 'reservoir': '1', 'b:a': '133k', 'abr': 'True'}",176.396484375,-2.834,-0.98,0.61081265998655,1.676352129043654
"{'ar': '44100', 'sample_fmt': 's16p', 'compression_level': '8', 'reservoir': '1', 'b:a': '137k', 'abr': 'True'}",182.173828125,-2.862,-1.014,0.49260828000842594,1.599906408012208
"{'ar': '44100', 'sample_fmt': 's16p', 'compression_level': '6', 'reservoir': '1', 'b:a': '172k', 'abr': 'True'}",233.1064453125,-2.645,-0.763,0.589593203010736,2.0962431687262617
"{'ar': '44100', 'sample_fmt': 's32p', 'compression_level': '0', 'reservoir': '1', 'b:a': '32k', 'abr': 'True'}",48.244140625,-3.132,-1.375,0.8940895760024432,1.0409749261847865
"{'ar': '44100', 'sample_fmt': 's16p', 'compression_level': '8', 'reservoir': '1', 'b:a': '143k', 'abr': 'True'}",190.8896484375,-2.799,-0.939,0.49446213099872693,1.7563073229089294
"{'ar': '44100', 'sample_fmt': 's16p', 'compression_level': '8', 'reservoir': '1', 'b:a': '275k', 'abr': 'True'}",378.228515625,-2.598,-0.712,0.5017584240122233,1.9967645968529815
"{'ar': '44100', 'sample_fmt': 's16p', 'compression_level': '6', 'reservoir': '1', 'b:a': '144k', 'abr': 'True'}",196.37109375,-2.719,-0.846,0.5765237220039126,1.9572280243016487
"{'ar': '44100', 'sample_fmt': 's16p', 'compression_level': '7', 'reservoir': '1', 'b:a': '171k', 'abr': 'True'}",231.0771484375,-2.671,-0.792,0.4768597509828396,2.038087023467298
"{'ar': '44100', 'sample_fmt': 's16p', 'compression_level': '7', 'reservoir': '1', 'b:a': '144k'}",178.4443359375,-2.913,-1.077,0.4854442580253817,1.4676862308339038
"{'ar': '44100', 'sample_fmt': 's16p', 'compression_level': '8', 'reservoir': '0', 'b:a': '142k', 'abr': 'True'}",221.2958984375,-2.805,-0.945,0.4927319390117191,1.6920446519566346
"{'ar': '44100', 'sample_fmt': 's32p', 'compression_level': '9', 'reservoir': '1', 'b:a': '273k', 'abr': 'True'}",375.673828125,-2.598,-0.712,0.5134038180112839,1.9999802765629227
"{'ar': '44100', 'sample_fmt': 'fltp', 'compression_level': '1', 'reservoir': '0', 'b:a': '61k', 'abr': 'True'}",90.7138671875,-3.493,-2.031,0.9500173580017872,-0.07897457248180088
"{'ar': '32000', 'sample_fmt': 's32p', 'compression_level': '9', 'reservoir': '1', 'b:a': '272k', 'abr': 'True'}",375.6875,-3.177,-1.442,0.4696888779872097,0.4238709124607979
"{'ar': '44100', 'sample_fmt': 's16p', 'compression_level': '6', 'reservoir': '1', 'b:a': '66k', 'abr': 'True'}",90.126953125,-3.472,-1.982,0.5631704639818054,0.014941073733473781
"{'ar': '44100', 'sample_fmt': 's16p', 'compression_level': '6', 'reservoir': '1', 'b:a': '248k', 'abr': 'True'}",344.1435546875,-2.589,-0.703,0.5780599110003095,2.069321665519033
"{'ar': '16000', 'sample_fmt': 'fltp', 'compression_level': '9', 'reservoir': '1', 'b:a': '32k', 'abr': 'True'}",42.828125,-3.448,-1.93,0.43426509099663235,0.17226425362573558
"{'ar': '44100', 'sample_fmt': 's16p', 'compression_level': '9', 'reservoir': '1', 'b:a': '270k', 'abr': 'True'}",371.78515625,-2.598,-0.712,0.5006693920004182,2.0071265308625286
"{'ar': '44100', 'sample_fmt': 's16p', 'compression_level': '8', 'reservoir': '0', 'b:a': '141k', 'abr': 'True'}",217.501953125,-2.817,-0.96,0.4839508729928639,1.6660564200010326
"{'ar': '44100', 'sample_fmt': 'fltp', 'compression_level': '3', 'reservoir': '1', 'b:a': '164k', 'abr': 'True'}",221.07421875,-2.666,-0.786,0.6519148829684127,2.054651953397251
"{'ar': '44100', 'sample_fmt': 'fltp', 'compression_level': '0', 'reservoir': '0', 'b:a': '32k'}",44.771484375,-3.13,-1.371,0.9049979450064711,1.0516315610946279
"{'ar': '44100', 'sample_fmt': 'fltp', 'compression_level': '8', 'reservoir': '1', 'b:a': '32k', 'abr': 'True'}",48.16796875,-3.35,-1.734,0.5062779189902358,0.44858473386183284
"{'ar': '44100', 'sample_fmt': 's16p', 'compression_level': '1', 'reservoir': '1', 'b:a': '199k', 'abr': 'True'}",269.09765625,-2.613,-0.728,0.8746150569641031,2.103345533625535
"{'ar': '16000', 'sample_fmt': 'fltp', 'compression_level': '0', 'reservoir': '0', 'b:a': '32k'}",44.97265625,-3.259,-1.573,0.7424923480139114,0.6990372369423469
"{'ar': '44100', 'sample_fmt': 's16p', 'compression_level': '6', 'reservoir': '1', 'b:a': '248k', 'abr': 'True'}",344.1435546875,-2.589,-0.703,0.6158798899850808,2.0665262816018295
"{'ar': '44100', 'sample_fmt': 'fltp', 'compression_level': '9', 'reservoir': '1', 'b:a': '32k', 'abr': 'True'}",48.16796875,-3.35,-1.734,0.5037665550189558,0.4487703560288464
"{'ar': '44100', 'sample_fmt': 'fltp', 'compression_level': '9', 'reservoir': '1', 'b:a': '134k', 'abr': 'True'}",178.1904296875,-2.893,-1.053,0.5473715990083292,1.5176839099029618
"{'ar': '44100', 'sample_fmt': 's16p', 'compression_level': '0', 'reservoir': '1', 'b:a': '137k', 'abr': 'True'}",180.08203125,-2.895,-1.055,1.1001971709774807,1.468513820485336
"{'ar': '44100', 'sample_fmt': 's16p', 'compression_level': '0', 'reservoir': '0', 'b:a': '33k'}",44.771484375,-3.131,-1.373,1.0521792409999762,1.037792111613797
"{'ar': '16000', 'sample_fmt': 's32p', 'compression_level': '0', 'reservoir': '1', 'b:a': '32k', 'abr': 'True'}",43.91796875,-3.277,-1.605,0.669289723969996,0.6540972317608538
"{'ar': '8000', 'sample_fmt': 's32p', 'compression_level': '8', 'reservoir': '1', 'b:a': '164k', 'abr': 'True'}",90.21875,-3.858,-3.51,0.45932689498295076,-1.3589064782746727
"{'ar': '44100', 'sample_fmt': 'fltp', 'compression_level': '9', 'reservoir': '0', 'b:a': '136k'}",178.4443359375,-2.892,-1.051,0.5245949100062717,1.5219231062314111
"{'ar': '22050', 'sample_fmt': 'fltp', 'compression_level': '8', 'reservoir': '1', 'b:a': '255k', 'abr': 'True'}",219.953125,-3.677,-2.553,0.4703120240010321,-0.8431185260731745
"{'ar': '32000', 'sample_fmt': 's32p', 'compression_level': '9', 'reservoir': '0', 'b:a': '198k', 'abr': 'True'}",302.984375,-3.177,-1.443,0.4806406229909044,0.5387557823430489
"{'ar': '44100', 'sample_fmt': 'fltp', 'compression_level': '4', 'reservoir': '1', 'b:a': '32k', 'abr': 'True'}",47.66015625,-3.348,-1.73,0.5297235019970685,0.45358381082370663
"{'ar': '12000', 'sample_fmt': 'fltp', 'compression_level': '8', 'reservoir': '1', 'b:a': '190k'}",90.640625,-3.742,-2.811,0.4331848819856532,-0.866869200986199
"{'ar': '44100', 'sample_fmt': 'fltp', 'compression_level': '9', 'reservoir': '0', 'b:a': '136k'}",178.4443359375,-2.892,-1.051,0.4885646339971572,1.524586208030829
"{'ar': '44100', 'sample_fmt': 's16p', 'compression_level': '7', 'reservoir': '0', 'b:a': '143k', 'abr': 'True'}",222.7314453125,-2.799,-0.939,0.4911035060067661,1.705746740278186
"{'ar': '8000', 'sample_fmt': 's16p', 'compression_level': '6', 'reservoir': '1', 'b:a': '168k', 'abr': 'True'}",85.859375,-3.858,-3.509,0.42766078500426374,-1.3492943857895896
"{'ar': '44100', 'sample_fmt': 's16p', 'compression_level': '0', 'reservoir': '0', 'b:a': '32k'}",44.771484375,-3.131,-1.373,0.8803464329685085,1.0504927709190948
"{'ar': '44100', 'sample_fmt': 's32p', 'compression_level': '9', 'reservoir': '1', 'aq': '9'}",97.1474609375,-3.314,-1.668,0.48164536801050417,0.4769485717991745
"{'ar': '32000', 'sample_fmt': 's32p', 'compression_level': '9', 'reservoir': '1', 'b:a': '205k', 'abr': 'True'}",284.984375,-3.172,-1.435,0.47272823099046946,0.5822359294820851
"{'ar': '44100', 'sample_fmt': 's16p', 'compression_level': '6', 'reservoir': '1', 'b:a': '144k', 'abr': 'True'}",196.37109375,-2.719,-0.846,0.6178222640301101,1.954175529739701
"{'ar': '44100', 'sample_fmt': 's16p', 'compression_level': '9', 'reservoir': '1', 'b:a': '131k', 'abr': 'True'}",173.748046875,-2.913,-1.077,0.500203664007131,1.4740890227374392
"{'ar': '44100', 'sample_fmt': 's16p', 'compression_level': '8', 'reservoir': '1', 'b:a': '170k'}",223.037109375,-2.689,-0.812,0.50647983700037,2.0004788738659713
"{'ar': '8000', 'sample_fmt': 'fltp', 'compression_level': '9', 'reservoir': '1', 'b:a': '136k', 'abr': 'True'}",89.9375,-3.858,-3.51,0.4214804560178891,-1.3556603579530608
"{'ar': '44100', 'sample_fmt': 's16p', 'compression_level': '6', 'reservoir': '1', 'b:a': '217k', 'abr': 'True'}",300.9423828125,-2.605,-0.72,0.5658358919899911,2.096517960700119
"{'ar': '44100', 'sample_fmt': 's16p', 'compression_level': '6', 'reservoir': '1', 'b:a': '164k', 'abr': 'True'}",223.0185546875,-2.655,-0.774,0.5997866799880285,2.0848172085598717
"{'ar': '44100', 'sample_fmt': 'fltp', 'compression_level': '9', 'reservoir': '0', 'b:a': '133k', 'abr': 'True'}",191.6669921875,-2.904,-1.066,0.5072240820154548,1.469416979550332
"{'ar': '44100', 'sample_fmt': 'fltp', 'compression_level': '8', 'reservoir': '1', 'b:a': '190k'}",267.6279296875,-2.63,-0.747,0.5354449709702749,2.0851571122856494
"{'ar': '44100', 'sample_fmt': 's16p', 'compression_level': '3', 'reservoir': '1', 'b:a': '187k', 'abr': 'True'}",254.5498046875,-2.625,-0.742,0.5931770699971821,2.114985248466695
"{'ar': '44100', 'sample_fmt': 's16p', 'compression_level': '7', 'reservoir': '0', 'b:a': '172k'}",223.037109375,-2.705,-0.83,0.48487787097110413,1.9591182808410539
"{'ar': '44100', 'sample_fmt': 's16p', 'compression_level': '7', 'reservoir': '1', 'b:a': '32k'}",44.771484375,-3.291,-1.629,0.4803588450013194,0.6265096026917845
"{'ar': '16000', 'sample_fmt': 'fltp', 'compression_level': '0', 'reservoir': '0', 'b:a': '32k'}",44.97265625,-3.259,-1.573,0.6632269350229762,0.7048959726321415
"{'ar': '44100', 'sample_fmt': 's16p', 'compression_level': '3', 'reservoir': '1', 'b:a': '245k', 'abr': 'True'}",336.6259765625,-2.6,-0.715,0.6221329029940534,2.048644819580513
"{'ar': '44100', 'sample_fmt': 'fltp', 'compression_level': '9', 'reservoir': '1', 'b:a': '35k', 'abr': 'True'}",52.052734375,-3.411,-1.854,0.5246943189995363,0.2610435244332659
"{'ar': '44100', 'sample_fmt': 's16p', 'compression_level': '7', 'reservoir': '1', 'b:a': '32k'}",44.771484375,-3.291,-1.629,0.4778998330293689,0.6266913553712709
"{'ar': '44100', 'sample_fmt': 's16p', 'compression_level': '8', 'reservoir': '0', 'b:a': '170k'}",223.037109375,-2.705,-0.83,0.49186278801062144,1.9586020054416644
"{'ar': '16000', 'sample_fmt': 's32p', 'compression_level': '0', 'reservoir': '1', 'b:a': '32k', 'abr': 'True'}",43.91796875,-3.277,-1.605,0.6629488219914492,0.6545659061463824
"{'ar': '44100', 'sample_fmt': 's16p', 'compression_level': '3', 'reservoir': '1', 'b:a': '141k', 'abr': 'True'}",187.8154296875,-2.805,-0.946,0.6279783070203848,1.7351563427532168
"{'ar': '44100', 'sample_fmt': 's16p', 'compression_level': '8', 'reservoir': '1', 'b:a': '216k', 'abr': 'True'}",296.5322265625,-2.604,-0.719,0.4974129940092098,2.111257821265678
"{'ar': '22050', 'sample_fmt': 's16p', 'compression_level': '8', 'reservoir': '0', 'b:a': '244k', 'abr': 'True'}",223.35546875,-3.677,-2.554,0.45270842901663855,-0.8475618514194109
"{'ar': '32000', 'sample_fmt': 's16p', 'compression_level': '8', 'reservoir': '1', 'b:a': '217k', 'abr': 'True'}",302.421875,-3.174,-1.437,0.4707417699682992,0.5492675604736905
"{'ar': '32000', 'sample_fmt': 's32p', 'compression_level': '9', 'reservoir': '1', 'b:a': '190k', 'abr': 'True'}",264.6640625,-3.178,-1.444,0.45946650599944405,0.5988217926597081
"{'ar': '44100', 'sample_fmt': 's16p', 'compression_level': '6', 'reservoir': '1', 'b:a': '32k'}",44.771484375,-3.296,-1.637,0.5481629550049547,0.6073246485666859
"{'ar': '44100', 'sample_fmt': 's16p', 'compression_level': '3', 'reservoir': '1', 'b:a': '164k', 'abr': 'True'}",221.0810546875,-2.666,-0.786,0.6462363750033546,2.0550607604639106
"{'ar': '22050', 'sample_fmt': 's16p', 'compression_level': '8', 'reservoir': '0', 'b:a': '213k', 'abr': 'True'}",223.35546875,-3.677,-2.554,0.46080519500537775,-0.8481603067870195
"{'ar': '22050', 'sample_fmt': 's32p', 'compression_level': '9', 'reservoir': '1', 'b:a': '272k', 'abr': 'True'}",219.953125,-3.677,-2.553,0.4441790519631468,-0.841186962605811
"{'ar': '44100', 'sample_fmt': 's16p', 'compression_level': '6', 'reservoir': '1', 'b:a': '270k', 'abr': 'True'}",364.3125,-2.585,-0.698,0.5833611440029927,2.047644007259669
"{'ar': '44100', 'sample_fmt': 's16p', 'compression_level': '8', 'reservoir': '1', 'b:a': '136k'}",178.4443359375,-2.914,-1.079,0.4904637050058227,1.4643543743512346
"{'ar': '44100', 'sample_fmt': 's16p', 'compression_level': '3', 'reservoir': '1', 'b:a': '187k', 'abr': 'True'}",254.5498046875,-2.625,-0.742,0.6135648810013663,2.1134783264503967
"{'ar': '44100', 'sample_fmt': 's16p', 'compression_level': '1', 'reservoir': '1', 'b:a': '199k', 'abr': 'True'}",269.09765625,-2.613,-0.728,0.8466192730120383,2.1054147829035585
"{'ar': '16000', 'sample_fmt': 's16p', 'compression_level': '6', 'reservoir': '1', 'b:a': '32k', 'abr': 'True'}",43.35546875,-3.405,-1.842,0.46544546697987244,0.29706582513200086
"{'ar': '44100', 'sample_fmt': 'fltp', 'compression_level': '3', 'reservoir': '1', 'b:a': '134k', 'abr': 'True'}",178.69140625,-2.873,-1.028,0.6399037559749559,1.5645304172202437
"{'ar': '44100', 'sample_fmt': 's16p', 'compression_level': '6', 'reservoir': '1', 'b:a': '144k', 'abr': 'True'}",196.37109375,-2.719,-0.846,0.6080568799807224,1.9548973174891857
"{'ar': '24000', 'sample_fmt': 's32p', 'compression_level': '9', 'reservoir': '1', 'b:a': '272k', 'abr': 'True'}",219.1953125,-3.661,-2.499,0.47813962001237087,-0.7881741122758188
"{'ar': '16000', 'sample_fmt': 's32p', 'compression_level': '0', 'reservoir': '1', 'b:a': '32k', 'abr': 'True'}",43.91796875,-3.277,-1.605,0.713949214987224,0.6507963197484402
"{'ar': '16000', 'sample_fmt': 's32p', 'compression_level': '6', 'reservoir': '1', 'b:a': '32k', 'abr': 'True'}",43.4609375,-3.404,-1.84,0.4806447049777489,0.2987349674400298
"{'ar': '32000', 'sample_fmt': 'fltp', 'compression_level': '9', 'reservoir': '1', 'aq': '9'}",81.7109375,-3.518,-2.09,0.4487257440050598,-0.10441749670838231
"{'ar': '44100', 'sample_fmt': 'fltp', 'compression_level': '9', 'reservoir': '1', 'b:a': '135k', 'abr': 'True'}",179.408203125,-2.879,-1.035,0.4971614189853426,1.5577493124755666
"{'ar': '44100', 'sample_fmt': 's16p', 'compression_level': '8', 'reservoir': '1', 'b:a': '137k'}",178.4443359375,-2.914,-1.079,0.4975672859873157,1.4638293281570467
"{'ar': '44100', 'sample_fmt': 's16p', 'compression_level': '7', 'reservoir': '1', 'b:a': '142k', 'abr': 'True'}",189.2998046875,-2.805,-0.945,0.488761907996377,1.7433931227894772
"{'ar': '44100', 'sample_fmt': 's16p', 'compression_level': '6', 'reservoir': '1', 'b:a': '144k', 'abr': 'True'}",196.37109375,-2.719,-0.846,0.6573505309934262,1.9512538813223743
"{'ar': '44100', 'sample_fmt': 's16p', 'compression_level': '6', 'reservoir': '1', 'b:a': '247k', 'abr': 'True'}",343.02734375,-2.59,-0.704,0.5613872940011788,2.0696896888540417
"{'ar': '22050', 'sample_fmt': 'fltp', 'compression_level': '8', 'reservoir': '1', 'b:a': '32k', 'abr': 'True'}",44.232421875,-3.72,-2.719,0.45717567901010625,-0.7143096969008161
"{'ar': '12000', 'sample_fmt': 's16p', 'compression_level': '8', 'reservoir': '1', 'b:a': '131k', 'abr': 'True'}",88.390625,-3.74,-2.803,0.4296760879806243,-0.8558360675754577
"{'ar': '44100', 'sample_fmt': 's16p', 'compression_level': '9', 'reservoir': '1', 'b:a': '270k', 'abr': 'True'}",371.78515625,-2.598,-0.712,0.5053727210033685,2.0067788942269433
"{'ar': '44100', 'sample_fmt': 's16p', 'compression_level': '9', 'reservoir': '1', 'b:a': '133k', 'abr': 'True'}",176.70703125,-2.904,-1.066,0.489652312011458,1.4945868400353701
"{'ar': '44100', 'sample_fmt': 's16p', 'compression_level': '6', 'reservoir': '1', 'b:a': '190k'}",267.6279296875,-2.629,-0.746,0.5671772710047662,2.0854570825539813
"{'ar': '22050', 'sample_fmt': 's16p', 'compression_level': '6', 'reservoir': '0', 'b:a': '133k', 'abr': 'True'}",176.7099609375,-3.678,-2.557,0.4870732969720848,-0.7789475852521934
"{'ar': '16000', 'sample_fmt': 's16p', 'compression_level': '6', 'reservoir': '0', 'b:a': '32k'}",44.97265625,-3.37,-1.771,0.7898225039825775,0.3744550635710687
"{'ar': '44100', 'sample_fmt': 's16p', 'compression_level': '8', 'reservoir': '1', 'b:a': '127k', 'abr': 'True'}",167.7998046875,-2.959,-1.136,0.7382879409997258,1.3401937388716445
"{'ar': '44100', 'sample_fmt': 'fltp', 'compression_level': '6', 'reservoir': '1', 'b:a': '164k', 'abr': 'True'}",223.015625,-2.666,-0.786,0.7660749439965002,2.043116220210927
"{'ar': '44100', 'sample_fmt': 's16p', 'compression_level': '6', 'reservoir': '1', 'b:a': '141k', 'abr': 'True'}",188.9970703125,-2.794,-0.932,0.6172122280113399,1.7641123265617384
"{'ar': '44100', 'sample_fmt': 'fltp', 'compression_level': '6', 'reservoir': '1', 'b:a': '134k', 'abr': 'True'}",180.12890625,-2.828,-0.973,0.7242075979884248,1.6782029239490492
"{'ar': '44100', 'sample_fmt': 's16p', 'compression_level': '9', 'reservoir': '1', 'b:a': '133k', 'abr': 'True'}",176.70703125,-2.904,-1.066,0.5345330400159582,1.4912695757580239
"{'ar': '44100', 'sample_fmt': 's16p', 'compression_level': '8', 'reservoir': '1', 'b:a': '170k'}",223.037109375,-2.689,-0.812,0.5086208860157058,2.000320622747275
"{'ar': '44100', 'sample_fmt': 's16p', 'compression_level': '3', 'reservoir': '1', 'b:a': '187k', 'abr': 'True'}",254.5498046875,-2.625,-0.742,0.5942318329762202,2.1149072878874664
"{'ar': '44100', 'sample_fmt': 's16p', 'compression_level': '6', 'reservoir': '1', 'b:a': '133k', 'abr': 'True'}",178.8505859375,-2.834,-0.98,0.5884523860295303,1.6740889184895735
"{'ar': '16000', 'sample_fmt': 's16p', 'compression_level': '7', 'reservoir': '1', 'b:a': '141k', 'abr': 'True'}",195.79296875,-3.768,-2.934,0.4374212410184555,-1.1343499638236325
"{'ar': '16000', 'sample_fmt': 's16p', 'compression_level': '7', 'reservoir': '1', 'b:a': '143k', 'abr': 'True'}",198.74609375,-3.765,-2.921,0.4308774520177394,-1.1274877176948817
"{'ar': '44100', 'sample_fmt': 'fltp', 'compression_level': '8', 'reservoir': '0', 'b:a': '37k', 'abr': 'True'}",60.6123046875,-3.268,-1.589,0.4844564000086393,0.667137010830849
"{'ar': '44100', 'sample_fmt': 'fltp', 'compression_level': '6', 'reservoir': '1', 'b:a': '143k', 'abr': 'True'}",191.4599609375,-2.772,-0.907,0.610098882985767,1.8198532396719003
"{'ar': '44100', 'sample_fmt': 's16p', 'compression_level': '6', 'reservoir': '1', 'b:a': '164k', 'abr': 'True'}",223.0185546875,-2.655,-0.774,0.6199295809783507,2.0833283885502984
"{'ar': '44100', 'sample_fmt': 'fltp', 'compression_level': '7', 'reservoir': '1', 'b:a': '33k', 'abr': 'True'}",49.48828125,-3.376,-1.784,0.4768141780223232,0.3723044039692426
"{'ar': '32000', 'sample_fmt': 's32p', 'compression_level': '7', 'reservoir': '1', 'b:a': '173k', 'abr': 'True'}",239.0,-3.184,-1.453,0.47825602898956276,0.6215654882412707
"{'ar': '22050', 'sample_fmt': 'fltp', 'compression_level': '8', 'reservoir': '1', 'b:a': '32k', 'abr': 'True'}",44.232421875,-3.72,-2.719,0.45088489798945375,-0.7138447271000962
"{'ar': '44100', 'sample_fmt': 's16p', 'compression_level': '8', 'reservoir': '1', 'b:a': '170k'}",223.037109375,-2.689,-0.812,0.49209255300229415,2.0015422795943736
"{'ar': '32000', 'sample_fmt': 's32p', 'compression_level': '9', 'reservoir': '1', 'b:a': '36k', 'abr': 'True'}",50.87890625,-3.36,-1.753,0.4593189320003148,0.41843677311195293
"{'ar': '44100', 'sample_fmt': 's16p', 'compression_level': '9', 'reservoir': '1', 'b:a': '131k', 'abr': 'True'}",173.748046875,-2.913,-1.077,0.4830046510032844,1.4753602514803765
"{'ar': '44100', 'sample_fmt': 's16p', 'compression_level': '7', 'reservoir': '1', 'b:a': '143k', 'abr': 'True'}",190.8896484375,-2.799,-0.939,0.4868368500028737,1.7568709294584874
"{'ar': '8000', 'sample_fmt': 's32p', 'compression_level': '8', 'reservoir': '1', 'b:a': '167k', 'abr': 'True'}",90.21875,-3.858,-3.51,0.42427181696984917,-1.3563154561767068
"{'ar': '44100', 'sample_fmt': 's16p', 'compression_level': '1', 'reservoir': '1', 'b:a': '133k', 'abr': 'True'}",176.9111328125,-2.915,-1.08,0.9953127759799827,1.4268406026096283
"{'ar': '44100', 'sample_fmt': 's16p', 'compression_level': '8', 'reservoir': '1', 'b:a': '133k', 'abr': 'True'}",176.70703125,-2.904,-1.066,0.4804402200097684,1.4952677323710242
"{'ar': '22050', 'sample_fmt': 's32p', 'compression_level': '0', 'reservoir': '1', 'b:a': '32k'}",44.84765625,-3.684,-2.579,0.6670886219944805,-0.6027647374046149
"{'ar': '32000', 'sample_fmt': 's32p', 'compression_level': '9', 'reservoir': '1', 'b:a': '274k'}",357.828125,-3.178,-1.444,0.47047934503643773,0.44934920470013334
"{'ar': '16000', 'sample_fmt': 's16p', 'compression_level': '9', 'reservoir': '1', 'b:a': '32k', 'abr': 'True'}",42.79296875,-3.446,-1.926,0.42722314500133507,0.17876255109192943
"{'ar': '44100', 'sample_fmt': 's32p', 'compression_level': '0', 'reservoir': '0', 'b:a': '32k', 'abr': 'True'}",53.119140625,-3.132,-1.375,0.917259452980943,1.031483508673502
"{'ar': '44100', 'sample_fmt': 's16p', 'compression_level': '7', 'reservoir': '1', 'b:a': '140k', 'abr': 'True'}",186.3251953125,-2.828,-0.973,0.4907523919828236,1.6855710735756915
"{'ar': '16000', 'sample_fmt': 's32p', 'compression_level': '0', 'reservoir': '1', 'b:a': '62k', 'abr': 'True'}",78.72265625,-3.831,-3.302,0.8125261169916485,-1.238144872775555
"{'ar': '44100', 'sample_fmt': 's16p', 'compression_level': '6', 'reservoir': '1', 'b:a': '131k', 'abr': 'True'}",176.248046875,-2.843,-0.991,0.6091001789900474,1.6522760768994276
"{'ar': '44100', 'sample_fmt': 's32p', 'compression_level': '4', 'reservoir': '0', 'b:a': '133k', 'abr': 'True'}",191.0029296875,-2.833,-0.979,0.6040776739828289,1.6561883397394406
"{'ar': '16000', 'sample_fmt': 'fltp', 'compression_level': '0', 'reservoir': '1', 'b:a': '32k', 'abr': 'True'}",43.91796875,-3.277,-1.605,0.6733512629871257,0.6537970316773966
"{'ar': '22050', 'sample_fmt': 's32p', 'compression_level': '0', 'reservoir': '1', 'b:a': '32k', 'abr': 'True'}",45.2734375,-3.69,-2.603,0.6630678849760443,-0.6246975860106817
"{'ar': '16000', 'sample_fmt': 'fltp', 'compression_level': '3', 'reservoir': '1', 'b:a': '164k'}",224.375,-3.76,-2.895,0.47515971498796716,-1.151804278516213
"{'ar': '44100', 'sample_fmt': 's16p', 'compression_level': '7', 'reservoir': '1', 'b:a': '145k', 'abr': 'True'}",194.01953125,-2.798,-0.938,0.48956882298807614,1.7543201544584648
"{'ar': '32000', 'sample_fmt': 's32p', 'compression_level': '9', 'reservoir': '1', 'aq': '9'}",81.7109375,-3.518,-2.09,0.48236099400673993,-0.10690357521582092
"{'ar': '16000', 'sample_fmt': 's32p', 'compression_level': '9', 'reservoir': '1', 'b:a': '32k'}",44.97265625,-3.442,-1.919,0.46210173098370433,0.18423448403879386
"{'ar': '44100', 'sample_fmt': 's16p', 'compression_level': '6', 'reservoir': '1', 'b:a': '143k', 'abr': 'True'}",191.458984375,-2.768,-0.902,0.6699636539851781,1.8263270631417075
"{'ar': '12000', 'sample_fmt': 's32p', 'compression_level': '8', 'reservoir': '1', 'b:a': '167k'}",90.640625,-3.742,-2.811,0.5023720180033706,-0.8719830221064906
"{'ar': '44100', 'sample_fmt': 's16p', 'compression_level': '1', 'reservoir': '1', 'b:a': '199k', 'abr': 'True'}",269.09765625,-2.613,-0.728,0.8910711329954211,2.1021292175007495
"{'ar': '44100', 'sample_fmt': 'fltp', 'compression_level': '3', 'reservoir': '1', 'b:a': '164k', 'abr': 'True'}",221.07421875,-2.666,-0.786,0.697719419025816,2.051266407797625
"{'ar': '44100', 'sample_fmt': 's16p', 'compression_level': '6', 'reservoir': '1', 'b:a': '164k', 'abr': 'True'}",223.0185546875,-2.655,-0.774,0.633444633014733,2.082329452006259
"{'ar': '44100', 'sample_fmt': 's16p', 'compression_level': '8', 'reservoir': '1', 'b:a': '137k', 'abr': 'True'}",182.173828125,-2.862,-1.014,0.5464708909858018,1.5959252668136532
"{'ar': '22050', 'sample_fmt': 's16p', 'compression_level': '8', 'reservoir': '1', 'aq': '9'}",70.03125,-3.724,-2.735,0.4767762380070053,-0.771291793679973
"{'ar': '16000', 'sample_fmt': 'fltp', 'compression_level': '0', 'reservoir': '0', 'b:a': '32k', 'abr': 'True'}",48.27734375,-3.277,-1.605,0.6745291439874563,0.6467538706918514
"{'ar': '44100', 'sample_fmt': 's16p', 'compression_level': '6', 'reservoir': '1', 'b:a': '141k', 'abr': 'True'}",188.9970703125,-2.794,-0.932,0.5935762730368879,1.7658593282834987
"{'ar': '12000', 'sample_fmt': 'fltp', 'compression_level': '8', 'reservoir': '1', 'b:a': '190k'}",90.640625,-3.742,-2.811,0.4327592199842911,-0.8668377390778449
"{'ar': '44100', 'sample_fmt': 's16p', 'compression_level': '9', 'reservoir': '1', 'b:a': '139k', 'abr': 'True'}",185.0380859375,-2.836,-0.983,0.48683719598921016,1.666120165117003
"{'ar': '44100', 'sample_fmt': 's16p', 'compression_level': '0', 'reservoir': '0', 'b:a': '32k'}",44.771484375,-3.131,-1.373,0.901728248980362,1.0489123791207753
"{'ar': '16000', 'sample_fmt': 's16p', 'compression_level': '6', 'reservoir': '1', 'b:a': '32k', 'abr': 'True'}",43.35546875,-3.405,-1.842,0.47097943600965664,0.2966567934921263
"{'ar': '44100', 'sample_fmt': 's16p', 'compression_level': '7', 'reservoir': '1', 'b:a': '145k', 'abr': 'True'}",194.01953125,-2.798,-0.938,0.6042925989895593,1.745840588711362
"{'ar': '44100', 'sample_fmt': 's16p', 'compression_level': '8', 'reservoir': '1', 'b:a': '32k', 'abr': 'True'}",48.193359375,-3.355,-1.744,0.4813608709955588,0.43558163667825966
"{'ar': '16000', 'sample_fmt': 's16p', 'compression_level': '6', 'reservoir': '1', 'b:a': '32k', 'abr': 'True'}",43.35546875,-3.405,-1.842,0.4887247229926288,0.2953451880610832
"{'ar': '44100', 'sample_fmt': 'fltp', 'compression_level': '8', 'reservoir': '1', 'b:a': '190k'}",267.6279296875,-2.63,-0.747,0.500817874999484,2.0877165009943313
"{'ar': '16000', 'sample_fmt': 's16p', 'compression_level': '8', 'reservoir': '0', 'b:a': '32k', 'abr': 'True'}",47.46875,-3.446,-1.926,0.42586140701314434,0.17140222242868952
"{'ar': '16000', 'sample_fmt': 'fltp', 'compression_level': '9', 'reservoir': '1', 'b:a': '32k', 'abr': 'True'}",42.828125,-3.448,-1.93,0.4243914910184685,0.17299403992717627
"{'ar': '12000', 'sample_fmt': 's16p', 'compression_level': '8', 'reservoir': '1', 'b:a': '171k', 'abr': 'True'}",88.578125,-3.74,-2.803,0.44058315199799836,-0.8569414273038243
"{'ar': '44100', 'sample_fmt': 'fltp', 'compression_level': '4', 'reservoir': '1', 'b:a': '164k', 'abr': 'True'}",219.5400390625,-2.666,-0.787,0.6551205809810199,2.056547588815422
"{'ar': '44100', 'sample_fmt': 's16p', 'compression_level': '7', 'reservoir': '1', 'b:a': '172k', 'abr': 'True'}",232.3984375,-2.668,-0.789,0.5180495429958683,2.040870421476856
"{'ar': '44100', 'sample_fmt': 's16p', 'compression_level': '8', 'reservoir': '0', 'b:a': '133k', 'abr': 'True'}",191.7685546875,-2.904,-1.066,0.5073357959918212,1.4692466627608884
"{'ar': '44100', 'sample_fmt': 'fltp', 'compression_level': '7', 'reservoir': '1', 'b:a': '32k', 'abr': 'True'}",48.16796875,-3.35,-1.734,0.49002741699223407,0.44978585541586624
"{'ar': '16000', 'sample_fmt': 's32p', 'compression_level': '0', 'reservoir': '1', 'b:a': '32k'}",44.97265625,-3.267,-1.587,0.673351441975683,0.6810917206558115
"{'ar': '44100', 'sample_fmt': 's16p', 'compression_level': '7', 'reservoir': '1', 'b:a': '172k', 'abr': 'True'}",232.3984375,-2.668,-0.789,0.4983110160101205,2.0423293530354236
"{'ar': '44100', 'sample_fmt': 's16p', 'compression_level': '6', 'reservoir': '0', 'b:a': '141k', 'abr': 'True'}",220.4794921875,-2.793,-0.932,0.6080247169884387,1.71688595354403
"{'ar': '44100', 'sample_fmt': 's16p', 'compression_level': '7', 'reservoir': '1', 'b:a': '140k', 'abr': 'True'}",186.3251953125,-2.828,-0.973,0.5177346850105096,1.6835767343400923
"{'ar': '16000', 'sample_fmt': 'fltp', 'compression_level': '9', 'reservoir': '1', 'b:a': '32k', 'abr': 'True'}",42.828125,-3.448,-1.93,0.4514607030141633,0.170993276259523
"{'ar': '44100', 'sample_fmt': 'fltp', 'compression_level': '8', 'reservoir': '1', 'b:a': '133k', 'abr': 'True'}",176.65625,-2.904,-1.066,0.49048111599404365,1.4946066105817575
"{'ar': '44100', 'sample_fmt': 's16p', 'compression_level': '6', 'reservoir': '1', 'b:a': '141k', 'abr': 'True'}",188.9970703125,-2.794,-0.932,0.6037409109994769,1.7651080305237548
"{'ar': '44100', 'sample_fmt': 's16p', 'compression_level': '9', 'reservoir': '1', 'b:a': '133k', 'abr': 'True'}",176.70703125,-2.904,-1.066,0.4953395699849352,1.494166478366781
"{'ar': '12000', 'sample_fmt': 's16p', 'compression_level': '3', 'reservoir': '1', 'b:a': '190k'}",90.640625,-3.754,-2.869,0.4552754850301426,-0.9147578230154443
"{'ar': '44100', 'sample_fmt': 's16p', 'compression_level': '7', 'reservoir': '1', 'b:a': '35k'}",44.771484375,-3.291,-1.629,0.4838433710101526,0.626252051306891
"{'ar': '12000', 'sample_fmt': 'fltp', 'compression_level': '8', 'reservoir': '1', 'b:a': '190k'}",90.640625,-3.742,-2.811,0.43119718600064516,-0.8667222846330456
"{'ar': '16000', 'sample_fmt': 's32p', 'compression_level': '0', 'reservoir': '1', 'b:a': '32k', 'abr': 'True'}",43.91796875,-3.277,-1.605,0.6805815859988797,0.6532626176135657
"{'ar': '44100', 'sample_fmt': 's16p', 'compression_level': '8', 'reservoir': '1', 'b:a': '171k'}",223.037109375,-2.689,-0.812,0.49757196797872894,2.001137280202201
"{'ar': '44100', 'sample_fmt': 'fltp', 'compression_level': '6', 'reservoir': '1', 'b:a': '33k', 'abr': 'True'}",49.513671875,-3.369,-1.77,0.5438739949895535,0.38803328680282045
"{'ar': '44100', 'sample_fmt': 's16p', 'compression_level': '7', 'reservoir': '1', 'b:a': '32k', 'abr': 'True'}",48.193359375,-3.355,-1.744,0.4806264770159032,0.43563591785912564
"{'ar': '44100', 'sample_fmt': 's16p', 'compression_level': '9', 'reservoir': '1', 'b:a': '133k', 'abr': 'True'}",176.70703125,-2.904,-1.066,0.49403537102625705,1.4942628754799414
"{'ar': '44100', 'sample_fmt': 's16p', 'compression_level': '7', 'reservoir': '1', 'b:a': '145k', 'abr': 'True'}",194.01953125,-2.798,-0.938,0.5051308880210854,1.7531699172695634
"{'ar': '44100', 'sample_fmt': 'fltp', 'compression_level': '3', 'reservoir': '1', 'b:a': '163k', 'abr': 'True'}",219.7431640625,-2.671,-0.793,0.6693717649905011,2.041627683620424
"{'ar': '44100', 'sample_fmt': 'fltp', 'compression_level': '9', 'reservoir': '1', 'b:a': '136k', 'abr': 'True'}",180.99609375,-2.873,-1.028,0.5021740889933426,1.5710329065641477
"{'ar': '44100', 'sample_fmt': 'fltp', 'compression_level': '6', 'reservoir': '1', 'b:a': '137k', 'abr': 'True'}",183.86328125,-2.816,-0.959,0.5942591600178275,1.7142246501962195
"{'ar': '44100', 'sample_fmt': 's16p', 'compression_level': '2', 'reservoir': '1', 'b:a': '199k', 'abr': 'True'}",267.0625,-2.613,-0.729,0.6783330170146655,2.1207852746913853
"{'ar': '44100', 'sample_fmt': 's16p', 'compression_level': '8', 'reservoir': '1', 'b:a': '217k', 'abr': 'True'}",298.0703125,-2.608,-0.723,0.5019104760431219,2.0978895450982096
"{'ar': '44100', 'sample_fmt': 'fltp', 'compression_level': '3', 'reservoir': '1', 'b:a': '171k', 'abr': 'True'}",230.05859375,-2.645,-0.764,0.6488754020247143,2.0964093405758484
"{'ar': '44100', 'sample_fmt': 's16p', 'compression_level': '8', 'reservoir': '1', 'b:a': '127k', 'abr': 'True'}",167.7998046875,-2.959,-1.136,0.4942369520140346,1.3582322525858628
"{'ar': '44100', 'sample_fmt': 'fltp', 'compression_level': '0', 'reservoir': '0', 'b:a': '32k'}",44.771484375,-3.13,-1.371,0.9408657750173006,1.0489804661482864
"{'ar': '44100', 'sample_fmt': 's32p', 'compression_level': '9', 'reservoir': '0', 'b:a': '143k', 'abr': 'True'}",223.3466796875,-2.805,-0.945,0.5082446369924583,1.6876257045711665
"{'ar': '44100', 'sample_fmt': 's16p', 'compression_level': '6', 'reservoir': '1', 'b:a': '190k'}",267.6279296875,-2.629,-0.746,0.5812211780284997,2.084419056809846
"{'ar': '44100', 'sample_fmt': 's16p', 'compression_level': '6', 'reservoir': '1', 'b:a': '144k', 'abr': 'True'}",196.37109375,-2.719,-0.846,0.5907975370064378,1.956173005394545
"{'ar': '44100', 'sample_fmt': 'fltp', 'compression_level': '3', 'reservoir': '1', 'b:a': '135k', 'abr': 'True'}",179.8720703125,-2.869,-1.022,0.6417379390040878,1.5737234053948472
"{'ar': '12000', 'sample_fmt': 'fltp', 'compression_level': '6', 'reservoir': '1', 'b:a': '131k'}",90.453125,-3.755,-2.871,0.4721917449787725,-0.9186698202032866
"{'ar': '44100', 'sample_fmt': 'fltp', 'compression_level': '3', 'reservoir': '1', 'b:a': '37k', 'abr': 'True'}",53.9833984375,-3.24,-1.543,0.5849929390242323,0.7500329220770334
"{'ar': '44100', 'sample_fmt': 'fltp', 'compression_level': '6', 'reservoir': '1', 'b:a': '164k', 'abr': 'True'}",223.015625,-2.666,-0.786,0.6052554849884473,2.0550028510698577
"{'ar': '16000', 'sample_fmt': 's16p', 'compression_level': '6', 'reservoir': '1', 'b:a': '32k', 'abr': 'True'}",43.35546875,-3.405,-1.842,0.47343155200360343,0.2964755505142982
"{'ar': '44100', 'sample_fmt': 's16p', 'compression_level': '0', 'reservoir': '0', 'b:a': '140k', 'abr': 'True'}",209.255859375,-2.866,-1.019,1.1229680699761957,1.4992038125326372
"{'ar': '16000', 'sample_fmt': 'fltp', 'compression_level': '6', 'reservoir': '1', 'b:a': '32k'}",44.97265625,-3.321,-1.681,0.48454955298802815,0.539576880161821
"{'ar': '16000', 'sample_fmt': 'fltp', 'compression_level': '1', 'reservoir': '1', 'b:a': '32k', 'abr': 'True'}",43.91796875,-3.277,-1.604,0.6765238599909935,0.6538779942748792
"{'ar': '44100', 'sample_fmt': 'fltp', 'compression_level': '6', 'reservoir': '1', 'b:a': '236k', 'abr': 'True'}",322.197265625,-2.598,-0.713,0.5807829439872876,2.080015290383928
"{'ar': '24000', 'sample_fmt': 's32p', 'compression_level': '9', 'reservoir': '1', 'b:a': '157k', 'abr': 'True'}",215.3984375,-3.662,-2.502,0.47017000397318043,-0.7848028289347476
"{'ar': '44100', 'sample_fmt': 's16p', 'compression_level': '4', 'reservoir': '1', 'b:a': '134k', 'abr': 'True'}",177.7734375,-2.816,-0.959,0.6214010900002904,1.721935859868205
"{'ar': '22050', 'sample_fmt': 's16p', 'compression_level': '8', 'reservoir': '0', 'b:a': '246k', 'abr': 'True'}",223.35546875,-3.677,-2.554,0.4558834639901761,-0.8477965274276963
"{'ar': '44100', 'sample_fmt': 's32p', 'compression_level': '4', 'reservoir': '1', 'b:a': '133k', 'abr': 'True'}",176.2958984375,-2.833,-0.979,0.6181497120123822,1.6786157239961383
"{'ar': '44100', 'sample_fmt': 's16p', 'compression_level': '7', 'reservoir': '1', 'b:a': '164k', 'abr': 'True'}",221.27734375,-2.7,-0.825,0.5033910819911398,1.9737848928789847
"{'ar': '44100', 'sample_fmt': 's16p', 'compression_level': '6', 'reservoir': '1', 'b:a': '141k', 'abr': 'True'}",188.9970703125,-2.794,-0.932,0.670412037987262,1.7601801749001824
"{'ar': '22050', 'sample_fmt': 's32p', 'compression_level': '9', 'reservoir': '0', 'b:a': '245k', 'abr': 'True'}",223.35546875,-3.676,-2.552,0.4615597980155144,-0.8452552270216863
"{'ar': '12000', 'sample_fmt': 'fltp', 'compression_level': '8', 'reservoir': '1', 'b:a': '190k', 'abr': 'True'}",88.53125,-3.742,-2.811,0.51424446303281,-0.8694946937896652
"{'ar': '32000', 'sample_fmt': 's32p', 'compression_level': '9', 'reservoir': '1', 'b:a': '272k', 'abr': 'True'}",375.6875,-3.177,-1.442,0.48560324497520924,0.42269463561652354
"{'ar': '44100', 'sample_fmt': 'fltp', 'compression_level': '9', 'reservoir': '1', 'b:a': '32k', 'abr': 'True'}",48.16796875,-3.35,-1.734,0.5036383740080055,0.44877983025770957
"{'ar': '12000', 'sample_fmt': 'fltp', 'compression_level': '8', 'reservoir': '1', 'b:a': '190k'}",90.640625,-3.742,-2.811,0.4596970659622457,-0.868828793103581
"{'ar': '44100', 'sample_fmt': 's32p', 'compression_level': '9', 'reservoir': '1', 'b:a': '134k', 'abr': 'True'}",178.1904296875,-2.893,-1.053,0.5534577319922391,1.5172340662299117
"{'ar': '44100', 'sample_fmt': 's16p', 'compression_level': '8', 'reservoir': '0', 'b:a': '141k', 'abr': 'True'}",217.501953125,-2.817,-0.96,0.494883124018088,1.6652483857420222
"{'ar': '44100', 'sample_fmt': 'fltp', 'compression_level': '6', 'reservoir': '1', 'b:a': '35k', 'abr': 'True'}",52.052734375,-3.41,-1.852,0.5503721889981534,0.2621064535265477
"{'ar': '44100', 'sample_fmt': 's16p', 'compression_level': '7', 'reservoir': '1', 'b:a': '141k', 'abr': 'True'}",187.6083984375,-2.817,-0.96,0.5010002979834098,1.7124963349429438
"{'ar': '44100', 'sample_fmt': 's16p', 'compression_level': '8', 'reservoir': '0', 'b:a': '141k', 'abr': 'True'}",217.501953125,-2.817,-0.96,0.5141439830185845,1.663824760004335
"{'ar': '44100', 'sample_fmt': 's16p', 'compression_level': '6', 'reservoir': '1', 'b:a': '190k'}",267.6279296875,-2.629,-0.746,0.5849336000101175,2.084144660975161
"{'ar': '16000', 'sample_fmt': 's32p', 'compression_level': '0', 'reservoir': '1', 'b:a': '148k', 'abr': 'True'}",126.921875,-3.734,-2.777,0.8046623379632365,-0.9228537909916152
"{'ar': '12000', 'sample_fmt': 'fltp', 'compression_level': '8', 'reservoir': '1', 'b:a': '190k'}",90.640625,-3.742,-2.811,0.4646137039817404,-0.8691921960248766
"{'ar': '32000', 'sample_fmt': 's16p', 'compression_level': '8', 'reservoir': '1', 'b:a': '128k', 'abr': 'True'}",173.5390625,-3.303,-1.65,0.5036966149928048,0.3847308930727634
"{'ar': '44100', 'sample_fmt': 's32p', 'compression_level': '9', 'reservoir': '1', 'b:a': '172k', 'abr': 'True'}",232.501953125,-2.664,-0.785,0.5433390070102178,2.0494176128880555
"{'ar': '44100', 'sample_fmt': 'fltp', 'compression_level': '7', 'reservoir': '1', 'b:a': '174k', 'abr': 'True'}",235.34765625,-2.659,-0.78,0.4961380770255346,2.0615925634659926
"{'ar': '12000', 'sample_fmt': 'fltp', 'compression_level': '8', 'reservoir': '0', 'b:a': '190k'}",90.640625,-3.74,-2.803,0.43695730197941884,-0.8599644885057036
"{'ar': '44100', 'sample_fmt': 's16p', 'compression_level': '9', 'reservoir': '1', 'b:a': '32k', 'abr': 'True'}",48.193359375,-3.355,-1.744,0.4890541520144325,0.4350130040505327
"{'ar': '16000', 'sample_fmt': 'fltp', 'compression_level': '6', 'reservoir': '1', 'b:a': '32k', 'abr': 'True'}",43.42578125,-3.404,-1.84,0.4859523509803694,0.29839876157284306
"{'ar': '44100', 'sample_fmt': 's16p', 'compression_level': '2', 'reservoir': '1', 'b:a': '209k'}",312.220703125,-2.597,-0.712,0.7294057119870558,2.087594796126272
"{'ar': '16000', 'sample_fmt': 's16p', 'compression_level': '6', 'reservoir': '1', 'b:a': '199k'}",224.375,-3.763,-2.911,0.46668431200669147,-1.1632149850404727
"{'ar': '44100', 'sample_fmt': 's16p', 'compression_level': '1', 'reservoir': '1', 'b:a': '199k', 'abr': 'True'}",269.09765625,-2.613,-0.728,0.8578131160174962,2.104587413625491
"{'ar': '44100', 'sample_fmt': 's16p', 'compression_level': '6', 'reservoir': '1', 'b:a': '170k'}",223.037109375,-2.666,-0.787,0.6092929049918894,2.0543546934272032
"{'ar': '44100', 'sample_fmt': 's16p', 'compression_level': '6', 'reservoir': '1', 'b:a': '174k', 'abr': 'True'}",235.548828125,-2.657,-0.777,0.6035846900194883,2.0589361219208833
"{'ar': '24000', 'sample_fmt': 's32p', 'compression_level': '9', 'reservoir': '1', 'b:a': '270k', 'abr': 'True'}",219.1953125,-3.661,-2.499,0.4644272639998235,-0.7871605924248458
"{'ar': '44100', 'sample_fmt': 'fltp', 'compression_level': '6', 'reservoir': '1', 'b:a': '134k', 'abr': 'True'}",180.12890625,-2.828,-0.973,0.6039942629868165,1.687088238862424
"{'ar': '44100', 'sample_fmt': 's16p', 'compression_level': '1', 'reservoir': '1', 'b:a': '270k', 'abr': 'True'}",354.7275390625,-2.589,-0.703,0.8835559680010192,2.0298530800272956
"{'ar': '44100', 'sample_fmt': 's16p', 'compression_level': '8', 'reservoir': '1', 'b:a': '127k', 'abr': 'True'}",167.7998046875,-2.959,-1.136,0.5179970099998172,1.3564760780519736
"{'ar': '44100', 'sample_fmt': 'fltp', 'compression_level': '6', 'reservoir': '1', 'b:a': '133k', 'abr': 'True'}",178.697265625,-2.833,-0.979,0.5939582649734803,1.676572007110989
"{'ar': '44100', 'sample_fmt': 's16p', 'compression_level': '8', 'reservoir': '1', 'b:a': '170k'}",223.037109375,-2.689,-0.812,0.5061830180347897,2.000500812613294
"{'ar': '32000', 'sample_fmt': 's32p', 'compression_level': '9', 'reservoir': '1', 'b:a': '136k', 'abr': 'True'}",185.140625,-3.261,-1.578,0.47431207401677966,0.4889609812923619
"{'ar': '44100', 'sample_fmt': 'fltp', 'compression_level': '6', 'reservoir': '1', 'b:a': '32k', 'abr': 'True'}",48.193359375,-3.348,-1.73,0.5425097189727239,0.45178793122968613
"{'ar': '44100', 'sample_fmt': 's16p', 'compression_level': '7', 'reservoir': '1', 'b:a': '171k', 'abr': 'True'}",231.0771484375,-2.671,-0.792,0.5016828410152812,2.036252277163501
"{'ar': '44100', 'sample_fmt': 's32p', 'compression_level': '6', 'reservoir': '1', 'aq': '9'}",105.197265625,-3.343,-1.721,0.5147770159819629,0.3773674346119591
"{'ar': '16000', 'sample_fmt': 's16p', 'compression_level': '9', 'reservoir': '1', 'b:a': '32k', 'abr': 'True'}",42.79296875,-3.446,-1.926,0.44294010498560965,0.17760086516965365
"{'ar': '44100', 'sample_fmt': 's16p', 'compression_level': '6', 'reservoir': '1', 'b:a': '137k', 'abr': 'True'}",183.759765625,-2.816,-0.959,0.6097921750042588,1.7132417363993129
"{'ar': '32000', 'sample_fmt': 's32p', 'compression_level': '9', 'reservoir': '1', 'b:a': '272k', 'abr': 'True'}",375.6875,-3.177,-1.442,0.4957256479829084,0.42194645956432186
"{'ar': '44100', 'sample_fmt': 'fltp', 'compression_level': '8', 'reservoir': '1', 'b:a': '190k'}",267.6279296875,-2.63,-0.747,0.5162319419614505,2.0865772027704605
"{'ar': '44100', 'sample_fmt': 's32p', 'compression_level': '4', 'reservoir': '1', 'b:a': '164k', 'abr': 'True'}",219.5390625,-2.666,-0.787,0.6415899089770392,2.0575492381426135
"{'ar': '44100', 'sample_fmt': 's16p', 'compression_level': '7', 'reservoir': '1', 'b:a': '32k'}",44.771484375,-3.291,-1.629,0.5244694669963792,0.6232492591746056
"{'ar': '22050', 'sample_fmt': 's16p', 'compression_level': '1', 'reservoir': '1', 'b:a': '243k', 'abr': 'True'}",173.021484375,-3.673,-2.539,0.7368747319851536,-0.7741976190035815
"{'ar': '44100', 'sample_fmt': 's16p', 'compression_level': '8', 'reservoir': '1', 'b:a': '32k', 'abr': 'True'}",48.193359375,-3.355,-1.744,0.5121795960294548,0.4333037356687651
"{'ar': '44100', 'sample_fmt': 'fltp', 'compression_level': '3', 'reservoir': '1', 'b:a': '37k', 'abr': 'True'}",53.9833984375,-3.24,-1.543,0.5575959340203553,0.7520579138729893
"{'ar': '32000', 'sample_fmt': 's32p', 'compression_level': '9', 'reservoir': '1', 'b:a': '272k', 'abr': 'True'}",375.6875,-3.177,-1.442,0.4819052370148711,0.4229679660692502
"{'ar': '16000', 'sample_fmt': 'fltp', 'compression_level': '1', 'reservoir': '1', 'b:a': '32k', 'abr': 'True'}",43.91796875,-3.277,-1.604,0.6749420650012325,0.6539949093127346
"{'ar': '44100', 'sample_fmt': 's16p', 'compression_level': '6', 'reservoir': '1', 'b:a': '248k', 'abr': 'True'}",344.1435546875,-2.589,-0.703,0.5956673550244886,2.0680202484593337
"{'ar': '22050', 'sample_fmt': 's16p', 'compression_level': '8', 'reservoir': '0', 'b:a': '246k', 'abr': 'True'}",223.35546875,-3.677,-2.554,0.459313019993715,-0.8480500158206777
"{'ar': '44100', 'sample_fmt': 's16p', 'compression_level': '8', 'reservoir': '1', 'b:a': '171k'}",223.037109375,-2.689,-0.812,0.5006293499900494,2.000911300264279
"{'ar': '44100', 'sample_fmt': 's16p', 'compression_level': '9', 'reservoir': '1', 'b:a': '272k', 'abr': 'True'}",374.1416015625,-2.596,-0.71,0.5120759370038286,2.0078141362722355
"{'ar': '44100', 'sample_fmt': 's16p', 'compression_level': '9', 'reservoir': '1', 'b:a': '136k', 'abr': 'True'}",180.84375,-2.87,-1.024,0.4993812330067158,1.579734071294655
"{'ar': '44100', 'sample_fmt': 's16p', 'compression_level': '7', 'reservoir': '1', 'b:a': '144k', 'abr': 'True'}",192.4296875,-2.802,-0.942,0.5031418509897776,1.7452722051638294
"{'ar': '44100', 'sample_fmt': 's16p', 'compression_level': '8', 'reservoir': '1', 'b:a': '174k'}",223.037109375,-2.689,-0.812,0.5080054829886649,2.0003661089630413
"{'ar': '22050', 'sample_fmt': 's16p', 'compression_level': '6', 'reservoir': '1', 'b:a': '32k', 'abr': 'True'}",44.435546875,-3.721,-2.721,0.4967561259982176,-0.720520176121933
"{'ar': '44100', 'sample_fmt': 's16p', 'compression_level': '6', 'reservoir': '1', 'b:a': '248k', 'abr': 'True'}",344.1435546875,-2.589,-0.703,0.5861478599836119,2.0687238618417707
"{'ar': '44100', 'sample_fmt': 's16p', 'compression_level': '3', 'reservoir': '1', 'b:a': '32k', 'abr': 'True'}",47.837890625,-3.341,-1.718,0.5587401650263928,0.4712505667332795
"{'ar': '44100', 'sample_fmt': 'fltp', 'compression_level': '3', 'reservoir': '1', 'b:a': '37k', 'abr': 'True'}",53.9833984375,-3.24,-1.543,0.5678529229771812,0.7512997901844386
"{'ar': '8000', 'sample_fmt': 's32p', 'compression_level': '8', 'reservoir': '1', 'b:a': '154k', 'abr': 'True'}",90.21875,-3.858,-3.51,0.4298255710164085,-1.3567259501843347
"{'ar': '44100', 'sample_fmt': 's16p', 'compression_level': '6', 'reservoir': '1', 'b:a': '133k', 'abr': 'True'}",178.8505859375,-2.834,-0.98,0.5947535960003734,1.6736231778550135
"{'ar': '44100', 'sample_fmt': 's16p', 'compression_level': '3', 'reservoir': '1', 'b:a': '173k', 'abr': 'True'}",232.6982421875,-2.649,-0.768,0.6628012010187376,2.0805864659672975
"{'ar': '12000', 'sample_fmt': 's16p', 'compression_level': '8', 'reservoir': '1', 'b:a': '190k'}",90.640625,-3.741,-2.808,0.44206993098487146,-0.8642496075662225
"{'ar': '44100', 'sample_fmt': 's16p', 'compression_level': '8', 'reservoir': '1', 'b:a': '127k'}",178.4443359375,-2.914,-1.079,0.714121612982126,1.4478231721746253
"{'ar': '32000', 'sample_fmt': 'fltp', 'compression_level': '9', 'reservoir': '1', 'b:a': '272k', 'abr': 'True'}",375.6875,-3.177,-1.442,0.5164019909861963,0.4204182113143361
"{'ar': '44100', 'sample_fmt': 's16p', 'compression_level': '6', 'reservoir': '1', 'b:a': '38k', 'abr': 'True'}",55.8115234375,-3.274,-1.6,0.5860016759834252,0.6498422733088086
"{'ar': '44100', 'sample_fmt': 'fltp', 'compression_level': '9', 'reservoir': '1', 'b:a': '136k', 'abr': 'True'}",180.99609375,-2.873,-1.028,0.5243172780028544,1.5693962394877934
"{'ar': '16000', 'sample_fmt': 's16p', 'compression_level': '6', 'reservoir': '1', 'b:a': '32k', 'abr': 'True'}",43.35546875,-3.405,-1.842,0.5591883280139882,0.29013701942872594
"{'ar': '22050', 'sample_fmt': 's32p', 'compression_level': '9', 'reservoir': '1', 'b:a': '272k', 'abr': 'True'}",219.953125,-3.677,-2.553,0.4757312999863643,-0.8435190804187596
"{'ar': '16000', 'sample_fmt': 's32p', 'compression_level': '0', 'reservoir': '1', 'b:a': '191k'}",224.375,-3.741,-2.807,0.9791023129946552,-1.1170229730926868
"{'ar': '44100', 'sample_fmt': 's16p', 'compression_level': '6', 'reservoir': '1', 'b:a': '143k', 'abr': 'True'}",191.458984375,-2.768,-0.902,0.6670907380175777,1.8265394086613742
"{'ar': '44100', 'sample_fmt': 's16p', 'compression_level': '9', 'reservoir': '1', 'b:a': '273k', 'abr': 'True'}",375.2685546875,-2.598,-0.712,0.5573481549799908,1.9973789041329926
"{'ar': '44100', 'sample_fmt': 's16p', 'compression_level': '6', 'reservoir': '1', 'b:a': '138k', 'abr': 'True'}",185.34765625,-2.808,-0.95,0.6603631350153591,1.7284487781368916
"{'ar': '44100', 'sample_fmt': 'fltp', 'compression_level': '6', 'reservoir': '1', 'b:a': '32k', 'abr': 'True'}",48.193359375,-3.348,-1.73,0.5833895799878519,0.4487663825909304
"{'ar': '44100', 'sample_fmt': 'fltp', 'compression_level': '8', 'reservoir': '0', 'b:a': '36k', 'abr': 'True'}",59.2392578125,-3.256,-1.568,0.5397393169987481,0.699825693637184
"{'ar': '44100', 'sample_fmt': 's16p', 'compression_level': '9', 'reservoir': '1', 'b:a': '133k', 'abr': 'True'}",176.70703125,-2.904,-1.066,0.5783466199936811,1.4880311874745678
"{'ar': '44100', 'sample_fmt': 'fltp', 'compression_level': '6', 'reservoir': '1', 'b:a': '134k', 'abr': 'True'}",180.12890625,-2.828,-0.973,0.6016353709856048,1.6872625913856039
"{'ar': '44100', 'sample_fmt': 'fltp', 'compression_level': '9', 'reservoir': '1', 'b:a': '135k', 'abr': 'True'}",179.408203125,-2.879,-1.035,0.5178459879825823,1.556220456218601
"{'ar': '16000', 'sample_fmt': 'fltp', 'compression_level': '1', 'reservoir': '1', 'b:a': '32k', 'abr': 'True'}",43.91796875,-3.277,-1.604,0.6697567759838421,0.654378169005478
"{'ar': '44100', 'sample_fmt': 's16p', 'compression_level': '7', 'reservoir': '1', 'b:a': '135k', 'abr': 'True'}",179.365234375,-2.88,-1.036,0.5424124510027468,1.5518278454266872
"{'ar': '44100', 'sample_fmt': 's16p', 'compression_level': '8', 'reservoir': '1', 'b:a': '170k', 'abr': 'True'}",229.55078125,-2.677,-0.799,0.5006383839936461,2.0225772102162947
"{'ar': '44100', 'sample_fmt': 's16p', 'compression_level': '7', 'reservoir': '1', 'b:a': '172k', 'abr': 'True'}",232.3984375,-2.668,-0.789,0.502770929975668,2.0419997079085337
"{'ar': '44100', 'sample_fmt': 's16p', 'compression_level': '6', 'reservoir': '1', 'b:a': '168k', 'abr': 'True'}",228.12109375,-2.652,-0.771,0.6143151200376451,2.0835376173271722
"{'ar': '44100', 'sample_fmt': 'fltp', 'compression_level': '3', 'reservoir': '1', 'b:a': '163k', 'abr': 'True'}",219.7431640625,-2.671,-0.793,0.6651201430067886,2.0419419332851336
"{'ar': '44100', 'sample_fmt': 's16p', 'compression_level': '8', 'reservoir': '1', 'b:a': '189k', 'abr': 'True'}",257.90625,-2.639,-0.757,0.4995616280066315,2.0791978694212596
"{'ar': '12000', 'sample_fmt': 'fltp', 'compression_level': '8', 'reservoir': '1', 'b:a': '32k', 'abr': 'True'}",42.78125,-3.777,-2.982,0.454811356990831,-0.9275913775584909
"{'ar': '44100', 'sample_fmt': 's32p', 'compression_level': '9', 'reservoir': '1', 'b:a': '251k', 'abr': 'True'}",346.27734375,-2.605,-0.72,0.5153718420187943,2.027908511792137
"{'ar': '44100', 'sample_fmt': 's16p', 'compression_level': '7', 'reservoir': '1', 'b:a': '32k', 'abr': 'True'}",48.193359375,-3.355,-1.744,0.48651343502569944,0.4352007957838737
"{'ar': '44100', 'sample_fmt': 's16p', 'compression_level': '9', 'reservoir': '1', 'b:a': '145k', 'abr': 'True'}",194.01953125,-2.798,-0.938,0.4891320090100635,1.7543524406416335
"{'ar': '44100', 'sample_fmt': 's16p', 'compression_level': '1', 'reservoir': '1', 'b:a': '199k', 'abr': 'True'}",269.09765625,-2.613,-0.728,0.8645081820141058,2.1040925619541277
"{'ar': '44100', 'sample_fmt': 's16p', 'compression_level': '2', 'reservoir': '1', 'b:a': '271k', 'abr': 'True'}",351.876953125,-2.585,-0.698,0.7246300190163311,2.057045378571253
"{'ar': '44100', 'sample_fmt': 'fltp', 'compression_level': '2', 'reservoir': '1', 'b:a': '188k', 'abr': 'True'}",253.9384765625,-2.632,-0.75,0.6553518350119703,2.0925319744721875
"{'ar': '32000', 'sample_fmt': 's32p', 'compression_level': '9', 'reservoir': '1', 'b:a': '272k', 'abr': 'True'}",375.6875,-3.177,-1.442,0.4854742480092682,0.4227041701549775
"{'ar': '44100', 'sample_fmt': 's16p', 'compression_level': '8', 'reservoir': '0', 'b:a': '37k', 'abr': 'True'}",60.6630859375,-3.267,-1.588,0.49341838699183427,0.6690389708820242
"{'ar': '32000', 'sample_fmt': 's16p', 'compression_level': '7', 'reservoir': '0', 'b:a': '145k', 'abr': 'True'}",226.4140625,-3.241,-1.543,0.5053415049915202,0.4784487439944497
"{'ar': '44100', 'sample_fmt': 'fltp', 'compression_level': '9', 'reservoir': '1', 'b:a': '135k', 'abr': 'True'}",179.408203125,-2.879,-1.035,0.5350023609935306,1.5549523791207354
"{'ar': '44100', 'sample_fmt': 's16p', 'compression_level': '8', 'reservoir': '1', 'b:a': '197k', 'abr': 'True'}",269.4990234375,-2.614,-0.73,0.5212733120133635,2.12586074080907
"{'ar': '44100', 'sample_fmt': 's16p', 'compression_level': '1', 'reservoir': '1', 'b:a': '199k', 'abr': 'True'}",269.09765625,-2.613,-0.728,0.8679116290004458,2.1038410033540424
"{'ar': '44100', 'sample_fmt': 's16p', 'compression_level': '8', 'reservoir': '0', 'b:a': '151k', 'abr': 'True'}",226.30859375,-2.761,-0.894,0.49595212200074457,1.8024137020975863
"{'ar': '16000', 'sample_fmt': 's32p', 'compression_level': '0', 'reservoir': '1', 'b:a': '32k', 'abr': 'True'}",43.91796875,-3.277,-1.605,0.6812438130145893,0.6532136705015117
"{'ar': '44100', 'sample_fmt': 's16p', 'compression_level': '8', 'reservoir': '1', 'b:a': '35k', 'abr': 'True'}",52.078125,-3.418,-1.868,0.5181773279909976,0.24075871656787545
"{'ar': '44100', 'sample_fmt': 's16p', 'compression_level': '7', 'reservoir': '1', 'b:a': '164k', 'abr': 'True'}",221.27734375,-2.7,-0.825,0.49518663602066226,1.9743913071851553
"{'ar': '44100', 'sample_fmt': 'fltp', 'compression_level': '9', 'reservoir': '1', 'b:a': '135k', 'abr': 'True'}",179.408203125,-2.879,-1.035,0.4950851059984416,1.5579027787673645
"{'ar': '44100', 'sample_fmt': 's16p', 'compression_level': '8', 'reservoir': '0', 'b:a': '137k', 'abr': 'True'}",202.5341796875,-2.862,-1.014,0.4981419159739744,1.56700910860868
"{'ar': '44100', 'sample_fmt': 's16p', 'compression_level': '6', 'reservoir': '1', 'b:a': '138k', 'abr': 'True'}",185.34765625,-2.808,-0.95,0.5897699820052367,1.7336665220353917
"{'ar': '44100', 'sample_fmt': 's16p', 'compression_level': '3', 'reservoir': '1', 'b:a': '172k', 'abr': 'True'}",231.4765625,-2.653,-0.772,0.6407709769846406,2.073582589532216
"{'ar': '44100', 'sample_fmt': 'fltp', 'compression_level': '9', 'reservoir': '1', 'b:a': '131k', 'abr': 'True'}",173.70703125,-2.908,-1.071,0.5111063699878287,1.4868910590558015
"{'ar': '44100', 'sample_fmt': 'fltp', 'compression_level': '8', 'reservoir': '0', 'b:a': '36k', 'abr': 'True'}",59.2392578125,-3.256,-1.568,0.49065220801276155,0.7034538636860542
"{'ar': '44100', 'sample_fmt': 's16p', 'compression_level': '7', 'reservoir': '1', 'b:a': '144k', 'abr': 'True'}",192.4296875,-2.802,-0.942,0.5823618900030851,1.739416823195817
"{'ar': '44100', 'sample_fmt': 'fltp', 'compression_level': '3', 'reservoir': '1', 'b:a': '173k', 'abr': 'True'}",232.5986328125,-2.636,-0.754,0.731518843997037,2.110371899190034
"{'ar': '32000', 'sample_fmt': 'fltp', 'compression_level': '0', 'reservoir': '0', 'b:a': '66k'}",89.515625,-3.714,-2.695,0.8955407290195581,-0.7974166999913791
"{'ar': '44100', 'sample_fmt': 's16p', 'compression_level': '3', 'reservoir': '1', 'b:a': '189k', 'abr': 'True'}",256.9892578125,-2.626,-0.742,0.6486010359949432,2.104666216157378
"{'ar': '44100', 'sample_fmt': 's16p', 'compression_level': '8', 'reservoir': '0', 'b:a': '133k', 'abr': 'True'}",191.7685546875,-2.904,-1.066,0.5456732219900005,1.4664130328399028
"{'ar': '16000', 'sample_fmt': 's16p', 'compression_level': '9', 'reservoir': '1', 'b:a': '32k', 'abr': 'True'}",42.79296875,-3.446,-1.926,0.45306584902573377,0.17685244217209248
"{'ar': '44100', 'sample_fmt': 's32p', 'compression_level': '9', 'reservoir': '0', 'aq': '9'}",103.8740234375,-3.314,-1.668,0.5222494819900021,0.4632140667101696
"{'ar': '44100', 'sample_fmt': 's16p', 'compression_level': '2', 'reservoir': '1', 'b:a': '127k', 'abr': 'True'}",167.6953125,-3.012,-1.206,0.7096729180193506,1.1969066984189791
"{'ar': '22050', 'sample_fmt': 'fltp', 'compression_level': '8', 'reservoir': '1', 'b:a': '32k', 'abr': 'True'}",44.232421875,-3.72,-2.719,0.45989282699883915,-0.7145105291591161
"{'ar': '32000', 'sample_fmt': 's32p', 'compression_level': '9', 'reservoir': '1', 'aq': '9'}",81.7109375,-3.518,-2.09,0.45814970598439686,-0.10511404896622425
"{'ar': '44100', 'sample_fmt': 'fltp', 'compression_level': '9', 'reservoir': '1', 'b:a': '134k', 'abr': 'True'}",178.1904296875,-2.893,-1.053,0.5081248430069536,1.520584751031743
"{'ar': '44100', 'sample_fmt': 's16p', 'compression_level': '8', 'reservoir': '1', 'aq': '9'}",97.146484375,-3.315,-1.67,0.48731677600881085,0.47357008526023187
"{'ar': '44100', 'sample_fmt': 'fltp', 'compression_level': '6', 'reservoir': '1', 'b:a': '34k', 'abr': 'True'}",51.01171875,-3.383,-1.798,0.5770112540049013,0.34174167071297706
"{'ar': '44100', 'sample_fmt': 'fltp', 'compression_level': '9', 'reservoir': '1', 'b:a': '133k', 'abr': 'True'}",176.65625,-2.904,-1.066,0.527169868000783,1.4918948389188698
"{'ar': '44100', 'sample_fmt': 's16p', 'compression_level': '9', 'reservoir': '1', 'b:a': '171k', 'abr': 'True'}",231.0771484375,-2.671,-0.792,0.5189106189936865,2.0349789223181856
"{'ar': '44100', 'sample_fmt': 's16p', 'compression_level': '4', 'reservoir': '1', 'b:a': '131k', 'abr': 'True'}",173.85546875,-2.843,-0.991,0.6334615200175904,1.6542932120330514
"{'ar': '44100', 'sample_fmt': 'fltp', 'compression_level': '8', 'reservoir': '1', 'b:a': '170k', 'abr': 'True'}",229.6513671875,-2.676,-0.798,0.5044884520175401,2.0247775353901134
"{'ar': '16000', 'sample_fmt': 'fltp', 'compression_level': '9', 'reservoir': '1', 'b:a': '140k', 'abr': 'True'}",194.52734375,-3.765,-2.92,0.43806019201292656,-1.1209714462898548
"{'ar': '44100', 'sample_fmt': 's16p', 'compression_level': '2', 'reservoir': '1', 'b:a': '198k', 'abr': 'True'}",265.9384765625,-2.609,-0.724,0.6747762380109634,2.133738774311895
"{'ar': '44100', 'sample_fmt': 's32p', 'compression_level': '9', 'reservoir': '1', 'b:a': '270k', 'abr': 'True'}",371.88671875,-2.6,-0.715,0.5054164009925444,2.0010073551263825
"{'ar': '22050', 'sample_fmt': 's16p', 'compression_level': '8', 'reservoir': '0', 'b:a': '246k', 'abr': 'True'}",223.35546875,-3.677,-2.554,0.4622494100185577,-0.8482670528913061
"{'ar': '16000', 'sample_fmt': 's16p', 'compression_level': '9', 'reservoir': '1', 'b:a': '163k', 'abr': 'True'}",220.68359375,-3.766,-2.926,0.4482685120019596,-1.167685263387837
"{'ar': '48000', 'sample_fmt': 's16p', 'compression_level': '6', 'reservoir': '1', 'b:a': '32k', 'abr': 'True'}",49.25,-3.354,-1.741,0.5438741709804162,0.4325513670757932
"{'ar': '32000', 'sample_fmt': 's16p', 'compression_level': '8', 'reservoir': '0', 'aq': '9'}",89.5859375,-3.514,-2.081,0.46783381496788934,-0.10623681119910346
"{'ar': '44100', 'sample_fmt': 's16p', 'compression_level': '8', 'reservoir': '1', 'b:a': '170k', 'abr': 'True'}",229.55078125,-2.677,-0.799,0.5038524719711859,2.0223396476876503
"{'ar': '44100', 'sample_fmt': 's16p', 'compression_level': '2', 'reservoir': '1', 'b:a': '200k', 'abr': 'True'}",268.1796875,-2.61,-0.726,0.6794169539934956,2.1268586899609576
"{'ar': '44100', 'sample_fmt': 'fltp', 'compression_level': '9', 'reservoir': '1', 'b:a': '131k', 'abr': 'True'}",173.70703125,-2.908,-1.071,0.4978639170003589,1.4878698470165352
"{'ar': '44100', 'sample_fmt': 's32p', 'compression_level': '4', 'reservoir': '0', 'b:a': '32k'}",44.771484375,-3.302,-1.648,0.5510727220098488,0.5896599097645826
"{'ar': '44100', 'sample_fmt': 's16p', 'compression_level': '7', 'reservoir': '1', 'b:a': '170k', 'abr': 'True'}",229.55078125,-2.677,-0.799,0.5131984269828536,2.021648861150169
"{'ar': '16000', 'sample_fmt': 's16p', 'compression_level': '9', 'reservoir': '1', 'b:a': '32k', 'abr': 'True'}",42.79296875,-3.446,-1.926,0.4525016210100148,0.17689414589491612
"{'ar': '16000', 'sample_fmt': 's16p', 'compression_level': '8', 'reservoir': '1', 'b:a': '32k', 'abr': 'True'}",42.79296875,-3.446,-1.926,0.45830948700313456,0.17646486973913142
"{'ar': '8000', 'sample_fmt': 's16p', 'compression_level': '8', 'reservoir': '1', 'aq': '9'}",36.8515625,-3.855,-3.486,0.4250135650217999,-1.2566533333179375
"{'ar': '44100', 'sample_fmt': 'fltp', 'compression_level': '9', 'reservoir': '1', 'b:a': '134k', 'abr': 'True'}",178.1904296875,-2.893,-1.053,0.503579643991543,1.5209206998230758
"{'ar': '44100', 'sample_fmt': 'fltp', 'compression_level': '6', 'reservoir': '1', 'b:a': '32k', 'abr': 'True'}",48.193359375,-3.348,-1.73,0.5340521990146954,0.45241305096546447
"{'ar': '24000', 'sample_fmt': 'fltp', 'compression_level': '9', 'reservoir': '1', 'b:a': '272k', 'abr': 'True'}",219.1953125,-3.661,-2.499,0.4645648479927331,-0.787170761655273
"{'ar': '44100', 'sample_fmt': 's16p', 'compression_level': '8', 'reservoir': '1', 'b:a': '189k', 'abr': 'True'}",257.90625,-2.639,-0.757,0.5271531989856157,2.0771584966919385
"{'ar': '44100', 'sample_fmt': 's16p', 'compression_level': '6', 'reservoir': '1', 'b:a': '271k', 'abr': 'True'}",365.3349609375,-2.583,-0.696,0.5885381600237451,2.0509206468089367
"{'ar': '44100', 'sample_fmt': 's16p', 'compression_level': '8', 'reservoir': '0', 'b:a': '36k', 'abr': 'True'}",59.2646484375,-3.251,-1.561,0.48768232500879094,0.7174907594428631
"{'ar': '44100', 'sample_fmt': 's16p', 'compression_level': '8', 'reservoir': '1', 'b:a': '126k', 'abr': 'True'}",166.578125,-2.971,-1.152,0.5036501080030575,1.3264793014875622
"{'ar': '44100', 'sample_fmt': 's16p', 'compression_level': '8', 'reservoir': '1', 'b:a': '127k', 'abr': 'True'}",167.7998046875,-2.959,-1.136,0.5540243240247946,1.3538131951813612
"{'ar': '44100', 'sample_fmt': 's16p', 'compression_level': '6', 'reservoir': '1', 'b:a': '138k', 'abr': 'True'}",185.34765625,-2.808,-0.95,0.711013507010648,1.7247050628023848
"{'ar': '44100', 'sample_fmt': 's16p', 'compression_level': '7', 'reservoir': '1', 'b:a': '32k'}",44.771484375,-3.291,-1.629,0.5413753309985623,0.6219996979213547
"{'ar': '44100', 'sample_fmt': 's16p', 'compression_level': '9', 'reservoir': '1', 'b:a': '32k', 'abr': 'True'}",48.193359375,-3.355,-1.744,0.5132844759791624,0.43322207079943514
"{'ar': '44100', 'sample_fmt': 'fltp', 'compression_level': '9', 'reservoir': '1', 'b:a': '127k', 'abr': 'True'}",167.8515625,-2.955,-1.131,0.49807259801309556,1.368763204189432
"{'ar': '44100', 'sample_fmt': 's16p', 'compression_level': '8', 'reservoir': '1', 'b:a': '137k', 'abr': 'True'}",182.173828125,-2.862,-1.014,0.5247312300198246,1.5975321079664266
"{'ar': '44100', 'sample_fmt': 's16p', 'compression_level': '6', 'reservoir': '1', 'b:a': '266k', 'abr': 'True'}",361.2451171875,-2.585,-0.698,0.592473180993693,2.051865024470045
"{'ar': '22050', 'sample_fmt': 'fltp', 'compression_level': '8', 'reservoir': '1', 'b:a': '32k', 'abr': 'True'}",44.232421875,-3.72,-2.719,0.474744045000989,-0.7156082255901693
"{'ar': '44100', 'sample_fmt': 's16p', 'compression_level': '8', 'reservoir': '1', 'b:a': '127k', 'abr': 'True'}",167.7998046875,-2.959,-1.136,0.5008526439778507,1.3577432676785925
"{'ar': '12000', 'sample_fmt': 's16p', 'compression_level': '8', 'reservoir': '1', 'b:a': '190k'}",90.640625,-3.741,-2.808,0.44094810300157405,-0.8641666900187632
"{'ar': '44100', 'sample_fmt': 's16p', 'compression_level': '6', 'reservoir': '1', 'b:a': '144k', 'abr': 'True'}",196.37109375,-2.719,-0.846,0.5957247919868678,1.9558088177429918
"{'ar': '44100', 'sample_fmt': 'fltp', 'compression_level': '9', 'reservoir': '1', 'b:a': '134k', 'abr': 'True'}",178.1904296875,-2.893,-1.053,0.5054319209884852,1.5207837926785863
"{'ar': '44100', 'sample_fmt': 'fltp', 'compression_level': '8', 'reservoir': '1', 'b:a': '32k', 'abr': 'True'}",48.16796875,-3.35,-1.734,0.49421438699937426,0.44947638436553894
"{'ar': '44100', 'sample_fmt': 's16p', 'compression_level': '8', 'reservoir': '0', 'b:a': '135k', 'abr': 'True'}",196.5869140625,-2.88,-1.036,0.507163436996052,1.5269531771378788
"{'ar': '32000', 'sample_fmt': 's32p', 'compression_level': '9', 'reservoir': '1', 'b:a': '272k', 'abr': 'True'}",375.6875,-3.177,-1.442,0.498378527991008,0.42175037753815525
"{'ar': '44100', 'sample_fmt': 's16p', 'compression_level': '7', 'reservoir': '0', 'b:a': '36k'}",44.771484375,-3.239,-1.54,0.5041310510132462,0.7739850961459936
"{'ar': '44100', 'sample_fmt': 'fltp', 'compression_level': '0', 'reservoir': '1', 'b:a': '32k'}",44.771484375,-3.12,-1.357,0.9164410649973433,1.0785015631243413
"{'ar': '44100', 'sample_fmt': 'fltp', 'compression_level': '9', 'reservoir': '1', 'b:a': '196k', 'abr': 'True'}",268.0751953125,-2.617,-0.733,0.526539974991465,2.119807229940854
"{'ar': '44100', 'sample_fmt': 'fltp', 'compression_level': '3', 'reservoir': '1', 'b:a': '170k', 'abr': 'True'}",228.8359375,-2.66,-0.78,0.6652361459855456,2.057154617931847
"{'ar': '44100', 'sample_fmt': 's16p', 'compression_level': '3', 'reservoir': '1', 'b:a': '127k', 'abr': 'True'}",168.8671875,-2.944,-1.116,0.6385762139980216,1.387118771454188
"{'ar': '44100', 'sample_fmt': 's16p', 'compression_level': '2', 'reservoir': '1', 'b:a': '127k', 'abr': 'True'}",167.6953125,-3.012,-1.206,0.7070408459985629,1.1971012424666845
"{'ar': '44100', 'sample_fmt': 's16p', 'compression_level': '2', 'reservoir': '1', 'b:a': '133k', 'abr': 'True'}",175.228515625,-2.924,-1.091,0.762627402000362,1.4222844605471567
"{'ar': '22050', 'sample_fmt': 's16p', 'compression_level': '8', 'reservoir': '1', 'b:a': '32k', 'abr': 'True'}",44.2578125,-3.719,-2.715,0.4622565240133554,-0.7111339802855792
"{'ar': '22050', 'sample_fmt': 's16p', 'compression_level': '8', 'reservoir': '1', 'b:a': '246k', 'abr': 'True'}",219.69921875,-3.677,-2.553,0.4851872570288833,-0.8438128483074534
"{'ar': '12000', 'sample_fmt': 'fltp', 'compression_level': '8', 'reservoir': '1', 'b:a': '190k'}",90.640625,-3.742,-2.811,0.47029247498721816,-0.8696119303971402
"{'ar': '44100', 'sample_fmt': 's16p', 'compression_level': '7', 'reservoir': '1', 'b:a': '172k', 'abr': 'True'}",232.3984375,-2.668,-0.789,0.5277070260199253,2.040156609003904
"{'ar': '44100', 'sample_fmt': 's16p', 'compression_level': '6', 'reservoir': '1', 'b:a': '248k', 'abr': 'True'}",344.1435546875,-2.589,-0.703,0.6507273839961272,2.0639506026372128
"{'ar': '44100', 'sample_fmt': 's32p', 'compression_level': '9', 'reservoir': '1', 'b:a': '290k', 'abr': 'True'}",398.375,-2.592,-0.706,0.7136853029951453,1.9648258143170987
"{'ar': '44100', 'sample_fmt': 's16p', 'compression_level': '7', 'reservoir': '1', 'b:a': '168k', 'abr': 'True'}",226.796875,-2.686,-0.809,0.6082651410251856,1.9948924917620316
"{'ar': '44100', 'sample_fmt': 's16p', 'compression_level': '6', 'reservoir': '1', 'b:a': '199k', 'abr': 'True'}",272.8681640625,-2.615,-0.731,0.626789651956642,2.1100403085652584
"{'ar': '44100', 'sample_fmt': 's16p', 'compression_level': '6', 'reservoir': '1', 'b:a': '168k', 'abr': 'True'}",228.12109375,-2.652,-0.771,0.6120311679842416,2.0837064308222915
"{'ar': '44100', 'sample_fmt': 'fltp', 'compression_level': '9', 'reservoir': '1', 'b:a': '133k', 'abr': 'True'}",176.65625,-2.904,-1.066,0.5236505869834218,1.4921549591468586
"{'ar': '44100', 'sample_fmt': 's16p', 'compression_level': '2', 'reservoir': '1', 'b:a': '127k', 'abr': 'True'}",167.6953125,-3.012,-1.206,0.7355998129933141,1.1949903667028132
"{'ar': '44100', 'sample_fmt': 'fltp', 'compression_level': '8', 'reservoir': '1', 'b:a': '127k', 'abr': 'True'}",167.8515625,-2.955,-1.131,0.5056969689903781,1.3681996649019756
"{'ar': '44100', 'sample_fmt': 's32p', 'compression_level': '8', 'reservoir': '1', 'b:a': '164k', 'abr': 'True'}",221.1787109375,-2.699,-0.824,0.5280064959661104,1.9747682776462931
"{'ar': '44100', 'sample_fmt': 'fltp', 'compression_level': '8', 'reservoir': '0', 'b:a': '36k', 'abr': 'True'}",59.2392578125,-3.256,-1.568,0.5083865530323237,0.7021430670071406
"{'ar': '44100', 'sample_fmt': 'fltp', 'compression_level': '8', 'reservoir': '0', 'b:a': '285k', 'abr': 'True'}",445.4091796875,-2.595,-0.709,0.5326127330190502,1.8952224465236691
"{'ar': '32000', 'sample_fmt': 's32p', 'compression_level': '4', 'reservoir': '1', 'b:a': '272k', 'abr': 'True'}",346.296875,-3.176,-1.44,0.5813241160067264,0.46547806423371985
"{'ar': '44100', 'sample_fmt': 'fltp', 'compression_level': '7', 'reservoir': '1', 'b:a': '143k', 'abr': 'True'}",190.841796875,-2.805,-0.945,0.5096335549897049,1.7393899366989136
"{'ar': '44100', 'sample_fmt': 's16p', 'compression_level': '6', 'reservoir': '1', 'b:a': '144k', 'abr': 'True'}",196.37109375,-2.719,-0.846,0.5994859710044693,1.9555308181349074
"{'ar': '44100', 'sample_fmt': 's16p', 'compression_level': '9', 'reservoir': '1', 'b:a': '37k', 'abr': 'True'}",54.466796875,-3.267,-1.588,0.5134094660170376,0.6774485716264543
"{'ar': '44100', 'sample_fmt': 'fltp', 'compression_level': '3', 'reservoir': '1', 'b:a': '173k', 'abr': 'True'}",232.5986328125,-2.636,-0.754,0.6624855509726331,2.115474349330203
"{'ar': '44100', 'sample_fmt': 's16p', 'compression_level': '3', 'reservoir': '1', 'b:a': '127k', 'abr': 'True'}",168.8671875,-2.944,-1.116,0.6430040240229573,1.3867914992223043
"{'ar': '44100', 'sample_fmt': 's16p', 'compression_level': '7', 'reservoir': '1', 'b:a': '271k', 'abr': 'True'}",373.1171875,-2.596,-0.711,0.5374178529891651,2.0072602048976673
"{'ar': '16000', 'sample_fmt': 's16p', 'compression_level': '9', 'reservoir': '1', 'b:a': '32k', 'abr': 'True'}",42.79296875,-3.446,-1.926,0.4614546949742362,0.17623239833077292
"{'ar': '44100', 'sample_fmt': 's16p', 'compression_level': '7', 'reservoir': '1', 'b:a': '267k'}",356.8115234375,-2.595,-0.709,0.5342763000226114,2.0364716318519074
"{'ar': '44100', 'sample_fmt': 'fltp', 'compression_level': '9', 'reservoir': '1', 'b:a': '270k', 'abr': 'True'}",371.88671875,-2.6,-0.714,0.5366268409707118,1.9990159597419903
"{'ar': '44100', 'sample_fmt': 's16p', 'compression_level': '8', 'reservoir': '1', 'b:a': '126k', 'abr': 'True'}",166.578125,-2.971,-1.152,0.5070091110246722,1.3262310278693181
"{'ar': '44100', 'sample_fmt': 's32p', 'compression_level': '6', 'reservoir': '1', 'b:a': '270k', 'abr': 'True'}",364.4189453125,-2.583,-0.696,0.6154606750351377,2.0503923796518215
"{'ar': '44100', 'sample_fmt': 's32p', 'compression_level': '9', 'reservoir': '1', 'b:a': '140k', 'abr': 'True'}",186.3251953125,-2.834,-0.98,0.5120633110345807,1.6678080860942754
"{'ar': '44100', 'sample_fmt': 's16p', 'compression_level': '7', 'reservoir': '0', 'b:a': '40k'}",55.8935546875,-3.288,-1.623,0.5090927640267182,0.6155212657218799
"{'ar': '24000', 'sample_fmt': 's32p', 'compression_level': '9', 'reservoir': '1', 'b:a': '272k', 'abr': 'True'}",219.1953125,-3.661,-2.499,0.47353209301945753,-0.7878335566435891
"{'ar': '12000', 'sample_fmt': 's16p', 'compression_level': '9', 'reservoir': '1', 'b:a': '190k', 'abr': 'True'}",88.578125,-3.74,-2.803,0.47064459102693945,-0.8591633551167227
"{'ar': '44100', 'sample_fmt': 'fltp', 'compression_level': '9', 'reservoir': '1', 'b:a': '32k', 'abr': 'True'}",48.16796875,-3.35,-1.734,0.5179681559966411,0.4477206746689612
"{'ar': '44100', 'sample_fmt': 's32p', 'compression_level': '7', 'reservoir': '1', 'b:a': '137k', 'abr': 'True'}",182.22265625,-2.864,-1.016,0.5337928920052946,1.5914936285457033
"{'ar': '24000', 'sample_fmt': 's32p', 'compression_level': '9', 'reservoir': '1', 'b:a': '272k', 'abr': 'True'}",219.1953125,-3.661,-2.499,0.5150266590062529,-0.7909005399028219
"{'ar': '32000', 'sample_fmt': 's32p', 'compression_level': '9', 'reservoir': '0', 'aq': '9'}",89.62109375,-3.518,-2.09,0.5185746030183509,-0.12220218405384162
"{'ar': '32000', 'sample_fmt': 'fltp', 'compression_level': '9', 'reservoir': '1', 'b:a': '197k', 'abr': 'True'}",273.9453125,-3.178,-1.444,0.4936223510012496,0.5814874733347682
"{'ar': '44100', 'sample_fmt': 's16p', 'compression_level': '7', 'reservoir': '1', 'b:a': '143k', 'abr': 'True'}",190.8896484375,-2.799,-0.939,0.5158811779983807,1.7547241792607329
"{'ar': '44100', 'sample_fmt': 's16p', 'compression_level': '7', 'reservoir': '1', 'b:a': '172k', 'abr': 'True'}",232.3984375,-2.668,-0.789,0.5235208759841044,2.040466019447782
"{'ar': '44100', 'sample_fmt': 's16p', 'compression_level': '4', 'reservoir': '1', 'b:a': '131k', 'abr': 'True'}",173.85546875,-2.843,-0.991,0.6465063689975068,1.6533290295554384
"{'ar': '22050', 'sample_fmt': 'fltp', 'compression_level': '8', 'reservoir': '1', 'b:a': '32k', 'abr': 'True'}",44.232421875,-3.72,-2.719,0.46938963897991925,-0.7152124659710668
"{'ar': '44100', 'sample_fmt': 's16p', 'compression_level': '8', 'reservoir': '0', 'b:a': '36k', 'abr': 'True'}",59.2646484375,-3.251,-1.561,0.5044856860185973,0.716248774481933
"{'ar': '44100', 'sample_fmt': 's16p', 'compression_level': '9', 'reservoir': '1', 'b:a': '125k', 'abr': 'True'}",165.2548828125,-2.983,-1.167,0.5080126999819186,1.2955771702625398
"{'ar': '24000', 'sample_fmt': 'fltp', 'compression_level': '9', 'reservoir': '1', 'b:a': '32k', 'abr': 'True'}",44.234375,-3.707,-2.666,0.4855940980196465,-0.669404813360635
"{'ar': '44100', 'sample_fmt': 's32p', 'compression_level': '9', 'reservoir': '1', 'b:a': '271k', 'abr': 'True'}",373.013671875,-2.601,-0.716,0.5242852009832859,1.995169072141509
"{'ar': '44100', 'sample_fmt': 's16p', 'compression_level': '8', 'reservoir': '0', 'b:a': '36k', 'abr': 'True'}",59.2646484375,-3.251,-1.561,0.5007814950367901,0.7165225619396406
"{'ar': '44100', 'sample_fmt': 's16p', 'compression_level': '6', 'reservoir': '1', 'b:a': '33k', 'abr': 'True'}",49.564453125,-3.365,-1.763,0.5472491910040844,0.39923074667808006
"{'ar': '44100', 'sample_fmt': 's16p', 'compression_level': '7', 'reservoir': '1', 'b:a': '141k', 'abr': 'True'}",187.6083984375,-2.817,-0.96,0.5236213959869929,1.7108243442320508
"{'ar': '16000', 'sample_fmt': 's16p', 'compression_level': '9', 'reservoir': '1', 'b:a': '32k', 'abr': 'True'}",42.79296875,-3.446,-1.926,0.525832759012701,0.17147402961496025
"{'ar': '44100', 'sample_fmt': 's16p', 'compression_level': '7', 'reservoir': '1', 'b:a': '170k', 'abr': 'True'}",229.55078125,-2.677,-0.799,0.5244420339877252,2.0208178136711252
"{'ar': '22050', 'sample_fmt': 's16p', 'compression_level': '8', 'reservoir': '0', 'b:a': '246k', 'abr': 'True'}",223.35546875,-3.677,-2.554,0.5238683570350986,-0.8528214872963178
"{'ar': '44100', 'sample_fmt': 's16p', 'compression_level': '8', 'reservoir': '0', 'b:a': '141k', 'abr': 'True'}",217.501953125,-2.817,-0.96,0.5216653629904613,1.6632688330796523
"{'ar': '32000', 'sample_fmt': 's32p', 'compression_level': '8', 'reservoir': '1', 'aq': '9'}",81.7109375,-3.518,-2.09,0.48254313904908486,-0.10691703808215869
"{'ar': '44100', 'sample_fmt': 's16p', 'compression_level': '9', 'reservoir': '1', 'b:a': '143k', 'abr': 'True'}",190.8896484375,-2.799,-0.939,0.5598836130229756,1.7514718321551177
"{'ar': '24000', 'sample_fmt': 's32p', 'compression_level': '9', 'reservoir': '1', 'b:a': '32k', 'abr': 'True'}",44.234375,-3.707,-2.666,0.5232215609867126,-0.6721859678627478
"{'ar': '32000', 'sample_fmt': 's32p', 'compression_level': '9', 'reservoir': '1', 'b:a': '272k', 'abr': 'True'}",375.6875,-3.177,-1.442,0.5027485259925015,0.4214273783599562
"{'ar': '44100', 'sample_fmt': 's16p', 'compression_level': '8', 'reservoir': '1', 'b:a': '253k', 'abr': 'True'}",349.2236328125,-2.601,-0.716,0.5334246129787061,2.0324544751345064
"{'ar': '44100', 'sample_fmt': 's16p', 'compression_level': '7', 'reservoir': '1', 'b:a': '170k', 'abr': 'True'}",229.55078125,-2.677,-0.799,0.5353046109958086,2.0200149292200256
"{'ar': '44100', 'sample_fmt': 's32p', 'compression_level': '9', 'reservoir': '1', 'b:a': '272k', 'abr': 'True'}",374.34375,-2.599,-0.714,0.5295110420265701,1.9979512490335893
"{'ar': '44100', 'sample_fmt': 's32p', 'compression_level': '9', 'reservoir': '1', 'b:a': '272k', 'abr': 'True'}",374.34375,-2.599,-0.714,0.5319132599688601,1.9977736941649258
"{'ar': '44100', 'sample_fmt': 's16p', 'compression_level': '9', 'reservoir': '1', 'b:a': '145k', 'abr': 'True'}",194.01953125,-2.798,-0.938,0.5170362669741735,1.7522899563138188
"{'ar': '24000', 'sample_fmt': 's32p', 'compression_level': '9', 'reservoir': '1', 'b:a': '134k', 'abr': 'True'}",184.4609375,-3.67,-2.529,0.48317882197443396,-0.7635553541933673
"{'ar': '32000', 'sample_fmt': 's32p', 'compression_level': '9', 'reservoir': '0', 'aq': '9'}",89.62109375,-3.518,-2.09,0.5370974239776842,-0.12357125926754842
"{'ar': '16000', 'sample_fmt': 's32p', 'compression_level': '9', 'reservoir': '1', 'b:a': '32k', 'abr': 'True'}",42.828125,-3.448,-1.93,0.5166063370124903,0.16617817423029438
"{'ar': '44100', 'sample_fmt': 's16p', 'compression_level': '7', 'reservoir': '1', 'b:a': '32k'}",44.771484375,-3.291,-1.629,0.49519213498570025,0.6254132313723225
"{'ar': '44100', 'sample_fmt': 'fltp', 'compression_level': '0', 'reservoir': '1', 'b:a': '138k'}",178.4443359375,-2.946,-1.119,1.1670749629847705,1.327167734263945
"{'ar': '44100', 'sample_fmt': 'fltp', 'compression_level': '8', 'reservoir': '1', 'b:a': '32k', 'abr': 'True'}",48.16796875,-3.35,-1.734,0.5180452360073105,0.44771497746267114
"{'ar': '44100', 'sample_fmt': 's16p', 'compression_level': '0', 'reservoir': '1', 'b:a': '32k'}",44.771484375,-3.133,-1.376,0.9062979080190416,1.0429683715187763
"{'ar': '44100', 'sample_fmt': 's16p', 'compression_level': '7', 'reservoir': '1', 'b:a': '137k', 'abr': 'True'}",182.173828125,-2.862,-1.014,0.5205488159845117,1.597841242271713
"{'ar': '44100', 'sample_fmt': 's16p', 'compression_level': '9', 'reservoir': '0', 'b:a': '125k', 'abr': 'True'}",179.6533203125,-2.983,-1.167,0.5073068759811576,1.2726542626338935
"{'ar': '44100', 'sample_fmt': 's16p', 'compression_level': '8', 'reservoir': '1', 'b:a': '144k', 'abr': 'True'}",192.4296875,-2.802,-0.942,0.50883128301939,1.74485168280447
"{'ar': '44100', 'sample_fmt': 'fltp', 'compression_level': '9', 'reservoir': '1', 'b:a': '272k', 'abr': 'True'}",374.34375,-2.599,-0.714,0.516426860995125,1.99891833865677
"{'ar': '44100', 'sample_fmt': 's16p', 'compression_level': '8', 'reservoir': '0', 'b:a': '139k', 'abr': 'True'}",210.3251953125,-2.836,-0.983,0.5124199179699644,1.6238795267693955
"{'ar': '16000', 'sample_fmt': 'fltp', 'compression_level': '8', 'reservoir': '0', 'b:a': '32k', 'abr': 'True'}",47.71484375,-3.448,-1.93,0.44111983096809126,0.16396003583413024
"{'ar': '8000', 'sample_fmt': 's16p', 'compression_level': '6', 'reservoir': '1', 'aq': '9'}",36.359375,-3.85,-3.44,0.4560098040092271,-1.2319982127506324
"{'ar': '44100', 'sample_fmt': 'fltp', 'compression_level': '0', 'reservoir': '1', 'b:a': '32k'}",44.771484375,-3.12,-1.357,0.9079183099966031,1.0791315045706054
"{'ar': '44100', 'sample_fmt': 'fltp', 'compression_level': '3', 'reservoir': '1', 'b:a': '173k', 'abr': 'True'}",232.5986328125,-2.636,-0.754,0.6626171770039946,2.1154646204699277
"{'ar': '44100', 'sample_fmt': 'fltp', 'compression_level': '3', 'reservoir': '1', 'b:a': '173k', 'abr': 'True'}",232.5986328125,-2.636,-0.754,0.6641499150136951,2.1153513313752055
"{'ar': '32000', 'sample_fmt': 'fltp', 'compression_level': '9', 'reservoir': '1', 'b:a': '134k', 'abr': 'True'}",182.2578125,-3.264,-1.582,0.48640323101426475,0.48441564367514534
"{'ar': '44100', 'sample_fmt': 'fltp', 'compression_level': '0', 'reservoir': '1', 'b:a': '142k', 'abr': 'True'}",185.1533203125,-2.846,-0.994,1.148618389008334,1.5902527088274403
"{'ar': '44100', 'sample_fmt': 'fltp', 'compression_level': '8', 'reservoir': '1', 'b:a': '170k', 'abr': 'True'}",229.6513671875,-2.676,-0.798,0.5202677260094788,2.023611243659492
"{'ar': '44100', 'sample_fmt': 's16p', 'compression_level': '6', 'reservoir': '1', 'b:a': '144k', 'abr': 'True'}",196.37109375,-2.719,-0.846,0.6126270439999644,1.9545595234622901
"{'ar': '44100', 'sample_fmt': 's16p', 'compression_level': '2', 'reservoir': '1', 'b:a': '125k', 'abr': 'True'}",165.205078125,-3.029,-1.229,0.7156818800140172,1.1535716509066154
"{'ar': '44100', 'sample_fmt': 's16p', 'compression_level': '0', 'reservoir': '0', 'b:a': '32k'}",44.771484375,-3.131,-1.373,0.9085360239550937,1.0484091968031974
"{'ar': '44100', 'sample_fmt': 's16p', 'compression_level': '7', 'reservoir': '1', 'b:a': '141k', 'abr': 'True'}",187.6083984375,-2.817,-0.96,0.5152317080355715,1.7114444503082389
"{'ar': '16000', 'sample_fmt': 's16p', 'compression_level': '6', 'reservoir': '1', 'b:a': '143k', 'abr': 'True'}",187.35546875,-3.765,-2.922,0.5150929289811756,-1.1158521681550748
"{'ar': '44100', 'sample_fmt': 'fltp', 'compression_level': '9', 'reservoir': '0', 'b:a': '140k', 'abr': 'True'}",214.0166015625,-2.833,-0.98,0.5576679910009261,1.6225810533922749
"{'ar': '44100', 'sample_fmt': 's16p', 'compression_level': '2', 'reservoir': '1', 'b:a': '177k', 'abr': 'True'}",239.0048828125,-2.657,-0.776,0.6644029249728192,2.0492416247203926
"{'ar': '16000', 'sample_fmt': 'fltp', 'compression_level': '6', 'reservoir': '1', 'b:a': '32k'}",44.97265625,-3.321,-1.681,0.48685608798405156,0.5394063974961658
"{'ar': '16000', 'sample_fmt': 's16p', 'compression_level': '9', 'reservoir': '0', 'b:a': '32k'}",44.97265625,-3.453,-1.941,0.46041994099505246,0.1517893888015873
"{'ar': '8000', 'sample_fmt': 's32p', 'compression_level': '6', 'reservoir': '1', 'aq': '9'}",36.359375,-3.85,-3.441,0.443309608992422,-1.2313749630516018
"{'ar': '22050', 'sample_fmt': 'fltp', 'compression_level': '3', 'reservoir': '1', 'b:a': '32k', 'abr': 'True'}",44.51171875,-3.717,-2.707,0.5117787040071562,-0.7080159139647582
"{'ar': '44100', 'sample_fmt': 's16p', 'compression_level': '8', 'reservoir': '1', 'b:a': '253k', 'abr': 'True'}",349.2236328125,-2.601,-0.716,0.5176879859936889,2.0336176147016296
"{'ar': '44100', 'sample_fmt': 'fltp', 'compression_level': '0', 'reservoir': '0', 'b:a': '32k'}",44.771484375,-3.13,-1.371,0.9231504089839291,1.0502898600354964
"{'ar': '44100', 'sample_fmt': 'fltp', 'compression_level': '9', 'reservoir': '1', 'b:a': '134k', 'abr': 'True'}",178.1904296875,-2.893,-1.053,0.5230519579781685,1.5194814448364224
"{'ar': '44100', 'sample_fmt': 's16p', 'compression_level': '8', 'reservoir': '1', 'b:a': '140k', 'abr': 'True'}",186.3251953125,-2.828,-0.973,0.5142656830139458,1.6838331383003864
"{'ar': '44100', 'sample_fmt': 's16p', 'compression_level': '8', 'reservoir': '1', 'b:a': '137k'}",178.4443359375,-2.914,-1.079,0.5116388869937509,1.4627892554706359
"{'ar': '22050', 'sample_fmt': 's16p', 'compression_level': '8', 'reservoir': '1', 'b:a': '246k', 'abr': 'True'}",219.69921875,-3.677,-2.553,0.4950851299799979,-0.8445444286944549
"{'ar': '44100', 'sample_fmt': 's16p', 'compression_level': '8', 'reservoir': '1', 'b:a': '137k', 'abr': 'True'}",182.173828125,-2.862,-1.014,0.5382106660108548,1.5965358039072024
"{'ar': '44100', 'sample_fmt': 's16p', 'compression_level': '0', 'reservoir': '1', 'b:a': '125k', 'abr': 'True'}",166.01953125,-3.038,-1.241,1.1510764500126243,1.0953358448231578
"{'ar': '44100', 'sample_fmt': 's16p', 'compression_level': '6', 'reservoir': '1', 'b:a': '144k', 'abr': 'True'}",196.37109375,-2.719,-0.846,0.6207640100037679,1.953958096795421
"{'ar': '44100', 'sample_fmt': 's16p', 'compression_level': '6', 'reservoir': '1', 'b:a': '143k', 'abr': 'True'}",191.458984375,-2.768,-0.902,0.613003475998994,1.8305371544674522
"{'ar': '24000', 'sample_fmt': 's32p', 'compression_level': '9', 'reservoir': '1', 'b:a': '272k', 'abr': 'True'}",219.1953125,-3.661,-2.499,0.48039665099349804,-0.7883409359567048
"{'ar': '44100', 'sample_fmt': 's16p', 'compression_level': '7', 'reservoir': '1', 'b:a': '44k', 'abr': 'True'}",62.9736328125,-3.293,-1.632,0.5171075989783276,0.5891426211708702
"{'ar': '12000', 'sample_fmt': 'fltp', 'compression_level': '8', 'reservoir': '1', 'b:a': '32k', 'abr': 'True'}",42.78125,-3.777,-2.982,0.4680946760054212,-0.9285731860453602
"{'ar': '44100', 'sample_fmt': 's16p', 'compression_level': '8', 'reservoir': '1', 'b:a': '32k', 'abr': 'True'}",48.193359375,-3.355,-1.744,0.5293108469923027,0.43203751541405777
"{'ar': '44100', 'sample_fmt': 's16p', 'compression_level': '7', 'reservoir': '1', 'b:a': '137k', 'abr': 'True'}",182.173828125,-2.862,-1.014,0.5293620289594401,1.5971898322373783
"{'ar': '44100', 'sample_fmt': 'fltp', 'compression_level': '1', 'reservoir': '1', 'b:a': '32k', 'abr': 'True'}",48.244140625,-3.132,-1.375,0.9355096500075888,1.0379134488431416
"{'ar': '16000', 'sample_fmt': 's16p', 'compression_level': '6', 'reservoir': '1', 'b:a': '32k', 'abr': 'True'}",43.35546875,-3.405,-1.842,0.5728560229763389,0.28912680060500884
"{'ar': '44100', 'sample_fmt': 's16p', 'compression_level': '7', 'reservoir': '1', 'b:a': '170k', 'abr': 'True'}",229.55078125,-2.677,-0.799,0.5174137169960886,2.021337296886368
"{'ar': '44100', 'sample_fmt': 'fltp', 'compression_level': '7', 'reservoir': '1', 'b:a': '172k', 'abr': 'True'}",232.5009765625,-2.664,-0.784,0.534556964004878,2.050383735734485
"{'ar': '12000', 'sample_fmt': 's16p', 'compression_level': '8', 'reservoir': '1', 'b:a': '170k'}",90.640625,-3.741,-2.808,0.48021404299652204,-0.8670689490919361
"{'ar': '44100', 'sample_fmt': 's16p', 'compression_level': '8', 'reservoir': '0', 'b:a': '38k', 'abr': 'True'}",61.5263671875,-3.277,-1.604,0.5380783150030766,0.6360138063265467
"{'ar': '44100', 'sample_fmt': 's16p', 'compression_level': '2', 'reservoir': '1', 'b:a': '146k', 'abr': 'True'}",194.9921875,-2.816,-0.958,0.7298031219979748,1.6867636609360208
"{'ar': '16000', 'sample_fmt': 's16p', 'compression_level': '6', 'reservoir': '1', 'b:a': '171k', 'abr': 'True'}",210.69921875,-3.764,-2.916,0.49261255300370976,-1.147216686005856
"{'ar': '44100', 'sample_fmt': 's16p', 'compression_level': '9', 'reservoir': '1', 'b:a': '269k', 'abr': 'True'}",370.7568359375,-2.595,-0.71,0.5281939860142302,2.0143536932504325
"{'ar': '44100', 'sample_fmt': 'fltp', 'compression_level': '8', 'reservoir': '1', 'b:a': '189k'}",267.6279296875,-2.63,-0.747,0.5279915009741671,2.0857080197878157
"{'ar': '44100', 'sample_fmt': 's16p', 'compression_level': '6', 'reservoir': '1', 'b:a': '139k', 'abr': 'True'}",186.529296875,-2.803,-0.944,0.6250483969924971,1.7427159299690897
"{'ar': '44100', 'sample_fmt': 'fltp', 'compression_level': '8', 'reservoir': '1', 'b:a': '251k', 'abr': 'True'}",346.27734375,-2.605,-0.72,0.5311117620149162,2.0267451288290492
"{'ar': '44100', 'sample_fmt': 's16p', 'compression_level': '6', 'reservoir': '1', 'b:a': '133k', 'abr': 'True'}",178.8505859375,-2.834,-0.98,0.6207647850096691,1.6717006157231515
"{'ar': '32000', 'sample_fmt': 's32p', 'compression_level': '9', 'reservoir': '0', 'b:a': '32k', 'abr': 'True'}",51.125,-3.442,-1.918,0.4768614499771502,0.1736419317981228
"{'ar': '44100', 'sample_fmt': 's16p', 'compression_level': '6', 'reservoir': '1', 'b:a': '133k', 'abr': 'True'}",178.8505859375,-2.834,-0.98,0.6127754469926003,1.6722911307789905
"{'ar': '44100', 'sample_fmt': 's16p', 'compression_level': '7', 'reservoir': '1', 'b:a': '170k', 'abr': 'True'}",229.55078125,-2.677,-0.799,0.5156479979923461,2.0214678062794946
"{'ar': '22050', 'sample_fmt': 's16p', 'compression_level': '7', 'reservoir': '1', 'b:a': '171k', 'abr': 'True'}",219.69921875,-3.677,-2.553,0.4949035890167579,-0.8445310104773491
"{'ar': '22050', 'sample_fmt': 's16p', 'compression_level': '8', 'reservoir': '0', 'b:a': '246k', 'abr': 'True'}",223.35546875,-3.677,-2.554,0.4917065000045113,-0.8504443115203368
"{'ar': '16000', 'sample_fmt': 's16p', 'compression_level': '6', 'reservoir': '0', 'b:a': '32k', 'abr': 'True'}",47.890625,-3.405,-1.842,0.4983164239965845,0.2873996494103889
"{'ar': '44100', 'sample_fmt': 'fltp', 'compression_level': '0', 'reservoir': '1', 'b:a': '248k', 'abr': 'True'}",336.51953125,-2.595,-0.709,0.9598968140198849,2.0373920036949484
"{'ar': '16000', 'sample_fmt': 'fltp', 'compression_level': '1', 'reservoir': '1', 'b:a': '32k', 'abr': 'True'}",43.91796875,-3.277,-1.604,0.6963666179799475,0.6524113587017178
"{'ar': '44100', 'sample_fmt': 's16p', 'compression_level': '7', 'reservoir': '1', 'b:a': '144k', 'abr': 'True'}",192.4296875,-2.802,-0.942,0.513209419004852,1.7445280821243634
"{'ar': '8000', 'sample_fmt': 's16p', 'compression_level': '6', 'reservoir': '1', 'aq': '9'}",36.359375,-3.85,-3.44,0.46481962999678217,-1.2326493724429446
"{'ar': '44100', 'sample_fmt': 's16p', 'compression_level': '7', 'reservoir': '1', 'b:a': '32k'}",44.771484375,-3.291,-1.629,0.5207995549717452,0.6235205129755489
"{'ar': '44100', 'sample_fmt': 's16p', 'compression_level': '8', 'reservoir': '1', 'b:a': '253k', 'abr': 'True'}",349.2236328125,-2.601,-0.716,0.526588502980303,2.03295975177555
"{'ar': '44100', 'sample_fmt': 'fltp', 'compression_level': '7', 'reservoir': '0', 'b:a': '286k', 'abr': 'True'}",445.4091796875,-2.594,-0.709,0.5468574640399311,1.8964995151349384
"{'ar': '44100', 'sample_fmt': 's32p', 'compression_level': '4', 'reservoir': '1', 'b:a': '32k', 'abr': 'True'}",47.66015625,-3.348,-1.73,0.5859552700130735,0.4494275583833983
"{'ar': '12000', 'sample_fmt': 'fltp', 'compression_level': '8', 'reservoir': '1', 'b:a': '190k', 'abr': 'True'}",88.53125,-3.742,-2.811,0.4607355250045657,-0.8655396935806214
"{'ar': '32000', 'sample_fmt': 's32p', 'compression_level': '9', 'reservoir': '0', 'aq': '9'}",89.62109375,-3.518,-2.09,0.48590060000424273,-0.11978715408851355
"{'ar': '44100', 'sample_fmt': 'fltp', 'compression_level': '7', 'reservoir': '1', 'b:a': '141k', 'abr': 'True'}",187.755859375,-2.823,-0.967,0.5191216180101037,1.694733801742007
"{'ar': '44100', 'sample_fmt': 's16p', 'compression_level': '6', 'reservoir': '1', 'b:a': '133k', 'abr': 'True'}",178.8505859375,-2.834,-0.98,0.6474851350067183,1.6697256374537592
"{'ar': '44100', 'sample_fmt': 's32p', 'compression_level': '8', 'reservoir': '1', 'aq': '9'}",97.1474609375,-3.314,-1.668,0.5486251210095361,0.47199790473542075
"{'ar': '44100', 'sample_fmt': 's16p', 'compression_level': '9', 'reservoir': '1', 'b:a': '134k', 'abr': 'True'}",178.1396484375,-2.894,-1.053,0.6036786890181247,1.511273182202553
"{'ar': '44100', 'sample_fmt': 's16p', 'compression_level': '6', 'reservoir': '1', 'b:a': '144k', 'abr': 'True'}",196.37109375,-2.719,-0.846,0.6569142160005867,1.9512861306241074
"{'ar': '44100', 'sample_fmt': 's16p', 'compression_level': '7', 'reservoir': '1', 'b:a': '168k', 'abr': 'True'}",226.796875,-2.686,-0.809,0.5177383219997864,2.0015835905085724
"{'ar': '44100', 'sample_fmt': 'fltp', 'compression_level': '8', 'reservoir': '1', 'b:a': '32k'}",44.771484375,-3.286,-1.619,0.5164896860078443,0.6386433411130068
"{'ar': '44100', 'sample_fmt': 'fltp', 'compression_level': '1', 'reservoir': '1', 'b:a': '32k', 'abr': 'True'}",48.244140625,-3.132,-1.375,0.9290515960019547,1.0383907822734708
"{'ar': '44100', 'sample_fmt': 's16p', 'compression_level': '6', 'reservoir': '1', 'b:a': '133k', 'abr': 'True'}",178.8505859375,-2.834,-0.98,0.6133664799854159,1.672247445822864
"{'ar': '16000', 'sample_fmt': 'fltp', 'compression_level': '6', 'reservoir': '1', 'b:a': '145k', 'abr': 'True'}",190.58984375,-3.765,-2.921,0.4806735299935099,-1.1181536502364957
"{'ar': '44100', 'sample_fmt': 's16p', 'compression_level': '2', 'reservoir': '1', 'b:a': '273k', 'abr': 'True'}",353.099609375,-2.589,-0.702,0.7465008579893038,2.0428963073853263
"{'ar': '44100', 'sample_fmt': 'fltp', 'compression_level': '3', 'reservoir': '1', 'b:a': '173k', 'abr': 'True'}",232.5986328125,-2.636,-0.754,0.6770601129974239,2.1143971013417575
"{'ar': '44100', 'sample_fmt': 's16p', 'compression_level': '6', 'reservoir': '1', 'b:a': '138k', 'abr': 'True'}",185.34765625,-2.808,-0.95,0.636464662005892,1.7302151833250936
"{'ar': '44100', 'sample_fmt': 's16p', 'compression_level': '7', 'reservoir': '1', 'b:a': '143k', 'abr': 'True'}",190.8896484375,-2.799,-0.939,0.6466088049928658,1.7450617226480065
"{'ar': '44100', 'sample_fmt': 's16p', 'compression_level': '6', 'reservoir': '1', 'b:a': '133k'}",178.4443359375,-2.851,-1.001,1.166594937996706,1.5857714010268367
"{'ar': '44100', 'sample_fmt': 's16p', 'compression_level': '2', 'reservoir': '1', 'b:a': '271k', 'abr': 'True'}",351.876953125,-2.585,-0.698,0.8993591819889843,2.0441306413040303
"{'ar': '16000', 'sample_fmt': 'fltp', 'compression_level': '6', 'reservoir': '1', 'b:a': '168k', 'abr': 'True'}",210.62890625,-3.763,-2.909,0.5208215200109407,-1.1446513503957556
"{'ar': '12000', 'sample_fmt': 'fltp', 'compression_level': '8', 'reservoir': '1', 'b:a': '32k', 'abr': 'True'}",42.78125,-3.777,-2.982,0.5993385390029289,-0.9382737991525921
"{'ar': '44100', 'sample_fmt': 's16p', 'compression_level': '7', 'reservoir': '1', 'b:a': '147k', 'abr': 'True'}",196.98046875,-2.784,-0.92,0.5681574170012027,1.7820841623140604
"{'ar': '44100', 'sample_fmt': 's16p', 'compression_level': '9', 'reservoir': '1', 'b:a': '191k', 'abr': 'True'}",260.7529296875,-2.632,-0.749,0.5168738520005718,2.092209159029057
"{'ar': '44100', 'sample_fmt': 's16p', 'compression_level': '7', 'reservoir': '0', 'b:a': '36k'}",44.771484375,-3.239,-1.54,0.5149981370195746,0.7731818784218063
"{'ar': '44100', 'sample_fmt': 'fltp', 'compression_level': '8', 'reservoir': '1', 'b:a': '170k', 'abr': 'True'}",229.6513671875,-2.676,-0.798,0.5170592509966809,2.0238483913176952
"{'ar': '44100', 'sample_fmt': 's16p', 'compression_level': '7', 'reservoir': '1', 'b:a': '168k', 'abr': 'True'}",226.796875,-2.686,-0.809,0.5246152539912146,2.0010752965960803
"{'ar': '44100', 'sample_fmt': 's16p', 'compression_level': '2', 'reservoir': '1', 'b:a': '130k', 'abr': 'True'}",171.408203125,-2.981,-1.164,0.7532747629738878,1.273236758028811
"{'ar': '16000', 'sample_fmt': 'fltp', 'compression_level': '7', 'reservoir': '1', 'b:a': '143k', 'abr': 'True'}",198.81640625,-3.765,-2.921,0.4870525050209835,-1.1317519733324382
"{'ar': '44100', 'sample_fmt': 's16p', 'compression_level': '6', 'reservoir': '1', 'b:a': '45k', 'abr': 'True'}",64.091796875,-3.314,-1.67,0.6085402549942955,0.5196842404743505
"{'ar': '32000', 'sample_fmt': 's32p', 'compression_level': '7', 'reservoir': '1', 'b:a': '63k', 'abr': 'True'}",83.609375,-3.618,-2.361,0.5042404340056237,-0.4300330297672732
"{'ar': '32000', 'sample_fmt': 's32p', 'compression_level': '9', 'reservoir': '1', 'b:a': '272k', 'abr': 'True'}",375.6875,-3.177,-1.442,0.4999325030075852,0.42163551875489613
"{'ar': '12000', 'sample_fmt': 'fltp', 'compression_level': '8', 'reservoir': '1', 'b:a': '190k'}",90.640625,-3.742,-2.811,0.46209984298911877,-0.8690063892958013
"{'ar': '44100', 'sample_fmt': 's16p', 'compression_level': '6', 'reservoir': '1', 'b:a': '278k', 'abr': 'True'}",370.5498046875,-2.588,-0.702,0.6198537929740269,2.0267424366583415
"{'ar': '44100', 'sample_fmt': 's16p', 'compression_level': '9', 'reservoir': '0', 'b:a': '134k', 'abr': 'True'}",194.7421875,-2.894,-1.053,0.5168719880166464,1.4911972323035834
"{'ar': '44100', 'sample_fmt': 's16p', 'compression_level': '6', 'reservoir': '1', 'b:a': '148k', 'abr': 'True'}",201.9833984375,-2.698,-0.822,0.6112372500065248,2.002206587579986
"{'ar': '44100', 'sample_fmt': 's16p', 'compression_level': '2', 'reservoir': '1', 'b:a': '200k', 'abr': 'True'}",268.1796875,-2.61,-0.726,0.7090433000121266,2.124668921129533
"{'ar': '16000', 'sample_fmt': 'fltp', 'compression_level': '1', 'reservoir': '1', 'b:a': '32k', 'abr': 'True'}",43.91796875,-3.277,-1.604,0.6891778130084276,0.6529427040472399
"{'ar': '44100', 'sample_fmt': 's16p', 'compression_level': '7', 'reservoir': '1', 'b:a': '134k', 'abr': 'True'}",178.1396484375,-2.894,-1.053,0.5286684000166133,1.5168174093842774
"{'ar': '12000', 'sample_fmt': 'fltp', 'compression_level': '7', 'reservoir': '1', 'b:a': '32k', 'abr': 'True'}",42.78125,-3.777,-2.982,0.4511351279797964,-0.9273196568508315
"{'ar': '44100', 'sample_fmt': 'fltp', 'compression_level': '8', 'reservoir': '1', 'b:a': '189k'}",267.6279296875,-2.63,-0.747,0.5205333099875133,2.086259276232033
"{'ar': '44100', 'sample_fmt': 's16p', 'compression_level': '9', 'reservoir': '1', 'b:a': '134k', 'abr': 'True'}",178.1396484375,-2.894,-1.053,0.5156207589898258,1.5177817982301414
"{'ar': '44100', 'sample_fmt': 's16p', 'compression_level': '8', 'reservoir': '1', 'b:a': '140k', 'abr': 'True'}",186.3251953125,-2.828,-0.973,0.5199568889802322,1.683412484824242
"{'ar': '44100', 'sample_fmt': 's16p', 'compression_level': '7', 'reservoir': '1', 'b:a': '127k', 'abr': 'True'}",167.7998046875,-2.959,-1.136,0.5150322229892481,1.3566952140258621
"{'ar': '44100', 'sample_fmt': 'fltp', 'compression_level': '7', 'reservoir': '1', 'b:a': '172k', 'abr': 'True'}",232.5009765625,-2.664,-0.784,0.5197457869944628,2.051478472620152
"{'ar': '44100', 'sample_fmt': 's16p', 'compression_level': '7', 'reservoir': '1', 'b:a': '32k'}",44.771484375,-3.291,-1.629,0.5010255140077788,0.6249820694748546
"{'ar': '44100', 'sample_fmt': 's32p', 'compression_level': '1', 'reservoir': '1', 'b:a': '169k', 'abr': 'True'}",225.4658203125,-2.69,-0.813,1.0246259690029547,1.9556603918786737
"{'ar': '12000', 'sample_fmt': 'fltp', 'compression_level': '8', 'reservoir': '1', 'b:a': '32k', 'abr': 'True'}",42.78125,-3.777,-2.982,0.4500612709962297,-0.9272402849785614
"{'ar': '44100', 'sample_fmt': 's16p', 'compression_level': '8', 'reservoir': '1', 'b:a': '143k', 'abr': 'True'}",190.8896484375,-2.799,-0.939,0.5161102569836657,1.7547072473710699
"{'ar': '44100', 'sample_fmt': 'fltp', 'compression_level': '0', 'reservoir': '1', 'b:a': '32k', 'abr': 'True'}",48.244140625,-3.132,-1.375,0.9158244709833525,1.0393684372997396
"{'ar': '44100', 'sample_fmt': 'fltp', 'compression_level': '9', 'reservoir': '1', 'b:a': '251k', 'abr': 'True'}",346.27734375,-2.605,-0.72,0.535255902010249,2.02643882346864
"{'ar': '44100', 'sample_fmt': 's16p', 'compression_level': '9', 'reservoir': '1', 'b:a': '125k', 'abr': 'True'}",165.2548828125,-2.983,-1.167,0.5108273180085234,1.2953691337121278
"{'ar': '44100', 'sample_fmt': 's16p', 'compression_level': '8', 'reservoir': '0', 'b:a': '137k', 'abr': 'True'}",202.5341796875,-2.862,-1.014,0.5149996019899845,1.5657631083295842
"{'ar': '44100', 'sample_fmt': 's16p', 'compression_level': '8', 'reservoir': '1', 'b:a': '141k', 'abr': 'True'}",187.6083984375,-2.817,-0.96,0.5183185829955619,1.7112162904612689
"{'ar': '44100', 'sample_fmt': 's16p', 'compression_level': '8', 'reservoir': '0', 'b:a': '36k', 'abr': 'True'}",59.2646484375,-3.251,-1.561,0.523921734013129,0.714812200019536
"{'ar': '32000', 'sample_fmt': 's32p', 'compression_level': '9', 'reservoir': '1', 'b:a': '272k', 'abr': 'True'}",375.6875,-3.177,-1.442,0.5281340779911261,0.41955105886715943
"{'ar': '44100', 'sample_fmt': 's16p', 'compression_level': '7', 'reservoir': '1', 'b:a': '189k', 'abr': 'True'}",257.90625,-2.639,-0.757,0.5472878520085942,2.075670286313462
"{'ar': '32000', 'sample_fmt': 's16p', 'compression_level': '2', 'reservoir': '1', 'b:a': '272k', 'abr': 'True'}",335.328125,-3.176,-1.441,0.6674930610170122,0.4762960562999509
"{'ar': '44100', 'sample_fmt': 's16p', 'compression_level': '7', 'reservoir': '1', 'b:a': '140k', 'abr': 'True'}",186.3251953125,-2.828,-0.973,0.518318040005397,1.6835336168869761
"{'ar': '44100', 'sample_fmt': 's16p', 'compression_level': '4', 'reservoir': '1', 'b:a': '139k', 'abr': 'True'}",183.8623046875,-2.803,-0.944,0.6439112549996935,1.7455773466763926
"{'ar': '16000', 'sample_fmt': 'fltp', 'compression_level': '0', 'reservoir': '1', 'b:a': '248k', 'abr': 'True'}",132.4765625,-3.738,-2.795,0.8574904239503667,-0.9506198884077645
"{'ar': '44100', 'sample_fmt': 's16p', 'compression_level': '7', 'reservoir': '1', 'b:a': '32k'}",44.771484375,-3.291,-1.629,0.5011709919781424,0.6249713167777464
"{'ar': '44100', 'sample_fmt': 's16p', 'compression_level': '9', 'reservoir': '1', 'b:a': '191k', 'abr': 'True'}",260.7529296875,-2.632,-0.749,0.5178834890248254,2.0921345338395256
"{'ar': '44100', 'sample_fmt': 'fltp', 'compression_level': '8', 'reservoir': '0', 'b:a': '36k', 'abr': 'True'}",59.2392578125,-3.256,-1.568,0.5063755220035091,0.7022917081208019
"{'ar': '44100', 'sample_fmt': 'fltp', 'compression_level': '0', 'reservoir': '1', 'b:a': '32k', 'abr': 'True'}",48.244140625,-3.132,-1.375,0.9108922780142166,1.0397329899323051
"{'ar': '12000', 'sample_fmt': 's16p', 'compression_level': '8', 'reservoir': '1', 'b:a': '141k'}",90.546875,-3.741,-2.808,0.44361241001752205,-0.8642140230911565
"{'ar': '44100', 'sample_fmt': 's16p', 'compression_level': '9', 'reservoir': '1', 'b:a': '133k', 'abr': 'True'}",176.70703125,-2.904,-1.066,0.5143968110205606,1.4927579026211755
"{'ar': '24000', 'sample_fmt': 's32p', 'compression_level': '5', 'reservoir': '1', 'b:a': '272k', 'abr': 'True'}",199.7890625,-3.659,-2.49,0.5425662140187342,-0.7544712003454807
"{'ar': '32000', 'sample_fmt': 's32p', 'compression_level': '9', 'reservoir': '1', 'b:a': '272k', 'abr': 'True'}",375.6875,-3.177,-1.442,0.6597018339962233,0.4098265058919367
"{'ar': '44100', 'sample_fmt': 's32p', 'compression_level': '0', 'reservoir': '0', 'b:a': '32k'}",44.771484375,-3.13,-1.371,0.9355169580085203,1.0493758126673427
"{'ar': '44100', 'sample_fmt': 'fltp', 'compression_level': '9', 'reservoir': '1', 'b:a': '133k', 'abr': 'True'}",176.65625,-2.904,-1.066,0.5386656500049867,1.4910451524570352
"{'ar': '32000', 'sample_fmt': 's16p', 'compression_level': '7', 'reservoir': '0', 'aq': '9'}",89.5859375,-3.514,-2.081,0.5127816749736667,-0.10955903739662363
"{'ar': '44100', 'sample_fmt': 's16p', 'compression_level': '9', 'reservoir': '1', 'b:a': '143k', 'abr': 'True'}",190.8896484375,-2.799,-0.939,0.5160415300051682,1.7547123271806182
"{'ar': '44100', 'sample_fmt': 'fltp', 'compression_level': '7', 'reservoir': '1', 'b:a': '172k', 'abr': 'True'}",232.5009765625,-2.664,-0.784,0.5534505079849623,2.0489872593112124
"{'ar': '22050', 'sample_fmt': 's16p', 'compression_level': '8', 'reservoir': '0', 'b:a': '248k', 'abr': 'True'}",223.35546875,-3.677,-2.554,0.48160872704465874,-0.8496979559461333
"{'ar': '16000', 'sample_fmt': 'fltp', 'compression_level': '1', 'reservoir': '1', 'b:a': '162k', 'abr': 'True'}",149.703125,-3.74,-2.805,0.6460139119881205,-0.9702913242512066
"{'ar': '44100', 'sample_fmt': 's16p', 'compression_level': '6', 'reservoir': '1', 'b:a': '133k', 'abr': 'True'}",178.8505859375,-2.834,-0.98,0.6257519539794885,1.6713319996555376
"{'ar': '44100', 'sample_fmt': 's16p', 'compression_level': '8', 'reservoir': '1', 'b:a': '189k'}",267.6279296875,-2.634,-0.752,0.545733975013718,2.073499578878583
"{'ar': '44100', 'sample_fmt': 's16p', 'compression_level': '9', 'reservoir': '1', 'b:a': '125k', 'abr': 'True'}",165.2548828125,-2.983,-1.167,0.5158696899889037,1.2949964374305094
"{'ar': '44100', 'sample_fmt': 's16p', 'compression_level': '9', 'reservoir': '1', 'b:a': '272k', 'abr': 'True'}",374.1416015625,-2.596,-0.71,0.5328145579842385,2.0062812848770255
"{'ar': '16000', 'sample_fmt': 'fltp', 'compression_level': '7', 'reservoir': '1', 'b:a': '32k', 'abr': 'True'}",42.828125,-3.448,-1.93,0.48547290000715293,0.16847933651087194
"{'ar': '44100', 'sample_fmt': 's16p', 'compression_level': '8', 'reservoir': '0', 'b:a': '141k'}",178.4443359375,-2.885,-1.043,0.5542794249777216,1.5385622700925192
"{'ar': '16000', 'sample_fmt': 'fltp', 'compression_level': '2', 'reservoir': '1', 'b:a': '142k', 'abr': 'True'}",158.24609375,-3.751,-2.855,0.6840444260160439,-1.0281362189269165
"{'ar': '44100', 'sample_fmt': 's16p', 'compression_level': '8', 'reservoir': '1', 'b:a': '139k', 'abr': 'True'}",185.0380859375,-2.836,-0.983,0.6110727490158752,1.6569375564483024
"{'ar': '44100', 'sample_fmt': 's16p', 'compression_level': '8', 'reservoir': '1', 'b:a': '137k', 'abr': 'True'}",182.173828125,-2.862,-1.014,0.5307170939922798,1.597089675465713
"{'ar': '44100', 'sample_fmt': 'fltp', 'compression_level': '8', 'reservoir': '0', 'b:a': '36k', 'abr': 'True'}",59.2392578125,-3.256,-1.568,0.5053074429742992,0.7023706529277718
"{'ar': '44100', 'sample_fmt': 'fltp', 'compression_level': '8', 'reservoir': '1', 'b:a': '32k'}",44.771484375,-3.286,-1.619,0.5186474460060708,0.6384838548372831
"{'ar': '44100', 'sample_fmt': 's16p', 'compression_level': '9', 'reservoir': '1', 'b:a': '272k', 'abr': 'True'}",374.1416015625,-2.596,-0.71,0.5215648760204203,2.007112781373837
"{'ar': '44100', 'sample_fmt': 's16p', 'compression_level': '8', 'reservoir': '0', 'b:a': '141k', 'abr': 'True'}",217.501953125,-2.817,-0.96,0.5167118190147448,1.663634963826802
"{'ar': '44100', 'sample_fmt': 'fltp', 'compression_level': '9', 'reservoir': '1', 'b:a': '254k', 'abr': 'True'}",350.5458984375,-2.6,-0.714,0.5274841110222042,2.033744516992268
"{'ar': '44100', 'sample_fmt': 'fltp', 'compression_level': '0', 'reservoir': '1', 'b:a': '32k'}",44.771484375,-3.12,-1.357,0.9204812000098173,1.0782029450727093
"{'ar': '44100', 'sample_fmt': 's32p', 'compression_level': '2', 'reservoir': '1', 'b:a': '271k', 'abr': 'True'}",351.8759765625,-2.585,-0.698,0.7519664860155899,2.0550264195803445
"{'ar': '44100', 'sample_fmt': 'fltp', 'compression_level': '3', 'reservoir': '1', 'b:a': '173k', 'abr': 'True'}",232.5986328125,-2.636,-0.754,0.6842828679946251,2.113863246651748
"{'ar': '32000', 'sample_fmt': 's32p', 'compression_level': '9', 'reservoir': '1', 'b:a': '271k', 'abr': 'True'}",374.703125,-3.176,-1.441,0.49762575299246237,0.4260221459067345
"{'ar': '44100', 'sample_fmt': 's16p', 'compression_level': '9', 'reservoir': '1', 'b:a': '133k', 'abr': 'True'}",176.70703125,-2.904,-1.066,0.520484606968239,1.4923079360336686
"{'ar': '44100', 'sample_fmt': 's16p', 'compression_level': '9', 'reservoir': '1', 'b:a': '189k', 'abr': 'True'}",257.90625,-2.639,-0.757,0.5264096110186074,2.0772134574269736
"{'ar': '44100', 'sample_fmt': 's32p', 'compression_level': '9', 'reservoir': '1', 'b:a': '65k', 'abr': 'True'}",88.1748046875,-3.49,-2.025,0.5464299680024851,-0.03621020630288477
"{'ar': '44100', 'sample_fmt': 's16p', 'compression_level': '0', 'reservoir': '1', 'b:a': '36k'}",44.771484375,-3.102,-1.331,0.9585083949787077,1.1255330449121193
"{'ar': '44100', 'sample_fmt': 'fltp', 'compression_level': '9', 'reservoir': '1', 'b:a': '132k', 'abr': 'True'}",175.12890625,-2.907,-1.07,0.5255879529868253,1.4861972440478652
"{'ar': '44100', 'sample_fmt': 's16p', 'compression_level': '6', 'reservoir': '1', 'b:a': '140k', 'abr': 'True'}",187.7060546875,-2.792,-0.931,0.6408250800450332,1.7694023944683255
"{'ar': '32000', 'sample_fmt': 's32p', 'compression_level': '9', 'reservoir': '1', 'b:a': '272k', 'abr': 'True'}",375.6875,-3.177,-1.442,0.5216757860034704,0.4200284098874275
"{'ar': '44100', 'sample_fmt': 'fltp', 'compression_level': '2', 'reservoir': '1', 'b:a': '199k', 'abr': 'True'}",267.0556640625,-2.613,-0.729,0.716494293010328,2.1179755723895495
"{'ar': '44100', 'sample_fmt': 's16p', 'compression_level': '4', 'reservoir': '1', 'b:a': '134k', 'abr': 'True'}",177.7734375,-2.816,-0.959,0.6644409050059039,1.7187546627894188
"{'ar': '44100', 'sample_fmt': 's32p', 'compression_level': '0', 'reservoir': '1', 'b:a': '248k', 'abr': 'True'}",336.51953125,-2.595,-0.709,0.9687688459816854,2.036736246179353
"{'ar': '44100', 'sample_fmt': 's16p', 'compression_level': '4', 'reservoir': '1', 'b:a': '139k', 'abr': 'True'}",183.8623046875,-2.803,-0.944,0.6956281889870297,1.7417547986635158
"{'ar': '44100', 'sample_fmt': 's32p', 'compression_level': '4', 'reservoir': '1', 'b:a': '164k', 'abr': 'True'}",219.5390625,-2.666,-0.787,0.6924640150100458,2.053788985978961
"{'ar': '44100', 'sample_fmt': 's16p', 'compression_level': '7', 'reservoir': '1', 'b:a': '139k', 'abr': 'True'}",185.0380859375,-2.836,-0.983,0.5389461939921603,1.662268638519971
"{'ar': '44100', 'sample_fmt': 'fltp', 'compression_level': '1', 'reservoir': '1', 'b:a': '290k', 'abr': 'True'}",387.8896484375,-2.592,-0.706,0.9090563369682059,1.9671164811090769
"{'ar': '44100', 'sample_fmt': 's16p', 'compression_level': '3', 'reservoir': '1', 'b:a': '127k', 'abr': 'True'}",168.8671875,-2.944,-1.116,0.6642358890094329,1.385222190737513
"{'ar': '44100', 'sample_fmt': 'fltp', 'compression_level': '8', 'reservoir': '1', 'b:a': '36k', 'abr': 'True'}",53.220703125,-3.256,-1.568,0.5295271700015292,0.710184097629159
"{'ar': '44100', 'sample_fmt': 'fltp', 'compression_level': '8', 'reservoir': '0', 'b:a': '285k', 'abr': 'True'}",445.4091796875,-2.595,-0.709,0.5323130860051606,1.8952445943002134
"{'ar': '44100', 'sample_fmt': 's16p', 'compression_level': '6', 'reservoir': '1', 'b:a': '139k', 'abr': 'True'}",186.529296875,-2.803,-0.944,0.6167253369931132,1.7433311113808394
"{'ar': '44100', 'sample_fmt': 's16p', 'compression_level': '8', 'reservoir': '1', 'b:a': '137k', 'abr': 'True'}",182.173828125,-2.862,-1.014,0.5227823400055058,1.5976761560581672
"{'ar': '16000', 'sample_fmt': 's16p', 'compression_level': '0', 'reservoir': '1', 'b:a': '32k', 'abr': 'True'}",43.8125,-3.269,-1.591,0.6903676210204139,0.6757635166580944
"{'ar': '32000', 'sample_fmt': 's16p', 'compression_level': '9', 'reservoir': '1', 'b:a': '271k', 'abr': 'True'}",374.421875,-3.175,-1.44,0.50838537196978,0.4283210482976193
"{'ar': '44100', 'sample_fmt': 'fltp', 'compression_level': '3', 'reservoir': '1', 'b:a': '173k', 'abr': 'True'}",232.5986328125,-2.636,-0.754,0.6947035740013234,2.1130930221630257
"{'ar': '44100', 'sample_fmt': 'fltp', 'compression_level': '9', 'reservoir': '1', 'b:a': '133k', 'abr': 'True'}",176.65625,-2.904,-1.066,0.7282395970250946,1.4770331943109398
"{'ar': '8000', 'sample_fmt': 's32p', 'compression_level': '6', 'reservoir': '1', 'aq': '9'}",36.359375,-3.85,-3.441,0.5016595970082562,-1.2356877792521124
"{'ar': '16000', 'sample_fmt': 'fltp', 'compression_level': '3', 'reservoir': '1', 'b:a': '164k', 'abr': 'True'}",207.53515625,-3.763,-2.909,0.5315275670145638,-1.1405060778829994
"{'ar': '44100', 'sample_fmt': 's16p', 'compression_level': '8', 'reservoir': '0', 'b:a': '141k', 'abr': 'True'}",217.501953125,-2.817,-0.96,0.5215911130071618,1.663274321110443
"{'ar': '16000', 'sample_fmt': 's32p', 'compression_level': '7', 'reservoir': '1', 'b:a': '32k', 'abr': 'True'}",42.828125,-3.448,-1.93,0.5044887890398968,0.16707381721127462
"{'ar': '44100', 'sample_fmt': 's32p', 'compression_level': '7', 'reservoir': '1', 'b:a': '169k', 'abr': 'True'}",228.228515625,-2.681,-0.803,0.5847956560028251,2.007885210569522
"{'ar': '44100', 'sample_fmt': 's16p', 'compression_level': '6', 'reservoir': '1', 'b:a': '119k', 'abr': 'True'}",159.2548828125,-2.911,-1.074,0.6101031190191861,1.4946985163358733
"{'ar': '44100', 'sample_fmt': 's16p', 'compression_level': '8', 'reservoir': '1', 'b:a': '253k', 'abr': 'True'}",349.2236328125,-2.601,-0.716,0.5340401150169782,2.0324089816005335
"{'ar': '44100', 'sample_fmt': 'fltp', 'compression_level': '8', 'reservoir': '1', 'b:a': '251k', 'abr': 'True'}",346.27734375,-2.605,-0.72,0.5374202140083071,2.0262788529156786
"{'ar': '44100', 'sample_fmt': 's16p', 'compression_level': '6', 'reservoir': '1', 'b:a': '289k', 'abr': 'True'}",394.3046875,-2.586,-0.7,0.6187474819889758,1.994210174035371
"{'ar': '44100', 'sample_fmt': 's16p', 'compression_level': '7', 'reservoir': '1', 'b:a': '171k', 'abr': 'True'}",231.0771484375,-2.671,-0.792,0.5328654009790625,2.0339474840631375
"{'ar': '44100', 'sample_fmt': 's16p', 'compression_level': '7', 'reservoir': '1', 'b:a': '172k', 'abr': 'True'}",232.3984375,-2.668,-0.789,0.5448066919925623,2.0388927232870793
"{'ar': '32000', 'sample_fmt': 's32p', 'compression_level': '9', 'reservoir': '1', 'b:a': '151k', 'abr': 'True'}",207.21875,-3.219,-1.508,0.5179439530184027,0.5704462181458615
"{'ar': '44100', 'sample_fmt': 's32p', 'compression_level': '4', 'reservoir': '1', 'b:a': '164k', 'abr': 'True'}",219.5390625,-2.666,-0.787,0.7155373339774087,2.052083570310067
"{'ar': '44100', 'sample_fmt': 's16p', 'compression_level': '7', 'reservoir': '1', 'b:a': '143k', 'abr': 'True'}",190.8896484375,-2.799,-0.939,0.5395251520094462,1.752976584828808
"{'ar': '44100', 'sample_fmt': 's16p', 'compression_level': '0', 'reservoir': '1', 'b:a': '36k'}",44.771484375,-3.102,-1.331,0.9405081679869909,1.1268634936957878
"{'ar': '44100', 'sample_fmt': 's32p', 'compression_level': '6', 'reservoir': '1', 'b:a': '271k', 'abr': 'True'}",364.92578125,-2.581,-0.694,0.6256880979926791,2.0541184935957912
"{'ar': '44100', 'sample_fmt': 's32p', 'compression_level': '7', 'reservoir': '1', 'b:a': '142k', 'abr': 'True'}",189.2998046875,-2.81,-0.951,0.5305530040059239,1.7267617825029118
"{'ar': '44100', 'sample_fmt': 'fltp', 'compression_level': '9', 'reservoir': '1', 'b:a': '133k'}",178.4443359375,-2.916,-1.081,0.5483482020208612,1.4547851714442126
"{'ar': '12000', 'sample_fmt': 'fltp', 'compression_level': '8', 'reservoir': '1', 'b:a': '137k', 'abr': 'True'}",88.4375,-3.742,-2.811,0.46744712098734453,-0.8658861734740827
"{'ar': '44100', 'sample_fmt': 's16p', 'compression_level': '8', 'reservoir': '1', 'aq': '9'}",97.146484375,-3.315,-1.67,0.5266511579684447,0.4706627674437048
"{'ar': '44100', 'sample_fmt': 's16p', 'compression_level': '6', 'reservoir': '1', 'b:a': '289k', 'abr': 'True'}",394.3046875,-2.586,-0.7,0.61194240002078,1.9947131573050552
"{'ar': '32000', 'sample_fmt': 's32p', 'compression_level': '8', 'reservoir': '0', 'b:a': '272k', 'abr': 'True'}",446.421875,-3.176,-1.441,0.5097911269986071,0.3106838969073714
"{'ar': '44100', 'sample_fmt': 's16p', 'compression_level': '2', 'reservoir': '1', 'b:a': '198k', 'abr': 'True'}",265.9384765625,-2.609,-0.724,0.7109498659847304,2.131065076954594
"{'ar': '12000', 'sample_fmt': 's16p', 'compression_level': '7', 'reservoir': '1', 'b:a': '140k', 'abr': 'True'}",88.484375,-3.74,-2.803,0.5351597700209823,-0.8637822648381195
"{'ar': '44100', 'sample_fmt': 's16p', 'compression_level': '6', 'reservoir': '1', 'b:a': '145k', 'abr': 'True'}",197.64453125,-2.717,-0.844,0.6331959560047835,1.9562980290906657
"{'ar': '44100', 'sample_fmt': 's16p', 'compression_level': '7', 'reservoir': '1', 'b:a': '140k', 'abr': 'True'}",186.3251953125,-2.828,-0.973,0.5481130539847072,1.6813313813192579
"{'ar': '44100', 'sample_fmt': 's16p', 'compression_level': '9', 'reservoir': '1', 'b:a': '188k', 'abr': 'True'}",256.4833984375,-2.64,-0.759,0.5319138080230914,2.0761161655492626
"{'ar': '8000', 'sample_fmt': 's16p', 'compression_level': '8', 'reservoir': '0', 'b:a': '253k', 'abr': 'True'}",91.484375,-3.858,-3.51,0.45589491998543963,-1.3606723241055294
"{'ar': '32000', 'sample_fmt': 's32p', 'compression_level': '9', 'reservoir': '1', 'b:a': '272k', 'abr': 'True'}",375.6875,-3.177,-1.442,0.5082515210087877,0.4210206360989102
"{'ar': '44100', 'sample_fmt': 'fltp', 'compression_level': '9', 'reservoir': '1', 'b:a': '133k', 'abr': 'True'}",176.65625,-2.904,-1.066,0.5324814910127316,1.4915022415155812
"{'ar': '44100', 'sample_fmt': 's32p', 'compression_level': '9', 'reservoir': '1', 'b:a': '272k', 'abr': 'True'}",374.34375,-2.599,-0.714,0.5507239789876621,1.9963833395738413
"{'ar': '44100', 'sample_fmt': 's16p', 'compression_level': '6', 'reservoir': '1', 'b:a': '140k', 'abr': 'True'}",187.7060546875,-2.792,-0.931,0.6300705999892671,1.7701972891613627
"{'ar': '44100', 'sample_fmt': 's16p', 'compression_level': '7', 'reservoir': '1', 'b:a': '119k', 'abr': 'True'}",156.2578125,-3.055,-1.264,0.5201737390016206,1.1106796295039991
"{'ar': '44100', 'sample_fmt': 's16p', 'compression_level': '6', 'reservoir': '1', 'b:a': '144k'}",178.4443359375,-2.852,-1.002,0.6591752509993967,1.6206308598969477
"{'ar': '32000', 'sample_fmt': 's16p', 'compression_level': '6', 'reservoir': '1', 'b:a': '143k', 'abr': 'True'}",185.421875,-3.249,-1.558,0.5950426780036651,0.5138570750777877
"{'ar': '44100', 'sample_fmt': 'fltp', 'compression_level': '7', 'reservoir': '1', 'b:a': '142k', 'abr': 'True'}",189.2998046875,-2.81,-0.951,0.6338679610053077,1.7191254755309022
"{'ar': '44100', 'sample_fmt': 's16p', 'compression_level': '7', 'reservoir': '0', 'b:a': '173k', 'abr': 'True'}",265.5166015625,-2.665,-0.786,0.5379059150000103,1.994493486134638
"{'ar': '44100', 'sample_fmt': 'fltp', 'compression_level': '8', 'reservoir': '1', 'b:a': '285k', 'abr': 'True'}",392.2607421875,-2.595,-0.71,0.585968886007322,1.9757703613444404
"{'ar': '44100', 'sample_fmt': 's16p', 'compression_level': '9', 'reservoir': '1', 'b:a': '134k', 'abr': 'True'}",178.1396484375,-2.894,-1.053,0.5744750269805081,1.5134317092397116
"{'ar': '44100', 'sample_fmt': 'fltp', 'compression_level': '6', 'reservoir': '1', 'b:a': '194k'}",267.6279296875,-2.616,-0.732,0.6023069689981639,2.117566154679444
"{'ar': '44100', 'sample_fmt': 'fltp', 'compression_level': '8', 'reservoir': '1', 'b:a': '248k'}",356.8115234375,-2.605,-0.72,0.5441508380172309,2.0089723553541283
"{'ar': '44100', 'sample_fmt': 'fltp', 'compression_level': '9', 'reservoir': '1', 'b:a': '164k', 'abr': 'True'}",221.1787109375,-2.699,-0.824,0.5835227479983587,1.970664911059631
"{'ar': '44100', 'sample_fmt': 'fltp', 'compression_level': '8', 'reservoir': '1', 'b:a': '187k', 'abr': 'True'}",255.162109375,-2.644,-0.763,0.5366873579623643,2.0672900878919154
"{'ar': '16000', 'sample_fmt': 'fltp', 'compression_level': '7', 'reservoir': '1', 'b:a': '140k', 'abr': 'True'}",194.52734375,-3.765,-2.92,0.46757042896933854,-1.1231526331650257
"{'ar': '44100', 'sample_fmt': 'fltp', 'compression_level': '7', 'reservoir': '0', 'b:a': '32k', 'abr': 'True'}",53.09375,-3.35,-1.734,0.5174235059821513,0.4399010365209975
"{'ar': '44100', 'sample_fmt': 's32p', 'compression_level': '9', 'reservoir': '0', 'b:a': '65k'}",89.2607421875,-3.505,-2.06,0.5441325639840215,-0.08376330242109362
"{'ar': '44100', 'sample_fmt': 's32p', 'compression_level': '7', 'reservoir': '1', 'b:a': '164k', 'abr': 'True'}",221.1787109375,-2.699,-0.824,0.5280842960055452,1.9747625272205966
"{'ar': '44100', 'sample_fmt': 's16p', 'compression_level': '6', 'reservoir': '1', 'b:a': '264k', 'abr': 'True'}",359.5087890625,-2.586,-0.7,0.6093535090330988,2.050427093335353
"{'ar': '16000', 'sample_fmt': 's32p', 'compression_level': '7', 'reservoir': '1', 'b:a': '271k', 'abr': 'True'}",220.68359375,-3.766,-2.924,0.4645317510003224,-1.168256409553595
"{'ar': '44100', 'sample_fmt': 's16p', 'compression_level': '2', 'reservoir': '1', 'b:a': '198k', 'abr': 'True'}",265.9384765625,-2.609,-0.724,0.7152447999978904,2.130747625972649
"{'ar': '24000', 'sample_fmt': 's32p', 'compression_level': '9', 'reservoir': '1', 'b:a': '272k', 'abr': 'True'}",219.1953125,-3.661,-2.499,0.5138234939659014,-0.7908116104984748
"{'ar': '44100', 'sample_fmt': 'fltp', 'compression_level': '7', 'reservoir': '1', 'b:a': '32k'}",44.771484375,-3.286,-1.619,0.524337951967027,0.6380632531005552
"{'ar': '32000', 'sample_fmt': 's32p', 'compression_level': '9', 'reservoir': '0', 'b:a': '272k', 'abr': 'True'}",446.421875,-3.176,-1.441,0.5186357850034256,0.3100301626800258
"{'ar': '44100', 'sample_fmt': 's16p', 'compression_level': '8', 'reservoir': '0', 'b:a': '145k', 'abr': 'True'}",225.1875,-2.798,-0.938,0.532027882989496,1.701448258042744
"{'ar': '8000', 'sample_fmt': 's32p', 'compression_level': '8', 'reservoir': '1', 'aq': '9'}",36.8515625,-3.855,-3.486,0.45837898598983884,-1.2591194679819027
"{'ar': '44100', 'sample_fmt': 's32p', 'compression_level': '2', 'reservoir': '1', 'b:a': '198k', 'abr': 'True'}",265.8330078125,-2.616,-0.732,0.7160383670125157,2.1120240317654617
"{'ar': '44100', 'sample_fmt': 's16p', 'compression_level': '8', 'reservoir': '0', 'b:a': '141k', 'abr': 'True'}",217.501953125,-2.817,-0.96,0.5328026750066783,1.6624456421703304
"{'ar': '44100', 'sample_fmt': 's16p', 'compression_level': '4', 'reservoir': '1', 'b:a': '164k', 'abr': 'True'}",219.6435546875,-2.655,-0.775,0.6875347960158251,2.0834014014215883
"{'ar': '44100', 'sample_fmt': 's32p', 'compression_level': '9', 'reservoir': '1', 'b:a': '274k'}",356.8115234375,-2.604,-0.719,0.5580832539999392,2.0105879664806023
"{'ar': '44100', 'sample_fmt': 'fltp', 'compression_level': '8', 'reservoir': '0', 'b:a': '252k', 'abr': 'True'}",361.7275390625,-2.603,-0.718,0.5497993679891806,2.0060013365333447
"{'ar': '44100', 'sample_fmt': 'fltp', 'compression_level': '0', 'reservoir': '1', 'b:a': '32k'}",44.771484375,-3.12,-1.357,0.9651367729820777,1.0749023226543193
"{'ar': '44100', 'sample_fmt': 's32p', 'compression_level': '9', 'reservoir': '1', 'b:a': '272k', 'abr': 'True'}",374.34375,-2.599,-0.714,0.5578825470001902,1.9958542291293198
"{'ar': '16000', 'sample_fmt': 'fltp', 'compression_level': '7', 'reservoir': '1', 'b:a': '32k', 'abr': 'True'}",42.828125,-3.448,-1.93,0.4689854639873374,0.16969797054301336
"{'ar': '44100', 'sample_fmt': 's32p', 'compression_level': '9', 'reservoir': '1', 'b:a': '142k', 'abr': 'True'}",189.2998046875,-2.81,-0.951,0.5699437849980313,1.7238502960709452
"{'ar': '44100', 'sample_fmt': 's16p', 'compression_level': '9', 'reservoir': '1', 'b:a': '134k', 'abr': 'True'}",178.1396484375,-2.894,-1.053,0.5842045350000262,1.5127125731912485
"{'ar': '44100', 'sample_fmt': 's16p', 'compression_level': '8', 'reservoir': '0', 'b:a': '141k'}",178.4443359375,-2.885,-1.043,0.5303380739933345,1.5403318445157317
"{'ar': '44100', 'sample_fmt': 's32p', 'compression_level': '7', 'reservoir': '1', 'b:a': '168k', 'abr': 'True'}",226.8955078125,-2.684,-0.807,0.5482214280345943,2.004463903672239
"{'ar': '32000', 'sample_fmt': 's16p', 'compression_level': '6', 'reservoir': '0', 'aq': '9'}",92.75,-3.544,-2.157,0.5155057150113862,-0.2086821357679588
"{'ar': '44100', 'sample_fmt': 's16p', 'compression_level': '8', 'reservoir': '1', 'b:a': '36k', 'abr': 'True'}",53.24609375,-3.251,-1.561,0.5201215159904677,0.7246966798154943
"{'ar': '16000', 'sample_fmt': 'fltp', 'compression_level': '7', 'reservoir': '1', 'b:a': '139k', 'abr': 'True'}",193.40234375,-3.766,-2.924,0.4794637610029895,-1.1258283524856871
"{'ar': '44100', 'sample_fmt': 's16p', 'compression_level': '8', 'reservoir': '1', 'b:a': '32k', 'abr': 'True'}",48.193359375,-3.355,-1.744,0.518533991969889,0.43283406390552626
"{'ar': '32000', 'sample_fmt': 's16p', 'compression_level': '9', 'reservoir': '1', 'b:a': '271k', 'abr': 'True'}",374.421875,-3.175,-1.44,0.5146491659688763,0.4278580731856341
"{'ar': '44100', 'sample_fmt': 's16p', 'compression_level': '7', 'reservoir': '1', 'b:a': '32k', 'abr': 'True'}",48.193359375,-3.355,-1.744,0.5181285259895958,0.4328640330676123
"{'ar': '44100', 'sample_fmt': 's32p', 'compression_level': '9', 'reservoir': '1', 'b:a': '136k', 'abr': 'True'}",180.99609375,-2.873,-1.028,0.5383443250320852,1.5683594599145643
"{'ar': '44100', 'sample_fmt': 's16p', 'compression_level': '7', 'reservoir': '1', 'b:a': '143k', 'abr': 'True'}",190.8896484375,-2.799,-0.939,0.5260345609858632,1.7539737133887174
"{'ar': '44100', 'sample_fmt': 's16p', 'compression_level': '8', 'reservoir': '1', 'b:a': '167k', 'abr': 'True'}",225.3603515625,-2.69,-0.813,0.5396171610336751,1.9916770869269456
"{'ar': '44100', 'sample_fmt': 's16p', 'compression_level': '7', 'reservoir': '1', 'b:a': '171k', 'abr': 'True'}",231.0771484375,-2.671,-0.792,0.5418942279939074,2.0332801373721554
"{'ar': '32000', 'sample_fmt': 's32p', 'compression_level': '9', 'reservoir': '1', 'b:a': '248k', 'abr': 'True'}",343.625,-3.173,-1.436,0.5199129969987553,0.4825322009882278
"{'ar': '44100', 'sample_fmt': 's16p', 'compression_level': '6', 'reservoir': '1', 'b:a': '119k', 'abr': 'True'}",159.2548828125,-2.911,-1.074,0.6076684569998179,1.4948784692400119
"{'ar': '16000', 'sample_fmt': 's16p', 'compression_level': '6', 'reservoir': '1', 'b:a': '283k', 'abr': 'True'}",210.69921875,-3.764,-2.916,0.48909026000183076,-1.1469563431533891
"{'ar': '22050', 'sample_fmt': 's16p', 'compression_level': '8', 'reservoir': '0', 'b:a': '246k', 'abr': 'True'}",223.35546875,-3.677,-2.554,0.48708210402401164,-0.8501025090524964
"{'ar': '44100', 'sample_fmt': 's16p', 'compression_level': '6', 'reservoir': '1', 'b:a': '134k', 'abr': 'True'}",180.1787109375,-2.816,-0.959,0.6304626829805784,1.7174280816548413
"{'ar': '16000', 'sample_fmt': 'fltp', 'compression_level': '7', 'reservoir': '1', 'b:a': '32k', 'abr': 'True'}",42.828125,-3.448,-1.93,0.46823129599215463,0.16975371327849856
"{'ar': '12000', 'sample_fmt': 's32p', 'compression_level': '8', 'reservoir': '1', 'b:a': '32k', 'abr': 'True'}",42.78125,-3.777,-2.982,0.474521102005383,-0.9290481817584099
"{'ar': '44100', 'sample_fmt': 's16p', 'compression_level': '8', 'reservoir': '0', 'b:a': '145k', 'abr': 'True'}",225.1875,-2.798,-0.938,0.5349459670251235,1.7012325740206684
"{'ar': '44100', 'sample_fmt': 'fltp', 'compression_level': '0', 'reservoir': '1', 'b:a': '249k', 'abr': 'True'}",337.53515625,-2.592,-0.706,0.98464967898326,2.041878039799001
"{'ar': '44100', 'sample_fmt': 's16p', 'compression_level': '7', 'reservoir': '1', 'b:a': '267k', 'abr': 'True'}",367.8916015625,-2.597,-0.712,0.5400900330278091,2.0127555826379475
"{'ar': '44100', 'sample_fmt': 'fltp', 'compression_level': '8', 'reservoir': '1', 'b:a': '143k', 'abr': 'True'}",190.841796875,-2.805,-0.945,0.5360136840317864,1.7374401051432777
"{'ar': '8000', 'sample_fmt': 's32p', 'compression_level': '6', 'reservoir': '1', 'aq': '9'}",36.359375,-3.85,-3.441,0.4749589530110825,-1.2337142575101057
"{'ar': '44100', 'sample_fmt': 's16p', 'compression_level': '7', 'reservoir': '1', 'b:a': '250k', 'abr': 'True'}",344.75390625,-2.604,-0.719,0.5405850560055114,2.031121221845621
"{'ar': '44100', 'sample_fmt': 'fltp', 'compression_level': '0', 'reservoir': '1', 'b:a': '248k', 'abr': 'True'}",336.51953125,-2.595,-0.709,1.0016860030009411,2.0343032439989774
"{'ar': '8000', 'sample_fmt': 's32p', 'compression_level': '8', 'reservoir': '1', 'aq': '9'}",36.8515625,-3.855,-3.486,0.49296290101483464,-1.2616756650621217
"{'ar': '44100', 'sample_fmt': 'fltp', 'compression_level': '4', 'reservoir': '1', 'b:a': '135k', 'abr': 'True'}",178.6943359375,-2.827,-0.972,0.6511861690087244,1.6885346380603465
"{'ar': '44100', 'sample_fmt': 'fltp', 'compression_level': '6', 'reservoir': '1', 'b:a': '36k', 'abr': 'True'}",53.2724609375,-3.249,-1.557,0.6010514259978663,0.7245945524622781
"{'ar': '32000', 'sample_fmt': 's32p', 'compression_level': '9', 'reservoir': '0', 'aq': '9'}",89.62109375,-3.518,-2.09,0.5166501349885948,-0.12205994106154068
"{'ar': '24000', 'sample_fmt': 's32p', 'compression_level': '7', 'reservoir': '1', 'b:a': '164k', 'abr': 'True'}",219.1953125,-3.661,-2.499,0.5100365750258788,-0.7905317083783558
"{'ar': '32000', 'sample_fmt': 'fltp', 'compression_level': '8', 'reservoir': '1', 'b:a': '190k'}",268.390625,-3.177,-1.443,0.5022599229996558,0.5923578599267337
"{'ar': '44100', 'sample_fmt': 'fltp', 'compression_level': '9', 'reservoir': '1', 'b:a': '133k', 'abr': 'True'}",176.65625,-2.904,-1.066,0.5389702069805935,1.4910226417710342
"{'ar': '8000', 'sample_fmt': 's32p', 'compression_level': '6', 'reservoir': '1', 'aq': '9'}",36.359375,-3.85,-3.441,0.46508145597181283,-1.2329841831656192
"{'ar': '44100', 'sample_fmt': 's16p', 'compression_level': '0', 'reservoir': '1', 'b:a': '248k', 'abr': 'True'}",336.4169921875,-2.589,-0.702,0.9693578389997128,2.053044165838813
"{'ar': '44100', 'sample_fmt': 's32p', 'compression_level': '7', 'reservoir': '1', 'b:a': '32k', 'abr': 'True'}",48.16796875,-3.35,-1.734,0.5144975139992312,0.44797719984645634
"{'ar': '44100', 'sample_fmt': 'fltp', 'compression_level': '0', 'reservoir': '1', 'b:a': '255k', 'abr': 'True'}",342.310546875,-2.59,-0.704,0.9948037739959545,2.038798391983873
"{'ar': '44100', 'sample_fmt': 's16p', 'compression_level': '6', 'reservoir': '1', 'b:a': '145k', 'abr': 'True'}",197.64453125,-2.717,-0.844,1.009510561969364,1.9284835293061529
"{'ar': '44100', 'sample_fmt': 's16p', 'compression_level': '7', 'reservoir': '0', 'b:a': '36k'}",44.771484375,-3.239,-1.54,0.8813538989925291,0.7461034655700582
"{'ar': '8000', 'sample_fmt': 'fltp', 'compression_level': '7', 'reservoir': '1', 'b:a': '32k', 'abr': 'True'}",44.4453125,-3.856,-3.492,0.5914096670167055,-1.2852919163718097
"{'ar': '44100', 'sample_fmt': 's32p', 'compression_level': '9', 'reservoir': '1', 'b:a': '136k', 'abr': 'True'}",180.99609375,-2.873,-1.028,0.5869879300007597,1.5647640705289965
"{'ar': '8000', 'sample_fmt': 's32p', 'compression_level': '0', 'reservoir': '1', 'aq': '9'}",35.8671875,-3.85,-3.441,0.6571194760326762,-1.2463929018954911
"{'ar': '44100', 'sample_fmt': 's16p', 'compression_level': '6', 'reservoir': '1', 'b:a': '145k', 'abr': 'True'}",197.64453125,-2.717,-0.844,0.6671917019993998,1.9537853052828351
"{'ar': '44100', 'sample_fmt': 's16p', 'compression_level': '0', 'reservoir': '1', 'b:a': '136k'}",178.4443359375,-2.935,-1.105,1.152247777004959,1.358309388346043
"{'ar': '44100', 'sample_fmt': 'fltp', 'compression_level': '8', 'reservoir': '1', 'b:a': '167k', 'abr': 'True'}",225.2607421875,-2.686,-0.809,0.5280899610079359,2.0032696237223515
"{'ar': '16000', 'sample_fmt': 'fltp', 'compression_level': '1', 'reservoir': '1', 'b:a': '32k', 'abr': 'True'}",43.91796875,-3.277,-1.604,0.709039639972616,0.6514746590310242
"{'ar': '44100', 'sample_fmt': 's16p', 'compression_level': '7', 'reservoir': '1', 'b:a': '142k', 'abr': 'True'}",189.2998046875,-2.805,-0.945,0.5511690450075548,1.7387804309847035
"{'ar': '16000', 'sample_fmt': 's16p', 'compression_level': '6', 'reservoir': '1', 'b:a': '32k', 'abr': 'True'}",43.35546875,-3.405,-1.842,0.5391981659922749,0.2916145500598321
"{'ar': '44100', 'sample_fmt': 's32p', 'compression_level': '8', 'reservoir': '0', 'aq': '9'}",103.8740234375,-3.314,-1.668,0.5555486620287411,0.46075282810467383
"{'ar': '44100', 'sample_fmt': 's16p', 'compression_level': '6', 'reservoir': '1', 'b:a': '269k', 'abr': 'True'}",363.5947265625,-2.588,-0.701,0.6093544980103616,2.0389319002977064
"{'ar': '44100', 'sample_fmt': 's16p', 'compression_level': '7', 'reservoir': '1', 'b:a': '127k', 'abr': 'True'}",167.7998046875,-2.959,-1.136,0.5263132010004483,1.3558614043477677
"{'ar': '44100', 'sample_fmt': 's16p', 'compression_level': '8', 'reservoir': '1', 'b:a': '146k', 'abr': 'True'}",195.7080078125,-2.787,-0.925,0.5409178419795353,1.7775608333336725
"{'ar': '24000', 'sample_fmt': 's32p', 'compression_level': '9', 'reservoir': '1', 'b:a': '272k', 'abr': 'True'}",219.1953125,-3.661,-2.499,0.4940969939925708,-0.7893535678911436
"{'ar': '44100', 'sample_fmt': 's16p', 'compression_level': '0', 'reservoir': '1', 'b:a': '36k'}",44.771484375,-3.102,-1.331,0.9271314240177162,1.1278522074909838
"{'ar': '44100', 'sample_fmt': 'fltp', 'compression_level': '9', 'reservoir': '1', 'b:a': '134k', 'abr': 'True'}",178.1904296875,-2.893,-1.053,0.5889741610153578,1.5146089443458486
"{'ar': '44100', 'sample_fmt': 's16p', 'compression_level': '7', 'reservoir': '1', 'b:a': '172k', 'abr': 'True'}",232.3984375,-2.668,-0.789,0.5217384510033298,2.040597763627938
"{'ar': '44100', 'sample_fmt': 's32p', 'compression_level': '9', 'reservoir': '1', 'b:a': '198k', 'abr': 'True'}",271.0263671875,-2.616,-0.732,0.5445574260374997,2.11641182381208
"{'ar': '44100', 'sample_fmt': 's16p', 'compression_level': '7', 'reservoir': '1', 'b:a': '119k'}",156.1484375,-3.065,-1.278,0.5353901000053156,1.0820136740251591
"{'ar': '44100', 'sample_fmt': 's16p', 'compression_level': '6', 'reservoir': '1', 'b:a': '141k', 'abr': 'True'}",188.9970703125,-2.794,-0.932,0.62949712498812,1.7632043143323497
"{'ar': '44100', 'sample_fmt': 's16p', 'compression_level': '2', 'reservoir': '1', 'b:a': '271k', 'abr': 'True'}",351.876953125,-2.585,-0.698,0.7622944450122304,2.0542614920248843
"{'ar': '16000', 'sample_fmt': 'fltp', 'compression_level': '1', 'reservoir': '1', 'b:a': '164k', 'abr': 'True'}",149.703125,-3.74,-2.805,0.6526012300164439,-0.9707782119589257
"{'ar': '44100', 'sample_fmt': 's32p', 'compression_level': '7', 'reservoir': '1', 'b:a': '32k'}",44.771484375,-3.286,-1.619,0.5181706300063524,0.6385190976854511
"{'ar': '44100', 'sample_fmt': 's16p', 'compression_level': '7', 'reservoir': '1', 'b:a': '143k', 'abr': 'True'}",190.8896484375,-2.799,-0.939,0.5303042579907924,1.7536581277469665
"{'ar': '44100', 'sample_fmt': 's16p', 'compression_level': '0', 'reservoir': '1', 'b:a': '36k'}",44.771484375,-3.102,-1.331,0.9527040820103139,1.125962058453581
"{'ar': '32000', 'sample_fmt': 's32p', 'compression_level': '9', 'reservoir': '1', 'b:a': '274k', 'abr': 'True'}",378.5,-3.176,-1.441,0.5198729740222916,0.41831925046717144
"{'ar': '44100', 'sample_fmt': 's32p', 'compression_level': '4', 'reservoir': '1', 'b:a': '164k', 'abr': 'True'}",219.5390625,-2.666,-0.787,0.6599575900181662,2.0561916297684957
"{'ar': '44100', 'sample_fmt': 's16p', 'compression_level': '7', 'reservoir': '1', 'b:a': '271k', 'abr': 'True'}",373.1171875,-2.596,-0.711,0.5385971649957355,2.0071730385399635
"{'ar': '44100', 'sample_fmt': 's32p', 'compression_level': '9', 'reservoir': '0', 'b:a': '130k', 'abr': 'True'}",187.001953125,-2.918,-1.084,0.5394369829737116,1.4361824876215252
"{'ar': '32000', 'sample_fmt': 's32p', 'compression_level': '9', 'reservoir': '1', 'b:a': '272k', 'abr': 'True'}",375.6875,-3.177,-1.442,0.5246639830002096,0.4198075436138242
"{'ar': '12000', 'sample_fmt': 'fltp', 'compression_level': '7', 'reservoir': '1', 'b:a': '198k', 'abr': 'True'}",88.53125,-3.742,-2.811,0.47374416296952404,-0.8665011995974972
"{'ar': '44100', 'sample_fmt': 's16p', 'compression_level': '2', 'reservoir': '1', 'b:a': '198k', 'abr': 'True'}",265.9384765625,-2.609,-0.724,0.7075929699931294,2.131313194836162
"{'ar': '44100', 'sample_fmt': 'fltp', 'compression_level': '9', 'reservoir': '1', 'b:a': '168k', 'abr': 'True'}",226.8955078125,-2.683,-0.806,0.5376937380060554,2.0078874319047615
"{'ar': '44100', 'sample_fmt': 's32p', 'compression_level': '7', 'reservoir': '1', 'b:a': '169k', 'abr': 'True'}",228.228515625,-2.681,-0.803,0.5532671469845809,2.0102155737640257
"{'ar': '44100', 'sample_fmt': 'fltp', 'compression_level': '8', 'reservoir': '0', 'b:a': '36k', 'abr': 'True'}",59.2392578125,-3.256,-1.568,0.6120607899792958,0.6944802046161641
"{'ar': '44100', 'sample_fmt': 's16p', 'compression_level': '2', 'reservoir': '1', 'b:a': '124k', 'abr': 'True'}",163.5263671875,-3.048,-1.255,0.8246958390227519,1.0957220363333753
"{'ar': '44100', 'sample_fmt': 'fltp', 'compression_level': '7', 'reservoir': '1', 'b:a': '119k', 'abr': 'True'}",156.2568359375,-3.056,-1.266,0.6079215839854442,1.101234636370141
"{'ar': '44100', 'sample_fmt': 's32p', 'compression_level': '9', 'reservoir': '1', 'b:a': '144k', 'abr': 'True'}",192.5791015625,-2.807,-0.948,0.579690614977153,1.7258334104829187
"{'ar': '16000', 'sample_fmt': 's32p', 'compression_level': '0', 'reservoir': '1', 'b:a': '32k', 'abr': 'True'}",43.91796875,-3.277,-1.605,0.7610519159934483,0.6473148230267559
"{'ar': '44100', 'sample_fmt': 's16p', 'compression_level': '7', 'reservoir': '1', 'b:a': '32k'}",44.771484375,-3.291,-1.629,0.5580957530182786,0.6207638432208116
"{'ar': '32000', 'sample_fmt': 's32p', 'compression_level': '9', 'reservoir': '1', 'aq': '9'}",81.7109375,-3.518,-2.09,0.5575366879929788,-0.11246002795785894
"{'ar': '44100', 'sample_fmt': 'fltp', 'compression_level': '0', 'reservoir': '1', 'b:a': '143k', 'abr': 'True'}",186.1328125,-2.85,-0.999,1.2308129189768806,1.5717174892312216
"{'ar': '44100', 'sample_fmt': 's16p', 'compression_level': '2', 'reservoir': '1', 'b:a': '271k', 'abr': 'True'}",351.876953125,-2.585,-0.698,0.7679544349957723,2.053843145812215
"{'ar': '44100', 'sample_fmt': 'fltp', 'compression_level': '6', 'reservoir': '1', 'b:a': '271k', 'abr': 'True'}",364.92578125,-2.581,-0.694,0.6345123789797071,2.053466265492704
"{'ar': '16000', 'sample_fmt': 's16p', 'compression_level': '9', 'reservoir': '1', 'b:a': '276k', 'abr': 'True'}",220.68359375,-3.766,-2.926,0.5081885690160561,-1.1721141279242921
"{'ar': '12000', 'sample_fmt': 's16p', 'compression_level': '6', 'reservoir': '1', 'b:a': '144k'}",90.546875,-3.755,-2.874,0.49560890198335983,-0.9214966187170348
"{'ar': '44100', 'sample_fmt': 's32p', 'compression_level': '9', 'reservoir': '0', 'aq': '9'}",103.8740234375,-3.314,-1.668,0.5558350450010039,0.46073166071176896
"{'ar': '44100', 'sample_fmt': 'fltp', 'compression_level': '8', 'reservoir': '1', 'b:a': '140k', 'abr': 'True'}",186.3251953125,-2.834,-0.98,0.5362733110086992,1.6660186550480445
"{'ar': '44100', 'sample_fmt': 's16p', 'compression_level': '7', 'reservoir': '1', 'b:a': '171k', 'abr': 'True'}",231.0771484375,-2.671,-0.792,0.5339314000157174,2.033868692994427
"{'ar': '12000', 'sample_fmt': 'fltp', 'compression_level': '8', 'reservoir': '1', 'b:a': '190k'}",90.640625,-3.742,-2.811,0.486473796016071,-0.8708079385858645
"{'ar': '12000', 'sample_fmt': 'fltp', 'compression_level': '8', 'reservoir': '1', 'b:a': '190k'}",90.640625,-3.742,-2.811,0.47256438800832257,-0.8697798540525986
"{'ar': '8000', 'sample_fmt': 's16p', 'compression_level': '9', 'reservoir': '1', 'b:a': '125k', 'abr': 'True'}",89.9375,-3.858,-3.51,0.5395284630067181,-1.3643856272168906
"{'ar': '44100', 'sample_fmt': 'fltp', 'compression_level': '0', 'reservoir': '1', 'b:a': '248k', 'abr': 'True'}",336.51953125,-2.595,-0.709,0.9769148040213622,2.0361341548851324
"{'ar': '16000', 'sample_fmt': 's16p', 'compression_level': '7', 'reservoir': '1', 'b:a': '32k', 'abr': 'True'}",42.79296875,-3.446,-1.926,0.47212625897373073,0.17544363220301787
"{'ar': '12000', 'sample_fmt': 'fltp', 'compression_level': '8', 'reservoir': '1', 'b:a': '192k', 'abr': 'True'}",88.53125,-3.742,-2.811,0.5254306950373575,-0.8703215005166655
"{'ar': '44100', 'sample_fmt': 's16p', 'compression_level': '6', 'reservoir': '1', 'b:a': '146k', 'abr': 'True'}",199.328125,-2.719,-0.846,0.634737792017404,1.9482068240849495
"{'ar': '16000', 'sample_fmt': 'fltp', 'compression_level': '0', 'reservoir': '1', 'b:a': '32k', 'abr': 'True'}",43.91796875,-3.277,-1.605,0.8560359890107065,0.6402942757596659
"{'ar': '44100', 'sample_fmt': 's16p', 'compression_level': '6', 'reservoir': '1', 'b:a': '121k', 'abr': 'True'}",162.71484375,-2.91,-1.073,0.7245068899937905,1.4833670621197512
"{'ar': '44100', 'sample_fmt': 's16p', 'compression_level': '8', 'reservoir': '1', 'b:a': '137k', 'abr': 'True'}",182.173828125,-2.862,-1.014,0.560988549987087,1.5948522246920809
"{'ar': '32000', 'sample_fmt': 's32p', 'compression_level': '9', 'reservoir': '0', 'aq': '9'}",89.62109375,-3.518,-2.09,0.5403893009934109,-0.12381457140875506
"{'ar': '44100', 'sample_fmt': 's16p', 'compression_level': '6', 'reservoir': '1', 'b:a': '119k', 'abr': 'True'}",159.2548828125,-2.911,-1.074,0.6592323679942638,1.4910672315986575
"{'ar': '44100', 'sample_fmt': 's16p', 'compression_level': '7', 'reservoir': '1', 'b:a': '144k'}",178.4443359375,-2.913,-1.077,0.5580682160216384,1.4623183842714256
"{'ar': '44100', 'sample_fmt': 's32p', 'compression_level': '8', 'reservoir': '1', 'b:a': '164k'}",223.037109375,-2.692,-0.815,0.5837529450072907,1.9868312064568288
"{'ar': '16000', 'sample_fmt': 's16p', 'compression_level': '1', 'reservoir': '1', 'b:a': '32k', 'abr': 'True'}",43.84765625,-3.271,-1.594,0.7294832250045147,0.667210020870311
"{'ar': '44100', 'sample_fmt': 'fltp', 'compression_level': '8', 'reservoir': '1', 'b:a': '127k', 'abr': 'True'}",167.8515625,-2.955,-1.131,0.5330867049924564,1.3661752103789444
"{'ar': '44100', 'sample_fmt': 's16p', 'compression_level': '9', 'reservoir': '1', 'b:a': '134k', 'abr': 'True'}",178.1396484375,-2.894,-1.053,0.5288848610071,1.516801410127066
"{'ar': '44100', 'sample_fmt': 's16p', 'compression_level': '9', 'reservoir': '1', 'b:a': '171k', 'abr': 'True'}",231.0771484375,-2.671,-0.792,0.52869098901283,2.0342560269123786
"{'ar': '44100', 'sample_fmt': 's16p', 'compression_level': '7', 'reservoir': '1', 'b:a': '250k'}",356.8115234375,-2.595,-0.709,0.5392282520188019,2.0361056187725644
"{'ar': '22050', 'sample_fmt': 's16p', 'compression_level': '8', 'reservoir': '1', 'b:a': '246k', 'abr': 'True'}",219.69921875,-3.677,-2.553,0.493558081012452,-0.8444315600932751
"{'ar': '12000', 'sample_fmt': 'fltp', 'compression_level': '8', 'reservoir': '1', 'b:a': '171k'}",90.640625,-3.742,-2.811,0.4800320820068009,-0.8703318128918763
"{'ar': '44100', 'sample_fmt': 'fltp', 'compression_level': '8', 'reservoir': '0', 'b:a': '37k', 'abr': 'True'}",60.6123046875,-3.268,-1.589,0.5202731949975714,0.6644896880304277
"{'ar': '22050', 'sample_fmt': 's16p', 'compression_level': '8', 'reservoir': '0', 'b:a': '246k', 'abr': 'True'}",223.35546875,-3.677,-2.554,0.49665197398280725,-0.8508098457906611
"{'ar': '44100', 'sample_fmt': 's16p', 'compression_level': '7', 'reservoir': '0', 'b:a': '148k', 'abr': 'True'}",225.69921875,-2.775,-0.911,0.5395218360063154,1.7621837741086337
"{'ar': '16000', 'sample_fmt': 's16p', 'compression_level': '9', 'reservoir': '1', 'b:a': '259k', 'abr': 'True'}",220.68359375,-3.766,-2.926,0.4710341840109322,-1.1693679399811752
"{'ar': '44100', 'sample_fmt': 'fltp', 'compression_level': '2', 'reservoir': '1', 'b:a': '32k', 'abr': 'True'}",47.76171875,-3.294,-1.634,0.607334557978902,0.60378594417061
"{'ar': '44100', 'sample_fmt': 's16p', 'compression_level': '7', 'reservoir': '0', 'b:a': '171k', 'abr': 'True'}",258.5068359375,-2.671,-0.792,0.5487831600185018,1.9890023749682424
"{'ar': '44100', 'sample_fmt': 'fltp', 'compression_level': '9', 'reservoir': '1', 'b:a': '132k', 'abr': 'True'}",175.12890625,-2.907,-1.07,0.5309031700016931,1.485804381001437
"{'ar': '44100', 'sample_fmt': 's16p', 'compression_level': '8', 'reservoir': '1', 'b:a': '138k', 'abr': 'True'}",183.8095703125,-2.848,-0.997,0.5473549849994015,1.6312317476196099
"{'ar': '44100', 'sample_fmt': 's16p', 'compression_level': '8', 'reservoir': '0', 'b:a': '38k', 'abr': 'True'}",61.5263671875,-3.277,-1.604,0.5526148039498366,0.6349393724293004
"{'ar': '44100', 'sample_fmt': 's16p', 'compression_level': '0', 'reservoir': '1', 'b:a': '249k', 'abr': 'True'}",337.2294921875,-2.585,-0.699,0.9954320000251755,2.0600865983440197
"{'ar': '16000', 'sample_fmt': 'fltp', 'compression_level': '7', 'reservoir': '1', 'b:a': '32k', 'abr': 'True'}",42.828125,-3.448,-1.93,0.5067458509874996,0.16690699124156688
"{'ar': '44100', 'sample_fmt': 's32p', 'compression_level': '7', 'reservoir': '1', 'b:a': '112k', 'abr': 'True'}",146.25,-3.181,-1.449,0.5363563100108877,0.7735206680828033
"{'ar': '16000', 'sample_fmt': 's32p', 'compression_level': '0', 'reservoir': '1', 'b:a': '32k', 'abr': 'True'}",43.91796875,-3.277,-1.605,0.7582138400175609,0.6475245934219747
"{'ar': '44100', 'sample_fmt': 's16p', 'compression_level': '7', 'reservoir': '0', 'b:a': '36k'}",44.771484375,-3.239,-1.54,0.557444197969744,0.7700445674207472
"{'ar': '8000', 'sample_fmt': 's32p', 'compression_level': '0', 'reservoir': '1', 'b:a': '32k', 'abr': 'True'}",41.9140625,-3.851,-3.451,0.5823097669926938,-1.255996806501906
"{'ar': '44100', 'sample_fmt': 'fltp', 'compression_level': '8', 'reservoir': '1', 'b:a': '197k'}",267.6279296875,-2.63,-0.747,0.5911850040138233,2.0810372053978883
"{'ar': '44100', 'sample_fmt': 's32p', 'compression_level': '7', 'reservoir': '1', 'b:a': '127k', 'abr': 'True'}",167.8515625,-2.955,-1.131,0.5546451069822069,1.364581766600802
"{'ar': '44100', 'sample_fmt': 's16p', 'compression_level': '6', 'reservoir': '1', 'b:a': '144k', 'abr': 'True'}",196.37109375,-2.719,-0.846,0.6424377960211132,1.9523561246504288
"{'ar': '12000', 'sample_fmt': 'fltp', 'compression_level': '7', 'reservoir': '1', 'b:a': '142k'}",90.546875,-3.742,-2.811,0.47883759101387113,-0.8700939310544967
"{'ar': '44100', 'sample_fmt': 's16p', 'compression_level': '2', 'reservoir': '1', 'b:a': '199k', 'abr': 'True'}",267.0625,-2.613,-0.729,0.727492275997065,2.1171517718278228
"{'ar': '16000', 'sample_fmt': 's32p', 'compression_level': '8', 'reservoir': '1', 'b:a': '32k', 'abr': 'True'}",42.828125,-3.448,-1.93,0.4930264209979214,0.1679210339506205
"{'ar': '44100', 'sample_fmt': 's32p', 'compression_level': '7', 'reservoir': '1', 'aq': '9'}",97.1474609375,-3.314,-1.668,0.5497210439934861,0.47191690190130864
"{'ar': '44100', 'sample_fmt': 'fltp', 'compression_level': '1', 'reservoir': '1', 'b:a': '32k', 'abr': 'True'}",48.244140625,-3.132,-1.375,0.9535257690004073,1.036581825435756
"{'ar': '44100', 'sample_fmt': 's16p', 'compression_level': '2', 'reservoir': '1', 'b:a': '138k', 'abr': 'True'}",181.3623046875,-2.861,-1.013,0.8068746170320082,1.5806183905294457
"{'ar': '44100', 'sample_fmt': 's32p', 'compression_level': '8', 'reservoir': '0', 'b:a': '36k', 'abr': 'True'}",59.2392578125,-3.256,-1.568,0.6232238680240698,0.6936551092652277
"{'ar': '8000', 'sample_fmt': 'fltp', 'compression_level': '8', 'reservoir': '1', 'aq': '9'}",36.8515625,-3.855,-3.486,0.48793645095429383,-1.2613041456156004
"{'ar': '24000', 'sample_fmt': 's32p', 'compression_level': '2', 'reservoir': '1', 'b:a': '198k', 'abr': 'True'}",171.8046875,-3.666,-2.517,0.7838107229908928,-0.7524755441543958
"{'ar': '16000', 'sample_fmt': 's16p', 'compression_level': '8', 'reservoir': '1', 'b:a': '32k', 'abr': 'True'}",42.79296875,-3.446,-1.926,0.47753859497606754,0.17504359081162718
"{'ar': '16000', 'sample_fmt': 'fltp', 'compression_level': '1', 'reservoir': '1', 'b:a': '32k'}",44.97265625,-3.267,-1.587,0.7974391520256177,0.6719200394886726
"{'ar': '44100', 'sample_fmt': 's16p', 'compression_level': '7', 'reservoir': '1', 'b:a': '32k', 'abr': 'True'}",48.193359375,-3.355,-1.744,0.5411034809949342,0.431165887763347
"{'ar': '44100', 'sample_fmt': 's16p', 'compression_level': '7', 'reservoir': '0', 'b:a': '149k', 'abr': 'True'}",225.69921875,-2.773,-0.908,0.559404572006315,1.7663204345448453
"{'ar': '32000', 'sample_fmt': 's16p', 'compression_level': '7', 'reservoir': '0', 'b:a': '142k', 'abr': 'True'}",224.9375,-3.252,-1.562,0.5161076379881706,0.44838606055148766
"{'ar': '12000', 'sample_fmt': 'fltp', 'compression_level': '8', 'reservoir': '1', 'b:a': '270k'}",90.640625,-3.742,-2.811,0.48109779399237595,-0.8704105827438122
"{'ar': '16000', 'sample_fmt': 'fltp', 'compression_level': '1', 'reservoir': '1', 'b:a': '32k', 'abr': 'True'}",43.91796875,-3.277,-1.604,0.7182728649640922,0.6507922046950372
"{'ar': '22050', 'sample_fmt': 's16p', 'compression_level': '8', 'reservoir': '1', 'b:a': '246k', 'abr': 'True'}",219.69921875,-3.677,-2.553,0.5275319710199255,-0.8469426684619492
"{'ar': '44100', 'sample_fmt': 's16p', 'compression_level': '8', 'reservoir': '1', 'b:a': '137k', 'abr': 'True'}",182.173828125,-2.862,-1.014,0.5473026350082364,1.5958637902098594
"{'ar': '12000', 'sample_fmt': 'fltp', 'compression_level': '7', 'reservoir': '1', 'b:a': '188k', 'abr': 'True'}",88.53125,-3.742,-2.811,0.5284542579902336,-0.8705449807902671
"{'ar': '32000', 'sample_fmt': 's16p', 'compression_level': '7', 'reservoir': '0', 'b:a': '65k'}",89.515625,-3.639,-2.425,0.5373464510194026,-0.5110224179417788
"{'ar': '44100', 'sample_fmt': 's32p', 'compression_level': '0', 'reservoir': '1', 'b:a': '32k'}",44.771484375,-3.12,-1.357,0.9370006289973389,1.0769819463478898
"{'ar': '44100', 'sample_fmt': 's16p', 'compression_level': '2', 'reservoir': '1', 'b:a': '271k', 'abr': 'True'}",351.876953125,-2.585,-0.698,0.789110129000619,2.052279467344751
"{'ar': '8000', 'sample_fmt': 's16p', 'compression_level': '1', 'reservoir': '1', 'aq': '9'}",35.8671875,-3.85,-3.44,0.48092706699389964,-1.2330545534754878
"{'ar': '44100', 'sample_fmt': 'fltp', 'compression_level': '7', 'reservoir': '0', 'b:a': '36k'}",44.771484375,-3.237,-1.537,0.5832238509901799,0.7737453696824567
"{'ar': '44100', 'sample_fmt': 's16p', 'compression_level': '6', 'reservoir': '1', 'b:a': '250k', 'abr': 'True'}",346.37890625,-2.586,-0.699,0.6270628260099329,2.0703844942622758
"{'ar': '44100', 'sample_fmt': 's16p', 'compression_level': '6', 'reservoir': '1', 'b:a': '114k', 'abr': 'True'}",152.3955078125,-2.974,-1.156,0.6281846759957261,1.3316536448991068
"{'ar': '44100', 'sample_fmt': 's32p', 'compression_level': '8', 'reservoir': '1', 'b:a': '164k'}",223.037109375,-2.692,-0.815,0.5433895560272504,1.9898145811552672
"{'ar': '24000', 'sample_fmt': 's32p', 'compression_level': '9', 'reservoir': '1', 'b:a': '272k', 'abr': 'True'}",219.1953125,-3.661,-2.499,0.5157745970063843,-0.7909558221613731
"{'ar': '44100', 'sample_fmt': 's16p', 'compression_level': '2', 'reservoir': '1', 'b:a': '271k', 'abr': 'True'}",351.876953125,-2.585,-0.698,0.7747691690165084,2.0533394491314403
"{'ar': '44100', 'sample_fmt': 'fltp', 'compression_level': '7', 'reservoir': '0', 'b:a': '36k', 'abr': 'True'}",59.2392578125,-3.256,-1.568,0.5379722679790575,0.699956301335632
"{'ar': '32000', 'sample_fmt': 's32p', 'compression_level': '9', 'reservoir': '0', 'aq': '9'}",89.62109375,-3.518,-2.09,0.5256510689796414,-0.12272522609854492
"{'ar': '44100', 'sample_fmt': 's32p', 'compression_level': '4', 'reservoir': '1', 'b:a': '127k', 'abr': 'True'}",168.4580078125,-2.86,-1.012,0.686382174026221,1.612760661173578
"{'ar': '44100', 'sample_fmt': 'fltp', 'compression_level': '8', 'reservoir': '1', 'b:a': '164k'}",223.037109375,-2.691,-0.815,0.5797633390175179,1.989456027599663
"{'ar': '12000', 'sample_fmt': 'fltp', 'compression_level': '8', 'reservoir': '1', 'b:a': '190k'}",90.640625,-3.742,-2.811,0.5193919049925171,-0.873241011128146
"{'ar': '44100', 'sample_fmt': 'fltp', 'compression_level': '0', 'reservoir': '1', 'b:a': '32k'}",44.771484375,-3.12,-1.357,0.9795144149975386,1.07383962959271
"{'ar': '44100', 'sample_fmt': 's16p', 'compression_level': '9', 'reservoir': '1', 'b:a': '170k', 'abr': 'True'}",229.55078125,-2.677,-0.799,0.6585162270348519,2.0109080026924646
"{'ar': '44100', 'sample_fmt': 's16p', 'compression_level': '8', 'reservoir': '1', 'b:a': '138k', 'abr': 'True'}",183.8095703125,-2.848,-0.997,0.5460868160007522,1.631325481654326
"{'ar': '44100', 'sample_fmt': 's16p', 'compression_level': '9', 'reservoir': '1', 'b:a': '125k', 'abr': 'True'}",165.2548828125,-2.983,-1.167,0.5373295859899372,1.293410274514599
"{'ar': '16000', 'sample_fmt': 's32p', 'compression_level': '0', 'reservoir': '1', 'b:a': '32k', 'abr': 'True'}",43.91796875,-3.277,-1.605,0.7312372119922657,0.6495185139408797
"{'ar': '44100', 'sample_fmt': 's32p', 'compression_level': '7', 'reservoir': '1', 'b:a': '272k', 'abr': 'True'}",374.34375,-2.599,-0.714,0.56668827397516,1.9952033724068707
"{'ar': '32000', 'sample_fmt': 's16p', 'compression_level': '9', 'reservoir': '0', 'b:a': '119k'}",156.59375,-3.396,-1.823,0.5347918860206846,0.13821306365066593
"{'ar': '44100', 'sample_fmt': 's32p', 'compression_level': '8', 'reservoir': '1', 'b:a': '147k', 'abr': 'True'}",196.9267578125,-2.783,-0.92,0.5457237620139495,1.7861579410493056
"{'ar': '44100', 'sample_fmt': 's16p', 'compression_level': '2', 'reservoir': '1', 'b:a': '271k', 'abr': 'True'}",351.876953125,-2.585,-0.698,0.8296420799742918,2.0492836337423492
"{'ar': '44100', 'sample_fmt': 's16p', 'compression_level': '8', 'reservoir': '0', 'b:a': '119k', 'abr': 'True'}",166.220703125,-3.055,-1.264,0.7173428350070026,1.0802088599951387
"{'ar': '44100', 'sample_fmt': 's16p', 'compression_level': '7', 'reservoir': '1', 'b:a': '132k'}",178.4443359375,-2.914,-1.079,0.5481843270245008,1.460088076409954
"{'ar': '32000', 'sample_fmt': 's32p', 'compression_level': '9', 'reservoir': '0', 'aq': '9'}",89.62109375,-3.518,-2.09,0.5218281559937168,-0.1224426635544984
"{'ar': '16000', 'sample_fmt': 'fltp', 'compression_level': '1', 'reservoir': '1', 'b:a': '254k', 'abr': 'True'}",149.703125,-3.74,-2.805,0.6787352609972004,-0.9727098536958162
"{'ar': '16000', 'sample_fmt': 's16p', 'compression_level': '2', 'reservoir': '1', 'b:a': '272k', 'abr': 'True'}",180.46484375,-3.755,-2.872,0.6410124280082528,-1.075091816911082
"{'ar': '12000', 'sample_fmt': 'fltp', 'compression_level': '8', 'reservoir': '1', 'b:a': '32k', 'abr': 'True'}",42.78125,-3.777,-2.982,0.4712123299832456,-0.9288036208584659
"{'ar': '44100', 'sample_fmt': 's16p', 'compression_level': '9', 'reservoir': '1', 'b:a': '172k', 'abr': 'True'}",232.3984375,-2.668,-0.789,0.546173832990462,2.038791673945946
"{'ar': '44100', 'sample_fmt': 's16p', 'compression_level': '9', 'reservoir': '1', 'b:a': '134k', 'abr': 'True'}",178.1396484375,-2.894,-1.053,0.539535504009109,1.5160141903306805
"{'ar': '44100', 'sample_fmt': 's16p', 'compression_level': '1', 'reservoir': '1', 'b:a': '271k', 'abr': 'True'}",355.134765625,-2.592,-0.707,0.9515283339715097,2.0159276019126664
"{'ar': '44100', 'sample_fmt': 's16p', 'compression_level': '7', 'reservoir': '1', 'b:a': '142k', 'abr': 'True'}",189.2998046875,-2.805,-0.945,0.5663743770273868,1.7376565609634882
"{'ar': '8000', 'sample_fmt': 's32p', 'compression_level': '0', 'reservoir': '1', 'b:a': '148k', 'abr': 'True'}",65.5390625,-3.857,-3.5,0.6350297919707373,-1.327028161251073
"{'ar': '44100', 'sample_fmt': 's16p', 'compression_level': '6', 'reservoir': '1', 'b:a': '144k', 'abr': 'True'}",196.37109375,-2.719,-0.846,0.6510512269742321,1.9517194810825413
"{'ar': '44100', 'sample_fmt': 's16p', 'compression_level': '9', 'reservoir': '1', 'b:a': '125k', 'abr': 'True'}",165.2548828125,-2.983,-1.167,0.5362552060105372,1.2934896850430022
"{'ar': '44100', 'sample_fmt': 's16p', 'compression_level': '8', 'reservoir': '1', 'b:a': '172k', 'abr': 'True'}",232.3984375,-2.668,-0.789,0.5491885090013966,2.0385688505318997
"{'ar': '16000', 'sample_fmt': 'fltp', 'compression_level': '9', 'reservoir': '0', 'b:a': '32k', 'abr': 'True'}",47.71484375,-3.448,-1.93,0.4834064819733612,0.16083450728266988
"{'ar': '22050', 'sample_fmt': 's16p', 'compression_level': '8', 'reservoir': '0', 'b:a': '243k', 'abr': 'True'}",223.35546875,-3.677,-2.554,0.5014794150192756,-0.8511666559052312
"{'ar': '44100', 'sample_fmt': 's16p', 'compression_level': '7', 'reservoir': '0', 'b:a': '32k', 'abr': 'True'}",52.9921875,-3.355,-1.744,0.5303410060296301,0.4243040531874505
"{'ar': '44100', 'sample_fmt': 's16p', 'compression_level': '7', 'reservoir': '1', 'b:a': '32k', 'abr': 'True'}",48.193359375,-3.355,-1.744,0.5356702069693711,0.43156747674452905
"{'ar': '44100', 'sample_fmt': 's16p', 'compression_level': '7', 'reservoir': '0', 'b:a': '131k'}",178.4443359375,-2.885,-1.043,0.5739951180003118,1.537105026258141
"{'ar': '44100', 'sample_fmt': 's16p', 'compression_level': '6', 'reservoir': '1', 'b:a': '145k'}",223.037109375,-2.666,-0.787,0.648746706021484,2.051438549002187
"{'ar': '44100', 'sample_fmt': 'fltp', 'compression_level': '9', 'reservoir': '1', 'b:a': '145k', 'abr': 'True'}",193.97265625,-2.802,-0.942,0.5873386420134921,1.7365869164511547
"{'ar': '44100', 'sample_fmt': 'fltp', 'compression_level': '8', 'reservoir': '0', 'b:a': '197k'}",267.6279296875,-2.62,-0.736,0.5722748920088634,2.1092043272765806
"{'ar': '16000', 'sample_fmt': 's16p', 'compression_level': '6', 'reservoir': '1', 'b:a': '32k', 'abr': 'True'}",43.35546875,-3.405,-1.842,0.5220083939784672,0.2928850957744964
"{'ar': '44100', 'sample_fmt': 's16p', 'compression_level': '7', 'reservoir': '1', 'b:a': '172k'}",223.037109375,-2.689,-0.812,0.5515839690051507,1.9971450971534999
"{'ar': '44100', 'sample_fmt': 's16p', 'compression_level': '7', 'reservoir': '1', 'b:a': '34k'}",44.771484375,-3.291,-1.629,0.5651502099935897,0.6202424279238509
"{'ar': '44100', 'sample_fmt': 's16p', 'compression_level': '6', 'reservoir': '1', 'b:a': '272k', 'abr': 'True'}",366.0478515625,-2.582,-0.696,0.6598559689882677,2.046841744993191
"{'ar': '44100', 'sample_fmt': 's16p', 'compression_level': '6', 'reservoir': '1', 'b:a': '145k', 'abr': 'True'}",197.64453125,-2.717,-0.844,0.68751846102532,1.9522828957946434
"{'ar': '44100', 'sample_fmt': 's16p', 'compression_level': '7', 'reservoir': '1', 'b:a': '118k'}",156.1484375,-3.065,-1.278,0.5539882089942694,1.080639034055659
"{'ar': '44100', 'sample_fmt': 's16p', 'compression_level': '7', 'reservoir': '1', 'b:a': '36k'}",44.771484375,-3.211,-1.495,0.5351889349985868,0.8511234060280284
"{'ar': '44100', 'sample_fmt': 'fltp', 'compression_level': '7', 'reservoir': '1', 'b:a': '148k', 'abr': 'True'}",198.2060546875,-2.779,-0.915,0.5551664530066773,1.7943157191212113
"{'ar': '44100', 'sample_fmt': 's16p', 'compression_level': '7', 'reservoir': '1', 'b:a': '119k', 'abr': 'True'}",156.2578125,-3.055,-1.264,0.5393133269972168,1.1092649672566632
"{'ar': '44100', 'sample_fmt': 's16p', 'compression_level': '6', 'reservoir': '1', 'b:a': '172k', 'abr': 'True'}",233.1064453125,-2.645,-0.763,0.6539191069605295,2.091488655313305
"{'ar': '44100', 'sample_fmt': 'fltp', 'compression_level': '7', 'reservoir': '0', 'b:a': '36k', 'abr': 'True'}",59.2392578125,-3.256,-1.568,0.5302461959945504,0.7005273576383695
"{'ar': '8000', 'sample_fmt': 's16p', 'compression_level': '1', 'reservoir': '1', 'b:a': '167k', 'abr': 'True'}",73.6953125,-3.858,-3.507,0.542262122995453,-1.3377242209600393
"{'ar': '24000', 'sample_fmt': 's32p', 'compression_level': '9', 'reservoir': '1', 'b:a': '272k', 'abr': 'True'}",219.1953125,-3.661,-2.499,0.5084165649896022,-0.7904119687560006
"{'ar': '44100', 'sample_fmt': 's16p', 'compression_level': '4', 'reservoir': '1', 'b:a': '171k', 'abr': 'True'}",228.1259765625,-2.645,-0.764,0.6841980369645171,2.0968823514180395
"{'ar': '44100', 'sample_fmt': 's16p', 'compression_level': '7', 'reservoir': '1', 'b:a': '172k', 'abr': 'True'}",232.3984375,-2.668,-0.789,0.5512627649877686,2.038415536278954
"{'ar': '44100', 'sample_fmt': 's16p', 'compression_level': '2', 'reservoir': '1', 'b:a': '271k', 'abr': 'True'}",351.876953125,-2.585,-0.698,0.7971306580293458,2.051686646871122
"{'ar': '44100', 'sample_fmt': 's16p', 'compression_level': '7', 'reservoir': '0', 'b:a': '172k', 'abr': 'True'}",262.0625,-2.668,-0.789,0.5732001569995191,1.989460185611962
"{'ar': '44100', 'sample_fmt': 's16p', 'compression_level': '9', 'reservoir': '1', 'b:a': '272k', 'abr': 'True'}",374.1416015625,-2.596,-0.71,0.5438191020220984,2.0054679072325805
"{'ar': '44100', 'sample_fmt': 's16p', 'compression_level': '7', 'reservoir': '1', 'b:a': '250k', 'abr': 'True'}",344.75390625,-2.604,-0.719,0.5519491059530992,2.030281272080695
"{'ar': '44100', 'sample_fmt': 'fltp', 'compression_level': '7', 'reservoir': '1', 'b:a': '143k', 'abr': 'True'}",190.841796875,-2.805,-0.945,0.5407717909838539,1.7370884197112075
"{'ar': '44100', 'sample_fmt': 's16p', 'compression_level': '7', 'reservoir': '1', 'b:a': '172k', 'abr': 'True'}",232.3984375,-2.668,-0.789,0.5517142959870398,2.0383821623182232
"{'ar': '44100', 'sample_fmt': 'fltp', 'compression_level': '9', 'reservoir': '1', 'b:a': '132k', 'abr': 'True'}",175.12890625,-2.907,-1.07,0.5371047740045469,1.4853460025317549
"{'ar': '44100', 'sample_fmt': 's16p', 'compression_level': '2', 'reservoir': '1', 'b:a': '170k', 'abr': 'True'}",223.7783203125,-2.68,-0.802,0.8185405979747884,2.0003548619681557
"{'ar': '44100', 'sample_fmt': 's16p', 'compression_level': '2', 'reservoir': '1', 'b:a': '271k'}",356.8115234375,-2.592,-0.706,0.7801733240194153,2.026232861093341
"{'ar': '44100', 'sample_fmt': 's16p', 'compression_level': '7', 'reservoir': '1', 'b:a': '119k', 'abr': 'True'}",156.2578125,-3.055,-1.264,0.5369181389978621,1.1094420025219331
"{'ar': '44100', 'sample_fmt': 's32p', 'compression_level': '8', 'reservoir': '1', 'b:a': '164k'}",223.037109375,-2.692,-0.815,0.5938823400065303,1.986082513606331
"{'ar': '44100', 'sample_fmt': 's32p', 'compression_level': '4', 'reservoir': '1', 'b:a': '144k', 'abr': 'True'}",193.55859375,-2.716,-0.843,0.6798660050262697,1.9620136930294227
"{'ar': '16000', 'sample_fmt': 's16p', 'compression_level': '7', 'reservoir': '1', 'b:a': '32k', 'abr': 'True'}",42.79296875,-3.446,-1.926,0.5103738790203352,0.1726166400993828
"{'ar': '12000', 'sample_fmt': 's32p', 'compression_level': '8', 'reservoir': '1', 'b:a': '185k', 'abr': 'True'}",88.53125,-3.742,-2.811,0.501726336980937,-0.8685694429254851
"{'ar': '44100', 'sample_fmt': 'fltp', 'compression_level': '7', 'reservoir': '1', 'b:a': '36k'}",44.771484375,-3.207,-1.49,0.5248405559977982,0.8627853280097396
"{'ar': '32000', 'sample_fmt': 's32p', 'compression_level': '9', 'reservoir': '1', 'b:a': '117k', 'abr': 'True'}",157.7890625,-3.371,-1.774,0.5142218669934664,0.21153204327980227
"{'ar': '44100', 'sample_fmt': 's16p', 'compression_level': '6', 'reservoir': '1', 'b:a': '114k', 'abr': 'True'}",152.3955078125,-2.974,-1.156,0.6313309679972008,1.3314210933669313
"{'ar': '44100', 'sample_fmt': 's32p', 'compression_level': '0', 'reservoir': '1', 'b:a': '32k', 'abr': 'True'}",48.244140625,-3.132,-1.375,0.9425159399979748,1.037395593707202
"{'ar': '44100', 'sample_fmt': 's16p', 'compression_level': '9', 'reservoir': '1', 'b:a': '171k', 'abr': 'True'}",231.0771484375,-2.671,-0.792,0.5447151359985583,2.0330716359112926
"{'ar': '44100', 'sample_fmt': 'fltp', 'compression_level': '7', 'reservoir': '1', 'b:a': '119k', 'abr': 'True'}",156.2568359375,-3.056,-1.266,0.5403711450053379,1.1062274844835962
"{'ar': '44100', 'sample_fmt': 's16p', 'compression_level': '8', 'reservoir': '0', 'b:a': '141k', 'abr': 'True'}",217.501953125,-2.817,-0.96,0.5644817030406557,1.6601041536804906
"{'ar': '44100', 'sample_fmt': 'fltp', 'compression_level': '0', 'reservoir': '1', 'b:a': '248k', 'abr': 'True'}",336.51953125,-2.595,-0.709,0.9736022450088058,2.0363789956924796
"{'ar': '44100', 'sample_fmt': 's16p', 'compression_level': '7', 'reservoir': '1', 'b:a': '269k', 'abr': 'True'}",370.7568359375,-2.595,-0.71,0.5537782770115882,2.0124626843840376
"{'ar': '44100', 'sample_fmt': 's16p', 'compression_level': '9', 'reservoir': '1', 'b:a': '136k', 'abr': 'True'}",180.84375,-2.87,-1.024,0.5416237360041123,1.5766118058500103
"{'ar': '32000', 'sample_fmt': 's16p', 'compression_level': '9', 'reservoir': '1', 'b:a': '141k', 'abr': 'True'}",192.2421875,-3.252,-1.562,0.6015674459922593,0.49424023221162044
"{'ar': '44100', 'sample_fmt': 's16p', 'compression_level': '9', 'reservoir': '1', 'b:a': '64k', 'abr': 'True'}",87.1005859375,-3.493,-2.032,0.5306924039905425,-0.042530927007950234
"{'ar': '44100', 'sample_fmt': 's16p', 'compression_level': '9', 'reservoir': '1', 'b:a': '172k', 'abr': 'True'}",232.3984375,-2.668,-0.789,0.5957479259814136,2.0351275095022623
"{'ar': '44100', 'sample_fmt': 's16p', 'compression_level': '8', 'reservoir': '1', 'b:a': '135k', 'abr': 'True'}",179.365234375,-2.88,-1.036,0.5404500479926355,1.551972892302989
"{'ar': '44100', 'sample_fmt': 's16p', 'compression_level': '8', 'reservoir': '0', 'b:a': '141k', 'abr': 'True'}",217.501953125,-2.817,-0.96,0.5746228610223625,1.6593545913939727
"{'ar': '22050', 'sample_fmt': 's16p', 'compression_level': '8', 'reservoir': '0', 'b:a': '246k', 'abr': 'True'}",223.35546875,-3.677,-2.554,0.5576950620161369,-0.8553217167944374
"{'ar': '44100', 'sample_fmt': 's16p', 'compression_level': '8', 'reservoir': '1', 'b:a': '248k', 'abr': 'True'}",342.11328125,-2.604,-0.719,0.5555051700212061,2.0342319849649226
"{'ar': '32000', 'sample_fmt': 's32p', 'compression_level': '0', 'reservoir': '1', 'aq': '9'}",83.046875,-3.54,-2.146,0.5480159580183681,-0.18281233477358927
"{'ar': '44100', 'sample_fmt': 's16p', 'compression_level': '8', 'reservoir': '1', 'b:a': '138k'}",178.4443359375,-2.914,-1.079,0.5550560549891088,1.4595801671421198
"{'ar': '44100', 'sample_fmt': 's16p', 'compression_level': '7', 'reservoir': '1', 'b:a': '251k'}",356.8115234375,-2.595,-0.709,0.5504634469980374,2.0352751930506394
"{'ar': '44100', 'sample_fmt': 's16p', 'compression_level': '0', 'reservoir': '1', 'b:a': '248k', 'abr': 'True'}",336.4169921875,-2.589,-0.702,0.9942560880153906,2.051203864317414
"{'ar': '44100', 'sample_fmt': 's32p', 'compression_level': '4', 'reservoir': '1', 'b:a': '248k', 'abr': 'True'}",337.4384765625,-2.59,-0.704,0.6822377399948891,2.0696752407927317
"{'ar': '44100', 'sample_fmt': 'fltp', 'compression_level': '7', 'reservoir': '1', 'b:a': '38k', 'abr': 'True'}",55.7353515625,-3.272,-1.595,0.6602835860103369,0.6507105952030086
"{'ar': '32000', 'sample_fmt': 's16p', 'compression_level': '9', 'reservoir': '0', 'b:a': '66k', 'abr': 'True'}",95.3515625,-3.624,-2.379,0.5587964009901043,-0.47245989029264207
"{'ar': '44100', 'sample_fmt': 'fltp', 'compression_level': '9', 'reservoir': '1', 'b:a': '133k', 'abr': 'True'}",176.65625,-2.904,-1.066,0.542289887991501,1.4907772745562118
"{'ar': '44100', 'sample_fmt': 's16p', 'compression_level': '8', 'reservoir': '1', 'b:a': '111k', 'abr': 'True'}",144.9296875,-3.189,-1.46,0.5457401240128092,0.752824314014539
"{'ar': '12000', 'sample_fmt': 'fltp', 'compression_level': '8', 'reservoir': '1', 'b:a': '142k', 'abr': 'True'}",88.4375,-3.742,-2.811,0.48982287500984967,-0.8675400301024802
"{'ar': '44100', 'sample_fmt': 's16p', 'compression_level': '4', 'reservoir': '1', 'b:a': '172k', 'abr': 'True'}",229.544921875,-2.645,-0.763,0.6881125259678811,2.0946443178194314
"{'ar': '44100', 'sample_fmt': 's16p', 'compression_level': '7', 'reservoir': '1', 'b:a': '142k', 'abr': 'True'}",189.2998046875,-2.805,-0.945,0.5530086919607129,1.7386444573632411
"{'ar': '44100', 'sample_fmt': 'fltp', 'compression_level': '7', 'reservoir': '1', 'b:a': '143k', 'abr': 'True'}",190.841796875,-2.805,-0.945,0.5407873759686481,1.737087267779953
"{'ar': '44100', 'sample_fmt': 's16p', 'compression_level': '7', 'reservoir': '1', 'b:a': '271k'}",356.8115234375,-2.595,-0.709,0.5533091810066253,2.035064856628098
"{'ar': '44100', 'sample_fmt': 's16p', 'compression_level': '6', 'reservoir': '1', 'b:a': '114k', 'abr': 'True'}",152.3955078125,-2.974,-1.156,0.6268898400012404,1.331749349968532
"{'ar': '44100', 'sample_fmt': 's16p', 'compression_level': '8', 'reservoir': '0', 'b:a': '141k', 'abr': 'True'}",217.501953125,-2.817,-0.96,0.5416035319794901,1.6617951454038116
"{'ar': '44100', 'sample_fmt': 'fltp', 'compression_level': '8', 'reservoir': '0', 'b:a': '132k', 'abr': 'True'}",189.513671875,-2.907,-1.07,0.5457047270028852,1.461757093765673
"{'ar': '44100', 'sample_fmt': 's16p', 'compression_level': '8', 'reservoir': '0', 'b:a': '37k', 'abr': 'True'}",60.6630859375,-3.267,-1.588,0.5335641230049077,0.6660716835432229
"{'ar': '44100', 'sample_fmt': 'fltp', 'compression_level': '4', 'reservoir': '1', 'b:a': '191k', 'abr': 'True'}",258.5146484375,-2.623,-0.739,0.6563880979956593,2.1095928288105723
"{'ar': '12000', 'sample_fmt': 's16p', 'compression_level': '9', 'reservoir': '1', 'b:a': '134k', 'abr': 'True'}",88.390625,-3.74,-2.803,0.4740672349871602,-0.8591171455067347
"{'ar': '44100', 'sample_fmt': 's16p', 'compression_level': '7', 'reservoir': '1', 'b:a': '148k', 'abr': 'True'}",198.4150390625,-2.775,-0.911,0.543393391999416,1.805434016087186
"{'ar': '44100', 'sample_fmt': 's16p', 'compression_level': '9', 'reservoir': '1', 'b:a': '131k', 'abr': 'True'}",173.748046875,-2.913,-1.077,0.5563413400086574,1.4699397249097739
"{'ar': '44100', 'sample_fmt': 's16p', 'compression_level': '7', 'reservoir': '1', 'b:a': '32k', 'abr': 'True'}",48.193359375,-3.355,-1.744,0.5508341760141775,0.4304466639803048
"{'ar': '16000', 'sample_fmt': 's32p', 'compression_level': '0', 'reservoir': '1', 'b:a': '137k', 'abr': 'True'}",113.140625,-3.755,-2.871,0.8523291799938306,-0.9829685171070865
"{'ar': '44100', 'sample_fmt': 's32p', 'compression_level': '9', 'reservoir': '0', 'b:a': '127k', 'abr': 'True'}",183.1142578125,-2.955,-1.131,0.5339884120039642,1.3417544198856342
"{'ar': '32000', 'sample_fmt': 's32p', 'compression_level': '6', 'reservoir': '1', 'aq': '9'}",84.20703125,-3.54,-2.146,0.5311147970205639,-0.18341434140009577
"{'ar': '32000', 'sample_fmt': 'fltp', 'compression_level': '9', 'reservoir': '0', 'b:a': '65k', 'abr': 'True'}",94.12109375,-3.617,-2.357,0.5090867340040859,-0.4435726399031546
"{'ar': '44100', 'sample_fmt': 's16p', 'compression_level': '9', 'reservoir': '0', 'b:a': '167k', 'abr': 'True'}",243.1689453125,-2.69,-0.814,0.5565060250228271,1.9616967810319184
"{'ar': '8000', 'sample_fmt': 's16p', 'compression_level': '8', 'reservoir': '1', 'b:a': '145k', 'abr': 'True'}",90.078125,-3.858,-3.51,0.4658948739815969,-1.3591675462434254
"{'ar': '44100', 'sample_fmt': 'fltp', 'compression_level': '8', 'reservoir': '0', 'b:a': '36k', 'abr': 'True'}",59.2392578125,-3.256,-1.568,0.5417470700049307,0.6996772948116463
"{'ar': '44100', 'sample_fmt': 's16p', 'compression_level': '7', 'reservoir': '1', 'b:a': '147k', 'abr': 'True'}",196.98046875,-2.784,-0.92,0.5411871340184007,1.7840776138525425
"{'ar': '44100', 'sample_fmt': 'fltp', 'compression_level': '8', 'reservoir': '1', 'b:a': '253k', 'abr': 'True'}",349.12109375,-2.603,-0.717,0.57873509201454,2.024293730586784
"{'ar': '44100', 'sample_fmt': 's16p', 'compression_level': '9', 'reservoir': '1', 'b:a': '132k', 'abr': 'True'}",175.0771484375,-2.908,-1.07,0.596013996982947,1.478744501931707
"{'ar': '32000', 'sample_fmt': 's32p', 'compression_level': '9', 'reservoir': '1', 'b:a': '272k', 'abr': 'True'}",375.6875,-3.177,-1.442,0.545824219007045,0.41824352943387033
"{'ar': '44100', 'sample_fmt': 's16p', 'compression_level': '9', 'reservoir': '1', 'b:a': '171k', 'abr': 'True'}",231.0771484375,-2.671,-0.792,0.5879862970032264,2.0298733393813055
"{'ar': '44100', 'sample_fmt': 's16p', 'compression_level': '9', 'reservoir': '1', 'b:a': '142k', 'abr': 'True'}",189.2998046875,-2.805,-0.945,0.6042621480009984,1.734856166344523
"{'ar': '8000', 'sample_fmt': 's32p', 'compression_level': '8', 'reservoir': '1', 'aq': '9'}",36.8515625,-3.855,-3.486,0.5106540420092642,-1.2629832684067115
"{'ar': '8000', 'sample_fmt': 'fltp', 'compression_level': '0', 'reservoir': '1', 'aq': '9'}",35.8671875,-3.85,-3.441,0.516063964983914,-1.2359670815327295
"{'ar': '44100', 'sample_fmt': 's16p', 'compression_level': '6', 'reservoir': '1', 'b:a': '145k', 'abr': 'True'}",197.64453125,-2.717,-0.844,0.6740222720254678,1.9532804381171527
"{'ar': '44100', 'sample_fmt': 'fltp', 'compression_level': '9', 'reservoir': '1', 'b:a': '143k', 'abr': 'True'}",190.841796875,-2.805,-0.945,0.5901573300070595,1.7334381918360549
"{'ar': '44100', 'sample_fmt': 's16p', 'compression_level': '6', 'reservoir': '1', 'b:a': '135k', 'abr': 'True'}",181.251953125,-2.827,-0.972,0.6866346840106416,1.6818334366725771
"{'ar': '44100', 'sample_fmt': 's16p', 'compression_level': '6', 'reservoir': '1', 'b:a': '250k', 'abr': 'True'}",346.37890625,-2.586,-0.699,0.6873406959930435,2.0659291827354784
"{'ar': '44100', 'sample_fmt': 'fltp', 'compression_level': '7', 'reservoir': '1', 'b:a': '36k'}",44.771484375,-3.207,-1.49,0.5761972980108112,0.8589894028263607
"{'ar': '44100', 'sample_fmt': 's16p', 'compression_level': '0', 'reservoir': '0', 'b:a': '37k', 'abr': 'True'}",60.7646484375,-3.124,-1.363,1.0761538769875187,1.0299645000905018
"{'ar': '44100', 'sample_fmt': 's16p', 'compression_level': '7', 'reservoir': '1', 'b:a': '119k'}",156.1484375,-3.065,-1.278,0.5479575720091816,1.0810847758590958
"{'ar': '44100', 'sample_fmt': 's16p', 'compression_level': '6', 'reservoir': '1', 'b:a': '247k', 'abr': 'True'}",343.02734375,-2.59,-0.704,0.651607283973135,2.0630212687293388
"{'ar': '44100', 'sample_fmt': 'fltp', 'compression_level': '9', 'reservoir': '1', 'b:a': '133k', 'abr': 'True'}",176.65625,-2.904,-1.066,0.5541553180082701,1.4899002663417722
"{'ar': '24000', 'sample_fmt': 's32p', 'compression_level': '7', 'reservoir': '1', 'b:a': '272k', 'abr': 'True'}",219.1953125,-3.661,-2.499,0.5104923400213011,-0.7905653952859752
"{'ar': '12000', 'sample_fmt': 'fltp', 'compression_level': '8', 'reservoir': '1', 'b:a': '32k'}",45.078125,-3.779,-2.989,0.4871806689770892,-0.9405170136078457
"{'ar': '44100', 'sample_fmt': 's16p', 'compression_level': '2', 'reservoir': '1', 'b:a': '162k', 'abr': 'True'}",215.1396484375,-2.707,-0.832,0.8183768000162672,1.9417793178563652
"{'ar': '44100', 'sample_fmt': 'fltp', 'compression_level': '7', 'reservoir': '1', 'b:a': '143k', 'abr': 'True'}",190.841796875,-2.805,-0.945,0.5464132929919288,1.7366714399982206
"{'ar': '44100', 'sample_fmt': 's32p', 'compression_level': '4', 'reservoir': '1', 'b:a': '164k', 'abr': 'True'}",219.5390625,-2.666,-0.787,0.6964986079838127,2.053490777555422
"{'ar': '44100', 'sample_fmt': 's16p', 'compression_level': '6', 'reservoir': '1', 'b:a': '145k', 'abr': 'True'}",197.64453125,-2.717,-0.844,0.6468023619963787,1.9552923403118547
"{'ar': '44100', 'sample_fmt': 'fltp', 'compression_level': '4', 'reservoir': '1', 'b:a': '191k', 'abr': 'True'}",258.5146484375,-2.623,-0.739,0.6709207700041588,2.1085186770342608
"{'ar': '44100', 'sample_fmt': 'fltp', 'compression_level': '7', 'reservoir': '1', 'b:a': '125k', 'abr': 'True'}",165.30859375,-2.981,-1.164,0.5493308110162616,1.2980437755563408
"{'ar': '44100', 'sample_fmt': 's16p', 'compression_level': '8', 'reservoir': '1', 'b:a': '137k', 'abr': 'True'}",182.173828125,-2.862,-1.014,0.6037227810011245,1.5916936142090132
"{'ar': '44100', 'sample_fmt': 's16p', 'compression_level': '6', 'reservoir': '1', 'aq': '9'}",105.1748046875,-3.341,-1.719,0.5992116510169581,0.37645325940014635
"{'ar': '44100', 'sample_fmt': 's32p', 'compression_level': '4', 'reservoir': '1', 'b:a': '143k', 'abr': 'True'}",188.6884765625,-2.772,-0.907,0.6732608450111002,1.8196071160964697
"{'ar': '24000', 'sample_fmt': 's32p', 'compression_level': '9', 'reservoir': '0', 'b:a': '70k', 'abr': 'True'}",103.7421875,-3.77,-2.944,0.5061837380053475,-1.0003646846855254
"{'ar': '44100', 'sample_fmt': 's32p', 'compression_level': '8', 'reservoir': '0', 'b:a': '65k', 'abr': 'True'}",97.5517578125,-3.49,-2.025,0.5435135750158224,-0.050957119497424846
"{'ar': '44100', 'sample_fmt': 's16p', 'compression_level': '8', 'reservoir': '1', 'b:a': '252k', 'abr': 'True'}",347.49609375,-2.603,-0.717,0.56102918900433,2.0281953800215478
"{'ar': '22050', 'sample_fmt': 's16p', 'compression_level': '8', 'reservoir': '0', 'b:a': '246k', 'abr': 'True'}",223.35546875,-3.677,-2.554,0.5193992809799965,-0.8524911649729177
"{'ar': '44100', 'sample_fmt': 's16p', 'compression_level': '7', 'reservoir': '1', 'b:a': '127k', 'abr': 'True'}",167.7998046875,-2.959,-1.136,0.5490012799855322,1.3541844628790087
"{'ar': '32000', 'sample_fmt': 'fltp', 'compression_level': '7', 'reservoir': '1', 'b:a': '141k', 'abr': 'True'}",192.03125,-3.253,-1.563,0.5197765849879943,0.49797682031813506
"{'ar': '44100', 'sample_fmt': 's16p', 'compression_level': '7', 'reservoir': '0', 'b:a': '148k', 'abr': 'True'}",225.69921875,-2.775,-0.911,0.5491306700278074,1.761473557424019
"{'ar': '44100', 'sample_fmt': 'fltp', 'compression_level': '9', 'reservoir': '1', 'b:a': '145k', 'abr': 'True'}",193.97265625,-2.802,-0.942,0.5785362759779673,1.7372375247568588
"{'ar': '44100', 'sample_fmt': 's16p', 'compression_level': '7', 'reservoir': '1', 'b:a': '32k'}",44.771484375,-3.291,-1.629,0.5442566480196547,0.6217867314555517
"{'ar': '44100', 'sample_fmt': 's16p', 'compression_level': '7', 'reservoir': '1', 'b:a': '119k', 'abr': 'True'}",156.2578125,-3.055,-1.264,0.5459166329819709,1.1087768978328916
"{'ar': '8000', 'sample_fmt': 's16p', 'compression_level': '7', 'reservoir': '1', 'aq': '9'}",36.8515625,-3.855,-3.486,0.47312186600174755,-1.2602091568390845
"{'ar': '44100', 'sample_fmt': 's32p', 'compression_level': '4', 'reservoir': '1', 'b:a': '144k', 'abr': 'True'}",193.55859375,-2.716,-0.843,0.6864114749769215,1.9615298984340328
"{'ar': '44100', 'sample_fmt': 'fltp', 'compression_level': '9', 'reservoir': '1', 'b:a': '32k', 'abr': 'True'}",48.16796875,-3.35,-1.734,0.5401799890096299,0.44607893391598186
"{'ar': '44100', 'sample_fmt': 's16p', 'compression_level': '7', 'reservoir': '1', 'b:a': '250k'}",356.8115234375,-2.595,-0.709,0.5659195159969386,2.0341327903348656
"{'ar': '44100', 'sample_fmt': 's32p', 'compression_level': '9', 'reservoir': '1', 'b:a': '171k', 'abr': 'True'}",231.080078125,-2.669,-0.79,0.571085778035922,2.03640862326022
"{'ar': '44100', 'sample_fmt': 's16p', 'compression_level': '9', 'reservoir': '1', 'b:a': '246k', 'abr': 'True'}",339.3701171875,-2.606,-0.721,0.5635864629875869,2.0327210505684863
"{'ar': '44100', 'sample_fmt': 's16p', 'compression_level': '4', 'reservoir': '1', 'b:a': '135k', 'abr': 'True'}",178.7470703125,-2.827,-0.972,0.6632495269586798,1.6875588540447288
"{'ar': '44100', 'sample_fmt': 's16p', 'compression_level': '7', 'reservoir': '0', 'b:a': '148k', 'abr': 'True'}",225.69921875,-2.775,-0.911,0.5489859200024512,1.7614842563166087
"{'ar': '16000', 'sample_fmt': 's16p', 'compression_level': '7', 'reservoir': '1', 'b:a': '35k', 'abr': 'True'}",46.58984375,-3.44,-1.913,0.48198858700925484,0.18673672631998117
"{'ar': '44100', 'sample_fmt': 's32p', 'compression_level': '4', 'reservoir': '1', 'b:a': '144k', 'abr': 'True'}",193.55859375,-2.716,-0.843,0.667708065971965,1.9629123214319513
"{'ar': '44100', 'sample_fmt': 's16p', 'compression_level': '9', 'reservoir': '1', 'b:a': '171k', 'abr': 'True'}",231.0771484375,-2.671,-0.792,0.5430484460084699,2.033194825783903
"{'ar': '44100', 'sample_fmt': 's16p', 'compression_level': '2', 'reservoir': '1', 'b:a': '259k', 'abr': 'True'}",345.7685546875,-2.583,-0.696,0.7639692359953187,2.0691754510700484
"{'ar': '44100', 'sample_fmt': 's16p', 'compression_level': '4', 'reservoir': '1', 'b:a': '164k', 'abr': 'True'}",219.6435546875,-2.655,-0.775,0.7238652959931642,2.0807161092012643
"{'ar': '16000', 'sample_fmt': 's16p', 'compression_level': '7', 'reservoir': '1', 'b:a': '32k', 'abr': 'True'}",42.79296875,-3.446,-1.926,0.5375961250101682,0.17060456524707307
"{'ar': '44100', 'sample_fmt': 's16p', 'compression_level': '8', 'reservoir': '0', 'b:a': '137k', 'abr': 'True'}",202.5341796875,-2.862,-1.014,0.5895237460208591,1.5602548135272216
"{'ar': '44100', 'sample_fmt': 's16p', 'compression_level': '7', 'reservoir': '1', 'b:a': '148k', 'abr': 'True'}",198.4150390625,-2.775,-0.911,0.567339015979087,1.8036641258345465
"{'ar': '44100', 'sample_fmt': 's16p', 'compression_level': '6', 'reservoir': '1', 'b:a': '145k', 'abr': 'True'}",197.64453125,-2.717,-0.844,0.6689423290081322,1.953655911382664
"{'ar': '44100', 'sample_fmt': 'fltp', 'compression_level': '8', 'reservoir': '0', 'b:a': '37k', 'abr': 'True'}",60.6123046875,-3.268,-1.589,0.5719566749467049,0.6606696127021707
"{'ar': '44100', 'sample_fmt': 'fltp', 'compression_level': '9', 'reservoir': '1', 'b:a': '138k', 'abr': 'True'}",183.9091796875,-2.852,-1.002,0.5582629899727181,1.6193695189111361
"{'ar': '44100', 'sample_fmt': 's16p', 'compression_level': '7', 'reservoir': '1', 'b:a': '32k'}",44.771484375,-3.291,-1.629,0.5400669210357592,0.6220964062819966
"{'ar': '44100', 'sample_fmt': 's16p', 'compression_level': '7', 'reservoir': '1', 'b:a': '119k'}",156.1484375,-3.065,-1.278,0.5622898820147384,1.0800254334173127
"{'ar': '44100', 'sample_fmt': 's16p', 'compression_level': '6', 'reservoir': '1', 'b:a': '114k', 'abr': 'True'}",152.3955078125,-2.974,-1.156,0.6572279820102267,1.3295069702389213
"{'ar': '44100', 'sample_fmt': 's16p', 'compression_level': '7', 'reservoir': '1', 'b:a': '32k', 'abr': 'True'}",48.193359375,-3.355,-1.744,0.5555244570132345,0.43009999176038605
"{'ar': '44100', 'sample_fmt': 's16p', 'compression_level': '0', 'reservoir': '1', 'b:a': '142k'}",178.4443359375,-2.935,-1.105,1.1908752339950297,1.355454321396482
"{'ar': '44100', 'sample_fmt': 's16p', 'compression_level': '7', 'reservoir': '1', 'b:a': '148k', 'abr': 'True'}",198.4150390625,-2.775,-0.911,0.6050582519674208,1.8008761881232787
"{'ar': '8000', 'sample_fmt': 's16p', 'compression_level': '1', 'reservoir': '1', 'aq': '9'}",35.8671875,-3.85,-3.44,0.5454509889823385,-1.2378237029737993
"{'ar': '32000', 'sample_fmt': 's32p', 'compression_level': '9', 'reservoir': '0', 'aq': '9'}",89.62109375,-3.518,-2.09,0.5757966770324856,-0.12643163287168882
"{'ar': '44100', 'sample_fmt': 'fltp', 'compression_level': '7', 'reservoir': '1', 'b:a': '36k'}",44.771484375,-3.207,-1.49,0.5488690019992646,0.8610093161421777
"{'ar': '32000', 'sample_fmt': 's32p', 'compression_level': '9', 'reservoir': '1', 'aq': '9'}",81.7109375,-3.518,-2.09,0.5763622439990286,-0.1138514791935383
"{'ar': '44100', 'sample_fmt': 's16p', 'compression_level': '7', 'reservoir': '1', 'b:a': '197k', 'abr': 'True'}",269.4990234375,-2.614,-0.73,0.6075700950459577,2.1194822962442843
"{'ar': '12000', 'sample_fmt': 's16p', 'compression_level': '8', 'reservoir': '1', 'b:a': '32k', 'abr': 'True'}",42.78125,-3.777,-2.979,0.6411943900166079,-0.9404211108068373
"{'ar': '16000', 'sample_fmt': 's16p', 'compression_level': '6', 'reservoir': '1', 'b:a': '32k', 'abr': 'True'}",43.35546875,-3.405,-1.842,0.5371048469969537,0.2917692733148465
"{'ar': '12000', 'sample_fmt': 'fltp', 'compression_level': '8', 'reservoir': '1', 'b:a': '271k', 'abr': 'True'}",88.53125,-3.742,-2.811,0.4932480249844957,-0.8679427863900747
"{'ar': '44100', 'sample_fmt': 'fltp', 'compression_level': '4', 'reservoir': '1', 'b:a': '33k', 'abr': 'True'}",48.87890625,-3.369,-1.77,0.7217453519988339,0.3758991739376162
"{'ar': '16000', 'sample_fmt': 's16p', 'compression_level': '7', 'reservoir': '1', 'aq': '9'}",61.7421875,-3.805,-3.137,0.5285849219944794,-1.0774338045302907
"{'ar': '44100', 'sample_fmt': 's16p', 'compression_level': '4', 'reservoir': '1', 'b:a': '164k'}",223.037109375,-2.664,-0.784,0.7207801829790697,2.051720597498984
"{'ar': '44100', 'sample_fmt': 'fltp', 'compression_level': '6', 'reservoir': '1', 'b:a': '248k', 'abr': 'True'}",344.2451171875,-2.59,-0.704,0.6851252389897127,2.0586007018591563
"{'ar': '8000', 'sample_fmt': 's32p', 'compression_level': '8', 'reservoir': '1', 'aq': '9'}",36.8515625,-3.855,-3.486,0.5171214180300012,-1.2634612908541105
"{'ar': '12000', 'sample_fmt': 'fltp', 'compression_level': '8', 'reservoir': '1', 'b:a': '142k'}",90.546875,-3.742,-2.811,0.5298185950086918,-0.8738620843553592
"{'ar': '44100', 'sample_fmt': 'fltp', 'compression_level': '7', 'reservoir': '1', 'b:a': '38k', 'abr': 'True'}",55.7353515625,-3.272,-1.595,0.5602495259954594,0.6581044015996427
"{'ar': '44100', 'sample_fmt': 's16p', 'compression_level': '7', 'reservoir': '1', 'b:a': '148k', 'abr': 'True'}",198.4150390625,-2.775,-0.911,0.5523526359756943,1.804771812479625
"{'ar': '44100', 'sample_fmt': 's16p', 'compression_level': '9', 'reservoir': '1', 'b:a': '132k', 'abr': 'True'}",175.0771484375,-2.908,-1.07,0.5592323519813363,1.4814631395842344
"{'ar': '8000', 'sample_fmt': 'fltp', 'compression_level': '9', 'reservoir': '1', 'aq': '9'}",36.8515625,-3.855,-3.486,0.4825743380060885,-1.2609078163552463
"{'ar': '44100', 'sample_fmt': 'fltp', 'compression_level': '8', 'reservoir': '1', 'b:a': '145k', 'abr': 'True'}",193.97265625,-2.802,-0.942,0.5431692629936151,1.7398516028698001
"{'ar': '44100', 'sample_fmt': 's32p', 'compression_level': '8', 'reservoir': '1', 'b:a': '251k', 'abr': 'True'}",346.27734375,-2.605,-0.72,0.5574296569975559,2.024799897172555
"{'ar': '32000', 'sample_fmt': 'fltp', 'compression_level': '9', 'reservoir': '1', 'b:a': '32k', 'abr': 'True'}",46.73046875,-3.442,-1.918,0.508709891961189,0.1783001194152579
"{'ar': '44100', 'sample_fmt': 's16p', 'compression_level': '7', 'reservoir': '1', 'b:a': '163k', 'abr': 'True'}",219.642578125,-2.703,-0.828,0.5563589829835109,1.9645422311926248
"{'ar': '44100', 'sample_fmt': 's16p', 'compression_level': '9', 'reservoir': '1', 'b:a': '41k', 'abr': 'True'}",59.2412109375,-3.31,-1.661,0.5374261079996359,0.5448392778733827
"{'ar': '44100', 'sample_fmt': 's16p', 'compression_level': '9', 'reservoir': '1', 'b:a': '113k', 'abr': 'True'}",147.6220703125,-3.165,-1.424,0.5653800700092688,0.814351539694486
"{'ar': '44100', 'sample_fmt': 'fltp', 'compression_level': '7', 'reservoir': '1', 'b:a': '143k', 'abr': 'True'}",190.841796875,-2.805,-0.945,0.5733318089914974,1.7346818147070358
"{'ar': '44100', 'sample_fmt': 'fltp', 'compression_level': '8', 'reservoir': '1', 'b:a': '140k'}",178.4443359375,-2.916,-1.081,0.557404042017879,1.4541158281456712
"{'ar': '44100', 'sample_fmt': 's16p', 'compression_level': '7', 'reservoir': '1', 'b:a': '145k', 'abr': 'True'}",194.01953125,-2.798,-0.938,0.54810302099213,1.749993722765501
"{'ar': '44100', 'sample_fmt': 's16p', 'compression_level': '8', 'reservoir': '1', 'b:a': '144k', 'abr': 'True'}",192.4296875,-2.802,-0.942,0.5545377020316664,1.7414733893191316
"{'ar': '44100', 'sample_fmt': 's16p', 'compression_level': '8', 'reservoir': '0', 'b:a': '141k', 'abr': 'True'}",217.501953125,-2.817,-0.96,0.5544830179715063,1.660843185382405
"{'ar': '44100', 'sample_fmt': 's16p', 'compression_level': '4', 'reservoir': '1', 'b:a': '164k', 'abr': 'True'}",219.6435546875,-2.655,-0.775,0.6789722130051814,2.084034286671136
"{'ar': '44100', 'sample_fmt': 's16p', 'compression_level': '6', 'reservoir': '1', 'b:a': '272k', 'abr': 'True'}",366.0478515625,-2.582,-0.696,0.6324650359747466,2.048866287990796
"{'ar': '32000', 'sample_fmt': 's32p', 'compression_level': '9', 'reservoir': '0', 'aq': '9'}",89.62109375,-3.518,-2.09,0.5151373729750048,-0.121948128450406
"{'ar': '44100', 'sample_fmt': 's16p', 'compression_level': '7', 'reservoir': '1', 'b:a': '136k', 'abr': 'True'}",180.84375,-2.87,-1.024,0.5534494320163503,1.5757377344906458
"{'ar': '44100', 'sample_fmt': 's16p', 'compression_level': '6', 'reservoir': '1', 'b:a': '114k', 'abr': 'True'}",152.3955078125,-2.974,-1.156,0.6282573179632891,1.3316482757214052
"{'ar': '12000', 'sample_fmt': 'fltp', 'compression_level': '8', 'reservoir': '1', 'b:a': '190k', 'abr': 'True'}",88.53125,-3.742,-2.811,0.4965518250246532,-0.8681869797964654
"{'ar': '44100', 'sample_fmt': 's32p', 'compression_level': '4', 'reservoir': '1', 'b:a': '144k', 'abr': 'True'}",193.55859375,-2.716,-0.843,0.6650616709957831,1.9631079241306721
"{'ar': '44100', 'sample_fmt': 'fltp', 'compression_level': '8', 'reservoir': '1', 'b:a': '247k', 'abr': 'True'}",340.6904296875,-2.605,-0.72,0.5803656580101233,2.0320194721042544
"{'ar': '16000', 'sample_fmt': 's16p', 'compression_level': '9', 'reservoir': '1', 'b:a': '32k', 'abr': 'True'}",42.79296875,-3.446,-1.926,0.48395858696312644,0.17456907065506053
"{'ar': '8000', 'sample_fmt': 's32p', 'compression_level': '8', 'reservoir': '1', 'b:a': '167k', 'abr': 'True'}",90.21875,-3.858,-3.51,0.5142941959784366,-1.3629692703041643
"{'ar': '44100', 'sample_fmt': 's16p', 'compression_level': '9', 'reservoir': '1', 'b:a': '131k', 'abr': 'True'}",173.748046875,-2.913,-1.077,0.5872111820208374,1.4676580456967259
"{'ar': '44100', 'sample_fmt': 'fltp', 'compression_level': '4', 'reservoir': '1', 'b:a': '145k', 'abr': 'True'}",194.986328125,-2.722,-0.85,0.6755175389698707,1.9438690796262175
"{'ar': '44100', 'sample_fmt': 's16p', 'compression_level': '7', 'reservoir': '1', 'b:a': '119k', 'abr': 'True'}",156.2578125,-3.055,-1.264,0.5455416110053193,1.1088046167907089
"{'ar': '44100', 'sample_fmt': 's16p', 'compression_level': '7', 'reservoir': '1', 'b:a': '172k', 'abr': 'True'}",232.3984375,-2.668,-0.789,0.5508846610027831,2.038443483036912
"{'ar': '44100', 'sample_fmt': 'fltp', 'compression_level': '4', 'reservoir': '1', 'b:a': '32k'}",44.771484375,-3.317,-1.675,0.6179385660216212,0.5412512174578822
"{'ar': '44100', 'sample_fmt': 'fltp', 'compression_level': '0', 'reservoir': '1', 'b:a': '248k', 'abr': 'True'}",336.51953125,-2.595,-0.709,0.9898818140209187,2.035175725711452
"{'ar': '44100', 'sample_fmt': 's16p', 'compression_level': '9', 'reservoir': '1', 'b:a': '131k', 'abr': 'True'}",173.748046875,-2.913,-1.077,0.5612965559994336,1.4695734705791603
"{'ar': '44100', 'sample_fmt': 's32p', 'compression_level': '8', 'reservoir': '1', 'b:a': '144k', 'abr': 'True'}",192.5791015625,-2.807,-0.948,0.5917519410140812,1.7249419230276413
"{'ar': '44100', 'sample_fmt': 's16p', 'compression_level': '7', 'reservoir': '1', 'b:a': '119k'}",156.1484375,-3.065,-1.278,0.6152900609886274,1.0761080370598959
"{'ar': '8000', 'sample_fmt': 's32p', 'compression_level': '8', 'reservoir': '1', 'b:a': '164k', 'abr': 'True'}",90.21875,-3.858,-3.51,0.5285298859816976,-1.3640214712824206
"{'ar': '44100', 'sample_fmt': 's16p', 'compression_level': '7', 'reservoir': '1', 'b:a': '166k'}",223.037109375,-2.689,-0.812,0.5805023219727445,1.9950076581340286
"{'ar': '8000', 'sample_fmt': 's16p', 'compression_level': '6', 'reservoir': '1', 'aq': '9'}",36.359375,-3.85,-3.44,0.5340020580042619,-1.237762845580597
"{'ar': '44100', 'sample_fmt': 's16p', 'compression_level': '8', 'reservoir': '1', 'b:a': '144k', 'abr': 'True'}",192.4296875,-2.802,-0.942,0.6260324320173822,1.7361890072615065
"{'ar': '32000', 'sample_fmt': 'fltp', 'compression_level': '8', 'reservoir': '1', 'b:a': '32k', 'abr': 'True'}",46.73046875,-3.442,-1.918,0.5433642800198868,0.17573871346950568
"{'ar': '12000', 'sample_fmt': 's16p', 'compression_level': '8', 'reservoir': '1', 'b:a': '32k', 'abr': 'True'}",42.78125,-3.777,-2.979,0.516840077994857,-0.9312297243176884
"{'ar': '44100', 'sample_fmt': 's16p', 'compression_level': '7', 'reservoir': '1', 'b:a': '32k'}",44.771484375,-3.291,-1.629,0.5738248339912388,0.6196012614012417
"{'ar': '44100', 'sample_fmt': 'fltp', 'compression_level': '6', 'reservoir': '1', 'b:a': '248k', 'abr': 'True'}",344.2451171875,-2.59,-0.704,0.6639390980126336,2.0601666307503064
"{'ar': '44100', 'sample_fmt': 's16p', 'compression_level': '9', 'reservoir': '1', 'b:a': '132k', 'abr': 'True'}",175.0771484375,-2.908,-1.07,0.5775242770032492,1.4801111305563728
"{'ar': '44100', 'sample_fmt': 's32p', 'compression_level': '9', 'reservoir': '1', 'b:a': '134k', 'abr': 'True'}",178.1904296875,-2.893,-1.053,0.6196015900059137,1.5123451825796148
"{'ar': '44100', 'sample_fmt': 's16p', 'compression_level': '2', 'reservoir': '1', 'b:a': '259k', 'abr': 'True'}",345.7685546875,-2.583,-0.696,0.7643546900071669,2.0691469610503694
"{'ar': '44100', 'sample_fmt': 'fltp', 'compression_level': '7', 'reservoir': '0', 'b:a': '148k', 'abr': 'True'}",225.69921875,-2.779,-0.915,0.5836739079968538,1.748338781919952
"{'ar': '44100', 'sample_fmt': 's32p', 'compression_level': '4', 'reservoir': '1', 'b:a': '62k', 'abr': 'True'}",83.70703125,-3.476,-1.992,0.6452742199762724,0.006642254596641199
"{'ar': '44100', 'sample_fmt': 's16p', 'compression_level': '7', 'reservoir': '1', 'b:a': '169k', 'abr': 'True'}",228.224609375,-2.678,-0.8,0.5573985959927086,2.017852628232955
"{'ar': '12000', 'sample_fmt': 's16p', 'compression_level': '8', 'reservoir': '1', 'b:a': '32k', 'abr': 'True'}",42.78125,-3.777,-2.979,0.4834585929638706,-0.9287624023124179
"{'ar': '44100', 'sample_fmt': 's16p', 'compression_level': '6', 'reservoir': '1', 'b:a': '151k', 'abr': 'True'}",206.173828125,-2.694,-0.818,0.7038150189910084,1.9992589618369772
"{'ar': '44100', 'sample_fmt': 's16p', 'compression_level': '7', 'reservoir': '1', 'b:a': '32k'}",44.771484375,-3.291,-1.629,0.5916548789828084,0.6182833912608983
"{'ar': '32000', 'sample_fmt': 's32p', 'compression_level': '9', 'reservoir': '0', 'aq': '9'}",89.62109375,-3.518,-2.09,0.512774354981957,-0.12177347096324852
"{'ar': '8000', 'sample_fmt': 's32p', 'compression_level': '8', 'reservoir': '1', 'aq': '9'}",36.8515625,-3.855,-3.486,0.49450977399828844,-1.2617899989135932
"{'ar': '44100', 'sample_fmt': 's16p', 'compression_level': '0', 'reservoir': '1', 'b:a': '32k', 'abr': 'True'}",48.26953125,-3.138,-1.383,0.9569534980109893,1.019784662868792
"{'ar': '44100', 'sample_fmt': 'fltp', 'compression_level': '9', 'reservoir': '1', 'b:a': '135k', 'abr': 'True'}",179.408203125,-2.879,-1.035,0.5590685599891003,1.5531735768203023
"{'ar': '44100', 'sample_fmt': 's16p', 'compression_level': '6', 'reservoir': '1', 'b:a': '268k', 'abr': 'True'}",362.57421875,-2.585,-0.699,0.6432779879833106,2.045673635667675
"{'ar': '44100', 'sample_fmt': 's16p', 'compression_level': '4', 'reservoir': '1', 'b:a': '32k', 'abr': 'True'}",47.685546875,-3.352,-1.738,0.6113310620130505,0.4356680267425063
"{'ar': '44100', 'sample_fmt': 's16p', 'compression_level': '7', 'reservoir': '1', 'b:a': '143k', 'abr': 'True'}",190.8896484375,-2.799,-0.939,0.551234440994449,1.7521111174491526
"{'ar': '44100', 'sample_fmt': 's16p', 'compression_level': '7', 'reservoir': '1', 'b:a': '32k'}",44.771484375,-3.291,-1.629,0.5493946569913533,0.6214069663675882
"{'ar': '44100', 'sample_fmt': 's16p', 'compression_level': '8', 'reservoir': '0', 'b:a': '136k', 'abr': 'True'}",199.6630859375,-2.87,-1.024,0.5766780080157332,1.543991495036728
"{'ar': '44100', 'sample_fmt': 'fltp', 'compression_level': '7', 'reservoir': '1', 'b:a': '35k', 'abr': 'True'}",52.052734375,-3.411,-1.854,0.5561270600010175,0.2587202397295767
"{'ar': '16000', 'sample_fmt': 's32p', 'compression_level': '0', 'reservoir': '1', 'b:a': '32k', 'abr': 'True'}",43.91796875,-3.277,-1.605,0.7416727359814104,0.6487471942122623
"{'ar': '44100', 'sample_fmt': 's16p', 'compression_level': '0', 'reservoir': '1', 'b:a': '36k', 'abr': 'True'}",53.34765625,-3.109,-1.341,0.9506172119872645,1.0929674621743013
"{'ar': '44100', 'sample_fmt': 's16p', 'compression_level': '7', 'reservoir': '1', 'b:a': '136k', 'abr': 'True'}",180.84375,-2.87,-1.024,0.5641910230042413,1.5749437924658547
"{'ar': '44100', 'sample_fmt': 's16p', 'compression_level': '2', 'reservoir': '1', 'b:a': '248k', 'abr': 'True'}",336.8271484375,-2.594,-0.709,0.7367333279689774,2.0557257456971096
"{'ar': '32000', 'sample_fmt': 's32p', 'compression_level': '9', 'reservoir': '0', 'b:a': '65k', 'abr': 'True'}",94.12109375,-3.617,-2.357,0.5244657000002917,-0.44470934371323145
"{'ar': '8000', 'sample_fmt': 's16p', 'compression_level': '9', 'reservoir': '1', 'b:a': '167k', 'abr': 'True'}",90.21875,-3.858,-3.51,0.4855464989959728,-1.3608444449616177
"{'ar': '22050', 'sample_fmt': 'fltp', 'compression_level': '7', 'reservoir': '1', 'b:a': '247k', 'abr': 'True'}",219.953125,-3.677,-2.553,0.5217807400331367,-0.8469227275798226
"{'ar': '44100', 'sample_fmt': 's16p', 'compression_level': '7', 'reservoir': '1', 'b:a': '135k'}",178.4443359375,-2.914,-1.079,0.5774222680192906,1.4579270157160311
"{'ar': '8000', 'sample_fmt': 's16p', 'compression_level': '1', 'reservoir': '1', 'aq': '9'}",35.8671875,-3.85,-3.44,0.5261050039844122,-1.2363937853276938
"{'ar': '44100', 'sample_fmt': 's16p', 'compression_level': '7', 'reservoir': '0', 'b:a': '32k'}",44.771484375,-3.305,-1.653,0.5437709950201679,0.5816324959490176
"{'ar': '24000', 'sample_fmt': 's32p', 'compression_level': '9', 'reservoir': '1', 'b:a': '272k', 'abr': 'True'}",219.1953125,-3.661,-2.499,0.535491456015734,-0.7924131521772015
"{'ar': '32000', 'sample_fmt': 'fltp', 'compression_level': '8', 'reservoir': '1', 'b:a': '190k', 'abr': 'True'}",264.6640625,-3.178,-1.444,0.5325714650098234,0.5934183939225557
"{'ar': '44100', 'sample_fmt': 's16p', 'compression_level': '7', 'reservoir': '1', 'b:a': '172k'}",223.037109375,-2.689,-0.812,0.5850205669994466,1.9946737015898774
"{'ar': '44100', 'sample_fmt': 'fltp', 'compression_level': '7', 'reservoir': '1', 'b:a': '244k', 'abr': 'True'}",336.525390625,-2.603,-0.718,0.6237182189943269,2.040751956978129
"{'ar': '44100', 'sample_fmt': 's32p', 'compression_level': '4', 'reservoir': '1', 'b:a': '164k', 'abr': 'True'}",219.5390625,-2.666,-0.787,0.7004951889975928,2.0531953787056705
"{'ar': '16000', 'sample_fmt': 's16p', 'compression_level': '6', 'reservoir': '1', 'b:a': '32k', 'abr': 'True'}",43.35546875,-3.405,-1.842,0.5362117369950283,0.2918352856554848
"{'ar': '44100', 'sample_fmt': 's16p', 'compression_level': '8', 'reservoir': '1', 'b:a': '137k', 'abr': 'True'}",182.173828125,-2.862,-1.014,0.5610211470047943,1.594849815352322
"{'ar': '44100', 'sample_fmt': 's16p', 'compression_level': '7', 'reservoir': '1', 'b:a': '172k'}",223.037109375,-2.689,-0.812,0.6001382530084811,1.9935563097385491
"{'ar': '44100', 'sample_fmt': 'fltp', 'compression_level': '8', 'reservoir': '1', 'b:a': '248k', 'abr': 'True'}",342.1123046875,-2.603,-0.718,0.5674778090033215,2.0359940071379654
"{'ar': '44100', 'sample_fmt': 's16p', 'compression_level': '9', 'reservoir': '1', 'b:a': '32k', 'abr': 'True'}",48.193359375,-3.355,-1.744,0.5478343229915481,0.4306683917844585
"{'ar': '44100', 'sample_fmt': 's16p', 'compression_level': '6', 'reservoir': '1', 'b:a': '34k', 'abr': 'True'}",51.0625,-3.392,-1.815,0.6011291049944703,0.3135457873432008
"{'ar': '44100', 'sample_fmt': 'fltp', 'compression_level': '7', 'reservoir': '1', 'b:a': '143k', 'abr': 'True'}",190.841796875,-2.805,-0.945,0.5478540460171644,1.7365649497794655
"{'ar': '8000', 'sample_fmt': 's32p', 'compression_level': '8', 'reservoir': '1', 'b:a': '167k', 'abr': 'True'}",90.21875,-3.858,-3.51,0.48179713101126254,-1.360567318341099
"{'ar': '44100', 'sample_fmt': 's32p', 'compression_level': '4', 'reservoir': '1', 'b:a': '163k', 'abr': 'True'}",218.4130859375,-2.673,-0.794,0.6979638139891904,2.0366613871762236
"{'ar': '12000', 'sample_fmt': 'fltp', 'compression_level': '8', 'reservoir': '1', 'b:a': '190k'}",90.640625,-3.742,-2.811,0.49781845198594965,-0.871646454885865
"{'ar': '44100', 'sample_fmt': 's32p', 'compression_level': '6', 'reservoir': '1', 'b:a': '32k', 'abr': 'True'}",48.193359375,-3.348,-1.73,0.828719749028096,0.43063332098304086
"{'ar': '12000', 'sample_fmt': 'fltp', 'compression_level': '8', 'reservoir': '1', 'b:a': '249k', 'abr': 'True'}",88.53125,-3.742,-2.811,1.2454551240080036,-0.9235405863746645
"{'ar': '44100', 'sample_fmt': 's16p', 'compression_level': '9', 'reservoir': '1', 'b:a': '172k', 'abr': 'True'}",232.3984375,-2.668,-0.789,0.7122077589738183,2.026519626767101
"{'ar': '44100', 'sample_fmt': 's16p', 'compression_level': '7', 'reservoir': '1', 'b:a': '131k', 'abr': 'True'}",173.748046875,-2.913,-1.077,0.5855909800156951,1.4677777995080545
"{'ar': '44100', 'sample_fmt': 'fltp', 'compression_level': '6', 'reservoir': '1', 'b:a': '32k'}",44.771484375,-3.292,-1.63,0.7254841729882173,0.6057462852323353
"{'ar': '44100', 'sample_fmt': 'fltp', 'compression_level': '8', 'reservoir': '1', 'b:a': '36k', 'abr': 'True'}",53.220703125,-3.256,-1.568,0.6413568700081669,0.7019184414004727
"{'ar': '44100', 'sample_fmt': 's16p', 'compression_level': '7', 'reservoir': '1', 'b:a': '249k'}",356.8115234375,-2.595,-0.709,0.5766313409840222,2.0333410484011947
"{'ar': '44100', 'sample_fmt': 's16p', 'compression_level': '9', 'reservoir': '1', 'b:a': '134k', 'abr': 'True'}",178.1396484375,-2.894,-1.053,0.5643750999879558,1.5141782240246955
"{'ar': '44100', 'sample_fmt': 'fltp', 'compression_level': '7', 'reservoir': '1', 'b:a': '163k', 'abr': 'True'}",219.6396484375,-2.703,-0.828,0.582146589003969,1.962640869524104
"{'ar': '44100', 'sample_fmt': 'fltp', 'compression_level': '8', 'reservoir': '1', 'b:a': '250k', 'abr': 'True'}",345.05859375,-2.606,-0.721,0.5635125940025318,2.0236496097181
"{'ar': '44100', 'sample_fmt': 's32p', 'compression_level': '6', 'reservoir': '1', 'b:a': '169k', 'abr': 'True'}",229.1376953125,-2.65,-0.769,0.6690298229805194,2.0831621329077983
"{'ar': '32000', 'sample_fmt': 's32p', 'compression_level': '9', 'reservoir': '1', 'b:a': '115k', 'abr': 'True'}",154.8359375,-3.389,-1.809,0.5587010580056813,0.15997672944108626
"{'ar': '44100', 'sample_fmt': 'fltp', 'compression_level': '7', 'reservoir': '1', 'b:a': '128k', 'abr': 'True'}",169.32421875,-2.937,-1.108,0.5781702009844594,1.4096875179404231
"{'ar': '8000', 'sample_fmt': 's16p', 'compression_level': '1', 'reservoir': '1', 'aq': '9'}",35.8671875,-3.85,-3.44,0.5948724779882468,-1.2414765880160412
"{'ar': '44100', 'sample_fmt': 's16p', 'compression_level': '6', 'reservoir': '1', 'b:a': '272k', 'abr': 'True'}",366.0478515625,-2.582,-0.696,0.7301938639720902,2.041642867952912
"{'ar': '44100', 'sample_fmt': 's16p', 'compression_level': '6', 'reservoir': '1', 'b:a': '268k', 'abr': 'True'}",362.57421875,-2.585,-0.699,0.6373325729800854,2.0461130784682067
"{'ar': '44100', 'sample_fmt': 's16p', 'compression_level': '7', 'reservoir': '1', 'b:a': '143k', 'abr': 'True'}",190.8896484375,-2.799,-0.939,0.54910185400513,1.7522687431150574
"{'ar': '16000', 'sample_fmt': 's16p', 'compression_level': '7', 'reservoir': '1', 'b:a': '163k', 'abr': 'True'}",220.68359375,-3.766,-2.926,0.4951425089966506,-1.1711498559352516
"{'ar': '44100', 'sample_fmt': 'fltp', 'compression_level': '9', 'reservoir': '1', 'b:a': '134k', 'abr': 'True'}",178.1904296875,-2.893,-1.053,0.5525152690242976,1.5173037263908602
"{'ar': '12000', 'sample_fmt': 'fltp', 'compression_level': '8', 'reservoir': '1', 'b:a': '190k', 'abr': 'True'}",88.53125,-3.742,-2.811,0.49096644000383094,-0.8677741478521408
"{'ar': '12000', 'sample_fmt': 's16p', 'compression_level': '6', 'reservoir': '1', 'b:a': '144k', 'abr': 'True'}",82.859375,-3.757,-2.882,0.5035357669985387,-0.9169993874854432
"{'ar': '32000', 'sample_fmt': 's32p', 'compression_level': '9', 'reservoir': '0', 'aq': '9'}",89.62109375,-3.518,-2.09,0.5221794150129426,-0.12246862612347582
"{'ar': '44100', 'sample_fmt': 'fltp', 'compression_level': '7', 'reservoir': '1', 'b:a': '143k', 'abr': 'True'}",190.841796875,-2.805,-0.945,0.547209866985213,1.7366125629128952
"{'ar': '44100', 'sample_fmt': 's16p', 'compression_level': '8', 'reservoir': '1', 'b:a': '166k', 'abr': 'True'}",224.13671875,-2.693,-0.816,0.5583363509795163,1.9843098163484505
"{'ar': '44100', 'sample_fmt': 's16p', 'compression_level': '7', 'reservoir': '1', 'b:a': '167k', 'abr': 'True'}",225.3603515625,-2.69,-0.813,0.5611953470215667,1.99008218085634
"{'ar': '22050', 'sample_fmt': 's16p', 'compression_level': '7', 'reservoir': '0', 'b:a': '247k', 'abr': 'True'}",223.35546875,-3.677,-2.554,0.5161945520085283,-0.8522542941954525
"{'ar': '44100', 'sample_fmt': 'fltp', 'compression_level': '6', 'reservoir': '1', 'b:a': '151k', 'abr': 'True'}",206.2265625,-2.694,-0.818,0.6448098929831758,2.0035360548035395
"{'ar': '44100', 'sample_fmt': 's32p', 'compression_level': '4', 'reservoir': '1', 'b:a': '124k', 'abr': 'True'}",164.44140625,-2.894,-1.054,0.6789397819666192,1.5272527592095329
"{'ar': '44100', 'sample_fmt': 's32p', 'compression_level': '6', 'reservoir': '1', 'b:a': '271k', 'abr': 'True'}",364.92578125,-2.581,-0.694,0.6361026189988479,2.053348726258328
"{'ar': '44100', 'sample_fmt': 's32p', 'compression_level': '4', 'reservoir': '1', 'b:a': '248k', 'abr': 'True'}",337.4384765625,-2.59,-0.704,0.6806268820364494,2.0697943039585716
"{'ar': '24000', 'sample_fmt': 's16p', 'compression_level': '9', 'reservoir': '1', 'b:a': '32k', 'abr': 'True'}",44.2578125,-3.705,-2.657,0.5027028630138375,-0.6632077686516746
"{'ar': '44100', 'sample_fmt': 's32p', 'compression_level': '8', 'reservoir': '1', 'b:a': '247k', 'abr': 'True'}",340.6904296875,-2.605,-0.72,0.5548999570019078,2.033901715641919
"{'ar': '44100', 'sample_fmt': 's32p', 'compression_level': '9', 'reservoir': '1', 'b:a': '113k', 'abr': 'True'}",147.62109375,-3.164,-1.423,0.5558227610017639,0.817704902528312
"{'ar': '44100', 'sample_fmt': 's16p', 'compression_level': '6', 'reservoir': '1', 'b:a': '144k', 'abr': 'True'}",196.37109375,-2.719,-0.846,0.6420692420215346,1.9523833655413732
"{'ar': '44100', 'sample_fmt': 's16p', 'compression_level': '7', 'reservoir': '1', 'b:a': '131k', 'abr': 'True'}",173.748046875,-2.913,-1.077,0.5696159419894684,1.4689585607240567
"{'ar': '44100', 'sample_fmt': 's16p', 'compression_level': '6', 'reservoir': '1', 'b:a': '268k', 'abr': 'True'}",362.57421875,-2.585,-0.699,0.6405328570108395,2.045876536229152
"{'ar': '44100', 'sample_fmt': 's16p', 'compression_level': '8', 'reservoir': '1', 'b:a': '248k', 'abr': 'True'}",342.11328125,-2.604,-0.719,0.5970896959770471,2.031158352504463
"{'ar': '44100', 'sample_fmt': 'fltp', 'compression_level': '0', 'reservoir': '1', 'b:a': '248k', 'abr': 'True'}",336.51953125,-2.595,-0.709,1.0043964850192424,2.0341029044418115
"{'ar': '44100', 'sample_fmt': 's32p', 'compression_level': '4', 'reservoir': '1', 'b:a': '163k', 'abr': 'True'}",218.4130859375,-2.673,-0.794,0.6865776250197086,2.037502973300223
"{'ar': '44100', 'sample_fmt': 's16p', 'compression_level': '0', 'reservoir': '1', 'b:a': '118k', 'abr': 'True'}",156.0546875,-3.069,-1.283,1.0932601220265497,1.0300324390513762
"{'ar': '44100', 'sample_fmt': 'fltp', 'compression_level': '7', 'reservoir': '1', 'b:a': '36k'}",44.771484375,-3.207,-1.49,0.5497085669776425,0.8609472614689334
"{'ar': '44100', 'sample_fmt': 's16p', 'compression_level': '7', 'reservoir': '1', 'b:a': '248k'}",356.8115234375,-2.595,-0.709,0.5567844519973733,2.034807989308331
"{'ar': '44100', 'sample_fmt': 's16p', 'compression_level': '7', 'reservoir': '1', 'b:a': '131k', 'abr': 'True'}",173.748046875,-2.913,-1.077,0.5477916290110443,1.4705716587516486
"{'ar': '44100', 'sample_fmt': 'fltp', 'compression_level': '9', 'reservoir': '1', 'b:a': '272k', 'abr': 'True'}",374.34375,-2.599,-0.714,0.5625870150106493,1.9955065083063988
"{'ar': '44100', 'sample_fmt': 's16p', 'compression_level': '7', 'reservoir': '1', 'b:a': '32k'}",44.771484375,-3.291,-1.629,0.5328659779916052,0.6226286487875367
"{'ar': '44100', 'sample_fmt': 's16p', 'compression_level': '8', 'reservoir': '1', 'b:a': '114k', 'abr': 'True'}",149.4013671875,-3.141,-1.388,0.5474171760142781,0.8801150788352105
"{'ar': '44100', 'sample_fmt': 's16p', 'compression_level': '7', 'reservoir': '1', 'b:a': '32k'}",44.771484375,-3.291,-1.629,0.5358308920112904,0.6224095034260372
"{'ar': '44100', 'sample_fmt': 's16p', 'compression_level': '7', 'reservoir': '1', 'b:a': '172k', 'abr': 'True'}",232.3984375,-2.668,-0.789,0.545198154024547,2.038863789197273
"{'ar': '44100', 'sample_fmt': 's16p', 'compression_level': '6', 'reservoir': '1', 'b:a': '144k', 'abr': 'True'}",196.37109375,-2.719,-0.846,0.6755683399969712,1.9499073504235682
"{'ar': '44100', 'sample_fmt': 's16p', 'compression_level': '6', 'reservoir': '1', 'b:a': '272k', 'abr': 'True'}",366.0478515625,-2.582,-0.696,0.6444833340065088,2.047977980859698
"{'ar': '24000', 'sample_fmt': 's16p', 'compression_level': '4', 'reservoir': '1', 'b:a': '135k', 'abr': 'True'}",163.6953125,-3.671,-2.532,0.588145785004599,-0.7414551059046365
"{'ar': '44100', 'sample_fmt': 's16p', 'compression_level': '7', 'reservoir': '1', 'b:a': '137k', 'abr': 'True'}",182.173828125,-2.862,-1.014,0.5518669460143428,1.5955264287960753
"{'ar': '16000', 'sample_fmt': 's16p', 'compression_level': '7', 'reservoir': '1', 'b:a': '250k'}",224.375,-3.764,-2.917,0.5046446209889837,-1.1702434294408133
"{'ar': '12000', 'sample_fmt': 's16p', 'compression_level': '8', 'reservoir': '1', 'b:a': '32k', 'abr': 'True'}",42.78125,-3.777,-2.979,0.5765911630296614,-0.9356460996469559
"{'ar': '16000', 'sample_fmt': 's32p', 'compression_level': '6', 'reservoir': '1', 'b:a': '118k', 'abr': 'True'}",153.67578125,-3.764,-2.915,0.608696773997508,-1.0644910667566563
"{'ar': '44100', 'sample_fmt': 's32p', 'compression_level': '4', 'reservoir': '1', 'b:a': '190k', 'abr': 'True'}",257.2939453125,-2.622,-0.738,0.7792770550295245,2.105102979960603
"{'ar': '16000', 'sample_fmt': 's32p', 'compression_level': '0', 'reservoir': '1', 'b:a': '32k', 'abr': 'True'}",43.91796875,-3.277,-1.605,0.75576104701031,0.6477058864398121
"{'ar': '44100', 'sample_fmt': 's16p', 'compression_level': '0', 'reservoir': '1', 'b:a': '32k'}",44.771484375,-3.133,-1.376,1.0414736759848893,1.032977139955175
"{'ar': '44100', 'sample_fmt': 'fltp', 'compression_level': '7', 'reservoir': '1', 'b:a': '128k', 'abr': 'True'}",169.32421875,-2.937,-1.108,0.551136306981789,1.4116856711531705
"{'ar': '44100', 'sample_fmt': 's32p', 'compression_level': '2', 'reservoir': '1', 'b:a': '259k', 'abr': 'True'}",345.6640625,-2.586,-0.7,0.801189314952353,2.05833949483716
"{'ar': '44100', 'sample_fmt': 's16p', 'compression_level': '7', 'reservoir': '1', 'b:a': '278k'}",356.8115234375,-2.595,-0.709,0.5804202670115046,2.0330609979314427
"{'ar': '44100', 'sample_fmt': 's16p', 'compression_level': '0', 'reservoir': '1', 'b:a': '246k', 'abr': 'True'}",334.7939453125,-2.597,-0.711,0.9869507160037756,2.032855035550615
"{'ar': '44100', 'sample_fmt': 's16p', 'compression_level': '7', 'reservoir': '1', 'b:a': '144k'}",178.4443359375,-2.913,-1.077,0.5566655750153586,1.4624220575207456
"{'ar': '44100', 'sample_fmt': 's16p', 'compression_level': '4', 'reservoir': '1', 'b:a': '164k', 'abr': 'True'}",219.6435546875,-2.655,-0.775,0.6831363730016164,2.083726501574603
"{'ar': '22050', 'sample_fmt': 's16p', 'compression_level': '8', 'reservoir': '0', 'b:a': '246k', 'abr': 'True'}",223.35546875,-3.677,-2.554,0.7220516090164892,-0.867469784046323
"{'ar': '16000', 'sample_fmt': 's16p', 'compression_level': '6', 'reservoir': '1', 'b:a': '32k', 'abr': 'True'}",43.35546875,-3.405,-1.842,0.5613736680243164,0.28997549463462297
"{'ar': '24000', 'sample_fmt': 's32p', 'compression_level': '9', 'reservoir': '1', 'b:a': '272k', 'abr': 'True'}",219.1953125,-3.661,-2.499,0.532718892005505,-0.7922082239606435
"{'ar': '44100', 'sample_fmt': 'fltp', 'compression_level': '8', 'reservoir': '1', 'b:a': '248k', 'abr': 'True'}",342.1123046875,-2.603,-0.718,0.5820230609970167,2.034918925538602
"{'ar': '44100', 'sample_fmt': 's32p', 'compression_level': '6', 'reservoir': '1', 'b:a': '271k', 'abr': 'True'}",364.92578125,-2.581,-0.694,0.6627681609825231,2.0513777990075566
"{'ar': '44100', 'sample_fmt': 's16p', 'compression_level': '8', 'reservoir': '1', 'b:a': '128k', 'abr': 'True'}",169.376953125,-2.945,-1.117,0.5664818490040489,1.3889886630562556
"{'ar': '44100', 'sample_fmt': 's16p', 'compression_level': '0', 'reservoir': '1', 'b:a': '134k'}",178.4443359375,-2.935,-1.105,1.177328933001263,1.3564555676412464
"{'ar': '32000', 'sample_fmt': 's16p', 'compression_level': '6', 'reservoir': '1', 'b:a': '271k', 'abr': 'True'}",351.21875,-3.173,-1.436,0.5899920259835199,0.46523537936983184
"{'ar': '44100', 'sample_fmt': 's32p', 'compression_level': '7', 'reservoir': '1', 'b:a': '163k', 'abr': 'True'}",219.640625,-2.703,-0.829,0.5505367789883167,1.9646602252356187
"{'ar': '44100', 'sample_fmt': 'fltp', 'compression_level': '7', 'reservoir': '1', 'b:a': '247k'}",356.8115234375,-2.605,-0.72,0.5782755140098743,2.0064501019576357
"{'ar': '44100', 'sample_fmt': 's16p', 'compression_level': '2', 'reservoir': '1', 'b:a': '122k', 'abr': 'True'}",161.1884765625,-3.095,-1.321,0.7409459219779819,0.9753153906960531
"{'ar': '44100', 'sample_fmt': 'fltp', 'compression_level': '7', 'reservoir': '1', 'b:a': '128k', 'abr': 'True'}",169.32421875,-2.937,-1.108,0.5488140580127947,1.411857315283969
"{'ar': '44100', 'sample_fmt': 's32p', 'compression_level': '6', 'reservoir': '1', 'b:a': '271k', 'abr': 'True'}",364.92578125,-2.581,-0.694,0.64083906300948,2.0529986419968482
"{'ar': '44100', 'sample_fmt': 's16p', 'compression_level': '8', 'reservoir': '0', 'b:a': '140k', 'abr': 'True'}",214.220703125,-2.828,-0.973,0.5492821659718174,1.6367330943541254
"{'ar': '44100', 'sample_fmt': 'fltp', 'compression_level': '7', 'reservoir': '1', 'b:a': '125k', 'abr': 'True'}",165.30859375,-2.981,-1.164,0.5551321069942787,1.2976149850093543
"{'ar': '44100', 'sample_fmt': 'fltp', 'compression_level': '9', 'reservoir': '1', 'b:a': '190k'}",267.6279296875,-2.63,-0.747,0.5570256569772027,2.0835620214314137
"{'ar': '44100', 'sample_fmt': 's32p', 'compression_level': '6', 'reservoir': '0', 'b:a': '170k', 'abr': 'True'}",258.0966796875,-2.654,-0.774,0.6690886019787285,2.02605191855939
"{'ar': '44100', 'sample_fmt': 's16p', 'compression_level': '4', 'reservoir': '1', 'b:a': '134k', 'abr': 'True'}",177.7734375,-2.816,-0.959,0.7070329099951778,1.7156065646427643
"{'ar': '44100', 'sample_fmt': 's32p', 'compression_level': '4', 'reservoir': '0', 'b:a': '124k', 'abr': 'True'}",178.837890625,-2.894,-1.054,0.7098843139829114,1.501993598855094
"{'ar': '44100', 'sample_fmt': 'fltp', 'compression_level': '8', 'reservoir': '1', 'b:a': '163k', 'abr': 'True'}",219.6396484375,-2.703,-0.828,0.5654093699995428,1.9638779657383174
"{'ar': '44100', 'sample_fmt': 's16p', 'compression_level': '8', 'reservoir': '0', 'b:a': '141k', 'abr': 'True'}",217.501953125,-2.817,-0.96,0.552911923994543,1.6609593094774868
"{'ar': '44100', 'sample_fmt': 's16p', 'compression_level': '7', 'reservoir': '1', 'b:a': '32k'}",44.771484375,-3.291,-1.629,0.5349235640023835,0.6224765666606505
"{'ar': '16000', 'sample_fmt': 's32p', 'compression_level': '0', 'reservoir': '1', 'b:a': '137k', 'abr': 'True'}",113.140625,-3.755,-2.871,0.8496596749755554,-0.9827712062783844
"{'ar': '44100', 'sample_fmt': 's16p', 'compression_level': '7', 'reservoir': '1', 'b:a': '124k', 'abr': 'True'}",163.5283203125,-3.024,-1.221,0.5497762699960731,1.1826831134316012
"{'ar': '44100', 'sample_fmt': 's32p', 'compression_level': '8', 'reservoir': '1', 'b:a': '248k', 'abr': 'True'}",342.1123046875,-2.603,-0.718,0.5613575139723253,2.0364463758266176
"{'ar': '8000', 'sample_fmt': 's32p', 'compression_level': '8', 'reservoir': '1', 'aq': '9'}",36.8515625,-3.855,-3.486,0.48761479402310215,-1.2612803710224767
"{'ar': '44100', 'sample_fmt': 's32p', 'compression_level': '4', 'reservoir': '1', 'b:a': '164k', 'abr': 'True'}",219.5390625,-2.666,-0.787,0.6910217269905843,2.0538955896535747
"{'ar': '32000', 'sample_fmt': 's32p', 'compression_level': '9', 'reservoir': '1', 'b:a': '272k', 'abr': 'True'}",375.6875,-3.177,-1.442,0.536024303000886,0.41896786954005055
"{'ar': '44100', 'sample_fmt': 's16p', 'compression_level': '9', 'reservoir': '1', 'b:a': '134k', 'abr': 'True'}",178.1396484375,-2.894,-1.053,0.5459084479953162,1.515543147627789
"{'ar': '16000', 'sample_fmt': 's32p', 'compression_level': '0', 'reservoir': '1', 'b:a': '266k', 'abr': 'True'}",132.4765625,-3.738,-2.795,0.8903754230123013,-0.9530505137006026
"{'ar': '44100', 'sample_fmt': 's32p', 'compression_level': '7', 'reservoir': '1', 'b:a': '128k', 'abr': 'True'}",169.32421875,-2.937,-1.108,0.7867012250062544,1.3942743874618673
"{'ar': '44100', 'sample_fmt': 's16p', 'compression_level': '8', 'reservoir': '1', 'b:a': '137k', 'abr': 'True'}",182.173828125,-2.862,-1.014,0.6021298250125255,1.5918113541885393
"{'ar': '44100', 'sample_fmt': 'fltp', 'compression_level': '7', 'reservoir': '1', 'b:a': '36k'}",44.771484375,-3.207,-1.49,0.5592350619845092,0.8602431306987858
"{'ar': '16000', 'sample_fmt': 's16p', 'compression_level': '6', 'reservoir': '1', 'b:a': '144k', 'abr': 'True'}",188.97265625,-3.765,-2.917,0.5323138100211509,-1.118128210043005
"{'ar': '44100', 'sample_fmt': 'fltp', 'compression_level': '9', 'reservoir': '1', 'b:a': '163k', 'abr': 'True'}",219.6396484375,-2.703,-0.828,0.6134402769966982,1.960327862630047
"{'ar': '44100', 'sample_fmt': 's16p', 'compression_level': '4', 'reservoir': '1', 'b:a': '190k', 'abr': 'True'}",257.396484375,-2.624,-0.74,0.7429424809815828,2.1023341628630647
"{'ar': '44100', 'sample_fmt': 's16p', 'compression_level': '7', 'reservoir': '1', 'b:a': '32k'}",44.771484375,-3.291,-1.629,0.6601147390028927,0.6132233252108559
"{'ar': '8000', 'sample_fmt': 's32p', 'compression_level': '8', 'reservoir': '1', 'aq': '9'}",36.8515625,-3.855,-3.486,0.5244273600110319,-1.2640012941344407
"{'ar': '44100', 'sample_fmt': 's32p', 'compression_level': '4', 'reservoir': '1', 'b:a': '171k', 'abr': 'True'}",227.91796875,-2.645,-0.764,0.7265506230178289,2.0940838601211347
"{'ar': '8000', 'sample_fmt': 's32p', 'compression_level': '8', 'reservoir': '1', 'aq': '9'}",36.8515625,-3.855,-3.486,0.5041712469828781,-1.2625041062960562
"{'ar': '44100', 'sample_fmt': 's32p', 'compression_level': '7', 'reservoir': '1', 'b:a': '273k', 'abr': 'True'}",375.673828125,-2.598,-0.712,0.5836155080178287,1.9947907276971495
"{'ar': '44100', 'sample_fmt': 'fltp', 'compression_level': '4', 'reservoir': '1', 'b:a': '248k', 'abr': 'True'}",337.4384765625,-2.59,-0.704,0.7530345669947565,2.0644424427611896
"{'ar': '44100', 'sample_fmt': 'fltp', 'compression_level': '7', 'reservoir': '1', 'b:a': '128k', 'abr': 'True'}",169.32421875,-2.937,-1.108,0.6149650390434545,1.4069679051509068
"{'ar': '44100', 'sample_fmt': 's32p', 'compression_level': '9', 'reservoir': '1', 'b:a': '270k', 'abr': 'True'}",371.88671875,-2.6,-0.715,0.5737794049782678,1.9959544479856788
"{'ar': '44100', 'sample_fmt': 's16p', 'compression_level': '7', 'reservoir': '1', 'b:a': '143k', 'abr': 'True'}",190.8896484375,-2.799,-0.939,0.5660093819897156,1.7510190588720596
"{'ar': '44100', 'sample_fmt': 's16p', 'compression_level': '7', 'reservoir': '1', 'b:a': '32k', 'abr': 'True'}",48.193359375,-3.355,-1.744,0.5537537940253969,0.4302308665776614
"{'ar': '44100', 'sample_fmt': 's32p', 'compression_level': '7', 'reservoir': '1', 'b:a': '164k', 'abr': 'True'}",221.1787109375,-2.699,-0.824,0.5731531490164343,1.9714313580804925
"{'ar': '44100', 'sample_fmt': 's32p', 'compression_level': '6', 'reservoir': '1', 'b:a': '114k', 'abr': 'True'}",152.2431640625,-2.974,-1.155,0.6398631370102521,1.3313490040422298
"{'ar': '44100', 'sample_fmt': 's16p', 'compression_level': '8', 'reservoir': '1', 'b:a': '32k'}",44.771484375,-3.291,-1.629,0.5691871770250145,0.6199440440268511
"{'ar': '44100', 'sample_fmt': 'fltp', 'compression_level': '8', 'reservoir': '1', 'b:a': '248k', 'abr': 'True'}",342.1123046875,-2.603,-0.718,0.574477193003986,2.035476662443679
"{'ar': '44100', 'sample_fmt': 's16p', 'compression_level': '7', 'reservoir': '1', 'b:a': '133k', 'abr': 'True'}",176.70703125,-2.904,-1.066,0.5863038839888759,1.4874430431023546
"{'ar': '44100', 'sample_fmt': 's16p', 'compression_level': '7', 'reservoir': '1', 'b:a': '32k'}",44.771484375,-3.291,-1.629,0.556159463012591,0.62090696000951
"{'ar': '44100', 'sample_fmt': 's32p', 'compression_level': '9', 'reservoir': '1', 'b:a': '111k', 'abr': 'True'}",144.9306640625,-3.189,-1.462,0.5577434039732907,0.7513046418294896
"{'ar': '12000', 'sample_fmt': 's16p', 'compression_level': '8', 'reservoir': '1', 'b:a': '32k', 'abr': 'True'}",42.78125,-3.777,-2.979,0.4906102330132853,-0.9292910006911693
"{'ar': '44100', 'sample_fmt': 's16p', 'compression_level': '6', 'reservoir': '1', 'b:a': '114k', 'abr': 'True'}",152.3955078125,-2.974,-1.156,0.651057282986585,1.3299630644322982
"{'ar': '44100', 'sample_fmt': 's16p', 'compression_level': '8', 'reservoir': '0', 'b:a': '141k', 'abr': 'True'}",217.501953125,-2.817,-0.96,0.5660421489737928,1.6599888166130927
"{'ar': '44100', 'sample_fmt': 'fltp', 'compression_level': '4', 'reservoir': '1', 'b:a': '32k', 'abr': 'True'}",47.66015625,-3.348,-1.73,0.6162544040416833,0.44718806184631993
"{'ar': '44100', 'sample_fmt': 's16p', 'compression_level': '6', 'reservoir': '1', 'b:a': '32k', 'abr': 'True'}",48.21875,-3.352,-1.738,0.5949813400220592,0.436025668577802
"{'ar': '44100', 'sample_fmt': 's16p', 'compression_level': '6', 'reservoir': '0', 'b:a': '141k', 'abr': 'True'}",220.4794921875,-2.793,-0.932,0.6627280079992488,1.71284267525529
"{'ar': '44100', 'sample_fmt': 'fltp', 'compression_level': '8', 'reservoir': '0', 'b:a': '165k', 'abr': 'True'}",237.4814453125,-2.697,-0.821,0.5805990459921304,1.9504735649766771
"{'ar': '44100', 'sample_fmt': 's32p', 'compression_level': '2', 'reservoir': '1', 'b:a': '113k', 'abr': 'True'}",148.1796875,-3.165,-1.424,0.7392057090182789,0.8006138144833591
"{'ar': '44100', 'sample_fmt': 's32p', 'compression_level': '7', 'reservoir': '1', 'b:a': '143k', 'abr': 'True'}",190.841796875,-2.805,-0.945,0.5611132739868481,1.7355849219313295
"{'ar': '44100', 'sample_fmt': 'fltp', 'compression_level': '7', 'reservoir': '1', 'b:a': '32k', 'abr': 'True'}",48.16796875,-3.35,-1.734,0.5934022510191426,0.4421451227597542
"{'ar': '24000', 'sample_fmt': 's32p', 'compression_level': '9', 'reservoir': '1', 'b:a': '168k', 'abr': 'True'}",219.1953125,-3.661,-2.499,0.5404586090298835,-0.7927802888077013
"{'ar': '44100', 'sample_fmt': 's16p', 'compression_level': '7', 'reservoir': '0', 'b:a': '250k'}",356.8115234375,-2.602,-0.717,0.586403887020424,2.013785499160659
"{'ar': '44100', 'sample_fmt': 's16p', 'compression_level': '7', 'reservoir': '1', 'b:a': '143k', 'abr': 'True'}",190.8896484375,-2.799,-0.939,0.563349620992085,1.751215649492043
"{'ar': '44100', 'sample_fmt': 's32p', 'compression_level': '8', 'reservoir': '1', 'b:a': '261k', 'abr': 'True'}",360.41796875,-2.601,-0.716,0.5997293140098918,2.009691297453868
"{'ar': '44100', 'sample_fmt': 'fltp', 'compression_level': '8', 'reservoir': '0', 'b:a': '37k', 'abr': 'True'}",60.6123046875,-3.268,-1.589,0.615909788000863,0.6574209111258927
"{'ar': '12000', 'sample_fmt': 's16p', 'compression_level': '8', 'reservoir': '1', 'b:a': '32k', 'abr': 'True'}",42.78125,-3.777,-2.979,0.5391042930132244,-0.9328753367760286
"{'ar': '44100', 'sample_fmt': 's16p', 'compression_level': '2', 'reservoir': '1', 'b:a': '259k', 'abr': 'True'}",345.7685546875,-2.583,-0.696,0.8005322079989128,2.0664729761706
"{'ar': '24000', 'sample_fmt': 's16p', 'compression_level': '9', 'reservoir': '1', 'b:a': '272k', 'abr': 'True'}",219.1953125,-3.661,-2.499,0.5427365099894814,-0.7929486550489943
"{'ar': '44100', 'sample_fmt': 's16p', 'compression_level': '7', 'reservoir': '1', 'b:a': '125k', 'abr': 'True'}",165.2548828125,-2.983,-1.167,0.5816434549924452,1.2901349084238734
"{'ar': '24000', 'sample_fmt': 's32p', 'compression_level': '9', 'reservoir': '1', 'b:a': '161k', 'abr': 'True'}",219.1953125,-3.661,-2.499,0.5621516540122684,-0.7943836844384432
"{'ar': '24000', 'sample_fmt': 's16p', 'compression_level': '6', 'reservoir': '1', 'b:a': '149k', 'abr': 'True'}",186.7578125,-3.662,-2.503,0.5789493460324593,-0.7474576511580038
"{'ar': '44100', 'sample_fmt': 's16p', 'compression_level': '8', 'reservoir': '0', 'b:a': '149k', 'abr': 'True'}",225.69921875,-2.773,-0.908,0.5655191020050552,1.7658684919663838
"{'ar': '44100', 'sample_fmt': 's32p', 'compression_level': '9', 'reservoir': '0', 'aq': '9'}",103.8740234375,-3.314,-1.668,0.5495499300013762,0.46119621172050457
"{'ar': '16000', 'sample_fmt': 's16p', 'compression_level': '6', 'reservoir': '1', 'b:a': '32k', 'abr': 'True'}",43.35546875,-3.405,-1.842,0.5586296409892384,0.29017831360089785
"{'ar': '44100', 'sample_fmt': 'fltp', 'compression_level': '9', 'reservoir': '1', 'b:a': '113k', 'abr': 'True'}",147.62109375,-3.164,-1.423,0.5870715320052113,0.8153952155787082
"{'ar': '44100', 'sample_fmt': 's16p', 'compression_level': '6', 'reservoir': '1', 'b:a': '145k', 'abr': 'True'}",197.64453125,-2.717,-0.844,0.6719645470147952,1.9534325305179228
"{'ar': '44100', 'sample_fmt': 'fltp', 'compression_level': '8', 'reservoir': '0', 'b:a': '36k', 'abr': 'True'}",59.2392578125,-3.256,-1.568,0.5898738460091408,0.6961201057480776
"{'ar': '44100', 'sample_fmt': 's16p', 'compression_level': '7', 'reservoir': '0', 'b:a': '145k'}",223.037109375,-2.705,-0.83,0.5712605209846515,1.952733489599617
"{'ar': '44100', 'sample_fmt': 's16p', 'compression_level': '4', 'reservoir': '1', 'b:a': '169k', 'abr': 'True'}",225.6767578125,-2.654,-0.774,0.7308725630282424,2.0732166093992834
"{'ar': '8000', 'sample_fmt': 's32p', 'compression_level': '8', 'reservoir': '1', 'aq': '9'}",36.8515625,-3.855,-3.486,0.4937489360163454,-1.2617337631801155
"{'ar': '44100', 'sample_fmt': 's16p', 'compression_level': '4', 'reservoir': '1', 'b:a': '247k', 'abr': 'True'}",336.1181640625,-2.59,-0.704,0.7402322790003382,2.0674954727824373
"{'ar': '44100', 'sample_fmt': 'fltp', 'compression_level': '8', 'reservoir': '1', 'b:a': '163k', 'abr': 'True'}",219.6396484375,-2.703,-0.828,0.620483773003798,1.9598072574899157
"{'ar': '44100', 'sample_fmt': 's16p', 'compression_level': '8', 'reservoir': '1', 'b:a': '190k', 'abr': 'True'}",259.3291015625,-2.637,-0.755,0.6644346019893419,2.0700320301705353
"{'ar': '44100', 'sample_fmt': 'fltp', 'compression_level': '9', 'reservoir': '1', 'b:a': '127k', 'abr': 'True'}",167.8515625,-2.955,-1.131,0.5718369219976012,1.363311069881988
"{'ar': '44100', 'sample_fmt': 's16p', 'compression_level': '7', 'reservoir': '1', 'b:a': '125k', 'abr': 'True'}",165.2548828125,-2.983,-1.167,0.574848626012681,1.2906371338655593
"{'ar': '44100', 'sample_fmt': 'fltp', 'compression_level': '7', 'reservoir': '1', 'b:a': '32k'}",44.771484375,-3.286,-1.619,0.5716524120070972,0.6345661046568598
"{'ar': '44100', 'sample_fmt': 'fltp', 'compression_level': '4', 'reservoir': '1', 'b:a': '163k', 'abr': 'True'}",218.4130859375,-2.674,-0.795,0.7608863350178581,2.029365205604012
"{'ar': '48000', 'sample_fmt': 's32p', 'compression_level': '0', 'reservoir': '1', 'b:a': '32k', 'abr': 'True'}",49.2734375,-3.404,-1.84,1.1080063240078744,0.2430900570582712
"{'ar': '22050', 'sample_fmt': 's16p', 'compression_level': '6', 'reservoir': '0', 'b:a': '246k', 'abr': 'True'}",211.916015625,-3.675,-2.549,0.5795013739843853,-0.8324427861199591
"{'ar': '44100', 'sample_fmt': 's16p', 'compression_level': '7', 'reservoir': '1', 'b:a': '168k', 'abr': 'True'}",226.796875,-2.686,-0.809,0.570003026019549,1.997720555229968
"{'ar': '44100', 'sample_fmt': 's16p', 'compression_level': '7', 'reservoir': '1', 'b:a': '250k'}",356.8115234375,-2.595,-0.709,0.5831773309910204,2.0328572153669375
"{'ar': '44100', 'sample_fmt': 's16p', 'compression_level': '8', 'reservoir': '1', 'b:a': '136k', 'abr': 'True'}",180.84375,-2.87,-1.024,0.5668240219820291,1.5747491799040791
"{'ar': '44100', 'sample_fmt': 'fltp', 'compression_level': '8', 'reservoir': '0', 'b:a': '36k', 'abr': 'True'}",59.2392578125,-3.256,-1.568,0.557455813017441,0.6985162162294943
"{'ar': '44100', 'sample_fmt': 's16p', 'compression_level': '8', 'reservoir': '1', 'b:a': '114k', 'abr': 'True'}",149.4013671875,-3.141,-1.388,0.5751272199850064,0.8780669494247745
"{'ar': '44100', 'sample_fmt': 's16p', 'compression_level': '4', 'reservoir': '1', 'b:a': '124k', 'abr': 'True'}",164.392578125,-2.896,-1.056,0.6795673159940634,1.5219934971760936
"{'ar': '44100', 'sample_fmt': 'fltp', 'compression_level': '4', 'reservoir': '1', 'b:a': '32k', 'abr': 'True'}",47.66015625,-3.348,-1.73,0.612785335018998,0.44744447076070853
"{'ar': '44100', 'sample_fmt': 'fltp', 'compression_level': '4', 'reservoir': '1', 'b:a': '248k'}",356.8115234375,-2.589,-0.703,0.6913479589857161,2.040734389196406
"{'ar': '16000', 'sample_fmt': 'fltp', 'compression_level': '8', 'reservoir': '1', 'b:a': '32k', 'abr': 'True'}",42.828125,-3.448,-1.93,0.5085558279824909,0.1667732106124358
"{'ar': '44100', 'sample_fmt': 's32p', 'compression_level': '8', 'reservoir': '0', 'b:a': '141k', 'abr': 'True'}",218.4248046875,-2.823,-0.967,0.589708662009798,1.6405791587983458
"{'ar': '44100', 'sample_fmt': 'fltp', 'compression_level': '6', 'reservoir': '1', 'b:a': '128k', 'abr': 'True'}",172.0185546875,-2.859,-1.01,0.6675665339862462,1.6114307955143532
"{'ar': '44100', 'sample_fmt': 'fltp', 'compression_level': '8', 'reservoir': '1', 'b:a': '163k', 'abr': 'True'}",219.6396484375,-2.703,-0.828,0.5958298460172955,1.961629500464237
"{'ar': '44100', 'sample_fmt': 's16p', 'compression_level': '6', 'reservoir': '1', 'b:a': '134k', 'abr': 'True'}",180.1787109375,-2.816,-0.959,0.689387985970825,1.7130727422623575
"{'ar': '44100', 'sample_fmt': 's16p', 'compression_level': '7', 'reservoir': '1', 'b:a': '131k', 'abr': 'True'}",173.748046875,-2.913,-1.077,0.5602062500256579,1.4696540582438218
"{'ar': '44100', 'sample_fmt': 's32p', 'compression_level': '7', 'reservoir': '1', 'b:a': '162k', 'abr': 'True'}",218.001953125,-2.706,-0.832,0.5687723549781367,1.9579909631045798
"{'ar': '44100', 'sample_fmt': 'fltp', 'compression_level': '6', 'reservoir': '1', 'b:a': '145k', 'abr': 'True'}",197.703125,-2.722,-0.85,0.6607613530359231,1.9406246553437565
"{'ar': '16000', 'sample_fmt': 's16p', 'compression_level': '6', 'reservoir': '1', 'b:a': '251k', 'abr': 'True'}",210.69921875,-3.764,-2.916,0.5276419529982377,-1.1498058101672792
"{'ar': '44100', 'sample_fmt': 's16p', 'compression_level': '7', 'reservoir': '1', 'b:a': '143k', 'abr': 'True'}",190.8896484375,-2.799,-0.939,0.5799540480074938,1.749988368317404
"{'ar': '12000', 'sample_fmt': 'fltp', 'compression_level': '8', 'reservoir': '1', 'b:a': '32k', 'abr': 'True'}",42.78125,-3.777,-2.982,0.5098376109963283,-0.931658526975281
"{'ar': '44100', 'sample_fmt': 's16p', 'compression_level': '7', 'reservoir': '1', 'b:a': '137k', 'abr': 'True'}",182.173828125,-2.862,-1.014,0.584990328992717,1.5930781838592283
"{'ar': '44100', 'sample_fmt': 'fltp', 'compression_level': '7', 'reservoir': '1', 'b:a': '265k'}",356.8115234375,-2.605,-0.72,0.58741219600779,2.005774783393237
"{'ar': '44100', 'sample_fmt': 's16p', 'compression_level': '4', 'reservoir': '1', 'b:a': '190k', 'abr': 'True'}",257.396484375,-2.624,-0.74,0.6833063479862176,2.1067420417549747
"{'ar': '44100', 'sample_fmt': 's16p', 'compression_level': '4', 'reservoir': '1', 'b:a': '124k', 'abr': 'True'}",164.392578125,-2.896,-1.056,0.7393870989908464,1.5175720441819724
"{'ar': '44100', 'sample_fmt': 's16p', 'compression_level': '8', 'reservoir': '0', 'b:a': '115k', 'abr': 'True'}",161.4912109375,-3.121,-1.359,0.6247220629884396,0.9108569660958725
"{'ar': '44100', 'sample_fmt': 's16p', 'compression_level': '6', 'reservoir': '1', 'b:a': '145k', 'abr': 'True'}",197.64453125,-2.717,-0.844,0.6704473189893179,1.9535446732248993
"{'ar': '44100', 'sample_fmt': 's16p', 'compression_level': '8', 'reservoir': '1', 'b:a': '137k', 'abr': 'True'}",182.173828125,-2.862,-1.014,0.5770255340030417,1.5936668848690023
"{'ar': '44100', 'sample_fmt': 'fltp', 'compression_level': '9', 'reservoir': '1', 'b:a': '113k'}",156.1484375,-3.068,-1.283,0.5634110739920288,1.0713754573251886
"{'ar': '44100', 'sample_fmt': 's16p', 'compression_level': '6', 'reservoir': '1', 'b:a': '248k', 'abr': 'True'}",344.1435546875,-2.589,-0.703,0.7153144290205091,2.0591767875329374
"{'ar': '44100', 'sample_fmt': 's16p', 'compression_level': '9', 'reservoir': '1', 'b:a': '136k', 'abr': 'True'}",180.84375,-2.87,-1.024,0.5599873890168965,1.575254495199105
"{'ar': '44100', 'sample_fmt': 's16p', 'compression_level': '7', 'reservoir': '0', 'b:a': '36k', 'abr': 'True'}",59.2646484375,-3.251,-1.561,0.5571962090034503,0.7123527874355473
"{'ar': '8000', 'sample_fmt': 's32p', 'compression_level': '8', 'reservoir': '1', 'aq': '9'}",36.8515625,-3.855,-3.486,0.5012573300045915,-1.2622887302732284
"{'ar': '44100', 'sample_fmt': 's32p', 'compression_level': '4', 'reservoir': '1', 'b:a': '164k', 'abr': 'True'}",219.5390625,-2.666,-0.787,0.691202633024659,2.0538822183659176
"{'ar': '44100', 'sample_fmt': 's16p', 'compression_level': '8', 'reservoir': '1', 'b:a': '140k', 'abr': 'True'}",186.3251953125,-2.828,-0.973,0.5756624620116781,1.6792951249755383
"{'ar': '44100', 'sample_fmt': 's32p', 'compression_level': '6', 'reservoir': '1', 'b:a': '114k', 'abr': 'True'}",152.2431640625,-2.974,-1.155,0.6438249319617171,1.3310561763308488
"{'ar': '44100', 'sample_fmt': 'fltp', 'compression_level': '4', 'reservoir': '1', 'b:a': '248k'}",356.8115234375,-2.589,-0.703,0.6914500530110672,2.0407268431320196
"{'ar': '44100', 'sample_fmt': 's16p', 'compression_level': '7', 'reservoir': '1', 'b:a': '125k', 'abr': 'True'}",165.2548828125,-2.983,-1.167,0.6584718319936655,1.2844563011052246
"{'ar': '44100', 'sample_fmt': 's32p', 'compression_level': '0', 'reservoir': '1', 'b:a': '163k', 'abr': 'True'}",216.93359375,-2.704,-0.829,1.2819360600260552,1.9125899673161748
"{'ar': '44100', 'sample_fmt': 'fltp', 'compression_level': '8', 'reservoir': '0', 'b:a': '174k', 'abr': 'True'}",267.447265625,-2.659,-0.78,0.5691972819913644,2.0049723359531617
"{'ar': '44100', 'sample_fmt': 's32p', 'compression_level': '9', 'reservoir': '1', 'b:a': '114k', 'abr': 'True'}",149.4501953125,-3.139,-1.384,0.6175025490229018,0.8807786624208687
"{'ar': '44100', 'sample_fmt': 'fltp', 'compression_level': '9', 'reservoir': '1', 'b:a': '133k', 'abr': 'True'}",176.65625,-2.904,-1.066,0.6050529670028482,1.486138274049809
"{'ar': '24000', 'sample_fmt': 's32p', 'compression_level': '9', 'reservoir': '1', 'b:a': '271k', 'abr': 'True'}",219.1953125,-3.661,-2.499,0.547768582997378,-0.7933205901038004
"{'ar': '44100', 'sample_fmt': 's16p', 'compression_level': '7', 'reservoir': '1', 'b:a': '32k'}",44.771484375,-3.291,-1.629,0.5656436189892702,0.6202059586394104
"{'ar': '12000', 'sample_fmt': 's16p', 'compression_level': '7', 'reservoir': '1', 'b:a': '32k', 'abr': 'True'}",42.78125,-3.777,-2.979,0.5090950849989895,-0.9306572695083343
"{'ar': '44100', 'sample_fmt': 's32p', 'compression_level': '8', 'reservoir': '1', 'b:a': '119k', 'abr': 'True'}",156.2568359375,-3.056,-1.266,0.5627582989691291,1.1045727852526013
"{'ar': '44100', 'sample_fmt': 's32p', 'compression_level': '4', 'reservoir': '1', 'b:a': '163k', 'abr': 'True'}",218.4130859375,-2.673,-0.794,0.7105634470062796,2.0357301118967523
"{'ar': '16000', 'sample_fmt': 's16p', 'compression_level': '6', 'reservoir': '1', 'b:a': '32k', 'abr': 'True'}",43.35546875,-3.405,-1.842,0.5406339420005679,0.29150842770677887
"{'ar': '44100', 'sample_fmt': 's16p', 'compression_level': '6', 'reservoir': '1', 'b:a': '248k', 'abr': 'True'}",344.1435546875,-2.589,-0.703,0.6872076910221949,2.0612542377450906
"{'ar': '44100', 'sample_fmt': 's16p', 'compression_level': '7', 'reservoir': '1', 'b:a': '36k', 'abr': 'True'}",53.24609375,-3.251,-1.561,0.5872907860029954,0.7197320050017157
"{'ar': '44100', 'sample_fmt': 's16p', 'compression_level': '8', 'reservoir': '0', 'b:a': '114k', 'abr': 'True'}",160.8310546875,-3.141,-1.388,0.5619563210348133,0.8608025008031076
"{'ar': '32000', 'sample_fmt': 's32p', 'compression_level': '9', 'reservoir': '1', 'aq': '9'}",81.7109375,-3.518,-2.09,0.5406090860196855,-0.11120885998835736
"{'ar': '44100', 'sample_fmt': 's16p', 'compression_level': '4', 'reservoir': '1', 'b:a': '127k', 'abr': 'True'}",168.5126953125,-2.868,-1.022,0.6916106200078502,1.5904928619347736
"{'ar': '44100', 'sample_fmt': 's16p', 'compression_level': '6', 'reservoir': '1', 'b:a': '131k', 'abr': 'True'}",176.248046875,-2.843,-0.991,0.6578126020322088,1.6486756009712176
"{'ar': '44100', 'sample_fmt': 's16p', 'compression_level': '7', 'reservoir': '1', 'b:a': '169k', 'abr': 'True'}",228.224609375,-2.678,-0.8,0.5653955700108781,2.0172615487782126
"{'ar': '44100', 'sample_fmt': 's16p', 'compression_level': '7', 'reservoir': '1', 'b:a': '32k', 'abr': 'True'}",48.193359375,-3.355,-1.744,0.5527385369932745,0.4303059071582118
"{'ar': '44100', 'sample_fmt': 's16p', 'compression_level': '8', 'reservoir': '1', 'b:a': '112k', 'abr': 'True'}",146.30078125,-3.181,-1.448,0.5614880209905095,0.7718975392781694
"{'ar': '44100', 'sample_fmt': 's16p', 'compression_level': '7', 'reservoir': '1', 'b:a': '169k', 'abr': 'True'}",228.224609375,-2.678,-0.8,0.578365915978793,2.0163028730334727
"{'ar': '44100', 'sample_fmt': 's16p', 'compression_level': '7', 'reservoir': '1', 'b:a': '131k', 'abr': 'True'}",173.748046875,-2.913,-1.077,0.5661590269592125,1.4692140713017492
"{'ar': '44100', 'sample_fmt': 's16p', 'compression_level': '7', 'reservoir': '1', 'b:a': '248k', 'abr': 'True'}",342.11328125,-2.604,-0.719,0.5818295249773655,2.032286275833121
"{'ar': '44100', 'sample_fmt': 's16p', 'compression_level': '7', 'reservoir': '1', 'b:a': '266k', 'abr': 'True'}",367.0693359375,-2.595,-0.709,0.5666650680068415,2.0177096560767094
"{'ar': '44100', 'sample_fmt': 'fltp', 'compression_level': '8', 'reservoir': '1', 'b:a': '125k'}",178.4443359375,-2.916,-1.081,0.5879959549929481,1.4518546914707557
"{'ar': '16000', 'sample_fmt': 's16p', 'compression_level': '6', 'reservoir': '1', 'b:a': '193k', 'abr': 'True'}",210.69921875,-3.764,-2.916,0.5442860449838918,-1.1510360230944703
"{'ar': '44100', 'sample_fmt': 's16p', 'compression_level': '7', 'reservoir': '1', 'b:a': '248k'}",356.8115234375,-2.595,-0.709,0.5898636789934244,2.032363008067714
"{'ar': '44100', 'sample_fmt': 's16p', 'compression_level': '4', 'reservoir': '1', 'b:a': '135k', 'abr': 'True'}",178.7470703125,-2.827,-0.972,0.6986137710046023,1.684944980592027
"{'ar': '44100', 'sample_fmt': 's16p', 'compression_level': '7', 'reservoir': '1', 'b:a': '125k', 'abr': 'True'}",165.2548828125,-2.983,-1.167,0.5569695710146334,1.2919586264770826
"{'ar': '44100', 'sample_fmt': 's16p', 'compression_level': '7', 'reservoir': '1', 'b:a': '124k', 'abr': 'True'}",163.5283203125,-3.024,-1.221,0.569236554991221,1.1812447475424626
"{'ar': '44100', 'sample_fmt': 'fltp', 'compression_level': '0', 'reservoir': '1', 'b:a': '32k'}",44.771484375,-3.12,-1.357,0.9585627199849114,1.07538822990526
"{'ar': '44100', 'sample_fmt': 's16p', 'compression_level': '6', 'reservoir': '1', 'aq': '9'}",105.1748046875,-3.341,-1.719,0.5834167610155419,0.3776207053551464
"{'ar': '44100', 'sample_fmt': 'fltp', 'compression_level': '7', 'reservoir': '0', 'b:a': '36k', 'abr': 'True'}",59.2392578125,-3.256,-1.568,0.5770272750232834,0.6970696329262799
"{'ar': '44100', 'sample_fmt': 'fltp', 'compression_level': '9', 'reservoir': '1', 'b:a': '127k', 'abr': 'True'}",167.8515625,-2.955,-1.131,0.5773781209718436,1.3629015038560295
"{'ar': '44100', 'sample_fmt': 's16p', 'compression_level': '8', 'reservoir': '0', 'b:a': '36k'}",44.771484375,-3.239,-1.54,0.5551337370125111,0.7702153402655385
"{'ar': '44100', 'sample_fmt': 's16p', 'compression_level': '0', 'reservoir': '1', 'b:a': '32k', 'abr': 'True'}",48.26953125,-3.138,-1.383,0.998344857012853,1.0167253079360037
"{'ar': '44100', 'sample_fmt': 'fltp', 'compression_level': '8', 'reservoir': '1', 'b:a': '190k'}",267.6279296875,-2.63,-0.747,0.6045449580124114,2.080049732597936
"{'ar': '44100', 'sample_fmt': 's16p', 'compression_level': '7', 'reservoir': '1', 'b:a': '250k'}",356.8115234375,-2.595,-0.709,0.5836882839794271,2.0328194493553062
"{'ar': '44100', 'sample_fmt': 'fltp', 'compression_level': '7', 'reservoir': '0', 'b:a': '36k'}",44.771484375,-3.237,-1.537,0.5643504629842937,0.7751403563194413
"{'ar': '44100', 'sample_fmt': 'fltp', 'compression_level': '4', 'reservoir': '1', 'b:a': '248k'}",356.8115234375,-2.589,-0.703,0.6920398459769785,2.0406832498298644
"{'ar': '44100', 'sample_fmt': 's32p', 'compression_level': '9', 'reservoir': '1', 'b:a': '249k', 'abr': 'True'}",343.53515625,-2.603,-0.718,0.5734118419641163,2.033285011737288
"{'ar': '44100', 'sample_fmt': 's16p', 'compression_level': '4', 'reservoir': '1', 'b:a': '140k', 'abr': 'True'}",185.0390625,-2.792,-0.931,0.6929520840058103,1.769805162040588
"{'ar': '44100', 'sample_fmt': 'fltp', 'compression_level': '7', 'reservoir': '1', 'b:a': '32k'}",44.771484375,-3.286,-1.619,0.5634219630155712,0.6351744409214448
"{'ar': '44100', 'sample_fmt': 's32p', 'compression_level': '6', 'reservoir': '1', 'b:a': '271k', 'abr': 'True'}",364.92578125,-2.581,-0.694,0.6497816029877868,2.0523376730300393
"{'ar': '44100', 'sample_fmt': 's16p', 'compression_level': '7', 'reservoir': '1', 'b:a': '114k'}",156.1484375,-3.065,-1.278,0.5753461589920335,1.0790604062633953
"{'ar': '44100', 'sample_fmt': 's16p', 'compression_level': '4', 'reservoir': '1', 'b:a': '134k', 'abr': 'True'}",177.7734375,-2.816,-0.959,0.7030417080095503,1.7159015659130037
"{'ar': '44100', 'sample_fmt': 's32p', 'compression_level': '9', 'reservoir': '0', 'aq': '9'}",103.8740234375,-3.314,-1.668,0.5502819499815814,0.46114210600879696
"{'ar': '44100', 'sample_fmt': 's16p', 'compression_level': '7', 'reservoir': '1', 'b:a': '170k', 'abr': 'True'}",229.55078125,-2.677,-0.799,0.6728748810128309,2.0098467130915663
"{'ar': '44100', 'sample_fmt': 's32p', 'compression_level': '8', 'reservoir': '0', 'b:a': '173k', 'abr': 'True'}",265.2109375,-2.664,-0.785,0.5907453069812618,1.9937211075803098
"{'ar': '16000', 'sample_fmt': 's16p', 'compression_level': '9', 'reservoir': '1', 'b:a': '134k', 'abr': 'True'}",186.23046875,-3.771,-2.948,0.5514001800038386,-1.1389221649363135
"{'ar': '44100', 'sample_fmt': 's16p', 'compression_level': '9', 'reservoir': '1', 'b:a': '171k', 'abr': 'True'}",231.0771484375,-2.671,-0.792,0.6262872929801233,2.0270424021084477
"{'ar': '32000', 'sample_fmt': 's32p', 'compression_level': '9', 'reservoir': '1', 'b:a': '272k', 'abr': 'True'}",375.6875,-3.177,-1.442,0.6602686370024458,0.40978461184412523
"{'ar': '44100', 'sample_fmt': 's16p', 'compression_level': '6', 'reservoir': '1', 'b:a': '140k', 'abr': 'True'}",187.7060546875,-2.792,-0.931,0.7877400399884209,1.7585434853084942
"{'ar': '44100', 'sample_fmt': 's32p', 'compression_level': '8', 'reservoir': '1', 'b:a': '167k', 'abr': 'True'}",225.26171875,-2.687,-0.81,0.6373479380272329,1.992547096458084
"{'ar': '44100', 'sample_fmt': 's16p', 'compression_level': '7', 'reservoir': '1', 'b:a': '125k', 'abr': 'True'}",165.2548828125,-2.983,-1.167,0.6271671850117855,1.2867701180098325
"{'ar': '44100', 'sample_fmt': 's16p', 'compression_level': '6', 'reservoir': '1', 'b:a': '143k', 'abr': 'True'}",191.458984375,-2.768,-0.902,0.7149715270206798,1.8230004012077692
"{'ar': '44100', 'sample_fmt': 's16p', 'compression_level': '4', 'reservoir': '1', 'b:a': '163k', 'abr': 'True'}",218.3134765625,-2.673,-0.795,0.7398367889691144,2.0334099193608606
"{'ar': '44100', 'sample_fmt': 's16p', 'compression_level': '4', 'reservoir': '1', 'b:a': '127k', 'abr': 'True'}",168.5126953125,-2.868,-1.022,0.6871299510239623,1.5908240411250347
"{'ar': '44100', 'sample_fmt': 's16p', 'compression_level': '7', 'reservoir': '1', 'b:a': '166k', 'abr': 'True'}",224.13671875,-2.693,-0.816,0.6432481429947075,1.9780337404713122
"{'ar': '44100', 'sample_fmt': 's16p', 'compression_level': '6', 'reservoir': '1', 'b:a': '145k', 'abr': 'True'}",197.64453125,-2.717,-0.844,0.6881407569744624,1.952236900103089
"{'ar': '44100', 'sample_fmt': 's16p', 'compression_level': '7', 'reservoir': '1', 'b:a': '172k', 'abr': 'True'}",232.3984375,-2.668,-0.789,0.5943210630211979,2.0352329730661802
"{'ar': '12000', 'sample_fmt': 's16p', 'compression_level': '8', 'reservoir': '1', 'b:a': '175k', 'abr': 'True'}",88.578125,-3.74,-2.803,0.5159612239804119,-0.8625128383882752
"{'ar': '44100', 'sample_fmt': 's16p', 'compression_level': '0', 'reservoir': '1', 'b:a': '32k', 'abr': 'True'}",48.26953125,-3.138,-1.383,0.9885745419887826,1.0174474601480739
"{'ar': '44100', 'sample_fmt': 's32p', 'compression_level': '8', 'reservoir': '1', 'b:a': '245k', 'abr': 'True'}",337.9482421875,-2.601,-0.716,0.5828584299888462,2.0467924206481616
"{'ar': '8000', 'sample_fmt': 's32p', 'compression_level': '9', 'reservoir': '1', 'aq': '9'}",36.8515625,-3.855,-3.486,0.5071588150167372,-1.2627249260811957
"{'ar': '44100', 'sample_fmt': 's16p', 'compression_level': '9', 'reservoir': '1', 'b:a': '134k'}",178.4443359375,-2.914,-1.079,0.5897756629856303,1.457013940602328
"{'ar': '44100', 'sample_fmt': 's32p', 'compression_level': '7', 'reservoir': '1', 'b:a': '249k', 'abr': 'True'}",343.53515625,-2.603,-0.718,0.5990400520095136,2.0313907566871605
"{'ar': '44100', 'sample_fmt': 'fltp', 'compression_level': '8', 'reservoir': '0', 'b:a': '173k', 'abr': 'True'}",265.3125,-2.664,-0.784,0.5873075929994229,1.9941285976747403
"{'ar': '44100', 'sample_fmt': 's16p', 'compression_level': '9', 'reservoir': '1', 'b:a': '127k', 'abr': 'True'}",167.7998046875,-2.959,-1.136,0.5808216169825755,1.3518325298354354
"{'ar': '44100', 'sample_fmt': 's16p', 'compression_level': '7', 'reservoir': '1', 'b:a': '173k', 'abr': 'True'}",234.02734375,-2.665,-0.786,0.5840647819859441,2.0413280451153275
"{'ar': '16000', 'sample_fmt': 's16p', 'compression_level': '7', 'reservoir': '1', 'b:a': '36k'}",44.97265625,-3.704,-2.653,0.5141232740134001,-0.6616007636256468
"{'ar': '44100', 'sample_fmt': 'fltp', 'compression_level': '0', 'reservoir': '1', 'b:a': '191k'}",267.6279296875,-2.627,-0.744,1.1079651679901872,2.050776679121018
"{'ar': '44100', 'sample_fmt': 's32p', 'compression_level': '8', 'reservoir': '1', 'b:a': '247k', 'abr': 'True'}",340.6904296875,-2.605,-0.72,0.5863451570039615,2.0315775100575
"{'ar': '44100', 'sample_fmt': 's32p', 'compression_level': '6', 'reservoir': '1', 'b:a': '267k', 'abr': 'True'}",362.1689453125,-2.586,-0.699,0.6731903790205251,2.0417794670657363
"{'ar': '24000', 'sample_fmt': 's16p', 'compression_level': '9', 'reservoir': '1', 'b:a': '272k', 'abr': 'True'}",219.1953125,-3.661,-2.499,0.5383598890039138,-0.7926251663469069
"{'ar': '44100', 'sample_fmt': 's16p', 'compression_level': '7', 'reservoir': '1', 'b:a': '171k', 'abr': 'True'}",231.0771484375,-2.671,-0.792,0.5914284189930186,2.0296189221999743
"{'ar': '44100', 'sample_fmt': 'fltp', 'compression_level': '8', 'reservoir': '1', 'b:a': '192k'}",267.6279296875,-2.63,-0.747,0.6095829739933833,2.079677358280819
"{'ar': '44100', 'sample_fmt': 's16p', 'compression_level': '6', 'reservoir': '1', 'b:a': '272k', 'abr': 'True'}",366.0478515625,-2.582,-0.696,0.713617223984329,2.042868095308055
"{'ar': '44100', 'sample_fmt': 's16p', 'compression_level': '8', 'reservoir': '1', 'b:a': '111k', 'abr': 'True'}",144.9296875,-3.189,-1.46,0.5894839460088406,0.7495910817450562
"{'ar': '22050', 'sample_fmt': 's16p', 'compression_level': '8', 'reservoir': '0', 'b:a': '246k', 'abr': 'True'}",223.35546875,-3.677,-2.554,0.5394776959728915,-0.8539752186361067
"{'ar': '44100', 'sample_fmt': 's16p', 'compression_level': '6', 'reservoir': '1', 'b:a': '145k', 'abr': 'True'}",197.64453125,-2.717,-0.844,0.7038436780276243,1.9510762518387734
"{'ar': '44100', 'sample_fmt': 's16p', 'compression_level': '7', 'reservoir': '1', 'b:a': '151k', 'abr': 'True'}",202.5986328125,-2.761,-0.895,0.6186251600156538,1.8308642705289901
"{'ar': '44100', 'sample_fmt': 's16p', 'compression_level': '6', 'reservoir': '0', 'b:a': '36k'}",44.771484375,-3.234,-1.532,0.6892005569825415,0.7744794307056903
"{'ar': '44100', 'sample_fmt': 's32p', 'compression_level': '7', 'reservoir': '1', 'b:a': '162k', 'abr': 'True'}",218.001953125,-2.706,-0.832,0.5939043519902043,1.956133384593417
"{'ar': '44100', 'sample_fmt': 's16p', 'compression_level': '4', 'reservoir': '1', 'b:a': '190k', 'abr': 'True'}",257.396484375,-2.624,-0.74,0.6859869330073707,2.1065439119712472
"{'ar': '44100', 'sample_fmt': 's32p', 'compression_level': '8', 'reservoir': '1', 'b:a': '116k', 'abr': 'True'}",151.9384765625,-3.099,-1.326,0.5953175319882575,0.9899420599804001
"{'ar': '44100', 'sample_fmt': 'fltp', 'compression_level': '0', 'reservoir': '1', 'b:a': '32k', 'abr': 'True'}",48.244140625,-3.132,-1.375,0.9822043370222673,1.0344621096144166
"{'ar': '44100', 'sample_fmt': 's32p', 'compression_level': '8', 'reservoir': '1', 'b:a': '173k', 'abr': 'True'}",234.1298828125,-2.664,-0.785,0.5709775039867964,2.0447771419370815
"{'ar': '44100', 'sample_fmt': 'fltp', 'compression_level': '8', 'reservoir': '1', 'b:a': '36k', 'abr': 'True'}",53.220703125,-3.256,-1.568,0.5626195610093419,0.707738143398399
"{'ar': '44100', 'sample_fmt': 's16p', 'compression_level': '4', 'reservoir': '1', 'b:a': '190k', 'abr': 'True'}",257.396484375,-2.624,-0.74,0.6773446050065104,2.1071826914034233
"{'ar': '44100', 'sample_fmt': 's16p', 'compression_level': '9', 'reservoir': '1', 'b:a': '139k'}",178.4443359375,-2.914,-1.079,0.6030949740088545,1.4560294718421114
"{'ar': '44100', 'sample_fmt': 'fltp', 'compression_level': '8', 'reservoir': '1', 'b:a': '190k'}",267.6279296875,-2.63,-0.747,0.5939313459966797,2.0808342153271346
"{'ar': '44100', 'sample_fmt': 'fltp', 'compression_level': '6', 'reservoir': '1', 'b:a': '248k', 'abr': 'True'}",344.2451171875,-2.59,-0.704,0.6502738629933447,2.0611766677525245
"{'ar': '8000', 'sample_fmt': 's16p', 'compression_level': '8', 'reservoir': '1', 'aq': '9'}",36.8515625,-3.855,-3.486,0.5781738849764224,-1.2679738550804511
"{'ar': '44100', 'sample_fmt': 's32p', 'compression_level': '0', 'reservoir': '1', 'b:a': '32k', 'abr': 'True'}",48.244140625,-3.132,-1.375,1.0187308519962244,1.0317623293593614
"{'ar': '44100', 'sample_fmt': 's16p', 'compression_level': '7', 'reservoir': '1', 'b:a': '112k'}",156.1484375,-3.065,-1.278,0.6050164580228738,1.0768673887378482
"{'ar': '44100', 'sample_fmt': 's16p', 'compression_level': '8', 'reservoir': '1', 'b:a': '114k', 'abr': 'True'}",149.4013671875,-3.141,-1.388,0.5929563290264923,0.8767491484632058
"{'ar': '8000', 'sample_fmt': 's32p', 'compression_level': '8', 'reservoir': '1', 'aq': '9'}",36.8515625,-3.855,-3.486,0.5478779199765995,-1.2657345927754464
"{'ar': '44100', 'sample_fmt': 'fltp', 'compression_level': '8', 'reservoir': '0', 'b:a': '174k', 'abr': 'True'}",267.447265625,-2.659,-0.78,0.642676672025118,1.9995412619372561
"{'ar': '44100', 'sample_fmt': 's16p', 'compression_level': '7', 'reservoir': '1', 'b:a': '125k', 'abr': 'True'}",165.2548828125,-2.983,-1.167,0.5716811789898202,1.2908712490264869
"{'ar': '44100', 'sample_fmt': 's16p', 'compression_level': '7', 'reservoir': '1', 'b:a': '127k', 'abr': 'True'}",167.7998046875,-2.959,-1.136,0.5939268489892129,1.3508638842738574
"{'ar': '44100', 'sample_fmt': 's16p', 'compression_level': '6', 'reservoir': '1', 'b:a': '32k', 'abr': 'True'}",48.21875,-3.352,-1.738,0.633136170974467,0.4332055347842076
"{'ar': '44100', 'sample_fmt': 's16p', 'compression_level': '7', 'reservoir': '1', 'b:a': '173k', 'abr': 'True'}",234.02734375,-2.665,-0.786,0.5768040800176095,2.041864704575611
"{'ar': '44100', 'sample_fmt': 's16p', 'compression_level': '7', 'reservoir': '1', 'b:a': '171k', 'abr': 'True'}",231.0771484375,-2.671,-0.792,0.5848630320106167,2.030104188920726
"{'ar': '44100', 'sample_fmt': 'fltp', 'compression_level': '4', 'reservoir': '1', 'b:a': '134k', 'abr': 'True'}",177.6748046875,-2.828,-0.973,0.7389332939928863,1.681030428217619
"{'ar': '44100', 'sample_fmt': 's16p', 'compression_level': '9', 'reservoir': '1', 'b:a': '125k', 'abr': 'True'}",165.2548828125,-2.983,-1.167,0.6762191540037747,1.283144545259446
"{'ar': '44100', 'sample_fmt': 's16p', 'compression_level': '7', 'reservoir': '1', 'b:a': '32k'}",44.771484375,-3.291,-1.629,0.5848462979774922,0.6187866331545254
"{'ar': '44100', 'sample_fmt': 's16p', 'compression_level': '8', 'reservoir': '1', 'b:a': '151k', 'abr': 'True'}",202.5986328125,-2.761,-0.895,0.6081322300306056,1.8316398333006236
"{'ar': '12000', 'sample_fmt': 's16p', 'compression_level': '8', 'reservoir': '1', 'b:a': '131k', 'abr': 'True'}",88.390625,-3.74,-2.803,0.5497312149964273,-0.8647096888795031
"{'ar': '44100', 'sample_fmt': 's16p', 'compression_level': '8', 'reservoir': '1', 'b:a': '277k', 'abr': 'True'}",381.287109375,-2.597,-0.712,0.6200777860067319,1.9854687189988112
"{'ar': '44100', 'sample_fmt': 's32p', 'compression_level': '6', 'reservoir': '1', 'b:a': '114k', 'abr': 'True'}",152.2431640625,-2.974,-1.155,0.6555151799984742,1.330192116322692
"{'ar': '44100', 'sample_fmt': 's32p', 'compression_level': '6', 'reservoir': '1', 'b:a': '114k', 'abr': 'True'}",152.2431640625,-2.974,-1.155,0.6676117409951985,1.3292980245497343
"{'ar': '44100', 'sample_fmt': 's16p', 'compression_level': '7', 'reservoir': '1', 'b:a': '259k'}",356.8115234375,-2.595,-0.709,0.590527643013047,2.0323139325686825
"{'ar': '44100', 'sample_fmt': 's16p', 'compression_level': '7', 'reservoir': '1', 'b:a': '127k'}",178.4443359375,-2.914,-1.079,0.5705951940035447,1.4584316244814897
"{'ar': '32000', 'sample_fmt': 's16p', 'compression_level': '9', 'reservoir': '0', 'aq': '9'}",89.5859375,-3.514,-2.081,0.5457609779841732,-0.11199663296676597
"{'ar': '44100', 'sample_fmt': 's16p', 'compression_level': '7', 'reservoir': '0', 'b:a': '36k'}",44.771484375,-3.239,-1.54,0.5800730279879645,0.7683720052143129
"{'ar': '44100', 'sample_fmt': 's16p', 'compression_level': '7', 'reservoir': '1', 'b:a': '143k', 'abr': 'True'}",190.8896484375,-2.799,-0.939,0.5706996849912684,1.7506723850258727
"{'ar': '44100', 'sample_fmt': 's32p', 'compression_level': '9', 'reservoir': '1', 'b:a': '113k', 'abr': 'True'}",147.62109375,-3.164,-1.423,0.5966306579939555,0.8146886729584117
"{'ar': '44100', 'sample_fmt': 's16p', 'compression_level': '8', 'reservoir': '0', 'b:a': '137k', 'abr': 'True'}",202.5341796875,-2.862,-1.014,0.5784928140055854,1.5610701415833181
"{'ar': '44100', 'sample_fmt': 's32p', 'compression_level': '9', 'reservoir': '1', 'b:a': '113k', 'abr': 'True'}",147.62109375,-3.164,-1.423,0.5753729410062078,0.8162598922393094
"{'ar': '44100', 'sample_fmt': 's32p', 'compression_level': '6', 'reservoir': '1', 'b:a': '271k', 'abr': 'True'}",364.92578125,-2.581,-0.694,0.6585694260138553,2.051688139640182
"{'ar': '22050', 'sample_fmt': 's32p', 'compression_level': '8', 'reservoir': '0', 'b:a': '246k', 'abr': 'True'}",223.35546875,-3.676,-2.552,0.5327873569913208,-0.8505198616980518
"{'ar': '44100', 'sample_fmt': 's16p', 'compression_level': '7', 'reservoir': '1', 'b:a': '250k'}",356.8115234375,-2.595,-0.709,0.585197036009049,2.0327079331336724
"{'ar': '44100', 'sample_fmt': 's16p', 'compression_level': '7', 'reservoir': '1', 'b:a': '131k', 'abr': 'True'}",173.748046875,-2.913,-1.077,0.574790025013499,1.4685761292986592
"{'ar': '44100', 'sample_fmt': 's16p', 'compression_level': '6', 'reservoir': '1', 'b:a': '137k', 'abr': 'True'}",183.759765625,-2.816,-0.959,0.6729129290033597,1.7085762991011615
"{'ar': '44100', 'sample_fmt': 's16p', 'compression_level': '8', 'reservoir': '1', 'b:a': '111k', 'abr': 'True'}",144.9296875,-3.189,-1.46,0.5596526459848974,0.7517959993191718
"{'ar': '44100', 'sample_fmt': 's16p', 'compression_level': '8', 'reservoir': '1', 'b:a': '112k', 'abr': 'True'}",146.30078125,-3.181,-1.448,0.6023429810011294,0.7688778311446015
"{'ar': '44100', 'sample_fmt': 's16p', 'compression_level': '7', 'reservoir': '0', 'b:a': '166k'}",223.037109375,-2.705,-0.83,0.5902818129980005,1.9513275709501128
"{'ar': '44100', 'sample_fmt': 's16p', 'compression_level': '8', 'reservoir': '1', 'b:a': '114k', 'abr': 'True'}",149.4013671875,-3.141,-1.388,0.5669951059971936,0.878668017465123
"{'ar': '44100', 'sample_fmt': 'fltp', 'compression_level': '9', 'reservoir': '1', 'b:a': '133k', 'abr': 'True'}",176.65625,-2.904,-1.066,0.6031924669805449,1.4862757889818612
"{'ar': '44100', 'sample_fmt': 's16p', 'compression_level': '7', 'reservoir': '1', 'b:a': '163k', 'abr': 'True'}",219.642578125,-2.703,-0.828,0.6090153970289975,1.9606502434942805
"{'ar': '44100', 'sample_fmt': 's16p', 'compression_level': '4', 'reservoir': '1', 'b:a': '127k', 'abr': 'True'}",168.5126953125,-2.868,-1.022,0.6884196439641528,1.590728716193612
"{'ar': '16000', 'sample_fmt': 's32p', 'compression_level': '0', 'reservoir': '1', 'b:a': '32k', 'abr': 'True'}",43.91796875,-3.277,-1.605,0.7580421599850524,0.6475372827891996
"{'ar': '44100', 'sample_fmt': 's32p', 'compression_level': '8', 'reservoir': '1', 'b:a': '254k', 'abr': 'True'}",350.5458984375,-2.6,-0.714,0.5893920929811429,2.0291687191795766
"{'ar': '24000', 'sample_fmt': 's32p', 'compression_level': '7', 'reservoir': '1', 'b:a': '32k', 'abr': 'True'}",44.234375,-3.707,-2.666,0.535674706014106,-0.6731064157916639
"{'ar': '32000', 'sample_fmt': 's32p', 'compression_level': '9', 'reservoir': '1', 'b:a': '271k', 'abr': 'True'}",374.703125,-3.176,-1.441,0.5555334679957014,0.42174201938241135
"{'ar': '12000', 'sample_fmt': 'fltp', 'compression_level': '7', 'reservoir': '1', 'b:a': '171k'}",90.640625,-3.742,-2.811,0.5040922460029833,-0.8721101691280682
"{'ar': '8000', 'sample_fmt': 'fltp', 'compression_level': '8', 'reservoir': '1', 'aq': '9'}",36.8515625,-3.855,-3.486,0.5133376259764191,-1.2631816198512027
"{'ar': '44100', 'sample_fmt': 's16p', 'compression_level': '8', 'reservoir': '1', 'b:a': '32k', 'abr': 'True'}",48.193359375,-3.355,-1.744,0.550402863038471,0.43047854356849957
"{'ar': '12000', 'sample_fmt': 's16p', 'compression_level': '8', 'reservoir': '1', 'b:a': '32k'}",45.078125,-3.779,-2.988,0.5246846579830162,-0.9429735833843607
"{'ar': '44100', 'sample_fmt': 's32p', 'compression_level': '9', 'reservoir': '1', 'b:a': '118k', 'abr': 'True'}",154.9375,-3.074,-1.291,0.5846948109974619,1.0552312706494238
"{'ar': '44100', 'sample_fmt': 's32p', 'compression_level': '6', 'reservoir': '1', 'b:a': '114k', 'abr': 'True'}",152.2431640625,-2.974,-1.155,0.677476535027381,1.3285688891212035
"{'ar': '44100', 'sample_fmt': 's16p', 'compression_level': '7', 'reservoir': '1', 'b:a': '167k', 'abr': 'True'}",225.3603515625,-2.69,-0.813,0.6168823700281791,1.985966192093567
"{'ar': '44100', 'sample_fmt': 's16p', 'compression_level': '6', 'reservoir': '0', 'b:a': '143k', 'abr': 'True'}",222.42578125,-2.768,-0.902,0.7525367940252181,1.7708112220126488
"{'ar': '44100', 'sample_fmt': 's16p', 'compression_level': '4', 'reservoir': '1', 'b:a': '141k', 'abr': 'True'}",186.21875,-2.794,-0.932,0.7658483129926026,1.7575594714681653
"{'ar': '44100', 'sample_fmt': 'fltp', 'compression_level': '8', 'reservoir': '0', 'b:a': '173k', 'abr': 'True'}",265.3125,-2.664,-0.784,0.6449636459874455,1.98986707221707
"{'ar': '44100', 'sample_fmt': 's16p', 'compression_level': '7', 'reservoir': '1', 'b:a': '172k', 'abr': 'True'}",232.3984375,-2.668,-0.789,0.7051085779967252,2.027044347744251
"{'ar': '44100', 'sample_fmt': 'fltp', 'compression_level': '8', 'reservoir': '0', 'b:a': '113k', 'abr': 'True'}",160.119140625,-3.164,-1.423,0.6622607620083727,0.7898950712911678
"{'ar': '12000', 'sample_fmt': 'fltp', 'compression_level': '8', 'reservoir': '1', 'b:a': '190k'}",90.640625,-3.742,-2.811,0.547257992962841,-0.8753006742014383
"{'ar': '44100', 'sample_fmt': 's32p', 'compression_level': '6', 'reservoir': '1', 'b:a': '164k', 'abr': 'True'}",223.013671875,-2.665,-0.786,0.7276679499773309,2.048288046475036
"{'ar': '44100', 'sample_fmt': 's32p', 'compression_level': '4', 'reservoir': '1', 'b:a': '163k', 'abr': 'True'}",218.4130859375,-2.673,-0.794,0.7342581629927736,2.033978766978818
"{'ar': '44100', 'sample_fmt': 'fltp', 'compression_level': '7', 'reservoir': '1', 'b:a': '172k', 'abr': 'True'}",232.5009765625,-2.664,-0.784,0.6022245440108236,2.045382229389363
"{'ar': '44100', 'sample_fmt': 's16p', 'compression_level': '8', 'reservoir': '1', 'b:a': '168k', 'abr': 'True'}",226.796875,-2.686,-0.809,0.5831198099767789,1.9967510558303454
"{'ar': '44100', 'sample_fmt': 's16p', 'compression_level': '8', 'reservoir': '0', 'b:a': '36k', 'abr': 'True'}",59.2646484375,-3.251,-1.561,0.6314288580033462,0.7068660378731193
"{'ar': '16000', 'sample_fmt': 's16p', 'compression_level': '7', 'reservoir': '1', 'b:a': '32k', 'abr': 'True'}",42.79296875,-3.446,-1.926,0.5324431979970541,0.1709854329705793
"{'ar': '44100', 'sample_fmt': 's32p', 'compression_level': '8', 'reservoir': '0', 'b:a': '143k', 'abr': 'True'}",223.3466796875,-2.805,-0.945,0.5767503429960925,1.6825622499120207
"{'ar': '44100', 'sample_fmt': 's16p', 'compression_level': '7', 'reservoir': '1', 'b:a': '250k', 'abr': 'True'}",344.75390625,-2.604,-0.719,0.5924634379916824,2.027286740744691
"{'ar': '44100', 'sample_fmt': 's16p', 'compression_level': '7', 'reservoir': '1', 'b:a': '172k', 'abr': 'True'}",232.3984375,-2.668,-0.789,0.5794575739710126,2.036331576485848
"{'ar': '44100', 'sample_fmt': 's32p', 'compression_level': '8', 'reservoir': '1', 'b:a': '190k', 'abr': 'True'}",259.3271484375,-2.638,-0.756,0.5867308200104162,2.07313306148712
"{'ar': '12000', 'sample_fmt': 'fltp', 'compression_level': '8', 'reservoir': '0', 'b:a': '32k', 'abr': 'True'}",47.28125,-3.777,-2.982,0.5433342409669422,-0.9413148504087739
"{'ar': '44100', 'sample_fmt': 's32p', 'compression_level': '6', 'reservoir': '1', 'b:a': '163k', 'abr': 'True'}",221.7880859375,-2.672,-0.794,0.6902304050163366,2.034177555564435
"{'ar': '44100', 'sample_fmt': 's16p', 'compression_level': '6', 'reservoir': '0', 'b:a': '141k', 'abr': 'True'}",220.4794921875,-2.793,-0.932,0.675095851009246,1.7119285322449365
"{'ar': '44100', 'sample_fmt': 's16p', 'compression_level': '7', 'reservoir': '1', 'b:a': '136k', 'abr': 'True'}",180.84375,-2.87,-1.024,0.5983644790248945,1.5724179335965554
"{'ar': '44100', 'sample_fmt': 's16p', 'compression_level': '7', 'reservoir': '1', 'b:a': '114k'}",156.1484375,-3.065,-1.278,0.6161218670022208,1.0760465558741563
"{'ar': '44100', 'sample_fmt': 's16p', 'compression_level': '8', 'reservoir': '1', 'b:a': '172k', 'abr': 'True'}",232.3984375,-2.668,-0.789,0.5800011539831758,2.0362913989166236
"{'ar': '16000', 'sample_fmt': 's32p', 'compression_level': '0', 'reservoir': '1', 'b:a': '32k', 'abr': 'True'}",43.91796875,-3.277,-1.605,0.7552638640045188,0.6477426346722438
"{'ar': '16000', 'sample_fmt': 's16p', 'compression_level': '7', 'reservoir': '1', 'b:a': '32k', 'abr': 'True'}",42.79296875,-3.446,-1.926,0.5715335980057716,0.1680961485649633
"{'ar': '16000', 'sample_fmt': 's16p', 'compression_level': '9', 'reservoir': '1', 'b:a': '272k', 'abr': 'True'}",220.68359375,-3.766,-2.926,0.5221752140205353,-1.1731479212671414
"{'ar': '44100', 'sample_fmt': 's16p', 'compression_level': '8', 'reservoir': '1', 'b:a': '32k', 'abr': 'True'}",48.193359375,-3.355,-1.744,0.5691829400020652,0.42909045382024735
"{'ar': '44100', 'sample_fmt': 's16p', 'compression_level': '8', 'reservoir': '1', 'b:a': '137k', 'abr': 'True'}",182.173828125,-2.862,-1.014,0.5847541819966864,1.5930956381659869
"{'ar': '44100', 'sample_fmt': 's16p', 'compression_level': '6', 'reservoir': '1', 'b:a': '253k', 'abr': 'True'}",349.7314453125,-2.582,-0.695,0.6601748389948625,2.0731691467702986
"{'ar': '44100', 'sample_fmt': 's16p', 'compression_level': '6', 'reservoir': '1', 'b:a': '114k', 'abr': 'True'}",152.3955078125,-2.974,-1.156,0.6562867310130969,1.3295765408196052
"{'ar': '44100', 'sample_fmt': 'fltp', 'compression_level': '7', 'reservoir': '1', 'b:a': '190k', 'abr': 'True'}",259.3271484375,-2.638,-0.756,0.5914418050087988,2.072784858974793
"{'ar': '44100', 'sample_fmt': 'fltp', 'compression_level': '9', 'reservoir': '1', 'b:a': '112k', 'abr': 'True'}",146.25,-3.181,-1.449,0.5909903070132714,0.7694825115144321
"{'ar': '16000', 'sample_fmt': 's16p', 'compression_level': '7', 'reservoir': '1', 'b:a': '32k', 'abr': 'True'}",42.79296875,-3.446,-1.926,0.5378925130062271,0.17058265835395267
"{'ar': '44100', 'sample_fmt': 's16p', 'compression_level': '8', 'reservoir': '1', 'b:a': '135k', 'abr': 'True'}",179.365234375,-2.88,-1.036,0.5783567630278412,1.5491710974736976
"{'ar': '32000', 'sample_fmt': 's16p', 'compression_level': '9', 'reservoir': '1', 'b:a': '272k', 'abr': 'True'}",375.828125,-3.176,-1.441,0.5651697110151872,0.41923465413630046
"{'ar': '16000', 'sample_fmt': 's32p', 'compression_level': '7', 'reservoir': '1', 'b:a': '65k', 'abr': 'True'}",89.234375,-3.792,-3.061,0.5401706289849244,-1.0678944172582208
"{'ar': '44100', 'sample_fmt': 's16p', 'compression_level': '7', 'reservoir': '1', 'b:a': '114k', 'abr': 'True'}",149.4013671875,-3.141,-1.388,0.614787627971964,0.8751355340826052
"{'ar': '44100', 'sample_fmt': 'fltp', 'compression_level': '6', 'reservoir': '0', 'b:a': '36k', 'abr': 'True'}",59.2919921875,-3.249,-1.557,0.6767057010147255,0.709397573445103
"{'ar': '44100', 'sample_fmt': 's16p', 'compression_level': '7', 'reservoir': '1', 'b:a': '116k'}",156.1484375,-3.065,-1.278,0.5763892639661208,1.0789833073609953
"{'ar': '44100', 'sample_fmt': 's16p', 'compression_level': '7', 'reservoir': '1', 'b:a': '135k', 'abr': 'True'}",179.365234375,-2.88,-1.036,0.583981835981831,1.5487553320795653
"{'ar': '44100', 'sample_fmt': 's16p', 'compression_level': '8', 'reservoir': '1', 'b:a': '190k'}",267.6279296875,-2.634,-0.752,0.5993775379902218,2.0695346281506515
"{'ar': '44100', 'sample_fmt': 'fltp', 'compression_level': '8', 'reservoir': '0', 'b:a': '249k', 'abr': 'True'}",360.0947265625,-2.603,-0.718,0.5870326750155073,2.005854736352298
"{'ar': '44100', 'sample_fmt': 's16p', 'compression_level': '8', 'reservoir': '1', 'b:a': '114k', 'abr': 'True'}",149.4013671875,-3.141,-1.388,0.5674417289847042,0.8786350062697217
"{'ar': '44100', 'sample_fmt': 's16p', 'compression_level': '6', 'reservoir': '1', 'b:a': '131k', 'abr': 'True'}",176.248046875,-2.843,-0.991,0.6949668019951787,1.645929426705101
"{'ar': '44100', 'sample_fmt': 's16p', 'compression_level': '8', 'reservoir': '0', 'b:a': '167k', 'abr': 'True'}",243.1689453125,-2.69,-0.814,0.5997860230272636,1.9584978313337464
"{'ar': '12000', 'sample_fmt': 'fltp', 'compression_level': '8', 'reservoir': '0', 'b:a': '32k', 'abr': 'True'}",47.28125,-3.777,-2.982,0.5132463930058293,-0.9390909706353973
"{'ar': '44100', 'sample_fmt': 's32p', 'compression_level': '9', 'reservoir': '1', 'b:a': '155k', 'abr': 'True'}",208.1728515625,-2.74,-0.87,0.586596012028167,1.881152208615274
"{'ar': '44100', 'sample_fmt': 's16p', 'compression_level': '8', 'reservoir': '1', 'b:a': '151k', 'abr': 'True'}",202.5986328125,-2.761,-0.895,0.6033438780286815,1.8319937542317135
"{'ar': '44100', 'sample_fmt': 'fltp', 'compression_level': '6', 'reservoir': '1', 'b:a': '133k', 'abr': 'True'}",178.697265625,-2.833,-0.979,0.8546664369932842,1.6573023128723654
"{'ar': '44100', 'sample_fmt': 's16p', 'compression_level': '9', 'reservoir': '1', 'b:a': '134k', 'abr': 'True'}",178.1396484375,-2.894,-1.053,0.9023997629992664,1.4891938445521296
"{'ar': '44100', 'sample_fmt': 's16p', 'compression_level': '8', 'reservoir': '1', 'b:a': '126k', 'abr': 'True'}",166.578125,-2.971,-1.152,0.769081804988673,1.3068604778713877
"{'ar': '44100', 'sample_fmt': 's32p', 'compression_level': '6', 'reservoir': '1', 'b:a': '163k', 'abr': 'True'}",221.7880859375,-2.672,-0.794,0.7130144500115421,2.0324935209706005
"{'ar': '16000', 'sample_fmt': 's16p', 'compression_level': '8', 'reservoir': '1', 'b:a': '32k', 'abr': 'True'}",42.79296875,-3.446,-1.926,0.6843522889830638,0.1597573931562182
"{'ar': '44100', 'sample_fmt': 's16p', 'compression_level': '6', 'reservoir': '1', 'b:a': '191k', 'abr': 'True'}",263.0927734375,-2.629,-0.746,0.7662995730061084,2.0779759662207815
"{'ar': '12000', 'sample_fmt': 'fltp', 'compression_level': '8', 'reservoir': '1', 'b:a': '190k'}",90.640625,-3.742,-2.811,0.5243279540154617,-0.8736058487727895
"{'ar': '44100', 'sample_fmt': 's32p', 'compression_level': '9', 'reservoir': '1', 'b:a': '118k', 'abr': 'True'}",154.9375,-3.074,-1.291,0.597114545002114,1.0543132922257306
"{'ar': '44100', 'sample_fmt': 's16p', 'compression_level': '7', 'reservoir': '1', 'b:a': '134k', 'abr': 'True'}",178.1396484375,-2.894,-1.053,0.5788771570078097,1.5131063350906484
"{'ar': '44100', 'sample_fmt': 's32p', 'compression_level': '6', 'reservoir': '1', 'b:a': '114k', 'abr': 'True'}",152.2431640625,-2.974,-1.155,0.6580403469852172,1.3300054739349256
"{'ar': '44100', 'sample_fmt': 's32p', 'compression_level': '6', 'reservoir': '1', 'b:a': '113k', 'abr': 'True'}",150.5673828125,-2.991,-1.178,0.6874974829843268,1.2836377101089322
"{'ar': '44100', 'sample_fmt': 's16p', 'compression_level': '7', 'reservoir': '1', 'b:a': '127k', 'abr': 'True'}",167.7998046875,-2.959,-1.136,0.6196988870215137,1.3489589984816663
"{'ar': '16000', 'sample_fmt': 's16p', 'compression_level': '7', 'reservoir': '1', 'b:a': '32k', 'abr': 'True'}",42.79296875,-3.446,-1.926,0.526638348994311,0.1714144861318885
"{'ar': '22050', 'sample_fmt': 's16p', 'compression_level': '8', 'reservoir': '0', 'b:a': '40k', 'abr': 'True'}",59.474609375,-3.689,-2.598,0.5518101899942849,-0.6352272857906147
"{'ar': '44100', 'sample_fmt': 's32p', 'compression_level': '4', 'reservoir': '1', 'b:a': '163k', 'abr': 'True'}",218.4130859375,-2.673,-0.794,0.7282192840066273,2.0344251179723662
"{'ar': '44100', 'sample_fmt': 's16p', 'compression_level': '6', 'reservoir': '1', 'b:a': '33k'}",44.771484375,-3.296,-1.637,0.6232711659977213,0.601773183687669
"{'ar': '44100', 'sample_fmt': 's16p', 'compression_level': '7', 'reservoir': '1', 'b:a': '114k'}",156.1484375,-3.065,-1.278,0.5818621829967014,1.0785787881029492
"{'ar': '44100', 'sample_fmt': 's32p', 'compression_level': '8', 'reservoir': '1', 'b:a': '114k'}",156.1484375,-3.068,-1.283,0.5865054420137312,1.0696684858598726
"{'ar': '16000', 'sample_fmt': 's16p', 'compression_level': '0', 'reservoir': '1', 'b:a': '32k', 'abr': 'True'}",43.8125,-3.269,-1.591,0.7466877649712842,0.6716007320971022
"{'ar': '8000', 'sample_fmt': 's32p', 'compression_level': '9', 'reservoir': '1', 'aq': '9'}",36.8515625,-3.855,-3.486,0.5032140400144272,-1.2624333563634313
"{'ar': '44100', 'sample_fmt': 's16p', 'compression_level': '7', 'reservoir': '0', 'b:a': '127k', 'abr': 'True'}",183.318359375,-2.959,-1.136,0.5999516169831622,1.3256561677925127
"{'ar': '44100', 'sample_fmt': 'fltp', 'compression_level': '8', 'reservoir': '0', 'b:a': '36k', 'abr': 'True'}",59.2392578125,-3.256,-1.568,0.5830562949704472,0.6966240106427882
"{'ar': '32000', 'sample_fmt': 's32p', 'compression_level': '9', 'reservoir': '1', 'b:a': '272k', 'abr': 'True'}",375.6875,-3.177,-1.442,0.5553512920159847,0.41753935594191943
"{'ar': '44100', 'sample_fmt': 's32p', 'compression_level': '9', 'reservoir': '1', 'b:a': '113k', 'abr': 'True'}",147.62109375,-3.164,-1.423,0.5822240409615915,0.8157535076472358
"{'ar': '44100', 'sample_fmt': 's32p', 'compression_level': '8', 'reservoir': '0', 'b:a': '163k', 'abr': 'True'}",233.4189453125,-2.704,-0.829,0.5811623290064745,1.9380810864410778
"{'ar': '44100', 'sample_fmt': 's32p', 'compression_level': '7', 'reservoir': '1', 'b:a': '172k', 'abr': 'True'}",232.501953125,-2.664,-0.785,0.5797895879950374,2.046723445133528
"{'ar': '44100', 'sample_fmt': 's16p', 'compression_level': '4', 'reservoir': '0', 'b:a': '142k', 'abr': 'True'}",217.404296875,-2.783,-0.919,0.70137630100362,1.7422933862581484
"{'ar': '44100', 'sample_fmt': 's16p', 'compression_level': '4', 'reservoir': '1', 'b:a': '137k', 'abr': 'True'}",181.205078125,-2.816,-0.959,0.6995480720070191,1.7106840431534107
"{'ar': '22050', 'sample_fmt': 's16p', 'compression_level': '7', 'reservoir': '1', 'b:a': '32k'}",44.84765625,-3.725,-2.738,0.5345957519894,-0.7386571448417864
"{'ar': '44100', 'sample_fmt': 's16p', 'compression_level': '7', 'reservoir': '1', 'b:a': '36k'}",44.771484375,-3.211,-1.495,0.5831597610085737,0.8475777436791073
"{'ar': '44100', 'sample_fmt': 'fltp', 'compression_level': '8', 'reservoir': '1', 'b:a': '36k', 'abr': 'True'}",53.220703125,-3.256,-1.568,0.5792939239763655,0.7065056930555154
"{'ar': '44100', 'sample_fmt': 'fltp', 'compression_level': '7', 'reservoir': '1', 'b:a': '36k'}",44.771484375,-3.207,-1.49,0.5732966229843441,0.8592038000982706
"{'ar': '12000', 'sample_fmt': 'fltp', 'compression_level': '8', 'reservoir': '1', 'b:a': '116k'}",90.359375,-3.742,-2.811,0.5320585609879345,-0.873728459598774
"{'ar': '44100', 'sample_fmt': 's16p', 'compression_level': '7', 'reservoir': '1', 'b:a': '127k', 'abr': 'True'}",167.7998046875,-2.959,-1.136,0.5873638219782151,1.3513489765623037
"{'ar': '44100', 'sample_fmt': 's16p', 'compression_level': '7', 'reservoir': '1', 'b:a': '32k', 'abr': 'True'}",48.193359375,-3.355,-1.744,0.5733248449978419,0.4287843136551129
"{'ar': '44100', 'sample_fmt': 's16p', 'compression_level': '7', 'reservoir': '0', 'b:a': '172k', 'abr': 'True'}",262.0625,-2.668,-0.789,0.5974920799781103,1.9876646993997764
"{'ar': '44100', 'sample_fmt': 's32p', 'compression_level': '7', 'reservoir': '1', 'b:a': '163k', 'abr': 'True'}",219.640625,-2.703,-0.829,0.6227354650036432,1.9593238117539575
"{'ar': '44100', 'sample_fmt': 's32p', 'compression_level': '6', 'reservoir': '1', 'b:a': '166k', 'abr': 'True'}",225.6728515625,-2.661,-0.781,0.7025099439779297,2.0568014318646477
"{'ar': '44100', 'sample_fmt': 'fltp', 'compression_level': '7', 'reservoir': '1', 'b:a': '132k', 'abr': 'True'}",175.12890625,-2.907,-1.07,0.5866546839824878,1.481683625524433
"{'ar': '44100', 'sample_fmt': 's32p', 'compression_level': '9', 'reservoir': '1', 'b:a': '155k', 'abr': 'True'}",208.1728515625,-2.74,-0.87,0.5755170120100956,1.8819710895163366
"{'ar': '44100', 'sample_fmt': 's16p', 'compression_level': '9', 'reservoir': '1', 'b:a': '137k', 'abr': 'True'}",182.173828125,-2.862,-1.014,0.6443272940232418,1.5886924173359631
"{'ar': '44100', 'sample_fmt': 'fltp', 'compression_level': '8', 'reservoir': '0', 'b:a': '111k', 'abr': 'True'}",158.23828125,-3.189,-1.462,0.6591238409746438,0.7225768270656018
"{'ar': '12000', 'sample_fmt': 'fltp', 'compression_level': '8', 'reservoir': '1', 'b:a': '137k'}",90.546875,-3.742,-2.811,0.5969950049766339,-0.8788272869038714
"{'ar': '44100', 'sample_fmt': 's32p', 'compression_level': '8', 'reservoir': '1', 'b:a': '118k', 'abr': 'True'}",154.9375,-3.074,-1.291,0.6676230209995992,1.0491018070498854
"{'ar': '44100', 'sample_fmt': 's16p', 'compression_level': '8', 'reservoir': '0', 'b:a': '141k', 'abr': 'True'}",217.501953125,-2.817,-0.96,0.652734194038203,1.6535811570895345
"{'ar': '44100', 'sample_fmt': 's16p', 'compression_level': '7', 'reservoir': '1', 'b:a': '127k', 'abr': 'True'}",167.7998046875,-2.959,-1.136,0.6212804710085038,1.3488420990396355
"{'ar': '16000', 'sample_fmt': 's32p', 'compression_level': '6', 'reservoir': '1', 'b:a': '144k', 'abr': 'True'}",189.04296875,-3.766,-2.923,0.5567646739946213,-1.1242703274986172
"{'ar': '44100', 'sample_fmt': 's16p', 'compression_level': '7', 'reservoir': '1', 'b:a': '131k', 'abr': 'True'}",173.748046875,-2.913,-1.077,0.617163836985128,1.4654441584283475
"{'ar': '44100', 'sample_fmt': 's16p', 'compression_level': '8', 'reservoir': '0', 'b:a': '141k', 'abr': 'True'}",217.501953125,-2.817,-0.96,0.6451864240225405,1.6541390345785998
"{'ar': '16000', 'sample_fmt': 's16p', 'compression_level': '7', 'reservoir': '1', 'b:a': '32k', 'abr': 'True'}",42.79296875,-3.446,-1.926,0.5379841730173212,0.1705758834977063
"{'ar': '44100', 'sample_fmt': 's16p', 'compression_level': '9', 'reservoir': '1', 'b:a': '133k', 'abr': 'True'}",176.70703125,-2.904,-1.066,0.6004239820176736,1.4863993858609021
"{'ar': '44100', 'sample_fmt': 's16p', 'compression_level': '7', 'reservoir': '1', 'b:a': '173k', 'abr': 'True'}",234.02734375,-2.665,-0.786,0.6024017659947276,2.039972705647561
"{'ar': '44100', 'sample_fmt': 'fltp', 'compression_level': '7', 'reservoir': '0', 'b:a': '35k', 'abr': 'True'}",56.953125,-3.411,-1.854,0.6335307960107457,0.24517972608178687
"{'ar': '44100', 'sample_fmt': 's16p', 'compression_level': '7', 'reservoir': '1', 'b:a': '172k', 'abr': 'True'}",232.3984375,-2.668,-0.789,0.616745206003543,2.0335755398699544
"{'ar': '44100', 'sample_fmt': 's32p', 'compression_level': '8', 'reservoir': '1', 'b:a': '246k', 'abr': 'True'}",339.4716796875,-2.605,-0.72,0.609001148986863,2.031847656471982
"{'ar': '44100', 'sample_fmt': 's16p', 'compression_level': '7', 'reservoir': '1', 'b:a': '128k', 'abr': 'True'}",169.376953125,-2.945,-1.117,0.5739453920105007,1.3884370110287916
"{'ar': '12000', 'sample_fmt': 's32p', 'compression_level': '9', 'reservoir': '1', 'b:a': '65k', 'abr': 'True'}",87.96875,-3.742,-2.811,0.5275050660129637,-0.8695772619271658
"{'ar': '44100', 'sample_fmt': 's16p', 'compression_level': '7', 'reservoir': '0', 'b:a': '36k', 'abr': 'True'}",59.2646484375,-3.251,-1.561,0.5655064949824009,0.7117385501885547
"{'ar': '44100', 'sample_fmt': 's16p', 'compression_level': '7', 'reservoir': '1', 'b:a': '114k'}",156.1484375,-3.065,-1.278,0.6015711459622253,1.0771220417065333
"{'ar': '44100', 'sample_fmt': 's16p', 'compression_level': '4', 'reservoir': '1', 'b:a': '127k', 'abr': 'True'}",168.5126953125,-2.868,-1.022,0.7086990860116202,1.589229804040007
"{'ar': '44100', 'sample_fmt': 's16p', 'compression_level': '7', 'reservoir': '1', 'b:a': '246k'}",356.8115234375,-2.595,-0.709,0.6436179979937151,2.028389871042066
"{'ar': '44100', 'sample_fmt': 's32p', 'compression_level': '9', 'reservoir': '1', 'b:a': '193k', 'abr': 'True'}",263.8056640625,-2.63,-0.747,0.5972210339969024,2.086690118960074
"{'ar': '44100', 'sample_fmt': 's16p', 'compression_level': '8', 'reservoir': '0', 'b:a': '248k', 'abr': 'True'}",359.890625,-2.604,-0.719,0.6155383759760298,2.0014280790288552
"{'ar': '44100', 'sample_fmt': 's16p', 'compression_level': '7', 'reservoir': '1', 'b:a': '32k'}",44.771484375,-3.291,-1.629,0.690668874012772,0.6109649808144966
"{'ar': '44100', 'sample_fmt': 'fltp', 'compression_level': '4', 'reservoir': '1', 'b:a': '138k'}",178.4443359375,-2.838,-0.985,0.7485108049877454,1.6520097336553115
"{'ar': '44100', 'sample_fmt': 's16p', 'compression_level': '7', 'reservoir': '1', 'b:a': '143k', 'abr': 'True'}",190.8896484375,-2.799,-0.939,0.5854486130119767,1.7495822491428865
"{'ar': '44100', 'sample_fmt': 's32p', 'compression_level': '0', 'reservoir': '1', 'b:a': '238k', 'abr': 'True'}",310.7685546875,-2.593,-0.707,1.0740316470037214,2.0753366828245245
"{'ar': '44100', 'sample_fmt': 's16p', 'compression_level': '7', 'reservoir': '1', 'b:a': '273k'}",356.8115234375,-2.595,-0.709,0.5882112169929314,2.0324851463085056
"{'ar': '44100', 'sample_fmt': 's16p', 'compression_level': '4', 'reservoir': '1', 'b:a': '32k', 'abr': 'True'}",47.685546875,-3.352,-1.738,0.6326542980386876,0.43409196476021905
"{'ar': '44100', 'sample_fmt': 'fltp', 'compression_level': '7', 'reservoir': '1', 'b:a': '32k', 'abr': 'True'}",48.16796875,-3.35,-1.734,0.592966747994069,0.44217731204660377
"{'ar': '44100', 'sample_fmt': 's32p', 'compression_level': '9', 'reservoir': '1', 'aq': '9'}",97.1474609375,-3.314,-1.668,0.568055968004046,0.4705617146939623
"{'ar': '44100', 'sample_fmt': 's16p', 'compression_level': '7', 'reservoir': '1', 'b:a': '32k'}",44.771484375,-3.291,-1.629,0.5878825600084383,0.6185622142553733
"{'ar': '12000', 'sample_fmt': 's16p', 'compression_level': '9', 'reservoir': '1', 'b:a': '32k', 'abr': 'True'}",42.78125,-3.777,-2.979,0.5345569329801947,-0.9325392282576399
"{'ar': '44100', 'sample_fmt': 's16p', 'compression_level': '8', 'reservoir': '1', 'b:a': '151k', 'abr': 'True'}",202.5986328125,-2.761,-0.895,0.5802232710120734,1.8337026650969532
"{'ar': '44100', 'sample_fmt': 's16p', 'compression_level': '7', 'reservoir': '1', 'b:a': '151k'}",223.037109375,-2.689,-0.812,0.5762548170168884,1.9953216034973147
"{'ar': '44100', 'sample_fmt': 's16p', 'compression_level': '8', 'reservoir': '1', 'b:a': '137k', 'abr': 'True'}",182.173828125,-2.862,-1.014,0.6252263829810545,1.5901042208579261
"{'ar': '44100', 'sample_fmt': 's32p', 'compression_level': '7', 'reservoir': '1', 'b:a': '163k', 'abr': 'True'}",219.640625,-2.703,-0.829,0.5951608290197328,1.9613619327688636
"{'ar': '44100', 'sample_fmt': 's16p', 'compression_level': '7', 'reservoir': '1', 'b:a': '136k', 'abr': 'True'}",180.84375,-2.87,-1.024,0.5901430129888467,1.573025605904947
"{'ar': '44100', 'sample_fmt': 'fltp', 'compression_level': '8', 'reservoir': '1', 'b:a': '36k', 'abr': 'True'}",53.220703125,-3.256,-1.568,0.5800505230145063,0.7064497706346213
"{'ar': '44100', 'sample_fmt': 's16p', 'compression_level': '4', 'reservoir': '1', 'b:a': '32k'}",44.771484375,-3.322,-1.684,0.6217965770047158,0.5264772458576914
"{'ar': '44100', 'sample_fmt': 'fltp', 'compression_level': '9', 'reservoir': '1', 'b:a': '112k', 'abr': 'True'}",146.25,-3.181,-1.449,0.6019184800097719,0.7686747786743072
"{'ar': '44100', 'sample_fmt': 'fltp', 'compression_level': '9', 'reservoir': '1', 'b:a': '133k', 'abr': 'True'}",176.65625,-2.904,-1.066,0.621412453969242,1.4849290971018796
"{'ar': '44100', 'sample_fmt': 's16p', 'compression_level': '6', 'reservoir': '1', 'b:a': '172k', 'abr': 'True'}",233.1064453125,-2.645,-0.763,0.7496053240029141,2.0844162105526656
"{'ar': '16000', 'sample_fmt': 's32p', 'compression_level': '0', 'reservoir': '1', 'b:a': '32k', 'abr': 'True'}",43.91796875,-3.277,-1.605,0.8309957960154861,0.6421450687707011
"{'ar': '44100', 'sample_fmt': 's32p', 'compression_level': '7', 'reservoir': '1', 'b:a': '163k', 'abr': 'True'}",219.640625,-2.703,-0.829,0.6606995660404209,1.956517775359489
"{'ar': '44100', 'sample_fmt': 's16p', 'compression_level': '7', 'reservoir': '1', 'b:a': '114k'}",156.1484375,-3.065,-1.278,0.615744985989295,1.0760744122387158
"{'ar': '12000', 'sample_fmt': 's32p', 'compression_level': '9', 'reservoir': '1', 'b:a': '118k', 'abr': 'True'}",88.25,-3.742,-2.811,0.5519420579948928,-0.8718322512793408
"{'ar': '44100', 'sample_fmt': 'fltp', 'compression_level': '8', 'reservoir': '1', 'b:a': '167k', 'abr': 'True'}",225.2607421875,-2.686,-0.809,0.5837011149851605,1.9991592426587432
"{'ar': '44100', 'sample_fmt': 's32p', 'compression_level': '8', 'reservoir': '1', 'b:a': '163k', 'abr': 'True'}",219.640625,-2.703,-0.829,0.6001707240066025,1.9609916369556688
"{'ar': '44100', 'sample_fmt': 'fltp', 'compression_level': '6', 'reservoir': '1', 'b:a': '166k', 'abr': 'True'}",225.6708984375,-2.661,-0.781,0.6913695330149494,2.057627968358515
"{'ar': '44100', 'sample_fmt': 'fltp', 'compression_level': '0', 'reservoir': '1', 'b:a': '114k'}",156.1484375,-3.096,-1.323,1.1390064700099174,0.9509749428020562
"{'ar': '44100', 'sample_fmt': 'fltp', 'compression_level': '9', 'reservoir': '1', 'b:a': '133k', 'abr': 'True'}",176.65625,-2.904,-1.066,0.6074169180064928,1.4859635476011426
"{'ar': '44100', 'sample_fmt': 's16p', 'compression_level': '7', 'reservoir': '0', 'b:a': '34k', 'abr': 'True'}",56.013671875,-3.395,-1.821,0.5769022840249818,0.2985534879898844
"{'ar': '44100', 'sample_fmt': 's16p', 'compression_level': '7', 'reservoir': '1', 'b:a': '117k', 'abr': 'True'}",153.716796875,-3.068,-1.282,0.5808064840093721,1.0742852536030305
"{'ar': '44100', 'sample_fmt': 's16p', 'compression_level': '6', 'reservoir': '1', 'b:a': '128k', 'abr': 'True'}",172.1220703125,-2.855,-1.006,0.8168889480293728,1.6108103532297922
"{'ar': '44100', 'sample_fmt': 's16p', 'compression_level': '8', 'reservoir': '1', 'b:a': '190k'}",267.6279296875,-2.634,-0.752,0.8230893430009019,2.052999442288511
"{'ar': '44100', 'sample_fmt': 's16p', 'compression_level': '7', 'reservoir': '0', 'b:a': '119k'}",156.1484375,-3.102,-1.33,0.5890634909737855,0.9754349814095177
"{'ar': '44100', 'sample_fmt': 's16p', 'compression_level': '4', 'reservoir': '1', 'b:a': '192k', 'abr': 'True'}",259.833984375,-2.624,-0.741,0.7374578070011921,2.0985346600746224
"{'ar': '44100', 'sample_fmt': 'fltp', 'compression_level': '8', 'reservoir': '1', 'b:a': '174k', 'abr': 'True'}",235.34765625,-2.659,-0.78,0.6732974000042304,2.0484982060514434
"{'ar': '44100', 'sample_fmt': 's16p', 'compression_level': '8', 'reservoir': '1', 'b:a': '114k', 'abr': 'True'}",149.4013671875,-3.141,-1.388,0.6184745549981017,0.8748630226537407
"{'ar': '44100', 'sample_fmt': 'fltp', 'compression_level': '6', 'reservoir': '1', 'b:a': '166k', 'abr': 'True'}",225.6708984375,-2.661,-0.781,0.7117892510141246,2.0561186880040307
"{'ar': '44100', 'sample_fmt': 's16p', 'compression_level': '8', 'reservoir': '1', 'b:a': '245k', 'abr': 'True'}",337.8466796875,-2.604,-0.719,0.6006061179796234,2.0377065087014437
"{'ar': '12000', 'sample_fmt': 'fltp', 'compression_level': '8', 'reservoir': '1', 'b:a': '32k', 'abr': 'True'}",42.78125,-3.777,-2.982,0.5276776520186104,-0.9329771359511353
"{'ar': '44100', 'sample_fmt': 'fltp', 'compression_level': '7', 'reservoir': '1', 'b:a': '172k', 'abr': 'True'}",232.5009765625,-2.664,-0.784,0.6004469610052183,2.0455136156851452
"{'ar': '44100', 'sample_fmt': 's16p', 'compression_level': '6', 'reservoir': '1', 'b:a': '249k', 'abr': 'True'}",345.2607421875,-2.589,-0.702,0.6934011919947807,2.0593292600486546
"{'ar': '44100', 'sample_fmt': 's16p', 'compression_level': '6', 'reservoir': '1', 'b:a': '245k', 'abr': 'True'}",340.6904296875,-2.596,-0.711,0.732191914023133,2.0446061210728783
"{'ar': '44100', 'sample_fmt': 's16p', 'compression_level': '4', 'reservoir': '1', 'b:a': '162k', 'abr': 'True'}",216.98046875,-2.674,-0.796,0.7683722650399432,2.0307824170211237
"{'ar': '44100', 'sample_fmt': 'fltp', 'compression_level': '9', 'reservoir': '1', 'b:a': '133k', 'abr': 'True'}",176.65625,-2.904,-1.066,0.6899103979812935,1.4798662161539577
"{'ar': '44100', 'sample_fmt': 'fltp', 'compression_level': '7', 'reservoir': '0', 'b:a': '32k'}",44.771484375,-3.303,-1.649,0.5848440059926361,0.5845183803469232
"{'ar': '44100', 'sample_fmt': 's32p', 'compression_level': '7', 'reservoir': '1', 'b:a': '114k'}",156.1484375,-3.068,-1.283,0.6062776780163404,1.0682070627704758
"{'ar': '16000', 'sample_fmt': 's16p', 'compression_level': '7', 'reservoir': '1', 'b:a': '118k', 'abr': 'True'}",164.15234375,-3.769,-2.94,0.5357263889745809,-1.0953508441555715
"{'ar': '44100', 'sample_fmt': 'fltp', 'compression_level': '8', 'reservoir': '0', 'b:a': '141k', 'abr': 'True'}",218.4248046875,-2.823,-0.967,0.5899886309925932,1.640558465481934
"{'ar': '44100', 'sample_fmt': 'fltp', 'compression_level': '8', 'reservoir': '0', 'b:a': '36k', 'abr': 'True'}",59.2392578125,-3.256,-1.568,0.5741080899897497,0.6972853983262916
"{'ar': '44100', 'sample_fmt': 's16p', 'compression_level': '8', 'reservoir': '1', 'b:a': '189k', 'abr': 'True'}",257.90625,-2.639,-0.757,0.5877305900212377,2.072681046698767
"{'ar': '16000', 'sample_fmt': 's16p', 'compression_level': '7', 'reservoir': '1', 'b:a': '125k', 'abr': 'True'}",173.99609375,-3.767,-2.932,0.5480382120294962,-1.1047846271061414
"{'ar': '44100', 'sample_fmt': 's32p', 'compression_level': '6', 'reservoir': '1', 'b:a': '163k', 'abr': 'True'}",221.7880859375,-2.672,-0.794,0.7071141530177556,2.0329296289686987
"{'ar': '44100', 'sample_fmt': 's16p', 'compression_level': '6', 'reservoir': '1', 'b:a': '248k', 'abr': 'True'}",344.1435546875,-2.589,-0.703,0.6722507429949474,2.062359748987777
"{'ar': '44100', 'sample_fmt': 'fltp', 'compression_level': '8', 'reservoir': '0', 'b:a': '245k', 'abr': 'True'}",359.482421875,-2.6,-0.715,0.6097711279871874,2.013087293252338
"{'ar': '44100', 'sample_fmt': 's16p', 'compression_level': '0', 'reservoir': '1', 'b:a': '32k', 'abr': 'True'}",48.26953125,-3.138,-1.383,1.0032159620022867,1.016365270492515
"{'ar': '12000', 'sample_fmt': 'fltp', 'compression_level': '8', 'reservoir': '1', 'b:a': '136k', 'abr': 'True'}",88.34375,-3.742,-2.811,0.5235628850059584,-0.8698842581668436
"{'ar': '44100', 'sample_fmt': 's16p', 'compression_level': '8', 'reservoir': '1', 'b:a': '137k', 'abr': 'True'}",182.173828125,-2.862,-1.014,0.589877468009945,1.5927169612944194
"{'ar': '44100', 'sample_fmt': 's16p', 'compression_level': '7', 'reservoir': '1', 'b:a': '114k'}",156.1484375,-3.065,-1.278,0.6800517800147645,1.0713213112954787
"{'ar': '44100', 'sample_fmt': 's16p', 'compression_level': '7', 'reservoir': '1', 'b:a': '127k', 'abr': 'True'}",167.7998046875,-2.959,-1.136,0.5845799710077699,1.351554739030702
"{'ar': '44100', 'sample_fmt': 's16p', 'compression_level': '8', 'reservoir': '1', 'b:a': '151k', 'abr': 'True'}",202.5986328125,-2.761,-0.895,0.5867027039639652,1.8332237514869374
"{'ar': '44100', 'sample_fmt': 's16p', 'compression_level': '7', 'reservoir': '1', 'b:a': '136k', 'abr': 'True'}",180.84375,-2.87,-1.024,0.5883222100092098,1.573160186713882
"{'ar': '44100', 'sample_fmt': 's16p', 'compression_level': '7', 'reservoir': '1', 'b:a': '143k', 'abr': 'True'}",190.8896484375,-2.799,-0.939,0.6026227280090097,1.7483128606835687
"{'ar': '32000', 'sample_fmt': 'fltp', 'compression_level': '4', 'reservoir': '1', 'b:a': '138k'}",178.953125,-3.258,-1.571,0.7336705189954955,0.4888622464074399
"{'ar': '44100', 'sample_fmt': 's16p', 'compression_level': '6', 'reservoir': '1', 'b:a': '32k', 'abr': 'True'}",48.21875,-3.352,-1.738,0.6443685530102812,0.4323753169750585
"{'ar': '16000', 'sample_fmt': 's16p', 'compression_level': '7', 'reservoir': '0', 'b:a': '36k'}",44.97265625,-3.705,-2.658,0.5983875730016734,-0.6717362113016013
"{'ar': '44100', 'sample_fmt': 's16p', 'compression_level': '7', 'reservoir': '1', 'b:a': '139k', 'abr': 'True'}",185.0380859375,-2.836,-0.983,0.676799521985231,1.6520795007586837
"{'ar': '44100', 'sample_fmt': 's16p', 'compression_level': '7', 'reservoir': '1', 'b:a': '36k'}",44.771484375,-3.211,-1.495,0.5910370689816773,0.8469955090874979
"{'ar': '44100', 'sample_fmt': 's16p', 'compression_level': '6', 'reservoir': '1', 'b:a': '129k', 'abr': 'True'}",173.5478515625,-2.853,-1.003,0.7510757590353023,1.619005978398706
"{'ar': '44100', 'sample_fmt': 's16p', 'compression_level': '9', 'reservoir': '1', 'b:a': '134k', 'abr': 'True'}",178.1396484375,-2.894,-1.053,0.5944401000160724,1.5119560330080593
"{'ar': '44100', 'sample_fmt': 's16p', 'compression_level': '6', 'reservoir': '1', 'b:a': '167k', 'abr': 'True'}",226.486328125,-2.659,-0.779,0.6942256839829497,2.061406502187573
"{'ar': '44100', 'sample_fmt': 'fltp', 'compression_level': '7', 'reservoir': '1', 'b:a': '131k', 'abr': 'True'}",173.70703125,-2.908,-1.071,0.5838510269823018,1.4815142912816384
"{'ar': '44100', 'sample_fmt': 's16p', 'compression_level': '8', 'reservoir': '0', 'b:a': '136k', 'abr': 'True'}",199.6630859375,-2.87,-1.024,0.5757793730299454,1.5440579157448864
"{'ar': '44100', 'sample_fmt': 's16p', 'compression_level': '8', 'reservoir': '0', 'b:a': '141k', 'abr': 'True'}",217.501953125,-2.817,-0.96,0.5858531379781198,1.6585245291773727
"{'ar': '12000', 'sample_fmt': 's16p', 'compression_level': '7', 'reservoir': '1', 'b:a': '32k'}",45.078125,-3.779,-2.988,0.5312452600046527,-0.943458496434837
"{'ar': '44100', 'sample_fmt': 's16p', 'compression_level': '7', 'reservoir': '0', 'aq': '9'}",103.8486328125,-3.315,-1.67,0.580431646987563,0.4559933150614586
"{'ar': '44100', 'sample_fmt': 's16p', 'compression_level': '6', 'reservoir': '1', 'b:a': '47k', 'abr': 'True'}",66.55859375,-3.316,-1.672,0.6461478589917533,0.5076775808478216
"{'ar': '44100', 'sample_fmt': 'fltp', 'compression_level': '6', 'reservoir': '1', 'b:a': '166k', 'abr': 'True'}",225.6708984375,-2.661,-0.781,0.709404219960561,2.0562949725400914
"{'ar': '44100', 'sample_fmt': 's16p', 'compression_level': '8', 'reservoir': '1', 'b:a': '151k', 'abr': 'True'}",202.5986328125,-2.761,-0.895,0.6037116600200534,1.8319665704021262
"{'ar': '44100', 'sample_fmt': 's16p', 'compression_level': '8', 'reservoir': '1', 'b:a': '255k', 'abr': 'True'}",352.173828125,-2.598,-0.712,0.6049618239921983,2.0307110780817883
"{'ar': '44100', 'sample_fmt': 'fltp', 'compression_level': '4', 'reservoir': '1', 'b:a': '138k'}",178.4443359375,-2.838,-0.985,0.7137339700129814,1.654580190006407
"{'ar': '32000', 'sample_fmt': 's32p', 'compression_level': '9', 'reservoir': '1', 'b:a': '126k', 'abr': 'True'}",170.8671875,-3.329,-1.695,0.5689390510087833,0.3093980403533805
"{'ar': '32000', 'sample_fmt': 's32p', 'compression_level': '7', 'reservoir': '1', 'b:a': '32k', 'abr': 'True'}",46.73046875,-3.442,-1.918,0.6220841820177156,0.16992029807331568
"{'ar': '44100', 'sample_fmt': 's16p', 'compression_level': '6', 'reservoir': '1', 'b:a': '34k', 'abr': 'True'}",51.0625,-3.392,-1.815,0.749521380988881,0.3025776854857396
"{'ar': '44100', 'sample_fmt': 'fltp', 'compression_level': '9', 'reservoir': '1', 'b:a': '134k'}",178.4443359375,-2.916,-1.081,0.6373431319952942,1.4482072990434014
"{'ar': '44100', 'sample_fmt': 'fltp', 'compression_level': '0', 'reservoir': '1', 'b:a': '32k', 'abr': 'True'}",48.244140625,-3.132,-1.375,1.0231289199728053,1.031437255448203
"{'ar': '44100', 'sample_fmt': 'fltp', 'compression_level': '7', 'reservoir': '1', 'b:a': '34k', 'abr': 'True'}",51.01171875,-3.386,-1.804,0.6122177880315576,0.3302568901013662
"{'ar': '44100', 'sample_fmt': 's16p', 'compression_level': '6', 'reservoir': '1', 'b:a': '115k', 'abr': 'True'}",153.818359375,-2.965,-1.143,0.7387730400077999,1.3462797453648376
"{'ar': '44100', 'sample_fmt': 's32p', 'compression_level': '6', 'reservoir': '1', 'b:a': '114k', 'abr': 'True'}",152.2431640625,-2.974,-1.155,0.6997331749880686,1.3269238365572624
"{'ar': '44100', 'sample_fmt': 'fltp', 'compression_level': '8', 'reservoir': '1', 'b:a': '138k'}",178.4443359375,-2.916,-1.081,0.6163407120038755,1.4497596485856898
"{'ar': '44100', 'sample_fmt': 's16p', 'compression_level': '7', 'reservoir': '1', 'b:a': '127k', 'abr': 'True'}",167.7998046875,-2.959,-1.136,0.600323530001333,1.3503910870987992
"{'ar': '44100', 'sample_fmt': 'fltp', 'compression_level': '4', 'reservoir': '1', 'b:a': '137k'}",178.4443359375,-2.838,-0.985,0.7157744920114055,1.6544293691299756
"{'ar': '44100', 'sample_fmt': 's16p', 'compression_level': '9', 'reservoir': '1', 'b:a': '134k', 'abr': 'True'}",178.1396484375,-2.894,-1.053,0.6063209970016032,1.511077881585271
"{'ar': '44100', 'sample_fmt': 's16p', 'compression_level': '7', 'reservoir': '1', 'b:a': '172k', 'abr': 'True'}",232.3984375,-2.668,-0.789,0.5914855110167991,2.035442556907374
"{'ar': '44100', 'sample_fmt': 's32p', 'compression_level': '8', 'reservoir': '1', 'b:a': '252k', 'abr': 'True'}",347.2939453125,-2.604,-0.719,0.6258101040148176,2.020768941879584
"{'ar': '12000', 'sample_fmt': 's16p', 'compression_level': '9', 'reservoir': '1', 'b:a': '143k', 'abr': 'True'}",88.484375,-3.74,-2.803,0.5872371890000068,-0.8676314573382543
"{'ar': '16000', 'sample_fmt': 'fltp', 'compression_level': '7', 'reservoir': '1', 'b:a': '32k'}",44.97265625,-3.442,-1.919,0.5833281200029887,0.17527429137603145
"{'ar': '44100', 'sample_fmt': 's16p', 'compression_level': '7', 'reservoir': '0', 'b:a': '131k', 'abr': 'True'}",188.078125,-2.913,-1.077,0.6610485270211939,1.4393345157104673
"{'ar': '44100', 'sample_fmt': 's16p', 'compression_level': '7', 'reservoir': '1', 'b:a': '136k', 'abr': 'True'}",180.84375,-2.87,-1.024,0.65808341500815,1.5680039344965737
"{'ar': '44100', 'sample_fmt': 's16p', 'compression_level': '4', 'reservoir': '1', 'b:a': '117k', 'abr': 'True'}",154.5283203125,-2.94,-1.111,0.7547966899874154,1.412305646558162
"{'ar': '44100', 'sample_fmt': 'fltp', 'compression_level': '9', 'reservoir': '1', 'b:a': '133k', 'abr': 'True'}",176.65625,-2.904,-1.066,0.6553937129792757,1.4824174440689355
"{'ar': '16000', 'sample_fmt': 's16p', 'compression_level': '0', 'reservoir': '1', 'b:a': '32k', 'abr': 'True'}",43.8125,-3.269,-1.591,0.8266281060059555,0.6656921105255759
"{'ar': '44100', 'sample_fmt': 's16p', 'compression_level': '7', 'reservoir': '1', 'b:a': '117k', 'abr': 'True'}",153.716796875,-3.068,-1.282,0.6340705859765876,1.070348349934644
"{'ar': '44100', 'sample_fmt': 's16p', 'compression_level': '6', 'reservoir': '1', 'b:a': '191k', 'abr': 'True'}",263.0927734375,-2.629,-0.746,0.6754430340079125,2.0846914355231467
"{'ar': '44100', 'sample_fmt': 's16p', 'compression_level': '4', 'reservoir': '1', 'b:a': '137k', 'abr': 'True'}",181.205078125,-2.816,-0.959,0.7138731169980019,1.709625237689845
"{'ar': '44100', 'sample_fmt': 's16p', 'compression_level': '0', 'reservoir': '1', 'b:a': '32k', 'abr': 'True'}",48.26953125,-3.138,-1.383,1.109010956977727,1.0085456567483069
"{'ar': '44100', 'sample_fmt': 's32p', 'compression_level': '7', 'reservoir': '1', 'b:a': '131k', 'abr': 'True'}",173.70703125,-2.908,-1.071,0.6111423270194791,1.4794971124451768
"{'ar': '44100', 'sample_fmt': 'fltp', 'compression_level': '6', 'reservoir': '1', 'b:a': '190k'}",267.6279296875,-2.616,-0.732,0.6910436800098978,2.1110073679882184
"{'ar': '44100', 'sample_fmt': 's32p', 'compression_level': '4', 'reservoir': '1', 'b:a': '161k', 'abr': 'True'}",216.009765625,-2.679,-0.801,0.7428916829812806,2.0209876958528006
"{'ar': '44100', 'sample_fmt': 'fltp', 'compression_level': '8', 'reservoir': '1', 'b:a': '190k'}",267.6279296875,-2.63,-0.747,0.6236688219942153,2.0786362325578898
"{'ar': '44100', 'sample_fmt': 's16p', 'compression_level': '7', 'reservoir': '1', 'b:a': '151k'}",223.037109375,-2.689,-0.812,0.6442708349786699,1.9902943430961613
"{'ar': '44100', 'sample_fmt': 's32p', 'compression_level': '4', 'reservoir': '1', 'b:a': '137k', 'abr': 'True'}",181.30078125,-2.816,-0.959,0.7463853510271292,1.707069454448209
"{'ar': '16000', 'sample_fmt': 's16p', 'compression_level': '0', 'reservoir': '1', 'b:a': '32k', 'abr': 'True'}",43.8125,-3.269,-1.591,0.7745609639969189,0.6695405434251664
"{'ar': '44100', 'sample_fmt': 's16p', 'compression_level': '8', 'reservoir': '1', 'aq': '9'}",97.146484375,-3.315,-1.67,0.5871455050073564,0.4661914554722624
"{'ar': '44100', 'sample_fmt': 's16p', 'compression_level': '0', 'reservoir': '1', 'b:a': '36k', 'abr': 'True'}",53.34765625,-3.109,-1.341,0.9865022369776852,1.090315096297338
"{'ar': '44100', 'sample_fmt': 's32p', 'compression_level': '6', 'reservoir': '1', 'b:a': '190k', 'abr': 'True'}",261.765625,-2.622,-0.738,0.6705716279975604,2.106002411134273
"{'ar': '12000', 'sample_fmt': 'fltp', 'compression_level': '8', 'reservoir': '1', 'b:a': '175k', 'abr': 'True'}",88.53125,-3.742,-2.811,0.5378212990181055,-0.8712373258561288
"{'ar': '44100', 'sample_fmt': 's32p', 'compression_level': '8', 'reservoir': '1', 'b:a': '251k', 'abr': 'True'}",346.27734375,-2.605,-0.72,0.6046727029897738,2.0213080271474677
"{'ar': '44100', 'sample_fmt': 's16p', 'compression_level': '6', 'reservoir': '1', 'b:a': '143k', 'abr': 'True'}",191.458984375,-2.768,-0.902,0.7122661749599501,1.8232003615949492
"{'ar': '44100', 'sample_fmt': 's16p', 'compression_level': '6', 'reservoir': '1', 'b:a': '239k', 'abr': 'True'}",325.0439453125,-2.598,-0.713,0.6812713139806874,2.068045558598384
"{'ar': '44100', 'sample_fmt': 'fltp', 'compression_level': '7', 'reservoir': '0', 'b:a': '172k', 'abr': 'True'}",262.671875,-2.664,-0.784,0.5943232180143241,1.9978236044139397
"{'ar': '44100', 'sample_fmt': 's16p', 'compression_level': '7', 'reservoir': '1', 'b:a': '127k', 'abr': 'True'}",167.7998046875,-2.959,-1.136,0.642312326002866,1.347287573871235
"{'ar': '44100', 'sample_fmt': 's32p', 'compression_level': '7', 'reservoir': '1', 'b:a': '163k', 'abr': 'True'}",219.640625,-2.703,-0.829,0.6276782009808812,1.9589584798572022
"{'ar': '44100', 'sample_fmt': 's16p', 'compression_level': '7', 'reservoir': '1', 'b:a': '131k', 'abr': 'True'}",173.748046875,-2.913,-1.077,0.6082415270211641,1.4661036321363474
"{'ar': '44100', 'sample_fmt': 's16p', 'compression_level': '8', 'reservoir': '1', 'b:a': '172k', 'abr': 'True'}",232.3984375,-2.668,-0.789,0.6037885220139287,2.034533205818406
"{'ar': '12000', 'sample_fmt': 'fltp', 'compression_level': '8', 'reservoir': '1', 'b:a': '190k'}",90.640625,-3.742,-2.811,0.6017989660031162,-0.879331955100003
"{'ar': '44100', 'sample_fmt': 's16p', 'compression_level': '6', 'reservoir': '1', 'b:a': '114k', 'abr': 'True'}",152.3955078125,-2.974,-1.156,0.7038650379981846,1.3260598906858903
"{'ar': '44100', 'sample_fmt': 's16p', 'compression_level': '4', 'reservoir': '1', 'b:a': '192k', 'abr': 'True'}",259.833984375,-2.624,-0.741,0.7068473749968689,2.100797165544496
"{'ar': '44100', 'sample_fmt': 's32p', 'compression_level': '8', 'reservoir': '1', 'b:a': '245k', 'abr': 'True'}",337.9482421875,-2.601,-0.716,0.6078330470190849,2.044946474546162
"{'ar': '44100', 'sample_fmt': 's16p', 'compression_level': '6', 'reservoir': '1', 'b:a': '128k', 'abr': 'True'}",172.1220703125,-2.855,-1.006,0.7089928979985416,1.6187852620235657
"{'ar': '12000', 'sample_fmt': 'fltp', 'compression_level': '8', 'reservoir': '1', 'b:a': '32k', 'abr': 'True'}",42.78125,-3.777,-2.982,0.5709157260134816,-0.9361729869246325
"{'ar': '44100', 'sample_fmt': 's16p', 'compression_level': '8', 'reservoir': '0', 'b:a': '141k', 'abr': 'True'}",217.501953125,-2.817,-0.96,0.6090254040318541,1.6568118000434444
"{'ar': '44100', 'sample_fmt': 's16p', 'compression_level': '7', 'reservoir': '1', 'b:a': '151k'}",223.037109375,-2.689,-0.812,0.635276452958351,1.9909591438580787
"{'ar': '44100', 'sample_fmt': 's16p', 'compression_level': '6', 'reservoir': '1', 'b:a': '113k', 'abr': 'True'}",150.56640625,-2.997,-1.185,0.7152678870188538,1.2653988416957516
"{'ar': '44100', 'sample_fmt': 's16p', 'compression_level': '7', 'reservoir': '1', 'b:a': '127k', 'abr': 'True'}",167.7998046875,-2.959,-1.136,0.5899569100292865,1.3511573139324335
"{'ar': '44100', 'sample_fmt': 's16p', 'compression_level': '6', 'reservoir': '1', 'b:a': '131k', 'abr': 'True'}",176.248046875,-2.843,-0.991,0.6900653660122771,1.6462917059999498
"{'ar': '44100', 'sample_fmt': 's32p', 'compression_level': '8', 'reservoir': '1', 'b:a': '190k'}",267.6279296875,-2.63,-0.747,0.6286134130205028,2.0782707635490993
"{'ar': '44100', 'sample_fmt': 's16p', 'compression_level': '8', 'reservoir': '1', 'b:a': '137k', 'abr': 'True'}",182.173828125,-2.862,-1.014,0.5986660080088768,1.5920673749110266
"{'ar': '44100', 'sample_fmt': 'fltp', 'compression_level': '7', 'reservoir': '0', 'b:a': '180k', 'abr': 'True'}",271.6181640625,-2.655,-0.774,0.6030526820104569,2.007027132303673
"{'ar': '16000', 'sample_fmt': 's16p', 'compression_level': '8', 'reservoir': '1', 'b:a': '136k', 'abr': 'True'}",189.04296875,-3.77,-2.944,0.5318258789775427,-1.1383714070302513
"{'ar': '44100', 'sample_fmt': 's16p', 'compression_level': '7', 'reservoir': '1', 'b:a': '130k', 'abr': 'True'}",172.326171875,-2.921,-1.087,0.5916243310202844,1.4478066059352348
"{'ar': '44100', 'sample_fmt': 's16p', 'compression_level': '4', 'reservoir': '1', 'b:a': '162k', 'abr': 'True'}",216.98046875,-2.674,-0.796,0.7223336029856,2.0341852675496264
"{'ar': '32000', 'sample_fmt': 's32p', 'compression_level': '8', 'reservoir': '0', 'aq': '9'}",89.62109375,-3.518,-2.09,0.5785487960092723,-0.12663504993675484
"{'ar': '44100', 'sample_fmt': 's16p', 'compression_level': '7', 'reservoir': '1', 'b:a': '114k', 'abr': 'True'}",149.4013671875,-3.141,-1.388,0.5930503900162876,0.8767421961436866
"{'ar': '44100', 'sample_fmt': 's16p', 'compression_level': '8', 'reservoir': '1', 'b:a': '137k', 'abr': 'True'}",182.173828125,-2.862,-1.014,0.6052271110238507,1.5915824248306851
"{'ar': '44100', 'sample_fmt': 'fltp', 'compression_level': '4', 'reservoir': '1', 'b:a': '138k'}",178.4443359375,-2.838,-0.985,0.7141832479683217,1.6545469825746624
"{'ar': '44100', 'sample_fmt': 's16p', 'compression_level': '8', 'reservoir': '0', 'b:a': '141k'}",178.4443359375,-2.885,-1.043,0.6052253129892051,1.5347967123154431
"{'ar': '44100', 'sample_fmt': 's16p', 'compression_level': '6', 'reservoir': '1', 'b:a': '172k', 'abr': 'True'}",233.1064453125,-2.645,-0.763,0.7059009399963543,2.087646527846401
"{'ar': '44100', 'sample_fmt': 's16p', 'compression_level': '8', 'reservoir': '1', 'b:a': '138k', 'abr': 'True'}",183.8095703125,-2.848,-0.997,0.6135182660073042,1.626341428359692
"{'ar': '44100', 'sample_fmt': 's16p', 'compression_level': '6', 'reservoir': '1', 'b:a': '128k', 'abr': 'True'}",172.1220703125,-2.855,-1.006,0.688542266987497,1.620296827248072
"{'ar': '22050', 'sample_fmt': 's16p', 'compression_level': '7', 'reservoir': '0', 'b:a': '246k', 'abr': 'True'}",223.35546875,-3.677,-2.554,0.5548058080021292,-0.8551081636825563
"{'ar': '44100', 'sample_fmt': 's32p', 'compression_level': '9', 'reservoir': '1', 'b:a': '273k', 'abr': 'True'}",375.673828125,-2.598,-0.712,0.601152010000078,1.9934945541687368
"{'ar': '44100', 'sample_fmt': 's16p', 'compression_level': '7', 'reservoir': '0', 'b:a': '32k', 'abr': 'True'}",52.9921875,-3.355,-1.744,0.5944347899931017,0.4195666964333297
"{'ar': '44100', 'sample_fmt': 's16p', 'compression_level': '7', 'reservoir': '1', 'b:a': '171k', 'abr': 'True'}",231.0771484375,-2.671,-0.792,0.6098531750030816,2.02825709525
"{'ar': '32000', 'sample_fmt': 's16p', 'compression_level': '4', 'reservoir': '1', 'b:a': '272k', 'abr': 'True'}",346.578125,-3.176,-1.441,0.6922675870009698,0.45651367267265264
"{'ar': '44100', 'sample_fmt': 's16p', 'compression_level': '7', 'reservoir': '0', 'b:a': '141k', 'abr': 'True'}",217.501953125,-2.817,-0.96,0.6056507089815568,1.6570612335048662
"{'ar': '44100', 'sample_fmt': 's16p', 'compression_level': '7', 'reservoir': '1', 'b:a': '172k', 'abr': 'True'}",232.3984375,-2.668,-0.789,0.6532309209869709,2.0308787752600796
"{'ar': '44100', 'sample_fmt': 's16p', 'compression_level': '6', 'reservoir': '1', 'b:a': '32k'}",44.771484375,-3.296,-1.637,0.6797994779772125,0.5975950128262371
"{'ar': '44100', 'sample_fmt': 's16p', 'compression_level': '4', 'reservoir': '1', 'b:a': '137k', 'abr': 'True'}",181.205078125,-2.816,-0.959,0.727492374018766,1.7086185990543388
"{'ar': '12000', 'sample_fmt': 's16p', 'compression_level': '8', 'reservoir': '1', 'b:a': '32k', 'abr': 'True'}",42.78125,-3.777,-2.979,0.5665102079801727,-0.934900987133098
"{'ar': '32000', 'sample_fmt': 's32p', 'compression_level': '9', 'reservoir': '0', 'aq': '9'}",89.62109375,-3.518,-2.09,0.557817853987217,-0.12510276611554308
"{'ar': '44100', 'sample_fmt': 's16p', 'compression_level': '4', 'reservoir': '1', 'b:a': '162k', 'abr': 'True'}",216.98046875,-2.674,-0.796,0.7459598499990534,2.032438983371312
"{'ar': '44100', 'sample_fmt': 's16p', 'compression_level': '9', 'reservoir': '1', 'b:a': '135k', 'abr': 'True'}",179.365234375,-2.88,-1.036,0.6141992490156554,1.546521875777322
"{'ar': '44100', 'sample_fmt': 's32p', 'compression_level': '6', 'reservoir': '1', 'b:a': '113k', 'abr': 'True'}",150.5673828125,-2.991,-1.178,0.6737700009834953,1.2846523479654015
"{'ar': '44100', 'sample_fmt': 's16p', 'compression_level': '4', 'reservoir': '1', 'b:a': '162k', 'abr': 'True'}",216.98046875,-2.674,-0.796,0.755171960016014,2.0317580897040974
"{'ar': '8000', 'sample_fmt': 's32p', 'compression_level': '8', 'reservoir': '1', 'b:a': '132k', 'abr': 'True'}",89.9375,-3.858,-3.51,0.539143896981841,-1.3643572028308941
"{'ar': '44100', 'sample_fmt': 'fltp', 'compression_level': '7', 'reservoir': '1', 'b:a': '34k', 'abr': 'True'}",51.01171875,-3.386,-1.804,0.5855097390012816,0.33223095917076423
"{'ar': '32000', 'sample_fmt': 's32p', 'compression_level': '9', 'reservoir': '0', 'aq': '9'}",89.62109375,-3.518,-2.09,0.5565295040141791,-0.12500754044670254
"{'ar': '44100', 'sample_fmt': 's16p', 'compression_level': '0', 'reservoir': '1', 'b:a': '146k', 'abr': 'True'}",196.3203125,-2.801,-0.94,1.2845565939787775,1.6842683058673635
"{'ar': '16000', 'sample_fmt': 's32p', 'compression_level': '1', 'reservoir': '1', 'b:a': '32k', 'abr': 'True'}",43.91796875,-3.277,-1.605,0.8060301390069071,0.6439903526116124
"{'ar': '44100', 'sample_fmt': 's32p', 'compression_level': '6', 'reservoir': '1', 'b:a': '238k', 'abr': 'True'}",324.12890625,-2.596,-0.711,0.6850689259881619,2.0745157540604136
"{'ar': '12000', 'sample_fmt': 'fltp', 'compression_level': '8', 'reservoir': '1', 'b:a': '32k', 'abr': 'True'}",42.78125,-3.777,-2.982,0.7196837319934275,-0.9471688600708932
"{'ar': '44100', 'sample_fmt': 's16p', 'compression_level': '4', 'reservoir': '1', 'b:a': '162k', 'abr': 'True'}",216.98046875,-2.674,-0.796,1.5405892259732354,1.973705630329783
"{'ar': '44100', 'sample_fmt': 's16p', 'compression_level': '4', 'reservoir': '1', 'b:a': '32k', 'abr': 'True'}",47.685546875,-3.352,-1.738,0.7342786669905763,0.42658061403528963
"{'ar': '32000', 'sample_fmt': 's32p', 'compression_level': '9', 'reservoir': '1', 'b:a': '145k', 'abr': 'True'}",198.7109375,-3.243,-1.548,0.687357095972402,0.5029631741399289
"{'ar': '44100', 'sample_fmt': 's16p', 'compression_level': '0', 'reservoir': '1', 'b:a': '36k', 'abr': 'True'}",53.34765625,-3.109,-1.341,1.1232713219942525,1.0802060980670665
"{'ar': '44100', 'sample_fmt': 's16p', 'compression_level': '9', 'reservoir': '1', 'b:a': '112k', 'abr': 'True'}",146.30078125,-3.181,-1.448,0.6172245369816665,0.7677778923459123
"{'ar': '44100', 'sample_fmt': 's32p', 'compression_level': '1', 'reservoir': '1', 'b:a': '238k', 'abr': 'True'}",314.955078125,-2.597,-0.711,0.98445202599396,2.064695899169441
"{'ar': '44100', 'sample_fmt': 'fltp', 'compression_level': '4', 'reservoir': '1', 'b:a': '137k'}",178.4443359375,-2.838,-0.985,0.7270267749845516,1.65359768038505
"{'ar': '44100', 'sample_fmt': 's16p', 'compression_level': '7', 'reservoir': '1', 'b:a': '127k', 'abr': 'True'}",167.7998046875,-2.959,-1.136,0.6023178420145996,1.3502436817358818
"{'ar': '8000', 'sample_fmt': 's16p', 'compression_level': '8', 'reservoir': '1', 'aq': '9'}",36.8515625,-3.855,-3.486,0.5425800670054741,-1.2653430131556598
"{'ar': '22050', 'sample_fmt': 's16p', 'compression_level': '8', 'reservoir': '0', 'b:a': '246k', 'abr': 'True'}",223.35546875,-3.677,-2.554,0.7876654110150412,-0.8723194897250911
"{'ar': '44100', 'sample_fmt': 's16p', 'compression_level': '7', 'reservoir': '0', 'b:a': '127k', 'abr': 'True'}",183.318359375,-2.959,-1.136,0.6268340539827477,1.3236692092044569
"{'ar': '44100', 'sample_fmt': 's16p', 'compression_level': '7', 'reservoir': '0', 'b:a': '130k', 'abr': 'True'}",186.6943359375,-2.921,-1.087,0.6070926179818343,1.4237365292874757
"{'ar': '22050', 'sample_fmt': 's16p', 'compression_level': '7', 'reservoir': '1', 'b:a': '130k', 'abr': 'True'}",180.2802734375,-3.68,-2.564,0.5813677409896627,-0.7984822658740576
"{'ar': '44100', 'sample_fmt': 's16p', 'compression_level': '7', 'reservoir': '1', 'b:a': '143k', 'abr': 'True'}",190.8896484375,-2.799,-0.939,0.6161096260184422,1.747316005085005
"{'ar': '44100', 'sample_fmt': 'fltp', 'compression_level': '8', 'reservoir': '1', 'b:a': '190k'}",267.6279296875,-2.63,-0.747,0.6163686439977027,2.079175809805471
"{'ar': '44100', 'sample_fmt': 's16p', 'compression_level': '8', 'reservoir': '1', 'b:a': '138k', 'abr': 'True'}",183.8095703125,-2.848,-0.997,0.6220286840107292,1.625712398776544
"{'ar': '44100', 'sample_fmt': 's32p', 'compression_level': '4', 'reservoir': '1', 'b:a': '186k', 'abr': 'True'}",252.51953125,-2.629,-0.747,0.7327033070032485,2.0970150532433336
"{'ar': '44100', 'sample_fmt': 's32p', 'compression_level': '7', 'reservoir': '1', 'b:a': '151k', 'abr': 'True'}",202.6982421875,-2.762,-0.896,0.591501741000684,1.8300647013941624
"{'ar': '44100', 'sample_fmt': 'fltp', 'compression_level': '7', 'reservoir': '1', 'b:a': '36k', 'abr': 'True'}",53.220703125,-3.256,-1.568,0.6124915610125754,0.7040519597867172
"{'ar': '44100', 'sample_fmt': 's16p', 'compression_level': '7', 'reservoir': '1', 'b:a': '130k', 'abr': 'True'}",172.326171875,-2.921,-1.087,0.6363322759862058,1.444502112551479
"{'ar': '12000', 'sample_fmt': 's32p', 'compression_level': '8', 'reservoir': '1', 'b:a': '253k', 'abr': 'True'}",88.53125,-3.742,-2.811,0.5757483169727493,-0.8740406213328553
"{'ar': '44100', 'sample_fmt': 'fltp', 'compression_level': '9', 'reservoir': '1', 'b:a': '133k', 'abr': 'True'}",176.65625,-2.904,-1.066,0.6376333400257863,1.4837301645476464
"{'ar': '44100', 'sample_fmt': 's32p', 'compression_level': '9', 'reservoir': '0', 'b:a': '174k', 'abr': 'True'}",267.447265625,-2.66,-0.78,0.6445635909913108,1.9970718564674717
"{'ar': '44100', 'sample_fmt': 'fltp', 'compression_level': '7', 'reservoir': '1', 'b:a': '143k'}",178.4443359375,-2.916,-1.081,0.6437198600033298,1.4477359766525237
"{'ar': '44100', 'sample_fmt': 's16p', 'compression_level': '6', 'reservoir': '1', 'b:a': '165k', 'abr': 'True'}",224.2412109375,-2.653,-0.772,0.7483021370135248,2.077179845222719
"{'ar': '44100', 'sample_fmt': 's16p', 'compression_level': '4', 'reservoir': '1', 'b:a': '190k', 'abr': 'True'}",257.396484375,-2.624,-0.74,0.7855384370195679,2.099185772682984
"{'ar': '44100', 'sample_fmt': 'fltp', 'compression_level': '9', 'reservoir': '1', 'b:a': '138k'}",178.4443359375,-2.916,-1.081,0.6738437959866133,1.445509429509162
"{'ar': '44100', 'sample_fmt': 'fltp', 'compression_level': '4', 'reservoir': '1', 'b:a': '138k'}",178.4443359375,-2.838,-0.985,0.7385953369666822,1.652742614544769
"{'ar': '32000', 'sample_fmt': 's32p', 'compression_level': '9', 'reservoir': '1', 'b:a': '273k', 'abr': 'True'}",377.234375,-3.177,-1.442,0.5846951049752533,0.4129021762557262
"{'ar': '44100', 'sample_fmt': 's16p', 'compression_level': '6', 'reservoir': '1', 'b:a': '246k', 'abr': 'True'}",341.8076171875,-2.593,-0.708,0.6747332760132849,2.0550065872025507
"{'ar': '12000', 'sample_fmt': 's32p', 'compression_level': '8', 'reservoir': '1', 'b:a': '190k'}",90.640625,-3.742,-2.811,0.5388091120112222,-0.8746761929995838
"{'ar': '44100', 'sample_fmt': 's32p', 'compression_level': '8', 'reservoir': '1', 'b:a': '151k'}",223.037109375,-2.692,-0.815,0.5999521170160733,1.9856338788506025
"{'ar': '44100', 'sample_fmt': 's16p', 'compression_level': '7', 'reservoir': '1', 'b:a': '151k'}",223.037109375,-2.689,-0.812,0.6005093729763757,1.9935288791894727
"{'ar': '32000', 'sample_fmt': 's32p', 'compression_level': '9', 'reservoir': '1', 'b:a': '254k', 'abr': 'True'}",352.0625,-3.174,-1.437,0.5643352489860263,0.463140007627833
"{'ar': '12000', 'sample_fmt': 's16p', 'compression_level': '8', 'reservoir': '1', 'b:a': '135k', 'abr': 'True'}",88.390625,-3.74,-2.803,0.5352764550189022,-0.8636412958065063
"{'ar': '44100', 'sample_fmt': 's16p', 'compression_level': '7', 'reservoir': '1', 'b:a': '142k', 'abr': 'True'}",189.2998046875,-2.805,-0.945,0.5864523320051376,1.7361725413013476
"{'ar': '12000', 'sample_fmt': 'fltp', 'compression_level': '8', 'reservoir': '1', 'b:a': '190k', 'abr': 'True'}",88.53125,-3.742,-2.811,0.5381413619907107,-0.871260982635168
"{'ar': '32000', 'sample_fmt': 's32p', 'compression_level': '9', 'reservoir': '0', 'aq': '9'}",89.62109375,-3.518,-2.09,0.5698755510093179,-0.12599398533984954
"{'ar': '44100', 'sample_fmt': 's16p', 'compression_level': '7', 'reservoir': '1', 'b:a': '32k', 'abr': 'True'}",48.193359375,-3.355,-1.744,0.6489125349908136,0.42319740909786796
"{'ar': '12000', 'sample_fmt': 'fltp', 'compression_level': '8', 'reservoir': '1', 'b:a': '190k'}",90.640625,-3.742,-2.811,0.56586143898312,-0.8766757086463436
"{'ar': '44100', 'sample_fmt': 's32p', 'compression_level': '1', 'reservoir': '1', 'b:a': '273k', 'abr': 'True'}",355.8515625,-2.592,-0.706,1.0304165279667359,2.009268438573008
"{'ar': '44100', 'sample_fmt': 's16p', 'compression_level': '6', 'reservoir': '1', 'b:a': '115k', 'abr': 'True'}",153.818359375,-2.965,-1.143,0.6996570360206533,1.349170922234475
"{'ar': '44100', 'sample_fmt': 'fltp', 'compression_level': '4', 'reservoir': '1', 'b:a': '138k'}",178.4443359375,-2.838,-0.985,0.8024073090055026,1.6480260873242174
"{'ar': '44100', 'sample_fmt': 's32p', 'compression_level': '8', 'reservoir': '1', 'b:a': '254k', 'abr': 'True'}",350.5458984375,-2.6,-0.714,0.6224369689880405,2.026726276919816
"{'ar': '44100', 'sample_fmt': 's16p', 'compression_level': '9', 'reservoir': '1', 'b:a': '134k', 'abr': 'True'}",178.1396484375,-2.894,-1.053,0.6177073529688641,1.5102362831179832
"{'ar': '44100', 'sample_fmt': 's16p', 'compression_level': '8', 'reservoir': '0', 'b:a': '141k', 'abr': 'True'}",217.501953125,-2.817,-0.96,0.608892805990763,1.6568216007477672
"{'ar': '16000', 'sample_fmt': 's16p', 'compression_level': '7', 'reservoir': '1', 'b:a': '265k', 'abr': 'True'}",220.68359375,-3.766,-2.926,0.5456421079579741,-1.1748824271992007
"{'ar': '44100', 'sample_fmt': 's16p', 'compression_level': '7', 'reservoir': '1', 'b:a': '138k'}",178.4443359375,-2.914,-1.079,0.6182480979769025,1.4549094606688442
"{'ar': '44100', 'sample_fmt': 'fltp', 'compression_level': '9', 'reservoir': '1', 'b:a': '246k', 'abr': 'True'}",339.4716796875,-2.605,-0.72,0.6012092210294213,2.0324235803799517
"{'ar': '44100', 'sample_fmt': 's32p', 'compression_level': '8', 'reservoir': '1', 'b:a': '254k'}",356.8115234375,-2.604,-0.719,0.6619456699991133,2.002911195232186
"{'ar': '44100', 'sample_fmt': 's32p', 'compression_level': '8', 'reservoir': '1', 'b:a': '190k', 'abr': 'True'}",259.3271484375,-2.638,-0.756,0.6828399089863524,2.0660293610401
"{'ar': '44100', 'sample_fmt': 'fltp', 'compression_level': '8', 'reservoir': '1', 'b:a': '137k', 'abr': 'True'}",182.22265625,-2.864,-1.016,0.5917835830186959,1.5872073690247328
"{'ar': '44100', 'sample_fmt': 's16p', 'compression_level': '6', 'reservoir': '1', 'b:a': '248k', 'abr': 'True'}",344.1435546875,-2.589,-0.703,0.6835438430134673,2.0615250433370984
"{'ar': '44100', 'sample_fmt': 's32p', 'compression_level': '7', 'reservoir': '1', 'b:a': '170k', 'abr': 'True'}",229.6513671875,-2.677,-0.798,0.6145725660026073,2.0143109626304145
"{'ar': '44100', 'sample_fmt': 's16p', 'compression_level': '7', 'reservoir': '1', 'b:a': '163k', 'abr': 'True'}",219.642578125,-2.703,-0.828,0.6156215329829138,1.9601619648993116
"{'ar': '12000', 'sample_fmt': 's16p', 'compression_level': '8', 'reservoir': '1', 'b:a': '32k', 'abr': 'True'}",42.78125,-3.777,-2.979,0.5289492560259532,-0.9321247486521099
"{'ar': '44100', 'sample_fmt': 's16p', 'compression_level': '7', 'reservoir': '1', 'b:a': '143k', 'abr': 'True'}",190.8896484375,-2.799,-0.939,0.5875791169819422,1.7494247774389604
"{'ar': '12000', 'sample_fmt': 'fltp', 'compression_level': '8', 'reservoir': '1', 'b:a': '190k'}",90.640625,-3.742,-2.811,0.5393990230222698,-0.8747197950267962
"{'ar': '44100', 'sample_fmt': 'fltp', 'compression_level': '7', 'reservoir': '1', 'b:a': '36k'}",44.771484375,-3.207,-1.49,0.5830175069859251,0.85848530147589
"{'ar': '44100', 'sample_fmt': 'fltp', 'compression_level': '8', 'reservoir': '1', 'b:a': '36k'}",44.771484375,-3.207,-1.49,0.5836197120079305,0.8584407907628075
"{'ar': '44100', 'sample_fmt': 's32p', 'compression_level': '6', 'reservoir': '1', 'b:a': '112k', 'abr': 'True'}",149.3994140625,-3.013,-1.207,0.66784628899768,1.2265469467671875
"{'ar': '12000', 'sample_fmt': 's32p', 'compression_level': '9', 'reservoir': '1', 'b:a': '276k', 'abr': 'True'}",88.53125,-3.742,-2.811,0.5286612799682189,-0.8705602823827931
"{'ar': '32000', 'sample_fmt': 'fltp', 'compression_level': '8', 'reservoir': '1', 'b:a': '36k', 'abr': 'True'}",50.87890625,-3.36,-1.753,0.5740478420339059,0.4099568278937036
"{'ar': '44100', 'sample_fmt': 's16p', 'compression_level': '7', 'reservoir': '1', 'b:a': '133k', 'abr': 'True'}",176.70703125,-2.904,-1.066,0.6016515920055099,1.4863086496598592
"{'ar': '44100', 'sample_fmt': 'fltp', 'compression_level': '4', 'reservoir': '1', 'b:a': '137k'}",178.4443359375,-2.838,-0.985,0.7163317209924571,1.654388182726026
"{'ar': '44100', 'sample_fmt': 'fltp', 'compression_level': '7', 'reservoir': '1', 'b:a': '36k'}",44.771484375,-3.207,-1.49,0.5932542880182154,0.8577286714134269
"{'ar': '12000', 'sample_fmt': 'fltp', 'compression_level': '8', 'reservoir': '1', 'b:a': '188k', 'abr': 'True'}",88.53125,-3.742,-2.811,0.5368062439956702,-0.8711623002066979
"{'ar': '44100', 'sample_fmt': 's32p', 'compression_level': '9', 'reservoir': '0', 'b:a': '273k', 'abr': 'True'}",445.4091796875,-2.597,-0.712,0.6066718670190312,1.8841422710565336
"{'ar': '44100', 'sample_fmt': 's16p', 'compression_level': '0', 'reservoir': '1', 'b:a': '32k', 'abr': 'True'}",48.26953125,-3.138,-1.383,0.9856391089851968,1.017664426482496
"{'ar': '44100', 'sample_fmt': 'fltp', 'compression_level': '8', 'reservoir': '0', 'b:a': '180k', 'abr': 'True'}",271.6181640625,-2.655,-0.774,0.5999388840282336,2.007257282109003
"{'ar': '44100', 'sample_fmt': 's16p', 'compression_level': '7', 'reservoir': '1', 'b:a': '130k', 'abr': 'True'}",172.326171875,-2.921,-1.087,0.6033841360185761,1.4469374047710852
"{'ar': '44100', 'sample_fmt': 'fltp', 'compression_level': '6', 'reservoir': '1', 'b:a': '189k', 'abr': 'True'}",260.5458984375,-2.625,-0.742,0.6822396850329824,2.0988346186882394
"{'ar': '44100', 'sample_fmt': 's16p', 'compression_level': '8', 'reservoir': '1', 'b:a': '138k', 'abr': 'True'}",183.8095703125,-2.848,-0.997,0.6035062159935478,1.6270814479032767
"{'ar': '12000', 'sample_fmt': 's16p', 'compression_level': '6', 'reservoir': '1', 'b:a': '32k', 'abr': 'True'}",43.71875,-3.781,-3.0,0.590713343990501,-0.9541302243384633
"{'ar': '12000', 'sample_fmt': 'fltp', 'compression_level': '8', 'reservoir': '1', 'b:a': '172k'}",90.640625,-3.742,-2.811,0.580516220012214,-0.8777588858531677
"{'ar': '22050', 'sample_fmt': 'fltp', 'compression_level': '8', 'reservoir': '0', 'b:a': '246k', 'abr': 'True'}",223.35546875,-3.676,-2.552,0.5795284869964235,-0.8539746336623831
"{'ar': '44100', 'sample_fmt': 's16p', 'compression_level': '8', 'reservoir': '1', 'b:a': '137k', 'abr': 'True'}",182.173828125,-2.862,-1.014,0.6097491690015886,1.5912481864603063
"{'ar': '44100', 'sample_fmt': 'fltp', 'compression_level': '7', 'reservoir': '1', 'b:a': '142k', 'abr': 'True'}",189.2998046875,-2.81,-0.951,0.5955770070140716,1.7219556705715866
"{'ar': '44100', 'sample_fmt': 's16p', 'compression_level': '7', 'reservoir': '1', 'b:a': '136k', 'abr': 'True'}",180.84375,-2.87,-1.024,0.6002013350080233,1.5722821662637516
"{'ar': '44100', 'sample_fmt': 'fltp', 'compression_level': '4', 'reservoir': '1', 'b:a': '139k', 'abr': 'True'}",183.970703125,-2.807,-0.948,0.7196014109940734,1.7292283160281474
"{'ar': '44100', 'sample_fmt': 's32p', 'compression_level': '6', 'reservoir': '1', 'b:a': '115k', 'abr': 'True'}",153.7685546875,-2.965,-1.144,0.6713653670158237,1.3510260544003647
"{'ar': '32000', 'sample_fmt': 's32p', 'compression_level': '7', 'reservoir': '1', 'b:a': '272k', 'abr': 'True'}",375.6875,-3.177,-1.442,0.5748552069999278,0.41609776523425207
"{'ar': '44100', 'sample_fmt': 'fltp', 'compression_level': '7', 'reservoir': '0', 'b:a': '180k', 'abr': 'True'}",271.6181640625,-2.655,-0.774,0.6066576779994648,2.0067606766344794
"{'ar': '22050', 'sample_fmt': 's16p', 'compression_level': '8', 'reservoir': '1', 'b:a': '246k', 'abr': 'True'}",219.69921875,-3.677,-2.553,0.5860105419997126,-0.8512649886008306
"{'ar': '44100', 'sample_fmt': 's16p', 'compression_level': '8', 'reservoir': '1', 'b:a': '138k', 'abr': 'True'}",183.8095703125,-2.848,-0.997,0.6117571959912311,1.626471594132708
"{'ar': '44100', 'sample_fmt': 'fltp', 'compression_level': '8', 'reservoir': '1', 'b:a': '135k', 'abr': 'True'}",179.408203125,-2.879,-1.035,0.629713996022474,1.5479519685324965
"{'ar': '44100', 'sample_fmt': 's16p', 'compression_level': '9', 'reservoir': '1', 'b:a': '246k', 'abr': 'True'}",339.3701171875,-2.606,-0.721,0.6287781610153615,2.027902543813752
"{'ar': '44100', 'sample_fmt': 's16p', 'compression_level': '0', 'reservoir': '1', 'b:a': '152k', 'abr': 'True'}",203.8251953125,-2.759,-0.892,1.29534452300868,1.784495055745217
"{'ar': '44100', 'sample_fmt': 's16p', 'compression_level': '7', 'reservoir': '0', 'b:a': '246k', 'abr': 'True'}",359.482421875,-2.606,-0.721,0.6130051000218373,1.9969758835617162
"{'ar': '44100', 'sample_fmt': 's16p', 'compression_level': '8', 'reservoir': '1', 'b:a': '131k', 'abr': 'True'}",173.748046875,-2.913,-1.077,0.6686197580129374,1.4616409026374346
"{'ar': '32000', 'sample_fmt': 's32p', 'compression_level': '9', 'reservoir': '1', 'b:a': '270k', 'abr': 'True'}",373.296875,-3.176,-1.441,0.6442273060092703,0.4174303049124296
"{'ar': '44100', 'sample_fmt': 's32p', 'compression_level': '7', 'reservoir': '1', 'b:a': '163k', 'abr': 'True'}",219.640625,-2.703,-0.829,0.6291052279702853,1.9588530041694128
"{'ar': '44100', 'sample_fmt': 's16p', 'compression_level': '7', 'reservoir': '1', 'b:a': '142k', 'abr': 'True'}",189.2998046875,-2.805,-0.945,0.6143605780089274,1.7341097622059978
"{'ar': '16000', 'sample_fmt': 's32p', 'compression_level': '7', 'reservoir': '1', 'b:a': '32k', 'abr': 'True'}",42.828125,-3.448,-1.93,0.5605490460002329,0.16293024164862488
"{'ar': '44100', 'sample_fmt': 'fltp', 'compression_level': '7', 'reservoir': '1', 'b:a': '36k'}",44.771484375,-3.207,-1.49,0.6082963949884288,0.8566168658272227
"{'ar': '32000', 'sample_fmt': 's16p', 'compression_level': '9', 'reservoir': '1', 'b:a': '272k', 'abr': 'True'}",375.828125,-3.176,-1.441,0.6046976470097434,0.4163130301818311
"{'ar': '22050', 'sample_fmt': 's16p', 'compression_level': '4', 'reservoir': '0', 'b:a': '246k'}",223.546875,-3.675,-2.548,0.699655949982116,-0.8595672502349038
"{'ar': '32000', 'sample_fmt': 's16p', 'compression_level': '8', 'reservoir': '1', 'b:a': '32k', 'abr': 'True'}",46.73046875,-3.437,-1.907,0.5846610049775336,0.18780608489088535
"{'ar': '44100', 'sample_fmt': 's32p', 'compression_level': '6', 'reservoir': '1', 'b:a': '114k', 'abr': 'True'}",152.2431640625,-2.974,-1.155,0.6830980259983335,1.3281533884817867
"{'ar': '44100', 'sample_fmt': 's32p', 'compression_level': '0', 'reservoir': '1', 'b:a': '163k', 'abr': 'True'}",216.93359375,-2.704,-0.829,1.2514471909962595,1.914843487715378
"{'ar': '16000', 'sample_fmt': 's16p', 'compression_level': '0', 'reservoir': '1', 'b:a': '32k', 'abr': 'True'}",43.8125,-3.269,-1.591,0.8182613639801275,0.6663105206021074
"{'ar': '44100', 'sample_fmt': 's32p', 'compression_level': '7', 'reservoir': '1', 'b:a': '143k', 'abr': 'True'}",190.841796875,-2.805,-0.945,0.6003824819927104,1.732682421310028
"{'ar': '44100', 'sample_fmt': 'fltp', 'compression_level': '6', 'reservoir': '1', 'aq': '9'}",105.197265625,-3.343,-1.721,0.615126875025453,0.36995028659670565
"{'ar': '44100', 'sample_fmt': 's16p', 'compression_level': '7', 'reservoir': '1', 'b:a': '32k'}",44.771484375,-3.291,-1.629,0.5903011669870466,0.6183834480256839
"{'ar': '44100', 'sample_fmt': 's16p', 'compression_level': '7', 'reservoir': '0', 'b:a': '246k', 'abr': 'True'}",359.482421875,-2.606,-0.721,0.6151619820157066,1.9968164621818314
"{'ar': '22050', 'sample_fmt': 's16p', 'compression_level': '8', 'reservoir': '0', 'b:a': '131k', 'abr': 'True'}",194.060546875,-3.68,-2.564,0.5820538980187848,-0.8205216763263048
"{'ar': '44100', 'sample_fmt': 's16p', 'compression_level': '7', 'reservoir': '1', 'b:a': '163k', 'abr': 'True'}",219.642578125,-2.703,-0.828,0.6131415309791919,1.9603452690126912
"{'ar': '44100', 'sample_fmt': 'fltp', 'compression_level': '9', 'reservoir': '1', 'b:a': '133k', 'abr': 'True'}",176.65625,-2.904,-1.066,0.6258311250130646,1.4846025003584946
"{'ar': '44100', 'sample_fmt': 's16p', 'compression_level': '8', 'reservoir': '1', 'b:a': '137k', 'abr': 'True'}",182.173828125,-2.862,-1.014,0.6226179509831127,1.5902970176032416
"{'ar': '44100', 'sample_fmt': 's16p', 'compression_level': '7', 'reservoir': '1', 'b:a': '115k', 'abr': 'True'}",150.6689453125,-3.121,-1.359,0.5988893120374996,0.9300350455843982
"{'ar': '44100', 'sample_fmt': 's16p', 'compression_level': '7', 'reservoir': '1', 'b:a': '114k', 'abr': 'True'}",149.4013671875,-3.141,-1.388,0.6085492899874225,0.8755966276670065
"{'ar': '44100', 'sample_fmt': 'fltp', 'compression_level': '8', 'reservoir': '1', 'b:a': '134k', 'abr': 'True'}",178.1904296875,-2.893,-1.053,0.8450191819865722,1.4956839170741203
"{'ar': '44100', 'sample_fmt': 's16p', 'compression_level': '8', 'reservoir': '1', 'b:a': '151k'}",223.037109375,-2.689,-0.812,0.6301251040131319,1.9913398949420276
"{'ar': '32000', 'sample_fmt': 's16p', 'compression_level': '9', 'reservoir': '1', 'b:a': '272k', 'abr': 'True'}",375.828125,-3.176,-1.441,0.5956386239849962,0.41698260874714843
"{'ar': '44100', 'sample_fmt': 's16p', 'compression_level': '7', 'reservoir': '1', 'b:a': '150k'}",223.037109375,-2.689,-0.812,0.6035067999910098,1.9933073306985793
"{'ar': '44100', 'sample_fmt': 'fltp', 'compression_level': '7', 'reservoir': '1', 'b:a': '133k', 'abr': 'True'}",176.65625,-2.904,-1.066,0.6095576320076361,1.4858053212443132
"{'ar': '44100', 'sample_fmt': 's16p', 'compression_level': '7', 'reservoir': '1', 'b:a': '142k', 'abr': 'True'}",189.2998046875,-2.805,-0.945,0.6344400300004054,1.7326256318952475
"{'ar': '44100', 'sample_fmt': 's16p', 'compression_level': '7', 'reservoir': '1', 'b:a': '114k', 'abr': 'True'}",149.4013671875,-3.141,-1.388,0.6125630100141279,0.8752999620232914
"{'ar': '44100', 'sample_fmt': 's16p', 'compression_level': '7', 'reservoir': '1', 'b:a': '168k', 'abr': 'True'}",226.796875,-2.686,-0.809,0.652915218990529,1.9915922754954793
"{'ar': '44100', 'sample_fmt': 'fltp', 'compression_level': '8', 'reservoir': '0', 'b:a': '133k', 'abr': 'True'}",191.6669921875,-2.904,-1.066,0.6769370079855435,1.4568730068530076
"{'ar': '44100', 'sample_fmt': 's16p', 'compression_level': '8', 'reservoir': '1', 'b:a': '151k', 'abr': 'True'}",202.5986328125,-2.761,-0.895,0.6105447139998432,1.8314615196402477
"{'ar': '32000', 'sample_fmt': 's32p', 'compression_level': '9', 'reservoir': '1', 'b:a': '267k', 'abr': 'True'}",369.640625,-3.178,-1.444,0.6064112650055904,0.42045329558300515
"{'ar': '44100', 'sample_fmt': 's16p', 'compression_level': '8', 'reservoir': '0', 'b:a': '141k', 'abr': 'True'}",217.501953125,-2.817,-0.96,0.5967011890024878,1.6577227183836984
"{'ar': '44100', 'sample_fmt': 's32p', 'compression_level': '1', 'reservoir': '1', 'b:a': '163k', 'abr': 'True'}",218.927734375,-2.7,-0.825,1.1360659259662498,1.9307712557414094
"{'ar': '44100', 'sample_fmt': 's16p', 'compression_level': '8', 'reservoir': '1', 'b:a': '151k', 'abr': 'True'}",202.5986328125,-2.761,-0.895,0.6024274970113765,1.8320614866003337
"{'ar': '44100', 'sample_fmt': 's16p', 'compression_level': '0', 'reservoir': '1', 'b:a': '114k', 'abr': 'True'}",150.8701171875,-3.156,-1.41,1.139264725992689,0.7921371314999941
"{'ar': '44100', 'sample_fmt': 's16p', 'compression_level': '7', 'reservoir': '1', 'b:a': '142k', 'abr': 'True'}",189.2998046875,-2.805,-0.945,0.6071200640290044,1.7346449295137298
"{'ar': '44100', 'sample_fmt': 'fltp', 'compression_level': '8', 'reservoir': '1', 'b:a': '190k'}",267.6279296875,-2.63,-0.747,0.6237306939729024,2.0786316594211827
"{'ar': '44100', 'sample_fmt': 's32p', 'compression_level': '8', 'reservoir': '1', 'b:a': '241k', 'abr': 'True'}",331.955078125,-2.605,-0.72,0.6077097340021282,2.0439370837654915
"{'ar': '44100', 'sample_fmt': 's16p', 'compression_level': '6', 'reservoir': '1', 'b:a': '115k', 'abr': 'True'}",153.818359375,-2.965,-1.143,0.7841572160250507,1.3429252697902943
"{'ar': '44100', 'sample_fmt': 's16p', 'compression_level': '7', 'reservoir': '1', 'b:a': '172k', 'abr': 'True'}",232.3984375,-2.668,-0.789,0.6689323069876991,2.0297182404559244
"{'ar': '44100', 'sample_fmt': 's16p', 'compression_level': '6', 'reservoir': '1', 'b:a': '174k', 'abr': 'True'}",235.548828125,-2.657,-0.777,0.71154797001509,2.050956243966171
"{'ar': '44100', 'sample_fmt': 's16p', 'compression_level': '7', 'reservoir': '1', 'b:a': '151k', 'abr': 'True'}",202.5986328125,-2.761,-0.895,0.6365412879968062,1.8295400377461735
"{'ar': '44100', 'sample_fmt': 's16p', 'compression_level': '7', 'reservoir': '1', 'b:a': '131k', 'abr': 'True'}",173.748046875,-2.913,-1.077,0.7052723600354511,1.4589318029243263
"{'ar': '44100', 'sample_fmt': 's32p', 'compression_level': '4', 'reservoir': '1', 'b:a': '136k', 'abr': 'True'}",180.0263671875,-2.825,-0.969,0.7644444590259809,1.6836441663946287
"{'ar': '12000', 'sample_fmt': 'fltp', 'compression_level': '7', 'reservoir': '1', 'b:a': '185k', 'abr': 'True'}",88.53125,-3.742,-2.811,0.5677906519849785,-0.8734524473221225
"{'ar': '44100', 'sample_fmt': 's32p', 'compression_level': '4', 'reservoir': '1', 'b:a': '180k', 'abr': 'True'}",245.408203125,-2.636,-0.754,0.7473406850185711,2.088762683224309
"{'ar': '44100', 'sample_fmt': 's16p', 'compression_level': '8', 'reservoir': '0', 'b:a': '36k', 'abr': 'True'}",59.2646484375,-3.251,-1.561,0.6400595669692848,0.7062281172373843
"{'ar': '44100', 'sample_fmt': 's32p', 'compression_level': '7', 'reservoir': '1', 'b:a': '167k', 'abr': 'True'}",225.26171875,-2.687,-0.81,0.6556983420159668,1.9911907650808258
"{'ar': '44100', 'sample_fmt': 'fltp', 'compression_level': '8', 'reservoir': '1', 'b:a': '32k', 'abr': 'True'}",48.16796875,-3.35,-1.734,0.6677314219996333,0.4366512389788667
"{'ar': '44100', 'sample_fmt': 's32p', 'compression_level': '1', 'reservoir': '1', 'b:a': '162k', 'abr': 'True'}",217.498046875,-2.707,-0.833,1.2102944960060995,1.9087328772821197
"{'ar': '22050', 'sample_fmt': 's16p', 'compression_level': '7', 'reservoir': '0', 'b:a': '246k', 'abr': 'True'}",223.35546875,-3.677,-2.554,0.5683884759782813,-0.8561120979160614
"{'ar': '44100', 'sample_fmt': 's16p', 'compression_level': '7', 'reservoir': '1', 'b:a': '135k', 'abr': 'True'}",179.365234375,-2.88,-1.036,0.6028445969859604,1.5473611309149844
"{'ar': '44100', 'sample_fmt': 's16p', 'compression_level': '0', 'reservoir': '1', 'b:a': '32k', 'abr': 'True'}",48.26953125,-3.138,-1.383,1.0122791659960058,1.0156953828997013
"{'ar': '44100', 'sample_fmt': 's32p', 'compression_level': '8', 'reservoir': '1', 'b:a': '170k', 'abr': 'True'}",229.6513671875,-2.677,-0.798,0.6068168889905792,2.0148842071262716
"{'ar': '44100', 'sample_fmt': 'fltp', 'compression_level': '6', 'reservoir': '1', 'b:a': '190k'}",267.6279296875,-2.616,-0.732,0.6775095790217165,2.1120077124953216
"{'ar': '44100', 'sample_fmt': 's16p', 'compression_level': '7', 'reservoir': '1', 'b:a': '163k', 'abr': 'True'}",219.642578125,-2.703,-0.828,0.5984457400045358,1.9614314773830788
"{'ar': '44100', 'sample_fmt': 's16p', 'compression_level': '9', 'reservoir': '0', 'b:a': '273k', 'abr': 'True'}",445.4091796875,-2.598,-0.712,0.6127215080196038,1.8813651867741477
"{'ar': '44100', 'sample_fmt': 's16p', 'compression_level': '4', 'reservoir': '1', 'b:a': '152k', 'abr': 'True'}",204.435546875,-2.681,-0.803,0.7223589259956498,2.0356831099711297
"{'ar': '44100', 'sample_fmt': 'fltp', 'compression_level': '8', 'reservoir': '0', 'b:a': '142k', 'abr': 'True'}",221.7060546875,-2.809,-0.951,0.6123283019987866,1.6713379656164684
"{'ar': '44100', 'sample_fmt': 'fltp', 'compression_level': '8', 'reservoir': '1', 'b:a': '193k'}",267.6279296875,-2.63,-0.747,0.6026414459920488,2.080190426671036
"{'ar': '44100', 'sample_fmt': 's16p', 'compression_level': '7', 'reservoir': '1', 'b:a': '135k', 'abr': 'True'}",179.365234375,-2.88,-1.036,0.6087367560248822,1.5469256244166427
"{'ar': '44100', 'sample_fmt': 's16p', 'compression_level': '7', 'reservoir': '1', 'b:a': '142k', 'abr': 'True'}",189.2998046875,-2.805,-0.945,0.5960138659866061,1.7354658206993516
"{'ar': '44100', 'sample_fmt': 's32p', 'compression_level': '0', 'reservoir': '1', 'b:a': '238k', 'abr': 'True'}",310.7685546875,-2.593,-0.707,1.0828217770031188,2.0746869789196034
"{'ar': '44100', 'sample_fmt': 's32p', 'compression_level': '0', 'reservoir': '1', 'b:a': '36k', 'abr': 'True'}",53.322265625,-3.09,-1.313,0.9900504879769869,1.143195004078678
"{'ar': '44100', 'sample_fmt': 's32p', 'compression_level': '4', 'reservoir': '1', 'b:a': '136k', 'abr': 'True'}",180.0263671875,-2.825,-0.969,0.734462813969003,1.6858601964045166
"{'ar': '32000', 'sample_fmt': 's32p', 'compression_level': '9', 'reservoir': '1', 'b:a': '272k', 'abr': 'True'}",375.6875,-3.177,-1.442,0.6012940870132297,0.41414359122458855
"{'ar': '44100', 'sample_fmt': 's16p', 'compression_level': '6', 'reservoir': '1', 'b:a': '190k'}",267.6279296875,-2.629,-0.746,0.7157192270096857,2.0744779174144843
"{'ar': '44100', 'sample_fmt': 'fltp', 'compression_level': '4', 'reservoir': '1', 'b:a': '139k', 'abr': 'True'}",183.970703125,-2.807,-0.948,0.7472066640330013,1.7271879320182453
"{'ar': '44100', 'sample_fmt': 's32p', 'compression_level': '9', 'reservoir': '1', 'b:a': '273k', 'abr': 'True'}",375.673828125,-2.598,-0.712,0.6388745050062425,1.990706375574045
"{'ar': '44100', 'sample_fmt': 's16p', 'compression_level': '8', 'reservoir': '1', 'b:a': '137k', 'abr': 'True'}",182.173828125,-2.862,-1.014,0.6680800820176955,1.5869367801481375
"{'ar': '44100', 'sample_fmt': 's16p', 'compression_level': '6', 'reservoir': '1', 'b:a': '172k', 'abr': 'True'}",233.1064453125,-2.645,-0.763,0.752540469984524,2.0841992654328667
"{'ar': '44100', 'sample_fmt': 's32p', 'compression_level': '4', 'reservoir': '1', 'b:a': '180k', 'abr': 'True'}",245.408203125,-2.636,-0.754,0.7213818820018787,2.090681373356103
"{'ar': '44100', 'sample_fmt': 'fltp', 'compression_level': '8', 'reservoir': '1', 'b:a': '190k'}",267.6279296875,-2.63,-0.747,0.6034976989903953,2.0801271385380202
"{'ar': '44100', 'sample_fmt': 's16p', 'compression_level': '8', 'reservoir': '1', 'b:a': '126k', 'abr': 'True'}",166.578125,-2.971,-1.152,0.6137700079998467,1.318340021517601
"{'ar': '12000', 'sample_fmt': 'fltp', 'compression_level': '8', 'reservoir': '1', 'b:a': '174k', 'abr': 'True'}",88.53125,-3.742,-2.811,0.5418697099958081,-0.871536555608262
"{'ar': '44100', 'sample_fmt': 's16p', 'compression_level': '6', 'reservoir': '1', 'b:a': '246k', 'abr': 'True'}",341.8076171875,-2.593,-0.708,0.6735478549962863,2.0550942050948655
"{'ar': '44100', 'sample_fmt': 'fltp', 'compression_level': '4', 'reservoir': '1', 'b:a': '133k', 'abr': 'True'}",176.296875,-2.833,-0.979,0.7231932310096454,1.6708500957464423
"{'ar': '44100', 'sample_fmt': 'fltp', 'compression_level': '6', 'reservoir': '1', 'b:a': '134k', 'abr': 'True'}",180.12890625,-2.828,-0.973,0.7210801289766096,1.678434084219675
"{'ar': '16000', 'sample_fmt': 'fltp', 'compression_level': '8', 'reservoir': '0', 'b:a': '32k', 'abr': 'True'}",47.71484375,-3.448,-1.93,0.5780790849821642,0.15383698166381182
"{'ar': '44100', 'sample_fmt': 's16p', 'compression_level': '6', 'reservoir': '1', 'b:a': '115k', 'abr': 'True'}",153.818359375,-2.965,-1.143,0.6822760829818435,1.3504555986910622
"{'ar': '12000', 'sample_fmt': 'fltp', 'compression_level': '4', 'reservoir': '1', 'b:a': '32k', 'abr': 'True'}",43.15625,-3.78,-2.995,0.5620598100067582,-0.9472075676343883
"{'ar': '44100', 'sample_fmt': 's16p', 'compression_level': '8', 'reservoir': '1', 'aq': '9'}",97.146484375,-3.315,-1.67,0.6283724870008882,0.46314425011908206
"{'ar': '44100', 'sample_fmt': 's16p', 'compression_level': '6', 'reservoir': '1', 'b:a': '273k', 'abr': 'True'}",366.9716796875,-2.583,-0.696,0.6856587060028687,2.041130532470929
"{'ar': '44100', 'sample_fmt': 's16p', 'compression_level': '7', 'reservoir': '1', 'b:a': '172k', 'abr': 'True'}",232.3984375,-2.668,-0.789,0.6234273960290011,2.0330816398988207
"{'ar': '44100', 'sample_fmt': 's16p', 'compression_level': '7', 'reservoir': '1', 'b:a': '143k', 'abr': 'True'}",190.8896484375,-2.799,-0.939,0.5978712750074919,1.748664054302929
"{'ar': '44100', 'sample_fmt': 's16p', 'compression_level': '7', 'reservoir': '1', 'b:a': '32k'}",44.771484375,-3.291,-1.629,0.6383194810186978,0.614834275699878
"{'ar': '44100', 'sample_fmt': 's16p', 'compression_level': '8', 'reservoir': '1', 'b:a': '134k', 'abr': 'True'}",178.1396484375,-2.894,-1.053,0.6769047999987379,1.5058608287732451
"{'ar': '44100', 'sample_fmt': 'fltp', 'compression_level': '6', 'reservoir': '0', 'b:a': '61k', 'abr': 'True'}",90.1767578125,-3.474,-1.988,0.6724880870024208,0.00022899467082265843
"{'ar': '44100', 'sample_fmt': 's16p', 'compression_level': '8', 'reservoir': '0', 'b:a': '145k', 'abr': 'True'}",225.1875,-2.798,-0.938,0.6217975250037853,1.694813124436749
"{'ar': '44100', 'sample_fmt': 'fltp', 'compression_level': '0', 'reservoir': '1', 'b:a': '151k', 'abr': 'True'}",202.904296875,-2.766,-0.9,1.2088893110339995,1.7735214231666288
"{'ar': '12000', 'sample_fmt': 'fltp', 'compression_level': '8', 'reservoir': '1', 'b:a': '190k'}",90.640625,-3.742,-2.811,0.5535191319941077,-0.8757634530770804
"{'ar': '22050', 'sample_fmt': 's16p', 'compression_level': '9', 'reservoir': '1', 'b:a': '271k', 'abr': 'True'}",219.69921875,-3.677,-2.553,0.6312382320174947,-0.8546078978430299
"{'ar': '32000', 'sample_fmt': 's16p', 'compression_level': '7', 'reservoir': '1', 'b:a': '180k', 'abr': 'True'}",250.109375,-3.183,-1.451,0.6122301279974636,0.5968970936590461
"{'ar': '44100', 'sample_fmt': 's32p', 'compression_level': '8', 'reservoir': '0', 'b:a': '256k', 'abr': 'True'}",370.7080078125,-2.598,-0.713,0.6169994360243436,1.9999315504352069
"{'ar': '44100', 'sample_fmt': 'fltp', 'compression_level': '9', 'reservoir': '1', 'b:a': '154k', 'abr': 'True'}",206.7861328125,-2.747,-0.879,0.6099095759855118,1.862493083238482
"{'ar': '44100', 'sample_fmt': 's16p', 'compression_level': '7', 'reservoir': '1', 'b:a': '114k', 'abr': 'True'}",149.4013671875,-3.141,-1.388,0.5970316019956954,0.8764479332636703
"{'ar': '8000', 'sample_fmt': 's32p', 'compression_level': '8', 'reservoir': '1', 'aq': '9'}",36.8515625,-3.855,-3.486,0.5317975179932546,-1.2645460438049536
"{'ar': '44100', 'sample_fmt': 'fltp', 'compression_level': '9', 'reservoir': '0', 'b:a': '178k', 'abr': 'True'}",271.5166015625,-2.656,-0.775,0.6459704400040209,2.0013716202523355
"{'ar': '8000', 'sample_fmt': 's32p', 'compression_level': '8', 'reservoir': '1', 'aq': '9'}",36.8515625,-3.855,-3.486,0.5357649009965826,-1.2648392845453926
"{'ar': '12000', 'sample_fmt': 's16p', 'compression_level': '8', 'reservoir': '1', 'b:a': '141k'}",90.546875,-3.741,-2.808,0.544831923005404,-0.871695449742066
"{'ar': '12000', 'sample_fmt': 'fltp', 'compression_level': '7', 'reservoir': '1', 'b:a': '35k', 'abr': 'True'}",47.046875,-3.779,-2.992,0.5289479919883888,-0.9476919970476863
"{'ar': '44100', 'sample_fmt': 's32p', 'compression_level': '0', 'reservoir': '1', 'b:a': '238k', 'abr': 'True'}",310.7685546875,-2.593,-0.707,1.1166653399995994,2.072185503396856
"{'ar': '44100', 'sample_fmt': 's16p', 'compression_level': '6', 'reservoir': '1', 'b:a': '115k', 'abr': 'True'}",153.818359375,-2.965,-1.143,0.6804866709862836,1.3505878593016685
"{'ar': '44100', 'sample_fmt': 's16p', 'compression_level': '8', 'reservoir': '1', 'b:a': '169k', 'abr': 'True'}",228.224609375,-2.678,-0.8,0.6119776119594462,2.013818535471781
"{'ar': '44100', 'sample_fmt': 's16p', 'compression_level': '6', 'reservoir': '1', 'b:a': '115k', 'abr': 'True'}",153.818359375,-2.965,-1.143,0.6977276499965228,1.3493135287299494
"{'ar': '44100', 'sample_fmt': 's16p', 'compression_level': '7', 'reservoir': '1', 'b:a': '135k', 'abr': 'True'}",179.365234375,-2.88,-1.036,0.6173516959825065,1.5462888693138725
"{'ar': '44100', 'sample_fmt': 'fltp', 'compression_level': '4', 'reservoir': '1', 'b:a': '137k', 'abr': 'True'}",181.3046875,-2.816,-0.959,0.7310446040064562,1.7081971003185086
"{'ar': '44100', 'sample_fmt': 's32p', 'compression_level': '7', 'reservoir': '1', 'b:a': '167k'}",223.037109375,-2.692,-0.815,0.6600390890089329,1.9811926771458122
"{'ar': '12000', 'sample_fmt': 'fltp', 'compression_level': '1', 'reservoir': '1', 'b:a': '32k', 'abr': 'True'}",43.859375,-3.755,-2.873,0.772023743018508,-0.8671141884788566
"{'ar': '44100', 'sample_fmt': 'fltp', 'compression_level': '7', 'reservoir': '1', 'b:a': '36k'}",44.771484375,-3.207,-1.49,0.6399412860046141,0.8542779005029976
"{'ar': '12000', 'sample_fmt': 'fltp', 'compression_level': '8', 'reservoir': '1', 'b:a': '241k', 'abr': 'True'}",88.53125,-3.742,-2.811,0.579758561012568,-0.8743370300563368
"{'ar': '32000', 'sample_fmt': 's32p', 'compression_level': '9', 'reservoir': '1', 'b:a': '272k', 'abr': 'True'}",375.6875,-3.177,-1.442,0.7801061219943222,0.40092707709088515
"{'ar': '32000', 'sample_fmt': 's32p', 'compression_level': '9', 'reservoir': '0', 'b:a': '65k', 'abr': 'True'}",94.12109375,-3.617,-2.357,0.8427362379734404,-0.46823363873010937
"{'ar': '44100', 'sample_fmt': 's16p', 'compression_level': '6', 'reservoir': '1', 'b:a': '32k', 'abr': 'True'}",48.21875,-3.352,-1.738,1.0162341590039432,0.4048896556325593
"{'ar': '44100', 'sample_fmt': 's32p', 'compression_level': '8', 'reservoir': '1', 'b:a': '241k', 'abr': 'True'}",331.955078125,-2.605,-0.72,0.6603642619738821,2.040045235472306
"{'ar': '44100', 'sample_fmt': 'fltp', 'compression_level': '6', 'reservoir': '0', 'b:a': '36k', 'abr': 'True'}",59.2919921875,-3.249,-1.557,0.656115795020014,0.710919432886049
"{'ar': '44100', 'sample_fmt': 's16p', 'compression_level': '6', 'reservoir': '1', 'b:a': '172k'}",223.037109375,-2.666,-0.787,0.8177653010061476,2.038945896314074
"{'ar': '44100', 'sample_fmt': 's16p', 'compression_level': '8', 'reservoir': '0', 'b:a': '246k', 'abr': 'True'}",359.482421875,-2.606,-0.721,0.6249670599936508,1.9960917405394023
"{'ar': '44100', 'sample_fmt': 's16p', 'compression_level': '7', 'reservoir': '1', 'b:a': '143k', 'abr': 'True'}",190.8896484375,-2.799,-0.939,0.6230189699854236,1.7468053155097543
"{'ar': '44100', 'sample_fmt': 's32p', 'compression_level': '8', 'reservoir': '0', 'b:a': '256k', 'abr': 'True'}",370.7080078125,-2.598,-0.713,0.6103501100151334,2.0004230213319483
"{'ar': '16000', 'sample_fmt': 's16p', 'compression_level': '0', 'reservoir': '1', 'b:a': '32k', 'abr': 'True'}",43.8125,-3.269,-1.591,0.7827509029884823,0.6689352013717212
"{'ar': '44100', 'sample_fmt': 'fltp', 'compression_level': '6', 'reservoir': '1', 'b:a': '189k', 'abr': 'True'}",260.5458984375,-2.625,-0.742,0.7034410129999742,2.0972675672827865
"{'ar': '44100', 'sample_fmt': 'fltp', 'compression_level': '9', 'reservoir': '1', 'b:a': '154k'}",223.037109375,-2.691,-0.815,0.5985408440174069,1.988068127952679
"{'ar': '44100', 'sample_fmt': 's16p', 'compression_level': '6', 'reservoir': '1', 'b:a': '189k', 'abr': 'True'}",260.546875,-2.631,-0.748,0.6773405100102536,2.0833227951289044
"{'ar': '44100', 'sample_fmt': 'fltp', 'compression_level': '7', 'reservoir': '1', 'b:a': '168k', 'abr': 'True'}",226.8955078125,-2.683,-0.806,0.69043706098455,1.996597731593552
"{'ar': '8000', 'sample_fmt': 's32p', 'compression_level': '8', 'reservoir': '1', 'aq': '9'}",36.8515625,-3.855,-3.486,0.5439480569912121,-1.265444125247937
"{'ar': '44100', 'sample_fmt': 's32p', 'compression_level': '4', 'reservoir': '1', 'b:a': '181k', 'abr': 'True'}",246.6259765625,-2.643,-0.761,0.7602363269834314,2.067348597374776
"{'ar': '44100', 'sample_fmt': 's16p', 'compression_level': '8', 'reservoir': '1', 'b:a': '126k', 'abr': 'True'}",166.578125,-2.971,-1.152,0.6135321740002837,1.318357600515665
"{'ar': '44100', 'sample_fmt': 'fltp', 'compression_level': '8', 'reservoir': '1', 'b:a': '193k'}",267.6279296875,-2.63,-0.747,0.6476469750341494,2.0768639379884224
"{'ar': '44100', 'sample_fmt': 'fltp', 'compression_level': '8', 'reservoir': '1', 'b:a': '180k', 'abr': 'True'}",245.30859375,-2.655,-0.774,0.6633863410097547,2.044548947431627
"{'ar': '44100', 'sample_fmt': 's16p', 'compression_level': '8', 'reservoir': '0', 'b:a': '141k', 'abr': 'True'}",217.501953125,-2.817,-0.96,0.6364717359829228,1.6547831623503049
"{'ar': '44100', 'sample_fmt': 's16p', 'compression_level': '6', 'reservoir': '1', 'b:a': '115k', 'abr': 'True'}",153.818359375,-2.965,-1.143,0.7074597229948267,1.3485942030964935
"{'ar': '44100', 'sample_fmt': 's16p', 'compression_level': '7', 'reservoir': '1', 'b:a': '126k', 'abr': 'True'}",166.578125,-2.971,-1.152,0.6046095060009975,1.31901710068709
"{'ar': '22050', 'sample_fmt': 's16p', 'compression_level': '8', 'reservoir': '0', 'b:a': '246k', 'abr': 'True'}",223.35546875,-3.677,-2.554,0.5964497149689123,-0.8581861851650998
"{'ar': '44100', 'sample_fmt': 's16p', 'compression_level': '8', 'reservoir': '1', 'b:a': '168k', 'abr': 'True'}",226.796875,-2.686,-0.809,0.6120245149941184,1.9946146255703097
"{'ar': '44100', 'sample_fmt': 's16p', 'compression_level': '7', 'reservoir': '0', 'b:a': '175k', 'abr': 'True'}",268.7666015625,-2.659,-0.779,0.6333552190044429,1.9984404782095104
"{'ar': '44100', 'sample_fmt': 's32p', 'compression_level': '8', 'reservoir': '1', 'aq': '9'}",97.1474609375,-3.314,-1.668,0.6353217799915001,0.46558990418388546
"{'ar': '44100', 'sample_fmt': 's16p', 'compression_level': '4', 'reservoir': '1', 'b:a': '137k', 'abr': 'True'}",181.205078125,-2.816,-0.959,0.7277763159945607,1.7085976120825355
"{'ar': '44100', 'sample_fmt': 's16p', 'compression_level': '6', 'reservoir': '1', 'b:a': '115k', 'abr': 'True'}",153.818359375,-2.965,-1.143,0.6922115059860516,1.349721242871146
"{'ar': '16000', 'sample_fmt': 's16p', 'compression_level': '7', 'reservoir': '1', 'b:a': '176k', 'abr': 'True'}",220.68359375,-3.766,-2.926,0.5466624879918527,-1.1749578464356123
"{'ar': '44100', 'sample_fmt': 'fltp', 'compression_level': '6', 'reservoir': '1', 'b:a': '189k', 'abr': 'True'}",260.5458984375,-2.625,-0.742,0.6774682000395842,2.099187292929997
"{'ar': '44100', 'sample_fmt': 'fltp', 'compression_level': '8', 'reservoir': '1', 'b:a': '190k', 'abr': 'True'}",259.3271484375,-2.638,-0.756,0.6298140960279852,2.0699486520793715
"{'ar': '44100', 'sample_fmt': 's16p', 'compression_level': '8', 'reservoir': '0', 'b:a': '246k', 'abr': 'True'}",359.482421875,-2.606,-0.721,0.6270263189799152,1.9959395347580644
"{'ar': '44100', 'sample_fmt': 's16p', 'compression_level': '6', 'reservoir': '1', 'b:a': '172k', 'abr': 'True'}",233.1064453125,-2.645,-0.763,0.7043105909833685,2.0877640751368274
"{'ar': '44100', 'sample_fmt': 's16p', 'compression_level': '7', 'reservoir': '1', 'b:a': '172k', 'abr': 'True'}",232.3984375,-2.668,-0.789,0.614904073998332,2.033711623255905
"{'ar': '44100', 'sample_fmt': 's16p', 'compression_level': '4', 'reservoir': '1', 'b:a': '152k', 'abr': 'True'}",204.435546875,-2.681,-0.803,0.7279736240161583,2.0352681114183064
"{'ar': '44100', 'sample_fmt': 's32p', 'compression_level': '0', 'reservoir': '1', 'b:a': '194k', 'abr': 'True'}",261.7607421875,-2.621,-0.737,1.006845705996966,2.0838006100345066
"{'ar': '44100', 'sample_fmt': 's16p', 'compression_level': '8', 'reservoir': '1', 'b:a': '246k', 'abr': 'True'}",339.3701171875,-2.606,-0.721,0.6175832659937441,2.028729990849373
"{'ar': '22050', 'sample_fmt': 's16p', 'compression_level': '8', 'reservoir': '0', 'b:a': '173k', 'abr': 'True'}",223.35546875,-3.677,-2.554,0.5628451269876678,-0.855702372976181
"{'ar': '44100', 'sample_fmt': 'fltp', 'compression_level': '9', 'reservoir': '1', 'b:a': '37k', 'abr': 'True'}",54.3896484375,-3.268,-1.589,0.5922976300062146,0.6690954262859234
"{'ar': '44100', 'sample_fmt': 'fltp', 'compression_level': '7', 'reservoir': '1', 'b:a': '36k', 'abr': 'True'}",53.220703125,-3.256,-1.568,0.6400350400072057,0.7020161416749083
"{'ar': '44100', 'sample_fmt': 'fltp', 'compression_level': '0', 'reservoir': '1', 'b:a': '133k', 'abr': 'True'}",175.8896484375,-2.921,-1.087,1.2166293949703686,1.3959245624483703
"{'ar': '44100', 'sample_fmt': 's16p', 'compression_level': '7', 'reservoir': '1', 'b:a': '137k'}",178.4443359375,-2.914,-1.079,0.6055861409986392,1.4558453424923539
"{'ar': '44100', 'sample_fmt': 'fltp', 'compression_level': '8', 'reservoir': '0', 'b:a': '179k', 'abr': 'True'}",271.6181640625,-2.656,-0.776,0.638275673991302,2.001462844545178
"{'ar': '16000', 'sample_fmt': 's16p', 'compression_level': '7', 'reservoir': '1', 'b:a': '32k', 'abr': 'True'}",42.79296875,-3.446,-1.926,0.5371100339689292,0.17064049364035758
"{'ar': '44100', 'sample_fmt': 's16p', 'compression_level': '8', 'reservoir': '0', 'b:a': '32k', 'abr': 'True'}",52.9921875,-3.355,-1.744,0.6488412209728267,0.4155453599271828
"{'ar': '44100', 'sample_fmt': 's16p', 'compression_level': '1', 'reservoir': '1', 'b:a': '32k', 'abr': 'True'}",48.26953125,-3.138,-1.383,1.0331657220085617,1.0141515971988477
"{'ar': '44100', 'sample_fmt': 'fltp', 'compression_level': '6', 'reservoir': '1', 'b:a': '190k'}",267.6279296875,-2.616,-0.732,0.773758434021147,2.1048936815376895
"{'ar': '44100', 'sample_fmt': 'fltp', 'compression_level': '8', 'reservoir': '1', 'b:a': '32k', 'abr': 'True'}",48.16796875,-3.35,-1.734,0.5992017569951713,0.4417164645169867
"{'ar': '16000', 'sample_fmt': 's16p', 'compression_level': '8', 'reservoir': '1', 'b:a': '32k', 'abr': 'True'}",42.79296875,-3.446,-1.926,0.5497232099878602,0.16970821735849145
"{'ar': '44100', 'sample_fmt': 's16p', 'compression_level': '8', 'reservoir': '1', 'b:a': '36k', 'abr': 'True'}",53.24609375,-3.251,-1.561,0.5962105980142951,0.7190727159246143
"{'ar': '12000', 'sample_fmt': 's16p', 'compression_level': '8', 'reservoir': '1', 'b:a': '32k', 'abr': 'True'}",42.78125,-3.777,-2.979,0.5410369469900616,-0.9330181848153294
"{'ar': '44100', 'sample_fmt': 's16p', 'compression_level': '7', 'reservoir': '1', 'b:a': '135k'}",178.4443359375,-2.914,-1.079,0.7057113749906421,1.448444797163648
"{'ar': '44100', 'sample_fmt': 's16p', 'compression_level': '7', 'reservoir': '1', 'b:a': '32k', 'abr': 'True'}",48.193359375,-3.355,-1.744,0.5978512119909283,0.42697149900845444
"{'ar': '16000', 'sample_fmt': 's16p', 'compression_level': '0', 'reservoir': '1', 'b:a': '32k', 'abr': 'True'}",43.8125,-3.269,-1.591,0.786537006002618,0.668655359559042
"{'ar': '44100', 'sample_fmt': 's16p', 'compression_level': '7', 'reservoir': '1', 'b:a': '180k', 'abr': 'True'}",245.20703125,-2.658,-0.778,0.6384060990239959,2.0383057218317044
"{'ar': '44100', 'sample_fmt': 's16p', 'compression_level': '0', 'reservoir': '1', 'b:a': '194k', 'abr': 'True'}",261.8662109375,-2.619,-0.735,1.0229181809991132,2.0877351467098295
"{'ar': '16000', 'sample_fmt': 'fltp', 'compression_level': '9', 'reservoir': '1', 'b:a': '139k', 'abr': 'True'}",193.40234375,-3.766,-2.924,0.5626594619825482,-1.1319775871162083
"{'ar': '12000', 'sample_fmt': 'fltp', 'compression_level': '8', 'reservoir': '0', 'b:a': '190k'}",90.640625,-3.74,-2.803,0.5741014270170126,-0.8701012070275045
"{'ar': '44100', 'sample_fmt': 's16p', 'compression_level': '7', 'reservoir': '1', 'b:a': '116k', 'abr': 'True'}",152.0927734375,-3.099,-1.327,0.6203575799881946,0.9875296132155376
"{'ar': '12000', 'sample_fmt': 'fltp', 'compression_level': '8', 'reservoir': '1', 'b:a': '32k', 'abr': 'True'}",42.78125,-3.777,-2.982,0.5565947400173172,-0.9351144814731012
"{'ar': '44100', 'sample_fmt': 's32p', 'compression_level': '8', 'reservoir': '0', 'b:a': '141k', 'abr': 'True'}",218.4248046875,-2.823,-0.967,0.6220656110090204,1.6381875632112985
"{'ar': '44100', 'sample_fmt': 'fltp', 'compression_level': '8', 'reservoir': '1', 'b:a': '190k'}",267.6279296875,-2.63,-0.747,0.6344609950319864,2.0778385518676488
"{'ar': '44100', 'sample_fmt': 's16p', 'compression_level': '7', 'reservoir': '1', 'b:a': '143k', 'abr': 'True'}",190.8896484375,-2.799,-0.939,0.6930258429783862,1.7416309052612173
"{'ar': '44100', 'sample_fmt': 's32p', 'compression_level': '7', 'reservoir': '1', 'b:a': '115k', 'abr': 'True'}",150.6181640625,-3.119,-1.356,0.6776665539655369,0.9298996727713152
"{'ar': '44100', 'sample_fmt': 's16p', 'compression_level': '7', 'reservoir': '1', 'b:a': '115k', 'abr': 'True'}",150.6689453125,-3.121,-1.359,0.6105053069768474,0.9291764738372048
"{'ar': '44100', 'sample_fmt': 's16p', 'compression_level': '8', 'reservoir': '1', 'b:a': '134k', 'abr': 'True'}",178.1396484375,-2.894,-1.053,0.6368151739879977,1.5088239688596596
"{'ar': '12000', 'sample_fmt': 'fltp', 'compression_level': '8', 'reservoir': '1', 'b:a': '132k', 'abr': 'True'}",88.34375,-3.742,-2.811,0.5804428990231827,-0.8740884243420307
"{'ar': '44100', 'sample_fmt': 's16p', 'compression_level': '0', 'reservoir': '1', 'b:a': '32k', 'abr': 'True'}",48.26953125,-3.138,-1.383,1.045324293023441,1.0132529220862874
"{'ar': '32000', 'sample_fmt': 's16p', 'compression_level': '9', 'reservoir': '1', 'b:a': '276k', 'abr': 'True'}",381.734375,-3.177,-1.442,0.6663409419707023,0.3996870058171218
"{'ar': '8000', 'sample_fmt': 's32p', 'compression_level': '8', 'reservoir': '1', 'aq': '9'}",36.8515625,-3.855,-3.486,0.5709417940233834,-1.267439310342972
"{'ar': '44100', 'sample_fmt': 's32p', 'compression_level': '1', 'reservoir': '1', 'b:a': '238k', 'abr': 'True'}",314.955078125,-2.597,-0.711,1.0069999700062908,2.0630293154814
"{'ar': '44100', 'sample_fmt': 'fltp', 'compression_level': '9', 'reservoir': '1', 'b:a': '63k', 'abr': 'True'}",85.9482421875,-3.494,-2.035,0.6098419569898397,-0.04981865807606419
"{'ar': '44100', 'sample_fmt': 's32p', 'compression_level': '8', 'reservoir': '1', 'b:a': '241k', 'abr': 'True'}",331.955078125,-2.605,-0.72,0.6293581050122157,2.0423369901171156
"{'ar': '44100', 'sample_fmt': 's32p', 'compression_level': '6', 'reservoir': '1', 'b:a': '118k', 'abr': 'True'}",157.7314453125,-2.933,-1.103,0.7369564779801294,1.4273463871045073
"{'ar': '44100', 'sample_fmt': 's16p', 'compression_level': '9', 'reservoir': '1', 'b:a': '151k'}",223.037109375,-2.689,-0.812,0.6464057179982774,1.990136547724024
"{'ar': '32000', 'sample_fmt': 's32p', 'compression_level': '9', 'reservoir': '1', 'b:a': '168k', 'abr': 'True'}",231.96875,-3.19,-1.463,0.6017648230190389,0.6065219020928091
"{'ar': '44100', 'sample_fmt': 's16p', 'compression_level': '8', 'reservoir': '1', 'b:a': '127k', 'abr': 'True'}",167.7998046875,-2.959,-1.136,0.6211220199766103,1.3488538106132033
"{'ar': '44100', 'sample_fmt': 's16p', 'compression_level': '0', 'reservoir': '1', 'b:a': '32k'}",44.771484375,-3.133,-1.376,1.0163080990023445,1.034837200458976
"{'ar': '44100', 'sample_fmt': 's32p', 'compression_level': '9', 'reservoir': '1', 'b:a': '273k', 'abr': 'True'}",375.673828125,-2.598,-0.712,0.6396964470040984,1.990645623466208
"{'ar': '44100', 'sample_fmt': 's32p', 'compression_level': '6', 'reservoir': '1', 'b:a': '195k', 'abr': 'True'}",268.076171875,-2.618,-0.735,0.7163621569925454,2.1028145111098597
"{'ar': '44100', 'sample_fmt': 'fltp', 'compression_level': '8', 'reservoir': '1', 'b:a': '193k', 'abr': 'True'}",263.8056640625,-2.63,-0.747,0.643150489020627,2.0832953402387284
"{'ar': '44100', 'sample_fmt': 's16p', 'compression_level': '6', 'reservoir': '1', 'b:a': '144k', 'abr': 'True'}",196.37109375,-2.719,-0.846,0.7307776129746344,1.945826673545762
"{'ar': '44100', 'sample_fmt': 's16p', 'compression_level': '8', 'reservoir': '1', 'b:a': '134k', 'abr': 'True'}",178.1396484375,-2.894,-1.053,0.6628939090296626,1.5068964142053898
"{'ar': '44100', 'sample_fmt': 's32p', 'compression_level': '7', 'reservoir': '1', 'b:a': '142k', 'abr': 'True'}",189.2998046875,-2.81,-0.951,0.6433782820240594,1.7184225402269464
"{'ar': '44100', 'sample_fmt': 's16p', 'compression_level': '7', 'reservoir': '1', 'b:a': '163k', 'abr': 'True'}",219.642578125,-2.703,-0.828,0.621783897979185,1.9597064866979765
"{'ar': '16000', 'sample_fmt': 's16p', 'compression_level': '0', 'reservoir': '1', 'b:a': '32k', 'abr': 'True'}",43.8125,-3.269,-1.591,0.8098590729932766,0.666931558205057
"{'ar': '44100', 'sample_fmt': 's32p', 'compression_level': '0', 'reservoir': '1', 'b:a': '234k', 'abr': 'True'}",308.728515625,-2.592,-0.706,1.1046480020158924,2.0789743539433063
"{'ar': '44100', 'sample_fmt': 'fltp', 'compression_level': '8', 'reservoir': '1', 'b:a': '114k', 'abr': 'True'}",149.4501953125,-3.139,-1.384,0.6591328110080212,0.8777016494783434
"{'ar': '44100', 'sample_fmt': 's32p', 'compression_level': '7', 'reservoir': '1', 'b:a': '167k', 'abr': 'True'}",225.26171875,-2.687,-0.81,0.6657780359964818,1.9904457457762192
"{'ar': '44100', 'sample_fmt': 's16p', 'compression_level': '7', 'reservoir': '1', 'b:a': '172k', 'abr': 'True'}",232.3984375,-2.668,-0.789,0.675799923017621,2.029210635113063
"{'ar': '44100', 'sample_fmt': 's16p', 'compression_level': '8', 'reservoir': '1', 'b:a': '115k', 'abr': 'True'}",150.6689453125,-3.121,-1.359,0.6393483669671696,0.9270445999392222
"{'ar': '44100', 'sample_fmt': 's16p', 'compression_level': '7', 'reservoir': '1', 'b:a': '136k', 'abr': 'True'}",180.84375,-2.87,-1.024,0.6351333729689941,1.5697002384115293
"{'ar': '44100', 'sample_fmt': 's16p', 'compression_level': '7', 'reservoir': '1', 'b:a': '135k', 'abr': 'True'}",179.365234375,-2.88,-1.036,0.7263116339745466,1.538235325487074
"{'ar': '44100', 'sample_fmt': 's16p', 'compression_level': '7', 'reservoir': '1', 'b:a': '32k'}",44.771484375,-3.291,-1.629,0.6268793330236804,0.6156798500913545
"{'ar': '44100', 'sample_fmt': 's16p', 'compression_level': '9', 'reservoir': '1', 'b:a': '112k', 'abr': 'True'}",146.30078125,-3.181,-1.448,0.6750671449990477,0.7635025780670226
"{'ar': '44100', 'sample_fmt': 's16p', 'compression_level': '0', 'reservoir': '1', 'b:a': '146k', 'abr': 'True'}",196.3203125,-2.801,-0.94,1.1971154150087386,1.6907313360423035
"{'ar': '44100', 'sample_fmt': 's32p', 'compression_level': '8', 'reservoir': '1', 'b:a': '241k', 'abr': 'True'}",331.955078125,-2.605,-0.72,0.6248838140163571,2.042667697891854
"{'ar': '44100', 'sample_fmt': 's32p', 'compression_level': '4', 'reservoir': '1', 'b:a': '180k', 'abr': 'True'}",245.408203125,-2.636,-0.754,0.7352365339756943,2.089657335999507
"{'ar': '44100', 'sample_fmt': 's16p', 'compression_level': '4', 'reservoir': '1', 'b:a': '137k', 'abr': 'True'}",181.205078125,-2.816,-0.959,0.7458458860055543,1.7072620379559647
"{'ar': '22050', 'sample_fmt': 's16p', 'compression_level': '6', 'reservoir': '1', 'b:a': '243k', 'abr': 'True'}",202.5224609375,-3.675,-2.548,0.7039880270021968,-0.8263395331540953
"{'ar': '12000', 'sample_fmt': 'fltp', 'compression_level': '8', 'reservoir': '1', 'b:a': '32k', 'abr': 'True'}",42.78125,-3.777,-2.982,0.707427387998905,-0.9462629582749191
"{'ar': '44100', 'sample_fmt': 's16p', 'compression_level': '0', 'reservoir': '1', 'b:a': '32k', 'abr': 'True'}",48.26953125,-3.138,-1.383,1.0783633590035606,1.0108109092623923
"{'ar': '16000', 'sample_fmt': 's16p', 'compression_level': '0', 'reservoir': '1', 'b:a': '165k', 'abr': 'True'}",132.51171875,-3.74,-2.801,0.9792882139736321,-0.9662310386783239
"{'ar': '16000', 'sample_fmt': 's16p', 'compression_level': '7', 'reservoir': '1', 'b:a': '32k', 'abr': 'True'}",42.79296875,-3.446,-1.926,0.5725830860028509,0.1680185778748919
"{'ar': '12000', 'sample_fmt': 'fltp', 'compression_level': '8', 'reservoir': '1', 'b:a': '191k'}",90.640625,-3.742,-2.811,0.563900951994583,-0.8765308033887322
"{'ar': '44100', 'sample_fmt': 's32p', 'compression_level': '7', 'reservoir': '1', 'b:a': '163k', 'abr': 'True'}",219.640625,-2.703,-0.829,0.647650639002677,1.9574822592581385
"{'ar': '44100', 'sample_fmt': 'fltp', 'compression_level': '7', 'reservoir': '1', 'b:a': '168k', 'abr': 'True'}",226.8955078125,-2.683,-0.806,0.687594817019999,1.996807810056855
"{'ar': '44100', 'sample_fmt': 'fltp', 'compression_level': '9', 'reservoir': '1', 'b:a': '133k', 'abr': 'True'}",176.65625,-2.904,-1.066,0.7285626069642603,1.4770093197130876
"{'ar': '44100', 'sample_fmt': 's16p', 'compression_level': '6', 'reservoir': '1', 'b:a': '115k', 'abr': 'True'}",153.818359375,-2.965,-1.143,0.718182622018503,1.3478016426487827
"{'ar': '44100', 'sample_fmt': 's16p', 'compression_level': '7', 'reservoir': '1', 'b:a': '180k', 'abr': 'True'}",245.20703125,-2.658,-0.778,0.8695571220014244,2.0212206818760645
"{'ar': '44100', 'sample_fmt': 's32p', 'compression_level': '7', 'reservoir': '1', 'b:a': '133k', 'abr': 'True'}",176.65625,-2.904,-1.066,0.6482050729973707,1.4829487772195984
"{'ar': '44100', 'sample_fmt': 's16p', 'compression_level': '7', 'reservoir': '1', 'b:a': '180k', 'abr': 'True'}",245.20703125,-2.658,-0.778,0.7880465830094181,2.0272453613152734
"{'ar': '44100', 'sample_fmt': 's32p', 'compression_level': '7', 'reservoir': '1', 'aq': '9'}",97.1474609375,-3.314,-1.668,0.6169902410183568,0.4669448411933362
"{'ar': '44100', 'sample_fmt': 's16p', 'compression_level': '7', 'reservoir': '1', 'b:a': '32k'}",44.771484375,-3.291,-1.629,0.5994276309793349,0.6177088847036034
"{'ar': '44100', 'sample_fmt': 's32p', 'compression_level': '9', 'reservoir': '1', 'b:a': '273k', 'abr': 'True'}",375.673828125,-2.598,-0.712,0.6375669469998684,1.9908030209641259
"{'ar': '44100', 'sample_fmt': 's16p', 'compression_level': '4', 'reservoir': '1', 'b:a': '143k', 'abr': 'True'}",188.6884765625,-2.768,-0.902,0.7378889539977536,1.825727309227065
"{'ar': '32000', 'sample_fmt': 's32p', 'compression_level': '9', 'reservoir': '0', 'aq': '9'}",89.62109375,-3.518,-2.09,0.7218876480183098,-0.13722963862697687
"{'ar': '44100', 'sample_fmt': 's16p', 'compression_level': '7', 'reservoir': '1', 'b:a': '116k', 'abr': 'True'}",152.0927734375,-3.099,-1.327,0.6074690789973829,0.9884822395615512
"{'ar': '44100', 'sample_fmt': 's32p', 'compression_level': '6', 'reservoir': '1', 'b:a': '118k', 'abr': 'True'}",157.7314453125,-2.933,-1.103,0.7248078680131584,1.428244325967237
"{'ar': '32000', 'sample_fmt': 's32p', 'compression_level': '4', 'reservoir': '1', 'b:a': '270k', 'abr': 'True'}",344.1875,-3.175,-1.44,0.7390097840107046,0.4595188537905071
"{'ar': '44100', 'sample_fmt': 's32p', 'compression_level': '7', 'reservoir': '1', 'b:a': '167k', 'abr': 'True'}",225.26171875,-2.687,-0.81,0.6102418760128785,1.9945505838170845
"{'ar': '44100', 'sample_fmt': 's16p', 'compression_level': '6', 'reservoir': '1', 'b:a': '126k', 'abr': 'True'}",169.3759765625,-2.878,-1.034,0.7031170100090094,1.5611800047952058
"{'ar': '44100', 'sample_fmt': 's16p', 'compression_level': '7', 'reservoir': '1', 'b:a': '179k', 'abr': 'True'}",243.48046875,-2.658,-0.778,0.6147847510001156,2.042806658585165
"{'ar': '44100', 'sample_fmt': 's16p', 'compression_level': '7', 'reservoir': '1', 'b:a': '117k', 'abr': 'True'}",153.716796875,-3.068,-1.282,0.6018992149911355,1.0727262289145167
"{'ar': '44100', 'sample_fmt': 's16p', 'compression_level': '8', 'reservoir': '1', 'b:a': '134k', 'abr': 'True'}",178.1396484375,-2.894,-1.053,0.608788119017845,1.5108955294689792
"{'ar': '16000', 'sample_fmt': 's16p', 'compression_level': '7', 'reservoir': '1', 'b:a': '132k', 'abr': 'True'}",183.76953125,-3.769,-2.938,0.5493753489863593,-1.1270312131976012
"{'ar': '44100', 'sample_fmt': 'fltp', 'compression_level': '8', 'reservoir': '1', 'b:a': '134k', 'abr': 'True'}",178.1904296875,-2.893,-1.053,0.6264724250067957,1.5118373393133093
"{'ar': '44100', 'sample_fmt': 's16p', 'compression_level': '0', 'reservoir': '1', 'b:a': '36k', 'abr': 'True'}",53.34765625,-3.109,-1.341,1.0122119800071232,1.0884148149087929
"{'ar': '44100', 'sample_fmt': 's32p', 'compression_level': '7', 'reservoir': '1', 'b:a': '191k', 'abr': 'True'}",260.7529296875,-2.631,-0.749,0.6167755459900945,2.0871550740250515
"{'ar': '44100', 'sample_fmt': 's16p', 'compression_level': '6', 'reservoir': '1', 'b:a': '190k', 'abr': 'True'}",261.8701171875,-2.623,-0.74,0.6977447929675691,2.100866374862575
"{'ar': '44100', 'sample_fmt': 's32p', 'compression_level': '7', 'reservoir': '1', 'b:a': '241k', 'abr': 'True'}",331.955078125,-2.605,-0.72,0.6245411029958632,2.042693028653548
"{'ar': '44100', 'sample_fmt': 's32p', 'compression_level': '7', 'reservoir': '1', 'b:a': '235k', 'abr': 'True'}",323.5224609375,-2.6,-0.715,0.6609499049955048,2.0666845589261342
"{'ar': '44100', 'sample_fmt': 's16p', 'compression_level': '8', 'reservoir': '1', 'b:a': '32k', 'abr': 'True'}",48.193359375,-3.355,-1.744,0.6391990939737298,0.4239153575877599
"{'ar': '44100', 'sample_fmt': 'fltp', 'compression_level': '9', 'reservoir': '1', 'b:a': '133k', 'abr': 'True'}",176.65625,-2.904,-1.066,0.6800035460037179,1.4805984602067475
"{'ar': '44100', 'sample_fmt': 's16p', 'compression_level': '6', 'reservoir': '1', 'b:a': '115k', 'abr': 'True'}",153.818359375,-2.965,-1.143,0.6875647550041322,1.35006469766173
"{'ar': '44100', 'sample_fmt': 's16p', 'compression_level': '7', 'reservoir': '1', 'b:a': '126k', 'abr': 'True'}",166.578125,-2.971,-1.152,0.6104277720151003,1.3185870558357065
"{'ar': '22050', 'sample_fmt': 's16p', 'compression_level': '8', 'reservoir': '0', 'b:a': '174k', 'abr': 'True'}",223.35546875,-3.677,-2.554,0.5872678279993124,-0.8575075253706368
"{'ar': '44100', 'sample_fmt': 's16p', 'compression_level': '7', 'reservoir': '1', 'b:a': '192k', 'abr': 'True'}",262.173828125,-2.63,-0.747,0.6218565170129295,2.087473102083363
"{'ar': '44100', 'sample_fmt': 's16p', 'compression_level': '7', 'reservoir': '1', 'b:a': '142k', 'abr': 'True'}",189.2998046875,-2.805,-0.945,0.6130940180155449,1.7342033773144858
"{'ar': '44100', 'sample_fmt': 's32p', 'compression_level': '9', 'reservoir': '1', 'b:a': '240k', 'abr': 'True'}",330.431640625,-2.604,-0.719,0.6149673669715412,2.048476942689683
"{'ar': '44100', 'sample_fmt': 's16p', 'compression_level': '6', 'reservoir': '1', 'b:a': '144k', 'abr': 'True'}",196.37109375,-2.719,-0.846,0.6926604880427476,1.9486440203784388
"{'ar': '44100', 'sample_fmt': 'fltp', 'compression_level': '7', 'reservoir': '1', 'b:a': '112k', 'abr': 'True'}",146.25,-3.181,-1.449,0.6102079399861395,0.7680620807373366
"{'ar': '44100', 'sample_fmt': 's32p', 'compression_level': '0', 'reservoir': '1', 'b:a': '238k', 'abr': 'True'}",310.7685546875,-2.593,-0.707,1.1019229540252127,2.0732751557382967
"{'ar': '44100', 'sample_fmt': 's16p', 'compression_level': '0', 'reservoir': '1', 'b:a': '137k', 'abr': 'True'}",180.08203125,-2.895,-1.055,1.2097449010179844,1.4604168312499721
"{'ar': '44100', 'sample_fmt': 's16p', 'compression_level': '7', 'reservoir': '1', 'b:a': '116k', 'abr': 'True'}",152.0927734375,-3.099,-1.327,0.6252466260048095,0.9871682496988942
"{'ar': '44100', 'sample_fmt': 'fltp', 'compression_level': '7', 'reservoir': '1', 'b:a': '238k', 'abr': 'True'}",327.4853515625,-2.6,-0.714,0.6118771570036188,2.064303681607731
"{'ar': '44100', 'sample_fmt': 's16p', 'compression_level': '7', 'reservoir': '1', 'b:a': '42k', 'abr': 'True'}",60.5869140625,-3.313,-1.667,0.6589134169917088,0.5248299450509254
"{'ar': '44100', 'sample_fmt': 'fltp', 'compression_level': '9', 'reservoir': '1', 'b:a': '112k', 'abr': 'True'}",146.25,-3.181,-1.449,0.6628770020033699,0.7641691581908578
"{'ar': '44100', 'sample_fmt': 's32p', 'compression_level': '1', 'reservoir': '1', 'b:a': '238k', 'abr': 'True'}",314.955078125,-2.597,-0.711,0.9957336040097289,2.063862045143275
"{'ar': '44100', 'sample_fmt': 's16p', 'compression_level': '7', 'reservoir': '1', 'b:a': '192k', 'abr': 'True'}",262.173828125,-2.63,-0.747,0.62715673801722,2.087081347435403
"{'ar': '44100', 'sample_fmt': 's16p', 'compression_level': '6', 'reservoir': '1', 'b:a': '172k', 'abr': 'True'}",233.1064453125,-2.645,-0.763,0.7186185180034954,2.086706534911946
"{'ar': '22050', 'sample_fmt': 'fltp', 'compression_level': '8', 'reservoir': '1', 'b:a': '133k', 'abr': 'True'}",184.439453125,-3.68,-2.564,0.5774430989986286,-0.8048288400682595
"{'ar': '44100', 'sample_fmt': 'fltp', 'compression_level': '4', 'reservoir': '1', 'b:a': '36k', 'abr': 'True'}",52.611328125,-3.249,-1.557,0.7041567070118617,0.7180286894778108
"{'ar': '44100', 'sample_fmt': 's32p', 'compression_level': '7', 'reservoir': '1', 'b:a': '235k', 'abr': 'True'}",323.5224609375,-2.6,-0.715,0.6350465559808072,2.068599150292421
"{'ar': '44100', 'sample_fmt': 's16p', 'compression_level': '8', 'reservoir': '0', 'b:a': '141k', 'abr': 'True'}",217.501953125,-2.817,-0.96,0.6086279760347679,1.656841175094968
"{'ar': '44100', 'sample_fmt': 'fltp', 'compression_level': '9', 'reservoir': '1', 'b:a': '112k', 'abr': 'True'}",146.25,-3.181,-1.449,0.6062356169859413,0.7683556866072172
"{'ar': '44100', 'sample_fmt': 's16p', 'compression_level': '7', 'reservoir': '1', 'b:a': '133k', 'abr': 'True'}",176.70703125,-2.904,-1.066,0.6271563750051428,1.4844235174592928
"{'ar': '44100', 'sample_fmt': 's32p', 'compression_level': '1', 'reservoir': '1', 'b:a': '188k', 'abr': 'True'}",256.27734375,-2.632,-0.75,0.9699697120231576,2.065545610587993
"{'ar': '44100', 'sample_fmt': 's16p', 'compression_level': '0', 'reservoir': '1', 'b:a': '149k', 'abr': 'True'}",200.1923828125,-2.777,-0.912,1.2086023689771537,1.748455120060307
"{'ar': '44100', 'sample_fmt': 's16p', 'compression_level': '7', 'reservoir': '1', 'b:a': '179k', 'abr': 'True'}",243.48046875,-2.658,-0.778,0.6125870630203281,2.042969096053367
"{'ar': '22050', 'sample_fmt': 's16p', 'compression_level': '8', 'reservoir': '0', 'b:a': '116k', 'abr': 'True'}",172.212890625,-3.683,-2.574,0.5665640110091772,-0.7946596397877113
"{'ar': '44100', 'sample_fmt': 's16p', 'compression_level': '4', 'reservoir': '1', 'b:a': '132k', 'abr': 'True'}",175.0712890625,-2.842,-0.99,0.7305840689805336,1.6478199586343736
"{'ar': '44100', 'sample_fmt': 's32p', 'compression_level': '0', 'reservoir': '1', 'b:a': '241k', 'abr': 'True'}",329.7158203125,-2.593,-0.707,1.0264477269956842,2.0486202666691953
"{'ar': '8000', 'sample_fmt': 's16p', 'compression_level': '9', 'reservoir': '1', 'b:a': '113k', 'abr': 'True'}",89.796875,-3.858,-3.51,0.5655474559753202,-1.3660843758265242
"{'ar': '16000', 'sample_fmt': 's16p', 'compression_level': '0', 'reservoir': '1', 'b:a': '32k', 'abr': 'True'}",43.8125,-3.269,-1.591,0.7840141860069707,0.6688418284739155
"{'ar': '44100', 'sample_fmt': 's16p', 'compression_level': '0', 'reservoir': '1', 'b:a': '32k', 'abr': 'True'}",48.26953125,-3.138,-1.383,1.0178634049952962,1.0152826356611393
"{'ar': '44100', 'sample_fmt': 's16p', 'compression_level': '7', 'reservoir': '1', 'b:a': '172k', 'abr': 'True'}",232.3984375,-2.668,-0.789,0.6176966580096632,2.033505215303223
"{'ar': '44100', 'sample_fmt': 's16p', 'compression_level': '8', 'reservoir': '1', 'b:a': '244k', 'abr': 'True'}",336.119140625,-2.605,-0.72,0.6216433399822563,2.036262763536149
"{'ar': '44100', 'sample_fmt': 's16p', 'compression_level': '7', 'reservoir': '1', 'b:a': '143k', 'abr': 'True'}",190.8896484375,-2.799,-0.939,0.6135036860068794,1.7475086176404073
"{'ar': '44100', 'sample_fmt': 'fltp', 'compression_level': '9', 'reservoir': '1', 'b:a': '275k', 'abr': 'True'}",378.6396484375,-2.6,-0.715,0.6239541419781744,1.9814704773096607
"{'ar': '8000', 'sample_fmt': 's32p', 'compression_level': '9', 'reservoir': '1', 'aq': '9'}",36.8515625,-3.855,-3.486,0.549118212016765,-1.2658262663436182
"{'ar': '12000', 'sample_fmt': 's16p', 'compression_level': '7', 'reservoir': '1', 'b:a': '32k', 'abr': 'True'}",42.78125,-3.777,-2.979,0.5578741639910731,-0.934262672170387
"{'ar': '44100', 'sample_fmt': 's16p', 'compression_level': '6', 'reservoir': '1', 'b:a': '199k', 'abr': 'True'}",272.8681640625,-2.615,-0.731,0.6991621890047099,2.104691045251472
"{'ar': '44100', 'sample_fmt': 's16p', 'compression_level': '4', 'reservoir': '1', 'b:a': '143k', 'abr': 'True'}",188.6884765625,-2.768,-0.902,0.8002781950053759,1.8211159401676196
"{'ar': '44100', 'sample_fmt': 's16p', 'compression_level': '6', 'reservoir': '1', 'b:a': '190k', 'abr': 'True'}",261.8701171875,-2.623,-0.74,0.9166595109854825,2.084685755559935
"{'ar': '44100', 'sample_fmt': 's16p', 'compression_level': '6', 'reservoir': '1', 'b:a': '117k', 'abr': 'True'}",156.6650390625,-2.94,-1.111,0.9487723740166984,1.3945588568268823
"{'ar': '44100', 'sample_fmt': 's32p', 'compression_level': '0', 'reservoir': '1', 'b:a': '35k', 'abr': 'True'}",52.02734375,-3.222,-1.513,1.0627602459862828,0.7692436005992036
"{'ar': '44100', 'sample_fmt': 's16p', 'compression_level': '8', 'reservoir': '0', 'b:a': '141k', 'abr': 'True'}",217.501953125,-2.817,-0.96,0.700587881001411,1.650044152826002
"{'ar': '44100', 'sample_fmt': 's16p', 'compression_level': '7', 'reservoir': '1', 'b:a': '172k', 'abr': 'True'}",232.3984375,-2.668,-0.789,0.6545962780073751,2.0307778577778777
"{'ar': '44100', 'sample_fmt': 's32p', 'compression_level': '6', 'reservoir': '1', 'b:a': '285k', 'abr': 'True'}",376.7890625,-2.593,-0.707,0.7002179919800255,1.9976197424237998
"{'ar': '44100', 'sample_fmt': 's16p', 'compression_level': '7', 'reservoir': '1', 'b:a': '150k'}",223.037109375,-2.689,-0.812,0.6133023170114029,1.9925833157341466
"{'ar': '44100', 'sample_fmt': 's16p', 'compression_level': '4', 'reservoir': '1', 'b:a': '112k', 'abr': 'True'}",147.51953125,-3.009,-1.202,0.7078016409650445,1.237490437124095
"{'ar': '44100', 'sample_fmt': 'fltp', 'compression_level': '7', 'reservoir': '1', 'b:a': '144k', 'abr': 'True'}",192.5791015625,-2.807,-0.948,0.6839249449549243,1.7181291499978009
"{'ar': '44100', 'sample_fmt': 's32p', 'compression_level': '9', 'reservoir': '1', 'b:a': '190k', 'abr': 'True'}",259.3271484375,-2.638,-0.756,0.6523222560063004,2.0682850089442297
"{'ar': '44100', 'sample_fmt': 'fltp', 'compression_level': '8', 'reservoir': '1', 'b:a': '36k', 'abr': 'True'}",53.220703125,-3.256,-1.568,0.6897134699684102,0.6983442653843003
"{'ar': '44100', 'sample_fmt': 's16p', 'compression_level': '6', 'reservoir': '1', 'b:a': '118k', 'abr': 'True'}",157.78125,-2.926,-1.093,0.7244992800115142,1.4476518119655655
"{'ar': '44100', 'sample_fmt': 's32p', 'compression_level': '0', 'reservoir': '1', 'b:a': '143k', 'abr': 'True'}",186.130859375,-2.849,-0.999,1.304305907979142,1.5686184644459575
"{'ar': '44100', 'sample_fmt': 'fltp', 'compression_level': '9', 'reservoir': '1', 'b:a': '133k', 'abr': 'True'}",176.65625,-2.904,-1.066,0.650817421003012,1.4827556910308397
"{'ar': '44100', 'sample_fmt': 's16p', 'compression_level': '4', 'reservoir': '1', 'b:a': '143k', 'abr': 'True'}",188.6884765625,-2.768,-0.902,0.7493197550065815,1.8248824256983434
"{'ar': '44100', 'sample_fmt': 's32p', 'compression_level': '8', 'reservoir': '1', 'b:a': '235k', 'abr': 'True'}",323.5224609375,-2.6,-0.715,0.627093723975122,2.0691869670834846
"{'ar': '44100', 'sample_fmt': 'fltp', 'compression_level': '9', 'reservoir': '1', 'b:a': '127k', 'abr': 'True'}",167.8515625,-2.955,-1.131,0.6270511699549388,1.3592300252890603
"{'ar': '12000', 'sample_fmt': 'fltp', 'compression_level': '8', 'reservoir': '1', 'b:a': '190k', 'abr': 'True'}",88.53125,-3.742,-2.811,0.56732307097991,-0.873417887059091
"{'ar': '44100', 'sample_fmt': 's16p', 'compression_level': '7', 'reservoir': '1', 'b:a': '154k', 'abr': 'True'}",206.7880859375,-2.745,-0.876,0.6602358059899416,1.8643764605422777
"{'ar': '16000', 'sample_fmt': 's16p', 'compression_level': '9', 'reservoir': '1', 'b:a': '32k', 'abr': 'True'}",42.79296875,-3.446,-1.926,0.5958080049895216,0.16630195701056416
"{'ar': '44100', 'sample_fmt': 'fltp', 'compression_level': '8', 'reservoir': '0', 'b:a': '283k', 'abr': 'True'}",445.4091796875,-2.598,-0.712,0.6460712159750983,1.8789002135043378
"{'ar': '8000', 'sample_fmt': 's32p', 'compression_level': '8', 'reservoir': '1', 'aq': '9'}",36.8515625,-3.855,-3.486,0.5390225970186293,-1.2650800702706
"{'ar': '44100', 'sample_fmt': 's16p', 'compression_level': '6', 'reservoir': '1', 'b:a': '118k', 'abr': 'True'}",157.78125,-2.926,-1.093,0.699655101983808,1.4494881169440204
"{'ar': '44100', 'sample_fmt': 's16p', 'compression_level': '7', 'reservoir': '1', 'b:a': '150k'}",223.037109375,-2.689,-0.812,0.62984412201331,1.9913606631334546
"{'ar': '44100', 'sample_fmt': 's16p', 'compression_level': '4', 'reservoir': '1', 'b:a': '188k', 'abr': 'True'}",254.85546875,-2.627,-0.744,0.7206253360200208,2.099786649080638
"{'ar': '44100', 'sample_fmt': 's16p', 'compression_level': '7', 'reservoir': '1', 'b:a': '144k', 'abr': 'True'}",192.4296875,-2.802,-0.942,0.6515478590154089,1.7343030883322659
"{'ar': '44100', 'sample_fmt': 'fltp', 'compression_level': '8', 'reservoir': '1', 'b:a': '134k', 'abr': 'True'}",178.1904296875,-2.893,-1.053,0.6245815989968833,1.5119770957267245
"{'ar': '32000', 'sample_fmt': 's32p', 'compression_level': '9', 'reservoir': '1', 'b:a': '122k', 'abr': 'True'}",165.171875,-3.34,-1.717,0.5920432779821567,0.2842087475741466
"{'ar': '44100', 'sample_fmt': 's16p', 'compression_level': '6', 'reservoir': '1', 'b:a': '117k', 'abr': 'True'}",156.6650390625,-2.94,-1.111,0.6977210350160021,1.4131147866362976
"{'ar': '12000', 'sample_fmt': 'fltp', 'compression_level': '9', 'reservoir': '1', 'b:a': '113k', 'abr': 'True'}",88.25,-3.742,-2.811,0.555966542015085,-0.8721297125209142
"{'ar': '44100', 'sample_fmt': 's16p', 'compression_level': '7', 'reservoir': '1', 'b:a': '151k'}",223.037109375,-2.689,-0.812,0.6158997210150119,1.9923913340997548
"{'ar': '22050', 'sample_fmt': 's16p', 'compression_level': '8', 'reservoir': '1', 'b:a': '246k', 'abr': 'True'}",219.69921875,-3.677,-2.553,0.590325234021293,-0.8515838999542629
"{'ar': '44100', 'sample_fmt': 's16p', 'compression_level': '6', 'reservoir': '1', 'b:a': '144k', 'abr': 'True'}",196.37109375,-2.719,-0.846,0.7318729739636183,1.9457457122503217
"{'ar': '8000', 'sample_fmt': 's32p', 'compression_level': '4', 'reservoir': '1', 'b:a': '133k', 'abr': 'True'}",84.171875,-3.858,-3.509,0.5586928470002022,-1.356286660047959
"{'ar': '44100', 'sample_fmt': 'fltp', 'compression_level': '4', 'reservoir': '1', 'b:a': '133k', 'abr': 'True'}",176.296875,-2.833,-0.979,0.7444051750062499,1.6692822596795684
"{'ar': '44100', 'sample_fmt': 's32p', 'compression_level': '0', 'reservoir': '1', 'b:a': '241k'}",356.8115234375,-2.591,-0.705,1.1353385469992645,2.002626969556206
"{'ar': '44100', 'sample_fmt': 'fltp', 'compression_level': '9', 'reservoir': '1', 'b:a': '273k', 'abr': 'True'}",375.673828125,-2.598,-0.712,0.6243583690084051,1.9917793051260322
"{'ar': '32000', 'sample_fmt': 's32p', 'compression_level': '9', 'reservoir': '1', 'b:a': '272k', 'abr': 'True'}",375.6875,-3.177,-1.442,0.5952383660187479,0.4145911870596329
"{'ar': '44100', 'sample_fmt': 's16p', 'compression_level': '4', 'reservoir': '1', 'b:a': '33k', 'abr': 'True'}",48.9296875,-3.365,-1.763,0.6630090919788927,0.39168747098237244
"{'ar': '44100', 'sample_fmt': 's16p', 'compression_level': '6', 'reservoir': '1', 'b:a': '117k', 'abr': 'True'}",156.6650390625,-2.94,-1.111,0.7216718989948276,1.411344509080181
"{'ar': '12000', 'sample_fmt': 'fltp', 'compression_level': '8', 'reservoir': '1', 'b:a': '32k', 'abr': 'True'}",42.78125,-3.777,-2.982,0.5513582200219389,-0.9347274351507568
"{'ar': '44100', 'sample_fmt': 's16p', 'compression_level': '0', 'reservoir': '1', 'b:a': '170k', 'abr': 'True'}",223.515625,-2.678,-0.8,1.3601752030081116,1.9660310495097142
"{'ar': '44100', 'sample_fmt': 's16p', 'compression_level': '7', 'reservoir': '1', 'b:a': '172k', 'abr': 'True'}",232.3984375,-2.668,-0.789,0.6639674059988465,2.030085210632728
"{'ar': '44100', 'sample_fmt': 's16p', 'compression_level': '6', 'reservoir': '1', 'b:a': '238k', 'abr': 'True'}",324.1298828125,-2.602,-0.717,0.7701018519874196,2.0523567890804437
"{'ar': '44100', 'sample_fmt': 's16p', 'compression_level': '6', 'reservoir': '1', 'b:a': '118k', 'abr': 'True'}",157.78125,-2.926,-1.093,0.6999144880101085,1.4494689449733917
"{'ar': '32000', 'sample_fmt': 's32p', 'compression_level': '9', 'reservoir': '0', 'b:a': '194k', 'abr': 'True'}",286.953125,-3.176,-1.441,0.6204480960150249,0.5569635609670902
"{'ar': '44100', 'sample_fmt': 's16p', 'compression_level': '6', 'reservoir': '1', 'b:a': '190k', 'abr': 'True'}",261.8701171875,-2.623,-0.74,0.6844070910010487,2.101852202950546
"{'ar': '44100', 'sample_fmt': 's16p', 'compression_level': '6', 'reservoir': '1', 'b:a': '115k', 'abr': 'True'}",153.818359375,-2.965,-1.143,0.6978996740072034,1.3493008139383038
"{'ar': '44100', 'sample_fmt': 's16p', 'compression_level': '4', 'reservoir': '1', 'b:a': '152k', 'abr': 'True'}",204.435546875,-2.681,-0.803,0.7348121340037324,2.034762657387129
"{'ar': '44100', 'sample_fmt': 's32p', 'compression_level': '9', 'reservoir': '1', 'b:a': '273k', 'abr': 'True'}",375.673828125,-2.598,-0.712,0.6461510850058403,1.990168542522596
"{'ar': '44100', 'sample_fmt': 'fltp', 'compression_level': '8', 'reservoir': '0', 'b:a': '141k', 'abr': 'True'}",218.4248046875,-2.823,-0.967,0.6254641409905162,1.6379363680412473
"{'ar': '44100', 'sample_fmt': 's32p', 'compression_level': '6', 'reservoir': '1', 'b:a': '115k', 'abr': 'True'}",153.7685546875,-2.965,-1.144,0.72717724298127,1.3469008373946758
"{'ar': '44100', 'sample_fmt': 's16p', 'compression_level': '4', 'reservoir': '1', 'b:a': '112k', 'abr': 'True'}",147.51953125,-3.009,-1.202,0.7452550710004289,1.234722145898783
"{'ar': '22050', 'sample_fmt': 's16p', 'compression_level': '8', 'reservoir': '1', 'b:a': '117k', 'abr': 'True'}",161.9521484375,-3.683,-2.575,0.5961398170038592,-0.7807884283146397
"{'ar': '44100', 'sample_fmt': 's16p', 'compression_level': '9', 'reservoir': '1', 'b:a': '112k', 'abr': 'True'}",146.30078125,-3.181,-1.448,0.6289242079947144,0.7669131358583527
"{'ar': '44100', 'sample_fmt': 's32p', 'compression_level': '6', 'reservoir': '1', 'b:a': '118k', 'abr': 'True'}",157.7314453125,-2.933,-1.103,0.7190874140069354,1.4286671412505174
"{'ar': '44100', 'sample_fmt': 's32p', 'compression_level': '1', 'reservoir': '1', 'b:a': '188k', 'abr': 'True'}",256.27734375,-2.632,-0.75,1.1554027660167776,2.0518397178094583
"{'ar': '44100', 'sample_fmt': 'fltp', 'compression_level': '4', 'reservoir': '1', 'b:a': '192k', 'abr': 'True'}",259.6328125,-2.626,-0.743,0.7376551309716888,2.093550285639492
"{'ar': '44100', 'sample_fmt': 's32p', 'compression_level': '1', 'reservoir': '1', 'b:a': '143k', 'abr': 'True'}",188.287109375,-2.844,-0.992,1.176796721003484,1.5884602830935017
"{'ar': '44100', 'sample_fmt': 's16p', 'compression_level': '6', 'reservoir': '1', 'b:a': '137k', 'abr': 'True'}",183.759765625,-2.816,-0.959,0.8191699629824143,1.6977660191502504
"{'ar': '44100', 'sample_fmt': 's16p', 'compression_level': '0', 'reservoir': '1', 'b:a': '137k', 'abr': 'True'}",180.08203125,-2.895,-1.055,1.3407157320179977,1.4507363987265258
"{'ar': '44100', 'sample_fmt': 's16p', 'compression_level': '7', 'reservoir': '1', 'b:a': '241k', 'abr': 'True'}",331.955078125,-2.606,-0.721,0.6366697280318476,2.039151170689164
"{'ar': '44100', 'sample_fmt': 's32p', 'compression_level': '6', 'reservoir': '1', 'b:a': '118k', 'abr': 'True'}",157.7314453125,-2.933,-1.103,0.7289077150053345,1.4279412944306638
"{'ar': '44100', 'sample_fmt': 's16p', 'compression_level': '6', 'reservoir': '1', 'b:a': '117k', 'abr': 'True'}",156.6650390625,-2.94,-1.111,0.7379901420208625,1.4101383805910468
"{'ar': '44100', 'sample_fmt': 'fltp', 'compression_level': '8', 'reservoir': '0', 'b:a': '36k', 'abr': 'True'}",59.2392578125,-3.256,-1.568,0.6336602780211251,0.6928837240492057
"{'ar': '44100', 'sample_fmt': 's16p', 'compression_level': '7', 'reservoir': '1', 'b:a': '241k'}",356.8115234375,-2.595,-0.709,0.6270900669915136,2.0296114981753544
"{'ar': '32000', 'sample_fmt': 's32p', 'compression_level': '8', 'reservoir': '1', 'b:a': '272k', 'abr': 'True'}",375.6875,-3.177,-1.442,0.6040040880034212,0.4139432872216002
"{'ar': '44100', 'sample_fmt': 's16p', 'compression_level': '9', 'reservoir': '1', 'b:a': '108k', 'abr': 'True'}",140.81640625,-3.236,-1.536,0.6140349169727415,0.6208579484700144
"{'ar': '32000', 'sample_fmt': 's32p', 'compression_level': '9', 'reservoir': '1', 'b:a': '272k', 'abr': 'True'}",375.6875,-3.177,-1.442,0.608828316006111,0.41358671459163987
"{'ar': '44100', 'sample_fmt': 's32p', 'compression_level': '7', 'reservoir': '0', 'aq': '9'}",103.8740234375,-3.314,-1.668,0.6237306270049885,0.4557133020802229
"{'ar': '44100', 'sample_fmt': 's16p', 'compression_level': '0', 'reservoir': '1', 'b:a': '189k', 'abr': 'True'}",256.1728515625,-2.631,-0.748,1.026257772988174,2.06451278651255
"{'ar': '12000', 'sample_fmt': 's16p', 'compression_level': '7', 'reservoir': '1', 'b:a': '32k'}",45.078125,-3.779,-2.988,0.5733835230057593,-0.9465730572001833
"{'ar': '12000', 'sample_fmt': 's16p', 'compression_level': '0', 'reservoir': '1', 'b:a': '176k', 'abr': 'True'}",68.375,-3.768,-2.935,0.8326770499988925,-0.960563577982601
"{'ar': '44100', 'sample_fmt': 's16p', 'compression_level': '7', 'reservoir': '1', 'b:a': '113k', 'abr': 'True'}",147.6220703125,-3.165,-1.424,0.6424142099858727,0.808657723839831
"{'ar': '44100', 'sample_fmt': 's16p', 'compression_level': '7', 'reservoir': '1', 'b:a': '150k'}",223.037109375,-2.689,-0.812,0.6255954950174782,1.991674691429957
"{'ar': '44100', 'sample_fmt': 's16p', 'compression_level': '1', 'reservoir': '1', 'b:a': '36k', 'abr': 'True'}",53.34765625,-3.109,-1.341,1.0410618539899588,1.0862824373689366
"{'ar': '12000', 'sample_fmt': 's32p', 'compression_level': '8', 'reservoir': '1', 'b:a': '32k', 'abr': 'True'}",42.78125,-3.777,-2.982,0.5553844859823585,-0.9350250281006809
"{'ar': '44100', 'sample_fmt': 's16p', 'compression_level': '7', 'reservoir': '1', 'b:a': '135k', 'abr': 'True'}",179.365234375,-2.88,-1.036,0.6501593769935425,1.5438639588215657
"{'ar': '44100', 'sample_fmt': 's32p', 'compression_level': '1', 'reservoir': '1', 'b:a': '238k', 'abr': 'True'}",314.955078125,-2.597,-0.711,1.0231064629915636,2.061838838049572
"{'ar': '44100', 'sample_fmt': 's16p', 'compression_level': '0', 'reservoir': '1', 'b:a': '32k', 'abr': 'True'}",48.26953125,-3.138,-1.383,1.053944828978274,1.0126157533671951
"{'ar': '44100', 'sample_fmt': 's16p', 'compression_level': '7', 'reservoir': '1', 'b:a': '133k', 'abr': 'True'}",176.70703125,-2.904,-1.066,0.6888243230059743,1.4798654612499573
"{'ar': '44100', 'sample_fmt': 'fltp', 'compression_level': '9', 'reservoir': '1', 'b:a': '133k', 'abr': 'True'}",176.65625,-2.904,-1.066,0.6289736980106682,1.4843702237086405
"{'ar': '44100', 'sample_fmt': 's16p', 'compression_level': '6', 'reservoir': '1', 'b:a': '238k', 'abr': 'True'}",324.1298828125,-2.602,-0.717,0.704047934996197,2.0572390249299115
"{'ar': '44100', 'sample_fmt': 's32p', 'compression_level': '1', 'reservoir': '1', 'b:a': '241k', 'abr': 'True'}",331.4453125,-2.591,-0.705,0.9895348659774754,2.053879705895637
"{'ar': '44100', 'sample_fmt': 's16p', 'compression_level': '7', 'reservoir': '1', 'b:a': '172k', 'abr': 'True'}",232.3984375,-2.668,-0.789,0.6511532820004504,2.0310323395603405
"{'ar': '44100', 'sample_fmt': 's32p', 'compression_level': '6', 'reservoir': '1', 'b:a': '137k', 'abr': 'True'}",183.8583984375,-2.816,-0.959,0.724339982989477,1.7046177920686743
"{'ar': '44100', 'sample_fmt': 'fltp', 'compression_level': '7', 'reservoir': '1', 'b:a': '161k'}",223.037109375,-2.691,-0.815,0.6258278739987873,1.9860512647283786
"{'ar': '12000', 'sample_fmt': 's32p', 'compression_level': '8', 'reservoir': '1', 'aq': '9'}",50.28125,-3.776,-2.975,0.5530861619918142,-0.9422844901932932
"{'ar': '12000', 'sample_fmt': 'fltp', 'compression_level': '4', 'reservoir': '1', 'b:a': '152k'}",90.546875,-3.754,-2.869,0.6016702729975805,-0.9254286912047005
"{'ar': '44100', 'sample_fmt': 's16p', 'compression_level': '6', 'reservoir': '1', 'b:a': '115k', 'abr': 'True'}",153.818359375,-2.965,-1.143,0.7070818799838889,1.3486221305651054
"{'ar': '44100', 'sample_fmt': 's16p', 'compression_level': '7', 'reservoir': '1', 'b:a': '179k', 'abr': 'True'}",243.48046875,-2.658,-0.778,0.6398586110153701,2.0409533771474075
"{'ar': '44100', 'sample_fmt': 's16p', 'compression_level': '7', 'reservoir': '1', 'b:a': '172k'}",223.037109375,-2.689,-0.812,0.7511634190159384,1.9823936033732112
"{'ar': '44100', 'sample_fmt': 's16p', 'compression_level': '0', 'reservoir': '1', 'b:a': '151k'}",223.037109375,-2.679,-0.801,1.4136249469884206,1.9601985787050082
"{'ar': '44100', 'sample_fmt': 's16p', 'compression_level': '7', 'reservoir': '0', 'b:a': '123k', 'abr': 'True'}",174.0556640625,-3.043,-1.248,0.6587597959733102,1.1050435203830926
"{'ar': '16000', 'sample_fmt': 's16p', 'compression_level': '0', 'reservoir': '0', 'b:a': '32k', 'abr': 'True'}",48.06640625,-3.269,-1.591,0.8418565799947828,0.6577787223684787
"{'ar': '44100', 'sample_fmt': 's16p', 'compression_level': '9', 'reservoir': '1', 'b:a': '238k', 'abr': 'True'}",327.6884765625,-2.599,-0.713,0.6362602680164855,2.0648227322967463
"{'ar': '44100', 'sample_fmt': 's16p', 'compression_level': '4', 'reservoir': '1', 'b:a': '118k', 'abr': 'True'}",155.74609375,-2.926,-1.093,0.7315970930212643,1.450374618897377
"{'ar': '44100', 'sample_fmt': 's16p', 'compression_level': '6', 'reservoir': '1', 'b:a': '233k', 'abr': 'True'}",319.5498046875,-2.598,-0.713,0.7105406110058539,2.074648986032753
"{'ar': '44100', 'sample_fmt': 's16p', 'compression_level': '7', 'reservoir': '1', 'b:a': '117k', 'abr': 'True'}",153.716796875,-3.068,-1.282,0.6554503869847395,1.06876810707107
"{'ar': '32000', 'sample_fmt': 's32p', 'compression_level': '9', 'reservoir': '1', 'b:a': '272k', 'abr': 'True'}",375.6875,-3.177,-1.442,0.607706901995698,0.4136696015411672
"{'ar': '44100', 'sample_fmt': 's32p', 'compression_level': '7', 'reservoir': '1', 'b:a': '238k'}",312.220703125,-2.6,-0.715,0.6995038249879144,2.0818687422507325
"{'ar': '44100', 'sample_fmt': 's16p', 'compression_level': '7', 'reservoir': '1', 'b:a': '238k', 'abr': 'True'}",327.6884765625,-2.599,-0.713,0.6852327789820265,2.0612030325186668
"{'ar': '44100', 'sample_fmt': 's16p', 'compression_level': '4', 'reservoir': '1', 'b:a': '143k', 'abr': 'True'}",188.6884765625,-2.768,-0.902,0.7550957390049007,1.8244555060329086
"{'ar': '32000', 'sample_fmt': 'fltp', 'compression_level': '9', 'reservoir': '1', 'b:a': '271k', 'abr': 'True'}",374.703125,-3.176,-1.441,0.604678119008895,0.41810959623605837
"{'ar': '44100', 'sample_fmt': 'fltp', 'compression_level': '6', 'reservoir': '1', 'b:a': '36k', 'abr': 'True'}",53.2724609375,-3.249,-1.557,0.6981473740015645,0.7174179104132578
"{'ar': '44100', 'sample_fmt': 'fltp', 'compression_level': '8', 'reservoir': '1', 'b:a': '133k', 'abr': 'True'}",176.65625,-2.904,-1.066,0.6473566339991521,1.4830114877972882
"{'ar': '44100', 'sample_fmt': 's16p', 'compression_level': '7', 'reservoir': '1', 'b:a': '32k', 'abr': 'True'}",48.193359375,-3.355,-1.744,0.631346930982545,0.42449573364110615
"{'ar': '44100', 'sample_fmt': 'fltp', 'compression_level': '7', 'reservoir': '1', 'b:a': '113k'}",156.1484375,-3.068,-1.283,0.6314528379880358,1.0663462939602595
"{'ar': '44100', 'sample_fmt': 'fltp', 'compression_level': '4', 'reservoir': '1', 'b:a': '191k', 'abr': 'True'}",258.5146484375,-2.623,-0.739,0.7232911099854391,2.1046478338965344
"{'ar': '44100', 'sample_fmt': 's16p', 'compression_level': '4', 'reservoir': '1', 'b:a': '112k', 'abr': 'True'}",147.51953125,-3.009,-1.202,0.724086320027709,1.236286789444467
"{'ar': '44100', 'sample_fmt': 's32p', 'compression_level': '9', 'reservoir': '1', 'b:a': '272k', 'abr': 'True'}",374.34375,-2.599,-0.714,0.6537923279975075,1.9887652601108448
"{'ar': '44100', 'sample_fmt': 's16p', 'compression_level': '7', 'reservoir': '1', 'b:a': '135k', 'abr': 'True'}",179.365234375,-2.88,-1.036,0.6369725819968153,1.5448386329393953
"{'ar': '44100', 'sample_fmt': 's32p', 'compression_level': '0', 'reservoir': '1', 'b:a': '240k', 'abr': 'True'}",328.5986328125,-2.597,-0.711,1.0937329389853403,2.0348480938198454
"{'ar': '44100', 'sample_fmt': 'fltp', 'compression_level': '8', 'reservoir': '0', 'b:a': '32k', 'abr': 'True'}",53.09375,-3.35,-1.734,0.6262655549799092,0.43185620621037424
"{'ar': '44100', 'sample_fmt': 's32p', 'compression_level': '7', 'reservoir': '0', 'b:a': '36k'}",44.771484375,-3.237,-1.537,0.6605940310109872,0.7680267161372392
"{'ar': '44100', 'sample_fmt': 's32p', 'compression_level': '6', 'reservoir': '1', 'b:a': '115k', 'abr': 'True'}",153.7685546875,-2.965,-1.144,0.7437922859680839,1.3456727715629182
"{'ar': '44100', 'sample_fmt': 'fltp', 'compression_level': '7', 'reservoir': '1', 'b:a': '41k'}",55.8935546875,-3.305,-1.653,0.6467455230013002,0.5562742571112584
"{'ar': '44100', 'sample_fmt': 'fltp', 'compression_level': '7', 'reservoir': '1', 'b:a': '35k', 'abr': 'True'}",52.052734375,-3.411,-1.854,0.6538294659985695,0.2514987726180368
"{'ar': '44100', 'sample_fmt': 'fltp', 'compression_level': '7', 'reservoir': '1', 'b:a': '190k'}",267.6279296875,-2.63,-0.747,0.6468706939776894,2.076921315164156
"{'ar': '44100', 'sample_fmt': 's32p', 'compression_level': '7', 'reservoir': '1', 'b:a': '237k'}",312.220703125,-2.6,-0.715,0.7035072639991995,2.081572836506571
"{'ar': '16000', 'sample_fmt': 'fltp', 'compression_level': '7', 'reservoir': '1', 'b:a': '32k', 'abr': 'True'}",42.828125,-3.448,-1.93,0.6304174449760467,0.15776606641477825
"{'ar': '44100', 'sample_fmt': 's16p', 'compression_level': '6', 'reservoir': '1', 'b:a': '246k', 'abr': 'True'}",341.8076171875,-2.593,-0.708,0.7337298080092296,2.0506459830684594
"{'ar': '44100', 'sample_fmt': 's16p', 'compression_level': '4', 'reservoir': '1', 'b:a': '152k', 'abr': 'True'}",204.435546875,-2.681,-0.803,0.8134778989769984,2.0289482434148383
"{'ar': '44100', 'sample_fmt': 's16p', 'compression_level': '6', 'reservoir': '1', 'b:a': '147k', 'abr': 'True'}",200.7529296875,-2.705,-0.83,0.7207496079790872,1.977242396103282
"{'ar': '8000', 'sample_fmt': 's32p', 'compression_level': '1', 'reservoir': '1', 'aq': '9'}",35.8671875,-3.85,-3.441,0.5777228329970967,-1.2405244666139437
"{'ar': '32000', 'sample_fmt': 's32p', 'compression_level': '9', 'reservoir': '1', 'b:a': '272k', 'abr': 'True'}",375.6875,-3.177,-1.442,0.6340451930009294,0.4117228623557145
"{'ar': '44100', 'sample_fmt': 's16p', 'compression_level': '7', 'reservoir': '1', 'b:a': '154k', 'abr': 'True'}",206.7880859375,-2.745,-0.876,0.6737346970185172,1.8633787185050186
"{'ar': '32000', 'sample_fmt': 's32p', 'compression_level': '9', 'reservoir': '1', 'b:a': '272k', 'abr': 'True'}",375.6875,-3.177,-1.442,0.6297894710151013,0.41203741506342656
"{'ar': '44100', 'sample_fmt': 's16p', 'compression_level': '1', 'reservoir': '1', 'b:a': '36k', 'abr': 'True'}",53.34765625,-3.109,-1.341,1.0413753249740694,1.0862592678228127
"{'ar': '44100', 'sample_fmt': 's32p', 'compression_level': '8', 'reservoir': '1', 'b:a': '238k', 'abr': 'True'}",327.4853515625,-2.6,-0.714,0.6359233499970287,2.062526358008719
"{'ar': '44100', 'sample_fmt': 's32p', 'compression_level': '7', 'reservoir': '1', 'b:a': '241k', 'abr': 'True'}",331.955078125,-2.605,-0.72,0.6286815820203628,2.042386993886071
"{'ar': '12000', 'sample_fmt': 'fltp', 'compression_level': '0', 'reservoir': '1', 'b:a': '187k'}",90.640625,-3.768,-2.932,0.8438869529927615,-0.9959742288485827
"{'ar': '44100', 'sample_fmt': 's16p', 'compression_level': '6', 'reservoir': '1', 'b:a': '137k', 'abr': 'True'}",183.759765625,-2.816,-0.959,0.736621735006338,1.7038673971803888
"{'ar': '44100', 'sample_fmt': 's16p', 'compression_level': '7', 'reservoir': '1', 'b:a': '150k', 'abr': 'True'}",200.8037109375,-2.767,-0.902,0.6513149390229955,1.8151243319410562
"{'ar': '32000', 'sample_fmt': 's32p', 'compression_level': '9', 'reservoir': '0', 'aq': '9'}",89.62109375,-3.518,-2.09,0.6249939429981168,-0.1300679449411929
"{'ar': '44100', 'sample_fmt': 's16p', 'compression_level': '8', 'reservoir': '0', 'b:a': '128k', 'abr': 'True'}",184.2880859375,-2.945,-1.117,0.6211756340053398,1.3611529204998092
"{'ar': '44100', 'sample_fmt': 's16p', 'compression_level': '0', 'reservoir': '1', 'b:a': '170k', 'abr': 'True'}",223.515625,-2.678,-0.8,1.32974637002917,1.9682801324709411
"{'ar': '22050', 'sample_fmt': 's16p', 'compression_level': '8', 'reservoir': '0', 'b:a': '246k', 'abr': 'True'}",223.35546875,-3.677,-2.554,0.706776194012491,-0.8663407339892624
"{'ar': '32000', 'sample_fmt': 's32p', 'compression_level': '9', 'reservoir': '1', 'b:a': '138k', 'abr': 'True'}",187.671875,-3.258,-1.572,0.6169415640179068,0.48326236152240043
"{'ar': '12000', 'sample_fmt': 'fltp', 'compression_level': '8', 'reservoir': '1', 'b:a': '32k', 'abr': 'True'}",42.78125,-3.777,-2.982,0.5750937460106798,-0.9364817964538663
"{'ar': '22050', 'sample_fmt': 's16p', 'compression_level': '8', 'reservoir': '1', 'b:a': '150k', 'abr': 'True'}",207.052734375,-3.677,-2.556,0.6239650709903799,-0.8348371451983378
"{'ar': '12000', 'sample_fmt': 'fltp', 'compression_level': '8', 'reservoir': '1', 'b:a': '168k', 'abr': 'True'}",88.53125,-3.742,-2.811,0.5902811439882498,-0.8751147845661822
"{'ar': '44100', 'sample_fmt': 's32p', 'compression_level': '6', 'reservoir': '1', 'b:a': '115k', 'abr': 'True'}",153.7685546875,-2.965,-1.144,0.7565472899877932,1.3447300123637416
"{'ar': '32000', 'sample_fmt': 's16p', 'compression_level': '9', 'reservoir': '1', 'b:a': '268k'}",357.828125,-3.175,-1.439,0.652614523016382,0.4444541730197825
"{'ar': '16000', 'sample_fmt': 's16p', 'compression_level': '7', 'reservoir': '1', 'b:a': '32k', 'abr': 'True'}",42.79296875,-3.446,-1.926,0.5709419710037764,0.16813987742602446
"{'ar': '44100', 'sample_fmt': 'fltp', 'compression_level': '8', 'reservoir': '0', 'b:a': '36k', 'abr': 'True'}",59.2392578125,-3.256,-1.568,0.624707061011577,0.6935454821862423
"{'ar': '44100', 'sample_fmt': 's16p', 'compression_level': '6', 'reservoir': '1', 'b:a': '118k', 'abr': 'True'}",157.78125,-2.926,-1.093,0.71344648199738,1.4484687562008134
"{'ar': '44100', 'sample_fmt': 's16p', 'compression_level': '7', 'reservoir': '1', 'b:a': '143k', 'abr': 'True'}",190.8896484375,-2.799,-0.939,0.6321651840116829,1.7461292924056007
"{'ar': '44100', 'sample_fmt': 'fltp', 'compression_level': '7', 'reservoir': '1', 'b:a': '36k'}",44.771484375,-3.207,-1.49,0.6599298730143346,0.8528004862855784
"{'ar': '44100', 'sample_fmt': 'fltp', 'compression_level': '4', 'reservoir': '1', 'b:a': '241k', 'abr': 'True'}",328.5009765625,-2.595,-0.709,0.7536485450109467,2.065431333072019
"{'ar': '44100', 'sample_fmt': 's16p', 'compression_level': '7', 'reservoir': '1', 'b:a': '32k'}",44.771484375,-3.291,-1.629,0.6244698700029403,0.6158579404646988
"{'ar': '44100', 'sample_fmt': 's16p', 'compression_level': '7', 'reservoir': '1', 'b:a': '239k', 'abr': 'True'}",328.908203125,-2.6,-0.715,0.6410662929702085,2.0595603759462766
"{'ar': '8000', 'sample_fmt': 's32p', 'compression_level': '8', 'reservoir': '1', 'aq': '9'}",36.8515625,-3.855,-3.486,0.55174048099434,-1.2660200858200765
"{'ar': '22050', 'sample_fmt': 's16p', 'compression_level': '8', 'reservoir': '0', 'b:a': '190k', 'abr': 'True'}",223.35546875,-3.677,-2.554,0.6075305549893528,-0.8590052020660536
"{'ar': '44100', 'sample_fmt': 's16p', 'compression_level': '6', 'reservoir': '1', 'b:a': '137k', 'abr': 'True'}",183.759765625,-2.816,-0.959,0.7342369420221075,1.7040436641200574
"{'ar': '16000', 'sample_fmt': 's16p', 'compression_level': '0', 'reservoir': '1', 'b:a': '242k', 'abr': 'True'}",132.51171875,-3.74,-2.801,0.9280569219845347,-0.9624443858686661
"{'ar': '44100', 'sample_fmt': 's16p', 'compression_level': '4', 'reservoir': '1', 'b:a': '152k', 'abr': 'True'}",204.435546875,-2.681,-0.803,0.7782955529983155,2.031548672255846
"{'ar': '12000', 'sample_fmt': 's16p', 'compression_level': '8', 'reservoir': '0', 'b:a': '246k', 'abr': 'True'}",90.640625,-3.741,-2.806,0.5692582509946078,-0.8730195469570787
"{'ar': '16000', 'sample_fmt': 's16p', 'compression_level': '7', 'reservoir': '1', 'b:a': '32k', 'abr': 'True'}",42.79296875,-3.446,-1.926,0.5716729150153697,0.1680858512422657
"{'ar': '16000', 'sample_fmt': 's16p', 'compression_level': '0', 'reservoir': '1', 'b:a': '136k', 'abr': 'True'}",112.6484375,-3.758,-2.885,0.9242899100063369,-0.9989082076283248
"{'ar': '44100', 'sample_fmt': 's32p', 'compression_level': '0', 'reservoir': '1', 'b:a': '163k', 'abr': 'True'}",216.93359375,-2.704,-0.829,1.2780075129703619,1.9128803375795185
"{'ar': '12000', 'sample_fmt': 's16p', 'compression_level': '7', 'reservoir': '1', 'b:a': '179k', 'abr': 'True'}",88.578125,-3.74,-2.803,0.6577058869879693,-0.8729895959634266
"{'ar': '44100', 'sample_fmt': 's16p', 'compression_level': '7', 'reservoir': '1', 'b:a': '151k'}",223.037109375,-2.689,-0.812,0.7405773219943512,1.9831760523896957
"{'ar': '44100', 'sample_fmt': 's16p', 'compression_level': '7', 'reservoir': '1', 'b:a': '250k'}",356.8115234375,-2.595,-0.709,0.8018121469940525,2.0166972844309172
"{'ar': '44100', 'sample_fmt': 'fltp', 'compression_level': '9', 'reservoir': '1', 'b:a': '152k', 'abr': 'True'}",204.1298828125,-2.759,-0.892,0.6602602010243572,1.8309497938247021
"{'ar': '32000', 'sample_fmt': 's16p', 'compression_level': '7', 'reservoir': '1', 'b:a': '272k', 'abr': 'True'}",375.828125,-3.176,-1.441,0.5971290390007198,0.4168724478671916
"{'ar': '44100', 'sample_fmt': 's16p', 'compression_level': '8', 'reservoir': '0', 'b:a': '141k', 'abr': 'True'}",217.501953125,-2.817,-0.96,0.6539438949839678,1.6534917445975343
"{'ar': '44100', 'sample_fmt': 'fltp', 'compression_level': '7', 'reservoir': '1', 'b:a': '190k', 'abr': 'True'}",259.3271484375,-2.638,-0.756,0.6364847280201502,2.0694556063958722
"{'ar': '44100', 'sample_fmt': 's32p', 'compression_level': '0', 'reservoir': '1', 'b:a': '246k', 'abr': 'True'}",335.099609375,-2.595,-0.709,1.0642402799858246,2.03194539573476
"{'ar': '44100', 'sample_fmt': 's16p', 'compression_level': '4', 'reservoir': '1', 'b:a': '112k', 'abr': 'True'}",147.51953125,-3.009,-1.202,0.7205321190122049,1.2365494907104104
"{'ar': '44100', 'sample_fmt': 's16p', 'compression_level': '4', 'reservoir': '1', 'b:a': '32k', 'abr': 'True'}",47.685546875,-3.352,-1.738,0.703207860031398,0.42887714714820324
"{'ar': '44100', 'sample_fmt': 's16p', 'compression_level': '8', 'reservoir': '0', 'b:a': '141k', 'abr': 'True'}",217.501953125,-2.817,-0.96,0.6318223749985918,1.6551268100537082
"{'ar': '44100', 'sample_fmt': 's16p', 'compression_level': '7', 'reservoir': '1', 'b:a': '179k', 'abr': 'True'}",243.48046875,-2.658,-0.778,0.6311303500260692,2.041598508135039
"{'ar': '12000', 'sample_fmt': 'fltp', 'compression_level': '8', 'reservoir': '1', 'b:a': '112k', 'abr': 'True'}",88.25,-3.742,-2.811,0.5829604619939346,-0.8741249111380669
"{'ar': '44100', 'sample_fmt': 's16p', 'compression_level': '7', 'reservoir': '1', 'b:a': '32k'}",44.771484375,-3.291,-1.629,0.7265972569875885,0.6083094102236357
"{'ar': '44100', 'sample_fmt': 's16p', 'compression_level': '7', 'reservoir': '1', 'b:a': '179k'}",267.6279296875,-2.634,-0.752,0.6677104250120465,2.064483947041764
"{'ar': '44100', 'sample_fmt': 's32p', 'compression_level': '7', 'reservoir': '1', 'b:a': '118k', 'abr': 'True'}",154.9375,-3.074,-1.291,0.6504747550061438,1.0503692849346653
"{'ar': '44100', 'sample_fmt': 's16p', 'compression_level': '7', 'reservoir': '1', 'b:a': '118k', 'abr': 'True'}",154.9365234375,-3.066,-1.28,0.6535861430165824,1.0722504167138467
"{'ar': '44100', 'sample_fmt': 's32p', 'compression_level': '0', 'reservoir': '1', 'b:a': '239k', 'abr': 'True'}",311.578125,-2.594,-0.709,1.1807167059741914,2.063198624530004
"{'ar': '44100', 'sample_fmt': 's16p', 'compression_level': '7', 'reservoir': '1', 'b:a': '36k', 'abr': 'True'}",53.24609375,-3.251,-1.561,0.6153271829825826,0.7176597538974877
"{'ar': '44100', 'sample_fmt': 's16p', 'compression_level': '6', 'reservoir': '1', 'b:a': '147k', 'abr': 'True'}",200.7529296875,-2.705,-0.83,0.736296029004734,1.976093315208164
"{'ar': '44100', 'sample_fmt': 's16p', 'compression_level': '8', 'reservoir': '1', 'b:a': '140k', 'abr': 'True'}",186.3251953125,-2.828,-0.973,0.6496927959960885,1.6738233291004385
"{'ar': '44100', 'sample_fmt': 's32p', 'compression_level': '6', 'reservoir': '1', 'b:a': '115k', 'abr': 'True'}",153.7685546875,-2.965,-1.144,0.7270071399980225,1.3469134101976334
"{'ar': '44100', 'sample_fmt': 's16p', 'compression_level': '7', 'reservoir': '1', 'b:a': '245k', 'abr': 'True'}",337.8466796875,-2.604,-0.719,0.632754271995509,2.03533034575487
"{'ar': '12000', 'sample_fmt': 'fltp', 'compression_level': '0', 'reservoir': '1', 'b:a': '189k'}",90.640625,-3.768,-2.932,0.9344107619835995,-1.0026651051147724
"{'ar': '44100', 'sample_fmt': 's16p', 'compression_level': '6', 'reservoir': '1', 'b:a': '147k', 'abr': 'True'}",200.7529296875,-2.705,-0.83,0.8073251950263511,1.9708433443282445
"{'ar': '44100', 'sample_fmt': 's16p', 'compression_level': '7', 'reservoir': '1', 'b:a': '169k', 'abr': 'True'}",228.224609375,-2.678,-0.8,0.6338406139693689,2.0122025778260895
"{'ar': '44100', 'sample_fmt': 'fltp', 'compression_level': '7', 'reservoir': '1', 'b:a': '36k'}",44.771484375,-3.207,-1.49,0.6144103609840386,0.8561649649358621
"{'ar': '44100', 'sample_fmt': 's16p', 'compression_level': '7', 'reservoir': '1', 'b:a': '32k'}",44.771484375,-3.291,-1.629,0.6191699740011245,0.6162496710907865
"{'ar': '44100', 'sample_fmt': 's16p', 'compression_level': '7', 'reservoir': '1', 'b:a': '154k', 'abr': 'True'}",206.7880859375,-2.745,-0.876,0.6314677190093789,1.8665027929684952
"{'ar': '44100', 'sample_fmt': 's16p', 'compression_level': '7', 'reservoir': '1', 'b:a': '154k', 'abr': 'True'}",206.7880859375,-2.745,-0.876,0.6476401299878489,1.8653074433473378
"{'ar': '16000', 'sample_fmt': 's16p', 'compression_level': '0', 'reservoir': '1', 'b:a': '32k', 'abr': 'True'}",43.8125,-3.269,-1.591,0.7970383050269447,0.6678791782075354
"{'ar': '44100', 'sample_fmt': 's16p', 'compression_level': '7', 'reservoir': '1', 'b:a': '32k', 'abr': 'True'}",48.193359375,-3.355,-1.744,0.6165248490287922,0.42559127654264184
"{'ar': '44100', 'sample_fmt': 's16p', 'compression_level': '7', 'reservoir': '1', 'b:a': '151k', 'abr': 'True'}",202.5986328125,-2.761,-0.895,0.6426336900040042,1.8290897307114997
"{'ar': '44100', 'sample_fmt': 'fltp', 'compression_level': '9', 'reservoir': '0', 'b:a': '168k', 'abr': 'True'}",247.333984375,-2.683,-0.806,0.6417611390352249,1.967582555941688
"{'ar': '44100', 'sample_fmt': 'fltp', 'compression_level': '6', 'reservoir': '1', 'b:a': '114k', 'abr': 'True'}",152.1416015625,-2.973,-1.155,0.7048146860033739,1.329040244920434
"{'ar': '22050', 'sample_fmt': 's16p', 'compression_level': '8', 'reservoir': '0', 'b:a': '237k', 'abr': 'True'}",223.35546875,-3.677,-2.554,0.5976465280109551,-0.8582746450748997
"{'ar': '44100', 'sample_fmt': 'fltp', 'compression_level': '9', 'reservoir': '1', 'b:a': '132k', 'abr': 'True'}",175.12890625,-2.907,-1.07,0.6384290799906012,1.4778568303275799
"{'ar': '12000', 'sample_fmt': 'fltp', 'compression_level': '8', 'reservoir': '1', 'b:a': '142k', 'abr': 'True'}",88.4375,-3.742,-2.811,0.5863200529711321,-0.874672415327684
"{'ar': '44100', 'sample_fmt': 'fltp', 'compression_level': '9', 'reservoir': '1', 'b:a': '133k', 'abr': 'True'}",176.65625,-2.904,-1.066,0.6241284169955179,1.4847283524275785
"{'ar': '44100', 'sample_fmt': 's16p', 'compression_level': '7', 'reservoir': '1', 'b:a': '179k', 'abr': 'True'}",243.48046875,-2.658,-0.778,0.6339840550208464,2.0413875825538788
"{'ar': '44100', 'sample_fmt': 'fltp', 'compression_level': '8', 'reservoir': '0', 'b:a': '36k', 'abr': 'True'}",59.2392578125,-3.256,-1.568,0.6259533189877402,0.6934533676585041
"{'ar': '44100', 'sample_fmt': 'fltp', 'compression_level': '6', 'reservoir': '1', 'b:a': '112k', 'abr': 'True'}",149.3994140625,-3.014,-1.208,0.7139895250147674,1.220490970629316
"{'ar': '44100', 'sample_fmt': 'fltp', 'compression_level': '7', 'reservoir': '1', 'b:a': '168k', 'abr': 'True'}",226.8955078125,-2.683,-0.806,0.6456904649676289,1.9999050817881587
"{'ar': '44100', 'sample_fmt': 's16p', 'compression_level': '9', 'reservoir': '1', 'b:a': '134k', 'abr': 'True'}",178.1396484375,-2.894,-1.053,0.6466365439991932,1.5080980430259816
"{'ar': '44100', 'sample_fmt': 's16p', 'compression_level': '0', 'reservoir': '1', 'b:a': '150k', 'abr': 'True'}",201.3173828125,-2.781,-0.917,1.2388732059625909,1.7335255489652175
"{'ar': '44100', 'sample_fmt': 's32p', 'compression_level': '7', 'reservoir': '1', 'b:a': '119k', 'abr': 'True'}",156.2568359375,-3.056,-1.266,0.6743218610063195,1.0963268000501694
"{'ar': '44100', 'sample_fmt': 's16p', 'compression_level': '7', 'reservoir': '1', 'b:a': '141k', 'abr': 'True'}",187.6083984375,-2.817,-0.96,0.6459958420018665,1.701779295359749
"{'ar': '44100', 'sample_fmt': 's16p', 'compression_level': '1', 'reservoir': '1', 'b:a': '42k', 'abr': 'True'}",60.6630859375,-3.235,-1.534,1.0931731890013907,0.7163021254838894
"{'ar': '44100', 'sample_fmt': 's16p', 'compression_level': '7', 'reservoir': '1', 'b:a': '37k', 'abr': 'True'}",54.466796875,-3.267,-1.588,0.613216116966214,0.6700715736909022
"{'ar': '22050', 'sample_fmt': 's16p', 'compression_level': '8', 'reservoir': '0', 'b:a': '141k', 'abr': 'True'}",204.0078125,-3.678,-2.557,0.5975794860278256,-0.8306736325574311
"{'ar': '44100', 'sample_fmt': 's16p', 'compression_level': '7', 'reservoir': '1', 'b:a': '121k', 'abr': 'True'}",159.3623046875,-3.066,-1.28,0.640623631014023,1.0661464509270946
"{'ar': '8000', 'sample_fmt': 's16p', 'compression_level': '8', 'reservoir': '1', 'aq': '9'}",36.8515625,-3.855,-3.486,0.5680367219902109,-1.2672245880755926
"{'ar': '44100', 'sample_fmt': 's16p', 'compression_level': '0', 'reservoir': '1', 'b:a': '238k', 'abr': 'True'}",310.666015625,-2.604,-0.719,1.112511638988508,2.0432413162819874
"{'ar': '44100', 'sample_fmt': 'fltp', 'compression_level': '6', 'reservoir': '1', 'b:a': '148k', 'abr': 'True'}",202.134765625,-2.704,-0.829,0.7219241980346851,1.977596028305635
"{'ar': '44100', 'sample_fmt': 's16p', 'compression_level': '6', 'reservoir': '1', 'b:a': '114k', 'abr': 'True'}",152.3955078125,-2.974,-1.156,0.7255115780280903,1.3244599323705495
"{'ar': '44100', 'sample_fmt': 's16p', 'compression_level': '0', 'reservoir': '0', 'b:a': '32k', 'abr': 'True'}",53.09375,-3.138,-1.383,1.0531536769995,1.004976394578295
"{'ar': '44100', 'sample_fmt': 's16p', 'compression_level': '7', 'reservoir': '1', 'b:a': '172k', 'abr': 'True'}",232.3984375,-2.668,-0.789,0.6318664929713123,2.032457881861362
"{'ar': '44100', 'sample_fmt': 'fltp', 'compression_level': '9', 'reservoir': '1', 'b:a': '234k', 'abr': 'True'}",322.4072265625,-2.599,-0.714,0.6524998799723107,2.071734060956351
"{'ar': '44100', 'sample_fmt': 'fltp', 'compression_level': '7', 'reservoir': '1', 'b:a': '36k', 'abr': 'True'}",53.220703125,-3.256,-1.568,0.6358502570074052,0.7023254510772045
"{'ar': '44100', 'sample_fmt': 's16p', 'compression_level': '8', 'reservoir': '0', 'b:a': '141k', 'abr': 'True'}",217.501953125,-2.817,-0.96,0.6528738490014803,1.6535708347877038
"{'ar': '44100', 'sample_fmt': 's16p', 'compression_level': '7', 'reservoir': '1', 'b:a': '169k', 'abr': 'True'}",228.224609375,-2.678,-0.8,0.7095543119939975,2.006606359651159
"{'ar': '12000', 'sample_fmt': 'fltp', 'compression_level': '8', 'reservoir': '1', 'b:a': '32k', 'abr': 'True'}",42.78125,-3.777,-2.982,0.6128123049857095,-0.9392696841251247
"{'ar': '44100', 'sample_fmt': 's16p', 'compression_level': '4', 'reservoir': '1', 'b:a': '112k', 'abr': 'True'}",147.51953125,-3.009,-1.202,0.7476636290084571,1.2345441224175429
"{'ar': '44100', 'sample_fmt': 'fltp', 'compression_level': '7', 'reservoir': '1', 'b:a': '133k', 'abr': 'True'}",176.65625,-2.904,-1.066,0.6551017489982769,1.482439023970321
"{'ar': '44100', 'sample_fmt': 'fltp', 'compression_level': '9', 'reservoir': '1', 'b:a': '112k', 'abr': 'True'}",146.25,-3.181,-1.449,0.6334278990107123,0.7663458264781379
"{'ar': '16000', 'sample_fmt': 's16p', 'compression_level': '0', 'reservoir': '0', 'b:a': '32k', 'abr': 'True'}",48.06640625,-3.269,-1.591,0.8466576799983159,0.6574238591957581
"{'ar': '44100', 'sample_fmt': 's16p', 'compression_level': '7', 'reservoir': '1', 'b:a': '169k', 'abr': 'True'}",228.224609375,-2.678,-0.8,0.6629651999974158,2.0100498955252664
"{'ar': '44100', 'sample_fmt': 's16p', 'compression_level': '7', 'reservoir': '1', 'b:a': '150k'}",223.037109375,-2.689,-0.812,0.6398894310113974,1.9906181853222453
"{'ar': '44100', 'sample_fmt': 's16p', 'compression_level': '8', 'reservoir': '0', 'b:a': '37k', 'abr': 'True'}",60.6630859375,-3.267,-1.588,0.6270809510024264,0.6591595845947432
"{'ar': '44100', 'sample_fmt': 's16p', 'compression_level': '7', 'reservoir': '1', 'b:a': '245k', 'abr': 'True'}",337.8466796875,-2.604,-0.719,0.6693471749604214,2.0326256585715936
"{'ar': '44100', 'sample_fmt': 's16p', 'compression_level': '7', 'reservoir': '1', 'b:a': '173k', 'abr': 'True'}",234.02734375,-2.665,-0.786,0.6670573340088595,2.035193825811135
"{'ar': '44100', 'sample_fmt': 's16p', 'compression_level': '7', 'reservoir': '1', 'b:a': '36k', 'abr': 'True'}",53.24609375,-3.251,-1.561,0.6402362709923182,0.7158186512347215
"{'ar': '16000', 'sample_fmt': 's16p', 'compression_level': '7', 'reservoir': '1', 'b:a': '32k', 'abr': 'True'}",42.79296875,-3.446,-1.926,0.5700147480238229,0.1682084111554289
"{'ar': '44100', 'sample_fmt': 's32p', 'compression_level': '7', 'reservoir': '1', 'b:a': '239k', 'abr': 'True'}",329.111328125,-2.6,-0.714,0.646563332004007,2.059145412944124
"{'ar': '44100', 'sample_fmt': 's16p', 'compression_level': '8', 'reservoir': '0', 'b:a': '143k', 'abr': 'True'}",222.7314453125,-2.799,-0.939,0.6313305429939646,1.6953821548269628
"{'ar': '44100', 'sample_fmt': 's16p', 'compression_level': '7', 'reservoir': '1', 'b:a': '143k', 'abr': 'True'}",190.8896484375,-2.799,-0.939,0.6375154059787747,1.7457338420420163
"{'ar': '12000', 'sample_fmt': 's32p', 'compression_level': '8', 'reservoir': '1', 'aq': '9'}",50.28125,-3.776,-2.975,0.570959908014629,-0.9436055904031182
"{'ar': '44100', 'sample_fmt': 's16p', 'compression_level': '0', 'reservoir': '1', 'b:a': '133k', 'abr': 'True'}",175.8427734375,-2.917,-1.082,1.2517770700214896,1.4042985364052245
"{'ar': '44100', 'sample_fmt': 's16p', 'compression_level': '7', 'reservoir': '1', 'b:a': '141k', 'abr': 'True'}",187.6083984375,-2.817,-0.96,0.6592464149871375,1.7007999072265174
"{'ar': '16000', 'sample_fmt': 's16p', 'compression_level': '7', 'reservoir': '1', 'b:a': '32k'}",44.97265625,-3.439,-1.912,0.5709629179909825,0.18538626155307186
"{'ar': '44100', 'sample_fmt': 's16p', 'compression_level': '4', 'reservoir': '1', 'b:a': '114k', 'abr': 'True'}",150.3125,-2.974,-1.156,0.744818545965245,1.3263566804313651
"{'ar': '44100', 'sample_fmt': 'fltp', 'compression_level': '4', 'reservoir': '1', 'b:a': '238k', 'abr': 'True'}",317.7158203125,-2.596,-0.711,0.7560595749819186,2.0795017643396423
"{'ar': '44100', 'sample_fmt': 's16p', 'compression_level': '7', 'reservoir': '1', 'b:a': '32k'}",44.771484375,-3.291,-1.629,0.6367731439822819,0.6149485699379555
"{'ar': '44100', 'sample_fmt': 'fltp', 'compression_level': '7', 'reservoir': '1', 'b:a': '152k', 'abr': 'True'}",204.1298828125,-2.759,-0.892,0.6367658289964311,1.8326863307418197
"{'ar': '44100', 'sample_fmt': 's16p', 'compression_level': '9', 'reservoir': '1', 'b:a': '112k', 'abr': 'True'}",146.30078125,-3.181,-1.448,0.6520250669855159,0.765205684626757
"{'ar': '44100', 'sample_fmt': 's16p', 'compression_level': '1', 'reservoir': '1', 'b:a': '36k', 'abr': 'True'}",53.34765625,-3.109,-1.341,1.089975773007609,1.082667068291011
"{'ar': '44100', 'sample_fmt': 's16p', 'compression_level': '6', 'reservoir': '0', 'b:a': '146k', 'abr': 'True'}",225.1884765625,-2.719,-0.846,1.0678848680399824,1.8749272245148467
"{'ar': '44100', 'sample_fmt': 's16p', 'compression_level': '1', 'reservoir': '1', 'b:a': '136k', 'abr': 'True'}",180.43359375,-2.894,-1.054,1.3840528820001055,1.4496176451676839
"{'ar': '44100', 'sample_fmt': 'fltp', 'compression_level': '9', 'reservoir': '1', 'b:a': '241k', 'abr': 'True'}",331.955078125,-2.605,-0.72,0.7215565830119886,2.035522334225979
"{'ar': '12000', 'sample_fmt': 'fltp', 'compression_level': '0', 'reservoir': '1', 'b:a': '32k', 'abr': 'True'}",43.859375,-3.755,-2.873,0.8164827780274209,-0.8704002842085329
"{'ar': '44100', 'sample_fmt': 's16p', 'compression_level': '6', 'reservoir': '1', 'b:a': '118k', 'abr': 'True'}",157.78125,-2.926,-1.093,0.7972927929949947,1.4422714331040989
"{'ar': '44100', 'sample_fmt': 'fltp', 'compression_level': '6', 'reservoir': '1', 'b:a': '152k', 'abr': 'True'}",207.40625,-2.684,-0.807,0.7833546659967396,2.0181828456164017
"{'ar': '44100', 'sample_fmt': 's16p', 'compression_level': '7', 'reservoir': '0', 'b:a': '113k', 'abr': 'True'}",160.0673828125,-3.165,-1.424,0.650304134003818,0.7882160120762918
"{'ar': '16000', 'sample_fmt': 's16p', 'compression_level': '0', 'reservoir': '1', 'b:a': '32k', 'abr': 'True'}",43.8125,-3.269,-1.591,0.8188547090103384,0.666266664756617
"{'ar': '44100', 'sample_fmt': 'fltp', 'compression_level': '9', 'reservoir': '1', 'b:a': '112k', 'abr': 'True'}",146.25,-3.181,-1.449,0.6551061709760688,0.7647435227637671
"{'ar': '44100', 'sample_fmt': 's16p', 'compression_level': '1', 'reservoir': '1', 'b:a': '181k', 'abr': 'True'}",247.1328125,-2.643,-0.761,1.5587217770225834,2.0075214905908387
"{'ar': '44100', 'sample_fmt': 'fltp', 'compression_level': '4', 'reservoir': '1', 'b:a': '112k', 'abr': 'True'}",147.46875,-3.014,-1.208,0.8729069329565391,1.2118256181733535
"{'ar': '44100', 'sample_fmt': 's16p', 'compression_level': '7', 'reservoir': '1', 'b:a': '151k', 'abr': 'True'}",202.5986328125,-2.761,-0.895,0.6952691589831375,1.8251992911235246
"{'ar': '8000', 'sample_fmt': 's32p', 'compression_level': '8', 'reservoir': '1', 'aq': '9'}",36.8515625,-3.855,-3.486,0.7487904310110025,-1.280584616947504
"{'ar': '44100', 'sample_fmt': 's16p', 'compression_level': '7', 'reservoir': '1', 'b:a': '143k', 'abr': 'True'}",190.8896484375,-2.799,-0.939,0.6239904569811188,1.7467335100990575
"{'ar': '16000', 'sample_fmt': 's16p', 'compression_level': '0', 'reservoir': '1', 'b:a': '118k', 'abr': 'True'}",104.2109375,-3.771,-2.948,0.9360194460023195,-1.0364748230112693
"{'ar': '44100', 'sample_fmt': 's16p', 'compression_level': '1', 'reservoir': '1', 'b:a': '246k', 'abr': 'True'}",337.337890625,-2.591,-0.705,1.0805304220411927,2.0377513830802263
"{'ar': '44100', 'sample_fmt': 's16p', 'compression_level': '7', 'reservoir': '1', 'b:a': '137k', 'abr': 'True'}",182.173828125,-2.862,-1.014,0.6821954569895752,1.585893472001468
"{'ar': '44100', 'sample_fmt': 's16p', 'compression_level': '7', 'reservoir': '1', 'b:a': '32k', 'abr': 'True'}",48.193359375,-3.355,-1.744,0.7449646799941547,0.41609791754438596
"{'ar': '44100', 'sample_fmt': 's16p', 'compression_level': '0', 'reservoir': '1', 'b:a': '242k', 'abr': 'True'}",330.2216796875,-2.599,-0.713,1.1523250649916008,2.022636749555081
"{'ar': '44100', 'sample_fmt': 's16p', 'compression_level': '7', 'reservoir': '1', 'b:a': '111k', 'abr': 'True'}",144.9296875,-3.189,-1.46,0.6922975280031096,0.7419918328482601
"{'ar': '44100', 'sample_fmt': 'fltp', 'compression_level': '8', 'reservoir': '1', 'b:a': '168k', 'abr': 'True'}",226.8955078125,-2.683,-0.806,0.6928801980393473,1.9964171522750584
"{'ar': '44100', 'sample_fmt': 's16p', 'compression_level': '7', 'reservoir': '1', 'b:a': '170k', 'abr': 'True'}",229.55078125,-2.677,-0.799,0.6543260210019071,2.011217712926809
"{'ar': '12000', 'sample_fmt': 'fltp', 'compression_level': '8', 'reservoir': '1', 'b:a': '190k', 'abr': 'True'}",88.53125,-3.742,-2.811,0.5826725870138034,-0.8745524141373657
"{'ar': '44100', 'sample_fmt': 'fltp', 'compression_level': '4', 'reservoir': '1', 'b:a': '238k', 'abr': 'True'}",317.7158203125,-2.596,-0.711,0.757031218992779,2.079429947323501
"{'ar': '22050', 'sample_fmt': 's16p', 'compression_level': '8', 'reservoir': '0', 'b:a': '250k', 'abr': 'True'}",223.35546875,-3.677,-2.554,0.6081787139701191,-0.8590531093689994
"{'ar': '12000', 'sample_fmt': 's16p', 'compression_level': '8', 'reservoir': '1', 'b:a': '190k', 'abr': 'True'}",88.578125,-3.74,-2.803,0.584806202998152,-0.8676013696961298
"{'ar': '44100', 'sample_fmt': 's16p', 'compression_level': '7', 'reservoir': '1', 'b:a': '135k', 'abr': 'True'}",179.365234375,-2.88,-1.036,0.6340843100333586,1.5450521134650825
"{'ar': '44100', 'sample_fmt': 's16p', 'compression_level': '7', 'reservoir': '1', 'b:a': '141k', 'abr': 'True'}",187.6083984375,-2.817,-0.96,0.6404405629727989,1.70218990208324
"{'ar': '44100', 'sample_fmt': 's16p', 'compression_level': '1', 'reservoir': '1', 'b:a': '181k', 'abr': 'True'}",247.1328125,-2.643,-0.761,1.004183610988548,2.0485090086280993
"{'ar': '44100', 'sample_fmt': 's16p', 'compression_level': '0', 'reservoir': '1', 'b:a': '165k', 'abr': 'True'}",218.724609375,-2.691,-0.815,1.3212621040001977,1.9415310151419978
"{'ar': '44100', 'sample_fmt': 's16p', 'compression_level': '4', 'reservoir': '1', 'b:a': '112k', 'abr': 'True'}",147.51953125,-3.009,-1.202,0.7266176030097995,1.2360996950058138
"{'ar': '44100', 'sample_fmt': 's16p', 'compression_level': '7', 'reservoir': '1', 'b:a': '179k', 'abr': 'True'}",243.48046875,-2.658,-0.778,0.6452004619932268,2.0405585455078232
"{'ar': '44100', 'sample_fmt': 's16p', 'compression_level': '1', 'reservoir': '1', 'b:a': '36k', 'abr': 'True'}",53.34765625,-3.109,-1.341,1.0256321579799987,1.0874228907809003
"{'ar': '22050', 'sample_fmt': 's32p', 'compression_level': '1', 'reservoir': '1', 'b:a': '245k', 'abr': 'True'}",173.9453125,-3.673,-2.542,0.8455865659925621,-0.7846533198155387
"{'ar': '44100', 'sample_fmt': 'fltp', 'compression_level': '8', 'reservoir': '1', 'b:a': '189k'}",267.6279296875,-2.63,-0.747,0.668566184991505,2.0753177387401642
"{'ar': '44100', 'sample_fmt': 's16p', 'compression_level': '4', 'reservoir': '0', 'b:a': '111k', 'abr': 'True'}",159.150390625,-3.026,-1.224,0.7261487030191347,1.1710263738832918
"{'ar': '44100', 'sample_fmt': 's16p', 'compression_level': '4', 'reservoir': '1', 'b:a': '127k', 'abr': 'True'}",168.5126953125,-2.868,-1.022,0.7809692280134186,1.5838881090399333
"{'ar': '12000', 'sample_fmt': 's32p', 'compression_level': '9', 'reservoir': '1', 'b:a': '186k', 'abr': 'True'}",88.53125,-3.742,-2.811,0.6152402239968069,-0.8769595822820194
"{'ar': '16000', 'sample_fmt': 's16p', 'compression_level': '7', 'reservoir': '1', 'b:a': '118k', 'abr': 'True'}",164.15234375,-3.769,-2.94,0.5835140090202913,-1.0988829652223495
"{'ar': '8000', 'sample_fmt': 's32p', 'compression_level': '8', 'reservoir': '1', 'aq': '9'}",36.8515625,-3.855,-3.486,0.5657925890118349,-1.2670587177233552
"{'ar': '44100', 'sample_fmt': 'fltp', 'compression_level': '4', 'reservoir': '1', 'b:a': '127k', 'abr': 'True'}",168.4091796875,-2.86,-1.011,0.7546270559832919,1.6081098564925846
"{'ar': '22050', 'sample_fmt': 's32p', 'compression_level': '8', 'reservoir': '0', 'b:a': '115k', 'abr': 'True'}",169.3671875,-3.682,-2.574,0.5842507019988261,-0.7890961886227574
"{'ar': '44100', 'sample_fmt': 's16p', 'compression_level': '7', 'reservoir': '1', 'b:a': '241k', 'abr': 'True'}",331.955078125,-2.606,-0.721,0.7055497800174635,2.03406004703692
"{'ar': '44100', 'sample_fmt': 's16p', 'compression_level': '1', 'reservoir': '1', 'b:a': '237k', 'abr': 'True'}",314.3408203125,-2.602,-0.717,1.0229740390204825,2.0492863357024595
"{'ar': '44100', 'sample_fmt': 's32p', 'compression_level': '8', 'reservoir': '1', 'b:a': '179k', 'abr': 'True'}",243.58203125,-2.656,-0.776,0.6509367380058393,2.045263293578943
"{'ar': '44100', 'sample_fmt': 's16p', 'compression_level': '7', 'reservoir': '1', 'b:a': '152k', 'abr': 'True'}",204.1826171875,-2.757,-0.89,0.6372987979848403,1.8378535835795298
"{'ar': '44100', 'sample_fmt': 's16p', 'compression_level': '8', 'reservoir': '1', 'b:a': '112k', 'abr': 'True'}",146.30078125,-3.181,-1.448,0.6377750020183157,0.7662589481001306
"{'ar': '44100', 'sample_fmt': 's32p', 'compression_level': '0', 'reservoir': '1', 'b:a': '176k', 'abr': 'True'}",239.7158203125,-2.65,-0.769,1.0908757800061721,2.0351031397414543
"{'ar': '44100', 'sample_fmt': 's16p', 'compression_level': '7', 'reservoir': '1', 'b:a': '32k', 'abr': 'True'}",48.193359375,-3.355,-1.744,0.7402447990025394,0.4164467775852757
"{'ar': '32000', 'sample_fmt': 's32p', 'compression_level': '9', 'reservoir': '1', 'aq': '9'}",81.7109375,-3.518,-2.09,0.6921565620286856,-0.12241017179498057
"{'ar': '44100', 'sample_fmt': 'fltp', 'compression_level': '7', 'reservoir': '1', 'b:a': '238k', 'abr': 'True'}",327.4853515625,-2.6,-0.714,0.7644995180016849,2.053022921945981
"{'ar': '44100', 'sample_fmt': 's16p', 'compression_level': '7', 'reservoir': '1', 'b:a': '123k', 'abr': 'True'}",162.3076171875,-3.043,-1.248,0.7638023950275965,1.1160254609991322
"{'ar': '44100', 'sample_fmt': 's16p', 'compression_level': '1', 'reservoir': '1', 'b:a': '115k', 'abr': 'True'}",152.498046875,-3.123,-1.362,1.2318298580066767,0.8747276975977958
"{'ar': '8000', 'sample_fmt': 's32p', 'compression_level': '8', 'reservoir': '1', 'b:a': '167k', 'abr': 'True'}",90.21875,-3.858,-3.51,0.6116300399880856,-1.3701636437600981
"{'ar': '32000', 'sample_fmt': 'fltp', 'compression_level': '9', 'reservoir': '1', 'aq': '9'}",81.7109375,-3.518,-2.09,0.6275752169894986,-0.1176367779930799
"{'ar': '44100', 'sample_fmt': 's16p', 'compression_level': '4', 'reservoir': '1', 'b:a': '234k', 'abr': 'True'}",313.7412109375,-2.598,-0.712,0.7843743679695763,2.0787757456069174
"{'ar': '22050', 'sample_fmt': 's16p', 'compression_level': '8', 'reservoir': '1', 'b:a': '237k', 'abr': 'True'}",219.69921875,-3.677,-2.553,0.6466217729612254,-0.8557449398006964
"{'ar': '22050', 'sample_fmt': 's16p', 'compression_level': '8', 'reservoir': '0', 'b:a': '32k', 'abr': 'True'}",49.1337890625,-3.719,-2.715,0.6858830460114405,-0.7354432858608847
"{'ar': '8000', 'sample_fmt': 's32p', 'compression_level': '1', 'reservoir': '1', 'b:a': '241k', 'abr': 'True'}",73.34375,-3.858,-3.505,0.6737326559959911,-1.3462496952468037
"{'ar': '44100', 'sample_fmt': 'fltp', 'compression_level': '4', 'reservoir': '1', 'b:a': '239k', 'abr': 'True'}",318.431640625,-2.594,-0.708,0.7610162170021795,2.0835994463688694
"{'ar': '8000', 'sample_fmt': 's16p', 'compression_level': '0', 'reservoir': '1', 'aq': '9'}",35.8671875,-3.85,-3.44,0.5729151380073745,-1.2398536575783534
"{'ar': '44100', 'sample_fmt': 's16p', 'compression_level': '7', 'reservoir': '1', 'b:a': '32k', 'abr': 'True'}",48.193359375,-3.355,-1.744,0.6362603049783502,0.42413257197323184
"{'ar': '44100', 'sample_fmt': 'fltp', 'compression_level': '8', 'reservoir': '1', 'b:a': '113k', 'abr': 'True'}",147.62109375,-3.164,-1.423,0.6431633049796801,0.811249310576397
"{'ar': '44100', 'sample_fmt': 's16p', 'compression_level': '1', 'reservoir': '1', 'b:a': '241k', 'abr': 'True'}",331.2412109375,-2.598,-0.713,0.9982687139709014,2.0347266074680754
"{'ar': '44100', 'sample_fmt': 's32p', 'compression_level': '6', 'reservoir': '1', 'b:a': '109k', 'abr': 'True'}",145.03125,-3.074,-1.292,0.7060078069916926,1.0617562707230466
"{'ar': '12000', 'sample_fmt': 'fltp', 'compression_level': '8', 'reservoir': '1', 'b:a': '142k', 'abr': 'True'}",88.4375,-3.742,-2.811,0.5645324800279923,-0.8730620328622501
"{'ar': '44100', 'sample_fmt': 'fltp', 'compression_level': '1', 'reservoir': '1', 'b:a': '238k', 'abr': 'True'}",314.955078125,-2.597,-0.711,1.0108968599815853,2.062741285084333
"{'ar': '44100', 'sample_fmt': 's16p', 'compression_level': '0', 'reservoir': '1', 'b:a': '111k', 'abr': 'True'}",146.6552734375,-3.195,-1.471,1.1444356050051283,0.6883698753250811
"{'ar': '44100', 'sample_fmt': 'fltp', 'compression_level': '4', 'reservoir': '1', 'b:a': '127k', 'abr': 'True'}",168.4091796875,-2.86,-1.011,0.765663193014916,1.6072941437186914
"{'ar': '44100', 'sample_fmt': 's16p', 'compression_level': '8', 'reservoir': '0', 'b:a': '246k', 'abr': 'True'}",359.482421875,-2.606,-0.721,0.6365947150043212,1.995232306962649
"{'ar': '44100', 'sample_fmt': 's16p', 'compression_level': '4', 'reservoir': '1', 'b:a': '127k', 'abr': 'True'}",168.5126953125,-2.868,-1.022,0.7499154890247155,1.5861833806098358
"{'ar': '44100', 'sample_fmt': 'fltp', 'compression_level': '4', 'reservoir': '1', 'b:a': '112k', 'abr': 'True'}",147.46875,-3.014,-1.208,0.7299405189987738,1.2223926788911488
"{'ar': '44100', 'sample_fmt': 's16p', 'compression_level': '8', 'reservoir': '1', 'b:a': '135k', 'abr': 'True'}",179.365234375,-2.88,-1.036,0.6515122750133742,1.5437639622200927
"{'ar': '44100', 'sample_fmt': 's16p', 'compression_level': '7', 'reservoir': '1', 'b:a': '152k', 'abr': 'True'}",204.1826171875,-2.757,-0.89,0.6401964240067173,1.8376394116683585
"{'ar': '44100', 'sample_fmt': 's16p', 'compression_level': '7', 'reservoir': '1', 'b:a': '143k', 'abr': 'True'}",190.8896484375,-2.799,-0.939,0.6258847990247887,1.746593493805429
"{'ar': '44100', 'sample_fmt': 's16p', 'compression_level': '7', 'reservoir': '1', 'b:a': '143k', 'abr': 'True'}",190.8896484375,-2.799,-0.939,0.6539734459947795,1.7445173807534482
"{'ar': '44100', 'sample_fmt': 's16p', 'compression_level': '7', 'reservoir': '1', 'b:a': '179k', 'abr': 'True'}",243.48046875,-2.658,-0.778,0.6740946070058271,2.038422895768248
"{'ar': '12000', 'sample_fmt': 's16p', 'compression_level': '8', 'reservoir': '1', 'b:a': '112k'}",90.359375,-3.741,-2.808,0.7218866700131912,-0.8844828905305844
"{'ar': '44100', 'sample_fmt': 's16p', 'compression_level': '0', 'reservoir': '0', 'b:a': '32k', 'abr': 'True'}",53.09375,-3.138,-1.383,1.156708130001789,0.997322385764753
"{'ar': '44100', 'sample_fmt': 'fltp', 'compression_level': '9', 'reservoir': '0', 'b:a': '141k', 'abr': 'True'}",218.4248046875,-2.823,-0.967,0.7060882739897352,1.6319772054299924
"{'ar': '44100', 'sample_fmt': 'fltp', 'compression_level': '8', 'reservoir': '1', 'b:a': '197k', 'abr': 'True'}",269.39453125,-2.617,-0.733,0.6935732989804819,2.1053560967072564
"{'ar': '44100', 'sample_fmt': 's16p', 'compression_level': '8', 'reservoir': '1', 'b:a': '172k'}",223.037109375,-2.689,-0.812,0.696452040981967,1.9864374793971982
"{'ar': '44100', 'sample_fmt': 's16p', 'compression_level': '4', 'reservoir': '1', 'b:a': '118k', 'abr': 'True'}",155.74609375,-2.926,-1.093,0.8095143850077875,1.4446155267260437
"{'ar': '44100', 'sample_fmt': 'fltp', 'compression_level': '7', 'reservoir': '1', 'b:a': '35k'}",44.771484375,-3.286,-1.619,0.6418044150050264,0.6293809674303428
"{'ar': '44100', 'sample_fmt': 's32p', 'compression_level': '0', 'reservoir': '1', 'b:a': '176k', 'abr': 'True'}",239.7158203125,-2.65,-0.769,1.0077904060017318,2.041244219786485
"{'ar': '44100', 'sample_fmt': 's16p', 'compression_level': '1', 'reservoir': '1', 'b:a': '127k', 'abr': 'True'}",169.171875,-3.009,-1.202,1.47516261797864,1.1462226916463358
"{'ar': '44100', 'sample_fmt': 's16p', 'compression_level': '9', 'reservoir': '1', 'b:a': '170k', 'abr': 'True'}",229.55078125,-2.677,-0.799,1.2833372120221611,1.9647256784434708
"{'ar': '12000', 'sample_fmt': 'fltp', 'compression_level': '4', 'reservoir': '1', 'b:a': '32k', 'abr': 'True'}",43.15625,-3.78,-2.995,0.5891059369896539,-0.9492066250220478
"{'ar': '8000', 'sample_fmt': 's32p', 'compression_level': '1', 'reservoir': '1', 'b:a': '32k'}",45.359375,-3.853,-3.465,0.8434109490190167,-1.2898694058550246
"{'ar': '8000', 'sample_fmt': 's32p', 'compression_level': '9', 'reservoir': '0', 'aq': '9'}",43.4609375,-3.855,-3.486,0.7329588020220399,-1.2899608012719614
"{'ar': '44100', 'sample_fmt': 'fltp', 'compression_level': '7', 'reservoir': '1', 'b:a': '168k', 'abr': 'True'}",226.8955078125,-2.683,-0.806,0.7160994070000015,1.9947009534552511
"{'ar': '44100', 'sample_fmt': 's32p', 'compression_level': '7', 'reservoir': '1', 'b:a': '112k', 'abr': 'True'}",146.25,-3.181,-1.449,1.813784314028453,0.6791022735285893
"{'ar': '44100', 'sample_fmt': 's16p', 'compression_level': '8', 'reservoir': '1', 'b:a': '114k', 'abr': 'True'}",149.4013671875,-3.141,-1.388,0.9322868440067396,0.8516682496987154
"{'ar': '44100', 'sample_fmt': 's16p', 'compression_level': '8', 'reservoir': '0', 'b:a': '141k', 'abr': 'True'}",217.501953125,-2.817,-0.96,0.7925370140001178,1.6432479267443083
"{'ar': '44100', 'sample_fmt': 's16p', 'compression_level': '7', 'reservoir': '1', 'b:a': '170k', 'abr': 'True'}",229.55078125,-2.677,-0.799,0.772056468995288,2.0025159153658323
"{'ar': '44100', 'sample_fmt': 's16p', 'compression_level': '7', 'reservoir': '1', 'b:a': '179k', 'abr': 'True'}",243.48046875,-2.658,-0.778,0.7552635280007962,2.0324234663022116
"{'ar': '44100', 'sample_fmt': 'fltp', 'compression_level': '8', 'reservoir': '1', 'b:a': '167k', 'abr': 'True'}",225.2607421875,-2.686,-0.809,0.7327692789840512,1.988141183966078
"{'ar': '44100', 'sample_fmt': 'fltp', 'compression_level': '4', 'reservoir': '1', 'b:a': '112k', 'abr': 'True'}",147.46875,-3.014,-1.208,0.7320737740083132,1.2222350038499394
"{'ar': '44100', 'sample_fmt': 's16p', 'compression_level': '1', 'reservoir': '1', 'b:a': '181k', 'abr': 'True'}",247.1328125,-2.643,-0.761,0.9884844179614447,2.0496693813432376
"{'ar': '44100', 'sample_fmt': 's16p', 'compression_level': '7', 'reservoir': '1', 'b:a': '141k', 'abr': 'True'}",187.6083984375,-2.817,-0.96,0.6618771440116689,1.7006054624435454
"{'ar': '44100', 'sample_fmt': 's16p', 'compression_level': '7', 'reservoir': '1', 'b:a': '170k', 'abr': 'True'}",229.55078125,-2.677,-0.799,0.6637355649727397,2.0105222263456324
"{'ar': '44100', 'sample_fmt': 's16p', 'compression_level': '7', 'reservoir': '1', 'b:a': '111k', 'abr': 'True'}",144.9296875,-3.189,-1.46,0.7821714280289598,0.735348993231406
"{'ar': '44100', 'sample_fmt': 'fltp', 'compression_level': '8', 'reservoir': '0', 'b:a': '36k', 'abr': 'True'}",59.2392578125,-3.256,-1.568,0.7625180440081749,0.6833594742659885
"{'ar': '44100', 'sample_fmt': 'fltp', 'compression_level': '1', 'reservoir': '1', 'b:a': '112k', 'abr': 'True'}",148.28125,-3.18,-1.447,1.1699074239877518,0.7264127356972419
"{'ar': '44100', 'sample_fmt': 's16p', 'compression_level': '0', 'reservoir': '1', 'b:a': '112k', 'abr': 'True'}",148.0771484375,-3.202,-1.481,1.2134346129605547,0.6615369747351771
"{'ar': '12000', 'sample_fmt': 'fltp', 'compression_level': '8', 'reservoir': '1', 'b:a': '113k'}",90.359375,-3.742,-2.811,0.5713788889988791,-0.8766347386473484
"{'ar': '44100', 'sample_fmt': 'fltp', 'compression_level': '9', 'reservoir': '1', 'b:a': '133k', 'abr': 'True'}",176.65625,-2.904,-1.066,0.6406499809818342,1.4835071958988295
"{'ar': '44100', 'sample_fmt': 's32p', 'compression_level': '9', 'reservoir': '1', 'b:a': '287k', 'abr': 'True'}",394.8125,-2.594,-0.709,0.6495047870266717,1.9696478859482909
"{'ar': '44100', 'sample_fmt': 's16p', 'compression_level': '7', 'reservoir': '1', 'b:a': '136k', 'abr': 'True'}",180.84375,-2.87,-1.024,0.6608700029901229,1.5677979697277458
"{'ar': '44100', 'sample_fmt': 's16p', 'compression_level': '7', 'reservoir': '1', 'b:a': '170k', 'abr': 'True'}",229.55078125,-2.677,-0.799,0.6473720599897206,2.0117317002767794
"{'ar': '44100', 'sample_fmt': 'fltp', 'compression_level': '7', 'reservoir': '1', 'b:a': '168k', 'abr': 'True'}",226.8955078125,-2.683,-0.806,0.6528993529791478,1.9993722520471258
"{'ar': '44100', 'sample_fmt': 's16p', 'compression_level': '1', 'reservoir': '1', 'b:a': '36k', 'abr': 'True'}",53.34765625,-3.109,-1.341,1.0368405490298755,1.0865944462148371
"{'ar': '44100', 'sample_fmt': 's16p', 'compression_level': '9', 'reservoir': '1', 'b:a': '112k', 'abr': 'True'}",146.30078125,-3.181,-1.448,0.6599120419996325,0.7646227355162161
"{'ar': '12000', 'sample_fmt': 'fltp', 'compression_level': '8', 'reservoir': '1', 'b:a': '190k'}",90.640625,-3.742,-2.811,0.5916613110166509,-0.8785826517299843
"{'ar': '44100', 'sample_fmt': 'fltp', 'compression_level': '9', 'reservoir': '0', 'b:a': '38k', 'abr': 'True'}",61.5771484375,-3.272,-1.595,0.6233962810074445,0.644115493974767
"{'ar': '32000', 'sample_fmt': 's32p', 'compression_level': '7', 'reservoir': '0', 'aq': '9'}",89.62109375,-3.518,-2.09,0.5897193280106876,-0.12746069623116282
"{'ar': '44100', 'sample_fmt': 's16p', 'compression_level': '0', 'reservoir': '1', 'b:a': '238k', 'abr': 'True'}",310.666015625,-2.604,-0.719,1.1101698749698699,2.043414402826489
"{'ar': '12000', 'sample_fmt': 'fltp', 'compression_level': '8', 'reservoir': '1', 'b:a': '32k', 'abr': 'True'}",42.78125,-3.777,-2.982,0.5727497999905609,-0.9363085486313313
"{'ar': '44100', 'sample_fmt': 'fltp', 'compression_level': '9', 'reservoir': '1', 'b:a': '132k', 'abr': 'True'}",175.12890625,-2.907,-1.07,0.639106269023614,1.4778067773295982
"{'ar': '44100', 'sample_fmt': 's16p', 'compression_level': '7', 'reservoir': '1', 'b:a': '111k', 'abr': 'True'}",144.9296875,-3.189,-1.46,0.6244528949900996,0.7470064256926802
"{'ar': '44100', 'sample_fmt': 's16p', 'compression_level': '8', 'reservoir': '0', 'b:a': '246k', 'abr': 'True'}",359.482421875,-2.606,-0.721,0.6475914120092057,1.994419509315083
"{'ar': '44100', 'sample_fmt': 's32p', 'compression_level': '0', 'reservoir': '1', 'aq': '9'}",103.837890625,-3.343,-1.721,0.6441126189893112,0.3699769730896032
"{'ar': '44100', 'sample_fmt': 's16p', 'compression_level': '4', 'reservoir': '1', 'b:a': '36k', 'abr': 'True'}",52.5859375,-3.249,-1.557,0.7061514740344137,0.7179217654055136
"{'ar': '44100', 'sample_fmt': 's16p', 'compression_level': '7', 'reservoir': '1', 'b:a': '179k', 'abr': 'True'}",243.48046875,-2.658,-0.778,0.6610677749849856,2.039385746560361
"{'ar': '44100', 'sample_fmt': 'fltp', 'compression_level': '4', 'reservoir': '1', 'b:a': '238k', 'abr': 'True'}",317.7158203125,-2.596,-0.711,0.7475709999853279,2.0801291794430457
"{'ar': '44100', 'sample_fmt': 'fltp', 'compression_level': '7', 'reservoir': '1', 'b:a': '172k'}",223.037109375,-2.691,-0.815,0.6311163429927547,1.985660378705456
"{'ar': '44100', 'sample_fmt': 'fltp', 'compression_level': '7', 'reservoir': '1', 'b:a': '140k', 'abr': 'True'}",186.3251953125,-2.834,-0.98,0.6316220189910382,1.6589711565571728
"{'ar': '44100', 'sample_fmt': 's16p', 'compression_level': '4', 'reservoir': '1', 'b:a': '127k', 'abr': 'True'}",168.5126953125,-2.868,-1.022,0.7705158440221567,1.5846607488529085
"{'ar': '44100', 'sample_fmt': 's16p', 'compression_level': '0', 'reservoir': '1', 'b:a': '32k', 'abr': 'True'}",48.26953125,-3.138,-1.383,1.0713710040145088,1.0113277344221219
"{'ar': '12000', 'sample_fmt': 'fltp', 'compression_level': '7', 'reservoir': '1', 'b:a': '32k', 'abr': 'True'}",42.78125,-3.777,-2.982,0.5928393719950691,-0.9377934269414836
"{'ar': '8000', 'sample_fmt': 's32p', 'compression_level': '9', 'reservoir': '1', 'aq': '9'}",36.8515625,-3.855,-3.486,0.5829778980405536,-1.268328933565897
"{'ar': '44100', 'sample_fmt': 's16p', 'compression_level': '7', 'reservoir': '1', 'b:a': '152k', 'abr': 'True'}",204.1826171875,-2.757,-0.89,0.65031411399832,1.8368915839687936
"{'ar': '44100', 'sample_fmt': 's16p', 'compression_level': '4', 'reservoir': '1', 'b:a': '32k', 'abr': 'True'}",47.685546875,-3.352,-1.738,0.6953484840050805,0.42945805633781625
"{'ar': '44100', 'sample_fmt': 's32p', 'compression_level': '4', 'reservoir': '1', 'b:a': '241k', 'abr': 'True'}",328.5009765625,-2.595,-0.709,0.7758955419994891,2.06378699324801
"{'ar': '44100', 'sample_fmt': 's16p', 'compression_level': '7', 'reservoir': '1', 'b:a': '178k', 'abr': 'True'}",242.16015625,-2.659,-0.779,0.6671099050145131,2.038400534954045
"{'ar': '44100', 'sample_fmt': 's16p', 'compression_level': '4', 'reservoir': '1', 'b:a': '140k', 'abr': 'True'}",185.0390625,-2.792,-0.931,0.7508504069992341,1.7655257297068458
"{'ar': '44100', 'sample_fmt': 'fltp', 'compression_level': '7', 'reservoir': '1', 'b:a': '32k', 'abr': 'True'}",48.16796875,-3.35,-1.734,0.6190732630202547,0.44024770409341535
"{'ar': '32000', 'sample_fmt': 's32p', 'compression_level': '9', 'reservoir': '0', 'aq': '9'}",89.62109375,-3.518,-2.09,0.6061040840286296,-0.12867174088770014
"{'ar': '44100', 'sample_fmt': 's16p', 'compression_level': '1', 'reservoir': '1', 'b:a': '241k', 'abr': 'True'}",331.2412109375,-2.598,-0.713,1.0034510879777372,2.0343435632321842
"{'ar': '44100', 'sample_fmt': 'fltp', 'compression_level': '9', 'reservoir': '1', 'b:a': '112k', 'abr': 'True'}",146.25,-3.181,-1.449,0.6198293819907121,0.7673509321602652
"{'ar': '12000', 'sample_fmt': 'fltp', 'compression_level': '7', 'reservoir': '1', 'b:a': '190k'}",90.640625,-3.742,-2.811,0.5621719980263151,-0.8764030114056001
"{'ar': '44100', 'sample_fmt': 's16p', 'compression_level': '4', 'reservoir': '1', 'b:a': '127k', 'abr': 'True'}",168.5126953125,-2.868,-1.022,0.7721096169843804,1.5845429484885014
"{'ar': '32000', 'sample_fmt': 's32p', 'compression_level': '9', 'reservoir': '1', 'aq': '9'}",81.7109375,-3.518,-2.09,0.638265325978864,-0.11842691483461697
"{'ar': '44100', 'sample_fmt': 's16p', 'compression_level': '1', 'reservoir': '1', 'b:a': '36k', 'abr': 'True'}",53.34765625,-3.109,-1.341,1.5754802749725059,1.0467820278189073
"{'ar': '44100', 'sample_fmt': 's32p', 'compression_level': '0', 'reservoir': '1', 'b:a': '32k', 'abr': 'True'}",48.244140625,-3.132,-1.375,1.2826224970049225,1.0122573354343578
"{'ar': '32000', 'sample_fmt': 's32p', 'compression_level': '9', 'reservoir': '0', 'aq': '9'}",89.62109375,-3.518,-2.09,0.7206026740022935,-0.1371346624848737
"{'ar': '22050', 'sample_fmt': 's16p', 'compression_level': '8', 'reservoir': '0', 'b:a': '246k', 'abr': 'True'}",223.35546875,-3.677,-2.554,0.7651729490316939,-0.8706570068741123
"{'ar': '44100', 'sample_fmt': 'fltp', 'compression_level': '9', 'reservoir': '1', 'b:a': '133k', 'abr': 'True'}",176.65625,-2.904,-1.066,0.6957721060025506,1.4794329603783116
"{'ar': '44100', 'sample_fmt': 'fltp', 'compression_level': '9', 'reservoir': '1', 'b:a': '112k', 'abr': 'True'}",146.25,-3.181,-1.449,0.6973957670270465,0.7616177765354696
"{'ar': '8000', 'sample_fmt': 's16p', 'compression_level': '7', 'reservoir': '1', 'b:a': '32k'}",45.359375,-3.857,-3.5,0.6904084890265949,-1.2989213476209596
"{'ar': '16000', 'sample_fmt': 's16p', 'compression_level': '0', 'reservoir': '1', 'b:a': '112k', 'abr': 'True'}",98.4453125,-3.781,-3.002,1.1896887619805057,-1.0863583837367268
"{'ar': '44100', 'sample_fmt': 's32p', 'compression_level': '5', 'reservoir': '1', 'b:a': '238k', 'abr': 'True'}",324.12890625,-2.596,-0.711,0.892602412000997,2.059176354498212
"{'ar': '44100', 'sample_fmt': 'fltp', 'compression_level': '7', 'reservoir': '1', 'b:a': '128k', 'abr': 'True'}",169.32421875,-2.937,-1.108,0.8011405460129026,1.3932071355278146
"{'ar': '44100', 'sample_fmt': 's16p', 'compression_level': '8', 'reservoir': '1', 'b:a': '141k', 'abr': 'True'}",187.6083984375,-2.817,-0.96,0.7412028950056992,1.694742266997612
"{'ar': '44100', 'sample_fmt': 's32p', 'compression_level': '4', 'reservoir': '1', 'b:a': '180k', 'abr': 'True'}",245.408203125,-2.636,-0.754,0.8744059829914477,2.0793709199308634
"{'ar': '44100', 'sample_fmt': 's16p', 'compression_level': '9', 'reservoir': '1', 'b:a': '172k', 'abr': 'True'}",232.3984375,-2.668,-0.789,0.6578034359845333,2.030540807465584
"{'ar': '44100', 'sample_fmt': 'fltp', 'compression_level': '9', 'reservoir': '1', 'b:a': '114k', 'abr': 'True'}",149.4501953125,-3.139,-1.384,0.7700406359799672,0.8695041316969757
"{'ar': '44100', 'sample_fmt': 's16p', 'compression_level': '0', 'reservoir': '1', 'b:a': '238k', 'abr': 'True'}",310.666015625,-2.604,-0.719,1.1158512230031192,2.042994477978657
"{'ar': '8000', 'sample_fmt': 's32p', 'compression_level': '8', 'reservoir': '1', 'aq': '9'}",36.8515625,-3.855,-3.486,0.5701431159977801,-1.267380277742539
"{'ar': '44100', 'sample_fmt': 'fltp', 'compression_level': '4', 'reservoir': '0', 'b:a': '239k', 'abr': 'True'}",344.650390625,-2.593,-0.707,0.7756499470269773,2.0433268899243977
"{'ar': '44100', 'sample_fmt': 's16p', 'compression_level': '7', 'reservoir': '1', 'aq': '9'}",97.146484375,-3.315,-1.67,0.6290711110050324,0.46309261280045366
"{'ar': '22050', 'sample_fmt': 's16p', 'compression_level': '8', 'reservoir': '0', 'b:a': '246k', 'abr': 'True'}",223.35546875,-3.677,-2.554,0.8144097870099358,-0.8742962438254008
"{'ar': '44100', 'sample_fmt': 's16p', 'compression_level': '7', 'reservoir': '1', 'b:a': '167k', 'abr': 'True'}",225.3603515625,-2.69,-0.813,0.994921928999247,1.9580241960485667
"{'ar': '44100', 'sample_fmt': 's16p', 'compression_level': '1', 'reservoir': '1', 'b:a': '36k', 'abr': 'True'}",53.34765625,-3.109,-1.341,1.1568136230052914,1.0777268896880767
"{'ar': '44100', 'sample_fmt': 's16p', 'compression_level': '8', 'reservoir': '1', 'b:a': '287k', 'abr': 'True'}",394.70703125,-2.595,-0.709,0.7837060410238337,1.9575670384420025
"{'ar': '44100', 'sample_fmt': 's16p', 'compression_level': '7', 'reservoir': '1', 'b:a': '135k', 'abr': 'True'}",179.365234375,-2.88,-1.036,0.6658126170223113,1.5427069826253026
"{'ar': '44100', 'sample_fmt': 's16p', 'compression_level': '8', 'reservoir': '1', 'b:a': '135k', 'abr': 'True'}",179.365234375,-2.88,-1.036,0.6335747860139236,1.5450897738574887
"{'ar': '44100', 'sample_fmt': 's16p', 'compression_level': '7', 'reservoir': '1', 'b:a': '172k', 'abr': 'True'}",232.3984375,-2.668,-0.789,0.6499340410227887,2.031122457183661
"{'ar': '44100', 'sample_fmt': 'fltp', 'compression_level': '9', 'reservoir': '1', 'b:a': '231k', 'abr': 'True'}",317.822265625,-2.6,-0.715,0.6479262140055653,2.0767427774706912
"{'ar': '44100', 'sample_fmt': 'fltp', 'compression_level': '0', 'reservoir': '1', 'b:a': '170k', 'abr': 'True'}",223.47265625,-2.679,-0.801,1.3192495070106816,1.9664791534123918
"{'ar': '22050', 'sample_fmt': 'fltp', 'compression_level': '8', 'reservoir': '1', 'b:a': '32k', 'abr': 'True'}",44.232421875,-3.72,-2.719,0.6387591219972819,-0.7277310538074712
"{'ar': '44100', 'sample_fmt': 's16p', 'compression_level': '9', 'reservoir': '1', 'b:a': '127k', 'abr': 'True'}",167.7998046875,-2.959,-1.136,0.6448867140279617,1.3470972934143133
"{'ar': '44100', 'sample_fmt': 's16p', 'compression_level': '7', 'reservoir': '1', 'b:a': '135k', 'abr': 'True'}",179.365234375,-2.88,-1.036,0.6461435190285556,1.5441607824864763
"{'ar': '44100', 'sample_fmt': 'fltp', 'compression_level': '9', 'reservoir': '1', 'b:a': '234k', 'abr': 'True'}",322.4072265625,-2.599,-0.714,0.6446895769622643,2.072311343017548
"{'ar': '44100', 'sample_fmt': 's32p', 'compression_level': '7', 'reservoir': '1', 'b:a': '287k', 'abr': 'True'}",394.8125,-2.594,-0.709,0.6508428470115177,1.969548986068854
"{'ar': '44100', 'sample_fmt': 'fltp', 'compression_level': '7', 'reservoir': '1', 'b:a': '37k', 'abr': 'True'}",54.3896484375,-3.268,-1.589,0.6300316800188739,0.6663063936273167
"{'ar': '44100', 'sample_fmt': 's32p', 'compression_level': '0', 'reservoir': '1', 'b:a': '169k', 'abr': 'True'}",222.654296875,-2.692,-0.816,1.3023568589705974,1.9340124969163237
"{'ar': '44100', 'sample_fmt': 's16p', 'compression_level': '0', 'reservoir': '1', 'b:a': '244k', 'abr': 'True'}",332.4560546875,-2.598,-0.713,1.0492936770024244,2.029016721852473
"{'ar': '44100', 'sample_fmt': 's32p', 'compression_level': '0', 'reservoir': '1', 'b:a': '176k', 'abr': 'True'}",239.7158203125,-2.65,-0.769,0.993930606986396,2.04226863757579
"{'ar': '8000', 'sample_fmt': 'fltp', 'compression_level': '1', 'reservoir': '1', 'aq': '9'}",35.8671875,-3.85,-3.441,0.5843122539808974,-1.241011509757178
"{'ar': '44100', 'sample_fmt': 's16p', 'compression_level': '1', 'reservoir': '1', 'b:a': '32k', 'abr': 'True'}",48.26953125,-3.138,-1.383,1.0290964080195408,1.014452371952941
"{'ar': '44100', 'sample_fmt': 's16p', 'compression_level': '7', 'reservoir': '1', 'b:a': '111k', 'abr': 'True'}",144.9296875,-3.189,-1.46,0.619736449996708,0.7473550317690139
"{'ar': '44100', 'sample_fmt': 's16p', 'compression_level': '7', 'reservoir': '1', 'b:a': '122k', 'abr': 'True'}",160.9345703125,-3.057,-1.268,0.6516823249985464,1.087575203728442
"{'ar': '44100', 'sample_fmt': 's16p', 'compression_level': '7', 'reservoir': '1', 'b:a': '152k', 'abr': 'True'}",204.1826171875,-2.757,-0.89,0.6561078900122084,1.836463349244083
"{'ar': '8000', 'sample_fmt': 's16p', 'compression_level': '0', 'reservoir': '1', 'aq': '9'}",35.8671875,-3.85,-3.44,0.6138545839930885,-1.2428796103144395
"{'ar': '44100', 'sample_fmt': 'fltp', 'compression_level': '8', 'reservoir': '1', 'b:a': '113k', 'abr': 'True'}",147.62109375,-3.164,-1.423,0.652380377985537,0.8105680500803338
"{'ar': '44100', 'sample_fmt': 's16p', 'compression_level': '7', 'reservoir': '1', 'b:a': '111k', 'abr': 'True'}",144.9296875,-3.189,-1.46,0.6553784589923453,0.7447206279063531
"{'ar': '44100', 'sample_fmt': 'fltp', 'compression_level': '7', 'reservoir': '1', 'b:a': '37k', 'abr': 'True'}",54.3896484375,-3.268,-1.589,0.6443149149999954,0.6652506784623785
"{'ar': '44100', 'sample_fmt': 's16p', 'compression_level': '8', 'reservoir': '0', 'b:a': '141k', 'abr': 'True'}",217.501953125,-2.817,-0.96,0.6613137810199987,1.6529470150273502
"{'ar': '44100', 'sample_fmt': 's16p', 'compression_level': '1', 'reservoir': '1', 'b:a': '238k', 'abr': 'True'}",314.9580078125,-2.603,-0.718,1.0406107199960388,2.04435253715972
"{'ar': '44100', 'sample_fmt': 's16p', 'compression_level': '7', 'reservoir': '1', 'b:a': '141k', 'abr': 'True'}",187.6083984375,-2.817,-0.96,0.668353338027373,1.7001267882326614
"{'ar': '44100', 'sample_fmt': 's32p', 'compression_level': '0', 'reservoir': '1', 'b:a': '32k', 'abr': 'True'}",48.244140625,-3.132,-1.375,1.0242288210429251,1.0313559585822485
"{'ar': '44100', 'sample_fmt': 'fltp', 'compression_level': '9', 'reservoir': '1', 'b:a': '112k', 'abr': 'True'}",146.25,-3.181,-1.449,0.6308133580023423,0.7665390747580645
"{'ar': '44100', 'sample_fmt': 's16p', 'compression_level': '4', 'reservoir': '1', 'b:a': '140k', 'abr': 'True'}",185.0390625,-2.792,-0.931,0.7682233150117099,1.7642416478813987
"{'ar': '44100', 'sample_fmt': 's32p', 'compression_level': '0', 'reservoir': '1', 'b:a': '176k', 'abr': 'True'}",239.7158203125,-2.65,-0.769,1.0124027769779786,2.040903306121452
"{'ar': '44100', 'sample_fmt': 'fltp', 'compression_level': '9', 'reservoir': '1', 'b:a': '234k', 'abr': 'True'}",322.4072265625,-2.599,-0.714,0.6522371659812052,2.0717534789064733
"{'ar': '44100', 'sample_fmt': 'fltp', 'compression_level': '9', 'reservoir': '1', 'b:a': '234k', 'abr': 'True'}",322.4072265625,-2.599,-0.714,0.6360427860345226,2.072950452317545
"{'ar': '44100', 'sample_fmt': 'fltp', 'compression_level': '4', 'reservoir': '1', 'b:a': '114k', 'abr': 'True'}",150.2119140625,-2.973,-1.155,0.7200025469937827,1.3309968002804682
"{'ar': '44100', 'sample_fmt': 's32p', 'compression_level': '0', 'reservoir': '1', 'b:a': '32k', 'abr': 'True'}",48.244140625,-3.132,-1.375,1.0282095970178489,1.0310617279285834
"{'ar': '44100', 'sample_fmt': 's16p', 'compression_level': '8', 'reservoir': '0', 'b:a': '141k', 'abr': 'True'}",217.501953125,-2.817,-0.96,0.6414517590019386,1.6544150744605612
"{'ar': '44100', 'sample_fmt': 's16p', 'compression_level': '8', 'reservoir': '0', 'b:a': '176k', 'abr': 'True'}",271.2119140625,-2.665,-0.786,0.6948721410008147,1.9738038502761086
"{'ar': '44100', 'sample_fmt': 's16p', 'compression_level': '7', 'reservoir': '1', 'b:a': '137k', 'abr': 'True'}",182.173828125,-2.862,-1.014,0.6450165789865423,1.588641470292826
"{'ar': '44100', 'sample_fmt': 's16p', 'compression_level': '7', 'reservoir': '1', 'b:a': '32k'}",44.771484375,-3.291,-1.629,0.6299351489869878,0.6154539859045657
"{'ar': '12000', 'sample_fmt': 's16p', 'compression_level': '8', 'reservoir': '1', 'b:a': '190k'}",90.640625,-3.741,-2.808,0.5754133849986829,-0.8741054075116609
"{'ar': '44100', 'sample_fmt': 'fltp', 'compression_level': '4', 'reservoir': '1', 'b:a': '238k', 'abr': 'True'}",317.7158203125,-2.596,-0.711,0.7736549130058847,2.0782012420693956
"{'ar': '44100', 'sample_fmt': 's32p', 'compression_level': '0', 'reservoir': '1', 'b:a': '32k', 'abr': 'True'}",48.244140625,-3.132,-1.375,1.2186455260089133,1.0169860582045545
"{'ar': '44100', 'sample_fmt': 's32p', 'compression_level': '0', 'reservoir': '1', 'b:a': '176k', 'abr': 'True'}",239.7158203125,-2.65,-0.769,1.0357627030170988,2.039176706495812
"{'ar': '44100', 'sample_fmt': 'fltp', 'compression_level': '9', 'reservoir': '1', 'b:a': '275k', 'abr': 'True'}",378.6396484375,-2.6,-0.715,0.9424913040129468,1.9579264753380512
"{'ar': '44100', 'sample_fmt': 'fltp', 'compression_level': '4', 'reservoir': '0', 'b:a': '114k', 'abr': 'True'}",160.77734375,-2.973,-1.155,1.0326537780056242,1.2910289622628024
"{'ar': '44100', 'sample_fmt': 'fltp', 'compression_level': '4', 'reservoir': '1', 'b:a': '150k', 'abr': 'True'}",201.830078125,-2.693,-0.817,0.7758471589768305,2.0035114226373474
"{'ar': '44100', 'sample_fmt': 'fltp', 'compression_level': '0', 'reservoir': '1', 'b:a': '32k', 'abr': 'True'}",48.244140625,-3.132,-1.375,1.2316930690139998,1.0160216766037575
"{'ar': '44100', 'sample_fmt': 'fltp', 'compression_level': '4', 'reservoir': '1', 'b:a': '36k', 'abr': 'True'}",52.611328125,-3.249,-1.557,0.6899163449998014,0.7190812357777361
"{'ar': '44100', 'sample_fmt': 'fltp', 'compression_level': '4', 'reservoir': '1', 'b:a': '112k', 'abr': 'True'}",147.46875,-3.014,-1.208,0.7532394109875895,1.2206705904685078
"{'ar': '44100', 'sample_fmt': 's32p', 'compression_level': '7', 'reservoir': '1', 'b:a': '169k', 'abr': 'True'}",228.228515625,-2.681,-0.803,0.6330266600125469,2.004320317712928
"{'ar': '44100', 'sample_fmt': 'fltp', 'compression_level': '9', 'reservoir': '1', 'b:a': '127k', 'abr': 'True'}",167.8515625,-2.955,-1.131,0.7743438519828487,1.3483431975986377
"{'ar': '44100', 'sample_fmt': 's16p', 'compression_level': '4', 'reservoir': '1', 'b:a': '135k', 'abr': 'True'}",178.7470703125,-2.827,-0.972,0.8088379180117045,1.6767979954243406
"{'ar': '44100', 'sample_fmt': 's16p', 'compression_level': '7', 'reservoir': '1', 'b:a': '32k'}",44.771484375,-3.291,-1.629,0.6545051969878841,0.6136379426684158
"{'ar': '44100', 'sample_fmt': 'fltp', 'compression_level': '8', 'reservoir': '1', 'b:a': '190k'}",267.6279296875,-2.63,-0.747,0.6685105659998953,2.0753218497005297
"{'ar': '44100', 'sample_fmt': 'fltp', 'compression_level': '4', 'reservoir': '1', 'b:a': '239k', 'abr': 'True'}",318.431640625,-2.594,-0.708,0.7853122139931656,2.081803659034657
"{'ar': '44100', 'sample_fmt': 's32p', 'compression_level': '0', 'reservoir': '1', 'b:a': '176k', 'abr': 'True'}",239.7158203125,-2.65,-0.769,1.362448353000218,2.015030426237123
"{'ar': '44100', 'sample_fmt': 's16p', 'compression_level': '0', 'reservoir': '1', 'b:a': '32k', 'abr': 'True'}",48.26953125,-3.138,-1.383,1.0886980709910858,1.010047040840083
"{'ar': '44100', 'sample_fmt': 's16p', 'compression_level': '7', 'reservoir': '1', 'b:a': '127k', 'abr': 'True'}",167.7998046875,-2.959,-1.136,0.6562406810407992,1.346258088908226
"{'ar': '44100', 'sample_fmt': 's16p', 'compression_level': '4', 'reservoir': '0', 'b:a': '171k', 'abr': 'True'}",252.20703125,-2.645,-0.763,0.8281843489676248,2.0481300788249883
"{'ar': '44100', 'sample_fmt': 's16p', 'compression_level': '7', 'reservoir': '1', 'b:a': '143k', 'abr': 'True'}",190.8896484375,-2.799,-0.939,0.7067160579899792,1.7406190219155955
"{'ar': '44100', 'sample_fmt': 's16p', 'compression_level': '7', 'reservoir': '1', 'b:a': '32k'}",44.771484375,-3.291,-1.629,0.6704433330451138,0.6124599089835604
"{'ar': '44100', 'sample_fmt': 'fltp', 'compression_level': '4', 'reservoir': '1', 'b:a': '127k', 'abr': 'True'}",168.4091796875,-2.86,-1.011,0.8076919470040593,1.6041876770808154
"{'ar': '44100', 'sample_fmt': 's16p', 'compression_level': '7', 'reservoir': '1', 'aq': '9'}",97.146484375,-3.315,-1.67,0.6770382020040415,0.4595472265169852
"{'ar': '44100', 'sample_fmt': 'fltp', 'compression_level': '9', 'reservoir': '1', 'b:a': '141k', 'abr': 'True'}",187.755859375,-2.823,-0.967,0.68960277698352,1.6821330467238085
"{'ar': '44100', 'sample_fmt': 's32p', 'compression_level': '0', 'reservoir': '1', 'b:a': '32k', 'abr': 'True'}",48.244140625,-3.132,-1.375,1.2008984860149212,1.018297793205707
"{'ar': '44100', 'sample_fmt': 's16p', 'compression_level': '9', 'reservoir': '1', 'b:a': '133k', 'abr': 'True'}",176.70703125,-2.904,-1.066,0.679649600002449,1.4805435915349894
"{'ar': '44100', 'sample_fmt': 'fltp', 'compression_level': '8', 'reservoir': '1', 'aq': '9'}",97.1474609375,-3.314,-1.668,0.6424526179907843,0.46506284334476095
"{'ar': '44100', 'sample_fmt': 's16p', 'compression_level': '7', 'reservoir': '1', 'b:a': '141k', 'abr': 'True'}",187.6083984375,-2.817,-0.96,0.6722400250146165,1.69983951196792
"{'ar': '44100', 'sample_fmt': 'fltp', 'compression_level': '8', 'reservoir': '1', 'b:a': '109k', 'abr': 'True'}",142.23828125,-3.23,-1.527,0.6504945869965013,0.6327130260038156
"{'ar': '32000', 'sample_fmt': 's16p', 'compression_level': '9', 'reservoir': '1', 'b:a': '38k', 'abr': 'True'}",53.48046875,-3.387,-1.806,0.6330076079757418,0.32182010278940354
"{'ar': '44100', 'sample_fmt': 's16p', 'compression_level': '7', 'reservoir': '1', 'b:a': '122k', 'abr': 'True'}",160.9345703125,-3.057,-1.268,0.6611768509901594,1.0868734358805774
"{'ar': '44100', 'sample_fmt': 'fltp', 'compression_level': '4', 'reservoir': '1', 'b:a': '238k', 'abr': 'True'}",317.7158203125,-2.596,-0.711,0.7697740620060358,2.078488086979447
"{'ar': '44100', 'sample_fmt': 'fltp', 'compression_level': '4', 'reservoir': '1', 'b:a': '127k'}",178.4443359375,-2.838,-0.985,0.8652845199976582,1.6433786509933601
"{'ar': '44100', 'sample_fmt': 's16p', 'compression_level': '8', 'reservoir': '0', 'b:a': '141k', 'abr': 'True'}",217.501953125,-2.817,-0.96,0.683713679027278,1.6512913738472808
"{'ar': '44100', 'sample_fmt': 'fltp', 'compression_level': '9', 'reservoir': '1', 'b:a': '127k', 'abr': 'True'}",167.8515625,-2.955,-1.131,0.7352201499743387,1.3512349434512754
"{'ar': '44100', 'sample_fmt': 's16p', 'compression_level': '1', 'reservoir': '1', 'b:a': '231k', 'abr': 'True'}",310.46875,-2.599,-0.714,1.0801807300304063,2.0591727381786415
"{'ar': '44100', 'sample_fmt': 's16p', 'compression_level': '4', 'reservoir': '1', 'b:a': '152k', 'abr': 'True'}",204.435546875,-2.681,-0.803,0.8301541680120863,2.027715652188957
"{'ar': '44100', 'sample_fmt': 's32p', 'compression_level': '9', 'reservoir': '1', 'b:a': '71k', 'abr': 'True'}",95.443359375,-3.488,-2.02,0.6692655929946341,-0.05065034999079789
"{'ar': '32000', 'sample_fmt': 's16p', 'compression_level': '8', 'reservoir': '1', 'b:a': '272k', 'abr': 'True'}",375.828125,-3.176,-1.441,0.6187609120097477,0.4152735736337401
"{'ar': '44100', 'sample_fmt': 's16p', 'compression_level': '4', 'reservoir': '1', 'b:a': '116k', 'abr': 'True'}",152.9541015625,-2.948,-1.122,0.7283836909919046,1.3946602875803036
"{'ar': '44100', 'sample_fmt': 'fltp', 'compression_level': '8', 'reservoir': '1', 'b:a': '142k', 'abr': 'True'}",189.2998046875,-2.81,-0.951,0.7357556679926347,1.7115946607309307
"{'ar': '44100', 'sample_fmt': 's16p', 'compression_level': '4', 'reservoir': '0', 'b:a': '140k', 'abr': 'True'}",210.53515625,-2.792,-0.93,0.7862689319881611,1.7225400881787638
"{'ar': '44100', 'sample_fmt': 's16p', 'compression_level': '7', 'reservoir': '1', 'b:a': '139k', 'abr': 'True'}",185.0380859375,-2.836,-0.983,0.683339494979009,1.6515961124592582
"{'ar': '44100', 'sample_fmt': 's16p', 'compression_level': '8', 'reservoir': '1', 'b:a': '143k', 'abr': 'True'}",190.8896484375,-2.799,-0.939,0.6935852640017401,1.741589556837088
"{'ar': '44100', 'sample_fmt': 's16p', 'compression_level': '1', 'reservoir': '1', 'b:a': '170k', 'abr': 'True'}",226.37890625,-2.688,-0.811,1.2043667789839674,1.946209042878641
"{'ar': '44100', 'sample_fmt': 's16p', 'compression_level': '7', 'reservoir': '1', 'b:a': '32k'}",44.771484375,-3.291,-1.629,0.6383383029897232,0.6148328845136186
"{'ar': '44100', 'sample_fmt': 'fltp', 'compression_level': '4', 'reservoir': '1', 'b:a': '112k', 'abr': 'True'}",147.46875,-3.014,-1.208,0.7447711509885266,1.2212965040317494
"{'ar': '44100', 'sample_fmt': 'fltp', 'compression_level': '8', 'reservoir': '1', 'b:a': '112k', 'abr': 'True'}",146.25,-3.181,-1.449,0.66917325698887,0.7637037837935805
"{'ar': '44100', 'sample_fmt': 's16p', 'compression_level': '0', 'reservoir': '1', 'b:a': '240k', 'abr': 'True'}",327.7822265625,-2.6,-0.715,1.1950848250126,2.02040794650816
"{'ar': '44100', 'sample_fmt': 's16p', 'compression_level': '4', 'reservoir': '1', 'b:a': '239k', 'abr': 'True'}",318.6337890625,-2.599,-0.713,0.8772072890133131,2.061461886198972
"{'ar': '44100', 'sample_fmt': 'fltp', 'compression_level': '7', 'reservoir': '1', 'b:a': '141k', 'abr': 'True'}",187.755859375,-2.823,-0.967,0.9610617789730895,1.6620687275805497
"{'ar': '44100', 'sample_fmt': 's16p', 'compression_level': '7', 'reservoir': '1', 'b:a': '141k', 'abr': 'True'}",187.6083984375,-2.817,-0.96,0.9611851069785189,1.678482746132534
"{'ar': '22050', 'sample_fmt': 's16p', 'compression_level': '8', 'reservoir': '1', 'b:a': '32k', 'abr': 'True'}",44.2578125,-3.719,-2.715,0.7086681739892811,-0.7293469772740669
"{'ar': '44100', 'sample_fmt': 'fltp', 'compression_level': '4', 'reservoir': '0', 'b:a': '239k', 'abr': 'True'}",344.650390625,-2.593,-0.707,0.8385391249903478,2.0386785690801226
"{'ar': '44100', 'sample_fmt': 's16p', 'compression_level': '8', 'reservoir': '0', 'b:a': '141k', 'abr': 'True'}",217.501953125,-2.817,-0.96,0.6891632189799566,1.6508885826044297
"{'ar': '44100', 'sample_fmt': 's16p', 'compression_level': '4', 'reservoir': '1', 'b:a': '170k', 'abr': 'True'}",226.7958984375,-2.645,-0.763,0.8288274510123301,2.0886301905562603
"{'ar': '44100', 'sample_fmt': 's16p', 'compression_level': '1', 'reservoir': '1', 'b:a': '231k', 'abr': 'True'}",310.46875,-2.599,-0.714,2.9952192659839056,1.9176267070085782
"{'ar': '44100', 'sample_fmt': 'fltp', 'compression_level': '8', 'reservoir': '0', 'b:a': '36k', 'abr': 'True'}",59.2392578125,-3.256,-1.568,1.170079266972607,0.653235446740501
"{'ar': '22050', 'sample_fmt': 'fltp', 'compression_level': '8', 'reservoir': '0', 'b:a': '37k', 'abr': 'True'}",57.265625,-3.683,-2.576,0.786999586969614,-0.628166303442798
"{'ar': '16000', 'sample_fmt': 's16p', 'compression_level': '0', 'reservoir': '1', 'b:a': '32k', 'abr': 'True'}",43.8125,-3.269,-1.591,0.932690335001098,0.6578527447428721
"{'ar': '44100', 'sample_fmt': 's16p', 'compression_level': '7', 'reservoir': '1', 'b:a': '143k', 'abr': 'True'}",190.8896484375,-2.799,-0.939,0.7425578640250023,1.7379698504764949
"{'ar': '44100', 'sample_fmt': 'fltp', 'compression_level': '0', 'reservoir': '1', 'b:a': '112k', 'abr': 'True'}",148.1787109375,-3.18,-1.447,1.5785704239970073,0.696370890599991
"{'ar': '44100', 'sample_fmt': 's16p', 'compression_level': '7', 'reservoir': '1', 'b:a': '137k', 'abr': 'True'}",182.173828125,-2.862,-1.014,0.8744340169942006,1.5716845646110198
"{'ar': '44100', 'sample_fmt': 's16p', 'compression_level': '8', 'reservoir': '1', 'b:a': '180k', 'abr': 'True'}",245.20703125,-2.658,-0.778,0.8656799289747141,2.021507256414753
"{'ar': '22050', 'sample_fmt': 's16p', 'compression_level': '8', 'reservoir': '0', 'b:a': '246k', 'abr': 'True'}",223.35546875,-3.677,-2.554,0.64783661000547,-0.8619843390455677
"{'ar': '44100', 'sample_fmt': 's16p', 'compression_level': '4', 'reservoir': '0', 'b:a': '141k', 'abr': 'True'}",215.0458984375,-2.793,-0.932,0.8171219069918152,1.7101011693395631
"{'ar': '12000', 'sample_fmt': 'fltp', 'compression_level': '9', 'reservoir': '1', 'b:a': '190k', 'abr': 'True'}",88.53125,-3.742,-2.811,0.6094939130125567,-0.8765348558347865
"{'ar': '22050', 'sample_fmt': 'fltp', 'compression_level': '0', 'reservoir': '1', 'b:a': '32k', 'abr': 'True'}",45.2734375,-3.69,-2.603,0.8539601500087883,-0.6388069848500086
"{'ar': '44100', 'sample_fmt': 'fltp', 'compression_level': '0', 'reservoir': '1', 'b:a': '176k', 'abr': 'True'}",239.7158203125,-2.65,-0.769,1.0277311420068145,2.039770342375071
"{'ar': '22050', 'sample_fmt': 's16p', 'compression_level': '8', 'reservoir': '0', 'b:a': '172k', 'abr': 'True'}",223.35546875,-3.677,-2.554,0.6395012779976241,-0.8613682505742158
"{'ar': '44100', 'sample_fmt': 's16p', 'compression_level': '0', 'reservoir': '1', 'b:a': '176k', 'abr': 'True'}",239.81640625,-2.65,-0.769,1.051270485011628,2.0378699801026547
"{'ar': '44100', 'sample_fmt': 'fltp', 'compression_level': '4', 'reservoir': '1', 'b:a': '150k', 'abr': 'True'}",201.830078125,-2.693,-0.817,0.789705617033178,2.0024871039621956
"{'ar': '44100', 'sample_fmt': 'fltp', 'compression_level': '9', 'reservoir': '1', 'b:a': '139k', 'abr': 'True'}",185.037109375,-2.844,-0.992,0.6536230909987353,1.6323154676275007
"{'ar': '44100', 'sample_fmt': 's16p', 'compression_level': '7', 'reservoir': '1', 'b:a': '152k', 'abr': 'True'}",204.1826171875,-2.757,-0.89,0.6479632870177738,1.8370653403829944
"{'ar': '12000', 'sample_fmt': 's16p', 'compression_level': '8', 'reservoir': '1', 'b:a': '32k', 'abr': 'True'}",42.78125,-3.777,-2.979,0.591482634015847,-0.9367467712923592
"{'ar': '44100', 'sample_fmt': 's16p', 'compression_level': '7', 'reservoir': '1', 'b:a': '140k', 'abr': 'True'}",186.3251953125,-2.828,-0.973,0.6621994500164874,1.67289892616725
"{'ar': '44100', 'sample_fmt': 's16p', 'compression_level': '9', 'reservoir': '1', 'aq': '9'}",97.146484375,-3.315,-1.67,0.622668751020683,0.4635658297247572
"{'ar': '44100', 'sample_fmt': 'fltp', 'compression_level': '0', 'reservoir': '1', 'b:a': '170k', 'abr': 'True'}",223.47265625,-2.679,-0.801,1.3031211729976349,1.9676712451776863
"{'ar': '44100', 'sample_fmt': 's32p', 'compression_level': '1', 'reservoir': '1', 'b:a': '241k', 'abr': 'True'}",331.4453125,-2.591,-0.705,0.9932054870005231,2.0536083996905723
"{'ar': '8000', 'sample_fmt': 's16p', 'compression_level': '0', 'reservoir': '1', 'b:a': '32k', 'abr': 'True'}",41.9140625,-3.851,-3.456,0.706461956986459,-1.2667505456099213
"{'ar': '44100', 'sample_fmt': 's16p', 'compression_level': '7', 'reservoir': '1', 'b:a': '170k', 'abr': 'True'}",229.55078125,-2.677,-0.799,0.6351485250052065,2.012635177064031
"{'ar': '22050', 'sample_fmt': 's16p', 'compression_level': '8', 'reservoir': '0', 'b:a': '132k', 'abr': 'True'}",196.3359375,-3.68,-2.564,0.6304180250153877,-0.8277271689756801
"{'ar': '44100', 'sample_fmt': 'fltp', 'compression_level': '9', 'reservoir': '1', 'b:a': '127k', 'abr': 'True'}",167.8515625,-2.955,-1.131,0.6758299939974677,1.3556246414710658
"{'ar': '44100', 'sample_fmt': 's16p', 'compression_level': '0', 'reservoir': '1', 'b:a': '32k', 'abr': 'True'}",48.26953125,-3.138,-1.383,1.0281533900415525,1.0145220731362856
"{'ar': '44100', 'sample_fmt': 's32p', 'compression_level': '7', 'reservoir': '1', 'b:a': '127k', 'abr': 'True'}",167.8515625,-2.955,-1.131,0.6499630940088537,1.3575365387845253
"{'ar': '44100', 'sample_fmt': 'fltp', 'compression_level': '0', 'reservoir': '1', 'b:a': '150k', 'abr': 'True'}",201.3701171875,-2.771,-0.906,1.4650218739989214,1.74349552200526
"{'ar': '8000', 'sample_fmt': 's16p', 'compression_level': '8', 'reservoir': '1', 'aq': '9'}",36.8515625,-3.855,-3.486,0.7264984640059993,-1.2789369532596497
"{'ar': '44100', 'sample_fmt': 's16p', 'compression_level': '7', 'reservoir': '1', 'b:a': '188k', 'abr': 'True'}",256.4833984375,-2.64,-0.759,0.7183049719897099,2.062339456094428
"{'ar': '44100', 'sample_fmt': 's16p', 'compression_level': '8', 'reservoir': '1', 'b:a': '172k'}",223.037109375,-2.689,-0.812,0.6528312860173173,1.9896616154268232
"{'ar': '44100', 'sample_fmt': 'fltp', 'compression_level': '8', 'reservoir': '1', 'b:a': '113k', 'abr': 'True'}",147.62109375,-3.164,-1.423,0.6468731519707944,0.8109751050667001
"{'ar': '44100', 'sample_fmt': 's16p', 'compression_level': '1', 'reservoir': '1', 'b:a': '231k', 'abr': 'True'}",310.46875,-2.599,-0.714,1.0828955569886602,2.0589720774744102
"{'ar': '44100', 'sample_fmt': 'fltp', 'compression_level': '9', 'reservoir': '1', 'b:a': '127k', 'abr': 'True'}",167.8515625,-2.955,-1.131,0.8328848170058336,1.3440162657357533
"{'ar': '22050', 'sample_fmt': 's16p', 'compression_level': '0', 'reservoir': '1', 'aq': '9'}",69.9560546875,-3.731,-2.762,0.7389284399978351,-0.815375175734323
"{'ar': '44100', 'sample_fmt': 's16p', 'compression_level': '7', 'reservoir': '1', 'b:a': '32k'}",44.771484375,-3.291,-1.629,0.7791117080196273,0.6044279154217785
"{'ar': '44100', 'sample_fmt': 'fltp', 'compression_level': '8', 'reservoir': '0', 'b:a': '36k', 'abr': 'True'}",59.2392578125,-3.256,-1.568,0.6314432379731443,0.6930475918846801
"{'ar': '22050', 'sample_fmt': 'fltp', 'compression_level': '8', 'reservoir': '1', 'b:a': '32k', 'abr': 'True'}",44.232421875,-3.72,-2.719,0.6291462740045972,-0.7270205404386485
"{'ar': '44100', 'sample_fmt': 'fltp', 'compression_level': '4', 'reservoir': '1', 'b:a': '113k', 'abr': 'True'}",148.63671875,-2.991,-1.178,0.8104483690112829,1.2776307472030777
"{'ar': '44100', 'sample_fmt': 'fltp', 'compression_level': '7', 'reservoir': '1', 'b:a': '36k', 'abr': 'True'}",53.220703125,-3.256,-1.568,0.917770055035362,0.6814879442751522
"{'ar': '44100', 'sample_fmt': 's16p', 'compression_level': '4', 'reservoir': '1', 'b:a': '32k', 'abr': 'True'}",47.685546875,-3.352,-1.738,1.0247012389590964,0.405114642644861
"{'ar': '44100', 'sample_fmt': 's16p', 'compression_level': '5', 'reservoir': '1', 'b:a': '118k', 'abr': 'True'}",157.78125,-2.926,-1.093,1.6344319820054807,1.3803960569606306
"{'ar': '8000', 'sample_fmt': 's16p', 'compression_level': '0', 'reservoir': '1', 'aq': '9'}",35.8671875,-3.85,-3.44,1.1193822769855615,-1.2802446226869009
"{'ar': '44100', 'sample_fmt': 's16p', 'compression_level': '8', 'reservoir': '1', 'b:a': '242k', 'abr': 'True'}",333.173828125,-2.605,-0.721,0.9839899450016674,2.0138649515636318
"{'ar': '22050', 'sample_fmt': 's16p', 'compression_level': '8', 'reservoir': '0', 'b:a': '122k', 'abr': 'True'}",180.1455078125,-3.684,-2.578,0.775556410982972,-0.826356439856417
"{'ar': '44100', 'sample_fmt': 'fltp', 'compression_level': '8', 'reservoir': '1', 'b:a': '139k', 'abr': 'True'}",185.037109375,-2.844,-0.992,0.6770877570379525,1.630581126365836
"{'ar': '44100', 'sample_fmt': 's32p', 'compression_level': '1', 'reservoir': '1', 'b:a': '138k', 'abr': 'True'}",183.09765625,-2.875,-1.03,1.8758648060029373,1.4608552753753659
"{'ar': '44100', 'sample_fmt': 's16p', 'compression_level': '7', 'reservoir': '1', 'b:a': '127k', 'abr': 'True'}",167.7998046875,-2.959,-1.136,0.8918759769876488,1.3288416033813417
"{'ar': '44100', 'sample_fmt': 's32p', 'compression_level': '0', 'reservoir': '1', 'b:a': '126k', 'abr': 'True'}",167.1357421875,-3.033,-1.233,1.3952434869715944,1.0896810118340265
"{'ar': '44100', 'sample_fmt': 's16p', 'compression_level': '0', 'reservoir': '1', 'b:a': '32k', 'abr': 'True'}",48.26953125,-3.138,-1.383,1.3601152460032608,0.9899858132495712
"{'ar': '44100', 'sample_fmt': 'fltp', 'compression_level': '9', 'reservoir': '1', 'b:a': '139k', 'abr': 'True'}",185.037109375,-2.844,-0.992,0.7209498150332365,1.627339154932038
"{'ar': '22050', 'sample_fmt': 'fltp', 'compression_level': '8', 'reservoir': '1', 'b:a': '32k', 'abr': 'True'}",44.232421875,-3.72,-2.719,0.6731827439798508,-0.7302754031658015
"{'ar': '44100', 'sample_fmt': 'fltp', 'compression_level': '4', 'reservoir': '1', 'b:a': '112k'}",156.1484375,-2.943,-1.115,0.781280418013921,1.3995113469011005
"{'ar': '44100', 'sample_fmt': 's16p', 'compression_level': '7', 'reservoir': '1', 'b:a': '127k', 'abr': 'True'}",167.7998046875,-2.959,-1.136,0.6551111659791786,1.346341574629854
"{'ar': '22050', 'sample_fmt': 's16p', 'compression_level': '8', 'reservoir': '1', 'b:a': '239k', 'abr': 'True'}",219.69921875,-3.677,-2.553,0.7083162329799961,-0.860304955589877
"{'ar': '44100', 'sample_fmt': 'fltp', 'compression_level': '8', 'reservoir': '0', 'b:a': '187k', 'abr': 'True'}",272.6435546875,-2.644,-0.763,0.6553931979869958,2.0306216727173787
"{'ar': '44100', 'sample_fmt': 'fltp', 'compression_level': '9', 'reservoir': '1', 'b:a': '32k', 'abr': 'True'}",48.16796875,-3.35,-1.734,0.764603792980779,0.42949112215354757
"{'ar': '8000', 'sample_fmt': 's32p', 'compression_level': '8', 'reservoir': '1', 'aq': '9'}",36.8515625,-3.855,-3.486,0.8759742959809955,-1.2899851438702734
"{'ar': '44100', 'sample_fmt': 's32p', 'compression_level': '0', 'reservoir': '1', 'b:a': '32k', 'abr': 'True'}",48.244140625,-3.132,-1.375,1.0418416490138043,1.0300541435794932
"{'ar': '44100', 'sample_fmt': 's16p', 'compression_level': '7', 'reservoir': '1', 'b:a': '32k'}",44.771484375,-3.291,-1.629,0.6388168770063203,0.6147975117253438
"{'ar': '44100', 'sample_fmt': 'fltp', 'compression_level': '8', 'reservoir': '1', 'b:a': '36k', 'abr': 'True'}",53.220703125,-3.256,-1.568,0.6358851479890291,0.7023228721839447
"{'ar': '22050', 'sample_fmt': 's16p', 'compression_level': '7', 'reservoir': '1', 'b:a': '246k', 'abr': 'True'}",219.69921875,-3.677,-2.553,0.6176325529813766,-0.8536022627955987
"{'ar': '44100', 'sample_fmt': 'fltp', 'compression_level': '8', 'reservoir': '1', 'b:a': '229k', 'abr': 'True'}",315.0693359375,-2.601,-0.716,0.71167416498065,2.0737783384551416
"{'ar': '44100', 'sample_fmt': 'fltp', 'compression_level': '9', 'reservoir': '1', 'b:a': '139k', 'abr': 'True'}",185.037109375,-2.844,-0.992,0.6451420560188126,1.6329423254264874
"{'ar': '32000', 'sample_fmt': 'fltp', 'compression_level': '9', 'reservoir': '1', 'b:a': '271k', 'abr': 'True'}",374.703125,-3.176,-1.441,0.6184548219898716,0.41709132031473595
"{'ar': '44100', 'sample_fmt': 's16p', 'compression_level': '4', 'reservoir': '1', 'b:a': '239k', 'abr': 'True'}",318.6337890625,-2.599,-0.713,0.7551908300083596,2.070480475217065
"{'ar': '44100', 'sample_fmt': 'fltp', 'compression_level': '0', 'reservoir': '1', 'b:a': '150k', 'abr': 'True'}",201.3701171875,-2.771,-0.906,1.2227959989977535,1.7613991362717163
"{'ar': '44100', 'sample_fmt': 's16p', 'compression_level': '7', 'reservoir': '1', 'b:a': '230k', 'abr': 'True'}",316.6025390625,-2.599,-0.714,0.6681190460221842,2.079841937666767
"{'ar': '44100', 'sample_fmt': 'fltp', 'compression_level': '8', 'reservoir': '1', 'b:a': '114k', 'abr': 'True'}",149.4501953125,-3.139,-1.384,0.6524580209807027,0.8781950024942345
"{'ar': '44100', 'sample_fmt': 's16p', 'compression_level': '8', 'reservoir': '1', 'b:a': '135k', 'abr': 'True'}",179.365234375,-2.88,-1.036,0.6741773559770081,1.542088720601546
"{'ar': '44100', 'sample_fmt': 's32p', 'compression_level': '1', 'reservoir': '1', 'b:a': '241k', 'abr': 'True'}",331.4453125,-2.591,-0.705,1.1548284640011843,2.041662378495263
"{'ar': '44100', 'sample_fmt': 's32p', 'compression_level': '9', 'reservoir': '1', 'b:a': '287k', 'abr': 'True'}",394.8125,-2.594,-0.709,0.8517273230245337,1.9547010340462267
"{'ar': '44100', 'sample_fmt': 'fltp', 'compression_level': '7', 'reservoir': '1', 'b:a': '36k', 'abr': 'True'}",53.220703125,-3.256,-1.568,0.7001926140219439,0.6975697215706957
"{'ar': '44100', 'sample_fmt': 's16p', 'compression_level': '7', 'reservoir': '1', 'b:a': '143k', 'abr': 'True'}",190.8896484375,-2.799,-0.939,0.6786887219932396,1.742690603296402
"{'ar': '8000', 'sample_fmt': 's16p', 'compression_level': '0', 'reservoir': '1', 'aq': '9'}",35.8671875,-3.85,-3.44,0.5950523299979977,-1.2414898813977149
"{'ar': '44100', 'sample_fmt': 's16p', 'compression_level': '7', 'reservoir': '1', 'b:a': '127k'}",178.4443359375,-2.914,-1.079,0.6473748319840524,1.4527566196046797
"{'ar': '44100', 'sample_fmt': 'fltp', 'compression_level': '4', 'reservoir': '1', 'b:a': '151k', 'abr': 'True'}",203.2607421875,-2.694,-0.818,0.7775033099751454,1.9984607554768916
"{'ar': '44100', 'sample_fmt': 's16p', 'compression_level': '8', 'reservoir': '1', 'b:a': '172k', 'abr': 'True'}",232.3984375,-2.668,-0.789,0.653131269995356,2.030886140752784
"{'ar': '44100', 'sample_fmt': 's16p', 'compression_level': '8', 'reservoir': '1', 'b:a': '118k', 'abr': 'True'}",154.9365234375,-3.066,-1.28,0.7280685999721754,1.0667452031236617
"{'ar': '44100', 'sample_fmt': 's32p', 'compression_level': '9', 'reservoir': '1', 'b:a': '150k', 'abr': 'True'}",200.861328125,-2.772,-0.906,0.7515029039932415,1.7947156894577994
"{'ar': '44100', 'sample_fmt': 'fltp', 'compression_level': '4', 'reservoir': '1', 'b:a': '240k', 'abr': 'True'}",327.2822265625,-2.599,-0.713,0.8064358999836259,2.0528927984090517
"{'ar': '44100', 'sample_fmt': 's32p', 'compression_level': '7', 'reservoir': '1', 'b:a': '168k', 'abr': 'True'}",226.8955078125,-2.684,-0.807,0.7117938650189899,1.9923737922571032
"{'ar': '44100', 'sample_fmt': 'fltp', 'compression_level': '9', 'reservoir': '1', 'b:a': '127k', 'abr': 'True'}",167.8515625,-2.955,-1.131,0.7591602010070346,1.3494654651112483
"{'ar': '44100', 'sample_fmt': 's16p', 'compression_level': '7', 'reservoir': '1', 'b:a': '139k', 'abr': 'True'}",185.0380859375,-2.836,-0.983,0.7320355709816795,1.6479968447879674
"{'ar': '44100', 'sample_fmt': 's16p', 'compression_level': '8', 'reservoir': '0', 'b:a': '149k', 'abr': 'True'}",225.69921875,-2.773,-0.908,0.7643176760175265,1.7511747149872574
"{'ar': '44100', 'sample_fmt': 's16p', 'compression_level': '7', 'reservoir': '1', 'b:a': '172k', 'abr': 'True'}",232.3984375,-2.668,-0.789,0.9532882739731576,2.0087006693675824
"{'ar': '44100', 'sample_fmt': 's16p', 'compression_level': '1', 'reservoir': '1', 'b:a': '32k', 'abr': 'True'}",48.26953125,-3.138,-1.383,1.2728143179847393,0.9964384770714679
"{'ar': '32000', 'sample_fmt': 's32p', 'compression_level': '8', 'reservoir': '1', 'b:a': '272k', 'abr': 'True'}",375.6875,-3.177,-1.442,1.0442555360205006,0.381403030713047
"{'ar': '44100', 'sample_fmt': 's32p', 'compression_level': '5', 'reservoir': '1', 'b:a': '32k', 'abr': 'True'}",48.193359375,-3.348,-1.73,0.8050238750001881,0.4323847514951617
"{'ar': '44100', 'sample_fmt': 's16p', 'compression_level': '7', 'reservoir': '1', 'b:a': '172k', 'abr': 'True'}",232.3984375,-2.668,-0.789,0.7773218800139148,2.021706853951663
"{'ar': '22050', 'sample_fmt': 'fltp', 'compression_level': '8', 'reservoir': '1', 'b:a': '111k', 'abr': 'True'}",153.0107421875,-3.687,-2.591,0.7125621610030066,-0.7894931405201845
"{'ar': '44100', 'sample_fmt': 'fltp', 'compression_level': '0', 'reservoir': '1', 'b:a': '122k', 'abr': 'True'}",162.3056640625,-3.083,-1.304,1.3543123610143084,0.9615190954692076
"{'ar': '44100', 'sample_fmt': 's16p', 'compression_level': '8', 'reservoir': '0', 'b:a': '246k', 'abr': 'True'}",359.482421875,-2.606,-0.721,0.7288482619915158,1.9884135807635457
"{'ar': '12000', 'sample_fmt': 'fltp', 'compression_level': '5', 'reservoir': '1', 'b:a': '190k', 'abr': 'True'}",82.53125,-3.759,-2.892,0.6734823879960459,-0.9368515155665342
"{'ar': '44100', 'sample_fmt': 'fltp', 'compression_level': '8', 'reservoir': '1', 'b:a': '188k', 'abr': 'True'}",256.3818359375,-2.638,-0.756,0.81750740998541,2.0607754278703343
"{'ar': '44100', 'sample_fmt': 's16p', 'compression_level': '7', 'reservoir': '1', 'b:a': '130k'}",178.4443359375,-2.914,-1.079,0.8994699830072932,1.43412353863287
"{'ar': '32000', 'sample_fmt': 's32p', 'compression_level': '9', 'reservoir': '1', 'b:a': '272k', 'abr': 'True'}",375.6875,-3.177,-1.442,0.7536006920272484,0.4028861699999097
"{'ar': '44100', 'sample_fmt': 'fltp', 'compression_level': '9', 'reservoir': '1', 'b:a': '133k'}",178.4443359375,-2.916,-1.081,0.7134224409819581,1.4425840575059345
"{'ar': '44100', 'sample_fmt': 'fltp', 'compression_level': '7', 'reservoir': '1', 'b:a': '35k'}",44.771484375,-3.286,-1.619,0.7144142279867083,0.6240141663667598
"{'ar': '44100', 'sample_fmt': 's16p', 'compression_level': '7', 'reservoir': '1', 'b:a': '36k'}",44.771484375,-3.211,-1.495,0.7974645619979128,0.8317378566631377
"{'ar': '16000', 'sample_fmt': 's16p', 'compression_level': '0', 'reservoir': '1', 'b:a': '32k', 'abr': 'True'}",43.8125,-3.269,-1.591,0.9021425110113341,0.6601106226735007
"{'ar': '44100', 'sample_fmt': 's16p', 'compression_level': '0', 'reservoir': '1', 'b:a': '152k', 'abr': 'True'}",203.8251953125,-2.759,-0.892,1.513112828019075,1.7683991711402078
"{'ar': '44100', 'sample_fmt': 's16p', 'compression_level': '7', 'reservoir': '1', 'b:a': '152k', 'abr': 'True'}",204.1826171875,-2.757,-0.89,0.7209639119973872,1.8316696532755004
"{'ar': '44100', 'sample_fmt': 'fltp', 'compression_level': '7', 'reservoir': '1', 'b:a': '231k', 'abr': 'True'}",317.822265625,-2.6,-0.715,0.7873915380041581,2.0664344924272164
"{'ar': '44100', 'sample_fmt': 's16p', 'compression_level': '0', 'reservoir': '1', 'b:a': '171k', 'abr': 'True'}",224.4912109375,-2.684,-0.807,1.5661270680138841,1.9330640082916564
"{'ar': '44100', 'sample_fmt': 'fltp', 'compression_level': '9', 'reservoir': '1', 'b:a': '112k', 'abr': 'True'}",146.25,-3.181,-1.449,0.6659652550297324,0.7639408964870208
"{'ar': '44100', 'sample_fmt': 's16p', 'compression_level': '4', 'reservoir': '1', 'b:a': '152k', 'abr': 'True'}",204.435546875,-2.681,-0.803,0.8992317770025693,2.022609926527697
"{'ar': '44100', 'sample_fmt': 's16p', 'compression_level': '7', 'reservoir': '1', 'b:a': '32k'}",44.771484375,-3.291,-1.629,0.6386497700004838,0.614809863086955
"{'ar': '44100', 'sample_fmt': 'fltp', 'compression_level': '8', 'reservoir': '1', 'b:a': '150k', 'abr': 'True'}",200.861328125,-2.772,-0.906,0.6542387919907924,1.8019047609938312
"{'ar': '8000', 'sample_fmt': 's16p', 'compression_level': '0', 'reservoir': '1', 'b:a': '152k', 'abr': 'True'}",65.5390625,-3.857,-3.502,0.7483142200217117,-1.3360322574493255
"{'ar': '44100', 'sample_fmt': 's16p', 'compression_level': '7', 'reservoir': '1', 'b:a': '127k', 'abr': 'True'}",167.7998046875,-2.959,-1.136,0.6520925799850374,1.3465646870420558
"{'ar': '22050', 'sample_fmt': 'fltp', 'compression_level': '8', 'reservoir': '1', 'b:a': '32k', 'abr': 'True'}",44.232421875,-3.72,-2.719,0.6195080250035971,-0.726308149607912
"{'ar': '44100', 'sample_fmt': 's16p', 'compression_level': '9', 'reservoir': '1', 'b:a': '118k', 'abr': 'True'}",154.9365234375,-3.066,-1.28,0.6427364100236446,1.0730523518266775
"{'ar': '44100', 'sample_fmt': 'fltp', 'compression_level': '8', 'reservoir': '1', 'b:a': '141k', 'abr': 'True'}",187.755859375,-2.823,-0.967,0.6504730909946375,1.6850252348697246
"{'ar': '44100', 'sample_fmt': 's32p', 'compression_level': '4', 'reservoir': '1', 'b:a': '129k', 'abr': 'True'}",170.9990234375,-2.863,-1.015,0.8784380320284981,1.5865744603795318
"{'ar': '44100', 'sample_fmt': 'fltp', 'compression_level': '9', 'reservoir': '1', 'b:a': '186k', 'abr': 'True'}",253.537109375,-2.645,-0.764,0.7454675899934955,2.0518060964706635
"{'ar': '44100', 'sample_fmt': 's16p', 'compression_level': '7', 'reservoir': '1', 'b:a': '188k', 'abr': 'True'}",256.4833984375,-2.64,-0.759,0.7680077270197216,2.058665781867704
"{'ar': '44100', 'sample_fmt': 's32p', 'compression_level': '9', 'reservoir': '1', 'b:a': '150k', 'abr': 'True'}",200.861328125,-2.772,-0.906,0.6544852209917735,1.8018865467143796
"{'ar': '44100', 'sample_fmt': 's32p', 'compression_level': '9', 'reservoir': '1', 'b:a': '243k', 'abr': 'True'}",334.798828125,-2.604,-0.719,0.7291459580301307,2.03306910660948
"{'ar': '44100', 'sample_fmt': 's16p', 'compression_level': '4', 'reservoir': '1', 'b:a': '152k', 'abr': 'True'}",204.435546875,-2.681,-0.803,0.7826743140176404,2.031225025377681
"{'ar': '44100', 'sample_fmt': 's16p', 'compression_level': '4', 'reservoir': '1', 'b:a': '135k', 'abr': 'True'}",178.7470703125,-2.827,-0.972,0.7770149580028374,1.6791501223422962
"{'ar': '44100', 'sample_fmt': 's32p', 'compression_level': '4', 'reservoir': '1', 'b:a': '241k', 'abr': 'True'}",328.5009765625,-2.595,-0.709,0.7749609859893098,2.063856068982865
"{'ar': '44100', 'sample_fmt': 'fltp', 'compression_level': '4', 'reservoir': '1', 'b:a': '39k', 'abr': 'True'}",56.1171875,-3.307,-1.656,0.7135210459819064,0.5453755914146108
"{'ar': '44100', 'sample_fmt': 's16p', 'compression_level': '7', 'reservoir': '1', 'b:a': '142k', 'abr': 'True'}",189.2998046875,-2.805,-0.945,0.648029480013065,1.7316211963818293
"{'ar': '44100', 'sample_fmt': 's32p', 'compression_level': '9', 'reservoir': '1', 'b:a': '150k', 'abr': 'True'}",200.861328125,-2.772,-0.906,0.7001653810148127,1.798510194106804
"{'ar': '44100', 'sample_fmt': 's16p', 'compression_level': '4', 'reservoir': '1', 'b:a': '32k'}",44.771484375,-3.322,-1.684,0.7252369039924815,0.5188316724276185
"{'ar': '44100', 'sample_fmt': 's32p', 'compression_level': '9', 'reservoir': '1', 'b:a': '289k', 'abr': 'True'}",397.3603515625,-2.593,-0.707,0.6545970120059792,1.9681668429784644
"{'ar': '44100', 'sample_fmt': 'fltp', 'compression_level': '9', 'reservoir': '1', 'b:a': '230k', 'abr': 'True'}",316.7060546875,-2.6,-0.715,0.6617127909848932,2.0775048700209227
"{'ar': '44100', 'sample_fmt': 'fltp', 'compression_level': '0', 'reservoir': '1', 'b:a': '32k', 'abr': 'True'}",48.244140625,-3.132,-1.375,1.0380714870116208,1.030332807145922
"{'ar': '22050', 'sample_fmt': 's16p', 'compression_level': '8', 'reservoir': '1', 'b:a': '169k', 'abr': 'True'}",219.69921875,-3.677,-2.553,0.6188603599730413,-0.8536930135577636
"{'ar': '44100', 'sample_fmt': 's16p', 'compression_level': '4', 'reservoir': '1', 'b:a': '170k', 'abr': 'True'}",226.7958984375,-2.645,-0.763,0.7834778430114966,2.0919821111088357
"{'ar': '16000', 'sample_fmt': 's16p', 'compression_level': '0', 'reservoir': '1', 'b:a': '32k', 'abr': 'True'}",43.8125,-3.269,-1.591,0.8207064740126953,0.6661297954551265
"{'ar': '44100', 'sample_fmt': 'fltp', 'compression_level': '8', 'reservoir': '0', 'b:a': '111k', 'abr': 'True'}",158.23828125,-3.189,-1.462,0.6388071069959551,0.7240784955735879
"{'ar': '44100', 'sample_fmt': 'fltp', 'compression_level': '9', 'reservoir': '1', 'b:a': '32k', 'abr': 'True'}",48.16796875,-3.35,-1.734,0.6368586310127284,0.43893313615915686
"{'ar': '44100', 'sample_fmt': 's32p', 'compression_level': '9', 'reservoir': '1', 'b:a': '289k', 'abr': 'True'}",397.3603515625,-2.593,-0.707,0.6554383180045988,1.9681046596213838
"{'ar': '44100', 'sample_fmt': 'fltp', 'compression_level': '7', 'reservoir': '1', 'b:a': '150k', 'abr': 'True'}",200.861328125,-2.772,-0.906,0.6622495029878337,1.801312666199291
"{'ar': '44100', 'sample_fmt': 'fltp', 'compression_level': '8', 'reservoir': '1', 'b:a': '127k'}",178.4443359375,-2.916,-1.081,0.6523208720027469,1.4471002510053854
"{'ar': '44100', 'sample_fmt': 'fltp', 'compression_level': '8', 'reservoir': '1', 'b:a': '151k', 'abr': 'True'}",202.6982421875,-2.762,-0.896,0.6493773980182596,1.8257869443681825
"{'ar': '44100', 'sample_fmt': 's16p', 'compression_level': '4', 'reservoir': '1', 'b:a': '118k', 'abr': 'True'}",155.74609375,-2.926,-1.093,0.7614039939944632,1.4481715047275963
"{'ar': '44100', 'sample_fmt': 'fltp', 'compression_level': '1', 'reservoir': '1', 'b:a': '231k', 'abr': 'True'}",310.5673828125,-2.598,-0.712,1.0055039520084392,2.0674957843662822
"{'ar': '44100', 'sample_fmt': 's32p', 'compression_level': '4', 'reservoir': '1', 'b:a': '129k', 'abr': 'True'}",170.9990234375,-2.863,-1.015,0.757988919998752,1.5954772022542691
"{'ar': '44100', 'sample_fmt': 'fltp', 'compression_level': '8', 'reservoir': '1', 'b:a': '113k', 'abr': 'True'}",147.62109375,-3.164,-1.423,0.639371071010828,0.8115296055456531
"{'ar': '44100', 'sample_fmt': 'fltp', 'compression_level': '4', 'reservoir': '1', 'b:a': '244k', 'abr': 'True'}",332.666015625,-2.592,-0.707,0.8508355830272194,2.0592226832052947
"{'ar': '32000', 'sample_fmt': 's32p', 'compression_level': '9', 'reservoir': '1', 'b:a': '271k', 'abr': 'True'}",374.703125,-3.176,-1.441,0.6427508829801809,0.4152955282501487
"{'ar': '44100', 'sample_fmt': 's16p', 'compression_level': '7', 'reservoir': '1', 'b:a': '170k', 'abr': 'True'}",229.55078125,-2.677,-0.799,0.7209011160302907,2.0062969553028136
"{'ar': '44100', 'sample_fmt': 's16p', 'compression_level': '7', 'reservoir': '1', 'b:a': '127k', 'abr': 'True'}",167.7998046875,-2.959,-1.136,0.7651392509869765,1.3382090809710034
"{'ar': '44100', 'sample_fmt': 's32p', 'compression_level': '4', 'reservoir': '1', 'b:a': '128k'}",178.4443359375,-2.838,-0.985,0.7631707210093737,1.650926176906353
"{'ar': '44100', 'sample_fmt': 's32p', 'compression_level': '8', 'reservoir': '1', 'b:a': '286k', 'abr': 'True'}",393.3837890625,-2.594,-0.709,0.659500306006521,1.9711888317382804
"{'ar': '44100', 'sample_fmt': 's16p', 'compression_level': '7', 'reservoir': '1', 'b:a': '32k'}",44.771484375,-3.291,-1.629,0.6314205059898086,0.6153441988769562
"{'ar': '44100', 'sample_fmt': 'fltp', 'compression_level': '5', 'reservoir': '1', 'b:a': '150k', 'abr': 'True'}",204.7451171875,-2.693,-0.817,0.7384031479887199,2.001627593012601
"{'ar': '22050', 'sample_fmt': 's16p', 'compression_level': '8', 'reservoir': '0', 'b:a': '246k', 'abr': 'True'}",223.35546875,-3.677,-2.554,0.6212301210034639,-0.8600177765712889
"{'ar': '12000', 'sample_fmt': 'fltp', 'compression_level': '8', 'reservoir': '1', 'b:a': '32k', 'abr': 'True'}",42.78125,-3.777,-2.982,0.6970068530063145,-0.9454927464263437
"{'ar': '44100', 'sample_fmt': 's16p', 'compression_level': '8', 'reservoir': '0', 'b:a': '141k', 'abr': 'True'}",217.501953125,-2.817,-0.96,0.6457320009940304,1.6540987094083424
"{'ar': '44100', 'sample_fmt': 's16p', 'compression_level': '7', 'reservoir': '1', 'b:a': '143k', 'abr': 'True'}",190.8896484375,-2.799,-0.939,0.6429975549981464,1.745328640568831
"{'ar': '44100', 'sample_fmt': 'fltp', 'compression_level': '8', 'reservoir': '1', 'b:a': '113k', 'abr': 'True'}",147.62109375,-3.164,-1.423,0.6374969930038787,0.8116681240657803
"{'ar': '44100', 'sample_fmt': 's32p', 'compression_level': '9', 'reservoir': '1', 'b:a': '287k', 'abr': 'True'}",394.8125,-2.594,-0.709,0.665605380985653,1.9684578445305394
"{'ar': '12000', 'sample_fmt': 'fltp', 'compression_level': '8', 'reservoir': '1', 'b:a': '32k', 'abr': 'True'}",42.78125,-3.777,-2.982,0.6104668540065177,-0.9390963250667164
"{'ar': '44100', 'sample_fmt': 'fltp', 'compression_level': '4', 'reservoir': '1', 'b:a': '150k', 'abr': 'True'}",201.830078125,-2.693,-0.817,0.7745739690144546,2.003605527785999
"{'ar': '44100', 'sample_fmt': 's32p', 'compression_level': '9', 'reservoir': '1', 'b:a': '272k', 'abr': 'True'}",374.34375,-2.599,-0.714,0.653761528985342,1.9887675365548192
"{'ar': '44100', 'sample_fmt': 's16p', 'compression_level': '7', 'reservoir': '1', 'b:a': '152k', 'abr': 'True'}",204.1826171875,-2.757,-0.89,0.6512902030081023,1.8368194384099394
"{'ar': '44100', 'sample_fmt': 's16p', 'compression_level': '4', 'reservoir': '1', 'b:a': '152k', 'abr': 'True'}",204.435546875,-2.681,-0.803,0.7849335560167674,2.0310580382740664
"{'ar': '44100', 'sample_fmt': 's32p', 'compression_level': '1', 'reservoir': '1', 'b:a': '135k', 'abr': 'True'}",179.255859375,-2.906,-1.068,1.4128441310022026,1.416993198064068
"{'ar': '12000', 'sample_fmt': 'fltp', 'compression_level': '8', 'reservoir': '1', 'b:a': '150k', 'abr': 'True'}",88.4375,-3.742,-2.811,0.6435927620041184,-0.8789056067260705
"{'ar': '44100', 'sample_fmt': 's16p', 'compression_level': '7', 'reservoir': '1', 'b:a': '145k', 'abr': 'True'}",194.01953125,-2.798,-0.938,0.669741924997652,1.7410030399282568
"{'ar': '44100', 'sample_fmt': 'fltp', 'compression_level': '4', 'reservoir': '1', 'b:a': '151k', 'abr': 'True'}",203.2607421875,-2.694,-0.818,0.79947242201888,1.9968369549320255
"{'ar': '22050', 'sample_fmt': 's32p', 'compression_level': '9', 'reservoir': '1', 'b:a': '245k', 'abr': 'True'}",219.953125,-3.677,-2.553,1.145782687002793,-0.8930445143625465
"{'ar': '44100', 'sample_fmt': 'fltp', 'compression_level': '9', 'reservoir': '1', 'b:a': '188k', 'abr': 'True'}",256.3818359375,-2.638,-0.756,0.8064087069942616,2.0615957650750634
"{'ar': '8000', 'sample_fmt': 's32p', 'compression_level': '0', 'reservoir': '1', 'aq': '9'}",35.8671875,-3.85,-3.441,0.7482733600190841,-1.253130348825032
"{'ar': '44100', 'sample_fmt': 's16p', 'compression_level': '4', 'reservoir': '1', 'b:a': '170k', 'abr': 'True'}",226.7958984375,-2.645,-0.763,0.8176510210032575,2.089456272789455
"{'ar': '44100', 'sample_fmt': 's16p', 'compression_level': '4', 'reservoir': '1', 'b:a': '152k', 'abr': 'True'}",204.435546875,-2.681,-0.803,0.8114511510066222,2.0290980462130603
"{'ar': '44100', 'sample_fmt': 's16p', 'compression_level': '0', 'reservoir': '1', 'b:a': '170k', 'abr': 'True'}",223.515625,-2.678,-0.8,1.3707222520024516,1.965251486645742
"{'ar': '44100', 'sample_fmt': 'fltp', 'compression_level': '4', 'reservoir': '1', 'b:a': '152k', 'abr': 'True'}",204.3857421875,-2.684,-0.807,0.8626832790032495,2.0171391560434735
"{'ar': '32000', 'sample_fmt': 'fltp', 'compression_level': '9', 'reservoir': '1', 'b:a': '272k', 'abr': 'True'}",375.6875,-3.177,-1.442,0.6600378919974901,0.4098016668741158
"{'ar': '22050', 'sample_fmt': 'fltp', 'compression_level': '8', 'reservoir': '1', 'b:a': '133k', 'abr': 'True'}",184.439453125,-3.68,-2.564,0.6620936320105102,-0.8110856055376272
"{'ar': '44100', 'sample_fmt': 's16p', 'compression_level': '8', 'reservoir': '0', 'b:a': '229k', 'abr': 'True'}",334.1904296875,-2.602,-0.717,0.7072568939765915,2.040948582921287
"{'ar': '44100', 'sample_fmt': 's16p', 'compression_level': '0', 'reservoir': '1', 'b:a': '118k', 'abr': 'True'}",156.0546875,-3.069,-1.283,1.2105672789912205,1.0213619281533144
"{'ar': '44100', 'sample_fmt': 's32p', 'compression_level': '7', 'reservoir': '1', 'b:a': '169k', 'abr': 'True'}",228.228515625,-2.681,-0.803,0.687120741000399,2.00032206789713
"{'ar': '44100', 'sample_fmt': 'fltp', 'compression_level': '8', 'reservoir': '0', 'b:a': '35k', 'abr': 'True'}",56.953125,-3.411,-1.854,0.6701119489734992,0.24247590737511804
"{'ar': '44100', 'sample_fmt': 'fltp', 'compression_level': '7', 'reservoir': '1', 'b:a': '146k', 'abr': 'True'}",195.5517578125,-2.795,-0.934,0.6808908610255457,1.7459857173037516
"{'ar': '44100', 'sample_fmt': 'fltp', 'compression_level': '4', 'reservoir': '1', 'b:a': '112k', 'abr': 'True'}",147.46875,-3.014,-1.208,0.7773929329705425,1.2188853338737815
"{'ar': '16000', 'sample_fmt': 's16p', 'compression_level': '0', 'reservoir': '1', 'b:a': '32k', 'abr': 'True'}",43.8125,-3.269,-1.591,0.8566494309925474,0.6634731476574459
"{'ar': '44100', 'sample_fmt': 's16p', 'compression_level': '4', 'reservoir': '1', 'b:a': '170k'}",223.037109375,-2.664,-0.784,0.8404188590066042,2.0428777572907024
"{'ar': '44100', 'sample_fmt': 's16p', 'compression_level': '0', 'reservoir': '1', 'b:a': '32k', 'abr': 'True'}",48.26953125,-3.138,-1.383,1.1497709730174392,1.005532966197943
"{'ar': '44100', 'sample_fmt': 'fltp', 'compression_level': '8', 'reservoir': '0', 'b:a': '36k', 'abr': 'True'}",59.2392578125,-3.256,-1.568,0.7180261989997234,0.6866479950775264
"{'ar': '44100', 'sample_fmt': 's16p', 'compression_level': '0', 'reservoir': '1', 'aq': '9'}",103.81640625,-3.341,-1.719,0.7207900579960551,0.3696345963823072
"{'ar': '8000', 'sample_fmt': 's16p', 'compression_level': '7', 'reservoir': '1', 'b:a': '135k', 'abr': 'True'}",89.9375,-3.858,-3.51,0.6035907180048525,-1.369120653574089
"{'ar': '32000', 'sample_fmt': 's32p', 'compression_level': '9', 'reservoir': '1', 'b:a': '272k', 'abr': 'True'}",375.6875,-3.177,-1.442,0.6704070899868384,0.40903524949177417
"{'ar': '44100', 'sample_fmt': 's32p', 'compression_level': '8', 'reservoir': '1', 'b:a': '169k', 'abr': 'True'}",228.228515625,-2.681,-0.803,0.6756878519954626,2.0011671057556764
"{'ar': '44100', 'sample_fmt': 's16p', 'compression_level': '8', 'reservoir': '0', 'b:a': '246k', 'abr': 'True'}",359.482421875,-2.606,-0.721,0.6948634430009406,1.9909254969249373
"{'ar': '44100', 'sample_fmt': 's16p', 'compression_level': '9', 'reservoir': '1', 'b:a': '133k', 'abr': 'True'}",176.70703125,-2.904,-1.066,0.6789597809838597,1.4805945780516958
"{'ar': '8000', 'sample_fmt': 's16p', 'compression_level': '0', 'reservoir': '1', 'b:a': '143k', 'abr': 'True'}",65.5390625,-3.857,-3.502,0.7508183900208678,-1.3362173478890744
"{'ar': '44100', 'sample_fmt': 's16p', 'compression_level': '0', 'reservoir': '1', 'b:a': '36k', 'abr': 'True'}",53.34765625,-3.109,-1.341,1.1938394510070793,1.0749902037645065
"{'ar': '44100', 'sample_fmt': 'fltp', 'compression_level': '9', 'reservoir': '1', 'b:a': '186k', 'abr': 'True'}",253.537109375,-2.645,-0.764,0.9355871120060328,2.0377538133005886
"{'ar': '44100', 'sample_fmt': 'fltp', 'compression_level': '4', 'reservoir': '1', 'b:a': '286k', 'abr': 'True'}",371.06640625,-2.591,-0.705,1.5661523090093397,1.948038267702267
"{'ar': '44100', 'sample_fmt': 's32p', 'compression_level': '4', 'reservoir': '1', 'b:a': '152k', 'abr': 'True'}",204.3837890625,-2.684,-0.807,1.012149270012742,2.0060948093394795
"{'ar': '22050', 'sample_fmt': 's16p', 'compression_level': '0', 'reservoir': '0', 'b:a': '32k', 'abr': 'True'}",49.6923828125,-3.691,-2.605,0.9807294049824122,-0.6581888760410269
"{'ar': '44100', 'sample_fmt': 's16p', 'compression_level': '4', 'reservoir': '1', 'b:a': '115k', 'abr': 'True'}",151.8359375,-2.965,-1.143,0.8482344530057162,1.3413524164942456
"{'ar': '12000', 'sample_fmt': 'fltp', 'compression_level': '8', 'reservoir': '1', 'b:a': '190k'}",90.640625,-3.742,-2.811,0.6240718879853375,-0.880978211115198
"{'ar': '44100', 'sample_fmt': 's16p', 'compression_level': '7', 'reservoir': '0', 'b:a': '145k', 'abr': 'True'}",225.1875,-2.798,-0.938,0.7444084079761524,1.6857505998257996
"{'ar': '44100', 'sample_fmt': 's16p', 'compression_level': '4', 'reservoir': '1', 'b:a': '116k', 'abr': 'True'}",152.9541015625,-2.948,-1.122,0.8055146730039269,1.3889593138510123
"{'ar': '44100', 'sample_fmt': 's16p', 'compression_level': '7', 'reservoir': '1', 'b:a': '170k', 'abr': 'True'}",229.55078125,-2.677,-0.799,0.7638649629952852,2.0031213732413984
"{'ar': '44100', 'sample_fmt': 's16p', 'compression_level': '8', 'reservoir': '1', 'b:a': '141k', 'abr': 'True'}",187.6083984375,-2.817,-0.96,0.7096019210002851,1.697077986288685
"{'ar': '22050', 'sample_fmt': 's16p', 'compression_level': '7', 'reservoir': '1', 'b:a': '167k', 'abr': 'True'}",219.69921875,-3.677,-2.553,0.6614127710054163,-0.8568381852006679
"{'ar': '44100', 'sample_fmt': 's16p', 'compression_level': '0', 'reservoir': '1', 'b:a': '170k', 'abr': 'True'}",223.515625,-2.678,-0.8,1.558374595013447,1.951381559803907
"{'ar': '44100', 'sample_fmt': 'fltp', 'compression_level': '9', 'reservoir': '1', 'b:a': '112k', 'abr': 'True'}",146.25,-3.181,-1.449,0.6973873850074597,0.7616183960747548
"{'ar': '44100', 'sample_fmt': 's16p', 'compression_level': '4', 'reservoir': '1', 'b:a': '145k', 'abr': 'True'}",194.9404296875,-2.717,-0.844,0.8004032119933981,1.948254096859066
"{'ar': '44100', 'sample_fmt': 'fltp', 'compression_level': '5', 'reservoir': '1', 'b:a': '130k', 'abr': 'True'}",174.8173828125,-2.854,-1.004,0.7708948989748023,1.612869946174629
"{'ar': '12000', 'sample_fmt': 'fltp', 'compression_level': '9', 'reservoir': '1', 'b:a': '190k', 'abr': 'True'}",88.53125,-3.742,-2.811,0.6374764750362374,-0.8786031278418822
"{'ar': '44100', 'sample_fmt': 's16p', 'compression_level': '7', 'reservoir': '1', 'b:a': '286k', 'abr': 'True'}",393.283203125,-2.596,-0.71,0.6810176479921211,1.9647835901612383
"{'ar': '44100', 'sample_fmt': 's16p', 'compression_level': '4', 'reservoir': '1', 'b:a': '118k', 'abr': 'True'}",155.74609375,-2.926,-1.093,0.7990334559872281,1.4453902024717182
"{'ar': '44100', 'sample_fmt': 's16p', 'compression_level': '0', 'reservoir': '1', 'b:a': '171k', 'abr': 'True'}",224.4912109375,-2.684,-0.807,1.3994862839754205,1.9453809101027042
"{'ar': '44100', 'sample_fmt': 's16p', 'compression_level': '0', 'reservoir': '0', 'b:a': '170k', 'abr': 'True'}",245.853515625,-2.678,-0.8,1.367761403991608,1.929826550003712
"{'ar': '8000', 'sample_fmt': 's32p', 'compression_level': '8', 'reservoir': '1', 'aq': '9'}",36.8515625,-3.855,-3.486,0.6021173609769903,-1.269743586569749
"{'ar': '8000', 'sample_fmt': 's16p', 'compression_level': '7', 'reservoir': '1', 'aq': '9'}",36.8515625,-3.855,-3.486,0.641496491007274,-1.2726542118454651
"{'ar': '44100', 'sample_fmt': 's16p', 'compression_level': '0', 'reservoir': '0', 'b:a': '32k', 'abr': 'True'}",53.09375,-3.138,-1.383,1.0881323140056338,1.0023910224560095
"{'ar': '44100', 'sample_fmt': 's16p', 'compression_level': '7', 'reservoir': '1', 'b:a': '127k', 'abr': 'True'}",167.7998046875,-2.959,-1.136,0.8131473470130004,1.3346606638875156
"{'ar': '44100', 'sample_fmt': 'fltp', 'compression_level': '4', 'reservoir': '1', 'b:a': '150k'}",223.037109375,-2.656,-0.776,0.831452470010845,2.0647036589724537
"{'ar': '44100', 'sample_fmt': 'fltp', 'compression_level': '4', 'reservoir': '1', 'b:a': '112k', 'abr': 'True'}",147.46875,-3.014,-1.208,1.0042781500087585,1.2021155919599835
"{'ar': '44100', 'sample_fmt': 's16p', 'compression_level': '8', 'reservoir': '0', 'b:a': '141k', 'abr': 'True'}",217.501953125,-2.817,-0.96,0.7109840949997306,1.6492757386123817
"{'ar': '44100', 'sample_fmt': 'fltp', 'compression_level': '8', 'reservoir': '1', 'b:a': '153k', 'abr': 'True'}",205.6640625,-2.752,-0.884,0.6842427910014521,1.8455623672076367
"{'ar': '44100', 'sample_fmt': 'fltp', 'compression_level': '4', 'reservoir': '1', 'b:a': '116k', 'abr': 'True'}",152.80078125,-2.953,-1.128,0.7790804309770465,1.3776153532133335
"{'ar': '44100', 'sample_fmt': 'fltp', 'compression_level': '4', 'reservoir': '1', 'b:a': '110k', 'abr': 'True'}",144.7255859375,-3.065,-1.279,0.7742802020220552,1.0822681979226383
"{'ar': '44100', 'sample_fmt': 's16p', 'compression_level': '9', 'reservoir': '1', 'b:a': '127k', 'abr': 'True'}",167.7998046875,-2.959,-1.136,0.6967132239951752,1.343266646324174
"{'ar': '44100', 'sample_fmt': 's16p', 'compression_level': '4', 'reservoir': '1', 'b:a': '118k', 'abr': 'True'}",155.74609375,-2.926,-1.093,0.7900824209791608,1.4460517993307211
"{'ar': '44100', 'sample_fmt': 'fltp', 'compression_level': '4', 'reservoir': '1', 'b:a': '286k', 'abr': 'True'}",371.06640625,-2.591,-0.705,0.8187493990117218,2.0032809761955686
"{'ar': '44100', 'sample_fmt': 'fltp', 'compression_level': '1', 'reservoir': '1', 'b:a': '229k', 'abr': 'True'}",309.1396484375,-2.601,-0.715,1.0639758199977223,2.0575159561387393
"{'ar': '44100', 'sample_fmt': 's16p', 'compression_level': '9', 'reservoir': '1', 'b:a': '32k'}",44.771484375,-3.291,-1.629,0.665413490991341,0.6128316791421016
"{'ar': '44100', 'sample_fmt': 's16p', 'compression_level': '8', 'reservoir': '1', 'b:a': '232k', 'abr': 'True'}",319.8642578125,-2.599,-0.714,0.728407534013968,2.0701812321637805
"{'ar': '44100', 'sample_fmt': 's32p', 'compression_level': '8', 'reservoir': '1', 'b:a': '152k', 'abr': 'True'}",204.1298828125,-2.759,-0.892,0.7065272740146611,1.8275300607839922
"{'ar': '44100', 'sample_fmt': 's16p', 'compression_level': '7', 'reservoir': '1', 'b:a': '170k', 'abr': 'True'}",229.55078125,-2.677,-0.799,0.6892510970064905,2.0086362996528977
"{'ar': '44100', 'sample_fmt': 's16p', 'compression_level': '7', 'reservoir': '1', 'b:a': '121k', 'abr': 'True'}",159.3623046875,-3.066,-1.28,0.6711382280045655,1.0638910288999788
"{'ar': '44100', 'sample_fmt': 's16p', 'compression_level': '7', 'reservoir': '1', 'b:a': '36k'}",44.771484375,-3.211,-1.495,0.6903881240286864,0.8396521855613942
"{'ar': '44100', 'sample_fmt': 'fltp', 'compression_level': '4', 'reservoir': '1', 'b:a': '150k', 'abr': 'True'}",201.830078125,-2.693,-0.817,0.8403331399895251,1.998745077466173
"{'ar': '44100', 'sample_fmt': 'fltp', 'compression_level': '7', 'reservoir': '0', 'b:a': '45k'}",67.015625,-3.349,-1.732,0.7119590150250588,0.4062685664393685
"{'ar': '44100', 'sample_fmt': 'fltp', 'compression_level': '4', 'reservoir': '1', 'b:a': '116k', 'abr': 'True'}",152.80078125,-2.953,-1.128,0.8055454040295444,1.3756592505917544
"{'ar': '44100', 'sample_fmt': 's16p', 'compression_level': '4', 'reservoir': '1', 'b:a': '128k'}",178.4443359375,-2.832,-0.978,0.8135424179781694,1.6633908951304641
"{'ar': '44100', 'sample_fmt': 'fltp', 'compression_level': '8', 'reservoir': '1', 'b:a': '151k', 'abr': 'True'}",202.6982421875,-2.762,-0.896,0.7148810130020138,1.820945382930033
"{'ar': '44100', 'sample_fmt': 'fltp', 'compression_level': '8', 'reservoir': '1', 'b:a': '113k', 'abr': 'True'}",147.62109375,-3.164,-1.423,0.7171934959769715,0.8057775252698883
"{'ar': '22050', 'sample_fmt': 's16p', 'compression_level': '8', 'reservoir': '1', 'b:a': '144k', 'abr': 'True'}",198.8076171875,-3.676,-2.551,0.6483874090190511,-0.8195785992049741
"{'ar': '44100', 'sample_fmt': 's32p', 'compression_level': '8', 'reservoir': '1', 'b:a': '127k'}",178.4443359375,-2.916,-1.081,0.6825274610018823,1.444867594738819
"{'ar': '22050', 'sample_fmt': 's16p', 'compression_level': '8', 'reservoir': '0', 'b:a': '246k', 'abr': 'True'}",223.35546875,-3.677,-2.554,0.6564736669824924,-0.8626227288811428
"{'ar': '44100', 'sample_fmt': 'fltp', 'compression_level': '8', 'reservoir': '0', 'b:a': '61k', 'abr': 'True'}",90.0712890625,-3.486,-2.016,0.6952876489958726,-0.03807998355954231
"{'ar': '44100', 'sample_fmt': 's16p', 'compression_level': '4', 'reservoir': '1', 'b:a': '145k', 'abr': 'True'}",194.9404296875,-2.717,-0.844,0.8220966559892986,1.9466506717360825
"{'ar': '22050', 'sample_fmt': 's16p', 'compression_level': '7', 'reservoir': '1', 'b:a': '246k'}",223.546875,-3.676,-2.551,0.6640882260107901,-0.8602146500554336
"{'ar': '44100', 'sample_fmt': 'fltp', 'compression_level': '4', 'reservoir': '1', 'b:a': '110k', 'abr': 'True'}",144.7255859375,-3.065,-1.279,0.7724658049992286,1.0824023052487972
"{'ar': '44100', 'sample_fmt': 's16p', 'compression_level': '7', 'reservoir': '1', 'b:a': '143k', 'abr': 'True'}",190.8896484375,-2.799,-0.939,0.6928493060113396,1.7416439536185069
"{'ar': '44100', 'sample_fmt': 'fltp', 'compression_level': '9', 'reservoir': '1', 'b:a': '230k', 'abr': 'True'}",316.7060546875,-2.6,-0.715,0.6879665329761337,2.0755643800973753
"{'ar': '44100', 'sample_fmt': 'fltp', 'compression_level': '7', 'reservoir': '1', 'b:a': '143k', 'abr': 'True'}",190.841796875,-2.805,-0.945,0.6839188899903093,1.726508004039424
"{'ar': '44100', 'sample_fmt': 'fltp', 'compression_level': '4', 'reservoir': '1', 'b:a': '286k', 'abr': 'True'}",371.06640625,-2.591,-0.705,0.8121233020210639,2.0037707301684353
"{'ar': '44100', 'sample_fmt': 's16p', 'compression_level': '9', 'reservoir': '1', 'b:a': '141k', 'abr': 'True'}",187.6083984375,-2.817,-0.96,0.6882707420154475,1.6986546353580358
"{'ar': '44100', 'sample_fmt': 'fltp', 'compression_level': '1', 'reservoir': '1', 'b:a': '231k', 'abr': 'True'}",310.5673828125,-2.598,-0.712,1.0537446020171046,2.0639301785460367
"{'ar': '32000', 'sample_fmt': 's32p', 'compression_level': '9', 'reservoir': '0', 'b:a': '272k', 'abr': 'True'}",446.421875,-3.176,-1.441,0.6742064210120589,0.2985314874940142
"{'ar': '44100', 'sample_fmt': 'fltp', 'compression_level': '4', 'reservoir': '1', 'b:a': '245k', 'abr': 'True'}",333.783203125,-2.589,-0.703,0.8037007410312071,2.0691755461521986
"{'ar': '44100', 'sample_fmt': 's16p', 'compression_level': '7', 'reservoir': '1', 'b:a': '172k', 'abr': 'True'}",232.3984375,-2.668,-0.789,0.6807821970141958,2.028842380847064
"{'ar': '16000', 'sample_fmt': 's16p', 'compression_level': '0', 'reservoir': '1', 'b:a': '32k', 'abr': 'True'}",43.8125,-3.269,-1.591,0.8667698699864559,0.6627251167711781
"{'ar': '44100', 'sample_fmt': 'fltp', 'compression_level': '4', 'reservoir': '1', 'b:a': '112k', 'abr': 'True'}",147.46875,-3.014,-1.208,0.7913582039764151,1.2178531203449234
"{'ar': '8000', 'sample_fmt': 's16p', 'compression_level': '0', 'reservoir': '1', 'b:a': '32k'}",45.359375,-3.851,-3.454,0.7739526130026206,-1.2766056213925079
"{'ar': '44100', 'sample_fmt': 'fltp', 'compression_level': '8', 'reservoir': '1', 'b:a': '114k', 'abr': 'True'}",149.4501953125,-3.139,-1.384,0.7443104049889371,0.8714059274099565
"{'ar': '44100', 'sample_fmt': 's16p', 'compression_level': '7', 'reservoir': '1', 'b:a': '150k', 'abr': 'True'}",200.8037109375,-2.767,-0.902,0.7063158789824229,1.8110590535585491
"{'ar': '44100', 'sample_fmt': 's16p', 'compression_level': '8', 'reservoir': '1', 'b:a': '170k', 'abr': 'True'}",229.55078125,-2.677,-0.799,0.6913599379768129,2.0084804291238645
"{'ar': '44100', 'sample_fmt': 's16p', 'compression_level': '7', 'reservoir': '1', 'b:a': '170k', 'abr': 'True'}",229.55078125,-2.677,-0.799,0.6843564430309925,2.0089980776699847
"{'ar': '44100', 'sample_fmt': 's16p', 'compression_level': '4', 'reservoir': '1', 'b:a': '142k', 'abr': 'True'}",187.51171875,-2.783,-0.92,0.8097766900027636,1.781664270842066
"{'ar': '22050', 'sample_fmt': 's16p', 'compression_level': '8', 'reservoir': '0', 'b:a': '244k', 'abr': 'True'}",223.35546875,-3.677,-2.554,0.6660913010127842,-0.863333595999833
"{'ar': '44100', 'sample_fmt': 's32p', 'compression_level': '9', 'reservoir': '1', 'b:a': '153k', 'abr': 'True'}",205.6640625,-2.752,-0.884,0.6827924490207806,1.8456695661737927
"{'ar': '44100', 'sample_fmt': 's32p', 'compression_level': '8', 'reservoir': '1', 'b:a': '170k', 'abr': 'True'}",229.6513671875,-2.677,-0.798,0.6991967400244903,2.008056145430155
"{'ar': '44100', 'sample_fmt': 's16p', 'compression_level': '7', 'reservoir': '1', 'b:a': '172k', 'abr': 'True'}",232.3984375,-2.668,-0.789,0.698700139997527,2.0275180139121924
"{'ar': '44100', 'sample_fmt': 's16p', 'compression_level': '4', 'reservoir': '1', 'b:a': '152k', 'abr': 'True'}",204.435546875,-2.681,-0.803,0.803084802988451,2.0297164271673473
"{'ar': '44100', 'sample_fmt': 'fltp', 'compression_level': '4', 'reservoir': '1', 'b:a': '244k', 'abr': 'True'}",332.666015625,-2.592,-0.707,1.2660035350127146,2.028536420360307
"{'ar': '44100', 'sample_fmt': 'fltp', 'compression_level': '4', 'reservoir': '1', 'b:a': '127k', 'abr': 'True'}",168.4091796875,-2.86,-1.011,1.1031046889838763,1.5823528678071266
"{'ar': '44100', 'sample_fmt': 's16p', 'compression_level': '8', 'reservoir': '0', 'b:a': '141k', 'abr': 'True'}",217.501953125,-2.817,-0.96,0.7270825190062169,1.648085857582089
"{'ar': '44100', 'sample_fmt': 's16p', 'compression_level': '4', 'reservoir': '1', 'b:a': '112k', 'abr': 'True'}",147.51953125,-3.009,-1.202,0.9669650960131548,1.2183349173798845
"{'ar': '12000', 'sample_fmt': 's16p', 'compression_level': '0', 'reservoir': '1', 'b:a': '32k', 'abr': 'True'}",43.859375,-3.756,-2.875,0.8072882219858002,-0.8726815426603834
"{'ar': '22050', 'sample_fmt': 's16p', 'compression_level': '4', 'reservoir': '0', 'b:a': '250k', 'abr': 'True'}",207.28125,-3.675,-2.549,0.7373917159857228,-0.8367173860068905
"{'ar': '44100', 'sample_fmt': 's16p', 'compression_level': '8', 'reservoir': '1', 'b:a': '32k', 'abr': 'True'}",48.193359375,-3.355,-1.744,0.7042487589933444,0.4191073489030239
"{'ar': '44100', 'sample_fmt': 's32p', 'compression_level': '4', 'reservoir': '1', 'b:a': '290k', 'abr': 'True'}",389.2109375,-2.585,-0.698,0.8298136680095922,1.9896984336565249
"{'ar': '44100', 'sample_fmt': 'fltp', 'compression_level': '4', 'reservoir': '1', 'b:a': '40k'}",55.8935546875,-3.308,-1.659,0.7905721499992069,0.5367610516002257
"{'ar': '44100', 'sample_fmt': 's16p', 'compression_level': '8', 'reservoir': '1', 'b:a': '143k', 'abr': 'True'}",190.8896484375,-2.799,-0.939,0.7122649069933686,1.7402088904538802
"{'ar': '44100', 'sample_fmt': 'fltp', 'compression_level': '4', 'reservoir': '1', 'b:a': '115k', 'abr': 'True'}",151.6845703125,-2.965,-1.143,0.7910368799930438,1.3458215856360929
"{'ar': '44100', 'sample_fmt': 'fltp', 'compression_level': '7', 'reservoir': '1', 'b:a': '145k', 'abr': 'True'}",193.97265625,-2.802,-0.942,0.6877126160252374,1.729167986028924
"{'ar': '44100', 'sample_fmt': 's16p', 'compression_level': '7', 'reservoir': '1', 'b:a': '127k', 'abr': 'True'}",167.7998046875,-2.959,-1.136,0.6877889969910029,1.3439262617261547
"{'ar': '44100', 'sample_fmt': 's32p', 'compression_level': '4', 'reservoir': '1', 'b:a': '152k', 'abr': 'True'}",204.3837890625,-2.684,-0.807,0.8213415990176145,2.020197955589075
"{'ar': '44100', 'sample_fmt': 's32p', 'compression_level': '4', 'reservoir': '1', 'b:a': '286k', 'abr': 'True'}",371.1669921875,-2.591,-0.705,0.8157845870300662,2.003339612594677
"{'ar': '8000', 'sample_fmt': 's16p', 'compression_level': '0', 'reservoir': '1', 'aq': '9'}",35.8671875,-3.85,-3.44,0.6248526019626297,-1.24369250559832
"{'ar': '44100', 'sample_fmt': 's16p', 'compression_level': '8', 'reservoir': '1', 'b:a': '153k', 'abr': 'True'}",205.564453125,-2.751,-0.883,0.6739763820078224,1.8491255265582163
"{'ar': '44100', 'sample_fmt': 'fltp', 'compression_level': '4', 'reservoir': '1', 'b:a': '150k', 'abr': 'True'}",201.830078125,-2.693,-0.817,0.8131025510083418,2.000757768973078
"{'ar': '44100', 'sample_fmt': 's16p', 'compression_level': '0', 'reservoir': '1', 'b:a': '133k', 'abr': 'True'}",175.8427734375,-2.917,-1.082,1.2714592139818706,1.402843772278965
"{'ar': '44100', 'sample_fmt': 'fltp', 'compression_level': '4', 'reservoir': '1', 'b:a': '34k', 'abr': 'True'}",50.376953125,-3.383,-1.798,0.7534055770083796,0.3297167296986257
"{'ar': '44100', 'sample_fmt': 'fltp', 'compression_level': '1', 'reservoir': '1', 'b:a': '231k', 'abr': 'True'}",310.5673828125,-2.598,-0.712,1.064142074988922,2.063161671278048
"{'ar': '44100', 'sample_fmt': 's16p', 'compression_level': '7', 'reservoir': '1', 'b:a': '127k', 'abr': 'True'}",167.7998046875,-2.959,-1.136,0.6783153949945699,1.3446264830210815
"{'ar': '44100', 'sample_fmt': 's32p', 'compression_level': '4', 'reservoir': '1', 'b:a': '150k', 'abr': 'True'}",201.830078125,-2.693,-0.817,0.8066990149964113,2.0012310728209783
"{'ar': '12000', 'sample_fmt': 'fltp', 'compression_level': '8', 'reservoir': '1', 'b:a': '177k', 'abr': 'True'}",88.53125,-3.742,-2.811,0.6158905979827978,-0.8770076533024009
"{'ar': '44100', 'sample_fmt': 's16p', 'compression_level': '4', 'reservoir': '1', 'b:a': '152k', 'abr': 'True'}",204.435546875,-2.681,-0.803,0.8796394419914577,2.0240580526150374
"{'ar': '44100', 'sample_fmt': 'fltp', 'compression_level': '8', 'reservoir': '1', 'b:a': '244k', 'abr': 'True'}",336.525390625,-2.603,-0.718,0.7194019320013467,2.0336796972979783
"{'ar': '44100', 'sample_fmt': 's32p', 'compression_level': '8', 'reservoir': '0', 'b:a': '246k'}",356.8115234375,-2.606,-0.721,0.702757232967997,1.9946039022080675
"{'ar': '44100', 'sample_fmt': 'fltp', 'compression_level': '4', 'reservoir': '1', 'b:a': '228k', 'abr': 'True'}",307.1904296875,-2.596,-0.71,0.8864956389879808,2.086971309696966
"{'ar': '44100', 'sample_fmt': 's16p', 'compression_level': '4', 'reservoir': '1', 'b:a': '114k', 'abr': 'True'}",150.3125,-2.974,-1.156,0.8004336599842645,1.3222460066696264
"{'ar': '44100', 'sample_fmt': 's16p', 'compression_level': '0', 'reservoir': '1', 'b:a': '32k', 'abr': 'True'}",48.26953125,-3.138,-1.383,1.0943121919990517,1.009632084935924
"{'ar': '12000', 'sample_fmt': 'fltp', 'compression_level': '4', 'reservoir': '1', 'b:a': '150k', 'abr': 'True'}",80.9375,-3.757,-2.883,0.6487402010243386,-0.9249806572237547
"{'ar': '16000', 'sample_fmt': 's16p', 'compression_level': '0', 'reservoir': '1', 'b:a': '146k', 'abr': 'True'}",125.97265625,-3.74,-2.805,0.9898939639970195,-0.9578426233420276
"{'ar': '44100', 'sample_fmt': 's16p', 'compression_level': '8', 'reservoir': '1', 'b:a': '170k', 'abr': 'True'}",229.55078125,-2.677,-0.799,0.6852096819784492,2.0089350123141787
"{'ar': '44100', 'sample_fmt': 's16p', 'compression_level': '7', 'reservoir': '1', 'b:a': '143k', 'abr': 'True'}",190.8896484375,-2.799,-0.939,0.6901057180075441,1.7418467401347113
"{'ar': '44100', 'sample_fmt': 's16p', 'compression_level': '4', 'reservoir': '1', 'b:a': '112k', 'abr': 'True'}",147.51953125,-3.009,-1.202,0.7793450430035591,1.2322024575744228
"{'ar': '44100', 'sample_fmt': 'fltp', 'compression_level': '4', 'reservoir': '1', 'b:a': '112k', 'abr': 'True'}",147.46875,-3.014,-1.208,0.7752123689861037,1.219046505658012
"{'ar': '44100', 'sample_fmt': 'fltp', 'compression_level': '4', 'reservoir': '1', 'b:a': '116k', 'abr': 'True'}",152.80078125,-2.953,-1.128,0.8169480740034487,1.3748164463091008
"{'ar': '44100', 'sample_fmt': 'fltp', 'compression_level': '8', 'reservoir': '1', 'b:a': '151k', 'abr': 'True'}",202.6982421875,-2.762,-0.896,0.7037361659749877,1.8217691307737742
"{'ar': '44100', 'sample_fmt': 'fltp', 'compression_level': '8', 'reservoir': '1', 'b:a': '114k', 'abr': 'True'}",149.4501953125,-3.139,-1.384,0.6943395840062294,0.8750994151657474
"{'ar': '44100', 'sample_fmt': 'fltp', 'compression_level': '7', 'reservoir': '1', 'b:a': '185k', 'abr': 'True'}",252.318359375,-2.648,-0.767,0.6969650840037502,2.0493995843263
"{'ar': '44100', 'sample_fmt': 'fltp', 'compression_level': '8', 'reservoir': '1', 'b:a': '32k', 'abr': 'True'}",48.16796875,-3.35,-1.734,0.6880671800172422,0.4351481643491992
"{'ar': '44100', 'sample_fmt': 'fltp', 'compression_level': '4', 'reservoir': '1', 'b:a': '40k', 'abr': 'True'}",57.58984375,-3.312,-1.666,0.8859688210068271,0.5154753393949838
"{'ar': '44100', 'sample_fmt': 'fltp', 'compression_level': '9', 'reservoir': '1', 'b:a': '185k', 'abr': 'True'}",252.318359375,-2.648,-0.767,0.7296982989937533,2.0469801778327565
"{'ar': '44100', 'sample_fmt': 'fltp', 'compression_level': '4', 'reservoir': '1', 'b:a': '112k', 'abr': 'True'}",147.46875,-3.014,-1.208,0.8210171340033412,1.2156609431353032
"{'ar': '44100', 'sample_fmt': 'fltp', 'compression_level': '8', 'reservoir': '1', 'b:a': '128k', 'abr': 'True'}",169.32421875,-2.937,-1.108,0.7580936950398609,1.396388852655282
"{'ar': '44100', 'sample_fmt': 's32p', 'compression_level': '8', 'reservoir': '1', 'b:a': '286k', 'abr': 'True'}",393.3837890625,-2.594,-0.709,0.8456023070029914,1.9574334951540264
"{'ar': '44100', 'sample_fmt': 's16p', 'compression_level': '9', 'reservoir': '0', 'b:a': '291k', 'abr': 'True'}",445.61328125,-2.593,-0.707,1.2904041339934338,1.8441770094992882
"{'ar': '8000', 'sample_fmt': 's16p', 'compression_level': '1', 'reservoir': '1', 'aq': '9'}",35.8671875,-3.85,-3.44,0.676385668979492,-1.2475014634721757
"{'ar': '48000', 'sample_fmt': 's16p', 'compression_level': '5', 'reservoir': '1', 'aq': '9'}",110.6796875,-3.336,-1.708,0.7484179620223586,0.37176077487014214
"{'ar': '44100', 'sample_fmt': 's32p', 'compression_level': '4', 'reservoir': '1', 'b:a': '112k', 'abr': 'True'}",147.46875,-3.013,-1.207,0.7945734869863372,1.2202608657336276
"{'ar': '44100', 'sample_fmt': 'fltp', 'compression_level': '4', 'reservoir': '1', 'b:a': '152k', 'abr': 'True'}",204.3857421875,-2.684,-0.807,0.8004477840149775,2.021739161290422
"{'ar': '44100', 'sample_fmt': 'fltp', 'compression_level': '0', 'reservoir': '1', 'b:a': '36k', 'abr': 'True'}",53.3232421875,-3.09,-1.313,1.0571036159817595,1.138237355390035
"{'ar': '44100', 'sample_fmt': 'fltp', 'compression_level': '0', 'reservoir': '1', 'b:a': '231k', 'abr': 'True'}",306.890625,-2.598,-0.713,1.1168369610095397,2.0648182539076685
"{'ar': '44100', 'sample_fmt': 's32p', 'compression_level': '4', 'reservoir': '1', 'b:a': '152k', 'abr': 'True'}",204.3837890625,-2.684,-0.807,0.8446821910038125,2.018472784999147
"{'ar': '44100', 'sample_fmt': 's32p', 'compression_level': '9', 'reservoir': '1', 'b:a': '40k', 'abr': 'True'}",58.25,-3.305,-1.653,0.7680483700241894,0.5435483168322437
"{'ar': '12000', 'sample_fmt': 'fltp', 'compression_level': '8', 'reservoir': '1', 'b:a': '292k'}",90.640625,-3.742,-2.811,0.7146604259905871,-0.8876738716898596
"{'ar': '44100', 'sample_fmt': 's16p', 'compression_level': '7', 'reservoir': '1', 'aq': '9'}",97.146484375,-3.315,-1.67,0.796590378973633,0.45071077970399137
"{'ar': '44100', 'sample_fmt': 'fltp', 'compression_level': '8', 'reservoir': '0', 'b:a': '36k', 'abr': 'True'}",59.2392578125,-3.256,-1.568,0.7125961079727858,0.6870493487940835
"{'ar': '22050', 'sample_fmt': 'fltp', 'compression_level': '4', 'reservoir': '1', 'b:a': '32k', 'abr': 'True'}",43.927734375,-3.72,-2.719,0.673940634005703,-0.7298452419472767
"{'ar': '22050', 'sample_fmt': 's16p', 'compression_level': '7', 'reservoir': '0', 'b:a': '144k', 'abr': 'True'}",206.59765625,-3.676,-2.551,0.6342109630058985,-0.8309610667430664
"{'ar': '44100', 'sample_fmt': 'fltp', 'compression_level': '4', 'reservoir': '1', 'b:a': '112k', 'abr': 'True'}",147.46875,-3.014,-1.208,0.7944188529800158,1.217626898934163
"{'ar': '32000', 'sample_fmt': 'fltp', 'compression_level': '9', 'reservoir': '1', 'b:a': '272k', 'abr': 'True'}",375.6875,-3.177,-1.442,0.6449510889942758,0.41091677607325594
"{'ar': '44100', 'sample_fmt': 's16p', 'compression_level': '4', 'reservoir': '1', 'b:a': '112k', 'abr': 'True'}",147.51953125,-3.009,-1.202,0.7645097530039493,1.233298976720789
"{'ar': '44100', 'sample_fmt': 's16p', 'compression_level': '8', 'reservoir': '0', 'b:a': '246k', 'abr': 'True'}",359.482421875,-2.606,-0.721,0.6847669409762602,1.99167175856065
"{'ar': '44100', 'sample_fmt': 'fltp', 'compression_level': '4', 'reservoir': '1', 'b:a': '32k', 'abr': 'True'}",47.66015625,-3.348,-1.73,0.735372886992991,0.43838367061125716
"{'ar': '44100', 'sample_fmt': 's16p', 'compression_level': '8', 'reservoir': '0', 'b:a': '141k', 'abr': 'True'}",217.501953125,-2.817,-0.96,0.688665711961221,1.6509253547855944
"{'ar': '44100', 'sample_fmt': 'fltp', 'compression_level': '9', 'reservoir': '1', 'b:a': '230k', 'abr': 'True'}",316.7060546875,-2.6,-0.715,0.7171152019873261,2.0734099177536867
"{'ar': '12000', 'sample_fmt': 'fltp', 'compression_level': '4', 'reservoir': '1', 'b:a': '149k'}",90.546875,-3.754,-2.869,0.7597905459988397,-0.9371158174273128
"{'ar': '8000', 'sample_fmt': 'fltp', 'compression_level': '4', 'reservoir': '1', 'b:a': '244k', 'abr': 'True'}",84.453125,-3.858,-3.509,0.775271357037127,-1.3727433841397092
"{'ar': '44100', 'sample_fmt': 'fltp', 'compression_level': '9', 'reservoir': '1', 'b:a': '127k', 'abr': 'True'}",167.8515625,-2.955,-1.131,0.6902690540300682,1.354557408826359
"{'ar': '44100', 'sample_fmt': 's32p', 'compression_level': '9', 'reservoir': '1', 'b:a': '170k', 'abr': 'True'}",229.6513671875,-2.677,-0.798,0.9147365609824192,1.992124974520056
"{'ar': '12000', 'sample_fmt': 'fltp', 'compression_level': '8', 'reservoir': '1', 'b:a': '32k', 'abr': 'True'}",42.78125,-3.777,-2.982,0.706417100969702,-0.946188285041644
"{'ar': '44100', 'sample_fmt': 'fltp', 'compression_level': '4', 'reservoir': '1', 'b:a': '112k', 'abr': 'True'}",147.46875,-3.014,-1.208,0.8928571700234897,1.2103510385110061
"{'ar': '22050', 'sample_fmt': 'fltp', 'compression_level': '5', 'reservoir': '0', 'b:a': '246k', 'abr': 'True'}",211.857421875,-3.676,-2.552,0.7897237570141442,-0.851163746918842
"{'ar': '44100', 'sample_fmt': 'fltp', 'compression_level': '7', 'reservoir': '1', 'b:a': '36k'}",44.771484375,-3.207,-1.49,0.839412724977592,0.8395343901305817
"{'ar': '44100', 'sample_fmt': 'fltp', 'compression_level': '4', 'reservoir': '1', 'b:a': '128k', 'abr': 'True'}",169.6787109375,-2.859,-1.01,1.142646980995778,1.5800498329200376
"{'ar': '22050', 'sample_fmt': 'fltp', 'compression_level': '8', 'reservoir': '1', 'b:a': '32k', 'abr': 'True'}",44.232421875,-3.72,-2.719,0.745175204006955,-0.7355965738888399
"{'ar': '8000', 'sample_fmt': 's32p', 'compression_level': '8', 'reservoir': '1', 'aq': '9'}",36.8515625,-3.855,-3.486,0.8571312659769319,-1.2885924010809144
"{'ar': '12000', 'sample_fmt': 'fltp', 'compression_level': '8', 'reservoir': '1', 'b:a': '32k', 'abr': 'True'}",42.78125,-3.777,-2.982,0.8163310940144584,-0.9543123458338686
"{'ar': '22050', 'sample_fmt': 's16p', 'compression_level': '8', 'reservoir': '0', 'b:a': '126k', 'abr': 'True'}",182.7802734375,-3.682,-2.574,0.7289323470031377,-0.8211928135286445
"{'ar': '44100', 'sample_fmt': 'fltp', 'compression_level': '9', 'reservoir': '1', 'b:a': '190k', 'abr': 'True'}",259.3271484375,-2.638,-0.756,0.8366951839998364,2.054657473141304
"{'ar': '44100', 'sample_fmt': 's16p', 'compression_level': '7', 'reservoir': '1', 'b:a': '127k', 'abr': 'True'}",167.7998046875,-2.959,-1.136,0.8223426729964558,1.33398101077671
"{'ar': '44100', 'sample_fmt': 'fltp', 'compression_level': '9', 'reservoir': '1', 'b:a': '112k', 'abr': 'True'}",146.25,-3.181,-1.449,0.9145915560075082,0.7455642082443606
"{'ar': '44100', 'sample_fmt': 'fltp', 'compression_level': '9', 'reservoir': '1', 'b:a': '230k', 'abr': 'True'}",316.7060546875,-2.6,-0.715,0.7808656310080551,2.068697939355414
"{'ar': '22050', 'sample_fmt': 'fltp', 'compression_level': '8', 'reservoir': '1', 'b:a': '32k', 'abr': 'True'}",44.232421875,-3.72,-2.719,0.8039512789982837,-0.7399408834087704
"{'ar': '44100', 'sample_fmt': 's32p', 'compression_level': '4', 'reservoir': '1', 'b:a': '286k', 'abr': 'True'}",371.1669921875,-2.591,-0.705,0.8006684989959467,2.0044568863350625
"{'ar': '44100', 'sample_fmt': 'fltp', 'compression_level': '4', 'reservoir': '1', 'b:a': '133k', 'abr': 'True'}",176.296875,-2.833,-0.979,0.8560438150016125,1.661030725248331
"{'ar': '44100', 'sample_fmt': 's16p', 'compression_level': '7', 'reservoir': '1', 'b:a': '32k'}",44.771484375,-3.291,-1.629,0.8004683190083597,0.6028493865995411
"{'ar': '44100', 'sample_fmt': 'fltp', 'compression_level': '9', 'reservoir': '0', 'b:a': '230k', 'abr': 'True'}",339.1669921875,-2.6,-0.714,0.6867469749704469,2.04012985654499
"{'ar': '44100', 'sample_fmt': 'fltp', 'compression_level': '8', 'reservoir': '1', 'b:a': '128k'}",178.4443359375,-2.916,-1.081,0.6645900049770717,1.4461934039389641
"{'ar': '44100', 'sample_fmt': 's16p', 'compression_level': '4', 'reservoir': '1', 'b:a': '152k', 'abr': 'True'}",204.435546875,-2.681,-0.803,0.7807759440329392,2.0313653393880684
"{'ar': '8000', 'sample_fmt': 'fltp', 'compression_level': '8', 'reservoir': '1', 'aq': '9'}",36.8515625,-3.855,-3.486,0.5833158800087404,-1.2683539147896716
"{'ar': '44100', 'sample_fmt': 's16p', 'compression_level': '8', 'reservoir': '0', 'b:a': '141k', 'abr': 'True'}",217.501953125,-2.817,-0.96,0.6727670909895096,1.6521004677963111
"{'ar': '44100', 'sample_fmt': 'fltp', 'compression_level': '8', 'reservoir': '0', 'b:a': '36k', 'abr': 'True'}",59.2392578125,-3.256,-1.568,0.6673527990060393,0.6903934124779275
"{'ar': '44100', 'sample_fmt': 's16p', 'compression_level': '7', 'reservoir': '1', 'b:a': '118k', 'abr': 'True'}",154.9365234375,-3.066,-1.28,0.6655359259748366,1.0713671737297872
"{'ar': '44100', 'sample_fmt': 's16p', 'compression_level': '8', 'reservoir': '0', 'b:a': '36k', 'abr': 'True'}",59.2646484375,-3.251,-1.561,0.6596410039928742,0.704780796651788
"{'ar': '44100', 'sample_fmt': 's16p', 'compression_level': '8', 'reservoir': '0', 'b:a': '141k', 'abr': 'True'}",217.501953125,-2.817,-0.96,0.6619085790007375,1.6529030517900885
"{'ar': '44100', 'sample_fmt': 'fltp', 'compression_level': '7', 'reservoir': '1', 'b:a': '127k', 'abr': 'True'}",167.8515625,-2.955,-1.131,0.6580992640228942,1.3569351709515596
"{'ar': '44100', 'sample_fmt': 's16p', 'compression_level': '4', 'reservoir': '1', 'b:a': '146k', 'abr': 'True'}",196.5244140625,-2.719,-0.846,0.7768096439831425,1.9421796653407726
"{'ar': '44100', 'sample_fmt': 's32p', 'compression_level': '9', 'reservoir': '1', 'b:a': '287k', 'abr': 'True'}",394.8125,-2.594,-0.709,0.6656361859932076,1.9684555676434285
"{'ar': '22050', 'sample_fmt': 's16p', 'compression_level': '8', 'reservoir': '0', 'b:a': '246k', 'abr': 'True'}",223.35546875,-3.677,-2.554,0.6522291199944448,-0.8623090021498037
"{'ar': '44100', 'sample_fmt': 'fltp', 'compression_level': '8', 'reservoir': '1', 'b:a': '112k', 'abr': 'True'}",146.25,-3.181,-1.449,0.6686709439964034,0.7637409111981491
"{'ar': '44100', 'sample_fmt': 'fltp', 'compression_level': '0', 'reservoir': '1', 'b:a': '116k', 'abr': 'True'}",153.4111328125,-3.102,-1.33,1.1963104059977923,0.9349194276563234
"{'ar': '44100', 'sample_fmt': 'fltp', 'compression_level': '8', 'reservoir': '1', 'b:a': '127k', 'abr': 'True'}",167.8515625,-2.955,-1.131,0.6896987439831719,1.3545995620896794
"{'ar': '44100', 'sample_fmt': 'fltp', 'compression_level': '8', 'reservoir': '1', 'b:a': '231k', 'abr': 'True'}",317.822265625,-2.6,-0.715,0.6947437139751855,2.0732823607816324
"{'ar': '8000', 'sample_fmt': 's32p', 'compression_level': '4', 'reservoir': '1', 'b:a': '168k', 'abr': 'True'}",84.453125,-3.858,-3.509,0.722687407018384,-1.3688567524669464
"{'ar': '44100', 'sample_fmt': 'fltp', 'compression_level': '8', 'reservoir': '1', 'b:a': '36k', 'abr': 'True'}",53.220703125,-3.256,-1.568,0.8010489250009414,0.6901151402296353
"{'ar': '44100', 'sample_fmt': 'fltp', 'compression_level': '9', 'reservoir': '1', 'b:a': '112k', 'abr': 'True'}",146.25,-3.181,-1.449,0.8293373720080126,0.7518655913023065
"{'ar': '44100', 'sample_fmt': 's16p', 'compression_level': '8', 'reservoir': '1', 'b:a': '127k', 'abr': 'True'}",167.7998046875,-2.959,-1.136,0.7420185229857452,1.339918000778566
"{'ar': '12000', 'sample_fmt': 'fltp', 'compression_level': '8', 'reservoir': '1', 'b:a': '245k', 'abr': 'True'}",88.53125,-3.742,-2.811,0.7189877009950578,-0.8846278580567928
"{'ar': '44100', 'sample_fmt': 's32p', 'compression_level': '9', 'reservoir': '1', 'b:a': '286k', 'abr': 'True'}",393.3837890625,-2.594,-0.709,0.7270226920081768,1.9661980571015139
"{'ar': '12000', 'sample_fmt': 'fltp', 'compression_level': '8', 'reservoir': '1', 'b:a': '190k'}",90.640625,-3.742,-2.811,0.6227432059822604,-0.880880004389489
"{'ar': '44100', 'sample_fmt': 'fltp', 'compression_level': '4', 'reservoir': '1', 'b:a': '111k', 'abr': 'True'}",145.99609375,-3.031,-1.231,0.7909288329828996,1.173370235226238
"{'ar': '22050', 'sample_fmt': 'fltp', 'compression_level': '9', 'reservoir': '1', 'b:a': '32k', 'abr': 'True'}",44.232421875,-3.72,-2.719,0.8163900429790374,-0.7408602683929792
"{'ar': '44100', 'sample_fmt': 'fltp', 'compression_level': '7', 'reservoir': '1', 'b:a': '175k'}",223.037109375,-2.691,-0.815,0.747928614000557,1.9770264462583036
"{'ar': '44100', 'sample_fmt': 's16p', 'compression_level': '4', 'reservoir': '1', 'b:a': '150k', 'abr': 'True'}",201.67578125,-2.695,-0.819,0.8405536339851096,1.993684193689075
"{'ar': '44100', 'sample_fmt': 's16p', 'compression_level': '8', 'reservoir': '1', 'b:a': '152k', 'abr': 'True'}",204.1826171875,-2.757,-0.89,0.6513785080169328,1.8368129115316039
"{'ar': '44100', 'sample_fmt': 's16p', 'compression_level': '7', 'reservoir': '1', 'b:a': '32k', 'abr': 'True'}",48.193359375,-3.355,-1.744,0.6617353839974385,0.42224963527968884
"{'ar': '44100', 'sample_fmt': 'fltp', 'compression_level': '9', 'reservoir': '1', 'b:a': '127k', 'abr': 'True'}",167.8515625,-2.955,-1.131,0.7332773669913877,1.351378540154683
"{'ar': '44100', 'sample_fmt': 's16p', 'compression_level': '7', 'reservoir': '1', 'b:a': '118k', 'abr': 'True'}",154.9365234375,-3.066,-1.28,0.8597591380239464,1.0570115749726243
"{'ar': '44100', 'sample_fmt': 's32p', 'compression_level': '4', 'reservoir': '1', 'b:a': '286k', 'abr': 'True'}",371.1669921875,-2.591,-0.705,0.9187726259988267,1.9957274690788511
"{'ar': '44100', 'sample_fmt': 'fltp', 'compression_level': '4', 'reservoir': '1', 'b:a': '32k', 'abr': 'True'}",47.66015625,-3.348,-1.73,0.7889718369988259,0.43442201735688485
"{'ar': '44100', 'sample_fmt': 'fltp', 'compression_level': '8', 'reservoir': '1', 'b:a': '114k', 'abr': 'True'}",149.4501953125,-3.139,-1.384,0.8960457319917623,0.8601907309936359
"{'ar': '44100', 'sample_fmt': 's16p', 'compression_level': '9', 'reservoir': '0', 'b:a': '230k', 'abr': 'True'}",338.2529296875,-2.599,-0.713,0.7194736920064315,2.041814863759798
"{'ar': '8000', 'sample_fmt': 's32p', 'compression_level': '8', 'reservoir': '1', 'aq': '9'}",36.8515625,-3.855,-3.486,0.6932418179931119,-1.276478858466895
"{'ar': '44100', 'sample_fmt': 's32p', 'compression_level': '4', 'reservoir': '1', 'b:a': '128k', 'abr': 'True'}",169.6787109375,-2.859,-1.011,0.822802765032975,1.603374984615455
"{'ar': '44100', 'sample_fmt': 'fltp', 'compression_level': '9', 'reservoir': '1', 'b:a': '172k', 'abr': 'True'}",232.5009765625,-2.664,-0.784,0.731641303980723,2.0358166627458143
"{'ar': '44100', 'sample_fmt': 's16p', 'compression_level': '9', 'reservoir': '1', 'b:a': '112k', 'abr': 'True'}",146.30078125,-3.181,-1.448,0.7274858339806087,0.7596281613149943
"{'ar': '44100', 'sample_fmt': 'fltp', 'compression_level': '4', 'reservoir': '1', 'b:a': '112k', 'abr': 'True'}",147.46875,-3.014,-1.208,0.784128610015614,1.218387480522492
"{'ar': '44100', 'sample_fmt': 's16p', 'compression_level': '4', 'reservoir': '0', 'b:a': '141k', 'abr': 'True'}",215.0458984375,-2.793,-0.932,0.8187859460012987,1.7099781754085885
"{'ar': '44100', 'sample_fmt': 'fltp', 'compression_level': '4', 'reservoir': '1', 'b:a': '116k', 'abr': 'True'}",152.80078125,-2.953,-1.128,0.7921494049951434,1.3766493875844459
"{'ar': '44100', 'sample_fmt': 's32p', 'compression_level': '0', 'reservoir': '1', 'b:a': '172k', 'abr': 'True'}",225.4052734375,-2.682,-0.804,1.39921120100189,1.9495489559995791
"{'ar': '44100', 'sample_fmt': 'fltp', 'compression_level': '4', 'reservoir': '1', 'b:a': '112k', 'abr': 'True'}",147.46875,-3.014,-1.208,0.7879870000178926,1.2181022957696657
"{'ar': '8000', 'sample_fmt': 's32p', 'compression_level': '8', 'reservoir': '1', 'aq': '9'}",36.8515625,-3.855,-3.486,0.6330248849990312,-1.2720280509690176
"{'ar': '22050', 'sample_fmt': 'fltp', 'compression_level': '4', 'reservoir': '1', 'b:a': '114k', 'abr': 'True'}",141.2275390625,-3.691,-2.603,0.7320333440147806,-0.7852355239751607
"{'ar': '44100', 'sample_fmt': 's16p', 'compression_level': '8', 'reservoir': '0', 'b:a': '141k', 'abr': 'True'}",217.501953125,-2.817,-0.96,0.7018685400253162,1.6499494956174325
"{'ar': '44100', 'sample_fmt': 'fltp', 'compression_level': '8', 'reservoir': '0', 'b:a': '36k', 'abr': 'True'}",59.2392578125,-3.256,-1.568,0.6788760259805713,0.6895416974790413
"{'ar': '44100', 'sample_fmt': 'fltp', 'compression_level': '8', 'reservoir': '0', 'b:a': '32k', 'abr': 'True'}",53.09375,-3.35,-1.734,0.6859985409828369,0.427441168632845
"{'ar': '44100', 'sample_fmt': 's32p', 'compression_level': '4', 'reservoir': '1', 'b:a': '128k'}",178.4443359375,-2.838,-0.985,0.8159853880060837,1.6470224922751555
"{'ar': '44100', 'sample_fmt': 's16p', 'compression_level': '7', 'reservoir': '1', 'b:a': '234k', 'abr': 'True'}",322.40625,-2.597,-0.711,0.7118591410107911,2.0729544556366144
"{'ar': '44100', 'sample_fmt': 'fltp', 'compression_level': '9', 'reservoir': '0', 'b:a': '230k', 'abr': 'True'}",339.1669921875,-2.6,-0.714,0.7181102450122125,2.0378117066406505
"{'ar': '44100', 'sample_fmt': 'fltp', 'compression_level': '5', 'reservoir': '1', 'b:a': '36k'}",44.771484375,-3.211,-1.495,0.8022215600358322,0.8313862531941162
"{'ar': '44100', 'sample_fmt': 's16p', 'compression_level': '8', 'reservoir': '1', 'b:a': '118k', 'abr': 'True'}",154.9365234375,-3.066,-1.28,0.7326793150277808,1.0664044118525073
"{'ar': '44100', 'sample_fmt': 's32p', 'compression_level': '0', 'reservoir': '1', 'b:a': '286k', 'abr': 'True'}",355.958984375,-2.59,-0.704,1.228979703009827,1.9997114438191268
"{'ar': '44100', 'sample_fmt': 'fltp', 'compression_level': '4', 'reservoir': '1', 'b:a': '112k', 'abr': 'True'}",147.46875,-3.014,-1.208,0.791408652003156,1.2178493915855113
"{'ar': '44100', 'sample_fmt': 's16p', 'compression_level': '8', 'reservoir': '1', 'b:a': '143k', 'abr': 'True'}",190.8896484375,-2.799,-0.939,0.7195584280125331,1.7396698052427284
"{'ar': '44100', 'sample_fmt': 'fltp', 'compression_level': '0', 'reservoir': '1', 'b:a': '231k', 'abr': 'True'}",306.890625,-2.598,-0.713,1.2248689900152385,2.0568332945149885
"{'ar': '44100', 'sample_fmt': 'fltp', 'compression_level': '8', 'reservoir': '0', 'b:a': '36k', 'abr': 'True'}",59.2392578125,-3.256,-1.568,0.6792860080313403,0.6895113945211384
"{'ar': '44100', 'sample_fmt': 's16p', 'compression_level': '4', 'reservoir': '1', 'b:a': '115k'}",156.1484375,-2.943,-1.116,0.7914082210045308,1.398447313312174
"{'ar': '8000', 'sample_fmt': 's32p', 'compression_level': '8', 'reservoir': '1', 'aq': '9'}",36.8515625,-3.855,-3.486,0.619829598988872,-1.271052749255853
"{'ar': '44100', 'sample_fmt': 's32p', 'compression_level': '4', 'reservoir': '1', 'b:a': '128k'}",178.4443359375,-2.838,-0.985,0.9285615920089185,1.638701659779292
"{'ar': '22050', 'sample_fmt': 'fltp', 'compression_level': '4', 'reservoir': '1', 'b:a': '59k', 'abr': 'True'}",79.05859375,-3.758,-2.887,0.768666536983801,-0.934438426475877
"{'ar': '44100', 'sample_fmt': 'fltp', 'compression_level': '7', 'reservoir': '1', 'b:a': '132k', 'abr': 'True'}",175.12890625,-2.907,-1.07,0.7141082050220575,1.4722631675424642
"{'ar': '44100', 'sample_fmt': 's16p', 'compression_level': '7', 'reservoir': '1', 'b:a': '133k', 'abr': 'True'}",176.70703125,-2.904,-1.066,0.7623685600119643,1.4744295942069763
"{'ar': '22050', 'sample_fmt': 'fltp', 'compression_level': '0', 'reservoir': '0', 'b:a': '246k', 'abr': 'True'}",163.2978515625,-3.677,-2.553,1.213611700979527,-0.8076551381151659
"{'ar': '44100', 'sample_fmt': 'fltp', 'compression_level': '4', 'reservoir': '1', 'b:a': '112k', 'abr': 'True'}",147.46875,-3.014,-1.208,0.8220621479849797,1.2155837031326395
"{'ar': '22050', 'sample_fmt': 'fltp', 'compression_level': '8', 'reservoir': '1', 'b:a': '32k', 'abr': 'True'}",44.232421875,-3.72,-2.719,0.6679052879917435,-0.7298853311459613
"{'ar': '22050', 'sample_fmt': 'fltp', 'compression_level': '8', 'reservoir': '1', 'b:a': '32k', 'abr': 'True'}",44.232421875,-3.72,-2.719,0.666361476003658,-0.7297712235415013
"{'ar': '44100', 'sample_fmt': 's16p', 'compression_level': '8', 'reservoir': '0', 'b:a': '141k', 'abr': 'True'}",217.501953125,-2.817,-0.96,0.7737625189765822,1.6446356039152434
"{'ar': '32000', 'sample_fmt': 's32p', 'compression_level': '9', 'reservoir': '1', 'b:a': '275k', 'abr': 'True'}",379.765625,-3.177,-1.442,0.916456705017481,0.38434169182526173
"{'ar': '44100', 'sample_fmt': 's32p', 'compression_level': '8', 'reservoir': '1', 'b:a': '185k'}",267.6279296875,-2.63,-0.747,0.7752615800127387,2.0674315738271125
"{'ar': '12000', 'sample_fmt': 'fltp', 'compression_level': '7', 'reservoir': '1', 'b:a': '32k', 'abr': 'True'}",42.78125,-3.777,-2.982,0.6697264229878783,-0.9434763710243732
"{'ar': '44100', 'sample_fmt': 's16p', 'compression_level': '7', 'reservoir': '1', 'b:a': '172k', 'abr': 'True'}",232.3984375,-2.668,-0.789,0.7088197229895741,2.0267700462954954
"{'ar': '44100', 'sample_fmt': 's32p', 'compression_level': '4', 'reservoir': '1', 'b:a': '128k'}",178.4443359375,-2.838,-0.985,0.8219666159711778,1.6465804024351403
"{'ar': '44100', 'sample_fmt': 'fltp', 'compression_level': '7', 'reservoir': '1', 'b:a': '153k', 'abr': 'True'}",205.6640625,-2.752,-0.884,0.7067933370126411,1.8438955911983421
"{'ar': '44100', 'sample_fmt': 'fltp', 'compression_level': '4', 'reservoir': '1', 'b:a': '32k', 'abr': 'True'}",47.66015625,-3.348,-1.73,0.7682977619988378,0.435950097972194
"{'ar': '22050', 'sample_fmt': 'fltp', 'compression_level': '8', 'reservoir': '1', 'b:a': '32k', 'abr': 'True'}",44.232421875,-3.72,-2.719,0.6604447159916162,-0.7293338987141588
"{'ar': '44100', 'sample_fmt': 'fltp', 'compression_level': '0', 'reservoir': '1', 'b:a': '36k', 'abr': 'True'}",53.3232421875,-3.09,-1.313,1.160902110976167,1.1305653087277632
"{'ar': '12000', 'sample_fmt': 's16p', 'compression_level': '0', 'reservoir': '1', 'b:a': '32k', 'abr': 'True'}",43.859375,-3.756,-2.875,0.8466606150032021,-0.8755916699840126
"{'ar': '8000', 'sample_fmt': 's32p', 'compression_level': '8', 'reservoir': '1', 'aq': '9'}",36.8515625,-3.855,-3.486,0.6589789419958834,-1.2739463903087724
"{'ar': '44100', 'sample_fmt': 's32p', 'compression_level': '4', 'reservoir': '1', 'b:a': '128k'}",178.4443359375,-2.838,-0.985,0.9452889160020277,1.637465294933954
"{'ar': '48000', 'sample_fmt': 's32p', 'compression_level': '8', 'reservoir': '1', 'aq': '9'}",102.0546875,-3.349,-1.733,0.7103061169909779,0.3501646865944577
"{'ar': '44100', 'sample_fmt': 's32p', 'compression_level': '0', 'reservoir': '1', 'b:a': '172k', 'abr': 'True'}",225.4052734375,-2.682,-0.804,1.4378073900006711,1.9466962001575943
"{'ar': '44100', 'sample_fmt': 'fltp', 'compression_level': '0', 'reservoir': '1', 'b:a': '36k', 'abr': 'True'}",53.3232421875,-3.09,-1.313,1.18204383799457,1.1290026626006209
"{'ar': '44100', 'sample_fmt': 's16p', 'compression_level': '4', 'reservoir': '1', 'b:a': '150k', 'abr': 'True'}",201.67578125,-2.695,-0.819,0.8507323389931116,1.9929318561933618
"{'ar': '12000', 'sample_fmt': 'fltp', 'compression_level': '8', 'reservoir': '1', 'b:a': '190k'}",90.640625,-3.742,-2.811,0.7004621329833753,-0.8866244348316296
"{'ar': '12000', 'sample_fmt': 'fltp', 'compression_level': '8', 'reservoir': '0', 'b:a': '190k'}",90.640625,-3.74,-2.803,0.7351347429794259,-0.882003644671813
"{'ar': '44100', 'sample_fmt': 'fltp', 'compression_level': '5', 'reservoir': '1', 'b:a': '128k', 'abr': 'True'}",172.0185546875,-2.859,-1.01,1.0610913390119094,1.5823442401930936
"{'ar': '44100', 'sample_fmt': 'fltp', 'compression_level': '9', 'reservoir': '1', 'b:a': '127k', 'abr': 'True'}",167.8515625,-2.955,-1.131,0.82722060001106,1.344434924379036
"{'ar': '44100', 'sample_fmt': 's16p', 'compression_level': '4', 'reservoir': '1', 'b:a': '149k', 'abr': 'True'}",200.5517578125,-2.695,-0.819,1.0229858979873825,1.9819936623858048
"{'ar': '44100', 'sample_fmt': 's16p', 'compression_level': '7', 'reservoir': '1', 'b:a': '287k', 'abr': 'True'}",394.70703125,-2.595,-0.709,0.7725032950111199,1.958395065767059
"{'ar': '44100', 'sample_fmt': 's32p', 'compression_level': '7', 'reservoir': '1', 'b:a': '152k', 'abr': 'True'}",204.1298828125,-2.759,-0.892,1.2686274589796085,1.7859836120791717
"{'ar': '44100', 'sample_fmt': 's16p', 'compression_level': '4', 'reservoir': '1', 'b:a': '268k'}",356.8115234375,-2.594,-0.708,0.9741695709817577,2.0066032454902056
"{'ar': '44100', 'sample_fmt': 'fltp', 'compression_level': '4', 'reservoir': '1', 'b:a': '230k', 'abr': 'True'}",309.6513671875,-2.595,-0.709,0.939846960012801,2.0817465247920417
"{'ar': '16000', 'sample_fmt': 's16p', 'compression_level': '0', 'reservoir': '1', 'b:a': '32k', 'abr': 'True'}",43.8125,-3.269,-1.591,1.0772881160082761,0.6471651049730681
"{'ar': '44100', 'sample_fmt': 's32p', 'compression_level': '0', 'reservoir': '1', 'b:a': '274k', 'abr': 'True'}",350.9638671875,-2.588,-0.702,1.6308800429687835,1.983267152709066
"{'ar': '16000', 'sample_fmt': 's16p', 'compression_level': '7', 'reservoir': '1', 'b:a': '32k', 'abr': 'True'}",42.79296875,-3.446,-1.926,0.9686554929648992,0.13874372193391815
"{'ar': '44100', 'sample_fmt': 'fltp', 'compression_level': '4', 'reservoir': '1', 'b:a': '150k'}",223.037109375,-2.656,-0.776,1.2800281439849641,2.031548134872852
"{'ar': '44100', 'sample_fmt': 's32p', 'compression_level': '0', 'reservoir': '1', 'b:a': '172k', 'abr': 'True'}",225.4052734375,-2.682,-0.804,1.7970640390121844,1.920142503255763
"{'ar': '44100', 'sample_fmt': 'fltp', 'compression_level': '0', 'reservoir': '1', 'b:a': '63k', 'abr': 'True'}",86.7470703125,-3.489,-2.023,1.7426164929929655,-0.11938476855236277
"{'ar': '44100', 'sample_fmt': 'fltp', 'compression_level': '9', 'reservoir': '1', 'b:a': '253k', 'abr': 'True'}",349.12109375,-2.603,-0.717,1.163448929990409,1.9810758414519885
"{'ar': '22050', 'sample_fmt': 's16p', 'compression_level': '0', 'reservoir': '1', 'b:a': '172k', 'abr': 'True'}",152.8154296875,-3.679,-2.56,1.381903602014063,-0.8102357337018598
"{'ar': '32000', 'sample_fmt': 's16p', 'compression_level': '4', 'reservoir': '1', 'b:a': '113k'}",156.59375,-3.313,-1.667,0.9490252159885131,0.35019223362003105
"{'ar': '44100', 'sample_fmt': 's32p', 'compression_level': '0', 'reservoir': '1', 'aq': '9'}",103.837890625,-3.343,-1.721,0.8131225999677554,0.35748495708757766
"{'ar': '44100', 'sample_fmt': 'fltp', 'compression_level': '4', 'reservoir': '1', 'b:a': '133k', 'abr': 'True'}",176.296875,-2.833,-0.979,0.8200850110151805,1.6636885443440534
"{'ar': '44100', 'sample_fmt': 's16p', 'compression_level': '9', 'reservoir': '1', 'b:a': '191k', 'abr': 'True'}",260.7529296875,-2.632,-0.749,0.7193440280098002,2.077244003338265
"{'ar': '44100', 'sample_fmt': 's16p', 'compression_level': '4', 'reservoir': '0', 'b:a': '141k', 'abr': 'True'}",215.0458984375,-2.793,-0.932,0.8034414199937601,1.7111123336595981
"{'ar': '44100', 'sample_fmt': 's16p', 'compression_level': '7', 'reservoir': '1', 'b:a': '143k', 'abr': 'True'}",190.8896484375,-2.799,-0.939,0.7256904009846039,1.7392165734037113
"{'ar': '44100', 'sample_fmt': 's32p', 'compression_level': '8', 'reservoir': '1', 'b:a': '151k', 'abr': 'True'}",202.6982421875,-2.762,-0.896,0.7621942620025948,1.8174483239977652
"{'ar': '32000', 'sample_fmt': 'fltp', 'compression_level': '9', 'reservoir': '1', 'b:a': '112k', 'abr': 'True'}",150.72265625,-3.423,-1.878,0.6645411490171682,0.0577326831838105
"{'ar': '44100', 'sample_fmt': 'fltp', 'compression_level': '9', 'reservoir': '1', 'b:a': '172k', 'abr': 'True'}",232.5009765625,-2.664,-0.784,0.6925521719967946,2.038705853428054
"{'ar': '44100', 'sample_fmt': 's16p', 'compression_level': '4', 'reservoir': '1', 'b:a': '115k'}",156.1484375,-2.943,-1.116,0.7952684960037004,1.398161989233781
"{'ar': '44100', 'sample_fmt': 's16p', 'compression_level': '7', 'reservoir': '1', 'b:a': '171k', 'abr': 'True'}",231.0771484375,-2.671,-0.792,0.6951206730154809,2.021954728114893
"{'ar': '44100', 'sample_fmt': 's16p', 'compression_level': '7', 'reservoir': '1', 'b:a': '188k', 'abr': 'True'}",256.4833984375,-2.64,-0.759,0.8161827329895459,2.0551050279880294
"{'ar': '8000', 'sample_fmt': 's32p', 'compression_level': '8', 'reservoir': '1', 'b:a': '167k', 'abr': 'True'}",90.21875,-3.858,-3.51,0.7781436779769138,-1.3824711478392637
"{'ar': '44100', 'sample_fmt': 'fltp', 'compression_level': '7', 'reservoir': '1', 'b:a': '143k', 'abr': 'True'}",190.841796875,-2.805,-0.945,0.7473831079842057,1.7218171803250726
"{'ar': '44100', 'sample_fmt': 'fltp', 'compression_level': '4', 'reservoir': '1', 'b:a': '127k', 'abr': 'True'}",168.4091796875,-2.86,-1.011,1.032836058002431,1.5875466253448698
"{'ar': '44100', 'sample_fmt': 's16p', 'compression_level': '7', 'reservoir': '1', 'b:a': '132k'}",178.4443359375,-2.914,-1.079,0.9093449210049585,1.4333936534345422
"{'ar': '44100', 'sample_fmt': 'fltp', 'compression_level': '4', 'reservoir': '1', 'b:a': '175k'}",223.037109375,-2.656,-0.776,0.894883925007889,2.060015256865859
"{'ar': '44100', 'sample_fmt': 's32p', 'compression_level': '9', 'reservoir': '1', 'b:a': '127k', 'abr': 'True'}",167.8515625,-2.955,-1.131,0.8587571980024222,1.3421039633051584
"{'ar': '44100', 'sample_fmt': 's16p', 'compression_level': '4', 'reservoir': '1', 'b:a': '128k'}",178.4443359375,-2.832,-0.978,0.8574635810218751,1.6601445550717695
"{'ar': '44100', 'sample_fmt': 's32p', 'compression_level': '4', 'reservoir': '1', 'b:a': '272k', 'abr': 'True'}",359.814453125,-2.581,-0.695,0.8489425959996879,2.0454576155927606
"{'ar': '44100', 'sample_fmt': 's32p', 'compression_level': '8', 'reservoir': '1', 'b:a': '185k', 'abr': 'True'}",252.318359375,-2.648,-0.767,0.6898757659946568,2.0499235763029886
"{'ar': '44100', 'sample_fmt': 's16p', 'compression_level': '5', 'reservoir': '1', 'b:a': '190k', 'abr': 'True'}",261.8701171875,-2.623,-0.74,1.048572908010101,2.0749356552583245
"{'ar': '44100', 'sample_fmt': 'fltp', 'compression_level': '0', 'reservoir': '1', 'b:a': '36k', 'abr': 'True'}",53.3232421875,-3.09,-1.313,1.2700753929675557,1.122495996029574
"{'ar': '44100', 'sample_fmt': 's32p', 'compression_level': '8', 'reservoir': '1', 'b:a': '149k', 'abr': 'True'}",199.7421875,-2.772,-0.907,0.8272635699831881,1.7905863144224201
"{'ar': '44100', 'sample_fmt': 'fltp', 'compression_level': '7', 'reservoir': '1', 'b:a': '132k', 'abr': 'True'}",175.12890625,-2.907,-1.07,1.1589956060051918,1.4393802543558774
"{'ar': '44100', 'sample_fmt': 'fltp', 'compression_level': '0', 'reservoir': '1', 'b:a': '36k', 'abr': 'True'}",53.3232421875,-3.09,-1.313,1.3465951069956645,1.1168402028830646
"{'ar': '44100', 'sample_fmt': 's16p', 'compression_level': '4', 'reservoir': '1', 'b:a': '127k', 'abr': 'True'}",168.5126953125,-2.868,-1.022,0.845684155006893,1.5791048418098428
"{'ar': '44100', 'sample_fmt': 's16p', 'compression_level': '8', 'reservoir': '0', 'b:a': '141k', 'abr': 'True'}",217.501953125,-2.817,-0.96,0.7787927419994958,1.6442638055981724
"{'ar': '44100', 'sample_fmt': 's16p', 'compression_level': '7', 'reservoir': '1', 'b:a': '236k', 'abr': 'True'}",324.9443359375,-2.6,-0.714,0.9873492340266239,2.04060606427107
"{'ar': '8000', 'sample_fmt': 's16p', 'compression_level': '7', 'reservoir': '1', 'b:a': '167k', 'abr': 'True'}",90.21875,-3.858,-3.51,0.6085263379791286,-1.3699342401773218
"{'ar': '44100', 'sample_fmt': 's16p', 'compression_level': '8', 'reservoir': '0', 'b:a': '141k', 'abr': 'True'}",217.501953125,-2.817,-0.96,0.7203407180204522,1.6485841635715286
"{'ar': '44100', 'sample_fmt': 'fltp', 'compression_level': '5', 'reservoir': '1', 'b:a': '133k', 'abr': 'True'}",178.697265625,-2.833,-0.979,0.8990682570147328,1.6540204460677195
"{'ar': '44100', 'sample_fmt': 'fltp', 'compression_level': '5', 'reservoir': '1', 'b:a': '150k', 'abr': 'True'}",204.7451171875,-2.693,-0.817,0.9043880949902814,1.9893591660118113
"{'ar': '44100', 'sample_fmt': 's16p', 'compression_level': '7', 'reservoir': '1', 'b:a': '171k', 'abr': 'True'}",231.0771484375,-2.671,-0.792,0.6902948069910053,2.0223114218157763
"{'ar': '44100', 'sample_fmt': 's16p', 'compression_level': '7', 'reservoir': '1', 'b:a': '132k', 'abr': 'True'}",175.0771484375,-2.908,-1.07,0.6755122900067363,1.4728685534058412
"{'ar': '44100', 'sample_fmt': 'fltp', 'compression_level': '7', 'reservoir': '1', 'b:a': '132k', 'abr': 'True'}",175.12890625,-2.907,-1.07,0.6733003499975894,1.4752793940104088
"{'ar': '44100', 'sample_fmt': 'fltp', 'compression_level': '7', 'reservoir': '1', 'b:a': '294k'}",445.9951171875,-2.585,-0.698,0.6780559189792257,1.9103067815651904
"{'ar': '44100', 'sample_fmt': 'fltp', 'compression_level': '4', 'reservoir': '1', 'b:a': '227k', 'abr': 'True'}",306.2724609375,-2.595,-0.709,0.7900551399798132,2.0982096721076555
"{'ar': '44100', 'sample_fmt': 's32p', 'compression_level': '0', 'reservoir': '1', 'b:a': '272k', 'abr': 'True'}",350.4501953125,-2.59,-0.704,1.2458942049997859,2.0072514238436057
"{'ar': '44100', 'sample_fmt': 'fltp', 'compression_level': '8', 'reservoir': '0', 'b:a': '112k', 'abr': 'True'}",159.4580078125,-3.181,-1.449,0.8259052470093593,0.7310437189771897
"{'ar': '44100', 'sample_fmt': 'fltp', 'compression_level': '4', 'reservoir': '1', 'b:a': '189k', 'abr': 'True'}",256.0732421875,-2.625,-0.742,0.8243666519701947,2.095466463204033
"{'ar': '44100', 'sample_fmt': 'fltp', 'compression_level': '9', 'reservoir': '1', 'b:a': '112k', 'abr': 'True'}",146.25,-3.181,-1.449,0.7064327179978136,0.760949829379433
"{'ar': '44100', 'sample_fmt': 's16p', 'compression_level': '7', 'reservoir': '1', 'b:a': '165k', 'abr': 'True'}",222.40234375,-2.698,-0.822,0.7287747109949123,1.9609372658916506
"{'ar': '44100', 'sample_fmt': 'fltp', 'compression_level': '4', 'reservoir': '0', 'b:a': '144k', 'abr': 'True'}",224.8818359375,-2.716,-0.843,0.8063422570121475,1.9026840788808561
"{'ar': '44100', 'sample_fmt': 's16p', 'compression_level': '7', 'reservoir': '1', 'b:a': '32k'}",44.771484375,-3.291,-1.629,0.6559954079857562,0.6135277968680077
"{'ar': '44100', 'sample_fmt': 's16p', 'compression_level': '7', 'reservoir': '1', 'b:a': '32k'}",44.771484375,-3.291,-1.629,0.6628929649887141,0.6130179785013231
"{'ar': '44100', 'sample_fmt': 's16p', 'compression_level': '9', 'reservoir': '1', 'b:a': '112k', 'abr': 'True'}",146.30078125,-3.181,-1.448,0.6601475089846645,0.7646053314710352
"{'ar': '44100', 'sample_fmt': 's32p', 'compression_level': '8', 'reservoir': '0', 'b:a': '36k', 'abr': 'True'}",59.2392578125,-3.256,-1.568,0.669598410022445,0.6902274328796288
"{'ar': '44100', 'sample_fmt': 'fltp', 'compression_level': '7', 'reservoir': '1', 'b:a': '32k', 'abr': 'True'}",48.16796875,-3.35,-1.734,0.6816260140039958,0.43562424953921786
"{'ar': '12000', 'sample_fmt': 'fltp', 'compression_level': '9', 'reservoir': '1', 'b:a': '190k'}",90.640625,-3.742,-2.811,0.6022061390103772,-0.8793620504333841
"{'ar': '44100', 'sample_fmt': 'fltp', 'compression_level': '4', 'reservoir': '1', 'b:a': '150k', 'abr': 'True'}",201.830078125,-2.693,-0.817,0.8190699350088835,2.0003167023804815
"{'ar': '44100', 'sample_fmt': 's32p', 'compression_level': '9', 'reservoir': '1', 'b:a': '286k', 'abr': 'True'}",393.3837890625,-2.594,-0.709,0.7295347070030402,1.9660123868154664
"{'ar': '22050', 'sample_fmt': 's16p', 'compression_level': '8', 'reservoir': '0', 'b:a': '246k', 'abr': 'True'}",223.35546875,-3.677,-2.554,0.6313302950002253,-0.8607643096130675
"{'ar': '44100', 'sample_fmt': 'fltp', 'compression_level': '8', 'reservoir': '1', 'b:a': '126k', 'abr': 'True'}",166.62890625,-2.967,-1.147,0.664871317014331,1.3253789896727701
"{'ar': '44100', 'sample_fmt': 's16p', 'compression_level': '4', 'reservoir': '1', 'b:a': '128k'}",178.4443359375,-2.832,-0.978,0.786906657012878,1.6653596211801225
"{'ar': '44100', 'sample_fmt': 's16p', 'compression_level': '7', 'reservoir': '1', 'aq': '9'}",97.146484375,-3.315,-1.67,0.6569393380195834,0.46103279162422234
"{'ar': '44100', 'sample_fmt': 's16p', 'compression_level': '7', 'reservoir': '1', 'b:a': '32k'}",44.771484375,-3.291,-1.629,0.6660548810032196,0.6127842721532033
"{'ar': '44100', 'sample_fmt': 's16p', 'compression_level': '8', 'reservoir': '0', 'b:a': '141k', 'abr': 'True'}",217.501953125,-2.817,-0.96,0.6787074180028867,1.6516614010638095
"{'ar': '44100', 'sample_fmt': 'fltp', 'compression_level': '4', 'reservoir': '1', 'b:a': '127k', 'abr': 'True'}",168.4091796875,-2.86,-1.011,0.9722109020221978,1.5920276057831018
"{'ar': '16000', 'sample_fmt': 's16p', 'compression_level': '0', 'reservoir': '1', 'b:a': '287k', 'abr': 'True'}",132.51171875,-3.74,-2.801,1.262354516016785,-0.9871532869046477
"{'ar': '44100', 'sample_fmt': 's16p', 'compression_level': '7', 'reservoir': '1', 'b:a': '231k', 'abr': 'True'}",317.9287109375,-2.602,-0.717,0.9675610470003448,2.0476569999579457
"{'ar': '44100', 'sample_fmt': 's16p', 'compression_level': '7', 'reservoir': '1', 'b:a': '141k', 'abr': 'True'}",187.6083984375,-2.817,-0.96,0.7252613150049001,1.6959205552342869
"{'ar': '12000', 'sample_fmt': 'fltp', 'compression_level': '7', 'reservoir': '1', 'b:a': '193k'}",90.640625,-3.742,-2.811,0.6532008450012654,-0.8831312164883641
"{'ar': '44100', 'sample_fmt': 'fltp', 'compression_level': '8', 'reservoir': '0', 'b:a': '36k', 'abr': 'True'}",59.2392578125,-3.256,-1.568,0.9027294229890686,0.6729960461432508
"{'ar': '44100', 'sample_fmt': 's16p', 'compression_level': '8', 'reservoir': '1', 'b:a': '141k', 'abr': 'True'}",187.6083984375,-2.817,-0.96,0.7259944719844498,1.6958663654836728
"{'ar': '44100', 'sample_fmt': 's32p', 'compression_level': '4', 'reservoir': '1', 'b:a': '149k'}",223.037109375,-2.656,-0.776,0.8937441300076898,2.0600995024074487
"{'ar': '44100', 'sample_fmt': 'fltp', 'compression_level': '9', 'reservoir': '1', 'b:a': '112k', 'abr': 'True'}",146.25,-3.181,-1.449,0.7474456389900297,0.7579184458933305
"{'ar': '44100', 'sample_fmt': 's16p', 'compression_level': '7', 'reservoir': '1', 'b:a': '142k', 'abr': 'True'}",189.2998046875,-2.805,-0.945,0.7297222799970768,1.7255830455061085
"{'ar': '44100', 'sample_fmt': 's16p', 'compression_level': '8', 'reservoir': '1', 'b:a': '114k', 'abr': 'True'}",149.4013671875,-3.141,-1.388,0.7363308249914553,0.8661519252252179
"{'ar': '44100', 'sample_fmt': 's16p', 'compression_level': '4', 'reservoir': '1', 'b:a': '127k', 'abr': 'True'}",168.5126953125,-2.868,-1.022,0.8298231210210361,1.5802771766578378
"{'ar': '44100', 'sample_fmt': 'fltp', 'compression_level': '8', 'reservoir': '0', 'b:a': '36k', 'abr': 'True'}",59.2392578125,-3.256,-1.568,0.7248698979965411,0.6861421575116834
"{'ar': '44100', 'sample_fmt': 'fltp', 'compression_level': '0', 'reservoir': '1', 'b:a': '36k', 'abr': 'True'}",53.3232421875,-3.09,-1.313,1.1163933180214372,1.1338550822109768
"{'ar': '44100', 'sample_fmt': 'fltp', 'compression_level': '8', 'reservoir': '1', 'b:a': '127k', 'abr': 'True'}",167.8515625,-2.955,-1.131,0.6865471219934989,1.354832507576682
"{'ar': '44100', 'sample_fmt': 's16p', 'compression_level': '8', 'reservoir': '0', 'b:a': '141k', 'abr': 'True'}",217.501953125,-2.817,-0.96,0.7209868210193235,1.6485364082321448
"{'ar': '44100', 'sample_fmt': 's16p', 'compression_level': '8', 'reservoir': '1', 'b:a': '153k', 'abr': 'True'}",205.564453125,-2.751,-0.883,0.6883248680096585,1.8480649885018121
"{'ar': '44100', 'sample_fmt': 'fltp', 'compression_level': '4', 'reservoir': '1', 'b:a': '41k'}",55.8935546875,-3.308,-1.659,0.8413698659860529,0.533006445645593
"{'ar': '44100', 'sample_fmt': 's16p', 'compression_level': '7', 'reservoir': '1', 'b:a': '32k', 'abr': 'True'}",48.193359375,-3.355,-1.744,0.7571836109855212,0.4151947810515698
"{'ar': '44100', 'sample_fmt': 's16p', 'compression_level': '4', 'reservoir': '1', 'b:a': '115k'}",156.1484375,-2.943,-1.116,0.9558953669911716,1.3862895931118817
"{'ar': '44100', 'sample_fmt': 's16p', 'compression_level': '4', 'reservoir': '1', 'b:a': '150k'}",223.037109375,-2.664,-0.784,0.9479981940239668,2.0349262578186353
"{'ar': '44100', 'sample_fmt': 's16p', 'compression_level': '8', 'reservoir': '1', 'b:a': '286k', 'abr': 'True'}",393.283203125,-2.596,-0.71,0.7073552029905841,1.9628369053761723
"{'ar': '44100', 'sample_fmt': 's16p', 'compression_level': '4', 'reservoir': '1', 'b:a': '32k'}",44.771484375,-3.322,-1.684,0.7586962089990266,0.516358598523115
"{'ar': '44100', 'sample_fmt': 'fltp', 'compression_level': '8', 'reservoir': '0', 'b:a': '35k', 'abr': 'True'}",56.953125,-3.411,-1.854,0.7296123950218316,0.2380780574974932
"{'ar': '44100', 'sample_fmt': 'fltp', 'compression_level': '7', 'reservoir': '1', 'b:a': '36k'}",44.771484375,-3.207,-1.49,0.6885651210031938,0.8506839723730395
"{'ar': '44100', 'sample_fmt': 's32p', 'compression_level': '8', 'reservoir': '1', 'b:a': '186k'}",267.6279296875,-2.63,-0.747,0.6903686790028587,2.073706253415468
"{'ar': '44100', 'sample_fmt': 's16p', 'compression_level': '0', 'reservoir': '1', 'b:a': '274k', 'abr': 'True'}",350.859375,-2.588,-0.702,1.1788981909921858,2.0168411717513846
"{'ar': '8000', 'sample_fmt': 's32p', 'compression_level': '9', 'reservoir': '1', 'aq': '9'}",36.8515625,-3.855,-3.486,0.6272413510014303,-1.2716005732613225
"{'ar': '44100', 'sample_fmt': 's32p', 'compression_level': '8', 'reservoir': '1', 'b:a': '151k', 'abr': 'True'}",202.6982421875,-2.762,-0.896,0.7037249319837429,1.8217699611105247
"{'ar': '44100', 'sample_fmt': 's16p', 'compression_level': '8', 'reservoir': '0', 'b:a': '141k', 'abr': 'True'}",217.501953125,-2.817,-0.96,0.6768004980112892,1.65180234702991
"{'ar': '44100', 'sample_fmt': 's32p', 'compression_level': '8', 'reservoir': '1', 'b:a': '167k', 'abr': 'True'}",225.26171875,-2.687,-0.81,0.7371006699977443,1.9851740838300291
"{'ar': '44100', 'sample_fmt': 'fltp', 'compression_level': '9', 'reservoir': '1', 'b:a': '127k', 'abr': 'True'}",167.8515625,-2.955,-1.131,0.7246596380136907,1.352015501401985
"{'ar': '44100', 'sample_fmt': 's16p', 'compression_level': '7', 'reservoir': '1', 'b:a': '234k', 'abr': 'True'}",322.40625,-2.597,-0.711,0.6891583969991188,2.07463233321408
"{'ar': '44100', 'sample_fmt': 's16p', 'compression_level': '4', 'reservoir': '1', 'b:a': '33k', 'abr': 'True'}",48.9296875,-3.365,-1.763,0.7488917100126855,0.3853396385492641
"{'ar': '44100', 'sample_fmt': 'fltp', 'compression_level': '8', 'reservoir': '1', 'b:a': '150k', 'abr': 'True'}",200.861328125,-2.772,-0.906,0.6895001849916298,1.7992984895590314
"{'ar': '44100', 'sample_fmt': 'fltp', 'compression_level': '4', 'reservoir': '1', 'b:a': '150k', 'abr': 'True'}",201.830078125,-2.693,-0.817,0.8394385100109503,1.9988112021526772
"{'ar': '44100', 'sample_fmt': 'fltp', 'compression_level': '8', 'reservoir': '1', 'b:a': '114k', 'abr': 'True'}",149.4501953125,-3.139,-1.384,0.6698874019784853,0.8769067465872803
"{'ar': '44100', 'sample_fmt': 's16p', 'compression_level': '0', 'reservoir': '1', 'b:a': '32k', 'abr': 'True'}",48.26953125,-3.138,-1.383,1.150814678025199,1.0054558229453208
"{'ar': '44100', 'sample_fmt': 'fltp', 'compression_level': '0', 'reservoir': '1', 'b:a': '134k', 'abr': 'True'}",177.06640625,-2.915,-1.079,1.6388922800251748,1.3793394760991855
"{'ar': '44100', 'sample_fmt': 'fltp', 'compression_level': '4', 'reservoir': '1', 'b:a': '116k', 'abr': 'True'}",152.80078125,-2.953,-1.128,1.7279274619941134,1.3074833277180382
"{'ar': '44100', 'sample_fmt': 's16p', 'compression_level': '7', 'reservoir': '1', 'b:a': '32k', 'abr': 'True'}",48.193359375,-3.355,-1.744,0.9043623199977446,0.40431637743603044
"{'ar': '44100', 'sample_fmt': 's32p', 'compression_level': '8', 'reservoir': '1', 'b:a': '125k'}",178.4443359375,-2.916,-1.081,0.931625821016496,1.4264560152488612
"{'ar': '44100', 'sample_fmt': 's32p', 'compression_level': '9', 'reservoir': '1', 'b:a': '128k', 'abr': 'True'}",169.32421875,-2.937,-1.108,1.054722947999835,1.3744641275402754
"{'ar': '16000', 'sample_fmt': 's16p', 'compression_level': '7', 'reservoir': '1', 'b:a': '192k', 'abr': 'True'}",220.68359375,-3.766,-2.926,0.6591713909583632,-1.1832737045174333
"{'ar': '44100', 'sample_fmt': 'fltp', 'compression_level': '8', 'reservoir': '1', 'b:a': '126k', 'abr': 'True'}",166.62890625,-2.967,-1.147,0.890177441004198,1.308725963088531
"{'ar': '44100', 'sample_fmt': 's16p', 'compression_level': '7', 'reservoir': '1', 'b:a': '143k', 'abr': 'True'}",190.8896484375,-2.799,-0.939,0.738922165997792,1.7382385754220366
"{'ar': '16000', 'sample_fmt': 's16p', 'compression_level': '7', 'reservoir': '1', 'b:a': '32k', 'abr': 'True'}",42.79296875,-3.446,-1.926,0.7284118229872547,0.15650082570004922
"{'ar': '44100', 'sample_fmt': 's32p', 'compression_level': '5', 'reservoir': '1', 'b:a': '190k', 'abr': 'True'}",261.765625,-2.622,-0.738,1.0572634810232557,2.0774208990372682
"{'ar': '44100', 'sample_fmt': 'fltp', 'compression_level': '8', 'reservoir': '0', 'b:a': '36k', 'abr': 'True'}",59.2392578125,-3.256,-1.568,0.7485070039983839,0.6843950707141632
"{'ar': '44100', 'sample_fmt': 's16p', 'compression_level': '7', 'reservoir': '1', 'b:a': '143k', 'abr': 'True'}",190.8896484375,-2.799,-0.939,0.7158489860012196,1.739943980819198
"{'ar': '44100', 'sample_fmt': 's16p', 'compression_level': '7', 'reservoir': '1', 'b:a': '187k', 'abr': 'True'}",255.1630859375,-2.646,-0.765,0.6951425439910963,2.050285856522297
"{'ar': '44100', 'sample_fmt': 's16p', 'compression_level': '7', 'reservoir': '1', 'b:a': '127k', 'abr': 'True'}",167.7998046875,-2.959,-1.136,0.7114206520200241,1.3421795778257848
"{'ar': '44100', 'sample_fmt': 'fltp', 'compression_level': '4', 'reservoir': '1', 'b:a': '128k', 'abr': 'True'}",169.6787109375,-2.859,-1.01,0.9528314170020167,1.5940796496747414
"{'ar': '44100', 'sample_fmt': 'fltp', 'compression_level': '4', 'reservoir': '1', 'b:a': '116k', 'abr': 'True'}",152.80078125,-2.953,-1.128,0.8356615839875303,1.3734332767186312
"{'ar': '44100', 'sample_fmt': 's32p', 'compression_level': '7', 'reservoir': '1', 'b:a': '286k', 'abr': 'True'}",393.3837890625,-2.594,-0.709,0.9175123879977036,1.9521184133032838
"{'ar': '44100', 'sample_fmt': 'fltp', 'compression_level': '7', 'reservoir': '1', 'b:a': '132k', 'abr': 'True'}",175.12890625,-2.907,-1.07,0.7305155709909741,1.4710504517191252
"{'ar': '44100', 'sample_fmt': 'fltp', 'compression_level': '7', 'reservoir': '1', 'b:a': '36k'}",44.771484375,-3.207,-1.49,0.7190749869914725,0.8484289000279699
"{'ar': '44100', 'sample_fmt': 's16p', 'compression_level': '7', 'reservoir': '1', 'b:a': '164k', 'abr': 'True'}",221.27734375,-2.7,-0.825,0.863781799969729,1.947147373663216
"{'ar': '44100', 'sample_fmt': 's16p', 'compression_level': '7', 'reservoir': '1', 'b:a': '109k', 'abr': 'True'}",142.1875,-3.229,-1.524,0.9139744429849088,0.6165958115008116
"{'ar': '44100', 'sample_fmt': 's16p', 'compression_level': '7', 'reservoir': '1', 'b:a': '170k', 'abr': 'True'}",229.55078125,-2.677,-0.799,0.8929705760383513,1.9935788043661853
"{'ar': '44100', 'sample_fmt': 's16p', 'compression_level': '7', 'reservoir': '1', 'b:a': '128k', 'abr': 'True'}",169.376953125,-2.945,-1.117,1.0510177940013818,1.353175211428004
"{'ar': '44100', 'sample_fmt': 's16p', 'compression_level': '7', 'reservoir': '1', 'b:a': '142k', 'abr': 'True'}",189.2998046875,-2.805,-0.945,0.96142197898007,1.708457451321649
"{'ar': '16000', 'sample_fmt': 's16p', 'compression_level': '7', 'reservoir': '1', 'b:a': '233k', 'abr': 'True'}",220.68359375,-3.766,-2.926,0.8049822270113509,-1.1940510046904624
"{'ar': '44100', 'sample_fmt': 's16p', 'compression_level': '7', 'reservoir': '1', 'b:a': '127k', 'abr': 'True'}",167.7998046875,-2.959,-1.136,0.8071407030220143,1.3351046322994369
"{'ar': '44100', 'sample_fmt': 'fltp', 'compression_level': '9', 'reservoir': '1', 'b:a': '112k', 'abr': 'True'}",146.25,-3.181,-1.449,0.7906892540049739,0.7547221853670304
"{'ar': '44100', 'sample_fmt': 's32p', 'compression_level': '4', 'reservoir': '0', 'b:a': '127k'}",178.4443359375,-2.823,-0.966,0.8922930329863448,1.6823251510829025
"{'ar': '44100', 'sample_fmt': 's16p', 'compression_level': '9', 'reservoir': '1', 'b:a': '111k', 'abr': 'True'}",144.9296875,-3.189,-1.46,0.823381081019761,0.7323030687148849
"{'ar': '44100', 'sample_fmt': 's16p', 'compression_level': '7', 'reservoir': '1', 'b:a': '32k', 'abr': 'True'}",48.193359375,-3.355,-1.744,0.6844086789933499,0.4205737865382841
"{'ar': '44100', 'sample_fmt': 'fltp', 'compression_level': '4', 'reservoir': '1', 'b:a': '233k', 'abr': 'True'}",313.029296875,-2.602,-0.717,0.8670091959938873,2.062906899399045
"{'ar': '44100', 'sample_fmt': 's16p', 'compression_level': '7', 'reservoir': '1', 'b:a': '128k', 'abr': 'True'}",169.376953125,-2.945,-1.117,0.7922995379776694,1.372297825226041
"{'ar': '44100', 'sample_fmt': 's16p', 'compression_level': '7', 'reservoir': '1', 'b:a': '172k', 'abr': 'True'}",232.3984375,-2.668,-0.789,0.7180946069711354,2.0260845128231892
"{'ar': '44100', 'sample_fmt': 's32p', 'compression_level': '4', 'reservoir': '1', 'b:a': '268k'}",356.8115234375,-2.589,-0.702,0.9101309629913885,2.0248789636653477
"{'ar': '8000', 'sample_fmt': 's32p', 'compression_level': '9', 'reservoir': '1', 'b:a': '169k', 'abr': 'True'}",90.21875,-3.858,-3.51,0.6938771089771762,-1.3762427622593922
"{'ar': '44100', 'sample_fmt': 'fltp', 'compression_level': '4', 'reservoir': '1', 'b:a': '36k', 'abr': 'True'}",52.611328125,-3.249,-1.557,0.7525635949859861,0.7144507965292392
"{'ar': '44100', 'sample_fmt': 'fltp', 'compression_level': '4', 'reservoir': '1', 'b:a': '128k', 'abr': 'True'}",169.6787109375,-2.859,-1.01,0.8711900059715845,1.600114002244429
"{'ar': '44100', 'sample_fmt': 's16p', 'compression_level': '4', 'reservoir': '1', 'b:a': '127k', 'abr': 'True'}",168.5126953125,-2.868,-1.022,0.8742628709878772,1.5769925063413397
"{'ar': '44100', 'sample_fmt': 's16p', 'compression_level': '8', 'reservoir': '1', 'b:a': '186k'}",267.6279296875,-2.634,-0.752,0.7364851320162416,2.0594006097414623
"{'ar': '44100', 'sample_fmt': 's16p', 'compression_level': '7', 'reservoir': '1', 'b:a': '36k'}",44.771484375,-3.211,-1.495,0.7477131860214286,0.8354151246044926
"{'ar': '44100', 'sample_fmt': 's16p', 'compression_level': '4', 'reservoir': '1', 'b:a': '115k'}",156.1484375,-2.943,-1.116,0.8813308609824162,1.3918008711846441
"{'ar': '44100', 'sample_fmt': 's16p', 'compression_level': '7', 'reservoir': '1', 'b:a': '160k', 'abr': 'True'}",215.2353515625,-2.715,-0.841,0.9312350870168302,1.91180629732822
"{'ar': '44100', 'sample_fmt': 'fltp', 'compression_level': '5', 'reservoir': '1', 'b:a': '128k', 'abr': 'True'}",172.0185546875,-2.859,-1.01,0.8270784629858099,1.5996408079760986
"{'ar': '44100', 'sample_fmt': 's16p', 'compression_level': '4', 'reservoir': '1', 'aq': '9'}",103.81640625,-3.341,-1.719,0.7571237869851757,0.36694906549639317
"{'ar': '44100', 'sample_fmt': 's16p', 'compression_level': '8', 'reservoir': '1', 'b:a': '159k', 'abr': 'True'}",214.109375,-2.715,-0.841,0.7882038039970212,1.9241748336552937
"{'ar': '44100', 'sample_fmt': 'fltp', 'compression_level': '4', 'reservoir': '1', 'b:a': '127k', 'abr': 'True'}",168.4091796875,-2.86,-1.011,0.8764598089910578,1.5991048457155115
"{'ar': '44100', 'sample_fmt': 's16p', 'compression_level': '7', 'reservoir': '1', 'b:a': '32k', 'abr': 'True'}",48.193359375,-3.355,-1.744,0.6811376349942293,0.4208155588510421
"{'ar': '44100', 'sample_fmt': 's32p', 'compression_level': '4', 'reservoir': '1', 'b:a': '167k'}",223.037109375,-2.656,-0.776,0.9070943740080111,2.0591127473015223
"{'ar': '44100', 'sample_fmt': 's16p', 'compression_level': '7', 'reservoir': '1', 'b:a': '127k', 'abr': 'True'}",167.7998046875,-2.959,-1.136,0.7085480810201261,1.342391897847892
"{'ar': '44100', 'sample_fmt': 'fltp', 'compression_level': '7', 'reservoir': '1', 'b:a': '132k', 'abr': 'True'}",175.12890625,-2.907,-1.07,0.8376115869614296,1.4631346757542325
"{'ar': '44100', 'sample_fmt': 's32p', 'compression_level': '4', 'reservoir': '1', 'b:a': '172k', 'abr': 'True'}",229.3427734375,-2.643,-0.762,0.8433634499961045,2.0884671686596645
"{'ar': '44100', 'sample_fmt': 's16p', 'compression_level': '9', 'reservoir': '1', 'b:a': '272k', 'abr': 'True'}",374.1416015625,-2.596,-0.71,0.7140145860030316,1.9928882672784558
"{'ar': '8000', 'sample_fmt': 's32p', 'compression_level': '8', 'reservoir': '1', 'aq': '9'}",36.8515625,-3.855,-3.486,0.6281164210231509,-1.2716652522149021
"{'ar': '44100', 'sample_fmt': 'fltp', 'compression_level': '7', 'reservoir': '1', 'b:a': '36k'}",44.771484375,-3.207,-1.49,0.706237451027846,0.8493777594015749
"{'ar': '44100', 'sample_fmt': 's16p', 'compression_level': '7', 'reservoir': '1', 'b:a': '149k', 'abr': 'True'}",199.6796875,-2.773,-0.908,0.715842621983029,1.796276091401645
"{'ar': '44100', 'sample_fmt': 'fltp', 'compression_level': '4', 'reservoir': '1', 'b:a': '128k', 'abr': 'True'}",169.6787109375,-2.859,-1.01,0.8168899790034629,1.604127474122653
"{'ar': '44100', 'sample_fmt': 'fltp', 'compression_level': '4', 'reservoir': '1', 'b:a': '150k', 'abr': 'True'}",201.830078125,-2.693,-0.817,0.9654165579704568,1.9894998006490296
"{'ar': '44100', 'sample_fmt': 'fltp', 'compression_level': '7', 'reservoir': '1', 'b:a': '132k', 'abr': 'True'}",175.12890625,-2.907,-1.07,1.268696904007811,1.431271914468741
"{'ar': '44100', 'sample_fmt': 's16p', 'compression_level': '9', 'reservoir': '1', 'b:a': '111k', 'abr': 'True'}",144.9296875,-3.189,-1.46,1.1084346260176972,0.7112339376201806
"{'ar': '44100', 'sample_fmt': 's32p', 'compression_level': '0', 'reservoir': '1', 'b:a': '32k'}",44.771484375,-3.12,-1.357,1.4743310020130593,1.0372663060098033
"{'ar': '44100', 'sample_fmt': 's16p', 'compression_level': '1', 'reservoir': '1', 'b:a': '149k'}",223.037109375,-2.682,-0.805,1.6227077219809871,1.9364930195727492
"{'ar': '44100', 'sample_fmt': 'fltp', 'compression_level': '8', 'reservoir': '1', 'b:a': '127k', 'abr': 'True'}",167.8515625,-2.955,-1.131,0.8180270310258493,1.3451144476250247
"{'ar': '44100', 'sample_fmt': 's16p', 'compression_level': '7', 'reservoir': '1', 'b:a': '32k'}",44.771484375,-3.291,-1.629,0.7686163019970991,0.605203661204496
"{'ar': '44100', 'sample_fmt': 's16p', 'compression_level': '5', 'reservoir': '1', 'b:a': '190k'}",267.6279296875,-2.629,-0.746,0.8942237870069221,2.061284129645202
"{'ar': '44100', 'sample_fmt': 's16p', 'compression_level': '4', 'reservoir': '1', 'b:a': '174k', 'abr': 'True'}",231.8876953125,-2.657,-0.777,0.9973729079938494,2.0356720370392236
"{'ar': '44100', 'sample_fmt': 's16p', 'compression_level': '7', 'reservoir': '1', 'b:a': '143k', 'abr': 'True'}",190.8896484375,-2.799,-0.939,0.7975584680098109,1.7339045969268425
"{'ar': '44100', 'sample_fmt': 's16p', 'compression_level': '5', 'reservoir': '1', 'b:a': '32k'}",44.771484375,-3.296,-1.637,0.9631166380422655,0.5766542229587295
"{'ar': '44100', 'sample_fmt': 's32p', 'compression_level': '8', 'reservoir': '1', 'b:a': '186k'}",267.6279296875,-2.63,-0.747,0.8598096989735495,2.061182378076157
"{'ar': '44100', 'sample_fmt': 's16p', 'compression_level': '7', 'reservoir': '1', 'b:a': '187k', 'abr': 'True'}",255.1630859375,-2.646,-0.765,0.7686423679988366,2.044853272172335
"{'ar': '44100', 'sample_fmt': 's16p', 'compression_level': '4', 'reservoir': '1', 'b:a': '127k', 'abr': 'True'}",168.5126953125,-2.868,-1.022,1.7067514460068196,1.515460870514658
"{'ar': '16000', 'sample_fmt': 's16p', 'compression_level': '9', 'reservoir': '1', 'b:a': '113k', 'abr': 'True'}",157.19140625,-3.77,-2.947,0.9115754110098351,-1.1165617563799581
"{'ar': '44100', 'sample_fmt': 's16p', 'compression_level': '0', 'reservoir': '1', 'b:a': '36k', 'abr': 'True'}",53.34765625,-3.109,-1.341,1.3959200890094507,1.0600538399532642
"{'ar': '12000', 'sample_fmt': 'fltp', 'compression_level': '4', 'reservoir': '1', 'b:a': '129k'}",90.453125,-3.754,-2.869,0.7401332430017646,-0.9355132958114837
"{'ar': '16000', 'sample_fmt': 's16p', 'compression_level': '7', 'reservoir': '1', 'b:a': '191k', 'abr': 'True'}",220.68359375,-3.766,-2.926,0.636144932010211,-1.181571752407948
"{'ar': '44100', 'sample_fmt': 's16p', 'compression_level': '7', 'reservoir': '1', 'b:a': '142k', 'abr': 'True'}",189.2998046875,-2.805,-0.945,0.7473697699897457,1.7242786685331764
"{'ar': '44100', 'sample_fmt': 'fltp', 'compression_level': '0', 'reservoir': '1', 'b:a': '150k', 'abr': 'True'}",201.3701171875,-2.771,-0.906,1.6214512730075512,1.7319333731647586
"{'ar': '44100', 'sample_fmt': 's32p', 'compression_level': '8', 'reservoir': '1', 'b:a': '149k'}",223.037109375,-2.692,-0.815,0.8774224249937106,1.9651252467137486
"{'ar': '44100', 'sample_fmt': 's16p', 'compression_level': '9', 'reservoir': '1', 'b:a': '104k', 'abr': 'True'}",135.4833984375,-3.293,-1.631,0.8657788340060506,0.44798551451387986
"{'ar': '44100', 'sample_fmt': 'fltp', 'compression_level': '9', 'reservoir': '1', 'b:a': '111k', 'abr': 'True'}",144.9306640625,-3.189,-1.462,0.9013551340030972,0.7259073060912916
"{'ar': '44100', 'sample_fmt': 'fltp', 'compression_level': '8', 'reservoir': '1', 'b:a': '190k'}",267.6279296875,-2.63,-0.747,0.9189782750036102,2.0568090576704297
"{'ar': '44100', 'sample_fmt': 's16p', 'compression_level': '7', 'reservoir': '1', 'b:a': '127k', 'abr': 'True'}",167.7998046875,-2.959,-1.136,1.2535750059760176,1.302107383118835
"{'ar': '22050', 'sample_fmt': 's16p', 'compression_level': '8', 'reservoir': '0', 'b:a': '246k', 'abr': 'True'}",223.35546875,-3.677,-2.554,1.006711688998621,-0.8885098330049002
"{'ar': '44100', 'sample_fmt': 's32p', 'compression_level': '4', 'reservoir': '1', 'b:a': '272k', 'abr': 'True'}",359.814453125,-2.581,-0.695,1.1543546389730182,2.022883729092408
"{'ar': '16000', 'sample_fmt': 's16p', 'compression_level': '7', 'reservoir': '1', 'b:a': '164k', 'abr': 'True'}",220.68359375,-3.766,-2.926,0.9542085829889402,-1.2050807558093253
"{'ar': '32000', 'sample_fmt': 's32p', 'compression_level': '9', 'reservoir': '1', 'b:a': '32k', 'abr': 'True'}",46.73046875,-3.442,-1.918,0.7093142209923826,0.16347287386546475
"{'ar': '44100', 'sample_fmt': 'fltp', 'compression_level': '8', 'reservoir': '1', 'b:a': '149k'}",223.037109375,-2.691,-0.815,0.8252075930067804,1.9713145336435742
"{'ar': '44100', 'sample_fmt': 's16p', 'compression_level': '7', 'reservoir': '1', 'b:a': '170k', 'abr': 'True'}",229.55078125,-2.677,-0.799,0.7782129989936948,2.0020608684460477
"{'ar': '44100', 'sample_fmt': 'fltp', 'compression_level': '8', 'reservoir': '0', 'b:a': '140k', 'abr': 'True'}",214.0166015625,-2.833,-0.98,0.7521910039940849,1.608203295481145
"{'ar': '44100', 'sample_fmt': 's16p', 'compression_level': '7', 'reservoir': '1', 'b:a': '127k', 'abr': 'True'}",167.7998046875,-2.959,-1.136,0.7879709090047982,1.3365215271611028
"{'ar': '44100', 'sample_fmt': 's16p', 'compression_level': '7', 'reservoir': '1', 'b:a': '127k', 'abr': 'True'}",167.7998046875,-2.959,-1.136,0.7374010949861258,1.3402592882228077
"{'ar': '44100', 'sample_fmt': 's16p', 'compression_level': '7', 'reservoir': '1', 'b:a': '165k', 'abr': 'True'}",222.40234375,-2.698,-0.822,0.8816004609980155,1.9496414731609018
"{'ar': '44100', 'sample_fmt': 's32p', 'compression_level': '9', 'reservoir': '1', 'b:a': '113k', 'abr': 'True'}",147.62109375,-3.164,-1.423,0.7484768279828131,0.8034652838167431
"{'ar': '22050', 'sample_fmt': 'fltp', 'compression_level': '8', 'reservoir': '1', 'b:a': '150k', 'abr': 'True'}",206.9482421875,-3.677,-2.555,0.8304531479952857,-0.8496170826666174
"{'ar': '44100', 'sample_fmt': 'fltp', 'compression_level': '7', 'reservoir': '1', 'b:a': '133k', 'abr': 'True'}",176.65625,-2.904,-1.066,1.077798073994927,1.4511963173249127
"{'ar': '44100', 'sample_fmt': 's16p', 'compression_level': '7', 'reservoir': '1', 'b:a': '127k', 'abr': 'True'}",167.7998046875,-2.959,-1.136,0.9107018649810925,1.327450127607515
"{'ar': '12000', 'sample_fmt': 'fltp', 'compression_level': '8', 'reservoir': '1', 'b:a': '190k'}",90.640625,-3.742,-2.811,0.8133663150074426,-0.8949695091306447
"{'ar': '44100', 'sample_fmt': 's32p', 'compression_level': '7', 'reservoir': '1', 'b:a': '170k', 'abr': 'True'}",229.6513671875,-2.677,-0.798,0.8717240320111159,1.9953041548092108
"{'ar': '8000', 'sample_fmt': 's32p', 'compression_level': '8', 'reservoir': '1', 'aq': '9'}",36.8515625,-3.855,-3.486,0.6787433399877045,-1.2754072340681462
"{'ar': '16000', 'sample_fmt': 's16p', 'compression_level': '0', 'reservoir': '1', 'b:a': '32k'}",44.97265625,-3.27,-1.592,0.870779383025365,0.6579321455653258
"{'ar': '44100', 'sample_fmt': 's16p', 'compression_level': '9', 'reservoir': '1', 'b:a': '111k', 'abr': 'True'}",144.9296875,-3.189,-1.46,0.7065509200037923,0.7409383234642293
"{'ar': '44100', 'sample_fmt': 'fltp', 'compression_level': '0', 'reservoir': '1', 'b:a': '148k', 'abr': 'True'}",198.814453125,-2.79,-0.928,1.3373292100150138,1.705802734533572
"{'ar': '44100', 'sample_fmt': 's16p', 'compression_level': '8', 'reservoir': '1', 'b:a': '152k', 'abr': 'True'}",204.1826171875,-2.757,-0.89,0.8244389120081905,1.8240215170621166
"{'ar': '44100', 'sample_fmt': 's16p', 'compression_level': '7', 'reservoir': '1', 'b:a': '142k', 'abr': 'True'}",189.2998046875,-2.805,-0.945,0.7371491309895646,1.7250341054914082
"{'ar': '44100', 'sample_fmt': 's32p', 'compression_level': '7', 'reservoir': '1', 'b:a': '165k', 'abr': 'True'}",222.501953125,-2.697,-0.821,0.7257916679955088,1.9636442043098168
"{'ar': '44100', 'sample_fmt': 's32p', 'compression_level': '4', 'reservoir': '1', 'b:a': '172k', 'abr': 'True'}",229.3427734375,-2.643,-0.762,0.9287957860215101,2.0821526178707623
"{'ar': '44100', 'sample_fmt': 's16p', 'compression_level': '7', 'reservoir': '1', 'b:a': '114k', 'abr': 'True'}",149.4013671875,-3.141,-1.388,0.9216447189974133,0.8524548399056513
"{'ar': '44100', 'sample_fmt': 'fltp', 'compression_level': '0', 'reservoir': '1', 'b:a': '148k', 'abr': 'True'}",198.814453125,-2.79,-0.928,1.7427316560060717,1.6758382684513795
"{'ar': '44100', 'sample_fmt': 's16p', 'compression_level': '7', 'reservoir': '1', 'b:a': '127k', 'abr': 'True'}",167.7998046875,-2.959,-1.136,0.9180009800184052,1.3269106289263195
"{'ar': '44100', 'sample_fmt': 's16p', 'compression_level': '7', 'reservoir': '0', 'b:a': '187k', 'abr': 'True'}",272.74609375,-2.646,-0.764,0.807239424000727,2.0142593273989453
"{'ar': '44100', 'sample_fmt': 's16p', 'compression_level': '7', 'reservoir': '1', 'aq': '9'}",97.146484375,-3.315,-1.67,0.9077331589942332,0.4424958957161397
"{'ar': '44100', 'sample_fmt': 'fltp', 'compression_level': '7', 'reservoir': '1', 'b:a': '171k', 'abr': 'True'}",231.080078125,-2.669,-0.79,0.7475557749858126,2.0233652159240783
"{'ar': '44100', 'sample_fmt': 'fltp', 'compression_level': '8', 'reservoir': '1', 'b:a': '191k', 'abr': 'True'}",260.7529296875,-2.631,-0.749,0.7844597160001285,2.0747610525422675
"{'ar': '44100', 'sample_fmt': 's32p', 'compression_level': '4', 'reservoir': '1', 'b:a': '273k', 'abr': 'True'}",360.6357421875,-2.585,-0.699,0.8439894450129941,2.0339316304209465
"{'ar': '44100', 'sample_fmt': 'fltp', 'compression_level': '7', 'reservoir': '1', 'b:a': '186k', 'abr': 'True'}",253.537109375,-2.645,-0.764,0.8917875039915089,2.0409911688758764
"{'ar': '44100', 'sample_fmt': 's16p', 'compression_level': '7', 'reservoir': '1', 'b:a': '142k', 'abr': 'True'}",189.2998046875,-2.805,-0.945,0.8572212700091768,1.71615922678101
"{'ar': '44100', 'sample_fmt': 's16p', 'compression_level': '7', 'reservoir': '1', 'b:a': '234k', 'abr': 'True'}",322.40625,-2.597,-0.711,0.7684638589853421,2.0687706373873334
"{'ar': '44100', 'sample_fmt': 's32p', 'compression_level': '4', 'reservoir': '1', 'b:a': '187k', 'abr': 'True'}",254.04296875,-2.623,-0.739,0.850380779011175,2.1023895702808884
"{'ar': '32000', 'sample_fmt': 's16p', 'compression_level': '7', 'reservoir': '1', 'b:a': '185k', 'abr': 'True'}",257.5625,-3.179,-1.445,0.7391828620166052,0.5868334643153722
"{'ar': '44100', 'sample_fmt': 'fltp', 'compression_level': '9', 'reservoir': '1', 'b:a': '124k', 'abr': 'True'}",163.5791015625,-3.027,-1.226,0.9417177299910691,1.1450654523191504
"{'ar': '44100', 'sample_fmt': 's16p', 'compression_level': '0', 'reservoir': '1', 'b:a': '143k', 'abr': 'True'}",186.185546875,-2.843,-0.991,1.717101685993839,1.5545235672153226
"{'ar': '44100', 'sample_fmt': 'fltp', 'compression_level': '4', 'reservoir': '1', 'b:a': '116k', 'abr': 'True'}",152.80078125,-2.953,-1.128,0.7791501780448016,1.3776101980060407
"{'ar': '44100', 'sample_fmt': 's32p', 'compression_level': '0', 'reservoir': '1', 'b:a': '198k'}",267.6279296875,-2.627,-0.744,1.1604367330437526,2.0468983541457373
"{'ar': '44100', 'sample_fmt': 's16p', 'compression_level': '8', 'reservoir': '1', 'b:a': '246k', 'abr': 'True'}",339.3701171875,-2.606,-0.721,0.7584705869667232,2.0183166019010517
"{'ar': '44100', 'sample_fmt': 's16p', 'compression_level': '7', 'reservoir': '1', 'b:a': '171k', 'abr': 'True'}",231.0771484375,-2.671,-0.792,0.7303999540163204,2.0193471345263307
"{'ar': '16000', 'sample_fmt': 's16p', 'compression_level': '0', 'reservoir': '1', 'b:a': '32k', 'abr': 'True'}",43.8125,-3.269,-1.591,0.9007288409629837,0.6602151111111856
"{'ar': '44100', 'sample_fmt': 's32p', 'compression_level': '4', 'reservoir': '1', 'b:a': '189k', 'abr': 'True'}",256.0732421875,-2.625,-0.742,0.8667367239831947,2.0923347687648692
"{'ar': '44100', 'sample_fmt': 'fltp', 'compression_level': '4', 'reservoir': '1', 'b:a': '116k', 'abr': 'True'}",152.80078125,-2.953,-1.128,0.8690410669951234,1.3709661026886941
"{'ar': '44100', 'sample_fmt': 's16p', 'compression_level': '7', 'reservoir': '1', 'b:a': '164k', 'abr': 'True'}",221.27734375,-2.7,-0.825,0.8055353880336042,1.9514525342564206
"{'ar': '44100', 'sample_fmt': 'fltp', 'compression_level': '7', 'reservoir': '1', 'b:a': '132k', 'abr': 'True'}",175.12890625,-2.907,-1.07,0.8135409870010335,1.4649138033426912
"{'ar': '32000', 'sample_fmt': 's32p', 'compression_level': '9', 'reservoir': '1', 'b:a': '274k', 'abr': 'True'}",378.5,-3.176,-1.441,0.807937669014791,0.39702755657647826
"{'ar': '44100', 'sample_fmt': 'fltp', 'compression_level': '8', 'reservoir': '1', 'b:a': '150k', 'abr': 'True'}",200.861328125,-2.772,-0.906,0.8311290550045669,1.7888302905786644
"{'ar': '44100', 'sample_fmt': 's16p', 'compression_level': '0', 'reservoir': '1', 'b:a': '32k', 'abr': 'True'}",48.26953125,-3.138,-1.383,1.4331199059961364,0.984589827902589
"{'ar': '44100', 'sample_fmt': 's16p', 'compression_level': '7', 'reservoir': '1', 'b:a': '127k', 'abr': 'True'}",167.7998046875,-2.959,-1.136,0.7508458559750579,1.3392655470931725
"{'ar': '44100', 'sample_fmt': 's16p', 'compression_level': '9', 'reservoir': '1', 'b:a': '32k', 'abr': 'True'}",48.193359375,-3.355,-1.744,0.9867873109760694,0.3982241082084552
"{'ar': '44100', 'sample_fmt': 's16p', 'compression_level': '9', 'reservoir': '1', 'b:a': '114k', 'abr': 'True'}",149.4013671875,-3.141,-1.388,0.872860954987118,0.8560605888509362
"{'ar': '12000', 'sample_fmt': 'fltp', 'compression_level': '8', 'reservoir': '1', 'b:a': '32k', 'abr': 'True'}",42.78125,-3.777,-2.982,0.6425301590352319,-0.9414662165794999
"{'ar': '44100', 'sample_fmt': 's16p', 'compression_level': '7', 'reservoir': '0', 'b:a': '36k', 'abr': 'True'}",59.2646484375,-3.251,-1.561,0.7258121890190523,0.699889893183043
"{'ar': '44100', 'sample_fmt': 's16p', 'compression_level': '7', 'reservoir': '1', 'b:a': '169k', 'abr': 'True'}",228.224609375,-2.678,-0.8,0.9559317300154362,1.9883958928453316
"{'ar': '44100', 'sample_fmt': 'fltp', 'compression_level': '7', 'reservoir': '1', 'b:a': '38k', 'abr': 'True'}",55.7353515625,-3.272,-1.595,0.7236172940465622,0.6460294178567011
"{'ar': '44100', 'sample_fmt': 'fltp', 'compression_level': '0', 'reservoir': '1', 'b:a': '32k', 'abr': 'True'}",48.244140625,-3.132,-1.375,1.3118922600115184,1.0100939226836014
"{'ar': '44100', 'sample_fmt': 's16p', 'compression_level': '8', 'reservoir': '1', 'b:a': '114k', 'abr': 'True'}",149.4013671875,-3.141,-1.388,1.0416557170101441,0.8435844803037216
"{'ar': '44100', 'sample_fmt': 'fltp', 'compression_level': '4', 'reservoir': '1', 'b:a': '148k', 'abr': 'True'}",199.17578125,-2.703,-0.828,1.0162792740156874,1.9632063370682753
"{'ar': '44100', 'sample_fmt': 's16p', 'compression_level': '4', 'reservoir': '1', 'b:a': '127k', 'abr': 'True'}",168.5126953125,-2.868,-1.022,0.9059525429911446,1.5746502311249768
"{'ar': '44100', 'sample_fmt': 'fltp', 'compression_level': '4', 'reservoir': '1', 'b:a': '149k', 'abr': 'True'}",200.552734375,-2.7,-0.825,0.9898642800399102,1.97089777896129
"{'ar': '44100', 'sample_fmt': 's32p', 'compression_level': '8', 'reservoir': '1', 'b:a': '149k'}",223.037109375,-2.692,-0.815,0.9076725319609977,1.9628893739084228
"{'ar': '22050', 'sample_fmt': 'fltp', 'compression_level': '4', 'reservoir': '1', 'b:a': '150k', 'abr': 'True'}",188.09375,-3.676,-2.552,0.8180152669956442,-0.8153360040106102
"{'ar': '44100', 'sample_fmt': 'fltp', 'compression_level': '9', 'reservoir': '1', 'b:a': '110k', 'abr': 'True'}",143.609375,-3.215,-1.502,0.7655207830248401,0.6648588295170721
"{'ar': '44100', 'sample_fmt': 's32p', 'compression_level': '9', 'reservoir': '1', 'b:a': '268k', 'abr': 'True'}",369.2216796875,-2.598,-0.712,0.9958164620329626,1.9746192291475348
"{'ar': '44100', 'sample_fmt': 'fltp', 'compression_level': '8', 'reservoir': '0', 'b:a': '36k', 'abr': 'True'}",59.2392578125,-3.256,-1.568,0.7121496319887228,0.6870823491240353
"{'ar': '16000', 'sample_fmt': 's32p', 'compression_level': '0', 'reservoir': '1', 'b:a': '32k'}",44.97265625,-3.267,-1.587,0.9303595689998474,0.6620955074330791
"{'ar': '44100', 'sample_fmt': 'fltp', 'compression_level': '8', 'reservoir': '0', 'b:a': '38k', 'abr': 'True'}",61.5771484375,-3.272,-1.595,0.7701944259752054,0.633265218947289
"{'ar': '44100', 'sample_fmt': 's16p', 'compression_level': '5', 'reservoir': '1', 'b:a': '111k', 'abr': 'True'}",147.92578125,-3.026,-1.224,0.9462857720209286,1.1726661189987517
"{'ar': '44100', 'sample_fmt': 'fltp', 'compression_level': '8', 'reservoir': '1', 'b:a': '150k', 'abr': 'True'}",200.861328125,-2.772,-0.906,0.8242818530125078,1.7893363870610064
"{'ar': '44100', 'sample_fmt': 's16p', 'compression_level': '7', 'reservoir': '1', 'b:a': '142k', 'abr': 'True'}",189.2998046875,-2.805,-0.945,0.7082721230108291,1.7271684885832979
"{'ar': '44100', 'sample_fmt': 's16p', 'compression_level': '7', 'reservoir': '1', 'b:a': '187k'}",267.6279296875,-2.634,-0.752,0.7596306990308221,2.0576898540106576
"{'ar': '44100', 'sample_fmt': 'fltp', 'compression_level': '8', 'reservoir': '0', 'b:a': '36k', 'abr': 'True'}",59.2392578125,-3.256,-1.568,1.1086802769859787,0.6577736234859265
"{'ar': '44100', 'sample_fmt': 'fltp', 'compression_level': '8', 'reservoir': '1', 'b:a': '36k', 'abr': 'True'}",53.220703125,-3.256,-1.568,0.8203880010114517,0.6886857332467512
"{'ar': '44100', 'sample_fmt': 's16p', 'compression_level': '7', 'reservoir': '1', 'b:a': '171k', 'abr': 'True'}",231.0771484375,-2.671,-0.792,0.7347233620239422,2.0190275789491876
"{'ar': '44100', 'sample_fmt': 's32p', 'compression_level': '4', 'reservoir': '1', 'b:a': '113k'}",156.1484375,-2.943,-1.115,1.151958508999087,1.3721134582238776
"{'ar': '44100', 'sample_fmt': 's32p', 'compression_level': '9', 'reservoir': '1', 'b:a': '274k', 'abr': 'True'}",377.00390625,-2.6,-0.714,0.8035292929853313,1.9711231133893785
"{'ar': '16000', 'sample_fmt': 's16p', 'compression_level': '7', 'reservoir': '1', 'b:a': '111k', 'abr': 'True'}",154.37890625,-3.768,-2.932,0.6641945150040556,-1.0843975611085646
"{'ar': '16000', 'sample_fmt': 's16p', 'compression_level': '0', 'reservoir': '1', 'b:a': '32k', 'abr': 'True'}",43.8125,-3.269,-1.591,0.8832320469955448,0.6615083497054983
"{'ar': '44100', 'sample_fmt': 'fltp', 'compression_level': '8', 'reservoir': '1', 'b:a': '142k', 'abr': 'True'}",189.2998046875,-2.81,-0.951,0.7298435529810376,1.71203164223287
"{'ar': '44100', 'sample_fmt': 's16p', 'compression_level': '9', 'reservoir': '1', 'b:a': '111k', 'abr': 'True'}",144.9296875,-3.189,-1.46,0.7508805660181679,0.737661791248973
"{'ar': '44100', 'sample_fmt': 's16p', 'compression_level': '7', 'reservoir': '1', 'b:a': '179k', 'abr': 'True'}",243.48046875,-2.658,-0.778,0.9413212279905565,2.018671404133359
"{'ar': '44100', 'sample_fmt': 's16p', 'compression_level': '7', 'reservoir': '1', 'b:a': '143k', 'abr': 'True'}",190.8896484375,-2.799,-0.939,0.8486984150367789,1.7301246956872518
"{'ar': '44100', 'sample_fmt': 'fltp', 'compression_level': '9', 'reservoir': '1', 'b:a': '133k', 'abr': 'True'}",176.65625,-2.904,-1.066,0.760617113992339,1.4746400784859504
"{'ar': '12000', 'sample_fmt': 'fltp', 'compression_level': '0', 'reservoir': '1', 'b:a': '190k', 'abr': 'True'}",68.65625,-3.766,-2.927,0.8933483280125074,-0.9583132051627875
"{'ar': '12000', 'sample_fmt': 'fltp', 'compression_level': '8', 'reservoir': '1', 'b:a': '190k'}",90.640625,-3.742,-2.811,0.6441950750013348,-0.8824655740079709
"{'ar': '44100', 'sample_fmt': 's32p', 'compression_level': '9', 'reservoir': '1', 'b:a': '271k', 'abr': 'True'}",373.013671875,-2.601,-0.716,1.2055473329965025,1.9448150196446414
"{'ar': '44100', 'sample_fmt': 's32p', 'compression_level': '7', 'reservoir': '1', 'b:a': '231k', 'abr': 'True'}",317.822265625,-2.6,-0.715,2.0069130299962126,1.9762961354817659
"{'ar': '44100', 'sample_fmt': 'fltp', 'compression_level': '8', 'reservoir': '0', 'b:a': '37k', 'abr': 'True'}",60.6123046875,-3.268,-1.589,1.5449231039965525,0.5887548528118982
"{'ar': '44100', 'sample_fmt': 'fltp', 'compression_level': '7', 'reservoir': '1', 'b:a': '133k', 'abr': 'True'}",176.65625,-2.904,-1.066,1.001311050989898,1.4568496941834546
"{'ar': '44100', 'sample_fmt': 's16p', 'compression_level': '7', 'reservoir': '1', 'b:a': '140k', 'abr': 'True'}",186.3251953125,-2.828,-0.973,0.8665600910026114,1.6577940407480365
"{'ar': '16000', 'sample_fmt': 's16p', 'compression_level': '7', 'reservoir': '1', 'b:a': '127k', 'abr': 'True'}",176.59765625,-3.769,-2.94,0.6629300859931391,-1.1246113816059546
"{'ar': '44100', 'sample_fmt': 's16p', 'compression_level': '9', 'reservoir': '1', 'b:a': '111k', 'abr': 'True'}",144.9296875,-3.189,-1.46,0.685989302030066,0.7424580920558137
"{'ar': '44100', 'sample_fmt': 's16p', 'compression_level': '9', 'reservoir': '1', 'b:a': '135k', 'abr': 'True'}",179.365234375,-2.88,-1.036,0.6969631160027348,1.5404045592448505
"{'ar': '44100', 'sample_fmt': 'fltp', 'compression_level': '4', 'reservoir': '1', 'b:a': '128k', 'abr': 'True'}",169.6787109375,-2.859,-1.01,0.9356999500305392,1.5953458858952707
"{'ar': '44100', 'sample_fmt': 'fltp', 'compression_level': '4', 'reservoir': '1', 'b:a': '128k', 'abr': 'True'}",169.6787109375,-2.859,-1.01,0.8786705700040329,1.599561092143756
"{'ar': '44100', 'sample_fmt': 's16p', 'compression_level': '8', 'reservoir': '0', 'b:a': '144k', 'abr': 'True'}",224.572265625,-2.802,-0.942,0.7010466339706909,1.6793557165593076
"{'ar': '44100', 'sample_fmt': 's32p', 'compression_level': '8', 'reservoir': '1', 'b:a': '114k', 'abr': 'True'}",149.4501953125,-3.139,-1.384,0.793458654981805,0.8677732382526175
"{'ar': '44100', 'sample_fmt': 'fltp', 'compression_level': '7', 'reservoir': '1', 'b:a': '171k', 'abr': 'True'}",231.080078125,-2.669,-0.79,0.7230624050134793,2.025175591665597
"{'ar': '44100', 'sample_fmt': 's16p', 'compression_level': '9', 'reservoir': '1', 'b:a': '171k', 'abr': 'True'}",231.0771484375,-2.671,-0.792,0.7289990200079046,2.0194506816065068
"{'ar': '44100', 'sample_fmt': 'fltp', 'compression_level': '8', 'reservoir': '0', 'b:a': '36k', 'abr': 'True'}",59.2392578125,-3.256,-1.568,0.7756091940100305,0.68239186954607
"{'ar': '44100', 'sample_fmt': 'fltp', 'compression_level': '8', 'reservoir': '1', 'b:a': '32k', 'abr': 'True'}",48.16796875,-3.35,-1.734,1.04403980699135,0.40883719900443194
"{'ar': '12000', 'sample_fmt': 'fltp', 'compression_level': '8', 'reservoir': '1', 'b:a': '172k', 'abr': 'True'}",88.53125,-3.742,-2.811,0.776886117993854,-0.8889072973387436
"{'ar': '44100', 'sample_fmt': 's16p', 'compression_level': '4', 'reservoir': '1', 'b:a': '163k', 'abr': 'True'}",218.3134765625,-2.673,-0.795,1.0437731350248214,2.0109451058833105
"{'ar': '22050', 'sample_fmt': 's16p', 'compression_level': '8', 'reservoir': '0', 'b:a': '246k', 'abr': 'True'}",223.35546875,-3.677,-2.554,0.7161061090009753,-0.8670303349622874
"{'ar': '44100', 'sample_fmt': 's16p', 'compression_level': '0', 'reservoir': '1', 'b:a': '32k', 'abr': 'True'}",48.26953125,-3.138,-1.383,1.355868186976295,0.9902997256529645
"{'ar': '8000', 'sample_fmt': 's16p', 'compression_level': '8', 'reservoir': '0', 'b:a': '141k', 'abr': 'True'}",91.34375,-3.858,-3.51,0.7012460479745641,-1.3785825445144777
"{'ar': '44100', 'sample_fmt': 's32p', 'compression_level': '4', 'reservoir': '1', 'b:a': '166k', 'abr': 'True'}",222.095703125,-2.661,-0.781,0.8664702779788058,2.0503905790172423
"{'ar': '44100', 'sample_fmt': 's32p', 'compression_level': '4', 'reservoir': '1', 'b:a': '172k', 'abr': 'True'}",229.3427734375,-2.643,-0.762,0.9155326210020576,2.0831329367176217
"{'ar': '44100', 'sample_fmt': 'fltp', 'compression_level': '7', 'reservoir': '1', 'b:a': '297k', 'abr': 'True'}",407.8544921875,-2.591,-0.705,0.7921105620043818,1.9465484829019275
"{'ar': '44100', 'sample_fmt': 's32p', 'compression_level': '4', 'reservoir': '1', 'b:a': '172k', 'abr': 'True'}",229.3427734375,-2.643,-0.762,1.1427210500114597,2.0663407835309853
"{'ar': '44100', 'sample_fmt': 's16p', 'compression_level': '7', 'reservoir': '1', 'b:a': '114k', 'abr': 'True'}",149.4013671875,-3.141,-1.388,0.6875133460271172,0.8697601661401662
"{'ar': '44100', 'sample_fmt': 'fltp', 'compression_level': '0', 'reservoir': '1', 'b:a': '32k', 'abr': 'True'}",48.244140625,-3.132,-1.375,1.1084003059950192,1.0251346009390576
"{'ar': '44100', 'sample_fmt': 's16p', 'compression_level': '7', 'reservoir': '1', 'b:a': '170k', 'abr': 'True'}",229.55078125,-2.677,-0.799,0.8442165169981308,1.9971823577313075
"{'ar': '44100', 'sample_fmt': 'fltp', 'compression_level': '8', 'reservoir': '1', 'b:a': '112k', 'abr': 'True'}",146.25,-3.181,-1.449,0.8414782960026059,0.7509682205320016
"{'ar': '44100', 'sample_fmt': 's16p', 'compression_level': '7', 'reservoir': '1', 'b:a': '32k', 'abr': 'True'}",48.193359375,-3.355,-1.744,0.834806152008241,0.4094574747755732
"{'ar': '44100', 'sample_fmt': 's16p', 'compression_level': '7', 'reservoir': '1', 'b:a': '143k'}",178.4443359375,-2.914,-1.079,0.8584921809961088,1.437152326373618
"{'ar': '44100', 'sample_fmt': 'fltp', 'compression_level': '4', 'reservoir': '1', 'b:a': '148k'}",223.037109375,-2.656,-0.776,0.9787208529887721,2.053818627295021
"{'ar': '44100', 'sample_fmt': 'fltp', 'compression_level': '0', 'reservoir': '1', 'b:a': '36k', 'abr': 'True'}",53.3232421875,-3.09,-1.313,1.2147800529783126,1.1265830343688727
"{'ar': '44100', 'sample_fmt': 'fltp', 'compression_level': '9', 'reservoir': '1', 'b:a': '112k', 'abr': 'True'}",146.25,-3.181,-1.449,1.0853388989926316,0.7329437787967912
"{'ar': '44100', 'sample_fmt': 's32p', 'compression_level': '4', 'reservoir': '1', 'b:a': '148k'}",223.037109375,-2.656,-0.776,1.012473520997446,2.051323870083438
"{'ar': '44100', 'sample_fmt': 'fltp', 'compression_level': '0', 'reservoir': '1', 'b:a': '166k'}",223.037109375,-2.7,-0.825,1.5894321700034197,1.8907044625216005
"{'ar': '44100', 'sample_fmt': 's16p', 'compression_level': '7', 'reservoir': '0', 'b:a': '294k'}",445.9951171875,-2.591,-0.704,1.1628986739960965,1.858598275248083
"{'ar': '44100', 'sample_fmt': 's16p', 'compression_level': '7', 'reservoir': '1', 'b:a': '149k', 'abr': 'True'}",199.6796875,-2.773,-0.908,1.0791143090173136,1.7694256314392012
"{'ar': '44100', 'sample_fmt': 's32p', 'compression_level': '9', 'reservoir': '1', 'b:a': '272k', 'abr': 'True'}",374.34375,-2.599,-0.714,0.950654696993297,1.9668233047161063
"{'ar': '44100', 'sample_fmt': 'fltp', 'compression_level': '4', 'reservoir': '1', 'b:a': '148k', 'abr': 'True'}",199.17578125,-2.703,-0.828,0.9308467289956752,1.9695209033045729
"{'ar': '44100', 'sample_fmt': 's16p', 'compression_level': '0', 'reservoir': '1', 'b:a': '141k', 'abr': 'True'}",184.333984375,-2.861,-1.013,1.394500369031448,1.532443469314281
"{'ar': '44100', 'sample_fmt': 's16p', 'compression_level': '4', 'reservoir': '1', 'b:a': '149k', 'abr': 'True'}",200.5517578125,-2.695,-0.819,0.8111433720041532,1.9976515555420056
"{'ar': '44100', 'sample_fmt': 's16p', 'compression_level': '7', 'reservoir': '1', 'b:a': '140k'}",178.4443359375,-2.914,-1.079,0.852113069006009,1.4376238249714979
"{'ar': '44100', 'sample_fmt': 's16p', 'compression_level': '7', 'reservoir': '1', 'b:a': '32k'}",44.771484375,-3.291,-1.629,0.6947793310100678,0.6106611650617902
"{'ar': '44100', 'sample_fmt': 's16p', 'compression_level': '7', 'reservoir': '1', 'b:a': '143k', 'abr': 'True'}",190.8896484375,-2.799,-0.939,0.7692468769673724,1.7359971884193537
"{'ar': '44100', 'sample_fmt': 's16p', 'compression_level': '7', 'reservoir': '1', 'b:a': '129k', 'abr': 'True'}",170.900390625,-2.93,-1.099,0.7674810030148365,1.4123286584610568
"{'ar': '44100', 'sample_fmt': 'fltp', 'compression_level': '0', 'reservoir': '1', 'b:a': '148k', 'abr': 'True'}",198.814453125,-2.79,-0.928,1.49478152897791,1.6941649787238047
"{'ar': '44100', 'sample_fmt': 'fltp', 'compression_level': '7', 'reservoir': '1', 'b:a': '132k', 'abr': 'True'}",175.12890625,-2.907,-1.07,0.7577329949999694,1.469038733273351
"{'ar': '44100', 'sample_fmt': 's16p', 'compression_level': '4', 'reservoir': '1', 'b:a': '127k', 'abr': 'True'}",168.5126953125,-2.868,-1.022,0.9886780009837821,1.568535753512257
"{'ar': '44100', 'sample_fmt': 'fltp', 'compression_level': '7', 'reservoir': '1', 'b:a': '127k', 'abr': 'True'}",167.8515625,-2.955,-1.131,0.7203500499890652,1.3523340355042557
"{'ar': '44100', 'sample_fmt': 's32p', 'compression_level': '4', 'reservoir': '1', 'b:a': '149k'}",223.037109375,-2.656,-0.776,0.9348468489770312,2.05706148169341
"{'ar': '44100', 'sample_fmt': 's16p', 'compression_level': '7', 'reservoir': '1', 'b:a': '187k', 'abr': 'True'}",255.1630859375,-2.646,-0.765,0.7876512150105555,2.043448273368858
"{'ar': '12000', 'sample_fmt': 'fltp', 'compression_level': '0', 'reservoir': '1', 'b:a': '43k', 'abr': 'True'}",57.546875,-3.761,-2.901,0.8962205790157896,-0.9209470572314586
"{'ar': '22050', 'sample_fmt': 'fltp', 'compression_level': '0', 'reservoir': '1', 'b:a': '145k', 'abr': 'True'}",147.5791015625,-3.679,-2.563,1.293278030003421,-0.7962761133789584
"{'ar': '44100', 'sample_fmt': 's16p', 'compression_level': '7', 'reservoir': '1', 'b:a': '140k', 'abr': 'True'}",186.3251953125,-2.828,-0.973,0.7731061700324062,1.6647014900563748
"{'ar': '44100', 'sample_fmt': 's32p', 'compression_level': '0', 'reservoir': '1', 'b:a': '32k', 'abr': 'True'}",48.244140625,-3.132,-1.375,1.140567827038467,1.0227570065195215
"{'ar': '44100', 'sample_fmt': 's16p', 'compression_level': '8', 'reservoir': '0', 'b:a': '142k', 'abr': 'True'}",221.2958984375,-2.805,-0.945,0.7117466419877019,1.6758566424768644
"{'ar': '44100', 'sample_fmt': 's16p', 'compression_level': '9', 'reservoir': '1', 'b:a': '112k', 'abr': 'True'}",146.30078125,-3.181,-1.448,0.7229839639912825,0.7599609075328221
"{'ar': '44100', 'sample_fmt': 's16p', 'compression_level': '7', 'reservoir': '1', 'b:a': '126k', 'abr': 'True'}",166.578125,-2.971,-1.152,0.7232932650076691,1.3102448411547907
"{'ar': '12000', 'sample_fmt': 'fltp', 'compression_level': '8', 'reservoir': '1', 'b:a': '190k'}",90.640625,-3.742,-2.811,0.6178851820004638,-0.8805209338010687
"{'ar': '44100', 'sample_fmt': 'fltp', 'compression_level': '4', 'reservoir': '1', 'b:a': '148k', 'abr': 'True'}",199.17578125,-2.703,-0.828,0.8643874370027333,1.9744331015916374
"{'ar': '44100', 'sample_fmt': 's32p', 'compression_level': '4', 'reservoir': '1', 'b:a': '172k', 'abr': 'True'}",229.3427734375,-2.643,-0.762,0.9051139540097211,2.083903010496901
"{'ar': '44100', 'sample_fmt': 's32p', 'compression_level': '5', 'reservoir': '1', 'b:a': '190k', 'abr': 'True'}",261.765625,-2.622,-0.738,0.8163385439838748,2.0952283572202663
"{'ar': '44100', 'sample_fmt': 'fltp', 'compression_level': '9', 'reservoir': '1', 'b:a': '111k', 'abr': 'True'}",144.9306640625,-3.189,-1.462,0.7602787049836479,0.7363346725617035
"{'ar': '44100', 'sample_fmt': 'fltp', 'compression_level': '8', 'reservoir': '0', 'b:a': '189k', 'abr': 'True'}",273.361328125,-2.64,-0.758,0.8014279340277426,2.02957954117001
"{'ar': '44100', 'sample_fmt': 's16p', 'compression_level': '7', 'reservoir': '1', 'b:a': '187k'}",267.6279296875,-2.634,-0.752,0.8234741589985788,2.0529709994263023
"{'ar': '44100', 'sample_fmt': 'fltp', 'compression_level': '0', 'reservoir': '1', 'b:a': '148k', 'abr': 'True'}",198.814453125,-2.79,-0.928,1.3261952309985645,1.7066256790912513
"{'ar': '12000', 'sample_fmt': 'fltp', 'compression_level': '8', 'reservoir': '1', 'b:a': '190k', 'abr': 'True'}",88.53125,-3.742,-2.811,0.6984859990188852,-0.8831125180296984
"{'ar': '44100', 'sample_fmt': 's32p', 'compression_level': '8', 'reservoir': '1', 'b:a': '132k', 'abr': 'True'}",175.12890625,-2.907,-1.07,0.7498293019889388,1.4696229180593459
"{'ar': '44100', 'sample_fmt': 's32p', 'compression_level': '0', 'reservoir': '1', 'b:a': '32k'}",44.771484375,-3.12,-1.357,1.178261551016476,1.0591496545443015
"{'ar': '44100', 'sample_fmt': 's32p', 'compression_level': '8', 'reservoir': '0', 'b:a': '36k', 'abr': 'True'}",59.2392578125,-3.256,-1.568,0.8323970460041892,0.6781945153322845
"{'ar': '44100', 'sample_fmt': 's16p', 'compression_level': '4', 'reservoir': '1', 'b:a': '127k', 'abr': 'True'}",168.5126953125,-2.868,-1.022,0.8093443750112783,1.5817908199431294
"{'ar': '44100', 'sample_fmt': 'fltp', 'compression_level': '7', 'reservoir': '1', 'b:a': '32k', 'abr': 'True'}",48.16796875,-3.35,-1.734,0.6815388560062274,0.43563069163865203
"{'ar': '44100', 'sample_fmt': 's32p', 'compression_level': '4', 'reservoir': '1', 'b:a': '149k', 'abr': 'True'}",200.5498046875,-2.7,-0.825,0.8353876269829925,1.9823202695052313
"{'ar': '44100', 'sample_fmt': 's16p', 'compression_level': '4', 'reservoir': '1', 'b:a': '171k', 'abr': 'True'}",228.1259765625,-2.645,-0.764,0.885477288014954,2.0820052204318023
"{'ar': '22050', 'sample_fmt': 'fltp', 'compression_level': '8', 'reservoir': '1', 'b:a': '175k', 'abr': 'True'}",219.953125,-3.677,-2.553,0.7248151110252365,-0.861929584551885
"{'ar': '44100', 'sample_fmt': 's16p', 'compression_level': '7', 'reservoir': '1', 'b:a': '171k', 'abr': 'True'}",231.0771484375,-2.671,-0.792,0.6981738359900191,2.021729060018169
"{'ar': '44100', 'sample_fmt': 's16p', 'compression_level': '1', 'reservoir': '1', 'b:a': '33k', 'abr': 'True'}",49.5390625,-3.17,-1.431,1.1882011459965724,0.910966720601277
"{'ar': '16000', 'sample_fmt': 's16p', 'compression_level': '7', 'reservoir': '1', 'aq': '9'}",61.7421875,-3.805,-3.137,0.6350743069779128,-1.0853047426462388
"{'ar': '44100', 'sample_fmt': 'fltp', 'compression_level': '8', 'reservoir': '1', 'b:a': '187k'}",267.6279296875,-2.63,-0.747,0.7096865139901638,2.0722784164179795
"{'ar': '44100', 'sample_fmt': 's32p', 'compression_level': '8', 'reservoir': '1', 'b:a': '41k', 'abr': 'True'}",59.2666015625,-3.311,-1.663,0.7013675250054803,0.5297205245030937
"{'ar': '22050', 'sample_fmt': 'fltp', 'compression_level': '0', 'reservoir': '1', 'b:a': '32k', 'abr': 'True'}",45.2734375,-3.69,-2.603,0.8885731960181147,-0.6413653350854454
"{'ar': '44100', 'sample_fmt': 'fltp', 'compression_level': '7', 'reservoir': '1', 'b:a': '36k'}",44.771484375,-3.207,-1.49,0.6778728669742122,0.8514742677606522
"{'ar': '44100', 'sample_fmt': 's32p', 'compression_level': '4', 'reservoir': '1', 'b:a': '172k', 'abr': 'True'}",229.3427734375,-2.643,-0.762,0.8872945790062658,2.085220091987595
"{'ar': '8000', 'sample_fmt': 's32p', 'compression_level': '8', 'reservoir': '1', 'b:a': '167k', 'abr': 'True'}",90.21875,-3.858,-3.51,0.6270955619984306,-1.3713067451752599
"{'ar': '44100', 'sample_fmt': 's16p', 'compression_level': '7', 'reservoir': '1', 'b:a': '130k', 'abr': 'True'}",172.326171875,-2.921,-1.087,0.694124222965911,1.4402305427762552
"{'ar': '44100', 'sample_fmt': 's16p', 'compression_level': '4', 'reservoir': '1', 'b:a': '127k', 'abr': 'True'}",168.5126953125,-2.868,-1.022,0.7993570549879223,1.5825290116216733
"{'ar': '44100', 'sample_fmt': 's32p', 'compression_level': '4', 'reservoir': '1', 'b:a': '126k', 'abr': 'True'}",167.185546875,-2.869,-1.022,0.863667383993743,1.5775633953509784
"{'ar': '16000', 'sample_fmt': 's16p', 'compression_level': '0', 'reservoir': '1', 'b:a': '32k', 'abr': 'True'}",43.8125,-3.269,-1.591,1.46730872898479,0.6183375546105613
"{'ar': '44100', 'sample_fmt': 'fltp', 'compression_level': '4', 'reservoir': '1', 'b:a': '117k', 'abr': 'True'}",154.42578125,-2.949,-1.123,0.9344844229926821,1.3744330835703447
"{'ar': '44100', 'sample_fmt': 's16p', 'compression_level': '0', 'reservoir': '1', 'b:a': '143k', 'abr': 'True'}",186.185546875,-2.843,-0.991,1.3646188020065892,1.5805765955732776
"{'ar': '44100', 'sample_fmt': 'fltp', 'compression_level': '8', 'reservoir': '1', 'b:a': '190k'}",267.6279296875,-2.63,-0.747,0.6769015210156795,2.0747016499719537
"{'ar': '44100', 'sample_fmt': 'fltp', 'compression_level': '8', 'reservoir': '1', 'b:a': '150k', 'abr': 'True'}",200.861328125,-2.772,-0.906,0.7162379969959147,1.7973222206222323
"{'ar': '44100', 'sample_fmt': 's32p', 'compression_level': '0', 'reservoir': '1', 'b:a': '148k', 'abr': 'True'}",198.8125,-2.789,-0.927,1.3771161030163057,1.7055104830966297
"{'ar': '44100', 'sample_fmt': 'fltp', 'compression_level': '0', 'reservoir': '1', 'b:a': '188k', 'abr': 'True'}",255.154296875,-2.634,-0.752,1.2288149789965246,2.0429148227032425
"{'ar': '44100', 'sample_fmt': 'fltp', 'compression_level': '4', 'reservoir': '1', 'b:a': '116k', 'abr': 'True'}",152.80078125,-2.953,-1.128,0.8605728430266026,1.3715920135888142
"{'ar': '44100', 'sample_fmt': 's32p', 'compression_level': '8', 'reservoir': '1', 'b:a': '34k', 'abr': 'True'}",51.01171875,-3.386,-1.804,0.7517338040051982,0.31994485826755487
"{'ar': '44100', 'sample_fmt': 'fltp', 'compression_level': '4', 'reservoir': '1', 'aq': '9'}",103.837890625,-3.343,-1.721,0.7429432249919046,0.36267211745606676
"{'ar': '44100', 'sample_fmt': 's32p', 'compression_level': '4', 'reservoir': '1', 'b:a': '113k'}",156.1484375,-2.943,-1.115,0.8518151069874875,1.394297924248458
"{'ar': '44100', 'sample_fmt': 'fltp', 'compression_level': '9', 'reservoir': '1', 'b:a': '133k', 'abr': 'True'}",176.65625,-2.904,-1.066,0.7463512060057838,1.4756945129626586
"{'ar': '12000', 'sample_fmt': 'fltp', 'compression_level': '8', 'reservoir': '1', 'b:a': '190k'}",90.640625,-3.742,-2.811,0.7106198389956262,-0.887375220230896
"{'ar': '44100', 'sample_fmt': 's16p', 'compression_level': '4', 'reservoir': '1', 'b:a': '127k', 'abr': 'True'}",168.5126953125,-2.868,-1.022,0.8079693629988469,1.5818924510536878
"{'ar': '44100', 'sample_fmt': 's16p', 'compression_level': '7', 'reservoir': '1', 'b:a': '172k', 'abr': 'True'}",232.3984375,-2.668,-0.789,0.7962465299933683,2.0203080783941045
"{'ar': '44100', 'sample_fmt': 's16p', 'compression_level': '9', 'reservoir': '1', 'b:a': '111k', 'abr': 'True'}",144.9296875,-3.189,-1.46,0.7721868720254861,0.7360869806132544
"{'ar': '44100', 'sample_fmt': 'fltp', 'compression_level': '9', 'reservoir': '1', 'b:a': '150k', 'abr': 'True'}",200.861328125,-2.772,-0.906,0.8895147549919784,1.7845148348031548
"{'ar': '44100', 'sample_fmt': 'fltp', 'compression_level': '0', 'reservoir': '1', 'b:a': '148k', 'abr': 'True'}",198.814453125,-2.79,-0.928,1.826410919020418,1.6696532923537475
"{'ar': '44100', 'sample_fmt': 'fltp', 'compression_level': '9', 'reservoir': '1', 'b:a': '133k', 'abr': 'True'}",176.65625,-2.904,-1.066,3.5988075120258145,1.2648612259958638
"{'ar': '22050', 'sample_fmt': 's16p', 'compression_level': '8', 'reservoir': '1', 'b:a': '32k', 'abr': 'True'}",44.2578125,-3.719,-2.715,1.058788760972675,-0.7552254014352586
"{'ar': '44100', 'sample_fmt': 'fltp', 'compression_level': '7', 'reservoir': '1', 'b:a': '294k'}",445.9951171875,-2.585,-0.698,1.6341740819916595,1.839637325696179
"{'ar': '44100', 'sample_fmt': 's16p', 'compression_level': '0', 'reservoir': '1', 'b:a': '114k', 'abr': 'True'}",150.8701171875,-3.156,-1.41,2.981985740014352,0.6559362973175251
"{'ar': '44100', 'sample_fmt': 's16p', 'compression_level': '7', 'reservoir': '1', 'b:a': '126k', 'abr': 'True'}",166.578125,-2.971,-1.152,1.0735082149913069,1.284359442351615
"{'ar': '12000', 'sample_fmt': 'fltp', 'compression_level': '8', 'reservoir': '1', 'b:a': '191k'}",90.640625,-3.742,-2.811,0.7519594690238591,-0.8904307517257866
"{'ar': '22050', 'sample_fmt': 's16p', 'compression_level': '8', 'reservoir': '0', 'b:a': '246k', 'abr': 'True'}",223.35546875,-3.677,-2.554,0.7467623339616694,-0.8692962251218723
"{'ar': '44100', 'sample_fmt': 's32p', 'compression_level': '4', 'reservoir': '1', 'b:a': '32k'}",44.771484375,-3.317,-1.675,0.8342332789907232,0.5252642502981844
"{'ar': '44100', 'sample_fmt': 's16p', 'compression_level': '7', 'reservoir': '1', 'b:a': '127k'}",178.4443359375,-2.914,-1.079,0.8429126080009155,1.4383038576265887
"{'ar': '44100', 'sample_fmt': 's32p', 'compression_level': '8', 'reservoir': '1', 'b:a': '116k', 'abr': 'True'}",151.9384765625,-3.099,-1.326,0.7123980429896619,0.9812883011403147
"{'ar': '44100', 'sample_fmt': 's16p', 'compression_level': '7', 'reservoir': '1', 'b:a': '143k', 'abr': 'True'}",190.8896484375,-2.799,-0.939,0.904339369997615,1.726012111946843
"{'ar': '44100', 'sample_fmt': 'fltp', 'compression_level': '8', 'reservoir': '1', 'b:a': '42k'}",55.8935546875,-3.305,-1.653,0.7455392859992571,0.5489721246506425
"{'ar': '44100', 'sample_fmt': 'fltp', 'compression_level': '0', 'reservoir': '1', 'b:a': '148k', 'abr': 'True'}",198.814453125,-2.79,-0.928,1.3647085999837145,1.7037790447157597
"{'ar': '44100', 'sample_fmt': 's16p', 'compression_level': '0', 'reservoir': '1', 'b:a': '143k', 'abr': 'True'}",186.185546875,-2.843,-0.991,1.3869048230117187,1.5789293713714534
"{'ar': '44100', 'sample_fmt': 's32p', 'compression_level': '7', 'reservoir': '1', 'b:a': '113k', 'abr': 'True'}",147.62109375,-3.164,-1.423,0.7594967689947225,0.8026507681374607
"{'ar': '44100', 'sample_fmt': 's16p', 'compression_level': '7', 'reservoir': '1', 'b:a': '32k', 'abr': 'True'}",48.193359375,-3.355,-1.744,0.7308308760111686,0.4171425878325122
"{'ar': '44100', 'sample_fmt': 's32p', 'compression_level': '0', 'reservoir': '1', 'b:a': '41k', 'abr': 'True'}",59.3681640625,-3.233,-1.531,1.1102868810121436,0.7227097149669532
"{'ar': '44100', 'sample_fmt': 's32p', 'compression_level': '0', 'reservoir': '1', 'b:a': '32k'}",44.771484375,-3.12,-1.357,1.142497456021374,1.0617930821359167
"{'ar': '44100', 'sample_fmt': 's16p', 'compression_level': '8', 'reservoir': '0', 'b:a': '141k', 'abr': 'True'}",217.501953125,-2.817,-0.96,0.7349960780120455,1.6475009435719135
"{'ar': '44100', 'sample_fmt': 's32p', 'compression_level': '0', 'reservoir': '1', 'b:a': '32k', 'abr': 'True'}",48.244140625,-3.132,-1.375,1.183874479989754,1.0195560866772155
"{'ar': '22050', 'sample_fmt': 's16p', 'compression_level': '8', 'reservoir': '0', 'b:a': '246k', 'abr': 'True'}",223.35546875,-3.677,-2.554,0.7042480959789827,-0.866153874959361
"{'ar': '44100', 'sample_fmt': 'fltp', 'compression_level': '0', 'reservoir': '1', 'b:a': '148k', 'abr': 'True'}",198.814453125,-2.79,-0.928,1.3779232439992484,1.7028023121964881
"{'ar': '44100', 'sample_fmt': 's16p', 'compression_level': '7', 'reservoir': '1', 'b:a': '144k', 'abr': 'True'}",192.4296875,-2.802,-0.942,0.7921342400077265,1.7239119427273983
"{'ar': '8000', 'sample_fmt': 's32p', 'compression_level': '0', 'reservoir': '1', 'b:a': '35k', 'abr': 'True'}",44.09375,-3.852,-3.459,0.849275566986762,-1.2840606754069754
"{'ar': '44100', 'sample_fmt': 'fltp', 'compression_level': '7', 'reservoir': '1', 'b:a': '150k', 'abr': 'True'}",200.861328125,-2.772,-0.906,1.0604381389566697,1.7718813936581634
"{'ar': '44100', 'sample_fmt': 's32p', 'compression_level': '9', 'reservoir': '1', 'b:a': '271k', 'abr': 'True'}",373.013671875,-2.601,-0.716,1.2505734190053772,1.9414870115372198
"{'ar': '44100', 'sample_fmt': 's32p', 'compression_level': '7', 'reservoir': '1', 'b:a': '187k', 'abr': 'True'}",255.162109375,-2.644,-0.763,1.0381983119877987,2.030221964301772
"{'ar': '32000', 'sample_fmt': 's32p', 'compression_level': '5', 'reservoir': '1', 'b:a': '272k', 'abr': 'True'}",352.34375,-3.176,-1.441,0.9756920150248334,0.4263649505686614
"{'ar': '44100', 'sample_fmt': 'fltp', 'compression_level': '8', 'reservoir': '0', 'b:a': '177k', 'abr': 'True'}",271.2109375,-2.659,-0.779,0.6967250449815765,1.989856290937906
"{'ar': '44100', 'sample_fmt': 's16p', 'compression_level': '4', 'reservoir': '1', 'b:a': '171k', 'abr': 'True'}",228.1259765625,-2.645,-0.764,0.8888220639782958,2.08175799837654
"{'ar': '44100', 'sample_fmt': 's16p', 'compression_level': '7', 'reservoir': '1', 'b:a': '127k', 'abr': 'True'}",167.7998046875,-2.959,-1.136,0.7035288179758936,1.3427628860812728
"{'ar': '44100', 'sample_fmt': 's16p', 'compression_level': '7', 'reservoir': '1', 'b:a': '171k', 'abr': 'True'}",231.0771484375,-2.671,-0.792,0.6934302320005372,2.0220796734943725
"{'ar': '44100', 'sample_fmt': 's16p', 'compression_level': '4', 'reservoir': '1', 'b:a': '143k', 'abr': 'True'}",188.6884765625,-2.768,-0.902,0.8199712409987114,1.819660370240606
"{'ar': '44100', 'sample_fmt': 's32p', 'compression_level': '4', 'reservoir': '1', 'b:a': '149k', 'abr': 'True'}",200.5498046875,-2.7,-0.825,0.8981925959815271,1.977678172788846
"{'ar': '22050', 'sample_fmt': 's16p', 'compression_level': '8', 'reservoir': '0', 'b:a': '245k', 'abr': 'True'}",223.35546875,-3.677,-2.554,0.671708802023204,-0.863748801729739
"{'ar': '44100', 'sample_fmt': 'fltp', 'compression_level': '7', 'reservoir': '1', 'b:a': '171k', 'abr': 'True'}",231.080078125,-2.669,-0.79,0.6837266090151388,2.02808301399781
"{'ar': '44100', 'sample_fmt': 'fltp', 'compression_level': '9', 'reservoir': '1', 'b:a': '191k'}",267.6279296875,-2.63,-0.747,0.7289421779860277,2.070855174658094
"{'ar': '16000', 'sample_fmt': 's16p', 'compression_level': '4', 'reservoir': '1', 'b:a': '149k'}",201.9453125,-3.766,-2.926,0.67130092298612,-1.1542702210814437
"{'ar': '44100', 'sample_fmt': 's16p', 'compression_level': '7', 'reservoir': '1', 'b:a': '141k', 'abr': 'True'}",187.6083984375,-2.817,-0.96,0.7497769049950875,1.69410853714705
"{'ar': '44100', 'sample_fmt': 's16p', 'compression_level': '7', 'reservoir': '1', 'b:a': '114k', 'abr': 'True'}",149.4013671875,-3.141,-1.388,0.7266616109991446,0.8668666047679271
"{'ar': '44100', 'sample_fmt': 's16p', 'compression_level': '0', 'reservoir': '1', 'b:a': '32k', 'abr': 'True'}",48.26953125,-3.138,-1.383,1.1486843889870215,1.0056132787630174
"{'ar': '44100', 'sample_fmt': 's32p', 'compression_level': '4', 'reservoir': '1', 'b:a': '149k'}",223.037109375,-2.656,-0.776,0.8928703329875134,2.0601640872698064
"{'ar': '44100', 'sample_fmt': 's16p', 'compression_level': '7', 'reservoir': '1', 'b:a': '127k', 'abr': 'True'}",167.7998046875,-2.959,-1.136,0.6808339470298961,1.3444403295634861
"{'ar': '44100', 'sample_fmt': 'fltp', 'compression_level': '7', 'reservoir': '1', 'b:a': '115k'}",156.1484375,-3.068,-1.283,0.7057681049918756,1.060853437862458
"{'ar': '44100', 'sample_fmt': 'fltp', 'compression_level': '9', 'reservoir': '1', 'b:a': '132k', 'abr': 'True'}",175.12890625,-2.907,-1.07,0.71283714598394,1.4723571151883472
"{'ar': '44100', 'sample_fmt': 's32p', 'compression_level': '0', 'reservoir': '1', 'b:a': '141k', 'abr': 'True'}",184.228515625,-2.851,-1.001,1.3996599320089445,1.5593152831322499
"{'ar': '44100', 'sample_fmt': 's16p', 'compression_level': '0', 'reservoir': '1', 'b:a': '140k', 'abr': 'True'}",183.3125,-2.866,-1.019,1.3245992420124821,1.5256975703998905
"{'ar': '12000', 'sample_fmt': 'fltp', 'compression_level': '8', 'reservoir': '1', 'b:a': '190k'}",90.640625,-3.742,-2.811,0.6580993479874451,-0.8834932789969513
"{'ar': '12000', 'sample_fmt': 'fltp', 'compression_level': '8', 'reservoir': '1', 'b:a': '192k'}",90.640625,-3.742,-2.811,0.6301882890402339,-0.8814302919888259
"{'ar': '44100', 'sample_fmt': 'fltp', 'compression_level': '7', 'reservoir': '1', 'b:a': '32k', 'abr': 'True'}",48.16796875,-3.35,-1.734,0.7123141379852314,0.4333560016308613
"{'ar': '44100', 'sample_fmt': 's16p', 'compression_level': '8', 'reservoir': '0', 'b:a': '142k', 'abr': 'True'}",221.2958984375,-2.805,-0.945,0.7509884540340863,1.672956166770081
"{'ar': '44100', 'sample_fmt': 'fltp', 'compression_level': '7', 'reservoir': '1', 'b:a': '293k', 'abr': 'True'}",402.759765625,-2.591,-0.705,0.7980410320160445,1.9542396195887861
"{'ar': '44100', 'sample_fmt': 'fltp', 'compression_level': '9', 'reservoir': '1', 'b:a': '112k', 'abr': 'True'}",146.25,-3.181,-1.449,0.7005412639991846,0.7613852837662095
"{'ar': '44100', 'sample_fmt': 's16p', 'compression_level': '0', 'reservoir': '1', 'b:a': '32k'}",44.771484375,-3.133,-1.376,1.1575742040004116,1.024395814488968
"{'ar': '44100', 'sample_fmt': 's16p', 'compression_level': '7', 'reservoir': '1', 'b:a': '126k', 'abr': 'True'}",166.578125,-2.971,-1.152,0.6770660510228481,1.3136616281012439
"{'ar': '44100', 'sample_fmt': 'fltp', 'compression_level': '8', 'reservoir': '1', 'b:a': '150k', 'abr': 'True'}",200.861328125,-2.772,-0.906,0.7078230470069684,1.7979441938886016
"{'ar': '44100', 'sample_fmt': 's16p', 'compression_level': '8', 'reservoir': '1', 'b:a': '172k', 'abr': 'True'}",232.3984375,-2.668,-0.789,1.6176363299891818,1.9595967850962435
"{'ar': '44100', 'sample_fmt': 's32p', 'compression_level': '0', 'reservoir': '1', 'b:a': '148k', 'abr': 'True'}",198.8125,-2.789,-0.927,1.5091271169949323,1.6957531676439113
"{'ar': '44100', 'sample_fmt': 's32p', 'compression_level': '0', 'reservoir': '1', 'b:a': '32k'}",44.771484375,-3.12,-1.357,1.2591877460072283,1.0531681656585272
"{'ar': '44100', 'sample_fmt': 's16p', 'compression_level': '7', 'reservoir': '1', 'b:a': '142k', 'abr': 'True'}",189.2998046875,-2.805,-0.945,0.7990016870026011,1.7204624043705166
"{'ar': '44100', 'sample_fmt': 's16p', 'compression_level': '7', 'reservoir': '1', 'b:a': '32k', 'abr': 'True'}",48.193359375,-3.355,-1.744,0.7469047539925668,0.41595452106985253
"{'ar': '16000', 'sample_fmt': 's16p', 'compression_level': '4', 'reservoir': '1', 'b:a': '171k', 'abr': 'True'}",207.46484375,-3.764,-2.914,1.6944198440178297,-1.2302538406455545
"{'ar': '12000', 'sample_fmt': 'fltp', 'compression_level': '8', 'reservoir': '1', 'b:a': '190k'}",90.640625,-3.742,-2.811,0.7753945869917516,-0.8921629090041286
"{'ar': '44100', 'sample_fmt': 's32p', 'compression_level': '0', 'reservoir': '1', 'b:a': '32k', 'abr': 'True'}",48.244140625,-3.132,-1.375,1.4331996950204484,1.0011277396775842
"{'ar': '44100', 'sample_fmt': 's32p', 'compression_level': '0', 'reservoir': '1', 'b:a': '141k', 'abr': 'True'}",184.228515625,-2.851,-1.001,1.6481200720008928,1.5409508763281288
"{'ar': '44100', 'sample_fmt': 'fltp', 'compression_level': '8', 'reservoir': '0', 'b:a': '36k', 'abr': 'True'}",59.2392578125,-3.256,-1.568,0.9004902070155367,0.6731615530654539
"{'ar': '44100', 'sample_fmt': 'fltp', 'compression_level': '4', 'reservoir': '1', 'b:a': '117k', 'abr': 'True'}",154.42578125,-2.949,-1.123,0.9428006430098321,1.3738184077214441
"{'ar': '44100', 'sample_fmt': 's32p', 'compression_level': '7', 'reservoir': '1', 'b:a': '231k', 'abr': 'True'}",317.822265625,-2.6,-0.715,0.8519099800032564,2.0616657479707494
"{'ar': '44100', 'sample_fmt': 'fltp', 'compression_level': '4', 'reservoir': '1', 'b:a': '133k', 'abr': 'True'}",176.296875,-2.833,-0.979,0.919341455999529,1.6563522137210307
"{'ar': '32000', 'sample_fmt': 's16p', 'compression_level': '7', 'reservoir': '1', 'b:a': '273k', 'abr': 'True'}",377.65625,-3.176,-1.441,0.8826647269888781,0.3928506058307567
"{'ar': '44100', 'sample_fmt': 's32p', 'compression_level': '9', 'reservoir': '1', 'b:a': '272k', 'abr': 'True'}",374.34375,-2.599,-0.714,0.7808569529734086,1.9793735465605498
"{'ar': '44100', 'sample_fmt': 'fltp', 'compression_level': '8', 'reservoir': '1', 'b:a': '190k'}",267.6279296875,-2.63,-0.747,0.841959772980772,2.0625017176787406
"{'ar': '44100', 'sample_fmt': 's16p', 'compression_level': '4', 'reservoir': '1', 'b:a': '171k', 'abr': 'True'}",228.1259765625,-2.645,-0.764,1.016323936986737,2.0723339665608522
"{'ar': '44100', 'sample_fmt': 's16p', 'compression_level': '4', 'reservoir': '1', 'b:a': '150k'}",223.037109375,-2.664,-0.784,0.9177965170238167,2.037158551025165
"{'ar': '44100', 'sample_fmt': 's32p', 'compression_level': '0', 'reservoir': '1', 'b:a': '35k', 'abr': 'True'}",52.02734375,-3.222,-1.513,1.212780991976615,0.7581551338193271
"{'ar': '22050', 'sample_fmt': 's16p', 'compression_level': '7', 'reservoir': '1', 'b:a': '171k', 'abr': 'True'}",219.69921875,-3.677,-2.553,0.7812167519587092,-0.8656932435736157
"{'ar': '44100', 'sample_fmt': 's32p', 'compression_level': '7', 'reservoir': '1', 'b:a': '33k', 'abr': 'True'}",49.48828125,-3.376,-1.784,0.8355428680370096,0.34578973004225916
"{'ar': '16000', 'sample_fmt': 's16p', 'compression_level': '7', 'reservoir': '1', 'b:a': '32k', 'abr': 'True'}",42.79296875,-3.446,-1.926,1.0740966869925614,0.13095025863997084
"{'ar': '44100', 'sample_fmt': 'fltp', 'compression_level': '4', 'reservoir': '1', 'b:a': '116k', 'abr': 'True'}",152.80078125,-2.953,-1.128,1.7266713690187316,1.3075761691789842
"{'ar': '44100', 'sample_fmt': 's16p', 'compression_level': '8', 'reservoir': '0', 'b:a': '32k', 'abr': 'True'}",52.9921875,-3.355,-1.744,0.7562087899714243,0.4076095126934024
"{'ar': '44100', 'sample_fmt': 'fltp', 'compression_level': '9', 'reservoir': '1', 'b:a': '38k', 'abr': 'True'}",55.7353515625,-3.272,-1.595,0.7314819320163224,0.6454481197416454
"{'ar': '16000', 'sample_fmt': 's16p', 'compression_level': '7', 'reservoir': '1', 'b:a': '32k', 'abr': 'True'}",42.79296875,-3.446,-1.926,0.8808544570056256,0.14523335017864028
"{'ar': '32000', 'sample_fmt': 's32p', 'compression_level': '9', 'reservoir': '1', 'b:a': '270k', 'abr': 'True'}",373.296875,-3.176,-1.441,0.937337514013052,0.3957656825774489
"{'ar': '44100', 'sample_fmt': 'fltp', 'compression_level': '8', 'reservoir': '1', 'b:a': '116k', 'abr': 'True'}",151.9384765625,-3.099,-1.326,1.0316153199819382,0.9576940299071909
"{'ar': '44100', 'sample_fmt': 'fltp', 'compression_level': '8', 'reservoir': '1', 'b:a': '114k', 'abr': 'True'}",149.4501953125,-3.139,-1.384,0.7847036710300017,0.8684203444116162
"{'ar': '44100', 'sample_fmt': 'fltp', 'compression_level': '4', 'reservoir': '1', 'b:a': '36k', 'abr': 'True'}",52.611328125,-3.249,-1.557,0.8952218010090292,0.7039065163503816
"{'ar': '16000', 'sample_fmt': 's16p', 'compression_level': '7', 'reservoir': '0', 'b:a': '32k', 'abr': 'True'}",47.46875,-3.446,-1.926,0.6793032079876866,0.1526696066682041
"{'ar': '44100', 'sample_fmt': 's16p', 'compression_level': '7', 'reservoir': '1', 'b:a': '172k', 'abr': 'True'}",232.3984375,-2.668,-0.789,0.8185156849795021,2.018662100808474
"{'ar': '44100', 'sample_fmt': 'fltp', 'compression_level': '7', 'reservoir': '1', 'b:a': '115k'}",156.1484375,-3.068,-1.283,0.7387768490007147,1.058413666223067
"{'ar': '44100', 'sample_fmt': 's16p', 'compression_level': '7', 'reservoir': '1', 'b:a': '190k'}",267.6279296875,-2.634,-0.752,1.1545929109852295,2.028497055790302
"{'ar': '22050', 'sample_fmt': 'fltp', 'compression_level': '8', 'reservoir': '1', 'b:a': '32k', 'abr': 'True'}",44.232421875,-3.72,-2.719,1.9532092809968162,-0.8248858628017485
"{'ar': '44100', 'sample_fmt': 's16p', 'compression_level': '4', 'reservoir': '1', 'b:a': '149k', 'abr': 'True'}",200.5517578125,-2.695,-0.819,0.9514911170117557,1.9872780482122414
"{'ar': '44100', 'sample_fmt': 's16p', 'compression_level': '7', 'reservoir': '1', 'b:a': '117k', 'abr': 'True'}",153.716796875,-3.068,-1.282,0.7899325890175533,1.0588281389694476
"{'ar': '44100', 'sample_fmt': 'fltp', 'compression_level': '8', 'reservoir': '1', 'b:a': '190k'}",267.6279296875,-2.63,-0.747,0.7698784020030871,2.06782946006702
"{'ar': '44100', 'sample_fmt': 'fltp', 'compression_level': '8', 'reservoir': '1', 'b:a': '191k'}",267.6279296875,-2.63,-0.747,0.8944450780109037,2.0586223771420937
"{'ar': '44100', 'sample_fmt': 's16p', 'compression_level': '7', 'reservoir': '1', 'b:a': '171k', 'abr': 'True'}",231.0771484375,-2.671,-0.792,1.2185952099971473,1.9832632126507153
"{'ar': '44100', 'sample_fmt': 's16p', 'compression_level': '7', 'reservoir': '1', 'b:a': '141k', 'abr': 'True'}",187.6083984375,-2.817,-0.96,0.6970391319773626,1.6980065383220968
"{'ar': '44100', 'sample_fmt': 's32p', 'compression_level': '8', 'reservoir': '1', 'b:a': '191k'}",267.6279296875,-2.63,-0.747,0.7578274949919432,2.0687201774219988
"{'ar': '16000', 'sample_fmt': 's16p', 'compression_level': '7', 'reservoir': '1', 'b:a': '32k', 'abr': 'True'}",42.79296875,-3.446,-1.926,0.7445359870034736,0.15530904215126828
"{'ar': '44100', 'sample_fmt': 's16p', 'compression_level': '7', 'reservoir': '1', 'b:a': '231k', 'abr': 'True'}",317.9287109375,-2.602,-0.717,0.9735764730430674,2.0472123824392074
"{'ar': '22050', 'sample_fmt': 'fltp', 'compression_level': '0', 'reservoir': '1', 'b:a': '32k', 'abr': 'True'}",45.2734375,-3.69,-2.603,1.0401678959897254,-0.6525701373515858
"{'ar': '44100', 'sample_fmt': 's32p', 'compression_level': '7', 'reservoir': '1', 'b:a': '231k', 'abr': 'True'}",317.822265625,-2.6,-0.715,0.8308991819794755,2.063218716757616
"{'ar': '44100', 'sample_fmt': 'fltp', 'compression_level': '7', 'reservoir': '1', 'b:a': '129k', 'abr': 'True'}",170.9482421875,-2.922,-1.088,0.8305319509818219,1.429701570874053
"{'ar': '44100', 'sample_fmt': 's16p', 'compression_level': '4', 'reservoir': '1', 'b:a': '187k', 'abr': 'True'}",253.8388671875,-2.624,-0.741,0.9908607049728744,2.0893711160604607
"{'ar': '44100', 'sample_fmt': 's16p', 'compression_level': '7', 'reservoir': '1', 'b:a': '32k', 'abr': 'True'}",48.193359375,-3.355,-1.744,0.7876537310075946,0.4129426464456975
"{'ar': '44100', 'sample_fmt': 's32p', 'compression_level': '0', 'reservoir': '1', 'b:a': '113k', 'abr': 'True'}",149.296875,-3.159,-1.414,1.3138303119922057,0.773493204411524
"{'ar': '44100', 'sample_fmt': 'fltp', 'compression_level': '7', 'reservoir': '1', 'b:a': '294k'}",445.9951171875,-2.585,-0.698,0.7906162579602096,1.9019871216989295
"{'ar': '44100', 'sample_fmt': 'fltp', 'compression_level': '9', 'reservoir': '1', 'b:a': '132k', 'abr': 'True'}",175.12890625,-2.907,-1.07,0.8143157919694204,1.4648565352688916
"{'ar': '16000', 'sample_fmt': 's16p', 'compression_level': '7', 'reservoir': '0', 'b:a': '32k', 'abr': 'True'}",47.46875,-3.446,-1.926,0.7122156069963239,0.15023695616614063
"{'ar': '44100', 'sample_fmt': 's32p', 'compression_level': '8', 'reservoir': '1', 'b:a': '116k', 'abr': 'True'}",151.9384765625,-3.099,-1.326,0.7766349219891708,0.9765403678186467
"{'ar': '44100', 'sample_fmt': 's16p', 'compression_level': '7', 'reservoir': '1', 'b:a': '143k', 'abr': 'True'}",190.8896484375,-2.799,-0.939,0.7889713309996296,1.7345392970334383
"{'ar': '44100', 'sample_fmt': 's16p', 'compression_level': '7', 'reservoir': '1', 'b:a': '32k', 'abr': 'True'}",48.193359375,-3.355,-1.744,0.8326255260035396,0.40961865114390045
"{'ar': '44100', 'sample_fmt': 'fltp', 'compression_level': '7', 'reservoir': '1', 'b:a': '36k'}",44.771484375,-3.207,-1.49,0.8066514960082714,0.841955867218275
"{'ar': '44100', 'sample_fmt': 's32p', 'compression_level': '4', 'reservoir': '1', 'b:a': '190k', 'abr': 'True'}",257.2939453125,-2.622,-0.738,1.043772617005743,2.085553348787678
"{'ar': '44100', 'sample_fmt': 'fltp', 'compression_level': '9', 'reservoir': '1', 'b:a': '190k'}",267.6279296875,-2.63,-0.747,1.0033307220146526,2.050574324598622
"{'ar': '44100', 'sample_fmt': 's32p', 'compression_level': '8', 'reservoir': '1', 'b:a': '32k'}",44.771484375,-3.286,-1.619,0.8829795960336924,0.6115550129910854
"{'ar': '44100', 'sample_fmt': 's32p', 'compression_level': '5', 'reservoir': '1', 'b:a': '123k', 'abr': 'True'}",165.4580078125,-2.897,-1.057,0.8694494839874096,1.5036132928377433
"{'ar': '22050', 'sample_fmt': 's16p', 'compression_level': '8', 'reservoir': '0', 'b:a': '246k', 'abr': 'True'}",223.35546875,-3.677,-2.554,0.7364220790041145,-0.8685319470026335
"{'ar': '44100', 'sample_fmt': 's32p', 'compression_level': '8', 'reservoir': '1', 'b:a': '187k', 'abr': 'True'}",255.162109375,-2.644,-0.763,0.7966386739863083,2.0480763350666735
"{'ar': '44100', 'sample_fmt': 's32p', 'compression_level': '7', 'reservoir': '1', 'b:a': '231k', 'abr': 'True'}",317.822265625,-2.6,-0.715,0.8038615269761067,2.0652171479567913
"{'ar': '44100', 'sample_fmt': 's32p', 'compression_level': '8', 'reservoir': '1', 'b:a': '115k', 'abr': 'True'}",150.6181640625,-3.119,-1.356,0.9223481219669338,0.9118145511401614
"{'ar': '44100', 'sample_fmt': 'fltp', 'compression_level': '7', 'reservoir': '1', 'b:a': '122k', 'abr': 'True'}",160.8857421875,-3.058,-1.268,0.8036138140014373,1.0740934838855873
"{'ar': '22050', 'sample_fmt': 's16p', 'compression_level': '8', 'reservoir': '1', 'b:a': '246k', 'abr': 'True'}",219.69921875,-3.677,-2.553,0.7339027600246482,-0.8621961297289878
"{'ar': '44100', 'sample_fmt': 's16p', 'compression_level': '7', 'reservoir': '1', 'b:a': '32k', 'abr': 'True'}",48.193359375,-3.355,-1.744,0.7619260739593301,0.4148442519111317
"{'ar': '44100', 'sample_fmt': 's16p', 'compression_level': '7', 'reservoir': '1', 'b:a': '126k', 'abr': 'True'}",166.578125,-2.971,-1.152,0.7634767549752723,1.3072747633121304
"{'ar': '44100', 'sample_fmt': 'fltp', 'compression_level': '7', 'reservoir': '1', 'b:a': '293k', 'abr': 'True'}",402.759765625,-2.591,-0.705,0.8217736780061387,1.9524854711546975
"{'ar': '44100', 'sample_fmt': 's16p', 'compression_level': '7', 'reservoir': '1', 'b:a': '234k', 'abr': 'True'}",322.40625,-2.597,-0.711,0.7813200090022292,2.0678204021952715
"{'ar': '12000', 'sample_fmt': 'fltp', 'compression_level': '8', 'reservoir': '1', 'b:a': '190k'}",90.640625,-3.742,-2.811,0.7092110360099468,-0.8872710915318752
"{'ar': '44100', 'sample_fmt': 's32p', 'compression_level': '4', 'reservoir': '1', 'b:a': '148k', 'abr': 'True'}",199.1728515625,-2.703,-0.828,0.903460586006986,1.9715497670562576
"{'ar': '44100', 'sample_fmt': 'fltp', 'compression_level': '8', 'reservoir': '1', 'b:a': '116k', 'abr': 'True'}",151.9384765625,-3.099,-1.326,0.7889109699754044,0.975633009643716
"{'ar': '22050', 'sample_fmt': 's16p', 'compression_level': '7', 'reservoir': '1', 'b:a': '240k'}",223.546875,-3.676,-2.551,0.7615240070153959,-0.8674164101434051
"{'ar': '16000', 'sample_fmt': 's32p', 'compression_level': '0', 'reservoir': '1', 'b:a': '32k', 'abr': 'True'}",43.91796875,-3.277,-1.605,0.9782264250097796,0.6312628275992784
"{'ar': '8000', 'sample_fmt': 's32p', 'compression_level': '8', 'reservoir': '1', 'aq': '9'}",36.8515625,-3.855,-3.486,0.7115006409876514,-1.2778284208282742
"{'ar': '44100', 'sample_fmt': 'fltp', 'compression_level': '0', 'reservoir': '1', 'b:a': '36k', 'abr': 'True'}",53.3232421875,-3.09,-1.313,1.1982656620093621,1.1278036607191837
"{'ar': '16000', 'sample_fmt': 's16p', 'compression_level': '0', 'reservoir': '1', 'b:a': '32k', 'abr': 'True'}",43.8125,-3.269,-1.591,0.9639672029879875,0.6555409810640437
"{'ar': '44100', 'sample_fmt': 's16p', 'compression_level': '7', 'reservoir': '1', 'b:a': '126k', 'abr': 'True'}",166.578125,-2.971,-1.152,0.7710288709786255,1.3067165645985581
"{'ar': '44100', 'sample_fmt': 'fltp', 'compression_level': '8', 'reservoir': '0', 'b:a': '36k', 'abr': 'True'}",59.2392578125,-3.256,-1.568,0.8198944109899458,0.6791186212091163
"{'ar': '44100', 'sample_fmt': 'fltp', 'compression_level': '7', 'reservoir': '1', 'b:a': '293k', 'abr': 'True'}",402.759765625,-2.591,-0.705,0.8613802859908901,1.9495580323261317
"{'ar': '44100', 'sample_fmt': 'fltp', 'compression_level': '7', 'reservoir': '0', 'b:a': '115k'}",156.1484375,-3.098,-1.324,0.8744923490157817,0.965550611642714
"{'ar': '44100', 'sample_fmt': 's32p', 'compression_level': '4', 'reservoir': '1', 'b:a': '149k', 'abr': 'True'}",200.5498046875,-2.7,-0.825,0.9233093219809234,1.975821723002351
"{'ar': '16000', 'sample_fmt': 's16p', 'compression_level': '7', 'reservoir': '1', 'b:a': '290k', 'abr': 'True'}",220.68359375,-3.766,-2.926,0.7255500240135007,-1.1881799410693628
"{'ar': '44100', 'sample_fmt': 'fltp', 'compression_level': '7', 'reservoir': '1', 'b:a': '294k'}",445.9951171875,-2.585,-0.698,0.8067981110070832,1.9007910741872163
"{'ar': '44100', 'sample_fmt': 's16p', 'compression_level': '7', 'reservoir': '1', 'b:a': '126k', 'abr': 'True'}",166.578125,-2.971,-1.152,0.8197852550074458,1.303112839386811
"{'ar': '44100', 'sample_fmt': 's32p', 'compression_level': '0', 'reservoir': '1', 'b:a': '108k', 'abr': 'True'}",142.6943359375,-3.238,-1.539,1.3282845040084794,0.5594629010271417
"{'ar': '44100', 'sample_fmt': 's16p', 'compression_level': '7', 'reservoir': '1', 'b:a': '114k', 'abr': 'True'}",149.4013671875,-3.141,-1.388,0.7672870949900243,0.863863857869986
"{'ar': '44100', 'sample_fmt': 'fltp', 'compression_level': '8', 'reservoir': '1', 'b:a': '116k', 'abr': 'True'}",151.9384765625,-3.099,-1.326,0.7841682190191932,0.9759835600697656
"{'ar': '44100', 'sample_fmt': 's16p', 'compression_level': '4', 'reservoir': '1', 'b:a': '171k', 'abr': 'True'}",228.1259765625,-2.645,-0.764,0.9313735369942151,2.0786128960651427
"{'ar': '44100', 'sample_fmt': 's16p', 'compression_level': '7', 'reservoir': '1', 'b:a': '127k', 'abr': 'True'}",167.7998046875,-2.959,-1.136,0.8134237649501301,1.3346402330391487
"{'ar': '44100', 'sample_fmt': 'fltp', 'compression_level': '7', 'reservoir': '1', 'b:a': '115k'}",156.1484375,-3.068,-1.283,0.817110944975866,1.0526237668646936
"{'ar': '44100', 'sample_fmt': 's32p', 'compression_level': '4', 'reservoir': '1', 'b:a': '294k'}",445.9951171875,-2.593,-0.707,0.9152144950057846,1.8712990776329719
"{'ar': '22050', 'sample_fmt': 's16p', 'compression_level': '8', 'reservoir': '1', 'b:a': '143k', 'abr': 'True'}",197.7724609375,-3.678,-2.558,0.7941846819885541,-0.835571219233338
"{'ar': '44100', 'sample_fmt': 'fltp', 'compression_level': '9', 'reservoir': '1', 'b:a': '133k', 'abr': 'True'}",176.65625,-2.904,-1.066,0.9299897059972864,1.4621212608552911
"{'ar': '44100', 'sample_fmt': 's32p', 'compression_level': '7', 'reservoir': '1', 'b:a': '131k', 'abr': 'True'}",173.70703125,-2.908,-1.071,0.8037840269680601,1.4652584078167086
"{'ar': '16000', 'sample_fmt': 's16p', 'compression_level': '4', 'reservoir': '1', 'b:a': '187k', 'abr': 'True'}",207.46484375,-3.764,-2.914,1.280411329033086,-1.1996532751391666
"{'ar': '44100', 'sample_fmt': 'fltp', 'compression_level': '7', 'reservoir': '1', 'b:a': '294k'}",445.9951171875,-2.585,-0.698,1.1047930739587173,1.8787654055008822
"{'ar': '44100', 'sample_fmt': 's16p', 'compression_level': '8', 'reservoir': '0', 'b:a': '141k', 'abr': 'True'}",217.501953125,-2.817,-0.96,0.8704408720077481,1.6374898275171688
"{'ar': '44100', 'sample_fmt': 's16p', 'compression_level': '7', 'reservoir': '1', 'b:a': '141k', 'abr': 'True'}",187.6083984375,-2.817,-0.96,0.7999629560217727,1.6903991411168606
"{'ar': '44100', 'sample_fmt': 'fltp', 'compression_level': '7', 'reservoir': '1', 'b:a': '129k', 'abr': 'True'}",170.9482421875,-2.922,-1.088,0.7737571719917469,1.433897958824336
"{'ar': '16000', 'sample_fmt': 'fltp', 'compression_level': '9', 'reservoir': '1', 'b:a': '32k', 'abr': 'True'}",42.828125,-3.448,-1.93,0.7050278069800697,0.15225139899291726
"{'ar': '44100', 'sample_fmt': 's16p', 'compression_level': '0', 'reservoir': '1', 'b:a': '185k'}",267.6279296875,-2.633,-0.751,1.2550821660261136,2.023715000859779
"{'ar': '11025', 'sample_fmt': 's32p', 'compression_level': '7', 'reservoir': '1', 'aq': '9'}",47.0185546875,-3.841,-3.374,0.6976788830361329,-1.2250794528997904
"{'ar': '8000', 'sample_fmt': 's32p', 'compression_level': '7', 'reservoir': '1', 'aq': '9'}",36.8515625,-3.855,-3.486,0.6901249770307913,-1.276248483746114
"{'ar': '44100', 'sample_fmt': 'fltp', 'compression_level': '7', 'reservoir': '1', 'b:a': '109k'}",156.1484375,-3.068,-1.283,0.7963779899873771,1.0541561994700706
"{'ar': '44100', 'sample_fmt': 'fltp', 'compression_level': '7', 'reservoir': '1', 'b:a': '36k'}",44.771484375,-3.207,-1.49,0.8005616680020466,0.8424059840011
"{'ar': '44100', 'sample_fmt': 's32p', 'compression_level': '4', 'reservoir': '1', 'b:a': '171k', 'abr': 'True'}",227.91796875,-2.645,-0.764,0.9479472259990871,2.0777197975301287
"{'ar': '44100', 'sample_fmt': 'fltp', 'compression_level': '7', 'reservoir': '1', 'b:a': '143k', 'abr': 'True'}",190.841796875,-2.805,-0.945,0.7833116120018531,1.7191616007875863
"{'ar': '44100', 'sample_fmt': 'fltp', 'compression_level': '9', 'reservoir': '1', 'b:a': '112k', 'abr': 'True'}",146.25,-3.181,-1.449,0.8102495110069867,0.7532764302580228
"{'ar': '44100', 'sample_fmt': 'fltp', 'compression_level': '8', 'reservoir': '1', 'b:a': '294k', 'abr': 'True'}",404.3896484375,-2.591,-0.705,0.7894128409971017,1.9522766077977567
"{'ar': '44100', 'sample_fmt': 's32p', 'compression_level': '4', 'reservoir': '1', 'b:a': '188k', 'abr': 'True'}",254.955078125,-2.623,-0.739,0.9113841979997233,2.096425210683109
