params,file_size,peaq_score,distortion_index,processing_time,fitness
"{'ar': '32000', 'sample_fmt': 's32p', 'compression_level': '2', 'reservoir': '0', 'aq': '9'}",90.88671875,-3.54,-2.146,0.8623664639890194,-0.2185566500983012
"{'ar': '48000', 'sample_fmt': 'fltp', 'compression_level': '2', 'reservoir': '0', 'b:a': '253k'}",357.078125,-3.519,-2.093,0.8082584970106836,-0.5736615894345957
"{'ar': '48000', 'sample_fmt': 's32p', 'compression_level': '6', 'reservoir': '1', 'b:a': '133k', 'abr': 'True'}",178.4609375,-3.601,-2.31,0.6148235500149895,-0.5338605065426446
"{'ar': '22050', 'sample_fmt': 'fltp', 'compression_level': '1', 'reservoir': '1', 'b:a': '40k', 'abr': 'True'}",55.33203125,-3.678,-2.559,0.6977987749851309,-0.601475364467068
"{'ar': '11025', 'sample_fmt': 's32p', 'compression_level': '3', 'reservoir': '0', 'aq': '9'}",51.1103515625,-3.834,-3.322,0.4905916400020942,-1.1835887698024434
"{'ar': '12000', 'sample_fmt': 'fltp', 'compression_level': '2', 'reservoir': '1', 'b:a': '77k', 'abr': 'True'}",71.28125,-3.768,-2.934,0.5861705770075787,-0.9466655142077928
"{'ar': '8000', 'sample_fmt': 'fltp', 'compression_level': '1', 'reservoir': '0', 'b:a': '260k'}",91.484375,-3.858,-3.508,0.4659508419863414,-1.3607846695376677
"{'ar': '44100', 'sample_fmt': 's16p', 'compression_level': '4', 'reservoir': '0', 'aq': '9'}",112.5185546875,-3.341,-1.719,0.49840778001816943,0.3721858027905649
"{'ar': '48000', 'sample_fmt': 'fltp', 'compression_level': '9', 'reservoir': '0', 'b:a': '300k'}",446.328125,-3.307,-1.657,0.46031349600525573,-0.05887034776922022
"{'ar': '8000', 'sample_fmt': 'fltp', 'compression_level': '9', 'reservoir': '0', 'b:a': '196k'}",91.484375,-3.858,-3.509,0.4307598560117185,-1.3584990604979834
"{'ar': '16000', 'sample_fmt': 's32p', 'compression_level': '8', 'reservoir': '1', 'b:a': '223k', 'abr': 'True'}",220.68359375,-3.766,-2.924,0.42892298998776823,-1.165624463145425
"{'ar': '44100', 'sample_fmt': 'fltp', 'compression_level': '9', 'reservoir': '1', 'b:a': '269k'}",356.8115234375,-2.605,-0.72,0.5208731290185824,2.0106928780807634
"{'ar': '11025', 'sample_fmt': 's32p', 'compression_level': '4', 'reservoir': '0', 'b:a': '108k', 'abr': 'True'}",86.064453125,-3.848,-3.431,0.4570207739889156,-1.3038865690821657
"{'ar': '8000', 'sample_fmt': 'fltp', 'compression_level': '6', 'reservoir': '0', 'b:a': '128k'}",91.203125,-3.858,-3.51,0.4025506000034511,-1.356280710621087
"{'ar': '48000', 'sample_fmt': 'fltp', 'compression_level': '4', 'reservoir': '0', 'aq': '9'}",119.6796875,-3.337,-1.711,0.6614403290150221,0.36055224849516243
"{'ar': '12000', 'sample_fmt': 's16p', 'compression_level': '2', 'reservoir': '0', 'aq': '9'}",55.15625,-3.768,-2.936,0.4664737730345223,-0.9127192026184382
"{'ar': '11025', 'sample_fmt': 's32p', 'compression_level': '9', 'reservoir': '0', 'b:a': '47k'}",67.73046875,-3.85,-3.44,0.5193506430077832,-1.2867376611575625
"{'ar': '22050', 'sample_fmt': 's16p', 'compression_level': '1', 'reservoir': '1', 'aq': '9'}",69.9560546875,-3.731,-2.762,0.4501428850053344,-0.7940302009983029
"{'ar': '16000', 'sample_fmt': 'fltp', 'compression_level': '4', 'reservoir': '1', 'b:a': '46k', 'abr': 'True'}",61.91796875,-3.798,-3.093,0.4525171789864544,-1.0419021709571816
"{'ar': '48000', 'sample_fmt': 's16p', 'compression_level': '2', 'reservoir': '1', 'aq': '9'}",109.203125,-3.336,-1.708,0.5256287640077062,0.3905838667053706
"{'ar': '8000', 'sample_fmt': 'fltp', 'compression_level': '8', 'reservoir': '1', 'aq': '9'}",36.8515625,-3.855,-3.486,0.4347576680011116,-1.257373548122047
"{'ar': '24000', 'sample_fmt': 'fltp', 'compression_level': '3', 'reservoir': '0', 'b:a': '311k', 'abr': 'True'}",205.6484375,-3.66,-2.496,0.7875545900315046,-0.7861512846394338
"{'ar': '16000', 'sample_fmt': 'fltp', 'compression_level': '8', 'reservoir': '0', 'b:a': '75k', 'abr': 'True'}",114.01953125,-3.759,-2.892,0.4145009769999888,-0.9679541871609445
"{'ar': '24000', 'sample_fmt': 's32p', 'compression_level': '6', 'reservoir': '1', 'aq': '9'}",72.03125,-3.735,-2.782,0.6961257119837683,-0.8311517376703225
"{'ar': '8000', 'sample_fmt': 'fltp', 'compression_level': '2', 'reservoir': '1', 'aq': '9'}",35.8671875,-3.85,-3.441,0.4030246729962528,-1.227612020865942
"{'ar': '16000', 'sample_fmt': 'fltp', 'compression_level': '0', 'reservoir': '0', 'aq': '9'}",65.08203125,-3.818,-3.218,1.1179519619909115,-1.1821662187001523
"{'ar': '8000', 'sample_fmt': 's16p', 'compression_level': '9', 'reservoir': '1', 'b:a': '43k'}",56.6796875,-3.858,-3.51,0.9057456839946099,-1.3383854857801725
"{'ar': '44100', 'sample_fmt': 's32p', 'compression_level': '4', 'reservoir': '0', 'b:a': '32k'}",44.771484375,-3.302,-1.648,1.10708575299941,0.548563380197242
"{'ar': '11025', 'sample_fmt': 's32p', 'compression_level': '4', 'reservoir': '1', 'b:a': '221k', 'abr': 'True'}",81.4951171875,-3.848,-3.429,0.5299128440092318,-1.3013521881276653
"{'ar': '12000', 'sample_fmt': 'fltp', 'compression_level': '7', 'reservoir': '0', 'b:a': '108k'}",90.359375,-3.74,-2.803,0.4035152730066329,-0.8570439108519537
"{'ar': '22050', 'sample_fmt': 'fltp', 'compression_level': '1', 'reservoir': '0', 'aq': '9'}",75.0888671875,-3.731,-2.763,0.5960364280035719,-0.8133193199313915
"{'ar': '44100', 'sample_fmt': 'fltp', 'compression_level': '7', 'reservoir': '1', 'b:a': '169k', 'abr': 'True'}",228.228515625,-2.681,-0.803,0.5908527800056618,2.0074375110340767
"{'ar': '48000', 'sample_fmt': 's16p', 'compression_level': '2', 'reservoir': '1', 'b:a': '64k'}",89.328125,-3.673,-2.54,0.8507073159853462,-0.6493802411588621
"{'ar': '32000', 'sample_fmt': 's16p', 'compression_level': '7', 'reservoir': '1', 'b:a': '185k'}",268.390625,-3.178,-1.444,0.5016580739757046,0.589756948081327
"{'ar': '32000', 'sample_fmt': 's32p', 'compression_level': '6', 'reservoir': '0', 'b:a': '142k', 'abr': 'True'}",210.453125,-3.257,-1.57,0.5717407649790403,0.453212903492594
"{'ar': '8000', 'sample_fmt': 's32p', 'compression_level': '0', 'reservoir': '1', 'b:a': '244k', 'abr': 'True'}",65.6796875,-3.857,-3.5,0.7519409130036365,-1.3358937903245884
"{'ar': '16000', 'sample_fmt': 'fltp', 'compression_level': '0', 'reservoir': '0', 'b:a': '166k'}",224.375,-3.739,-2.8,1.0230450970411766,-1.113402826688947
"{'ar': '24000', 'sample_fmt': 'fltp', 'compression_level': '5', 'reservoir': '1', 'b:a': '161k', 'abr': 'True'}",199.7890625,-3.659,-2.49,0.5597259860078339,-0.755739528671642
"{'ar': '16000', 'sample_fmt': 's32p', 'compression_level': '9', 'reservoir': '1', 'aq': '9'}",61.7421875,-3.805,-3.135,0.5644141090160701,-1.0794511264448767
"{'ar': '12000', 'sample_fmt': 's16p', 'compression_level': '4', 'reservoir': '1', 'aq': '9'}",49.765625,-3.768,-2.936,0.6178683309699409,-0.9153075822844563
"{'ar': '16000', 'sample_fmt': 's32p', 'compression_level': '8', 'reservoir': '1', 'b:a': '206k', 'abr': 'True'}",220.68359375,-3.766,-2.924,0.540310122014489,-1.1738574078960369
"{'ar': '11025', 'sample_fmt': 'fltp', 'compression_level': '6', 'reservoir': '0', 'aq': '9'}",52.037109375,-3.834,-3.322,0.4660578540060669,-1.1832542014368295
"{'ar': '44100', 'sample_fmt': 's16p', 'compression_level': '8', 'reservoir': '0', 'b:a': '102k'}",133.853515625,-3.33,-1.697,0.7673070289893076,0.35083664151587224
"{'ar': '22050', 'sample_fmt': 'fltp', 'compression_level': '2', 'reservoir': '0', 'b:a': '256k'}",223.546875,-3.673,-2.541,0.8051458539848682,-0.8604962292906244
"{'ar': '8000', 'sample_fmt': 's32p', 'compression_level': '6', 'reservoir': '0', 'b:a': '108k', 'abr': 'True'}",89.65625,-3.858,-3.509,0.45919003698509187,-1.3576833429546193
"{'ar': '44100', 'sample_fmt': 's32p', 'compression_level': '5', 'reservoir': '1', 'b:a': '195k', 'abr': 'True'}",268.076171875,-2.618,-0.735,0.642390195018379,2.1082819925410323
"{'ar': '44100', 'sample_fmt': 'fltp', 'compression_level': '8', 'reservoir': '0', 'aq': '9'}",103.8740234375,-3.314,-1.668,0.537915818975307,0.46205612248000894
"{'ar': '11025', 'sample_fmt': 'fltp', 'compression_level': '0', 'reservoir': '1', 'aq': '9'}",46.904296875,-3.834,-3.322,0.5367940589785576,-1.180292271476787
"{'ar': '12000', 'sample_fmt': 'fltp', 'compression_level': '2', 'reservoir': '1', 'b:a': '269k'}",90.640625,-3.765,-2.919,0.7193944500177167,-0.9756818554460163
"{'ar': '16000', 'sample_fmt': 's16p', 'compression_level': '9', 'reservoir': '0', 'b:a': '265k', 'abr': 'True'}",223.70703125,-3.768,-2.933,0.44805576201179065,-1.1793620151658717
"{'ar': '16000', 'sample_fmt': 'fltp', 'compression_level': '8', 'reservoir': '0', 'b:a': '75k', 'abr': 'True'}",114.01953125,-3.759,-2.892,0.6947854649915826,-0.9886708234734299
"{'ar': '48000', 'sample_fmt': 's16p', 'compression_level': '2', 'reservoir': '1', 'b:a': '64k'}",89.328125,-3.673,-2.54,0.7956750419980381,-0.6453126467878232
"{'ar': '16000', 'sample_fmt': 's16p', 'compression_level': '9', 'reservoir': '1', 'b:a': '265k', 'abr': 'True'}",220.68359375,-3.766,-2.926,0.6596973020059522,-1.183312576122436
"{'ar': '44100', 'sample_fmt': 's32p', 'compression_level': '5', 'reservoir': '1', 'b:a': '194k', 'abr': 'True'}",266.75,-2.623,-0.74,0.7443880520004313,2.089632180532673
"{'ar': '16000', 'sample_fmt': 'fltp', 'compression_level': '0', 'reservoir': '0', 'aq': '9'}",65.08203125,-3.818,-3.218,0.5765008900198154,-1.1421460055966464
"{'ar': '8000', 'sample_fmt': 's32p', 'compression_level': '0', 'reservoir': '1', 'b:a': '243k', 'abr': 'True'}",65.6796875,-3.857,-3.5,0.6495265589910559,-1.3283240495213784
"{'ar': '8000', 'sample_fmt': 's16p', 'compression_level': '6', 'reservoir': '0', 'aq': '9'}",41.0703125,-3.85,-3.44,0.5914118159853388,-1.249523242898869
"{'ar': '48000', 'sample_fmt': 's16p', 'compression_level': '2', 'reservoir': '1', 'aq': '9'}",109.203125,-3.336,-1.708,0.5853783600323368,0.38616760143314716
"{'ar': '32000', 'sample_fmt': 's32p', 'compression_level': '8', 'reservoir': '1', 'b:a': '186k', 'abr': 'True'}",258.96875,-3.178,-1.444,0.7326315159734804,0.5877191861212987
"{'ar': '22050', 'sample_fmt': 's16p', 'compression_level': '1', 'reservoir': '1', 'aq': '9'}",69.9560546875,-3.731,-2.762,0.5304651219921652,-0.7999670496030368
"{'ar': '8000', 'sample_fmt': 's32p', 'compression_level': '2', 'reservoir': '1', 'aq': '9'}",35.8671875,-3.85,-3.441,0.6076686999876983,-1.242737852163575
"{'ar': '44100', 'sample_fmt': 's16p', 'compression_level': '7', 'reservoir': '1', 'b:a': '169k', 'abr': 'True'}",228.224609375,-2.678,-0.8,0.47782357601681724,2.023734247869532
"{'ar': '16000', 'sample_fmt': 's32p', 'compression_level': '0', 'reservoir': '0', 'b:a': '166k', 'abr': 'True'}",142.42578125,-3.738,-2.794,0.8570376690186094,-0.966146581804375
"{'ar': '32000', 'sample_fmt': 's16p', 'compression_level': '7', 'reservoir': '1', 'b:a': '185k'}",268.390625,-3.178,-1.444,0.515232906996971,0.5887535929519745
"{'ar': '16000', 'sample_fmt': 'fltp', 'compression_level': '8', 'reservoir': '1', 'b:a': '75k', 'abr': 'True'}",103.75390625,-3.759,-2.892,0.44247126003028825,-0.9536410571073809
"{'ar': '22050', 'sample_fmt': 'fltp', 'compression_level': '8', 'reservoir': '1', 'b:a': '40k', 'abr': 'True'}",54.0390625,-3.687,-2.591,0.8115994279796723,-0.6388876646565216
"{'ar': '44100', 'sample_fmt': 'fltp', 'compression_level': '8', 'reservoir': '0', 'aq': '9'}",103.8740234375,-3.314,-1.668,0.7093673839990515,0.44938364194690894
"{'ar': '44100', 'sample_fmt': 'fltp', 'compression_level': '9', 'reservoir': '1', 'b:a': '208k'}",267.6279296875,-2.627,-0.744,0.6937145870178938,2.081395136423929
"{'ar': '44100', 'sample_fmt': 's16p', 'compression_level': '4', 'reservoir': '0', 'aq': '9'}",112.5185546875,-3.341,-1.719,0.7827286259853281,0.35117082759815793
"{'ar': '32000', 'sample_fmt': 's32p', 'compression_level': '9', 'reservoir': '1', 'b:a': '143k', 'abr': 'True'}",195.125,-3.239,-1.541,0.5127886989794206,0.5331159424897451
"{'ar': '44100', 'sample_fmt': 's16p', 'compression_level': '7', 'reservoir': '0', 'aq': '9'}",103.8486328125,-3.315,-1.67,0.7505063449789304,0.44342260274880063
"{'ar': '11025', 'sample_fmt': 'fltp', 'compression_level': '4', 'reservoir': '0', 'aq': '9'}",51.1103515625,-3.834,-3.322,0.4850402540178038,-1.1831784508251397
"{'ar': '12000', 'sample_fmt': 'fltp', 'compression_level': '2', 'reservoir': '1', 'b:a': '263k'}",90.640625,-3.765,-2.919,0.6469199319835752,-0.9703250544229036
"{'ar': '8000', 'sample_fmt': 'fltp', 'compression_level': '2', 'reservoir': '1', 'aq': '9'}",35.8671875,-3.85,-3.441,0.5781355070066638,-1.240554968542299
"{'ar': '48000', 'sample_fmt': 's16p', 'compression_level': '2', 'reservoir': '0', 'b:a': '64k'}",89.328125,-3.648,-2.455,0.9096253440075088,-0.568672632193151
"{'ar': '8000', 'sample_fmt': 's32p', 'compression_level': '6', 'reservoir': '0', 'b:a': '109k', 'abr': 'True'}",89.65625,-3.858,-3.509,0.4863799929735251,-1.3596930311596325
"{'ar': '12000', 'sample_fmt': 's16p', 'compression_level': '4', 'reservoir': '1', 'aq': '9'}",49.765625,-3.768,-2.936,0.7348118799855001,-0.9239512178684538
"{'ar': '8000', 'sample_fmt': 's16p', 'compression_level': '9', 'reservoir': '1', 'b:a': '43k'}",56.6796875,-3.858,-3.51,0.4730878440022934,-1.306406494780374
"{'ar': '12000', 'sample_fmt': 'fltp', 'compression_level': '2', 'reservoir': '1', 'aq': '9'}",49.765625,-3.769,-2.94,0.6693520940025337,-0.9227046674291884
"{'ar': '16000', 'sample_fmt': 's32p', 'compression_level': '8', 'reservoir': '1', 'b:a': '207k', 'abr': 'True'}",220.68359375,-3.766,-2.924,0.4620240629592445,-1.1680710590852033
"{'ar': '44100', 'sample_fmt': 's32p', 'compression_level': '8', 'reservoir': '0', 'b:a': '32k'}",44.771484375,-3.303,-1.649,0.5901293579663616,0.5841277247119726
"{'ar': '44100', 'sample_fmt': 's32p', 'compression_level': '0', 'reservoir': '1', 'b:a': '245k', 'abr': 'True'}",334.185546875,-2.595,-0.709,1.2723550020018592,2.0180215725203916
"{'ar': '12000', 'sample_fmt': 'fltp', 'compression_level': '2', 'reservoir': '1', 'b:a': '270k'}",90.640625,-3.765,-2.919,0.6007242570049129,-0.9669105986155189
"{'ar': '48000', 'sample_fmt': 's32p', 'compression_level': '6', 'reservoir': '0', 'b:a': '133k', 'abr': 'True'}",195.1015625,-3.601,-2.31,0.9290724330057856,-0.583640405776919
"{'ar': '24000', 'sample_fmt': 'fltp', 'compression_level': '5', 'reservoir': '1', 'b:a': '161k', 'abr': 'True'}",199.7890625,-3.659,-2.49,0.897969990997808,-0.7807401203435792
"{'ar': '48000', 'sample_fmt': 's16p', 'compression_level': '2', 'reservoir': '1', 'aq': '9'}",109.203125,-3.336,-1.708,1.0354817200277466,0.35289916164588253
"{'ar': '48000', 'sample_fmt': 's32p', 'compression_level': '5', 'reservoir': '1', 'b:a': '32k', 'abr': 'True'}",49.296875,-3.353,-1.741,1.1307796129840426,0.3914266312140573
"{'ar': '8000', 'sample_fmt': 'fltp', 'compression_level': '8', 'reservoir': '1', 'b:a': '75k', 'abr': 'True'}",89.515625,-3.858,-3.51,0.5234091960010119,-1.3625210346140815
"{'ar': '22050', 'sample_fmt': 'fltp', 'compression_level': '1', 'reservoir': '0', 'aq': '9'}",75.0888671875,-3.731,-2.763,0.6547823110013269,-0.8176613978738455
"{'ar': '48000', 'sample_fmt': 's32p', 'compression_level': '1', 'reservoir': '1', 'b:a': '38k', 'abr': 'True'}",56.703125,-3.48,-2.002,1.1526917530281935,-0.0002475992844810093
"{'ar': '16000', 'sample_fmt': 'fltp', 'compression_level': '4', 'reservoir': '0', 'b:a': '75k', 'abr': 'True'}",109.23828125,-3.807,-3.147,0.7257508710026741,-1.175609205020748
"{'ar': '12000', 'sample_fmt': 'fltp', 'compression_level': '4', 'reservoir': '1', 'aq': '9'}",49.765625,-3.769,-2.94,0.5889405430061743,-0.916761217367962
"{'ar': '44100', 'sample_fmt': 's32p', 'compression_level': '5', 'reservoir': '1', 'b:a': '195k', 'abr': 'True'}",268.076171875,-2.618,-0.735,0.941349613975035,2.0861850381248366
"{'ar': '12000', 'sample_fmt': 'fltp', 'compression_level': '7', 'reservoir': '0', 'b:a': '108k'}",90.359375,-3.74,-2.803,0.7217415180348326,-0.8805649320492982
"{'ar': '11025', 'sample_fmt': 'fltp', 'compression_level': '6', 'reservoir': '0', 'aq': '9'}",52.037109375,-3.834,-3.322,0.6395441579807084,-1.1960770754046095
"{'ar': '22050', 'sample_fmt': 'fltp', 'compression_level': '2', 'reservoir': '0', 'b:a': '80k'}",111.8125,-3.734,-2.777,0.791056597023271,-0.8977386564420803
"{'ar': '24000', 'sample_fmt': 's16p', 'compression_level': '6', 'reservoir': '1', 'aq': '9'}",72.03125,-3.735,-2.784,0.6316715209686663,-0.8270186590064909
"{'ar': '22050', 'sample_fmt': 'fltp', 'compression_level': '1', 'reservoir': '1', 'b:a': '46k', 'abr': 'True'}",62.8251953125,-3.712,-2.685,0.9691572559531778,-0.7524544764262069
"{'ar': '44100', 'sample_fmt': 's32p', 'compression_level': '5', 'reservoir': '1', 'b:a': '195k'}",267.6279296875,-2.616,-0.732,0.9230098640255164,2.0938620771250624
"{'ar': '8000', 'sample_fmt': 'fltp', 'compression_level': '9', 'reservoir': '1', 'b:a': '256k'}",91.484375,-3.858,-3.511,0.5074256960360799,-1.364796571055839
"{'ar': '44100', 'sample_fmt': 's32p', 'compression_level': '5', 'reservoir': '1', 'b:a': '194k', 'abr': 'True'}",266.75,-2.623,-0.74,0.5940178590244614,2.100746475948889
"{'ar': '8000', 'sample_fmt': 'fltp', 'compression_level': '0', 'reservoir': '1', 'aq': '9'}",35.8671875,-3.85,-3.441,0.47632369797793217,-1.2330297635797336
"{'ar': '8000', 'sample_fmt': 'fltp', 'compression_level': '2', 'reservoir': '1', 'b:a': '75k', 'abr': 'True'}",74.5390625,-3.858,-3.512,0.4946485959808342,-1.3371286016665616
"{'ar': '44100', 'sample_fmt': 's32p', 'compression_level': '5', 'reservoir': '1', 'aq': '9'}",105.197265625,-3.343,-1.721,0.5000382819853257,0.3784568170251733
"{'ar': '44100', 'sample_fmt': 's16p', 'compression_level': '4', 'reservoir': '1', 'aq': '9'}",103.81640625,-3.341,-1.719,0.513109955994878,0.38498483275581397
"{'ar': '32000', 'sample_fmt': 's16p', 'compression_level': '7', 'reservoir': '1', 'aq': '9'}",81.7109375,-3.514,-2.081,0.4594574070069939,-0.09305182790253795
"{'ar': '44100', 'sample_fmt': 's32p', 'compression_level': '5', 'reservoir': '1', 'b:a': '195k'}",267.6279296875,-2.616,-0.732,0.8500555979844648,2.099254337709466
"{'ar': '22050', 'sample_fmt': 's32p', 'compression_level': '1', 'reservoir': '1', 'b:a': '162k', 'abr': 'True'}",173.9453125,-3.673,-2.542,0.9547610319859814,-0.7927227200267387
"{'ar': '16000', 'sample_fmt': 'fltp', 'compression_level': '8', 'reservoir': '1', 'b:a': '75k', 'abr': 'True'}",103.75390625,-3.759,-2.892,0.7120019330468494,-0.9735628478848678
"{'ar': '32000', 'sample_fmt': 's32p', 'compression_level': '9', 'reservoir': '1', 'b:a': '77k', 'abr': 'True'}",100.80078125,-3.645,-2.447,0.48950982801034115,-0.5464137113489349
"{'ar': '48000', 'sample_fmt': 's16p', 'compression_level': '2', 'reservoir': '1', 'aq': '9'}",109.203125,-3.336,-1.708,0.6848288479959592,0.3788169285328924
"{'ar': '12000', 'sample_fmt': 'fltp', 'compression_level': '1', 'reservoir': '1', 'b:a': '39k', 'abr': 'True'}",53.65625,-3.759,-2.889,0.7417878379928879,-0.8948789779633723
"{'ar': '8000', 'sample_fmt': 's32p', 'compression_level': '2', 'reservoir': '1', 'aq': '9'}",35.8671875,-3.85,-3.441,0.4291677519795485,-1.229544331366842
"{'ar': '11025', 'sample_fmt': 'fltp', 'compression_level': '0', 'reservoir': '1', 'aq': '9'}",46.904296875,-3.834,-3.322,0.4419663189910352,-1.173283279235606
"{'ar': '44100', 'sample_fmt': 'fltp', 'compression_level': '7', 'reservoir': '1', 'b:a': '32k', 'abr': 'True'}",48.16796875,-3.35,-1.734,0.4826984249812085,0.45032756239051014
"{'ar': '8000', 'sample_fmt': 'fltp', 'compression_level': '9', 'reservoir': '0', 'b:a': '196k'}",91.484375,-3.858,-3.509,0.4339309810020495,-1.3587334475081132
"{'ar': '12000', 'sample_fmt': 'fltp', 'compression_level': '2', 'reservoir': '1', 'b:a': '77k', 'abr': 'True'}",71.28125,-3.768,-2.934,0.7186209599894937,-0.9564553046929802
"{'ar': '16000', 'sample_fmt': 's32p', 'compression_level': '8', 'reservoir': '1', 'b:a': '223k', 'abr': 'True'}",220.68359375,-3.766,-2.924,0.5064276209741365,-1.171353054349966
"{'ar': '11025', 'sample_fmt': 'fltp', 'compression_level': '7', 'reservoir': '0', 'b:a': '108k'}",90.587890625,-3.85,-3.442,0.53672479299712,-1.3251255306989833
"{'ar': '12000', 'sample_fmt': 's16p', 'compression_level': '0', 'reservoir': '0', 'b:a': '169k', 'abr': 'True'}",73.0625,-3.768,-2.934,1.0346632350119762,-0.9826571799390551
"{'ar': '44100', 'sample_fmt': 's32p', 'compression_level': '3', 'reservoir': '0', 'aq': '9'}",112.5185546875,-3.343,-1.721,0.6474340789718553,0.3558800459730596
"{'ar': '44100', 'sample_fmt': 's32p', 'compression_level': '5', 'reservoir': '1', 'b:a': '195k'}",267.6279296875,-2.616,-0.732,1.0384384189965203,2.085330419128057
"{'ar': '12000', 'sample_fmt': 'fltp', 'compression_level': '2', 'reservoir': '0', 'b:a': '32k', 'abr': 'True'}",47.609375,-3.766,-2.923,0.6137213420006447,-0.902799579555025
"{'ar': '44100', 'sample_fmt': 's32p', 'compression_level': '8', 'reservoir': '1', 'b:a': '185k'}",267.6279296875,-2.63,-0.747,0.5854340549849439,2.0814622746564
"{'ar': '11025', 'sample_fmt': 'fltp', 'compression_level': '0', 'reservoir': '1', 'b:a': '122k', 'abr': 'True'}",67.3759765625,-3.841,-3.373,0.8791112160251942,-1.2706578000042472
"{'ar': '44100', 'sample_fmt': 's32p', 'compression_level': '5', 'reservoir': '1', 'b:a': '195k', 'abr': 'True'}",268.076171875,-2.618,-0.735,0.64245707297232,2.108277049398231
"{'ar': '16000', 'sample_fmt': 'fltp', 'compression_level': '4', 'reservoir': '1', 'b:a': '127k', 'abr': 'True'}",162.39453125,-3.769,-2.939,0.5565163479768671,-1.0937671524913195
"{'ar': '11025', 'sample_fmt': 'fltp', 'compression_level': '2', 'reservoir': '1', 'aq': '9'}",46.904296875,-3.834,-3.322,0.666168464027578,-1.1898547075457608
"{'ar': '11025', 'sample_fmt': 's32p', 'compression_level': '5', 'reservoir': '0', 'b:a': '195k'}",90.8935546875,-3.848,-3.431,0.5131986860069446,-1.31574446731862
"{'ar': '44100', 'sample_fmt': 's32p', 'compression_level': '5', 'reservoir': '1', 'b:a': '58k', 'abr': 'True'}",80.01171875,-3.442,-1.918,0.6230146250163671,0.1167458136298072
"{'ar': '16000', 'sample_fmt': 'fltp', 'compression_level': '1', 'reservoir': '1', 'b:a': '40k', 'abr': 'True'}",54.2890625,-3.806,-3.143,1.048342764028348,-1.1081806088434605
"{'ar': '32000', 'sample_fmt': 's32p', 'compression_level': '6', 'reservoir': '0', 'b:a': '142k'}",178.953125,-3.276,-1.603,0.8632307850057259,0.42725252267881936
"{'ar': '12000', 'sample_fmt': 's32p', 'compression_level': '4', 'reservoir': '1', 'aq': '9'}",49.765625,-3.769,-2.94,0.5300112289842218,-0.912405581508536
"{'ar': '44100', 'sample_fmt': 's32p', 'compression_level': '0', 'reservoir': '1', 'b:a': '245k', 'abr': 'True'}",334.185546875,-2.595,-0.709,1.340012350003235,2.0130208224522903
"{'ar': '44100', 'sample_fmt': 'fltp', 'compression_level': '9', 'reservoir': '1', 'b:a': '208k'}",267.6279296875,-2.627,-0.744,0.6692980140214786,2.083199835879074
"{'ar': '48000', 'sample_fmt': 'fltp', 'compression_level': '9', 'reservoir': '1', 'b:a': '77k'}",111.640625,-3.687,-2.59,0.5931408969918266,-0.7143380796559664
"{'ar': '44100', 'sample_fmt': 's32p', 'compression_level': '7', 'reservoir': '1', 'b:a': '246k', 'abr': 'True'}",339.4716796875,-2.605,-0.72,0.6965740080049727,2.0253748934442357
"{'ar': '16000', 'sample_fmt': 's16p', 'compression_level': '8', 'reservoir': '0', 'b:a': '267k', 'abr': 'True'}",223.70703125,-3.768,-2.933,0.47277045299415477,-1.1811887493826883
"{'ar': '44100', 'sample_fmt': 's32p', 'compression_level': '5', 'reservoir': '0', 'b:a': '32k'}",44.771484375,-3.299,-1.643,0.9981865140143782,0.565179543138766
"{'ar': '22050', 'sample_fmt': 'fltp', 'compression_level': '1', 'reservoir': '1', 'b:a': '143k', 'abr': 'True'}",153.6552734375,-3.683,-2.575,0.925826908001909,-0.7919175239615115
"{'ar': '11025', 'sample_fmt': 'fltp', 'compression_level': '4', 'reservoir': '0', 'aq': '9'}",51.1103515625,-3.834,-3.322,0.6191265870002098,-1.1930891591014916
"{'ar': '16000', 'sample_fmt': 'fltp', 'compression_level': '9', 'reservoir': '1', 'b:a': '208k', 'abr': 'True'}",220.75390625,-3.766,-2.925,0.6976361830020323,-1.185913485190148
"{'ar': '8000', 'sample_fmt': 'fltp', 'compression_level': '9', 'reservoir': '0', 'b:a': '196k'}",91.484375,-3.858,-3.509,0.5696184480038937,-1.3687625002258785
"{'ar': '12000', 'sample_fmt': 'fltp', 'compression_level': '4', 'reservoir': '1', 'aq': '9'}",49.765625,-3.769,-2.94,0.5165610279946122,-0.9114114382927333
"{'ar': '32000', 'sample_fmt': 's16p', 'compression_level': '7', 'reservoir': '1', 'b:a': '185k'}",268.390625,-3.178,-1.444,0.7354769480007235,0.5724747195467373
"{'ar': '44100', 'sample_fmt': 's32p', 'compression_level': '5', 'reservoir': '1', 'b:a': '195k'}",267.6279296875,-2.616,-0.732,0.8540338239981793,2.098960295530801
"{'ar': '44100', 'sample_fmt': 's16p', 'compression_level': '9', 'reservoir': '1', 'b:a': '184k'}",267.6279296875,-2.634,-0.752,0.6170620799821336,2.0682275125574034
"{'ar': '48000', 'sample_fmt': 's32p', 'compression_level': '9', 'reservoir': '0', 'b:a': '195k'}",267.828125,-3.544,-2.154,0.7309574300015811,-0.5030263868691843
"{'ar': '44100', 'sample_fmt': 'fltp', 'compression_level': '9', 'reservoir': '0', 'b:a': '208k'}",267.6279296875,-2.62,-0.736,0.59848030100693,2.1072674097842037
"{'ar': '44100', 'sample_fmt': 's32p', 'compression_level': '7', 'reservoir': '1', 'b:a': '246k', 'abr': 'True'}",339.4716796875,-2.605,-0.72,0.5962577810278162,2.032789555616296
"{'ar': '44100', 'sample_fmt': 's32p', 'compression_level': '5', 'reservoir': '1', 'b:a': '195k'}",267.6279296875,-2.616,-0.732,0.6436026540177409,2.11451387128711
"{'ar': '8000', 'sample_fmt': 's32p', 'compression_level': '2', 'reservoir': '0', 'aq': '9'}",40.578125,-3.85,-3.441,0.43656375296995975,-1.237608067404923
"{'ar': '11025', 'sample_fmt': 'fltp', 'compression_level': '6', 'reservoir': '0', 'aq': '9'}",52.037109375,-3.834,-3.322,0.46913564996793866,-1.1834816902288174
"{'ar': '16000', 'sample_fmt': 's32p', 'compression_level': '5', 'reservoir': '1', 'b:a': '204k', 'abr': 'True'}",210.69921875,-3.762,-2.907,0.5558552619768307,-1.1443921359985005
"{'ar': '32000', 'sample_fmt': 's32p', 'compression_level': '6', 'reservoir': '0', 'b:a': '142k', 'abr': 'True'}",210.453125,-3.257,-1.57,0.6212524489674252,0.4495533518786037
"{'ar': '44100', 'sample_fmt': 's32p', 'compression_level': '4', 'reservoir': '0', 'b:a': '32k'}",44.771484375,-3.302,-1.648,0.6045550329727121,0.5857068776388729
"{'ar': '44100', 'sample_fmt': 'fltp', 'compression_level': '7', 'reservoir': '1', 'b:a': '32k', 'abr': 'True'}",48.16796875,-3.35,-1.734,0.5237134239869192,0.4472960253124263
"{'ar': '32000', 'sample_fmt': 's16p', 'compression_level': '2', 'reservoir': '1', 'aq': '9'}",82.9765625,-3.544,-2.157,0.6908465950400569,-0.20604695849932644
"{'ar': '8000', 'sample_fmt': 's16p', 'compression_level': '6', 'reservoir': '1', 'aq': '9'}",36.359375,-3.85,-3.44,0.4713606889999937,-1.233132841012465
"{'ar': '44100', 'sample_fmt': 's32p', 'compression_level': '5', 'reservoir': '1', 'b:a': '195k'}",267.6279296875,-2.616,-0.732,0.6174464920186438,2.116447148791508
"{'ar': '12000', 'sample_fmt': 's32p', 'compression_level': '5', 'reservoir': '0', 'b:a': '195k'}",90.640625,-3.761,-2.898,0.6107862330100033,-0.9517099304082274
"{'ar': '11025', 'sample_fmt': 'fltp', 'compression_level': '0', 'reservoir': '1', 'b:a': '168k', 'abr': 'True'}",67.580078125,-3.841,-3.373,0.80893395098974,-1.2657964732271343
"{'ar': '16000', 'sample_fmt': 'fltp', 'compression_level': '4', 'reservoir': '1', 'b:a': '46k', 'abr': 'True'}",61.91796875,-3.798,-3.093,0.5865722669987008,-1.0518105698275153
"{'ar': '44100', 'sample_fmt': 's32p', 'compression_level': '0', 'reservoir': '1', 'b:a': '245k', 'abr': 'True'}",334.185546875,-2.595,-0.709,1.310011138994014,2.0152382986382387
"{'ar': '16000', 'sample_fmt': 'fltp', 'compression_level': '8', 'reservoir': '1', 'b:a': '293k', 'abr': 'True'}",220.75390625,-3.766,-2.925,0.47830251400591806,-1.169701900010265
"{'ar': '8000', 'sample_fmt': 's16p', 'compression_level': '5', 'reservoir': '0', 'aq': '9'}",41.0703125,-3.85,-3.44,0.4796827980026137,-1.241265028369463
"{'ar': '8000', 'sample_fmt': 's16p', 'compression_level': '5', 'reservoir': '1', 'b:a': '32k'}",45.359375,-3.855,-3.485,0.45351990801282227,-1.2720204763734464
"{'ar': '12000', 'sample_fmt': 'fltp', 'compression_level': '8', 'reservoir': '0', 'b:a': '32k'}",45.078125,-3.773,-2.962,0.4966315890196711,-0.9187185543640536
"{'ar': '44100', 'sample_fmt': 's32p', 'compression_level': '5', 'reservoir': '1', 'b:a': '32k'}",44.771484375,-3.292,-1.63,0.5844720689638052,0.6161688972565146
"{'ar': '44100', 'sample_fmt': 's32p', 'compression_level': '2', 'reservoir': '0', 'b:a': '194k', 'abr': 'True'}",274.59765625,-2.62,-0.736,0.8953130820009392,2.0742062953255056
"{'ar': '44100', 'sample_fmt': 's32p', 'compression_level': '5', 'reservoir': '1', 'b:a': '143k', 'abr': 'True'}",191.4091796875,-2.771,-0.906,0.6558519420213997,1.8191979249766683
"{'ar': '44100', 'sample_fmt': 's32p', 'compression_level': '5', 'reservoir': '1', 'aq': '9'}",105.197265625,-3.343,-1.721,0.5533226469997317,0.3745184156564244
"{'ar': '16000', 'sample_fmt': 'fltp', 'compression_level': '8', 'reservoir': '1', 'b:a': '75k', 'abr': 'True'}",103.75390625,-3.759,-2.892,0.49037380499066785,-0.9571816726066462
"{'ar': '32000', 'sample_fmt': 's32p', 'compression_level': '7', 'reservoir': '0', 'b:a': '32k'}",44.8671875,-3.413,-1.857,0.4939338050025981,0.2691765948300191
"{'ar': '44100', 'sample_fmt': 's32p', 'compression_level': '5', 'reservoir': '1', 'b:a': '269k'}",356.8115234375,-2.592,-0.706,0.9829967350233346,2.011241596783516
"{'ar': '44100', 'sample_fmt': 's32p', 'compression_level': '5', 'reservoir': '1', 'b:a': '195k'}",267.6279296875,-2.616,-0.732,1.4278772590041626,2.056545869286553
"{'ar': '16000', 'sample_fmt': 'fltp', 'compression_level': '8', 'reservoir': '0', 'b:a': '78k', 'abr': 'True'}",115.07421875,-3.741,-2.807,1.1131136970070656,-0.9525207534782801
"{'ar': '44100', 'sample_fmt': 's32p', 'compression_level': '7', 'reservoir': '1', 'b:a': '195k'}",267.6279296875,-2.63,-0.747,0.7850880350160878,2.066705272146973
"{'ar': '44100', 'sample_fmt': 'fltp', 'compression_level': '5', 'reservoir': '0', 'b:a': '82k'}",111.5576171875,-3.464,-1.965,0.8759786320151761,-0.018373338254948572
"{'ar': '44100', 'sample_fmt': 's32p', 'compression_level': '5', 'reservoir': '0', 'b:a': '32k'}",44.771484375,-3.299,-1.643,1.2131967839959543,0.5492875128713213
"{'ar': '48000', 'sample_fmt': 'fltp', 'compression_level': '9', 'reservoir': '0', 'b:a': '300k'}",446.328125,-3.307,-1.657,0.7024919939867686,-0.07677046026327118
"{'ar': '32000', 'sample_fmt': 's32p', 'compression_level': '7', 'reservoir': '1', 'b:a': '185k'}",268.390625,-3.177,-1.443,0.7197817929845769,0.5762801900464637
"{'ar': '11025', 'sample_fmt': 'fltp', 'compression_level': '0', 'reservoir': '1', 'aq': '9'}",46.904296875,-3.834,-3.322,0.6809768039966002,-1.1909492347375015
"{'ar': '48000', 'sample_fmt': 'fltp', 'compression_level': '9', 'reservoir': '0', 'b:a': '296k'}",446.328125,-3.307,-1.657,0.6649979760113638,-0.07399916906604463
"{'ar': '44100', 'sample_fmt': 'fltp', 'compression_level': '9', 'reservoir': '1', 'b:a': '209k'}",312.220703125,-2.6,-0.715,0.5891936720290687,2.0900220843668027
"{'ar': '44100', 'sample_fmt': 'fltp', 'compression_level': '7', 'reservoir': '1', 'b:a': '32k', 'abr': 'True'}",48.16796875,-3.35,-1.734,0.8652372210053727,0.42205301473560614
"{'ar': '12000', 'sample_fmt': 'fltp', 'compression_level': '7', 'reservoir': '0', 'b:a': '108k'}",90.359375,-3.74,-2.803,0.6057541450136341,-0.8719919701956518
"{'ar': '12000', 'sample_fmt': 'fltp', 'compression_level': '2', 'reservoir': '0', 'b:a': '155k', 'abr': 'True'}",76.578125,-3.769,-2.938,0.6026627699902747,-0.9599283072786419
"{'ar': '32000', 'sample_fmt': 's16p', 'compression_level': '7', 'reservoir': '1', 'b:a': '32k'}",44.8671875,-3.423,-1.878,0.47081053600413725,0.24096169750133395
"{'ar': '44100', 'sample_fmt': 's16p', 'compression_level': '4', 'reservoir': '1', 'aq': '9'}",103.81640625,-3.341,-1.719,0.7935660229995847,0.36425551454273886
"{'ar': '44100', 'sample_fmt': 's32p', 'compression_level': '5', 'reservoir': '1', 'b:a': '32k'}",44.771484375,-3.292,-1.63,0.6641259930038359,0.6102814455925853
"{'ar': '44100', 'sample_fmt': 's32p', 'compression_level': '5', 'reservoir': '1', 'b:a': '194k', 'abr': 'True'}",266.75,-2.623,-0.74,0.6387530310021248,2.0974399701380304
"{'ar': '44100', 'sample_fmt': 's32p', 'compression_level': '7', 'reservoir': '1', 'b:a': '246k', 'abr': 'True'}",339.4716796875,-2.605,-0.72,0.5312853749783244,2.0375918538673314
"{'ar': '44100', 'sample_fmt': 's32p', 'compression_level': '0', 'reservoir': '1', 'aq': '9'}",103.837890625,-3.343,-1.721,0.5428762220253702,0.3774596476839649
"{'ar': '48000', 'sample_fmt': 's16p', 'compression_level': '6', 'reservoir': '0', 'aq': '9'}",121.2734375,-3.336,-1.708,0.528928118001204,0.3710798314632838
"{'ar': '44100', 'sample_fmt': 's32p', 'compression_level': '7', 'reservoir': '1', 'aq': '9'}",97.1474609375,-3.314,-1.668,0.5228205939929467,0.47390519188230856
"{'ar': '8000', 'sample_fmt': 's16p', 'compression_level': '5', 'reservoir': '1', 'b:a': '32k'}",45.359375,-3.855,-3.485,0.46429237702977844,-1.2728167006825792
"{'ar': '44100', 'sample_fmt': 's16p', 'compression_level': '4', 'reservoir': '1', 'aq': '9'}",103.81640625,-3.341,-1.719,0.5523318710038438,0.38208582769655314
"{'ar': '11025', 'sample_fmt': 'fltp', 'compression_level': '8', 'reservoir': '1', 'b:a': '75k', 'abr': 'True'}",88.3994140625,-3.849,-3.439,0.4586509159998968,-1.3125864772198965
"{'ar': '8000', 'sample_fmt': 's32p', 'compression_level': '2', 'reservoir': '0', 'aq': '9'}",40.578125,-3.85,-3.441,0.6381363619875629,-1.2525068813260907
"{'ar': '44100', 'sample_fmt': 's32p', 'compression_level': '2', 'reservoir': '1', 'b:a': '32k', 'abr': 'True'}",47.76171875,-3.294,-1.634,0.9535610680177342,0.5781953424872565
"{'ar': '44100', 'sample_fmt': 's32p', 'compression_level': '0', 'reservoir': '1', 'aq': '9'}",103.837890625,-3.343,-1.721,0.660509939014446,0.36876499979099403
"{'ar': '44100', 'sample_fmt': 's32p', 'compression_level': '0', 'reservoir': '1', 'b:a': '245k', 'abr': 'True'}",334.185546875,-2.595,-0.709,1.2673336949956138,2.0183927118289104
"{'ar': '48000', 'sample_fmt': 'fltp', 'compression_level': '9', 'reservoir': '0', 'b:a': '300k', 'abr': 'True'}",445.859375,-3.348,-1.731,0.5324873799982015,-0.18232833382522864
"{'ar': '8000', 'sample_fmt': 's32p', 'compression_level': '7', 'reservoir': '1', 'aq': '9'}",36.8515625,-3.855,-3.486,0.42542818500078283,-1.2566839790785147
"{'ar': '8000', 'sample_fmt': 's32p', 'compression_level': '2', 'reservoir': '1', 'b:a': '168k', 'abr': 'True'}",75.2421875,-3.858,-3.512,0.560077651985921,-1.3430866039122196
"{'ar': '32000', 'sample_fmt': 's16p', 'compression_level': '7', 'reservoir': '1', 'b:a': '32k'}",44.8671875,-3.423,-1.878,0.533553657005541,0.23632417214910917
"{'ar': '8000', 'sample_fmt': 's16p', 'compression_level': '2', 'reservoir': '1', 'aq': '9'}",35.8671875,-3.85,-3.44,0.5064036510302685,-1.2349376014092062
"{'ar': '32000', 'sample_fmt': 's32p', 'compression_level': '5', 'reservoir': '1', 'b:a': '143k', 'abr': 'True'}",185.5625,-3.257,-1.571,0.578468775987858,0.4921172477190167
"{'ar': '8000', 'sample_fmt': 's16p', 'compression_level': '6', 'reservoir': '1', 'aq': '9'}",36.359375,-3.85,-3.44,0.4757356269983575,-1.2334562053201055
"{'ar': '44100', 'sample_fmt': 'fltp', 'compression_level': '9', 'reservoir': '1', 'b:a': '270k'}",356.8115234375,-2.605,-0.72,0.5372917310160119,2.0094793317700934
"{'ar': '32000', 'sample_fmt': 's32p', 'compression_level': '7', 'reservoir': '1', 'b:a': '32k'}",44.8671875,-3.434,-1.9,0.675449275993742,0.1932668557869435
"{'ar': '44100', 'sample_fmt': 's32p', 'compression_level': '5', 'reservoir': '1', 'b:a': '194k', 'abr': 'True'}",266.75,-2.623,-0.74,0.8257567299879156,2.083617986450177
"{'ar': '44100', 'sample_fmt': 's16p', 'compression_level': '4', 'reservoir': '1', 'aq': '9'}",103.81640625,-3.341,-1.719,0.6804344920092262,0.37261739286071494
"{'ar': '8000', 'sample_fmt': 's16p', 'compression_level': '5', 'reservoir': '1', 'aq': '9'}",36.359375,-3.85,-3.44,0.4489027370000258,-1.2314729088940648
"{'ar': '44100', 'sample_fmt': 's32p', 'compression_level': '0', 'reservoir': '1', 'b:a': '244k'}",356.8115234375,-2.591,-0.705,1.154409451992251,2.0012173838680334
"{'ar': '44100', 'sample_fmt': 'fltp', 'compression_level': '7', 'reservoir': '1', 'b:a': '254k', 'abr': 'True'}",350.5458984375,-2.6,-0.714,0.5124153130163904,2.0348582953900296
"{'ar': '8000', 'sample_fmt': 's16p', 'compression_level': '5', 'reservoir': '0', 'b:a': '32k'}",45.359375,-3.853,-3.472,0.45244800599175505,-1.2631804140145662
"{'ar': '32000', 'sample_fmt': 's32p', 'compression_level': '7', 'reservoir': '1', 'aq': '9'}",81.7109375,-3.518,-2.09,0.9296686980233062,-0.13996537999240932
"{'ar': '8000', 'sample_fmt': 'fltp', 'compression_level': '6', 'reservoir': '0', 'aq': '9'}",41.140625,-3.85,-3.441,0.6448012010077946,-1.2538970601759294
"{'ar': '44100', 'sample_fmt': 'fltp', 'compression_level': '9', 'reservoir': '1', 'aq': '9'}",97.1474609375,-3.314,-1.668,0.5451008940290194,0.47225839053383645
"{'ar': '44100', 'sample_fmt': 's32p', 'compression_level': '2', 'reservoir': '1', 'b:a': '195k'}",267.6279296875,-2.626,-0.742,0.8336201310157776,2.0740151681024424
"{'ar': '44100', 'sample_fmt': 's32p', 'compression_level': '8', 'reservoir': '1', 'b:a': '187k'}",267.6279296875,-2.63,-0.747,0.9579928549937904,2.053925377341445
"{'ar': '44100', 'sample_fmt': 's32p', 'compression_level': '7', 'reservoir': '1', 'b:a': '32k', 'abr': 'True'}",48.16796875,-3.35,-1.734,0.8543855390162207,0.42285509390437825
"{'ar': '44100', 'sample_fmt': 's32p', 'compression_level': '0', 'reservoir': '1', 'b:a': '245k', 'abr': 'True'}",334.185546875,-2.595,-0.709,1.1828055250225589,2.0246404330925443
"{'ar': '44100', 'sample_fmt': 'fltp', 'compression_level': '5', 'reservoir': '0', 'b:a': '108k', 'abr': 'True'}",157.525390625,-3.086,-1.308,0.606134503002977,1.0161951486015357
"{'ar': '11025', 'sample_fmt': 'fltp', 'compression_level': '6', 'reservoir': '0', 'aq': '9'}",52.037109375,-3.834,-3.322,0.4985510589904152,-1.1856558680974119
"{'ar': '44100', 'sample_fmt': 's16p', 'compression_level': '7', 'reservoir': '1', 'b:a': '32k', 'abr': 'True'}",48.193359375,-3.355,-1.744,0.6296120059560053,0.42462396696240695
"{'ar': '11025', 'sample_fmt': 'fltp', 'compression_level': '4', 'reservoir': '0', 'aq': '9'}",51.1103515625,-3.834,-3.322,0.5585170980193652,-1.18860933665645
"{'ar': '32000', 'sample_fmt': 's32p', 'compression_level': '2', 'reservoir': '1', 'aq': '9'}",83.046875,-3.54,-2.146,0.5336787469859701,-0.18175263008275225
"{'ar': '44100', 'sample_fmt': 's32p', 'compression_level': '5', 'reservoir': '1', 'b:a': '192k'}",267.6279296875,-2.616,-0.732,0.6434407389897387,2.114525838894639
"{'ar': '32000', 'sample_fmt': 's32p', 'compression_level': '9', 'reservoir': '1', 'b:a': '194k', 'abr': 'True'}",269.8671875,-3.176,-1.441,0.5314938410010654,0.5908018527161216
"{'ar': '8000', 'sample_fmt': 's16p', 'compression_level': '5', 'reservoir': '1', 'aq': '9'}",36.359375,-3.85,-3.44,0.4600549240130931,-1.232297199257381
"{'ar': '44100', 'sample_fmt': 'fltp', 'compression_level': '9', 'reservoir': '1', 'b:a': '266k'}",356.8115234375,-2.605,-0.72,0.8150882250047289,1.988946590282736
"{'ar': '44100', 'sample_fmt': 'fltp', 'compression_level': '5', 'reservoir': '1', 'b:a': '169k', 'abr': 'True'}",229.138671875,-2.651,-0.77,0.6757471720047761,2.0800186797216185
"{'ar': '16000', 'sample_fmt': 'fltp', 'compression_level': '9', 'reservoir': '0', 'b:a': '75k', 'abr': 'True'}",114.01953125,-3.759,-2.892,0.43617065603029914,-0.969555855746659
"{'ar': '44100', 'sample_fmt': 's32p', 'compression_level': '9', 'reservoir': '1', 'b:a': '194k'}",267.6279296875,-2.63,-0.747,0.5329854429874104,2.085338903104993
"{'ar': '44100', 'sample_fmt': 's32p', 'compression_level': '7', 'reservoir': '1', 'b:a': '167k', 'abr': 'True'}",225.26171875,-2.687,-0.81,0.5318067350017373,2.0003479517060097
"{'ar': '32000', 'sample_fmt': 's16p', 'compression_level': '9', 'reservoir': '1', 'b:a': '169k', 'abr': 'True'}",233.09375,-3.192,-1.465,0.48283067700685933,0.6082267532775565
"{'ar': '44100', 'sample_fmt': 's32p', 'compression_level': '5', 'reservoir': '1', 'b:a': '32k'}",44.771484375,-3.292,-1.63,0.5390438929898664,0.6195266249949826
"{'ar': '44100', 'sample_fmt': 'fltp', 'compression_level': '8', 'reservoir': '0', 'aq': '9'}",103.8740234375,-3.314,-1.668,0.49007262400118634,0.46559235125031434
"{'ar': '44100', 'sample_fmt': 'fltp', 'compression_level': '7', 'reservoir': '1', 'b:a': '169k', 'abr': 'True'}",228.228515625,-2.681,-0.803,0.48309102398343384,2.015402493769669
"{'ar': '44100', 'sample_fmt': 's32p', 'compression_level': '9', 'reservoir': '1', 'b:a': '194k', 'abr': 'True'}",265.4287109375,-2.623,-0.74,0.48344813199946657,2.1110273381272604
"{'ar': '16000', 'sample_fmt': 'fltp', 'compression_level': '4', 'reservoir': '1', 'b:a': '46k', 'abr': 'True'}",61.91796875,-3.798,-3.093,0.4621180859976448,-1.042611801733562
"{'ar': '32000', 'sample_fmt': 'fltp', 'compression_level': '6', 'reservoir': '0', 'b:a': '128k'}",178.953125,-3.276,-1.603,0.5405600230151322,0.4511020509660651
"{'ar': '44100', 'sample_fmt': 's32p', 'compression_level': '7', 'reservoir': '1', 'b:a': '167k', 'abr': 'True'}",225.26171875,-2.687,-0.81,0.4657309899921529,2.0052318009273806
"{'ar': '8000', 'sample_fmt': 's16p', 'compression_level': '7', 'reservoir': '1', 'b:a': '169k', 'abr': 'True'}",90.21875,-3.858,-3.51,0.3933372749888804,-1.354028994802033
"{'ar': '44100', 'sample_fmt': 'fltp', 'compression_level': '0', 'reservoir': '0', 'b:a': '210k'}",312.220703125,-2.6,-0.715,0.9491376780206338,2.0634175829246466
"{'ar': '44100', 'sample_fmt': 's32p', 'compression_level': '9', 'reservoir': '1', 'b:a': '246k', 'abr': 'True'}",339.4716796875,-2.605,-0.72,0.4710982830147259,2.0420404557284284
"{'ar': '32000', 'sample_fmt': 'fltp', 'compression_level': '7', 'reservoir': '1', 'b:a': '32k'}",44.8671875,-3.434,-1.9,0.41992307297186926,0.21215353572505424
"{'ar': '12000', 'sample_fmt': 'fltp', 'compression_level': '7', 'reservoir': '0', 'b:a': '108k'}",90.359375,-3.74,-2.803,0.3957190530200023,-0.856467669707706
"{'ar': '8000', 'sample_fmt': 'fltp', 'compression_level': '9', 'reservoir': '1', 'b:a': '128k', 'abr': 'True'}",89.9375,-3.858,-3.51,0.3781342720030807,-1.352456516255636
"{'ar': '16000', 'sample_fmt': 's32p', 'compression_level': '8', 'reservoir': '1', 'b:a': '86k', 'abr': 'True'}",119.71484375,-3.714,-2.693,0.4036926980188582,-0.8086196986724434
"{'ar': '12000', 'sample_fmt': 's16p', 'compression_level': '2', 'reservoir': '0', 'aq': '9'}",55.15625,-3.768,-2.936,0.43803352597751655,-0.9106171017881743
"{'ar': '44100', 'sample_fmt': 's32p', 'compression_level': '7', 'reservoir': '1', 'b:a': '248k', 'abr': 'True'}",342.1123046875,-2.603,-0.718,0.5793796590005513,2.0351143070175444
"{'ar': '44100', 'sample_fmt': 'fltp', 'compression_level': '7', 'reservoir': '1', 'b:a': '32k', 'abr': 'True'}",48.16796875,-3.35,-1.734,0.5520369840087369,0.44520254915806823
"{'ar': '44100', 'sample_fmt': 's32p', 'compression_level': '7', 'reservoir': '1', 'b:a': '245k', 'abr': 'True'}",337.9482421875,-2.601,-0.716,0.5405206250143237,2.0499217301372847
"{'ar': '8000', 'sample_fmt': 'fltp', 'compression_level': '6', 'reservoir': '0', 'b:a': '128k'}",91.203125,-3.858,-3.51,0.5132380579889286,-1.364461940441795
"{'ar': '44100', 'sample_fmt': 's32p', 'compression_level': '0', 'reservoir': '1', 'b:a': '194k', 'abr': 'True'}",261.7607421875,-2.621,-0.737,1.0050318560388405,2.0839346769255327
"{'ar': '32000', 'sample_fmt': 's32p', 'compression_level': '5', 'reservoir': '0', 'b:a': '143k'}",178.953125,-3.276,-1.603,0.5929280720301904,0.44723137716027134
"{'ar': '32000', 'sample_fmt': 'fltp', 'compression_level': '6', 'reservoir': '0', 'b:a': '127k'}",178.953125,-3.276,-1.603,0.5758332779805642,0.44849490277919024
"{'ar': '32000', 'sample_fmt': 'fltp', 'compression_level': '0', 'reservoir': '1', 'aq': '9'}",83.046875,-3.54,-2.146,0.4807034539990127,-0.1778370731205308
"{'ar': '8000', 'sample_fmt': 'fltp', 'compression_level': '6', 'reservoir': '0', 'b:a': '128k'}",91.203125,-3.858,-3.51,0.4753189039765857,-1.3616592262117646
"{'ar': '44100', 'sample_fmt': 's32p', 'compression_level': '7', 'reservoir': '1', 'b:a': '267k'}",356.8115234375,-2.604,-0.719,0.48893085098825395,2.0156992203840667
"{'ar': '44100', 'sample_fmt': 's16p', 'compression_level': '1', 'reservoir': '1', 'aq': '9'}",103.81640625,-3.341,-1.719,0.5201706900261343,0.38446295350351256
"{'ar': '44100', 'sample_fmt': 's32p', 'compression_level': '5', 'reservoir': '1', 'b:a': '143k'}",178.4443359375,-2.832,-0.978,0.5827309350133874,1.6804508387027615
"{'ar': '16000', 'sample_fmt': 'fltp', 'compression_level': '1', 'reservoir': '1', 'b:a': '75k', 'abr': 'True'}",90.04296875,-3.822,-3.243,0.5811514419619925,-1.1995252374207868
"{'ar': '44100', 'sample_fmt': 's16p', 'compression_level': '4', 'reservoir': '1', 'b:a': '32k', 'abr': 'True'}",47.685546875,-3.352,-1.738,0.527957057027379,0.44183044033727975
"{'ar': '44100', 'sample_fmt': 'fltp', 'compression_level': '7', 'reservoir': '1', 'b:a': '32k', 'abr': 'True'}",48.16796875,-3.35,-1.734,0.45389211998553947,0.4524567196206445
"{'ar': '44100', 'sample_fmt': 's32p', 'compression_level': '7', 'reservoir': '0', 'b:a': '167k', 'abr': 'True'}",243.7783203125,-2.687,-0.81,0.4723647240025457,1.9751951967187202
"{'ar': '16000', 'sample_fmt': 'fltp', 'compression_level': '8', 'reservoir': '0', 'aq': '9'}",66.69921875,-3.805,-3.135,0.4026877220021561,-1.0754072212398442
"{'ar': '32000', 'sample_fmt': 's16p', 'compression_level': '7', 'reservoir': '1', 'b:a': '254k', 'abr': 'True'}",352.0625,-3.172,-1.435,0.45097378798527643,0.47680967322848555
"{'ar': '44100', 'sample_fmt': 's32p', 'compression_level': '5', 'reservoir': '1', 'b:a': '107k'}",156.1484375,-2.963,-1.14,0.5537845270009711,1.3618410085379222
"{'ar': '16000', 'sample_fmt': 's32p', 'compression_level': '4', 'reservoir': '1', 'b:a': '46k', 'abr': 'True'}",61.91796875,-3.798,-3.093,0.447836995968828,-1.0415562451082458
"{'ar': '11025', 'sample_fmt': 'fltp', 'compression_level': '0', 'reservoir': '1', 'aq': '9'}",46.904296875,-3.834,-3.322,0.456598593009403,-1.1743647928842393
"{'ar': '16000', 'sample_fmt': 'fltp', 'compression_level': '8', 'reservoir': '0', 'aq': '9'}",66.69921875,-3.805,-3.135,0.43471843999577686,-1.0777747041507126
"{'ar': '44100', 'sample_fmt': 's16p', 'compression_level': '7', 'reservoir': '1', 'aq': '9'}",97.146484375,-3.315,-1.67,0.5708185720141046,0.4673982262619811
"{'ar': '44100', 'sample_fmt': 'fltp', 'compression_level': '9', 'reservoir': '0', 'b:a': '208k'}",267.6279296875,-2.62,-0.736,1.2882082510332111,2.0562876242183354
"{'ar': '44100', 'sample_fmt': 'fltp', 'compression_level': '5', 'reservoir': '1', 'b:a': '196k', 'abr': 'True'}",269.1962890625,-2.619,-0.736,0.6836773869872559,2.1007976092967957
"{'ar': '44100', 'sample_fmt': 'fltp', 'compression_level': '7', 'reservoir': '1', 'b:a': '169k', 'abr': 'True'}",228.228515625,-2.681,-0.803,0.7148720969853457,1.9982708849963633
"{'ar': '16000', 'sample_fmt': 'fltp', 'compression_level': '8', 'reservoir': '1', 'b:a': '75k', 'abr': 'True'}",103.75390625,-3.759,-2.892,0.5595295210077893,-0.9622931713839142
"{'ar': '44100', 'sample_fmt': 's32p', 'compression_level': '5', 'reservoir': '1', 'b:a': '169k', 'abr': 'True'}",229.1376953125,-2.65,-0.769,0.9001921509916428,2.0660762573644558
"{'ar': '32000', 'sample_fmt': 's16p', 'compression_level': '7', 'reservoir': '1', 'aq': '9'}",81.7109375,-3.514,-2.081,0.7635963250068016,-0.11553161405775264
"{'ar': '8000', 'sample_fmt': 'fltp', 'compression_level': '2', 'reservoir': '1', 'aq': '9'}",35.8671875,-3.85,-3.441,0.6948785560089163,-1.2491837845910234
"{'ar': '44100', 'sample_fmt': 'fltp', 'compression_level': '7', 'reservoir': '1', 'b:a': '169k'}",223.037109375,-2.691,-0.815,0.5343756820075214,1.9928107604644374
"{'ar': '16000', 'sample_fmt': 'fltp', 'compression_level': '8', 'reservoir': '0', 'aq': '9'}",66.69921875,-3.805,-3.135,0.4618198630050756,-1.0797778486274463
"{'ar': '32000', 'sample_fmt': 's16p', 'compression_level': '7', 'reservoir': '1', 'b:a': '186k'}",268.390625,-3.178,-1.444,0.4817618430242874,0.5912275359956396
"{'ar': '44100', 'sample_fmt': 's32p', 'compression_level': '5', 'reservoir': '1', 'aq': '7'}",118.666015625,-3.312,-1.665,0.5556493509793654,0.44274857838737064
"{'ar': '8000', 'sample_fmt': 'fltp', 'compression_level': '2', 'reservoir': '1', 'aq': '9'}",35.8671875,-3.85,-3.441,0.7826518439978827,-1.25567136190309
"{'ar': '44100', 'sample_fmt': 's32p', 'compression_level': '9', 'reservoir': '1', 'b:a': '143k', 'abr': 'True'}",190.841796875,-2.805,-0.945,0.5635581270034891,1.7354042157811385
"{'ar': '44100', 'sample_fmt': 's32p', 'compression_level': '9', 'reservoir': '1', 'b:a': '248k', 'abr': 'True'}",342.1123046875,-2.603,-0.718,0.7049860959814396,2.0258303723549944
"{'ar': '16000', 'sample_fmt': 'fltp', 'compression_level': '4', 'reservoir': '0', 'aq': '9'}",65.08203125,-3.818,-3.218,0.4736578459851444,-1.1345445790753217
"{'ar': '8000', 'sample_fmt': 's16p', 'compression_level': '5', 'reservoir': '1', 'b:a': '32k'}",45.359375,-3.855,-3.485,0.44743701798142865,-1.2715708723963863
"{'ar': '44100', 'sample_fmt': 's32p', 'compression_level': '9', 'reservoir': '1', 'b:a': '195k', 'abr': 'True'}",266.8515625,-2.621,-0.737,0.5134961929870769,2.112142256143937
"{'ar': '44100', 'sample_fmt': 'fltp', 'compression_level': '7', 'reservoir': '1', 'b:a': '32k'}",44.771484375,-3.286,-1.619,0.48378520301776007,0.6410606239414227
"{'ar': '44100', 'sample_fmt': 'fltp', 'compression_level': '7', 'reservoir': '1', 'b:a': '32k', 'abr': 'True'}",48.16796875,-3.35,-1.734,0.47946537801180966,0.4505665262330194
"{'ar': '44100', 'sample_fmt': 's32p', 'compression_level': '0', 'reservoir': '1', 'b:a': '194k', 'abr': 'True'}",261.7607421875,-2.621,-0.737,0.95149101500283,2.087892035178055
"{'ar': '12000', 'sample_fmt': 's32p', 'compression_level': '7', 'reservoir': '0', 'b:a': '108k', 'abr': 'True'}",90.359375,-3.74,-2.804,0.4559751999913715,-0.8612368340323289
"{'ar': '44100', 'sample_fmt': 's32p', 'compression_level': '0', 'reservoir': '1', 'b:a': '245k'}",356.8115234375,-2.591,-0.705,1.8129328040231485,1.9525440202971174
"{'ar': '44100', 'sample_fmt': 's32p', 'compression_level': '7', 'reservoir': '1', 'aq': '9'}",97.1474609375,-3.314,-1.668,0.609145262016682,0.46752468625726157
"{'ar': '32000', 'sample_fmt': 's16p', 'compression_level': '7', 'reservoir': '1', 'b:a': '254k', 'abr': 'True'}",352.0625,-3.172,-1.435,0.5743325199873652,0.46769187293504483
"{'ar': '8000', 'sample_fmt': 'fltp', 'compression_level': '2', 'reservoir': '1', 'aq': '9'}",35.8671875,-3.85,-3.441,0.5693863250198774,-1.239908291223298
"{'ar': '44100', 'sample_fmt': 's32p', 'compression_level': '7', 'reservoir': '1', 'b:a': '32k', 'abr': 'True'}",48.16796875,-3.35,-1.734,0.9605873849941418,0.41500540862709245
"{'ar': '44100', 'sample_fmt': 'fltp', 'compression_level': '0', 'reservoir': '0', 'aq': '9'}",112.5185546875,-3.343,-1.721,1.1825467749731615,0.316328320550477
"{'ar': '44100', 'sample_fmt': 's32p', 'compression_level': '0', 'reservoir': '1', 'b:a': '169k', 'abr': 'True'}",222.654296875,-2.692,-0.816,2.270799976977287,1.8624320680141158
"{'ar': '44100', 'sample_fmt': 'fltp', 'compression_level': '7', 'reservoir': '0', 'b:a': '32k'}",44.771484375,-3.303,-1.649,0.7158967749855947,0.5748318915496811
"{'ar': '44100', 'sample_fmt': 's32p', 'compression_level': '2', 'reservoir': '1', 'b:a': '245k', 'abr': 'True'}",333.7802734375,-2.596,-0.71,1.384544304019073,2.007730621303004
"{'ar': '44100', 'sample_fmt': 's32p', 'compression_level': '7', 'reservoir': '1', 'b:a': '107k'}",156.1484375,-3.068,-1.283,1.2192074159684125,1.0229036549463477
"{'ar': '44100', 'sample_fmt': 's32p', 'compression_level': '5', 'reservoir': '1', 'b:a': '194k'}",267.6279296875,-2.616,-0.732,0.9255206419911701,2.0936764982714178
"{'ar': '44100', 'sample_fmt': 'fltp', 'compression_level': '9', 'reservoir': '1', 'b:a': '186k', 'abr': 'True'}",253.537109375,-2.645,-0.764,1.3145992390054744,2.009739931942643
"{'ar': '32000', 'sample_fmt': 'fltp', 'compression_level': '9', 'reservoir': '1', 'b:a': '143k', 'abr': 'True'}",195.125,-3.239,-1.541,0.8206268719804939,0.5103627337094059
"{'ar': '44100', 'sample_fmt': 'fltp', 'compression_level': '2', 'reservoir': '1', 'aq': '9'}",103.837890625,-3.343,-1.721,0.7932923649786972,0.35895066704963513
"{'ar': '44100', 'sample_fmt': 'fltp', 'compression_level': '0', 'reservoir': '0', 'aq': '9'}",112.5185546875,-3.343,-1.721,0.9457920639833901,0.33382754527742586
"{'ar': '44100', 'sample_fmt': 'fltp', 'compression_level': '9', 'reservoir': '1', 'b:a': '209k'}",312.220703125,-2.6,-0.715,0.8482574170047883,2.0708739344821274
"{'ar': '44100', 'sample_fmt': 's32p', 'compression_level': '0', 'reservoir': '1', 'b:a': '247k', 'abr': 'True'}",336.115234375,-2.596,-0.711,1.2255482189939357,2.01544120838683
"{'ar': '44100', 'sample_fmt': 'fltp', 'compression_level': '9', 'reservoir': '1', 'b:a': '209k'}",312.220703125,-2.6,-0.715,0.6214713669614866,2.0876363466768155
"{'ar': '44100', 'sample_fmt': 'fltp', 'compression_level': '9', 'reservoir': '0', 'b:a': '211k'}",312.220703125,-2.606,-0.721,0.6296320380060934,2.0711607904280243
"{'ar': '44100', 'sample_fmt': 's32p', 'compression_level': '7', 'reservoir': '1', 'b:a': '107k', 'abr': 'True'}",139.2421875,-3.248,-1.556,0.7925533509987872,0.5759066381599476
"{'ar': '44100', 'sample_fmt': 's16p', 'compression_level': '7', 'reservoir': '1', 'aq': '9'}",97.146484375,-3.315,-1.67,0.8179809160064906,0.44912974330981265
"{'ar': '44100', 'sample_fmt': 's16p', 'compression_level': '7', 'reservoir': '1', 'aq': '9'}",97.146484375,-3.315,-1.67,0.6882643409771845,0.45871747015063574
"{'ar': '44100', 'sample_fmt': 's32p', 'compression_level': '5', 'reservoir': '1', 'b:a': '169k', 'abr': 'True'}",229.1376953125,-2.65,-0.769,0.7694832320266869,2.0757373312126677
"{'ar': '44100', 'sample_fmt': 's32p', 'compression_level': '7', 'reservoir': '1', 'b:a': '169k', 'abr': 'True'}",228.228515625,-2.681,-0.803,0.8334662919805851,1.9895052453989195
"{'ar': '8000', 'sample_fmt': 's32p', 'compression_level': '7', 'reservoir': '1', 'aq': '9'}",36.8515625,-3.855,-3.486,0.49959412598400377,-1.2621657980586956
"{'ar': '44100', 'sample_fmt': 's16p', 'compression_level': '7', 'reservoir': '1', 'b:a': '169k', 'abr': 'True'}",228.224609375,-2.678,-0.8,0.620478594006272,2.013190203327448
"{'ar': '44100', 'sample_fmt': 'fltp', 'compression_level': '0', 'reservoir': '1', 'b:a': '245k', 'abr': 'True'}",334.185546875,-2.595,-0.709,1.2861510669754352,2.0170018654982553
"{'ar': '44100', 'sample_fmt': 's16p', 'compression_level': '4', 'reservoir': '1', 'b:a': '32k'}",44.771484375,-3.322,-1.684,0.6503491399926133,0.5243668434324692
"{'ar': '12000', 'sample_fmt': 'fltp', 'compression_level': '7', 'reservoir': '0', 'b:a': '103k'}",90.265625,-3.74,-2.803,0.46865136502310634,-0.861708714048796
"{'ar': '16000', 'sample_fmt': 's16p', 'compression_level': '8', 'reservoir': '0', 'aq': '9'}",66.69921875,-3.805,-3.137,0.490303295024205,-1.0825140581998043
"{'ar': '44100', 'sample_fmt': 's32p', 'compression_level': '0', 'reservoir': '1', 'b:a': '242k'}",356.8115234375,-2.591,-0.705,1.234946995973587,1.9952646213012655
"{'ar': '44100', 'sample_fmt': 'fltp', 'compression_level': '9', 'reservoir': '0', 'b:a': '208k'}",267.6279296875,-2.62,-0.736,0.6360819269903004,2.1044881649682043
"{'ar': '44100', 'sample_fmt': 's32p', 'compression_level': '9', 'reservoir': '1', 'b:a': '194k'}",267.6279296875,-2.63,-0.747,0.5767101490346249,2.082107083750518
"{'ar': '32000', 'sample_fmt': 'fltp', 'compression_level': '7', 'reservoir': '1', 'b:a': '32k'}",44.8671875,-3.434,-1.9,0.47254927598987706,0.2082637810110374
"{'ar': '32000', 'sample_fmt': 's32p', 'compression_level': '9', 'reservoir': '1', 'b:a': '107k', 'abr': 'True'}",143.375,-3.494,-2.033,0.4685436229920015,-0.13037781810680393
"{'ar': '44100', 'sample_fmt': 'fltp', 'compression_level': '1', 'reservoir': '1', 'aq': '9'}",103.837890625,-3.343,-1.721,0.559629611991113,0.37622135622727915
"{'ar': '44100', 'sample_fmt': 'fltp', 'compression_level': '2', 'reservoir': '1', 'aq': '9'}",103.837890625,-3.343,-1.721,0.609790554997744,0.3725138160033947
"{'ar': '44100', 'sample_fmt': 's32p', 'compression_level': '5', 'reservoir': '1', 'b:a': '245k'}",356.8115234375,-2.592,-0.706,0.6270355860178825,2.0375517137584573
"{'ar': '44100', 'sample_fmt': 's16p', 'compression_level': '9', 'reservoir': '1', 'b:a': '246k', 'abr': 'True'}",339.3701171875,-2.606,-0.721,0.5471625119971577,2.033934992238683
"{'ar': '44100', 'sample_fmt': 's32p', 'compression_level': '9', 'reservoir': '1', 'b:a': '143k'}",178.4443359375,-2.916,-1.081,0.8500019779894501,1.4324890693166605
"{'ar': '44100', 'sample_fmt': 's32p', 'compression_level': '0', 'reservoir': '1', 'b:a': '244k', 'abr': 'True'}",332.9658203125,-2.594,-0.708,1.2690348719770554,2.0228586436751943
"{'ar': '44100', 'sample_fmt': 's32p', 'compression_level': '7', 'reservoir': '1', 'b:a': '168k', 'abr': 'True'}",226.8955078125,-2.684,-0.807,0.7678745939920191,1.988228703548847
"{'ar': '44100', 'sample_fmt': 's32p', 'compression_level': '0', 'reservoir': '1', 'b:a': '245k', 'abr': 'True'}",334.185546875,-2.595,-0.709,1.1274057890113909,2.028735187643447
"{'ar': '44100', 'sample_fmt': 's32p', 'compression_level': '1', 'reservoir': '1', 'b:a': '107k', 'abr': 'True'}",141.1201171875,-3.267,-1.587,1.114595492981607,0.4950589974883927
"{'ar': '44100', 'sample_fmt': 's32p', 'compression_level': '9', 'reservoir': '1', 'b:a': '143k', 'abr': 'True'}",190.841796875,-2.805,-0.945,0.5496870880306233,1.7364294643481795
"{'ar': '44100', 'sample_fmt': 's32p', 'compression_level': '0', 'reservoir': '1', 'b:a': '245k', 'abr': 'True'}",334.185546875,-2.595,-0.709,1.0190483369806316,2.0367441999921296
"{'ar': '44100', 'sample_fmt': 's32p', 'compression_level': '9', 'reservoir': '1', 'b:a': '143k', 'abr': 'True'}",190.841796875,-2.805,-0.945,0.5064561710169073,1.7396247863285212
"{'ar': '44100', 'sample_fmt': 'fltp', 'compression_level': '7', 'reservoir': '1', 'b:a': '32k'}",44.771484375,-3.286,-1.619,0.5150351900083479,0.6387508471146962
"{'ar': '16000', 'sample_fmt': 's32p', 'compression_level': '5', 'reservoir': '1', 'b:a': '192k', 'abr': 'True'}",210.69921875,-3.762,-2.907,0.49458621299709193,-1.1398635635683232
"{'ar': '44100', 'sample_fmt': 's32p', 'compression_level': '7', 'reservoir': '1', 'b:a': '246k', 'abr': 'True'}",339.4716796875,-2.605,-0.72,0.5374156340258196,2.037138748709432
"{'ar': '44100', 'sample_fmt': 'fltp', 'compression_level': '7', 'reservoir': '1', 'b:a': '143k', 'abr': 'True'}",190.841796875,-2.805,-0.945,0.6480759409896564,1.7291572599584164
"{'ar': '44100', 'sample_fmt': 's16p', 'compression_level': '9', 'reservoir': '1', 'b:a': '85k', 'abr': 'True'}",112.5732421875,-3.47,-1.98,0.6522997050196864,-0.022172682518081646
"{'ar': '44100', 'sample_fmt': 'fltp', 'compression_level': '9', 'reservoir': '0', 'b:a': '208k'}",267.6279296875,-2.62,-0.736,0.9466855459904764,2.081530554084075
"{'ar': '44100', 'sample_fmt': 's32p', 'compression_level': '5', 'reservoir': '1', 'b:a': '169k'}",223.037109375,-2.652,-0.771,0.8147134559985716,2.0768379312518483
"{'ar': '44100', 'sample_fmt': 's32p', 'compression_level': '9', 'reservoir': '1', 'b:a': '195k', 'abr': 'True'}",266.8515625,-2.621,-0.737,0.9672452640370466,2.0786043513193495
"{'ar': '44100', 'sample_fmt': 's32p', 'compression_level': '9', 'reservoir': '1', 'b:a': '195k', 'abr': 'True'}",266.8515625,-2.621,-0.737,0.9640872169984505,2.0788377717002815
"{'ar': '44100', 'sample_fmt': 'fltp', 'compression_level': '5', 'reservoir': '1', 'b:a': '169k', 'abr': 'True'}",229.138671875,-2.651,-0.77,2.1191453979699872,1.9733329465378937
"{'ar': '44100', 'sample_fmt': 's32p', 'compression_level': '7', 'reservoir': '1', 'b:a': '107k', 'abr': 'True'}",139.2421875,-3.248,-1.556,1.2336047319986392,0.5433072562934511
"{'ar': '44100', 'sample_fmt': 's32p', 'compression_level': '5', 'reservoir': '1', 'b:a': '143k'}",178.4443359375,-2.832,-0.978,2.030038222030271,1.5734761755225497
"{'ar': '44100', 'sample_fmt': 'fltp', 'compression_level': '9', 'reservoir': '1', 'b:a': '186k', 'abr': 'True'}",253.537109375,-2.645,-0.764,1.679110585973831,1.9827978451328154
"{'ar': '8000', 'sample_fmt': 's16p', 'compression_level': '2', 'reservoir': '1', 'aq': '9'}",35.8671875,-3.85,-3.44,0.6036435270216316,-1.2421248815916353
"{'ar': '8000', 'sample_fmt': 's16p', 'compression_level': '7', 'reservoir': '1', 'b:a': '245k', 'abr': 'True'}",90.21875,-3.858,-3.51,0.5851215640141163,-1.3682043257119032
"{'ar': '44100', 'sample_fmt': 's32p', 'compression_level': '5', 'reservoir': '1', 'b:a': '169k', 'abr': 'True'}",229.1376953125,-2.65,-0.769,1.1566883400082588,2.0471178829589656
"{'ar': '44100', 'sample_fmt': 's32p', 'compression_level': '0', 'reservoir': '1', 'b:a': '169k', 'abr': 'True'}",222.654296875,-2.692,-0.816,1.5749915729975328,1.9138612774994865
"{'ar': '44100', 'sample_fmt': 's32p', 'compression_level': '0', 'reservoir': '1', 'b:a': '245k', 'abr': 'True'}",334.185546875,-2.595,-0.709,1.5247140669962391,1.9993689849044682
"{'ar': '44100', 'sample_fmt': 's32p', 'compression_level': '6', 'reservoir': '1', 'b:a': '246k', 'abr': 'True'}",342.0107421875,-2.591,-0.704,0.884765750990482,2.0450800700805454
"{'ar': '44100', 'sample_fmt': 's32p', 'compression_level': '7', 'reservoir': '1', 'b:a': '249k', 'abr': 'True'}",343.53515625,-2.603,-0.718,0.6702828900015447,2.026124992694561
"{'ar': '8000', 'sample_fmt': 's16p', 'compression_level': '2', 'reservoir': '1', 'aq': '9'}",35.8671875,-3.85,-3.44,0.5578849769954104,-1.238742734952438
"{'ar': '8000', 'sample_fmt': 'fltp', 'compression_level': '2', 'reservoir': '1', 'aq': '9'}",35.8671875,-3.85,-3.441,0.5763061890029348,-1.2404197583633316
"{'ar': '8000', 'sample_fmt': 's16p', 'compression_level': '0', 'reservoir': '1', 'b:a': '32k', 'abr': 'True'}",41.9140625,-3.851,-3.456,0.6527364799985662,-1.26277954038074
"{'ar': '44100', 'sample_fmt': 's32p', 'compression_level': '9', 'reservoir': '1', 'b:a': '128k', 'abr': 'True'}",169.32421875,-2.937,-1.108,0.6697043869644403,1.4029219617917592
"{'ar': '44100', 'sample_fmt': 'fltp', 'compression_level': '5', 'reservoir': '1', 'b:a': '169k', 'abr': 'True'}",229.138671875,-2.651,-0.77,0.7462233899859712,2.074809578828958
"{'ar': '12000', 'sample_fmt': 'fltp', 'compression_level': '2', 'reservoir': '1', 'b:a': '109k'}",90.359375,-3.765,-2.919,0.6819257389870472,-0.9724636540873766
"{'ar': '44100', 'sample_fmt': 's32p', 'compression_level': '7', 'reservoir': '1', 'b:a': '246k', 'abr': 'True'}",339.4716796875,-2.605,-0.72,0.8800810370012186,2.011811358737977
"{'ar': '44100', 'sample_fmt': 's32p', 'compression_level': '6', 'reservoir': '1', 'b:a': '246k', 'abr': 'True'}",342.0107421875,-2.591,-0.704,0.6233340960170608,2.064403239034576
"{'ar': '44100', 'sample_fmt': 'fltp', 'compression_level': '7', 'reservoir': '0', 'b:a': '85k', 'abr': 'True'}",122.1259765625,-3.475,-1.991,0.5060147019976284,-0.04172302711849383
"{'ar': '44100', 'sample_fmt': 's32p', 'compression_level': '0', 'reservoir': '1', 'b:a': '244k'}",356.8115234375,-2.591,-0.705,1.1606865900103003,2.0007534224610537
"{'ar': '44100', 'sample_fmt': 's32p', 'compression_level': '7', 'reservoir': '1', 'b:a': '169k', 'abr': 'True'}",228.228515625,-2.681,-0.803,0.5767277079867199,2.008481535917512
"{'ar': '44100', 'sample_fmt': 's32p', 'compression_level': '0', 'reservoir': '1', 'b:a': '195k', 'abr': 'True'}",262.8828125,-2.615,-0.73,1.0814461279951502,2.09268406530484
"{'ar': '44100', 'sample_fmt': 's32p', 'compression_level': '5', 'reservoir': '1', 'b:a': '169k', 'abr': 'True'}",229.1376953125,-2.65,-0.769,0.7313949980016332,2.078552542634948
"{'ar': '44100', 'sample_fmt': 's32p', 'compression_level': '0', 'reservoir': '1', 'b:a': '194k', 'abr': 'True'}",261.7607421875,-2.621,-0.737,1.0710498210100923,2.0790550983937344
"{'ar': '44100', 'sample_fmt': 'fltp', 'compression_level': '2', 'reservoir': '1', 'aq': '9'}",103.837890625,-3.343,-1.721,0.7210927670239471,0.3642871479353739
"{'ar': '8000', 'sample_fmt': 's16p', 'compression_level': '2', 'reservoir': '1', 'aq': '9'}",35.8671875,-3.85,-3.44,0.43185645301127806,-1.229427602619974
"{'ar': '44100', 'sample_fmt': 's32p', 'compression_level': '9', 'reservoir': '1', 'b:a': '245k'}",356.8115234375,-2.604,-0.719,0.5964265849615913,2.0077539001067057
"{'ar': '32000', 'sample_fmt': 'fltp', 'compression_level': '9', 'reservoir': '0', 'b:a': '127k', 'abr': 'True'}",185.6328125,-3.324,-1.686,0.5304939670022577,0.30316745723274335
"{'ar': '44100', 'sample_fmt': 's32p', 'compression_level': '7', 'reservoir': '1', 'b:a': '245k', 'abr': 'True'}",337.9482421875,-2.601,-0.716,0.5528561800019816,2.0490099736279497
"{'ar': '44100', 'sample_fmt': 's32p', 'compression_level': '0', 'reservoir': '1', 'b:a': '245k', 'abr': 'True'}",334.185546875,-2.595,-0.709,1.1435778900340665,2.027539860932018
"{'ar': '8000', 'sample_fmt': 's16p', 'compression_level': '7', 'reservoir': '1', 'b:a': '169k'}",91.484375,-3.858,-3.512,0.44424362800782546,-1.360442060269029
"{'ar': '44100', 'sample_fmt': 's16p', 'compression_level': '7', 'reservoir': '1', 'b:a': '169k', 'abr': 'True'}",228.224609375,-2.678,-0.8,0.5001518780190963,2.022083898557049
"{'ar': '44100', 'sample_fmt': 's32p', 'compression_level': '7', 'reservoir': '1', 'b:a': '165k', 'abr': 'True'}",222.501953125,-2.697,-0.821,0.5114995129988529,1.9794831566239302
"{'ar': '44100', 'sample_fmt': 's32p', 'compression_level': '0', 'reservoir': '1', 'b:a': '195k', 'abr': 'True'}",262.8828125,-2.615,-0.73,0.9850319859979209,2.099810313102031
"{'ar': '44100', 'sample_fmt': 's32p', 'compression_level': '7', 'reservoir': '1', 'b:a': '168k', 'abr': 'True'}",226.8955078125,-2.684,-0.807,0.5353655730141327,2.005414117060263
"{'ar': '32000', 'sample_fmt': 's32p', 'compression_level': '7', 'reservoir': '1', 'b:a': '32k'}",44.8671875,-3.434,-1.9,0.47505852801259607,0.2080783149442439
"{'ar': '44100', 'sample_fmt': 's32p', 'compression_level': '5', 'reservoir': '1', 'b:a': '110k', 'abr': 'True'}",146.65625,-3.064,-1.277,0.653553260024637,1.0910716373538247
"{'ar': '44100', 'sample_fmt': 's32p', 'compression_level': '2', 'reservoir': '1', 'b:a': '244k', 'abr': 'True'}",332.560546875,-2.595,-0.709,0.8185162199952174,2.0541590631279187
"{'ar': '32000', 'sample_fmt': 'fltp', 'compression_level': '7', 'reservoir': '1', 'b:a': '252k', 'abr': 'True'}",349.390625,-3.173,-1.437,0.5310798949794844,0.4721913611346754
"{'ar': '44100', 'sample_fmt': 's32p', 'compression_level': '5', 'reservoir': '1', 'b:a': '169k'}",223.037109375,-2.652,-0.771,0.6730245459766593,2.087310567962748
"{'ar': '44100', 'sample_fmt': 's32p', 'compression_level': '7', 'reservoir': '1', 'b:a': '232k', 'abr': 'True'}",319.4541015625,-2.6,-0.714,0.550490230001742,2.081656148120844
"{'ar': '16000', 'sample_fmt': 's32p', 'compression_level': '8', 'reservoir': '1', 'b:a': '89k'}",134.65625,-3.738,-2.795,0.4277153669972904,-0.9223320224302292
"{'ar': '44100', 'sample_fmt': 's32p', 'compression_level': '9', 'reservoir': '1', 'b:a': '195k', 'abr': 'True'}",266.8515625,-2.621,-0.737,0.560998495988315,2.1086312236842613
"{'ar': '44100', 'sample_fmt': 's32p', 'compression_level': '2', 'reservoir': '1', 'b:a': '169k', 'abr': 'True'}",222.9072265625,-2.665,-0.786,0.8193310100177769,2.0416828158899913
"{'ar': '44100', 'sample_fmt': 's32p', 'compression_level': '5', 'reservoir': '1', 'b:a': '143k'}",178.4443359375,-2.832,-0.978,0.6084261889918707,1.6785516282418345
"{'ar': '44100', 'sample_fmt': 's32p', 'compression_level': '0', 'reservoir': '1', 'b:a': '165k', 'abr': 'True'}",218.7744140625,-2.701,-0.826,1.3158660129993223,1.915080963376438
"{'ar': '44100', 'sample_fmt': 's32p', 'compression_level': '7', 'reservoir': '1', 'b:a': '254k'}",356.8115234375,-2.604,-0.719,0.5462848510069307,2.01146002053406
"{'ar': '44100', 'sample_fmt': 's32p', 'compression_level': '5', 'reservoir': '1', 'b:a': '192k'}",267.6279296875,-2.616,-0.732,0.6579424430383369,2.1134539760497173
"{'ar': '44100', 'sample_fmt': 's32p', 'compression_level': '7', 'reservoir': '1', 'b:a': '107k', 'abr': 'True'}",139.2421875,-3.248,-1.556,0.5160546379629523,0.5963434569074962
"{'ar': '44100', 'sample_fmt': 's32p', 'compression_level': '5', 'reservoir': '1', 'b:a': '169k', 'abr': 'True'}",229.1376953125,-2.65,-0.769,0.6615341480064671,2.083716159901824
"{'ar': '16000', 'sample_fmt': 'fltp', 'compression_level': '8', 'reservoir': '1', 'aq': '9'}",61.7421875,-3.805,-3.135,0.4512999090075027,-1.0710905291098378
"{'ar': '32000', 'sample_fmt': 's32p', 'compression_level': '9', 'reservoir': '1', 'b:a': '128k'}",178.953125,-3.299,-1.642,0.48640285298461094,0.3892135156912799
"{'ar': '44100', 'sample_fmt': 's32p', 'compression_level': '9', 'reservoir': '1', 'b:a': '246k', 'abr': 'True'}",339.4716796875,-2.605,-0.72,0.5364119110163301,2.037212936777045
"{'ar': '44100', 'sample_fmt': 'fltp', 'compression_level': '9', 'reservoir': '1', 'b:a': '186k', 'abr': 'True'}",253.537109375,-2.645,-0.764,0.5224770919885486,2.068287968447992
"{'ar': '44100', 'sample_fmt': 's16p', 'compression_level': '7', 'reservoir': '1', 'b:a': '169k', 'abr': 'True'}",228.224609375,-2.678,-0.8,0.6380830120178871,2.01188900992908
"{'ar': '44100', 'sample_fmt': 's32p', 'compression_level': '9', 'reservoir': '1', 'b:a': '246k'}",356.8115234375,-2.604,-0.719,0.5422603479819372,2.011757483180333
"{'ar': '44100', 'sample_fmt': 's32p', 'compression_level': '7', 'reservoir': '1', 'b:a': '267k'}",356.8115234375,-2.604,-0.719,0.7184301330125891,1.998736265374522
"{'ar': '44100', 'sample_fmt': 's32p', 'compression_level': '2', 'reservoir': '1', 'b:a': '169k', 'abr': 'True'}",222.9072265625,-2.665,-0.786,0.9999389099830296,2.0283335641866502
"{'ar': '44100', 'sample_fmt': 's32p', 'compression_level': '7', 'reservoir': '1', 'b:a': '194k', 'abr': 'True'}",265.4287109375,-2.623,-0.74,0.5690642460249364,2.1046992037753975
"{'ar': '44100', 'sample_fmt': 's16p', 'compression_level': '7', 'reservoir': '1', 'b:a': '169k', 'abr': 'True'}",228.224609375,-2.678,-0.8,0.6669690109847579,2.0097539622872804
"{'ar': '44100', 'sample_fmt': 's32p', 'compression_level': '5', 'reservoir': '1', 'b:a': '192k'}",267.6279296875,-2.616,-0.732,0.6767014889919665,2.1120674407641746
"{'ar': '44100', 'sample_fmt': 's32p', 'compression_level': '5', 'reservoir': '1', 'b:a': '107k'}",156.1484375,-2.963,-1.14,0.6341374490002636,1.3559018919152614
"{'ar': '44100', 'sample_fmt': 'fltp', 'compression_level': '7', 'reservoir': '1', 'b:a': '32k'}",44.771484375,-3.286,-1.619,0.5800804979808163,0.6339431604719032
"{'ar': '44100', 'sample_fmt': 's32p', 'compression_level': '5', 'reservoir': '1', 'b:a': '167k', 'abr': 'True'}",226.58984375,-2.66,-0.78,0.6617460030247457,2.0609965967835446
"{'ar': '32000', 'sample_fmt': 's32p', 'compression_level': '7', 'reservoir': '1', 'b:a': '192k'}",268.390625,-3.177,-1.443,0.50120955996681,0.5924354952932268
"{'ar': '44100', 'sample_fmt': 's32p', 'compression_level': '0', 'reservoir': '1', 'b:a': '244k', 'abr': 'True'}",332.9658203125,-2.594,-0.708,1.0383588170225266,2.039908577371972
"{'ar': '16000', 'sample_fmt': 'fltp', 'compression_level': '5', 'reservoir': '1', 'b:a': '169k'}",224.375,-3.762,-2.903,0.4834668249823153,-1.1596018239586143
"{'ar': '8000', 'sample_fmt': 's16p', 'compression_level': '7', 'reservoir': '1', 'b:a': '169k', 'abr': 'True'}",90.21875,-3.858,-3.51,0.42273088000365533,-1.3562015610734215
"{'ar': '8000', 'sample_fmt': 'fltp', 'compression_level': '7', 'reservoir': '0', 'b:a': '169k', 'abr': 'True'}",91.484375,-3.858,-3.51,0.7422111489868257,-1.3818347838231073
"{'ar': '44100', 'sample_fmt': 's16p', 'compression_level': '7', 'reservoir': '1', 'b:a': '169k', 'abr': 'True'}",228.224609375,-2.678,-0.8,0.4979027249792125,2.0222501399565367
"{'ar': '44100', 'sample_fmt': 's16p', 'compression_level': '7', 'reservoir': '1', 'b:a': '32k', 'abr': 'True'}",48.193359375,-3.355,-1.744,0.4825507150089834,0.43549369186950004
"{'ar': '32000', 'sample_fmt': 's16p', 'compression_level': '7', 'reservoir': '1', 'b:a': '195k', 'abr': 'True'}",271.2734375,-3.18,-1.447,0.45930482202675194,0.5826811465254209
"{'ar': '44100', 'sample_fmt': 's32p', 'compression_level': '7', 'reservoir': '1', 'b:a': '267k'}",356.8115234375,-2.604,-0.719,0.5174444839940406,2.0135916953862996
"{'ar': '32000', 'sample_fmt': 's16p', 'compression_level': '7', 'reservoir': '1', 'b:a': '253k'}",357.828125,-3.175,-1.439,0.49497261599753983,0.4561059418305272
"{'ar': '44100', 'sample_fmt': 's32p', 'compression_level': '0', 'reservoir': '1', 'b:a': '195k', 'abr': 'True'}",262.8828125,-2.615,-0.73,1.0313118239864707,2.0963896365634196
"{'ar': '44100', 'sample_fmt': 's32p', 'compression_level': '0', 'reservoir': '1', 'b:a': '194k', 'abr': 'True'}",261.7607421875,-2.621,-0.737,0.9554351530096028,2.0876005125424717
"{'ar': '44100', 'sample_fmt': 's32p', 'compression_level': '9', 'reservoir': '1', 'b:a': '194k', 'abr': 'True'}",265.4287109375,-2.623,-0.74,0.5703522349940613,2.1046040047893992
"{'ar': '44100', 'sample_fmt': 's32p', 'compression_level': '0', 'reservoir': '1', 'b:a': '167k', 'abr': 'True'}",220.8173828125,-2.696,-0.82,1.2661400669894647,1.929038898423808
"{'ar': '44100', 'sample_fmt': 's32p', 'compression_level': '9', 'reservoir': '1', 'b:a': '143k', 'abr': 'True'}",190.841796875,-2.805,-0.945,0.6108343400119338,1.7319098942860547
"{'ar': '44100', 'sample_fmt': 'fltp', 'compression_level': '5', 'reservoir': '0', 'b:a': '208k', 'abr': 'True'}",315.3974609375,-2.604,-0.719,0.7708784549904522,2.0609426121397667
"{'ar': '44100', 'sample_fmt': 's32p', 'compression_level': '5', 'reservoir': '1', 'b:a': '168k', 'abr': 'True'}",228.119140625,-2.654,-0.773,0.6607292909757234,2.0748193358932907
"{'ar': '44100', 'sample_fmt': 'fltp', 'compression_level': '7', 'reservoir': '1', 'b:a': '126k'}",178.4443359375,-2.916,-1.081,0.5737253620172851,1.452909472228545
"{'ar': '44100', 'sample_fmt': 's32p', 'compression_level': '5', 'reservoir': '1', 'b:a': '107k'}",156.1484375,-2.963,-1.14,0.8148040430096444,1.3425483019655384
"{'ar': '44100', 'sample_fmt': 'fltp', 'compression_level': '9', 'reservoir': '1', 'b:a': '208k'}",267.6279296875,-2.627,-0.744,0.5582698450307362,2.0914062486345717
"{'ar': '44100', 'sample_fmt': 's32p', 'compression_level': '0', 'reservoir': '1', 'b:a': '165k', 'abr': 'True'}",218.7744140625,-2.701,-0.826,1.2701530960039236,1.918459737146483
"{'ar': '44100', 'sample_fmt': 's32p', 'compression_level': '5', 'reservoir': '1', 'b:a': '143k', 'abr': 'True'}",191.4091796875,-2.771,-0.906,0.676940677978564,1.8176391955719653
"{'ar': '44100', 'sample_fmt': 'fltp', 'compression_level': '9', 'reservoir': '1', 'b:a': '126k'}",178.4443359375,-2.916,-1.081,0.5215072309947573,1.456769065162364
"{'ar': '44100', 'sample_fmt': 's16p', 'compression_level': '7', 'reservoir': '1', 'b:a': '195k', 'abr': 'True'}",266.853515625,-2.62,-0.736,0.5339969670458231,2.113269264415109
"{'ar': '32000', 'sample_fmt': 's32p', 'compression_level': '7', 'reservoir': '1', 'b:a': '256k', 'abr': 'True'}",354.453125,-3.174,-1.437,0.5038807230303064,0.4637937406060291
"{'ar': '44100', 'sample_fmt': 's32p', 'compression_level': '5', 'reservoir': '1', 'b:a': '143k', 'abr': 'True'}",191.4091796875,-2.771,-0.906,0.6090619660099037,1.8226563072904591
"{'ar': '16000', 'sample_fmt': 'fltp', 'compression_level': '0', 'reservoir': '0', 'aq': '9'}",65.08203125,-3.818,-3.218,0.4565873919927981,-1.1332828525003602
"{'ar': '8000', 'sample_fmt': 'fltp', 'compression_level': '9', 'reservoir': '1', 'b:a': '128k', 'abr': 'True'}",89.9375,-3.858,-3.51,0.4320167119731195,-1.356439123072329
"{'ar': '44100', 'sample_fmt': 'fltp', 'compression_level': '7', 'reservoir': '1', 'b:a': '169k'}",223.037109375,-2.691,-0.815,0.4939232870237902,1.995800713853767
"{'ar': '44100', 'sample_fmt': 's32p', 'compression_level': '0', 'reservoir': '1', 'b:a': '234k'}",312.220703125,-2.594,-0.708,1.060394476982765,2.0713821073496543
"{'ar': '16000', 'sample_fmt': 's16p', 'compression_level': '8', 'reservoir': '0', 'aq': '9'}",66.69921875,-3.805,-3.137,0.4452603179961443,-1.0791848016283525
"{'ar': '44100', 'sample_fmt': 'fltp', 'compression_level': '7', 'reservoir': '1', 'b:a': '32k'}",44.771484375,-3.286,-1.619,0.511945559992455,0.638979210595808
"{'ar': '44100', 'sample_fmt': 's32p', 'compression_level': '9', 'reservoir': '1', 'b:a': '195k', 'abr': 'True'}",266.8515625,-2.621,-0.737,0.5744489530043211,2.107637061544808
"{'ar': '44100', 'sample_fmt': 's32p', 'compression_level': '2', 'reservoir': '1', 'b:a': '245k', 'abr': 'True'}",333.7802734375,-2.596,-0.71,0.902865970012499,2.043332858646647
"{'ar': '44100', 'sample_fmt': 's32p', 'compression_level': '2', 'reservoir': '1', 'aq': '9'}",103.837890625,-3.343,-1.721,0.5482578220253345,0.3770618780793128
"{'ar': '44100', 'sample_fmt': 'fltp', 'compression_level': '7', 'reservoir': '1', 'b:a': '254k', 'abr': 'True'}",350.5458984375,-2.6,-0.714,0.6094792440126184,2.0276840198105357
"{'ar': '44100', 'sample_fmt': 's32p', 'compression_level': '7', 'reservoir': '1', 'b:a': '245k', 'abr': 'True'}",337.9482421875,-2.601,-0.716,0.5599602319998667,2.0484848926195793
"{'ar': '44100', 'sample_fmt': 's32p', 'compression_level': '5', 'reservoir': '1', 'b:a': '169k'}",223.037109375,-2.652,-0.771,0.6327573180315085,2.0902868351212667
"{'ar': '44100', 'sample_fmt': 's16p', 'compression_level': '7', 'reservoir': '1', 'b:a': '169k', 'abr': 'True'}",228.224609375,-2.678,-0.8,0.5031174800242297,2.0218647023445575
"{'ar': '44100', 'sample_fmt': 'fltp', 'compression_level': '9', 'reservoir': '1', 'b:a': '124k'}",178.4443359375,-2.916,-1.081,0.5484362109855283,1.4547786664473563
"{'ar': '8000', 'sample_fmt': 'fltp', 'compression_level': '9', 'reservoir': '1', 'b:a': '128k', 'abr': 'True'}",89.9375,-3.858,-3.51,0.462859186984133,-1.3587187795112514
"{'ar': '44100', 'sample_fmt': 'fltp', 'compression_level': '7', 'reservoir': '1', 'b:a': '169k', 'abr': 'True'}",228.228515625,-2.681,-0.803,0.5816212499921676,2.008119840089344
"{'ar': '44100', 'sample_fmt': 'fltp', 'compression_level': '7', 'reservoir': '1', 'b:a': '169k'}",223.037109375,-2.691,-0.815,0.5576223809912335,1.991092529777601
"{'ar': '44100', 'sample_fmt': 's32p', 'compression_level': '0', 'reservoir': '0', 'b:a': '209k'}",312.220703125,-2.6,-0.715,1.0480397409992293,2.0561074456995585
"{'ar': '44100', 'sample_fmt': 's32p', 'compression_level': '5', 'reservoir': '1', 'b:a': '143k', 'abr': 'True'}",191.4091796875,-2.771,-0.906,0.5988112509949133,1.823413967253842
"{'ar': '44100', 'sample_fmt': 'fltp', 'compression_level': '7', 'reservoir': '1', 'b:a': '112k', 'abr': 'True'}",146.25,-3.181,-1.449,0.5490003720042296,0.772586108929332
"{'ar': '8000', 'sample_fmt': 's16p', 'compression_level': '7', 'reservoir': '1', 'b:a': '167k', 'abr': 'True'}",90.21875,-3.858,-3.51,0.40579270099988207,-1.3549496113250377
"{'ar': '44100', 'sample_fmt': 's32p', 'compression_level': '7', 'reservoir': '1', 'b:a': '248k'}",356.8115234375,-2.604,-0.719,0.5053967660351191,2.014482177029215
"{'ar': '32000', 'sample_fmt': 'fltp', 'compression_level': '7', 'reservoir': '0', 'b:a': '210k'}",313.109375,-3.178,-1.444,0.4539197529666126,0.5219292986541394
"{'ar': '44100', 'sample_fmt': 's32p', 'compression_level': '5', 'reservoir': '1', 'b:a': '169k', 'abr': 'True'}",229.1376953125,-2.65,-0.769,0.5909515579696745,2.0889331230604467
"{'ar': '44100', 'sample_fmt': 's32p', 'compression_level': '7', 'reservoir': '1', 'b:a': '105k', 'abr': 'True'}",136.6513671875,-3.279,-1.608,0.48508206199039705,0.5141348995699327
"{'ar': '44100', 'sample_fmt': 's32p', 'compression_level': '7', 'reservoir': '1', 'b:a': '107k', 'abr': 'True'}",139.2421875,-3.248,-1.556,0.47365995397558436,0.5994769704887951
"{'ar': '44100', 'sample_fmt': 's16p', 'compression_level': '7', 'reservoir': '1', 'b:a': '32k', 'abr': 'True'}",48.193359375,-3.355,-1.744,0.5720475819834974,0.42887871985480364
"{'ar': '44100', 'sample_fmt': 'fltp', 'compression_level': '0', 'reservoir': '1', 'b:a': '165k', 'abr': 'True'}",218.7734375,-2.701,-0.826,1.4262543529912364,1.9069234004970717
"{'ar': '44100', 'sample_fmt': 'fltp', 'compression_level': '7', 'reservoir': '1', 'b:a': '168k', 'abr': 'True'}",226.8955078125,-2.683,-0.806,0.521767831989564,2.0090645616319707
"{'ar': '44100', 'sample_fmt': 's32p', 'compression_level': '5', 'reservoir': '1', 'b:a': '169k'}",223.037109375,-2.652,-0.771,0.7821685620001517,2.0792434183968016
"{'ar': '32000', 'sample_fmt': 's16p', 'compression_level': '7', 'reservoir': '1', 'b:a': '32k'}",44.8671875,-3.423,-1.878,0.4764124250214081,0.2405476456989481
"{'ar': '8000', 'sample_fmt': 's16p', 'compression_level': '7', 'reservoir': '1', 'aq': '9'}",36.8515625,-3.855,-3.486,0.41832629300188273,-1.25615905772191
"{'ar': '44100', 'sample_fmt': 's32p', 'compression_level': '7', 'reservoir': '1', 'b:a': '249k', 'abr': 'True'}",343.53515625,-2.603,-0.718,0.9054490600246936,2.0087431816201082
"{'ar': '12000', 'sample_fmt': 'fltp', 'compression_level': '7', 'reservoir': '0', 'b:a': '75k'}",90.171875,-3.74,-2.803,1.3936945120221935,-0.9299317321446005
"{'ar': '44100', 'sample_fmt': 'fltp', 'compression_level': '9', 'reservoir': '1', 'b:a': '254k', 'abr': 'True'}",350.5458984375,-2.6,-0.714,0.8234481320250779,2.011868961093216
"{'ar': '44100', 'sample_fmt': 's32p', 'compression_level': '0', 'reservoir': '1', 'b:a': '194k', 'abr': 'True'}",261.7607421875,-2.621,-0.737,1.2814372119901236,2.0635047584698327
"{'ar': '44100', 'sample_fmt': 's32p', 'compression_level': '9', 'reservoir': '1', 'b:a': '195k'}",267.6279296875,-2.63,-0.747,0.9301681759825442,2.0559819797589323
"{'ar': '44100', 'sample_fmt': 's32p', 'compression_level': '7', 'reservoir': '1', 'b:a': '253k', 'abr': 'True'}",349.12109375,-2.602,-0.717,0.9064819129998796,2.0023989539506184
"{'ar': '32000', 'sample_fmt': 's16p', 'compression_level': '7', 'reservoir': '1', 'b:a': '195k', 'abr': 'True'}",271.2734375,-3.18,-1.447,0.8051007100148126,0.5571223733620039
"{'ar': '44100', 'sample_fmt': 'fltp', 'compression_level': '7', 'reservoir': '1', 'b:a': '253k'}",356.8115234375,-2.605,-0.72,0.6688400970015209,1.9997562119672407
"{'ar': '44100', 'sample_fmt': 's32p', 'compression_level': '7', 'reservoir': '1', 'b:a': '107k', 'abr': 'True'}",139.2421875,-3.248,-1.556,0.6700828839966562,0.5849587842208437
"{'ar': '44100', 'sample_fmt': 'fltp', 'compression_level': '5', 'reservoir': '1', 'b:a': '143k', 'abr': 'True'}",191.4599609375,-2.772,-0.907,0.6789899349969346,1.8147613029759864
"{'ar': '44100', 'sample_fmt': 's16p', 'compression_level': '9', 'reservoir': '1', 'b:a': '196k', 'abr': 'True'}",268.1728515625,-2.616,-0.733,0.5404654740123078,2.120952067289767
"{'ar': '44100', 'sample_fmt': 'fltp', 'compression_level': '7', 'reservoir': '1', 'b:a': '32k'}",44.771484375,-3.286,-1.619,0.602371368004242,0.6322955778651268
"{'ar': '44100', 'sample_fmt': 'fltp', 'compression_level': '7', 'reservoir': '1', 'b:a': '168k', 'abr': 'True'}",226.8955078125,-2.683,-0.806,0.8365640429838095,1.985797064160217
"{'ar': '44100', 'sample_fmt': 's32p', 'compression_level': '9', 'reservoir': '1', 'b:a': '128k', 'abr': 'True'}",169.32421875,-2.937,-1.108,0.8972529479651712,1.3861031902091414
"{'ar': '44100', 'sample_fmt': 's32p', 'compression_level': '0', 'reservoir': '1', 'b:a': '234k'}",312.220703125,-2.594,-0.708,2.1064167779986747,1.9940675768874985
"{'ar': '44100', 'sample_fmt': 's32p', 'compression_level': '7', 'reservoir': '1', 'b:a': '234k', 'abr': 'True'}",322.4072265625,-2.599,-0.714,1.0507810880080797,2.0422959461462944
"{'ar': '44100', 'sample_fmt': 's16p', 'compression_level': '7', 'reservoir': '1', 'b:a': '168k', 'abr': 'True'}",226.796875,-2.686,-0.809,1.2611414009879809,1.94663652108159
"{'ar': '44100', 'sample_fmt': 's32p', 'compression_level': '7', 'reservoir': '1', 'b:a': '167k', 'abr': 'True'}",225.26171875,-2.687,-0.81,0.8373495319974609,1.9777644007980841
"{'ar': '44100', 'sample_fmt': 's32p', 'compression_level': '5', 'reservoir': '1', 'b:a': '244k', 'abr': 'True'}",339.572265625,-2.592,-0.706,0.8125367080210708,2.051348863424983
"{'ar': '44100', 'sample_fmt': 'fltp', 'compression_level': '9', 'reservoir': '1', 'b:a': '209k'}",312.220703125,-2.6,-0.715,1.1832341940316837,2.046114833068699
"{'ar': '44100', 'sample_fmt': 's32p', 'compression_level': '5', 'reservoir': '1', 'b:a': '167k', 'abr': 'True'}",226.58984375,-2.66,-0.78,0.7983041259867605,2.0509031913682416
"{'ar': '44100', 'sample_fmt': 'fltp', 'compression_level': '9', 'reservoir': '1', 'b:a': '186k', 'abr': 'True'}",253.537109375,-2.645,-0.764,0.690182131016627,2.0558924044757894
"{'ar': '44100', 'sample_fmt': 'fltp', 'compression_level': '7', 'reservoir': '1', 'b:a': '169k'}",223.037109375,-2.691,-0.815,0.5581518069666345,1.9910533983741283
"{'ar': '44100', 'sample_fmt': 's32p', 'compression_level': '0', 'reservoir': '1', 'b:a': '244k', 'abr': 'True'}",332.9658203125,-2.594,-0.708,1.031667566014221,2.0404031470665274
"{'ar': '32000', 'sample_fmt': 'fltp', 'compression_level': '7', 'reservoir': '0', 'b:a': '187k', 'abr': 'True'}",275.703125,-3.178,-1.444,0.5071714220102876,0.5776811431575722
"{'ar': '8000', 'sample_fmt': 's16p', 'compression_level': '2', 'reservoir': '1', 'aq': '9'}",35.8671875,-3.85,-3.44,0.5558166189875919,-1.238589856636128
"{'ar': '44100', 'sample_fmt': 's32p', 'compression_level': '2', 'reservoir': '1', 'b:a': '245k', 'abr': 'True'}",333.7802734375,-2.596,-0.71,0.9058267220389098,2.043114020910095
"{'ar': '44100', 'sample_fmt': 's32p', 'compression_level': '9', 'reservoir': '1', 'b:a': '195k', 'abr': 'True'}",266.8515625,-2.621,-0.737,0.5804202709987294,2.1071957041793583
"{'ar': '32000', 'sample_fmt': 's32p', 'compression_level': '5', 'reservoir': '1', 'b:a': '169k', 'abr': 'True'}",223.25,-3.194,-1.469,0.7062020089942962,0.6015023469307635
"{'ar': '16000', 'sample_fmt': 's32p', 'compression_level': '7', 'reservoir': '1', 'b:a': '86k', 'abr': 'True'}",119.71484375,-3.714,-2.693,0.46837380999932066,-0.813400466537223
"{'ar': '16000', 'sample_fmt': 'fltp', 'compression_level': '8', 'reservoir': '0', 'aq': '9'}",66.69921875,-3.805,-3.135,0.910837030998664,-1.112966004825603
"{'ar': '44100', 'sample_fmt': 's32p', 'compression_level': '9', 'reservoir': '1', 'b:a': '143k', 'abr': 'True'}",190.841796875,-2.805,-0.945,1.0589596549980342,1.698787657520446
"{'ar': '44100', 'sample_fmt': 's32p', 'compression_level': '9', 'reservoir': '1', 'b:a': '195k'}",267.6279296875,-2.63,-0.747,1.2596564120030962,2.0316285522689137
"{'ar': '44100', 'sample_fmt': 's32p', 'compression_level': '2', 'reservoir': '1', 'b:a': '244k', 'abr': 'True'}",332.560546875,-2.595,-0.709,1.4442254289751872,2.007911087677348
"{'ar': '32000', 'sample_fmt': 's16p', 'compression_level': '7', 'reservoir': '1', 'b:a': '32k', 'abr': 'True'}",46.73046875,-3.437,-1.907,1.2430352579976898,0.1391437416586336
"{'ar': '44100', 'sample_fmt': 's32p', 'compression_level': '0', 'reservoir': '1', 'b:a': '169k', 'abr': 'True'}",222.654296875,-2.692,-0.816,2.905945642007282,1.8154866168328403
"{'ar': '44100', 'sample_fmt': 's32p', 'compression_level': '9', 'reservoir': '1', 'b:a': '194k', 'abr': 'True'}",265.4287109375,-2.623,-0.74,1.334845517994836,2.0480980974494964
"{'ar': '44100', 'sample_fmt': 's32p', 'compression_level': '5', 'reservoir': '1', 'b:a': '105k', 'abr': 'True'}",139.5458984375,-3.13,-1.371,1.036811546975514,0.890660658732463
"{'ar': '16000', 'sample_fmt': 's32p', 'compression_level': '8', 'reservoir': '1', 'b:a': '86k', 'abr': 'True'}",119.71484375,-3.714,-2.693,0.6984602049924433,-0.8304068167625924
"{'ar': '44100', 'sample_fmt': 'fltp', 'compression_level': '9', 'reservoir': '1', 'b:a': '212k'}",312.220703125,-2.6,-0.715,0.7123673140013125,2.0809179646122344
"{'ar': '44100', 'sample_fmt': 's32p', 'compression_level': '9', 'reservoir': '1', 'b:a': '164k', 'abr': 'True'}",221.1787109375,-2.699,-0.824,1.0208240750071127,1.9383427065183674
"{'ar': '44100', 'sample_fmt': 's32p', 'compression_level': '7', 'reservoir': '1', 'b:a': '267k'}",356.8115234375,-2.604,-0.719,1.0984832870017271,1.9706454387040064
"{'ar': '32000', 'sample_fmt': 's16p', 'compression_level': '7', 'reservoir': '1', 'b:a': '32k'}",44.8671875,-3.423,-1.878,0.699183423013892,0.22408199760172576
"{'ar': '44100', 'sample_fmt': 's32p', 'compression_level': '9', 'reservoir': '1', 'b:a': '246k', 'abr': 'True'}",339.4716796875,-2.605,-0.72,0.6103743020212278,2.0317461627638638
"{'ar': '32000', 'sample_fmt': 's16p', 'compression_level': '7', 'reservoir': '1', 'b:a': '254k', 'abr': 'True'}",352.0625,-3.172,-1.435,0.49893115600571036,0.47326500559845547
"{'ar': '44100', 'sample_fmt': 's16p', 'compression_level': '7', 'reservoir': '1', 'b:a': '194k', 'abr': 'True'}",265.3271484375,-2.62,-0.736,0.5501442110107746,2.1145113450595416
"{'ar': '44100', 'sample_fmt': 's32p', 'compression_level': '2', 'reservoir': '1', 'b:a': '244k', 'abr': 'True'}",332.560546875,-2.595,-0.709,0.8573734480014537,2.0512870131386927
"{'ar': '44100', 'sample_fmt': 's32p', 'compression_level': '9', 'reservoir': '1', 'b:a': '194k', 'abr': 'True'}",265.4287109375,-2.623,-0.74,0.7775918100087438,2.089286329038246
"{'ar': '44100', 'sample_fmt': 's32p', 'compression_level': '0', 'reservoir': '1', 'b:a': '194k', 'abr': 'True'}",261.7607421875,-2.621,-0.737,1.0091635810094886,2.0836292891954677
"{'ar': '44100', 'sample_fmt': 's32p', 'compression_level': '7', 'reservoir': '1', 'b:a': '32k', 'abr': 'True'}",48.16796875,-3.35,-1.734,0.5411138560157269,0.44600990910740906
"{'ar': '44100', 'sample_fmt': 's32p', 'compression_level': '0', 'reservoir': '1', 'b:a': '110k', 'abr': 'True'}",145.2333984375,-3.218,-1.507,1.1186011969984975,0.6276031337169982
"{'ar': '32000', 'sample_fmt': 's32p', 'compression_level': '7', 'reservoir': '0', 'b:a': '110k', 'abr': 'True'}",160.3203125,-3.445,-1.925,0.5320180560229346,-0.01387197012934515
"{'ar': '44100', 'sample_fmt': 's16p', 'compression_level': '5', 'reservoir': '1', 'b:a': '143k', 'abr': 'True'}",191.458984375,-2.768,-0.902,0.6789904580218717,1.825659865974885
"{'ar': '44100', 'sample_fmt': 's32p', 'compression_level': '0', 'reservoir': '1', 'b:a': '244k', 'abr': 'True'}",332.9658203125,-2.594,-0.708,1.1100364140002057,2.0346106790866267
"{'ar': '32000', 'sample_fmt': 'fltp', 'compression_level': '7', 'reservoir': '1', 'b:a': '32k'}",44.8671875,-3.434,-1.9,0.5838290430256166,0.20003877191711042
"{'ar': '44100', 'sample_fmt': 's32p', 'compression_level': '9', 'reservoir': '1', 'b:a': '170k', 'abr': 'True'}",229.6513671875,-2.677,-0.798,0.5405229899915867,2.019784180739296
"{'ar': '44100', 'sample_fmt': 's32p', 'compression_level': '9', 'reservoir': '1', 'b:a': '246k', 'abr': 'True'}",339.4716796875,-2.605,-0.72,0.6266721459978726,2.0305415420274073
"{'ar': '44100', 'sample_fmt': 's32p', 'compression_level': '9', 'reservoir': '1', 'b:a': '110k', 'abr': 'True'}",143.609375,-3.215,-1.502,0.5217173029959667,0.6828790491291826
"{'ar': '44100', 'sample_fmt': 's32p', 'compression_level': '5', 'reservoir': '1', 'b:a': '195k', 'abr': 'True'}",268.076171875,-2.618,-0.735,0.706012359005399,2.1035794945819872
"{'ar': '44100', 'sample_fmt': 's32p', 'compression_level': '6', 'reservoir': '1', 'b:a': '246k', 'abr': 'True'}",342.0107421875,-2.591,-0.704,0.7686387849971652,2.0536633496540766
"{'ar': '44100', 'sample_fmt': 's32p', 'compression_level': '5', 'reservoir': '1', 'b:a': '107k'}",156.1484375,-2.963,-1.14,0.8485036460042465,1.3400574669424625
"{'ar': '44100', 'sample_fmt': 's32p', 'compression_level': '0', 'reservoir': '1', 'b:a': '143k', 'abr': 'True'}",186.130859375,-2.849,-0.999,1.29304242998478,1.5694509806472463
"{'ar': '44100', 'sample_fmt': 's32p', 'compression_level': '7', 'reservoir': '1', 'b:a': '106k', 'abr': 'True'}",138.0224609375,-3.264,-1.582,0.5898452809778973,0.5473547277767165
"{'ar': '44100', 'sample_fmt': 's32p', 'compression_level': '7', 'reservoir': '1', 'b:a': '171k'}",223.037109375,-2.692,-0.815,0.5773844619980082,1.987301919436027
"{'ar': '44100', 'sample_fmt': 's32p', 'compression_level': '5', 'reservoir': '1', 'b:a': '169k', 'abr': 'True'}",229.1376953125,-2.65,-0.769,0.7757488860224839,2.0752742186229525
"{'ar': '44100', 'sample_fmt': 'fltp', 'compression_level': '2', 'reservoir': '1', 'b:a': '169k', 'abr': 'True'}",222.90625,-2.666,-0.786,1.004170150961727,2.025692441369866
"{'ar': '44100', 'sample_fmt': 's32p', 'compression_level': '9', 'reservoir': '1', 'b:a': '143k', 'abr': 'True'}",190.841796875,-2.805,-0.945,0.5961386480194051,1.7329960953403873
"{'ar': '44100', 'sample_fmt': 's32p', 'compression_level': '2', 'reservoir': '1', 'b:a': '169k', 'abr': 'True'}",222.9072265625,-2.665,-0.786,1.0858183369855396,2.0219859676118834
"{'ar': '44100', 'sample_fmt': 'fltp', 'compression_level': '9', 'reservoir': '1', 'b:a': '186k', 'abr': 'True'}",253.537109375,-2.645,-0.764,0.6875333100033458,2.056088186489921
"{'ar': '44100', 'sample_fmt': 's32p', 'compression_level': '5', 'reservoir': '1', 'b:a': '105k', 'abr': 'True'}",139.5458984375,-3.13,-1.371,0.6303608599992003,0.9207026033344801
"{'ar': '44100', 'sample_fmt': 's32p', 'compression_level': '5', 'reservoir': '1', 'b:a': '168k', 'abr': 'True'}",228.119140625,-2.654,-0.773,0.6525260210037231,2.075425663278016
"{'ar': '44100', 'sample_fmt': 's32p', 'compression_level': '2', 'reservoir': '1', 'b:a': '244k', 'abr': 'True'}",332.560546875,-2.595,-0.709,0.7388948000152595,2.0600441123228563
"{'ar': '44100', 'sample_fmt': 's32p', 'compression_level': '7', 'reservoir': '1', 'b:a': '246k', 'abr': 'True'}",339.4716796875,-2.605,-0.72,0.969836837000912,2.005177248235274
"{'ar': '44100', 'sample_fmt': 's32p', 'compression_level': '5', 'reservoir': '1', 'b:a': '143k', 'abr': 'True'}",191.4091796875,-2.771,-0.906,1.7918949440063443,1.7352297044158065
"{'ar': '8000', 'sample_fmt': 'fltp', 'compression_level': '2', 'reservoir': '1', 'aq': '9'}",35.8671875,-3.85,-3.441,0.8075778429629281,-1.2575137145034228
"{'ar': '44100', 'sample_fmt': 's32p', 'compression_level': '2', 'reservoir': '1', 'b:a': '246k', 'abr': 'True'}",334.4892578125,-2.593,-0.707,1.6012206169834826,1.9985203364477102
"{'ar': '44100', 'sample_fmt': 's32p', 'compression_level': '0', 'reservoir': '1', 'b:a': '90k', 'abr': 'True'}",120.091796875,-3.494,-2.033,1.7547831530100666,-0.18829531483399897
"{'ar': '44100', 'sample_fmt': 's16p', 'compression_level': '2', 'reservoir': '1', 'b:a': '194k', 'abr': 'True'}",261.4580078125,-2.624,-0.741,1.3081204509944655,2.053763938563427
"{'ar': '44100', 'sample_fmt': 's16p', 'compression_level': '7', 'reservoir': '1', 'b:a': '169k', 'abr': 'True'}",228.224609375,-2.678,-0.8,0.543513922020793,2.01887888460217
"{'ar': '8000', 'sample_fmt': 'fltp', 'compression_level': '2', 'reservoir': '1', 'aq': '9'}",35.8671875,-3.85,-3.441,0.48790257101063617,-1.2338855915395535
"{'ar': '44100', 'sample_fmt': 'fltp', 'compression_level': '7', 'reservoir': '1', 'b:a': '189k', 'abr': 'True'}",258.0068359375,-2.64,-0.758,0.7463099749875255,2.0581540885182306
"{'ar': '44100', 'sample_fmt': 'fltp', 'compression_level': '7', 'reservoir': '1', 'b:a': '32k'}",44.771484375,-3.286,-1.619,0.53441373896203,0.6373185225725361
"{'ar': '44100', 'sample_fmt': 's32p', 'compression_level': '5', 'reservoir': '1', 'b:a': '144k', 'abr': 'True'}",196.4228515625,-2.716,-0.843,0.6326402949634939,1.9609338868881585
"{'ar': '8000', 'sample_fmt': 's16p', 'compression_level': '2', 'reservoir': '1', 'aq': '9'}",35.8671875,-3.85,-3.44,0.46355507598491386,-1.231770539428418
"{'ar': '44100', 'sample_fmt': 's32p', 'compression_level': '2', 'reservoir': '1', 'b:a': '169k', 'abr': 'True'}",222.9072265625,-2.665,-0.786,0.8621629909903277,2.0385169804250682
"{'ar': '44100', 'sample_fmt': 's32p', 'compression_level': '9', 'reservoir': '1', 'b:a': '126k'}",178.4443359375,-2.916,-1.081,0.509111776977079,1.4576852489820695
"{'ar': '44100', 'sample_fmt': 'fltp', 'compression_level': '7', 'reservoir': '1', 'b:a': '126k'}",178.4443359375,-2.916,-1.081,0.5049862209998537,1.4579901807440068
"{'ar': '44100', 'sample_fmt': 's32p', 'compression_level': '9', 'reservoir': '1', 'b:a': '231k', 'abr': 'True'}",317.822265625,-2.6,-0.715,0.5338203060091473,2.08517667480838
"{'ar': '12000', 'sample_fmt': 'fltp', 'compression_level': '7', 'reservoir': '0', 'b:a': '165k'}",90.640625,-3.74,-2.803,0.47473741599242203,-0.862756925887665
"{'ar': '44100', 'sample_fmt': 'fltp', 'compression_level': '7', 'reservoir': '1', 'b:a': '113k', 'abr': 'True'}",147.62109375,-3.164,-1.423,0.4867621640150901,0.8228093707832194
"{'ar': '44100', 'sample_fmt': 's32p', 'compression_level': '0', 'reservoir': '1', 'b:a': '143k', 'abr': 'True'}",186.130859375,-2.849,-0.999,1.3695811129873618,1.563793785449028
"{'ar': '16000', 'sample_fmt': 'fltp', 'compression_level': '7', 'reservoir': '1', 'b:a': '108k'}",157.0859375,-3.762,-2.907,0.7144959350116551,-1.0705689111168595
"{'ar': '44100', 'sample_fmt': 's32p', 'compression_level': '9', 'reservoir': '1', 'b:a': '143k', 'abr': 'True'}",190.841796875,-2.805,-0.945,0.5729428379854653,1.7347105646779164
"{'ar': '32000', 'sample_fmt': 'fltp', 'compression_level': '7', 'reservoir': '0', 'b:a': '168k'}",223.671875,-3.202,-1.481,0.483512062986847,0.5948638296366688
"{'ar': '44100', 'sample_fmt': 'fltp', 'compression_level': '5', 'reservoir': '1', 'b:a': '168k'}",223.037109375,-2.652,-0.771,0.6969890559848864,2.085539281789172
"{'ar': '44100', 'sample_fmt': 's32p', 'compression_level': '0', 'reservoir': '1', 'b:a': '234k'}",312.220703125,-2.594,-0.708,1.0423695309727918,2.072714383187381
"{'ar': '44100', 'sample_fmt': 's32p', 'compression_level': '5', 'reservoir': '1', 'b:a': '171k'}",223.037109375,-2.652,-0.771,0.6291803659987636,2.090551217980627
"{'ar': '8000', 'sample_fmt': 's32p', 'compression_level': '0', 'reservoir': '1', 'b:a': '166k', 'abr': 'True'}",65.6796875,-3.857,-3.5,0.5639165079919621,-1.3219963633053122
"{'ar': '44100', 'sample_fmt': 's32p', 'compression_level': '5', 'reservoir': '1', 'b:a': '194k', 'abr': 'True'}",266.75,-2.623,-0.74,0.6099336399929598,2.099570094593231
"{'ar': '44100', 'sample_fmt': 'fltp', 'compression_level': '0', 'reservoir': '1', 'b:a': '167k', 'abr': 'True'}",220.8173828125,-2.696,-0.82,1.313931039039744,1.9255065296006875
"{'ar': '44100', 'sample_fmt': 'fltp', 'compression_level': '9', 'reservoir': '1', 'b:a': '209k'}",312.220703125,-2.6,-0.715,0.5712731129897293,2.0913466446619324
"{'ar': '8000', 'sample_fmt': 'fltp', 'compression_level': '7', 'reservoir': '0', 'aq': '9'}",43.4609375,-3.855,-3.486,0.6747965979739092,-1.2856618647270541
"{'ar': '44100', 'sample_fmt': 's16p', 'compression_level': '0', 'reservoir': '1', 'b:a': '194k', 'abr': 'True'}",261.8662109375,-2.619,-0.735,1.8028403270000126,2.0300888475281265
"{'ar': '12000', 'sample_fmt': 'fltp', 'compression_level': '7', 'reservoir': '0', 'b:a': '108k'}",90.359375,-3.74,-2.803,0.7668338769581169,-0.8838978385793013
"{'ar': '44100', 'sample_fmt': 's16p', 'compression_level': '5', 'reservoir': '1', 'b:a': '143k', 'abr': 'True'}",191.458984375,-2.768,-0.902,0.8497488140128553,1.8130386225242334
"{'ar': '32000', 'sample_fmt': 's16p', 'compression_level': '9', 'reservoir': '1', 'b:a': '187k', 'abr': 'True'}",260.5859375,-3.176,-1.441,0.6199856199964415,0.5990709317948149
"{'ar': '44100', 'sample_fmt': 's32p', 'compression_level': '5', 'reservoir': '0', 'b:a': '111k'}",156.1484375,-2.947,-1.12,0.7825643629767001,1.3885194034283301
"{'ar': '44100', 'sample_fmt': 's32p', 'compression_level': '2', 'reservoir': '1', 'b:a': '144k', 'abr': 'True'}",192.17578125,-2.802,-0.942,1.0044048569980077,1.7086275573447238
"{'ar': '32000', 'sample_fmt': 'fltp', 'compression_level': '7', 'reservoir': '1', 'b:a': '195k', 'abr': 'True'}",271.34375,-3.179,-1.446,0.8128835029783659,0.5590803257257669
"{'ar': '44100', 'sample_fmt': 's32p', 'compression_level': '1', 'reservoir': '1', 'b:a': '189k', 'abr': 'True'}",257.5966796875,-2.631,-0.749,1.2912621579889674,2.0423381362053825
"{'ar': '44100', 'sample_fmt': 's32p', 'compression_level': '7', 'reservoir': '1', 'aq': '9'}",97.1474609375,-3.314,-1.668,0.6035165789944585,0.4679407184819674
"{'ar': '44100', 'sample_fmt': 's32p', 'compression_level': '5', 'reservoir': '1', 'b:a': '144k', 'abr': 'True'}",196.4228515625,-2.716,-0.843,0.6759661760006566,1.9577315458424713
"{'ar': '44100', 'sample_fmt': 's32p', 'compression_level': '5', 'reservoir': '1', 'b:a': '205k'}",267.6279296875,-2.616,-0.732,0.9930679050157778,2.0886838849020095
"{'ar': '44100', 'sample_fmt': 's32p', 'compression_level': '2', 'reservoir': '1', 'b:a': '246k', 'abr': 'True'}",334.4892578125,-2.593,-0.707,0.8307227960322052,2.0554700565359973
"{'ar': '44100', 'sample_fmt': 'fltp', 'compression_level': '9', 'reservoir': '1', 'b:a': '110k', 'abr': 'True'}",143.609375,-3.215,-1.502,0.8107435719866771,0.6615162825260779
"{'ar': '44100', 'sample_fmt': 's16p', 'compression_level': '2', 'reservoir': '1', 'b:a': '244k', 'abr': 'True'}",332.357421875,-2.599,-0.714,1.12015385000268,2.0212912303774044
"{'ar': '44100', 'sample_fmt': 's32p', 'compression_level': '2', 'reservoir': '1', 'b:a': '169k', 'abr': 'True'}",222.9072265625,-2.665,-0.786,1.6902681649662554,1.9773093344341086
"{'ar': '8000', 'sample_fmt': 'fltp', 'compression_level': '9', 'reservoir': '1', 'b:a': '128k', 'abr': 'True'}",89.9375,-3.858,-3.51,1.1186255189822987,-1.4071883637658964
"{'ar': '44100', 'sample_fmt': 's32p', 'compression_level': '7', 'reservoir': '1', 'b:a': '102k', 'abr': 'True'}",133.0458984375,-3.288,-1.623,0.6677264430036303,0.4806869278846298
"{'ar': '44100', 'sample_fmt': 's32p', 'compression_level': '7', 'reservoir': '1', 'b:a': '167k'}",223.037109375,-2.692,-0.815,0.7442845960031264,1.974965848319623
"{'ar': '44100', 'sample_fmt': 's32p', 'compression_level': '5', 'reservoir': '1', 'b:a': '107k', 'abr': 'True'}",142.1865234375,-3.107,-1.339,0.6759104579978157,0.9768055884148822
"{'ar': '8000', 'sample_fmt': 's32p', 'compression_level': '9', 'reservoir': '1', 'b:a': '166k', 'abr': 'True'}",90.21875,-3.858,-3.51,0.5402218350209296,-1.364885657016585
"{'ar': '44100', 'sample_fmt': 'fltp', 'compression_level': '9', 'reservoir': '1', 'b:a': '209k'}",312.220703125,-2.6,-0.715,0.7926359040138777,2.0749850812103667
"{'ar': '44100', 'sample_fmt': 's32p', 'compression_level': '5', 'reservoir': '1', 'b:a': '170k'}",223.037109375,-2.652,-0.771,1.5769014849793166,2.020502411896964
"{'ar': '44100', 'sample_fmt': 's32p', 'compression_level': '5', 'reservoir': '1', 'b:a': '128k', 'abr': 'True'}",172.0185546875,-2.859,-1.011,1.1637839309696574,1.5744384756110783
"{'ar': '44100', 'sample_fmt': 's16p', 'compression_level': '7', 'reservoir': '1', 'b:a': '32k', 'abr': 'True'}",48.193359375,-3.355,-1.744,1.388063669000985,0.368564613209038
"{'ar': '44100', 'sample_fmt': 'fltp', 'compression_level': '7', 'reservoir': '1', 'b:a': '189k', 'abr': 'True'}",258.0068359375,-2.64,-0.758,1.3032717460009735,2.0169874348346006
"{'ar': '44100', 'sample_fmt': 'fltp', 'compression_level': '9', 'reservoir': '1', 'b:a': '128k', 'abr': 'True'}",169.32421875,-2.937,-1.108,2.424287921981886,1.2732356233315238
"{'ar': '44100', 'sample_fmt': 's32p', 'compression_level': '2', 'reservoir': '1', 'b:a': '105k', 'abr': 'True'}",137.4638671875,-3.304,-1.652,2.582897461979883,0.2856542089015137
"{'ar': '44100', 'sample_fmt': 's32p', 'compression_level': '2', 'reservoir': '1', 'b:a': '169k', 'abr': 'True'}",222.9072265625,-2.665,-0.786,1.6769377469900064,1.9782946241413137
"{'ar': '44100', 'sample_fmt': 'fltp', 'compression_level': '0', 'reservoir': '1', 'b:a': '166k', 'abr': 'True'}",220.001953125,-2.702,-0.827,2.0682605290203355,1.8548651739782631
"{'ar': '32000', 'sample_fmt': 'fltp', 'compression_level': '5', 'reservoir': '1', 'b:a': '171k'}",223.671875,-3.192,-1.466,0.9156475219933782,0.5909547038231826
"{'ar': '44100', 'sample_fmt': 's32p', 'compression_level': '7', 'reservoir': '1', 'b:a': '246k', 'abr': 'True'}",339.4716796875,-2.605,-0.72,0.6460826820111834,2.029106853229252
"{'ar': '16000', 'sample_fmt': 'fltp', 'compression_level': '8', 'reservoir': '1', 'b:a': '75k', 'abr': 'True'}",103.75390625,-3.759,-2.892,0.5523888320021797,-0.9617653824284506
"{'ar': '44100', 'sample_fmt': 's32p', 'compression_level': '5', 'reservoir': '1', 'b:a': '246k', 'abr': 'True'}",342.0107421875,-2.591,-0.704,0.7232298750022892,2.0570196533883682
"{'ar': '32000', 'sample_fmt': 's16p', 'compression_level': '7', 'reservoir': '1', 'b:a': '32k', 'abr': 'True'}",46.73046875,-3.437,-1.907,0.7067357499909122,0.17878318778550786
"{'ar': '44100', 'sample_fmt': 's32p', 'compression_level': '5', 'reservoir': '1', 'b:a': '104k', 'abr': 'True'}",138.3779296875,-3.169,-1.431,0.8995923709881026,0.7928715307274139
"{'ar': '44100', 'sample_fmt': 's32p', 'compression_level': '0', 'reservoir': '1', 'b:a': '169k', 'abr': 'True'}",222.654296875,-2.692,-0.816,1.4435332069988362,1.9235777451432836
"{'ar': '44100', 'sample_fmt': 's32p', 'compression_level': '0', 'reservoir': '1', 'b:a': '244k', 'abr': 'True'}",332.9658203125,-2.594,-0.708,1.1834948270116001,2.0291811555430512
"{'ar': '44100', 'sample_fmt': 'fltp', 'compression_level': '0', 'reservoir': '1', 'b:a': '164k', 'abr': 'True'}",218.005859375,-2.703,-0.828,1.3838899130059872,1.905988683412939
"{'ar': '44100', 'sample_fmt': 'fltp', 'compression_level': '0', 'reservoir': '1', 'b:a': '167k', 'abr': 'True'}",220.8173828125,-2.696,-0.82,1.4396281410299707,1.9162158936253457
"{'ar': '44100', 'sample_fmt': 'fltp', 'compression_level': '7', 'reservoir': '1', 'b:a': '250k', 'abr': 'True'}",345.05859375,-2.606,-0.721,0.6233465469849762,2.0192271093793983
"{'ar': '44100', 'sample_fmt': 's32p', 'compression_level': '9', 'reservoir': '1', 'b:a': '165k', 'abr': 'True'}",222.501953125,-2.697,-0.821,0.6534004710265435,1.968994846832269
"{'ar': '44100', 'sample_fmt': 'fltp', 'compression_level': '0', 'reservoir': '1', 'b:a': '246k', 'abr': 'True'}",335.099609375,-2.595,-0.709,1.1428975849994458,2.0261316070625295
"{'ar': '44100', 'sample_fmt': 's32p', 'compression_level': '7', 'reservoir': '1', 'b:a': '267k'}",356.8115234375,-2.604,-0.719,0.6136341489909682,2.0064820393327656
"{'ar': '44100', 'sample_fmt': 's32p', 'compression_level': '6', 'reservoir': '1', 'b:a': '246k'}",356.8115234375,-2.592,-0.706,0.6691323620034382,2.034440219418296
"{'ar': '44100', 'sample_fmt': 's32p', 'compression_level': '9', 'reservoir': '1', 'b:a': '142k', 'abr': 'True'}",189.2998046875,-2.81,-0.951,0.5274049790168647,1.7269944621252065
"{'ar': '44100', 'sample_fmt': 's16p', 'compression_level': '2', 'reservoir': '1', 'b:a': '194k', 'abr': 'True'}",261.4580078125,-2.624,-0.741,0.7637704049702734,2.0939984232149866
"{'ar': '44100', 'sample_fmt': 's32p', 'compression_level': '9', 'reservoir': '1', 'b:a': '170k', 'abr': 'True'}",229.6513671875,-2.677,-0.798,0.5802283319935668,2.0168494441942517
"{'ar': '44100', 'sample_fmt': 's32p', 'compression_level': '7', 'reservoir': '1', 'b:a': '166k', 'abr': 'True'}",224.0419921875,-2.692,-0.815,0.5450759120285511,1.9880864817725126
"{'ar': '44100', 'sample_fmt': 's32p', 'compression_level': '7', 'reservoir': '1', 'b:a': '107k'}",156.1484375,-3.068,-1.283,0.5328229570004623,1.073636313427996
"{'ar': '8000', 'sample_fmt': 's16p', 'compression_level': '2', 'reservoir': '1', 'aq': '9'}",35.8671875,-3.85,-3.44,0.5229322999948636,-1.2361592816091698
"{'ar': '44100', 'sample_fmt': 's32p', 'compression_level': '7', 'reservoir': '1', 'b:a': '110k', 'abr': 'True'}",143.609375,-3.215,-1.502,0.5761421819915995,0.6788563490768795
"{'ar': '44100', 'sample_fmt': 's32p', 'compression_level': '5', 'reservoir': '0', 'b:a': '107k'}",156.1484375,-2.947,-1.12,0.783180168014951,1.3884738874987537
"{'ar': '8000', 'sample_fmt': 'fltp', 'compression_level': '2', 'reservoir': '1', 'b:a': '32k'}",45.359375,-3.853,-3.465,0.5858482689945959,-1.2708322040178148
"{'ar': '44100', 'sample_fmt': 's32p', 'compression_level': '5', 'reservoir': '1', 'b:a': '195k'}",267.6279296875,-2.616,-0.732,0.6251962729729712,2.1158743400903104
"{'ar': '44100', 'sample_fmt': 'fltp', 'compression_level': '7', 'reservoir': '1', 'b:a': '32k'}",44.771484375,-3.286,-1.619,0.5097810470033437,0.6391391960045988
"{'ar': '44100', 'sample_fmt': 's32p', 'compression_level': '2', 'reservoir': '1', 'b:a': '170k', 'abr': 'True'}",223.8330078125,-2.679,-0.801,0.8419132170383818,2.0011854575018355
"{'ar': '44100', 'sample_fmt': 'fltp', 'compression_level': '5', 'reservoir': '1', 'b:a': '209k'}",312.220703125,-2.595,-0.709,0.6534073849907145,2.098818302950534
"{'ar': '44100', 'sample_fmt': 's32p', 'compression_level': '5', 'reservoir': '1', 'b:a': '107k'}",156.1484375,-2.963,-1.14,0.5798674290126655,1.3599131458908582
"{'ar': '44100', 'sample_fmt': 's32p', 'compression_level': '7', 'reservoir': '1', 'b:a': '167k', 'abr': 'True'}",225.26171875,-2.687,-0.81,0.5068884830106981,2.0021897317051107
"{'ar': '44100', 'sample_fmt': 's16p', 'compression_level': '0', 'reservoir': '1', 'b:a': '194k', 'abr': 'True'}",261.8662109375,-2.619,-0.735,0.9866824100026861,2.0904134372374807
"{'ar': '44100', 'sample_fmt': 's16p', 'compression_level': '0', 'reservoir': '1', 'b:a': '194k', 'abr': 'True'}",261.8662109375,-2.619,-0.735,0.9510946470254567,2.093043831620192
"{'ar': '44100', 'sample_fmt': 'fltp', 'compression_level': '7', 'reservoir': '1', 'b:a': '126k'}",178.4443359375,-2.916,-1.081,0.541985782008851,1.4552554362897652
"{'ar': '44100', 'sample_fmt': 'fltp', 'compression_level': '7', 'reservoir': '1', 'b:a': '32k'}",44.771484375,-3.286,-1.619,0.5102256269892678,0.6391063358133474
"{'ar': '8000', 'sample_fmt': 's16p', 'compression_level': '2', 'reservoir': '1', 'aq': '9'}",35.8671875,-3.85,-3.44,0.47892098999000154,-1.232906278528121
"{'ar': '32000', 'sample_fmt': 's16p', 'compression_level': '7', 'reservoir': '1', 'b:a': '105k', 'abr': 'True'}",140.421875,-3.5,-2.047,0.5274695090192836,-0.14841704829062893
"{'ar': '44100', 'sample_fmt': 'fltp', 'compression_level': '7', 'reservoir': '1', 'b:a': '32k'}",44.771484375,-3.286,-1.619,0.5657817519968376,0.6350000220998774
"{'ar': '44100', 'sample_fmt': 's32p', 'compression_level': '9', 'reservoir': '1', 'b:a': '195k', 'abr': 'True'}",266.8515625,-2.621,-0.737,0.5367389459861442,2.1104243171162267
"{'ar': '44100', 'sample_fmt': 's32p', 'compression_level': '5', 'reservoir': '1', 'b:a': '144k', 'abr': 'True'}",196.4228515625,-2.716,-0.843,0.6402857450011652,1.9603687895864468
"{'ar': '44100', 'sample_fmt': 'fltp', 'compression_level': '7', 'reservoir': '1', 'b:a': '169k', 'abr': 'True'}",228.228515625,-2.681,-0.803,0.5676798849890474,2.0091502866564688
"{'ar': '44100', 'sample_fmt': 's32p', 'compression_level': '9', 'reservoir': '1', 'b:a': '110k', 'abr': 'True'}",143.609375,-3.215,-1.502,0.5546353780082427,0.680445979097291
"{'ar': '44100', 'sample_fmt': 's32p', 'compression_level': '0', 'reservoir': '1', 'b:a': '194k', 'abr': 'True'}",261.7607421875,-2.621,-0.737,1.1973972270207014,2.0697163965693717
"{'ar': '44100', 'sample_fmt': 's32p', 'compression_level': '5', 'reservoir': '1', 'b:a': '192k'}",267.6279296875,-2.616,-0.732,0.6748320360202342,2.112205617434586
"{'ar': '44100', 'sample_fmt': 's32p', 'compression_level': '2', 'reservoir': '1', 'b:a': '269k', 'abr': 'True'}",351.26171875,-2.587,-0.701,1.127041044033831,2.022677473873839
"{'ar': '44100', 'sample_fmt': 's16p', 'compression_level': '0', 'reservoir': '1', 'b:a': '194k', 'abr': 'True'}",261.8662109375,-2.619,-0.735,1.2519007010268979,2.0708103870724917
"{'ar': '44100', 'sample_fmt': 's32p', 'compression_level': '5', 'reservoir': '1', 'b:a': '169k', 'abr': 'True'}",229.1376953125,-2.65,-0.769,0.7423117690195795,2.0777456525480007
"{'ar': '44100', 'sample_fmt': 's32p', 'compression_level': '5', 'reservoir': '1', 'b:a': '171k'}",223.037109375,-2.652,-0.771,0.833135944994865,2.0754762718634114
"{'ar': '16000', 'sample_fmt': 's32p', 'compression_level': '8', 'reservoir': '1', 'b:a': '86k', 'abr': 'True'}",119.71484375,-3.714,-2.693,0.558439444983378,-0.8200574778388037
"{'ar': '44100', 'sample_fmt': 's32p', 'compression_level': '9', 'reservoir': '1', 'b:a': '143k'}",178.4443359375,-2.916,-1.081,0.6639901000016835,1.4462377446489556
"{'ar': '44100', 'sample_fmt': 's32p', 'compression_level': '9', 'reservoir': '1', 'b:a': '108k'}",156.1484375,-3.068,-1.283,0.703821411007084,1.0609973236393113
"{'ar': '32000', 'sample_fmt': 's16p', 'compression_level': '7', 'reservoir': '1', 'b:a': '195k', 'abr': 'True'}",271.2734375,-3.18,-1.447,0.6149994080187753,0.5711733098380174
"{'ar': '8000', 'sample_fmt': 's16p', 'compression_level': '2', 'reservoir': '1', 'aq': '9'}",35.8671875,-3.85,-3.44,0.48543533697375096,-1.2333877727351061
"{'ar': '44100', 'sample_fmt': 'fltp', 'compression_level': '7', 'reservoir': '1', 'b:a': '104k', 'abr': 'True'}",135.4326171875,-3.291,-1.628,0.5449498020170722,0.4773861959585511
"{'ar': '44100', 'sample_fmt': 's32p', 'compression_level': '7', 'reservoir': '1', 'b:a': '267k'}",356.8115234375,-2.604,-0.719,0.5809452070097905,2.0088981734803117
"{'ar': '44100', 'sample_fmt': 's32p', 'compression_level': '5', 'reservoir': '1', 'b:a': '169k', 'abr': 'True'}",229.1376953125,-2.65,-0.769,0.68952483398607,2.0816472874296745
"{'ar': '44100', 'sample_fmt': 'fltp', 'compression_level': '7', 'reservoir': '1', 'b:a': '32k', 'abr': 'True'}",48.16796875,-3.35,-1.734,0.5049020790029317,0.44868642617040616
"{'ar': '44100', 'sample_fmt': 's32p', 'compression_level': '6', 'reservoir': '1', 'b:a': '101k', 'abr': 'True'}",134.466796875,-3.21,-1.494,0.6276616209943313,0.7038102432762579
"{'ar': '44100', 'sample_fmt': 'fltp', 'compression_level': '7', 'reservoir': '1', 'b:a': '113k', 'abr': 'True'}",147.62109375,-3.164,-1.423,0.5757858649885748,0.8162293718347422
"{'ar': '16000', 'sample_fmt': 's32p', 'compression_level': '8', 'reservoir': '1', 'b:a': '86k', 'abr': 'True'}",119.71484375,-3.714,-2.693,0.455959459010046,-0.812482885987749
"{'ar': '44100', 'sample_fmt': 'fltp', 'compression_level': '7', 'reservoir': '1', 'b:a': '32k'}",44.771484375,-3.286,-1.619,0.5048614520346746,0.6395028174825512
"{'ar': '44100', 'sample_fmt': 's32p', 'compression_level': '5', 'reservoir': '1', 'b:a': '143k', 'abr': 'True'}",191.4091796875,-2.771,-0.906,0.7972003190079704,1.8087504580462874
"{'ar': '44100', 'sample_fmt': 's32p', 'compression_level': '9', 'reservoir': '1', 'b:a': '164k', 'abr': 'True'}",221.1787109375,-2.699,-0.824,0.6622544529964216,1.9648456232695923
"{'ar': '12000', 'sample_fmt': 'fltp', 'compression_level': '2', 'reservoir': '1', 'aq': '9'}",49.765625,-3.769,-2.94,0.597474735986907,-0.917392004228374
"{'ar': '44100', 'sample_fmt': 's16p', 'compression_level': '5', 'reservoir': '1', 'b:a': '143k', 'abr': 'True'}",191.458984375,-2.768,-0.902,0.7441044659644831,1.8208471015188092
"{'ar': '44100', 'sample_fmt': 'fltp', 'compression_level': '7', 'reservoir': '1', 'b:a': '193k', 'abr': 'True'}",263.8056640625,-2.63,-0.747,0.5293120899877977,2.0917094652160246
"{'ar': '44100', 'sample_fmt': 's32p', 'compression_level': '5', 'reservoir': '0', 'b:a': '110k', 'abr': 'True'}",159.150390625,-3.064,-1.277,0.6380420920322649,1.072281654600889
"{'ar': '12000', 'sample_fmt': 'fltp', 'compression_level': '5', 'reservoir': '0', 'b:a': '108k', 'abr': 'True'}",87.828125,-3.76,-2.894,0.5102632160123903,-0.9362004056093292
"{'ar': '44100', 'sample_fmt': 's32p', 'compression_level': '5', 'reservoir': '0', 'b:a': '161k'}",223.037109375,-2.67,-0.791,0.9791340190276969,2.0164370831519434
"{'ar': '44100', 'sample_fmt': 's32p', 'compression_level': '0', 'reservoir': '1', 'b:a': '244k', 'abr': 'True'}",332.9658203125,-2.594,-0.708,1.126482905994635,2.0333950713456983
"{'ar': '8000', 'sample_fmt': 's16p', 'compression_level': '2', 'reservoir': '1', 'b:a': '105k', 'abr': 'True'}",74.3984375,-3.858,-3.512,0.6105666939984076,-1.3454720528691309
"{'ar': '44100', 'sample_fmt': 's32p', 'compression_level': '2', 'reservoir': '1', 'b:a': '196k', 'abr': 'True'}",263.5966796875,-2.618,-0.734,0.7720693239825778,2.1061602589979325
"{'ar': '32000', 'sample_fmt': 'fltp', 'compression_level': '7', 'reservoir': '1', 'b:a': '195k', 'abr': 'True'}",271.34375,-3.179,-1.446,0.49511983699630946,0.5825671563693158
"{'ar': '44100', 'sample_fmt': 's32p', 'compression_level': '2', 'reservoir': '1', 'b:a': '269k', 'abr': 'True'}",351.26171875,-2.587,-0.701,0.940013830026146,2.036501195624901
"{'ar': '44100', 'sample_fmt': 's32p', 'compression_level': '1', 'reservoir': '1', 'b:a': '244k', 'abr': 'True'}",335.0009765625,-2.593,-0.707,1.0047147050208878,2.0417932803425334
"{'ar': '44100', 'sample_fmt': 's32p', 'compression_level': '5', 'reservoir': '1', 'b:a': '105k', 'abr': 'True'}",139.5458984375,-3.13,-1.371,0.6069493840041105,0.9224330131663053
"{'ar': '32000', 'sample_fmt': 'fltp', 'compression_level': '7', 'reservoir': '1', 'b:a': '140k'}",178.953125,-3.299,-1.642,0.6592939059773926,0.3764346384433833
"{'ar': '44100', 'sample_fmt': 's32p', 'compression_level': '5', 'reservoir': '1', 'b:a': '107k'}",156.1484375,-2.963,-1.14,0.9201865449722391,1.3347591767716949
"{'ar': '44100', 'sample_fmt': 's32p', 'compression_level': '5', 'reservoir': '1', 'b:a': '193k', 'abr': 'True'}",265.427734375,-2.62,-0.736,0.9791968339995947,2.0826383246442894
"{'ar': '44100', 'sample_fmt': 's32p', 'compression_level': '0', 'reservoir': '1', 'b:a': '169k', 'abr': 'True'}",222.654296875,-2.692,-0.816,1.9459919609653298,1.8864395669210887
"{'ar': '44100', 'sample_fmt': 'fltp', 'compression_level': '7', 'reservoir': '0', 'b:a': '112k'}",156.1484375,-3.098,-1.324,0.8678855720208958,0.9660389376188732
"{'ar': '44100', 'sample_fmt': 's32p', 'compression_level': '9', 'reservoir': '0', 'b:a': '128k'}",178.4443359375,-2.892,-1.051,0.6200969340279698,1.514864275709106
"{'ar': '12000', 'sample_fmt': 'fltp', 'compression_level': '7', 'reservoir': '0', 'b:a': '108k'}",90.359375,-3.74,-2.803,0.6867196030216292,-0.8779763611244703
"{'ar': '44100', 'sample_fmt': 's32p', 'compression_level': '7', 'reservoir': '1', 'b:a': '113k', 'abr': 'True'}",147.62109375,-3.164,-1.423,0.6510378240200225,0.8106672821228659
"{'ar': '44100', 'sample_fmt': 's16p', 'compression_level': '7', 'reservoir': '1', 'b:a': '194k', 'abr': 'True'}",265.3271484375,-2.62,-0.736,0.5887680269952398,2.1116565472272244
"{'ar': '44100', 'sample_fmt': 's16p', 'compression_level': '0', 'reservoir': '1', 'b:a': '144k', 'abr': 'True'}",193.5087890625,-2.802,-0.943,1.7636777580191847,1.650065011723685
"{'ar': '44100', 'sample_fmt': 's32p', 'compression_level': '2', 'reservoir': '1', 'b:a': '108k', 'abr': 'True'}",141.6279296875,-3.263,-1.581,1.3484487179957796,0.48817643333888017
"{'ar': '44100', 'sample_fmt': 'fltp', 'compression_level': '7', 'reservoir': '1', 'b:a': '112k'}",156.1484375,-3.068,-1.283,1.3970338080252986,1.009759992528917
"{'ar': '44100', 'sample_fmt': 's16p', 'compression_level': '2', 'reservoir': '1', 'b:a': '194k', 'abr': 'True'}",261.4580078125,-2.624,-0.741,1.6342309530009516,2.029660169153423
"{'ar': '44100', 'sample_fmt': 's16p', 'compression_level': '7', 'reservoir': '1', 'b:a': '195k', 'abr': 'True'}",266.853515625,-2.62,-0.736,0.8467292629939038,2.0901543168675327
"{'ar': '8000', 'sample_fmt': 'fltp', 'compression_level': '9', 'reservoir': '1', 'b:a': '131k', 'abr': 'True'}",89.9375,-3.858,-3.51,1.1580197499715723,-1.4101001051971216
"{'ar': '12000', 'sample_fmt': 'fltp', 'compression_level': '5', 'reservoir': '0', 'b:a': '108k'}",90.359375,-3.761,-2.898,0.8633130559755955,-0.9699261368296779
"{'ar': '44100', 'sample_fmt': 'fltp', 'compression_level': '5', 'reservoir': '1', 'b:a': '105k', 'abr': 'True'}",139.4951171875,-3.13,-1.371,1.184808926016558,0.8798027746931131
"{'ar': '44100', 'sample_fmt': 'fltp', 'compression_level': '7', 'reservoir': '1', 'b:a': '114k', 'abr': 'True'}",149.4501953125,-3.139,-1.384,0.7853965680114925,0.8683691303937788
"{'ar': '44100', 'sample_fmt': 'fltp', 'compression_level': '5', 'reservoir': '1', 'b:a': '128k', 'abr': 'True'}",172.0185546875,-2.859,-1.01,0.8465618009795435,1.5982007381732293
"{'ar': '44100', 'sample_fmt': 's32p', 'compression_level': '6', 'reservoir': '1', 'b:a': '101k', 'abr': 'True'}",134.466796875,-3.21,-1.494,0.8083140359958634,0.6904577013379712
"{'ar': '44100', 'sample_fmt': 'fltp', 'compression_level': '7', 'reservoir': '1', 'b:a': '254k', 'abr': 'True'}",350.5458984375,-2.6,-0.714,0.6397131950070616,2.0254493411398413
"{'ar': '44100', 'sample_fmt': 'fltp', 'compression_level': '7', 'reservoir': '1', 'b:a': '142k', 'abr': 'True'}",189.2998046875,-2.81,-0.951,0.8847019289969467,1.7005856122408003
"{'ar': '44100', 'sample_fmt': 's32p', 'compression_level': '1', 'reservoir': '1', 'b:a': '191k', 'abr': 'True'}",259.9345703125,-2.627,-0.743,1.638092992012389,2.024184879663493
"{'ar': '44100', 'sample_fmt': 'fltp', 'compression_level': '7', 'reservoir': '1', 'b:a': '269k'}",356.8115234375,-2.605,-0.72,0.9457893909711856,1.979286089481043
"{'ar': '44100', 'sample_fmt': 'fltp', 'compression_level': '7', 'reservoir': '0', 'b:a': '168k'}",223.037109375,-2.705,-0.83,0.850873100978788,1.932066515948517
"{'ar': '44100', 'sample_fmt': 's32p', 'compression_level': '7', 'reservoir': '1', 'b:a': '166k', 'abr': 'True'}",224.0419921875,-2.692,-0.815,0.8059284269984346,1.9688061187294092
"{'ar': '44100', 'sample_fmt': 's16p', 'compression_level': '5', 'reservoir': '1', 'b:a': '143k', 'abr': 'True'}",191.458984375,-2.768,-0.902,1.018310062965611,1.8005797736027145
"{'ar': '8000', 'sample_fmt': 'fltp', 'compression_level': '7', 'reservoir': '1', 'aq': '9'}",36.8515625,-3.855,-3.486,0.5641047199897002,-1.2669339624472953
"{'ar': '44100', 'sample_fmt': 's32p', 'compression_level': '7', 'reservoir': '1', 'b:a': '107k'}",156.1484375,-3.068,-1.283,0.782954891998088,1.055148339424813
"{'ar': '44100', 'sample_fmt': 's32p', 'compression_level': '7', 'reservoir': '1', 'b:a': '195k', 'abr': 'True'}",266.8515625,-2.621,-0.737,0.6871898160025012,2.0993040586268616
"{'ar': '44100', 'sample_fmt': 's32p', 'compression_level': '5', 'reservoir': '1', 'b:a': '111k'}",156.1484375,-2.963,-1.14,0.8804442260006908,1.3376966463913944
"{'ar': '44100', 'sample_fmt': 'fltp', 'compression_level': '7', 'reservoir': '1', 'b:a': '113k', 'abr': 'True'}",147.62109375,-3.164,-1.423,1.2951594139740337,0.7630583943969873
"{'ar': '44100', 'sample_fmt': 's16p', 'compression_level': '0', 'reservoir': '1', 'b:a': '111k', 'abr': 'True'}",146.6552734375,-3.195,-1.471,1.4956698429887183,0.6624091380008762
"{'ar': '44100', 'sample_fmt': 's32p', 'compression_level': '9', 'reservoir': '1', 'b:a': '110k', 'abr': 'True'}",143.609375,-3.215,-1.502,0.6542578050284646,0.6730825976845923
"{'ar': '44100', 'sample_fmt': 's32p', 'compression_level': '7', 'reservoir': '1', 'b:a': '194k'}",267.6279296875,-2.63,-0.747,0.6002462219912559,2.0803674645972765
"{'ar': '44100', 'sample_fmt': 's32p', 'compression_level': '2', 'reservoir': '1', 'b:a': '169k', 'abr': 'True'}",222.9072265625,-2.665,-0.786,0.9537520210142247,2.0317473705946614
"{'ar': '32000', 'sample_fmt': 'fltp', 'compression_level': '1', 'reservoir': '0', 'b:a': '168k'}",223.671875,-3.224,-1.516,1.1624153709854,0.4823844479246966
"{'ar': '44100', 'sample_fmt': 's16p', 'compression_level': '7', 'reservoir': '1', 'b:a': '169k', 'abr': 'True'}",228.224609375,-2.678,-0.8,1.1890753080078866,1.9711635773915914
"{'ar': '44100', 'sample_fmt': 's32p', 'compression_level': '2', 'reservoir': '1', 'b:a': '246k', 'abr': 'True'}",334.4892578125,-2.593,-0.707,1.2773111219867133,2.022461423070421
"{'ar': '8000', 'sample_fmt': 's16p', 'compression_level': '5', 'reservoir': '1', 'aq': '9'}",36.359375,-3.85,-3.44,0.6755585419887211,-1.2482256943004595
"{'ar': '44100', 'sample_fmt': 's32p', 'compression_level': '5', 'reservoir': '0', 'b:a': '111k'}",156.1484375,-2.947,-1.12,1.1003049540449865,1.3650342783183267
"{'ar': '44100', 'sample_fmt': 's32p', 'compression_level': '9', 'reservoir': '1', 'b:a': '194k', 'abr': 'True'}",265.4287109375,-2.623,-0.74,1.0447572269767988,2.069539361169062
"{'ar': '44100', 'sample_fmt': 's32p', 'compression_level': '5', 'reservoir': '1', 'b:a': '107k'}",156.1484375,-2.963,-1.14,0.9005502879736014,1.3362105492600342
"{'ar': '44100', 'sample_fmt': 's16p', 'compression_level': '7', 'reservoir': '1', 'b:a': '32k'}",44.771484375,-3.291,-1.629,0.6144864529778715,0.6165958436613624
"{'ar': '44100', 'sample_fmt': 'fltp', 'compression_level': '7', 'reservoir': '1', 'b:a': '32k'}",44.771484375,-3.286,-1.619,0.6644354779855348,0.6277082401792142
"{'ar': '44100', 'sample_fmt': 'fltp', 'compression_level': '7', 'reservoir': '1', 'b:a': '32k'}",44.771484375,-3.286,-1.619,0.6574436780356336,0.6282250243143965
"{'ar': '32000', 'sample_fmt': 's32p', 'compression_level': '7', 'reservoir': '1', 'b:a': '168k', 'abr': 'True'}",231.96875,-3.19,-1.463,1.0134079699928407,0.5760961677701911
"{'ar': '44100', 'sample_fmt': 's32p', 'compression_level': '5', 'reservoir': '1', 'b:a': '110k', 'abr': 'True'}",146.65625,-3.064,-1.277,0.7754212699946947,1.0820640206328032
"{'ar': '44100', 'sample_fmt': 's32p', 'compression_level': '7', 'reservoir': '1', 'b:a': '106k', 'abr': 'True'}",138.0224609375,-3.264,-1.582,0.6578298220119905,0.5423297939262324
"{'ar': '44100', 'sample_fmt': 's32p', 'compression_level': '9', 'reservoir': '1', 'b:a': '127k', 'abr': 'True'}",167.8515625,-2.955,-1.131,0.6471770369971637,1.3577424643078058
"{'ar': '44100', 'sample_fmt': 's32p', 'compression_level': '2', 'reservoir': '1', 'b:a': '169k', 'abr': 'True'}",222.9072265625,-2.665,-0.786,0.9813592330028769,2.0297068417931254
"{'ar': '44100', 'sample_fmt': 's32p', 'compression_level': '5', 'reservoir': '1', 'b:a': '104k', 'abr': 'True'}",138.3779296875,-3.169,-1.431,0.9367848379770294,0.7901225280348467
"{'ar': '44100', 'sample_fmt': 's32p', 'compression_level': '7', 'reservoir': '1', 'b:a': '265k'}",356.8115234375,-2.604,-0.719,0.8635125260043424,1.9880128065327847
"{'ar': '44100', 'sample_fmt': 'fltp', 'compression_level': '7', 'reservoir': '1', 'b:a': '128k', 'abr': 'True'}",169.32421875,-2.937,-1.108,0.6876977069769055,1.401592023522883
"{'ar': '44100', 'sample_fmt': 's32p', 'compression_level': '5', 'reservoir': '1', 'b:a': '195k'}",267.6279296875,-2.616,-0.732,0.764169382979162,2.105602436005131
"{'ar': '44100', 'sample_fmt': 'fltp', 'compression_level': '9', 'reservoir': '1', 'b:a': '194k', 'abr': 'True'}",265.4287109375,-2.623,-0.74,0.7025914729747456,2.0948298206412983
"{'ar': '32000', 'sample_fmt': 's16p', 'compression_level': '7', 'reservoir': '1', 'b:a': '256k', 'abr': 'True'}",354.453125,-3.17,-1.432,0.7001240800018422,0.46018587049196075
"{'ar': '44100', 'sample_fmt': 's32p', 'compression_level': '9', 'reservoir': '0', 'aq': '9'}",103.8740234375,-3.314,-1.668,0.7668409709876869,0.44513560307843875
"{'ar': '32000', 'sample_fmt': 'fltp', 'compression_level': '7', 'reservoir': '1', 'b:a': '32k'}",44.8671875,-3.434,-1.9,0.8767685989732854,0.17838676296864922
"{'ar': '44100', 'sample_fmt': 's32p', 'compression_level': '0', 'reservoir': '1', 'b:a': '167k'}",223.037109375,-2.7,-0.824,2.5763345769955777,1.8180751126458186
"{'ar': '44100', 'sample_fmt': 's32p', 'compression_level': '2', 'reservoir': '1', 'b:a': '112k', 'abr': 'True'}",147.1640625,-3.163,-1.42,0.9541157950006891,0.7922714952796446
"{'ar': '16000', 'sample_fmt': 's32p', 'compression_level': '8', 'reservoir': '1', 'aq': '9'}",61.7421875,-3.805,-3.135,0.558968344994355,-1.0790486142919926
"{'ar': '44100', 'sample_fmt': 's32p', 'compression_level': '2', 'reservoir': '1', 'b:a': '143k', 'abr': 'True'}",186.4326171875,-2.837,-0.984,0.9876891160092782,1.624230152229186
"{'ar': '44100', 'sample_fmt': 's32p', 'compression_level': '6', 'reservoir': '1', 'b:a': '245k', 'abr': 'True'}",340.6884765625,-2.589,-0.702,1.2992252630065195,2.0218468550311544
"{'ar': '44100', 'sample_fmt': 's32p', 'compression_level': '2', 'reservoir': '1', 'b:a': '269k'}",356.8115234375,-2.595,-0.71,1.4800706389942206,1.966249781237221
"{'ar': '44100', 'sample_fmt': 's32p', 'compression_level': '7', 'reservoir': '0', 'b:a': '168k'}",223.037109375,-2.706,-0.831,0.8386644179990981,1.930323498735537
"{'ar': '44100', 'sample_fmt': 's32p', 'compression_level': '5', 'reservoir': '1', 'b:a': '107k', 'abr': 'True'}",142.1865234375,-3.107,-1.339,1.1507677189947572,0.9417075162849979
"{'ar': '16000', 'sample_fmt': 'fltp', 'compression_level': '9', 'reservoir': '1', 'b:a': '86k', 'abr': 'True'}",119.71484375,-3.714,-2.693,0.7046688179834746,-0.8308657132868411
"{'ar': '44100', 'sample_fmt': 'fltp', 'compression_level': '7', 'reservoir': '1', 'b:a': '126k'}",178.4443359375,-2.916,-1.081,0.6996883600077126,1.443599183111595
"{'ar': '44100', 'sample_fmt': 'fltp', 'compression_level': '5', 'reservoir': '1', 'b:a': '114k', 'abr': 'True'}",152.1416015625,-2.973,-1.155,0.7794198160117958,1.3235259642104842
"{'ar': '44100', 'sample_fmt': 's32p', 'compression_level': '7', 'reservoir': '1', 'b:a': '167k'}",223.037109375,-2.692,-0.815,0.6381753829773515,1.9828086868277783
"{'ar': '44100', 'sample_fmt': 's32p', 'compression_level': '5', 'reservoir': '0', 'b:a': '193k', 'abr': 'True'}",278.6943359375,-2.621,-0.737,0.7552989940159023,2.075372818070102
"{'ar': '44100', 'sample_fmt': 's32p', 'compression_level': '0', 'reservoir': '1', 'b:a': '244k', 'abr': 'True'}",332.9658203125,-2.594,-0.708,1.1161571380216628,2.0341582786900503
"{'ar': '44100', 'sample_fmt': 's32p', 'compression_level': '5', 'reservoir': '1', 'b:a': '143k'}",178.4443359375,-2.832,-0.978,0.7003226990054827,1.671759291677009
"{'ar': '44100', 'sample_fmt': 's16p', 'compression_level': '0', 'reservoir': '1', 'b:a': '110k', 'abr': 'True'}",145.2333984375,-3.229,-1.525,1.2196834580099676,0.5888242841954227
"{'ar': '44100', 'sample_fmt': 's32p', 'compression_level': '7', 'reservoir': '1', 'b:a': '195k'}",267.6279296875,-2.63,-0.747,0.5760564730153419,2.0821553988337205
"{'ar': '44100', 'sample_fmt': 's32p', 'compression_level': '1', 'reservoir': '1', 'b:a': '191k', 'abr': 'True'}",259.9345703125,-2.627,-0.743,1.1366930120275356,2.061244800841669
"{'ar': '32000', 'sample_fmt': 's32p', 'compression_level': '7', 'reservoir': '1', 'b:a': '106k'}",156.59375,-3.405,-1.841,0.532023717998527,0.1117699750607677
"{'ar': '44100', 'sample_fmt': 'fltp', 'compression_level': '7', 'reservoir': '1', 'b:a': '32k', 'abr': 'True'}",48.16796875,-3.35,-1.734,0.5401614379661623,0.4460803050772027
"{'ar': '44100', 'sample_fmt': 'fltp', 'compression_level': '8', 'reservoir': '0', 'aq': '9'}",103.8740234375,-3.314,-1.668,0.5458289990201592,0.46147123647993415
"{'ar': '44100', 'sample_fmt': 'fltp', 'compression_level': '5', 'reservoir': '1', 'b:a': '128k', 'abr': 'True'}",172.0185546875,-2.859,-1.01,0.7126068380021024,1.6081017365129566
"{'ar': '8000', 'sample_fmt': 's16p', 'compression_level': '2', 'reservoir': '1', 'aq': '9'}",35.8671875,-3.85,-3.44,0.527388615970267,-1.2364886607982126
"{'ar': '44100', 'sample_fmt': 's32p', 'compression_level': '1', 'reservoir': '1', 'b:a': '189k', 'abr': 'True'}",257.5966796875,-2.631,-0.749,1.00314993300708,2.0636333431749163
"{'ar': '44100', 'sample_fmt': 's32p', 'compression_level': '9', 'reservoir': '1', 'b:a': '143k', 'abr': 'True'}",190.841796875,-2.805,-0.945,0.5624106529867277,1.7354890289010283
"{'ar': '44100', 'sample_fmt': 'fltp', 'compression_level': '5', 'reservoir': '1', 'b:a': '105k', 'abr': 'True'}",139.4951171875,-3.13,-1.371,0.7292157839983702,0.9134769801308983
"{'ar': '44100', 'sample_fmt': 'fltp', 'compression_level': '5', 'reservoir': '1', 'b:a': '105k', 'abr': 'True'}",139.4951171875,-3.13,-1.371,0.6531565129989758,0.9190987406028317
"{'ar': '44100', 'sample_fmt': 's32p', 'compression_level': '5', 'reservoir': '1', 'b:a': '195k', 'abr': 'True'}",268.076171875,-2.618,-0.735,0.7082832779560704,2.103411644401147
"{'ar': '44100', 'sample_fmt': 's32p', 'compression_level': '1', 'reservoir': '1', 'b:a': '189k', 'abr': 'True'}",257.5966796875,-2.631,-0.749,0.9658313750114758,2.066391665618092
"{'ar': '44100', 'sample_fmt': 's32p', 'compression_level': '6', 'reservoir': '1', 'b:a': '246k', 'abr': 'True'}",342.0107421875,-2.591,-0.704,0.6336405909678433,2.063641456214978
"{'ar': '44100', 'sample_fmt': 's32p', 'compression_level': '0', 'reservoir': '1', 'b:a': '244k', 'abr': 'True'}",332.9658203125,-2.594,-0.708,1.0915434079652186,2.0359775505931332
"{'ar': '44100', 'sample_fmt': 's32p', 'compression_level': '0', 'reservoir': '1', 'b:a': '107k', 'abr': 'True'}",141.0693359375,-3.267,-1.587,1.3146385709696915,0.4803542654681181
"{'ar': '44100', 'sample_fmt': 's32p', 'compression_level': '5', 'reservoir': '1', 'b:a': '101k', 'abr': 'True'}",134.466796875,-3.21,-1.494,0.696649121993687,0.6987111777569639
"{'ar': '44100', 'sample_fmt': 's32p', 'compression_level': '7', 'reservoir': '1', 'b:a': '246k', 'abr': 'True'}",339.4716796875,-2.605,-0.72,0.5391598680289462,2.0370098273347756
"{'ar': '44100', 'sample_fmt': 's32p', 'compression_level': '7', 'reservoir': '1', 'b:a': '113k', 'abr': 'True'}",147.62109375,-3.164,-1.423,0.5452652319800109,0.8184852400013894
"{'ar': '44100', 'sample_fmt': 's32p', 'compression_level': '0', 'reservoir': '1', 'b:a': '246k', 'abr': 'True'}",335.099609375,-2.595,-0.709,1.1720623179862741,2.0239759573839895
"{'ar': '44100', 'sample_fmt': 's32p', 'compression_level': '6', 'reservoir': '1', 'b:a': '245k', 'abr': 'True'}",340.6884765625,-2.589,-0.702,0.6420703539915849,2.0704190730250205
"{'ar': '44100', 'sample_fmt': 'fltp', 'compression_level': '7', 'reservoir': '1', 'b:a': '110k', 'abr': 'True'}",143.609375,-3.215,-1.502,0.5356424399942625,0.6818498020207808
"{'ar': '44100', 'sample_fmt': 's32p', 'compression_level': '6', 'reservoir': '1', 'b:a': '197k', 'abr': 'True'}",270.4169921875,-2.616,-0.732,0.6199230620113667,2.1118136900290523
"{'ar': '44100', 'sample_fmt': 's32p', 'compression_level': '5', 'reservoir': '1', 'b:a': '142k', 'abr': 'True'}",190.177734375,-2.785,-0.922,0.6753203090338502,1.7820574711675201
"{'ar': '8000', 'sample_fmt': 's16p', 'compression_level': '2', 'reservoir': '1', 'aq': '9'}",35.8671875,-3.85,-3.44,0.46667253799387254,-1.23200096005255
"{'ar': '8000', 'sample_fmt': 's32p', 'compression_level': '2', 'reservoir': '1', 'b:a': '165k', 'abr': 'True'}",75.2421875,-3.858,-3.512,0.566693678003503,-1.3435756135103687
"{'ar': '44100', 'sample_fmt': 's16p', 'compression_level': '7', 'reservoir': '1', 'b:a': '143k', 'abr': 'True'}",190.8896484375,-2.799,-0.939,0.5777196569833905,1.7501535186136545
"{'ar': '44100', 'sample_fmt': 's32p', 'compression_level': '0', 'reservoir': '1', 'b:a': '254k', 'abr': 'True'}",341.498046875,-2.59,-0.704,1.0995809239975642,2.032350487595932
"{'ar': '44100', 'sample_fmt': 's32p', 'compression_level': '0', 'reservoir': '1', 'b:a': '244k', 'abr': 'True'}",332.9658203125,-2.594,-0.708,1.0831747999764048,2.03659609858838
"{'ar': '44100', 'sample_fmt': 's16p', 'compression_level': '5', 'reservoir': '1', 'b:a': '143k', 'abr': 'True'}",191.458984375,-2.768,-0.902,0.7416430570010561,1.8210290313668611
"{'ar': '44100', 'sample_fmt': 'fltp', 'compression_level': '5', 'reservoir': '1', 'b:a': '168k'}",223.037109375,-2.652,-0.771,0.6943874460121151,2.0857315742988964
"{'ar': '44100', 'sample_fmt': 's32p', 'compression_level': '6', 'reservoir': '1', 'b:a': '101k', 'abr': 'True'}",134.466796875,-3.21,-1.494,0.6083869500143919,0.7052348898972517
"{'ar': '44100', 'sample_fmt': 's32p', 'compression_level': '9', 'reservoir': '1', 'b:a': '127k', 'abr': 'True'}",167.8515625,-2.955,-1.131,0.5508764460100792,1.3648603192217625
"{'ar': '32000', 'sample_fmt': 'fltp', 'compression_level': '7', 'reservoir': '1', 'b:a': '32k'}",44.8671875,-3.434,-1.9,0.49130632501328364,0.20687739332437732
"{'ar': '44100', 'sample_fmt': 's32p', 'compression_level': '5', 'reservoir': '1', 'b:a': '110k'}",156.1484375,-2.963,-1.14,0.6624126140377484,1.3538119927740193
"{'ar': '32000', 'sample_fmt': 'fltp', 'compression_level': '7', 'reservoir': '0', 'b:a': '212k'}",313.109375,-3.178,-1.444,0.6178497780056205,0.5098127568727346
"{'ar': '44100', 'sample_fmt': 's32p', 'compression_level': '6', 'reservoir': '1', 'b:a': '246k', 'abr': 'True'}",342.0107421875,-2.591,-0.704,0.6458103469922207,2.0627419543860497
"{'ar': '32000', 'sample_fmt': 'fltp', 'compression_level': '7', 'reservoir': '0', 'b:a': '114k'}",156.59375,-3.396,-1.823,0.5644717210088857,0.1360193412949586
"{'ar': '44100', 'sample_fmt': 's32p', 'compression_level': '5', 'reservoir': '1', 'b:a': '112k', 'abr': 'True'}",149.3994140625,-3.013,-1.207,0.7328215049928986,1.2217444408249445
"{'ar': '44100', 'sample_fmt': 's32p', 'compression_level': '9', 'reservoir': '1', 'b:a': '107k', 'abr': 'True'}",139.2421875,-3.248,-1.556,0.5492720850161277,0.5938882594231084
"{'ar': '44100', 'sample_fmt': 'fltp', 'compression_level': '9', 'reservoir': '1', 'b:a': '209k'}",312.220703125,-2.6,-0.715,0.595500205992721,2.089555950220552
"{'ar': '44100', 'sample_fmt': 's32p', 'compression_level': '5', 'reservoir': '1', 'b:a': '107k'}",156.1484375,-2.963,-1.14,0.8400309749995358,1.3406837065358759
"{'ar': '32000', 'sample_fmt': 's16p', 'compression_level': '7', 'reservoir': '1', 'b:a': '102k', 'abr': 'True'}",136.16796875,-3.523,-2.102,0.5670173219696153,-0.21549111648042146
"{'ar': '44100', 'sample_fmt': 's32p', 'compression_level': '5', 'reservoir': '1', 'b:a': '105k', 'abr': 'True'}",139.5458984375,-3.13,-1.371,0.74415760699776,0.9122915569793789
"{'ar': '44100', 'sample_fmt': 's32p', 'compression_level': '7', 'reservoir': '1', 'b:a': '105k', 'abr': 'True'}",136.6513671875,-3.279,-1.608,0.6934901410131715,0.4987308563114702
"{'ar': '44100', 'sample_fmt': 's16p', 'compression_level': '7', 'reservoir': '1', 'b:a': '194k', 'abr': 'True'}",265.3271484375,-2.62,-0.736,0.7299269420327619,2.101223083976896
"{'ar': '44100', 'sample_fmt': 's32p', 'compression_level': '6', 'reservoir': '1', 'b:a': '196k', 'abr': 'True'}",269.1962890625,-2.619,-0.736,0.8009914130088873,2.0921265906868878
"{'ar': '44100', 'sample_fmt': 's32p', 'compression_level': '5', 'reservoir': '1', 'b:a': '196k', 'abr': 'True'}",269.1962890625,-2.619,-0.736,0.8838024330034386,2.0860057889393984
"{'ar': '44100', 'sample_fmt': 'fltp', 'compression_level': '5', 'reservoir': '1', 'b:a': '143k', 'abr': 'True'}",191.4599609375,-2.772,-0.907,0.9146661589911673,1.7973417923388695
"{'ar': '44100', 'sample_fmt': 's32p', 'compression_level': '9', 'reservoir': '1', 'b:a': '193k', 'abr': 'True'}",263.8056640625,-2.63,-0.747,0.6701113999879453,2.081302581412989
"{'ar': '44100', 'sample_fmt': 'fltp', 'compression_level': '7', 'reservoir': '0', 'b:a': '108k', 'abr': 'True'}",151.8876953125,-3.236,-1.536,0.6978430820163339,0.5969973807362509
"{'ar': '44100', 'sample_fmt': 's32p', 'compression_level': '6', 'reservoir': '1', 'b:a': '101k', 'abr': 'True'}",134.466796875,-3.21,-1.494,0.708871203038143,0.6978078084346228
"{'ar': '44100', 'sample_fmt': 's32p', 'compression_level': '5', 'reservoir': '1', 'b:a': '145k', 'abr': 'True'}",197.703125,-2.722,-0.85,0.8168423449678812,1.9290882582769187
"{'ar': '44100', 'sample_fmt': 's32p', 'compression_level': '5', 'reservoir': '1', 'b:a': '105k', 'abr': 'True'}",139.5458984375,-3.13,-1.371,0.7014430200215429,0.9154487155148554
"{'ar': '44100', 'sample_fmt': 's32p', 'compression_level': '5', 'reservoir': '1', 'b:a': '169k'}",223.037109375,-2.652,-0.771,0.6428657780052163,2.089539689638992
"{'ar': '44100', 'sample_fmt': 's32p', 'compression_level': '9', 'reservoir': '1', 'b:a': '194k', 'abr': 'True'}",265.4287109375,-2.623,-0.74,0.5277296729909722,2.107754361493231
"{'ar': '44100', 'sample_fmt': 's32p', 'compression_level': '5', 'reservoir': '1', 'b:a': '195k'}",267.6279296875,-2.616,-0.732,0.6274820490216371,2.1157053917784316
"{'ar': '32000', 'sample_fmt': 'fltp', 'compression_level': '7', 'reservoir': '0', 'b:a': '126k'}",178.953125,-3.286,-1.619,0.5001617869711481,0.42574128840491665
"{'ar': '44100', 'sample_fmt': 'fltp', 'compression_level': '5', 'reservoir': '1', 'b:a': '242k', 'abr': 'True'}",337.134765625,-2.596,-0.71,0.8038090170011856,2.045301799782355
"{'ar': '8000', 'sample_fmt': 's32p', 'compression_level': '9', 'reservoir': '1', 'b:a': '142k', 'abr': 'True'}",90.078125,-3.858,-3.51,0.5069937000225764,-1.3622052792198813
"{'ar': '44100', 'sample_fmt': 's32p', 'compression_level': '5', 'reservoir': '1', 'b:a': '195k'}",267.6279296875,-2.616,-0.732,0.600419647002127,2.1177056521010695
"{'ar': '32000', 'sample_fmt': 's16p', 'compression_level': '7', 'reservoir': '1', 'b:a': '195k', 'abr': 'True'}",271.2734375,-3.18,-1.447,0.5188813570130151,0.5782776726945555
"{'ar': '32000', 'sample_fmt': 'fltp', 'compression_level': '7', 'reservoir': '0', 'b:a': '167k'}",223.671875,-3.202,-1.481,0.48400671099079773,0.5948272687735473
"{'ar': '44100', 'sample_fmt': 'fltp', 'compression_level': '5', 'reservoir': '1', 'b:a': '104k', 'abr': 'True'}",138.3779296875,-3.17,-1.431,0.5962451369850896,0.8129628633938137
"{'ar': '44100', 'sample_fmt': 's32p', 'compression_level': '5', 'reservoir': '1', 'b:a': '104k', 'abr': 'True'}",138.3779296875,-3.169,-1.431,0.5846280120022129,0.8161514565030477
"{'ar': '44100', 'sample_fmt': 's32p', 'compression_level': '9', 'reservoir': '1', 'b:a': '143k'}",178.4443359375,-2.916,-1.081,0.5103551180218346,1.4575933500531593
"{'ar': '44100', 'sample_fmt': 's32p', 'compression_level': '7', 'reservoir': '1', 'b:a': '106k', 'abr': 'True'}",138.0224609375,-3.264,-1.582,0.5091673769929912,0.5533178647568802
"{'ar': '32000', 'sample_fmt': 's16p', 'compression_level': '7', 'reservoir': '1', 'b:a': '195k'}",268.390625,-3.178,-1.444,0.4854266420006752,0.5909566601148649
"{'ar': '32000', 'sample_fmt': 'fltp', 'compression_level': '7', 'reservoir': '1', 'b:a': '32k'}",44.8671875,-3.434,-1.9,0.513656847004313,0.20522540166832728
"{'ar': '44100', 'sample_fmt': 's32p', 'compression_level': '6', 'reservoir': '1', 'b:a': '101k', 'abr': 'True'}",134.466796875,-3.21,-1.494,0.744773915008409,0.6951541352618775
"{'ar': '44100', 'sample_fmt': 'fltp', 'compression_level': '9', 'reservoir': '1', 'b:a': '209k'}",312.220703125,-2.6,-0.715,0.8308824590058066,2.072158167828
"{'ar': '32000', 'sample_fmt': 'fltp', 'compression_level': '9', 'reservoir': '1', 'b:a': '32k'}",44.8671875,-3.434,-1.9,0.8188395650067832,0.18266846523914249
"{'ar': '44100', 'sample_fmt': 'fltp', 'compression_level': '7', 'reservoir': '0', 'b:a': '267k'}",356.8115234375,-2.606,-0.721,0.9636320529971272,1.975321890533591
"{'ar': '44100', 'sample_fmt': 's16p', 'compression_level': '0', 'reservoir': '1', 'b:a': '194k', 'abr': 'True'}",261.8662109375,-2.619,-0.735,1.088258517003851,2.082905653692769
"{'ar': '12000', 'sample_fmt': 'fltp', 'compression_level': '7', 'reservoir': '0', 'b:a': '141k', 'abr': 'True'}",90.546875,-3.74,-2.804,0.7352234430145472,-0.8821760655991308
"{'ar': '44100', 'sample_fmt': 's32p', 'compression_level': '2', 'reservoir': '1', 'b:a': '169k', 'abr': 'True'}",222.9072265625,-2.665,-0.786,1.5988513840420637,1.9840662128358895
"{'ar': '44100', 'sample_fmt': 's32p', 'compression_level': '7', 'reservoir': '1', 'b:a': '105k'}",156.1484375,-3.068,-1.283,0.6021866099908948,1.0685094454282538
"{'ar': '44100', 'sample_fmt': 's32p', 'compression_level': '5', 'reservoir': '1', 'b:a': '107k'}",156.1484375,-2.963,-1.14,0.7793403189862147,1.3451695282707978
"{'ar': '44100', 'sample_fmt': 's32p', 'compression_level': '5', 'reservoir': '1', 'b:a': '113k', 'abr': 'True'}",150.5673828125,-2.991,-1.178,0.7772472019714769,1.2770040490714354
"{'ar': '44100', 'sample_fmt': 's32p', 'compression_level': '7', 'reservoir': '1', 'b:a': '105k', 'abr': 'True'}",136.6513671875,-3.279,-1.608,0.719991577003384,0.49677205860881485
"{'ar': '44100', 'sample_fmt': 'fltp', 'compression_level': '7', 'reservoir': '0', 'b:a': '107k'}",156.1484375,-3.098,-1.324,0.9205534030043054,0.962146106061661
"{'ar': '44100', 'sample_fmt': 's32p', 'compression_level': '5', 'reservoir': '1', 'b:a': '104k', 'abr': 'True'}",138.3779296875,-3.169,-1.431,0.7398894589859992,0.8046756343711792
"{'ar': '44100', 'sample_fmt': 's32p', 'compression_level': '7', 'reservoir': '1', 'b:a': '106k', 'abr': 'True'}",138.0224609375,-3.264,-1.582,0.7363196240330581,0.5365283858841355
"{'ar': '44100', 'sample_fmt': 's32p', 'compression_level': '5', 'reservoir': '1', 'b:a': '169k', 'abr': 'True'}",229.1376953125,-2.65,-0.769,0.7080509219958913,2.080277970738827
"{'ar': '44100', 'sample_fmt': 'fltp', 'compression_level': '7', 'reservoir': '0', 'b:a': '108k', 'abr': 'True'}",151.8876953125,-3.236,-1.536,0.5836794240458403,0.6054355465413761
"{'ar': '44100', 'sample_fmt': 's32p', 'compression_level': '5', 'reservoir': '1', 'b:a': '110k'}",156.1484375,-2.963,-1.14,0.8932253099628724,1.3367519595483186
"{'ar': '44100', 'sample_fmt': 'fltp', 'compression_level': '7', 'reservoir': '1', 'b:a': '104k', 'abr': 'True'}",135.4326171875,-3.291,-1.628,0.5713624839845579,0.47543395832214586
"{'ar': '44100', 'sample_fmt': 's32p', 'compression_level': '6', 'reservoir': '1', 'b:a': '245k'}",356.8115234375,-2.592,-0.706,0.9076874619931914,2.016807922738629
"{'ar': '44100', 'sample_fmt': 'fltp', 'compression_level': '0', 'reservoir': '1', 'b:a': '32k', 'abr': 'True'}",48.244140625,-3.132,-1.375,1.297183872986352,1.011181062064475
"{'ar': '32000', 'sample_fmt': 's32p', 'compression_level': '7', 'reservoir': '1', 'b:a': '211k'}",313.109375,-3.175,-1.439,0.851199530006852,0.5011323080560288
"{'ar': '44100', 'sample_fmt': 's32p', 'compression_level': '5', 'reservoir': '1', 'b:a': '195k', 'abr': 'True'}",268.076171875,-2.618,-0.735,1.2900998659897596,2.0604078993803854
"{'ar': '12000', 'sample_fmt': 'fltp', 'compression_level': '7', 'reservoir': '0', 'b:a': '110k'}",90.359375,-3.74,-2.803,0.605710645992076,-0.8719887550572899
"{'ar': '44100', 'sample_fmt': 'fltp', 'compression_level': '5', 'reservoir': '1', 'b:a': '242k', 'abr': 'True'}",337.134765625,-2.596,-0.71,0.7205500669952016,2.0514557093311594
"{'ar': '44100', 'sample_fmt': 's32p', 'compression_level': '9', 'reservoir': '1', 'b:a': '197k', 'abr': 'True'}",269.39453125,-2.617,-0.733,0.7654199849930592,2.1000457005628057
"{'ar': '44100', 'sample_fmt': 's32p', 'compression_level': '9', 'reservoir': '1', 'b:a': '105k', 'abr': 'True'}",136.6513671875,-3.279,-1.608,0.9748372810136061,0.4779356763187702
"{'ar': '44100', 'sample_fmt': 's32p', 'compression_level': '5', 'reservoir': '1', 'b:a': '128k', 'abr': 'True'}",172.0185546875,-2.859,-1.011,0.8477530809759628,1.5977972288184317
"{'ar': '44100', 'sample_fmt': 's32p', 'compression_level': '5', 'reservoir': '1', 'b:a': '170k'}",223.037109375,-2.652,-0.771,1.1965054319880437,2.0486185832234396
"{'ar': '44100', 'sample_fmt': 's16p', 'compression_level': '9', 'reservoir': '1', 'b:a': '169k', 'abr': 'True'}",228.224609375,-2.678,-0.8,0.8404938910098281,1.9969282370521582
"{'ar': '44100', 'sample_fmt': 's32p', 'compression_level': '5', 'reservoir': '1', 'b:a': '107k'}",156.1484375,-2.963,-1.14,1.1699841659865342,1.316295912880928
"{'ar': '44100', 'sample_fmt': 's32p', 'compression_level': '2', 'reservoir': '1', 'b:a': '271k', 'abr': 'True'}",351.8759765625,-2.585,-0.698,1.051917742996011,2.032856155550169
"{'ar': '44100', 'sample_fmt': 's32p', 'compression_level': '9', 'reservoir': '1', 'b:a': '144k'}",178.4443359375,-2.918,-1.084,0.7060361619805917,1.4375237478278737
"{'ar': '44100', 'sample_fmt': 's32p', 'compression_level': '5', 'reservoir': '1', 'b:a': '110k', 'abr': 'True'}",146.65625,-3.064,-1.277,0.726023956987774,1.08571511875711
"{'ar': '32000', 'sample_fmt': 'fltp', 'compression_level': '7', 'reservoir': '1', 'b:a': '168k'}",223.671875,-3.202,-1.481,0.6499182240222581,0.5825642694896553
"{'ar': '44100', 'sample_fmt': 's32p', 'compression_level': '7', 'reservoir': '1', 'b:a': '106k', 'abr': 'True'}",138.0224609375,-3.264,-1.582,0.6396628429938573,0.5436725678339576
"{'ar': '32000', 'sample_fmt': 's16p', 'compression_level': '7', 'reservoir': '1', 'b:a': '195k', 'abr': 'True'}",271.2734375,-3.18,-1.447,0.5822081649967004,0.5735970053510672
"{'ar': '44100', 'sample_fmt': 's16p', 'compression_level': '7', 'reservoir': '1', 'b:a': '169k', 'abr': 'True'}",228.224609375,-2.678,-0.8,0.7697874729929026,2.002154352694559
"{'ar': '44100', 'sample_fmt': 's32p', 'compression_level': '6', 'reservoir': '1', 'b:a': '245k', 'abr': 'True'}",340.6884765625,-2.589,-0.702,0.8957424740074202,2.0516694337187498
"{'ar': '44100', 'sample_fmt': 's32p', 'compression_level': '5', 'reservoir': '1', 'b:a': '169k', 'abr': 'True'}",229.1376953125,-2.65,-0.769,0.8992362480203155,2.0661469109148856
"{'ar': '44100', 'sample_fmt': 's16p', 'compression_level': '7', 'reservoir': '1', 'b:a': '193k', 'abr': 'True'}",263.8017578125,-2.627,-0.744,0.7716349480033386,2.081741104456577
"{'ar': '44100', 'sample_fmt': 'fltp', 'compression_level': '7', 'reservoir': '1', 'b:a': '32k'}",44.771484375,-3.286,-1.619,0.6910978530358989,0.6257375470056339
"{'ar': '44100', 'sample_fmt': 's32p', 'compression_level': '5', 'reservoir': '1', 'b:a': '195k'}",267.6279296875,-2.616,-0.732,0.676661780977156,2.112070375698275
"{'ar': '44100', 'sample_fmt': 's32p', 'compression_level': '7', 'reservoir': '1', 'b:a': '105k', 'abr': 'True'}",136.6513671875,-3.279,-1.608,0.6243286799872294,0.5038427797189388
"{'ar': '44100', 'sample_fmt': 'fltp', 'compression_level': '0', 'reservoir': '1', 'b:a': '169k', 'abr': 'True'}",222.654296875,-2.693,-0.816,3.6965362270129845,1.7547218446635107
"{'ar': '44100', 'sample_fmt': 'fltp', 'compression_level': '2', 'reservoir': '1', 'b:a': '196k'}",267.6279296875,-2.626,-0.742,1.308289527980378,2.03893098154597
"{'ar': '32000', 'sample_fmt': 'fltp', 'compression_level': '7', 'reservoir': '1', 'b:a': '32k'}",44.8671875,-3.434,-1.9,0.8558507459820248,0.17993286191962285
"{'ar': '44100', 'sample_fmt': 's32p', 'compression_level': '5', 'reservoir': '1', 'b:a': '104k', 'abr': 'True'}",138.3779296875,-3.169,-1.431,0.8770238799625076,0.7945396331045703
"{'ar': '8000', 'sample_fmt': 's32p', 'compression_level': '5', 'reservoir': '1', 'aq': '9'}",36.359375,-3.85,-3.441,0.6864536939829122,-1.2493464448712848
"{'ar': '44100', 'sample_fmt': 's32p', 'compression_level': '0', 'reservoir': '1', 'b:a': '167k', 'abr': 'True'}",220.8173828125,-2.696,-0.82,1.7729641739861108,1.8915780643466662
"{'ar': '44100', 'sample_fmt': 's32p', 'compression_level': '2', 'reservoir': '1', 'b:a': '145k', 'abr': 'True'}",193.5576171875,-2.8,-0.939,1.0546254640212283,1.7083169113820393
"{'ar': '44100', 'sample_fmt': 's32p', 'compression_level': '0', 'reservoir': '1', 'b:a': '105k', 'abr': 'True'}",138.4296875,-3.301,-1.646,1.613257752993377,0.3646645199726408
"{'ar': '44100', 'sample_fmt': 's32p', 'compression_level': '7', 'reservoir': '1', 'b:a': '267k'}",356.8115234375,-2.604,-0.719,0.7903887090214994,1.9934175991171668
"{'ar': '44100', 'sample_fmt': 's32p', 'compression_level': '0', 'reservoir': '1', 'b:a': '191k', 'abr': 'True'}",258.5087890625,-2.628,-0.745,1.288195414992515,2.0493610345383653
"{'ar': '16000', 'sample_fmt': 'fltp', 'compression_level': '0', 'reservoir': '1', 'b:a': '32k', 'abr': 'True'}",43.91796875,-3.277,-1.605,1.295389064005576,0.6078204205967863
"{'ar': '44100', 'sample_fmt': 's32p', 'compression_level': '2', 'reservoir': '1', 'b:a': '271k', 'abr': 'True'}",351.8759765625,-2.585,-0.698,1.6985194369917735,1.9850639561689851
"{'ar': '32000', 'sample_fmt': 's32p', 'compression_level': '9', 'reservoir': '1', 'b:a': '125k'}",178.953125,-3.299,-1.642,0.7698402559908573,0.3682638383205797
"{'ar': '44100', 'sample_fmt': 's32p', 'compression_level': '2', 'reservoir': '1', 'b:a': '196k', 'abr': 'True'}",263.5966796875,-2.618,-0.734,1.3814324449922424,2.0611204701367773
"{'ar': '44100', 'sample_fmt': 's32p', 'compression_level': '9', 'reservoir': '1', 'b:a': '195k'}",267.6279296875,-2.63,-0.747,0.8025020269851666,2.0654181536875926
"{'ar': '32000', 'sample_fmt': 'fltp', 'compression_level': '7', 'reservoir': '0', 'b:a': '210k'}",313.109375,-3.178,-1.444,0.6545722830342129,0.5070984904264817
"{'ar': '32000', 'sample_fmt': 'fltp', 'compression_level': '9', 'reservoir': '1', 'b:a': '168k'}",223.671875,-3.202,-1.481,0.7518959090230055,0.5750268041547452
"{'ar': '44100', 'sample_fmt': 's32p', 'compression_level': '9', 'reservoir': '1', 'b:a': '198k', 'abr': 'True'}",271.0263671875,-2.616,-0.732,0.6343218920228537,2.1097770727813385
"{'ar': '44100', 'sample_fmt': 's32p', 'compression_level': '5', 'reservoir': '1', 'b:a': '85k', 'abr': 'True'}",114.3154296875,-3.418,-1.867,0.752137733012205,0.12447162113040436
"{'ar': '44100', 'sample_fmt': 'fltp', 'compression_level': '9', 'reservoir': '1', 'b:a': '110k', 'abr': 'True'}",143.609375,-3.215,-1.502,0.7805956969968975,0.6637445990705748
"{'ar': '44100', 'sample_fmt': 's32p', 'compression_level': '2', 'reservoir': '1', 'b:a': '271k', 'abr': 'True'}",351.8759765625,-2.585,-0.698,0.9702292359725107,2.038893989120775
"{'ar': '8000', 'sample_fmt': 's16p', 'compression_level': '9', 'reservoir': '1', 'b:a': '109k', 'abr': 'True'}",89.796875,-3.858,-3.51,0.5729242119996343,-1.3666296131773912
"{'ar': '32000', 'sample_fmt': 's16p', 'compression_level': '7', 'reservoir': '1', 'b:a': '248k', 'abr': 'True'}",343.625,-3.17,-1.431,1.8341069059970323,0.3939634377256139
"{'ar': '12000', 'sample_fmt': 'fltp', 'compression_level': '7', 'reservoir': '0', 'b:a': '108k'}",90.359375,-3.74,-2.803,0.6742113979707938,-0.8770518435501409
"{'ar': '44100', 'sample_fmt': 'fltp', 'compression_level': '7', 'reservoir': '1', 'b:a': '126k'}",178.4443359375,-2.916,-1.081,0.7977717210014816,1.4363495585156199
"{'ar': '16000', 'sample_fmt': 's32p', 'compression_level': '9', 'reservoir': '1', 'b:a': '143k', 'abr': 'True'}",198.81640625,-3.765,-2.921,0.9830164509767201,-1.1684101015295947
"{'ar': '44100', 'sample_fmt': 's32p', 'compression_level': '7', 'reservoir': '1', 'b:a': '105k', 'abr': 'True'}",136.6513671875,-3.279,-1.608,1.0582725860003848,0.4717687318638054
"{'ar': '44100', 'sample_fmt': 'fltp', 'compression_level': '5', 'reservoir': '1', 'b:a': '242k', 'abr': 'True'}",337.134765625,-2.596,-0.71,0.7678621509985533,2.047958736507203
"{'ar': '44100', 'sample_fmt': 's32p', 'compression_level': '5', 'reservoir': '1', 'b:a': '107k', 'abr': 'True'}",142.1865234375,-3.107,-1.339,0.7359016099944711,0.9723714690428568
"{'ar': '8000', 'sample_fmt': 'fltp', 'compression_level': '9', 'reservoir': '1', 'b:a': '208k'}",91.484375,-3.858,-3.511,0.995169119007187,-1.4008470966482587
"{'ar': '44100', 'sample_fmt': 's32p', 'compression_level': '7', 'reservoir': '1', 'b:a': '267k'}",356.8115234375,-2.604,-0.719,1.3059196510002948,1.9553132177104866
"{'ar': '32000', 'sample_fmt': 's32p', 'compression_level': '9', 'reservoir': '1', 'b:a': '32k'}",44.8671875,-3.434,-1.9,0.8470034760248382,0.1805867892039145
"{'ar': '32000', 'sample_fmt': 's16p', 'compression_level': '9', 'reservoir': '1', 'b:a': '254k', 'abr': 'True'}",352.0625,-3.172,-1.435,0.6363124290073756,0.46311075878545616
"{'ar': '44100', 'sample_fmt': 'fltp', 'compression_level': '7', 'reservoir': '1', 'b:a': '113k', 'abr': 'True'}",147.62109375,-3.164,-1.423,0.8490111679711845,0.7960345002818464
"{'ar': '44100', 'sample_fmt': 'fltp', 'compression_level': '7', 'reservoir': '1', 'b:a': '127k'}",178.4443359375,-2.916,-1.081,0.7332907780073583,1.4411155313122859
"{'ar': '32000', 'sample_fmt': 'fltp', 'compression_level': '7', 'reservoir': '0', 'b:a': '168k'}",223.671875,-3.202,-1.481,0.5024182819761336,0.5934664163668449
"{'ar': '44100', 'sample_fmt': 'fltp', 'compression_level': '5', 'reservoir': '1', 'b:a': '74k', 'abr': 'True'}",100.109375,-3.476,-1.992,0.9438486800063401,-0.04159888579244772
"{'ar': '44100', 'sample_fmt': 'fltp', 'compression_level': '2', 'reservoir': '1', 'b:a': '169k', 'abr': 'True'}",222.90625,-2.666,-0.786,1.0484584030054975,2.0224189687025738
"{'ar': '44100', 'sample_fmt': 'fltp', 'compression_level': '7', 'reservoir': '1', 'b:a': '114k', 'abr': 'True'}",149.4501953125,-3.139,-1.384,0.6242766130308155,0.8802779717782468
"{'ar': '44100', 'sample_fmt': 's32p', 'compression_level': '1', 'reservoir': '1', 'b:a': '191k', 'abr': 'True'}",259.9345703125,-2.627,-0.743,1.0392754029890057,2.0684452177871244
"{'ar': '32000', 'sample_fmt': 's32p', 'compression_level': '5', 'reservoir': '1', 'b:a': '107k', 'abr': 'True'}",144.921875,-3.362,-1.758,0.6761979440052528,0.24610841420181911
"{'ar': '44100', 'sample_fmt': 's32p', 'compression_level': '2', 'reservoir': '1', 'b:a': '169k', 'abr': 'True'}",222.9072265625,-2.665,-0.786,0.9399770259915385,2.032765520275852
"{'ar': '44100', 'sample_fmt': 'fltp', 'compression_level': '7', 'reservoir': '1', 'b:a': '113k', 'abr': 'True'}",147.62109375,-3.164,-1.423,0.5776735830295365,0.816089845140292
"{'ar': '44100', 'sample_fmt': 'fltp', 'compression_level': '7', 'reservoir': '1', 'b:a': '32k'}",44.771484375,-3.286,-1.619,0.573720409971429,0.634413252952404
"{'ar': '44100', 'sample_fmt': 's32p', 'compression_level': '5', 'reservoir': '1', 'b:a': '144k', 'abr': 'True'}",196.4228515625,-2.716,-0.843,0.6799451500119176,1.9574374483771466
"{'ar': '44100', 'sample_fmt': 's32p', 'compression_level': '7', 'reservoir': '1', 'b:a': '267k', 'abr': 'True'}",367.890625,-2.601,-0.716,0.5938128950365353,1.9982047439730717
"{'ar': '32000', 'sample_fmt': 's16p', 'compression_level': '0', 'reservoir': '1', 'b:a': '196k', 'abr': 'True'}",249.0546875,-3.193,-1.466,1.1899460679851472,0.527848112400243
"{'ar': '44100', 'sample_fmt': 'fltp', 'compression_level': '2', 'reservoir': '1', 'b:a': '271k', 'abr': 'True'}",351.978515625,-2.585,-0.698,1.7347764400183223,1.9822204783677415
"{'ar': '44100', 'sample_fmt': 's32p', 'compression_level': '7', 'reservoir': '1', 'b:a': '145k', 'abr': 'True'}",193.97265625,-2.802,-0.942,0.7947895389806945,1.721253621283934
"{'ar': '44100', 'sample_fmt': 's32p', 'compression_level': '9', 'reservoir': '1', 'b:a': '128k', 'abr': 'True'}",169.32421875,-2.937,-1.108,0.6490610439796001,1.404447770915037
"{'ar': '32000', 'sample_fmt': 's16p', 'compression_level': '0', 'reservoir': '1', 'b:a': '195k', 'abr': 'True'}",248.6328125,-3.191,-1.464,0.9953907310264185,0.5481922229665731
"{'ar': '44100', 'sample_fmt': 'fltp', 'compression_level': '9', 'reservoir': '1', 'b:a': '209k'}",312.220703125,-2.6,-0.715,0.5985936189827044,2.089327307128895
"{'ar': '32000', 'sample_fmt': 's32p', 'compression_level': '5', 'reservoir': '1', 'b:a': '32k', 'abr': 'True'}",46.765625,-3.435,-1.903,0.6800061649992131,0.18662446036424596
"{'ar': '44100', 'sample_fmt': 's32p', 'compression_level': '9', 'reservoir': '1', 'b:a': '128k', 'abr': 'True'}",169.32421875,-2.937,-1.108,0.9026711079932284,1.3857027183471828
"{'ar': '44100', 'sample_fmt': 's32p', 'compression_level': '0', 'reservoir': '1', 'b:a': '167k', 'abr': 'True'}",220.8173828125,-2.696,-0.82,1.679355974018108,1.8984969168614785
"{'ar': '44100', 'sample_fmt': 'fltp', 'compression_level': '5', 'reservoir': '1', 'b:a': '242k', 'abr': 'True'}",337.134765625,-2.596,-0.71,0.8110694119823165,2.0447651630123826
"{'ar': '44100', 'sample_fmt': 's16p', 'compression_level': '2', 'reservoir': '1', 'b:a': '195k'}",267.6279296875,-2.624,-0.741,1.2467089430138003,2.0484579145839343
"{'ar': '44100', 'sample_fmt': 's32p', 'compression_level': '5', 'reservoir': '1', 'b:a': '111k', 'abr': 'True'}",147.9248046875,-3.03,-1.23,0.7798893099825364,1.1737540187317403
"{'ar': '44100', 'sample_fmt': 's32p', 'compression_level': '5', 'reservoir': '1', 'b:a': '169k'}",223.037109375,-2.652,-0.771,1.1782216879946645,2.0499699875678457
"{'ar': '44100', 'sample_fmt': 's32p', 'compression_level': '2', 'reservoir': '1', 'b:a': '271k', 'abr': 'True'}",351.8759765625,-2.585,-0.698,1.2554269040119834,2.0178142054756667
"{'ar': '44100', 'sample_fmt': 'fltp', 'compression_level': '7', 'reservoir': '0', 'b:a': '144k'}",178.4443359375,-2.892,-1.051,0.7711926469637547,1.5036963550164693
"{'ar': '16000', 'sample_fmt': 's32p', 'compression_level': '0', 'reservoir': '1', 'b:a': '86k', 'abr': 'True'}",87.16015625,-3.815,-3.194,1.1601087470189668,-1.2059506158280322
"{'ar': '44100', 'sample_fmt': 'fltp', 'compression_level': '9', 'reservoir': '1', 'b:a': '105k'}",156.1484375,-3.068,-1.283,0.7965238640026655,1.0541454175001377
"{'ar': '44100', 'sample_fmt': 'fltp', 'compression_level': '7', 'reservoir': '0', 'b:a': '108k'}",156.1484375,-3.098,-1.324,0.857357114990009,0.9668171262971101
"{'ar': '44100', 'sample_fmt': 's32p', 'compression_level': '2', 'reservoir': '1', 'b:a': '196k', 'abr': 'True'}",263.5966796875,-2.618,-0.734,0.9519748309685383,2.0928629231890623
"{'ar': '44100', 'sample_fmt': 'fltp', 'compression_level': '9', 'reservoir': '1', 'b:a': '194k', 'abr': 'True'}",265.4287109375,-2.623,-0.74,0.8469442999921739,2.0841602861286037
"{'ar': '12000', 'sample_fmt': 'fltp', 'compression_level': '7', 'reservoir': '0', 'b:a': '108k'}",90.359375,-3.74,-2.803,0.8129705989849754,-0.8873079370036897
"{'ar': '44100', 'sample_fmt': 'fltp', 'compression_level': '5', 'reservoir': '1', 'b:a': '242k'}",356.8115234375,-2.593,-0.707,1.1716845339688007,1.9946497401562542
"{'ar': '8000', 'sample_fmt': 'fltp', 'compression_level': '1', 'reservoir': '1', 'aq': '9'}",35.8671875,-3.85,-3.441,0.6472202599979937,-1.2456612222373027
"{'ar': '44100', 'sample_fmt': 's16p', 'compression_level': '2', 'reservoir': '1', 'aq': '9'}",103.81640625,-3.341,-1.719,1.1565551510138903,0.33742593933383846
"{'ar': '44100', 'sample_fmt': 'fltp', 'compression_level': '0', 'reservoir': '1', 'b:a': '114k', 'abr': 'True'}",150.921875,-3.129,-1.369,2.054888771031983,0.800220241127259
"{'ar': '44100', 'sample_fmt': 'fltp', 'compression_level': '9', 'reservoir': '1', 'b:a': '142k', 'abr': 'True'}",189.2998046875,-2.81,-0.951,0.8334128290007357,1.7043765378072842
"{'ar': '44100', 'sample_fmt': 'fltp', 'compression_level': '2', 'reservoir': '1', 'b:a': '169k', 'abr': 'True'}",222.90625,-2.666,-0.786,1.7178550960088614,1.9729419250848508
"{'ar': '44100', 'sample_fmt': 's32p', 'compression_level': '5', 'reservoir': '1', 'b:a': '143k', 'abr': 'True'}",191.4091796875,-2.771,-0.906,0.8472480240161531,1.8050512875700384
"{'ar': '44100', 'sample_fmt': 's32p', 'compression_level': '7', 'reservoir': '1', 'b:a': '103k'}",133.853515625,-3.284,-1.617,0.6804796800133772,0.4896681149272379
"{'ar': '44100', 'sample_fmt': 's16p', 'compression_level': '9', 'reservoir': '1', 'b:a': '128k', 'abr': 'True'}",169.376953125,-2.945,-1.117,0.7533909789926838,1.375173669236213
"{'ar': '44100', 'sample_fmt': 'fltp', 'compression_level': '5', 'reservoir': '1', 'b:a': '243k', 'abr': 'True'}",338.150390625,-2.592,-0.707,0.7218071599781979,2.0600083236641185
"{'ar': '44100', 'sample_fmt': 's32p', 'compression_level': '9', 'reservoir': '1', 'b:a': '194k', 'abr': 'True'}",265.4287109375,-2.623,-0.74,0.6906048709643073,2.095715785027883
"{'ar': '44100', 'sample_fmt': 's32p', 'compression_level': '0', 'reservoir': '1', 'b:a': '167k', 'abr': 'True'}",220.8173828125,-2.696,-0.82,1.5360194769746158,1.909091331489393
"{'ar': '32000', 'sample_fmt': 'fltp', 'compression_level': '5', 'reservoir': '1', 'b:a': '165k'}",223.671875,-3.192,-1.466,0.718398413999239,0.6055339552921377
"{'ar': '44100', 'sample_fmt': 's32p', 'compression_level': '0', 'reservoir': '1', 'b:a': '169k', 'abr': 'True'}",222.654296875,-2.692,-0.816,1.8962257940147538,1.8901179281060732
"{'ar': '44100', 'sample_fmt': 's32p', 'compression_level': '5', 'reservoir': '1', 'b:a': '195k'}",267.6279296875,-2.616,-0.732,0.8589449659921229,2.098597298836633
"{'ar': '44100', 'sample_fmt': 's32p', 'compression_level': '5', 'reservoir': '1', 'b:a': '105k'}",156.1484375,-2.963,-1.14,0.7431888839928433,1.3478415852807977
"{'ar': '44100', 'sample_fmt': 's32p', 'compression_level': '0', 'reservoir': '1', 'b:a': '169k', 'abr': 'True'}",222.654296875,-2.692,-0.816,1.6468263489950914,1.9085517616586565
"{'ar': '44100', 'sample_fmt': 's32p', 'compression_level': '5', 'reservoir': '1', 'b:a': '169k'}",223.037109375,-2.652,-0.771,0.7063523319957312,2.0848472150065964
"{'ar': '12000', 'sample_fmt': 'fltp', 'compression_level': '7', 'reservoir': '0', 'b:a': '108k'}",90.359375,-3.74,-2.803,0.62666832699324,-0.8735377978115476
"{'ar': '44100', 'sample_fmt': 's32p', 'compression_level': '5', 'reservoir': '1', 'b:a': '74k', 'abr': 'True'}",100.1337890625,-3.473,-1.986,0.6162047409743536,-0.008538168314803947
"{'ar': '44100', 'sample_fmt': 's32p', 'compression_level': '5', 'reservoir': '1', 'b:a': '142k'}",178.4443359375,-2.832,-0.978,0.7774935970082879,1.6660553676415126
"{'ar': '44100', 'sample_fmt': 's32p', 'compression_level': '7', 'reservoir': '1', 'b:a': '143k', 'abr': 'True'}",190.841796875,-2.805,-0.945,0.7477543090062682,1.7217897437850485
"{'ar': '16000', 'sample_fmt': 'fltp', 'compression_level': '0', 'reservoir': '1', 'b:a': '32k', 'abr': 'True'}",43.91796875,-3.277,-1.605,0.7488680009846576,0.6482153713871308
"{'ar': '44100', 'sample_fmt': 'fltp', 'compression_level': '9', 'reservoir': '1', 'b:a': '209k', 'abr': 'True'}",286.587890625,-2.611,-0.727,0.6594241500133649,2.096317701409808
"{'ar': '44100', 'sample_fmt': 's32p', 'compression_level': '2', 'reservoir': '1', 'b:a': '169k', 'abr': 'True'}",222.9072265625,-2.665,-0.786,0.8639005499717314,2.038388552420553
"{'ar': '44100', 'sample_fmt': 'fltp', 'compression_level': '5', 'reservoir': '1', 'b:a': '169k'}",223.037109375,-2.652,-0.771,0.8930403309932444,2.071048565617005
"{'ar': '12000', 'sample_fmt': 's32p', 'compression_level': '7', 'reservoir': '0', 'b:a': '195k'}",90.640625,-3.74,-2.803,0.49711428899900056,-0.8644108652234083
"{'ar': '44100', 'sample_fmt': 's32p', 'compression_level': '7', 'reservoir': '1', 'b:a': '32k', 'abr': 'True'}",48.16796875,-3.35,-1.734,0.7619725579861552,0.42968560433423086
"{'ar': '44100', 'sample_fmt': 's32p', 'compression_level': '7', 'reservoir': '1', 'b:a': '267k', 'abr': 'True'}",367.890625,-2.601,-0.716,0.92778685700614,1.9735197635178863
"{'ar': '32000', 'sample_fmt': 'fltp', 'compression_level': '7', 'reservoir': '0', 'b:a': '168k', 'abr': 'True'}",263.046875,-3.19,-1.463,0.6915121090132743,0.5502981567596876
"{'ar': '8000', 'sample_fmt': 'fltp', 'compression_level': '9', 'reservoir': '1', 'b:a': '128k', 'abr': 'True'}",89.9375,-3.858,-3.51,0.8442498859658372,-1.3869084679966361
"{'ar': '44100', 'sample_fmt': 's16p', 'compression_level': '7', 'reservoir': '1', 'b:a': '169k', 'abr': 'True'}",228.224609375,-2.678,-0.8,0.6774947680241894,2.0089759731732126
"{'ar': '44100', 'sample_fmt': 's32p', 'compression_level': '5', 'reservoir': '0', 'b:a': '169k'}",223.037109375,-2.67,-0.791,0.8014292560110334,2.029571755615598
"{'ar': '44100', 'sample_fmt': 's32p', 'compression_level': '5', 'reservoir': '1', 'b:a': '144k', 'abr': 'True'}",196.4228515625,-2.716,-0.843,0.6688401980209164,1.9582582474635095
"{'ar': '44100', 'sample_fmt': 's32p', 'compression_level': '0', 'reservoir': '1', 'b:a': '170k', 'abr': 'True'}",223.47265625,-2.678,-0.8,1.2867787720169872,1.9715245554966885
"{'ar': '32000', 'sample_fmt': 'fltp', 'compression_level': '7', 'reservoir': '0', 'b:a': '108k'}",156.59375,-3.396,-1.823,0.5150951520190574,0.1396689061690279
"{'ar': '44100', 'sample_fmt': 's32p', 'compression_level': '9', 'reservoir': '1', 'b:a': '101k', 'abr': 'True'}",131.775390625,-3.317,-1.674,0.5464210959908087,0.40802368480239337
"{'ar': '44100', 'sample_fmt': 's32p', 'compression_level': '2', 'reservoir': '1', 'b:a': '105k', 'abr': 'True'}",137.4638671875,-3.304,-1.652,0.7497640660149045,0.42114639453262476
"{'ar': '44100', 'sample_fmt': 's32p', 'compression_level': '7', 'reservoir': '1', 'b:a': '32k', 'abr': 'True'}",48.16796875,-3.35,-1.734,0.5300135659927037,0.4468303636142492
"{'ar': '16000', 'sample_fmt': 's32p', 'compression_level': '1', 'reservoir': '1', 'b:a': '86k', 'abr': 'True'}",96.125,-3.803,-3.121,0.7122850349987857,-1.1361678374320003
"{'ar': '44100', 'sample_fmt': 's32p', 'compression_level': '7', 'reservoir': '1', 'b:a': '107k'}",156.1484375,-3.068,-1.283,0.6690388040151447,1.0635682066168728
"{'ar': '32000', 'sample_fmt': 's16p', 'compression_level': '7', 'reservoir': '1', 'aq': '9'}",81.7109375,-3.514,-2.081,0.5948238220298663,-0.10305715074094607
"{'ar': '44100', 'sample_fmt': 's32p', 'compression_level': '7', 'reservoir': '1', 'b:a': '191k', 'abr': 'True'}",260.7529296875,-2.631,-0.749,0.6072361189872026,2.0878601606363887
"{'ar': '44100', 'sample_fmt': 's16p', 'compression_level': '7', 'reservoir': '1', 'b:a': '254k', 'abr': 'True'}",350.4443359375,-2.599,-0.714,0.6167916060367133,2.0296355395302155
"{'ar': '32000', 'sample_fmt': 'fltp', 'compression_level': '7', 'reservoir': '1', 'b:a': '105k', 'abr': 'True'}",140.4921875,-3.508,-2.066,0.5168900279968511,-0.17238049590686563
"{'ar': '44100', 'sample_fmt': 'fltp', 'compression_level': '8', 'reservoir': '1', 'b:a': '113k', 'abr': 'True'}",147.62109375,-3.164,-1.423,0.5741074860270601,0.8163534256730026
"{'ar': '8000', 'sample_fmt': 's16p', 'compression_level': '2', 'reservoir': '1', 'aq': '9'}",35.8671875,-3.85,-3.44,0.5440174239920452,-1.2377177440434746
"{'ar': '44100', 'sample_fmt': 's32p', 'compression_level': '5', 'reservoir': '1', 'b:a': '111k', 'abr': 'True'}",147.9248046875,-3.03,-1.23,0.6738173739868216,1.181594101986902
"{'ar': '44100', 'sample_fmt': 's32p', 'compression_level': '3', 'reservoir': '1', 'b:a': '169k', 'abr': 'True'}",227.51171875,-2.66,-0.78,1.018900688010035,2.0331272588060423
"{'ar': '44100', 'sample_fmt': 's32p', 'compression_level': '7', 'reservoir': '1', 'b:a': '101k', 'abr': 'True'}",131.775390625,-3.317,-1.674,0.7030048000160605,0.39645013083229175
"{'ar': '44100', 'sample_fmt': 's32p', 'compression_level': '9', 'reservoir': '1', 'b:a': '194k'}",267.6279296875,-2.63,-0.747,0.6534890700422693,2.076432131867244
"{'ar': '44100', 'sample_fmt': 's32p', 'compression_level': '0', 'reservoir': '1', 'b:a': '169k', 'abr': 'True'}",222.654296875,-2.692,-0.816,1.3810039139934815,1.9281994658505233
"{'ar': '44100', 'sample_fmt': 's32p', 'compression_level': '5', 'reservoir': '1', 'b:a': '105k', 'abr': 'True'}",139.5458984375,-3.13,-1.371,0.6262815199734177,0.9210041191419179
"{'ar': '44100', 'sample_fmt': 's16p', 'compression_level': '0', 'reservoir': '1', 'b:a': '194k', 'abr': 'True'}",261.8662109375,-2.619,-0.735,1.0319867549987976,2.0870648622043597
"{'ar': '44100', 'sample_fmt': 'fltp', 'compression_level': '5', 'reservoir': '1', 'b:a': '107k'}",156.1484375,-2.958,-1.135,0.6648974309791811,1.3668553140029052
"{'ar': '44100', 'sample_fmt': 'fltp', 'compression_level': '7', 'reservoir': '1', 'b:a': '113k'}",156.1484375,-3.068,-1.283,0.6058681010035798,1.0682373357908492
"{'ar': '32000', 'sample_fmt': 'fltp', 'compression_level': '7', 'reservoir': '1', 'b:a': '32k'}",44.8671875,-3.434,-1.9,0.5592867800150998,0.2018527614843443
"{'ar': '44100', 'sample_fmt': 's32p', 'compression_level': '0', 'reservoir': '1', 'b:a': '191k', 'abr': 'True'}",258.5087890625,-2.628,-0.745,1.2110154099937063,2.0550656316982483
"{'ar': '8000', 'sample_fmt': 's16p', 'compression_level': '2', 'reservoir': '1', 'aq': '9'}",35.8671875,-3.85,-3.44,0.4938753359892871,-1.2340115974474029
"{'ar': '44100', 'sample_fmt': 'fltp', 'compression_level': '2', 'reservoir': '1', 'b:a': '169k', 'abr': 'True'}",222.90625,-2.666,-0.786,0.88560757500818,2.0344557439125834
"{'ar': '44100', 'sample_fmt': 's32p', 'compression_level': '1', 'reservoir': '1', 'b:a': '191k', 'abr': 'True'}",259.9345703125,-2.627,-0.743,0.9471880189958028,2.0752516623992596
"{'ar': '44100', 'sample_fmt': 's32p', 'compression_level': '5', 'reservoir': '1', 'b:a': '142k', 'abr': 'True'}",190.177734375,-2.785,-0.922,0.6859363670228049,1.7812728076493733
"{'ar': '16000', 'sample_fmt': 's32p', 'compression_level': '8', 'reservoir': '0', 'aq': '9'}",66.69921875,-3.805,-3.135,0.63331506200484,-1.0924535542737823
"{'ar': '32000', 'sample_fmt': 's32p', 'compression_level': '2', 'reservoir': '1', 'b:a': '213k'}",313.109375,-3.175,-1.438,0.7463648940029088,0.5091963973023464
"{'ar': '44100', 'sample_fmt': 's16p', 'compression_level': '7', 'reservoir': '1', 'b:a': '168k', 'abr': 'True'}",226.796875,-2.686,-0.809,0.689226073998725,1.9889084352915836
"{'ar': '44100', 'sample_fmt': 'fltp', 'compression_level': '8', 'reservoir': '1', 'aq': '9'}",97.1474609375,-3.314,-1.668,0.7239952480013017,0.459035791965656
"{'ar': '44100', 'sample_fmt': 's32p', 'compression_level': '7', 'reservoir': '1', 'b:a': '32k', 'abr': 'True'}",48.16796875,-3.35,-1.734,0.7573571029934101,0.43002674594783385
"{'ar': '44100', 'sample_fmt': 's32p', 'compression_level': '5', 'reservoir': '1', 'b:a': '169k'}",223.037109375,-2.652,-0.771,0.868948357005138,2.0728292730216062
"{'ar': '32000', 'sample_fmt': 's32p', 'compression_level': '5', 'reservoir': '1', 'b:a': '195k', 'abr': 'True'}",261.9921875,-3.181,-1.449,0.7252355339878704,0.5748743467535355
"{'ar': '44100', 'sample_fmt': 'fltp', 'compression_level': '0', 'reservoir': '1', 'b:a': '32k', 'abr': 'True'}",48.244140625,-3.132,-1.375,0.982628009020118,1.0344307947929718
"{'ar': '32000', 'sample_fmt': 's16p', 'compression_level': '7', 'reservoir': '1', 'b:a': '195k', 'abr': 'True'}",271.2734375,-3.18,-1.447,0.505472260992974,0.5792687777232959
"{'ar': '44100', 'sample_fmt': 'fltp', 'compression_level': '7', 'reservoir': '1', 'b:a': '114k', 'abr': 'True'}",149.4501953125,-3.139,-1.384,0.5243710829818156,0.8876622781537509
"{'ar': '44100', 'sample_fmt': 's32p', 'compression_level': '5', 'reservoir': '1', 'b:a': '166k'}",223.037109375,-2.652,-0.771,0.6652472069836222,2.0878854135582077
"{'ar': '44100', 'sample_fmt': 's32p', 'compression_level': '7', 'reservoir': '1', 'b:a': '167k'}",223.037109375,-2.692,-0.815,0.6066335280193016,1.9851400364592524
"{'ar': '44100', 'sample_fmt': 'fltp', 'compression_level': '7', 'reservoir': '1', 'b:a': '142k'}",178.4443359375,-2.916,-1.081,0.6050462060084101,1.4505944581561867
"{'ar': '44100', 'sample_fmt': 's32p', 'compression_level': '5', 'reservoir': '1', 'b:a': '126k'}",178.4443359375,-2.832,-0.978,0.6796350370277651,1.6732883765450979
"{'ar': '44100', 'sample_fmt': 's32p', 'compression_level': '6', 'reservoir': '1', 'b:a': '101k', 'abr': 'True'}",134.466796875,-3.21,-1.494,0.6603483099897858,0.7013942756533958
"{'ar': '44100', 'sample_fmt': 's32p', 'compression_level': '5', 'reservoir': '1', 'b:a': '143k'}",178.4443359375,-2.832,-0.978,0.6593163479992654,1.6747901895564643
"{'ar': '44100', 'sample_fmt': 's32p', 'compression_level': '0', 'reservoir': '1', 'b:a': '169k', 'abr': 'True'}",222.654296875,-2.692,-0.816,1.2975474459817633,1.934367974525806
"{'ar': '44100', 'sample_fmt': 'fltp', 'compression_level': '5', 'reservoir': '1', 'b:a': '243k', 'abr': 'True'}",338.150390625,-2.592,-0.707,0.61389709400828,2.067984268416445
"{'ar': '44100', 'sample_fmt': 'fltp', 'compression_level': '7', 'reservoir': '1', 'b:a': '128k'}",178.4443359375,-2.916,-1.081,0.5378200069826562,1.4555633407578137
"{'ar': '44100', 'sample_fmt': 's32p', 'compression_level': '7', 'reservoir': '1', 'b:a': '107k'}",156.1484375,-3.068,-1.283,0.5348291029804386,1.0734880333824082
"{'ar': '44100', 'sample_fmt': 's32p', 'compression_level': '0', 'reservoir': '1', 'b:a': '189k', 'abr': 'True'}",256.375,-2.631,-0.748,1.0329164660070091,2.0636980621659142
"{'ar': '44100', 'sample_fmt': 's32p', 'compression_level': '0', 'reservoir': '1', 'b:a': '169k', 'abr': 'True'}",222.654296875,-2.692,-0.816,1.3167128460190725,1.9329514044358904
"{'ar': '44100', 'sample_fmt': 'fltp', 'compression_level': '7', 'reservoir': '1', 'b:a': '113k', 'abr': 'True'}",147.62109375,-3.164,-1.423,0.6278721299895551,0.8123795254995665
"{'ar': '44100', 'sample_fmt': 'fltp', 'compression_level': '0', 'reservoir': '1', 'b:a': '32k', 'abr': 'True'}",48.244140625,-3.132,-1.375,1.017987393977819,1.0318172804895194
"{'ar': '32000', 'sample_fmt': 's16p', 'compression_level': '9', 'reservoir': '1', 'b:a': '195k', 'abr': 'True'}",271.2734375,-3.18,-1.447,0.5956015230331104,0.5726070635621675
"{'ar': '44100', 'sample_fmt': 's32p', 'compression_level': '7', 'reservoir': '1', 'b:a': '107k'}",156.1484375,-3.068,-1.283,0.6783150809933431,1.0628825701841602
"{'ar': '44100', 'sample_fmt': 's32p', 'compression_level': '5', 'reservoir': '1', 'b:a': '105k', 'abr': 'True'}",139.5458984375,-3.13,-1.371,0.6734764469729271,0.9175158057306083
"{'ar': '44100', 'sample_fmt': 's32p', 'compression_level': '2', 'reservoir': '1', 'b:a': '270k', 'abr': 'True'}",351.7734375,-2.586,-0.699,1.1091002179600764,2.0261478553197803
"{'ar': '44100', 'sample_fmt': 's32p', 'compression_level': '9', 'reservoir': '1', 'b:a': '111k', 'abr': 'True'}",144.9306640625,-3.189,-1.462,0.6897204949927982,0.7415498337206908
"{'ar': '44100', 'sample_fmt': 'fltp', 'compression_level': '0', 'reservoir': '1', 'b:a': '32k', 'abr': 'True'}",48.244140625,-3.132,-1.375,1.5837416689901147,0.99000074743181
"{'ar': '44100', 'sample_fmt': 's32p', 'compression_level': '5', 'reservoir': '1', 'b:a': '144k', 'abr': 'True'}",196.4228515625,-2.716,-0.843,0.9106556749611627,1.940384966903468
"{'ar': '8000', 'sample_fmt': 'fltp', 'compression_level': '9', 'reservoir': '1', 'b:a': '128k', 'abr': 'True'}",89.9375,-3.858,-3.51,0.5342448430019431,-1.3639950995967693
"{'ar': '32000', 'sample_fmt': 'fltp', 'compression_level': '7', 'reservoir': '1', 'b:a': '32k', 'abr': 'True'}",46.73046875,-3.442,-1.918,0.5416000800032634,0.1758691105899056
"{'ar': '44100', 'sample_fmt': 's32p', 'compression_level': '7', 'reservoir': '1', 'b:a': '107k', 'abr': 'True'}",139.2421875,-3.248,-1.556,0.5224805949837901,0.5958684958580487
"{'ar': '44100', 'sample_fmt': 's32p', 'compression_level': '5', 'reservoir': '1', 'b:a': '144k', 'abr': 'True'}",196.4228515625,-2.716,-0.843,0.9827560349949636,1.9350558209791875
"{'ar': '44100', 'sample_fmt': 'fltp', 'compression_level': '9', 'reservoir': '1', 'b:a': '107k'}",156.1484375,-3.068,-1.283,0.6354085700004362,1.066053914378222
"{'ar': '44100', 'sample_fmt': 's32p', 'compression_level': '5', 'reservoir': '1', 'b:a': '141k', 'abr': 'True'}",188.9462890625,-2.791,-0.929,0.6940414610144217,1.7664508745537948
"{'ar': '16000', 'sample_fmt': 'fltp', 'compression_level': '2', 'reservoir': '1', 'b:a': '170k', 'abr': 'True'}",180.39453125,-3.756,-2.875,1.189757707004901,-1.1188152838251662
"{'ar': '44100', 'sample_fmt': 'fltp', 'compression_level': '5', 'reservoir': '1', 'b:a': '86k'}",111.5576171875,-3.416,-1.864,0.8126314019900747,0.1300071539760337
"{'ar': '32000', 'sample_fmt': 'fltp', 'compression_level': '7', 'reservoir': '1', 'b:a': '39k'}",56.01171875,-3.401,-1.833,0.8232239259814378,0.26258513236242104
"{'ar': '44100', 'sample_fmt': 's32p', 'compression_level': '0', 'reservoir': '1', 'b:a': '167k', 'abr': 'True'}",220.8173828125,-2.696,-0.82,2.500323752989061,1.8378168163568787
"{'ar': '44100', 'sample_fmt': 'fltp', 'compression_level': '6', 'reservoir': '1', 'b:a': '101k', 'abr': 'True'}",134.466796875,-3.21,-1.494,0.8714636100048665,0.6857901338696205
"{'ar': '44100', 'sample_fmt': 's16p', 'compression_level': '0', 'reservoir': '1', 'b:a': '194k', 'abr': 'True'}",261.8662109375,-2.619,-0.735,1.371021652012132,2.0620058134179104
"{'ar': '44100', 'sample_fmt': 'fltp', 'compression_level': '6', 'reservoir': '1', 'b:a': '32k'}",44.771484375,-3.292,-1.63,0.8434459120035172,0.5970273922836766
"{'ar': '32000', 'sample_fmt': 's16p', 'compression_level': '7', 'reservoir': '1', 'b:a': '254k', 'abr': 'True'}",352.0625,-3.172,-1.435,0.6725144719821401,0.46043496119333377
"{'ar': '44100', 'sample_fmt': 's32p', 'compression_level': '5', 'reservoir': '1', 'b:a': '143k', 'abr': 'True'}",191.4091796875,-2.771,-0.906,0.801846802001819,1.8084070230634761
"{'ar': '44100', 'sample_fmt': 's32p', 'compression_level': '5', 'reservoir': '1', 'b:a': '142k', 'abr': 'True'}",190.177734375,-2.785,-0.922,0.6606584949768148,1.7831411682057594
"{'ar': '44100', 'sample_fmt': 's32p', 'compression_level': '5', 'reservoir': '1', 'b:a': '142k', 'abr': 'True'}",190.177734375,-2.785,-0.922,0.7985524830000941,1.7729490251441633
"{'ar': '16000', 'sample_fmt': 's32p', 'compression_level': '5', 'reservoir': '1', 'b:a': '111k', 'abr': 'True'}",142.70703125,-3.766,-2.925,0.6409438679984305,-1.0571865562399412
"{'ar': '44100', 'sample_fmt': 's32p', 'compression_level': '5', 'reservoir': '1', 'b:a': '254k', 'abr': 'True'}",350.7490234375,-2.589,-0.703,0.8981763289775699,2.0351208234785862
"{'ar': '44100', 'sample_fmt': 'fltp', 'compression_level': '5', 'reservoir': '1', 'b:a': '108k'}",156.1484375,-2.958,-1.135,0.8125714829948265,1.3559402981548252
"{'ar': '44100', 'sample_fmt': 's32p', 'compression_level': '7', 'reservoir': '1', 'b:a': '191k', 'abr': 'True'}",260.7529296875,-2.631,-0.749,0.6182187379745301,2.0870484035357753
"{'ar': '32000', 'sample_fmt': 's16p', 'compression_level': '7', 'reservoir': '1', 'b:a': '195k', 'abr': 'True'}",271.2734375,-3.18,-1.447,0.6130859029944986,0.5713147425229088
"{'ar': '44100', 'sample_fmt': 's32p', 'compression_level': '5', 'reservoir': '1', 'b:a': '169k'}",223.037109375,-2.652,-0.771,0.7304685979906935,2.0830647121095835
"{'ar': '44100', 'sample_fmt': 's16p', 'compression_level': '7', 'reservoir': '1', 'b:a': '195k', 'abr': 'True'}",266.853515625,-2.62,-0.736,0.5657743430056144,2.110920506745923
"{'ar': '12000', 'sample_fmt': 'fltp', 'compression_level': '5', 'reservoir': '0', 'b:a': '108k'}",90.359375,-3.761,-2.898,0.49324930299189873,-0.9425736556491044
"{'ar': '44100', 'sample_fmt': 's32p', 'compression_level': '7', 'reservoir': '1', 'b:a': '113k', 'abr': 'True'}",147.62109375,-3.164,-1.423,0.6938353800214827,0.8075039911070174
"{'ar': '8000', 'sample_fmt': 'fltp', 'compression_level': '2', 'reservoir': '1', 'b:a': '169k', 'abr': 'True'}",75.2421875,-3.858,-3.512,0.6032658689946402,-1.3462787698118222
"{'ar': '44100', 'sample_fmt': 'fltp', 'compression_level': '7', 'reservoir': '1', 'b:a': '114k', 'abr': 'True'}",149.4501953125,-3.139,-1.384,0.626884508994408,0.8800852146527788
"{'ar': '32000', 'sample_fmt': 'fltp', 'compression_level': '7', 'reservoir': '1', 'b:a': '32k'}",44.8671875,-3.434,-1.9,1.0723103419877589,0.16393370777830332
"{'ar': '44100', 'sample_fmt': 's32p', 'compression_level': '7', 'reservoir': '1', 'b:a': '107k'}",156.1484375,-3.068,-1.283,0.8230237219831906,1.0521867364327375
"{'ar': '44100', 'sample_fmt': 'fltp', 'compression_level': '2', 'reservoir': '1', 'b:a': '169k', 'abr': 'True'}",222.90625,-2.666,-0.786,1.0996546329988632,2.018634907426322
"{'ar': '44100', 'sample_fmt': 's32p', 'compression_level': '5', 'reservoir': '1', 'b:a': '107k', 'abr': 'True'}",142.1865234375,-3.107,-1.339,0.7421550129947718,0.9719092619596146
"{'ar': '44100', 'sample_fmt': 's32p', 'compression_level': '9', 'reservoir': '1', 'b:a': '126k', 'abr': 'True'}",166.62890625,-2.967,-1.147,0.7935264880361501,1.3158697142687756
"{'ar': '44100', 'sample_fmt': 's32p', 'compression_level': '5', 'reservoir': '1', 'b:a': '165k'}",223.037109375,-2.652,-0.771,0.9949062139785383,2.063519363892078
"{'ar': '44100', 'sample_fmt': 'fltp', 'compression_level': '5', 'reservoir': '1', 'b:a': '194k', 'abr': 'True'}",266.75,-2.623,-0.74,0.8126407619856764,2.084587425540209
"{'ar': '8000', 'sample_fmt': 's32p', 'compression_level': '2', 'reservoir': '1', 'b:a': '166k', 'abr': 'True'}",75.2421875,-3.858,-3.512,0.5747459869890008,-1.3441707829324214
"{'ar': '44100', 'sample_fmt': 's32p', 'compression_level': '5', 'reservoir': '1', 'b:a': '254k', 'abr': 'True'}",350.7490234375,-2.589,-0.703,0.7802396719926037,2.043837862541915
"{'ar': '44100', 'sample_fmt': 's32p', 'compression_level': '9', 'reservoir': '1', 'b:a': '110k'}",156.1484375,-3.068,-1.283,0.8740218279708643,1.048417319074172
"{'ar': '44100', 'sample_fmt': 's32p', 'compression_level': '7', 'reservoir': '1', 'b:a': '107k', 'abr': 'True'}",139.2421875,-3.248,-1.556,0.6133477650000714,0.589152240786421
"{'ar': '8000', 'sample_fmt': 's32p', 'compression_level': '7', 'reservoir': '1', 'b:a': '103k'}",90.921875,-3.858,-3.511,0.5284935050003696,-1.365456192344404
"{'ar': '44100', 'sample_fmt': 's32p', 'compression_level': '5', 'reservoir': '1', 'b:a': '32k', 'abr': 'True'}",48.193359375,-3.348,-1.73,0.6606185080017895,0.4430581693896495
"{'ar': '44100', 'sample_fmt': 's32p', 'compression_level': '7', 'reservoir': '1', 'b:a': '169k', 'abr': 'True'}",228.228515625,-2.681,-0.803,0.5842047960322816,2.0079288827370725
"{'ar': '44100', 'sample_fmt': 's32p', 'compression_level': '8', 'reservoir': '1', 'b:a': '184k', 'abr': 'True'}",250.7939453125,-2.646,-0.764,0.5320905619882978,2.0696246410742454
"{'ar': '44100', 'sample_fmt': 'fltp', 'compression_level': '7', 'reservoir': '0', 'b:a': '32k'}",44.771484375,-3.303,-1.649,0.5176926689746324,0.589481729681264
"{'ar': '16000', 'sample_fmt': 's16p', 'compression_level': '7', 'reservoir': '1', 'b:a': '195k', 'abr': 'True'}",220.68359375,-3.766,-2.926,0.46419741300633177,-1.1688626144832535
"{'ar': '44100', 'sample_fmt': 's32p', 'compression_level': '2', 'reservoir': '1', 'b:a': '267k'}",356.8115234375,-2.595,-0.71,0.8394242509675678,2.0136018067480075
"{'ar': '44100', 'sample_fmt': 's32p', 'compression_level': '7', 'reservoir': '1', 'b:a': '32k'}",44.771484375,-3.286,-1.619,0.5596954209904652,0.6354498804093398
"{'ar': '44100', 'sample_fmt': 's32p', 'compression_level': '5', 'reservoir': '1', 'b:a': '169k', 'abr': 'True'}",229.1376953125,-2.65,-0.769,0.709952155011706,2.0801374451135373
"{'ar': '44100', 'sample_fmt': 's32p', 'compression_level': '5', 'reservoir': '1', 'b:a': '141k', 'abr': 'True'}",188.9462890625,-2.791,-0.929,0.7135159040044528,1.7650114622063489
"{'ar': '44100', 'sample_fmt': 's32p', 'compression_level': '5', 'reservoir': '1', 'b:a': '114k', 'abr': 'True'}",152.2431640625,-2.974,-1.155,0.7181595120055135,1.3255618927504644
"{'ar': '44100', 'sample_fmt': 's32p', 'compression_level': '6', 'reservoir': '1', 'b:a': '75k', 'abr': 'True'}",101.3740234375,-3.459,-1.954,0.7919262369978242,0.019208548908088124
"{'ar': '44100', 'sample_fmt': 's32p', 'compression_level': '5', 'reservoir': '1', 'b:a': '251k', 'abr': 'True'}",347.69921875,-2.585,-0.698,0.8688986820052378,2.0530483277461538
"{'ar': '44100', 'sample_fmt': 'fltp', 'compression_level': '7', 'reservoir': '1', 'b:a': '235k', 'abr': 'True'}",323.5224609375,-2.6,-0.715,0.6785891669860575,2.0653807901086108
"{'ar': '44100', 'sample_fmt': 'fltp', 'compression_level': '5', 'reservoir': '1', 'b:a': '105k'}",156.1484375,-2.958,-1.135,0.6684114669915289,1.3665955814483908
"{'ar': '44100', 'sample_fmt': 'fltp', 'compression_level': '0', 'reservoir': '1', 'b:a': '32k', 'abr': 'True'}",48.244140625,-3.132,-1.375,1.0192462959967088,1.0317242314040516
"{'ar': '44100', 'sample_fmt': 's32p', 'compression_level': '0', 'reservoir': '0', 'b:a': '189k', 'abr': 'True'}",271.3212890625,-2.631,-0.748,0.9947635369899217,2.0426687909137877
"{'ar': '44100', 'sample_fmt': 'fltp', 'compression_level': '5', 'reservoir': '1', 'b:a': '32k'}",44.771484375,-3.292,-1.63,0.5995974670222495,0.6150509353853326
"{'ar': '12000', 'sample_fmt': 'fltp', 'compression_level': '7', 'reservoir': '1', 'b:a': '264k'}",90.640625,-3.742,-2.811,0.5281452240305953,-0.873887994228561
"{'ar': '44100', 'sample_fmt': 'fltp', 'compression_level': '9', 'reservoir': '1', 'b:a': '32k'}",44.771484375,-3.286,-1.619,0.6316117529931944,0.630134336528534
"{'ar': '44100', 'sample_fmt': 's32p', 'compression_level': '5', 'reservoir': '1', 'aq': '9'}",105.197265625,-3.343,-1.721,0.6231693069858011,0.3693558472141186
"{'ar': '44100', 'sample_fmt': 's32p', 'compression_level': '5', 'reservoir': '1', 'b:a': '245k', 'abr': 'True'}",340.6884765625,-2.589,-0.702,0.937932220986113,2.048551067623871
"{'ar': '44100', 'sample_fmt': 's16p', 'compression_level': '5', 'reservoir': '1', 'b:a': '143k', 'abr': 'True'}",191.458984375,-2.768,-0.902,0.8468948210065719,1.8132495693931567
"{'ar': '44100', 'sample_fmt': 's32p', 'compression_level': '5', 'reservoir': '1', 'b:a': '143k', 'abr': 'True'}",191.4091796875,-2.771,-0.906,0.6780609179986641,1.8175563953954539
"{'ar': '44100', 'sample_fmt': 's32p', 'compression_level': '9', 'reservoir': '1', 'b:a': '194k', 'abr': 'True'}",265.4287109375,-2.623,-0.74,0.5455297800072003,2.1064387041551424
"{'ar': '44100', 'sample_fmt': 's32p', 'compression_level': '5', 'reservoir': '1', 'b:a': '111k', 'abr': 'True'}",147.9248046875,-3.03,-1.23,0.6680601589905564,1.182019634381167
"{'ar': '44100', 'sample_fmt': 's32p', 'compression_level': '2', 'reservoir': '1', 'b:a': '269k', 'abr': 'True'}",351.26171875,-2.587,-0.701,0.8887238660245202,2.0402921850525213
"{'ar': '44100', 'sample_fmt': 's32p', 'compression_level': '7', 'reservoir': '1', 'b:a': '108k', 'abr': 'True'}",140.8154296875,-3.236,-1.536,0.6299195649917237,0.619685426506823
"{'ar': '12000', 'sample_fmt': 'fltp', 'compression_level': '7', 'reservoir': '1', 'b:a': '108k', 'abr': 'True'}",88.25,-3.742,-2.811,0.48531644002650864,-0.8669077593588782
"{'ar': '44100', 'sample_fmt': 's32p', 'compression_level': '9', 'reservoir': '1', 'b:a': '194k', 'abr': 'True'}",265.4287109375,-2.623,-0.74,0.5889825689664576,2.1032269829782675
"{'ar': '44100', 'sample_fmt': 's32p', 'compression_level': '5', 'reservoir': '1', 'b:a': '147k'}",223.037109375,-2.652,-0.771,0.7429952589736786,2.0821388304039856
"{'ar': '44100', 'sample_fmt': 's32p', 'compression_level': '7', 'reservoir': '1', 'b:a': '32k'}",44.771484375,-3.286,-1.619,0.835386227001436,0.6150727764042242
"{'ar': '44100', 'sample_fmt': 'fltp', 'compression_level': '7', 'reservoir': '1', 'b:a': '108k'}",156.1484375,-3.068,-1.283,0.7563541689887643,1.0571144757179132
"{'ar': '44100', 'sample_fmt': 's32p', 'compression_level': '5', 'reservoir': '1', 'b:a': '32k', 'abr': 'True'}",48.193359375,-3.348,-1.73,0.966418010997586,0.4204556445995771
"{'ar': '44100', 'sample_fmt': 'fltp', 'compression_level': '0', 'reservoir': '1', 'b:a': '32k', 'abr': 'True'}",48.244140625,-3.132,-1.375,1.219877877010731,1.0168949715814706
"{'ar': '32000', 'sample_fmt': 'fltp', 'compression_level': '7', 'reservoir': '1', 'b:a': '32k'}",44.8671875,-3.434,-1.9,0.539956603985047,0.20328151064395866
"{'ar': '44100', 'sample_fmt': 's32p', 'compression_level': '7', 'reservoir': '1', 'b:a': '194k', 'abr': 'True'}",265.4287109375,-2.623,-0.74,0.6027831529791001,2.102206941940897
"{'ar': '32000', 'sample_fmt': 's16p', 'compression_level': '7', 'reservoir': '1', 'b:a': '271k', 'abr': 'True'}",374.421875,-3.175,-1.44,0.5784614850126673,0.4231415203169425
"{'ar': '44100', 'sample_fmt': 's32p', 'compression_level': '5', 'reservoir': '1', 'b:a': '143k', 'abr': 'True'}",191.4091796875,-2.771,-0.906,0.7298391569929663,1.8137293161523882
"{'ar': '44100', 'sample_fmt': 's32p', 'compression_level': '5', 'reservoir': '1', 'b:a': '143k', 'abr': 'True'}",191.4091796875,-2.771,-0.906,0.7033459369849879,1.8156875065880589
"{'ar': '44100', 'sample_fmt': 's32p', 'compression_level': '7', 'reservoir': '1', 'b:a': '247k'}",356.8115234375,-2.604,-0.719,0.7211666969815269,1.9985339980250278
"{'ar': '44100', 'sample_fmt': 'fltp', 'compression_level': '2', 'reservoir': '1', 'b:a': '32k'}",44.771484375,-3.268,-1.589,1.1333218030049466,0.6444541305010463
"{'ar': '44100', 'sample_fmt': 's32p', 'compression_level': '7', 'reservoir': '1', 'b:a': '103k'}",133.853515625,-3.284,-1.617,0.86597891402198,0.4759573305925867
"{'ar': '44100', 'sample_fmt': 's16p', 'compression_level': '7', 'reservoir': '1', 'b:a': '137k', 'abr': 'True'}",182.173828125,-2.862,-1.014,0.6563078040198889,1.5878069032277187
"{'ar': '32000', 'sample_fmt': 's32p', 'compression_level': '6', 'reservoir': '1', 'b:a': '101k'}",134.234375,-3.42,-1.872,0.7848059769894462,0.08403589306487545
"{'ar': '44100', 'sample_fmt': 's32p', 'compression_level': '7', 'reservoir': '1', 'b:a': '266k'}",356.8115234375,-2.604,-0.719,1.0568346049985848,1.9737238131232835
"{'ar': '44100', 'sample_fmt': 's32p', 'compression_level': '6', 'reservoir': '1', 'b:a': '100k', 'abr': 'True'}",133.197265625,-3.231,-1.527,0.8263434809923638,0.6318120169915247
"{'ar': '44100', 'sample_fmt': 's32p', 'compression_level': '0', 'reservoir': '1', 'b:a': '189k', 'abr': 'True'}",256.375,-2.631,-0.748,1.567003019998083,2.0242221818640633
"{'ar': '44100', 'sample_fmt': 'fltp', 'compression_level': '8', 'reservoir': '0', 'aq': '9'}",103.8740234375,-3.314,-1.668,1.0028596550109796,0.42769078023113005
"{'ar': '44100', 'sample_fmt': 's16p', 'compression_level': '9', 'reservoir': '1', 'b:a': '248k', 'abr': 'True'}",342.11328125,-2.604,-0.719,0.9623455590044614,2.0041612363616355
"{'ar': '44100', 'sample_fmt': 's32p', 'compression_level': '9', 'reservoir': '1', 'b:a': '107k', 'abr': 'True'}",139.2421875,-3.248,-1.556,0.9505692590028048,0.5642272258558154
"{'ar': '44100', 'sample_fmt': 's32p', 'compression_level': '9', 'reservoir': '1', 'b:a': '110k', 'abr': 'True'}",143.609375,-3.215,-1.502,1.0718811940168962,0.6422148463964066
"{'ar': '44100', 'sample_fmt': 's32p', 'compression_level': '7', 'reservoir': '1', 'b:a': '106k', 'abr': 'True'}",138.0224609375,-3.264,-1.582,0.8982308840204496,0.5245610568603628
"{'ar': '44100', 'sample_fmt': 's32p', 'compression_level': '7', 'reservoir': '1', 'b:a': '254k', 'abr': 'True'}",350.5458984375,-2.6,-0.714,0.6352515960170422,2.025779110811758
"{'ar': '44100', 'sample_fmt': 'fltp', 'compression_level': '7', 'reservoir': '1', 'b:a': '32k', 'abr': 'True'}",48.16796875,-3.35,-1.734,0.561645370995393,0.44449236551508997
"{'ar': '44100', 'sample_fmt': 'fltp', 'compression_level': '7', 'reservoir': '1', 'b:a': '32k'}",44.771484375,-3.286,-1.619,0.6030151589948218,0.6322479934129558
"{'ar': '12000', 'sample_fmt': 'fltp', 'compression_level': '7', 'reservoir': '0', 'b:a': '108k'}",90.359375,-3.74,-2.803,0.5199021330336109,-0.8656463999444053
"{'ar': '44100', 'sample_fmt': 's32p', 'compression_level': '5', 'reservoir': '1', 'b:a': '80k', 'abr': 'True'}",107.8486328125,-3.451,-1.938,0.6437162889924366,0.04351870658326532
"{'ar': '44100', 'sample_fmt': 's32p', 'compression_level': '2', 'reservoir': '1', 'b:a': '169k', 'abr': 'True'}",222.9072265625,-2.665,-0.786,0.874609074962791,2.037597054399123
"{'ar': '16000', 'sample_fmt': 'fltp', 'compression_level': '5', 'reservoir': '1', 'b:a': '170k', 'abr': 'True'}",210.62890625,-3.763,-2.909,0.482255728013115,-1.1418008412839353
"{'ar': '44100', 'sample_fmt': 's32p', 'compression_level': '0', 'reservoir': '1', 'b:a': '191k', 'abr': 'True'}",258.5087890625,-2.628,-0.745,1.059210756997345,2.06628595219905
"{'ar': '44100', 'sample_fmt': 's32p', 'compression_level': '7', 'reservoir': '1', 'b:a': '111k', 'abr': 'True'}",144.9306640625,-3.189,-1.462,0.6272054810251575,0.7461704990229975
"{'ar': '44100', 'sample_fmt': 's32p', 'compression_level': '7', 'reservoir': '1', 'b:a': '103k'}",133.853515625,-3.284,-1.617,0.5719111660146154,0.497692727475781
"{'ar': '16000', 'sample_fmt': 'fltp', 'compression_level': '9', 'reservoir': '1', 'b:a': '87k', 'abr': 'True'}",121.19140625,-3.713,-2.69,0.495301079005003,-0.8144705242477461
"{'ar': '44100', 'sample_fmt': 's32p', 'compression_level': '5', 'reservoir': '1', 'b:a': '245k', 'abr': 'True'}",340.6884765625,-2.589,-0.702,0.774167961004423,2.060655357230957
"{'ar': '44100', 'sample_fmt': 's16p', 'compression_level': '7', 'reservoir': '1', 'b:a': '169k', 'abr': 'True'}",228.224609375,-2.678,-0.8,0.6246930210036226,2.0128787028516446
"{'ar': '32000', 'sample_fmt': 'fltp', 'compression_level': '7', 'reservoir': '1', 'b:a': '32k', 'abr': 'True'}",46.73046875,-3.442,-1.918,0.4991101180203259,0.1790096664431366
"{'ar': '44100', 'sample_fmt': 's32p', 'compression_level': '5', 'reservoir': '1', 'b:a': '143k'}",178.4443359375,-2.832,-0.978,0.6796197279763874,1.6732895080813166
"{'ar': '44100', 'sample_fmt': 's32p', 'compression_level': '5', 'reservoir': '1', 'b:a': '105k', 'abr': 'True'}",139.5458984375,-3.13,-1.371,0.6779659120074939,0.9171839763988276
"{'ar': '44100', 'sample_fmt': 'fltp', 'compression_level': '2', 'reservoir': '1', 'b:a': '263k', 'abr': 'True'}",348.0048828125,-2.587,-0.701,0.9289976329891942,2.0425122524135766
"{'ar': '44100', 'sample_fmt': 's16p', 'compression_level': '6', 'reservoir': '1', 'b:a': '101k', 'abr': 'True'}",134.6708984375,-3.214,-1.501,0.7103847130201757,0.6858423026916572
"{'ar': '16000', 'sample_fmt': 'fltp', 'compression_level': '0', 'reservoir': '1', 'b:a': '32k', 'abr': 'True'}",43.91796875,-3.277,-1.605,0.7816339510027319,0.645793545353084
"{'ar': '44100', 'sample_fmt': 's32p', 'compression_level': '5', 'reservoir': '1', 'b:a': '258k', 'abr': 'True'}",354.61328125,-2.581,-0.695,0.650667425012216,2.068412032219739
"{'ar': '44100', 'sample_fmt': 's16p', 'compression_level': '5', 'reservoir': '1', 'b:a': '105k', 'abr': 'True'}",139.5458984375,-3.123,-1.361,0.621648586995434,0.9408107015485778
"{'ar': '16000', 'sample_fmt': 'fltp', 'compression_level': '0', 'reservoir': '1', 'b:a': '32k', 'abr': 'True'}",43.91796875,-3.277,-1.605,0.753670145990327,0.6478604309752831
"{'ar': '44100', 'sample_fmt': 's16p', 'compression_level': '5', 'reservoir': '1', 'b:a': '143k', 'abr': 'True'}",191.458984375,-2.768,-0.902,0.7004428880172782,1.8240742548930216
"{'ar': '44100', 'sample_fmt': 's16p', 'compression_level': '2', 'reservoir': '1', 'aq': '9'}",103.81640625,-3.341,-1.719,0.5791381299786735,0.3801044996464025
"{'ar': '44100', 'sample_fmt': 's16p', 'compression_level': '5', 'reservoir': '1', 'b:a': '195k', 'abr': 'True'}",268.0751953125,-2.615,-0.731,0.6547478610009421,2.1156218071557182
"{'ar': '44100', 'sample_fmt': 's32p', 'compression_level': '5', 'reservoir': '1', 'b:a': '243k', 'abr': 'True'}",338.150390625,-2.592,-0.706,0.6610758150054608,2.0648126112459764
"{'ar': '44100', 'sample_fmt': 's32p', 'compression_level': '2', 'reservoir': '1', 'b:a': '194k', 'abr': 'True'}",261.455078125,-2.62,-0.736,0.7888048810127657,2.1030497709500637
"{'ar': '44100', 'sample_fmt': 'fltp', 'compression_level': '5', 'reservoir': '1', 'b:a': '182k', 'abr': 'True'}",251.7060546875,-2.637,-0.755,0.6337238700070884,2.08446577520014
"{'ar': '44100', 'sample_fmt': 'fltp', 'compression_level': '9', 'reservoir': '1', 'b:a': '169k', 'abr': 'True'}",228.228515625,-2.681,-0.803,0.5526518189872149,2.010261054434132
"{'ar': '32000', 'sample_fmt': 'fltp', 'compression_level': '7', 'reservoir': '0', 'b:a': '210k', 'abr': 'True'}",317.1875,-3.176,-1.441,0.5530243570101447,0.513703122206599
"{'ar': '44100', 'sample_fmt': 's32p', 'compression_level': '7', 'reservoir': '1', 'b:a': '105k', 'abr': 'True'}",136.6513671875,-3.279,-1.608,0.6003985209972598,0.5056115269095076
"{'ar': '44100', 'sample_fmt': 's16p', 'compression_level': '5', 'reservoir': '1', 'b:a': '144k', 'abr': 'True'}",196.37109375,-2.719,-0.846,0.8072790970036294,1.940172227831158
"{'ar': '44100', 'sample_fmt': 's32p', 'compression_level': '6', 'reservoir': '1', 'b:a': '101k', 'abr': 'True'}",134.466796875,-3.21,-1.494,1.3201139630109537,0.6526290900270012
"{'ar': '44100', 'sample_fmt': 's32p', 'compression_level': '0', 'reservoir': '1', 'b:a': '245k', 'abr': 'True'}",334.185546875,-2.595,-0.709,2.389390625001397,1.9354582422569413
"{'ar': '44100', 'sample_fmt': 's16p', 'compression_level': '0', 'reservoir': '1', 'b:a': '191k', 'abr': 'True'}",258.4072265625,-2.629,-0.746,1.4231862160086166,2.0369001378574705
"{'ar': '8000', 'sample_fmt': 'fltp', 'compression_level': '7', 'reservoir': '1', 'b:a': '128k', 'abr': 'True'}",89.9375,-3.858,-3.51,0.6774725029827096,-1.374581469762923
"{'ar': '32000', 'sample_fmt': 'fltp', 'compression_level': '7', 'reservoir': '0', 'b:a': '168k'}",223.671875,-3.202,-1.481,0.8350296590069775,0.5688821485012981
"{'ar': '44100', 'sample_fmt': 's32p', 'compression_level': '6', 'reservoir': '1', 'b:a': '101k', 'abr': 'True'}",134.466796875,-3.21,-1.494,0.6555070079921279,0.7017521102716547
"{'ar': '44100', 'sample_fmt': 'fltp', 'compression_level': '9', 'reservoir': '1', 'b:a': '128k', 'abr': 'True'}",169.32421875,-2.937,-1.108,0.6320133369590621,1.405707816195591
"{'ar': '44100', 'sample_fmt': 's16p', 'compression_level': '0', 'reservoir': '1', 'b:a': '191k'}",267.6279296875,-2.633,-0.751,1.3141324950265698,2.0193504204336525
"{'ar': '44100', 'sample_fmt': 's32p', 'compression_level': '7', 'reservoir': '1', 'b:a': '104k'}",133.853515625,-3.284,-1.617,0.7185901250049938,0.4868512618282466
"{'ar': '44100', 'sample_fmt': 's32p', 'compression_level': '5', 'reservoir': '1', 'b:a': '106k'}",156.1484375,-2.963,-1.14,0.7436076469894033,1.3478106332978212
"{'ar': '44100', 'sample_fmt': 's16p', 'compression_level': '0', 'reservoir': '1', 'b:a': '245k', 'abr': 'True'}",333.4716796875,-2.598,-0.713,1.5396927499677986,1.9911493126293704
"{'ar': '8000', 'sample_fmt': 's16p', 'compression_level': '2', 'reservoir': '1', 'aq': '9'}",35.8671875,-3.85,-3.44,0.6387626359937713,-1.2447206364027834
"{'ar': '44100', 'sample_fmt': 'fltp', 'compression_level': '7', 'reservoir': '1', 'b:a': '107k'}",156.1484375,-3.068,-1.283,0.6691104960045777,1.0635629076547994
"{'ar': '44100', 'sample_fmt': 's32p', 'compression_level': '5', 'reservoir': '1', 'b:a': '148k', 'abr': 'True'}",202.1337890625,-2.704,-0.829,1.2484815130010247,1.9386782140799879
"{'ar': '44100', 'sample_fmt': 'fltp', 'compression_level': '1', 'reservoir': '1', 'b:a': '194k', 'abr': 'True'}",263.494140625,-2.619,-0.735,1.1335323590028565,2.076961703438703
"{'ar': '44100', 'sample_fmt': 's32p', 'compression_level': '7', 'reservoir': '1', 'b:a': '267k'}",356.8115234375,-2.604,-0.719,0.8938438329787459,1.9857709320003278
"{'ar': '16000', 'sample_fmt': 's32p', 'compression_level': '8', 'reservoir': '1', 'b:a': '87k', 'abr': 'True'}",121.19140625,-3.713,-2.69,0.702640164992772,-0.8297955551424299
"{'ar': '44100', 'sample_fmt': 'fltp', 'compression_level': '9', 'reservoir': '1', 'b:a': '194k', 'abr': 'True'}",265.4287109375,-2.623,-0.74,0.8033101559849456,2.0873854117810495
"{'ar': '44100', 'sample_fmt': 's32p', 'compression_level': '5', 'reservoir': '1', 'b:a': '249k', 'abr': 'True'}",345.36328125,-2.589,-0.703,0.7161661599820945,2.0571675591303036
"{'ar': '44100', 'sample_fmt': 's32p', 'compression_level': '0', 'reservoir': '1', 'b:a': '191k', 'abr': 'True'}",258.5087890625,-2.628,-0.745,1.2796015530184377,2.049996231706473
"{'ar': '44100', 'sample_fmt': 's32p', 'compression_level': '5', 'reservoir': '1', 'b:a': '169k', 'abr': 'True'}",229.1376953125,-2.65,-0.769,0.7552492709946819,2.0767894043976636
"{'ar': '44100', 'sample_fmt': 'fltp', 'compression_level': '5', 'reservoir': '1', 'b:a': '107k'}",156.1484375,-2.958,-1.135,0.6987817629997153,1.3643508251237988
"{'ar': '44100', 'sample_fmt': 'fltp', 'compression_level': '2', 'reservoir': '1', 'b:a': '167k', 'abr': 'True'}",220.873046875,-2.698,-0.822,0.9148402809805702,1.949624866926225
"{'ar': '8000', 'sample_fmt': 's16p', 'compression_level': '2', 'reservoir': '1', 'aq': '9'}",35.8671875,-3.85,-3.44,0.5578791069856379,-1.2387423010830558
"{'ar': '44100', 'sample_fmt': 's16p', 'compression_level': '0', 'reservoir': '1', 'b:a': '32k', 'abr': 'True'}",48.26953125,-3.138,-1.383,1.0723972719861194,1.0112518799912207
"{'ar': '44100', 'sample_fmt': 's32p', 'compression_level': '5', 'reservoir': '1', 'b:a': '191k', 'abr': 'True'}",262.986328125,-2.623,-0.739,0.6819980630243663,2.100564621289613
"{'ar': '44100', 'sample_fmt': 'fltp', 'compression_level': '2', 'reservoir': '1', 'aq': '9'}",103.837890625,-3.343,-1.721,0.5641467350069433,0.37588748261419314
"{'ar': '44100', 'sample_fmt': 's32p', 'compression_level': '5', 'reservoir': '1', 'b:a': '144k', 'abr': 'True'}",196.4228515625,-2.716,-0.843,0.7282915130199399,1.9538640290036897
"{'ar': '44100', 'sample_fmt': 's32p', 'compression_level': '0', 'reservoir': '1', 'b:a': '245k', 'abr': 'True'}",334.185546875,-2.595,-0.709,1.1607072289916687,2.0262737819991425
"{'ar': '44100', 'sample_fmt': 'fltp', 'compression_level': '5', 'reservoir': '1', 'b:a': '107k'}",156.1484375,-2.958,-1.135,0.8887622229813132,1.3503088204302123
"{'ar': '44100', 'sample_fmt': 's32p', 'compression_level': '5', 'reservoir': '1', 'b:a': '111k', 'abr': 'True'}",147.9248046875,-3.03,-1.23,0.7371681819786318,1.1769116607334718
"{'ar': '44100', 'sample_fmt': 'fltp', 'compression_level': '5', 'reservoir': '1', 'b:a': '142k', 'abr': 'True'}",190.177734375,-2.785,-0.922,0.7890904399973806,1.7736483920804678
"{'ar': '44100', 'sample_fmt': 'fltp', 'compression_level': '5', 'reservoir': '1', 'b:a': '107k', 'abr': 'True'}",142.1865234375,-3.108,-1.339,0.8036090380046517,0.9650370795793538
"{'ar': '44100', 'sample_fmt': 's32p', 'compression_level': '5', 'reservoir': '1', 'b:a': '266k'}",356.8115234375,-2.592,-0.706,0.716522832022747,2.030937452857425
"{'ar': '32000', 'sample_fmt': 'fltp', 'compression_level': '0', 'reservoir': '1', 'b:a': '32k', 'abr': 'True'}",47.01171875,-3.291,-1.628,1.3292655109835323,0.5605052540304836
"{'ar': '44100', 'sample_fmt': 'fltp', 'compression_level': '7', 'reservoir': '1', 'b:a': '254k'}",356.8115234375,-2.605,-0.72,0.6153369550011121,2.003710783775121
"{'ar': '44100', 'sample_fmt': 's32p', 'compression_level': '6', 'reservoir': '1', 'b:a': '101k', 'abr': 'True'}",134.466796875,-3.21,-1.494,0.7468609269999433,0.6949998781757354
"{'ar': '44100', 'sample_fmt': 's32p', 'compression_level': '9', 'reservoir': '1', 'b:a': '276k', 'abr': 'True'}",379.865234375,-2.599,-0.714,0.9346118300163653,1.9591986421686292
"{'ar': '44100', 'sample_fmt': 'fltp', 'compression_level': '7', 'reservoir': '1', 'b:a': '126k'}",178.4443359375,-2.916,-1.081,1.523059817001922,1.382741419819529
"{'ar': '32000', 'sample_fmt': 's16p', 'compression_level': '7', 'reservoir': '1', 'b:a': '190k', 'abr': 'True'}",264.6640625,-3.179,-1.446,0.9329955510038417,0.5608610381573175
"{'ar': '32000', 'sample_fmt': 's16p', 'compression_level': '7', 'reservoir': '1', 'b:a': '195k', 'abr': 'True'}",271.2734375,-3.18,-1.447,0.8829553640389349,0.5513679109434468
"{'ar': '44100', 'sample_fmt': 's16p', 'compression_level': '5', 'reservoir': '1', 'b:a': '191k', 'abr': 'True'}",263.0927734375,-2.629,-0.746,0.8936349670111667,2.0685642393492287
"{'ar': '44100', 'sample_fmt': 'fltp', 'compression_level': '5', 'reservoir': '1', 'b:a': '114k', 'abr': 'True'}",152.1416015625,-2.973,-1.155,0.7670399320195429,1.3244409972046254
"{'ar': '8000', 'sample_fmt': 's16p', 'compression_level': '2', 'reservoir': '1', 'aq': '9'}",35.8671875,-3.85,-3.44,0.4955587750009727,-1.234136025288591
"{'ar': '44100', 'sample_fmt': 'fltp', 'compression_level': '7', 'reservoir': '1', 'b:a': '103k'}",133.853515625,-3.284,-1.617,0.6315827179932967,0.49328223066448057
"{'ar': '44100', 'sample_fmt': 's32p', 'compression_level': '9', 'reservoir': '1', 'b:a': '194k', 'abr': 'True'}",265.4287109375,-2.623,-0.74,0.5868965089612175,2.103381169700352
"{'ar': '44100', 'sample_fmt': 's32p', 'compression_level': '0', 'reservoir': '1', 'b:a': '169k', 'abr': 'True'}",222.654296875,-2.692,-0.816,1.346867910004221,1.930722556531975
"{'ar': '44100', 'sample_fmt': 'fltp', 'compression_level': '9', 'reservoir': '1', 'b:a': '210k', 'abr': 'True'}",288.125,-2.608,-0.723,0.5686800480179954,2.108823796286453
"{'ar': '44100', 'sample_fmt': 'fltp', 'compression_level': '5', 'reservoir': '1', 'b:a': '128k', 'abr': 'True'}",172.0185546875,-2.859,-1.01,0.7501428670075256,1.6053273401591222
"{'ar': '16000', 'sample_fmt': 's32p', 'compression_level': '5', 'reservoir': '1', 'b:a': '86k', 'abr': 'True'}",109.1328125,-3.766,-2.922,0.5184831689985003,-0.993615564356499
"{'ar': '16000', 'sample_fmt': 'fltp', 'compression_level': '2', 'reservoir': '1', 'b:a': '32k'}",44.97265625,-3.297,-1.638,0.5802342589886393,0.6019877667414535
"{'ar': '16000', 'sample_fmt': 'fltp', 'compression_level': '8', 'reservoir': '1', 'b:a': '128k', 'abr': 'True'}",177.93359375,-3.768,-2.932,0.520314279012382,-1.11134833834484
"{'ar': '44100', 'sample_fmt': 'fltp', 'compression_level': '7', 'reservoir': '1', 'b:a': '32k'}",44.771484375,-3.286,-1.619,0.5546519350027665,0.6358226590304578
"{'ar': '44100', 'sample_fmt': 's32p', 'compression_level': '9', 'reservoir': '1', 'b:a': '143k', 'abr': 'True'}",190.841796875,-2.805,-0.945,0.5882539529993664,1.7335788759299786
"{'ar': '44100', 'sample_fmt': 'fltp', 'compression_level': '5', 'reservoir': '1', 'b:a': '128k', 'abr': 'True'}",172.0185546875,-2.859,-1.01,0.7018253699934576,1.6088986259635654
"{'ar': '44100', 'sample_fmt': 's32p', 'compression_level': '9', 'reservoir': '1', 'b:a': '99k', 'abr': 'True'}",129.541015625,-3.348,-1.731,0.5944055750151165,0.31783312419375165
"{'ar': '16000', 'sample_fmt': 's32p', 'compression_level': '5', 'reservoir': '1', 'b:a': '75k', 'abr': 'True'}",97.1796875,-3.807,-3.147,0.5416213409916963,-1.1427581882047118
"{'ar': '32000', 'sample_fmt': 'fltp', 'compression_level': '7', 'reservoir': '1', 'b:a': '32k'}",44.8671875,-3.434,-1.9,0.6481405300146434,0.1952853241033778
"{'ar': '44100', 'sample_fmt': 'fltp', 'compression_level': '9', 'reservoir': '1', 'b:a': '210k', 'abr': 'True'}",288.125,-2.608,-0.723,0.6472492159809917,2.1030165220782817
"{'ar': '16000', 'sample_fmt': 's32p', 'compression_level': '0', 'reservoir': '1', 'b:a': '86k', 'abr': 'True'}",87.16015625,-3.815,-3.194,0.8423146139830351,-1.1824615332765052
"{'ar': '44100', 'sample_fmt': 'fltp', 'compression_level': '2', 'reservoir': '1', 'b:a': '104k', 'abr': 'True'}",136.3974609375,-3.312,-1.666,0.7091151119966526,0.40279658246280203
"{'ar': '16000', 'sample_fmt': 'fltp', 'compression_level': '0', 'reservoir': '1', 'b:a': '32k', 'abr': 'True'}",43.91796875,-3.277,-1.605,0.7653403560107108,0.6469978520348107
"{'ar': '44100', 'sample_fmt': 's32p', 'compression_level': '0', 'reservoir': '1', 'b:a': '245k', 'abr': 'True'}",334.185546875,-2.595,-0.709,1.029011035017902,2.0360078281957157
"{'ar': '44100', 'sample_fmt': 's32p', 'compression_level': '7', 'reservoir': '1', 'b:a': '103k'}",133.853515625,-3.284,-1.617,0.5552097320032772,0.4989271787177643
"{'ar': '16000', 'sample_fmt': 'fltp', 'compression_level': '8', 'reservoir': '1', 'aq': '9'}",61.7421875,-3.805,-3.135,0.48798718699254096,-1.073802191823523
"{'ar': '32000', 'sample_fmt': 's32p', 'compression_level': '5', 'reservoir': '1', 'b:a': '144k', 'abr': 'True'}",197.234375,-3.22,-1.51,0.6159700209682342,0.5761716874042305
"{'ar': '44100', 'sample_fmt': 'fltp', 'compression_level': '7', 'reservoir': '1', 'b:a': '170k', 'abr': 'True'}",229.6513671875,-2.676,-0.798,0.5945328850066289,2.0181220911892384
"{'ar': '44100', 'sample_fmt': 's16p', 'compression_level': '7', 'reservoir': '1', 'b:a': '169k', 'abr': 'True'}",228.224609375,-2.678,-0.8,0.5378236440010369,2.0192994694911053
"{'ar': '44100', 'sample_fmt': 's32p', 'compression_level': '5', 'reservoir': '1', 'b:a': '191k', 'abr': 'True'}",262.986328125,-2.623,-0.739,0.6417819169873837,2.1035371128367117
"{'ar': '44100', 'sample_fmt': 's16p', 'compression_level': '0', 'reservoir': '1', 'b:a': '191k', 'abr': 'True'}",258.4072265625,-2.629,-0.746,0.9772945009754039,2.0698572827971877
"{'ar': '44100', 'sample_fmt': 's32p', 'compression_level': '9', 'reservoir': '1', 'b:a': '32k', 'abr': 'True'}",48.16796875,-3.35,-1.734,0.5418535229982808,0.445955238183664
"{'ar': '44100', 'sample_fmt': 's32p', 'compression_level': '5', 'reservoir': '1', 'b:a': '107k'}",156.1484375,-2.963,-1.14,0.6562108390207868,1.3542703838838481
"{'ar': '44100', 'sample_fmt': 's32p', 'compression_level': '9', 'reservoir': '1', 'b:a': '194k', 'abr': 'True'}",265.4287109375,-2.623,-0.74,0.590581224008929,2.103108821765204
"{'ar': '44100', 'sample_fmt': 's32p', 'compression_level': '5', 'reservoir': '1', 'b:a': '191k', 'abr': 'True'}",262.986328125,-2.623,-0.739,0.629385614010971,2.1044533594054107
"{'ar': '44100', 'sample_fmt': 's32p', 'compression_level': '6', 'reservoir': '1', 'b:a': '100k', 'abr': 'True'}",133.197265625,-3.231,-1.527,0.6460764069925062,0.6451360772630406
"{'ar': '44100', 'sample_fmt': 'fltp', 'compression_level': '0', 'reservoir': '1', 'b:a': '245k', 'abr': 'True'}",334.185546875,-2.595,-0.709,0.9994378359988332,2.0381936687788493
"{'ar': '44100', 'sample_fmt': 's16p', 'compression_level': '5', 'reservoir': '1', 'b:a': '144k', 'abr': 'True'}",196.37109375,-2.719,-0.846,0.6553361999976914,1.951402766346125
"{'ar': '44100', 'sample_fmt': 's32p', 'compression_level': '5', 'reservoir': '1', 'b:a': '191k', 'abr': 'True'}",262.986328125,-2.623,-0.739,0.6750199059897568,2.1010803970375087
"{'ar': '8000', 'sample_fmt': 'fltp', 'compression_level': '9', 'reservoir': '1', 'b:a': '262k', 'abr': 'True'}",90.21875,-3.858,-3.51,0.5251802499988116,-1.3637738900090726
"{'ar': '32000', 'sample_fmt': 's16p', 'compression_level': '7', 'reservoir': '1', 'aq': '9'}",81.7109375,-3.514,-2.081,0.6121826349699404,-0.10434019075886804
"{'ar': '44100', 'sample_fmt': 'fltp', 'compression_level': '2', 'reservoir': '1', 'b:a': '175k', 'abr': 'True'}",228.6669921875,-2.667,-0.788,1.0771731529966928,2.0081435114926762
"{'ar': '44100', 'sample_fmt': 's32p', 'compression_level': '5', 'reservoir': '1', 'b:a': '111k', 'abr': 'True'}",147.9248046875,-3.03,-1.23,0.6736123930022586,1.1816092527237074
"{'ar': '44100', 'sample_fmt': 's32p', 'compression_level': '0', 'reservoir': '1', 'b:a': '143k'}",178.4443359375,-2.948,-1.121,1.4560034209862351,1.3005214046623645
"{'ar': '44100', 'sample_fmt': 'fltp', 'compression_level': '7', 'reservoir': '1', 'b:a': '160k', 'abr': 'True'}",215.2890625,-2.714,-0.84,0.5600532709795516,1.941801109383068
"{'ar': '8000', 'sample_fmt': 's32p', 'compression_level': '5', 'reservoir': '1', 'aq': '9'}",36.359375,-3.85,-3.441,0.4870661119930446,-1.2346091326107722
"{'ar': '44100', 'sample_fmt': 'fltp', 'compression_level': '5', 'reservoir': '1', 'b:a': '128k', 'abr': 'True'}",172.0185546875,-2.859,-1.01,0.6922832060081419,1.6096039148731816
"{'ar': '44100', 'sample_fmt': 'fltp', 'compression_level': '0', 'reservoir': '1', 'b:a': '113k', 'abr': 'True'}",149.296875,-3.158,-1.414,1.1357831030036323,0.788983125883624
"{'ar': '44100', 'sample_fmt': 'fltp', 'compression_level': '2', 'reservoir': '1', 'b:a': '168k', 'abr': 'True'}",222.1962890625,-2.678,-0.8,1.001200881000841,1.9946690964676237
"{'ar': '44100', 'sample_fmt': 's32p', 'compression_level': '0', 'reservoir': '1', 'b:a': '105k', 'abr': 'True'}",138.4296875,-3.301,-1.646,1.1732703619927634,0.3971852592641868
"{'ar': '44100', 'sample_fmt': 's32p', 'compression_level': '7', 'reservoir': '1', 'b:a': '111k'}",156.1484375,-3.068,-1.283,0.7987201029900461,1.053983087131151
"{'ar': '44100', 'sample_fmt': 's32p', 'compression_level': '0', 'reservoir': '1', 'b:a': '107k', 'abr': 'True'}",141.0693359375,-3.267,-1.587,1.2852369509928394,0.4825274241485108
"{'ar': '44100', 'sample_fmt': 'fltp', 'compression_level': '5', 'reservoir': '1', 'b:a': '144k', 'abr': 'True'}",196.421875,-2.716,-0.843,0.9675125429930631,1.9361840697811485
"{'ar': '44100', 'sample_fmt': 's32p', 'compression_level': '9', 'reservoir': '1', 'b:a': '103k'}",133.853515625,-3.284,-1.617,0.6759174010076094,0.49000532615000597
"{'ar': '44100', 'sample_fmt': 's32p', 'compression_level': '5', 'reservoir': '1', 'b:a': '111k', 'abr': 'True'}",147.9248046875,-3.03,-1.23,0.8180066650093067,1.1709366548920863
"{'ar': '44100', 'sample_fmt': 's16p', 'compression_level': '5', 'reservoir': '1', 'b:a': '244k', 'abr': 'True'}",339.470703125,-2.594,-0.708,0.901582327001961,2.039638511648647
"{'ar': '44100', 'sample_fmt': 's16p', 'compression_level': '6', 'reservoir': '1', 'b:a': '193k', 'abr': 'True'}",265.529296875,-2.617,-0.733,0.9031110480136704,2.0960361739657363
"{'ar': '44100', 'sample_fmt': 's32p', 'compression_level': '0', 'reservoir': '1', 'b:a': '192k', 'abr': 'True'}",259.423828125,-2.623,-0.74,1.213245025021024,2.0666677201915724
"{'ar': '12000', 'sample_fmt': 'fltp', 'compression_level': '7', 'reservoir': '0', 'b:a': '108k'}",90.359375,-3.74,-2.803,0.5040138220065273,-0.8644720489714838
"{'ar': '32000', 'sample_fmt': 'fltp', 'compression_level': '7', 'reservoir': '1', 'b:a': '107k'}",156.59375,-3.405,-1.841,0.5786015309859067,0.10832727432907595
"{'ar': '44100', 'sample_fmt': 'fltp', 'compression_level': '7', 'reservoir': '1', 'b:a': '210k', 'abr': 'True'}",288.125,-2.608,-0.723,0.5853669609932695,2.1075904183361995
"{'ar': '44100', 'sample_fmt': 'fltp', 'compression_level': '5', 'reservoir': '1', 'b:a': '144k', 'abr': 'True'}",196.421875,-2.716,-0.843,0.7127037770114839,1.955017721874774
"{'ar': '44100', 'sample_fmt': 'fltp', 'compression_level': '2', 'reservoir': '1', 'b:a': '168k', 'abr': 'True'}",222.1962890625,-2.678,-0.8,0.9320015269913711,1.999783820654986
"{'ar': '44100', 'sample_fmt': 's32p', 'compression_level': '5', 'reservoir': '1', 'b:a': '107k', 'abr': 'True'}",142.1865234375,-3.107,-1.339,0.6642759159731213,0.9776655310307403
"{'ar': '44100', 'sample_fmt': 's16p', 'compression_level': '0', 'reservoir': '1', 'b:a': '247k', 'abr': 'True'}",335.70703125,-2.596,-0.71,1.2404212240071502,2.0153087153023983
"{'ar': '44100', 'sample_fmt': 's32p', 'compression_level': '7', 'reservoir': '1', 'b:a': '267k'}",356.8115234375,-2.604,-0.719,0.7296994799980894,1.9979033153791415
"{'ar': '44100', 'sample_fmt': 's32p', 'compression_level': '5', 'reservoir': '1', 'b:a': '196k', 'abr': 'True'}",269.1962890625,-2.619,-0.736,0.8091290379816201,2.0915251153137215
"{'ar': '44100', 'sample_fmt': 's32p', 'compression_level': '7', 'reservoir': '1', 'b:a': '107k'}",156.1484375,-3.068,-1.283,1.2277673869975843,1.022270962755897
"{'ar': '44100', 'sample_fmt': 's32p', 'compression_level': '5', 'reservoir': '1', 'b:a': '258k', 'abr': 'True'}",354.61328125,-2.581,-0.695,0.9471540579688735,2.0464978485612386
"{'ar': '44100', 'sample_fmt': 's32p', 'compression_level': '5', 'reservoir': '1', 'b:a': '169k', 'abr': 'True'}",229.1376953125,-2.65,-0.769,0.7579737080377527,2.0765880333842976
"{'ar': '44100', 'sample_fmt': 's32p', 'compression_level': '9', 'reservoir': '1', 'b:a': '194k', 'abr': 'True'}",265.4287109375,-2.623,-0.74,0.6094782979926094,2.1017120844291663
"{'ar': '12000', 'sample_fmt': 'fltp', 'compression_level': '5', 'reservoir': '0', 'b:a': '108k'}",90.359375,-3.761,-2.898,0.5279810109932441,-0.9451407765352126
"{'ar': '44100', 'sample_fmt': 'fltp', 'compression_level': '5', 'reservoir': '1', 'b:a': '114k', 'abr': 'True'}",152.1416015625,-2.973,-1.155,0.6881019250140525,1.3302755333720861
"{'ar': '32000', 'sample_fmt': 's16p', 'compression_level': '7', 'reservoir': '1', 'b:a': '194k', 'abr': 'True'}",269.796875,-3.179,-1.445,0.7850963190139737,0.5639179088738832
"{'ar': '44100', 'sample_fmt': 'fltp', 'compression_level': '5', 'reservoir': '1', 'b:a': '141k', 'abr': 'True'}",188.943359375,-2.791,-0.929,0.8193961309734732,1.757190223517895
"{'ar': '44100', 'sample_fmt': 's32p', 'compression_level': '0', 'reservoir': '1', 'b:a': '103k'}",133.853515625,-3.353,-1.74,1.646083297993755,0.21873046667359625
"{'ar': '44100', 'sample_fmt': 's16p', 'compression_level': '5', 'reservoir': '1', 'b:a': '169k', 'abr': 'True'}",229.2353515625,-2.654,-0.774,0.8239390260132495,2.060659476131289
"{'ar': '32000', 'sample_fmt': 'fltp', 'compression_level': '5', 'reservoir': '0', 'b:a': '174k', 'abr': 'True'}",250.953125,-3.192,-1.466,0.7760031709913164,0.557744496200588
"{'ar': '44100', 'sample_fmt': 's16p', 'compression_level': '5', 'reservoir': '1', 'b:a': '244k', 'abr': 'True'}",339.470703125,-2.594,-0.708,0.8547887459862977,2.0430971604187116
"{'ar': '44100', 'sample_fmt': 's32p', 'compression_level': '9', 'reservoir': '1', 'b:a': '194k', 'abr': 'True'}",265.4287109375,-2.623,-0.74,0.6706702130031772,2.097189213193508
"{'ar': '44100', 'sample_fmt': 'fltp', 'compression_level': '7', 'reservoir': '1', 'b:a': '32k'}",44.771484375,-3.286,-1.619,0.6920127690245863,0.6256699229215117
"{'ar': '44100', 'sample_fmt': 's32p', 'compression_level': '7', 'reservoir': '1', 'b:a': '107k'}",156.1484375,-3.068,-1.283,0.5812074929999653,1.0700600725784484
"{'ar': '44100', 'sample_fmt': 's32p', 'compression_level': '5', 'reservoir': '1', 'b:a': '193k', 'abr': 'True'}",265.427734375,-2.62,-0.736,0.6569456080032978,2.1064568438140627
"{'ar': '44100', 'sample_fmt': 's32p', 'compression_level': '9', 'reservoir': '1', 'b:a': '130k', 'abr': 'True'}",172.376953125,-2.918,-1.084,0.5496362010017037,1.4587652288316661
"{'ar': '44100', 'sample_fmt': 'fltp', 'compression_level': '5', 'reservoir': '1', 'b:a': '112k', 'abr': 'True'}",149.3994140625,-3.014,-1.208,0.7208787680137902,1.2199817667746835
"{'ar': '44100', 'sample_fmt': 'fltp', 'compression_level': '7', 'reservoir': '1', 'b:a': '144k'}",178.4443359375,-2.918,-1.084,0.554701039014617,1.448709364007551
"{'ar': '44100', 'sample_fmt': 's16p', 'compression_level': '6', 'reservoir': '1', 'b:a': '193k', 'abr': 'True'}",265.529296875,-2.617,-0.733,1.1311169699765742,2.0791835975129853
"{'ar': '16000', 'sample_fmt': 'fltp', 'compression_level': '0', 'reservoir': '1', 'b:a': '32k', 'abr': 'True'}",43.91796875,-3.277,-1.605,0.7456697220040951,0.6484517654271327
"{'ar': '44100', 'sample_fmt': 'fltp', 'compression_level': '9', 'reservoir': '1', 'b:a': '144k', 'abr': 'True'}",192.5791015625,-2.807,-0.948,0.5680690100125503,1.7266923968832872
"{'ar': '44100', 'sample_fmt': 'fltp', 'compression_level': '7', 'reservoir': '1', 'b:a': '32k'}",44.771484375,-3.286,-1.619,0.5521369469934143,0.6360085490605959
"{'ar': '44100', 'sample_fmt': 'fltp', 'compression_level': '6', 'reservoir': '1', 'b:a': '32k', 'abr': 'True'}",48.193359375,-3.348,-1.73,0.6607969170145225,0.44304498266405457
"{'ar': '44100', 'sample_fmt': 'fltp', 'compression_level': '5', 'reservoir': '1', 'b:a': '193k', 'abr': 'True'}",265.427734375,-2.62,-0.736,0.6514772830123547,2.1068610235133662
"{'ar': '44100', 'sample_fmt': 'fltp', 'compression_level': '6', 'reservoir': '1', 'b:a': '99k', 'abr': 'True'}",132.0302734375,-3.242,-1.545,0.6211569260049146,0.6175325086706759
"{'ar': '44100', 'sample_fmt': 's32p', 'compression_level': '5', 'reservoir': '1', 'b:a': '103k'}",133.853515625,-3.226,-1.519,0.641252594999969,0.6586188206992994
"{'ar': '44100', 'sample_fmt': 's16p', 'compression_level': '0', 'reservoir': '1', 'b:a': '118k', 'abr': 'True'}",156.0546875,-3.069,-1.283,1.554338189016562,0.9959528269617396
"{'ar': '44100', 'sample_fmt': 'fltp', 'compression_level': '2', 'reservoir': '1', 'b:a': '167k', 'abr': 'True'}",220.873046875,-2.698,-0.822,1.76986307601328,1.8864276617918876
"{'ar': '44100', 'sample_fmt': 'fltp', 'compression_level': '7', 'reservoir': '1', 'b:a': '144k', 'abr': 'True'}",192.5791015625,-2.807,-0.948,0.7634572130045854,1.7122506902796115
"{'ar': '44100', 'sample_fmt': 's32p', 'compression_level': '7', 'reservoir': '1', 'b:a': '101k', 'abr': 'True'}",131.775390625,-3.317,-1.674,0.5963511309819296,0.4043332116570805
"{'ar': '44100', 'sample_fmt': 'fltp', 'compression_level': '5', 'reservoir': '1', 'b:a': '128k', 'abr': 'True'}",172.0185546875,-2.859,-1.01,1.1472330700198654,1.5759772559714291
"{'ar': '12000', 'sample_fmt': 'fltp', 'compression_level': '7', 'reservoir': '0', 'b:a': '108k'}",90.359375,-3.74,-2.803,0.6142511860234663,-0.8726200110465541
"{'ar': '44100', 'sample_fmt': 'fltp', 'compression_level': '7', 'reservoir': '1', 'b:a': '32k'}",44.771484375,-3.286,-1.619,0.5560165429778863,0.6357217969123568
"{'ar': '44100', 'sample_fmt': 's32p', 'compression_level': '5', 'reservoir': '1', 'b:a': '107k', 'abr': 'True'}",142.1865234375,-3.107,-1.339,0.8187519499915652,0.9662477610403752
"{'ar': '44100', 'sample_fmt': 'fltp', 'compression_level': '7', 'reservoir': '0', 'aq': '9'}",103.8740234375,-3.314,-1.668,0.6784504349925555,0.4516688029740096
"{'ar': '12000', 'sample_fmt': 's32p', 'compression_level': '7', 'reservoir': '1', 'b:a': '108k'}",90.359375,-3.742,-2.811,0.8066196489962749,-0.8940220628823053
"{'ar': '44100', 'sample_fmt': 's32p', 'compression_level': '5', 'reservoir': '1', 'b:a': '111k', 'abr': 'True'}",147.9248046875,-3.03,-1.23,0.7133141389931552,1.1786747819702323
"{'ar': '44100', 'sample_fmt': 's32p', 'compression_level': '5', 'reservoir': '0', 'b:a': '108k'}",156.1484375,-2.947,-1.12,0.7096198439830914,1.3939109435802959
"{'ar': '44100', 'sample_fmt': 's32p', 'compression_level': '7', 'reservoir': '1', 'b:a': '168k'}",223.037109375,-2.692,-0.815,0.603344314993592,1.98538315169726
"{'ar': '32000', 'sample_fmt': 'fltp', 'compression_level': '7', 'reservoir': '0', 'b:a': '104k'}",134.234375,-3.553,-2.178,0.5804688640055247,-0.307272965860073
"{'ar': '44100', 'sample_fmt': 'fltp', 'compression_level': '0', 'reservoir': '1', 'b:a': '245k', 'abr': 'True'}",334.185546875,-2.595,-0.709,1.06674483497045,2.0332188140197744
"{'ar': '44100', 'sample_fmt': 's32p', 'compression_level': '2', 'reservoir': '1', 'b:a': '194k', 'abr': 'True'}",261.455078125,-2.62,-0.736,0.8991190959932283,2.09489612859824
"{'ar': '44100', 'sample_fmt': 'fltp', 'compression_level': '5', 'reservoir': '1', 'b:a': '193k', 'abr': 'True'}",265.427734375,-2.62,-0.736,0.7162223939958494,2.1020755252973653
"{'ar': '44100', 'sample_fmt': 'fltp', 'compression_level': '7', 'reservoir': '1', 'b:a': '32k'}",44.771484375,-3.286,-1.619,0.5653910659893882,0.6350288988314678
"{'ar': '44100', 'sample_fmt': 's32p', 'compression_level': '2', 'reservoir': '1', 'b:a': '32k'}",44.771484375,-3.268,-1.589,0.752103274979163,0.6726310933336382
"{'ar': '44100', 'sample_fmt': 'fltp', 'compression_level': '2', 'reservoir': '1', 'b:a': '168k', 'abr': 'True'}",222.1962890625,-2.678,-0.8,1.0927373689773958,1.987903370171742
"{'ar': '16000', 'sample_fmt': 'fltp', 'compression_level': '0', 'reservoir': '1', 'b:a': '149k', 'abr': 'True'}",127.16796875,-3.735,-2.779,1.0800881080213003,-0.9465648431646972
"{'ar': '8000', 'sample_fmt': 'fltp', 'compression_level': '0', 'reservoir': '1', 'b:a': '128k', 'abr': 'True'}",65.3984375,-3.857,-3.5,0.7514564589946531,-1.3354092022582718
"{'ar': '8000', 'sample_fmt': 's16p', 'compression_level': '9', 'reservoir': '1', 'b:a': '192k', 'abr': 'True'}",90.21875,-3.858,-3.51,0.6645817969692871,-1.3740774611081332
"{'ar': '44100', 'sample_fmt': 's32p', 'compression_level': '5', 'reservoir': '1', 'b:a': '111k', 'abr': 'True'}",147.9248046875,-3.03,-1.23,0.6891916180029511,1.1804577471920155
"{'ar': '44100', 'sample_fmt': 'fltp', 'compression_level': '5', 'reservoir': '1', 'b:a': '144k'}",178.4443359375,-2.834,-0.98,0.7402159780322108,1.6635198716721835
"{'ar': '32000', 'sample_fmt': 'fltp', 'compression_level': '7', 'reservoir': '1', 'b:a': '168k'}",223.671875,-3.202,-1.481,0.6427313240128569,0.5830954740339233
"{'ar': '44100', 'sample_fmt': 'fltp', 'compression_level': '7', 'reservoir': '1', 'b:a': '128k'}",178.4443359375,-2.916,-1.081,0.6131768310151529,1.4499935001707311
"{'ar': '44100', 'sample_fmt': 's32p', 'compression_level': '7', 'reservoir': '1', 'b:a': '110k', 'abr': 'True'}",143.609375,-3.215,-1.502,0.6339088749955408,0.6745866458959687
"{'ar': '44100', 'sample_fmt': 's32p', 'compression_level': '9', 'reservoir': '1', 'b:a': '194k', 'abr': 'True'}",265.4287109375,-2.623,-0.74,0.6499025280063506,2.098724212794144
"{'ar': '44100', 'sample_fmt': 's32p', 'compression_level': '0', 'reservoir': '1', 'b:a': '80k', 'abr': 'True'}",107.8193359375,-3.528,-2.116,1.2637391200114507,-0.23781903441807958
"{'ar': '44100', 'sample_fmt': 's32p', 'compression_level': '5', 'reservoir': '1', 'b:a': '169k', 'abr': 'True'}",229.1376953125,-2.65,-0.769,0.7509746899595484,2.0771053510321975
"{'ar': '44100', 'sample_fmt': 's32p', 'compression_level': '9', 'reservoir': '1', 'b:a': '194k', 'abr': 'True'}",265.4287109375,-2.623,-0.74,0.5977870509959757,2.102576218273334
"{'ar': '44100', 'sample_fmt': 's32p', 'compression_level': '7', 'reservoir': '0', 'b:a': '107k'}",156.1484375,-3.098,-1.324,0.5753557150019333,0.9876606645358011
"{'ar': '44100', 'sample_fmt': 's32p', 'compression_level': '5', 'reservoir': '1', 'b:a': '128k', 'abr': 'True'}",172.0185546875,-2.859,-1.011,0.675255467009265,1.6105470258511765
"{'ar': '44100', 'sample_fmt': 's32p', 'compression_level': '5', 'reservoir': '1', 'b:a': '245k', 'abr': 'True'}",340.6884765625,-2.589,-0.702,0.6806606439931784,2.0675667531949617
"{'ar': '44100', 'sample_fmt': 's32p', 'compression_level': '2', 'reservoir': '1', 'b:a': '194k', 'abr': 'True'}",261.455078125,-2.62,-0.736,0.7959651389974169,2.1025205355948198
"{'ar': '44100', 'sample_fmt': 's32p', 'compression_level': '9', 'reservoir': '1', 'b:a': '193k', 'abr': 'True'}",263.8056640625,-2.63,-0.747,0.7736100110050756,2.07365270004191
"{'ar': '44100', 'sample_fmt': 's16p', 'compression_level': '7', 'reservoir': '1', 'b:a': '107k'}",156.1484375,-3.065,-1.278,0.6413363979954738,1.0741828770379847
"{'ar': '44100', 'sample_fmt': 's32p', 'compression_level': '5', 'reservoir': '1', 'b:a': '103k'}",133.853515625,-3.226,-1.519,0.9586137100122869,0.6351617437609843
"{'ar': '44100', 'sample_fmt': 'fltp', 'compression_level': '7', 'reservoir': '1', 'b:a': '245k'}",356.8115234375,-2.605,-0.72,0.6267336549935862,2.0028684207510437
"{'ar': '44100', 'sample_fmt': 's32p', 'compression_level': '5', 'reservoir': '1', 'b:a': '141k'}",178.4443359375,-2.832,-0.978,0.7658212380192708,1.6669181054184654
"{'ar': '44100', 'sample_fmt': 's32p', 'compression_level': '5', 'reservoir': '1', 'b:a': '167k', 'abr': 'True'}",226.58984375,-2.66,-0.78,0.8112291640136391,2.0499478644643285
"{'ar': '48000', 'sample_fmt': 's32p', 'compression_level': '5', 'reservoir': '1', 'b:a': '143k', 'abr': 'True'}",191.2578125,-3.576,-2.24,0.796511807013303,-0.4873785965593267
"{'ar': '44100', 'sample_fmt': 'fltp', 'compression_level': '0', 'reservoir': '1', 'b:a': '32k', 'abr': 'True'}",48.244140625,-3.132,-1.375,1.1877137839910574,1.0192723126258652
"{'ar': '16000', 'sample_fmt': 'fltp', 'compression_level': '0', 'reservoir': '1', 'b:a': '32k', 'abr': 'True'}",43.91796875,-3.277,-1.605,0.7870465320011135,0.6453934858533278
"{'ar': '44100', 'sample_fmt': 's32p', 'compression_level': '5', 'reservoir': '1', 'b:a': '141k', 'abr': 'True'}",188.9462890625,-2.791,-0.929,0.7883417609846219,1.7594808669281874
"{'ar': '44100', 'sample_fmt': 's32p', 'compression_level': '5', 'reservoir': '1', 'b:a': '135k', 'abr': 'True'}",181.2529296875,-2.826,-0.971,1.1096212769916747,1.6532131134612194
"{'ar': '44100', 'sample_fmt': 's32p', 'compression_level': '0', 'reservoir': '1', 'b:a': '190k', 'abr': 'True'}",257.287109375,-2.633,-0.75,1.2053643540129997,2.0442057273835896
"{'ar': '44100', 'sample_fmt': 's32p', 'compression_level': '5', 'reservoir': '1', 'b:a': '148k', 'abr': 'True'}",202.1337890625,-2.704,-0.829,0.8235327909933403,1.970087401896164
"{'ar': '44100', 'sample_fmt': 's32p', 'compression_level': '5', 'reservoir': '0', 'b:a': '108k'}",156.1484375,-2.947,-1.12,1.0887977090023924,1.365884812046448
"{'ar': '32000', 'sample_fmt': 'fltp', 'compression_level': '7', 'reservoir': '1', 'b:a': '32k'}",44.8671875,-3.434,-1.9,0.8074290420045145,0.1835118499618116
"{'ar': '44100', 'sample_fmt': 's32p', 'compression_level': '9', 'reservoir': '1', 'b:a': '169k', 'abr': 'True'}",228.228515625,-2.681,-0.803,0.5758714459952898,2.008544824715232
"{'ar': '16000', 'sample_fmt': 'fltp', 'compression_level': '5', 'reservoir': '1', 'b:a': '32k', 'abr': 'True'}",43.42578125,-3.404,-1.84,0.580042620014865,0.2914442779405201
"{'ar': '32000', 'sample_fmt': 'fltp', 'compression_level': '7', 'reservoir': '1', 'b:a': '32k'}",44.8671875,-3.434,-1.9,0.5611359089671168,0.20171608702095062
"{'ar': '44100', 'sample_fmt': 'fltp', 'compression_level': '7', 'reservoir': '1', 'b:a': '169k'}",223.037109375,-2.691,-0.815,0.638301822997164,1.9851292791178596
"{'ar': '44100', 'sample_fmt': 's32p', 'compression_level': '5', 'reservoir': '1', 'b:a': '245k', 'abr': 'True'}",340.6884765625,-2.589,-0.702,0.6764132140087895,2.06788069301689
"{'ar': '44100', 'sample_fmt': 'fltp', 'compression_level': '9', 'reservoir': '1', 'b:a': '210k', 'abr': 'True'}",288.125,-2.608,-0.723,0.7594170689990278,2.0947258719835227
"{'ar': '32000', 'sample_fmt': 'fltp', 'compression_level': '7', 'reservoir': '1', 'b:a': '32k'}",44.8671875,-3.434,-1.9,0.6260196909715887,0.1969203392291372
"{'ar': '44100', 'sample_fmt': 's32p', 'compression_level': '5', 'reservoir': '1', 'b:a': '194k', 'abr': 'True'}",266.75,-2.623,-0.74,0.6662645779724699,2.0954065122143954
"{'ar': '44100', 'sample_fmt': 'fltp', 'compression_level': '5', 'reservoir': '1', 'b:a': '143k', 'abr': 'True'}",191.4599609375,-2.772,-0.907,0.7446934669860639,1.8099049650943644
"{'ar': '44100', 'sample_fmt': 'fltp', 'compression_level': '0', 'reservoir': '1', 'b:a': '192k', 'abr': 'True'}",259.4248046875,-2.623,-0.74,1.0309708729910199,2.080138571132979
"{'ar': '44100', 'sample_fmt': 'fltp', 'compression_level': '7', 'reservoir': '1', 'b:a': '113k', 'abr': 'True'}",147.62109375,-3.164,-1.423,0.5659903289924841,0.8169533882017235
"{'ar': '44100', 'sample_fmt': 's32p', 'compression_level': '6', 'reservoir': '1', 'b:a': '192k', 'abr': 'True'}",264.3115234375,-2.626,-0.742,0.6694792030320968,2.0914391704065385
"{'ar': '44100', 'sample_fmt': 'fltp', 'compression_level': '5', 'reservoir': '1', 'b:a': '128k', 'abr': 'True'}",172.0185546875,-2.859,-1.01,0.6970418980054092,1.6092521861987303
"{'ar': '44100', 'sample_fmt': 's32p', 'compression_level': '5', 'reservoir': '1', 'b:a': '141k', 'abr': 'True'}",188.9462890625,-2.791,-0.929,0.8858845779905096,1.75227119550011
"{'ar': '44100', 'sample_fmt': 's16p', 'compression_level': '7', 'reservoir': '1', 'b:a': '171k', 'abr': 'True'}",231.0771484375,-2.671,-0.792,0.7763476100226399,2.0159510105177745
"{'ar': '44100', 'sample_fmt': 'fltp', 'compression_level': '7', 'reservoir': '1', 'b:a': '192k', 'abr': 'True'}",262.2744140625,-2.63,-0.747,0.6243126679910347,2.0871310594477324
"{'ar': '44100', 'sample_fmt': 'fltp', 'compression_level': '5', 'reservoir': '1', 'b:a': '134k', 'abr': 'True'}",180.12890625,-2.828,-0.973,0.7071899159927852,1.679460749993264
"{'ar': '16000', 'sample_fmt': 'fltp', 'compression_level': '0', 'reservoir': '1', 'b:a': '32k', 'abr': 'True'}",43.91796875,-3.277,-1.605,0.8107495470030699,0.6436415275311832
"{'ar': '44100', 'sample_fmt': 's32p', 'compression_level': '5', 'reservoir': '0', 'b:a': '108k'}",156.1484375,-2.947,-1.12,0.6582098949875217,1.3977108014454824
"{'ar': '44100', 'sample_fmt': 's32p', 'compression_level': '7', 'reservoir': '1', 'b:a': '103k'}",133.853515625,-3.284,-1.617,0.5388375199981965,0.5001372962100685
"{'ar': '16000', 'sample_fmt': 's32p', 'compression_level': '8', 'reservoir': '1', 'b:a': '190k', 'abr': 'True'}",220.68359375,-3.766,-2.924,0.4781860650109593,-1.1692656393525103
"{'ar': '44100', 'sample_fmt': 's32p', 'compression_level': '5', 'reservoir': '1', 'b:a': '107k'}",156.1484375,-2.963,-1.14,0.6522511409712024,1.3545630566071527
"{'ar': '32000', 'sample_fmt': 'fltp', 'compression_level': '3', 'reservoir': '1', 'b:a': '32k'}",44.8671875,-3.422,-1.876,0.5814822769898456,0.23574248402351955
"{'ar': '44100', 'sample_fmt': 's16p', 'compression_level': '0', 'reservoir': '1', 'b:a': '192k', 'abr': 'True'}",259.6279296875,-2.626,-0.743,1.1007458959938958,2.066720989476776
"{'ar': '44100', 'sample_fmt': 's32p', 'compression_level': '9', 'reservoir': '1', 'b:a': '111k', 'abr': 'True'}",144.9306640625,-3.189,-1.462,0.6440073330013547,0.7449286255991013
"{'ar': '44100', 'sample_fmt': 's32p', 'compression_level': '5', 'reservoir': '0', 'b:a': '108k'}",156.1484375,-2.947,-1.12,0.7508409940055571,1.3908641692849468
"{'ar': '8000', 'sample_fmt': 'fltp', 'compression_level': '9', 'reservoir': '1', 'b:a': '32k'}",45.359375,-3.857,-3.498,1.4363075250003021,-1.3534219836233512
"{'ar': '32000', 'sample_fmt': 's32p', 'compression_level': '7', 'reservoir': '1', 'b:a': '267k'}",357.828125,-3.178,-1.444,1.6946432139957324,0.35886771626016134
"{'ar': '16000', 'sample_fmt': 'fltp', 'compression_level': '0', 'reservoir': '1', 'b:a': '32k', 'abr': 'True'}",43.91796875,-3.277,-1.605,1.0840246099687647,0.6234429780741698
"{'ar': '32000', 'sample_fmt': 's16p', 'compression_level': '7', 'reservoir': '1', 'b:a': '130k', 'abr': 'True'}",176.3515625,-3.293,-1.632,0.6591495079628658,0.3977307436302947
"{'ar': '8000', 'sample_fmt': 'fltp', 'compression_level': '9', 'reservoir': '1', 'b:a': '128k', 'abr': 'True'}",89.9375,-3.858,-3.51,0.5509853350231424,-1.3652324377291087
"{'ar': '8000', 'sample_fmt': 'fltp', 'compression_level': '7', 'reservoir': '0', 'aq': '9'}",43.4609375,-3.855,-3.486,0.5647751440119464,-1.27752986118796
"{'ar': '12000', 'sample_fmt': 'fltp', 'compression_level': '7', 'reservoir': '1', 'b:a': '32k', 'abr': 'True'}",42.78125,-3.777,-2.982,0.5441915369883645,-0.9341977249015836
"{'ar': '44100', 'sample_fmt': 'fltp', 'compression_level': '5', 'reservoir': '0', 'b:a': '103k'}",133.853515625,-3.241,-1.544,0.6699186249752529,0.6136645038326763
"{'ar': '32000', 'sample_fmt': 's16p', 'compression_level': '7', 'reservoir': '1', 'b:a': '254k', 'abr': 'True'}",352.0625,-3.172,-1.435,0.5898587879783008,0.46654428160894884
"{'ar': '44100', 'sample_fmt': 's16p', 'compression_level': '3', 'reservoir': '1', 'b:a': '126k'}",178.4443359375,-2.886,-1.044,0.7285777479992248,1.5230339812052343
"{'ar': '44100', 'sample_fmt': 's32p', 'compression_level': '5', 'reservoir': '1', 'b:a': '111k', 'abr': 'True'}",147.9248046875,-3.03,-1.23,0.6952537410252262,1.1800096781646001
"{'ar': '44100', 'sample_fmt': 's32p', 'compression_level': '5', 'reservoir': '1', 'b:a': '107k'}",156.1484375,-2.963,-1.14,0.7180491710023489,1.3496997341022192
"{'ar': '8000', 'sample_fmt': 'fltp', 'compression_level': '5', 'reservoir': '1', 'b:a': '125k', 'abr': 'True'}",85.2265625,-3.858,-3.508,0.543493302015122,-1.3565306868703757
"{'ar': '44100', 'sample_fmt': 'fltp', 'compression_level': '5', 'reservoir': '0', 'b:a': '108k'}",156.1484375,-2.949,-1.123,0.7128601449949201,1.3880651926708771
"{'ar': '44100', 'sample_fmt': 's32p', 'compression_level': '5', 'reservoir': '1', 'b:a': '143k', 'abr': 'True'}",191.4091796875,-2.771,-0.906,0.9608605490066111,1.796653857595815
"{'ar': '44100', 'sample_fmt': 's16p', 'compression_level': '0', 'reservoir': '1', 'b:a': '245k', 'abr': 'True'}",333.4716796875,-2.598,-0.713,1.305809932993725,2.0084362673720704
"{'ar': '44100', 'sample_fmt': 'fltp', 'compression_level': '7', 'reservoir': '1', 'b:a': '112k'}",156.1484375,-3.068,-1.283,0.7717086149787065,1.0559795842523432
"{'ar': '44100', 'sample_fmt': 's32p', 'compression_level': '7', 'reservoir': '1', 'b:a': '135k', 'abr': 'True'}",179.408203125,-2.879,-1.035,0.623504213988781,1.5484109514640658
"{'ar': '16000', 'sample_fmt': 's32p', 'compression_level': '7', 'reservoir': '1', 'b:a': '86k', 'abr': 'True'}",119.71484375,-3.714,-2.693,0.6925399039755575,-0.8299692302093511
"{'ar': '44100', 'sample_fmt': 's32p', 'compression_level': '2', 'reservoir': '1', 'b:a': '169k', 'abr': 'True'}",222.9072265625,-2.665,-0.786,1.1059387210116256,2.0204988118961933
"{'ar': '44100', 'sample_fmt': 's32p', 'compression_level': '5', 'reservoir': '1', 'b:a': '167k', 'abr': 'True'}",226.58984375,-2.66,-0.78,0.7508514250221197,2.0544105575980813
"{'ar': '44100', 'sample_fmt': 's16p', 'compression_level': '5', 'reservoir': '1', 'b:a': '244k', 'abr': 'True'}",339.470703125,-2.594,-0.708,0.7410646790231112,2.0515028347824096
"{'ar': '44100', 'sample_fmt': 's32p', 'compression_level': '7', 'reservoir': '1', 'b:a': '274k', 'abr': 'True'}",377.00390625,-2.6,-0.714,0.6129071080067661,1.9852125498315791
"{'ar': '44100', 'sample_fmt': 's16p', 'compression_level': '5', 'reservoir': '1', 'b:a': '254k', 'abr': 'True'}",350.544921875,-2.585,-0.699,0.6699557259853464,2.062896530248639
"{'ar': '44100', 'sample_fmt': 'fltp', 'compression_level': '0', 'reservoir': '1', 'b:a': '241k', 'abr': 'True'}",329.7158203125,-2.593,-0.707,1.0231845560192596,2.048861457064099
"{'ar': '16000', 'sample_fmt': 'fltp', 'compression_level': '5', 'reservoir': '1', 'b:a': '32k', 'abr': 'True'}",43.42578125,-3.404,-1.84,0.5490066180063877,0.2937382385189681
"{'ar': '44100', 'sample_fmt': 's32p', 'compression_level': '7', 'reservoir': '1', 'b:a': '168k'}",223.037109375,-2.692,-0.815,0.5482053560263012,1.9894586314634064
"{'ar': '44100', 'sample_fmt': 'fltp', 'compression_level': '7', 'reservoir': '1', 'b:a': '111k', 'abr': 'True'}",144.9306640625,-3.189,-1.462,0.55480763502419,0.7515216329946155
"{'ar': '44100', 'sample_fmt': 's16p', 'compression_level': '7', 'reservoir': '1', 'b:a': '245k', 'abr': 'True'}",337.8466796875,-2.604,-0.719,0.5530075760034379,2.041224654461814
"{'ar': '8000', 'sample_fmt': 's16p', 'compression_level': '5', 'reservoir': '1', 'aq': '9'}",36.359375,-3.85,-3.44,0.48082752199843526,-1.2338325619911927
"{'ar': '44100', 'sample_fmt': 's16p', 'compression_level': '0', 'reservoir': '1', 'b:a': '245k', 'abr': 'True'}",333.4716796875,-2.598,-0.713,1.0224669850140344,2.029378963298856
"{'ar': '44100', 'sample_fmt': 'fltp', 'compression_level': '8', 'reservoir': '1', 'b:a': '194k', 'abr': 'True'}",265.4287109375,-2.623,-0.74,0.5786205629701726,2.1039928687796228
"{'ar': '32000', 'sample_fmt': 's16p', 'compression_level': '7', 'reservoir': '1', 'b:a': '254k', 'abr': 'True'}",352.0625,-3.172,-1.435,0.5264297040121164,0.4712325084658021
"{'ar': '48000', 'sample_fmt': 'fltp', 'compression_level': '0', 'reservoir': '1', 'b:a': '32k', 'abr': 'True'}",49.2734375,-3.404,-1.84,1.0045315790048335,0.2507381744232945
"{'ar': '44100', 'sample_fmt': 'fltp', 'compression_level': '7', 'reservoir': '1', 'b:a': '32k', 'abr': 'True'}",48.16796875,-3.35,-1.734,0.5788354730175342,0.4432217954085563
"{'ar': '44100', 'sample_fmt': 's32p', 'compression_level': '0', 'reservoir': '1', 'b:a': '141k', 'abr': 'True'}",184.228515625,-2.851,-1.001,1.249297664995538,1.570428992717673
"{'ar': '44100', 'sample_fmt': 'fltp', 'compression_level': '8', 'reservoir': '1', 'b:a': '168k', 'abr': 'True'}",226.8955078125,-2.683,-0.806,0.6078551720129326,2.002701597605125
"{'ar': '44100', 'sample_fmt': 's32p', 'compression_level': '5', 'reservoir': '1', 'b:a': '189k', 'abr': 'True'}",260.5458984375,-2.625,-0.742,0.6724954420060385,2.0995548438436744
"{'ar': '44100', 'sample_fmt': 's32p', 'compression_level': '7', 'reservoir': '1', 'b:a': '168k', 'abr': 'True'}",226.8955078125,-2.684,-0.807,0.6363185360096395,1.9979523918894124
"{'ar': '44100', 'sample_fmt': 'fltp', 'compression_level': '7', 'reservoir': '1', 'b:a': '106k'}",156.1484375,-3.068,-1.283,0.6778245999885257,1.0629188230523363
"{'ar': '44100', 'sample_fmt': 's32p', 'compression_level': '0', 'reservoir': '1', 'b:a': '191k'}",267.6279296875,-2.627,-0.744,1.0669510050211102,2.053808154405219
"{'ar': '16000', 'sample_fmt': 'fltp', 'compression_level': '0', 'reservoir': '1', 'b:a': '32k', 'abr': 'True'}",43.91796875,-3.277,-1.605,0.7675969119882211,0.6468310634628144
"{'ar': '44100', 'sample_fmt': 's16p', 'compression_level': '2', 'reservoir': '1', 'b:a': '166k'}",223.037109375,-2.688,-0.811,0.8729322060244158,1.976038716753602
"{'ar': '44100', 'sample_fmt': 'fltp', 'compression_level': '0', 'reservoir': '1', 'b:a': '245k', 'abr': 'True'}",334.185546875,-2.595,-0.709,1.0104538589948788,2.0373794426914396
"{'ar': '44100', 'sample_fmt': 'fltp', 'compression_level': '5', 'reservoir': '1', 'b:a': '135k', 'abr': 'True'}",181.255859375,-2.827,-0.972,0.6616293189872522,1.6836754223827157
"{'ar': '16000', 'sample_fmt': 'fltp', 'compression_level': '5', 'reservoir': '1', 'b:a': '32k', 'abr': 'True'}",43.42578125,-3.404,-1.84,0.5375137210066896,0.2945877117417843
"{'ar': '44100', 'sample_fmt': 's32p', 'compression_level': '5', 'reservoir': '1', 'b:a': '135k', 'abr': 'True'}",181.2529296875,-2.826,-0.971,0.6799725590099115,1.6849696915591867
"{'ar': '44100', 'sample_fmt': 'fltp', 'compression_level': '3', 'reservoir': '1', 'b:a': '194k', 'abr': 'True'}",263.7978515625,-2.621,-0.738,0.6855326119984966,2.10398378741848
"{'ar': '44100', 'sample_fmt': 's32p', 'compression_level': '7', 'reservoir': '1', 'b:a': '88k', 'abr': 'True'}",116.0625,-3.455,-1.947,0.7048738349985797,0.013732921474983641
"{'ar': '44100', 'sample_fmt': 'fltp', 'compression_level': '5', 'reservoir': '1', 'b:a': '141k', 'abr': 'True'}",188.943359375,-2.791,-0.929,1.0229836399958003,1.742142482515878
"{'ar': '44100', 'sample_fmt': 's32p', 'compression_level': '7', 'reservoir': '1', 'b:a': '274k', 'abr': 'True'}",377.00390625,-2.6,-0.714,0.6022318419709336,1.9860015895875358
"{'ar': '12000', 'sample_fmt': 'fltp', 'compression_level': '7', 'reservoir': '0', 'b:a': '114k', 'abr': 'True'}",90.359375,-3.74,-2.804,0.5238613300025463,-0.8662544940397774
"{'ar': '16000', 'sample_fmt': 's32p', 'compression_level': '8', 'reservoir': '1', 'b:a': '187k', 'abr': 'True'}",220.68359375,-3.766,-2.924,0.5936755559814628,-1.1778018013052964
"{'ar': '44100', 'sample_fmt': 's32p', 'compression_level': '7', 'reservoir': '1', 'b:a': '113k'}",156.1484375,-3.068,-1.283,0.6195508840028197,1.067226001766733
"{'ar': '32000', 'sample_fmt': 's16p', 'compression_level': '7', 'reservoir': '1', 'b:a': '195k'}",268.390625,-3.178,-1.444,0.5526277600147296,0.5859896313232775
"{'ar': '44100', 'sample_fmt': 's32p', 'compression_level': '5', 'reservoir': '1', 'b:a': '193k', 'abr': 'True'}",265.427734375,-2.62,-0.736,0.6727856770157814,2.1052860585478226
"{'ar': '44100', 'sample_fmt': 's32p', 'compression_level': '5', 'reservoir': '1', 'b:a': '107k'}",156.1484375,-2.963,-1.14,0.8002588179951999,1.3436233815707876
"{'ar': '44100', 'sample_fmt': 's32p', 'compression_level': '9', 'reservoir': '1', 'b:a': '125k', 'abr': 'True'}",165.30859375,-2.981,-1.164,0.5841359960031696,1.295471223773938
"{'ar': '44100', 'sample_fmt': 's32p', 'compression_level': '5', 'reservoir': '1', 'b:a': '142k'}",178.4443359375,-2.832,-0.978,0.6904154240037315,1.6724915669967377
"{'ar': '44100', 'sample_fmt': 's32p', 'compression_level': '7', 'reservoir': '1', 'b:a': '141k', 'abr': 'True'}",187.755859375,-2.823,-0.967,0.8356990249885712,1.6713346509287828
"{'ar': '44100', 'sample_fmt': 'fltp', 'compression_level': '5', 'reservoir': '1', 'b:a': '114k', 'abr': 'True'}",152.1416015625,-2.973,-1.155,0.9573647869983688,1.3103735372817589
"{'ar': '44100', 'sample_fmt': 's32p', 'compression_level': '2', 'reservoir': '1', 'b:a': '169k', 'abr': 'True'}",222.9072265625,-2.665,-0.786,1.0366001339862123,2.02562382719804
"{'ar': '12000', 'sample_fmt': 's32p', 'compression_level': '7', 'reservoir': '1', 'b:a': '32k', 'abr': 'True'}",42.78125,-3.777,-2.982,0.5676682060002349,-0.9359329533376365
"{'ar': '44100', 'sample_fmt': 's32p', 'compression_level': '5', 'reservoir': '1', 'b:a': '190k', 'abr': 'True'}",261.765625,-2.622,-0.738,0.7471493319899309,2.1003423317819587
"{'ar': '12000', 'sample_fmt': 'fltp', 'compression_level': '7', 'reservoir': '0', 'b:a': '111k'}",90.359375,-3.74,-2.803,0.5119294240139425,-0.8650571139858092
"{'ar': '44100', 'sample_fmt': 's32p', 'compression_level': '5', 'reservoir': '1', 'b:a': '136k', 'abr': 'True'}",182.580078125,-2.825,-0.969,0.6881354619981721,1.6852095186784768
"{'ar': '44100', 'sample_fmt': 's32p', 'compression_level': '7', 'reservoir': '1', 'b:a': '274k', 'abr': 'True'}",377.00390625,-2.6,-0.714,0.5791742090077605,1.98770584585854
"{'ar': '44100', 'sample_fmt': 's32p', 'compression_level': '9', 'reservoir': '1', 'b:a': '191k', 'abr': 'True'}",260.7529296875,-2.631,-0.749,0.7145234799827449,2.0799302418078534
"{'ar': '44100', 'sample_fmt': 's32p', 'compression_level': '7', 'reservoir': '1', 'b:a': '168k'}",223.037109375,-2.692,-0.815,0.7023798460140824,1.9780631494635763
"{'ar': '44100', 'sample_fmt': 'fltp', 'compression_level': '7', 'reservoir': '1', 'b:a': '32k', 'abr': 'True'}",48.16796875,-3.35,-1.734,0.5905023210216314,0.4423594649644213
"{'ar': '44100', 'sample_fmt': 's32p', 'compression_level': '7', 'reservoir': '1', 'b:a': '168k'}",223.037109375,-2.692,-0.815,0.6052706259943079,1.9852407724856507
"{'ar': '44100', 'sample_fmt': 'fltp', 'compression_level': '2', 'reservoir': '1', 'b:a': '143k', 'abr': 'True'}",186.4326171875,-2.837,-0.983,0.8344629720086232,1.6358709976455086
"{'ar': '44100', 'sample_fmt': 'fltp', 'compression_level': '9', 'reservoir': '1', 'b:a': '141k', 'abr': 'True'}",187.755859375,-2.823,-0.967,0.6128125570248812,1.6878088337451957
"{'ar': '44100', 'sample_fmt': 's32p', 'compression_level': '0', 'reservoir': '1', 'b:a': '194k', 'abr': 'True'}",261.7607421875,-2.621,-0.737,1.0291302849946078,2.082153492415622
"{'ar': '8000', 'sample_fmt': 'fltp', 'compression_level': '9', 'reservoir': '1', 'b:a': '128k', 'abr': 'True'}",89.9375,-3.858,-3.51,0.4948997040046379,-1.3610869866965085
"{'ar': '44100', 'sample_fmt': 'fltp', 'compression_level': '6', 'reservoir': '0', 'b:a': '108k'}",156.1484375,-2.949,-1.123,0.7261060879682191,1.3870861467552074
"{'ar': '44100', 'sample_fmt': 's32p', 'compression_level': '0', 'reservoir': '1', 'b:a': '245k', 'abr': 'True'}",334.185546875,-2.595,-0.709,1.0563535829714965,2.0339868614776853
"{'ar': '44100', 'sample_fmt': 's32p', 'compression_level': '5', 'reservoir': '1', 'b:a': '194k', 'abr': 'True'}",266.75,-2.623,-0.74,0.6890554540150333,2.0937219727181144
"{'ar': '32000', 'sample_fmt': 'fltp', 'compression_level': '7', 'reservoir': '1', 'b:a': '196k', 'abr': 'True'}",272.5390625,-3.177,-1.443,0.60310971798026,0.5782842453074057
"{'ar': '44100', 'sample_fmt': 's16p', 'compression_level': '9', 'reservoir': '1', 'b:a': '209k', 'abr': 'True'}",286.689453125,-2.609,-0.724,0.6336155039898586,2.1036694842173898
"{'ar': '44100', 'sample_fmt': 'fltp', 'compression_level': '9', 'reservoir': '1', 'b:a': '110k', 'abr': 'True'}",143.609375,-3.215,-1.502,0.7732980749860872,0.6642839873978678
"{'ar': '44100', 'sample_fmt': 's16p', 'compression_level': '5', 'reservoir': '1', 'b:a': '244k', 'abr': 'True'}",339.470703125,-2.594,-0.708,0.8495739780191798,2.043482598985801
"{'ar': '44100', 'sample_fmt': 's32p', 'compression_level': '6', 'reservoir': '1', 'b:a': '193k', 'abr': 'True'}",265.427734375,-2.62,-0.736,0.7900290340185165,2.09662026328928
"{'ar': '16000', 'sample_fmt': 's32p', 'compression_level': '5', 'reservoir': '1', 'b:a': '148k', 'abr': 'True'}",194.94921875,-3.764,-2.914,0.5677975059952587,-1.1270111887252634
"{'ar': '44100', 'sample_fmt': 'fltp', 'compression_level': '5', 'reservoir': '1', 'b:a': '141k', 'abr': 'True'}",188.943359375,-2.791,-0.929,0.7299960299860686,1.7637980432789053
"{'ar': '44100', 'sample_fmt': 's32p', 'compression_level': '7', 'reservoir': '1', 'b:a': '267k', 'abr': 'True'}",367.890625,-2.601,-0.716,0.6039459349995013,1.9974557817127736
"{'ar': '44100', 'sample_fmt': 's32p', 'compression_level': '5', 'reservoir': '1', 'b:a': '253k'}",356.8115234375,-2.592,-0.706,0.6633426300249994,2.034868155236662
"{'ar': '44100', 'sample_fmt': 'fltp', 'compression_level': '3', 'reservoir': '1', 'b:a': '106k', 'abr': 'True'}",139.0380859375,-3.25,-1.559,0.6932069169997703,0.5779690468709533
"{'ar': '44100', 'sample_fmt': 'fltp', 'compression_level': '5', 'reservoir': '1', 'b:a': '141k', 'abr': 'True'}",188.943359375,-2.791,-0.929,0.6908376940118615,1.7666923490280129
"{'ar': '44100', 'sample_fmt': 'fltp', 'compression_level': '2', 'reservoir': '1', 'b:a': '257k', 'abr': 'True'}",344.4462890625,-2.589,-0.703,0.9072544889932033,2.044506880614669
"{'ar': '44100', 'sample_fmt': 's32p', 'compression_level': '7', 'reservoir': '1', 'b:a': '32k'}",44.771484375,-3.286,-1.619,0.5841518720262684,0.6336422334530871
"{'ar': '44100', 'sample_fmt': 'fltp', 'compression_level': '5', 'reservoir': '1', 'b:a': '32k', 'abr': 'True'}",48.193359375,-3.348,-1.73,0.6174019110039808,0.44625243293624184
"{'ar': '44100', 'sample_fmt': 'fltp', 'compression_level': '2', 'reservoir': '1', 'aq': '9'}",103.837890625,-3.343,-1.721,0.6418617400049698,0.37014334205863236
"{'ar': '44100', 'sample_fmt': 'fltp', 'compression_level': '7', 'reservoir': '1', 'b:a': '101k'}",133.853515625,-3.284,-1.617,0.5892614409967791,0.49641031852299633
"{'ar': '44100', 'sample_fmt': 's32p', 'compression_level': '5', 'reservoir': '1', 'b:a': '143k', 'abr': 'True'}",191.4091796875,-2.771,-0.906,0.8065162219863851,1.8080618927414105
"{'ar': '32000', 'sample_fmt': 'fltp', 'compression_level': '7', 'reservoir': '1', 'b:a': '254k', 'abr': 'True'}",352.0625,-3.174,-1.437,1.004890317999525,0.43057730961420504
"{'ar': '44100', 'sample_fmt': 's32p', 'compression_level': '9', 'reservoir': '1', 'b:a': '192k', 'abr': 'True'}",262.2744140625,-2.63,-0.747,0.8401449709781446,2.07117827034581
"{'ar': '44100', 'sample_fmt': 's32p', 'compression_level': '2', 'reservoir': '1', 'b:a': '194k', 'abr': 'True'}",261.455078125,-2.62,-0.736,0.778742925991537,2.1037934791169377
"{'ar': '32000', 'sample_fmt': 'fltp', 'compression_level': '7', 'reservoir': '0', 'b:a': '168k'}",223.671875,-3.202,-1.481,0.565694946970325,0.5887894552365844
"{'ar': '44100', 'sample_fmt': 's32p', 'compression_level': '5', 'reservoir': '1', 'b:a': '111k', 'abr': 'True'}",147.9248046875,-3.03,-1.23,1.6221065200224984,1.1115033113824369
"{'ar': '16000', 'sample_fmt': 's32p', 'compression_level': '7', 'reservoir': '1', 'b:a': '173k'}",224.375,-3.762,-2.907,1.0156686900008935,-1.2002002350867615
"{'ar': '44100', 'sample_fmt': 's32p', 'compression_level': '5', 'reservoir': '1', 'b:a': '141k', 'abr': 'True'}",188.9462890625,-2.791,-0.929,1.0889940719644073,1.7372587859714157
"{'ar': '44100', 'sample_fmt': 's32p', 'compression_level': '0', 'reservoir': '1', 'b:a': '191k', 'abr': 'True'}",258.5087890625,-2.628,-0.745,1.2432389659807086,2.0526838955741367
"{'ar': '44100', 'sample_fmt': 's32p', 'compression_level': '5', 'reservoir': '1', 'b:a': '167k', 'abr': 'True'}",226.58984375,-2.66,-0.78,0.7723199109896086,2.052823759772932
"{'ar': '44100', 'sample_fmt': 's32p', 'compression_level': '0', 'reservoir': '1', 'b:a': '192k', 'abr': 'True'}",259.423828125,-2.623,-0.74,1.2064946169848554,2.067166662352975
"{'ar': '44100', 'sample_fmt': 'fltp', 'compression_level': '2', 'reservoir': '1', 'b:a': '113k', 'abr': 'True'}",148.1796875,-3.165,-1.424,0.8020745230023749,0.7959669987996282
"{'ar': '44100', 'sample_fmt': 's32p', 'compression_level': '2', 'reservoir': '1', 'b:a': '194k', 'abr': 'True'}",261.455078125,-2.62,-0.736,1.1608505779586267,2.075550798564964
"{'ar': '44100', 'sample_fmt': 'fltp', 'compression_level': '5', 'reservoir': '1', 'b:a': '114k', 'abr': 'True'}",152.1416015625,-2.973,-1.155,0.8934950190305244,1.3150943363664103
"{'ar': '44100', 'sample_fmt': 'fltp', 'compression_level': '0', 'reservoir': '1', 'b:a': '253k', 'abr': 'True'}",340.58203125,-2.593,-0.707,1.6238322000135668,1.987127026081206
"{'ar': '44100', 'sample_fmt': 'fltp', 'compression_level': '5', 'reservoir': '1', 'b:a': '128k', 'abr': 'True'}",172.0185546875,-2.859,-1.01,0.9046067020390183,1.5939104718311283
"{'ar': '44100', 'sample_fmt': 's32p', 'compression_level': '8', 'reservoir': '1', 'b:a': '114k', 'abr': 'True'}",149.4501953125,-3.139,-1.384,0.7937991079816129,0.8677480743877564
"{'ar': '44100', 'sample_fmt': 'fltp', 'compression_level': '7', 'reservoir': '1', 'b:a': '126k'}",178.4443359375,-2.916,-1.081,0.6312698750116397,1.4486561910140707
"{'ar': '44100', 'sample_fmt': 's32p', 'compression_level': '5', 'reservoir': '0', 'b:a': '106k'}",156.1484375,-2.947,-1.12,0.7169484710029792,1.3933692635832016
"{'ar': '44100', 'sample_fmt': 's16p', 'compression_level': '2', 'reservoir': '1', 'b:a': '193k', 'abr': 'True'}",260.1357421875,-2.623,-0.74,0.8389413279946893,2.093197611813488
"{'ar': '44100', 'sample_fmt': 'fltp', 'compression_level': '0', 'reservoir': '1', 'b:a': '191k', 'abr': 'True'}",258.5078125,-2.628,-0.745,1.1582724459876772,2.0589655748204567
"{'ar': '8000', 'sample_fmt': 's16p', 'compression_level': '2', 'reservoir': '1', 'b:a': '102k'}",90.921875,-3.858,-3.514,0.6537202699983027,-1.375658439578894
"{'ar': '44100', 'sample_fmt': 's16p', 'compression_level': '5', 'reservoir': '1', 'b:a': '190k', 'abr': 'True'}",261.8701171875,-2.623,-0.74,0.7055303289962467,2.1002909234005283
"{'ar': '44100', 'sample_fmt': 'fltp', 'compression_level': '0', 'reservoir': '1', 'b:a': '103k'}",133.853515625,-3.344,-1.723,1.3542582000081893,0.26663233629205
"{'ar': '44100', 'sample_fmt': 's32p', 'compression_level': '5', 'reservoir': '1', 'b:a': '270k', 'abr': 'True'}",364.4189453125,-2.583,-0.696,1.0614434879971668,2.0174285014009827
"{'ar': '44100', 'sample_fmt': 'fltp', 'compression_level': '2', 'reservoir': '1', 'b:a': '32k', 'abr': 'True'}",47.76171875,-3.294,-1.634,0.7497746860026382,0.5932577827667577
"{'ar': '44100', 'sample_fmt': 's16p', 'compression_level': '5', 'reservoir': '1', 'b:a': '244k', 'abr': 'True'}",339.470703125,-2.594,-0.708,0.7579834540083539,2.050252319241098
"{'ar': '8000', 'sample_fmt': 's16p', 'compression_level': '9', 'reservoir': '1', 'aq': '9'}",36.8515625,-3.855,-3.486,0.5469658040092327,-1.26566717564899
"{'ar': '44100', 'sample_fmt': 's32p', 'compression_level': '5', 'reservoir': '1', 'b:a': '107k', 'abr': 'True'}",142.1865234375,-3.107,-1.339,1.0672771459794603,0.9478785457596323
"{'ar': '44100', 'sample_fmt': 's32p', 'compression_level': '0', 'reservoir': '1', 'b:a': '123k', 'abr': 'True'}",163.576171875,-3.072,-1.289,2.908515347982757,0.8749773502456912
"{'ar': '44100', 'sample_fmt': 'fltp', 'compression_level': '0', 'reservoir': '1', 'b:a': '103k'}",133.853515625,-3.344,-1.723,1.8287172020063736,0.23156370063542386
"{'ar': '44100', 'sample_fmt': 'fltp', 'compression_level': '9', 'reservoir': '1', 'b:a': '114k', 'abr': 'True'}",149.4501953125,-3.139,-1.384,1.091556461993605,0.8457399680646571
"{'ar': '44100', 'sample_fmt': 's32p', 'compression_level': '9', 'reservoir': '1', 'b:a': '148k', 'abr': 'True'}",198.2060546875,-2.779,-0.915,0.7577112820290495,1.7793450456105284
"{'ar': '44100', 'sample_fmt': 's32p', 'compression_level': '9', 'reservoir': '1', 'b:a': '110k', 'abr': 'True'}",143.609375,-3.215,-1.502,0.7553977830102667,0.6656070496957767
"{'ar': '44100', 'sample_fmt': 'fltp', 'compression_level': '5', 'reservoir': '1', 'b:a': '104k', 'abr': 'True'}",138.3779296875,-3.17,-1.431,1.0082826930156443,0.7825079771582745
"{'ar': '44100', 'sample_fmt': 's32p', 'compression_level': '7', 'reservoir': '1', 'b:a': '270k', 'abr': 'True'}",371.88671875,-2.6,-0.715,0.8123613019706681,1.9783201706621236
"{'ar': '44100', 'sample_fmt': 's32p', 'compression_level': '2', 'reservoir': '1', 'b:a': '192k'}",267.6279296875,-2.626,-0.742,1.1655160899972543,2.0494837788519282
"{'ar': '44100', 'sample_fmt': 's32p', 'compression_level': '5', 'reservoir': '1', 'b:a': '108k', 'abr': 'True'}",143.8623046875,-3.086,-1.308,1.303814331011381,0.9864293194168313
"{'ar': '32000', 'sample_fmt': 's32p', 'compression_level': '9', 'reservoir': '0', 'b:a': '166k'}",223.671875,-3.202,-1.481,0.6776754459715448,0.5805126530185163
"{'ar': '16000', 'sample_fmt': 'fltp', 'compression_level': '9', 'reservoir': '0', 'aq': '9'}",66.69921875,-3.805,-3.135,0.6219126629875973,-1.0916107700183184
"{'ar': '16000', 'sample_fmt': 'fltp', 'compression_level': '5', 'reservoir': '1', 'b:a': '125k', 'abr': 'True'}",162.46484375,-3.767,-2.93,0.6635458250239026,-1.0942912041898474
"{'ar': '44100', 'sample_fmt': 's32p', 'compression_level': '5', 'reservoir': '1', 'b:a': '148k', 'abr': 'True'}",202.1337890625,-2.704,-0.829,0.8649034200061578,1.9670295791767596
"{'ar': '44100', 'sample_fmt': 's16p', 'compression_level': '0', 'reservoir': '1', 'b:a': '191k', 'abr': 'True'}",258.4072265625,-2.629,-0.746,1.1664430620148778,2.055876766157957
"{'ar': '44100', 'sample_fmt': 's32p', 'compression_level': '9', 'reservoir': '1', 'b:a': '110k', 'abr': 'True'}",143.609375,-3.215,-1.502,0.6690902460250072,0.6719862891162744
"{'ar': '44100', 'sample_fmt': 's32p', 'compression_level': '5', 'reservoir': '1', 'b:a': '107k', 'abr': 'True'}",142.1865234375,-3.107,-1.339,0.8144015900033992,0.9665693087162706
"{'ar': '12000', 'sample_fmt': 's32p', 'compression_level': '7', 'reservoir': '1', 'b:a': '168k'}",90.640625,-3.742,-2.811,0.5255042100034188,-0.8736927892513279
"{'ar': '32000', 'sample_fmt': 's16p', 'compression_level': '7', 'reservoir': '1', 'b:a': '254k', 'abr': 'True'}",352.0625,-3.172,-1.435,0.6165325270267203,0.46457274848943914
"{'ar': '44100', 'sample_fmt': 'fltp', 'compression_level': '8', 'reservoir': '0', 'aq': '9'}",103.8740234375,-3.314,-1.668,0.9600079420197289,0.4308580741465656
"{'ar': '44100', 'sample_fmt': 's32p', 'compression_level': '7', 'reservoir': '1', 'b:a': '274k', 'abr': 'True'}",377.00390625,-2.6,-0.714,1.0536326600122266,1.9526372509274514
"{'ar': '44100', 'sample_fmt': 'fltp', 'compression_level': '7', 'reservoir': '1', 'b:a': '32k', 'abr': 'True'}",48.16796875,-3.35,-1.734,0.6733546910108998,0.43623560691935304
"{'ar': '44100', 'sample_fmt': 'fltp', 'compression_level': '2', 'reservoir': '1', 'b:a': '142k', 'abr': 'True'}",185.3486328125,-2.846,-0.995,0.9138486470037606,1.6069781071096623
"{'ar': '32000', 'sample_fmt': 'fltp', 'compression_level': '7', 'reservoir': '1', 'b:a': '252k', 'abr': 'True'}",349.390625,-3.173,-1.437,0.6757363670039922,0.46149938334220897
"{'ar': '44100', 'sample_fmt': 'fltp', 'compression_level': '5', 'reservoir': '1', 'b:a': '32k', 'abr': 'True'}",48.193359375,-3.348,-1.73,0.7390182910021394,0.43726341491345905
"{'ar': '44100', 'sample_fmt': 'fltp', 'compression_level': '5', 'reservoir': '1', 'b:a': '167k', 'abr': 'True'}",226.58984375,-2.66,-0.78,0.7360554550250527,2.055504170489455
"{'ar': '44100', 'sample_fmt': 'fltp', 'compression_level': '2', 'reservoir': '1', 'b:a': '272k', 'abr': 'True'}",352.3828125,-2.583,-0.696,0.8852035790041555,2.049660533409672
"{'ar': '16000', 'sample_fmt': 'fltp', 'compression_level': '5', 'reservoir': '1', 'b:a': '111k', 'abr': 'True'}",142.77734375,-3.766,-2.925,0.5737341449712403,-1.052331086594675
"{'ar': '44100', 'sample_fmt': 's32p', 'compression_level': '0', 'reservoir': '1', 'aq': '9'}",103.837890625,-3.343,-1.721,0.6217089679848868,0.37163289166453495
"{'ar': '44100', 'sample_fmt': 's32p', 'compression_level': '9', 'reservoir': '1', 'b:a': '107k', 'abr': 'True'}",139.2421875,-3.248,-1.556,0.5829634270339739,0.5913980349926925
"{'ar': '32000', 'sample_fmt': 's16p', 'compression_level': '7', 'reservoir': '1', 'b:a': '254k', 'abr': 'True'}",352.0625,-3.172,-1.435,0.5610098200268112,0.46867659218141083
"{'ar': '8000', 'sample_fmt': 'fltp', 'compression_level': '9', 'reservoir': '1', 'b:a': '128k', 'abr': 'True'}",89.9375,-3.858,-3.51,0.5017183929739986,-1.3615909756989624
"{'ar': '44100', 'sample_fmt': 's32p', 'compression_level': '5', 'reservoir': '1', 'b:a': '110k', 'abr': 'True'}",146.65625,-3.064,-1.277,0.6855074299674015,1.0887098123305596
"{'ar': '16000', 'sample_fmt': 'fltp', 'compression_level': '0', 'reservoir': '1', 'b:a': '32k', 'abr': 'True'}",43.91796875,-3.277,-1.605,0.8188502429693472,0.6430427816875801
"{'ar': '32000', 'sample_fmt': 'fltp', 'compression_level': '2', 'reservoir': '1', 'b:a': '195k', 'abr': 'True'}",252.1484375,-3.185,-1.455,0.77721213400946,0.5755274277530401
"{'ar': '32000', 'sample_fmt': 'fltp', 'compression_level': '7', 'reservoir': '1', 'b:a': '32k', 'abr': 'True'}",46.73046875,-3.442,-1.918,0.5415488540020306,0.1758728968516602
"{'ar': '44100', 'sample_fmt': 'fltp', 'compression_level': '5', 'reservoir': '1', 'b:a': '259k', 'abr': 'True'}",355.53125,-2.582,-0.695,1.0306363429699559,2.0365327235953985
"{'ar': '44100', 'sample_fmt': 's32p', 'compression_level': '5', 'reservoir': '1', 'b:a': '167k', 'abr': 'True'}",226.58984375,-2.66,-0.78,0.7358231040125247,2.0555213442241054
"{'ar': '44100', 'sample_fmt': 'fltp', 'compression_level': '5', 'reservoir': '1', 'b:a': '148k', 'abr': 'True'}",202.134765625,-2.704,-0.829,0.7657502150104847,1.9743567207677177
"{'ar': '44100', 'sample_fmt': 's16p', 'compression_level': '5', 'reservoir': '1', 'b:a': '113k', 'abr': 'True'}",150.56640625,-2.997,-1.185,0.6909528510004748,1.2671960362594865
"{'ar': '44100', 'sample_fmt': 'fltp', 'compression_level': '5', 'reservoir': '1', 'b:a': '128k', 'abr': 'True'}",172.0185546875,-2.859,-1.01,0.6997347279975656,1.6090531513538175
"{'ar': '44100', 'sample_fmt': 'fltp', 'compression_level': '7', 'reservoir': '1', 'b:a': '126k'}",178.4443359375,-2.916,-1.081,0.6101731039816514,1.4502155143142212
"{'ar': '44100', 'sample_fmt': 's32p', 'compression_level': '8', 'reservoir': '1', 'b:a': '86k', 'abr': 'True'}",113.6484375,-3.472,-1.982,0.6472654800163582,-0.02880703200050443
"{'ar': '44100', 'sample_fmt': 'fltp', 'compression_level': '2', 'reservoir': '1', 'b:a': '168k', 'abr': 'True'}",222.1962890625,-2.678,-0.8,1.022518662008224,1.9930934376814962
"{'ar': '44100', 'sample_fmt': 'fltp', 'compression_level': '5', 'reservoir': '1', 'b:a': '253k', 'abr': 'True'}",349.935546875,-2.586,-0.699,0.8047595770040061,2.0515752084239995
"{'ar': '8000', 'sample_fmt': 's16p', 'compression_level': '2', 'reservoir': '1', 'b:a': '167k', 'abr': 'True'}",74.8203125,-3.858,-3.512,0.6965816360025201,-1.3525028367554233
"{'ar': '16000', 'sample_fmt': 's32p', 'compression_level': '9', 'reservoir': '1', 'b:a': '86k', 'abr': 'True'}",119.71484375,-3.714,-2.693,0.5365194260084536,-0.8184373059044942
"{'ar': '44100', 'sample_fmt': 'fltp', 'compression_level': '5', 'reservoir': '0', 'b:a': '143k', 'abr': 'True'}",222.4267578125,-2.772,-0.907,0.7372579540242441,1.7610419235639487
"{'ar': '32000', 'sample_fmt': 's16p', 'compression_level': '3', 'reservoir': '1', 'b:a': '195k', 'abr': 'True'}",259.1796875,-3.179,-1.445,0.7102938930038363,0.5863882426246537
"{'ar': '44100', 'sample_fmt': 's32p', 'compression_level': '5', 'reservoir': '0', 'b:a': '143k', 'abr': 'True'}",222.32421875,-2.772,-0.906,0.7083953309920616,1.7636543197841652
"{'ar': '44100', 'sample_fmt': 'fltp', 'compression_level': '5', 'reservoir': '1', 'b:a': '128k', 'abr': 'True'}",172.0185546875,-2.859,-1.01,0.6922729520010762,1.60960467277647
"{'ar': '44100', 'sample_fmt': 's32p', 'compression_level': '5', 'reservoir': '1', 'b:a': '127k', 'abr': 'True'}",170.6982421875,-2.86,-1.012,0.749754913005745,1.6045019362331359
"{'ar': '44100', 'sample_fmt': 's32p', 'compression_level': '7', 'reservoir': '1', 'b:a': '273k'}",356.8115234375,-2.604,-0.719,0.6920338689815253,2.000687289513811
"{'ar': '44100', 'sample_fmt': 's32p', 'compression_level': '1', 'reservoir': '1', 'b:a': '110k', 'abr': 'True'}",145.3359375,-3.218,-1.507,1.2294257979956456,0.6192481493071591
"{'ar': '44100', 'sample_fmt': 's32p', 'compression_level': '5', 'reservoir': '1', 'b:a': '108k', 'abr': 'True'}",143.8623046875,-3.086,-1.308,0.7070597899728455,1.0305371717032923
"{'ar': '32000', 'sample_fmt': 'fltp', 'compression_level': '7', 'reservoir': '0', 'b:a': '32k'}",44.8671875,-3.413,-1.857,0.5458086029975675,0.2653423786322334
"{'ar': '12000', 'sample_fmt': 'fltp', 'compression_level': '5', 'reservoir': '1', 'b:a': '32k', 'abr': 'True'}",43.671875,-3.78,-2.995,0.5246037919714581,-0.9452618496856878
"{'ar': '44100', 'sample_fmt': 's32p', 'compression_level': '5', 'reservoir': '1', 'b:a': '103k'}",133.853515625,-3.226,-1.519,0.671841586008668,0.6563578999953605
"{'ar': '44100', 'sample_fmt': 'fltp', 'compression_level': '6', 'reservoir': '1', 'b:a': '168k', 'abr': 'True'}",228.12109375,-2.654,-0.773,0.7334610440011602,2.0694404053563256
"{'ar': '44100', 'sample_fmt': 's32p', 'compression_level': '5', 'reservoir': '1', 'b:a': '265k', 'abr': 'True'}",360.4267578125,-2.586,-0.699,0.6788207869976759,2.0441432542777376
"{'ar': '16000', 'sample_fmt': 's32p', 'compression_level': '8', 'reservoir': '1', 'b:a': '87k', 'abr': 'True'}",121.19140625,-3.713,-2.69,0.5254544719937257,-0.8166992486434879
"{'ar': '44100', 'sample_fmt': 'fltp', 'compression_level': '9', 'reservoir': '1', 'b:a': '210k', 'abr': 'True'}",288.125,-2.608,-0.723,0.710484756011283,2.0983426006129227
"{'ar': '32000', 'sample_fmt': 's16p', 'compression_level': '7', 'reservoir': '1', 'aq': '9'}",81.7109375,-3.514,-2.081,0.609448937990237,-0.10413813531683175
"{'ar': '16000', 'sample_fmt': 'fltp', 'compression_level': '7', 'reservoir': '1', 'b:a': '86k', 'abr': 'True'}",119.71484375,-3.714,-2.693,0.5348123500007205,-0.8183111309846354
"{'ar': '44100', 'sample_fmt': 'fltp', 'compression_level': '0', 'reservoir': '1', 'b:a': '192k', 'abr': 'True'}",259.4248046875,-2.623,-0.74,1.081239043007372,2.076423105451003
"{'ar': '8000', 'sample_fmt': 's32p', 'compression_level': '5', 'reservoir': '1', 'b:a': '143k', 'abr': 'True'}",85.3671875,-3.858,-3.508,0.5851870049955323,-1.3598367792555663
"{'ar': '32000', 'sample_fmt': 's16p', 'compression_level': '7', 'reservoir': '1', 'b:a': '194k', 'abr': 'True'}",269.796875,-3.179,-1.445,0.6464055489923339,0.5741689443950607
"{'ar': '44100', 'sample_fmt': 'fltp', 'compression_level': '7', 'reservoir': '1', 'b:a': '167k'}",223.037109375,-2.691,-0.815,0.5805766140110791,1.989395916095154
"{'ar': '44100', 'sample_fmt': 'fltp', 'compression_level': '5', 'reservoir': '1', 'b:a': '107k', 'abr': 'True'}",142.1865234375,-3.108,-1.339,0.6758866609889083,0.9744774094833073
"{'ar': '8000', 'sample_fmt': 's32p', 'compression_level': '7', 'reservoir': '1', 'b:a': '267k'}",91.484375,-3.858,-3.511,0.5133380599727388,-1.3652335709565488
"{'ar': '44100', 'sample_fmt': 's32p', 'compression_level': '7', 'reservoir': '1', 'b:a': '32k', 'abr': 'True'}",48.16796875,-3.35,-1.734,0.5739624889974948,0.44358197173662595
"{'ar': '32000', 'sample_fmt': 'fltp', 'compression_level': '7', 'reservoir': '1', 'b:a': '195k', 'abr': 'True'}",271.34375,-3.179,-1.446,0.5650430700043216,0.5773989281937215
"{'ar': '44100', 'sample_fmt': 'fltp', 'compression_level': '7', 'reservoir': '1', 'b:a': '106k', 'abr': 'True'}",138.0224609375,-3.264,-1.582,0.5853298050060403,0.5476884796520237
"{'ar': '44100', 'sample_fmt': 'fltp', 'compression_level': '2', 'reservoir': '1', 'b:a': '275k', 'abr': 'True'}",354.119140625,-2.586,-0.7,0.8520267639833037,2.0410904831820353
"{'ar': '44100', 'sample_fmt': 'fltp', 'compression_level': '5', 'reservoir': '1', 'b:a': '32k', 'abr': 'True'}",48.193359375,-3.348,-1.73,0.762057380983606,0.43556052920780775
"{'ar': '44100', 'sample_fmt': 'fltp', 'compression_level': '6', 'reservoir': '1', 'b:a': '274k', 'abr': 'True'}",367.5830078125,-2.588,-0.702,0.7172477720014285,2.0242777790459017
"{'ar': '44100', 'sample_fmt': 's32p', 'compression_level': '7', 'reservoir': '1', 'b:a': '267k'}",356.8115234375,-2.604,-0.719,0.6652247339952737,2.0026688301382753
"{'ar': '44100', 'sample_fmt': 's32p', 'compression_level': '5', 'reservoir': '1', 'b:a': '143k', 'abr': 'True'}",191.4091796875,-2.771,-0.906,0.747348251985386,1.8124351683537787
"{'ar': '44100', 'sample_fmt': 's16p', 'compression_level': '0', 'reservoir': '1', 'b:a': '193k', 'abr': 'True'}",260.84765625,-2.625,-0.742,1.1453707159962505,2.064121761838468
"{'ar': '12000', 'sample_fmt': 'fltp', 'compression_level': '7', 'reservoir': '1', 'b:a': '32k', 'abr': 'True'}",42.78125,-3.777,-2.982,0.5665793649968691,-0.9358524739531707
"{'ar': '44100', 'sample_fmt': 'fltp', 'compression_level': '3', 'reservoir': '1', 'b:a': '194k', 'abr': 'True'}",263.7978515625,-2.621,-0.738,0.8354876560042612,2.092900176862111
"{'ar': '44100', 'sample_fmt': 'fltp', 'compression_level': '2', 'reservoir': '1', 'b:a': '32k', 'abr': 'True'}",47.76171875,-3.294,-1.634,0.7350978059985209,0.5943425933726747
"{'ar': '44100', 'sample_fmt': 's16p', 'compression_level': '6', 'reservoir': '1', 'b:a': '193k', 'abr': 'True'}",265.529296875,-2.617,-0.733,0.7265211130143143,2.109088446269642
"{'ar': '44100', 'sample_fmt': 's32p', 'compression_level': '5', 'reservoir': '1', 'b:a': '113k', 'abr': 'True'}",150.5673828125,-2.991,-1.178,0.6840949980251025,1.283889197602814
"{'ar': '44100', 'sample_fmt': 's32p', 'compression_level': '9', 'reservoir': '1', 'b:a': '194k', 'abr': 'True'}",265.4287109375,-2.623,-0.74,0.5918269180110656,2.1030167489224154
"{'ar': '44100', 'sample_fmt': 'fltp', 'compression_level': '5', 'reservoir': '1', 'b:a': '32k', 'abr': 'True'}",48.193359375,-3.348,-1.73,0.8211389000061899,0.43119364343703054
"{'ar': '44100', 'sample_fmt': 'fltp', 'compression_level': '5', 'reservoir': '1', 'b:a': '128k', 'abr': 'True'}",172.0185546875,-2.859,-1.01,0.9124979900079779,1.5933272039376338
"{'ar': '44100', 'sample_fmt': 'fltp', 'compression_level': '7', 'reservoir': '1', 'b:a': '144k'}",178.4443359375,-2.918,-1.084,0.7961102169938385,1.4308661141776082
"{'ar': '44100', 'sample_fmt': 'fltp', 'compression_level': '5', 'reservoir': '0', 'b:a': '169k'}",223.037109375,-2.67,-0.792,0.761953649984207,2.0321740533025734
"{'ar': '44100', 'sample_fmt': 's32p', 'compression_level': '7', 'reservoir': '1', 'b:a': '267k'}",356.8115234375,-2.604,-0.719,0.6050567650236189,2.007116018563787
"{'ar': '44100', 'sample_fmt': 'fltp', 'compression_level': '5', 'reservoir': '1', 'b:a': '114k', 'abr': 'True'}",152.1416015625,-2.973,-1.155,0.7120656610059086,1.3285043044082963
"{'ar': '44100', 'sample_fmt': 'fltp', 'compression_level': '0', 'reservoir': '1', 'b:a': '126k'}",178.4443359375,-2.946,-1.119,1.3351126369962003,1.3147475842790655
"{'ar': '44100', 'sample_fmt': 's32p', 'compression_level': '7', 'reservoir': '1', 'b:a': '168k', 'abr': 'True'}",226.8955078125,-2.684,-0.807,0.6125473479623906,1.999709389078302
"{'ar': '8000', 'sample_fmt': 'fltp', 'compression_level': '9', 'reservoir': '1', 'b:a': '128k', 'abr': 'True'}",89.9375,-3.858,-3.51,0.521824388008099,-1.3630770678826818
"{'ar': '32000', 'sample_fmt': 's16p', 'compression_level': '7', 'reservoir': '1', 'b:a': '256k', 'abr': 'True'}",354.453125,-3.17,-1.432,0.8385138609737623,0.4499570819410732
"{'ar': '44100', 'sample_fmt': 's32p', 'compression_level': '7', 'reservoir': '1', 'b:a': '269k', 'abr': 'True'}",370.4501953125,-2.599,-0.713,0.6401363430195488,1.9963028792357767
"{'ar': '44100', 'sample_fmt': 's32p', 'compression_level': '7', 'reservoir': '1', 'b:a': '139k', 'abr': 'True'}",185.037109375,-2.844,-0.992,0.6761323739774525,1.6306517414881545
"{'ar': '44100', 'sample_fmt': 'fltp', 'compression_level': '7', 'reservoir': '1', 'b:a': '32k', 'abr': 'True'}",48.16796875,-3.35,-1.734,0.6490682449948508,0.4380306883134129
"{'ar': '44100', 'sample_fmt': 'fltp', 'compression_level': '0', 'reservoir': '1', 'b:a': '253k', 'abr': 'True'}",340.58203125,-2.593,-0.707,1.1193481930240523,2.0244148966057445
"{'ar': '44100', 'sample_fmt': 's16p', 'compression_level': '5', 'reservoir': '1', 'b:a': '113k', 'abr': 'True'}",150.56640625,-2.997,-1.185,0.6911047190078534,1.2671848112562802
"{'ar': '44100', 'sample_fmt': 'fltp', 'compression_level': '3', 'reservoir': '1', 'b:a': '193k', 'abr': 'True'}",262.3759765625,-2.622,-0.739,0.7274003099882975,2.1005126642627676
"{'ar': '44100', 'sample_fmt': 's32p', 'compression_level': '5', 'reservoir': '1', 'b:a': '259k', 'abr': 'True'}",355.53125,-2.582,-0.695,0.7149270579975564,2.0598677090029542
"{'ar': '44100', 'sample_fmt': 's16p', 'compression_level': '5', 'reservoir': '1', 'b:a': '107k', 'abr': 'True'}",142.23828125,-3.095,-1.321,0.6884950420062523,1.0094303427396134
"{'ar': '44100', 'sample_fmt': 'fltp', 'compression_level': '7', 'reservoir': '1', 'b:a': '32k', 'abr': 'True'}",48.16796875,-3.35,-1.734,0.5978220069955569,0.44181844582586677
"{'ar': '44100', 'sample_fmt': 'fltp', 'compression_level': '5', 'reservoir': '1', 'b:a': '144k', 'abr': 'True'}",196.421875,-2.716,-0.843,0.7094738369924016,1.9552564560736085
"{'ar': '44100', 'sample_fmt': 's32p', 'compression_level': '7', 'reservoir': '1', 'b:a': '191k'}",267.6279296875,-2.63,-0.747,0.6188284659874626,2.078993997255228
"{'ar': '44100', 'sample_fmt': 's32p', 'compression_level': '6', 'reservoir': '1', 'b:a': '168k', 'abr': 'True'}",228.119140625,-2.654,-0.773,1.0399507450056262,2.046789982569731
"{'ar': '44100', 'sample_fmt': 'fltp', 'compression_level': '5', 'reservoir': '1', 'b:a': '141k', 'abr': 'True'}",188.943359375,-2.791,-0.929,0.8414063889940735,1.7555633817549985
"{'ar': '44100', 'sample_fmt': 's32p', 'compression_level': '7', 'reservoir': '1', 'b:a': '168k', 'abr': 'True'}",226.8955078125,-2.684,-0.807,0.6201700199744664,1.9991459753662728
"{'ar': '44100', 'sample_fmt': 's32p', 'compression_level': '2', 'reservoir': '1', 'b:a': '168k', 'abr': 'True'}",222.15234375,-2.678,-0.8,0.9178354719770141,2.000900996689836
"{'ar': '44100', 'sample_fmt': 'fltp', 'compression_level': '7', 'reservoir': '1', 'b:a': '168k'}",223.037109375,-2.691,-0.815,0.6064880309859291,1.9874807284026221
"{'ar': '32000', 'sample_fmt': 's32p', 'compression_level': '7', 'reservoir': '1', 'b:a': '32k'}",44.8671875,-3.434,-1.9,0.5952544669853523,0.19919428582162269
"{'ar': '44100', 'sample_fmt': 's32p', 'compression_level': '7', 'reservoir': '1', 'b:a': '210k', 'abr': 'True'}",288.125,-2.608,-0.723,0.6142584570043255,2.1054549643919818
"{'ar': '32000', 'sample_fmt': 's16p', 'compression_level': '7', 'reservoir': '1', 'b:a': '263k', 'abr': 'True'}",363.453125,-3.178,-1.443,0.5923828709928785,0.4316788078820119
"{'ar': '44100', 'sample_fmt': 'fltp', 'compression_level': '0', 'reservoir': '1', 'b:a': '37k', 'abr': 'True'}",54.5927734375,-3.124,-1.362,1.0837823059700895,1.039564361770997
"{'ar': '44100', 'sample_fmt': 's32p', 'compression_level': '5', 'reservoir': '1', 'b:a': '103k'}",133.853515625,-3.226,-1.519,0.7086833979992662,0.6536348152268411
"{'ar': '32000', 'sample_fmt': 's16p', 'compression_level': '7', 'reservoir': '1', 'b:a': '254k', 'abr': 'True'}",352.0625,-3.172,-1.435,0.6760847810073756,0.46017106933785157
"{'ar': '44100', 'sample_fmt': 's32p', 'compression_level': '7', 'reservoir': '1', 'b:a': '141k', 'abr': 'True'}",187.755859375,-2.823,-0.967,0.632939791015815,1.6863211717288127
"{'ar': '44100', 'sample_fmt': 'fltp', 'compression_level': '2', 'reservoir': '1', 'b:a': '257k', 'abr': 'True'}",344.4462890625,-2.589,-0.703,0.8555967930005863,2.0483250501762043
"{'ar': '44100', 'sample_fmt': 's32p', 'compression_level': '7', 'reservoir': '1', 'b:a': '168k', 'abr': 'True'}",226.8955078125,-2.684,-0.807,0.6252812409948092,1.9987681902531904
"{'ar': '44100', 'sample_fmt': 'fltp', 'compression_level': '7', 'reservoir': '1', 'b:a': '32k', 'abr': 'True'}",48.16796875,-3.35,-1.734,0.6584641090012155,0.4373362128579347
"{'ar': '44100', 'sample_fmt': 's32p', 'compression_level': '5', 'reservoir': '1', 'b:a': '259k', 'abr': 'True'}",355.53125,-2.582,-0.695,0.711622307979269,2.060111972624973
"{'ar': '44100', 'sample_fmt': 's32p', 'compression_level': '9', 'reservoir': '1', 'b:a': '143k', 'abr': 'True'}",190.841796875,-2.805,-0.945,0.7842829659639392,1.719089805209788
"{'ar': '44100', 'sample_fmt': 's16p', 'compression_level': '5', 'reservoir': '1', 'b:a': '113k', 'abr': 'True'}",150.56640625,-2.997,-1.185,0.7577629239822272,1.2622579107360539
"{'ar': '44100', 'sample_fmt': 's32p', 'compression_level': '9', 'reservoir': '1', 'b:a': '32k', 'abr': 'True'}",48.16796875,-3.35,-1.734,0.6699692869733553,0.43648583191296286
"{'ar': '12000', 'sample_fmt': 'fltp', 'compression_level': '7', 'reservoir': '1', 'b:a': '32k', 'abr': 'True'}",42.78125,-3.777,-2.982,0.5524942449992523,-0.9348114020390622
"{'ar': '44100', 'sample_fmt': 'fltp', 'compression_level': '0', 'reservoir': '1', 'b:a': '192k', 'abr': 'True'}",259.4248046875,-2.623,-0.74,1.198067479999736,2.0677879781292243
"{'ar': '44100', 'sample_fmt': 'fltp', 'compression_level': '0', 'reservoir': '1', 'b:a': '254k', 'abr': 'True'}",341.498046875,-2.59,-0.704,1.2199178879964165,2.023456034906179
"{'ar': '44100', 'sample_fmt': 's32p', 'compression_level': '7', 'reservoir': '1', 'b:a': '103k'}",133.853515625,-3.284,-1.617,0.6558134299993981,0.49149126873212406
"{'ar': '32000', 'sample_fmt': 'fltp', 'compression_level': '7', 'reservoir': '1', 'b:a': '32k'}",44.8671875,-3.434,-1.9,0.6080110330076423,0.19825141117032224
"{'ar': '12000', 'sample_fmt': 's16p', 'compression_level': '7', 'reservoir': '1', 'b:a': '261k', 'abr': 'True'}",88.578125,-3.74,-2.803,0.5465804979903623,-0.8647759973963309
"{'ar': '44100', 'sample_fmt': 'fltp', 'compression_level': '5', 'reservoir': '1', 'b:a': '141k', 'abr': 'True'}",188.943359375,-2.791,-0.929,0.7488128039694857,1.762407241147892
"{'ar': '44100', 'sample_fmt': 'fltp', 'compression_level': '0', 'reservoir': '1', 'b:a': '192k', 'abr': 'True'}",259.4248046875,-2.623,-0.74,1.0516168359899893,2.078612568356887
"{'ar': '44100', 'sample_fmt': 's32p', 'compression_level': '7', 'reservoir': '1', 'b:a': '168k'}",223.037109375,-2.692,-0.815,0.6771031660027802,1.9799314219132342
"{'ar': '44100', 'sample_fmt': 's32p', 'compression_level': '5', 'reservoir': '1', 'b:a': '105k'}",156.1484375,-2.963,-1.14,0.6866007930075284,1.352024174581265
"{'ar': '44100', 'sample_fmt': 's32p', 'compression_level': '5', 'reservoir': '1', 'b:a': '260k', 'abr': 'True'}",356.4482421875,-2.585,-0.698,0.7212458199937828,2.0500012703317454
"{'ar': '44100', 'sample_fmt': 's32p', 'compression_level': '5', 'reservoir': '1', 'b:a': '139k', 'abr': 'True'}",186.576171875,-2.807,-0.948,0.731657909025671,1.7241797311547735
"{'ar': '44100', 'sample_fmt': 'fltp', 'compression_level': '5', 'reservoir': '1', 'b:a': '253k', 'abr': 'True'}",349.935546875,-2.586,-0.699,0.7487164009944536,2.055717521484226
"{'ar': '44100', 'sample_fmt': 's32p', 'compression_level': '5', 'reservoir': '1', 'b:a': '143k', 'abr': 'True'}",191.4091796875,-2.771,-0.906,0.7497812150104437,1.8122553410272184
"{'ar': '16000', 'sample_fmt': 's32p', 'compression_level': '8', 'reservoir': '1', 'b:a': '86k', 'abr': 'True'}",119.71484375,-3.714,-2.693,0.5672911549918354,-0.8207117333001129
"{'ar': '8000', 'sample_fmt': 's32p', 'compression_level': '5', 'reservoir': '1', 'b:a': '127k', 'abr': 'True'}",85.2265625,-3.858,-3.508,0.5468599620216992,-1.356779526438501
"{'ar': '44100', 'sample_fmt': 'fltp', 'compression_level': '5', 'reservoir': '1', 'b:a': '143k', 'abr': 'True'}",191.4599609375,-2.772,-0.907,0.7272158949926961,1.811196782937037
"{'ar': '16000', 'sample_fmt': 'fltp', 'compression_level': '2', 'reservoir': '1', 'b:a': '76k', 'abr': 'True'}",87.546875,-3.819,-3.221,0.7306106640317012,-1.1926593733955584
"{'ar': '44100', 'sample_fmt': 'fltp', 'compression_level': '7', 'reservoir': '1', 'b:a': '210k', 'abr': 'True'}",288.125,-2.608,-0.723,0.721346767997602,2.097539757924214
"{'ar': '32000', 'sample_fmt': 'fltp', 'compression_level': '7', 'reservoir': '1', 'b:a': '32k', 'abr': 'True'}",46.73046875,-3.442,-1.918,0.5755288549698889,0.17336133680424815
"{'ar': '44100', 'sample_fmt': 'fltp', 'compression_level': '7', 'reservoir': '1', 'b:a': '168k'}",223.037109375,-2.691,-0.815,0.6873818300082348,1.9815016339964748
"{'ar': '44100', 'sample_fmt': 's32p', 'compression_level': '5', 'reservoir': '1', 'b:a': '260k', 'abr': 'True'}",356.4482421875,-2.585,-0.698,0.8347352079872508,2.04161294176874
"{'ar': '44100', 'sample_fmt': 's32p', 'compression_level': '5', 'reservoir': '1', 'b:a': '141k', 'abr': 'True'}",188.9462890625,-2.791,-0.929,0.9119087610160932,1.7503476729429617
"{'ar': '44100', 'sample_fmt': 's32p', 'compression_level': '0', 'reservoir': '1', 'b:a': '249k', 'abr': 'True'}",337.53515625,-2.592,-0.706,1.1882678110268898,2.026828035361003
"{'ar': '44100', 'sample_fmt': 'fltp', 'compression_level': '5', 'reservoir': '0', 'b:a': '168k'}",223.037109375,-2.67,-0.792,0.7666815479751676,2.031824600702099
"{'ar': '44100', 'sample_fmt': 's32p', 'compression_level': '7', 'reservoir': '1', 'b:a': '139k'}",178.4443359375,-2.916,-1.081,0.6607675940031186,1.4464759293778553
"{'ar': '44100', 'sample_fmt': 'fltp', 'compression_level': '5', 'reservoir': '1', 'b:a': '141k', 'abr': 'True'}",188.943359375,-2.791,-0.929,0.9104747630190104,1.7504583386767234
"{'ar': '44100', 'sample_fmt': 's32p', 'compression_level': '7', 'reservoir': '1', 'b:a': '168k'}",223.037109375,-2.692,-0.815,0.6528164179762825,1.981726525629759
"{'ar': '44100', 'sample_fmt': 'fltp', 'compression_level': '5', 'reservoir': '1', 'b:a': '144k', 'abr': 'True'}",196.421875,-2.716,-0.843,0.7824270199926104,1.949864275539883
"{'ar': '32000', 'sample_fmt': 'fltp', 'compression_level': '7', 'reservoir': '1', 'b:a': '113k', 'abr': 'True'}",152.1640625,-3.41,-1.851,0.5876547699735966,0.09992214557384506
"{'ar': '44100', 'sample_fmt': 's32p', 'compression_level': '7', 'reservoir': '1', 'b:a': '168k'}",223.037109375,-2.692,-0.815,0.689338044001488,1.979027106731031
"{'ar': '44100', 'sample_fmt': 's32p', 'compression_level': '8', 'reservoir': '1', 'b:a': '86k', 'abr': 'True'}",113.6484375,-3.472,-1.982,0.821407139999792,-0.041678345224365414
"{'ar': '44100', 'sample_fmt': 's32p', 'compression_level': '7', 'reservoir': '1', 'b:a': '254k'}",356.8115234375,-2.604,-0.719,0.7451594530139118,1.9967606241061973
"{'ar': '32000', 'sample_fmt': 's32p', 'compression_level': '7', 'reservoir': '0', 'b:a': '168k'}",223.671875,-3.202,-1.481,0.65704143900075,0.5820377720900223
"{'ar': '44100', 'sample_fmt': 'fltp', 'compression_level': '0', 'reservoir': '1', 'b:a': '257k', 'abr': 'True'}",343.5302734375,-2.587,-0.7,1.5065689950133674,2.007277718532363
"{'ar': '44100', 'sample_fmt': 'fltp', 'compression_level': '5', 'reservoir': '1', 'b:a': '141k'}",178.4443359375,-2.833,-0.979,1.0713064829760697,1.641693412102372
"{'ar': '44100', 'sample_fmt': 's16p', 'compression_level': '2', 'reservoir': '1', 'b:a': '254k', 'abr': 'True'}",341.8037109375,-2.59,-0.703,0.9950119849818293,2.0399072010839236
"{'ar': '44100', 'sample_fmt': 's32p', 'compression_level': '2', 'reservoir': '1', 'b:a': '169k', 'abr': 'True'}",222.9072265625,-2.665,-0.786,0.9410665769828483,2.032684988414126
"{'ar': '44100', 'sample_fmt': 'fltp', 'compression_level': '0', 'reservoir': '1', 'b:a': '254k', 'abr': 'True'}",341.498046875,-2.59,-0.704,1.7555749310122337,1.9838640752230128
"{'ar': '32000', 'sample_fmt': 's16p', 'compression_level': '5', 'reservoir': '1', 'b:a': '133k', 'abr': 'True'}",176.84375,-3.273,-1.597,1.2944110259995796,0.40763116428332447
"{'ar': '44100', 'sample_fmt': 's32p', 'compression_level': '7', 'reservoir': '1', 'b:a': '270k', 'abr': 'True'}",371.88671875,-2.6,-0.715,0.747018542024307,1.9831498428397127
"{'ar': '44100', 'sample_fmt': 'fltp', 'compression_level': '0', 'reservoir': '1', 'b:a': '32k', 'abr': 'True'}",48.244140625,-3.132,-1.375,1.4874550130043644,0.9971175723695569
"{'ar': '44100', 'sample_fmt': 'fltp', 'compression_level': '7', 'reservoir': '1', 'b:a': '194k', 'abr': 'True'}",265.4287109375,-2.623,-0.74,1.5272839320241474,2.0338744182706603
"{'ar': '32000', 'sample_fmt': 'fltp', 'compression_level': '7', 'reservoir': '1', 'b:a': '253k'}",357.828125,-3.177,-1.443,0.8051588410162367,0.427257472433452
"{'ar': '32000', 'sample_fmt': 'fltp', 'compression_level': '7', 'reservoir': '1', 'b:a': '32k'}",44.8671875,-3.434,-1.9,0.8056273990077898,0.183645014601052
"{'ar': '44100', 'sample_fmt': 'fltp', 'compression_level': '0', 'reservoir': '1', 'b:a': '253k', 'abr': 'True'}",340.58203125,-2.593,-0.707,1.2643206760112662,2.0136995615299975
"{'ar': '44100', 'sample_fmt': 'fltp', 'compression_level': '2', 'reservoir': '1', 'b:a': '122k', 'abr': 'True'}",161.291015625,-3.076,-1.293,2.016152360010892,0.9339992348921917
"{'ar': '44100', 'sample_fmt': 's32p', 'compression_level': '5', 'reservoir': '1', 'b:a': '107k', 'abr': 'True'}",142.1865234375,-3.107,-1.339,0.9484746450325474,0.956659581851807
"{'ar': '44100', 'sample_fmt': 'fltp', 'compression_level': '2', 'reservoir': '1', 'b:a': '128k', 'abr': 'True'}",168.8642578125,-2.985,-1.17,1.3628584200050682,1.2210274504119558
"{'ar': '44100', 'sample_fmt': 's32p', 'compression_level': '1', 'reservoir': '1', 'b:a': '254k', 'abr': 'True'}",344.853515625,-2.588,-0.702,2.069762280007126,1.9605781702666303
"{'ar': '44100', 'sample_fmt': 'fltp', 'compression_level': '0', 'reservoir': '0', 'b:a': '169k', 'abr': 'True'}",243.6708984375,-2.693,-0.816,2.496251003991347,1.8099029461114786
"{'ar': '44100', 'sample_fmt': 's32p', 'compression_level': '9', 'reservoir': '1', 'b:a': '141k', 'abr': 'True'}",187.755859375,-2.823,-0.967,0.8458077110117301,1.67058748873854
"{'ar': '44100', 'sample_fmt': 'fltp', 'compression_level': '0', 'reservoir': '1', 'b:a': '192k', 'abr': 'True'}",259.4248046875,-2.623,-0.74,1.5465320690127555,2.0420319535625744
"{'ar': '44100', 'sample_fmt': 'fltp', 'compression_level': '7', 'reservoir': '1', 'b:a': '32k'}",44.771484375,-3.286,-1.619,0.6685128539975267,0.6274068695377101
"{'ar': '44100', 'sample_fmt': 's32p', 'compression_level': '0', 'reservoir': '1', 'b:a': '253k', 'abr': 'True'}",340.58203125,-2.593,-0.707,1.5981051390408538,1.989028587488974
"{'ar': '16000', 'sample_fmt': 'fltp', 'compression_level': '8', 'reservoir': '0', 'aq': '9'}",66.69921875,-3.805,-3.135,0.6115498699946329,-1.090844826047765
"{'ar': '12000', 'sample_fmt': 'fltp', 'compression_level': '7', 'reservoir': '1', 'b:a': '126k', 'abr': 'True'}",88.34375,-3.742,-2.811,0.7264776960073505,-0.884882278114557
"{'ar': '44100', 'sample_fmt': 's32p', 'compression_level': '7', 'reservoir': '1', 'b:a': '108k'}",156.1484375,-3.068,-1.283,0.9553513839782681,1.0424060166102558
"{'ar': '44100', 'sample_fmt': 's32p', 'compression_level': '9', 'reservoir': '1', 'b:a': '194k', 'abr': 'True'}",265.4287109375,-2.623,-0.74,0.783014253975125,2.0888855405380284
"{'ar': '44100', 'sample_fmt': 'fltp', 'compression_level': '9', 'reservoir': '1', 'b:a': '165k'}",223.037109375,-2.691,-0.815,0.6480045010102913,1.984412126152687
"{'ar': '44100', 'sample_fmt': 'fltp', 'compression_level': '2', 'reservoir': '1', 'b:a': '32k', 'abr': 'True'}",47.76171875,-3.294,-1.634,0.9520589930179995,0.5783063651903199
"{'ar': '44100', 'sample_fmt': 's32p', 'compression_level': '7', 'reservoir': '1', 'b:a': '110k'}",156.1484375,-3.068,-1.283,0.7975291030015796,1.054071117381366
"{'ar': '12000', 'sample_fmt': 's16p', 'compression_level': '7', 'reservoir': '0', 'b:a': '108k'}",90.359375,-3.74,-2.801,0.5787957910215482,-0.8693684835465667
"{'ar': '44100', 'sample_fmt': 's32p', 'compression_level': '9', 'reservoir': '1', 'b:a': '110k', 'abr': 'True'}",143.609375,-3.215,-1.502,0.7645075320033357,0.6649337218275819
"{'ar': '44100', 'sample_fmt': 'fltp', 'compression_level': '7', 'reservoir': '1', 'b:a': '32k', 'abr': 'True'}",48.16796875,-3.35,-1.734,0.7196718619961757,0.43281217099109026
"{'ar': '32000', 'sample_fmt': 's16p', 'compression_level': '5', 'reservoir': '1', 'b:a': '101k'}",134.234375,-3.43,-1.893,0.7568953250010964,0.05617484504480094
"{'ar': '16000', 'sample_fmt': 'fltp', 'compression_level': '0', 'reservoir': '1', 'b:a': '32k', 'abr': 'True'}",43.91796875,-3.277,-1.605,0.8836012059764471,0.6382568509316064
"{'ar': '32000', 'sample_fmt': 's16p', 'compression_level': '5', 'reservoir': '1', 'b:a': '113k', 'abr': 'True'}",152.796875,-3.325,-1.689,0.7723843639832921,0.3344074693713689
"{'ar': '32000', 'sample_fmt': 'fltp', 'compression_level': '7', 'reservoir': '0', 'b:a': '138k'}",178.953125,-3.286,-1.619,0.6514578739879653,0.4145585574850251
"{'ar': '44100', 'sample_fmt': 'fltp', 'compression_level': '5', 'reservoir': '1', 'b:a': '144k', 'abr': 'True'}",196.421875,-2.716,-0.843,0.8134098689770326,1.9475742436550139
"{'ar': '8000', 'sample_fmt': 's32p', 'compression_level': '2', 'reservoir': '1', 'aq': '9'}",35.8671875,-3.85,-3.441,0.5396502049698029,-1.2377104086760473
"{'ar': '12000', 'sample_fmt': 's32p', 'compression_level': '7', 'reservoir': '0', 'b:a': '108k', 'abr': 'True'}",90.359375,-3.74,-2.804,0.5903723879600875,-0.871170518498849
"{'ar': '44100', 'sample_fmt': 's32p', 'compression_level': '5', 'reservoir': '1', 'b:a': '107k', 'abr': 'True'}",142.1865234375,-3.107,-1.339,0.922965940029826,0.9585450039389534
"{'ar': '16000', 'sample_fmt': 's32p', 'compression_level': '0', 'reservoir': '1', 'b:a': '32k', 'abr': 'True'}",43.91796875,-3.277,-1.605,0.9454322969831992,0.6336867363513465
"{'ar': '44100', 'sample_fmt': 'fltp', 'compression_level': '5', 'reservoir': '1', 'b:a': '132k', 'abr': 'True'}",177.4716796875,-2.843,-0.991,0.9474495990143623,1.6253151861264414
"{'ar': '16000', 'sample_fmt': 's16p', 'compression_level': '5', 'reservoir': '1', 'b:a': '108k', 'abr': 'True'}",139.61328125,-3.758,-2.885,0.5893890179868322,-1.0171815619095188
"{'ar': '16000', 'sample_fmt': 'fltp', 'compression_level': '0', 'reservoir': '1', 'b:a': '32k', 'abr': 'True'}",43.91796875,-3.277,-1.605,0.8389208429725841,0.6415593056528561
"{'ar': '44100', 'sample_fmt': 's32p', 'compression_level': '0', 'reservoir': '1', 'b:a': '32k', 'abr': 'True'}",48.244140625,-3.132,-1.375,1.1281168480054475,1.0236772943535353
"{'ar': '44100', 'sample_fmt': 'fltp', 'compression_level': '2', 'reservoir': '1', 'b:a': '118k', 'abr': 'True'}",155.1357421875,-3.059,-1.27,0.7717056990077253,1.0826661216927103
"{'ar': '44100', 'sample_fmt': 's32p', 'compression_level': '7', 'reservoir': '1', 'b:a': '103k'}",133.853515625,-3.284,-1.617,0.6326989090011921,0.4931997297621597
"{'ar': '16000', 'sample_fmt': 'fltp', 'compression_level': '5', 'reservoir': '1', 'b:a': '32k', 'abr': 'True'}",43.42578125,-3.404,-1.84,0.5609519929566886,0.2928553213435121
"{'ar': '44100', 'sample_fmt': 'fltp', 'compression_level': '0', 'reservoir': '1', 'b:a': '254k', 'abr': 'True'}",341.498046875,-2.59,-0.704,1.0968781980336644,2.032550253880708
"{'ar': '44100', 'sample_fmt': 's32p', 'compression_level': '5', 'reservoir': '1', 'b:a': '148k', 'abr': 'True'}",202.1337890625,-2.704,-0.829,0.7536434119974729,1.9752531278239087
"{'ar': '44100', 'sample_fmt': 'fltp', 'compression_level': '5', 'reservoir': '1', 'b:a': '132k', 'abr': 'True'}",177.4716796875,-2.843,-0.991,0.7781886690063402,1.6378257504962914
"{'ar': '44100', 'sample_fmt': 'fltp', 'compression_level': '7', 'reservoir': '1', 'b:a': '132k', 'abr': 'True'}",175.12890625,-2.907,-1.07,0.6980996720085386,1.4734464044697515
"{'ar': '16000', 'sample_fmt': 's16p', 'compression_level': '0', 'reservoir': '1', 'aq': '9'}",59.73828125,-3.818,-3.217,0.5428785950061865,-1.1308185934759156
"{'ar': '44100', 'sample_fmt': 's32p', 'compression_level': '5', 'reservoir': '1', 'b:a': '103k'}",133.853515625,-3.226,-1.519,0.7043951119994745,0.65395177483491
"{'ar': '44100', 'sample_fmt': 'fltp', 'compression_level': '7', 'reservoir': '1', 'b:a': '111k', 'abr': 'True'}",144.9306640625,-3.189,-1.462,0.6350557359983213,0.7455902639967759
"{'ar': '44100', 'sample_fmt': 'fltp', 'compression_level': '7', 'reservoir': '1', 'b:a': '169k', 'abr': 'True'}",228.228515625,-2.681,-0.803,0.7312482730194461,1.9970604745112213
"{'ar': '44100', 'sample_fmt': 'fltp', 'compression_level': '7', 'reservoir': '1', 'b:a': '169k'}",223.037109375,-2.691,-0.815,0.6112419670098461,1.9871293512559023
"{'ar': '44100', 'sample_fmt': 'fltp', 'compression_level': '5', 'reservoir': '1', 'b:a': '253k'}",356.8115234375,-2.593,-0.707,0.7150476330134552,2.0284010928327394
"{'ar': '44100', 'sample_fmt': 'fltp', 'compression_level': '0', 'reservoir': '1', 'b:a': '192k'}",267.6279296875,-2.627,-0.744,1.1217500900093,2.0497577957068405
"{'ar': '44100', 'sample_fmt': 'fltp', 'compression_level': '7', 'reservoir': '1', 'b:a': '269k', 'abr': 'True'}",370.4501953125,-2.598,-0.713,0.6929481419792864,1.9947293444267375
"{'ar': '44100', 'sample_fmt': 'fltp', 'compression_level': '7', 'reservoir': '1', 'b:a': '168k'}",223.037109375,-2.691,-0.815,1.0810463519883342,1.952404751791439
"{'ar': '8000', 'sample_fmt': 's32p', 'compression_level': '9', 'reservoir': '1', 'b:a': '194k', 'abr': 'True'}",90.21875,-3.858,-3.51,0.7205134050163906,-1.3782115278579103
"{'ar': '44100', 'sample_fmt': 's32p', 'compression_level': '0', 'reservoir': '1', 'b:a': '267k'}",356.8115234375,-2.591,-0.705,1.5588056650012732,1.971327291372777
"{'ar': '44100', 'sample_fmt': 'fltp', 'compression_level': '5', 'reservoir': '1', 'b:a': '144k', 'abr': 'True'}",196.421875,-2.716,-0.843,1.0640845040034037,1.9290461571247237
"{'ar': '12000', 'sample_fmt': 'fltp', 'compression_level': '7', 'reservoir': '1', 'b:a': '32k', 'abr': 'True'}",42.78125,-3.777,-2.982,0.6700536810094491,-0.9435005596102696
"{'ar': '32000', 'sample_fmt': 'fltp', 'compression_level': '2', 'reservoir': '1', 'b:a': '32k'}",44.8671875,-3.392,-1.815,0.6863317279785406,0.3171338561965718
"{'ar': '44100', 'sample_fmt': 'fltp', 'compression_level': '5', 'reservoir': '1', 'b:a': '213k', 'abr': 'True'}",296.0224609375,-2.6,-0.714,0.6840010140149388,2.1091770199690494
"{'ar': '32000', 'sample_fmt': 'fltp', 'compression_level': '2', 'reservoir': '1', 'b:a': '32k'}",44.8671875,-3.392,-1.815,0.6477086650265846,0.31998859837008053
"{'ar': '44100', 'sample_fmt': 's32p', 'compression_level': '9', 'reservoir': '1', 'b:a': '103k'}",133.853515625,-3.284,-1.617,0.6289906849851832,0.4934738153130775
"{'ar': '44100', 'sample_fmt': 'fltp', 'compression_level': '0', 'reservoir': '1', 'b:a': '261k', 'abr': 'True'}",345.462890625,-2.583,-0.697,1.3203353489807341,2.028225103110143
"{'ar': '32000', 'sample_fmt': 's32p', 'compression_level': '8', 'reservoir': '1', 'b:a': '198k', 'abr': 'True'}",275.3515625,-3.177,-1.443,0.6143657580250874,0.5729644721582978
"{'ar': '16000', 'sample_fmt': 's32p', 'compression_level': '0', 'reservoir': '1', 'b:a': '194k', 'abr': 'True'}",132.4765625,-3.738,-2.795,1.044547664001584,-0.9644458294704558
"{'ar': '44100', 'sample_fmt': 'fltp', 'compression_level': '5', 'reservoir': '1', 'b:a': '141k'}",178.4443359375,-2.833,-0.979,0.7413433479960077,1.666081940746578
"{'ar': '44100', 'sample_fmt': 'fltp', 'compression_level': '7', 'reservoir': '1', 'b:a': '126k'}",178.4443359375,-2.916,-1.081,0.7834757920063566,1.437406211931809
"{'ar': '44100', 'sample_fmt': 's32p', 'compression_level': '0', 'reservoir': '1', 'b:a': '144k', 'abr': 'True'}",193.6083984375,-2.798,-0.938,1.2810594059992582,1.6964748287513358
"{'ar': '44100', 'sample_fmt': 'fltp', 'compression_level': '3', 'reservoir': '1', 'b:a': '194k', 'abr': 'True'}",263.7978515625,-2.621,-0.738,0.7100098369992338,2.1021746049984587
"{'ar': '44100', 'sample_fmt': 's32p', 'compression_level': '7', 'reservoir': '1', 'b:a': '107k'}",156.1484375,-3.068,-1.283,0.6073450809926726,1.0681281679325274
"{'ar': '44100', 'sample_fmt': 's32p', 'compression_level': '5', 'reservoir': '1', 'b:a': '143k', 'abr': 'True'}",191.4091796875,-2.771,-0.906,0.7073019760136958,1.815395104313559
"{'ar': '32000', 'sample_fmt': 'fltp', 'compression_level': '7', 'reservoir': '1', 'b:a': '275k'}",357.828125,-3.177,-1.443,0.5815969209943432,0.44378157986301997
"{'ar': '44100', 'sample_fmt': 'fltp', 'compression_level': '9', 'reservoir': '1', 'b:a': '143k', 'abr': 'True'}",190.841796875,-2.805,-0.945,0.6357838389812969,1.7300658047325062
"{'ar': '44100', 'sample_fmt': 'fltp', 'compression_level': '0', 'reservoir': '1', 'b:a': '106k', 'abr': 'True'}",139.7490234375,-3.291,-1.628,1.1505984730029013,0.4257334161464906
"{'ar': '44100', 'sample_fmt': 's16p', 'compression_level': '7', 'reservoir': '1', 'b:a': '266k', 'abr': 'True'}",367.0693359375,-2.595,-0.709,0.6251632570056245,2.013385885913363
"{'ar': '44100', 'sample_fmt': 'fltp', 'compression_level': '2', 'reservoir': '1', 'b:a': '167k', 'abr': 'True'}",220.873046875,-2.698,-0.822,1.0091584619949572,1.9426535376609793
"{'ar': '44100', 'sample_fmt': 's32p', 'compression_level': '7', 'reservoir': '1', 'b:a': '269k', 'abr': 'True'}",370.4501953125,-2.599,-0.713,0.6596452019875869,1.9948609231039605
"{'ar': '44100', 'sample_fmt': 's32p', 'compression_level': '7', 'reservoir': '1', 'b:a': '104k'}",133.853515625,-3.284,-1.617,0.6234074429958127,0.4938864888597557
"{'ar': '44100', 'sample_fmt': 'fltp', 'compression_level': '7', 'reservoir': '1', 'b:a': '113k', 'abr': 'True'}",147.62109375,-3.164,-1.423,0.6085495119914412,0.8138077160232033
"{'ar': '44100', 'sample_fmt': 'fltp', 'compression_level': '7', 'reservoir': '1', 'b:a': '113k', 'abr': 'True'}",147.62109375,-3.164,-1.423,0.7335359089775011,0.8045696103081065
"{'ar': '12000', 'sample_fmt': 'fltp', 'compression_level': '7', 'reservoir': '0', 'b:a': '168k'}",90.640625,-3.74,-2.803,0.8005292919988278,-0.8868371447294209
"{'ar': '44100', 'sample_fmt': 'fltp', 'compression_level': '7', 'reservoir': '0', 'b:a': '108k'}",156.1484375,-3.098,-1.324,1.0385323079535738,0.9534259443292264
"{'ar': '44100', 'sample_fmt': 'fltp', 'compression_level': '5', 'reservoir': '0', 'b:a': '107k'}",156.1484375,-2.949,-1.123,0.8998361909762025,1.3742452528964828
"{'ar': '16000', 'sample_fmt': 's32p', 'compression_level': '8', 'reservoir': '1', 'b:a': '32k', 'abr': 'True'}",42.828125,-3.448,-1.93,0.6487491739972029,0.15641111535832977
"{'ar': '44100', 'sample_fmt': 'fltp', 'compression_level': '0', 'reservoir': '1', 'b:a': '106k', 'abr': 'True'}",139.7490234375,-3.291,-1.628,1.8813512380002066,0.3717213679761816
"{'ar': '8000', 'sample_fmt': 's16p', 'compression_level': '2', 'reservoir': '1', 'aq': '9'}",35.8671875,-3.85,-3.44,0.6304497109958902,-1.2441062040982769
"{'ar': '44100', 'sample_fmt': 'fltp', 'compression_level': '0', 'reservoir': '1', 'b:a': '191k', 'abr': 'True'}",258.5078125,-2.628,-0.745,1.257658755988814,2.051619645498834
"{'ar': '44100', 'sample_fmt': 's32p', 'compression_level': '5', 'reservoir': '1', 'b:a': '108k', 'abr': 'True'}",143.8623046875,-3.086,-1.308,1.1004681490012445,1.001459223242129
"{'ar': '44100', 'sample_fmt': 'fltp', 'compression_level': '5', 'reservoir': '1', 'b:a': '32k', 'abr': 'True'}",48.193359375,-3.348,-1.73,0.9323135359736625,0.42297640488410654
"{'ar': '44100', 'sample_fmt': 's32p', 'compression_level': '7', 'reservoir': '1', 'b:a': '169k'}",223.037109375,-2.692,-0.815,0.604747737001162,1.9852794207218782
"{'ar': '44100', 'sample_fmt': 's32p', 'compression_level': '5', 'reservoir': '1', 'b:a': '196k', 'abr': 'True'}",269.1962890625,-2.619,-0.736,0.7118469820125028,2.098715513140174
"{'ar': '44100', 'sample_fmt': 'fltp', 'compression_level': '7', 'reservoir': '1', 'b:a': '32k'}",44.771484375,-3.286,-1.619,0.6083283569896594,0.6318552795981315
"{'ar': '44100', 'sample_fmt': 's32p', 'compression_level': '5', 'reservoir': '1', 'b:a': '167k', 'abr': 'True'}",226.58984375,-2.66,-0.78,0.7520633999956772,2.054320977026117
"{'ar': '44100', 'sample_fmt': 's32p', 'compression_level': '7', 'reservoir': '1', 'b:a': '267k'}",356.8115234375,-2.604,-0.719,0.8244012040086091,1.9909036373429094
"{'ar': '8000', 'sample_fmt': 's16p', 'compression_level': '2', 'reservoir': '1', 'aq': '9'}",35.8671875,-3.85,-3.44,0.5335167229932267,-1.2369416068937613
"{'ar': '44100', 'sample_fmt': 'fltp', 'compression_level': '3', 'reservoir': '1', 'b:a': '96k', 'abr': 'True'}",126.748046875,-3.382,-1.795,0.701570417964831,0.2149616778082596
"{'ar': '44100', 'sample_fmt': 'fltp', 'compression_level': '7', 'reservoir': '1', 'b:a': '169k', 'abr': 'True'}",228.228515625,-2.681,-0.803,0.7430785000033211,1.9961860682546522
"{'ar': '44100', 'sample_fmt': 'fltp', 'compression_level': '0', 'reservoir': '1', 'b:a': '37k', 'abr': 'True'}",54.5927734375,-3.124,-1.362,1.414416732994141,1.0151262159923062
"{'ar': '32000', 'sample_fmt': 'fltp', 'compression_level': '7', 'reservoir': '0', 'b:a': '168k'}",223.671875,-3.202,-1.481,0.7255676109925844,0.5769728047305577
"{'ar': '16000', 'sample_fmt': 's32p', 'compression_level': '8', 'reservoir': '1', 'b:a': '32k', 'abr': 'True'}",42.828125,-3.448,-1.93,0.5690520739881322,0.16230175828287585
"{'ar': '32000', 'sample_fmt': 'fltp', 'compression_level': '3', 'reservoir': '0', 'b:a': '255k', 'abr': 'True'}",360.359375,-3.175,-1.439,1.081147417979082,0.4087410425876748
"{'ar': '44100', 'sample_fmt': 's16p', 'compression_level': '7', 'reservoir': '1', 'b:a': '254k', 'abr': 'True'}",350.4443359375,-2.599,-0.714,0.7792751480010338,2.0176259114920763
"{'ar': '44100', 'sample_fmt': 's16p', 'compression_level': '5', 'reservoir': '1', 'b:a': '103k', 'abr': 'True'}",137.1591796875,-3.161,-1.418,0.7673679790168535,0.8273297958113544
"{'ar': '44100', 'sample_fmt': 's32p', 'compression_level': '9', 'reservoir': '1', 'b:a': '110k', 'abr': 'True'}",143.609375,-3.215,-1.502,0.6060271070164163,0.6766474679240145
"{'ar': '44100', 'sample_fmt': 's32p', 'compression_level': '0', 'reservoir': '1', 'b:a': '139k', 'abr': 'True'}",182.388671875,-2.881,-1.038,1.2603369479766116,1.4909787247444453
"{'ar': '44100', 'sample_fmt': 's16p', 'compression_level': '5', 'reservoir': '1', 'b:a': '104k', 'abr': 'True'}",138.4287109375,-3.161,-1.418,0.6696423359971959,0.8325272343547909
"{'ar': '44100', 'sample_fmt': 'fltp', 'compression_level': '0', 'reservoir': '1', 'b:a': '32k', 'abr': 'True'}",48.244140625,-3.132,-1.375,1.031864921998931,1.0307915522981743
"{'ar': '44100', 'sample_fmt': 's16p', 'compression_level': '5', 'reservoir': '1', 'b:a': '107k', 'abr': 'True'}",142.23828125,-3.095,-1.321,0.6731402029690798,1.01056526325644
"{'ar': '44100', 'sample_fmt': 's16p', 'compression_level': '5', 'reservoir': '1', 'b:a': '213k', 'abr': 'True'}",296.2265625,-2.6,-0.715,0.6833546529815067,2.108583658332542
"{'ar': '44100', 'sample_fmt': 's32p', 'compression_level': '7', 'reservoir': '1', 'b:a': '132k', 'abr': 'True'}",175.12890625,-2.907,-1.07,0.5828388700028881,1.4819656633604115
"{'ar': '44100', 'sample_fmt': 'fltp', 'compression_level': '9', 'reservoir': '1', 'b:a': '129k', 'abr': 'True'}",170.9482421875,-2.922,-1.088,0.5844574650400318,1.447889647094635
"{'ar': '44100', 'sample_fmt': 'fltp', 'compression_level': '9', 'reservoir': '1', 'b:a': '266k', 'abr': 'True'}",366.96875,-2.6,-0.714,0.615103279997129,2.0010629680718433
"{'ar': '44100', 'sample_fmt': 's32p', 'compression_level': '7', 'reservoir': '1', 'b:a': '107k'}",156.1484375,-3.068,-1.283,0.6486283380072564,1.06507680312995
"{'ar': '44100', 'sample_fmt': 'fltp', 'compression_level': '0', 'reservoir': '1', 'b:a': '32k', 'abr': 'True'}",48.244140625,-3.132,-1.375,1.0575736619939562,1.0288913450468005
"{'ar': '44100', 'sample_fmt': 'fltp', 'compression_level': '0', 'reservoir': '1', 'b:a': '195k', 'abr': 'True'}",262.8828125,-2.615,-0.73,1.1002679060329683,2.091292893309708
"{'ar': '44100', 'sample_fmt': 's32p', 'compression_level': '7', 'reservoir': '1', 'b:a': '108k', 'abr': 'True'}",140.8154296875,-3.236,-1.536,0.6529758529795799,0.6179812696468305
"{'ar': '44100', 'sample_fmt': 'fltp', 'compression_level': '3', 'reservoir': '1', 'b:a': '192k', 'abr': 'True'}",261.255859375,-2.618,-0.734,0.9223814599972684,2.0987854188642756
"{'ar': '8000', 'sample_fmt': 's16p', 'compression_level': '2', 'reservoir': '1', 'aq': '9'}",35.8671875,-3.85,-3.44,0.5636421160015743,-1.239168261730055
"{'ar': '44100', 'sample_fmt': 'fltp', 'compression_level': '7', 'reservoir': '1', 'b:a': '169k'}",223.037109375,-2.691,-0.815,0.624661002017092,1.9861375116079016
"{'ar': '44100', 'sample_fmt': 's16p', 'compression_level': '9', 'reservoir': '1', 'b:a': '261k', 'abr': 'True'}",360.2197265625,-2.596,-0.71,0.6053804270050023,2.0231323750439465
"{'ar': '44100', 'sample_fmt': 'fltp', 'compression_level': '5', 'reservoir': '1', 'b:a': '255k', 'abr': 'True'}",352.0693359375,-2.587,-0.701,0.6981055730138905,2.0530926476657494
"{'ar': '44100', 'sample_fmt': 's32p', 'compression_level': '2', 'reservoir': '1', 'b:a': '168k', 'abr': 'True'}",222.15234375,-2.678,-0.8,0.899342485005036,2.0022678667873404
"{'ar': '44100', 'sample_fmt': 's32p', 'compression_level': '9', 'reservoir': '1', 'b:a': '143k', 'abr': 'True'}",190.841796875,-2.805,-0.945,0.6122002490155865,1.731808936005176
"{'ar': '44100', 'sample_fmt': 's32p', 'compression_level': '7', 'reservoir': '1', 'b:a': '142k', 'abr': 'True'}",189.2998046875,-2.81,-0.951,0.6348505320202094,1.7190528508683218
"{'ar': '44100', 'sample_fmt': 's32p', 'compression_level': '9', 'reservoir': '1', 'b:a': '139k', 'abr': 'True'}",185.037109375,-2.844,-0.992,0.6383642979781143,1.6334432891057453
"{'ar': '44100', 'sample_fmt': 'fltp', 'compression_level': '0', 'reservoir': '1', 'b:a': '191k', 'abr': 'True'}",258.5078125,-2.628,-0.745,1.0911571129981894,2.063926262993026
"{'ar': '44100', 'sample_fmt': 'fltp', 'compression_level': '0', 'reservoir': '1', 'b:a': '107k', 'abr': 'True'}",141.0693359375,-3.267,-1.587,1.637216385017382,0.45651160723187995
"{'ar': '44100', 'sample_fmt': 'fltp', 'compression_level': '0', 'reservoir': '1', 'b:a': '32k'}",44.771484375,-3.12,-1.357,1.1487841810157988,1.0613284121278141
"{'ar': '44100', 'sample_fmt': 'fltp', 'compression_level': '9', 'reservoir': '1', 'b:a': '210k', 'abr': 'True'}",288.125,-2.608,-0.723,0.7028521530155558,2.098906748352646
"{'ar': '44100', 'sample_fmt': 'fltp', 'compression_level': '0', 'reservoir': '1', 'b:a': '37k', 'abr': 'True'}",54.5927734375,-3.124,-1.362,1.1108008379815146,1.0375673440074071
"{'ar': '44100', 'sample_fmt': 'fltp', 'compression_level': '0', 'reservoir': '1', 'b:a': '32k', 'abr': 'True'}",48.244140625,-3.132,-1.375,1.053723033022834,1.0291759561593907
"{'ar': '44100', 'sample_fmt': 's32p', 'compression_level': '7', 'reservoir': '1', 'b:a': '138k', 'abr': 'True'}",183.9091796875,-2.852,-1.002,0.5769856160040945,1.6179856755272728
"{'ar': '12000', 'sample_fmt': 'fltp', 'compression_level': '7', 'reservoir': '1', 'b:a': '32k', 'abr': 'True'}",42.78125,-3.777,-2.982,0.6135925359849352,-0.9393273532525406
"{'ar': '44100', 'sample_fmt': 'fltp', 'compression_level': '5', 'reservoir': '0', 'b:a': '107k'}",156.1484375,-2.949,-1.123,0.7699366360029671,1.3838465043136319
"{'ar': '44100', 'sample_fmt': 's32p', 'compression_level': '7', 'reservoir': '1', 'b:a': '107k', 'abr': 'True'}",139.2421875,-3.248,-1.556,0.6436082730069757,0.5869155992102062
"{'ar': '44100', 'sample_fmt': 's32p', 'compression_level': '9', 'reservoir': '1', 'b:a': '113k', 'abr': 'True'}",147.62109375,-3.164,-1.423,0.6465252979833167,0.8110008159599431
"{'ar': '44100', 'sample_fmt': 'fltp', 'compression_level': '9', 'reservoir': '1', 'b:a': '194k', 'abr': 'True'}",265.4287109375,-2.623,-0.74,0.601445417967625,2.102305817800613
"{'ar': '44100', 'sample_fmt': 'fltp', 'compression_level': '0', 'reservoir': '1', 'b:a': '195k', 'abr': 'True'}",262.8828125,-2.615,-0.73,1.0717752830241807,2.093398865397894
"{'ar': '44100', 'sample_fmt': 's32p', 'compression_level': '9', 'reservoir': '1', 'b:a': '143k', 'abr': 'True'}",190.841796875,-2.805,-0.945,0.5854170059901662,1.7337885628800076
"{'ar': '32000', 'sample_fmt': 'fltp', 'compression_level': '5', 'reservoir': '1', 'b:a': '143k'}",178.953125,-3.264,-1.582,0.7032406849612016,0.473661733843762
"{'ar': '44100', 'sample_fmt': 'fltp', 'compression_level': '7', 'reservoir': '1', 'b:a': '112k', 'abr': 'True'}",146.25,-3.181,-1.449,0.5839433450018987,0.7700033728369534
"{'ar': '32000', 'sample_fmt': 'fltp', 'compression_level': '7', 'reservoir': '0', 'b:a': '168k'}",223.671875,-3.202,-1.481,0.5969019980111625,0.5864828519299555
"{'ar': '32000', 'sample_fmt': 's16p', 'compression_level': '7', 'reservoir': '1', 'b:a': '254k', 'abr': 'True'}",352.0625,-3.172,-1.435,0.6194336650078185,0.464358316999215
"{'ar': '44100', 'sample_fmt': 'fltp', 'compression_level': '0', 'reservoir': '1', 'b:a': '266k', 'abr': 'True'}",348.0068359375,-2.592,-0.706,1.2026275480166078,2.009057377054775
"{'ar': '44100', 'sample_fmt': 'fltp', 'compression_level': '0', 'reservoir': '1', 'b:a': '32k', 'abr': 'True'}",48.244140625,-3.132,-1.375,1.3008781390090007,1.0109080081891741
"{'ar': '44100', 'sample_fmt': 'fltp', 'compression_level': '0', 'reservoir': '1', 'b:a': '32k', 'abr': 'True'}",48.244140625,-3.132,-1.375,1.0455223719764035,1.0297820907108897
"{'ar': '44100', 'sample_fmt': 's32p', 'compression_level': '5', 'reservoir': '0', 'b:a': '143k', 'abr': 'True'}",222.32421875,-2.772,-0.906,0.776738282002043,1.758602894816836
"{'ar': '44100', 'sample_fmt': 's32p', 'compression_level': '5', 'reservoir': '1', 'b:a': '107k'}",156.1484375,-2.963,-1.14,0.7268975230108481,1.3490457268403888
"{'ar': '44100', 'sample_fmt': 's32p', 'compression_level': '0', 'reservoir': '1', 'b:a': '140k', 'abr': 'True'}",183.3642578125,-2.862,-1.014,1.417982197017409,1.5296098216724876
"{'ar': '44100', 'sample_fmt': 'fltp', 'compression_level': '0', 'reservoir': '1', 'b:a': '168k', 'abr': 'True'}",221.9931640625,-2.707,-0.832,1.3936337709892541,1.8883245007660696
"{'ar': '44100', 'sample_fmt': 's16p', 'compression_level': '9', 'reservoir': '1', 'b:a': '194k', 'abr': 'True'}",265.3271484375,-2.62,-0.736,0.6536459990020376,2.1068612288691253
"{'ar': '44100', 'sample_fmt': 'fltp', 'compression_level': '0', 'reservoir': '1', 'b:a': '266k'}",356.8115234375,-2.591,-0.705,1.2467238289827947,1.9943941615476313
"{'ar': '44100', 'sample_fmt': 's32p', 'compression_level': '2', 'reservoir': '1', 'b:a': '138k', 'abr': 'True'}",181.2548828125,-2.854,-1.005,0.8349278880050406,1.5975495336315007
"{'ar': '44100', 'sample_fmt': 's16p', 'compression_level': '2', 'reservoir': '1', 'b:a': '255k'}",356.8115234375,-2.592,-0.706,0.8884085160098039,2.018232885337479
"{'ar': '44100', 'sample_fmt': 'fltp', 'compression_level': '0', 'reservoir': '1', 'b:a': '36k'}",44.771484375,-3.107,-1.338,1.0064004260057118,1.1081353084830505
"{'ar': '44100', 'sample_fmt': 's16p', 'compression_level': '7', 'reservoir': '1', 'b:a': '103k', 'abr': 'True'}",134.2138671875,-3.276,-1.603,0.5815720889950171,0.5194595809267079
"{'ar': '8000', 'sample_fmt': 'fltp', 'compression_level': '9', 'reservoir': '1', 'b:a': '87k', 'abr': 'True'}",89.515625,-3.858,-3.51,0.5037924929929432,-1.361071107417681
"{'ar': '32000', 'sample_fmt': 'fltp', 'compression_level': '9', 'reservoir': '1', 'b:a': '195k', 'abr': 'True'}",271.34375,-3.179,-1.446,0.5868200249969959,0.5757893305316842
"{'ar': '44100', 'sample_fmt': 's16p', 'compression_level': '5', 'reservoir': '1', 'b:a': '107k', 'abr': 'True'}",142.23828125,-3.095,-1.321,0.6740439540008083,1.0104984644065444
"{'ar': '44100', 'sample_fmt': 'fltp', 'compression_level': '3', 'reservoir': '1', 'b:a': '194k', 'abr': 'True'}",263.7978515625,-2.621,-0.738,0.7691151190083474,2.0978059628366905
"{'ar': '44100', 'sample_fmt': 'fltp', 'compression_level': '7', 'reservoir': '1', 'b:a': '32k', 'abr': 'True'}",48.16796875,-3.35,-1.734,0.6161771130282432,0.44046176690695465
"{'ar': '44100', 'sample_fmt': 's32p', 'compression_level': '0', 'reservoir': '0', 'aq': '9'}",112.5185546875,-3.343,-1.721,0.6411455500056036,0.3563448493179321
"{'ar': '44100', 'sample_fmt': 's32p', 'compression_level': '7', 'reservoir': '1', 'b:a': '111k'}",156.1484375,-3.068,-1.283,0.6036171650048345,1.0684037089739777
"{'ar': '44100', 'sample_fmt': 'fltp', 'compression_level': '3', 'reservoir': '1', 'b:a': '167k', 'abr': 'True'}",224.857421875,-2.667,-0.787,0.7605103850073647,2.0379432265100768
"{'ar': '44100', 'sample_fmt': 'fltp', 'compression_level': '0', 'reservoir': '0', 'b:a': '32k', 'abr': 'True'}",53.119140625,-3.132,-1.375,1.036408172978554,1.0226768825309853
"{'ar': '44100', 'sample_fmt': 's32p', 'compression_level': '9', 'reservoir': '1', 'b:a': '141k', 'abr': 'True'}",187.755859375,-2.823,-0.967,0.6196105609997176,1.6873063736304508
"{'ar': '44100', 'sample_fmt': 's32p', 'compression_level': '8', 'reservoir': '1', 'b:a': '32k', 'abr': 'True'}",48.16796875,-3.35,-1.734,0.8712085879815277,0.4216116537497741
"{'ar': '44100', 'sample_fmt': 's32p', 'compression_level': '7', 'reservoir': '1', 'b:a': '140k', 'abr': 'True'}",186.3251953125,-2.834,-0.98,0.595293069985928,1.661656334140658
"{'ar': '44100', 'sample_fmt': 's32p', 'compression_level': '5', 'reservoir': '1', 'b:a': '167k', 'abr': 'True'}",226.58984375,-2.66,-0.78,0.7811144719889853,2.05217372836
"{'ar': '44100', 'sample_fmt': 'fltp', 'compression_level': '0', 'reservoir': '1', 'b:a': '253k', 'abr': 'True'}",340.58203125,-2.593,-0.707,1.2721610230219085,2.0131200588299123
"{'ar': '44100', 'sample_fmt': 'fltp', 'compression_level': '0', 'reservoir': '1', 'b:a': '126k'}",178.4443359375,-2.946,-1.119,1.4706894069968257,1.3047267134964886
"{'ar': '44100', 'sample_fmt': 's16p', 'compression_level': '2', 'reservoir': '1', 'b:a': '254k', 'abr': 'True'}",341.8037109375,-2.59,-0.703,0.8553771799779497,2.050228012958168
"{'ar': '44100', 'sample_fmt': 'fltp', 'compression_level': '7', 'reservoir': '1', 'b:a': '137k', 'abr': 'True'}",182.22265625,-2.864,-1.016,0.6364025729999412,1.5839094505609053
"{'ar': '44100', 'sample_fmt': 's32p', 'compression_level': '7', 'reservoir': '1', 'b:a': '137k', 'abr': 'True'}",182.22265625,-2.864,-1.016,0.6861672380182426,1.5802312003880747
"{'ar': '44100', 'sample_fmt': 'fltp', 'compression_level': '7', 'reservoir': '1', 'b:a': '138k', 'abr': 'True'}",183.9091796875,-2.852,-1.002,0.9895765429828316,1.58748988804614
"{'ar': '44100', 'sample_fmt': 's32p', 'compression_level': '5', 'reservoir': '1', 'b:a': '107k', 'abr': 'True'}",142.1865234375,-3.107,-1.339,0.7405526550137438,0.9720276968675655
"{'ar': '44100', 'sample_fmt': 's32p', 'compression_level': '2', 'reservoir': '1', 'b:a': '257k', 'abr': 'True'}",344.4462890625,-2.589,-0.703,0.9003708749951329,2.045015668413578
"{'ar': '32000', 'sample_fmt': 's16p', 'compression_level': '7', 'reservoir': '1', 'b:a': '255k', 'abr': 'True'}",353.46875,-3.172,-1.434,0.5899129730241839,0.4646118316899613
"{'ar': '44100', 'sample_fmt': 's16p', 'compression_level': '5', 'reservoir': '1', 'b:a': '107k'}",156.1484375,-2.956,-1.132,0.7395254879957065,1.3669455895912208
"{'ar': '44100', 'sample_fmt': 's16p', 'compression_level': '5', 'reservoir': '1', 'b:a': '107k', 'abr': 'True'}",142.23828125,-3.095,-1.321,0.7751675239996985,1.0030241291791522
"{'ar': '44100', 'sample_fmt': 'fltp', 'compression_level': '7', 'reservoir': '1', 'b:a': '32k'}",44.771484375,-3.286,-1.619,0.6127139609889127,0.6315311269355487
"{'ar': '44100', 'sample_fmt': 'fltp', 'compression_level': '7', 'reservoir': '1', 'b:a': '165k', 'abr': 'True'}",222.5029296875,-2.697,-0.821,0.6152760189725086,1.971811176967495
"{'ar': '44100', 'sample_fmt': 's16p', 'compression_level': '5', 'reservoir': '1', 'b:a': '126k', 'abr': 'True'}",169.3759765625,-2.878,-1.034,0.7544828379759565,1.5573834080427202
"{'ar': '12000', 'sample_fmt': 'fltp', 'compression_level': '7', 'reservoir': '1', 'b:a': '32k', 'abr': 'True'}",42.78125,-3.777,-2.982,0.5333250530238729,-0.9333945516760479
"{'ar': '44100', 'sample_fmt': 'fltp', 'compression_level': '7', 'reservoir': '1', 'b:a': '194k', 'abr': 'True'}",265.4287109375,-2.623,-0.74,0.6431174679892138,2.099225716183577
"{'ar': '44100', 'sample_fmt': 'fltp', 'compression_level': '8', 'reservoir': '0', 'b:a': '257k', 'abr': 'True'}",376.0146484375,-2.598,-0.713,0.6622469580033794,1.9881195567262377
"{'ar': '44100', 'sample_fmt': 's16p', 'compression_level': '5', 'reservoir': '1', 'b:a': '103k', 'abr': 'True'}",137.1591796875,-3.161,-1.418,0.9438186810002662,0.8142878146219324
"{'ar': '16000', 'sample_fmt': 's32p', 'compression_level': '8', 'reservoir': '1', 'b:a': '86k'}",112.2265625,-3.74,-2.802,0.6147226889734156,-0.9072320999394158
"{'ar': '44100', 'sample_fmt': 's32p', 'compression_level': '7', 'reservoir': '1', 'b:a': '108k'}",156.1484375,-3.068,-1.283,1.1193108489969745,1.0302872988348928
"{'ar': '44100', 'sample_fmt': 's32p', 'compression_level': '7', 'reservoir': '1', 'b:a': '32k', 'abr': 'True'}",48.16796875,-3.35,-1.734,1.1960311729926616,0.3976030780059788
"{'ar': '8000', 'sample_fmt': 's16p', 'compression_level': '2', 'reservoir': '1', 'aq': '9'}",35.8671875,-3.85,-3.44,0.9040594470279757,-1.264329490208573
"{'ar': '44100', 'sample_fmt': 'fltp', 'compression_level': '7', 'reservoir': '1', 'b:a': '261k', 'abr': 'True'}",360.41796875,-2.601,-0.716,0.6348084139754064,2.0070984998239947
"{'ar': '44100', 'sample_fmt': 's16p', 'compression_level': '5', 'reservoir': '1', 'b:a': '143k', 'abr': 'True'}",191.458984375,-2.768,-0.902,1.2237916130106896,1.7853920385563948
"{'ar': '44100', 'sample_fmt': 's16p', 'compression_level': '7', 'reservoir': '1', 'b:a': '107k'}",156.1484375,-3.065,-1.278,0.7837910169910174,1.0636536445645384
"{'ar': '44100', 'sample_fmt': 's16p', 'compression_level': '9', 'reservoir': '1', 'b:a': '257k', 'abr': 'True'}",354.81640625,-2.598,-0.713,0.6909410629887134,2.019823977319571
"{'ar': '44100', 'sample_fmt': 's32p', 'compression_level': '9', 'reservoir': '1', 'b:a': '166k', 'abr': 'True'}",224.0419921875,-2.692,-0.815,0.6547365420265123,1.9799811477750995
"{'ar': '44100', 'sample_fmt': 'fltp', 'compression_level': '9', 'reservoir': '1', 'b:a': '141k', 'abr': 'True'}",187.755859375,-2.823,-0.967,0.6165076070174109,1.687535721924416
"{'ar': '44100', 'sample_fmt': 's32p', 'compression_level': '5', 'reservoir': '1', 'b:a': '108k', 'abr': 'True'}",143.8623046875,-3.086,-1.308,0.7395758329948876,1.0281338170173597
"{'ar': '44100', 'sample_fmt': 's32p', 'compression_level': '5', 'reservoir': '1', 'b:a': '141k', 'abr': 'True'}",188.9462890625,-2.791,-0.929,2.6567018810019363,1.6213849723444267
"{'ar': '12000', 'sample_fmt': 'fltp', 'compression_level': '7', 'reservoir': '1', 'b:a': '32k', 'abr': 'True'}",42.78125,-3.777,-2.982,0.9834082120214589,-0.9666614983491982
"{'ar': '44100', 'sample_fmt': 'fltp', 'compression_level': '7', 'reservoir': '0', 'b:a': '32k'}",44.771484375,-3.303,-1.649,0.8252815439773258,0.5667469472362631
"{'ar': '44100', 'sample_fmt': 'fltp', 'compression_level': '2', 'reservoir': '1', 'b:a': '170k', 'abr': 'True'}",223.7802734375,-2.679,-0.801,1.0216110089968424,1.9879876208865612
"{'ar': '12000', 'sample_fmt': 's32p', 'compression_level': '7', 'reservoir': '1', 'b:a': '107k'}",90.359375,-3.742,-2.811,0.6389819930191152,-0.8816314793860809
"{'ar': '44100', 'sample_fmt': 's16p', 'compression_level': '9', 'reservoir': '1', 'b:a': '194k', 'abr': 'True'}",265.3271484375,-2.62,-0.736,0.6193449170095846,2.1093965209427408
"{'ar': '8000', 'sample_fmt': 'fltp', 'compression_level': '9', 'reservoir': '1', 'b:a': '128k', 'abr': 'True'}",89.9375,-3.858,-3.51,0.5260293970059138,-1.3633878722469286
"{'ar': '44100', 'sample_fmt': 's32p', 'compression_level': '8', 'reservoir': '1', 'b:a': '32k', 'abr': 'True'}",48.16796875,-3.35,-1.734,0.7973201959975995,0.42707295828151587
"{'ar': '44100', 'sample_fmt': 'fltp', 'compression_level': '0', 'reservoir': '0', 'b:a': '259k', 'abr': 'True'}",364.2802734375,-2.587,-0.701,1.3087123960140161,1.9884763724058854
"{'ar': '32000', 'sample_fmt': 's16p', 'compression_level': '7', 'reservoir': '1', 'b:a': '254k', 'abr': 'True'}",352.0625,-3.172,-1.435,0.672721875977004,0.46041963136483655
"{'ar': '44100', 'sample_fmt': 'fltp', 'compression_level': '3', 'reservoir': '1', 'b:a': '167k', 'abr': 'True'}",224.857421875,-2.667,-0.787,0.7719776849844493,2.037095645237158
"{'ar': '44100', 'sample_fmt': 'fltp', 'compression_level': '5', 'reservoir': '1', 'b:a': '165k', 'abr': 'True'}",224.1435546875,-2.657,-0.777,0.7375024809734896,2.067236862234124
"{'ar': '44100', 'sample_fmt': 's32p', 'compression_level': '7', 'reservoir': '1', 'b:a': '168k', 'abr': 'True'}",226.8955078125,-2.684,-0.807,0.5907809329801239,2.0013182076977176
"{'ar': '8000', 'sample_fmt': 'fltp', 'compression_level': '8', 'reservoir': '1', 'aq': '9'}",36.8515625,-3.855,-3.486,0.5398071490053553,-1.2651380587746863
"{'ar': '44100', 'sample_fmt': 'fltp', 'compression_level': '7', 'reservoir': '1', 'b:a': '168k', 'abr': 'True'}",226.8955078125,-2.683,-0.806,0.5945149049803149,2.003687615284542
"{'ar': '44100', 'sample_fmt': 'fltp', 'compression_level': '0', 'reservoir': '1', 'b:a': '138k', 'abr': 'True'}",181.513671875,-2.879,-1.035,1.316345100000035,1.493841457839328
"{'ar': '44100', 'sample_fmt': 's32p', 'compression_level': '9', 'reservoir': '1', 'b:a': '138k', 'abr': 'True'}",183.9091796875,-2.852,-1.002,0.6358902519859839,1.6136318636930882
"{'ar': '44100', 'sample_fmt': 's32p', 'compression_level': '9', 'reservoir': '1', 'b:a': '102k', 'abr': 'True'}",133.0458984375,-3.288,-1.623,0.6111937649548054,0.4848654214548607
"{'ar': '44100', 'sample_fmt': 'fltp', 'compression_level': '7', 'reservoir': '1', 'b:a': '114k'}",156.1484375,-3.068,-1.283,0.612044939014595,1.0677807878471786
"{'ar': '44100', 'sample_fmt': 's32p', 'compression_level': '5', 'reservoir': '1', 'b:a': '107k', 'abr': 'True'}",142.1865234375,-3.107,-1.339,0.6996992269996554,0.9750472917668436
"{'ar': '44100', 'sample_fmt': 'fltp', 'compression_level': '7', 'reservoir': '1', 'b:a': '195k', 'abr': 'True'}",266.8515625,-2.621,-0.737,0.6411259770102333,2.102708770055588
"{'ar': '44100', 'sample_fmt': 's32p', 'compression_level': '5', 'reservoir': '1', 'b:a': '107k'}",156.1484375,-2.963,-1.14,0.7100210320204496,1.3502931170494734
"{'ar': '44100', 'sample_fmt': 'fltp', 'compression_level': '9', 'reservoir': '1', 'b:a': '127k', 'abr': 'True'}",167.8515625,-2.955,-1.131,0.8562675499997567,1.3422879803821892
"{'ar': '44100', 'sample_fmt': 's32p', 'compression_level': '7', 'reservoir': '1', 'b:a': '143k', 'abr': 'True'}",190.841796875,-2.805,-0.945,0.6615570909925736,1.7281608292116215
"{'ar': '44100', 'sample_fmt': 's32p', 'compression_level': '8', 'reservoir': '1', 'b:a': '35k', 'abr': 'True'}",52.052734375,-3.411,-1.854,0.6324348140042275,0.2530801131609079
"{'ar': '44100', 'sample_fmt': 's16p', 'compression_level': '2', 'reservoir': '1', 'b:a': '254k', 'abr': 'True'}",341.8037109375,-2.59,-0.703,0.8707792130298913,2.049089604195356
"{'ar': '16000', 'sample_fmt': 'fltp', 'compression_level': '3', 'reservoir': '1', 'b:a': '167k', 'abr': 'True'}",207.53515625,-3.763,-2.909,0.6210846559843048,-1.147125501079358
"{'ar': '8000', 'sample_fmt': 's16p', 'compression_level': '2', 'reservoir': '1', 'aq': '9'}",35.8671875,-3.85,-3.44,0.7134089339815546,-1.2502379599570312
"{'ar': '16000', 'sample_fmt': 's32p', 'compression_level': '5', 'reservoir': '1', 'b:a': '108k', 'abr': 'True'}",139.26171875,-3.76,-2.893,0.6528333999740425,-1.0284934865903912
"{'ar': '44100', 'sample_fmt': 's32p', 'compression_level': '7', 'reservoir': '1', 'b:a': '107k', 'abr': 'True'}",139.2421875,-3.248,-1.556,0.5947332810028456,0.5905280910800936
"{'ar': '8000', 'sample_fmt': 's16p', 'compression_level': '2', 'reservoir': '1', 'aq': '9'}",35.8671875,-3.85,-3.44,0.6881481700402219,-1.2483708639100897
"{'ar': '12000', 'sample_fmt': 'fltp', 'compression_level': '7', 'reservoir': '1', 'b:a': '32k', 'abr': 'True'}",42.78125,-3.777,-2.982,0.6161457659909502,-0.9395160698591418
"{'ar': '44100', 'sample_fmt': 'fltp', 'compression_level': '0', 'reservoir': '1', 'b:a': '261k', 'abr': 'True'}",345.462890625,-2.583,-0.697,1.226467191008851,2.0351631698720993
"{'ar': '44100', 'sample_fmt': 's32p', 'compression_level': '9', 'reservoir': '1', 'b:a': '141k', 'abr': 'True'}",187.755859375,-2.823,-0.967,0.6263106599799357,1.6868111499567275
"{'ar': '44100', 'sample_fmt': 'fltp', 'compression_level': '0', 'reservoir': '1', 'b:a': '261k', 'abr': 'True'}",345.462890625,-2.583,-0.697,1.5116785829595756,2.014082371853059
"{'ar': '44100', 'sample_fmt': 'fltp', 'compression_level': '7', 'reservoir': '1', 'b:a': '113k', 'abr': 'True'}",147.62109375,-3.164,-1.423,0.6617421909759287,0.8098760914338273
"{'ar': '44100', 'sample_fmt': 'fltp', 'compression_level': '7', 'reservoir': '1', 'b:a': '164k', 'abr': 'True'}",221.1787109375,-2.699,-0.824,0.7930683269805741,1.9551767918926726
"{'ar': '44100', 'sample_fmt': 'fltp', 'compression_level': '8', 'reservoir': '1', 'b:a': '257k', 'abr': 'True'}",354.716796875,-2.599,-0.713,0.7726658879837487,2.011612464699746
"{'ar': '16000', 'sample_fmt': 's32p', 'compression_level': '7', 'reservoir': '0', 'aq': '9'}",66.69921875,-3.805,-3.135,0.6950842570222449,-1.097019093942638
"{'ar': '44100', 'sample_fmt': 's32p', 'compression_level': '2', 'reservoir': '1', 'b:a': '168k', 'abr': 'True'}",222.15234375,-2.678,-0.8,1.2144713409652468,1.9789757825650658
"{'ar': '32000', 'sample_fmt': 'fltp', 'compression_level': '5', 'reservoir': '1', 'b:a': '32k'}",44.8671875,-3.43,-1.892,0.6951763659890275,0.20365218818550815
"{'ar': '12000', 'sample_fmt': 'fltp', 'compression_level': '7', 'reservoir': '1', 'b:a': '32k', 'abr': 'True'}",42.78125,-3.777,-2.982,0.5572353799943812,-0.9351618330247592
"{'ar': '44100', 'sample_fmt': 'fltp', 'compression_level': '0', 'reservoir': '1', 'b:a': '32k', 'abr': 'True'}",48.244140625,-3.132,-1.375,1.1197547589836176,1.0242953605130976
"{'ar': '44100', 'sample_fmt': 's16p', 'compression_level': '9', 'reservoir': '1', 'b:a': '141k', 'abr': 'True'}",187.6083984375,-2.817,-0.96,0.6231118779978715,1.7034707152562116
"{'ar': '44100', 'sample_fmt': 'fltp', 'compression_level': '0', 'reservoir': '1', 'b:a': '257k', 'abr': 'True'}",343.5302734375,-2.587,-0.7,1.1686660739942454,2.032253099702546
"{'ar': '16000', 'sample_fmt': 'fltp', 'compression_level': '7', 'reservoir': '1', 'b:a': '32k'}",44.97265625,-3.442,-1.919,0.6156423739739694,0.17288585150187696
"{'ar': '44100', 'sample_fmt': 's32p', 'compression_level': '3', 'reservoir': '1', 'b:a': '192k', 'abr': 'True'}",261.255859375,-2.618,-0.734,0.8339474019885529,2.105321835597615
"{'ar': '44100', 'sample_fmt': 'fltp', 'compression_level': '7', 'reservoir': '1', 'b:a': '126k', 'abr': 'True'}",166.62890625,-2.967,-1.147,0.6675823529949412,1.3251786091706494
"{'ar': '16000', 'sample_fmt': 'fltp', 'compression_level': '7', 'reservoir': '1', 'b:a': '86k', 'abr': 'True'}",119.71484375,-3.714,-2.693,0.5924651549721602,-0.8225724163720158
"{'ar': '44100', 'sample_fmt': 'fltp', 'compression_level': '5', 'reservoir': '1', 'b:a': '266k', 'abr': 'True'}",361.248046875,-2.584,-0.698,0.706701950985007,2.0457473090859417
"{'ar': '44100', 'sample_fmt': 's16p', 'compression_level': '5', 'reservoir': '1', 'b:a': '245k'}",356.8115234375,-2.595,-0.709,0.7077858060074504,2.023647042956518
"{'ar': '12000', 'sample_fmt': 's16p', 'compression_level': '7', 'reservoir': '1', 'b:a': '195k', 'abr': 'True'}",88.578125,-3.74,-2.803,0.5280244669993408,-0.8634044675332309
"{'ar': '44100', 'sample_fmt': 'fltp', 'compression_level': '8', 'reservoir': '1', 'b:a': '32k'}",44.771484375,-3.286,-1.619,0.6118724329862744,0.6315933267015876
"{'ar': '32000', 'sample_fmt': 's16p', 'compression_level': '7', 'reservoir': '1', 'b:a': '195k', 'abr': 'True'}",271.2734375,-3.18,-1.447,0.5834085399983451,0.5735082821665418
"{'ar': '44100', 'sample_fmt': 'fltp', 'compression_level': '0', 'reservoir': '1', 'b:a': '257k', 'abr': 'True'}",343.5302734375,-2.587,-0.7,1.1470852920028847,2.0338481976512686
"{'ar': '44100', 'sample_fmt': 's32p', 'compression_level': '2', 'reservoir': '1', 'b:a': '138k', 'abr': 'True'}",181.2548828125,-2.854,-1.005,1.0236792149953544,1.5835983777085418
"{'ar': '44100', 'sample_fmt': 's16p', 'compression_level': '0', 'reservoir': '1', 'b:a': '107k', 'abr': 'True'}",141.1201171875,-3.275,-1.601,1.4386024060077034,0.4480547900021975
"{'ar': '44100', 'sample_fmt': 'fltp', 'compression_level': '3', 'reservoir': '1', 'b:a': '192k', 'abr': 'True'}",261.255859375,-2.618,-0.734,1.0015011349751148,2.0929374550920983
"{'ar': '44100', 'sample_fmt': 's32p', 'compression_level': '9', 'reservoir': '1', 'b:a': '114k', 'abr': 'True'}",149.4501953125,-3.139,-1.384,0.8451362519990653,0.8639535977488524
"{'ar': '44100', 'sample_fmt': 'fltp', 'compression_level': '5', 'reservoir': '1', 'b:a': '143k', 'abr': 'True'}",191.4599609375,-2.772,-0.907,1.190088379982626,1.7769845402285487
"{'ar': '44100', 'sample_fmt': 's32p', 'compression_level': '5', 'reservoir': '1', 'b:a': '141k', 'abr': 'True'}",188.9462890625,-2.791,-0.929,0.8492689050035551,1.7549775656815036
"{'ar': '44100', 'sample_fmt': 's16p', 'compression_level': '2', 'reservoir': '1', 'aq': '9'}",103.81640625,-3.341,-1.719,0.746813243982615,0.36771114751919387
"{'ar': '44100', 'sample_fmt': 'fltp', 'compression_level': '0', 'reservoir': '1', 'b:a': '253k', 'abr': 'True'}",340.58203125,-2.593,-0.707,1.2545884319988545,2.0144188998036
"{'ar': '8000', 'sample_fmt': 's16p', 'compression_level': '5', 'reservoir': '1', 'b:a': '107k'}",91.0625,-3.858,-3.511,0.6294625020236708,-1.3731434929719821
"{'ar': '12000', 'sample_fmt': 'fltp', 'compression_level': '7', 'reservoir': '1', 'b:a': '32k', 'abr': 'True'}",42.78125,-3.777,-2.982,0.5223489119962323,-0.932583273380151
"{'ar': '12000', 'sample_fmt': 's32p', 'compression_level': '7', 'reservoir': '1', 'b:a': '86k', 'abr': 'True'}",88.0625,-3.742,-2.811,0.5691884679836221,-0.8728077961564943
"{'ar': '32000', 'sample_fmt': 's16p', 'compression_level': '7', 'reservoir': '1', 'b:a': '250k', 'abr': 'True'}",346.578125,-3.17,-1.431,0.5861591839930043,0.4814906624174642
"{'ar': '44100', 'sample_fmt': 's32p', 'compression_level': '0', 'reservoir': '1', 'b:a': '194k', 'abr': 'True'}",261.7607421875,-2.621,-0.737,1.0582223380042706,2.080003214724183
"{'ar': '44100', 'sample_fmt': 's32p', 'compression_level': '7', 'reservoir': '1', 'b:a': '103k', 'abr': 'True'}",134.2138671875,-3.278,-1.606,0.6039869159867521,0.5121965854025881
"{'ar': '44100', 'sample_fmt': 's32p', 'compression_level': '9', 'reservoir': '1', 'b:a': '143k', 'abr': 'True'}",190.841796875,-2.805,-0.945,0.622724645974813,1.731031047418566
"{'ar': '44100', 'sample_fmt': 's32p', 'compression_level': '7', 'reservoir': '1', 'b:a': '103k'}",133.853515625,-3.284,-1.617,0.6320400089898612,0.49324843096570775
"{'ar': '16000', 'sample_fmt': 'fltp', 'compression_level': '8', 'reservoir': '0', 'aq': '9'}",66.69921875,-3.805,-3.135,0.5657965979771689,-1.0874630695214444
"{'ar': '44100', 'sample_fmt': 's32p', 'compression_level': '2', 'reservoir': '1', 'b:a': '138k', 'abr': 'True'}",181.2548828125,-2.854,-1.005,0.9049156080291141,1.5923765390342317
"{'ar': '44100', 'sample_fmt': 's32p', 'compression_level': '2', 'reservoir': '1', 'b:a': '143k', 'abr': 'True'}",186.4326171875,-2.837,-0.984,0.9452983849914744,1.6273633736350834
"{'ar': '44100', 'sample_fmt': 's32p', 'compression_level': '7', 'reservoir': '1', 'b:a': '107k'}",156.1484375,-3.068,-1.283,0.6402557970141061,1.0656956418249108
"{'ar': '16000', 'sample_fmt': 'fltp', 'compression_level': '8', 'reservoir': '0', 'b:a': '75k', 'abr': 'True'}",114.01953125,-3.759,-2.892,0.6053978010022547,-0.9820639229668807
"{'ar': '44100', 'sample_fmt': 'fltp', 'compression_level': '9', 'reservoir': '1', 'b:a': '194k', 'abr': 'True'}",265.4287109375,-2.623,-0.74,0.7244183319853619,2.0932165344291107
"{'ar': '44100', 'sample_fmt': 'fltp', 'compression_level': '2', 'reservoir': '1', 'b:a': '167k', 'abr': 'True'}",220.873046875,-2.698,-0.822,1.0611307680082973,1.938812114363833
"{'ar': '44100', 'sample_fmt': 'fltp', 'compression_level': '7', 'reservoir': '1', 'b:a': '195k', 'abr': 'True'}",266.8515625,-2.621,-0.737,0.7054948559671175,2.097951080235693
"{'ar': '44100', 'sample_fmt': 's16p', 'compression_level': '9', 'reservoir': '1', 'b:a': '267k', 'abr': 'True'}",367.8916015625,-2.597,-0.712,0.9899311070039403,1.9795065291681713
"{'ar': '44100', 'sample_fmt': 'fltp', 'compression_level': '7', 'reservoir': '1', 'b:a': '167k'}",223.037109375,-2.691,-0.815,0.6623251549899578,1.9833536452414544
"{'ar': '32000', 'sample_fmt': 's16p', 'compression_level': '7', 'reservoir': '1', 'b:a': '195k', 'abr': 'True'}",271.2734375,-3.18,-1.447,0.6004368560097646,0.5722496701314967
"{'ar': '44100', 'sample_fmt': 's32p', 'compression_level': '7', 'reservoir': '1', 'b:a': '267k'}",356.8115234375,-2.604,-0.719,0.6964254390040878,2.000362695885208
"{'ar': '32000', 'sample_fmt': 's16p', 'compression_level': '7', 'reservoir': '1', 'b:a': '254k', 'abr': 'True'}",352.0625,-3.172,-1.435,0.786057744990103,0.4520426498332211
"{'ar': '44100', 'sample_fmt': 'fltp', 'compression_level': '7', 'reservoir': '1', 'b:a': '261k'}",356.8115234375,-2.605,-0.72,0.7570514889666811,1.9932362531245127
"{'ar': '44100', 'sample_fmt': 's16p', 'compression_level': '9', 'reservoir': '1', 'b:a': '195k', 'abr': 'True'}",266.853515625,-2.62,-0.736,0.7429816650401335,2.0978226015824784
"{'ar': '44100', 'sample_fmt': 's16p', 'compression_level': '0', 'reservoir': '1', 'b:a': '103k', 'abr': 'True'}",136.1435546875,-3.306,-1.655,1.1668970250175335,0.38681541736886227
"{'ar': '16000', 'sample_fmt': 'fltp', 'compression_level': '8', 'reservoir': '1', 'b:a': '137k', 'abr': 'True'}",190.80078125,-3.768,-2.934,0.5821261670207605,-1.1370796660826097
"{'ar': '32000', 'sample_fmt': 'fltp', 'compression_level': '7', 'reservoir': '0', 'b:a': '251k'}",357.828125,-3.177,-1.442,0.6500781959912274,0.43903538937855585
"{'ar': '44100', 'sample_fmt': 'fltp', 'compression_level': '5', 'reservoir': '1', 'b:a': '126k', 'abr': 'True'}",169.3740234375,-2.868,-1.022,0.8286700949829537,1.5789880093392907
"{'ar': '44100', 'sample_fmt': 'fltp', 'compression_level': '5', 'reservoir': '1', 'b:a': '97k', 'abr': 'True'}",129.439453125,-3.279,-1.607,0.700221753999358,0.5100565577756498
"{'ar': '32000', 'sample_fmt': 's16p', 'compression_level': '7', 'reservoir': '1', 'b:a': '255k', 'abr': 'True'}",353.46875,-3.172,-1.434,0.7479281749983784,0.45293247157053323
"{'ar': '32000', 'sample_fmt': 's32p', 'compression_level': '7', 'reservoir': '1', 'b:a': '103k'}",134.234375,-3.535,-2.133,0.6446751430048607,-0.2558841279992889
"{'ar': '44100', 'sample_fmt': 's32p', 'compression_level': '7', 'reservoir': '1', 'b:a': '107k'}",156.1484375,-3.068,-1.283,0.6609355280234013,1.0641671431576123
"{'ar': '44100', 'sample_fmt': 's32p', 'compression_level': '7', 'reservoir': '1', 'b:a': '107k'}",156.1484375,-3.068,-1.283,0.9226676190155558,1.0448217681094096
"{'ar': '44100', 'sample_fmt': 's16p', 'compression_level': '5', 'reservoir': '1', 'b:a': '104k', 'abr': 'True'}",138.4287109375,-3.161,-1.418,0.7943289540125988,0.8233112861695443
"{'ar': '44100', 'sample_fmt': 'fltp', 'compression_level': '7', 'reservoir': '1', 'b:a': '168k', 'abr': 'True'}",226.8955078125,-2.683,-0.806,1.1750585079716984,1.9607779602661985
"{'ar': '8000', 'sample_fmt': 's32p', 'compression_level': '9', 'reservoir': '1', 'b:a': '194k', 'abr': 'True'}",90.21875,-3.858,-3.51,0.8189223200024571,-1.385485215090055
"{'ar': '44100', 'sample_fmt': 's32p', 'compression_level': '5', 'reservoir': '1', 'b:a': '107k'}",156.1484375,-2.963,-1.14,1.1667733769863844,1.316533231572622
"{'ar': '44100', 'sample_fmt': 's16p', 'compression_level': '9', 'reservoir': '1', 'b:a': '32k', 'abr': 'True'}",48.193359375,-3.355,-1.744,1.0797851150273345,0.3913503718194203
"{'ar': '32000', 'sample_fmt': 'fltp', 'compression_level': '7', 'reservoir': '1', 'b:a': '32k'}",44.8671875,-3.434,-1.9,1.263659716991242,0.1497905226203453
"{'ar': '44100', 'sample_fmt': 's16p', 'compression_level': '7', 'reservoir': '1', 'b:a': '103k', 'abr': 'True'}",134.2138671875,-3.276,-1.603,0.8826973860268481,0.4972025402042662
"{'ar': '44100', 'sample_fmt': 'fltp', 'compression_level': '0', 'reservoir': '1', 'b:a': '32k', 'abr': 'True'}",48.244140625,-3.132,-1.375,1.2982203899882734,1.0111044500981319
"{'ar': '44100', 'sample_fmt': 's32p', 'compression_level': '7', 'reservoir': '1', 'b:a': '107k', 'abr': 'True'}",139.2421875,-3.248,-1.556,1.0641210970061366,0.5558342814321489
"{'ar': '44100', 'sample_fmt': 's32p', 'compression_level': '7', 'reservoir': '1', 'b:a': '143k'}",178.4443359375,-2.916,-1.081,0.7883358650142327,1.437046989893951
"{'ar': '44100', 'sample_fmt': 's16p', 'compression_level': '9', 'reservoir': '1', 'b:a': '143k', 'abr': 'True'}",190.8896484375,-2.799,-0.939,0.7681715769867878,1.7360766669477026
"{'ar': '44100', 'sample_fmt': 's16p', 'compression_level': '5', 'reservoir': '1', 'b:a': '107k', 'abr': 'True'}",142.23828125,-3.095,-1.321,1.3349221679964103,0.9616510461840901
"{'ar': '44100', 'sample_fmt': 'fltp', 'compression_level': '7', 'reservoir': '1', 'b:a': '252k', 'abr': 'True'}",347.2939453125,-2.604,-0.719,0.7021794160245918,2.0151242653807953
"{'ar': '44100', 'sample_fmt': 's16p', 'compression_level': '9', 'reservoir': '1', 'b:a': '143k', 'abr': 'True'}",190.8896484375,-2.799,-0.939,0.7241859400237445,1.739327772460055
"{'ar': '44100', 'sample_fmt': 'fltp', 'compression_level': '5', 'reservoir': '1', 'b:a': '253k', 'abr': 'True'}",349.935546875,-2.586,-0.699,0.779139641992515,2.053468851842463
"{'ar': '44100', 'sample_fmt': 'fltp', 'compression_level': '9', 'reservoir': '1', 'b:a': '128k', 'abr': 'True'}",169.32421875,-2.937,-1.108,0.6101284469768871,1.4073253916445507
"{'ar': '44100', 'sample_fmt': 's32p', 'compression_level': '7', 'reservoir': '1', 'b:a': '113k', 'abr': 'True'}",147.62109375,-3.164,-1.423,0.6365733470302075,0.8117363934083156
"{'ar': '44100', 'sample_fmt': 's32p', 'compression_level': '2', 'reservoir': '1', 'b:a': '138k', 'abr': 'True'}",181.2548828125,-2.854,-1.005,0.9177380519977305,1.5914287951535822
"{'ar': '44100', 'sample_fmt': 's16p', 'compression_level': '5', 'reservoir': '1', 'b:a': '126k'}",178.4443359375,-2.851,-1.001,0.9146338400023524,1.6043945737519718
"{'ar': '44100', 'sample_fmt': 's16p', 'compression_level': '5', 'reservoir': '1', 'b:a': '74k', 'abr': 'True'}",100.12890625,-3.468,-1.974,0.7595128340180963,-0.003687502103014875
"{'ar': '44100', 'sample_fmt': 's16p', 'compression_level': '2', 'reservoir': '1', 'b:a': '168k', 'abr': 'True'}",221.888671875,-2.679,-0.802,1.0529851749888621,1.9883715688871522
"{'ar': '44100', 'sample_fmt': 'fltp', 'compression_level': '0', 'reservoir': '1', 'b:a': '195k', 'abr': 'True'}",262.8828125,-2.615,-0.73,1.2298955709848087,2.0817117380695915
"{'ar': '44100', 'sample_fmt': 'fltp', 'compression_level': '0', 'reservoir': '1', 'b:a': '32k', 'abr': 'True'}",48.244140625,-3.132,-1.375,1.2603547999751754,1.0139032052582195
"{'ar': '16000', 'sample_fmt': 's16p', 'compression_level': '9', 'reservoir': '1', 'b:a': '261k', 'abr': 'True'}",220.68359375,-3.766,-2.926,0.6371010129805654,-1.1816424191148003
"{'ar': '32000', 'sample_fmt': 'fltp', 'compression_level': '7', 'reservoir': '0', 'b:a': '106k'}",156.59375,-3.396,-1.823,0.85491543597891,0.11455180716420194
"{'ar': '44100', 'sample_fmt': 'fltp', 'compression_level': '7', 'reservoir': '1', 'b:a': '205k', 'abr': 'True'}",280.4375,-2.606,-0.721,0.8724380559870042,2.1039296284524074
"{'ar': '16000', 'sample_fmt': 'fltp', 'compression_level': '0', 'reservoir': '0', 'aq': '9'}",65.08203125,-3.818,-3.218,0.7523858650238253,-1.1551461722705079
"{'ar': '44100', 'sample_fmt': 's16p', 'compression_level': '2', 'reservoir': '1', 'b:a': '254k', 'abr': 'True'}",341.8037109375,-2.59,-0.703,1.1952247599838302,2.0251088964237156
"{'ar': '44100', 'sample_fmt': 's16p', 'compression_level': '5', 'reservoir': '1', 'b:a': '144k', 'abr': 'True'}",196.37109375,-2.719,-0.846,0.8741139649937395,1.935232269637019
"{'ar': '32000', 'sample_fmt': 'fltp', 'compression_level': '2', 'reservoir': '1', 'b:a': '32k'}",44.8671875,-3.392,-1.815,0.7210551640018821,0.31456734671625763
"{'ar': '44100', 'sample_fmt': 's32p', 'compression_level': '2', 'reservoir': '1', 'b:a': '142k', 'abr': 'True'}",185.4130859375,-2.846,-0.995,1.135864556999877,1.5904654241774754
"{'ar': '32000', 'sample_fmt': 's16p', 'compression_level': '7', 'reservoir': '1', 'b:a': '195k', 'abr': 'True'}",271.2734375,-3.18,-1.447,0.5857709530100692,0.5733336693953018
"{'ar': '44100', 'sample_fmt': 'fltp', 'compression_level': '0', 'reservoir': '1', 'b:a': '32k', 'abr': 'True'}",48.244140625,-3.132,-1.375,1.3217383610026445,1.0093661689117432
"{'ar': '44100', 'sample_fmt': 'fltp', 'compression_level': '7', 'reservoir': '1', 'b:a': '113k', 'abr': 'True'}",147.62109375,-3.164,-1.423,0.8401117940084077,0.7966922787237315
"{'ar': '44100', 'sample_fmt': 's16p', 'compression_level': '5', 'reservoir': '1', 'b:a': '127k', 'abr': 'True'}",170.8017578125,-2.868,-1.022,0.8578526850033086,1.5745528545849314
"{'ar': '32000', 'sample_fmt': 's32p', 'compression_level': '7', 'reservoir': '1', 'b:a': '195k', 'abr': 'True'}",271.34375,-3.179,-1.446,0.6865047600003891,0.5684213437559276
"{'ar': '44100', 'sample_fmt': 's16p', 'compression_level': '2', 'reservoir': '1', 'b:a': '168k', 'abr': 'True'}",221.888671875,-2.679,-0.802,1.0473592900088988,1.9887873943004704
"{'ar': '16000', 'sample_fmt': 's32p', 'compression_level': '0', 'reservoir': '1', 'b:a': '141k', 'abr': 'True'}",115.1796875,-3.765,-2.92,1.1330937720194925,-1.0457311395427809
"{'ar': '44100', 'sample_fmt': 'fltp', 'compression_level': '7', 'reservoir': '1', 'b:a': '32k', 'abr': 'True'}",48.16796875,-3.35,-1.734,1.1148561559966765,0.40360295804506285
"{'ar': '16000', 'sample_fmt': 'fltp', 'compression_level': '8', 'reservoir': '0', 'aq': '9'}",66.69921875,-3.805,-3.135,1.048853636981221,-1.12316721093484
"{'ar': '44100', 'sample_fmt': 'fltp', 'compression_level': '7', 'reservoir': '1', 'b:a': '195k'}",267.6279296875,-2.63,-0.747,0.7556261420249939,2.0688828857799906
"{'ar': '16000', 'sample_fmt': 'fltp', 'compression_level': '7', 'reservoir': '0', 'aq': '9'}",66.69921875,-3.805,-3.135,1.0516799480246846,-1.1233761117499117
"{'ar': '44100', 'sample_fmt': 'fltp', 'compression_level': '5', 'reservoir': '1', 'b:a': '247k', 'abr': 'True'}",343.2294921875,-2.593,-0.707,1.0569876580266282,2.0247996842037392
"{'ar': '16000', 'sample_fmt': 'fltp', 'compression_level': '5', 'reservoir': '1', 'b:a': '32k', 'abr': 'True'}",43.42578125,-3.404,-1.84,0.8942250319814775,0.26822214812830225
"{'ar': '44100', 'sample_fmt': 's16p', 'compression_level': '9', 'reservoir': '1', 'b:a': '143k', 'abr': 'True'}",190.8896484375,-2.799,-0.939,0.9329789140319917,1.7238952805011678
"{'ar': '44100', 'sample_fmt': 'fltp', 'compression_level': '7', 'reservoir': '1', 'b:a': '32k', 'abr': 'True'}",48.16796875,-3.35,-1.734,1.076082168990979,0.4064688554514372
"{'ar': '16000', 'sample_fmt': 'fltp', 'compression_level': '7', 'reservoir': '0', 'aq': '9'}",66.69921875,-3.805,-3.135,0.74752700998215,-1.100895289332832
"{'ar': '44100', 'sample_fmt': 'fltp', 'compression_level': '0', 'reservoir': '1', 'b:a': '193k', 'abr': 'True'}",260.6455078125,-2.621,-0.737,1.2722262080060318,2.065965110408045
"{'ar': '44100', 'sample_fmt': 'fltp', 'compression_level': '5', 'reservoir': '1', 'b:a': '126k', 'abr': 'True'}",169.3740234375,-2.868,-1.022,1.3728768349974416,1.5387641168489519
"{'ar': '16000', 'sample_fmt': 'fltp', 'compression_level': '8', 'reservoir': '1', 'b:a': '32k', 'abr': 'True'}",42.828125,-3.448,-1.93,0.9743867439974565,0.1323423017193134
"{'ar': '44100', 'sample_fmt': 'fltp', 'compression_level': '7', 'reservoir': '1', 'b:a': '137k', 'abr': 'True'}",182.22265625,-2.864,-1.016,0.9342551360023208,1.5618943070662463
"{'ar': '44100', 'sample_fmt': 'fltp', 'compression_level': '7', 'reservoir': '1', 'b:a': '261k', 'abr': 'True'}",360.41796875,-2.601,-0.716,1.0477413749904372,1.976577431619026
"{'ar': '32000', 'sample_fmt': 's16p', 'compression_level': '7', 'reservoir': '1', 'b:a': '254k'}",357.828125,-3.175,-1.439,0.7384163019887637,0.43811231563526537
"{'ar': '44100', 'sample_fmt': 's32p', 'compression_level': '9', 'reservoir': '1', 'b:a': '167k', 'abr': 'True'}",225.26171875,-2.687,-0.81,0.7466385939915199,1.984469108310438
"{'ar': '44100', 'sample_fmt': 'fltp', 'compression_level': '0', 'reservoir': '1', 'b:a': '191k', 'abr': 'True'}",258.5078125,-2.628,-0.745,1.2227735279884655,2.054198113491622
"{'ar': '44100', 'sample_fmt': 'fltp', 'compression_level': '0', 'reservoir': '1', 'b:a': '194k', 'abr': 'True'}",261.7607421875,-2.621,-0.737,1.1324778989946935,2.074514771670337
"{'ar': '32000', 'sample_fmt': 'fltp', 'compression_level': '7', 'reservoir': '1', 'b:a': '109k'}",156.59375,-3.405,-1.841,0.6144682660233229,0.10567626031538312
"{'ar': '44100', 'sample_fmt': 's32p', 'compression_level': '0', 'reservoir': '1', 'b:a': '261k', 'abr': 'True'}",345.462890625,-2.583,-0.697,1.1455467689665966,2.041144232062571
"{'ar': '12000', 'sample_fmt': 'fltp', 'compression_level': '9', 'reservoir': '1', 'b:a': '128k', 'abr': 'True'}",88.34375,-3.742,-2.811,0.5679282939818222,-0.8731634337259105
"{'ar': '44100', 'sample_fmt': 'fltp', 'compression_level': '9', 'reservoir': '1', 'b:a': '127k', 'abr': 'True'}",167.8515625,-2.955,-1.131,0.6111849259759765,1.3604027452226986
"{'ar': '44100', 'sample_fmt': 's32p', 'compression_level': '3', 'reservoir': '1', 'b:a': '192k', 'abr': 'True'}",261.255859375,-2.618,-0.734,0.7585065030143596,2.11089789040655
"{'ar': '44100', 'sample_fmt': 'fltp', 'compression_level': '5', 'reservoir': '1', 'b:a': '253k', 'abr': 'True'}",349.935546875,-2.586,-0.699,0.709069916018052,2.0586479077364586
"{'ar': '44100', 'sample_fmt': 'fltp', 'compression_level': '0', 'reservoir': '1', 'b:a': '32k', 'abr': 'True'}",48.244140625,-3.132,-1.375,1.0860393490293063,1.0267873638742353
"{'ar': '44100', 'sample_fmt': 's32p', 'compression_level': '2', 'reservoir': '1', 'b:a': '168k', 'abr': 'True'}",222.15234375,-2.678,-0.8,0.953485152014764,1.9982660258382894
"{'ar': '32000', 'sample_fmt': 's16p', 'compression_level': '5', 'reservoir': '1', 'b:a': '102k', 'abr': 'True'}",138.20703125,-3.38,-1.791,0.6819590060040355,0.2040482274328182
"{'ar': '44100', 'sample_fmt': 's32p', 'compression_level': '5', 'reservoir': '1', 'b:a': '141k', 'abr': 'True'}",188.9462890625,-2.791,-0.929,0.7538315989950206,1.762031612708471
"{'ar': '44100', 'sample_fmt': 'fltp', 'compression_level': '7', 'reservoir': '1', 'b:a': '167k'}",223.037109375,-2.691,-0.815,0.6236698489810806,1.9862107705924577
"{'ar': '44100', 'sample_fmt': 's16p', 'compression_level': '2', 'reservoir': '1', 'b:a': '168k', 'abr': 'True'}",221.888671875,-2.679,-0.802,0.9246638719923794,1.9978561671407742
"{'ar': '44100', 'sample_fmt': 'fltp', 'compression_level': '8', 'reservoir': '0', 'aq': '9'}",103.8740234375,-3.314,-1.668,0.6076253360079136,0.4569036906696305
"{'ar': '44100', 'sample_fmt': 'fltp', 'compression_level': '9', 'reservoir': '1', 'b:a': '128k', 'abr': 'True'}",169.32421875,-2.937,-1.108,0.6998898989986628,1.4006908633845654
"{'ar': '44100', 'sample_fmt': 's32p', 'compression_level': '7', 'reservoir': '1', 'b:a': '107k'}",156.1484375,-3.068,-1.283,0.770055547967786,1.0561017672112032
"{'ar': '32000', 'sample_fmt': 'fltp', 'compression_level': '7', 'reservoir': '1', 'b:a': '254k', 'abr': 'True'}",352.0625,-3.174,-1.437,0.8341439599753357,0.443197666260466
"{'ar': '44100', 'sample_fmt': 's16p', 'compression_level': '2', 'reservoir': '1', 'b:a': '32k', 'abr': 'True'}",47.8125,-3.293,-1.632,0.7828329379844945,0.5936941766607303
"{'ar': '44100', 'sample_fmt': 's32p', 'compression_level': '0', 'reservoir': '1', 'b:a': '192k', 'abr': 'True'}",259.423828125,-2.623,-0.74,1.2399264109844808,2.0646956218664787
"{'ar': '44100', 'sample_fmt': 's16p', 'compression_level': '5', 'reservoir': '1', 'b:a': '32k'}",44.771484375,-3.296,-1.637,0.7062286479922477,0.5956415565105998
"{'ar': '44100', 'sample_fmt': 's32p', 'compression_level': '2', 'reservoir': '1', 'b:a': '103k', 'abr': 'True'}",134.974609375,-3.327,-1.693,0.8620249610103201,0.3502985230256851
"{'ar': '44100', 'sample_fmt': 's16p', 'compression_level': '5', 'reservoir': '1', 'b:a': '102k', 'abr': 'True'}",135.8388671875,-3.191,-1.465,0.7315719719917979,0.7473576777282868
"{'ar': '44100', 'sample_fmt': 'fltp', 'compression_level': '5', 'reservoir': '1', 'b:a': '97k', 'abr': 'True'}",129.439453125,-3.279,-1.607,0.7241169910121243,0.5082903917693136
"{'ar': '44100', 'sample_fmt': 's16p', 'compression_level': '5', 'reservoir': '1', 'b:a': '108k', 'abr': 'True'}",143.7607421875,-3.095,-1.321,0.7241796019952744,1.004363456776057
"{'ar': '44100', 'sample_fmt': 's32p', 'compression_level': '7', 'reservoir': '1', 'b:a': '168k'}",223.037109375,-2.692,-0.815,0.6564182200236246,1.9814603060340223
"{'ar': '44100', 'sample_fmt': 's32p', 'compression_level': '7', 'reservoir': '1', 'b:a': '89k'}",133.853515625,-3.284,-1.617,0.6674879390047863,0.4906283720412493
"{'ar': '44100', 'sample_fmt': 's32p', 'compression_level': '2', 'reservoir': '1', 'b:a': '104k', 'abr': 'True'}",136.3974609375,-3.312,-1.666,0.8637929990072735,0.39136389293458645
"{'ar': '44100', 'sample_fmt': 'fltp', 'compression_level': '5', 'reservoir': '1', 'b:a': '143k', 'abr': 'True'}",191.4599609375,-2.772,-0.907,0.8220842499868013,1.8041847887233737
"{'ar': '32000', 'sample_fmt': 'fltp', 'compression_level': '7', 'reservoir': '1', 'b:a': '32k'}",44.8671875,-3.434,-1.9,0.6428071560221724,0.19567952918448026
"{'ar': '44100', 'sample_fmt': 's16p', 'compression_level': '7', 'reservoir': '1', 'b:a': '32k'}",44.771484375,-3.291,-1.629,0.7684299370157532,0.6052174359787177
"{'ar': '44100', 'sample_fmt': 's16p', 'compression_level': '5', 'reservoir': '1', 'b:a': '126k', 'abr': 'True'}",169.3759765625,-2.878,-1.034,0.7945764460018836,1.5544199736340583
"{'ar': '44100', 'sample_fmt': 's16p', 'compression_level': '9', 'reservoir': '1', 'b:a': '261k', 'abr': 'True'}",360.2197265625,-2.596,-0.71,0.6720656219695229,2.0182034796155683
"{'ar': '44100', 'sample_fmt': 'fltp', 'compression_level': '5', 'reservoir': '1', 'b:a': '143k', 'abr': 'True'}",191.4599609375,-2.772,-0.907,0.7358421399840154,1.8105591922465636
"{'ar': '44100', 'sample_fmt': 's16p', 'compression_level': '2', 'reservoir': '1', 'b:a': '168k', 'abr': 'True'}",221.888671875,-2.679,-0.802,1.0378463500237558,1.9894905231797988
"{'ar': '32000', 'sample_fmt': 's16p', 'compression_level': '7', 'reservoir': '1', 'b:a': '251k', 'abr': 'True'}",347.984375,-3.171,-1.432,0.7784858230152167,0.462385945252622
"{'ar': '44100', 'sample_fmt': 'fltp', 'compression_level': '5', 'reservoir': '1', 'b:a': '97k', 'abr': 'True'}",129.439453125,-3.279,-1.607,0.8345923839951865,0.5001248362856379
"{'ar': '44100', 'sample_fmt': 'fltp', 'compression_level': '5', 'reservoir': '1', 'b:a': '253k', 'abr': 'True'}",349.935546875,-2.586,-0.699,0.7231851440155879,2.057604610453087
"{'ar': '44100', 'sample_fmt': 's16p', 'compression_level': '9', 'reservoir': '1', 'b:a': '194k', 'abr': 'True'}",265.3271484375,-2.62,-0.736,0.684753429988632,2.1045619887685305
"{'ar': '44100', 'sample_fmt': 'fltp', 'compression_level': '0', 'reservoir': '1', 'b:a': '32k', 'abr': 'True'}",48.244140625,-3.132,-1.375,1.154846265038941,1.0217016459132824
"{'ar': '44100', 'sample_fmt': 's32p', 'compression_level': '9', 'reservoir': '1', 'b:a': '194k', 'abr': 'True'}",265.4287109375,-2.623,-0.74,0.6593350880139042,2.0980270250311945
"{'ar': '44100', 'sample_fmt': 's16p', 'compression_level': '2', 'reservoir': '1', 'b:a': '168k', 'abr': 'True'}",221.888671875,-2.679,-0.802,0.950690816011047,1.99593244051065
"{'ar': '44100', 'sample_fmt': 's32p', 'compression_level': '9', 'reservoir': '1', 'b:a': '194k', 'abr': 'True'}",265.4287109375,-2.623,-0.74,0.6314358770032413,2.1000891363240983
"{'ar': '44100', 'sample_fmt': 's32p', 'compression_level': '2', 'reservoir': '1', 'b:a': '143k', 'abr': 'True'}",186.4326171875,-2.837,-0.984,0.8675846369878855,1.6331074212825536
"{'ar': '32000', 'sample_fmt': 'fltp', 'compression_level': '7', 'reservoir': '0', 'b:a': '168k'}",223.671875,-3.202,-1.481,0.5792900430096779,0.5877846024090208
"{'ar': '44100', 'sample_fmt': 's16p', 'compression_level': '5', 'reservoir': '1', 'b:a': '103k', 'abr': 'True'}",137.1591796875,-3.161,-1.418,0.7277023640053812,0.8302615960197497
"{'ar': '44100', 'sample_fmt': 's32p', 'compression_level': '0', 'reservoir': '1', 'b:a': '108k', 'abr': 'True'}",142.6943359375,-3.238,-1.539,1.2496972930093762,0.5652715088482417
"{'ar': '16000', 'sample_fmt': 's32p', 'compression_level': '0', 'reservoir': '1', 'b:a': '92k', 'abr': 'True'}",89.97265625,-3.813,-3.181,0.9587344809842762,-1.1867934337344122
"{'ar': '32000', 'sample_fmt': 'fltp', 'compression_level': '7', 'reservoir': '1', 'b:a': '164k', 'abr': 'True'}",226.0625,-3.194,-1.468,0.5985418380296323,0.6052874729214758
"{'ar': '44100', 'sample_fmt': 's32p', 'compression_level': '7', 'reservoir': '1', 'b:a': '168k'}",223.037109375,-2.692,-0.815,0.6827125130221248,1.9795168188683674
"{'ar': '44100', 'sample_fmt': 'fltp', 'compression_level': '5', 'reservoir': '1', 'b:a': '126k', 'abr': 'True'}",169.3740234375,-2.868,-1.022,0.731360151025001,1.5861804684475724
"{'ar': '44100', 'sample_fmt': 'fltp', 'compression_level': '5', 'reservoir': '1', 'b:a': '97k', 'abr': 'True'}",129.439453125,-3.279,-1.607,0.6861639049893711,0.5110956140122707
"{'ar': '16000', 'sample_fmt': 's32p', 'compression_level': '8', 'reservoir': '1', 'b:a': '86k', 'abr': 'True'}",119.71484375,-3.714,-2.693,0.5460948710097,-0.819145054710154
"{'ar': '12000', 'sample_fmt': 'fltp', 'compression_level': '7', 'reservoir': '1', 'b:a': '103k'}",90.265625,-3.742,-2.811,0.5609885200101417,-0.8757171628983355
"{'ar': '44100', 'sample_fmt': 'fltp', 'compression_level': '7', 'reservoir': '1', 'b:a': '164k'}",223.037109375,-2.691,-0.815,0.6992259720282163,1.9806261992393834
"{'ar': '44100', 'sample_fmt': 's32p', 'compression_level': '5', 'reservoir': '1', 'b:a': '141k', 'abr': 'True'}",188.9462890625,-2.791,-0.929,0.8918302030069754,1.7518317371768928
"{'ar': '44100', 'sample_fmt': 'fltp', 'compression_level': '9', 'reservoir': '1', 'b:a': '264k'}",356.8115234375,-2.605,-0.72,0.619286598986946,2.003418854176717
"{'ar': '16000', 'sample_fmt': 's16p', 'compression_level': '8', 'reservoir': '1', 'b:a': '254k', 'abr': 'True'}",220.68359375,-3.766,-2.926,0.5324295440223068,-1.1739058484246416
"{'ar': '44100', 'sample_fmt': 's16p', 'compression_level': '2', 'reservoir': '1', 'aq': '9'}",103.81640625,-3.341,-1.719,0.6314399639959447,0.37623871998240527
"{'ar': '44100', 'sample_fmt': 'fltp', 'compression_level': '7', 'reservoir': '1', 'b:a': '195k', 'abr': 'True'}",266.8515625,-2.621,-0.737,0.6520108850090764,2.101904235056442
"{'ar': '44100', 'sample_fmt': 'fltp', 'compression_level': '9', 'reservoir': '1', 'b:a': '127k', 'abr': 'True'}",167.8515625,-2.955,-1.131,0.6041672359860968,1.3609214429655379
"{'ar': '44100', 'sample_fmt': 's16p', 'compression_level': '0', 'reservoir': '1', 'b:a': '195k', 'abr': 'True'}",262.982421875,-2.623,-0.74,1.1955085140070878,2.0623003548665926
"{'ar': '44100', 'sample_fmt': 'fltp', 'compression_level': '2', 'reservoir': '1', 'b:a': '254k', 'abr': 'True'}",342.109375,-2.588,-0.701,0.863637907023076,2.054420493920182
"{'ar': '16000', 'sample_fmt': 's32p', 'compression_level': '0', 'reservoir': '1', 'b:a': '143k', 'abr': 'True'}",117.21875,-3.765,-2.921,0.9721050559892319,-1.0374011166801187
"{'ar': '44100', 'sample_fmt': 's32p', 'compression_level': '7', 'reservoir': '1', 'b:a': '107k'}",156.1484375,-3.068,-1.283,0.7046226960083004,1.0609380983497785
"{'ar': '44100', 'sample_fmt': 's32p', 'compression_level': '5', 'reservoir': '1', 'b:a': '143k', 'abr': 'True'}",191.4091796875,-2.771,-0.906,0.8979747300036252,1.8013019301696234
"{'ar': '16000', 'sample_fmt': 'fltp', 'compression_level': '0', 'reservoir': '0', 'aq': '9'}",65.08203125,-3.818,-3.218,0.7353514029819053,-1.1538871059645912
"{'ar': '44100', 'sample_fmt': 's16p', 'compression_level': '5', 'reservoir': '1', 'b:a': '143k', 'abr': 'True'}",191.458984375,-2.768,-0.902,1.640147256985074,1.7546179899649983
"{'ar': '44100', 'sample_fmt': 's16p', 'compression_level': '5', 'reservoir': '1', 'b:a': '103k', 'abr': 'True'}",137.1591796875,-3.161,-1.418,1.2382456600025762,0.7925258659380024
"{'ar': '44100', 'sample_fmt': 's32p', 'compression_level': '0', 'reservoir': '1', 'b:a': '32k', 'abr': 'True'}",48.244140625,-3.132,-1.375,1.427611603983678,1.0015407716313656
"{'ar': '44100', 'sample_fmt': 'fltp', 'compression_level': '1', 'reservoir': '1', 'b:a': '193k', 'abr': 'True'}",262.2734375,-2.622,-0.739,1.4575920960342046,2.0467056976204527
"{'ar': '16000', 'sample_fmt': 'fltp', 'compression_level': '5', 'reservoir': '1', 'b:a': '32k', 'abr': 'True'}",43.42578125,-3.404,-1.84,1.0799634229915682,0.2544936870086927
"{'ar': '44100', 'sample_fmt': 'fltp', 'compression_level': '7', 'reservoir': '1', 'b:a': '113k', 'abr': 'True'}",147.62109375,-3.164,-1.423,0.7298922269837931,0.8048389253716796
"{'ar': '48000', 'sample_fmt': 'fltp', 'compression_level': '9', 'reservoir': '1', 'b:a': '126k', 'abr': 'True'}",165.546875,-3.672,-2.536,0.7472873910155613,-0.7597639660211992
"{'ar': '44100', 'sample_fmt': 'fltp', 'compression_level': '5', 'reservoir': '1', 'b:a': '126k', 'abr': 'True'}",169.3740234375,-2.868,-1.022,0.8781151850125752,1.5753333798771976
"{'ar': '44100', 'sample_fmt': 'fltp', 'compression_level': '0', 'reservoir': '1', 'b:a': '168k'}",223.037109375,-2.7,-0.825,2.2016329129983205,1.8454549368209876
"{'ar': '44100', 'sample_fmt': 'fltp', 'compression_level': '9', 'reservoir': '0', 'b:a': '127k', 'abr': 'True'}",183.1142578125,-2.955,-1.131,0.7769802309921943,1.3237941924861092
"{'ar': '16000', 'sample_fmt': 'fltp', 'compression_level': '0', 'reservoir': '1', 'b:a': '32k', 'abr': 'True'}",43.91796875,-3.277,-1.605,1.404031234967988,0.5997903638492482
"{'ar': '44100', 'sample_fmt': 'fltp', 'compression_level': '7', 'reservoir': '0', 'b:a': '108k'}",156.1484375,-3.098,-1.324,0.8192463429586496,0.9696340035685538
"{'ar': '44100', 'sample_fmt': 's32p', 'compression_level': '2', 'reservoir': '1', 'b:a': '267k', 'abr': 'True'}",350.037109375,-2.586,-0.7,0.9975167080119718,2.0368504538573564
"{'ar': '44100', 'sample_fmt': 'fltp', 'compression_level': '7', 'reservoir': '1', 'b:a': '164k'}",223.037109375,-2.691,-0.815,0.7350389119819738,1.97797916137575
"{'ar': '44100', 'sample_fmt': 's16p', 'compression_level': '5', 'reservoir': '1', 'b:a': '168k', 'abr': 'True'}",228.12109375,-2.652,-0.771,0.8134042320016306,2.06882236584862
"{'ar': '12000', 'sample_fmt': 'fltp', 'compression_level': '7', 'reservoir': '0', 'b:a': '195k'}",90.640625,-3.74,-2.803,0.5970447090221569,-0.8717970112888149
"{'ar': '44100', 'sample_fmt': 'fltp', 'compression_level': '7', 'reservoir': '1', 'b:a': '104k'}",133.853515625,-3.284,-1.617,0.6520538599870633,0.4917691494139804
"{'ar': '44100', 'sample_fmt': 's32p', 'compression_level': '7', 'reservoir': '1', 'b:a': '168k'}",223.037109375,-2.692,-0.815,0.6971476540202275,1.9784498758908233
"{'ar': '44100', 'sample_fmt': 'fltp', 'compression_level': '5', 'reservoir': '1', 'b:a': '126k', 'abr': 'True'}",169.3740234375,-2.868,-1.022,0.8647945339616854,1.5763179476827305
"{'ar': '44100', 'sample_fmt': 's16p', 'compression_level': '7', 'reservoir': '1', 'b:a': '143k', 'abr': 'True'}",190.8896484375,-2.799,-0.939,0.7202322270022705,1.7396200028126398
"{'ar': '44100', 'sample_fmt': 'fltp', 'compression_level': '7', 'reservoir': '1', 'b:a': '261k', 'abr': 'True'}",360.41796875,-2.601,-0.716,0.7810741880093701,1.9962875738703734
"{'ar': '16000', 'sample_fmt': 'fltp', 'compression_level': '0', 'reservoir': '1', 'b:a': '32k', 'abr': 'True'}",43.91796875,-3.277,-1.605,1.1840971379715484,0.6160463283974069
"{'ar': '16000', 'sample_fmt': 'fltp', 'compression_level': '7', 'reservoir': '1', 'b:a': '32k', 'abr': 'True'}",42.828125,-3.448,-1.93,0.6054201899969485,0.1596136857529843
"{'ar': '44100', 'sample_fmt': 'fltp', 'compression_level': '7', 'reservoir': '1', 'b:a': '164k'}",223.037109375,-2.691,-0.815,0.684864312002901,1.9816877110259257
"{'ar': '44100', 'sample_fmt': 's16p', 'compression_level': '5', 'reservoir': '1', 'b:a': '261k', 'abr': 'True'}",357.1650390625,-2.585,-0.698,0.7703989360015839,2.045224454109091
"{'ar': '44100', 'sample_fmt': 's16p', 'compression_level': '7', 'reservoir': '1', 'b:a': '103k', 'abr': 'True'}",134.2138671875,-3.276,-1.603,0.6639193430019077,0.513373057463291
"{'ar': '44100', 'sample_fmt': 'fltp', 'compression_level': '5', 'reservoir': '1', 'b:a': '113k', 'abr': 'True'}",150.56640625,-2.991,-1.178,0.7700163759873249,1.2775400585776273
"{'ar': '44100', 'sample_fmt': 's16p', 'compression_level': '5', 'reservoir': '1', 'b:a': '107k'}",156.1484375,-2.956,-1.132,0.8388445599994157,1.3596046300242537
"{'ar': '44100', 'sample_fmt': 'fltp', 'compression_level': '7', 'reservoir': '1', 'b:a': '164k', 'abr': 'True'}",221.1787109375,-2.699,-0.824,0.7625375310017262,1.9574334112338165
"{'ar': '44100', 'sample_fmt': 's16p', 'compression_level': '5', 'reservoir': '1', 'b:a': '103k', 'abr': 'True'}",137.1591796875,-3.161,-1.418,0.7866401260253042,0.8259053357443855
"{'ar': '44100', 'sample_fmt': 's32p', 'compression_level': '7', 'reservoir': '1', 'b:a': '167k'}",223.037109375,-2.692,-0.815,0.6949150229920633,1.978614896100689
"{'ar': '32000', 'sample_fmt': 's16p', 'compression_level': '7', 'reservoir': '1', 'b:a': '195k'}",268.390625,-3.178,-1.444,0.6551297139958479,0.578413415753297
"{'ar': '16000', 'sample_fmt': 's32p', 'compression_level': '2', 'reservoir': '1', 'b:a': '142k', 'abr': 'True'}",158.24609375,-3.751,-2.855,0.7651051849825308,-1.0341276538249233
"{'ar': '44100', 'sample_fmt': 's32p', 'compression_level': '9', 'reservoir': '1', 'b:a': '194k', 'abr': 'True'}",265.4287109375,-2.623,-0.74,0.6691207489930093,2.09730373855525
"{'ar': '44100', 'sample_fmt': 'fltp', 'compression_level': '7', 'reservoir': '1', 'b:a': '32k', 'abr': 'True'}",48.16796875,-3.35,-1.734,0.6422585220134351,0.4385340146137931
"{'ar': '12000', 'sample_fmt': 'fltp', 'compression_level': '7', 'reservoir': '0', 'b:a': '108k', 'abr': 'True'}",90.359375,-3.74,-2.804,0.7863505860150326,-0.8856558333422531
"{'ar': '44100', 'sample_fmt': 'fltp', 'compression_level': '7', 'reservoir': '1', 'b:a': '167k'}",223.037109375,-2.691,-0.815,0.8577251590031665,1.9689110663902079
"{'ar': '44100', 'sample_fmt': 's32p', 'compression_level': '5', 'reservoir': '1', 'b:a': '141k', 'abr': 'True'}",188.9462890625,-2.791,-0.929,0.8593054859957192,1.7542357329824292
"{'ar': '44100', 'sample_fmt': 'fltp', 'compression_level': '7', 'reservoir': '1', 'b:a': '32k', 'abr': 'True'}",48.16796875,-3.35,-1.734,0.7120563649514224,0.4333750543805545
"{'ar': '44100', 'sample_fmt': 's32p', 'compression_level': '7', 'reservoir': '1', 'b:a': '126k'}",178.4443359375,-2.916,-1.081,1.3128188879636582,1.398280934318153
"{'ar': '32000', 'sample_fmt': 's16p', 'compression_level': '7', 'reservoir': '1', 'b:a': '257k', 'abr': 'True'}",355.4375,-3.17,-1.432,0.7938262340321671,0.45168934121309195
"{'ar': '16000', 'sample_fmt': 'fltp', 'compression_level': '5', 'reservoir': '0', 'aq': '9'}",65.609375,-3.818,-3.218,0.6657989870000165,-1.1495877497045515
"{'ar': '44100', 'sample_fmt': 's32p', 'compression_level': '7', 'reservoir': '1', 'b:a': '144k', 'abr': 'True'}",192.5791015625,-2.807,-0.948,0.6981786979886238,1.7170756139287766
"{'ar': '44100', 'sample_fmt': 'fltp', 'compression_level': '7', 'reservoir': '0', 'b:a': '110k'}",156.1484375,-3.098,-1.324,0.6964978190080728,0.9787067016218787
"{'ar': '16000', 'sample_fmt': 's32p', 'compression_level': '9', 'reservoir': '1', 'b:a': '145k', 'abr': 'True'}",200.99609375,-3.764,-2.916,0.6056358840141911,-1.1400876338075554
"{'ar': '8000', 'sample_fmt': 's16p', 'compression_level': '5', 'reservoir': '1', 'b:a': '166k', 'abr': 'True'}",85.859375,-3.858,-3.509,0.609429743984947,-1.3627294547193223
"{'ar': '44100', 'sample_fmt': 's32p', 'compression_level': '9', 'reservoir': '1', 'b:a': '194k', 'abr': 'True'}",265.4287109375,-2.623,-0.74,1.1088907170051243,2.064799069624968
"{'ar': '16000', 'sample_fmt': 'fltp', 'compression_level': '7', 'reservoir': '1', 'b:a': '164k', 'abr': 'True'}",220.75390625,-3.766,-2.925,1.5718173460336402,-1.2505267406561251
"{'ar': '44100', 'sample_fmt': 'fltp', 'compression_level': '7', 'reservoir': '1', 'b:a': '253k', 'abr': 'True'}",349.12109375,-2.603,-0.717,0.7845501700066961,2.0090813435262587
"{'ar': '44100', 'sample_fmt': 'fltp', 'compression_level': '9', 'reservoir': '1', 'b:a': '127k', 'abr': 'True'}",167.8515625,-2.955,-1.131,0.8987982630205806,1.339144412502009
"{'ar': '44100', 'sample_fmt': 's32p', 'compression_level': '2', 'reservoir': '1', 'b:a': '106k', 'abr': 'True'}",138.9365234375,-3.293,-1.633,1.0512705609726254,0.42813433888238217
"{'ar': '44100', 'sample_fmt': 'fltp', 'compression_level': '7', 'reservoir': '1', 'b:a': '126k'}",178.4443359375,-2.916,-1.081,0.9968448050203733,1.4216354917087977
"{'ar': '8000', 'sample_fmt': 'fltp', 'compression_level': '9', 'reservoir': '1', 'b:a': '32k', 'abr': 'True'}",44.4453125,-3.856,-3.492,0.6335851389740128,-1.2884092273586139
"{'ar': '32000', 'sample_fmt': 'fltp', 'compression_level': '7', 'reservoir': '1', 'b:a': '32k'}",44.8671875,-3.434,-1.9,0.6883333819860127,0.19231455428797012
"{'ar': '32000', 'sample_fmt': 'fltp', 'compression_level': '7', 'reservoir': '1', 'b:a': '107k'}",156.59375,-3.405,-1.841,0.8155030409689061,0.09081719926440221
"{'ar': '32000', 'sample_fmt': 's16p', 'compression_level': '7', 'reservoir': '1', 'b:a': '98k', 'abr': 'True'}",130.89453125,-3.556,-2.188,0.6915359190024901,-0.3202973799223393
"{'ar': '44100', 'sample_fmt': 'fltp', 'compression_level': '7', 'reservoir': '1', 'b:a': '190k', 'abr': 'True'}",259.3271484375,-2.638,-0.756,0.7909546220034827,2.058038290233242
"{'ar': '44100', 'sample_fmt': 'fltp', 'compression_level': '0', 'reservoir': '1', 'b:a': '142k', 'abr': 'True'}",185.1533203125,-2.846,-0.994,1.664592510991497,1.5521155707061904
"{'ar': '44100', 'sample_fmt': 'fltp', 'compression_level': '7', 'reservoir': '1', 'b:a': '195k', 'abr': 'True'}",266.8515625,-2.621,-0.737,0.6350609619694296,2.1031570528404484
"{'ar': '44100', 'sample_fmt': 's32p', 'compression_level': '7', 'reservoir': '1', 'b:a': '168k', 'abr': 'True'}",226.8955078125,-2.684,-0.807,0.6353514829825144,1.9980238695726813
"{'ar': '44100', 'sample_fmt': 's32p', 'compression_level': '7', 'reservoir': '1', 'b:a': '261k', 'abr': 'True'}",360.41796875,-2.601,-0.716,0.9449981450161431,1.984171480594763
"{'ar': '44100', 'sample_fmt': 'fltp', 'compression_level': '0', 'reservoir': '1', 'b:a': '166k', 'abr': 'True'}",220.001953125,-2.702,-0.827,1.5409975839720573,1.8938367016282087
"{'ar': '44100', 'sample_fmt': 'fltp', 'compression_level': '5', 'reservoir': '1', 'b:a': '97k', 'abr': 'True'}",129.439453125,-3.279,-1.607,0.7910247879917733,0.5033450431828496
"{'ar': '44100', 'sample_fmt': 's32p', 'compression_level': '5', 'reservoir': '1', 'b:a': '143k', 'abr': 'True'}",191.4091796875,-2.771,-0.906,0.8369122630101629,1.805815233528333
"{'ar': '44100', 'sample_fmt': 's16p', 'compression_level': '5', 'reservoir': '1', 'b:a': '167k', 'abr': 'True'}",226.486328125,-2.659,-0.779,1.2200381300062872,2.0225421851113796
"{'ar': '44100', 'sample_fmt': 's32p', 'compression_level': '7', 'reservoir': '1', 'b:a': '143k', 'abr': 'True'}",190.841796875,-2.805,-0.945,0.8946114010177553,1.7109351118112575
"{'ar': '44100', 'sample_fmt': 's16p', 'compression_level': '5', 'reservoir': '1', 'b:a': '140k', 'abr': 'True'}",187.7060546875,-2.792,-0.931,0.994765058014309,1.7432416680842862
"{'ar': '44100', 'sample_fmt': 's32p', 'compression_level': '9', 'reservoir': '0', 'b:a': '194k', 'abr': 'True'}",277.5654296875,-2.623,-0.739,1.1691557859885506,2.0412940301067466
"{'ar': '44100', 'sample_fmt': 's32p', 'compression_level': '2', 'reservoir': '1', 'b:a': '32k', 'abr': 'True'}",47.76171875,-3.294,-1.634,0.8964239030028693,0.5824185154356464
"{'ar': '44100', 'sample_fmt': 'fltp', 'compression_level': '5', 'reservoir': '1', 'b:a': '253k', 'abr': 'True'}",349.935546875,-2.586,-0.699,0.9875787869968917,2.038062512407543
"{'ar': '44100', 'sample_fmt': 'fltp', 'compression_level': '7', 'reservoir': '1', 'b:a': '101k', 'abr': 'True'}",131.775390625,-3.317,-1.674,0.8454274029936641,0.3859232647552328
"{'ar': '16000', 'sample_fmt': 'fltp', 'compression_level': '5', 'reservoir': '1', 'b:a': '32k', 'abr': 'True'}",43.42578125,-3.404,-1.84,0.7112997900112532,0.28174268127455404
"{'ar': '44100', 'sample_fmt': 's32p', 'compression_level': '5', 'reservoir': '1', 'b:a': '126k'}",178.4443359375,-2.832,-0.978,0.8902771050052252,1.6577192127084972
"{'ar': '44100', 'sample_fmt': 's32p', 'compression_level': '9', 'reservoir': '1', 'b:a': '143k', 'abr': 'True'}",190.841796875,-2.805,-0.945,0.7306939370173495,1.7230507251700073
"{'ar': '44100', 'sample_fmt': 'fltp', 'compression_level': '0', 'reservoir': '1', 'b:a': '195k', 'abr': 'True'}",262.8828125,-2.615,-0.73,1.3351563370088115,2.0739316107306918
"{'ar': '44100', 'sample_fmt': 's32p', 'compression_level': '3', 'reservoir': '1', 'b:a': '140k', 'abr': 'True'}",186.5810546875,-2.824,-0.968,0.9717082619899884,1.660511013275426
"{'ar': '44100', 'sample_fmt': 's32p', 'compression_level': '2', 'reservoir': '1', 'b:a': '141k', 'abr': 'True'}",184.486328125,-2.857,-1.008,0.9944409950112458,1.5726669673707088
"{'ar': '8000', 'sample_fmt': 's32p', 'compression_level': '9', 'reservoir': '1', 'b:a': '128k'}",91.203125,-3.858,-3.511,0.583757296029944,-1.3699896794797577
"{'ar': '44100', 'sample_fmt': 'fltp', 'compression_level': '5', 'reservoir': '1', 'b:a': '107k', 'abr': 'True'}",142.1865234375,-3.108,-1.339,0.9410997690283693,0.9548747424076958
"{'ar': '44100', 'sample_fmt': 'fltp', 'compression_level': '5', 'reservoir': '1', 'b:a': '168k', 'abr': 'True'}",228.12109375,-2.654,-0.773,0.8041244739724789,2.0642174670845774
"{'ar': '12000', 'sample_fmt': 'fltp', 'compression_level': '9', 'reservoir': '0', 'b:a': '108k'}",90.359375,-3.74,-2.803,0.5854598409787286,-0.8704919595496157
"{'ar': '44100', 'sample_fmt': 's32p', 'compression_level': '7', 'reservoir': '1', 'b:a': '135k'}",178.4443359375,-2.916,-1.081,0.6274729679862503,1.4489368313824371
"{'ar': '44100', 'sample_fmt': 's32p', 'compression_level': '2', 'reservoir': '1', 'aq': '9'}",103.837890625,-3.343,-1.721,0.644238126988057,0.369967696430795
"{'ar': '44100', 'sample_fmt': 's16p', 'compression_level': '9', 'reservoir': '1', 'b:a': '261k', 'abr': 'True'}",360.2197265625,-2.596,-0.71,0.653369756997563,2.0195853450122114
"{'ar': '32000', 'sample_fmt': 'fltp', 'compression_level': '7', 'reservoir': '0', 'b:a': '168k'}",223.671875,-3.202,-1.481,0.5277472879679408,0.5915942763527862
"{'ar': '16000', 'sample_fmt': 'fltp', 'compression_level': '0', 'reservoir': '1', 'b:a': '107k', 'abr': 'True'}",97.6015625,-3.781,-3.003,0.8304553610214498,-1.0587755215615597
"{'ar': '44100', 'sample_fmt': 'fltp', 'compression_level': '5', 'reservoir': '1', 'b:a': '32k', 'abr': 'True'}",48.193359375,-3.348,-1.73,0.6306809429952409,0.445270941315653
"{'ar': '12000', 'sample_fmt': 'fltp', 'compression_level': '7', 'reservoir': '1', 'b:a': '168k'}",90.640625,-3.742,-2.811,0.5576884079782758,-0.8760716163110478
"{'ar': '32000', 'sample_fmt': 'fltp', 'compression_level': '3', 'reservoir': '1', 'b:a': '192k', 'abr': 'True'}",257.421875,-3.181,-1.448,0.6354409769701306,0.5891194662085654
"{'ar': '44100', 'sample_fmt': 's32p', 'compression_level': '7', 'reservoir': '1', 'b:a': '265k'}",356.8115234375,-2.604,-0.719,0.6746385539881885,2.0019730275039525
"{'ar': '32000', 'sample_fmt': 'fltp', 'compression_level': '5', 'reservoir': '1', 'b:a': '97k', 'abr': 'True'}",131.140625,-3.43,-1.893,0.642908843990881,0.06953650256786315
"{'ar': '44100', 'sample_fmt': 's32p', 'compression_level': '2', 'reservoir': '1', 'b:a': '143k', 'abr': 'True'}",186.4326171875,-2.837,-0.984,0.9124964280345012,1.6297878610460164
"{'ar': '44100', 'sample_fmt': 's32p', 'compression_level': '7', 'reservoir': '1', 'b:a': '140k', 'abr': 'True'}",186.3251953125,-2.834,-0.98,0.6704947290127166,1.6560979622474543
"{'ar': '8000', 'sample_fmt': 'fltp', 'compression_level': '0', 'reservoir': '1', 'b:a': '128k', 'abr': 'True'}",65.3984375,-3.857,-3.5,0.6898102249833755,-1.3308527509926407
"{'ar': '44100', 'sample_fmt': 'fltp', 'compression_level': '9', 'reservoir': '1', 'b:a': '110k', 'abr': 'True'}",143.609375,-3.215,-1.502,0.7714896299876273,0.664417654792709
"{'ar': '16000', 'sample_fmt': 'fltp', 'compression_level': '8', 'reservoir': '0', 'aq': '9'}",66.69921875,-3.805,-3.135,0.5571823430072982,-1.086826365048098
"{'ar': '44100', 'sample_fmt': 's16p', 'compression_level': '9', 'reservoir': '1', 'b:a': '194k', 'abr': 'True'}",265.3271484375,-2.62,-0.736,0.5981629909947515,2.110962138293853
"{'ar': '12000', 'sample_fmt': 'fltp', 'compression_level': '7', 'reservoir': '0', 'b:a': '108k'}",90.359375,-3.74,-2.803,0.516222485981416,-0.8653744265994483
"{'ar': '44100', 'sample_fmt': 'fltp', 'compression_level': '0', 'reservoir': '1', 'b:a': '32k', 'abr': 'True'}",48.244140625,-3.132,-1.375,0.9407535820209887,1.0375258546771302
"{'ar': '44100', 'sample_fmt': 'fltp', 'compression_level': '2', 'reservoir': '1', 'b:a': '142k', 'abr': 'True'}",185.3486328125,-2.846,-0.995,1.0760054839774966,1.5949926267813015
"{'ar': '8000', 'sample_fmt': 's16p', 'compression_level': '2', 'reservoir': '1', 'b:a': '126k', 'abr': 'True'}",74.5390625,-3.858,-3.512,0.7430250060278922,-1.355486819748541
"{'ar': '44100', 'sample_fmt': 'fltp', 'compression_level': '2', 'reservoir': '1', 'b:a': '193k', 'abr': 'True'}",260.0341796875,-2.621,-0.738,1.2238571769848932,2.0702002214839954
"{'ar': '44100', 'sample_fmt': 's16p', 'compression_level': '9', 'reservoir': '1', 'b:a': '261k', 'abr': 'True'}",360.2197265625,-2.596,-0.71,0.6257059919880703,2.021630053810912
"{'ar': '12000', 'sample_fmt': 'fltp', 'compression_level': '7', 'reservoir': '1', 'b:a': '32k', 'abr': 'True'}",42.78125,-3.777,-2.982,0.6779302759969141,-0.9440827415030505
"{'ar': '44100', 'sample_fmt': 'fltp', 'compression_level': '7', 'reservoir': '1', 'b:a': '162k'}",223.037109375,-2.691,-0.815,0.7140918540244456,1.9795274189501602
"{'ar': '44100', 'sample_fmt': 'fltp', 'compression_level': '7', 'reservoir': '1', 'b:a': '267k'}",356.8115234375,-2.605,-0.72,0.7715761090221349,1.9921626964913146
"{'ar': '8000', 'sample_fmt': 'fltp', 'compression_level': '2', 'reservoir': '1', 'b:a': '167k'}",91.484375,-3.859,-3.517,0.6686141920217779,-1.3809331667915936
"{'ar': '44100', 'sample_fmt': 's32p', 'compression_level': '7', 'reservoir': '1', 'b:a': '103k'}",133.853515625,-3.284,-1.617,0.7206920670287218,0.48669590122028883
"{'ar': '44100', 'sample_fmt': 'fltp', 'compression_level': '7', 'reservoir': '1', 'b:a': '113k', 'abr': 'True'}",147.62109375,-3.164,-1.423,0.5898099129844923,0.81519281392873
"{'ar': '8000', 'sample_fmt': 'fltp', 'compression_level': '7', 'reservoir': '1', 'b:a': '132k', 'abr': 'True'}",89.9375,-3.858,-3.51,0.736739289975958,-1.3789620492246928
"{'ar': '44100', 'sample_fmt': 'fltp', 'compression_level': '7', 'reservoir': '1', 'b:a': '137k', 'abr': 'True'}",182.22265625,-2.864,-1.016,0.6246162409952376,1.5847806124127413
"{'ar': '12000', 'sample_fmt': 'fltp', 'compression_level': '7', 'reservoir': '1', 'b:a': '108k'}",90.359375,-3.742,-2.811,0.5299135789973661,-0.8735699177825149
"{'ar': '44100', 'sample_fmt': 'fltp', 'compression_level': '5', 'reservoir': '1', 'b:a': '107k', 'abr': 'True'}",142.1865234375,-3.108,-1.339,0.7449823129863944,0.9693703502112689
"{'ar': '32000', 'sample_fmt': 'fltp', 'compression_level': '7', 'reservoir': '1', 'b:a': '254k', 'abr': 'True'}",352.0625,-3.174,-1.437,0.8939249629620463,0.4387790796089335
"{'ar': '44100', 'sample_fmt': 's32p', 'compression_level': '7', 'reservoir': '1', 'b:a': '143k'}",178.4443359375,-2.916,-1.081,1.110610836010892,1.4132267156625964
"{'ar': '16000', 'sample_fmt': 's16p', 'compression_level': '8', 'reservoir': '1', 'aq': '9'}",61.7421875,-3.805,-3.137,0.7467827149957884,-1.0935614338335957
"{'ar': '44100', 'sample_fmt': 's16p', 'compression_level': '5', 'reservoir': '1', 'b:a': '113k', 'abr': 'True'}",150.56640625,-2.997,-1.185,0.8306535400042776,1.2568703547084539
"{'ar': '44100', 'sample_fmt': 's32p', 'compression_level': '7', 'reservoir': '1', 'b:a': '262k'}",356.8115234375,-2.604,-0.719,0.6557435479771812,2.0033696119901547
"{'ar': '32000', 'sample_fmt': 'fltp', 'compression_level': '7', 'reservoir': '0', 'b:a': '169k'}",223.671875,-3.202,-1.481,0.5974978169833776,0.5864388132282639
"{'ar': '44100', 'sample_fmt': 's32p', 'compression_level': '2', 'reservoir': '1', 'b:a': '168k', 'abr': 'True'}",222.15234375,-2.678,-0.8,0.885205225989921,2.0033127924468737
"{'ar': '16000', 'sample_fmt': 's32p', 'compression_level': '7', 'reservoir': '1', 'b:a': '86k', 'abr': 'True'}",119.71484375,-3.714,-2.693,0.5686418550030794,-0.8208115674404206
"{'ar': '44100', 'sample_fmt': 's32p', 'compression_level': '7', 'reservoir': '1', 'b:a': '167k'}",223.037109375,-2.692,-0.815,0.569816499017179,1.98786128944549
"{'ar': '44100', 'sample_fmt': 'fltp', 'compression_level': '5', 'reservoir': '1', 'b:a': '32k', 'abr': 'True'}",48.193359375,-3.348,-1.73,0.6111081819981337,0.4467176206310649
"{'ar': '44100', 'sample_fmt': 's16p', 'compression_level': '5', 'reservoir': '1', 'b:a': '140k', 'abr': 'True'}",187.7060546875,-2.792,-0.931,0.6370664639980532,1.7696802046398463
"{'ar': '44100', 'sample_fmt': 's16p', 'compression_level': '9', 'reservoir': '1', 'b:a': '127k', 'abr': 'True'}",167.7998046875,-2.959,-1.136,0.5525708299828693,1.3539206271254716
"{'ar': '16000', 'sample_fmt': 'fltp', 'compression_level': '8', 'reservoir': '0', 'aq': '9'}",66.69921875,-3.805,-3.135,0.5477392699976917,-1.0861284002387928
"{'ar': '32000', 'sample_fmt': 'fltp', 'compression_level': '5', 'reservoir': '1', 'b:a': '32k', 'abr': 'True'}",46.765625,-3.435,-1.903,0.572668866981985,0.19455807018233362
"{'ar': '44100', 'sample_fmt': 's32p', 'compression_level': '5', 'reservoir': '1', 'b:a': '168k'}",223.037109375,-2.652,-0.771,0.8638632049842272,2.0732051312996216
"{'ar': '44100', 'sample_fmt': 's32p', 'compression_level': '5', 'reservoir': '1', 'b:a': '103k'}",133.853515625,-3.226,-1.519,0.6948492259834893,0.6546573388505665
"{'ar': '16000', 'sample_fmt': 's16p', 'compression_level': '7', 'reservoir': '1', 'b:a': '254k', 'abr': 'True'}",220.68359375,-3.766,-2.926,0.5210778459731955,-1.173066811624219
"{'ar': '44100', 'sample_fmt': 'fltp', 'compression_level': '5', 'reservoir': '1', 'b:a': '166k', 'abr': 'True'}",225.6708984375,-2.661,-0.781,0.9881886110233609,2.035689212725731
"{'ar': '44100', 'sample_fmt': 's32p', 'compression_level': '7', 'reservoir': '1', 'b:a': '194k', 'abr': 'True'}",265.4287109375,-2.623,-0.74,0.6415823429997545,2.09933918170687
"{'ar': '44100', 'sample_fmt': 'fltp', 'compression_level': '7', 'reservoir': '1', 'b:a': '166k', 'abr': 'True'}",224.0361328125,-2.691,-0.815,1.2870073379890528,1.9355874739073122
"{'ar': '44100', 'sample_fmt': 'fltp', 'compression_level': '5', 'reservoir': '1', 'b:a': '196k', 'abr': 'True'}",269.1962890625,-2.619,-0.736,1.036979558004532,2.074684025067347
"{'ar': '44100', 'sample_fmt': 's16p', 'compression_level': '8', 'reservoir': '1', 'b:a': '261k', 'abr': 'True'}",360.2197265625,-2.596,-0.71,0.648040656989906,2.019979234190748
"{'ar': '8000', 'sample_fmt': 'fltp', 'compression_level': '9', 'reservoir': '1', 'b:a': '164k', 'abr': 'True'}",90.21875,-3.858,-3.51,0.5672372790286317,-1.3668824465368978
"{'ar': '44100', 'sample_fmt': 'fltp', 'compression_level': '7', 'reservoir': '1', 'b:a': '165k', 'abr': 'True'}",222.5029296875,-2.697,-0.821,0.6538336169905961,1.9689612734963915
"{'ar': '44100', 'sample_fmt': 's32p', 'compression_level': '9', 'reservoir': '1', 'b:a': '194k', 'abr': 'True'}",265.4287109375,-2.623,-0.74,0.6176655010203831,2.1011069445987096
"{'ar': '44100', 'sample_fmt': 'fltp', 'compression_level': '5', 'reservoir': '1', 'b:a': '107k', 'abr': 'True'}",142.1865234375,-3.108,-1.339,0.6530739799782168,0.976163560647782
"{'ar': '32000', 'sample_fmt': 'fltp', 'compression_level': '5', 'reservoir': '1', 'b:a': '113k', 'abr': 'True'}",152.7265625,-3.331,-1.7,0.6272684439900331,0.3277959319425604
"{'ar': '44100', 'sample_fmt': 'fltp', 'compression_level': '5', 'reservoir': '1', 'b:a': '141k', 'abr': 'True'}",188.943359375,-2.791,-0.929,0.6790351220115554,1.767564711224845
"{'ar': '44100', 'sample_fmt': 'fltp', 'compression_level': '0', 'reservoir': '1', 'b:a': '32k', 'abr': 'True'}",48.244140625,-3.132,-1.375,1.1089400750061031,1.0250947050519341
"{'ar': '44100', 'sample_fmt': 's16p', 'compression_level': '5', 'reservoir': '1', 'b:a': '168k', 'abr': 'True'}",228.12109375,-2.652,-0.771,1.3218245539756026,2.031243550910679
"{'ar': '32000', 'sample_fmt': 's16p', 'compression_level': '7', 'reservoir': '1', 'b:a': '193k', 'abr': 'True'}",268.3203125,-3.18,-1.447,0.6576626390160527,0.5727321442148907
"{'ar': '32000', 'sample_fmt': 's16p', 'compression_level': '7', 'reservoir': '0', 'b:a': '167k', 'abr': 'True'}",258.6875,-3.192,-1.466,0.6939877080149017,0.5514650275828852
"{'ar': '32000', 'sample_fmt': 's16p', 'compression_level': '7', 'reservoir': '1', 'b:a': '254k', 'abr': 'True'}",352.0625,-3.172,-1.435,0.6499495420139283,0.4621028003624503
"{'ar': '16000', 'sample_fmt': 's16p', 'compression_level': '8', 'reservoir': '1', 'b:a': '86k', 'abr': 'True'}",119.71484375,-3.716,-2.701,0.6751642290328164,-0.8358684868137006
"{'ar': '44100', 'sample_fmt': 's32p', 'compression_level': '7', 'reservoir': '1', 'b:a': '166k'}",223.037109375,-2.692,-0.815,0.6360233959858306,1.9829677464038968
"{'ar': '44100', 'sample_fmt': 'fltp', 'compression_level': '0', 'reservoir': '1', 'b:a': '193k', 'abr': 'True'}",260.6455078125,-2.621,-0.737,1.0903520499705337,2.079407954903863
"{'ar': '44100', 'sample_fmt': 'fltp', 'compression_level': '9', 'reservoir': '1', 'b:a': '127k', 'abr': 'True'}",167.8515625,-2.955,-1.131,0.7922165039635729,1.3470221782526246
"{'ar': '44100', 'sample_fmt': 's16p', 'compression_level': '9', 'reservoir': '1', 'b:a': '254k', 'abr': 'True'}",350.4443359375,-2.599,-0.714,0.9945146319805644,2.001716939355792
"{'ar': '44100', 'sample_fmt': 'fltp', 'compression_level': '9', 'reservoir': '1', 'b:a': '255k', 'abr': 'True'}",352.1708984375,-2.599,-0.713,0.7204897800111212,2.019531351619148
"{'ar': '16000', 'sample_fmt': 's32p', 'compression_level': '8', 'reservoir': '1', 'b:a': '86k', 'abr': 'True'}",119.71484375,-3.714,-2.693,0.7797599570185412,-0.8364159163281397
"{'ar': '44100', 'sample_fmt': 's32p', 'compression_level': '5', 'reservoir': '1', 'b:a': '114k', 'abr': 'True'}",152.2431640625,-2.974,-1.155,0.7202174350095447,1.3254097857154332
"{'ar': '32000', 'sample_fmt': 's16p', 'compression_level': '7', 'reservoir': '1', 'b:a': '32k', 'abr': 'True'}",46.73046875,-3.437,-1.907,0.6279019780049566,0.18461001964151635
"{'ar': '44100', 'sample_fmt': 'fltp', 'compression_level': '5', 'reservoir': '1', 'b:a': '253k', 'abr': 'True'}",349.935546875,-2.586,-0.699,0.6609691999910865,2.062203170631816
"{'ar': '44100', 'sample_fmt': 'fltp', 'compression_level': '0', 'reservoir': '1', 'b:a': '32k', 'abr': 'True'}",48.244140625,-3.132,-1.375,1.2499200600141194,1.0146744670370555
"{'ar': '44100', 'sample_fmt': 's32p', 'compression_level': '7', 'reservoir': '1', 'b:a': '100k', 'abr': 'True'}",130.658203125,-3.333,-1.702,0.6918697689834516,0.35294396887009566
"{'ar': '44100', 'sample_fmt': 'fltp', 'compression_level': '5', 'reservoir': '1', 'b:a': '113k', 'abr': 'True'}",150.56640625,-2.991,-1.178,0.6739458110241685,1.2846409116035586
"{'ar': '8000', 'sample_fmt': 'fltp', 'compression_level': '9', 'reservoir': '1', 'b:a': '130k', 'abr': 'True'}",89.9375,-3.858,-3.51,0.5206466729869135,-1.362990019562782
"{'ar': '44100', 'sample_fmt': 's32p', 'compression_level': '7', 'reservoir': '1', 'b:a': '168k'}",223.037109375,-2.692,-0.815,0.6197827350115404,1.984168140579435
"{'ar': '44100', 'sample_fmt': 's16p', 'compression_level': '9', 'reservoir': '1', 'b:a': '262k', 'abr': 'True'}",361.541015625,-2.596,-0.71,0.6083796610182617,2.0208023587994597
"{'ar': '44100', 'sample_fmt': 's16p', 'compression_level': '9', 'reservoir': '1', 'b:a': '143k', 'abr': 'True'}",190.8896484375,-2.799,-0.939,0.5685348989791237,1.7508323906145848
"{'ar': '44100', 'sample_fmt': 's32p', 'compression_level': '5', 'reservoir': '1', 'b:a': '107k'}",156.1484375,-2.963,-1.14,0.6824335230048746,1.3523321895473428
"{'ar': '44100', 'sample_fmt': 's16p', 'compression_level': '7', 'reservoir': '1', 'b:a': '164k', 'abr': 'True'}",221.27734375,-2.7,-0.825,0.5875494929787237,1.9675645015702843
"{'ar': '16000', 'sample_fmt': 's32p', 'compression_level': '7', 'reservoir': '1', 'b:a': '32k', 'abr': 'True'}",42.828125,-3.448,-1.93,0.5057054209755734,0.16698389242978504
"{'ar': '44100', 'sample_fmt': 's32p', 'compression_level': '3', 'reservoir': '1', 'b:a': '112k', 'abr': 'True'}",147.4169921875,-3.115,-1.349,0.6647522790299263,0.9474901610147602
"{'ar': '44100', 'sample_fmt': 's16p', 'compression_level': '5', 'reservoir': '1', 'b:a': '107k', 'abr': 'True'}",142.23828125,-3.095,-1.321,0.6072392339992803,1.0154361942757428
"{'ar': '44100', 'sample_fmt': 's16p', 'compression_level': '5', 'reservoir': '1', 'b:a': '103k'}",133.853515625,-3.218,-1.506,0.5918121090217028,0.6850135718697427
"{'ar': '16000', 'sample_fmt': 'fltp', 'compression_level': '8', 'reservoir': '1', 'aq': '9'}",61.7421875,-3.805,-3.135,0.48347799200564623,-1.0734689041939613
"{'ar': '44100', 'sample_fmt': 'fltp', 'compression_level': '5', 'reservoir': '1', 'b:a': '126k', 'abr': 'True'}",169.3740234375,-2.868,-1.022,0.6249059340334497,1.5940488071956325
"{'ar': '44100', 'sample_fmt': 'fltp', 'compression_level': '7', 'reservoir': '1', 'b:a': '32k'}",44.771484375,-3.286,-1.619,0.5540689020126592,0.6358657526832703
"{'ar': '32000', 'sample_fmt': 's32p', 'compression_level': '7', 'reservoir': '1', 'b:a': '103k'}",134.234375,-3.535,-2.133,0.5317577050009277,-0.24753807391250235
"{'ar': '16000', 'sample_fmt': 's32p', 'compression_level': '8', 'reservoir': '1', 'b:a': '32k', 'abr': 'True'}",42.828125,-3.448,-1.93,0.5130437629995868,0.16644149436866695
"{'ar': '44100', 'sample_fmt': 'fltp', 'compression_level': '7', 'reservoir': '1', 'b:a': '103k'}",133.853515625,-3.284,-1.617,0.6013819639920257,0.49551445564949625
"{'ar': '44100', 'sample_fmt': 's16p', 'compression_level': '2', 'reservoir': '1', 'b:a': '168k', 'abr': 'True'}",221.888671875,-2.679,-0.802,0.8269728150044102,2.005076795414226
"{'ar': '32000', 'sample_fmt': 'fltp', 'compression_level': '7', 'reservoir': '1', 'b:a': '32k', 'abr': 'True'}",46.73046875,-3.442,-1.918,0.5166041440097615,0.17771663243807537
"{'ar': '44100', 'sample_fmt': 'fltp', 'compression_level': '7', 'reservoir': '1', 'b:a': '32k', 'abr': 'True'}",48.16796875,-3.35,-1.734,0.5476727170171216,0.44552512474076905
"{'ar': '8000', 'sample_fmt': 's16p', 'compression_level': '7', 'reservoir': '1', 'aq': '9'}",36.8515625,-3.855,-3.486,0.46504493200336583,-1.2596121673111822
"{'ar': '16000', 'sample_fmt': 'fltp', 'compression_level': '5', 'reservoir': '1', 'b:a': '32k', 'abr': 'True'}",43.42578125,-3.404,-1.84,0.5291583359939978,0.2952052823886619
"{'ar': '32000', 'sample_fmt': 's16p', 'compression_level': '9', 'reservoir': '1', 'b:a': '194k', 'abr': 'True'}",269.796875,-3.179,-1.445,0.5672914429742377,0.5800164965493328
"{'ar': '32000', 'sample_fmt': 's32p', 'compression_level': '7', 'reservoir': '0', 'b:a': '168k', 'abr': 'True'}",263.046875,-3.19,-1.463,0.5160473500145599,0.5632672640544991
"{'ar': '44100', 'sample_fmt': 'fltp', 'compression_level': '7', 'reservoir': '1', 'b:a': '112k', 'abr': 'True'}",146.25,-3.181,-1.449,0.7134457089996431,0.760431478952377
"{'ar': '44100', 'sample_fmt': 's16p', 'compression_level': '1', 'reservoir': '1', 'aq': '5'}",164.283203125,-2.881,-1.037,0.664789184986148,1.5642030946708816
"{'ar': '44100', 'sample_fmt': 'fltp', 'compression_level': '5', 'reservoir': '1', 'b:a': '143k', 'abr': 'True'}",191.4599609375,-2.772,-0.907,0.6795495880069211,1.8147199374050547
"{'ar': '44100', 'sample_fmt': 'fltp', 'compression_level': '7', 'reservoir': '1', 'b:a': '165k', 'abr': 'True'}",222.5029296875,-2.697,-0.821,0.5800825280311983,1.974412429564891
"{'ar': '32000', 'sample_fmt': 'fltp', 'compression_level': '5', 'reservoir': '1', 'b:a': '32k'}",44.8671875,-3.43,-1.892,0.5646547079959419,0.21329942103425029
"{'ar': '44100', 'sample_fmt': 'fltp', 'compression_level': '5', 'reservoir': '1', 'b:a': '113k', 'abr': 'True'}",150.56640625,-2.991,-1.178,0.6104473609884735,1.2893342655070237
"{'ar': '16000', 'sample_fmt': 's16p', 'compression_level': '8', 'reservoir': '1', 'b:a': '32k', 'abr': 'True'}",42.79296875,-3.446,-1.926,0.5611907629936468,0.16886061738348976
"{'ar': '16000', 'sample_fmt': 'fltp', 'compression_level': '7', 'reservoir': '1', 'aq': '9'}",61.7421875,-3.805,-3.135,0.5192244490317535,-1.076111028112328
"{'ar': '44100', 'sample_fmt': 'fltp', 'compression_level': '2', 'reservoir': '1', 'b:a': '69k', 'abr': 'True'}",93.3251953125,-3.499,-2.045,0.7185851789836306,-0.08443160007905395
"{'ar': '44100', 'sample_fmt': 'fltp', 'compression_level': '7', 'reservoir': '0', 'b:a': '169k'}",223.037109375,-2.705,-0.83,0.6325825989770237,1.948200997641903
"{'ar': '44100', 'sample_fmt': 's16p', 'compression_level': '5', 'reservoir': '1', 'b:a': '168k', 'abr': 'True'}",228.12109375,-2.652,-0.771,0.7708923609752674,2.0719645410625507
"{'ar': '12000', 'sample_fmt': 'fltp', 'compression_level': '7', 'reservoir': '1', 'b:a': '32k', 'abr': 'True'}",42.78125,-3.777,-2.982,0.4864939539984334,-0.9299331298414828
"{'ar': '44100', 'sample_fmt': 'fltp', 'compression_level': '8', 'reservoir': '1', 'b:a': '126k', 'abr': 'True'}",166.62890625,-2.967,-1.147,0.5750113800168037,1.3320207972418585
"{'ar': '44100', 'sample_fmt': 's16p', 'compression_level': '5', 'reservoir': '1', 'b:a': '107k'}",156.1484375,-2.956,-1.132,0.6264651309757028,1.3753022072354104
"{'ar': '44100', 'sample_fmt': 's16p', 'compression_level': '9', 'reservoir': '1', 'b:a': '261k', 'abr': 'True'}",360.2197265625,-2.596,-0.71,0.605380183988018,2.0231323930060343
"{'ar': '44100', 'sample_fmt': 's32p', 'compression_level': '7', 'reservoir': '1', 'b:a': '117k', 'abr': 'True'}",153.615234375,-3.069,-1.284,0.5432077690202277,1.0742654882916889
"{'ar': '16000', 'sample_fmt': 'fltp', 'compression_level': '0', 'reservoir': '1', 'b:a': '32k', 'abr': 'True'}",43.91796875,-3.277,-1.605,0.8367782089917455,0.6417176739209322
"{'ar': '44100', 'sample_fmt': 'fltp', 'compression_level': '7', 'reservoir': '1', 'b:a': '108k'}",156.1484375,-3.068,-1.283,0.6859768330177758,1.0623162679555067
"{'ar': '44100', 'sample_fmt': 'fltp', 'compression_level': '0', 'reservoir': '1', 'b:a': '126k'}",178.4443359375,-2.946,-1.119,1.3262978910061065,1.31539910762298
"{'ar': '16000', 'sample_fmt': 's16p', 'compression_level': '9', 'reservoir': '1', 'b:a': '32k', 'abr': 'True'}",42.79296875,-3.446,-1.926,0.5401508990034927,0.17041573451990888
"{'ar': '44100', 'sample_fmt': 's16p', 'compression_level': '5', 'reservoir': '1', 'b:a': '103k', 'abr': 'True'}",137.1591796875,-3.161,-1.418,0.6356094900111202,0.8370684464137247
"{'ar': '44100', 'sample_fmt': 'fltp', 'compression_level': '7', 'reservoir': '1', 'b:a': '267k'}",356.8115234375,-2.605,-0.72,0.5936036299972329,2.00531715661863
"{'ar': '44100', 'sample_fmt': 'fltp', 'compression_level': '2', 'reservoir': '1', 'b:a': '166k', 'abr': 'True'}",220.0498046875,-2.699,-0.823,0.8056551049812697,1.9563632809211262
"{'ar': '32000', 'sample_fmt': 's32p', 'compression_level': '7', 'reservoir': '1', 'b:a': '103k'}",134.234375,-3.535,-2.133,0.5494484970113263,-0.24884565146267432
"{'ar': '44100', 'sample_fmt': 's16p', 'compression_level': '7', 'reservoir': '1', 'b:a': '192k', 'abr': 'True'}",262.173828125,-2.63,-0.747,0.5451615339843556,2.093141849868088
"{'ar': '44100', 'sample_fmt': 's32p', 'compression_level': '7', 'reservoir': '1', 'b:a': '103k'}",133.853515625,-3.284,-1.617,0.5377615000470541,0.5002168279535215
"{'ar': '44100', 'sample_fmt': 's32p', 'compression_level': '7', 'reservoir': '1', 'b:a': '261k'}",356.8115234375,-2.604,-0.719,0.5514620779722463,2.0110773567308784
"{'ar': '44100', 'sample_fmt': 'fltp', 'compression_level': '5', 'reservoir': '1', 'b:a': '253k', 'abr': 'True'}",349.935546875,-2.586,-0.699,0.6415323459950741,2.063639804668111
"{'ar': '32000', 'sample_fmt': 'fltp', 'compression_level': '7', 'reservoir': '0', 'b:a': '173k'}",223.671875,-3.202,-1.481,0.5196986689697951,0.5921891730372125
"{'ar': '44100', 'sample_fmt': 's16p', 'compression_level': '5', 'reservoir': '1', 'b:a': '107k', 'abr': 'True'}",142.23828125,-3.095,-1.321,0.6096471160126384,1.015258220759222
"{'ar': '44100', 'sample_fmt': 's32p', 'compression_level': '2', 'reservoir': '1', 'b:a': '168k', 'abr': 'True'}",222.15234375,-2.678,-0.8,0.8203422609949484,2.0081070015933697
"{'ar': '44100', 'sample_fmt': 'fltp', 'compression_level': '0', 'reservoir': '1', 'b:a': '103k'}",133.853515625,-3.344,-1.723,1.0473305250052363,0.2893182475347144
"{'ar': '16000', 'sample_fmt': 'fltp', 'compression_level': '5', 'reservoir': '1', 'b:a': '32k', 'abr': 'True'}",43.42578125,-3.404,-1.84,0.5105057760374621,0.2965839469864971
"{'ar': '44100', 'sample_fmt': 's16p', 'compression_level': '7', 'reservoir': '1', 'b:a': '32k'}",44.771484375,-3.291,-1.629,0.520199834019877,0.6235648400838304
"{'ar': '44100', 'sample_fmt': 's32p', 'compression_level': '7', 'reservoir': '1', 'b:a': '113k', 'abr': 'True'}",147.62109375,-3.164,-1.423,0.5361360839742702,0.8191600017066589
"{'ar': '44100', 'sample_fmt': 'fltp', 'compression_level': '0', 'reservoir': '1', 'b:a': '166k', 'abr': 'True'}",220.001953125,-2.702,-0.827,1.2053829659998883,1.9186429477087685
"{'ar': '44100', 'sample_fmt': 'fltp', 'compression_level': '7', 'reservoir': '1', 'b:a': '126k'}",178.4443359375,-2.916,-1.081,0.5508691719733179,1.4545988392713765
"{'ar': '44100', 'sample_fmt': 's32p', 'compression_level': '8', 'reservoir': '1', 'b:a': '164k', 'abr': 'True'}",221.1787109375,-2.699,-0.824,0.5511799390078522,1.9730554615177807
"{'ar': '44100', 'sample_fmt': 's16p', 'compression_level': '5', 'reservoir': '1', 'b:a': '107k', 'abr': 'True'}",142.23828125,-3.095,-1.321,0.6403750180033967,1.012987032743254
"{'ar': '44100', 'sample_fmt': 'fltp', 'compression_level': '7', 'reservoir': '1', 'b:a': '108k'}",156.1484375,-3.068,-1.283,0.5579764199792407,1.0717771483052134
"{'ar': '44100', 'sample_fmt': 's16p', 'compression_level': '7', 'reservoir': '1', 'b:a': '125k'}",178.4443359375,-2.914,-1.079,0.5510107289883308,1.4598791688746955
"{'ar': '44100', 'sample_fmt': 's32p', 'compression_level': '9', 'reservoir': '0', 'b:a': '168k', 'abr': 'True'}",247.333984375,-2.684,-0.807,0.5436398489982821,1.9721895877371842
"{'ar': '16000', 'sample_fmt': 's32p', 'compression_level': '8', 'reservoir': '1', 'b:a': '86k', 'abr': 'True'}",119.71484375,-3.714,-2.693,0.505228444992099,-0.8161244990908821
"{'ar': '32000', 'sample_fmt': 'fltp', 'compression_level': '7', 'reservoir': '0', 'b:a': '168k'}",223.671875,-3.202,-1.481,0.6964259750093333,0.579126747242831
"{'ar': '16000', 'sample_fmt': 'fltp', 'compression_level': '0', 'reservoir': '1', 'b:a': '32k', 'abr': 'True'}",43.91796875,-3.277,-1.605,0.9349922949913889,0.6344583870620788
"{'ar': '16000', 'sample_fmt': 'fltp', 'compression_level': '8', 'reservoir': '0', 'aq': '9'}",66.69921875,-3.805,-3.135,0.5646361160324886,-1.0873772949480192
"{'ar': '16000', 'sample_fmt': 'fltp', 'compression_level': '7', 'reservoir': '1', 'b:a': '32k', 'abr': 'True'}",42.828125,-3.448,-1.93,0.47806282999226823,0.16902703619503365
"{'ar': '44100', 'sample_fmt': 's16p', 'compression_level': '9', 'reservoir': '1', 'b:a': '143k', 'abr': 'True'}",190.8896484375,-2.799,-0.939,0.5895650020102039,1.7492779949388524
"{'ar': '44100', 'sample_fmt': 's32p', 'compression_level': '7', 'reservoir': '1', 'b:a': '103k'}",133.853515625,-3.284,-1.617,0.5734537549724337,0.4975787102690217
"{'ar': '32000', 'sample_fmt': 'fltp', 'compression_level': '7', 'reservoir': '0', 'b:a': '168k'}",223.671875,-3.202,-1.481,0.5147730740136467,0.5925532379915749
"{'ar': '44100', 'sample_fmt': 's16p', 'compression_level': '2', 'reservoir': '1', 'b:a': '168k', 'abr': 'True'}",221.888671875,-2.679,-0.802,0.9273524640011601,1.9976574455374572
"{'ar': '44100', 'sample_fmt': 's16p', 'compression_level': '1', 'reservoir': '1', 'b:a': '112k', 'abr': 'True'}",148.2294921875,-3.202,-1.481,1.0602975010115188,0.6726126915969195
"{'ar': '44100', 'sample_fmt': 'fltp', 'compression_level': '0', 'reservoir': '1', 'b:a': '107k'}",156.1484375,-3.096,-1.323,1.0940959569707047,0.9542944085773737
"{'ar': '44100', 'sample_fmt': 's16p', 'compression_level': '9', 'reservoir': '1', 'b:a': '261k'}",356.8115234375,-2.595,-0.709,0.5913300939719193,2.0322546210998507
"{'ar': '12000', 'sample_fmt': 'fltp', 'compression_level': '5', 'reservoir': '1', 'b:a': '32k', 'abr': 'True'}",43.671875,-3.78,-2.995,0.48462964699137956,-0.9423072451359003
"{'ar': '44100', 'sample_fmt': 's16p', 'compression_level': '7', 'reservoir': '1', 'b:a': '254k', 'abr': 'True'}",350.4443359375,-2.599,-0.714,0.5445863940112758,2.034972435368139
"{'ar': '44100', 'sample_fmt': 's16p', 'compression_level': '5', 'reservoir': '1', 'b:a': '137k', 'abr': 'True'}",183.759765625,-2.816,-0.959,0.6437982729985379,1.7107282474452778
"{'ar': '44100', 'sample_fmt': 'fltp', 'compression_level': '7', 'reservoir': '1', 'b:a': '164k'}",223.037109375,-2.691,-0.815,0.5446230439993087,1.9920533483326872
"{'ar': '16000', 'sample_fmt': 'fltp', 'compression_level': '0', 'reservoir': '1', 'b:a': '32k', 'abr': 'True'}",43.91796875,-3.277,-1.605,0.7175032300001476,0.650533632230485
"{'ar': '16000', 'sample_fmt': 's16p', 'compression_level': '8', 'reservoir': '1', 'b:a': '107k', 'abr': 'True'}",149.24609375,-3.764,-2.915,0.47933773198747076,-1.0478614706489298
"{'ar': '44100', 'sample_fmt': 'fltp', 'compression_level': '0', 'reservoir': '1', 'b:a': '262k', 'abr': 'True'}",346.1728515625,-2.586,-0.7,1.0423977930040564,2.0396992226190913
"{'ar': '44100', 'sample_fmt': 's32p', 'compression_level': '5', 'reservoir': '1', 'b:a': '254k', 'abr': 'True'}",350.7490234375,-2.589,-0.703,0.6383971909817774,2.0543218501283063
"{'ar': '44100', 'sample_fmt': 's16p', 'compression_level': '9', 'reservoir': '1', 'b:a': '143k', 'abr': 'True'}",190.8896484375,-2.799,-0.939,0.5406435699842405,1.7528939193249293
"{'ar': '44100', 'sample_fmt': 'fltp', 'compression_level': '7', 'reservoir': '1', 'b:a': '32k'}",44.771484375,-3.286,-1.619,0.5231634120282251,0.6381500667409425
"{'ar': '44100', 'sample_fmt': 's16p', 'compression_level': '5', 'reservoir': '1', 'b:a': '168k', 'abr': 'True'}",228.12109375,-2.652,-0.771,0.6442104850139003,2.081327964527333
"{'ar': '44100', 'sample_fmt': 's32p', 'compression_level': '9', 'reservoir': '1', 'b:a': '143k', 'abr': 'True'}",190.841796875,-2.805,-0.945,0.5350861960323527,1.7375086584610377
"{'ar': '44100', 'sample_fmt': 's16p', 'compression_level': '7', 'reservoir': '1', 'b:a': '194k', 'abr': 'True'}",265.3271484375,-2.62,-0.736,0.5374437750142533,2.1154500709784654
"{'ar': '44100', 'sample_fmt': 'fltp', 'compression_level': '7', 'reservoir': '1', 'b:a': '102k', 'abr': 'True'}",133.0458984375,-3.288,-1.623,0.5275768350111321,0.491045790335145
"{'ar': '44100', 'sample_fmt': 's16p', 'compression_level': '1', 'reservoir': '1', 'b:a': '107k', 'abr': 'True'}",141.1708984375,-3.275,-1.601,1.0242288029985502,0.47860131037594933
"{'ar': '12000', 'sample_fmt': 'fltp', 'compression_level': '7', 'reservoir': '1', 'b:a': '32k', 'abr': 'True'}",42.78125,-3.777,-2.982,0.47252449596999213,-0.9289006068376895
"{'ar': '44100', 'sample_fmt': 's16p', 'compression_level': '7', 'reservoir': '1', 'b:a': '263k', 'abr': 'True'}",362.8740234375,-2.595,-0.709,0.5460898219898809,2.025924743629348
"{'ar': '44100', 'sample_fmt': 'fltp', 'compression_level': '5', 'reservoir': '1', 'b:a': '113k', 'abr': 'True'}",150.56640625,-2.991,-1.178,0.6082514459849335,1.2894965719294285
"{'ar': '44100', 'sample_fmt': 's32p', 'compression_level': '5', 'reservoir': '1', 'b:a': '102k'}",133.853515625,-3.226,-1.519,0.6093980060250033,0.6609732854055227
"{'ar': '16000', 'sample_fmt': 'fltp', 'compression_level': '0', 'reservoir': '1', 'b:a': '254k', 'abr': 'True'}",132.4765625,-3.738,-2.795,0.9060689670150168,-0.9542104688800273
"{'ar': '44100', 'sample_fmt': 's32p', 'compression_level': '8', 'reservoir': '1', 'b:a': '139k', 'abr': 'True'}",185.037109375,-2.844,-0.992,0.5601533459848724,1.639224086536625
"{'ar': '16000', 'sample_fmt': 's16p', 'compression_level': '2', 'reservoir': '1', 'b:a': '32k', 'abr': 'True'}",43.390625,-3.31,-1.661,0.5600921840232331,0.5684561816932366
"{'ar': '12000', 'sample_fmt': 'fltp', 'compression_level': '7', 'reservoir': '0', 'b:a': '108k'}",90.359375,-3.74,-2.803,0.47135314397746697,-0.8620580038942994
"{'ar': '44100', 'sample_fmt': 'fltp', 'compression_level': '5', 'reservoir': '1', 'b:a': '97k', 'abr': 'True'}",129.439453125,-3.279,-1.607,0.5954225629975554,0.5178025687710645
"{'ar': '12000', 'sample_fmt': 'fltp', 'compression_level': '7', 'reservoir': '1', 'b:a': '126k'}",90.453125,-3.742,-2.811,0.4705717609904241,-0.86933338611868
"{'ar': '44100', 'sample_fmt': 'fltp', 'compression_level': '7', 'reservoir': '0', 'b:a': '255k', 'abr': 'True'}",369.0751953125,-2.598,-0.713,0.5403852080053184,2.0081997505005384
"{'ar': '44100', 'sample_fmt': 's16p', 'compression_level': '7', 'reservoir': '1', 'b:a': '102k'}",133.853515625,-3.29,-1.627,0.5269500160065945,0.4838817248683518
"{'ar': '44100', 'sample_fmt': 'fltp', 'compression_level': '5', 'reservoir': '1', 'aq': '9'}",105.197265625,-3.343,-1.721,0.5472228270082269,0.3749692709757506
"{'ar': '32000', 'sample_fmt': 's16p', 'compression_level': '7', 'reservoir': '1', 'b:a': '195k', 'abr': 'True'}",271.2734375,-3.18,-1.447,0.5140314529708121,0.5786361431147801
"{'ar': '44100', 'sample_fmt': 's32p', 'compression_level': '3', 'reservoir': '1', 'b:a': '261k', 'abr': 'True'}",354.712890625,-2.586,-0.7,0.6724599680164829,2.053415358020257
"{'ar': '44100', 'sample_fmt': 's16p', 'compression_level': '5', 'reservoir': '1', 'b:a': '139k', 'abr': 'True'}",186.529296875,-2.803,-0.944,0.6718261470086873,1.7392584513139355
"{'ar': '44100', 'sample_fmt': 'fltp', 'compression_level': '7', 'reservoir': '1', 'b:a': '168k', 'abr': 'True'}",226.8955078125,-2.683,-0.806,0.653854030999355,1.9993016890363724
"{'ar': '44100', 'sample_fmt': 's32p', 'compression_level': '9', 'reservoir': '1', 'b:a': '168k', 'abr': 'True'}",226.8955078125,-2.684,-0.807,0.5677024319884367,2.0030240063850018
"{'ar': '44100', 'sample_fmt': 's32p', 'compression_level': '9', 'reservoir': '1', 'b:a': '128k', 'abr': 'True'}",169.32421875,-2.937,-1.108,0.533951867982978,1.412955822689288
"{'ar': '44100', 'sample_fmt': 's32p', 'compression_level': '5', 'reservoir': '1', 'b:a': '192k', 'abr': 'True'}",264.3115234375,-2.626,-0.742,0.6140753660001792,2.0955342280757336
"{'ar': '44100', 'sample_fmt': 's32p', 'compression_level': '0', 'reservoir': '1', 'b:a': '32k', 'abr': 'True'}",48.244140625,-3.132,-1.375,0.9422929610009305,1.03741207472911
"{'ar': '44100', 'sample_fmt': 's32p', 'compression_level': '7', 'reservoir': '1', 'b:a': '267k'}",356.8115234375,-2.604,-0.719,0.5646149220119696,2.010105192026373
"{'ar': '44100', 'sample_fmt': 's16p', 'compression_level': '5', 'reservoir': '1', 'b:a': '107k'}",156.1484375,-2.956,-1.132,0.6360513750114478,1.37459366024191
"{'ar': '44100', 'sample_fmt': 's16p', 'compression_level': '5', 'reservoir': '1', 'b:a': '103k', 'abr': 'True'}",137.1591796875,-3.161,-1.418,0.607539619988529,0.8391431716072724
"{'ar': '44100', 'sample_fmt': 'fltp', 'compression_level': '7', 'reservoir': '1', 'b:a': '32k', 'abr': 'True'}",48.16796875,-3.35,-1.734,0.528456485044444,0.44694545196589275
"{'ar': '16000', 'sample_fmt': 'fltp', 'compression_level': '5', 'reservoir': '1', 'b:a': '32k', 'abr': 'True'}",43.42578125,-3.404,-1.84,0.5225865909887943,0.2956910190492482
"{'ar': '44100', 'sample_fmt': 's32p', 'compression_level': '9', 'reservoir': '0', 'b:a': '168k', 'abr': 'True'}",247.333984375,-2.684,-0.807,0.5487338709936012,1.9718130738537332
"{'ar': '44100', 'sample_fmt': 's32p', 'compression_level': '5', 'reservoir': '1', 'b:a': '261k', 'abr': 'True'}",357.3681640625,-2.589,-0.703,0.6175105049915146,2.0453037170098325
"{'ar': '44100', 'sample_fmt': 's16p', 'compression_level': '5', 'reservoir': '1', 'b:a': '260k', 'abr': 'True'}",356.142578125,-2.584,-0.697,0.631825774005847,2.0597436978572845
"{'ar': '44100', 'sample_fmt': 's32p', 'compression_level': '7', 'reservoir': '1', 'b:a': '267k'}",356.8115234375,-2.604,-0.719,0.5451515250024386,2.011543787933486
"{'ar': '44100', 'sample_fmt': 'fltp', 'compression_level': '5', 'reservoir': '1', 'b:a': '32k', 'abr': 'True'}",48.193359375,-3.348,-1.73,0.574453443987295,0.4494268782212415
"{'ar': '44100', 'sample_fmt': 's32p', 'compression_level': '5', 'reservoir': '1', 'b:a': '121k', 'abr': 'True'}",162.6162109375,-2.926,-1.093,0.6297680569987278,1.4469386943124172
"{'ar': '44100', 'sample_fmt': 's32p', 'compression_level': '5', 'reservoir': '1', 'b:a': '143k', 'abr': 'True'}",191.4091796875,-2.771,-0.906,0.633196555019822,1.8208724500864717
"{'ar': '44100', 'sample_fmt': 's16p', 'compression_level': '7', 'reservoir': '1', 'b:a': '192k', 'abr': 'True'}",262.173828125,-2.63,-0.747,0.580916030012304,2.090499131763869
"{'ar': '44100', 'sample_fmt': 's16p', 'compression_level': '2', 'reservoir': '1', 'aq': '9'}",103.81640625,-3.341,-1.719,0.5692425179877318,0.3808359129193053
"{'ar': '44100', 'sample_fmt': 's16p', 'compression_level': '5', 'reservoir': '1', 'b:a': '261k'}",356.8115234375,-2.595,-0.709,0.6424857869860716,2.0284735560288536
"{'ar': '44100', 'sample_fmt': 's16p', 'compression_level': '5', 'reservoir': '1', 'b:a': '127k'}",178.4443359375,-2.851,-1.001,0.6404811369720846,1.6246579921218576
"{'ar': '44100', 'sample_fmt': 'fltp', 'compression_level': '7', 'reservoir': '1', 'b:a': '195k', 'abr': 'True'}",266.8515625,-2.621,-0.737,0.5763477370201144,2.107496716932186
"{'ar': '44100', 'sample_fmt': 's16p', 'compression_level': '5', 'reservoir': '1', 'b:a': '107k'}",156.1484375,-2.956,-1.132,0.6254466969985515,1.3753774826331469
"{'ar': '44100', 'sample_fmt': 'fltp', 'compression_level': '9', 'reservoir': '1', 'b:a': '143k', 'abr': 'True'}",190.841796875,-2.805,-0.945,0.5391473760246299,1.7372084849141447
"{'ar': '44100', 'sample_fmt': 's16p', 'compression_level': '9', 'reservoir': '1', 'b:a': '261k'}",356.8115234375,-2.595,-0.709,0.5673838419897947,2.034024557769966
"{'ar': '44100', 'sample_fmt': 'fltp', 'compression_level': '7', 'reservoir': '1', 'b:a': '32k', 'abr': 'True'}",48.16796875,-3.35,-1.734,0.5461040400259662,0.44564107018944654
"{'ar': '44100', 'sample_fmt': 's32p', 'compression_level': '0', 'reservoir': '1', 'b:a': '192k', 'abr': 'True'}",259.423828125,-2.623,-0.74,0.9418262889957987,2.086729063161069
"{'ar': '44100', 'sample_fmt': 's32p', 'compression_level': '2', 'reservoir': '1', 'b:a': '168k', 'abr': 'True'}",222.15234375,-2.678,-0.8,0.8002598219900392,2.009591352682913
"{'ar': '44100', 'sample_fmt': 's16p', 'compression_level': '5', 'reservoir': '1', 'b:a': '107k', 'abr': 'True'}",142.23828125,-3.095,-1.321,0.6063496679998934,1.0155019446689142
"{'ar': '44100', 'sample_fmt': 's32p', 'compression_level': '5', 'reservoir': '1', 'b:a': '114k', 'abr': 'True'}",152.2431640625,-2.974,-1.155,0.6226389069925062,1.332622096647522
"{'ar': '44100', 'sample_fmt': 'fltp', 'compression_level': '3', 'reservoir': '1', 'b:a': '138k', 'abr': 'True'}",184.119140625,-2.828,-0.972,0.6796447839878965,1.6754450729250219
"{'ar': '44100', 'sample_fmt': 's32p', 'compression_level': '5', 'reservoir': '1', 'b:a': '114k', 'abr': 'True'}",152.2431640625,-2.974,-1.155,0.6092500840022694,1.3336117032380563
"{'ar': '44100', 'sample_fmt': 's16p', 'compression_level': '9', 'reservoir': '1', 'b:a': '258k', 'abr': 'True'}",355.7314453125,-2.598,-0.712,0.5458698199945502,2.029401974994788
"{'ar': '44100', 'sample_fmt': 'fltp', 'compression_level': '7', 'reservoir': '1', 'b:a': '113k', 'abr': 'True'}",147.62109375,-3.164,-1.423,1.0653427519719116,0.7800448078776725
"{'ar': '44100', 'sample_fmt': 's32p', 'compression_level': '3', 'reservoir': '1', 'b:a': '192k', 'abr': 'True'}",261.255859375,-2.618,-0.734,1.524306708975928,2.05429538461462
"{'ar': '44100', 'sample_fmt': 's32p', 'compression_level': '5', 'reservoir': '1', 'b:a': '142k'}",178.4443359375,-2.832,-0.978,1.2124631720071193,1.6339055096282593
"{'ar': '8000', 'sample_fmt': 's16p', 'compression_level': '2', 'reservoir': '1', 'b:a': '195k', 'abr': 'True'}",74.8203125,-3.858,-3.512,1.0651527139998507,-1.37974499001508
"{'ar': '44100', 'sample_fmt': 'fltp', 'compression_level': '2', 'reservoir': '1', 'b:a': '193k', 'abr': 'True'}",260.0341796875,-2.621,-0.738,0.8201178940071259,2.100041758382623
"{'ar': '32000', 'sample_fmt': 'fltp', 'compression_level': '7', 'reservoir': '1', 'b:a': '32k'}",44.8671875,-3.434,-1.9,0.5621150329825468,0.20164371713606033
"{'ar': '44100', 'sample_fmt': 's32p', 'compression_level': '5', 'reservoir': '1', 'b:a': '143k'}",178.4443359375,-2.832,-0.978,0.7264659649808891,1.669826967354982
"{'ar': '44100', 'sample_fmt': 'fltp', 'compression_level': '5', 'reservoir': '1', 'b:a': '253k', 'abr': 'True'}",349.935546875,-2.586,-0.699,0.7058236059674527,2.0588878518916194
"{'ar': '44100', 'sample_fmt': 'fltp', 'compression_level': '7', 'reservoir': '0', 'b:a': '168k'}",223.037109375,-2.705,-0.83,0.6201647600100841,1.9491188359978837
"{'ar': '44100', 'sample_fmt': 's16p', 'compression_level': '5', 'reservoir': '1', 'b:a': '32k', 'abr': 'True'}",48.21875,-3.352,-1.738,0.6287925580109004,0.43352658376802117
"{'ar': '44100', 'sample_fmt': 's16p', 'compression_level': '7', 'reservoir': '1', 'b:a': '206k'}",267.6279296875,-2.634,-0.752,0.6223726239986718,2.0678349949057835
"{'ar': '44100', 'sample_fmt': 's16p', 'compression_level': '5', 'reservoir': '1', 'b:a': '144k'}",178.4443359375,-2.852,-1.002,0.7318365710088983,1.6152602518001233
"{'ar': '44100', 'sample_fmt': 's16p', 'compression_level': '5', 'reservoir': '1', 'b:a': '121k', 'abr': 'True'}",162.71484375,-2.91,-1.073,0.6861374650034122,1.4862030571787026
"{'ar': '12000', 'sample_fmt': 'fltp', 'compression_level': '9', 'reservoir': '1', 'b:a': '191k', 'abr': 'True'}",88.53125,-3.742,-2.811,0.514143187989248,-0.869487208258589
"{'ar': '44100', 'sample_fmt': 's32p', 'compression_level': '9', 'reservoir': '1', 'b:a': '142k', 'abr': 'True'}",189.2998046875,-2.81,-0.951,0.5753620489849709,1.723449816525085
"{'ar': '44100', 'sample_fmt': 's32p', 'compression_level': '7', 'reservoir': '1', 'b:a': '122k', 'abr': 'True'}",160.8857421875,-3.058,-1.268,0.5763361859717406,1.0908922300295296
"{'ar': '44100', 'sample_fmt': 's16p', 'compression_level': '1', 'reservoir': '1', 'aq': '5'}",164.283203125,-2.881,-1.037,0.7285813630151097,1.5594880304827878
"{'ar': '32000', 'sample_fmt': 's16p', 'compression_level': '9', 'reservoir': '0', 'b:a': '195k', 'abr': 'True'}",289.765625,-3.18,-1.447,0.5745143800158985,0.5446583461219286
"{'ar': '44100', 'sample_fmt': 'fltp', 'compression_level': '7', 'reservoir': '1', 'b:a': '32k', 'abr': 'True'}",48.16796875,-3.35,-1.734,0.5662085350195412,0.4441550888780563
"{'ar': '44100', 'sample_fmt': 's16p', 'compression_level': '7', 'reservoir': '1', 'b:a': '192k', 'abr': 'True'}",262.173828125,-2.63,-0.747,0.5802965500042774,2.090544919321079
"{'ar': '44100', 'sample_fmt': 's32p', 'compression_level': '7', 'reservoir': '1', 'b:a': '268k'}",356.8115234375,-2.604,-0.719,0.5887591309729032,2.0083206237840114
"{'ar': '12000', 'sample_fmt': 'fltp', 'compression_level': '8', 'reservoir': '0', 'b:a': '110k'}",90.359375,-3.74,-2.803,0.5064178639731836,-0.8646497386590581
"{'ar': '32000', 'sample_fmt': 's16p', 'compression_level': '7', 'reservoir': '1', 'b:a': '171k', 'abr': 'True'}",236.1171875,-3.189,-1.461,0.6317382150446065,0.6006478218478132
"{'ar': '44100', 'sample_fmt': 's32p', 'compression_level': '7', 'reservoir': '1', 'b:a': '271k', 'abr': 'True'}",373.013671875,-2.601,-0.716,0.7337197570013814,1.9796891590025987
"{'ar': '44100', 'sample_fmt': 's16p', 'compression_level': '1', 'reservoir': '1', 'aq': '5'}",164.283203125,-2.881,-1.037,1.0498602940060664,1.5357413764460386
"{'ar': '44100', 'sample_fmt': 'fltp', 'compression_level': '0', 'reservoir': '1', 'b:a': '32k', 'abr': 'True'}",48.244140625,-3.132,-1.375,1.0851663920038845,1.026851886650154
"{'ar': '16000', 'sample_fmt': 's32p', 'compression_level': '2', 'reservoir': '1', 'b:a': '32k', 'abr': 'True'}",43.49609375,-3.316,-1.673,0.6205869230034295,0.5460514200765412
"{'ar': '44100', 'sample_fmt': 's32p', 'compression_level': '1', 'reservoir': '1', 'b:a': '32k', 'abr': 'True'}",48.244140625,-3.132,-1.375,0.9762052079895511,1.03490552257406
"{'ar': '16000', 'sample_fmt': 'fltp', 'compression_level': '5', 'reservoir': '1', 'b:a': '32k', 'abr': 'True'}",43.42578125,-3.404,-1.84,0.5755299720040057,0.2917778207930594
"{'ar': '16000', 'sample_fmt': 's32p', 'compression_level': '8', 'reservoir': '1', 'b:a': '86k', 'abr': 'True'}",119.71484375,-3.714,-2.693,0.5136550639872439,-0.8167473348472138
"{'ar': '44100', 'sample_fmt': 's32p', 'compression_level': '9', 'reservoir': '1', 'b:a': '145k', 'abr': 'True'}",193.97265625,-2.802,-0.942,0.575721621979028,1.73744556396609
"{'ar': '32000', 'sample_fmt': 'fltp', 'compression_level': '7', 'reservoir': '1', 'b:a': '119k', 'abr': 'True'}",160.53125,-3.353,-1.741,0.559834548010258,0.2561340752474804
"{'ar': '44100', 'sample_fmt': 's32p', 'compression_level': '5', 'reservoir': '1', 'b:a': '121k', 'abr': 'True'}",162.6162109375,-2.926,-1.093,0.6832361170090735,1.4429867155157823
"{'ar': '8000', 'sample_fmt': 's16p', 'compression_level': '2', 'reservoir': '1', 'aq': '9'}",35.8671875,-3.85,-3.44,0.558970105019398,-1.2388229398998702
"{'ar': '44100', 'sample_fmt': 'fltp', 'compression_level': '5', 'reservoir': '1', 'b:a': '108k'}",156.1484375,-2.958,-1.135,0.6854606910201255,1.3653354240413882
"{'ar': '44100', 'sample_fmt': 'fltp', 'compression_level': '0', 'reservoir': '1', 'b:a': '254k', 'abr': 'True'}",341.498046875,-2.59,-0.704,1.0803895410208497,2.0337689781599697
"{'ar': '16000', 'sample_fmt': 'fltp', 'compression_level': '7', 'reservoir': '1', 'b:a': '32k', 'abr': 'True'}",42.828125,-3.448,-1.93,0.532433330983622,0.16500835537813702
"{'ar': '16000', 'sample_fmt': 'fltp', 'compression_level': '7', 'reservoir': '1', 'b:a': '32k', 'abr': 'True'}",42.828125,-3.448,-1.93,0.5257351530017331,0.16550343706532356
"{'ar': '44100', 'sample_fmt': 's16p', 'compression_level': '7', 'reservoir': '1', 'b:a': '103k'}",133.853515625,-3.29,-1.627,0.5669492910092231,0.48092526288599124
"{'ar': '44100', 'sample_fmt': 's32p', 'compression_level': '0', 'reservoir': '1', 'b:a': '261k', 'abr': 'True'}",345.462890625,-2.583,-0.697,1.0524185790272895,2.048027605649305
"{'ar': '44100', 'sample_fmt': 's32p', 'compression_level': '7', 'reservoir': '1', 'b:a': '107k'}",156.1484375,-3.068,-1.283,0.566996430978179,1.0711104532314382
"{'ar': '16000', 'sample_fmt': 'fltp', 'compression_level': '7', 'reservoir': '1', 'b:a': '194k', 'abr': 'True'}",220.75390625,-3.766,-2.925,0.5127687359927222,-1.1722493980579896
"{'ar': '16000', 'sample_fmt': 'fltp', 'compression_level': '0', 'reservoir': '1', 'b:a': '197k', 'abr': 'True'}",132.4765625,-3.738,-2.795,0.8612469190265983,-0.9508975418122093
"{'ar': '44100', 'sample_fmt': 's32p', 'compression_level': '0', 'reservoir': '1', 'b:a': '192k', 'abr': 'True'}",259.423828125,-2.623,-0.74,0.9986110229801852,2.082531939408394
"{'ar': '44100', 'sample_fmt': 's16p', 'compression_level': '5', 'reservoir': '1', 'b:a': '139k', 'abr': 'True'}",186.529296875,-2.803,-0.944,0.6778354630223475,1.738814285405098
"{'ar': '44100', 'sample_fmt': 'fltp', 'compression_level': '2', 'reservoir': '1', 'b:a': '254k', 'abr': 'True'}",342.109375,-2.588,-0.701,0.7926773770013824,2.059665391715042
"{'ar': '44100', 'sample_fmt': 'fltp', 'compression_level': '7', 'reservoir': '1', 'b:a': '193k', 'abr': 'True'}",263.8056640625,-2.63,-0.747,0.5877565799746662,2.0873896641017975
"{'ar': '16000', 'sample_fmt': 'fltp', 'compression_level': '0', 'reservoir': '1', 'b:a': '193k', 'abr': 'True'}",132.4765625,-3.738,-2.795,0.8686647300201003,-0.951445813654466
"{'ar': '44100', 'sample_fmt': 's32p', 'compression_level': '9', 'reservoir': '0', 'aq': '9'}",103.8740234375,-3.314,-1.668,0.553203237010166,0.46092618524425794
"{'ar': '44100', 'sample_fmt': 's32p', 'compression_level': '9', 'reservoir': '1', 'b:a': '145k', 'abr': 'True'}",193.97265625,-2.802,-0.942,0.8640469279780518,1.7161346075629407
"{'ar': '44100', 'sample_fmt': 's16p', 'compression_level': '5', 'reservoir': '1', 'b:a': '32k', 'abr': 'True'}",48.21875,-3.352,-1.738,0.8645841089892201,0.4160985489803049
"{'ar': '44100', 'sample_fmt': 's32p', 'compression_level': '5', 'reservoir': '1', 'b:a': '192k', 'abr': 'True'}",264.3115234375,-2.626,-0.742,0.6684527739998884,2.0915150367418938
"{'ar': '44100', 'sample_fmt': 's32p', 'compression_level': '7', 'reservoir': '1', 'b:a': '107k'}",156.1484375,-3.068,-1.283,0.5683007110201288,1.0710140501251788
"{'ar': '44100', 'sample_fmt': 'fltp', 'compression_level': '0', 'reservoir': '1', 'b:a': '32k', 'abr': 'True'}",48.244140625,-3.132,-1.375,1.0204855260089971,1.0316326363334287
"{'ar': '44100', 'sample_fmt': 'fltp', 'compression_level': '2', 'reservoir': '1', 'b:a': '254k', 'abr': 'True'}",342.109375,-2.588,-0.701,0.8080313809914514,2.05853053291896
"{'ar': '44100', 'sample_fmt': 's16p', 'compression_level': '9', 'reservoir': '1', 'b:a': '127k', 'abr': 'True'}",167.7998046875,-2.959,-1.136,0.5696598539652769,1.3526575279888917
"{'ar': '44100', 'sample_fmt': 's32p', 'compression_level': '7', 'reservoir': '1', 'b:a': '32k', 'abr': 'True'}",48.16796875,-3.35,-1.734,0.5572171210078523,0.4448196702658809
"{'ar': '44100', 'sample_fmt': 's32p', 'compression_level': '2', 'reservoir': '1', 'b:a': '258k', 'abr': 'True'}",344.8505859375,-2.587,-0.701,0.821430030016927,2.055496084620792
"{'ar': '44100', 'sample_fmt': 's16p', 'compression_level': '5', 'reservoir': '1', 'b:a': '143k', 'abr': 'True'}",191.458984375,-2.768,-0.902,0.6763607540051453,1.8258542349965687
"{'ar': '44100', 'sample_fmt': 'fltp', 'compression_level': '5', 'reservoir': '1', 'b:a': '192k', 'abr': 'True'}",264.3115234375,-2.626,-0.742,0.6618939990294166,2.0919998147497396
"{'ar': '16000', 'sample_fmt': 'fltp', 'compression_level': '7', 'reservoir': '1', 'b:a': '32k', 'abr': 'True'}",42.828125,-3.448,-1.93,0.506254457985051,0.16694331151812294
"{'ar': '44100', 'sample_fmt': 'fltp', 'compression_level': '7', 'reservoir': '1', 'b:a': '168k', 'abr': 'True'}",226.8955078125,-2.683,-0.806,0.5743214039830491,2.005180175286824
"{'ar': '16000', 'sample_fmt': 'fltp', 'compression_level': '0', 'reservoir': '1', 'b:a': '32k', 'abr': 'True'}",43.91796875,-3.277,-1.605,0.7576886149763595,0.6475634143222633
"{'ar': '12000', 'sample_fmt': 'fltp', 'compression_level': '7', 'reservoir': '1', 'b:a': '32k', 'abr': 'True'}",42.78125,-3.777,-2.982,0.5165945929766167,-0.9321579550358872
"{'ar': '44100', 'sample_fmt': 'fltp', 'compression_level': '7', 'reservoir': '1', 'b:a': '107k'}",156.1484375,-3.068,-1.283,0.5931346089928411,1.06917850497529
"{'ar': '44100', 'sample_fmt': 's16p', 'compression_level': '7', 'reservoir': '1', 'b:a': '168k', 'abr': 'True'}",226.796875,-2.686,-0.809,0.5932175120105967,1.99600470549849
"{'ar': '44100', 'sample_fmt': 's16p', 'compression_level': '9', 'reservoir': '1', 'b:a': '262k', 'abr': 'True'}",361.541015625,-2.596,-0.71,0.6066342740086839,2.0209313653961543
"{'ar': '44100', 'sample_fmt': 'fltp', 'compression_level': '7', 'reservoir': '1', 'b:a': '168k', 'abr': 'True'}",226.8955078125,-2.683,-0.806,0.616707031003898,2.002047331132088
"{'ar': '12000', 'sample_fmt': 'fltp', 'compression_level': '9', 'reservoir': '0', 'b:a': '108k'}",90.359375,-3.74,-2.803,0.5383803599979728,-0.8670121790871017
"{'ar': '44100', 'sample_fmt': 'fltp', 'compression_level': '8', 'reservoir': '1', 'b:a': '165k', 'abr': 'True'}",222.5029296875,-2.697,-0.821,0.6132253689866047,1.9719627464327432
"{'ar': '44100', 'sample_fmt': 'fltp', 'compression_level': '7', 'reservoir': '0', 'b:a': '32k'}",44.771484375,-3.303,-1.649,0.6036830269731581,0.5831259338760773
"{'ar': '8000', 'sample_fmt': 's16p', 'compression_level': '7', 'reservoir': '1', 'aq': '9'}",36.8515625,-3.855,-3.486,0.5216262350149918,-1.2637942548929022
"{'ar': '44100', 'sample_fmt': 'fltp', 'compression_level': '9', 'reservoir': '1', 'b:a': '113k', 'abr': 'True'}",147.62109375,-3.164,-1.423,0.5706140059919562,0.816611638875848
"{'ar': '44100', 'sample_fmt': 's32p', 'compression_level': '5', 'reservoir': '1', 'b:a': '143k'}",178.4443359375,-2.832,-0.978,0.6997220109915361,1.6718036902636428
"{'ar': '44100', 'sample_fmt': 'fltp', 'compression_level': '5', 'reservoir': '1', 'b:a': '109k'}",156.1484375,-2.958,-1.135,0.6643973320024088,1.366892277763177
"{'ar': '44100', 'sample_fmt': 's32p', 'compression_level': '0', 'reservoir': '1', 'b:a': '121k', 'abr': 'True'}",160.8828125,-3.096,-1.322,1.179411736986367,0.9407494565628929
"{'ar': '44100', 'sample_fmt': 'fltp', 'compression_level': '7', 'reservoir': '1', 'b:a': '263k', 'abr': 'True'}",363.181640625,-2.602,-0.716,0.7353489630040713,1.9929274261264787
"{'ar': '44100', 'sample_fmt': 's16p', 'compression_level': '8', 'reservoir': '1', 'b:a': '139k', 'abr': 'True'}",185.0380859375,-2.836,-0.983,0.8554260980163235,1.6388766944318074
"{'ar': '32000', 'sample_fmt': 's16p', 'compression_level': '7', 'reservoir': '1', 'b:a': '32k'}",44.8671875,-3.423,-1.878,0.6489533440035302,0.22779464786739542
"{'ar': '44100', 'sample_fmt': 's16p', 'compression_level': '5', 'reservoir': '1', 'b:a': '103k', 'abr': 'True'}",137.1591796875,-3.161,-1.418,0.7451674419862684,0.8289707016456376
"{'ar': '44100', 'sample_fmt': 's32p', 'compression_level': '9', 'reservoir': '1', 'b:a': '128k', 'abr': 'True'}",169.32421875,-2.937,-1.108,0.6514453479612712,1.4042715401189605
"{'ar': '44100', 'sample_fmt': 'fltp', 'compression_level': '5', 'reservoir': '1', 'b:a': '194k', 'abr': 'True'}",266.75,-2.623,-0.74,0.725601579004433,2.09102074303016
"{'ar': '44100', 'sample_fmt': 'fltp', 'compression_level': '5', 'reservoir': '1', 'b:a': '108k'}",156.1484375,-2.958,-1.135,0.678423756005941,1.365855544239577
"{'ar': '32000', 'sample_fmt': 'fltp', 'compression_level': '7', 'reservoir': '1', 'b:a': '197k', 'abr': 'True'}",273.9453125,-3.178,-1.444,0.6016966470051557,0.573499389866132
"{'ar': '32000', 'sample_fmt': 's16p', 'compression_level': '7', 'reservoir': '1', 'b:a': '254k', 'abr': 'True'}",352.0625,-3.172,-1.435,0.5664152960234787,0.4682770578328592
"{'ar': '8000', 'sample_fmt': 's16p', 'compression_level': '9', 'reservoir': '1', 'b:a': '128k', 'abr': 'True'}",89.9375,-3.858,-3.51,0.5131525870237965,-1.3624361100171454
"{'ar': '16000', 'sample_fmt': 'fltp', 'compression_level': '7', 'reservoir': '1', 'b:a': '32k', 'abr': 'True'}",42.828125,-3.448,-1.93,0.5488608029845636,0.16379415345988013
"{'ar': '44100', 'sample_fmt': 's16p', 'compression_level': '5', 'reservoir': '1', 'b:a': '32k', 'abr': 'True'}",48.21875,-3.352,-1.738,0.6924573110009078,0.42882093793271625
"{'ar': '44100', 'sample_fmt': 'fltp', 'compression_level': '0', 'reservoir': '1', 'b:a': '166k', 'abr': 'True'}",220.001953125,-2.702,-0.827,1.242986032011686,1.9158635964561077
"{'ar': '44100', 'sample_fmt': 's32p', 'compression_level': '5', 'reservoir': '1', 'b:a': '107k', 'abr': 'True'}",142.1865234375,-3.107,-1.339,0.653667313978076,0.9784496434548351
"{'ar': '32000', 'sample_fmt': 'fltp', 'compression_level': '7', 'reservoir': '1', 'b:a': '32k'}",44.8671875,-3.434,-1.9,0.541990206023911,0.2031312012417318
"{'ar': '16000', 'sample_fmt': 'fltp', 'compression_level': '8', 'reservoir': '1', 'b:a': '32k', 'abr': 'True'}",42.828125,-3.448,-1.93,0.5097118880075868,0.16668776287586312
"{'ar': '44100', 'sample_fmt': 'fltp', 'compression_level': '5', 'reservoir': '1', 'b:a': '141k', 'abr': 'True'}",188.943359375,-2.791,-0.929,0.6734022349992301,1.7679810541786054
"{'ar': '44100', 'sample_fmt': 's32p', 'compression_level': '0', 'reservoir': '1', 'b:a': '192k', 'abr': 'True'}",259.423828125,-2.623,-0.74,0.994353483984014,2.0828466264165906
"{'ar': '16000', 'sample_fmt': 'fltp', 'compression_level': '0', 'reservoir': '1', 'b:a': '262k', 'abr': 'True'}",132.4765625,-3.738,-2.795,0.8712676730065141,-0.9516382046910805
"{'ar': '32000', 'sample_fmt': 's16p', 'compression_level': '5', 'reservoir': '0', 'b:a': '127k'}",178.953125,-3.279,-1.608,0.6553236720210407,0.43405243253629655
"{'ar': '44100', 'sample_fmt': 's16p', 'compression_level': '2', 'reservoir': '1', 'b:a': '169k'}",223.037109375,-2.688,-0.811,0.8842963409842923,1.9751987607051715
"{'ar': '44100', 'sample_fmt': 's16p', 'compression_level': '5', 'reservoir': '1', 'b:a': '103k', 'abr': 'True'}",137.1591796875,-3.161,-1.418,0.6798429909686092,0.8337990205574077
"{'ar': '44100', 'sample_fmt': 's32p', 'compression_level': '5', 'reservoir': '1', 'b:a': '192k', 'abr': 'True'}",264.3115234375,-2.626,-0.742,0.6605664440139662,2.092097938176537
"{'ar': '44100', 'sample_fmt': 'fltp', 'compression_level': '0', 'reservoir': '1', 'b:a': '262k', 'abr': 'True'}",346.1728515625,-2.586,-0.7,1.074002509994898,2.037363226673151
"{'ar': '44100', 'sample_fmt': 's16p', 'compression_level': '7', 'reservoir': '1', 'b:a': '103k'}",133.853515625,-3.29,-1.627,0.5718737099959981,0.48056128485092287
"{'ar': '32000', 'sample_fmt': 'fltp', 'compression_level': '7', 'reservoir': '1', 'b:a': '32k', 'abr': 'True'}",46.73046875,-3.442,-1.918,0.5517767740238924,0.17511692173207932
"{'ar': '44100', 'sample_fmt': 'fltp', 'compression_level': '7', 'reservoir': '1', 'b:a': '103k'}",133.853515625,-3.284,-1.617,0.5825419079919811,0.49690697862162553
"{'ar': '44100', 'sample_fmt': 'fltp', 'compression_level': '0', 'reservoir': '1', 'b:a': '262k', 'abr': 'True'}",346.1728515625,-2.586,-0.7,1.0751143049856182,2.0372810506931605
"{'ar': '44100', 'sample_fmt': 's32p', 'compression_level': '9', 'reservoir': '1', 'b:a': '143k', 'abr': 'True'}",190.841796875,-2.805,-0.945,0.5784195839660242,1.7343057625589404
"{'ar': '44100', 'sample_fmt': 's32p', 'compression_level': '1', 'reservoir': '1', 'b:a': '192k', 'abr': 'True'}",261.1533203125,-2.623,-0.74,0.9225693740299903,2.085392707911483
"{'ar': '44100', 'sample_fmt': 'fltp', 'compression_level': '7', 'reservoir': '1', 'b:a': '260k'}",356.8115234375,-2.605,-0.72,0.6673261789837852,1.999868110021982
"{'ar': '44100', 'sample_fmt': 'fltp', 'compression_level': '5', 'reservoir': '1', 'b:a': '113k', 'abr': 'True'}",150.56640625,-2.991,-1.178,0.6798475200193934,1.2842046992403549
"{'ar': '16000', 'sample_fmt': 's16p', 'compression_level': '9', 'reservoir': '1', 'b:a': '32k', 'abr': 'True'}",42.79296875,-3.446,-1.926,0.5860805080155842,0.16702094441683799
"{'ar': '44100', 'sample_fmt': 's32p', 'compression_level': '5', 'reservoir': '1', 'b:a': '197k', 'abr': 'True'}",270.4169921875,-2.616,-0.732,0.6619789949909318,2.1087052145134684
"{'ar': '44100', 'sample_fmt': 's32p', 'compression_level': '8', 'reservoir': '1', 'b:a': '139k', 'abr': 'True'}",185.037109375,-2.844,-0.992,0.592902285978198,1.6368035177626532
"{'ar': '44100', 'sample_fmt': 'fltp', 'compression_level': '5', 'reservoir': '1', 'b:a': '113k', 'abr': 'True'}",150.56640625,-2.991,-1.178,0.7260499749972951,1.2807897423036374
"{'ar': '44100', 'sample_fmt': 's32p', 'compression_level': '7', 'reservoir': '1', 'b:a': '143k', 'abr': 'True'}",190.841796875,-2.805,-0.945,0.5800420330197085,1.7341858426617618
"{'ar': '44100', 'sample_fmt': 'fltp', 'compression_level': '7', 'reservoir': '1', 'b:a': '113k', 'abr': 'True'}",147.62109375,-3.164,-1.423,0.5878336740133818,0.8153388834608843
"{'ar': '44100', 'sample_fmt': 's32p', 'compression_level': '0', 'reservoir': '1', 'b:a': '32k', 'abr': 'True'}",48.244140625,-3.132,-1.375,1.0018068780191243,1.0330132291731822
"{'ar': '44100', 'sample_fmt': 'fltp', 'compression_level': '0', 'reservoir': '1', 'b:a': '143k', 'abr': 'True'}",186.1328125,-2.85,-0.999,1.2298159259953536,1.5717911798630235
"{'ar': '44100', 'sample_fmt': 'fltp', 'compression_level': '7', 'reservoir': '1', 'b:a': '32k'}",44.771484375,-3.286,-1.619,0.5770455140154809,0.6341674849055335
"{'ar': '44100', 'sample_fmt': 'fltp', 'compression_level': '0', 'reservoir': '1', 'b:a': '32k', 'abr': 'True'}",48.244140625,-3.132,-1.375,1.0381124689884018,1.030329778049612
"{'ar': '44100', 'sample_fmt': 's16p', 'compression_level': '7', 'reservoir': '1', 'b:a': '32k'}",44.771484375,-3.291,-1.629,0.572214334999444,0.6197202980348198
"{'ar': '8000', 'sample_fmt': 's32p', 'compression_level': '2', 'reservoir': '1', 'aq': '9'}",35.8671875,-3.85,-3.441,0.5225042800011579,-1.236443103823175
"{'ar': '8000', 'sample_fmt': 'fltp', 'compression_level': '9', 'reservoir': '0', 'b:a': '108k'}",91.0625,-3.858,-3.509,0.5091260909975972,-1.3636181643372727
"{'ar': '16000', 'sample_fmt': 'fltp', 'compression_level': '8', 'reservoir': '0', 'aq': '9'}",66.69921875,-3.805,-3.135,0.5105064719973598,-1.0833764165646473
"{'ar': '44100', 'sample_fmt': 's32p', 'compression_level': '9', 'reservoir': '1', 'b:a': '194k', 'abr': 'True'}",265.4287109375,-2.623,-0.74,0.5793380770192016,2.103939835243199
"{'ar': '16000', 'sample_fmt': 'fltp', 'compression_level': '5', 'reservoir': '1', 'b:a': '198k', 'abr': 'True'}",210.62890625,-3.763,-2.909,0.539526818000013,-1.1460339130139476
"{'ar': '8000', 'sample_fmt': 's16p', 'compression_level': '2', 'reservoir': '1', 'aq': '9'}",35.8671875,-3.85,-3.44,0.5254441139986739,-1.236344937039388
"{'ar': '44100', 'sample_fmt': 'fltp', 'compression_level': '5', 'reservoir': '1', 'b:a': '113k', 'abr': 'True'}",150.56640625,-2.991,-1.178,0.6563081880158279,1.2859445592791714
"{'ar': '44100', 'sample_fmt': 's32p', 'compression_level': '5', 'reservoir': '1', 'b:a': '107k', 'abr': 'True'}",142.1865234375,-3.107,-1.339,0.6463221460289788,0.9789925460397977
"{'ar': '44100', 'sample_fmt': 'fltp', 'compression_level': '7', 'reservoir': '1', 'b:a': '32k', 'abr': 'True'}",48.16796875,-3.35,-1.734,0.5592025099904276,0.4446729244299427
"{'ar': '44100', 'sample_fmt': 's32p', 'compression_level': '7', 'reservoir': '1', 'b:a': '103k'}",133.853515625,-3.284,-1.617,0.5712168609898072,0.49774404556616825
"{'ar': '44100', 'sample_fmt': 's32p', 'compression_level': '5', 'reservoir': '1', 'b:a': '104k', 'abr': 'True'}",138.3779296875,-3.169,-1.431,0.749404272006359,0.8039723670504061
"{'ar': '44100', 'sample_fmt': 's32p', 'compression_level': '9', 'reservoir': '1', 'b:a': '194k', 'abr': 'True'}",265.4287109375,-2.623,-0.74,0.6003400630143005,2.1023875177788325
"{'ar': '44100', 'sample_fmt': 's16p', 'compression_level': '9', 'reservoir': '1', 'b:a': '193k', 'abr': 'True'}",263.8017578125,-2.627,-0.744,0.6079405690252315,2.0938402289567857
"{'ar': '12000', 'sample_fmt': 'fltp', 'compression_level': '7', 'reservoir': '1', 'b:a': '108k'}",90.359375,-3.742,-2.811,0.5508135709678754,-0.8751146965738403
"{'ar': '44100', 'sample_fmt': 's16p', 'compression_level': '7', 'reservoir': '1', 'b:a': '168k', 'abr': 'True'}",226.796875,-2.686,-0.809,0.5808828089793678,1.9969163990372638
"{'ar': '44100', 'sample_fmt': 's32p', 'compression_level': '8', 'reservoir': '1', 'b:a': '139k', 'abr': 'True'}",185.037109375,-2.844,-0.992,0.5759824969863985,1.6380541082521192
"{'ar': '44100', 'sample_fmt': 's32p', 'compression_level': '8', 'reservoir': '1', 'b:a': '104k', 'abr': 'True'}",135.4326171875,-3.291,-1.628,0.5755980629764963,0.47512089444130984
"{'ar': '16000', 'sample_fmt': 'fltp', 'compression_level': '1', 'reservoir': '1', 'b:a': '32k', 'abr': 'True'}",43.91796875,-3.277,-1.604,0.844029514992144,0.6414971673521722
"{'ar': '44100', 'sample_fmt': 'fltp', 'compression_level': '3', 'reservoir': '1', 'b:a': '166k', 'abr': 'True'}",223.8359375,-2.665,-0.786,0.7401521319989115,2.0460532443565578
"{'ar': '44100', 'sample_fmt': 'fltp', 'compression_level': '0', 'reservoir': '1', 'b:a': '160k', 'abr': 'True'}",213.453125,-2.719,-0.846,1.2462025359855033,1.8804729356201184
"{'ar': '32000', 'sample_fmt': 'fltp', 'compression_level': '5', 'reservoir': '0', 'b:a': '107k', 'abr': 'True'}",158.703125,-3.362,-1.758,0.655146686010994,0.22567412063202072
"{'ar': '44100', 'sample_fmt': 's16p', 'compression_level': '5', 'reservoir': '1', 'b:a': '109k', 'abr': 'True'}",145.0810546875,-3.079,-1.298,0.692171861010138,1.0491570142519742
"{'ar': '44100', 'sample_fmt': 'fltp', 'compression_level': '5', 'reservoir': '1', 'b:a': '165k', 'abr': 'True'}",224.1435546875,-2.657,-0.777,0.6998376979900058,2.070020775166476
"{'ar': '44100', 'sample_fmt': 's16p', 'compression_level': '9', 'reservoir': '1', 'b:a': '128k'}",178.4443359375,-2.914,-1.079,0.5782517880143132,1.4578657034965288
"{'ar': '44100', 'sample_fmt': 's32p', 'compression_level': '5', 'reservoir': '1', 'b:a': '145k', 'abr': 'True'}",197.703125,-2.722,-0.85,0.6889775900053792,1.9385391117462791
"{'ar': '44100', 'sample_fmt': 's32p', 'compression_level': '5', 'reservoir': '1', 'b:a': '121k', 'abr': 'True'}",162.6162109375,-2.926,-1.093,0.6677936719788704,1.4441281112446671
"{'ar': '16000', 'sample_fmt': 'fltp', 'compression_level': '0', 'reservoir': '1', 'b:a': '107k', 'abr': 'True'}",97.6015625,-3.781,-3.003,0.8729703980206978,-1.0619179307816937
"{'ar': '44100', 'sample_fmt': 'fltp', 'compression_level': '0', 'reservoir': '1', 'b:a': '167k', 'abr': 'True'}",220.8173828125,-2.696,-0.82,1.2503423579910304,1.9302065527390224
"{'ar': '44100', 'sample_fmt': 's32p', 'compression_level': '5', 'reservoir': '1', 'b:a': '145k'}",223.037109375,-2.652,-0.771,0.6854229629971087,2.0863941651389464
"{'ar': '44100', 'sample_fmt': 's16p', 'compression_level': '2', 'reservoir': '1', 'b:a': '258k', 'abr': 'True'}",344.7490234375,-2.586,-0.699,0.7863481110252906,2.0612120049537466
"{'ar': '44100', 'sample_fmt': 'fltp', 'compression_level': '8', 'reservoir': '1', 'b:a': '164k', 'abr': 'True'}",221.1787109375,-2.699,-0.824,0.5951575020153541,1.9698049527748096
"{'ar': '16000', 'sample_fmt': 'fltp', 'compression_level': '2', 'reservoir': '1', 'b:a': '32k'}",44.97265625,-3.297,-1.638,0.5934666529938113,0.601009722269164
"{'ar': '16000', 'sample_fmt': 's16p', 'compression_level': '9', 'reservoir': '1', 'b:a': '164k', 'abr': 'True'}",220.68359375,-3.766,-2.926,0.5267814339895267,-1.1734883802934566
"{'ar': '16000', 'sample_fmt': 's16p', 'compression_level': '7', 'reservoir': '1', 'b:a': '32k', 'abr': 'True'}",42.79296875,-3.446,-1.926,0.5210721850162372,0.1718258973934096
"{'ar': '44100', 'sample_fmt': 'fltp', 'compression_level': '5', 'reservoir': '1', 'b:a': '252k', 'abr': 'True'}",348.6162109375,-2.585,-0.699,0.6813765979895834,2.065129956382103
"{'ar': '16000', 'sample_fmt': 'fltp', 'compression_level': '0', 'reservoir': '1', 'b:a': '32k', 'abr': 'True'}",43.91796875,-3.277,-1.605,0.8192641460045706,0.6430121889183876
"{'ar': '32000', 'sample_fmt': 's32p', 'compression_level': '7', 'reservoir': '0', 'b:a': '168k'}",223.671875,-3.202,-1.481,0.5883219749957789,0.5871170262206419
"{'ar': '44100', 'sample_fmt': 's32p', 'compression_level': '1', 'reservoir': '1', 'b:a': '192k', 'abr': 'True'}",261.1533203125,-2.623,-0.74,1.034158292983193,2.077144848506127
"{'ar': '44100', 'sample_fmt': 's16p', 'compression_level': '5', 'reservoir': '1', 'b:a': '139k', 'abr': 'True'}",186.529296875,-2.803,-0.944,0.6950982389971614,1.7375383437567509
"{'ar': '44100', 'sample_fmt': 'fltp', 'compression_level': '8', 'reservoir': '0', 'aq': '9'}",103.8740234375,-3.314,-1.668,0.5958584210311528,0.45777341735283106
"{'ar': '44100', 'sample_fmt': 's32p', 'compression_level': '5', 'reservoir': '1', 'b:a': '143k', 'abr': 'True'}",191.4091796875,-2.771,-0.906,0.74491969999508,1.812614669648016
"{'ar': '44100', 'sample_fmt': 's16p', 'compression_level': '2', 'reservoir': '1', 'b:a': '168k', 'abr': 'True'}",221.888671875,-2.679,-0.802,1.0951995340292342,1.9852513836436851
"{'ar': '12000', 'sample_fmt': 'fltp', 'compression_level': '5', 'reservoir': '0', 'b:a': '103k'}",90.265625,-3.761,-2.898,0.6228292589948978,-0.9520016910260315
"{'ar': '32000', 'sample_fmt': 's16p', 'compression_level': '7', 'reservoir': '1', 'b:a': '195k', 'abr': 'True'}",271.2734375,-3.18,-1.447,0.5732279650110286,0.5742607578778289
"{'ar': '44100', 'sample_fmt': 'fltp', 'compression_level': '7', 'reservoir': '1', 'b:a': '113k', 'abr': 'True'}",147.62109375,-3.164,-1.423,0.58038959899568,0.8158890965530524
"{'ar': '44100', 'sample_fmt': 's32p', 'compression_level': '5', 'reservoir': '1', 'b:a': '107k', 'abr': 'True'}",142.1865234375,-3.107,-1.339,0.6601130680064671,0.9779732191513613
"{'ar': '44100', 'sample_fmt': 'fltp', 'compression_level': '7', 'reservoir': '1', 'b:a': '32k'}",44.771484375,-3.286,-1.619,0.5665395189716946,0.6349440133534062
"{'ar': '44100', 'sample_fmt': 'fltp', 'compression_level': '7', 'reservoir': '1', 'b:a': '113k', 'abr': 'True'}",147.62109375,-3.164,-1.423,0.5961169789661653,0.8147266404594902
"{'ar': '8000', 'sample_fmt': 'fltp', 'compression_level': '5', 'reservoir': '1', 'b:a': '128k', 'abr': 'True'}",85.2265625,-3.858,-3.508,0.5147227549750824,-1.3544041726140548
"{'ar': '44100', 'sample_fmt': 'fltp', 'compression_level': '7', 'reservoir': '1', 'b:a': '126k'}",178.4443359375,-2.916,-1.081,0.5736660890106577,1.452913853267718
"{'ar': '44100', 'sample_fmt': 's16p', 'compression_level': '5', 'reservoir': '1', 'b:a': '103k'}",133.853515625,-3.218,-1.506,0.6602486680203583,0.679955228065516
"{'ar': '44100', 'sample_fmt': 'fltp', 'compression_level': '0', 'reservoir': '1', 'b:a': '189k', 'abr': 'True'}",256.375,-2.631,-0.748,0.9740693730127532,2.0680476208316283
"{'ar': '16000', 'sample_fmt': 's16p', 'compression_level': '9', 'reservoir': '1', 'b:a': '32k', 'abr': 'True'}",42.79296875,-3.446,-1.926,0.5170996509841643,0.17211951886126584
"{'ar': '44100', 'sample_fmt': 'fltp', 'compression_level': '9', 'reservoir': '1', 'b:a': '193k', 'abr': 'True'}",263.8056640625,-2.63,-0.747,0.5863396979984827,2.0874943899423486
"{'ar': '44100', 'sample_fmt': 's32p', 'compression_level': '9', 'reservoir': '1', 'b:a': '143k', 'abr': 'True'}",190.841796875,-2.805,-0.945,0.6001737500191666,1.7326978492932663
"{'ar': '44100', 'sample_fmt': 's32p', 'compression_level': '8', 'reservoir': '1', 'b:a': '127k', 'abr': 'True'}",167.8515625,-2.955,-1.131,0.589005989022553,1.3620420545328713
"{'ar': '44100', 'sample_fmt': 's32p', 'compression_level': '3', 'reservoir': '1', 'b:a': '192k', 'abr': 'True'}",261.255859375,-2.618,-0.734,0.6951235650049057,2.115582706482415
"{'ar': '32000', 'sample_fmt': 'fltp', 'compression_level': '5', 'reservoir': '0', 'b:a': '167k', 'abr': 'True'}",237.171875,-3.191,-1.463,0.6504439269774593,0.5922915086269919
"{'ar': '32000', 'sample_fmt': 'fltp', 'compression_level': '7', 'reservoir': '1', 'b:a': '32k'}",44.8671875,-3.434,-1.9,0.5406384800153319,0.20323111121646684
"{'ar': '44100', 'sample_fmt': 's16p', 'compression_level': '7', 'reservoir': '1', 'b:a': '107k'}",156.1484375,-3.065,-1.278,0.5762358330248389,1.078994647885162
"{'ar': '44100', 'sample_fmt': 'fltp', 'compression_level': '5', 'reservoir': '1', 'b:a': '191k', 'abr': 'True'}",262.986328125,-2.623,-0.739,0.655895433970727,2.102493942019343
"{'ar': '44100', 'sample_fmt': 'fltp', 'compression_level': '0', 'reservoir': '1', 'b:a': '32k', 'abr': 'True'}",48.244140625,-3.132,-1.375,0.9915861179761123,1.0337686750780395
"{'ar': '16000', 'sample_fmt': 'fltp', 'compression_level': '1', 'reservoir': '0', 'b:a': '166k'}",224.375,-3.74,-2.804,0.71355093002785,-1.0941189900774264
"{'ar': '44100', 'sample_fmt': 'fltp', 'compression_level': '7', 'reservoir': '1', 'b:a': '32k', 'abr': 'True'}",48.16796875,-3.35,-1.734,0.5795153060171288,0.44317154698736555
"{'ar': '44100', 'sample_fmt': 'fltp', 'compression_level': '5', 'reservoir': '1', 'b:a': '113k', 'abr': 'True'}",150.56640625,-2.991,-1.178,0.7020837090094574,1.28256115826674
"{'ar': '44100', 'sample_fmt': 'fltp', 'compression_level': '0', 'reservoir': '1', 'b:a': '160k', 'abr': 'True'}",213.453125,-2.719,-0.846,1.2479358979908284,1.8803448178262316
"{'ar': '44100', 'sample_fmt': 's32p', 'compression_level': '9', 'reservoir': '1', 'b:a': '145k', 'abr': 'True'}",193.97265625,-2.802,-0.942,0.5911612659983803,1.7363043752680098
"{'ar': '44100', 'sample_fmt': 's16p', 'compression_level': '5', 'reservoir': '1', 'b:a': '109k', 'abr': 'True'}",145.0810546875,-3.079,-1.298,0.6769145939906593,1.0502847229390655
"{'ar': '44100', 'sample_fmt': 'fltp', 'compression_level': '7', 'reservoir': '1', 'b:a': '106k', 'abr': 'True'}",138.0224609375,-3.264,-1.582,0.5809146740066353,0.5480148147404978
"{'ar': '44100', 'sample_fmt': 's32p', 'compression_level': '5', 'reservoir': '1', 'b:a': '165k', 'abr': 'True'}",224.142578125,-2.657,-0.777,0.7121439649781678,2.069112741684022
"{'ar': '44100', 'sample_fmt': 's32p', 'compression_level': '9', 'reservoir': '1', 'b:a': '145k', 'abr': 'True'}",193.97265625,-2.802,-0.942,0.5814527459733654,1.7370219600331602
"{'ar': '44100', 'sample_fmt': 'fltp', 'compression_level': '0', 'reservoir': '1', 'b:a': '32k', 'abr': 'True'}",48.244140625,-3.132,-1.375,1.171659724030178,1.0204589145813694
"{'ar': '44100', 'sample_fmt': 's32p', 'compression_level': '7', 'reservoir': '1', 'b:a': '103k', 'abr': 'True'}",134.2138671875,-3.278,-1.606,0.6289579140138812,0.5103509067915644
"{'ar': '44100', 'sample_fmt': 's16p', 'compression_level': '5', 'reservoir': '1', 'b:a': '113k', 'abr': 'True'}",150.56640625,-2.997,-1.185,0.6684760420175735,1.2688573621519774
"{'ar': '44100', 'sample_fmt': 's16p', 'compression_level': '5', 'reservoir': '1', 'b:a': '103k', 'abr': 'True'}",137.1591796875,-3.161,-1.418,1.0885475219984073,0.8035904878295345
"{'ar': '44100', 'sample_fmt': 's32p', 'compression_level': '8', 'reservoir': '1', 'b:a': '107k', 'abr': 'True'}",139.2421875,-3.248,-1.556,0.8216118820128031,0.5737588381760593
"{'ar': '32000', 'sample_fmt': 'fltp', 'compression_level': '0', 'reservoir': '1', 'b:a': '193k', 'abr': 'True'}",247.9296875,-3.188,-1.46,1.0551111210079398,0.5531517152197378
"{'ar': '44100', 'sample_fmt': 'fltp', 'compression_level': '2', 'reservoir': '1', 'aq': '9'}",103.837890625,-3.343,-1.721,0.7841501510119997,0.3596263944978294
"{'ar': '44100', 'sample_fmt': 's32p', 'compression_level': '7', 'reservoir': '1', 'b:a': '253k'}",356.8115234375,-2.604,-0.719,0.6989734999951907,2.0001743613354335
"{'ar': '44100', 'sample_fmt': 'fltp', 'compression_level': '7', 'reservoir': '1', 'b:a': '106k', 'abr': 'True'}",138.0224609375,-3.264,-1.582,0.6744725480093621,0.541099681963182
"{'ar': '44100', 'sample_fmt': 's32p', 'compression_level': '9', 'reservoir': '1', 'b:a': '145k', 'abr': 'True'}",193.97265625,-2.802,-0.942,0.6436350250151008,1.7324258881305732
"{'ar': '44100', 'sample_fmt': 's32p', 'compression_level': '7', 'reservoir': '1', 'b:a': '109k'}",156.1484375,-3.068,-1.283,0.614527989004273,1.0675972584483508
"{'ar': '44100', 'sample_fmt': 'fltp', 'compression_level': '7', 'reservoir': '1', 'b:a': '144k'}",178.4443359375,-2.918,-1.084,0.6201113240094855,1.4438747008585318
"{'ar': '44100', 'sample_fmt': 's32p', 'compression_level': '5', 'reservoir': '1', 'b:a': '145k'}",223.037109375,-2.652,-0.771,0.8724981259729248,2.0725668993411146
"{'ar': '44100', 'sample_fmt': 'fltp', 'compression_level': '7', 'reservoir': '1', 'b:a': '32k', 'abr': 'True'}",48.16796875,-3.35,-1.734,0.8197724080237094,0.4254134504211676
"{'ar': '44100', 'sample_fmt': 's32p', 'compression_level': '5', 'reservoir': '1', 'b:a': '145k'}",223.037109375,-2.652,-0.771,0.7963016309950035,2.0781988024337723
"{'ar': '32000', 'sample_fmt': 'fltp', 'compression_level': '7', 'reservoir': '1', 'b:a': '32k'}",44.8671875,-3.434,-1.9,0.5720980260230135,0.20090584527732364
"{'ar': '44100', 'sample_fmt': 's32p', 'compression_level': '9', 'reservoir': '1', 'b:a': '145k', 'abr': 'True'}",193.97265625,-2.802,-0.942,0.5772222119849175,1.7373346510232122
"{'ar': '44100', 'sample_fmt': 's16p', 'compression_level': '2', 'reservoir': '1', 'b:a': '32k', 'abr': 'True'}",47.8125,-3.293,-1.632,0.7517655360279605,0.5959904581000607
"{'ar': '44100', 'sample_fmt': 'fltp', 'compression_level': '9', 'reservoir': '1', 'b:a': '143k', 'abr': 'True'}",190.841796875,-2.805,-0.945,0.5858043990156148,1.7337599295422308
"{'ar': '44100', 'sample_fmt': 's32p', 'compression_level': '0', 'reservoir': '1', 'b:a': '193k'}",267.6279296875,-2.627,-0.744,1.1217535129981115,2.0497575427038477
"{'ar': '44100', 'sample_fmt': 's32p', 'compression_level': '5', 'reservoir': '1', 'b:a': '145k', 'abr': 'True'}",197.703125,-2.722,-0.85,0.6772796189761721,1.9394037425831214
"{'ar': '32000', 'sample_fmt': 's32p', 'compression_level': '5', 'reservoir': '1', 'b:a': '143k', 'abr': 'True'}",185.5625,-3.257,-1.571,0.646049602975836,0.48712215354010185
"{'ar': '44100', 'sample_fmt': 's16p', 'compression_level': '0', 'reservoir': '1', 'b:a': '139k', 'abr': 'True'}",182.18359375,-2.879,-1.035,1.232851783017395,1.4989437195028925
"{'ar': '44100', 'sample_fmt': 's16p', 'compression_level': '2', 'reservoir': '1', 'b:a': '258k', 'abr': 'True'}",344.7490234375,-2.586,-0.699,0.808094277017517,2.0596046829956887
"{'ar': '16000', 'sample_fmt': 's32p', 'compression_level': '5', 'reservoir': '1', 'b:a': '147k', 'abr': 'True'}",193.33203125,-3.765,-2.922,0.5597568369994406,-1.1286899958956351
"{'ar': '44100', 'sample_fmt': 's32p', 'compression_level': '9', 'reservoir': '1', 'b:a': '194k', 'abr': 'True'}",265.4287109375,-2.623,-0.74,0.5860512150102295,2.1034436478185143
"{'ar': '44100', 'sample_fmt': 's16p', 'compression_level': '7', 'reservoir': '1', 'b:a': '168k'}",223.037109375,-2.689,-0.812,0.576998384000035,1.9952666443132576
"{'ar': '16000', 'sample_fmt': 'fltp', 'compression_level': '8', 'reservoir': '1', 'b:a': '253k', 'abr': 'True'}",220.75390625,-3.766,-2.925,0.5309870369674172,-1.173595965319805
"{'ar': '32000', 'sample_fmt': 's16p', 'compression_level': '5', 'reservoir': '1', 'b:a': '32k'}",44.8671875,-3.431,-1.895,0.6733476219815202,0.20198930066084514
"{'ar': '16000', 'sample_fmt': 'fltp', 'compression_level': '5', 'reservoir': '0', 'aq': '9'}",65.609375,-3.818,-3.218,0.5546332079684362,-1.141371165793349
"{'ar': '8000', 'sample_fmt': 'fltp', 'compression_level': '8', 'reservoir': '1', 'b:a': '129k', 'abr': 'True'}",89.9375,-3.858,-3.51,0.5100753470032942,-1.3622086623163905
"{'ar': '44100', 'sample_fmt': 's16p', 'compression_level': '9', 'reservoir': '1', 'b:a': '128k'}",178.4443359375,-2.914,-1.079,0.6004990829969756,1.4562213416469132
"{'ar': '16000', 'sample_fmt': 'fltp', 'compression_level': '2', 'reservoir': '1', 'b:a': '32k', 'abr': 'True'}",43.49609375,-3.316,-1.673,0.5982406669936609,0.5477030964215908
"{'ar': '44100', 'sample_fmt': 's32p', 'compression_level': '7', 'reservoir': '1', 'b:a': '144k', 'abr': 'True'}",192.5791015625,-2.807,-0.948,0.5822180239774752,1.725646602381451
"{'ar': '16000', 'sample_fmt': 'fltp', 'compression_level': '1', 'reservoir': '1', 'b:a': '32k', 'abr': 'True'}",43.91796875,-3.277,-1.604,0.8038972049835138,0.6444634623361944
"{'ar': '44100', 'sample_fmt': 's16p', 'compression_level': '5', 'reservoir': '1', 'b:a': '105k', 'abr': 'True'}",139.5458984375,-3.123,-1.361,0.641684439004166,0.9393297938385224
"{'ar': '32000', 'sample_fmt': 's16p', 'compression_level': '7', 'reservoir': '1', 'b:a': '255k', 'abr': 'True'}",353.46875,-3.172,-1.434,0.5610918490274344,0.46674208423528096
"{'ar': '16000', 'sample_fmt': 'fltp', 'compression_level': '7', 'reservoir': '1', 'b:a': '32k', 'abr': 'True'}",42.828125,-3.448,-1.93,0.5166018020245247,0.16617850942435752
"{'ar': '16000', 'sample_fmt': 'fltp', 'compression_level': '9', 'reservoir': '1', 'b:a': '32k', 'abr': 'True'}",42.828125,-3.448,-1.93,0.5163636990182567,0.166196108305484
"{'ar': '44100', 'sample_fmt': 's32p', 'compression_level': '9', 'reservoir': '1', 'b:a': '145k', 'abr': 'True'}",193.97265625,-2.802,-0.942,0.5675989919982385,1.7380459310160778
"{'ar': '44100', 'sample_fmt': 'fltp', 'compression_level': '0', 'reservoir': '1', 'b:a': '32k', 'abr': 'True'}",48.244140625,-3.132,-1.375,0.978690992022166,1.0347217910942195
"{'ar': '44100', 'sample_fmt': 's16p', 'compression_level': '9', 'reservoir': '1', 'b:a': '32k', 'abr': 'True'}",48.193359375,-3.355,-1.744,0.5605178109835833,0.4297309185415131
"{'ar': '44100', 'sample_fmt': 'fltp', 'compression_level': '7', 'reservoir': '1', 'b:a': '198k', 'abr': 'True'}",271.0263671875,-2.616,-0.732,0.5748141140211374,2.1141754645848216
"{'ar': '44100', 'sample_fmt': 's16p', 'compression_level': '5', 'reservoir': '1', 'b:a': '107k', 'abr': 'True'}",142.23828125,-3.095,-1.321,0.638841653970303,1.0131003681091741
"{'ar': '44100', 'sample_fmt': 's32p', 'compression_level': '5', 'reservoir': '1', 'b:a': '145k'}",223.037109375,-2.652,-0.771,0.678479899012018,2.0869073470581605
"{'ar': '16000', 'sample_fmt': 's16p', 'compression_level': '2', 'reservoir': '1', 'b:a': '38k', 'abr': 'True'}",50.80859375,-3.769,-2.939,0.5838666639756411,-0.917734962221792
"{'ar': '44100', 'sample_fmt': 'fltp', 'compression_level': '1', 'reservoir': '1', 'b:a': '116k', 'abr': 'True'}",153.6650390625,-3.102,-1.33,1.0768600630108267,0.9433431984087312
"{'ar': '44100', 'sample_fmt': 'fltp', 'compression_level': '7', 'reservoir': '1', 'b:a': '153k', 'abr': 'True'}",205.6640625,-2.752,-0.884,0.5890131710330024,1.8526010635593297
"{'ar': '16000', 'sample_fmt': 'fltp', 'compression_level': '5', 'reservoir': '1', 'b:a': '32k', 'abr': 'True'}",43.42578125,-3.404,-1.84,0.5529836610076018,0.2934442837801752
"{'ar': '44100', 'sample_fmt': 'fltp', 'compression_level': '5', 'reservoir': '0', 'aq': '9'}",115.111328125,-3.343,-1.721,0.5847923260007519,0.3563728821122054
"{'ar': '44100', 'sample_fmt': 's16p', 'compression_level': '9', 'reservoir': '1', 'b:a': '127k', 'abr': 'True'}",167.7998046875,-2.959,-1.136,0.6390664950304199,1.3475274826163455
"{'ar': '44100', 'sample_fmt': 's16p', 'compression_level': '1', 'reservoir': '1', 'b:a': '32k', 'abr': 'True'}",48.26953125,-3.138,-1.383,1.0659129720006604,1.0117311533377493
"{'ar': '44100', 'sample_fmt': 's32p', 'compression_level': '1', 'reservoir': '1', 'b:a': '103k', 'abr': 'True'}",136.0927734375,-3.307,-1.656,1.10463062801864,0.38885334027039586
"{'ar': '44100', 'sample_fmt': 'fltp', 'compression_level': '5', 'reservoir': '1', 'b:a': '32k', 'abr': 'True'}",48.193359375,-3.348,-1.73,0.6215274250134826,0.44594750427626023
"{'ar': '44100', 'sample_fmt': 's16p', 'compression_level': '5', 'reservoir': '1', 'b:a': '102k', 'abr': 'True'}",135.8388671875,-3.191,-1.465,0.6327048630046193,0.7546652314028792
"{'ar': '44100', 'sample_fmt': 'fltp', 'compression_level': '5', 'reservoir': '1', 'b:a': '113k', 'abr': 'True'}",150.56640625,-2.991,-1.178,0.6767222289927304,1.2844356985298053
"{'ar': '16000', 'sample_fmt': 'fltp', 'compression_level': '7', 'reservoir': '0', 'b:a': '32k', 'abr': 'True'}",47.71484375,-3.448,-1.93,0.5763182429946028,0.15396713058258166
"{'ar': '16000', 'sample_fmt': 's32p', 'compression_level': '0', 'reservoir': '1', 'b:a': '32k', 'abr': 'True'}",43.91796875,-3.277,-1.605,0.7647530949907377,0.6470412581935263
"{'ar': '16000', 'sample_fmt': 'fltp', 'compression_level': '1', 'reservoir': '0', 'b:a': '86k', 'abr': 'True'}",105.546875,-3.802,-3.121,0.6951559860026464,-1.1476059945660901
"{'ar': '44100', 'sample_fmt': 's32p', 'compression_level': '1', 'reservoir': '1', 'b:a': '192k', 'abr': 'True'}",261.1533203125,-2.623,-0.74,0.9428436729940586,2.0838941758980316
"{'ar': '44100', 'sample_fmt': 's16p', 'compression_level': '0', 'reservoir': '1', 'b:a': '139k', 'abr': 'True'}",182.18359375,-2.879,-1.035,1.22353019300499,1.4996327051528828
"{'ar': '44100', 'sample_fmt': 's32p', 'compression_level': '2', 'reservoir': '1', 'b:a': '143k', 'abr': 'True'}",186.4326171875,-2.837,-0.984,0.8631242949923035,1.63343709804638
"{'ar': '44100', 'sample_fmt': 's16p', 'compression_level': '7', 'reservoir': '1', 'b:a': '168k', 'abr': 'True'}",226.796875,-2.686,-0.809,0.5974296990025323,1.995693370587959
"{'ar': '44100', 'sample_fmt': 's32p', 'compression_level': '5', 'reservoir': '1', 'b:a': '143k', 'abr': 'True'}",191.4091796875,-2.771,-0.906,0.7105495260038879,1.8151550685108804
"{'ar': '44100', 'sample_fmt': 's16p', 'compression_level': '7', 'reservoir': '1', 'b:a': '195k', 'abr': 'True'}",266.853515625,-2.62,-0.736,0.5974663360102568,2.108578059977643
"{'ar': '12000', 'sample_fmt': 'fltp', 'compression_level': '7', 'reservoir': '1', 'b:a': '108k'}",90.359375,-3.742,-2.811,0.5258396059798542,-0.8732687986661648
"{'ar': '44100', 'sample_fmt': 's16p', 'compression_level': '5', 'reservoir': '1', 'b:a': '103k'}",133.853515625,-3.218,-1.506,0.701211418985622,0.676927552791058
"{'ar': '44100', 'sample_fmt': 's16p', 'compression_level': '2', 'reservoir': '1', 'aq': '5'}",164.283203125,-2.881,-1.037,0.6399594949907623,1.5660383287970083
"{'ar': '44100', 'sample_fmt': 'fltp', 'compression_level': '7', 'reservoir': '1', 'b:a': '153k', 'abr': 'True'}",205.6640625,-2.752,-0.884,0.5875899029779248,1.8527062614134224
"{'ar': '44100', 'sample_fmt': 'fltp', 'compression_level': '5', 'reservoir': '1', 'b:a': '138k', 'abr': 'True'}",185.4521484375,-2.805,-0.946,0.6780387760081794,1.735227233102185
"{'ar': '44100', 'sample_fmt': 'fltp', 'compression_level': '7', 'reservoir': '1', 'b:a': '103k', 'abr': 'True'}",134.2138671875,-3.278,-1.606,0.6610474430199247,0.5079790769888494
"{'ar': '44100', 'sample_fmt': 's16p', 'compression_level': '5', 'reservoir': '1', 'b:a': '105k'}",156.1484375,-2.956,-1.132,0.69762699099374,1.3700424285588326
"{'ar': '44100', 'sample_fmt': 's32p', 'compression_level': '5', 'reservoir': '1', 'b:a': '143k', 'abr': 'True'}",191.4091796875,-2.771,-0.906,0.7237994080060162,1.8141757314502092
"{'ar': '16000', 'sample_fmt': 'fltp', 'compression_level': '9', 'reservoir': '1', 'b:a': '32k', 'abr': 'True'}",42.828125,-3.448,-1.93,0.5824336080113426,0.16131269044095406
"{'ar': '44100', 'sample_fmt': 'fltp', 'compression_level': '7', 'reservoir': '1', 'b:a': '113k', 'abr': 'True'}",147.62109375,-3.164,-1.423,0.574368546018377,0.8163341299747833
"{'ar': '8000', 'sample_fmt': 'fltp', 'compression_level': '9', 'reservoir': '1', 'b:a': '128k', 'abr': 'True'}",89.9375,-3.858,-3.51,0.512020202993881,-1.3623524122417818
"{'ar': '44100', 'sample_fmt': 'fltp', 'compression_level': '5', 'reservoir': '1', 'b:a': '251k', 'abr': 'True'}",347.69921875,-2.585,-0.698,0.6908111450029537,2.0662112921410056
"{'ar': '44100', 'sample_fmt': 's16p', 'compression_level': '9', 'reservoir': '1', 'b:a': '128k', 'abr': 'True'}",169.376953125,-2.945,-1.117,0.6104357050207909,1.3857399065654665
"{'ar': '44100', 'sample_fmt': 's16p', 'compression_level': '9', 'reservoir': '1', 'b:a': '143k'}",178.4443359375,-2.914,-1.079,0.6051465460041072,1.4558778342284886
"{'ar': '44100', 'sample_fmt': 's32p', 'compression_level': '5', 'reservoir': '1', 'b:a': '143k', 'abr': 'True'}",191.4091796875,-2.771,-0.906,0.6751828710257541,1.8177691201625479
"{'ar': '44100', 'sample_fmt': 'fltp', 'compression_level': '7', 'reservoir': '1', 'b:a': '126k', 'abr': 'True'}",166.62890625,-2.967,-1.147,0.5538050749746617,1.3335882165173156
"{'ar': '44100', 'sample_fmt': 'fltp', 'compression_level': '7', 'reservoir': '0', 'b:a': '108k'}",156.1484375,-3.098,-1.324,0.5565250389918219,0.9890524942057736
"{'ar': '44100', 'sample_fmt': 's32p', 'compression_level': '5', 'reservoir': '1', 'b:a': '196k'}",267.6279296875,-2.616,-0.732,0.6472095229837578,2.114247277180775
"{'ar': '44100', 'sample_fmt': 'fltp', 'compression_level': '7', 'reservoir': '0', 'b:a': '108k'}",156.1484375,-3.098,-1.324,0.5806823710154276,0.9872669559999346
"{'ar': '44100', 'sample_fmt': 'fltp', 'compression_level': '7', 'reservoir': '1', 'b:a': '32k', 'abr': 'True'}",48.16796875,-3.35,-1.734,0.6080321720219217,0.44106378302930127
"{'ar': '12000', 'sample_fmt': 'fltp', 'compression_level': '7', 'reservoir': '1', 'b:a': '111k', 'abr': 'True'}",88.25,-3.742,-2.811,0.5179155550140422,-0.8693172541337938
"{'ar': '44100', 'sample_fmt': 's32p', 'compression_level': '5', 'reservoir': '1', 'b:a': '192k', 'abr': 'True'}",264.3115234375,-2.626,-0.742,0.6635570180078503,2.091876896212207
"{'ar': '44100', 'sample_fmt': 'fltp', 'compression_level': '0', 'reservoir': '1', 'b:a': '32k', 'abr': 'True'}",48.244140625,-3.132,-1.375,0.9497814450005535,1.0368585792407807
"{'ar': '44100', 'sample_fmt': 'fltp', 'compression_level': '5', 'reservoir': '1', 'b:a': '32k', 'abr': 'True'}",48.193359375,-3.348,-1.73,0.7116943760192953,0.4392830044147868
"{'ar': '44100', 'sample_fmt': 's32p', 'compression_level': '9', 'reservoir': '1', 'b:a': '143k', 'abr': 'True'}",190.841796875,-2.805,-0.945,0.5618933490186464,1.7355272643319168
"{'ar': '44100', 'sample_fmt': 's16p', 'compression_level': '0', 'reservoir': '1', 'b:a': '32k', 'abr': 'True'}",48.26953125,-3.138,-1.383,0.9845494960027281,1.017744962926168
"{'ar': '44100', 'sample_fmt': 'fltp', 'compression_level': '7', 'reservoir': '1', 'b:a': '32k', 'abr': 'True'}",48.16796875,-3.35,-1.734,0.5485106809937861,0.44546318840218707
"{'ar': '44100', 'sample_fmt': 's16p', 'compression_level': '5', 'reservoir': '1', 'b:a': '144k'}",178.4443359375,-2.852,-1.002,0.6804618329915684,1.6190575071201756
"{'ar': '44100', 'sample_fmt': 'fltp', 'compression_level': '7', 'reservoir': '1', 'b:a': '113k', 'abr': 'True'}",147.62109375,-3.164,-1.423,0.592519325989997,0.8149925533853887
"{'ar': '44100', 'sample_fmt': 'fltp', 'compression_level': '9', 'reservoir': '1', 'b:a': '128k'}",178.4443359375,-2.916,-1.081,0.5565853980078828,1.4541763364896971
"{'ar': '44100', 'sample_fmt': 's16p', 'compression_level': '5', 'reservoir': '1', 'b:a': '201k', 'abr': 'True'}",275.1181640625,-2.611,-0.726,0.6731892339885235,2.113917579422874
"{'ar': '44100', 'sample_fmt': 'fltp', 'compression_level': '2', 'reservoir': '1', 'b:a': '168k', 'abr': 'True'}",222.1962890625,-2.678,-0.8,0.8516823410172947,2.0057204437505525
"{'ar': '32000', 'sample_fmt': 'fltp', 'compression_level': '7', 'reservoir': '1', 'b:a': '32k'}",44.8671875,-3.434,-1.9,0.520308853010647,0.20473373268525527
"{'ar': '16000', 'sample_fmt': 'fltp', 'compression_level': '1', 'reservoir': '1', 'b:a': '32k', 'abr': 'True'}",43.91796875,-3.277,-1.604,0.7344783740118146,0.6495944086999537
"{'ar': '12000', 'sample_fmt': 'fltp', 'compression_level': '7', 'reservoir': '0', 'b:a': '107k', 'abr': 'True'}",90.359375,-3.74,-2.804,0.5212785589974374,-0.8660635939725825
"{'ar': '44100', 'sample_fmt': 'fltp', 'compression_level': '7', 'reservoir': '1', 'b:a': '32k'}",44.771484375,-3.286,-1.619,0.5972897030005697,0.6326711784076232
"{'ar': '44100', 'sample_fmt': 's16p', 'compression_level': '2', 'reservoir': '1', 'b:a': '259k', 'abr': 'True'}",345.7685546875,-2.583,-0.696,0.8675404370005708,2.0615202043632186
"{'ar': '44100', 'sample_fmt': 's16p', 'compression_level': '5', 'reservoir': '1', 'b:a': '32k'}",44.771484375,-3.296,-1.637,0.5970952149946243,0.6037079238545271
"{'ar': '44100', 'sample_fmt': 's32p', 'compression_level': '7', 'reservoir': '1', 'b:a': '126k', 'abr': 'True'}",166.62890625,-2.967,-1.147,0.563210424996214,1.3328930399230476
"{'ar': '44100', 'sample_fmt': 'fltp', 'compression_level': '0', 'reservoir': '1', 'b:a': '161k', 'abr': 'True'}",214.783203125,-2.713,-0.84,1.1898871280136518,1.8983853890160187
"{'ar': '8000', 'sample_fmt': 'fltp', 'compression_level': '9', 'reservoir': '1', 'b:a': '128k', 'abr': 'True'}",89.9375,-3.858,-3.51,0.5007130070007406,-1.3615166647168924
"{'ar': '44100', 'sample_fmt': 's16p', 'compression_level': '7', 'reservoir': '1', 'b:a': '126k', 'abr': 'True'}",166.578125,-2.971,-1.152,0.554979626002023,1.3226853885097178
"{'ar': '44100', 'sample_fmt': 's32p', 'compression_level': '5', 'reservoir': '1', 'b:a': '145k', 'abr': 'True'}",197.703125,-2.722,-0.85,0.6525862700073048,1.9412288993500582
"{'ar': '44100', 'sample_fmt': 'fltp', 'compression_level': '5', 'reservoir': '1', 'b:a': '103k'}",133.853515625,-3.223,-1.515,0.6124640939815436,0.6689983091313564
"{'ar': '44100', 'sample_fmt': 'fltp', 'compression_level': '5', 'reservoir': '1', 'b:a': '113k', 'abr': 'True'}",150.56640625,-2.991,-1.178,0.6406486689811572,1.287101999574902
"{'ar': '8000', 'sample_fmt': 's32p', 'compression_level': '9', 'reservoir': '1', 'b:a': '128k', 'abr': 'True'}",89.9375,-3.858,-3.51,0.4922294599818997,-1.3608896212458512
"{'ar': '44100', 'sample_fmt': 's16p', 'compression_level': '2', 'reservoir': '1', 'b:a': '167k', 'abr': 'True'}",220.666015625,-2.699,-0.823,0.8121674050053116,1.9548986720272197
"{'ar': '44100', 'sample_fmt': 's32p', 'compression_level': '9', 'reservoir': '1', 'b:a': '169k', 'abr': 'True'}",228.228515625,-2.681,-0.803,0.5557971279777121,2.0100285755591383
"{'ar': '44100', 'sample_fmt': 'fltp', 'compression_level': '5', 'reservoir': '1', 'b:a': '32k', 'abr': 'True'}",48.193359375,-3.348,-1.73,0.6007073669752572,0.4474863749197034
"{'ar': '44100', 'sample_fmt': 'fltp', 'compression_level': '7', 'reservoir': '1', 'b:a': '153k', 'abr': 'True'}",205.6640625,-2.752,-0.884,0.5497005289944354,1.8555067745154792
"{'ar': '44100', 'sample_fmt': 's16p', 'compression_level': '7', 'reservoir': '1', 'b:a': '126k'}",178.4443359375,-2.914,-1.079,0.6138819179905113,1.455232177646516
"{'ar': '44100', 'sample_fmt': 's16p', 'compression_level': '9', 'reservoir': '1', 'b:a': '126k'}",178.4443359375,-2.914,-1.079,0.5621752330043819,1.4590539681261019
"{'ar': '16000', 'sample_fmt': 's32p', 'compression_level': '7', 'reservoir': '1', 'b:a': '89k', 'abr': 'True'}",124.14453125,-3.714,-2.695,0.49484800299978815,-0.8230564630139182
"{'ar': '44100', 'sample_fmt': 's16p', 'compression_level': '5', 'reservoir': '1', 'aq': '9'}",105.1748046875,-3.341,-1.719,0.5578876900253817,0.3795076327512663
"{'ar': '44100', 'sample_fmt': 's16p', 'compression_level': '7', 'reservoir': '1', 'b:a': '105k'}",156.1484375,-3.065,-1.278,0.5646638970065396,1.0798499631102045
"{'ar': '44100', 'sample_fmt': 's16p', 'compression_level': '5', 'reservoir': '1', 'b:a': '105k', 'abr': 'True'}",139.5458984375,-3.123,-1.361,0.6318161620001774,0.9400591867035626
"{'ar': '16000', 'sample_fmt': 'fltp', 'compression_level': '1', 'reservoir': '1', 'b:a': '32k', 'abr': 'True'}",43.91796875,-3.277,-1.604,0.7682914860197343,0.6470951838977506
"{'ar': '44100', 'sample_fmt': 's32p', 'compression_level': '7', 'reservoir': '1', 'b:a': '269k'}",356.8115234375,-2.604,-0.719,0.5748753390216734,2.0093468149605296
"{'ar': '44100', 'sample_fmt': 's32p', 'compression_level': '7', 'reservoir': '1', 'b:a': '107k'}",156.1484375,-3.068,-1.283,0.6061195229995064,1.0682187524647155
"{'ar': '44100', 'sample_fmt': 's32p', 'compression_level': '9', 'reservoir': '1', 'b:a': '194k', 'abr': 'True'}",265.4287109375,-2.623,-0.74,0.6182275370229036,2.101065402893915
"{'ar': '44100', 'sample_fmt': 's32p', 'compression_level': '3', 'reservoir': '1', 'b:a': '193k', 'abr': 'True'}",262.3759765625,-2.622,-0.739,0.6744171360332984,2.104428803730107
"{'ar': '44100', 'sample_fmt': 'fltp', 'compression_level': '7', 'reservoir': '1', 'b:a': '32k', 'abr': 'True'}",48.16796875,-3.35,-1.734,0.5552048049576115,0.44496840635918855
"{'ar': '44100', 'sample_fmt': 's16p', 'compression_level': '8', 'reservoir': '1', 'aq': '5'}",141.7314453125,-3.0,-1.189,0.5723909709777217,1.2818052746938775
"{'ar': '44100', 'sample_fmt': 's16p', 'compression_level': '7', 'reservoir': '1', 'b:a': '256k', 'abr': 'True'}",353.2900390625,-2.599,-0.713,0.5747711759759113,2.028516061571309
"{'ar': '44100', 'sample_fmt': 's16p', 'compression_level': '5', 'reservoir': '1', 'b:a': '105k', 'abr': 'True'}",139.5458984375,-3.123,-1.361,0.6319519320095424,0.9400491515499003
"{'ar': '44100', 'sample_fmt': 's16p', 'compression_level': '5', 'reservoir': '1', 'b:a': '144k'}",178.4443359375,-2.852,-1.002,0.6605340339883696,1.6205304283204027
"{'ar': '16000', 'sample_fmt': 's32p', 'compression_level': '8', 'reservoir': '1', 'b:a': '86k'}",112.2265625,-3.74,-2.802,0.4979625520063564,-0.8986020208698416
"{'ar': '44100', 'sample_fmt': 's32p', 'compression_level': '5', 'reservoir': '1', 'b:a': '144k'}",178.4443359375,-2.832,-0.978,0.6551939920173027,1.6750948847975062
"{'ar': '16000', 'sample_fmt': 'fltp', 'compression_level': '8', 'reservoir': '1', 'b:a': '106k'}",157.0859375,-3.762,-2.907,0.5021161999902688,-1.0548713112885306
"{'ar': '44100', 'sample_fmt': 's32p', 'compression_level': '5', 'reservoir': '1', 'b:a': '103k'}",133.853515625,-3.226,-1.519,0.6193263299937826,0.6602394542958256
"{'ar': '16000', 'sample_fmt': 'fltp', 'compression_level': '5', 'reservoir': '1', 'b:a': '32k', 'abr': 'True'}",43.42578125,-3.404,-1.84,0.5348372840089723,0.294785534933115
"{'ar': '44100', 'sample_fmt': 's16p', 'compression_level': '5', 'reservoir': '1', 'b:a': '105k'}",156.1484375,-2.956,-1.132,0.6403292729810346,1.374277468443167
"{'ar': '44100', 'sample_fmt': 'fltp', 'compression_level': '0', 'reservoir': '1', 'b:a': '193k', 'abr': 'True'}",260.6455078125,-2.621,-0.737,0.9590309880150016,2.0891142740091277
"{'ar': '12000', 'sample_fmt': 'fltp', 'compression_level': '7', 'reservoir': '1', 'b:a': '32k', 'abr': 'True'}",42.78125,-3.777,-2.982,0.5086725629807916,-0.9315724149103665
"{'ar': '44100', 'sample_fmt': 's16p', 'compression_level': '7', 'reservoir': '1', 'b:a': '103k'}",133.853515625,-3.29,-1.627,0.5571771689865272,0.4816475486585506
"{'ar': '44100', 'sample_fmt': 's32p', 'compression_level': '9', 'reservoir': '1', 'b:a': '147k', 'abr': 'True'}",196.9267578125,-2.783,-0.92,0.5936694740084931,1.782614134949826
"{'ar': '16000', 'sample_fmt': 's32p', 'compression_level': '8', 'reservoir': '1', 'b:a': '145k', 'abr': 'True'}",200.99609375,-3.764,-2.916,0.5280190260091331,-1.1343507475798138
"{'ar': '44100', 'sample_fmt': 's32p', 'compression_level': '5', 'reservoir': '1', 'b:a': '145k'}",223.037109375,-2.652,-0.771,0.6921796930255368,2.08589475570083
"{'ar': '16000', 'sample_fmt': 'fltp', 'compression_level': '1', 'reservoir': '1', 'b:a': '32k', 'abr': 'True'}",43.91796875,-3.277,-1.604,0.7452131679747254,0.648800969062917
"{'ar': '44100', 'sample_fmt': 's16p', 'compression_level': '9', 'reservoir': '1', 'b:a': '128k', 'abr': 'True'}",169.376953125,-2.945,-1.117,0.5649190659751184,1.389104172865156
"{'ar': '44100', 'sample_fmt': 's32p', 'compression_level': '5', 'reservoir': '1', 'b:a': '143k', 'abr': 'True'}",191.4091796875,-2.771,-0.906,0.6573817720054649,1.8190848508225226
"{'ar': '44100', 'sample_fmt': 's16p', 'compression_level': '5', 'reservoir': '1', 'b:a': '103k'}",133.853515625,-3.218,-1.506,0.6318705570301972,0.6820527362395543
"{'ar': '44100', 'sample_fmt': 's16p', 'compression_level': '7', 'reservoir': '1', 'b:a': '166k'}",223.037109375,-2.689,-0.812,0.599841864022892,1.9935782167048086
"{'ar': '44100', 'sample_fmt': 'fltp', 'compression_level': '0', 'reservoir': '1', 'b:a': '160k', 'abr': 'True'}",213.453125,-2.719,-0.846,1.2198777610028628,1.8824186757972907
"{'ar': '44100', 'sample_fmt': 's32p', 'compression_level': '9', 'reservoir': '1', 'b:a': '169k', 'abr': 'True'}",228.228515625,-2.681,-0.803,0.5594678040069994,2.0097572652884037
"{'ar': '12000', 'sample_fmt': 'fltp', 'compression_level': '7', 'reservoir': '1', 'b:a': '32k', 'abr': 'True'}",42.78125,-3.777,-2.982,0.509895836992655,-0.9316628306268975
"{'ar': '32000', 'sample_fmt': 'fltp', 'compression_level': '5', 'reservoir': '0', 'b:a': '168k'}",223.671875,-3.201,-1.48,0.625505381001858,0.5870140894971406
"{'ar': '44100', 'sample_fmt': 's16p', 'compression_level': '2', 'reservoir': '1', 'b:a': '256k', 'abr': 'True'}",343.326171875,-2.587,-0.701,0.755825358995935,2.0627775689690986
"{'ar': '44100', 'sample_fmt': 's16p', 'compression_level': '5', 'reservoir': '1', 'b:a': '105k'}",156.1484375,-2.956,-1.132,0.6747103280213196,1.371736265330526
"{'ar': '44100', 'sample_fmt': 's16p', 'compression_level': '5', 'reservoir': '1', 'b:a': '105k'}",156.1484375,-2.956,-1.132,0.654722289997153,1.373213638970837
"{'ar': '44100', 'sample_fmt': 's16p', 'compression_level': '5', 'reservoir': '1', 'b:a': '261k', 'abr': 'True'}",357.1650390625,-2.585,-0.698,0.640630413981853,2.054816020502063
"{'ar': '16000', 'sample_fmt': 'fltp', 'compression_level': '1', 'reservoir': '1', 'b:a': '146k', 'abr': 'True'}",142.953125,-3.738,-2.796,0.6690226639911998,-0.9537222301396465
"{'ar': '44100', 'sample_fmt': 'fltp', 'compression_level': '9', 'reservoir': '1', 'b:a': '32k', 'abr': 'True'}",48.16796875,-3.35,-1.734,0.546030424971832,0.4456465112907881
"{'ar': '44100', 'sample_fmt': 's16p', 'compression_level': '5', 'reservoir': '1', 'b:a': '106k'}",156.1484375,-2.956,-1.132,0.6503410750301555,1.3735374672273648
"{'ar': '8000', 'sample_fmt': 'fltp', 'compression_level': '9', 'reservoir': '1', 'b:a': '128k', 'abr': 'True'}",89.9375,-3.858,-3.51,0.4892947270127479,-1.3606727066529967
"{'ar': '44100', 'sample_fmt': 'fltp', 'compression_level': '7', 'reservoir': '1', 'b:a': '32k'}",44.771484375,-3.286,-1.619,0.5460714470245875,0.6364568676878877
"{'ar': '8000', 'sample_fmt': 'fltp', 'compression_level': '7', 'reservoir': '1', 'aq': '9'}",36.8515625,-3.855,-3.486,0.492903229984222,-1.261671254603846
"{'ar': '44100', 'sample_fmt': 's16p', 'compression_level': '2', 'reservoir': '1', 'b:a': '258k', 'abr': 'True'}",344.7490234375,-2.586,-0.699,0.7583144830132369,2.063284051395584
"{'ar': '44100', 'sample_fmt': 's32p', 'compression_level': '5', 'reservoir': '1', 'b:a': '169k', 'abr': 'True'}",229.1376953125,-2.65,-0.769,0.6578502070333343,2.083988450622884
"{'ar': '16000', 'sample_fmt': 'fltp', 'compression_level': '2', 'reservoir': '1', 'b:a': '32k', 'abr': 'True'}",43.49609375,-3.316,-1.673,0.5612022020213772,0.5504407163801615
"{'ar': '44100', 'sample_fmt': 's32p', 'compression_level': '2', 'reservoir': '1', 'b:a': '144k'}",178.4443359375,-2.906,-1.068,0.7920459230081178,1.464173106470034
"{'ar': '44100', 'sample_fmt': 'fltp', 'compression_level': '7', 'reservoir': '1', 'b:a': '32k'}",44.771484375,-3.286,-1.619,0.5535634369880427,0.635903113063642
"{'ar': '44100', 'sample_fmt': 's32p', 'compression_level': '7', 'reservoir': '1', 'b:a': '169k', 'abr': 'True'}",228.228515625,-2.681,-0.803,0.559065116016427,2.0097870291212434
"{'ar': '44100', 'sample_fmt': 's16p', 'compression_level': '9', 'reservoir': '1', 'b:a': '124k', 'abr': 'True'}",163.5283203125,-3.024,-1.221,0.6819098359846976,1.1729167398057434
"{'ar': '44100', 'sample_fmt': 'fltp', 'compression_level': '7', 'reservoir': '1', 'b:a': '143k'}",178.4443359375,-2.916,-1.081,0.726429808040848,1.4416226454253984
"{'ar': '8000', 'sample_fmt': 'fltp', 'compression_level': '2', 'reservoir': '1', 'aq': '9'}",35.8671875,-3.85,-3.441,0.718128539971076,-1.250902258080108
"{'ar': '44100', 'sample_fmt': 'fltp', 'compression_level': '5', 'reservoir': '1', 'b:a': '145k'}",223.037109375,-2.652,-0.771,0.7203511710104067,2.0838125203692224
"{'ar': '44100', 'sample_fmt': 's32p', 'compression_level': '7', 'reservoir': '1', 'b:a': '145k', 'abr': 'True'}",193.97265625,-2.802,-0.942,0.565949513023952,1.7381678487727839
"{'ar': '12000', 'sample_fmt': 's32p', 'compression_level': '7', 'reservoir': '1', 'b:a': '32k', 'abr': 'True'}",42.78125,-3.777,-2.982,0.6019599749706686,-0.9384675570588868
"{'ar': '44100', 'sample_fmt': 'fltp', 'compression_level': '0', 'reservoir': '1', 'b:a': '192k', 'abr': 'True'}",259.4248046875,-2.623,-0.74,0.9554725680209231,2.0857188689849298
"{'ar': '44100', 'sample_fmt': 's32p', 'compression_level': '5', 'reservoir': '1', 'b:a': '144k'}",178.4443359375,-2.832,-0.978,0.6597928240080364,1.6747549718380095
"{'ar': '44100', 'sample_fmt': 'fltp', 'compression_level': '5', 'reservoir': '1', 'b:a': '32k', 'abr': 'True'}",48.193359375,-3.348,-1.73,0.6466029119910672,0.4440941025850162
"{'ar': '44100', 'sample_fmt': 'fltp', 'compression_level': '8', 'reservoir': '1', 'aq': '9'}",97.1474609375,-3.314,-1.668,0.6797219680156559,0.4623081580048747
"{'ar': '44100', 'sample_fmt': 'fltp', 'compression_level': '5', 'reservoir': '1', 'b:a': '253k', 'abr': 'True'}",349.935546875,-2.586,-0.699,0.7048825609963387,2.0589574072443253
"{'ar': '44100', 'sample_fmt': 's16p', 'compression_level': '2', 'reservoir': '1', 'aq': '5'}",164.283203125,-2.881,-1.037,0.6542919680068735,1.5649789743066442
"{'ar': '16000', 'sample_fmt': 'fltp', 'compression_level': '9', 'reservoir': '1', 'b:a': '143k', 'abr': 'True'}",198.81640625,-3.765,-2.921,0.5452402980008628,-1.1360528012292233
"{'ar': '44100', 'sample_fmt': 's16p', 'compression_level': '8', 'reservoir': '1', 'b:a': '256k', 'abr': 'True'}",353.2900390625,-2.599,-0.713,0.6990203140012454,2.019332448796107
"{'ar': '44100', 'sample_fmt': 'fltp', 'compression_level': '5', 'reservoir': '1', 'b:a': '167k'}",223.037109375,-2.652,-0.771,0.7718080490012653,2.0800091938464056
"{'ar': '44100', 'sample_fmt': 's16p', 'compression_level': '5', 'reservoir': '1', 'b:a': '100k', 'abr': 'True'}",133.2470703125,-3.231,-1.527,0.6756714869989082,0.6428691478157905
"{'ar': '32000', 'sample_fmt': 's16p', 'compression_level': '2', 'reservoir': '1', 'b:a': '195k', 'abr': 'True'}",251.796875,-3.186,-1.457,0.7543123430223204,0.5748201386520438
"{'ar': '16000', 'sample_fmt': 's16p', 'compression_level': '7', 'reservoir': '1', 'b:a': '256k', 'abr': 'True'}",220.68359375,-3.766,-2.926,0.6078170950058848,-1.1794779601294556
"{'ar': '16000', 'sample_fmt': 'fltp', 'compression_level': '2', 'reservoir': '1', 'b:a': '32k', 'abr': 'True'}",43.49609375,-3.316,-1.673,0.5823440280219074,0.5488780629369642
"{'ar': '32000', 'sample_fmt': 'fltp', 'compression_level': '7', 'reservoir': '1', 'b:a': '195k', 'abr': 'True'}",271.34375,-3.179,-1.446,0.577356345980661,0.5764888183904822
"{'ar': '16000', 'sample_fmt': 'fltp', 'compression_level': '5', 'reservoir': '1', 'b:a': '133k', 'abr': 'True'}",174.13671875,-3.767,-2.928,0.5919346619921271,-1.1069916972514755
"{'ar': '44100', 'sample_fmt': 's16p', 'compression_level': '5', 'reservoir': '1', 'b:a': '105k'}",156.1484375,-2.956,-1.132,0.6429450350115076,1.3740841299139688
"{'ar': '44100', 'sample_fmt': 'fltp', 'compression_level': '7', 'reservoir': '1', 'b:a': '162k', 'abr': 'True'}",218.001953125,-2.706,-0.831,0.5728690819814801,1.9580036205837816
"{'ar': '44100', 'sample_fmt': 's16p', 'compression_level': '8', 'reservoir': '1', 'b:a': '32k', 'abr': 'True'}",48.193359375,-3.355,-1.744,0.5468147049832623,0.430743754697357
"{'ar': '32000', 'sample_fmt': 's16p', 'compression_level': '7', 'reservoir': '1', 'b:a': '195k', 'abr': 'True'}",271.2734375,-3.18,-1.447,0.554298857023241,0.5756598629396635
"{'ar': '44100', 'sample_fmt': 's32p', 'compression_level': '9', 'reservoir': '1', 'b:a': '143k', 'abr': 'True'}",190.841796875,-2.805,-0.945,0.5969580249802675,1.7329355328218454
"{'ar': '44100', 'sample_fmt': 's32p', 'compression_level': '5', 'reservoir': '1', 'b:a': '145k', 'abr': 'True'}",197.703125,-2.722,-0.85,0.6663005159934983,1.9402152398056727
"{'ar': '44100', 'sample_fmt': 's16p', 'compression_level': '5', 'reservoir': '1', 'b:a': '158k', 'abr': 'True'}",215.4970703125,-2.693,-0.817,0.6718060420244001,1.9893934664670647
"{'ar': '44100', 'sample_fmt': 'fltp', 'compression_level': '3', 'reservoir': '1', 'b:a': '125k', 'abr': 'True'}",166.2197265625,-2.991,-1.178,0.7015566280169878,1.2576226671356499
"{'ar': '8000', 'sample_fmt': 's32p', 'compression_level': '9', 'reservoir': '1', 'b:a': '169k', 'abr': 'True'}",90.21875,-3.858,-3.51,0.4930446030339226,-1.3613986514947742
"{'ar': '16000', 'sample_fmt': 's16p', 'compression_level': '7', 'reservoir': '0', 'aq': '9'}",66.69921875,-3.805,-3.137,0.5042077049729414,-1.083541773312088
"{'ar': '44100', 'sample_fmt': 's32p', 'compression_level': '7', 'reservoir': '1', 'b:a': '103k'}",133.853515625,-3.284,-1.617,0.5579483610054012,0.4987247587357012
"{'ar': '16000', 'sample_fmt': 's16p', 'compression_level': '5', 'reservoir': '1', 'b:a': '32k', 'abr': 'True'}",43.35546875,-3.405,-1.842,0.5407596500008367,0.29149913626528023
"{'ar': '12000', 'sample_fmt': 'fltp', 'compression_level': '7', 'reservoir': '0', 'b:a': '108k'}",90.359375,-3.74,-2.803,0.49366422698949464,-0.8637070805014634
"{'ar': '44100', 'sample_fmt': 's16p', 'compression_level': '5', 'reservoir': '1', 'b:a': '144k', 'abr': 'True'}",196.37109375,-2.719,-0.846,0.6604992150096223,1.9510211529894799
"{'ar': '44100', 'sample_fmt': 's16p', 'compression_level': '7', 'reservoir': '1', 'b:a': '32k', 'abr': 'True'}",48.193359375,-3.355,-1.744,0.5590932079940103,0.4298362150644714
"{'ar': '32000', 'sample_fmt': 's16p', 'compression_level': '7', 'reservoir': '1', 'b:a': '32k', 'abr': 'True'}",46.73046875,-3.437,-1.907,0.5273771630018018,0.19204009915723577
"{'ar': '44100', 'sample_fmt': 's32p', 'compression_level': '3', 'reservoir': '1', 'b:a': '192k', 'abr': 'True'}",261.255859375,-2.618,-0.734,0.7343363619875163,2.1126843753628264
"{'ar': '44100', 'sample_fmt': 's16p', 'compression_level': '2', 'reservoir': '1', 'aq': '5'}",164.283203125,-2.881,-1.037,0.6091774530068506,1.568313518456293
"{'ar': '44100', 'sample_fmt': 'fltp', 'compression_level': '5', 'reservoir': '1', 'b:a': '253k', 'abr': 'True'}",349.935546875,-2.586,-0.699,0.6449908030044753,2.063384180118285
"{'ar': '44100', 'sample_fmt': 'fltp', 'compression_level': '5', 'reservoir': '1', 'aq': '5'}",166.828125,-2.878,-1.033,0.5911381799960509,1.573837658624967
"{'ar': '44100', 'sample_fmt': 's16p', 'compression_level': '2', 'reservoir': '1', 'b:a': '158k', 'abr': 'True'}",210.5302734375,-2.729,-0.858,0.7948726800095756,1.891411040786513
"{'ar': '44100', 'sample_fmt': 's32p', 'compression_level': '9', 'reservoir': '1', 'b:a': '143k', 'abr': 'True'}",190.841796875,-2.805,-0.945,0.5780677830043714,1.7343317651844483
"{'ar': '44100', 'sample_fmt': 's32p', 'compression_level': '7', 'reservoir': '1', 'b:a': '144k'}",178.4443359375,-2.918,-1.084,0.5841631120129023,1.4465317370696817
"{'ar': '16000', 'sample_fmt': 'fltp', 'compression_level': '2', 'reservoir': '1', 'b:a': '32k', 'abr': 'True'}",43.49609375,-3.316,-1.673,0.597372293996159,0.5477672803787613
"{'ar': '32000', 'sample_fmt': 's16p', 'compression_level': '7', 'reservoir': '1', 'b:a': '195k', 'abr': 'True'}",271.2734375,-3.18,-1.447,0.5761461100191809,0.574045069349098
"{'ar': '44100', 'sample_fmt': 'fltp', 'compression_level': '7', 'reservoir': '1', 'b:a': '152k', 'abr': 'True'}",204.1298828125,-2.759,-0.892,0.5900952839874662,1.8361358855651504
"{'ar': '44100', 'sample_fmt': 'fltp', 'compression_level': '0', 'reservoir': '1', 'b:a': '192k'}",267.6279296875,-2.627,-0.744,1.0597562970069703,2.0543399360616763
"{'ar': '44100', 'sample_fmt': 's32p', 'compression_level': '9', 'reservoir': '1', 'b:a': '168k', 'abr': 'True'}",226.8955078125,-2.684,-0.807,0.6412712290184572,1.997586324039685
"{'ar': '16000', 'sample_fmt': 's32p', 'compression_level': '8', 'reservoir': '1', 'b:a': '86k', 'abr': 'True'}",119.71484375,-3.714,-2.693,0.5785044720105361,-0.8215405419587641
"{'ar': '12000', 'sample_fmt': 'fltp', 'compression_level': '7', 'reservoir': '0', 'b:a': '76k'}",90.171875,-3.74,-2.803,0.5324217670131475,-0.8662725751499986
"{'ar': '44100', 'sample_fmt': 'fltp', 'compression_level': '5', 'reservoir': '1', 'b:a': '32k', 'abr': 'True'}",48.193359375,-3.348,-1.73,0.6170832439966034,0.44627598653545786
"{'ar': '32000', 'sample_fmt': 'fltp', 'compression_level': '7', 'reservoir': '1', 'b:a': '254k', 'abr': 'True'}",352.0625,-3.174,-1.437,0.5569211889815051,0.4636880022236567
"{'ar': '44100', 'sample_fmt': 's32p', 'compression_level': '8', 'reservoir': '1', 'b:a': '139k', 'abr': 'True'}",185.037109375,-2.844,-0.992,0.5967314949957654,1.6365204898607173
"{'ar': '44100', 'sample_fmt': 's32p', 'compression_level': '5', 'reservoir': '1', 'b:a': '105k', 'abr': 'True'}",139.5458984375,-3.13,-1.371,0.6400146509695332,0.9199890637518859
"{'ar': '44100', 'sample_fmt': 's16p', 'compression_level': '5', 'reservoir': '1', 'b:a': '158k', 'abr': 'True'}",215.4970703125,-2.693,-0.817,0.677951204997953,1.9889392597169293
"{'ar': '44100', 'sample_fmt': 's32p', 'compression_level': '5', 'reservoir': '1', 'b:a': '144k'}",178.4443359375,-2.832,-0.978,0.65559668498463,1.6750651205968203
"{'ar': '44100', 'sample_fmt': 's32p', 'compression_level': '3', 'reservoir': '1', 'b:a': '192k', 'abr': 'True'}",261.255859375,-2.618,-0.734,0.6765577059995849,2.1169549627624473
"{'ar': '32000', 'sample_fmt': 'fltp', 'compression_level': '2', 'reservoir': '1', 'b:a': '260k', 'abr': 'True'}",327.171875,-3.177,-1.443,0.7138077709823847,0.48292658707241115
"{'ar': '44100', 'sample_fmt': 's32p', 'compression_level': '7', 'reservoir': '1', 'b:a': '145k', 'abr': 'True'}",193.97265625,-2.802,-0.942,0.5666250629874412,1.7381179169231662
"{'ar': '44100', 'sample_fmt': 'fltp', 'compression_level': '7', 'reservoir': '1', 'b:a': '153k', 'abr': 'True'}",205.6640625,-2.752,-0.884,0.5657835559977684,1.8543180315221748
"{'ar': '44100', 'sample_fmt': 's32p', 'compression_level': '5', 'reservoir': '1', 'b:a': '144k'}",178.4443359375,-2.832,-0.978,0.6678737369657028,1.6741576882137303
"{'ar': '44100', 'sample_fmt': 's32p', 'compression_level': '3', 'reservoir': '1', 'b:a': '192k', 'abr': 'True'}",261.255859375,-2.618,-0.734,0.6878419069980737,2.1161209148640503
"{'ar': '44100', 'sample_fmt': 'fltp', 'compression_level': '7', 'reservoir': '1', 'b:a': '32k', 'abr': 'True'}",48.16796875,-3.35,-1.734,0.5559392869763542,0.4449141186710993
"{'ar': '16000', 'sample_fmt': 'fltp', 'compression_level': '0', 'reservoir': '1', 'b:a': '32k', 'abr': 'True'}",43.91796875,-3.277,-1.605,0.7361588730127551,0.6491547397550679
"{'ar': '44100', 'sample_fmt': 's16p', 'compression_level': '9', 'reservoir': '1', 'b:a': '126k'}",178.4443359375,-2.914,-1.079,0.5862418290053029,1.4572751364818564
"{'ar': '44100', 'sample_fmt': 'fltp', 'compression_level': '7', 'reservoir': '1', 'b:a': '127k', 'abr': 'True'}",167.8515625,-2.955,-1.131,0.5856199729896616,1.3622923247608254
"{'ar': '44100', 'sample_fmt': 'fltp', 'compression_level': '9', 'reservoir': '1', 'b:a': '193k', 'abr': 'True'}",263.8056640625,-2.63,-0.747,0.5804319540038705,2.0879310483697937
"{'ar': '12000', 'sample_fmt': 'fltp', 'compression_level': '7', 'reservoir': '1', 'b:a': '250k', 'abr': 'True'}",88.53125,-3.742,-2.811,0.5047776289575268,-0.8687949727313447
"{'ar': '16000', 'sample_fmt': 's16p', 'compression_level': '0', 'reservoir': '1', 'b:a': '32k', 'abr': 'True'}",43.8125,-3.269,-1.591,0.757692389015574,0.6707873485391508
"{'ar': '16000', 'sample_fmt': 'fltp', 'compression_level': '2', 'reservoir': '1', 'b:a': '32k', 'abr': 'True'}",43.49609375,-3.316,-1.673,0.6259754609782249,0.5456531376661239
"{'ar': '44100', 'sample_fmt': 's32p', 'compression_level': '7', 'reservoir': '1', 'b:a': '145k', 'abr': 'True'}",193.97265625,-2.802,-0.942,0.5691754080471583,1.7379294135512813
"{'ar': '44100', 'sample_fmt': 's32p', 'compression_level': '5', 'reservoir': '1', 'b:a': '166k', 'abr': 'True'}",225.6728515625,-2.661,-0.781,0.6907893049938139,2.05766773815553
"{'ar': '44100', 'sample_fmt': 'fltp', 'compression_level': '7', 'reservoir': '1', 'b:a': '145k', 'abr': 'True'}",193.97265625,-2.802,-0.942,0.6058839419856668,1.735216179748662
"{'ar': '44100', 'sample_fmt': 'fltp', 'compression_level': '7', 'reservoir': '1', 'b:a': '253k', 'abr': 'True'}",349.12109375,-2.603,-0.717,0.572533703991212,2.024752093092795
"{'ar': '44100', 'sample_fmt': 'fltp', 'compression_level': '7', 'reservoir': '1', 'b:a': '153k', 'abr': 'True'}",205.6640625,-2.752,-0.884,0.5666166159790009,1.854256457652064
"{'ar': '16000', 'sample_fmt': 'fltp', 'compression_level': '8', 'reservoir': '1', 'b:a': '86k', 'abr': 'True'}",119.71484375,-3.714,-2.693,0.5093645050073974,-0.816430207236622
"{'ar': '44100', 'sample_fmt': 's16p', 'compression_level': '5', 'reservoir': '1', 'b:a': '105k', 'abr': 'True'}",139.5458984375,-3.123,-1.361,0.6371713420376182,0.9396633698746738
"{'ar': '44100', 'sample_fmt': 's16p', 'compression_level': '5', 'reservoir': '1', 'b:a': '103k'}",133.853515625,-3.218,-1.506,0.6742923970159609,0.6789172154799543
"{'ar': '44100', 'sample_fmt': 'fltp', 'compression_level': '7', 'reservoir': '1', 'b:a': '32k', 'abr': 'True'}",48.16796875,-3.35,-1.734,0.5719284119841177,0.4437323162455914
"{'ar': '8000', 'sample_fmt': 's16p', 'compression_level': '2', 'reservoir': '1', 'b:a': '167k', 'abr': 'True'}",74.8203125,-3.858,-3.512,0.6025673249969259,-1.3455539674004764
"{'ar': '44100', 'sample_fmt': 's32p', 'compression_level': '8', 'reservoir': '1', 'b:a': '139k', 'abr': 'True'}",185.037109375,-2.844,-0.992,0.590354016982019,1.636991867686684
"{'ar': '8000', 'sample_fmt': 's16p', 'compression_level': '9', 'reservoir': '1', 'b:a': '126k', 'abr': 'True'}",89.9375,-3.858,-3.51,0.5249559639778454,-1.363308531710434
"{'ar': '44100', 'sample_fmt': 's16p', 'compression_level': '7', 'reservoir': '1', 'b:a': '126k'}",178.4443359375,-2.914,-1.079,0.5977697980124503,1.4564230709856387
"{'ar': '44100', 'sample_fmt': 'fltp', 'compression_level': '5', 'reservoir': '1', 'b:a': '126k'}",178.4443359375,-2.833,-0.979,0.6946756469551474,1.6695312853640092
"{'ar': '44100', 'sample_fmt': 's16p', 'compression_level': '5', 'reservoir': '1', 'b:a': '126k'}",178.4443359375,-2.851,-1.001,0.8461514120281208,1.609456307864709
"{'ar': '44100', 'sample_fmt': 's32p', 'compression_level': '9', 'reservoir': '1', 'b:a': '144k'}",178.4443359375,-2.918,-1.084,0.5669478650088422,1.4478041657144787
"{'ar': '44100', 'sample_fmt': 'fltp', 'compression_level': '9', 'reservoir': '1', 'b:a': '169k', 'abr': 'True'}",228.228515625,-2.681,-0.803,0.5675366260111332,2.009160875341434
"{'ar': '44100', 'sample_fmt': 's16p', 'compression_level': '0', 'reservoir': '1', 'b:a': '32k', 'abr': 'True'}",48.26953125,-3.138,-1.383,0.9549060349818319,1.019935996776859
"{'ar': '16000', 'sample_fmt': 's32p', 'compression_level': '2', 'reservoir': '1', 'b:a': '144k', 'abr': 'True'}",160.56640625,-3.757,-2.883,0.6524065250123385,-1.0523126732473047
"{'ar': '44100', 'sample_fmt': 'fltp', 'compression_level': '7', 'reservoir': '1', 'b:a': '126k', 'abr': 'True'}",166.62890625,-2.967,-1.147,0.5597740489756688,1.3331470324031907
"{'ar': '8000', 'sample_fmt': 'fltp', 'compression_level': '9', 'reservoir': '1', 'aq': '9'}",36.8515625,-3.855,-3.486,0.4923352629994042,-1.2616292745230135
"{'ar': '44100', 'sample_fmt': 'fltp', 'compression_level': '7', 'reservoir': '1', 'b:a': '260k', 'abr': 'True'}",358.8876953125,-2.603,-0.718,0.5777754480077419,2.0084649817922418
"{'ar': '12000', 'sample_fmt': 'fltp', 'compression_level': '2', 'reservoir': '1', 'b:a': '32k', 'abr': 'True'}",43.484375,-3.766,-2.923,0.5572493629879318,-0.892043455920626
"{'ar': '16000', 'sample_fmt': 's16p', 'compression_level': '2', 'reservoir': '1', 'b:a': '32k', 'abr': 'True'}",43.390625,-3.31,-1.661,0.5767225949675776,0.5672269799713365
"{'ar': '44100', 'sample_fmt': 'fltp', 'compression_level': '7', 'reservoir': '1', 'b:a': '127k', 'abr': 'True'}",167.8515625,-2.955,-1.131,0.5642134399677161,1.3638745434647737
"{'ar': '44100', 'sample_fmt': 'fltp', 'compression_level': '7', 'reservoir': '1', 'b:a': '127k', 'abr': 'True'}",167.8515625,-2.955,-1.131,0.5765578630089294,1.3629621314919784
"{'ar': '44100', 'sample_fmt': 's16p', 'compression_level': '2', 'reservoir': '1', 'aq': '5'}",164.283203125,-2.881,-1.037,0.6438887479889672,1.565747906355414
"{'ar': '44100', 'sample_fmt': 's16p', 'compression_level': '7', 'reservoir': '1', 'b:a': '32k', 'abr': 'True'}",48.193359375,-3.355,-1.744,0.5546094150049612,0.43016762515898005
"{'ar': '44100', 'sample_fmt': 'fltp', 'compression_level': '7', 'reservoir': '1', 'b:a': '126k'}",178.4443359375,-2.916,-1.081,0.5696148939896375,1.4532132887965366
"{'ar': '44100', 'sample_fmt': 'fltp', 'compression_level': '0', 'reservoir': '1', 'b:a': '128k', 'abr': 'True'}",169.83203125,-2.998,-1.187,1.1296662319800816,1.2010671321245723
"{'ar': '16000', 'sample_fmt': 's16p', 'compression_level': '5', 'reservoir': '1', 'b:a': '32k', 'abr': 'True'}",43.35546875,-3.405,-1.842,0.5431635729619302,0.29132145537375087
"{'ar': '12000', 'sample_fmt': 'fltp', 'compression_level': '7', 'reservoir': '0', 'b:a': '108k'}",90.359375,-3.74,-2.803,0.5042150089866482,-0.864486919282459
"{'ar': '44100', 'sample_fmt': 'fltp', 'compression_level': '9', 'reservoir': '1', 'b:a': '252k', 'abr': 'True'}",347.2939453125,-2.604,-0.719,0.5837178220099304,2.0238801040566505
"{'ar': '16000', 'sample_fmt': 's32p', 'compression_level': '7', 'reservoir': '1', 'b:a': '86k'}",112.2265625,-3.74,-2.802,0.5076328699942678,-0.8993167820120553
"{'ar': '44100', 'sample_fmt': 's32p', 'compression_level': '9', 'reservoir': '1', 'b:a': '32k', 'abr': 'True'}",48.16796875,-3.35,-1.734,0.7065523799974471,0.4337818698107552
"{'ar': '44100', 'sample_fmt': 's16p', 'compression_level': '2', 'reservoir': '1', 'b:a': '32k', 'abr': 'True'}",47.8125,-3.293,-1.632,0.8456955139990896,0.589047822043348
"{'ar': '44100', 'sample_fmt': 's16p', 'compression_level': '5', 'reservoir': '1', 'b:a': '104k', 'abr': 'True'}",138.4287109375,-3.161,-1.418,0.7844156169740018,0.8240440095519309
"{'ar': '44100', 'sample_fmt': 's32p', 'compression_level': '8', 'reservoir': '1', 'b:a': '86k', 'abr': 'True'}",113.6484375,-3.472,-1.982,0.5652358329680283,-0.02274398378503284
"{'ar': '32000', 'sample_fmt': 'fltp', 'compression_level': '7', 'reservoir': '1', 'b:a': '165k', 'abr': 'True'}",227.46875,-3.196,-1.472,0.8000650559843052,0.5822266969743293
"{'ar': '8000', 'sample_fmt': 's16p', 'compression_level': '7', 'reservoir': '0', 'b:a': '168k'}",91.484375,-3.858,-3.509,0.6579385799996089,-1.3752904963584396
"{'ar': '8000', 'sample_fmt': 'fltp', 'compression_level': '9', 'reservoir': '1', 'b:a': '128k', 'abr': 'True'}",89.9375,-3.858,-3.51,0.5353747589979321,-1.3640786149526147
"{'ar': '44100', 'sample_fmt': 'fltp', 'compression_level': '7', 'reservoir': '1', 'b:a': '107k'}",156.1484375,-3.068,-1.283,0.631325748981908,1.066355687475891
"{'ar': '44100', 'sample_fmt': 's32p', 'compression_level': '3', 'reservoir': '1', 'b:a': '194k', 'abr': 'True'}",263.7978515625,-2.621,-0.738,0.7197812450176571,2.101452372000018
"{'ar': '44100', 'sample_fmt': 'fltp', 'compression_level': '5', 'reservoir': '1', 'b:a': '103k', 'abr': 'True'}",137.1591796875,-3.16,-1.416,0.6501155120204203,0.8389571190698826
"{'ar': '16000', 'sample_fmt': 's32p', 'compression_level': '8', 'reservoir': '1', 'b:a': '86k', 'abr': 'True'}",119.71484375,-3.714,-2.693,0.5315749150176998,-0.8180718428113614
"{'ar': '44100', 'sample_fmt': 's32p', 'compression_level': '5', 'reservoir': '1', 'b:a': '144k', 'abr': 'True'}",196.4228515625,-2.716,-0.843,0.6802756670222152,1.9574130189099774
"{'ar': '44100', 'sample_fmt': 's32p', 'compression_level': '7', 'reservoir': '1', 'b:a': '107k'}",156.1484375,-3.068,-1.283,0.5859549790038727,1.069709172171343
"{'ar': '44100', 'sample_fmt': 's16p', 'compression_level': '2', 'reservoir': '1', 'b:a': '32k', 'abr': 'True'}",47.8125,-3.293,-1.632,0.6568216400046367,0.6030080357694486
"{'ar': '16000', 'sample_fmt': 'fltp', 'compression_level': '9', 'reservoir': '1', 'b:a': '169k', 'abr': 'True'}",220.75390625,-3.766,-2.925,0.5630315979942679,-1.175964471409255
"{'ar': '44100', 'sample_fmt': 's16p', 'compression_level': '5', 'reservoir': '1', 'b:a': '126k', 'abr': 'True'}",169.3759765625,-2.878,-1.034,0.7198581970005762,1.5599426152955984
"{'ar': '44100', 'sample_fmt': 'fltp', 'compression_level': '7', 'reservoir': '1', 'b:a': '32k'}",44.771484375,-3.286,-1.619,0.5660377949825488,0.6349810972230376
"{'ar': '44100', 'sample_fmt': 's32p', 'compression_level': '7', 'reservoir': '1', 'b:a': '144k'}",178.4443359375,-2.918,-1.084,0.5787643189833034,1.4469307774608289
"{'ar': '44100', 'sample_fmt': 's16p', 'compression_level': '5', 'reservoir': '1', 'aq': '5'}",166.77734375,-2.881,-1.037,0.6224061689863447,1.5633559339164529
"{'ar': '44100', 'sample_fmt': 'fltp', 'compression_level': '8', 'reservoir': '1', 'b:a': '86k', 'abr': 'True'}",113.6484375,-3.472,-1.982,0.568319103011163,-0.02297187718218266
"{'ar': '44100', 'sample_fmt': 'fltp', 'compression_level': '7', 'reservoir': '1', 'b:a': '128k', 'abr': 'True'}",169.32421875,-2.937,-1.108,0.5720589760167059,1.4101392162344955
"{'ar': '32000', 'sample_fmt': 'fltp', 'compression_level': '7', 'reservoir': '1', 'b:a': '32k', 'abr': 'True'}",46.73046875,-3.442,-1.918,0.5393249259795994,0.1760372737972271
"{'ar': '44100', 'sample_fmt': 'fltp', 'compression_level': '8', 'reservoir': '0', 'b:a': '100k', 'abr': 'True'}",140.41015625,-3.333,-1.702,0.5763687839789782,0.3459201339260861
"{'ar': '44100', 'sample_fmt': 's32p', 'compression_level': '7', 'reservoir': '1', 'b:a': '86k'}",111.5576171875,-3.476,-1.993,0.6401787319919094,-0.037736775847112186
"{'ar': '44100', 'sample_fmt': 's16p', 'compression_level': '2', 'reservoir': '1', 'b:a': '259k', 'abr': 'True'}",345.7685546875,-2.583,-0.696,0.7830792900349479,2.067762971762728
"{'ar': '12000', 'sample_fmt': 'fltp', 'compression_level': '7', 'reservoir': '1', 'b:a': '172k'}",90.640625,-3.742,-2.811,0.5160402819747105,-0.872993282987306
"{'ar': '44100', 'sample_fmt': 's16p', 'compression_level': '5', 'reservoir': '1', 'b:a': '152k', 'abr': 'True'}",207.3525390625,-2.681,-0.803,0.6835468450153712,2.0338972818197303
"{'ar': '44100', 'sample_fmt': 'fltp', 'compression_level': '0', 'reservoir': '1', 'b:a': '32k', 'abr': 'True'}",48.244140625,-3.132,-1.375,0.9812141960137524,1.0345352937970964
"{'ar': '44100', 'sample_fmt': 'fltp', 'compression_level': '7', 'reservoir': '1', 'b:a': '152k', 'abr': 'True'}",204.1298828125,-2.759,-0.892,0.5793586429790594,1.8369294617226564
"{'ar': '32000', 'sample_fmt': 'fltp', 'compression_level': '7', 'reservoir': '1', 'b:a': '32k'}",44.8671875,-3.434,-1.9,0.5386566889937967,0.20337759111670922
"{'ar': '44100', 'sample_fmt': 's16p', 'compression_level': '8', 'reservoir': '1', 'aq': '9'}",97.146484375,-3.315,-1.67,0.5666155540384352,0.46770888346402856
"{'ar': '44100', 'sample_fmt': 's16p', 'compression_level': '0', 'reservoir': '1', 'b:a': '105k', 'abr': 'True'}",138.4287109375,-3.305,-1.654,1.0678882579959463,0.39313249469332484
"{'ar': '44100', 'sample_fmt': 's32p', 'compression_level': '9', 'reservoir': '1', 'b:a': '144k'}",178.4443359375,-2.918,-1.084,0.5819609399768524,1.4466945059674374
"{'ar': '16000', 'sample_fmt': 's16p', 'compression_level': '5', 'reservoir': '1', 'b:a': '126k', 'abr': 'True'}",164.99609375,-3.769,-2.939,0.5392663689854089,-1.096643377910033
"{'ar': '44100', 'sample_fmt': 's16p', 'compression_level': '2', 'reservoir': '1', 'b:a': '167k', 'abr': 'True'}",220.666015625,-2.699,-0.823,0.8464370099827647,1.9523657065107274
"{'ar': '44100', 'sample_fmt': 's32p', 'compression_level': '7', 'reservoir': '1', 'b:a': '104k'}",133.853515625,-3.284,-1.617,0.5865983080002479,0.4966071583771611
"{'ar': '16000', 'sample_fmt': 's32p', 'compression_level': '2', 'reservoir': '1', 'b:a': '86k', 'abr': 'True'}",93.41796875,-3.795,-3.078,0.6546857359644491,-1.0953867786077462
"{'ar': '44100', 'sample_fmt': 's32p', 'compression_level': '9', 'reservoir': '1', 'b:a': '104k'}",133.853515625,-3.284,-1.617,0.6166062359989155,0.49438918571911555
"{'ar': '44100', 'sample_fmt': 's16p', 'compression_level': '2', 'reservoir': '1', 'b:a': '254k', 'abr': 'True'}",341.8037109375,-2.59,-0.703,0.7987432609952521,2.0544139895383293
"{'ar': '16000', 'sample_fmt': 'fltp', 'compression_level': '9', 'reservoir': '1', 'b:a': '32k', 'abr': 'True'}",42.828125,-3.448,-1.93,0.5164791640127078,0.16618757395413974
"{'ar': '44100', 'sample_fmt': 's16p', 'compression_level': '0', 'reservoir': '1', 'b:a': '32k', 'abr': 'True'}",48.26953125,-3.138,-1.383,0.9768252939975355,1.0183158810133313
"{'ar': '32000', 'sample_fmt': 'fltp', 'compression_level': '7', 'reservoir': '0', 'b:a': '103k'}",134.234375,-3.552,-2.176,0.5885108359798323,-0.3049065165897322
"{'ar': '44100', 'sample_fmt': 'fltp', 'compression_level': '2', 'reservoir': '1', 'aq': '9'}",103.837890625,-3.343,-1.721,0.6040120120160282,0.37294092481068575
"{'ar': '44100', 'sample_fmt': 's32p', 'compression_level': '8', 'reservoir': '1', 'b:a': '139k', 'abr': 'True'}",185.037109375,-2.844,-0.992,0.5787656329921447,1.6378483986288275
"{'ar': '16000', 'sample_fmt': 's32p', 'compression_level': '5', 'reservoir': '1', 'b:a': '145k'}",201.9453125,-3.766,-2.923,0.5432768999889959,-1.143861220426325
"{'ar': '16000', 'sample_fmt': 's32p', 'compression_level': '8', 'reservoir': '1', 'b:a': '86k', 'abr': 'True'}",119.71484375,-3.714,-2.693,0.5250642830214929,-0.8175906231898392
"{'ar': '12000', 'sample_fmt': 's32p', 'compression_level': '7', 'reservoir': '1', 'b:a': '108k'}",90.359375,-3.742,-2.811,0.5313731970090885,-0.8736778023669266
"{'ar': '44100', 'sample_fmt': 'fltp', 'compression_level': '7', 'reservoir': '1', 'b:a': '153k', 'abr': 'True'}",205.6640625,-2.752,-0.884,0.5933754130091984,1.8522786376513694
"{'ar': '44100', 'sample_fmt': 's16p', 'compression_level': '8', 'reservoir': '1', 'aq': '5'}",141.7314453125,-3.0,-1.189,0.5842832530033775,1.2809262817698794
"{'ar': '16000', 'sample_fmt': 'fltp', 'compression_level': '9', 'reservoir': '1', 'b:a': '32k', 'abr': 'True'}",42.828125,-3.448,-1.93,0.5280525850248523,0.16533214896891163
"{'ar': '44100', 'sample_fmt': 's32p', 'compression_level': '7', 'reservoir': '1', 'b:a': '32k', 'abr': 'True'}",48.16796875,-3.35,-1.734,0.5661819480010308,0.4441570540014103
"{'ar': '44100', 'sample_fmt': 's16p', 'compression_level': '8', 'reservoir': '1', 'aq': '4'}",167.958984375,-2.849,-0.999,0.6385265210119542,1.646824360309942
"{'ar': '44100', 'sample_fmt': 's16p', 'compression_level': '7', 'reservoir': '0', 'b:a': '114k'}",156.1484375,-3.102,-1.33,0.6465151169686578,0.9711885657415468
"{'ar': '16000', 'sample_fmt': 's16p', 'compression_level': '5', 'reservoir': '1', 'b:a': '35k', 'abr': 'True'}",47.22265625,-3.339,-1.715,0.5952764800167643,0.4751380207477821
"{'ar': '32000', 'sample_fmt': 'fltp', 'compression_level': '7', 'reservoir': '0', 'b:a': '168k'}",223.671875,-3.202,-1.481,0.594032734981738,0.5866949274504075
"{'ar': '44100', 'sample_fmt': 's32p', 'compression_level': '7', 'reservoir': '1', 'b:a': '168k'}",223.037109375,-2.692,-0.815,0.6797068110026885,1.979738978988774
"{'ar': '44100', 'sample_fmt': 'fltp', 'compression_level': '7', 'reservoir': '1', 'aq': '9'}",97.1474609375,-3.314,-1.668,0.6340943489631172,0.46568062715751796
"{'ar': '44100', 'sample_fmt': 's16p', 'compression_level': '2', 'reservoir': '1', 'b:a': '259k', 'abr': 'True'}",345.7685546875,-2.583,-0.696,0.8010292969993316,2.066436234886377
"{'ar': '32000', 'sample_fmt': 's16p', 'compression_level': '2', 'reservoir': '1', 'b:a': '195k', 'abr': 'True'}",251.796875,-3.186,-1.457,0.7165845099953003,0.5776087117952796
"{'ar': '44100', 'sample_fmt': 's16p', 'compression_level': '5', 'reservoir': '1', 'b:a': '142k'}",178.4443359375,-2.851,-1.001,0.6829561359772924,1.621518542225542
"{'ar': '44100', 'sample_fmt': 's32p', 'compression_level': '9', 'reservoir': '1', 'b:a': '194k', 'abr': 'True'}",265.4287109375,-2.623,-0.74,0.6099242139898706,2.101679125489457
"{'ar': '44100', 'sample_fmt': 's32p', 'compression_level': '7', 'reservoir': '1', 'b:a': '267k'}",356.8115234375,-2.604,-0.719,0.6804697769985069,2.001542024963543
"{'ar': '44100', 'sample_fmt': 'fltp', 'compression_level': '7', 'reservoir': '1', 'b:a': '126k', 'abr': 'True'}",166.62890625,-2.967,-1.147,0.6016941279813182,1.3300485982473313
"{'ar': '12000', 'sample_fmt': 'fltp', 'compression_level': '7', 'reservoir': '1', 'b:a': '32k', 'abr': 'True'}",42.78125,-3.777,-2.982,0.523967529006768,-0.9327029100399489
"{'ar': '44100', 'sample_fmt': 's32p', 'compression_level': '3', 'reservoir': '1', 'aq': '9'}",103.837890625,-3.343,-1.721,0.6004969930218067,0.3732007300202304
"{'ar': '44100', 'sample_fmt': 's16p', 'compression_level': '3', 'reservoir': '1', 'b:a': '184k', 'abr': 'True'}",249.8779296875,-2.637,-0.755,0.7064495859667659,2.0820074817728873
"{'ar': '44100', 'sample_fmt': 's32p', 'compression_level': '7', 'reservoir': '1', 'b:a': '144k'}",178.4443359375,-2.918,-1.084,0.5971866699983366,1.4455691282709855
"{'ar': '44100', 'sample_fmt': 's32p', 'compression_level': '3', 'reservoir': '1', 'b:a': '32k', 'abr': 'True'}",47.787109375,-3.333,-1.704,0.6277309080178384,0.48928821184779914
"{'ar': '44100', 'sample_fmt': 'fltp', 'compression_level': '9', 'reservoir': '1', 'b:a': '168k', 'abr': 'True'}",226.8955078125,-2.683,-0.806,0.610197745001642,2.0025284512673083
"{'ar': '44100', 'sample_fmt': 's16p', 'compression_level': '0', 'reservoir': '1', 'b:a': '32k', 'abr': 'True'}",48.26953125,-3.138,-1.383,0.9820178670051973,1.0179320829398217
"{'ar': '44100', 'sample_fmt': 's32p', 'compression_level': '9', 'reservoir': '1', 'b:a': '194k', 'abr': 'True'}",265.4287109375,-2.623,-0.74,0.5924876390199643,2.102967913123676
"{'ar': '12000', 'sample_fmt': 'fltp', 'compression_level': '7', 'reservoir': '0', 'b:a': '107k'}",90.359375,-3.74,-2.803,0.5302959829859901,-0.8664146394245597
"{'ar': '44100', 'sample_fmt': 's32p', 'compression_level': '8', 'reservoir': '1', 'b:a': '166k', 'abr': 'True'}",224.0419921875,-2.692,-0.815,0.6383857860055286,1.981189679393628
"{'ar': '16000', 'sample_fmt': 'fltp', 'compression_level': '5', 'reservoir': '1', 'b:a': '32k'}",44.97265625,-3.321,-1.681,0.6096453089558054,0.5303306914084228
"{'ar': '32000', 'sample_fmt': 's32p', 'compression_level': '5', 'reservoir': '1', 'b:a': '32k', 'abr': 'True'}",46.765625,-3.435,-1.903,0.6814707199810073,0.18651621087411227
"{'ar': '44100', 'sample_fmt': 's32p', 'compression_level': '8', 'reservoir': '1', 'b:a': '141k', 'abr': 'True'}",187.755859375,-2.823,-0.967,1.464415683032712,1.6248643862286813
"{'ar': '44100', 'sample_fmt': 's32p', 'compression_level': '5', 'reservoir': '1', 'b:a': '104k'}",133.853515625,-3.226,-1.519,0.9449890370015055,0.6361687827079607
"{'ar': '44100', 'sample_fmt': 'fltp', 'compression_level': '7', 'reservoir': '1', 'b:a': '32k', 'abr': 'True'}",48.16796875,-3.35,-1.734,0.6379919079772662,0.4388493723844154
"{'ar': '44100', 'sample_fmt': 's16p', 'compression_level': '2', 'reservoir': '1', 'b:a': '255k'}",356.8115234375,-2.592,-0.706,0.9136275300115813,2.016368875149195
"{'ar': '32000', 'sample_fmt': 'fltp', 'compression_level': '7', 'reservoir': '1', 'b:a': '104k', 'abr': 'True'}",139.0859375,-3.512,-2.075,0.5938739609555341,-0.18798557448619657
"{'ar': '44100', 'sample_fmt': 's32p', 'compression_level': '9', 'reservoir': '1', 'b:a': '32k', 'abr': 'True'}",48.16796875,-3.35,-1.734,0.657535711012315,0.4374048334356453
"{'ar': '44100', 'sample_fmt': 's32p', 'compression_level': '9', 'reservoir': '1', 'b:a': '170k', 'abr': 'True'}",229.6513671875,-2.677,-0.798,0.6950096839864273,2.008365622839276
"{'ar': '44100', 'sample_fmt': 's32p', 'compression_level': '5', 'reservoir': '1', 'b:a': '166k', 'abr': 'True'}",225.6728515625,-2.661,-0.781,0.9360132139991038,2.0395425305338333
"{'ar': '16000', 'sample_fmt': 'fltp', 'compression_level': '8', 'reservoir': '0', 'aq': '9'}",66.69921875,-3.805,-3.135,0.6280709680286236,-1.0920659481366313
"{'ar': '44100', 'sample_fmt': 's16p', 'compression_level': '5', 'reservoir': '1', 'b:a': '105k', 'abr': 'True'}",139.5458984375,-3.123,-1.361,0.7093803460011259,0.9343261937636517
"{'ar': '44100', 'sample_fmt': 'fltp', 'compression_level': '7', 'reservoir': '1', 'b:a': '145k'}",223.037109375,-2.691,-0.815,0.624919049005257,1.9861184386094504
"{'ar': '12000', 'sample_fmt': 's16p', 'compression_level': '5', 'reservoir': '1', 'b:a': '100k', 'abr': 'True'}",82.578125,-3.757,-2.882,0.5503494599834085,-0.9200107421184439
"{'ar': '44100', 'sample_fmt': 's16p', 'compression_level': '5', 'reservoir': '1', 'b:a': '100k', 'abr': 'True'}",133.2470703125,-3.231,-1.527,0.6796950420248322,0.6425717552388677
"{'ar': '8000', 'sample_fmt': 's16p', 'compression_level': '2', 'reservoir': '1', 'aq': '9'}",35.8671875,-3.85,-3.44,0.5911384479841217,-1.2412005950699825
"{'ar': '44100', 'sample_fmt': 's32p', 'compression_level': '9', 'reservoir': '1', 'b:a': '143k', 'abr': 'True'}",190.841796875,-2.805,-0.945,0.6492557779711206,1.7290700547983016
"{'ar': '32000', 'sample_fmt': 's32p', 'compression_level': '8', 'reservoir': '1', 'b:a': '86k', 'abr': 'True'}",113.45703125,-3.635,-2.412,0.5808057159883901,-0.5390163617243958
"{'ar': '44100', 'sample_fmt': 's32p', 'compression_level': '7', 'reservoir': '1', 'b:a': '126k', 'abr': 'True'}",166.62890625,-2.967,-1.147,0.6235646470158827,1.3284320849966302
"{'ar': '16000', 'sample_fmt': 's16p', 'compression_level': '5', 'reservoir': '1', 'b:a': '32k', 'abr': 'True'}",43.35546875,-3.405,-1.842,0.5683800109836739,0.2894576355835937
"{'ar': '44100', 'sample_fmt': 'fltp', 'compression_level': '7', 'reservoir': '1', 'b:a': '32k'}",44.771484375,-3.286,-1.619,0.7427107350085862,0.6219226897777895
"{'ar': '44100', 'sample_fmt': 's32p', 'compression_level': '9', 'reservoir': '1', 'b:a': '32k', 'abr': 'True'}",48.16796875,-3.35,-1.734,0.6031681359745562,0.441423297986858
"{'ar': '44100', 'sample_fmt': 'fltp', 'compression_level': '0', 'reservoir': '1', 'b:a': '192k', 'abr': 'True'}",259.4248046875,-2.623,-0.74,1.0981144930119626,2.0751757921841874
"{'ar': '44100', 'sample_fmt': 's16p', 'compression_level': '3', 'reservoir': '1', 'b:a': '184k', 'abr': 'True'}",249.8779296875,-2.637,-0.755,0.8101169419824146,2.0743451279714256
"{'ar': '44100', 'sample_fmt': 'fltp', 'compression_level': '7', 'reservoir': '1', 'b:a': '32k', 'abr': 'True'}",48.16796875,-3.35,-1.734,0.6375300729996525,0.43888350794195613
"{'ar': '16000', 'sample_fmt': 'fltp', 'compression_level': '9', 'reservoir': '1', 'b:a': '32k'}",44.97265625,-3.442,-1.919,0.5361175600264687,0.17876376026583915
"{'ar': '32000', 'sample_fmt': 's16p', 'compression_level': '7', 'reservoir': '1', 'b:a': '126k', 'abr': 'True'}",170.7265625,-3.326,-1.69,0.5544415460317396,0.31926108872190606
"{'ar': '16000', 'sample_fmt': 's16p', 'compression_level': '0', 'reservoir': '1', 'b:a': '123k', 'abr': 'True'}",106.25,-3.776,-2.973,0.9095869279990438,-1.0573109284955093
"{'ar': '44100', 'sample_fmt': 's16p', 'compression_level': '3', 'reservoir': '1', 'b:a': '166k', 'abr': 'True'}",223.7255859375,-2.674,-0.796,0.8156498409807682,2.0165250500192786
"{'ar': '44100', 'sample_fmt': 'fltp', 'compression_level': '0', 'reservoir': '1', 'b:a': '32k', 'abr': 'True'}",48.244140625,-3.132,-1.375,1.0031395890109707,1.0329147246532724
"{'ar': '44100', 'sample_fmt': 'fltp', 'compression_level': '7', 'reservoir': '1', 'b:a': '126k'}",178.4443359375,-2.916,-1.081,0.6194201640028041,1.4495320373912184
"{'ar': '44100', 'sample_fmt': 's32p', 'compression_level': '5', 'reservoir': '1', 'b:a': '126k', 'abr': 'True'}",169.373046875,-2.869,-1.022,0.7013473550032359,1.5860704213442287
"{'ar': '16000', 'sample_fmt': 's16p', 'compression_level': '5', 'reservoir': '1', 'b:a': '32k', 'abr': 'True'}",43.35546875,-3.405,-1.842,0.5684628100134432,0.2894515156680784
"{'ar': '44100', 'sample_fmt': 's32p', 'compression_level': '5', 'reservoir': '1', 'b:a': '162k', 'abr': 'True'}",220.3583984375,-2.674,-0.795,0.6910744180204347,2.03142113978517
"{'ar': '44100', 'sample_fmt': 's32p', 'compression_level': '9', 'reservoir': '1', 'b:a': '32k'}",44.771484375,-3.286,-1.619,0.6001851509790868,0.6324571674819295
"{'ar': '44100', 'sample_fmt': 'fltp', 'compression_level': '9', 'reservoir': '1', 'b:a': '193k', 'abr': 'True'}",263.8056640625,-2.63,-0.747,0.5930578920233529,2.0869978288115942
"{'ar': '44100', 'sample_fmt': 's16p', 'compression_level': '5', 'reservoir': '1', 'b:a': '126k', 'abr': 'True'}",169.3759765625,-2.878,-1.034,0.7319386769959237,1.5590497121159141
"{'ar': '44100', 'sample_fmt': 's16p', 'compression_level': '8', 'reservoir': '1', 'b:a': '32k', 'abr': 'True'}",48.193359375,-3.355,-1.744,0.674811122007668,0.42128316970460006
"{'ar': '44100', 'sample_fmt': 's16p', 'compression_level': '7', 'reservoir': '1', 'b:a': '169k', 'abr': 'True'}",228.224609375,-2.678,-0.8,0.6867266659974121,2.008293616920979
"{'ar': '44100', 'sample_fmt': 'fltp', 'compression_level': '7', 'reservoir': '1', 'b:a': '128k', 'abr': 'True'}",169.32421875,-2.937,-1.108,0.6322220060101245,1.405692392863135
"{'ar': '44100', 'sample_fmt': 'fltp', 'compression_level': '9', 'reservoir': '1', 'b:a': '193k', 'abr': 'True'}",263.8056640625,-2.63,-0.747,0.8002799070090987,2.071681450972915
"{'ar': '44100', 'sample_fmt': 's16p', 'compression_level': '5', 'reservoir': '1', 'b:a': '99k', 'abr': 'True'}",131.9775390625,-3.243,-1.547,0.6968819170142524,0.6090587475203652
"{'ar': '44100', 'sample_fmt': 's32p', 'compression_level': '5', 'reservoir': '1', 'b:a': '267k'}",356.8115234375,-2.592,-0.706,0.6958191200101282,2.032467724029966
"{'ar': '44100', 'sample_fmt': 's32p', 'compression_level': '9', 'reservoir': '1', 'b:a': '166k', 'abr': 'True'}",224.0419921875,-2.692,-0.815,0.5973336870083585,1.9842239586392707
"{'ar': '8000', 'sample_fmt': 's16p', 'compression_level': '7', 'reservoir': '1', 'b:a': '126k', 'abr': 'True'}",89.9375,-3.858,-3.51,0.5269856639788486,-1.3634585527017689
"{'ar': '44100', 'sample_fmt': 's32p', 'compression_level': '7', 'reservoir': '1', 'b:a': '267k'}",356.8115234375,-2.604,-0.719,0.5867068929946981,2.0084723106223583
"{'ar': '44100', 'sample_fmt': 's32p', 'compression_level': '7', 'reservoir': '1', 'b:a': '141k', 'abr': 'True'}",187.755859375,-2.823,-0.967,0.6505133119935635,1.6850222620194863
"{'ar': '44100', 'sample_fmt': 'fltp', 'compression_level': '7', 'reservoir': '0', 'b:a': '253k', 'abr': 'True'}",363.3603515625,-2.602,-0.717,0.9731518689950462,1.974750105152219
"{'ar': '44100', 'sample_fmt': 's32p', 'compression_level': '7', 'reservoir': '1', 'b:a': '147k'}",223.037109375,-2.692,-0.815,0.7037161579937674,1.9779643787842514
"{'ar': '44100', 'sample_fmt': 'fltp', 'compression_level': '5', 'reservoir': '1', 'b:a': '100k'}",133.853515625,-3.223,-1.515,0.9353786439751275,0.6451307617684512
"{'ar': '16000', 'sample_fmt': 's16p', 'compression_level': '5', 'reservoir': '1', 'b:a': '32k', 'abr': 'True'}",43.35546875,-3.405,-1.842,0.5851913610240445,0.2882150601303325
"{'ar': '44100', 'sample_fmt': 'fltp', 'compression_level': '7', 'reservoir': '1', 'b:a': '117k', 'abr': 'True'}",153.615234375,-3.069,-1.284,0.8139386179973371,1.0542549890413793
"{'ar': '8000', 'sample_fmt': 's32p', 'compression_level': '2', 'reservoir': '1', 'aq': '9'}",35.8671875,-3.85,-3.441,0.8988649240054656,-1.2642610064122184
"{'ar': '44100', 'sample_fmt': 's32p', 'compression_level': '7', 'reservoir': '0', 'b:a': '108k'}",156.1484375,-3.098,-1.324,0.6752126720093656,0.9802799483341378
"{'ar': '16000', 'sample_fmt': 's16p', 'compression_level': '5', 'reservoir': '1', 'b:a': '32k', 'abr': 'True'}",43.35546875,-3.405,-1.842,1.7897411679732613,0.19918330368296905
"{'ar': '44100', 'sample_fmt': 's32p', 'compression_level': '3', 'reservoir': '1', 'b:a': '192k', 'abr': 'True'}",261.255859375,-2.618,-0.734,1.0135948749957606,2.092043571825633
"{'ar': '44100', 'sample_fmt': 's32p', 'compression_level': '5', 'reservoir': '1', 'b:a': '107k', 'abr': 'True'}",142.1865234375,-3.107,-1.339,0.7523703710176051,0.9711542153336764
"{'ar': '16000', 'sample_fmt': 's32p', 'compression_level': '8', 'reservoir': '1', 'b:a': '86k', 'abr': 'True'}",119.71484375,-3.714,-2.693,0.6775574429775588,-0.828861833229284
"{'ar': '32000', 'sample_fmt': 's16p', 'compression_level': '7', 'reservoir': '1', 'b:a': '254k'}",357.828125,-3.175,-1.439,0.6150300489971414,0.44723215008455686
"{'ar': '44100', 'sample_fmt': 's32p', 'compression_level': '7', 'reservoir': '1', 'b:a': '32k'}",44.771484375,-3.286,-1.619,0.6049425469827838,0.6321055345981075
"{'ar': '44100', 'sample_fmt': 'fltp', 'compression_level': '0', 'reservoir': '1', 'b:a': '194k', 'abr': 'True'}",261.7607421875,-2.621,-0.737,1.0780132499930914,2.078540411238686
"{'ar': '44100', 'sample_fmt': 'fltp', 'compression_level': '9', 'reservoir': '1', 'b:a': '111k', 'abr': 'True'}",144.9306640625,-3.189,-1.462,0.621066123014316,0.7466242767115672
"{'ar': '44100', 'sample_fmt': 's32p', 'compression_level': '5', 'reservoir': '1', 'b:a': '102k', 'abr': 'True'}",135.8388671875,-3.193,-1.468,0.7194825829647016,0.7426449885005719
"{'ar': '32000', 'sample_fmt': 's32p', 'compression_level': '7', 'reservoir': '1', 'b:a': '195k'}",268.390625,-3.177,-1.443,0.5974133199779317,0.5853247974364699
"{'ar': '44100', 'sample_fmt': 's16p', 'compression_level': '7', 'reservoir': '1', 'aq': '9'}",97.146484375,-3.315,-1.67,0.6678999700234272,0.46022265964508324
"{'ar': '44100', 'sample_fmt': 's32p', 'compression_level': '9', 'reservoir': '1', 'b:a': '145k', 'abr': 'True'}",193.97265625,-2.802,-0.942,1.0584811590088066,1.701763411783163
"{'ar': '44100', 'sample_fmt': 's16p', 'compression_level': '7', 'reservoir': '1', 'b:a': '126k', 'abr': 'True'}",166.578125,-2.971,-1.152,0.6266357639979105,1.317389076319717
"{'ar': '32000', 'sample_fmt': 's16p', 'compression_level': '7', 'reservoir': '1', 'b:a': '32k'}",44.8671875,-3.423,-1.878,0.5593333630240522,0.2344187195939028
"{'ar': '32000', 'sample_fmt': 'fltp', 'compression_level': '7', 'reservoir': '1', 'b:a': '32k'}",44.8671875,-3.434,-1.9,0.6661523730144836,0.19395401674698756
"{'ar': '16000', 'sample_fmt': 's32p', 'compression_level': '5', 'reservoir': '1', 'b:a': '32k', 'abr': 'True'}",43.4609375,-3.404,-1.84,0.5975983209791593,0.2900905877760222
"{'ar': '32000', 'sample_fmt': 'fltp', 'compression_level': '7', 'reservoir': '1', 'b:a': '32k'}",44.8671875,-3.434,-1.9,0.8410310960025527,0.1810282250669129
"{'ar': '44100', 'sample_fmt': 's32p', 'compression_level': '5', 'reservoir': '1', 'b:a': '144k'}",178.4443359375,-2.832,-0.978,0.7216304169851355,1.6701843766783355
"{'ar': '44100', 'sample_fmt': 's16p', 'compression_level': '7', 'reservoir': '1', 'b:a': '32k', 'abr': 'True'}",48.193359375,-3.355,-1.744,0.6092034950270317,0.42613241896995296
"{'ar': '44100', 'sample_fmt': 's16p', 'compression_level': '7', 'reservoir': '1', 'b:a': '126k', 'abr': 'True'}",166.578125,-2.971,-1.152,0.6043452059966512,1.3190366358640335
"{'ar': '44100', 'sample_fmt': 's32p', 'compression_level': '8', 'reservoir': '1', 'b:a': '139k', 'abr': 'True'}",185.037109375,-2.844,-0.992,0.6133697500044946,1.6352907083613553
"{'ar': '44100', 'sample_fmt': 's32p', 'compression_level': '7', 'reservoir': '1', 'b:a': '169k', 'abr': 'True'}",228.228515625,-2.681,-0.803,0.6151253750140313,2.0056434534080134
"{'ar': '44100', 'sample_fmt': 'fltp', 'compression_level': '7', 'reservoir': '1', 'b:a': '129k', 'abr': 'True'}",170.9482421875,-2.922,-1.088,0.5999268289888278,1.446746261710702
"{'ar': '44100', 'sample_fmt': 's16p', 'compression_level': '2', 'reservoir': '1', 'b:a': '251k', 'abr': 'True'}",339.5693359375,-2.588,-0.702,0.9448835889925249,2.052152982853662
"{'ar': '44100', 'sample_fmt': 's32p', 'compression_level': '8', 'reservoir': '1', 'b:a': '140k', 'abr': 'True'}",186.3251953125,-2.834,-0.98,0.6337134599743877,1.6588165721114494
"{'ar': '44100', 'sample_fmt': 'fltp', 'compression_level': '8', 'reservoir': '0', 'b:a': '75k', 'abr': 'True'}",114.1494140625,-3.5,-2.047,0.5925038520072121,-0.11130188841389724
"{'ar': '16000', 'sample_fmt': 'fltp', 'compression_level': '2', 'reservoir': '1', 'b:a': '32k', 'abr': 'True'}",43.49609375,-3.316,-1.673,0.5878710760152899,0.5484695428508866
"{'ar': '32000', 'sample_fmt': 'fltp', 'compression_level': '7', 'reservoir': '1', 'b:a': '32k'}",44.8671875,-3.434,-1.9,0.5564394330140203,0.20206321712782102
"{'ar': '44100', 'sample_fmt': 's32p', 'compression_level': '8', 'reservoir': '1', 'b:a': '139k', 'abr': 'True'}",185.037109375,-2.844,-0.992,0.5890342009952292,1.6370894190995133
"{'ar': '16000', 'sample_fmt': 's16p', 'compression_level': '0', 'reservoir': '1', 'b:a': '32k'}",44.97265625,-3.27,-1.592,0.760118747013621,0.6661113928964602
"{'ar': '44100', 'sample_fmt': 's32p', 'compression_level': '5', 'reservoir': '1', 'aq': '1'}",306.7607421875,-2.609,-0.724,0.6344415040221065,2.0715813865876735
"{'ar': '44100', 'sample_fmt': 's32p', 'compression_level': '7', 'reservoir': '1', 'b:a': '143k', 'abr': 'True'}",190.841796875,-2.805,-0.945,0.5937739369983319,1.7331708779641377
"{'ar': '44100', 'sample_fmt': 's32p', 'compression_level': '5', 'reservoir': '1', 'b:a': '141k', 'abr': 'True'}",188.9462890625,-2.791,-0.929,0.6937701290007681,1.7664709294868635
"{'ar': '44100', 'sample_fmt': 'fltp', 'compression_level': '9', 'reservoir': '1', 'b:a': '99k', 'abr': 'True'}",129.541015625,-3.348,-1.731,0.6097517629968934,0.3166988431014243
"{'ar': '16000', 'sample_fmt': 'fltp', 'compression_level': '9', 'reservoir': '1', 'b:a': '32k'}",44.97265625,-3.442,-1.919,0.5974434969830327,0.17423098308093246
"{'ar': '44100', 'sample_fmt': 'fltp', 'compression_level': '2', 'reservoir': '1', 'b:a': '251k', 'abr': 'True'}",339.365234375,-2.589,-0.703,0.8225799780047964,2.0588730774983905
"{'ar': '16000', 'sample_fmt': 's16p', 'compression_level': '7', 'reservoir': '1', 'b:a': '32k', 'abr': 'True'}",42.79296875,-3.446,-1.926,0.5201001189998351,0.17189774560119958
"{'ar': '16000', 'sample_fmt': 'fltp', 'compression_level': '8', 'reservoir': '1', 'aq': '9'}",61.7421875,-3.805,-3.135,0.6244987899845,-1.0838921588134323
"{'ar': '44100', 'sample_fmt': 's16p', 'compression_level': '7', 'reservoir': '1', 'b:a': '125k', 'abr': 'True'}",165.2548828125,-2.983,-1.167,0.628570539993234,1.286666391988545
"{'ar': '16000', 'sample_fmt': 's32p', 'compression_level': '2', 'reservoir': '1', 'b:a': '129k', 'abr': 'True'}",141.44140625,-3.741,-2.809,0.71223989999271,-0.9655951176320089
"{'ar': '44100', 'sample_fmt': 'fltp', 'compression_level': '7', 'reservoir': '1', 'b:a': '267k'}",356.8115234375,-2.605,-0.72,0.6333402749733068,2.002380106380329
"{'ar': '32000', 'sample_fmt': 'fltp', 'compression_level': '7', 'reservoir': '1', 'b:a': '32k'}",44.8671875,-3.434,-1.9,0.5524282770056743,0.20235969325753117
"{'ar': '32000', 'sample_fmt': 's16p', 'compression_level': '5', 'reservoir': '1', 'b:a': '32k'}",44.8671875,-3.431,-1.895,0.6074336480232887,0.20686119291641755
"{'ar': '12000', 'sample_fmt': 'fltp', 'compression_level': '7', 'reservoir': '1', 'b:a': '100k'}",90.265625,-3.742,-2.811,0.5500515850144438,-0.8749087824335344
"{'ar': '44100', 'sample_fmt': 's32p', 'compression_level': '7', 'reservoir': '1', 'b:a': '126k', 'abr': 'True'}",166.62890625,-2.967,-1.147,0.6167688209679909,1.3289343841345025
"{'ar': '16000', 'sample_fmt': 'fltp', 'compression_level': '7', 'reservoir': '1', 'b:a': '103k'}",134.65625,-3.738,-2.795,0.5180144610058051,-0.9290062893628231
"{'ar': '44100', 'sample_fmt': 's32p', 'compression_level': '5', 'reservoir': '1', 'b:a': '144k'}",178.4443359375,-2.832,-0.978,0.6901861609949265,1.672508512488111
"{'ar': '12000', 'sample_fmt': 'fltp', 'compression_level': '7', 'reservoir': '0', 'b:a': '108k'}",90.359375,-3.74,-2.803,0.5414027859806083,-0.8672355753239478
"{'ar': '12000', 'sample_fmt': 's16p', 'compression_level': '7', 'reservoir': '1', 'b:a': '32k', 'abr': 'True'}",42.78125,-3.777,-2.979,0.5737020649830811,-0.935432558063078
"{'ar': '44100', 'sample_fmt': 's16p', 'compression_level': '5', 'reservoir': '1', 'b:a': '103k'}",133.853515625,-3.218,-1.506,0.7494821410218719,0.6733597242603686
"{'ar': '16000', 'sample_fmt': 's32p', 'compression_level': '9', 'reservoir': '1', 'b:a': '179k', 'abr': 'True'}",220.68359375,-3.766,-2.924,0.6047089090279769,-1.1786173083068068
"{'ar': '12000', 'sample_fmt': 'fltp', 'compression_level': '7', 'reservoir': '1', 'b:a': '32k', 'abr': 'True'}",42.78125,-3.777,-2.982,0.6703134920098819,-0.9435197629919642
"{'ar': '44100', 'sample_fmt': 's32p', 'compression_level': '7', 'reservoir': '1', 'b:a': '103k'}",133.853515625,-3.284,-1.617,0.8804351420258172,0.4748888290135238
"{'ar': '44100', 'sample_fmt': 's32p', 'compression_level': '8', 'reservoir': '1', 'b:a': '143k', 'abr': 'True'}",190.841796875,-2.805,-0.945,0.6457744809740689,1.729327367517605
"{'ar': '32000', 'sample_fmt': 's16p', 'compression_level': '5', 'reservoir': '1', 'b:a': '254k', 'abr': 'True'}",336.3125,-3.176,-1.441,0.8816962940036319,0.45889294412065945
"{'ar': '44100', 'sample_fmt': 's32p', 'compression_level': '5', 'reservoir': '1', 'b:a': '144k', 'abr': 'True'}",196.4228515625,-2.716,-0.843,0.827136628999142,1.9465581008958597
"{'ar': '44100', 'sample_fmt': 's32p', 'compression_level': '5', 'reservoir': '1', 'b:a': '196k', 'abr': 'True'}",269.1962890625,-2.619,-0.736,0.7332773259840906,2.097131534500142
"{'ar': '44100', 'sample_fmt': 's16p', 'compression_level': '9', 'reservoir': '1', 'b:a': '166k'}",223.037109375,-2.689,-0.812,0.624850227002753,1.9917297763421726
"{'ar': '32000', 'sample_fmt': 's32p', 'compression_level': '7', 'reservoir': '1', 'b:a': '198k', 'abr': 'True'}",275.3515625,-3.177,-1.443,0.5841026979906019,0.5752013023622445
"{'ar': '44100', 'sample_fmt': 's32p', 'compression_level': '5', 'reservoir': '1', 'b:a': '194k', 'abr': 'True'}",266.75,-2.623,-0.74,0.7673854849708732,2.087932373817063
"{'ar': '44100', 'sample_fmt': 's16p', 'compression_level': '2', 'reservoir': '1', 'b:a': '251k', 'abr': 'True'}",339.5693359375,-2.588,-0.702,0.9247302939766087,2.053642571115698
"{'ar': '44100', 'sample_fmt': 's32p', 'compression_level': '7', 'reservoir': '1', 'b:a': '143k'}",178.4443359375,-2.916,-1.081,0.7256051010044757,1.441683601905221
"{'ar': '44100', 'sample_fmt': 'fltp', 'compression_level': '7', 'reservoir': '1', 'b:a': '129k', 'abr': 'True'}",170.9482421875,-2.922,-1.088,0.7372130950097926,1.436599037138143
"{'ar': '44100', 'sample_fmt': 'fltp', 'compression_level': '7', 'reservoir': '1', 'b:a': '121k', 'abr': 'True'}",159.41015625,-3.073,-1.289,0.7254197140282486,1.0406538818555544
"{'ar': '44100', 'sample_fmt': 'fltp', 'compression_level': '7', 'reservoir': '1', 'b:a': '272k', 'abr': 'True'}",374.34375,-2.599,-0.714,1.0229200840112753,1.961481961170625
"{'ar': '16000', 'sample_fmt': 'fltp', 'compression_level': '7', 'reservoir': '0', 'b:a': '76k'}",112.2265625,-3.739,-2.798,0.7013635389739648,-0.9100442040170861
"{'ar': '44100', 'sample_fmt': 'fltp', 'compression_level': '9', 'reservoir': '1', 'b:a': '145k', 'abr': 'True'}",193.97265625,-2.802,-0.942,0.6720329340023454,1.7303269166293695
"{'ar': '44100', 'sample_fmt': 's16p', 'compression_level': '2', 'reservoir': '1', 'b:a': '251k', 'abr': 'True'}",339.5693359375,-2.588,-0.702,0.8916458390012849,2.0560879387713675
"{'ar': '44100', 'sample_fmt': 's32p', 'compression_level': '5', 'reservoir': '1', 'b:a': '169k', 'abr': 'True'}",229.1376953125,-2.65,-0.769,0.7989718480384909,2.0735577424039806
"{'ar': '44100', 'sample_fmt': 'fltp', 'compression_level': '0', 'reservoir': '1', 'b:a': '32k', 'abr': 'True'}",48.244140625,-3.132,-1.375,1.0412677610001992,1.0300965613006705
"{'ar': '16000', 'sample_fmt': 's16p', 'compression_level': '8', 'reservoir': '1', 'b:a': '32k', 'abr': 'True'}",42.79296875,-3.446,-1.926,0.8806957479682751,0.14524508082213702
"{'ar': '44100', 'sample_fmt': 'fltp', 'compression_level': '9', 'reservoir': '1', 'b:a': '32k', 'abr': 'True'}",48.16796875,-3.35,-1.734,0.6194521920115221,0.44021969635685954
"{'ar': '32000', 'sample_fmt': 's16p', 'compression_level': '7', 'reservoir': '1', 'b:a': '32k'}",44.8671875,-3.423,-1.878,0.6112505980127025,0.23058136675530413
"{'ar': '44100', 'sample_fmt': 's32p', 'compression_level': '5', 'reservoir': '1', 'b:a': '145k', 'abr': 'True'}",197.703125,-2.722,-0.85,0.713657606014749,1.9367149404569004
"{'ar': '44100', 'sample_fmt': 'fltp', 'compression_level': '7', 'reservoir': '0', 'b:a': '193k', 'abr': 'True'}",276.232421875,-2.629,-0.747,0.6216584090143442,2.067384882179251
"{'ar': '16000', 'sample_fmt': 's16p', 'compression_level': '5', 'reservoir': '1', 'b:a': '100k', 'abr': 'True'}",128.50390625,-3.754,-2.866,0.5940453709918074,-0.9844854288077695
"{'ar': '44100', 'sample_fmt': 's16p', 'compression_level': '7', 'reservoir': '1', 'b:a': '130k', 'abr': 'True'}",172.326171875,-2.921,-1.087,0.6035242780053522,1.4469270464719408
"{'ar': '44100', 'sample_fmt': 's32p', 'compression_level': '5', 'reservoir': '1', 'aq': '9'}",105.197265625,-3.343,-1.721,0.6268338430090807,0.36908499076896795
"{'ar': '44100', 'sample_fmt': 's32p', 'compression_level': '5', 'reservoir': '1', 'b:a': '102k', 'abr': 'True'}",135.8388671875,-3.193,-1.468,0.692189657012932,0.7446622875130787
"{'ar': '16000', 'sample_fmt': 'fltp', 'compression_level': '7', 'reservoir': '1', 'b:a': '32k', 'abr': 'True'}",42.828125,-3.448,-1.93,0.5828666159941349,0.16128068556988828
"{'ar': '8000', 'sample_fmt': 's32p', 'compression_level': '9', 'reservoir': '1', 'b:a': '144k'}",91.34375,-3.858,-3.511,0.5262849260179792,-1.3659661208969571
"{'ar': '44100', 'sample_fmt': 's32p', 'compression_level': '7', 'reservoir': '1', 'b:a': '171k', 'abr': 'True'}",231.080078125,-2.669,-0.79,0.6045822590240277,2.0339328015715097
"{'ar': '44100', 'sample_fmt': 's16p', 'compression_level': '2', 'reservoir': '1', 'b:a': '254k', 'abr': 'True'}",341.8037109375,-2.59,-0.703,0.8376773529744241,2.051536258310786
"{'ar': '44100', 'sample_fmt': 's16p', 'compression_level': '7', 'reservoir': '1', 'b:a': '104k'}",133.853515625,-3.29,-1.627,0.5873960010067094,0.4794139874749257
"{'ar': '16000', 'sample_fmt': 's16p', 'compression_level': '7', 'reservoir': '1', 'b:a': '190k', 'abr': 'True'}",220.68359375,-3.766,-2.926,0.5430630339833442,-1.17469180039021
"{'ar': '44100', 'sample_fmt': 's16p', 'compression_level': '5', 'reservoir': '1', 'aq': '5'}",166.77734375,-2.881,-1.037,0.6052219539997168,1.564626068895183
"{'ar': '44100', 'sample_fmt': 's16p', 'compression_level': '7', 'reservoir': '1', 'b:a': '129k', 'abr': 'True'}",170.900390625,-2.93,-1.099,0.5829793419979978,1.4259657092936735
"{'ar': '44100', 'sample_fmt': 'fltp', 'compression_level': '7', 'reservoir': '1', 'b:a': '32k', 'abr': 'True'}",48.16796875,-3.35,-1.734,0.5724856740271207,0.4436911273979375
"{'ar': '44100', 'sample_fmt': 's32p', 'compression_level': '7', 'reservoir': '1', 'b:a': '106k', 'abr': 'True'}",138.0224609375,-3.264,-1.582,0.5715905019897036,0.5487039912339027
"{'ar': '44100', 'sample_fmt': 'fltp', 'compression_level': '7', 'reservoir': '1', 'b:a': '128k'}",178.4443359375,-2.916,-1.081,0.5807366610097233,1.4523912468627915
"{'ar': '44100', 'sample_fmt': 's16p', 'compression_level': '7', 'reservoir': '1', 'b:a': '264k'}",356.8115234375,-2.595,-0.709,0.6164132120029535,2.030400655375398
"{'ar': '44100', 'sample_fmt': 'fltp', 'compression_level': '5', 'reservoir': '1', 'b:a': '126k', 'abr': 'True'}",169.3740234375,-2.868,-1.022,0.6944442439998966,1.5889090297941695
"{'ar': '44100', 'sample_fmt': 's32p', 'compression_level': '7', 'reservoir': '1', 'b:a': '142k'}",178.4443359375,-2.916,-1.081,0.5891789790184703,1.4517672507470065
"{'ar': '44100', 'sample_fmt': 's16p', 'compression_level': '7', 'reservoir': '1', 'b:a': '251k', 'abr': 'True'}",346.17578125,-2.603,-0.718,0.6284398439747747,2.0250041812666137
"{'ar': '16000', 'sample_fmt': 's16p', 'compression_level': '8', 'reservoir': '1', 'b:a': '32k', 'abr': 'True'}",42.79296875,-3.446,-1.926,0.5350319370045327,0.1707940917910864
"{'ar': '44100', 'sample_fmt': 's32p', 'compression_level': '4', 'reservoir': '1', 'b:a': '32k', 'abr': 'True'}",47.66015625,-3.348,-1.73,0.6268296180060133,0.44640641722804086
"{'ar': '8000', 'sample_fmt': 's16p', 'compression_level': '2', 'reservoir': '1', 'aq': '9'}",35.8671875,-3.85,-3.44,0.5356776329863351,-1.2371013259947077
"{'ar': '44100', 'sample_fmt': 's16p', 'compression_level': '5', 'reservoir': '1', 'b:a': '114k', 'abr': 'True'}",152.3955078125,-2.974,-1.156,0.7614175959897693,1.321806014842427
"{'ar': '44100', 'sample_fmt': 'fltp', 'compression_level': '7', 'reservoir': '1', 'b:a': '152k', 'abr': 'True'}",204.1298828125,-2.759,-0.892,0.649905647005653,1.8317151288288638
"{'ar': '44100', 'sample_fmt': 's16p', 'compression_level': '2', 'reservoir': '1', 'b:a': '32k', 'abr': 'True'}",47.8125,-3.293,-1.632,0.8089056989992969,0.5917670635640462
"{'ar': '44100', 'sample_fmt': 's16p', 'compression_level': '2', 'reservoir': '1', 'b:a': '251k', 'abr': 'True'}",339.5693359375,-2.588,-0.702,0.9116295780113433,2.05461088288361
"{'ar': '44100', 'sample_fmt': 's32p', 'compression_level': '9', 'reservoir': '1', 'b:a': '143k', 'abr': 'True'}",190.841796875,-2.805,-0.945,0.6585340979800094,1.728384267359288
"{'ar': '44100', 'sample_fmt': 's16p', 'compression_level': '7', 'reservoir': '1', 'b:a': '267k'}",356.8115234375,-2.595,-0.709,0.6531763309903909,2.0276833870341044
"{'ar': '44100', 'sample_fmt': 's32p', 'compression_level': '5', 'reservoir': '1', 'b:a': '126k', 'abr': 'True'}",169.373046875,-2.869,-1.022,0.8493314369989093,1.5751324902845787
"{'ar': '44100', 'sample_fmt': 's16p', 'compression_level': '2', 'reservoir': '1', 'b:a': '257k', 'abr': 'True'}",344.2412109375,-2.588,-0.702,0.9608755439985543,2.043516225667364
"{'ar': '44100', 'sample_fmt': 's32p', 'compression_level': '5', 'reservoir': '1', 'b:a': '126k', 'abr': 'True'}",169.373046875,-2.869,-1.022,0.7019781680137385,1.5860237961320616
"{'ar': '44100', 'sample_fmt': 's16p', 'compression_level': '9', 'reservoir': '1', 'b:a': '129k', 'abr': 'True'}",170.900390625,-2.93,-1.099,0.5839120100135915,1.425896773105953
"{'ar': '32000', 'sample_fmt': 's16p', 'compression_level': '1', 'reservoir': '1', 'b:a': '254k', 'abr': 'True'}",320.5625,-3.178,-1.444,0.9058625409961678,0.47663221364972685
"{'ar': '16000', 'sample_fmt': 's32p', 'compression_level': '8', 'reservoir': '1', 'b:a': '169k', 'abr': 'True'}",220.68359375,-3.766,-2.924,0.5802085360046476,-1.1768064149495556
"{'ar': '44100', 'sample_fmt': 's32p', 'compression_level': '9', 'reservoir': '1', 'b:a': '191k', 'abr': 'True'}",260.7529296875,-2.631,-0.749,0.7395717930048704,2.078078848622169
"{'ar': '44100', 'sample_fmt': 's32p', 'compression_level': '5', 'reservoir': '1', 'b:a': '102k', 'abr': 'True'}",135.8388671875,-3.193,-1.468,0.7271276089886669,0.7420799225389383
"{'ar': '44100', 'sample_fmt': 'fltp', 'compression_level': '7', 'reservoir': '1', 'b:a': '112k', 'abr': 'True'}",146.25,-3.181,-1.449,0.672357055998873,0.7634684600100387
"{'ar': '16000', 'sample_fmt': 's16p', 'compression_level': '5', 'reservoir': '1', 'b:a': '32k', 'abr': 'True'}",43.35546875,-3.405,-1.842,0.5979135370289441,0.2872747273445779
"{'ar': '32000', 'sample_fmt': 's16p', 'compression_level': '7', 'reservoir': '1', 'b:a': '254k', 'abr': 'True'}",352.0625,-3.172,-1.435,0.5951267750060651,0.4661549094673255
"{'ar': '16000', 'sample_fmt': 's32p', 'compression_level': '8', 'reservoir': '1', 'b:a': '86k', 'abr': 'True'}",119.71484375,-3.714,-2.693,0.5546306430187542,-0.8197759582811114
"{'ar': '32000', 'sample_fmt': 's16p', 'compression_level': '5', 'reservoir': '1', 'b:a': '195k', 'abr': 'True'}",261.9921875,-3.18,-1.448,0.6654546070203651,0.5819383240319134
"{'ar': '8000', 'sample_fmt': 's16p', 'compression_level': '2', 'reservoir': '1', 'b:a': '167k', 'abr': 'True'}",74.8203125,-3.858,-3.512,0.62706616599462,-1.3473647475212864
"{'ar': '44100', 'sample_fmt': 's16p', 'compression_level': '5', 'reservoir': '1', 'b:a': '105k', 'abr': 'True'}",139.5458984375,-3.123,-1.361,0.6840173309901729,0.9362008474825753
"{'ar': '44100', 'sample_fmt': 's16p', 'compression_level': '7', 'reservoir': '1', 'b:a': '105k'}",156.1484375,-3.065,-1.278,0.6189636719645932,1.0758365098587725
"{'ar': '16000', 'sample_fmt': 's16p', 'compression_level': '8', 'reservoir': '1', 'b:a': '79k', 'abr': 'True'}",109.73046875,-3.738,-2.794,0.5570022310130298,-0.8917993427290596
"{'ar': '44100', 'sample_fmt': 's32p', 'compression_level': '5', 'reservoir': '1', 'b:a': '106k', 'abr': 'True'}",140.9169921875,-3.135,-1.378,0.6797252950200345,0.9010082315018938
"{'ar': '44100', 'sample_fmt': 's32p', 'compression_level': '5', 'reservoir': '1', 'b:a': '32k', 'abr': 'True'}",48.193359375,-3.348,-1.73,0.6727865449793171,0.44215879462044044
"{'ar': '44100', 'sample_fmt': 'fltp', 'compression_level': '8', 'reservoir': '1', 'b:a': '254k', 'abr': 'True'}",350.5458984375,-2.6,-0.714,0.6442471019981895,2.0251142269746483
"{'ar': '44100', 'sample_fmt': 's16p', 'compression_level': '5', 'reservoir': '1', 'b:a': '102k'}",133.853515625,-3.218,-1.506,0.6835749970050529,0.678231111695238
"{'ar': '44100', 'sample_fmt': 's32p', 'compression_level': '5', 'reservoir': '1', 'b:a': '127k'}",178.4443359375,-2.832,-0.978,0.7298730500042439,1.6695751398570695
"{'ar': '32000', 'sample_fmt': 's16p', 'compression_level': '7', 'reservoir': '1', 'b:a': '195k', 'abr': 'True'}",271.2734375,-3.18,-1.447,0.6018208819732536,0.5721473727737725
"{'ar': '44100', 'sample_fmt': 'fltp', 'compression_level': '9', 'reservoir': '1', 'b:a': '128k', 'abr': 'True'}",169.32421875,-2.937,-1.108,0.646139195014257,1.4046637332139453
"{'ar': '44100', 'sample_fmt': 'fltp', 'compression_level': '5', 'reservoir': '1', 'b:a': '193k', 'abr': 'True'}",265.427734375,-2.62,-0.736,0.7359155020094477,2.1006199507862546
"{'ar': '44100', 'sample_fmt': 's16p', 'compression_level': '5', 'reservoir': '1', 'b:a': '99k', 'abr': 'True'}",131.9775390625,-3.243,-1.547,0.6851264020078816,0.6099276315988171
"{'ar': '44100', 'sample_fmt': 's32p', 'compression_level': '7', 'reservoir': '1', 'b:a': '166k', 'abr': 'True'}",224.0419921875,-2.692,-0.815,0.6193752810067963,1.9825948007437157
"{'ar': '44100', 'sample_fmt': 'fltp', 'compression_level': '9', 'reservoir': '1', 'b:a': '193k', 'abr': 'True'}",263.8056640625,-2.63,-0.747,0.6350647569925059,2.0838929800544284
"{'ar': '44100', 'sample_fmt': 's16p', 'compression_level': '5', 'reservoir': '1', 'b:a': '254k', 'abr': 'True'}",350.544921875,-2.585,-0.699,0.6993142439750955,2.0607265573606446
"{'ar': '44100', 'sample_fmt': 'fltp', 'compression_level': '7', 'reservoir': '1', 'b:a': '98k', 'abr': 'True'}",128.4755859375,-3.349,-1.732,0.6052096969797276,0.31608923252211857
"{'ar': '8000', 'sample_fmt': 's16p', 'compression_level': '8', 'reservoir': '0', 'aq': '9'}",43.6015625,-3.855,-3.486,0.5404657810286153,-1.275957476270044
"{'ar': '44100', 'sample_fmt': 's32p', 'compression_level': '5', 'reservoir': '1', 'b:a': '102k', 'abr': 'True'}",135.8388671875,-3.193,-1.468,0.7428318399761338,0.7409191774535935
"{'ar': '44100', 'sample_fmt': 'fltp', 'compression_level': '5', 'reservoir': '1', 'b:a': '105k', 'abr': 'True'}",139.4951171875,-3.13,-1.371,0.6808042050106451,0.9170552198058386
"{'ar': '44100', 'sample_fmt': 's32p', 'compression_level': '9', 'reservoir': '1', 'b:a': '168k', 'abr': 'True'}",226.8955078125,-2.684,-0.807,0.6278121159994043,1.9985811259693327
"{'ar': '44100', 'sample_fmt': 'fltp', 'compression_level': '7', 'reservoir': '1', 'b:a': '205k', 'abr': 'True'}",280.4375,-2.606,-0.721,0.6874192229879554,2.117604904960456
"{'ar': '44100', 'sample_fmt': 'fltp', 'compression_level': '7', 'reservoir': '1', 'b:a': '150k'}",223.037109375,-2.691,-0.815,0.6485622620384675,1.9843709004235972
"{'ar': '8000', 'sample_fmt': 's32p', 'compression_level': '2', 'reservoir': '1', 'aq': '9'}",35.8671875,-3.85,-3.441,0.6023560550238471,-1.2423451792248685
"{'ar': '44100', 'sample_fmt': 's32p', 'compression_level': '5', 'reservoir': '1', 'b:a': '150k'}",223.037109375,-2.652,-0.771,0.7444961770088412,2.0820278932155163
"{'ar': '44100', 'sample_fmt': 's16p', 'compression_level': '2', 'reservoir': '1', 'aq': '5'}",164.283203125,-2.881,-1.037,0.692022654984612,1.562190190219665
"{'ar': '16000', 'sample_fmt': 's32p', 'compression_level': '9', 'reservoir': '1', 'b:a': '32k', 'abr': 'True'}",42.828125,-3.448,-1.93,0.618447702989215,0.15865078462830606
"{'ar': '44100', 'sample_fmt': 's16p', 'compression_level': '5', 'reservoir': '0', 'aq': '9'}",115.212890625,-3.341,-1.719,0.6339453080145177,0.35786857600213534
"{'ar': '44100', 'sample_fmt': 's32p', 'compression_level': '2', 'reservoir': '1', 'b:a': '143k', 'abr': 'True'}",186.4326171875,-2.837,-0.984,0.8785171209892724,1.6322993698036021
"{'ar': '44100', 'sample_fmt': 's32p', 'compression_level': '7', 'reservoir': '1', 'b:a': '106k'}",156.1484375,-3.068,-1.283,0.6380643369921017,1.0658576189667588
"{'ar': '44100', 'sample_fmt': 'fltp', 'compression_level': '9', 'reservoir': '1', 'b:a': '196k', 'abr': 'True'}",268.0751953125,-2.617,-0.733,0.6472008559794631,2.110888835610564
"{'ar': '16000', 'sample_fmt': 's16p', 'compression_level': '0', 'reservoir': '1', 'b:a': '32k', 'abr': 'True'}",43.8125,-3.269,-1.591,0.8230561750242487,0.6659561222645471
"{'ar': '12000', 'sample_fmt': 'fltp', 'compression_level': '7', 'reservoir': '0', 'b:a': '168k', 'abr': 'True'}",90.640625,-3.74,-2.804,0.6037305029749405,-0.8726066360450161
"{'ar': '8000', 'sample_fmt': 'fltp', 'compression_level': '5', 'reservoir': '1', 'b:a': '128k', 'abr': 'True'}",85.2265625,-3.858,-3.508,0.6291220810089726,-1.3628597573266437
"{'ar': '44100', 'sample_fmt': 's32p', 'compression_level': '5', 'reservoir': '1', 'b:a': '102k', 'abr': 'True'}",135.8388671875,-3.193,-1.468,0.692743741965387,0.7446213334933666
"{'ar': '44100', 'sample_fmt': 's32p', 'compression_level': '7', 'reservoir': '1', 'b:a': '107k'}",156.1484375,-3.068,-1.283,0.6194190230162349,1.0672357479932275
"{'ar': '44100', 'sample_fmt': 's16p', 'compression_level': '0', 'reservoir': '1', 'b:a': '129k', 'abr': 'True'}",171.001953125,-2.979,-1.162,1.1983216359803919,1.2462810890422495
"{'ar': '44100', 'sample_fmt': 's16p', 'compression_level': '5', 'reservoir': '1', 'b:a': '114k', 'abr': 'True'}",152.3955078125,-2.974,-1.156,0.7026327830099035,1.3261509702123364
"{'ar': '44100', 'sample_fmt': 's32p', 'compression_level': '5', 'reservoir': '1', 'b:a': '126k'}",178.4443359375,-2.832,-0.978,0.7342151789925992,1.6692542005581514
"{'ar': '44100', 'sample_fmt': 'fltp', 'compression_level': '7', 'reservoir': '1', 'b:a': '32k'}",44.771484375,-3.286,-1.619,0.6463080090179574,0.6290480937849494
"{'ar': '32000', 'sample_fmt': 's16p', 'compression_level': '7', 'reservoir': '1', 'b:a': '92k', 'abr': 'True'}",122.0,-3.602,-2.313,0.8667157430027146,-0.4656621796957761
"{'ar': '44100', 'sample_fmt': 's16p', 'compression_level': '5', 'reservoir': '1', 'b:a': '107k', 'abr': 'True'}",142.23828125,-3.095,-1.321,0.9854280689905863,0.9874831648087948
"{'ar': '44100', 'sample_fmt': 'fltp', 'compression_level': '7', 'reservoir': '1', 'b:a': '153k', 'abr': 'True'}",205.6640625,-2.752,-0.884,0.7141352219914552,1.8433529312671983
"{'ar': '44100', 'sample_fmt': 's32p', 'compression_level': '5', 'reservoir': '1', 'b:a': '146k'}",223.037109375,-2.652,-0.771,0.94637593801599,2.06710637680337
"{'ar': '44100', 'sample_fmt': 's32p', 'compression_level': '9', 'reservoir': '1', 'b:a': '113k', 'abr': 'True'}",147.62109375,-3.164,-1.423,0.6756202879769262,0.808850321187535
"{'ar': '12000', 'sample_fmt': 'fltp', 'compression_level': '7', 'reservoir': '1', 'b:a': '32k', 'abr': 'True'}",42.78125,-3.777,-2.982,0.5315995929995552,-0.9332670179404079
"{'ar': '44100', 'sample_fmt': 's32p', 'compression_level': '5', 'reservoir': '1', 'b:a': '103k', 'abr': 'True'}",137.1591796875,-3.16,-1.416,0.6639120650070254,0.8379373759772929
"{'ar': '44100', 'sample_fmt': 'fltp', 'compression_level': '0', 'reservoir': '1', 'b:a': '193k', 'abr': 'True'}",260.6455078125,-2.621,-0.737,1.0081905040133279,2.0854807521487753
"{'ar': '32000', 'sample_fmt': 'fltp', 'compression_level': '7', 'reservoir': '0', 'b:a': '32k'}",44.8671875,-3.413,-1.857,0.5535842820245307,0.2647676557296622
"{'ar': '44100', 'sample_fmt': 's32p', 'compression_level': '8', 'reservoir': '1', 'b:a': '139k', 'abr': 'True'}",185.037109375,-2.844,-0.992,0.6287598630005959,1.63415318064431
"{'ar': '44100', 'sample_fmt': 's32p', 'compression_level': '5', 'reservoir': '1', 'b:a': '169k', 'abr': 'True'}",229.1376953125,-2.65,-0.769,0.7348695739929099,2.0782957266846
"{'ar': '44100', 'sample_fmt': 's16p', 'compression_level': '9', 'reservoir': '1', 'b:a': '258k', 'abr': 'True'}",355.7314453125,-2.598,-0.712,0.5961371309822425,2.025686572806102
"{'ar': '8000', 'sample_fmt': 'fltp', 'compression_level': '9', 'reservoir': '1', 'b:a': '127k', 'abr': 'True'}",89.9375,-3.858,-3.51,0.5324651700211689,-1.3638635588248842
"{'ar': '48000', 'sample_fmt': 's32p', 'compression_level': '7', 'reservoir': '1', 'b:a': '107k', 'abr': 'True'}",140.328125,-3.703,-2.649,0.6383594869985245,-0.8193469962041987
"{'ar': '32000', 'sample_fmt': 's32p', 'compression_level': '7', 'reservoir': '1', 'b:a': '169k', 'abr': 'True'}",233.1640625,-3.19,-1.462,0.5676065089937765,0.607454782330899
"{'ar': '44100', 'sample_fmt': 'fltp', 'compression_level': '5', 'reservoir': '1', 'b:a': '126k', 'abr': 'True'}",169.3740234375,-2.868,-1.022,0.6850748130236752,1.5896015515080189
"{'ar': '16000', 'sample_fmt': 'fltp', 'compression_level': '8', 'reservoir': '0', 'aq': '9'}",66.69921875,-3.805,-3.135,0.5204637099523097,-1.0841123847906011
"{'ar': '44100', 'sample_fmt': 's16p', 'compression_level': '5', 'reservoir': '1', 'aq': '9'}",105.1748046875,-3.341,-1.719,0.6087198099994566,0.37575048389853666
"{'ar': '16000', 'sample_fmt': 's16p', 'compression_level': '0', 'reservoir': '1', 'b:a': '32k', 'abr': 'True'}",43.8125,-3.269,-1.591,0.7590170860057697,0.6706894363572574
"{'ar': '44100', 'sample_fmt': 's16p', 'compression_level': '7', 'reservoir': '1', 'b:a': '129k', 'abr': 'True'}",170.900390625,-2.93,-1.099,0.5868116160272621,1.4256824548478677
"{'ar': '44100', 'sample_fmt': 's16p', 'compression_level': '5', 'reservoir': '1', 'b:a': '105k', 'abr': 'True'}",139.5458984375,-3.123,-1.361,0.6518205589964055,0.9385806039243619
"{'ar': '32000', 'sample_fmt': 's16p', 'compression_level': '7', 'reservoir': '1', 'b:a': '32k', 'abr': 'True'}",46.73046875,-3.437,-1.907,0.5502328719885554,0.19035076767073272
"{'ar': '44100', 'sample_fmt': 's32p', 'compression_level': '9', 'reservoir': '1', 'b:a': '99k', 'abr': 'True'}",129.541015625,-3.348,-1.731,0.5958181059977505,0.31772871994770496
"{'ar': '44100', 'sample_fmt': 'fltp', 'compression_level': '0', 'reservoir': '1', 'b:a': '32k', 'abr': 'True'}",48.244140625,-3.132,-1.375,0.9952767440117896,1.0334958902446925
"{'ar': '44100', 'sample_fmt': 's32p', 'compression_level': '5', 'reservoir': '1', 'b:a': '103k', 'abr': 'True'}",137.1591796875,-3.16,-1.416,0.694706964015495,0.8356612360181764
"{'ar': '44100', 'sample_fmt': 's16p', 'compression_level': '5', 'reservoir': '1', 'b:a': '32k', 'abr': 'True'}",48.21875,-3.352,-1.738,0.6487446959654335,0.43205186360558034
"{'ar': '44100', 'sample_fmt': 's32p', 'compression_level': '5', 'reservoir': '1', 'b:a': '146k'}",223.037109375,-2.652,-0.771,0.6991115239798091,2.0853824040473787
"{'ar': '16000', 'sample_fmt': 's32p', 'compression_level': '5', 'reservoir': '1', 'b:a': '86k', 'abr': 'True'}",109.1328125,-3.766,-2.922,0.6401931419968605,-1.002611500108338
"{'ar': '16000', 'sample_fmt': 'fltp', 'compression_level': '0', 'reservoir': '1', 'b:a': '32k', 'abr': 'True'}",43.91796875,-3.277,-1.605,0.8322094949835446,0.6420553607733223
"{'ar': '32000', 'sample_fmt': 's16p', 'compression_level': '7', 'reservoir': '0', 'b:a': '168k'}",223.671875,-3.205,-1.486,0.6492831969808321,0.5740441006193169
"{'ar': '44100', 'sample_fmt': 's16p', 'compression_level': '5', 'reservoir': '1', 'b:a': '103k'}",133.853515625,-3.218,-1.506,0.9398217950074468,0.6592911705001557
"{'ar': '8000', 'sample_fmt': 'fltp', 'compression_level': '9', 'reservoir': '1', 'b:a': '128k', 'abr': 'True'}",89.9375,-3.858,-3.51,0.5712334959825967,-1.3667290378071204
"{'ar': '12000', 'sample_fmt': 'fltp', 'compression_level': '7', 'reservoir': '1', 'b:a': '104k', 'abr': 'True'}",88.15625,-3.742,-2.811,0.6038025299785659,-0.8755158150433019
"{'ar': '44100', 'sample_fmt': 's32p', 'compression_level': '7', 'reservoir': '1', 'b:a': '32k'}",44.771484375,-3.286,-1.619,0.6847965779888909,0.6262032924501614
"{'ar': '44100', 'sample_fmt': 's32p', 'compression_level': '9', 'reservoir': '1', 'b:a': '169k', 'abr': 'True'}",228.228515625,-2.681,-0.803,0.6628761249885429,2.0021140575147234
"{'ar': '16000', 'sample_fmt': 's32p', 'compression_level': '8', 'reservoir': '1', 'b:a': '86k', 'abr': 'True'}",119.71484375,-3.714,-2.693,0.5691290070244577,-0.8208475742538126
"{'ar': '44100', 'sample_fmt': 'fltp', 'compression_level': '5', 'reservoir': '1', 'b:a': '103k'}",133.853515625,-3.223,-1.515,0.7124746009940282,0.6616062436051791
"{'ar': '44100', 'sample_fmt': 's16p', 'compression_level': '5', 'reservoir': '1', 'b:a': '254k', 'abr': 'True'}",350.544921875,-2.585,-0.699,0.7550736649718601,2.0566052174532454
"{'ar': '44100', 'sample_fmt': 's32p', 'compression_level': '7', 'reservoir': '1', 'b:a': '107k'}",156.1484375,-3.068,-1.283,0.6347947210015263,1.0660992857312794
"{'ar': '8000', 'sample_fmt': 'fltp', 'compression_level': '9', 'reservoir': '1', 'b:a': '128k', 'abr': 'True'}",89.9375,-3.858,-3.51,0.5220046110043768,-1.3630903886850414
"{'ar': '44100', 'sample_fmt': 's32p', 'compression_level': '5', 'reservoir': '1', 'b:a': '144k', 'abr': 'True'}",196.4228515625,-2.716,-0.843,0.6995385260088369,1.9559892453475372
"{'ar': '44100', 'sample_fmt': 'fltp', 'compression_level': '8', 'reservoir': '1', 'aq': '9'}",97.1474609375,-3.314,-1.668,0.6397786889865529,0.46526048116304697
"{'ar': '44100', 'sample_fmt': 's16p', 'compression_level': '2', 'reservoir': '1', 'b:a': '254k', 'abr': 'True'}",341.8037109375,-2.59,-0.703,0.8041690390091389,2.054012954609028
"{'ar': '44100', 'sample_fmt': 'fltp', 'compression_level': '0', 'reservoir': '1', 'b:a': '193k', 'abr': 'True'}",260.6455078125,-2.621,-0.737,0.9902472720132209,2.0868069882679423
"{'ar': '8000', 'sample_fmt': 's16p', 'compression_level': '2', 'reservoir': '1', 'b:a': '167k', 'abr': 'True'}",74.8203125,-3.858,-3.512,0.587207889999263,-1.3444187071829312
"{'ar': '32000', 'sample_fmt': 's16p', 'compression_level': '7', 'reservoir': '1', 'b:a': '193k', 'abr': 'True'}",268.3203125,-3.18,-1.447,0.5626442280190531,0.5797552295012736
"{'ar': '16000', 'sample_fmt': 's16p', 'compression_level': '5', 'reservoir': '1', 'b:a': '32k', 'abr': 'True'}",43.35546875,-3.405,-1.842,0.6009280609723646,0.2870519151702809
"{'ar': '8000', 'sample_fmt': 's16p', 'compression_level': '5', 'reservoir': '1', 'b:a': '126k', 'abr': 'True'}",85.578125,-3.858,-3.509,0.5329803900094703,-1.356630081416773
"{'ar': '44100', 'sample_fmt': 's32p', 'compression_level': '7', 'reservoir': '1', 'aq': '9'}",97.1474609375,-3.314,-1.668,0.5782855310244486,0.46980561813561234
"{'ar': '44100', 'sample_fmt': 'fltp', 'compression_level': '7', 'reservoir': '1', 'b:a': '150k'}",223.037109375,-2.691,-0.815,0.5948472039890476,1.988341135558933
"{'ar': '44100', 'sample_fmt': 's16p', 'compression_level': '5', 'reservoir': '1', 'b:a': '86k', 'abr': 'True'}",115.544921875,-3.406,-1.844,0.6383021180226933,0.16613848060239697
"{'ar': '44100', 'sample_fmt': 'fltp', 'compression_level': '7', 'reservoir': '0', 'b:a': '108k'}",156.1484375,-3.098,-1.324,0.593454040994402,0.9863229649715569
"{'ar': '8000', 'sample_fmt': 's16p', 'compression_level': '2', 'reservoir': '1', 'b:a': '167k'}",91.484375,-3.858,-3.514,0.5768963519949466,-1.3708777231792924
"{'ar': '32000', 'sample_fmt': 's16p', 'compression_level': '7', 'reservoir': '1', 'b:a': '254k', 'abr': 'True'}",352.0625,-3.172,-1.435,0.5610085430089384,0.46867668656949135
"{'ar': '16000', 'sample_fmt': 's16p', 'compression_level': '5', 'reservoir': '1', 'b:a': '32k', 'abr': 'True'}",43.35546875,-3.405,-1.842,0.5760098909668159,0.2888936891095976
"{'ar': '44100', 'sample_fmt': 's32p', 'compression_level': '9', 'reservoir': '1', 'b:a': '143k', 'abr': 'True'}",190.841796875,-2.805,-0.945,0.5848136039858218,1.733833162065513
"{'ar': '44100', 'sample_fmt': 'fltp', 'compression_level': '7', 'reservoir': '1', 'b:a': '121k', 'abr': 'True'}",159.41015625,-3.073,-1.289,0.7085222929890733,1.041902819065016
"{'ar': '44100', 'sample_fmt': 'fltp', 'compression_level': '7', 'reservoir': '1', 'b:a': '113k', 'abr': 'True'}",147.62109375,-3.164,-1.423,0.5866531250358094,0.8154261412466887
"{'ar': '44100', 'sample_fmt': 's32p', 'compression_level': '8', 'reservoir': '1', 'b:a': '145k'}",223.037109375,-2.692,-0.815,0.6151499609986786,1.9845105622918533
"{'ar': '44100', 'sample_fmt': 'fltp', 'compression_level': '2', 'reservoir': '1', 'b:a': '193k', 'abr': 'True'}",260.0341796875,-2.621,-0.738,0.7775909409974702,2.1031850483495145
"{'ar': '44100', 'sample_fmt': 'fltp', 'compression_level': '5', 'reservoir': '1', 'b:a': '205k', 'abr': 'True'}",279.830078125,-2.606,-0.721,0.6993270930252038,2.1176940014691485
"{'ar': '44100', 'sample_fmt': 's16p', 'compression_level': '7', 'reservoir': '1', 'b:a': '32k'}",44.771484375,-3.291,-1.629,0.5978927529649809,0.6178223319722527
"{'ar': '16000', 'sample_fmt': 's32p', 'compression_level': '8', 'reservoir': '1', 'b:a': '105k', 'abr': 'True'}",146.36328125,-3.756,-2.876,0.5458988889877219,-1.0172388155720042
"{'ar': '44100', 'sample_fmt': 's16p', 'compression_level': '9', 'reservoir': '1', 'aq': '5'}",141.7314453125,-3.0,-1.189,0.595936002995586,1.2800649933505355
"{'ar': '16000', 'sample_fmt': 'fltp', 'compression_level': '8', 'reservoir': '0', 'b:a': '75k', 'abr': 'True'}",114.01953125,-3.759,-2.892,0.583479124965379,-0.9804438502930024
"{'ar': '32000', 'sample_fmt': 'fltp', 'compression_level': '7', 'reservoir': '0', 'b:a': '168k'}",223.671875,-3.202,-1.481,0.5630851629830431,0.5889823519113383
"{'ar': '44100', 'sample_fmt': 's16p', 'compression_level': '5', 'reservoir': '1', 'b:a': '105k', 'abr': 'True'}",139.5458984375,-3.123,-1.361,0.6802838000294287,0.9364768035428959
"{'ar': '12000', 'sample_fmt': 'fltp', 'compression_level': '7', 'reservoir': '1', 'b:a': '189k', 'abr': 'True'}",88.53125,-3.742,-2.811,0.5383579070039559,-0.8712769881027443
"{'ar': '44100', 'sample_fmt': 's32p', 'compression_level': '9', 'reservoir': '1', 'b:a': '169k', 'abr': 'True'}",228.228515625,-2.681,-0.803,0.6008611379947979,2.006697764378699
"{'ar': '44100', 'sample_fmt': 's32p', 'compression_level': '5', 'reservoir': '1', 'b:a': '32k', 'abr': 'True'}",48.193359375,-3.348,-1.73,0.6389108689909335,0.4446626437072011
"{'ar': '44100', 'sample_fmt': 's16p', 'compression_level': '7', 'reservoir': '1', 'b:a': '145k', 'abr': 'True'}",194.01953125,-2.798,-0.938,0.9934982210106682,1.7170732766850616
"{'ar': '44100', 'sample_fmt': 's16p', 'compression_level': '9', 'reservoir': '1', 'b:a': '258k', 'abr': 'True'}",355.7314453125,-2.598,-0.712,0.9744427729747258,1.9977249097962153
"{'ar': '44100', 'sample_fmt': 's16p', 'compression_level': '5', 'reservoir': '1', 'aq': '9'}",105.1748046875,-3.341,-1.719,0.6476208940148354,0.37287519238496486
"{'ar': '12000', 'sample_fmt': 's32p', 'compression_level': '7', 'reservoir': '1', 'b:a': '32k', 'abr': 'True'}",42.78125,-3.777,-2.982,0.687502481014235,-0.9447902508321373
"{'ar': '44100', 'sample_fmt': 's32p', 'compression_level': '9', 'reservoir': '1', 'b:a': '194k', 'abr': 'True'}",265.4287109375,-2.623,-0.74,0.7281087059818674,2.0929437682247074
"{'ar': '44100', 'sample_fmt': 's32p', 'compression_level': '7', 'reservoir': '1', 'b:a': '264k'}",356.8115234375,-2.604,-0.719,0.6253243839892093,2.0056179802883234
"{'ar': '44100', 'sample_fmt': 's32p', 'compression_level': '5', 'reservoir': '1', 'b:a': '143k', 'abr': 'True'}",191.4091796875,-2.771,-0.906,0.7479206830030307,1.8123928583233824
"{'ar': '8000', 'sample_fmt': 's16p', 'compression_level': '0', 'reservoir': '1', 'b:a': '32k', 'abr': 'True'}",41.9140625,-3.851,-3.456,0.6891601400275249,-1.2654717183296396
"{'ar': '16000', 'sample_fmt': 's32p', 'compression_level': '0', 'reservoir': '1', 'b:a': '32k', 'abr': 'True'}",43.91796875,-3.277,-1.605,0.8159076540032402,0.6432602769398675
"{'ar': '44100', 'sample_fmt': 'fltp', 'compression_level': '9', 'reservoir': '1', 'b:a': '194k', 'abr': 'True'}",265.4287109375,-2.623,-0.74,0.6368026820127852,2.0996924602599343
"{'ar': '44100', 'sample_fmt': 's32p', 'compression_level': '7', 'reservoir': '1', 'b:a': '169k', 'abr': 'True'}",228.228515625,-2.681,-0.803,0.6513752299943008,2.0029641218924246
"{'ar': '32000', 'sample_fmt': 'fltp', 'compression_level': '7', 'reservoir': '1', 'b:a': '32k'}",44.8671875,-3.434,-1.9,0.5784939140139613,0.20043310671675144
"{'ar': '44100', 'sample_fmt': 's16p', 'compression_level': '2', 'reservoir': '1', 'aq': '5'}",164.283203125,-2.881,-1.037,0.6448288150131702,1.5656784232855896
"{'ar': '44100', 'sample_fmt': 's32p', 'compression_level': '9', 'reservoir': '1', 'b:a': '169k', 'abr': 'True'}",228.228515625,-2.681,-0.803,0.6000666899781208,2.0067564843269508
"{'ar': '44100', 'sample_fmt': 's16p', 'compression_level': '5', 'reservoir': '1', 'b:a': '32k', 'abr': 'True'}",48.21875,-3.352,-1.738,0.6611538759898394,0.43113466525705996
"{'ar': '44100', 'sample_fmt': 's16p', 'compression_level': '5', 'reservoir': '1', 'b:a': '105k', 'abr': 'True'}",139.5458984375,-3.123,-1.361,0.664114160957979,0.9376719482843966
"{'ar': '44100', 'sample_fmt': 's16p', 'compression_level': '5', 'reservoir': '1', 'b:a': '103k', 'abr': 'True'}",137.1591796875,-3.161,-1.418,0.6520358640118502,0.8358543256518358
"{'ar': '8000', 'sample_fmt': 's32p', 'compression_level': '5', 'reservoir': '1', 'b:a': '129k', 'abr': 'True'}",85.2265625,-3.858,-3.508,0.5458666949707549,-1.3567061112009935
"{'ar': '44100', 'sample_fmt': 's32p', 'compression_level': '2', 'reservoir': '1', 'b:a': '251k', 'abr': 'True'}",339.365234375,-2.589,-0.703,0.7893457600148395,2.0613295145711708
"{'ar': '44100', 'sample_fmt': 'fltp', 'compression_level': '5', 'reservoir': '1', 'b:a': '143k', 'abr': 'True'}",191.4599609375,-2.772,-0.907,0.6912967200041749,1.8138516729390268
"{'ar': '44100', 'sample_fmt': 'fltp', 'compression_level': '7', 'reservoir': '1', 'b:a': '32k', 'abr': 'True'}",48.16796875,-3.35,-1.734,0.5959586350072641,0.44195617303322293
"{'ar': '44100', 'sample_fmt': 's32p', 'compression_level': '9', 'reservoir': '1', 'b:a': '194k', 'abr': 'True'}",265.4287109375,-2.623,-0.74,0.5970527910103556,2.1026304895503136
"{'ar': '44100', 'sample_fmt': 's32p', 'compression_level': '9', 'reservoir': '1', 'b:a': '260k', 'abr': 'True'}",358.8876953125,-2.603,-0.718,0.6060111339902505,2.006378000662017
"{'ar': '44100', 'sample_fmt': 'fltp', 'compression_level': '5', 'reservoir': '1', 'b:a': '32k', 'abr': 'True'}",48.193359375,-3.348,-1.73,0.642468818987254,0.44439966534325404
"{'ar': '44100', 'sample_fmt': 'fltp', 'compression_level': '2', 'reservoir': '1', 'b:a': '141k', 'abr': 'True'}",184.3818359375,-2.857,-1.008,0.8347034369944595,1.5846403662868571
"{'ar': '44100', 'sample_fmt': 's32p', 'compression_level': '5', 'reservoir': '1', 'b:a': '194k', 'abr': 'True'}",266.75,-2.623,-0.74,0.6740259220241569,2.0948328488512638
"{'ar': '16000', 'sample_fmt': 'fltp', 'compression_level': '5', 'reservoir': '1', 'b:a': '190k', 'abr': 'True'}",210.62890625,-3.763,-2.909,0.5469927189988084,-1.1465857393274383
"{'ar': '44100', 'sample_fmt': 'fltp', 'compression_level': '7', 'reservoir': '1', 'b:a': '128k', 'abr': 'True'}",169.32421875,-2.937,-1.108,0.5830207809631247,1.4093289975597818
"{'ar': '44100', 'sample_fmt': 's32p', 'compression_level': '7', 'reservoir': '1', 'b:a': '267k'}",356.8115234375,-2.604,-0.719,0.6060791609925218,2.007040450323793
"{'ar': '44100', 'sample_fmt': 'fltp', 'compression_level': '7', 'reservoir': '1', 'b:a': '32k'}",44.771484375,-3.286,-1.619,0.5834320909925736,0.633695434548897
"{'ar': '44100', 'sample_fmt': 's32p', 'compression_level': '7', 'reservoir': '1', 'b:a': '136k', 'abr': 'True'}",180.99609375,-2.873,-1.028,0.608952259994112,1.5631406234392904
"{'ar': '44100', 'sample_fmt': 'fltp', 'compression_level': '7', 'reservoir': '0', 'b:a': '108k'}",156.1484375,-3.098,-1.324,0.6004817539942451,0.9858035263990925
"{'ar': '44100', 'sample_fmt': 'fltp', 'compression_level': '2', 'reservoir': '1', 'aq': '9'}",103.837890625,-3.343,-1.721,0.6054358880210202,0.3728356820212583
"{'ar': '16000', 'sample_fmt': 's32p', 'compression_level': '8', 'reservoir': '1', 'b:a': '144k', 'abr': 'True'}",199.80078125,-3.766,-2.923,0.5673015349893831,-1.1422149979968148
"{'ar': '32000', 'sample_fmt': 's16p', 'compression_level': '7', 'reservoir': '1', 'b:a': '106k', 'abr': 'True'}",142.0390625,-3.494,-2.034,0.6154692980053369,-0.13942126947042374
"{'ar': '44100', 'sample_fmt': 'fltp', 'compression_level': '5', 'reservoir': '1', 'b:a': '99k', 'abr': 'True'}",132.0302734375,-3.242,-1.545,0.7338948179676663,0.609199725350542
"{'ar': '44100', 'sample_fmt': 's32p', 'compression_level': '9', 'reservoir': '1', 'b:a': '194k', 'abr': 'True'}",265.4287109375,-2.623,-0.74,0.6738845740037505,2.0969516304849423
"{'ar': '16000', 'sample_fmt': 's16p', 'compression_level': '2', 'reservoir': '1', 'b:a': '193k', 'abr': 'True'}",180.46484375,-3.755,-2.872,0.8377613670018036,-1.0896340994441025
"{'ar': '44100', 'sample_fmt': 'fltp', 'compression_level': '0', 'reservoir': '1', 'b:a': '32k', 'abr': 'True'}",48.244140625,-3.132,-1.375,1.1307466750149615,1.0234829162410994
"{'ar': '44100', 'sample_fmt': 'fltp', 'compression_level': '7', 'reservoir': '1', 'b:a': '32k', 'abr': 'True'}",48.16796875,-3.35,-1.734,0.630379254987929,0.43941204556152674
"{'ar': '44100', 'sample_fmt': 's16p', 'compression_level': '8', 'reservoir': '1', 'aq': '5'}",141.7314453125,-3.0,-1.189,0.6087392979534343,1.2791186648285975
"{'ar': '44100', 'sample_fmt': 'fltp', 'compression_level': '7', 'reservoir': '1', 'b:a': '193k', 'abr': 'True'}",263.8056640625,-2.63,-0.747,0.6206270679831505,2.0849601113628458
"{'ar': '44100', 'sample_fmt': 's32p', 'compression_level': '5', 'reservoir': '1', 'b:a': '145k', 'abr': 'True'}",197.703125,-2.722,-0.85,0.7390133940207306,1.9348408209067949
"{'ar': '44100', 'sample_fmt': 'fltp', 'compression_level': '9', 'reservoir': '1', 'b:a': '193k', 'abr': 'True'}",263.8056640625,-2.63,-0.747,0.6361493579752278,2.0838128140621386
"{'ar': '44100', 'sample_fmt': 's32p', 'compression_level': '9', 'reservoir': '1', 'b:a': '32k', 'abr': 'True'}",48.16796875,-3.35,-1.734,0.6421492939989548,0.4385420879719277
"{'ar': '44100', 'sample_fmt': 's32p', 'compression_level': '8', 'reservoir': '1', 'b:a': '139k', 'abr': 'True'}",185.037109375,-2.844,-0.992,0.6280611600086559,1.6342048238011546
"{'ar': '8000', 'sample_fmt': 's16p', 'compression_level': '2', 'reservoir': '1', 'b:a': '169k', 'abr': 'True'}",74.8203125,-3.858,-3.512,0.6470729380089324,-1.3488435058449357
"{'ar': '32000', 'sample_fmt': 'fltp', 'compression_level': '7', 'reservoir': '1', 'b:a': '107k'}",156.59375,-3.405,-1.841,0.5966262530128006,0.10699501504658578
"{'ar': '44100', 'sample_fmt': 'fltp', 'compression_level': '0', 'reservoir': '1', 'b:a': '168k', 'abr': 'True'}",221.9931640625,-2.707,-0.832,1.2995643619797193,1.8952774425736785
"{'ar': '44100', 'sample_fmt': 's32p', 'compression_level': '5', 'reservoir': '1', 'b:a': '247k', 'abr': 'True'}",343.2294921875,-2.593,-0.707,1.0582379469706211,2.0247072717355223
"{'ar': '16000', 'sample_fmt': 's32p', 'compression_level': '5', 'reservoir': '1', 'b:a': '86k', 'abr': 'True'}",109.1328125,-3.766,-2.922,0.5818455900007393,-0.9982988639610827
"{'ar': '44100', 'sample_fmt': 's32p', 'compression_level': '9', 'reservoir': '1', 'b:a': '140k', 'abr': 'True'}",186.3251953125,-2.834,-0.98,0.6205748740176205,1.6597876829598486
"{'ar': '44100', 'sample_fmt': 's16p', 'compression_level': '5', 'reservoir': '1', 'b:a': '254k', 'abr': 'True'}",350.544921875,-2.585,-0.699,0.6842207809968386,2.0618421588177824
"{'ar': '16000', 'sample_fmt': 'fltp', 'compression_level': '8', 'reservoir': '0', 'b:a': '75k'}",112.2265625,-3.739,-2.798,0.5351015710039064,-0.897755301596139
"{'ar': '44100', 'sample_fmt': 'fltp', 'compression_level': '7', 'reservoir': '1', 'b:a': '113k', 'abr': 'True'}",147.62109375,-3.164,-1.423,0.6593008459894918,0.8100565382953705
"{'ar': '44100', 'sample_fmt': 'fltp', 'compression_level': '5', 'reservoir': '1', 'b:a': '32k', 'abr': 'True'}",48.193359375,-3.348,-1.73,0.6612960039929021,0.4430080937035078
"{'ar': '32000', 'sample_fmt': 's16p', 'compression_level': '9', 'reservoir': '1', 'b:a': '194k', 'abr': 'True'}",269.796875,-3.179,-1.445,0.5837697739771102,0.5787985354953001
"{'ar': '44100', 'sample_fmt': 's16p', 'compression_level': '2', 'reservoir': '1', 'aq': '5'}",164.283203125,-2.881,-1.037,0.6585678080155049,1.5646629346177414
"{'ar': '16000', 'sample_fmt': 's16p', 'compression_level': '8', 'reservoir': '0', 'aq': '9'}",66.69921875,-3.805,-3.137,0.5417838039866183,-1.0863191313560039
"{'ar': '44100', 'sample_fmt': 'fltp', 'compression_level': '7', 'reservoir': '1', 'b:a': '109k', 'abr': 'True'}",142.23828125,-3.23,-1.527,0.6032554329722188,0.6362046083623081
"{'ar': '44100', 'sample_fmt': 's16p', 'compression_level': '8', 'reservoir': '1', 'b:a': '253k', 'abr': 'True'}",349.2236328125,-2.601,-0.716,0.614762214012444,2.02644257803945
"{'ar': '44100', 'sample_fmt': 's32p', 'compression_level': '7', 'reservoir': '1', 'b:a': '32k', 'abr': 'True'}",48.16796875,-3.35,-1.734,0.5884649070212618,0.44251005611973665
"{'ar': '44100', 'sample_fmt': 's32p', 'compression_level': '7', 'reservoir': '1', 'b:a': '108k', 'abr': 'True'}",140.8154296875,-3.236,-1.536,0.6349099399812985,0.6193165734730259
"{'ar': '44100', 'sample_fmt': 's32p', 'compression_level': '9', 'reservoir': '1', 'b:a': '143k', 'abr': 'True'}",190.841796875,-2.805,-0.945,0.606329756003106,1.7322428411049051
"{'ar': '44100', 'sample_fmt': 's32p', 'compression_level': '9', 'reservoir': '1', 'b:a': '169k', 'abr': 'True'}",228.228515625,-2.681,-0.803,0.6387845480057877,2.003894735575512
"{'ar': '12000', 'sample_fmt': 'fltp', 'compression_level': '7', 'reservoir': '1', 'b:a': '32k', 'abr': 'True'}",42.78125,-3.777,-2.982,0.5481836929975543,-0.9344927966864609
"{'ar': '44100', 'sample_fmt': 'fltp', 'compression_level': '5', 'reservoir': '1', 'b:a': '194k', 'abr': 'True'}",266.75,-2.623,-0.74,0.7087970740103628,2.0922628125462723
"{'ar': '44100', 'sample_fmt': 'fltp', 'compression_level': '7', 'reservoir': '1', 'b:a': '113k', 'abr': 'True'}",147.62109375,-3.164,-1.423,0.5959534629655536,0.8147387263995299
"{'ar': '16000', 'sample_fmt': 's16p', 'compression_level': '0', 'reservoir': '1', 'b:a': '32k', 'abr': 'True'}",43.8125,-3.269,-1.591,0.7843373870127834,0.6688179397537755
"{'ar': '44100', 'sample_fmt': 's16p', 'compression_level': '7', 'reservoir': '1', 'b:a': '256k', 'abr': 'True'}",353.2900390625,-2.599,-0.713,0.6554454050492495,2.022553196214477
"{'ar': '12000', 'sample_fmt': 's16p', 'compression_level': '7', 'reservoir': '1', 'b:a': '157k', 'abr': 'True'}",88.578125,-3.74,-2.803,0.5783066669828258,-0.8671209702106133
"{'ar': '32000', 'sample_fmt': 'fltp', 'compression_level': '7', 'reservoir': '1', 'b:a': '32k'}",44.8671875,-3.434,-1.9,0.597269564983435,0.1990453441065123
"{'ar': '44100', 'sample_fmt': 'fltp', 'compression_level': '0', 'reservoir': '1', 'b:a': '157k', 'abr': 'True'}",210.0712890625,-2.726,-0.855,1.2982507169945166,1.8628734895598553
"{'ar': '44100', 'sample_fmt': 's16p', 'compression_level': '9', 'reservoir': '1', 'b:a': '258k', 'abr': 'True'}",355.7314453125,-2.598,-0.712,0.6366815329820383,2.022689818912386
"{'ar': '32000', 'sample_fmt': 's16p', 'compression_level': '7', 'reservoir': '1', 'b:a': '254k', 'abr': 'True'}",352.0625,-3.172,-1.435,0.6095059910148848,0.4650921000673193
"{'ar': '44100', 'sample_fmt': 'fltp', 'compression_level': '5', 'reservoir': '1', 'b:a': '32k', 'abr': 'True'}",48.193359375,-3.348,-1.73,0.6556844179867767,0.44342286223835664
"{'ar': '44100', 'sample_fmt': 'fltp', 'compression_level': '7', 'reservoir': '1', 'b:a': '32k'}",44.771484375,-3.286,-1.619,0.6691635310126003,0.6273587761195735
"{'ar': '44100', 'sample_fmt': 's32p', 'compression_level': '8', 'reservoir': '1', 'b:a': '139k', 'abr': 'True'}",185.037109375,-2.844,-0.992,0.6578777979593724,1.632000989943233
"{'ar': '16000', 'sample_fmt': 's16p', 'compression_level': '5', 'reservoir': '1', 'b:a': '32k', 'abr': 'True'}",43.35546875,-3.405,-1.842,0.6321838140138425,0.2847417121580736
"{'ar': '44100', 'sample_fmt': 's16p', 'compression_level': '0', 'reservoir': '1', 'b:a': '254k', 'abr': 'True'}",341.0908203125,-2.587,-0.701,1.1413367070199456,2.0378501827807693
"{'ar': '44100', 'sample_fmt': 's32p', 'compression_level': '2', 'reservoir': '1', 'b:a': '252k'}",356.8115234375,-2.595,-0.71,0.8788139400130603,2.01069040102497
"{'ar': '12000', 'sample_fmt': 's16p', 'compression_level': '7', 'reservoir': '1', 'b:a': '32k', 'abr': 'True'}",42.78125,-3.777,-2.979,0.53999826402287,-0.9329414127562352
"{'ar': '44100', 'sample_fmt': 's16p', 'compression_level': '2', 'reservoir': '1', 'b:a': '251k', 'abr': 'True'}",339.5693359375,-2.588,-0.702,0.7938469060172793,2.063316540471364
"{'ar': '32000', 'sample_fmt': 'fltp', 'compression_level': '7', 'reservoir': '1', 'b:a': '32k'}",44.8671875,-3.434,-1.9,0.5607848780055065,0.20174203273353078
"{'ar': '44100', 'sample_fmt': 's16p', 'compression_level': '2', 'reservoir': '1', 'b:a': '251k', 'abr': 'True'}",339.5693359375,-2.588,-0.702,0.8100913720263634,2.062115865054711
"{'ar': '44100', 'sample_fmt': 's16p', 'compression_level': '5', 'reservoir': '1', 'b:a': '170k', 'abr': 'True'}",230.3603515625,-2.645,-0.763,0.719812390016159,2.0910001369874522
"{'ar': '44100', 'sample_fmt': 'fltp', 'compression_level': '1', 'reservoir': '1', 'b:a': '32k', 'abr': 'True'}",48.244140625,-3.132,-1.375,1.3611972880316898,1.0064496456092973
"{'ar': '16000', 'sample_fmt': 'fltp', 'compression_level': '7', 'reservoir': '1', 'b:a': '32k', 'abr': 'True'}",42.828125,-3.448,-1.93,0.8028406939993147,0.1450217659098595
"{'ar': '44100', 'sample_fmt': 's32p', 'compression_level': '2', 'reservoir': '1', 'b:a': '193k', 'abr': 'True'}",260.0341796875,-2.621,-0.738,0.8187287009786814,2.100144437653047
"{'ar': '44100', 'sample_fmt': 's16p', 'compression_level': '2', 'reservoir': '1', 'b:a': '251k', 'abr': 'True'}",339.5693359375,-2.588,-0.702,0.9768013119755778,2.0497938517304926
"{'ar': '44100', 'sample_fmt': 'fltp', 'compression_level': '7', 'reservoir': '1', 'b:a': '32k', 'abr': 'True'}",48.16796875,-3.35,-1.734,0.6177582060045097,0.440344903756945
"{'ar': '44100', 'sample_fmt': 's32p', 'compression_level': '7', 'reservoir': '1', 'b:a': '278k', 'abr': 'True'}",382.6123046875,-2.597,-0.712,0.6343653769872617,1.982298114611395
"{'ar': '44100', 'sample_fmt': 'fltp', 'compression_level': '7', 'reservoir': '1', 'aq': '9'}",97.1474609375,-3.314,-1.668,0.6258418330107816,0.46629059445493276
"{'ar': '44100', 'sample_fmt': 'fltp', 'compression_level': '0', 'reservoir': '1', 'b:a': '168k', 'abr': 'True'}",221.9931640625,-2.707,-0.832,1.2880402529553976,1.8961292227674131
"{'ar': '44100', 'sample_fmt': 's16p', 'compression_level': '8', 'reservoir': '1', 'aq': '5'}",141.7314453125,-3.0,-1.189,0.6080928580195177,1.2791664450718239
"{'ar': '44100', 'sample_fmt': 's32p', 'compression_level': '9', 'reservoir': '1', 'aq': '8'}",103.185546875,-3.355,-1.744,0.7227569509996101,0.3299902676832449
"{'ar': '44100', 'sample_fmt': 'fltp', 'compression_level': '0', 'reservoir': '1', 'b:a': '32k', 'abr': 'True'}",48.244140625,-3.132,-1.375,1.058440780005185,1.0288272538492913
"{'ar': '44100', 'sample_fmt': 'fltp', 'compression_level': '5', 'reservoir': '1', 'b:a': '32k', 'abr': 'True'}",48.193359375,-3.348,-1.73,0.6518747260270175,0.44370444757816074
"{'ar': '32000', 'sample_fmt': 's32p', 'compression_level': '9', 'reservoir': '1', 'b:a': '169k', 'abr': 'True'}",233.1640625,-3.19,-1.462,0.6163662649923936,0.6038508078871218
"{'ar': '32000', 'sample_fmt': 'fltp', 'compression_level': '7', 'reservoir': '1', 'b:a': '195k', 'abr': 'True'}",271.34375,-3.179,-1.446,0.6224029509758111,0.5731592936655009
"{'ar': '16000', 'sample_fmt': 's16p', 'compression_level': '2', 'reservoir': '1', 'b:a': '32k', 'abr': 'True'}",43.390625,-3.31,-1.661,0.6590159999905154,0.5611444366419054
"{'ar': '44100', 'sample_fmt': 's16p', 'compression_level': '5', 'reservoir': '1', 'b:a': '32k', 'abr': 'True'}",48.21875,-3.352,-1.738,0.6535123040084727,0.4316994759204257
"{'ar': '44100', 'sample_fmt': 's32p', 'compression_level': '7', 'reservoir': '1', 'b:a': '195k', 'abr': 'True'}",266.8515625,-2.621,-0.737,0.6280367589788511,2.103676231977987
"{'ar': '44100', 'sample_fmt': 'fltp', 'compression_level': '7', 'reservoir': '1', 'b:a': '99k', 'abr': 'True'}",129.541015625,-3.348,-1.731,0.5876522279868368,0.31833228358455273
"{'ar': '44100', 'sample_fmt': 'fltp', 'compression_level': '5', 'reservoir': '1', 'b:a': '153k', 'abr': 'True'}",208.8876953125,-2.683,-0.806,0.6904138009995222,2.0253338798682132
"{'ar': '44100', 'sample_fmt': 'fltp', 'compression_level': '7', 'reservoir': '0', 'b:a': '32k', 'abr': 'True'}",53.09375,-3.35,-1.734,0.5859245620085858,0.43483792555510126
"{'ar': '44100', 'sample_fmt': 's16p', 'compression_level': '5', 'reservoir': '1', 'b:a': '32k', 'abr': 'True'}",48.21875,-3.352,-1.738,0.661295197030995,0.4311242198105998
"{'ar': '44100', 'sample_fmt': 's32p', 'compression_level': '5', 'reservoir': '1', 'b:a': '110k'}",156.1484375,-2.963,-1.14,0.7341651580063626,1.3485085549400355
"{'ar': '32000', 'sample_fmt': 's16p', 'compression_level': '7', 'reservoir': '1', 'aq': '9'}",81.7109375,-3.514,-2.081,0.6079291039786767,-0.1040257999938945
"{'ar': '44100', 'sample_fmt': 'fltp', 'compression_level': '2', 'reservoir': '1', 'b:a': '99k', 'abr': 'True'}",129.9970703125,-3.365,-1.763,0.791484267974738,0.2528351459667555
"{'ar': '44100', 'sample_fmt': 's32p', 'compression_level': '8', 'reservoir': '1', 'b:a': '86k', 'abr': 'True'}",113.6484375,-3.472,-1.982,0.6901092279877048,-0.03197373719830616
"{'ar': '44100', 'sample_fmt': 'fltp', 'compression_level': '5', 'reservoir': '1', 'b:a': '145k', 'abr': 'True'}",197.703125,-2.722,-0.85,0.7499788339773659,1.9340303335579736
"{'ar': '44100', 'sample_fmt': 'fltp', 'compression_level': '7', 'reservoir': '1', 'b:a': '170k', 'abr': 'True'}",229.6513671875,-2.676,-0.798,0.616655224992428,2.0164869651244643
"{'ar': '44100', 'sample_fmt': 's32p', 'compression_level': '7', 'reservoir': '1', 'b:a': '267k', 'abr': 'True'}",367.890625,-2.601,-0.716,0.6157712790300138,1.9965817363693956
"{'ar': '44100', 'sample_fmt': 's32p', 'compression_level': '8', 'reservoir': '1', 'b:a': '139k', 'abr': 'True'}",185.037109375,-2.844,-0.992,0.6216039120045025,1.6346820976575858
"{'ar': '44100', 'sample_fmt': 's16p', 'compression_level': '5', 'reservoir': '1', 'b:a': '32k'}",44.771484375,-3.296,-1.637,1.4121108349936549,0.5434677646166702
"{'ar': '32000', 'sample_fmt': 'fltp', 'compression_level': '7', 'reservoir': '1', 'b:a': '32k'}",44.8671875,-3.434,-1.9,0.6131173750327434,0.1978739866778746
"{'ar': '44100', 'sample_fmt': 's32p', 'compression_level': '5', 'reservoir': '1', 'aq': '2'}",265.87890625,-2.64,-0.758,0.6909755940141622,2.049682828505272
"{'ar': '16000', 'sample_fmt': 'fltp', 'compression_level': '9', 'reservoir': '1', 'b:a': '289k', 'abr': 'True'}",220.75390625,-3.766,-2.925,0.55834194199997,-1.175617845385244
"{'ar': '32000', 'sample_fmt': 'fltp', 'compression_level': '7', 'reservoir': '0', 'b:a': '169k'}",223.671875,-3.202,-1.481,0.5765256409940775,0.587988927348974
"{'ar': '48000', 'sample_fmt': 'fltp', 'compression_level': '7', 'reservoir': '1', 'b:a': '126k'}",178.578125,-3.654,-2.474,0.6697648089902941,-0.7133302500273853
"{'ar': '44100', 'sample_fmt': 'fltp', 'compression_level': '0', 'reservoir': '1', 'b:a': '32k', 'abr': 'True'}",48.244140625,-3.132,-1.375,1.051573634002125,1.0293348244511094
"{'ar': '44100', 'sample_fmt': 'fltp', 'compression_level': '0', 'reservoir': '1', 'b:a': '32k', 'abr': 'True'}",48.244140625,-3.132,-1.375,0.9976757270051166,1.0333185744804534
"{'ar': '32000', 'sample_fmt': 's16p', 'compression_level': '7', 'reservoir': '1', 'b:a': '256k', 'abr': 'True'}",354.453125,-3.17,-1.432,0.6076148689899128,0.46702349355780304
"{'ar': '44100', 'sample_fmt': 'fltp', 'compression_level': '5', 'reservoir': '1', 'b:a': '205k', 'abr': 'True'}",279.830078125,-2.606,-0.721,0.6923911990015768,2.1182066534357955
"{'ar': '8000', 'sample_fmt': 's16p', 'compression_level': '5', 'reservoir': '1', 'aq': '9'}",36.359375,-3.85,-3.44,0.5598361019801814,-1.2396723144112298
"{'ar': '16000', 'sample_fmt': 's32p', 'compression_level': '0', 'reservoir': '1', 'b:a': '32k', 'abr': 'True'}",43.91796875,-3.277,-1.605,0.8825016389891971,0.6383381231045309
"{'ar': '44100', 'sample_fmt': 's32p', 'compression_level': '7', 'reservoir': '1', 'b:a': '278k', 'abr': 'True'}",382.6123046875,-2.597,-0.712,0.6627837489650119,1.9801976306314408
"{'ar': '32000', 'sample_fmt': 'fltp', 'compression_level': '7', 'reservoir': '0', 'b:a': '126k'}",178.953125,-3.286,-1.619,0.6179876679962035,0.4170324371128413
"{'ar': '44100', 'sample_fmt': 's32p', 'compression_level': '5', 'reservoir': '1', 'b:a': '143k', 'abr': 'True'}",191.4091796875,-2.771,-0.906,0.7367811730073299,1.8132162116917185
"{'ar': '44100', 'sample_fmt': 'fltp', 'compression_level': '5', 'reservoir': '1', 'b:a': '114k', 'abr': 'True'}",152.1416015625,-2.973,-1.155,0.7973267089982983,1.322202414012804
"{'ar': '44100', 'sample_fmt': 's32p', 'compression_level': '9', 'reservoir': '1', 'b:a': '143k', 'abr': 'True'}",190.841796875,-2.805,-0.945,0.6581148369878065,1.7284152561505612
"{'ar': '8000', 'sample_fmt': 'fltp', 'compression_level': '0', 'reservoir': '1', 'b:a': '126k', 'abr': 'True'}",65.3984375,-3.857,-3.5,0.8428987730003428,-1.342167967883877
"{'ar': '44100', 'sample_fmt': 'fltp', 'compression_level': '7', 'reservoir': '1', 'b:a': '153k', 'abr': 'True'}",205.6640625,-2.752,-0.884,0.7640867469890509,1.8396608697334176
"{'ar': '32000', 'sample_fmt': 's16p', 'compression_level': '7', 'reservoir': '1', 'b:a': '102k', 'abr': 'True'}",136.16796875,-3.523,-2.102,0.6326468280167319,-0.2203419828907915
"{'ar': '16000', 'sample_fmt': 's16p', 'compression_level': '5', 'reservoir': '1', 'b:a': '32k', 'abr': 'True'}",43.35546875,-3.405,-1.842,0.5862003219954204,0.2881404849098225
"{'ar': '16000', 'sample_fmt': 's32p', 'compression_level': '8', 'reservoir': '1', 'b:a': '32k', 'abr': 'True'}",42.828125,-3.448,-1.93,0.5941418209986296,0.1604473025913988
"{'ar': '16000', 'sample_fmt': 's16p', 'compression_level': '0', 'reservoir': '1', 'b:a': '32k', 'abr': 'True'}",43.8125,-3.269,-1.591,0.9840663399954792,0.6540553957768853
"{'ar': '16000', 'sample_fmt': 's16p', 'compression_level': '2', 'reservoir': '1', 'aq': '9'}",59.73828125,-3.818,-3.217,0.6275255880027544,-1.1370750972925237
"{'ar': '44100', 'sample_fmt': 's16p', 'compression_level': '0', 'reservoir': '1', 'b:a': '254k', 'abr': 'True'}",341.0908203125,-2.587,-0.701,1.118100280960789,2.0395676541660714
"{'ar': '44100', 'sample_fmt': 'fltp', 'compression_level': '8', 'reservoir': '1', 'aq': '5'}",141.6572265625,-3.004,-1.195,0.6588868010148872,1.264318044423118
"{'ar': '16000', 'sample_fmt': 'fltp', 'compression_level': '5', 'reservoir': '0', 'aq': '9'}",65.609375,-3.818,-3.218,0.6510563430201728,-1.1484980782931817
"{'ar': '44100', 'sample_fmt': 'fltp', 'compression_level': '9', 'reservoir': '1', 'b:a': '32k', 'abr': 'True'}",48.16796875,-3.35,-1.734,0.6265017639962025,0.43969864212367027
"{'ar': '44100', 'sample_fmt': 'fltp', 'compression_level': '0', 'reservoir': '1', 'b:a': '167k', 'abr': 'True'}",220.8173828125,-2.696,-0.82,1.4298221989884041,1.9169406791332135
"{'ar': '44100', 'sample_fmt': 'fltp', 'compression_level': '7', 'reservoir': '1', 'b:a': '128k'}",178.4443359375,-2.916,-1.081,0.7450763170199934,1.4402444280727846
"{'ar': '44100', 'sample_fmt': 'fltp', 'compression_level': '0', 'reservoir': '1', 'b:a': '168k', 'abr': 'True'}",221.9931640625,-2.707,-0.832,1.3204041139979381,1.8937371162912735
"{'ar': '44100', 'sample_fmt': 's32p', 'compression_level': '7', 'reservoir': '1', 'b:a': '107k'}",156.1484375,-3.068,-1.283,0.5919560859911144,1.069265613015366
"{'ar': '44100', 'sample_fmt': 's32p', 'compression_level': '5', 'reservoir': '1', 'b:a': '102k', 'abr': 'True'}",135.8388671875,-3.193,-1.468,0.6585531980090309,0.7471484553813645
"{'ar': '44100', 'sample_fmt': 's16p', 'compression_level': '5', 'reservoir': '1', 'b:a': '143k', 'abr': 'True'}",191.458984375,-2.768,-0.902,0.7047573679883499,1.8237553592128553
"{'ar': '44100', 'sample_fmt': 's32p', 'compression_level': '5', 'reservoir': '1', 'b:a': '114k'}",156.1484375,-2.963,-1.14,0.6855567900056485,1.3521013398594937
"{'ar': '32000', 'sample_fmt': 'fltp', 'compression_level': '7', 'reservoir': '1', 'b:a': '128k', 'abr': 'True'}",173.5390625,-3.302,-1.648,0.7155514729965944,0.37203294307532364
"{'ar': '44100', 'sample_fmt': 's16p', 'compression_level': '5', 'reservoir': '1', 'aq': '9'}",105.1748046875,-3.341,-1.719,0.6936757979856338,0.36947114136949055
"{'ar': '44100', 'sample_fmt': 'fltp', 'compression_level': '8', 'reservoir': '1', 'aq': '9'}",97.1474609375,-3.314,-1.668,0.7306900880066678,0.4585409569979585
"{'ar': '44100', 'sample_fmt': 'fltp', 'compression_level': '2', 'reservoir': '1', 'aq': '9'}",103.837890625,-3.343,-1.721,0.6894353620009497,0.3666270382059984
"{'ar': '16000', 'sample_fmt': 's32p', 'compression_level': '5', 'reservoir': '1', 'b:a': '87k', 'abr': 'True'}",110.99609375,-3.762,-2.905,0.6247425879992079,-0.9897601326747973
"{'ar': '32000', 'sample_fmt': 'fltp', 'compression_level': '7', 'reservoir': '0', 'b:a': '180k'}",268.390625,-3.174,-1.438,0.653258582984563,0.5897642182518109
"{'ar': '44100', 'sample_fmt': 's32p', 'compression_level': '5', 'reservoir': '1', 'b:a': '205k', 'abr': 'True'}",279.830078125,-2.606,-0.721,0.8536708260071464,2.106286010230639
"{'ar': '8000', 'sample_fmt': 's16p', 'compression_level': '2', 'reservoir': '1', 'b:a': '167k'}",91.484375,-3.858,-3.514,0.682761936011957,-1.3787025543635105
"{'ar': '44100', 'sample_fmt': 'fltp', 'compression_level': '5', 'reservoir': '1', 'b:a': '144k', 'abr': 'True'}",196.421875,-2.716,-0.843,0.7378128900018055,1.9531618347877753
"{'ar': '44100', 'sample_fmt': 's32p', 'compression_level': '5', 'reservoir': '1', 'b:a': '114k'}",156.1484375,-2.963,-1.14,0.7405201310175471,1.3480388405238304
"{'ar': '44100', 'sample_fmt': 'fltp', 'compression_level': '8', 'reservoir': '1', 'b:a': '168k', 'abr': 'True'}",226.8955078125,-2.683,-0.806,0.6244076400180347,2.001478156871059
"{'ar': '44100', 'sample_fmt': 's32p', 'compression_level': '9', 'reservoir': '1', 'b:a': '194k', 'abr': 'True'}",265.4287109375,-2.623,-0.74,0.6417083350243047,2.0993298692723164
"{'ar': '44100', 'sample_fmt': 'fltp', 'compression_level': '7', 'reservoir': '1', 'b:a': '115k'}",156.1484375,-3.068,-1.283,0.6371822159562726,1.0659228190811634
"{'ar': '44100', 'sample_fmt': 'fltp', 'compression_level': '7', 'reservoir': '1', 'b:a': '32k'}",44.771484375,-3.286,-1.619,0.684258380002575,0.6262430722183052
"{'ar': '44100', 'sample_fmt': 'fltp', 'compression_level': '7', 'reservoir': '1', 'b:a': '103k'}",133.853515625,-3.284,-1.617,0.7477273969852831,0.4846976418720408
"{'ar': '44100', 'sample_fmt': 's16p', 'compression_level': '9', 'reservoir': '1', 'b:a': '253k', 'abr': 'True'}",349.2236328125,-2.601,-0.716,0.6768854370166082,2.0218508711392262
"{'ar': '44100', 'sample_fmt': 'fltp', 'compression_level': '5', 'reservoir': '1', 'b:a': '102k', 'abr': 'True'}",135.8896484375,-3.192,-1.466,0.9093605020025279,0.7314903877150921
"{'ar': '8000', 'sample_fmt': 's16p', 'compression_level': '5', 'reservoir': '1', 'aq': '6'}",40.4375,-3.852,-3.456,0.6613221959851217,-1.2633879747708487
"{'ar': '32000', 'sample_fmt': 'fltp', 'compression_level': '7', 'reservoir': '0', 'b:a': '168k'}",223.671875,-3.202,-1.481,0.6751553610374685,0.580698919777087
"{'ar': '44100', 'sample_fmt': 'fltp', 'compression_level': '7', 'reservoir': '1', 'b:a': '128k', 'abr': 'True'}",169.32421875,-2.937,-1.108,0.7863026979903225,1.394303843745049
"{'ar': '44100', 'sample_fmt': 's16p', 'compression_level': '0', 'reservoir': '1', 'b:a': '193k', 'abr': 'True'}",260.84765625,-2.625,-0.742,1.1167665209795814,2.066235980536113
"{'ar': '44100', 'sample_fmt': 's32p', 'compression_level': '5', 'reservoir': '1', 'b:a': '99k'}",133.853515625,-3.226,-1.519,0.7227016809920315,0.6525986834288682
"{'ar': '32000', 'sample_fmt': 's16p', 'compression_level': '8', 'reservoir': '1', 'b:a': '145k', 'abr': 'True'}",198.78125,-3.241,-1.543,0.5727600950049236,0.5175583421267301
"{'ar': '44100', 'sample_fmt': 'fltp', 'compression_level': '7', 'reservoir': '1', 'b:a': '254k', 'abr': 'True'}",350.5458984375,-2.6,-0.714,0.6431429829681292,2.0251958356022084
"{'ar': '32000', 'sample_fmt': 's16p', 'compression_level': '2', 'reservoir': '1', 'b:a': '254k', 'abr': 'True'}",323.515625,-3.177,-1.442,0.8420800759922713,0.479595217530538
"{'ar': '44100', 'sample_fmt': 's32p', 'compression_level': '7', 'reservoir': '1', 'b:a': '106k'}",156.1484375,-3.068,-1.283,0.6635821879899595,1.0639715208726872
"{'ar': '44100', 'sample_fmt': 's32p', 'compression_level': '9', 'reservoir': '1', 'b:a': '139k', 'abr': 'True'}",185.037109375,-2.844,-0.992,0.7302573790075257,1.6266512059870493
"{'ar': '44100', 'sample_fmt': 'fltp', 'compression_level': '5', 'reservoir': '1', 'aq': '9'}",105.197265625,-3.343,-1.721,0.6879562059766613,0.36456726032575815
"{'ar': '16000', 'sample_fmt': 'fltp', 'compression_level': '8', 'reservoir': '0', 'b:a': '76k', 'abr': 'True'}",114.23046875,-3.755,-2.873,0.5857144109904766,-0.9656321911361035
"{'ar': '44100', 'sample_fmt': 's16p', 'compression_level': '5', 'reservoir': '1', 'b:a': '170k', 'abr': 'True'}",230.3603515625,-2.645,-0.763,0.7654398519662209,2.087627679446707
"{'ar': '44100', 'sample_fmt': 's16p', 'compression_level': '8', 'reservoir': '1', 'aq': '9'}",97.146484375,-3.315,-1.67,0.6450036629976239,0.4619149918499493
"{'ar': '44100', 'sample_fmt': 'fltp', 'compression_level': '5', 'reservoir': '1', 'b:a': '194k', 'abr': 'True'}",266.75,-2.623,-0.74,0.7359595559828449,2.0902551550251567
"{'ar': '44100', 'sample_fmt': 's32p', 'compression_level': '9', 'reservoir': '1', 'b:a': '169k', 'abr': 'True'}",228.228515625,-2.681,-0.803,0.6537201500032097,2.0027908020795637
"{'ar': '44100', 'sample_fmt': 'fltp', 'compression_level': '9', 'reservoir': '1', 'b:a': '257k', 'abr': 'True'}",354.716796875,-2.599,-0.713,0.6648045820184052,2.0195848054592562
"{'ar': '44100', 'sample_fmt': 's16p', 'compression_level': '5', 'reservoir': '1', 'b:a': '105k', 'abr': 'True'}",139.5458984375,-3.123,-1.361,0.7501244790328201,0.9313146771723002
"{'ar': '44100', 'sample_fmt': 's16p', 'compression_level': '7', 'reservoir': '1', 'b:a': '114k', 'abr': 'True'}",149.4013671875,-3.141,-1.388,0.649309387023095,0.8725839311299974
"{'ar': '12000', 'sample_fmt': 'fltp', 'compression_level': '5', 'reservoir': '0', 'b:a': '98k', 'abr': 'True'}",87.734375,-3.76,-2.894,0.6139483609877061,-0.9437144806872577
"{'ar': '32000', 'sample_fmt': 's16p', 'compression_level': '7', 'reservoir': '1', 'b:a': '254k', 'abr': 'True'}",352.0625,-3.172,-1.435,1.0662757380050607,0.4313309283565777
"{'ar': '44100', 'sample_fmt': 's32p', 'compression_level': '5', 'reservoir': '1', 'aq': '9'}",105.197265625,-3.343,-1.721,0.8434489820210729,0.3530743399946571
"{'ar': '16000', 'sample_fmt': 'fltp', 'compression_level': '9', 'reservoir': '1', 'b:a': '32k', 'abr': 'True'}",42.828125,-3.448,-1.93,0.6531234780268278,0.15608779790915045
"{'ar': '44100', 'sample_fmt': 'fltp', 'compression_level': '5', 'reservoir': '1', 'b:a': '205k', 'abr': 'True'}",279.830078125,-2.606,-0.721,0.7837564689689316,2.111453582357661
"{'ar': '44100', 'sample_fmt': 'fltp', 'compression_level': '7', 'reservoir': '1', 'b:a': '32k', 'abr': 'True'}",48.16796875,-3.35,-1.734,0.8452676059969235,0.423529026677597
"{'ar': '44100', 'sample_fmt': 's32p', 'compression_level': '5', 'reservoir': '1', 'b:a': '194k', 'abr': 'True'}",266.75,-2.623,-0.74,0.7590845539816655,2.088545919609735
"{'ar': '16000', 'sample_fmt': 's16p', 'compression_level': '2', 'reservoir': '1', 'b:a': '251k', 'abr': 'True'}",180.46484375,-3.755,-2.872,0.8087550659838598,-1.0874901599301283
"{'ar': '44100', 'sample_fmt': 's32p', 'compression_level': '5', 'reservoir': '1', 'b:a': '99k', 'abr': 'True'}",132.0302734375,-3.242,-1.545,0.7736600700009149,0.6062605606819934
"{'ar': '44100', 'sample_fmt': 'fltp', 'compression_level': '7', 'reservoir': '1', 'b:a': '32k', 'abr': 'True'}",48.16796875,-3.35,-1.734,0.6672723230149131,0.43668517231126774
"{'ar': '44100', 'sample_fmt': 's32p', 'compression_level': '8', 'reservoir': '1', 'b:a': '75k'}",111.5576171875,-3.476,-1.993,0.7514783079968765,-0.04596324907918736
"{'ar': '44100', 'sample_fmt': 's32p', 'compression_level': '7', 'reservoir': '1', 'b:a': '103k'}",133.853515625,-3.284,-1.617,0.9175795649935026,0.4721433773933765
"{'ar': '44100', 'sample_fmt': 'fltp', 'compression_level': '5', 'reservoir': '1', 'b:a': '193k', 'abr': 'True'}",265.427734375,-2.62,-0.736,0.7547369539970532,2.099228802890436
"{'ar': '32000', 'sample_fmt': 's32p', 'compression_level': '7', 'reservoir': '1', 'b:a': '32k', 'abr': 'True'}",46.73046875,-3.442,-1.918,0.6429979229869787,0.16837450305376847
"{'ar': '44100', 'sample_fmt': 's16p', 'compression_level': '5', 'reservoir': '1', 'b:a': '242k', 'abr': 'True'}",337.033203125,-2.593,-0.708,0.8530638059892226,2.0494440260352986
"{'ar': '44100', 'sample_fmt': 's16p', 'compression_level': '2', 'reservoir': '1', 'aq': '9'}",103.81640625,-3.341,-1.719,0.7666937469912227,0.36624172210257594
"{'ar': '16000', 'sample_fmt': 'fltp', 'compression_level': '5', 'reservoir': '1', 'b:a': '32k', 'abr': 'True'}",43.42578125,-3.404,-1.84,0.6002276799990796,0.2899523418379013
"{'ar': '11025', 'sample_fmt': 'fltp', 'compression_level': '9', 'reservoir': '1', 'b:a': '128k', 'abr': 'True'}",88.705078125,-3.849,-3.439,0.6784820660250261,-1.3293225699862372
"{'ar': '44100', 'sample_fmt': 's16p', 'compression_level': '5', 'reservoir': '1', 'b:a': '254k', 'abr': 'True'}",350.544921875,-2.585,-0.699,0.6920394160260912,2.0612642609129725
"{'ar': '44100', 'sample_fmt': 's32p', 'compression_level': '5', 'reservoir': '1', 'b:a': '266k'}",356.8115234375,-2.592,-0.706,0.6951921329891775,2.032514066452191
"{'ar': '44100', 'sample_fmt': 's32p', 'compression_level': '9', 'reservoir': '1', 'b:a': '143k', 'abr': 'True'}",190.841796875,-2.805,-0.945,0.6347334530146327,1.730143441794104
"{'ar': '44100', 'sample_fmt': 'fltp', 'compression_level': '0', 'reservoir': '1', 'b:a': '193k', 'abr': 'True'}",260.6455078125,-2.621,-0.737,1.0412718169973232,2.0830356167267627
"{'ar': '44100', 'sample_fmt': 'fltp', 'compression_level': '5', 'reservoir': '1', 'b:a': '104k', 'abr': 'True'}",138.3779296875,-3.17,-1.431,0.6921213759924285,0.8058763735607284
"{'ar': '44100', 'sample_fmt': 's32p', 'compression_level': '8', 'reservoir': '1', 'b:a': '166k', 'abr': 'True'}",224.0419921875,-2.692,-0.815,0.6128252029884607,1.9830789359347019
"{'ar': '44100', 'sample_fmt': 'fltp', 'compression_level': '0', 'reservoir': '1', 'b:a': '193k', 'abr': 'True'}",260.6455078125,-2.621,-0.737,1.0272228690155316,2.084074015062672
"{'ar': '44100', 'sample_fmt': 'fltp', 'compression_level': '5', 'reservoir': '1', 'b:a': '141k', 'abr': 'True'}",188.943359375,-2.791,-0.929,0.9599313869839534,1.7468028567081466
"{'ar': '32000', 'sample_fmt': 's16p', 'compression_level': '7', 'reservoir': '1', 'b:a': '254k', 'abr': 'True'}",352.0625,-3.172,-1.435,0.607158832019195,0.4652655853701619
"{'ar': '44100', 'sample_fmt': 'fltp', 'compression_level': '5', 'reservoir': '1', 'b:a': '103k', 'abr': 'True'}",137.1591796875,-3.16,-1.416,0.6922611889895052,0.8358420103167423
"{'ar': '44100', 'sample_fmt': 's16p', 'compression_level': '5', 'reservoir': '1', 'b:a': '143k'}",178.4443359375,-2.851,-1.001,0.7737371579860337,1.6148086546020528
"{'ar': '44100', 'sample_fmt': 'fltp', 'compression_level': '5', 'reservoir': '1', 'b:a': '113k', 'abr': 'True'}",150.56640625,-2.991,-1.178,1.7257858169905376,1.2068963777598543
"{'ar': '44100', 'sample_fmt': 's32p', 'compression_level': '7', 'reservoir': '1', 'b:a': '267k'}",356.8115234375,-2.604,-0.719,0.9880547209759243,1.9788075330719777
"{'ar': '44100', 'sample_fmt': 's16p', 'compression_level': '2', 'reservoir': '1', 'b:a': '107k', 'abr': 'True'}",140.1044921875,-3.255,-1.568,0.82904062999296,0.5517387431174852
"{'ar': '44100', 'sample_fmt': 'fltp', 'compression_level': '6', 'reservoir': '1', 'b:a': '190k'}",267.6279296875,-2.616,-0.732,0.7587712430395186,2.1060014281245123
"{'ar': '44100', 'sample_fmt': 'fltp', 'compression_level': '7', 'reservoir': '1', 'b:a': '32k'}",44.771484375,-3.286,-1.619,0.6426513999758754,0.6293183643240169
"{'ar': '16000', 'sample_fmt': 'fltp', 'compression_level': '9', 'reservoir': '1', 'b:a': '32k', 'abr': 'True'}",42.828125,-3.448,-1.93,0.6072186550009064,0.15948075600837122
"{'ar': '44100', 'sample_fmt': 's16p', 'compression_level': '5', 'reservoir': '1', 'b:a': '170k', 'abr': 'True'}",230.3603515625,-2.645,-0.763,1.1159459130140021,2.061720763783695
"{'ar': '8000', 'sample_fmt': 's16p', 'compression_level': '2', 'reservoir': '1', 'aq': '1'}",70.8828125,-3.86,-3.527,0.5498037509969436,-1.3447628816091717
"{'ar': '44100', 'sample_fmt': 'fltp', 'compression_level': '7', 'reservoir': '1', 'b:a': '144k', 'abr': 'True'}",192.5791015625,-2.807,-0.948,0.8094798769743647,1.708849022215761
"{'ar': '44100', 'sample_fmt': 's32p', 'compression_level': '7', 'reservoir': '1', 'b:a': '114k'}",156.1484375,-3.068,-1.283,0.6561306940275244,1.0645222823204954
"{'ar': '16000', 'sample_fmt': 's32p', 'compression_level': '7', 'reservoir': '0', 'b:a': '107k'}",157.0859375,-3.767,-2.929,0.5772027269704267,-1.079010947610313
"{'ar': '44100', 'sample_fmt': 's32p', 'compression_level': '9', 'reservoir': '1', 'b:a': '253k', 'abr': 'True'}",349.12109375,-2.602,-0.717,0.6405513039790094,2.0220546535967876
"{'ar': '44100', 'sample_fmt': 'fltp', 'compression_level': '9', 'reservoir': '1', 'b:a': '193k', 'abr': 'True'}",263.8056640625,-2.63,-0.747,0.6573034290049691,2.082249255553454
"{'ar': '16000', 'sample_fmt': 'fltp', 'compression_level': '9', 'reservoir': '1', 'b:a': '32k', 'abr': 'True'}",42.828125,-3.448,-1.93,0.5687028309912421,0.1623275718418177
"{'ar': '44100', 'sample_fmt': 's32p', 'compression_level': '5', 'reservoir': '1', 'aq': '9'}",105.197265625,-3.343,-1.721,0.6298727400135249,0.3688603771113115
"{'ar': '44100', 'sample_fmt': 'fltp', 'compression_level': '5', 'reservoir': '1', 'b:a': '139k', 'abr': 'True'}",186.634765625,-2.807,-0.948,0.7174304090149235,1.7251378308139338
"{'ar': '44100', 'sample_fmt': 'fltp', 'compression_level': '7', 'reservoir': '1', 'b:a': '145k', 'abr': 'True'}",193.97265625,-2.802,-0.942,0.6094114909938071,1.7349554484095866
"{'ar': '32000', 'sample_fmt': 'fltp', 'compression_level': '7', 'reservoir': '1', 'b:a': '32k'}",44.8671875,-3.434,-1.9,0.5767017259786371,0.20056557251247722
"{'ar': '44100', 'sample_fmt': 's32p', 'compression_level': '9', 'reservoir': '1', 'b:a': '143k', 'abr': 'True'}",190.841796875,-2.805,-0.945,0.6159643480204977,1.731530720572393
"{'ar': '8000', 'sample_fmt': 's32p', 'compression_level': '9', 'reservoir': '1', 'b:a': '265k', 'abr': 'True'}",90.21875,-3.858,-3.51,0.5589198639790993,-1.366267682359701
"{'ar': '44100', 'sample_fmt': 's16p', 'compression_level': '9', 'reservoir': '1', 'b:a': '32k', 'abr': 'True'}",48.193359375,-3.355,-1.744,0.6161814509832766,0.4256166580843402
"{'ar': '44100', 'sample_fmt': 's16p', 'compression_level': '5', 'reservoir': '1', 'b:a': '143k', 'abr': 'True'}",191.458984375,-2.768,-0.902,0.7654679989791475,1.819268061069636
"{'ar': '44100', 'sample_fmt': 's32p', 'compression_level': '7', 'reservoir': '1', 'b:a': '103k', 'abr': 'True'}",134.2138671875,-3.278,-1.606,0.6261396259942558,0.5105592146017638
"{'ar': '44100', 'sample_fmt': 'fltp', 'compression_level': '8', 'reservoir': '1', 'aq': '5'}",141.6572265625,-3.004,-1.195,0.6049291770032141,1.2683062083095515
"{'ar': '32000', 'sample_fmt': 'fltp', 'compression_level': '7', 'reservoir': '1', 'b:a': '32k'}",44.8671875,-3.434,-1.9,0.6031351290002931,0.19861180332309053
"{'ar': '12000', 'sample_fmt': 's16p', 'compression_level': '2', 'reservoir': '1', 'aq': '5'}",63.453125,-3.768,-2.937,0.5781435920216609,-0.9345275297764971
"{'ar': '32000', 'sample_fmt': 's16p', 'compression_level': '7', 'reservoir': '1', 'b:a': '195k', 'abr': 'True'}",271.2734375,-3.18,-1.447,0.5911563659901731,0.5729356179622711
"{'ar': '16000', 'sample_fmt': 's32p', 'compression_level': '8', 'reservoir': '1', 'b:a': '86k', 'abr': 'True'}",119.71484375,-3.714,-2.693,0.5666757420112845,-0.8206662463486537
"{'ar': '16000', 'sample_fmt': 'fltp', 'compression_level': '0', 'reservoir': '0', 'b:a': '193k', 'abr': 'True'}",142.42578125,-3.738,-2.794,0.9036828209937084,-0.9695942597552065
"{'ar': '16000', 'sample_fmt': 's32p', 'compression_level': '8', 'reservoir': '1', 'b:a': '75k', 'abr': 'True'}",103.75390625,-3.759,-2.892,0.5580837469897233,-0.9621863100490722
"{'ar': '32000', 'sample_fmt': 's32p', 'compression_level': '8', 'reservoir': '1', 'b:a': '139k', 'abr': 'True'}",189.1484375,-3.256,-1.57,0.5963207639870234,0.4877211984003258
"{'ar': '44100', 'sample_fmt': 'fltp', 'compression_level': '5', 'reservoir': '1', 'b:a': '105k', 'abr': 'True'}",139.4951171875,-3.13,-1.371,0.6849245070188772,0.9167506763799295
"{'ar': '44100', 'sample_fmt': 's16p', 'compression_level': '5', 'reservoir': '1', 'b:a': '105k', 'abr': 'True'}",139.5458984375,-3.123,-1.361,0.78939825395355,0.9284118389971259
"{'ar': '44100', 'sample_fmt': 'fltp', 'compression_level': '5', 'reservoir': '1', 'b:a': '205k', 'abr': 'True'}",279.830078125,-2.606,-0.721,0.8944894890009891,2.1032689849144512
"{'ar': '8000', 'sample_fmt': 's16p', 'compression_level': '8', 'reservoir': '1', 'aq': '5'}",41.9140625,-3.857,-3.501,0.5644027990056202,-1.284425798203576
"{'ar': '32000', 'sample_fmt': 's16p', 'compression_level': '5', 'reservoir': '1', 'b:a': '32k', 'abr': 'True'}",46.765625,-3.429,-1.89,0.6345485170022584,0.20806495279765788
"{'ar': '44100', 'sample_fmt': 'fltp', 'compression_level': '5', 'reservoir': '1', 'b:a': '142k', 'abr': 'True'}",190.177734375,-2.785,-0.922,0.7646355990145821,1.775455920033051
"{'ar': '44100', 'sample_fmt': 'fltp', 'compression_level': '5', 'reservoir': '1', 'b:a': '114k', 'abr': 'True'}",152.1416015625,-2.973,-1.155,0.703206350968685,1.32915912160969
"{'ar': '44100', 'sample_fmt': 'fltp', 'compression_level': '7', 'reservoir': '1', 'b:a': '153k', 'abr': 'True'}",205.6640625,-2.752,-0.884,0.6291700350120664,1.8496329537204108
"{'ar': '44100', 'sample_fmt': 'fltp', 'compression_level': '5', 'reservoir': '1', 'b:a': '114k', 'abr': 'True'}",152.1416015625,-2.973,-1.155,0.705649026989704,1.3289785763675352
"{'ar': '44100', 'sample_fmt': 'fltp', 'compression_level': '5', 'reservoir': '1', 'b:a': '167k'}",223.037109375,-2.652,-0.771,0.7287277790019289,2.0831933810706613
"{'ar': '44100', 'sample_fmt': 'fltp', 'compression_level': '5', 'reservoir': '1', 'b:a': '114k', 'abr': 'True'}",152.1416015625,-2.973,-1.155,0.7049651200068183,1.3290291259086016
"{'ar': '44100', 'sample_fmt': 's32p', 'compression_level': '7', 'reservoir': '1', 'b:a': '103k'}",133.853515625,-3.284,-1.617,0.6274735810002312,0.49358594885186047
"{'ar': '32000', 'sample_fmt': 'fltp', 'compression_level': '7', 'reservoir': '0', 'b:a': '169k'}",223.671875,-3.202,-1.481,0.6285077519714832,0.584146779338605
"{'ar': '44100', 'sample_fmt': 's16p', 'compression_level': '7', 'reservoir': '1', 'b:a': '194k', 'abr': 'True'}",265.3271484375,-2.62,-0.736,0.6535572770226281,2.1068677865669616
"{'ar': '44100', 'sample_fmt': 's16p', 'compression_level': '5', 'reservoir': '1', 'b:a': '143k', 'abr': 'True'}",191.458984375,-2.768,-0.902,0.8069723879743833,1.8162003517634682
"{'ar': '44100', 'sample_fmt': 's16p', 'compression_level': '5', 'reservoir': '1', 'b:a': '170k', 'abr': 'True'}",230.3603515625,-2.645,-0.763,0.8192688070121221,2.083649025855287
"{'ar': '16000', 'sample_fmt': 's16p', 'compression_level': '2', 'reservoir': '1', 'b:a': '32k', 'abr': 'True'}",43.390625,-3.31,-1.661,0.6253227950073779,0.5636347987694685
"{'ar': '44100', 'sample_fmt': 's16p', 'compression_level': '5', 'reservoir': '1', 'b:a': '242k', 'abr': 'True'}",337.033203125,-2.593,-0.708,0.7060371819825377,2.060311188608671
"{'ar': '44100', 'sample_fmt': 'fltp', 'compression_level': '9', 'reservoir': '1', 'b:a': '197k', 'abr': 'True'}",269.39453125,-2.617,-0.733,0.626015076006297,2.110349520158204
"{'ar': '44100', 'sample_fmt': 's16p', 'compression_level': '7', 'reservoir': '1', 'b:a': '110k', 'abr': 'True'}",143.55859375,-3.209,-1.493,0.6094030789972749,0.6932977226233333
"{'ar': '44100', 'sample_fmt': 's16p', 'compression_level': '5', 'reservoir': '1', 'b:a': '146k', 'abr': 'True'}",199.328125,-2.719,-0.846,0.713656397012528,1.9423737219761317
"{'ar': '44100', 'sample_fmt': 'fltp', 'compression_level': '0', 'reservoir': '1', 'b:a': '32k', 'abr': 'True'}",48.244140625,-3.132,-1.375,1.008261561015388,1.032536144903895
"{'ar': '44100', 'sample_fmt': 's16p', 'compression_level': '2', 'reservoir': '1', 'aq': '9'}",103.81640625,-3.341,-1.719,0.6680280379659962,0.3735343897240907
"{'ar': '44100', 'sample_fmt': 'fltp', 'compression_level': '9', 'reservoir': '1', 'b:a': '256k', 'abr': 'True'}",353.083984375,-2.599,-0.713,0.647609489999013,2.023461165507585
"{'ar': '44100', 'sample_fmt': 's32p', 'compression_level': '9', 'reservoir': '1', 'b:a': '106k', 'abr': 'True'}",138.0224609375,-3.264,-1.582,0.6377653169911355,0.5438128194631988
"{'ar': '44100', 'sample_fmt': 'fltp', 'compression_level': '9', 'reservoir': '1', 'b:a': '143k', 'abr': 'True'}",190.841796875,-2.805,-0.945,0.6579286619962659,1.7284290168820875
"{'ar': '16000', 'sample_fmt': 'fltp', 'compression_level': '9', 'reservoir': '1', 'b:a': '32k', 'abr': 'True'}",42.828125,-3.448,-1.93,0.5530152239953168,0.16348708819991717
"{'ar': '44100', 'sample_fmt': 'fltp', 'compression_level': '5', 'reservoir': '1', 'b:a': '141k', 'abr': 'True'}",188.943359375,-2.791,-0.929,0.7171922909910791,1.7647444046209113
"{'ar': '32000', 'sample_fmt': 'fltp', 'compression_level': '7', 'reservoir': '1', 'b:a': '32k'}",44.8671875,-3.434,-1.9,0.574786648969166,0.20070712138733612
"{'ar': '44100', 'sample_fmt': 'fltp', 'compression_level': '7', 'reservoir': '1', 'b:a': '143k', 'abr': 'True'}",190.841796875,-2.805,-0.945,0.6200643279880751,1.7312276792072236
"{'ar': '44100', 'sample_fmt': 'fltp', 'compression_level': '5', 'reservoir': '1', 'b:a': '141k'}",178.4443359375,-2.833,-0.979,0.7157505609793589,1.6679735775783053
"{'ar': '44100', 'sample_fmt': 's16p', 'compression_level': '5', 'reservoir': '1', 'b:a': '239k', 'abr': 'True'}",325.0439453125,-2.598,-0.713,0.7092350540042389,2.065978677779699
"{'ar': '44100', 'sample_fmt': 's32p', 'compression_level': '9', 'reservoir': '1', 'b:a': '194k', 'abr': 'True'}",265.4287109375,-2.623,-0.74,0.6872188980341889,2.0959660520699868
"{'ar': '44100', 'sample_fmt': 's16p', 'compression_level': '5', 'reservoir': '1', 'b:a': '254k', 'abr': 'True'}",350.544921875,-2.585,-0.699,0.7161532739992253,2.05948193599981
"{'ar': '44100', 'sample_fmt': 'fltp', 'compression_level': '9', 'reservoir': '1', 'b:a': '128k', 'abr': 'True'}",169.32421875,-2.937,-1.108,0.6573491759772878,1.4038351711328074
"{'ar': '44100', 'sample_fmt': 's16p', 'compression_level': '5', 'reservoir': '1', 'b:a': '254k', 'abr': 'True'}",350.544921875,-2.585,-0.699,0.711531842011027,2.0598235193904157
"{'ar': '44100', 'sample_fmt': 's16p', 'compression_level': '5', 'reservoir': '1', 'b:a': '109k'}",156.1484375,-2.956,-1.132,0.7178520229936112,1.3685475380090486
"{'ar': '16000', 'sample_fmt': 's32p', 'compression_level': '8', 'reservoir': '1', 'b:a': '86k', 'abr': 'True'}",119.71484375,-3.714,-2.693,0.7030806120310444,-0.8307483243962123
"{'ar': '32000', 'sample_fmt': 'fltp', 'compression_level': '7', 'reservoir': '1', 'b:a': '32k'}",44.8671875,-3.434,-1.9,0.6240943080338184,0.19706264984493288
"{'ar': '16000', 'sample_fmt': 'fltp', 'compression_level': '9', 'reservoir': '1', 'b:a': '32k', 'abr': 'True'}",42.828125,-3.448,-1.93,0.5963384170026984,0.16028494583427738
"{'ar': '32000', 'sample_fmt': 's16p', 'compression_level': '5', 'reservoir': '1', 'b:a': '195k', 'abr': 'True'}",261.9921875,-3.18,-1.448,0.6714118339878041,0.5814980081749793
"{'ar': '12000', 'sample_fmt': 's32p', 'compression_level': '7', 'reservoir': '0', 'b:a': '108k'}",90.359375,-3.74,-2.803,0.5507327350205742,-0.8679251788138163
"{'ar': '44100', 'sample_fmt': 's16p', 'compression_level': '2', 'reservoir': '1', 'aq': '5'}",164.283203125,-2.881,-1.037,0.6744175889762118,1.5634914315133477
"{'ar': '32000', 'sample_fmt': 'fltp', 'compression_level': '7', 'reservoir': '1', 'b:a': '153k', 'abr': 'True'}",210.171875,-3.218,-1.507,0.5906810600135941,0.5630032076160361
"{'ar': '44100', 'sample_fmt': 'fltp', 'compression_level': '8', 'reservoir': '1', 'aq': '9'}",97.1474609375,-3.314,-1.668,0.6056609799852595,0.46778221960907973
"{'ar': '44100', 'sample_fmt': 's32p', 'compression_level': '5', 'reservoir': '1', 'b:a': '105k'}",156.1484375,-2.963,-1.14,0.7173069500131533,1.3497545937999742
"{'ar': '44100', 'sample_fmt': 's32p', 'compression_level': '7', 'reservoir': '1', 'b:a': '126k'}",178.4443359375,-2.916,-1.081,0.6295489970070776,1.4487833860793922
"{'ar': '44100', 'sample_fmt': 's32p', 'compression_level': '7', 'reservoir': '1', 'b:a': '266k'}",356.8115234375,-2.604,-0.719,0.6501275200280361,2.003784708841846
"{'ar': '44100', 'sample_fmt': 's32p', 'compression_level': '7', 'reservoir': '1', 'b:a': '103k'}",133.853515625,-3.284,-1.617,0.6131965999957174,0.49464120176731846
"{'ar': '44100', 'sample_fmt': 'fltp', 'compression_level': '5', 'reservoir': '1', 'b:a': '153k', 'abr': 'True'}",208.8876953125,-2.683,-0.806,0.7619263329834212,2.0200481820134684
"{'ar': '16000', 'sample_fmt': 's32p', 'compression_level': '1', 'reservoir': '1', 'b:a': '32k'}",44.97265625,-3.267,-1.587,0.7954583439859562,0.6720664467338847
"{'ar': '44100', 'sample_fmt': 'fltp', 'compression_level': '5', 'reservoir': '1', 'b:a': '127k'}",178.4443359375,-2.833,-0.979,0.7822528770193458,1.6630581992596176
"{'ar': '44100', 'sample_fmt': 's16p', 'compression_level': '5', 'reservoir': '1', 'b:a': '127k', 'abr': 'True'}",170.8017578125,-2.868,-1.022,0.7440766679937951,1.5829623687266485
"{'ar': '44100', 'sample_fmt': 'fltp', 'compression_level': '7', 'reservoir': '1', 'b:a': '116k', 'abr': 'True'}",151.9384765625,-3.099,-1.326,0.6457834770262707,0.9862119761751567
"{'ar': '16000', 'sample_fmt': 'fltp', 'compression_level': '0', 'reservoir': '0', 'aq': '9'}",65.08203125,-3.818,-3.218,0.6080610080098268,-1.1444787051015786
"{'ar': '44100', 'sample_fmt': 's16p', 'compression_level': '5', 'reservoir': '1', 'b:a': '111k', 'abr': 'True'}",147.92578125,-3.026,-1.224,0.7151678829977755,1.1897487099280994
"{'ar': '44100', 'sample_fmt': 's16p', 'compression_level': '8', 'reservoir': '0', 'aq': '9'}",103.8486328125,-3.315,-1.67,0.6310769419942517,0.4522499749818479
"{'ar': '44100', 'sample_fmt': 's32p', 'compression_level': '7', 'reservoir': '1', 'b:a': '103k'}",133.853515625,-3.284,-1.617,0.6285068050201517,0.4935095802793312
"{'ar': '44100', 'sample_fmt': 's16p', 'compression_level': '5', 'reservoir': '1', 'b:a': '143k', 'abr': 'True'}",191.458984375,-2.768,-0.902,0.7204796239966527,1.822593281846142
"{'ar': '44100', 'sample_fmt': 'fltp', 'compression_level': '2', 'reservoir': '1', 'b:a': '193k', 'abr': 'True'}",260.0341796875,-2.621,-0.738,0.7800012460211292,2.1030068957413013
"{'ar': '44100', 'sample_fmt': 's16p', 'compression_level': '5', 'reservoir': '1', 'b:a': '147k', 'abr': 'True'}",200.7529296875,-2.705,-0.83,0.7294929490017239,1.976596150506817
"{'ar': '44100', 'sample_fmt': 'fltp', 'compression_level': '0', 'reservoir': '1', 'b:a': '32k', 'abr': 'True'}",48.244140625,-3.132,-1.375,1.0139986459980719,1.0321121003770939
"{'ar': '16000', 'sample_fmt': 's32p', 'compression_level': '2', 'reservoir': '1', 'b:a': '32k', 'abr': 'True'}",43.49609375,-3.316,-1.673,0.6242071650049184,0.5457838375305164
"{'ar': '44100', 'sample_fmt': 's16p', 'compression_level': '5', 'reservoir': '1', 'b:a': '143k', 'abr': 'True'}",191.458984375,-2.768,-0.902,0.7144332810130436,1.8230401845253075
"{'ar': '16000', 'sample_fmt': 's32p', 'compression_level': '7', 'reservoir': '1', 'b:a': '126k'}",179.515625,-3.769,-2.939,0.5828935859899502,-1.1230362936985694
"{'ar': '44100', 'sample_fmt': 's32p', 'compression_level': '7', 'reservoir': '1', 'b:a': '102k'}",133.853515625,-3.284,-1.617,0.6086872539890464,0.49497450055918796
"{'ar': '44100', 'sample_fmt': 's16p', 'compression_level': '0', 'reservoir': '1', 'b:a': '195k', 'abr': 'True'}",262.982421875,-2.623,-0.74,1.044586112984689,2.0734554655749737
"{'ar': '44100', 'sample_fmt': 's16p', 'compression_level': '2', 'reservoir': '1', 'aq': '4'}",205.1201171875,-2.723,-0.85,0.7026883250218816,1.923360741943997
"{'ar': '44100', 'sample_fmt': 'fltp', 'compression_level': '7', 'reservoir': '1', 'b:a': '194k', 'abr': 'True'}",265.4287109375,-2.623,-0.74,0.6202454680169467,2.1009162517838877
"{'ar': '44100', 'sample_fmt': 's32p', 'compression_level': '9', 'reservoir': '1', 'b:a': '101k'}",133.853515625,-3.284,-1.617,0.6090379350061994,0.4949485807120137
"{'ar': '44100', 'sample_fmt': 's16p', 'compression_level': '7', 'reservoir': '1', 'b:a': '196k', 'abr': 'True'}",268.1728515625,-2.616,-0.733,0.6262299999943934,2.114612963381395
"{'ar': '44100', 'sample_fmt': 's16p', 'compression_level': '8', 'reservoir': '1', 'aq': '5'}",141.7314453125,-3.0,-1.189,0.607753472024342,1.27919153007129
"{'ar': '44100', 'sample_fmt': 'fltp', 'compression_level': '5', 'reservoir': '1', 'b:a': '104k', 'abr': 'True'}",138.3779296875,-3.17,-1.431,0.7088857399940025,0.8046372709813479
"{'ar': '44100', 'sample_fmt': 's32p', 'compression_level': '7', 'reservoir': '1', 'b:a': '107k', 'abr': 'True'}",139.2421875,-3.248,-1.556,0.6230500770325307,0.5884351148719369
"{'ar': '44100', 'sample_fmt': 's16p', 'compression_level': '7', 'reservoir': '1', 'b:a': '32k'}",44.771484375,-3.291,-1.629,0.6180273720237892,0.6163341241041659
"{'ar': '32000', 'sample_fmt': 's16p', 'compression_level': '2', 'reservoir': '1', 'b:a': '168k'}",223.671875,-3.207,-1.49,0.9413299960142467,0.5465363686057029
"{'ar': '44100', 'sample_fmt': 's16p', 'compression_level': '7', 'reservoir': '1', 'b:a': '195k', 'abr': 'True'}",266.853515625,-2.62,-0.736,0.6494794859900139,2.1047336177849316
"{'ar': '44100', 'sample_fmt': 'fltp', 'compression_level': '7', 'reservoir': '1', 'b:a': '128k'}",178.4443359375,-2.916,-1.081,0.6587333719944581,1.4466262846038411
"{'ar': '44100', 'sample_fmt': 'fltp', 'compression_level': '9', 'reservoir': '1', 'b:a': '193k', 'abr': 'True'}",263.8056640625,-2.63,-0.747,0.6197485890006647,2.085025042282565
"{'ar': '44100', 'sample_fmt': 'fltp', 'compression_level': '8', 'reservoir': '1', 'b:a': '170k', 'abr': 'True'}",229.6513671875,-2.676,-0.798,0.6229860129824374,2.01601903829305
"{'ar': '44100', 'sample_fmt': 'fltp', 'compression_level': '5', 'reservoir': '1', 'b:a': '113k', 'abr': 'True'}",150.56640625,-2.991,-1.178,0.7027898480300792,1.2825089654915311
"{'ar': '44100', 'sample_fmt': 's16p', 'compression_level': '5', 'reservoir': '1', 'b:a': '104k'}",133.853515625,-3.218,-1.506,0.6888185850111768,0.6778435429557984
"{'ar': '8000', 'sample_fmt': 's32p', 'compression_level': '2', 'reservoir': '1', 'aq': '9'}",35.8671875,-3.85,-3.441,0.5656134970195126,-1.239629430605241
"{'ar': '32000', 'sample_fmt': 'fltp', 'compression_level': '7', 'reservoir': '1', 'b:a': '32k'}",44.8671875,-3.434,-1.9,0.5761066729901358,0.20060955459809948
"{'ar': '44100', 'sample_fmt': 's16p', 'compression_level': '7', 'reservoir': '1', 'b:a': '195k', 'abr': 'True'}",266.853515625,-2.62,-0.736,0.6334539249946829,2.1059181132995524
"{'ar': '44100', 'sample_fmt': 'fltp', 'compression_level': '9', 'reservoir': '1', 'b:a': '153k', 'abr': 'True'}",205.6640625,-2.752,-0.884,0.622998781997012,1.8500890888608936
"{'ar': '44100', 'sample_fmt': 'fltp', 'compression_level': '7', 'reservoir': '0', 'b:a': '166k'}",223.037109375,-2.705,-0.83,0.6253172399883624,1.9487380013160138
"{'ar': '16000', 'sample_fmt': 's32p', 'compression_level': '2', 'reservoir': '1', 'b:a': '32k', 'abr': 'True'}",43.49609375,-3.316,-1.673,0.63025398098398,0.5453368998908904
"{'ar': '44100', 'sample_fmt': 's16p', 'compression_level': '2', 'reservoir': '1', 'aq': '5'}",164.283203125,-2.881,-1.037,0.7753750520059839,1.5560293737319635
"{'ar': '44100', 'sample_fmt': 's32p', 'compression_level': '9', 'reservoir': '1', 'b:a': '143k', 'abr': 'True'}",190.841796875,-2.805,-0.945,0.6317748710280284,1.7303621191367438
"{'ar': '44100', 'sample_fmt': 'fltp', 'compression_level': '7', 'reservoir': '1', 'b:a': '99k', 'abr': 'True'}",129.541015625,-3.348,-1.731,0.6546212630055379,0.3133824087176919
"{'ar': '44100', 'sample_fmt': 's32p', 'compression_level': '5', 'reservoir': '1', 'aq': '9'}",105.197265625,-3.343,-1.721,0.639432620984735,0.3681537786880796
"{'ar': '16000', 'sample_fmt': 's16p', 'compression_level': '2', 'reservoir': '1', 'b:a': '32k'}",44.97265625,-3.29,-1.626,0.6695564989931881,0.6154807676720874
"{'ar': '44100', 'sample_fmt': 's32p', 'compression_level': '5', 'reservoir': '1', 'aq': '3'}",243.322265625,-2.652,-0.771,0.7152472900052089,2.0518214570779794
"{'ar': '44100', 'sample_fmt': 'fltp', 'compression_level': '5', 'reservoir': '1', 'b:a': '169k', 'abr': 'True'}",229.138671875,-2.651,-0.77,0.7354653819929808,2.0756047342820283
"{'ar': '44100', 'sample_fmt': 's16p', 'compression_level': '7', 'reservoir': '1', 'b:a': '109k'}",156.1484375,-3.065,-1.278,0.6536449389823247,1.0732731172114989
"{'ar': '44100', 'sample_fmt': 's16p', 'compression_level': '2', 'reservoir': '1', 'aq': '5'}",164.283203125,-2.881,-1.037,0.6904081259854138,1.5623095247227339
"{'ar': '44100', 'sample_fmt': 's16p', 'compression_level': '5', 'reservoir': '1', 'b:a': '103k'}",133.853515625,-3.218,-1.506,0.7226163060113322,0.6753454557474472
"{'ar': '8000', 'sample_fmt': 's16p', 'compression_level': '9', 'reservoir': '1', 'b:a': '32k', 'abr': 'True'}",44.4453125,-3.856,-3.492,0.5629673640069086,-1.2831896635801348
"{'ar': '44100', 'sample_fmt': 's16p', 'compression_level': '5', 'reservoir': '1', 'b:a': '254k', 'abr': 'True'}",350.544921875,-2.585,-0.699,0.7960160959919449,2.0535790440846444
"{'ar': '44100', 'sample_fmt': 's32p', 'compression_level': '5', 'reservoir': '1', 'aq': '1'}",306.7607421875,-2.609,-0.724,0.7279522059834562,2.0646697404322265
"{'ar': '44100', 'sample_fmt': 's16p', 'compression_level': '5', 'reservoir': '1', 'b:a': '103k', 'abr': 'True'}",137.1591796875,-3.161,-1.418,0.6875172599975485,0.8332317931607868
"{'ar': '44100', 'sample_fmt': 's16p', 'compression_level': '7', 'reservoir': '1', 'b:a': '32k', 'abr': 'True'}",48.193359375,-3.355,-1.744,0.610009852971416,0.4260728187245338
"{'ar': '11025', 'sample_fmt': 's16p', 'compression_level': '5', 'reservoir': '1', 'b:a': '142k', 'abr': 'True'}",83.1201171875,-3.848,-3.431,0.5753667060344014,-1.3079356862001013
"{'ar': '44100', 'sample_fmt': 'fltp', 'compression_level': '2', 'reservoir': '1', 'b:a': '32k', 'abr': 'True'}",47.76171875,-3.294,-1.634,0.6998957880132366,0.5969444762285271
"{'ar': '12000', 'sample_fmt': 's16p', 'compression_level': '7', 'reservoir': '1', 'b:a': '32k', 'abr': 'True'}",42.78125,-3.777,-2.979,0.555514317995403,-0.9340882491347204
"{'ar': '44100', 'sample_fmt': 's32p', 'compression_level': '9', 'reservoir': '1', 'aq': '9'}",97.1474609375,-3.314,-1.668,0.6173583669879008,0.46691763193932834
"{'ar': '44100', 'sample_fmt': 's16p', 'compression_level': '2', 'reservoir': '1', 'b:a': '32k', 'abr': 'True'}",47.8125,-3.293,-1.632,0.7077255019685254,0.599245584258973
"{'ar': '44100', 'sample_fmt': 'fltp', 'compression_level': '2', 'reservoir': '1', 'b:a': '193k', 'abr': 'True'}",260.0341796875,-2.621,-0.738,0.7865833799878601,2.1025203912025527
"{'ar': '44100', 'sample_fmt': 's16p', 'compression_level': '7', 'reservoir': '1', 'b:a': '194k', 'abr': 'True'}",265.3271484375,-2.62,-0.736,0.6252591290103737,2.1089593844462717
"{'ar': '44100', 'sample_fmt': 's16p', 'compression_level': '5', 'reservoir': '1', 'b:a': '254k'}",356.8115234375,-2.595,-0.709,0.7235194490058348,2.0224841239444684
"{'ar': '16000', 'sample_fmt': 's16p', 'compression_level': '5', 'reservoir': '1', 'b:a': '32k'}",44.97265625,-3.328,-1.693,0.6184418210177682,0.5095854500253756
"{'ar': '16000', 'sample_fmt': 'fltp', 'compression_level': '0', 'reservoir': '1', 'b:a': '201k', 'abr': 'True'}",132.4765625,-3.738,-2.795,0.9169564510229975,-0.955015194279451
"{'ar': '44100', 'sample_fmt': 's16p', 'compression_level': '2', 'reservoir': '1', 'b:a': '258k', 'abr': 'True'}",344.7490234375,-2.586,-0.699,0.8294931779673789,2.058023028400239
"{'ar': '44100', 'sample_fmt': 's16p', 'compression_level': '5', 'reservoir': '1', 'aq': '9'}",105.1748046875,-3.341,-1.719,0.6284805120376404,0.3742899133177747
"{'ar': '44100', 'sample_fmt': 's32p', 'compression_level': '7', 'reservoir': '1', 'b:a': '267k'}",356.8115234375,-2.604,-0.719,0.6939898500277195,2.000542717303417
"{'ar': '16000', 'sample_fmt': 's16p', 'compression_level': '5', 'reservoir': '1', 'b:a': '126k', 'abr': 'True'}",164.99609375,-3.769,-2.939,0.5949084409803618,-1.1007560442136608
"{'ar': '44100', 'sample_fmt': 's16p', 'compression_level': '5', 'reservoir': '1', 'b:a': '32k'}",44.771484375,-3.296,-1.637,0.6711555199872237,0.5982339127356191
"{'ar': '44100', 'sample_fmt': 's16p', 'compression_level': '9', 'reservoir': '1', 'b:a': '103k', 'abr': 'True'}",134.2138671875,-3.276,-1.603,0.6365386529942043,0.5153968433707419
"{'ar': '44100', 'sample_fmt': 's32p', 'compression_level': '7', 'reservoir': '1', 'b:a': '268k'}",356.8115234375,-2.604,-0.719,0.6459084070229437,2.0040965556740202
"{'ar': '32000', 'sample_fmt': 's16p', 'compression_level': '7', 'reservoir': '1', 'b:a': '195k', 'abr': 'True'}",271.2734375,-3.18,-1.447,0.6057829329802189,0.5718545261365898
"{'ar': '44100', 'sample_fmt': 'fltp', 'compression_level': '7', 'reservoir': '1', 'b:a': '113k'}",156.1484375,-3.068,-1.283,0.6637320019653998,1.063960447688916
"{'ar': '44100', 'sample_fmt': 'fltp', 'compression_level': '2', 'reservoir': '1', 'b:a': '193k', 'abr': 'True'}",260.0341796875,-2.621,-0.738,0.8355999419873115,2.0988974354852834
"{'ar': '44100', 'sample_fmt': 's16p', 'compression_level': '5', 'reservoir': '1', 'aq': '3'}",243.5302734375,-2.651,-0.77,0.6707841769966763,2.0574213397655776
"{'ar': '16000', 'sample_fmt': 'fltp', 'compression_level': '7', 'reservoir': '1', 'b:a': '32k', 'abr': 'True'}",42.828125,-3.448,-1.93,0.5803871910029557,0.16146394703460368
"{'ar': '44100', 'sample_fmt': 's16p', 'compression_level': '5', 'reservoir': '1', 'b:a': '254k', 'abr': 'True'}",350.544921875,-2.585,-0.699,0.7518290099687874,2.056845039279062
"{'ar': '44100', 'sample_fmt': 'fltp', 'compression_level': '7', 'reservoir': '0', 'b:a': '115k'}",156.1484375,-3.098,-1.324,0.6314112230029423,0.9835174399824561
"{'ar': '44100', 'sample_fmt': 'fltp', 'compression_level': '5', 'reservoir': '1', 'b:a': '143k', 'abr': 'True'}",191.4599609375,-2.772,-0.907,0.755026080965763,1.8091412517418755
"{'ar': '44100', 'sample_fmt': 's32p', 'compression_level': '7', 'reservoir': '1', 'b:a': '252k', 'abr': 'True'}",347.2939453125,-2.604,-0.719,0.6610615389945451,2.0181634064708955
"{'ar': '44100', 'sample_fmt': 's32p', 'compression_level': '9', 'reservoir': '1', 'b:a': '143k', 'abr': 'True'}",190.841796875,-2.805,-0.945,0.6313819479837548,1.7303911612141891
"{'ar': '44100', 'sample_fmt': 'fltp', 'compression_level': '7', 'reservoir': '1', 'b:a': '32k', 'abr': 'True'}",48.16796875,-3.35,-1.734,0.6236664050375111,0.4399082116962979
"{'ar': '44100', 'sample_fmt': 's32p', 'compression_level': '5', 'reservoir': '1', 'aq': '1'}",306.7607421875,-2.609,-0.724,1.3076500009919982,2.021822601525624
"{'ar': '44100', 'sample_fmt': 'fltp', 'compression_level': '5', 'reservoir': '1', 'b:a': '104k', 'abr': 'True'}",138.3779296875,-3.17,-1.431,0.7080762239929754,0.8046971046478578
"{'ar': '32000', 'sample_fmt': 's16p', 'compression_level': '7', 'reservoir': '1', 'b:a': '254k', 'abr': 'True'}",352.0625,-3.172,-1.435,0.6100016109994613,0.4650554673623015
"{'ar': '32000', 'sample_fmt': 'fltp', 'compression_level': '7', 'reservoir': '1', 'b:a': '100k', 'abr': 'True'}",133.56640625,-3.539,-2.143,0.6153655849921051,-0.2651262552243579
"{'ar': '8000', 'sample_fmt': 'fltp', 'compression_level': '9', 'reservoir': '1', 'b:a': '128k', 'abr': 'True'}",89.9375,-3.858,-3.51,0.5788240639958531,-1.3672900786198412
"{'ar': '44100', 'sample_fmt': 'fltp', 'compression_level': '2', 'reservoir': '1', 'b:a': '193k', 'abr': 'True'}",260.0341796875,-2.621,-0.738,0.8061613519967068,2.101073326726207
"{'ar': '44100', 'sample_fmt': 's16p', 'compression_level': '5', 'reservoir': '1', 'b:a': '153k', 'abr': 'True'}",208.8896484375,-2.685,-0.808,0.7641691710159648,2.0145884983506925
"{'ar': '44100', 'sample_fmt': 's16p', 'compression_level': '5', 'reservoir': '1', 'b:a': '103k'}",133.853515625,-3.218,-1.506,0.7480349670222495,0.6734666890718924
"{'ar': '44100', 'sample_fmt': 'fltp', 'compression_level': '5', 'reservoir': '1', 'b:a': '153k', 'abr': 'True'}",208.8876953125,-2.683,-0.806,0.7363866099913139,2.021935896729828
"{'ar': '44100', 'sample_fmt': 's16p', 'compression_level': '7', 'reservoir': '1', 'b:a': '32k', 'abr': 'True'}",48.193359375,-3.355,-1.744,0.6756401489838026,0.42122189392554826
"{'ar': '16000', 'sample_fmt': 's16p', 'compression_level': '5', 'reservoir': '1', 'b:a': '193k', 'abr': 'True'}",210.69921875,-3.764,-2.916,0.6047215950093232,-1.1555029892087685
"{'ar': '44100', 'sample_fmt': 's16p', 'compression_level': '0', 'reservoir': '1', 'b:a': '256k', 'abr': 'True'}",342.310546875,-2.59,-0.704,1.1384628400264774,2.0281801353501523
"{'ar': '44100', 'sample_fmt': 's32p', 'compression_level': '9', 'reservoir': '1', 'b:a': '32k', 'abr': 'True'}",48.16796875,-3.35,-1.734,0.6204300849931315,0.44014741746123565
"{'ar': '12000', 'sample_fmt': 's16p', 'compression_level': '7', 'reservoir': '1', 'aq': '9'}",50.28125,-3.776,-2.976,0.5815007370256353,-0.9447001519385374
"{'ar': '44100', 'sample_fmt': 's32p', 'compression_level': '9', 'reservoir': '1', 'b:a': '32k', 'abr': 'True'}",48.16796875,-3.35,-1.734,0.6182425250008237,0.44030910634062076
"{'ar': '44100', 'sample_fmt': 'fltp', 'compression_level': '7', 'reservoir': '1', 'b:a': '32k', 'abr': 'True'}",48.16796875,-3.35,-1.734,0.6428624489926733,0.4384893766258765
"{'ar': '44100', 'sample_fmt': 'fltp', 'compression_level': '5', 'reservoir': '1', 'b:a': '143k', 'abr': 'True'}",191.4599609375,-2.772,-0.907,0.735076440992998,1.8106157872712665
"{'ar': '16000', 'sample_fmt': 's32p', 'compression_level': '0', 'reservoir': '0', 'b:a': '164k'}",224.375,-3.739,-2.8,0.9340519620163832,-1.1068250869580496
"{'ar': '44100', 'sample_fmt': 'fltp', 'compression_level': '7', 'reservoir': '1', 'b:a': '204k', 'abr': 'True'}",279.2080078125,-2.61,-0.725,0.6411747820093296,2.1124032373898167
"{'ar': '44100', 'sample_fmt': 'fltp', 'compression_level': '7', 'reservoir': '1', 'b:a': '128k'}",178.4443359375,-2.916,-1.081,0.656737242010422,1.4467738243382304
"{'ar': '44100', 'sample_fmt': 's16p', 'compression_level': '5', 'reservoir': '1', 'b:a': '249k'}",356.8115234375,-2.595,-0.709,0.7190619260363746,2.022813592345929
"{'ar': '44100', 'sample_fmt': 's32p', 'compression_level': '9', 'reservoir': '1', 'b:a': '143k', 'abr': 'True'}",190.841796875,-2.805,-0.945,0.6353229789820034,1.7300998682265822
"{'ar': '44100', 'sample_fmt': 's32p', 'compression_level': '7', 'reservoir': '1', 'b:a': '103k'}",133.853515625,-3.284,-1.617,0.6503471249889117,0.4918952991288357
"{'ar': '44100', 'sample_fmt': 's16p', 'compression_level': '5', 'reservoir': '1', 'aq': '3'}",243.5302734375,-2.651,-0.77,0.6768651239981409,2.0569718794034735
"{'ar': '44100', 'sample_fmt': 'fltp', 'compression_level': '7', 'reservoir': '1', 'b:a': '32k', 'abr': 'True'}",48.16796875,-3.35,-1.734,0.617589058005251,0.44035740597427686
"{'ar': '44100', 'sample_fmt': 's16p', 'compression_level': '8', 'reservoir': '1', 'aq': '5'}",141.7314453125,-3.0,-1.189,0.645019649004098,1.2764370792603357
"{'ar': '44100', 'sample_fmt': 's16p', 'compression_level': '9', 'reservoir': '1', 'b:a': '258k', 'abr': 'True'}",355.7314453125,-2.598,-0.712,0.6409045659820549,2.022377682342061
"{'ar': '44100', 'sample_fmt': 'fltp', 'compression_level': '7', 'reservoir': '1', 'b:a': '126k', 'abr': 'True'}",166.62890625,-2.967,-1.147,0.6445908020250499,1.3268779811306044
"{'ar': '44100', 'sample_fmt': 's32p', 'compression_level': '5', 'reservoir': '1', 'aq': '3'}",243.322265625,-2.652,-0.771,0.674769125005696,2.0548133152036305
"{'ar': '44100', 'sample_fmt': 's16p', 'compression_level': '7', 'reservoir': '1', 'b:a': '32k', 'abr': 'True'}",48.193359375,-3.355,-1.744,0.6238664670090657,0.4250486363461316
"{'ar': '44100', 'sample_fmt': 'fltp', 'compression_level': '0', 'reservoir': '1', 'b:a': '193k', 'abr': 'True'}",260.6455078125,-2.621,-0.737,1.0532371860172134,2.0821512217318556
"{'ar': '44100', 'sample_fmt': 's32p', 'compression_level': '5', 'reservoir': '1', 'b:a': '143k', 'abr': 'True'}",191.4091796875,-2.771,-0.906,0.7520189769857097,1.8120899415742282
"{'ar': '44100', 'sample_fmt': 'fltp', 'compression_level': '5', 'reservoir': '1', 'b:a': '193k', 'abr': 'True'}",265.427734375,-2.62,-0.736,0.7675041509792209,2.0982851424741757
"{'ar': '8000', 'sample_fmt': 'fltp', 'compression_level': '7', 'reservoir': '1', 'b:a': '128k', 'abr': 'True'}",89.9375,-3.858,-3.51,0.5621824719710276,-1.366060050471978
"{'ar': '44100', 'sample_fmt': 's32p', 'compression_level': '5', 'reservoir': '1', 'aq': '1'}",306.7607421875,-2.609,-0.724,0.6700531219830737,2.068949229014192
"{'ar': '44100', 'sample_fmt': 's16p', 'compression_level': '2', 'reservoir': '1', 'aq': '5'}",164.283203125,-2.881,-1.037,0.6821909860009328,1.5629168772801554
"{'ar': '32000', 'sample_fmt': 'fltp', 'compression_level': '7', 'reservoir': '0', 'b:a': '103k', 'abr': 'True'}",147.1015625,-3.51,-2.072,0.610996601957595,-0.19643515657240412
"{'ar': '44100', 'sample_fmt': 'fltp', 'compression_level': '7', 'reservoir': '0', 'b:a': '104k'}",133.853515625,-3.328,-1.693,0.6307540839770809,0.3668513735220081
"{'ar': '44100', 'sample_fmt': 's16p', 'compression_level': '5', 'reservoir': '1', 'b:a': '103k', 'abr': 'True'}",137.1591796875,-3.161,-1.418,0.6969913929933682,0.8325315326181613
"{'ar': '12000', 'sample_fmt': 'fltp', 'compression_level': '7', 'reservoir': '1', 'b:a': '32k', 'abr': 'True'}",42.78125,-3.777,-2.982,0.5684614150086418,-0.9359915817072073
"{'ar': '44100', 'sample_fmt': 'fltp', 'compression_level': '7', 'reservoir': '1', 'b:a': '107k'}",156.1484375,-3.068,-1.283,0.6369707800040487,1.0659384469232784
"{'ar': '44100', 'sample_fmt': 's16p', 'compression_level': '9', 'reservoir': '1', 'b:a': '194k', 'abr': 'True'}",265.3271484375,-2.62,-0.736,0.6449904009932652,2.1075009891259264
"{'ar': '44100', 'sample_fmt': 'fltp', 'compression_level': '7', 'reservoir': '1', 'b:a': '170k'}",223.037109375,-2.691,-0.815,0.636988369980827,1.9852263602251587
"{'ar': '44100', 'sample_fmt': 'fltp', 'compression_level': '8', 'reservoir': '1', 'b:a': '153k', 'abr': 'True'}",205.6640625,-2.752,-0.884,1.2729199069726747,1.8020515407454016
"{'ar': '12000', 'sample_fmt': 'fltp', 'compression_level': '7', 'reservoir': '0', 'b:a': '108k'}",90.359375,-3.74,-2.803,1.0023925350105856,-0.9013086595779877
"{'ar': '44100', 'sample_fmt': 's32p', 'compression_level': '8', 'reservoir': '0', 'aq': '9'}",103.8740234375,-3.314,-1.668,0.689337023999542,0.4508641437266951
"{'ar': '44100', 'sample_fmt': 's32p', 'compression_level': '5', 'reservoir': '1', 'b:a': '139k', 'abr': 'True'}",186.576171875,-2.807,-0.948,0.9084252280299552,1.711114347886561
"{'ar': '44100', 'sample_fmt': 's16p', 'compression_level': '0', 'reservoir': '1', 'b:a': '254k', 'abr': 'True'}",341.0908203125,-2.587,-0.701,1.1359987809846643,2.038244724316508
"{'ar': '16000', 'sample_fmt': 'fltp', 'compression_level': '1', 'reservoir': '1', 'b:a': '32k'}",44.97265625,-3.267,-1.587,0.819483763014432,0.6702906585986421
"{'ar': '44100', 'sample_fmt': 's16p', 'compression_level': '7', 'reservoir': '1', 'b:a': '32k'}",44.771484375,-3.291,-1.629,0.6445779630157631,0.6143716932133105
"{'ar': '44100', 'sample_fmt': 's16p', 'compression_level': '5', 'reservoir': '1', 'b:a': '254k'}",356.8115234375,-2.595,-0.709,0.7316296349745244,2.0218846766673684
"{'ar': '44100', 'sample_fmt': 's16p', 'compression_level': '2', 'reservoir': '1', 'b:a': '32k', 'abr': 'True'}",47.8125,-3.293,-1.632,0.7365747120056767,0.5971132557932604
"{'ar': '44100', 'sample_fmt': 'fltp', 'compression_level': '5', 'reservoir': '1', 'b:a': '126k'}",178.4443359375,-2.833,-0.979,0.7903339400072582,1.6624609045461696
"{'ar': '8000', 'sample_fmt': 'fltp', 'compression_level': '9', 'reservoir': '1', 'aq': '9'}",36.8515625,-3.855,-3.486,0.556935775995953,-1.2664040850840232
"{'ar': '32000', 'sample_fmt': 'fltp', 'compression_level': '7', 'reservoir': '1', 'b:a': '148k', 'abr': 'True'}",203.0,-3.229,-1.524,0.6081766319985036,0.5421618572953807
"{'ar': '44100', 'sample_fmt': 'fltp', 'compression_level': '9', 'reservoir': '1', 'b:a': '193k', 'abr': 'True'}",263.8056640625,-2.63,-0.747,0.6332199439930264,2.0840293355133004
"{'ar': '32000', 'sample_fmt': 's32p', 'compression_level': '5', 'reservoir': '1', 'b:a': '144k'}",178.953125,-3.264,-1.582,0.699055970995687,0.47397103814353453
"{'ar': '44100', 'sample_fmt': 'fltp', 'compression_level': '5', 'reservoir': '1', 'b:a': '142k', 'abr': 'True'}",190.177734375,-2.785,-0.922,0.7285699530038983,1.7781216361314767
"{'ar': '44100', 'sample_fmt': 's32p', 'compression_level': '2', 'reservoir': '1', 'b:a': '254k', 'abr': 'True'}",342.109375,-2.587,-0.701,0.8371538020146545,2.0587079484771578
"{'ar': '16000', 'sample_fmt': 's16p', 'compression_level': '8', 'reservoir': '1', 'b:a': '75k', 'abr': 'True'}",103.68359375,-3.76,-2.895,0.5673105329915415,-0.9660324063554427
"{'ar': '44100', 'sample_fmt': 's16p', 'compression_level': '0', 'reservoir': '1', 'b:a': '253k', 'abr': 'True'}",340.48046875,-2.586,-0.699,1.0744378190138377,2.046729643919609
"{'ar': '44100', 'sample_fmt': 'fltp', 'compression_level': '2', 'reservoir': '1', 'b:a': '194k', 'abr': 'True'}",261.455078125,-2.62,-0.736,0.8138410829997156,2.1011992729259807
"{'ar': '44100', 'sample_fmt': 'fltp', 'compression_level': '2', 'reservoir': '1', 'b:a': '258k', 'abr': 'True'}",344.8505859375,-2.587,-0.701,0.8371822859626263,2.0543317898720295
"{'ar': '44100', 'sample_fmt': 'fltp', 'compression_level': '5', 'reservoir': '1', 'b:a': '144k', 'abr': 'True'}",196.421875,-2.716,-0.843,0.717921125004068,1.9546320926105483
"{'ar': '32000', 'sample_fmt': 'fltp', 'compression_level': '1', 'reservoir': '1', 'b:a': '254k', 'abr': 'True'}",320.421875,-3.18,-1.446,0.8810727309901267,0.47339809797473703
"{'ar': '8000', 'sample_fmt': 'fltp', 'compression_level': '9', 'reservoir': '1', 'b:a': '128k', 'abr': 'True'}",89.9375,-3.858,-3.51,0.5701693560113199,-1.3666503841473032
"{'ar': '16000', 'sample_fmt': 's16p', 'compression_level': '8', 'reservoir': '1', 'aq': '9'}",61.7421875,-3.805,-3.137,0.5694201100268401,-1.0804520512598197
"{'ar': '32000', 'sample_fmt': 's16p', 'compression_level': '7', 'reservoir': '1', 'b:a': '195k', 'abr': 'True'}",271.2734375,-3.18,-1.447,0.6054504890053067,0.5718790980312811
"{'ar': '44100', 'sample_fmt': 's16p', 'compression_level': '5', 'reservoir': '1', 'b:a': '169k', 'abr': 'True'}",229.2353515625,-2.654,-0.774,0.7276374480279628,2.0677774039971344
"{'ar': '44100', 'sample_fmt': 's32p', 'compression_level': '7', 'reservoir': '1', 'b:a': '103k'}",133.853515625,-3.284,-1.617,0.6294379509927239,0.4934407565902079
"{'ar': '44100', 'sample_fmt': 's32p', 'compression_level': '7', 'reservoir': '1', 'b:a': '126k'}",178.4443359375,-2.916,-1.081,0.7350302459672093,1.4409869622096585
"{'ar': '44100', 'sample_fmt': 'fltp', 'compression_level': '2', 'reservoir': '1', 'b:a': '193k', 'abr': 'True'}",260.0341796875,-2.621,-0.738,0.7999092069803737,2.10153544082822
"{'ar': '44100', 'sample_fmt': 's32p', 'compression_level': '5', 'reservoir': '1', 'b:a': '154k'}",223.037109375,-2.652,-0.771,0.7770396539999638,2.0796225108056663
"{'ar': '44100', 'sample_fmt': 's16p', 'compression_level': '7', 'reservoir': '1', 'b:a': '170k'}",223.037109375,-2.689,-0.812,0.6635607900097966,1.988868566786785
"{'ar': '32000', 'sample_fmt': 's16p', 'compression_level': '7', 'reservoir': '1', 'b:a': '254k', 'abr': 'True'}",352.0625,-3.172,-1.435,0.6134405590128154,0.464801284778739
"{'ar': '44100', 'sample_fmt': 'fltp', 'compression_level': '0', 'reservoir': '0', 'b:a': '32k'}",44.771484375,-3.13,-1.371,1.0168521199957468,1.0433640958492612
"{'ar': '16000', 'sample_fmt': 's16p', 'compression_level': '5', 'reservoir': '1', 'b:a': '32k', 'abr': 'True'}",43.35546875,-3.405,-1.842,0.6149819109996315,0.2860131545100269
"{'ar': '44100', 'sample_fmt': 's32p', 'compression_level': '5', 'reservoir': '1', 'aq': '9'}",105.197265625,-3.343,-1.721,0.6365334269939922,0.3683680664923599
"{'ar': '16000', 'sample_fmt': 's16p', 'compression_level': '5', 'reservoir': '1', 'b:a': '32k', 'abr': 'True'}",43.35546875,-3.405,-1.842,0.6025235819979571,0.2869339856014597
"{'ar': '16000', 'sample_fmt': 'fltp', 'compression_level': '1', 'reservoir': '0', 'aq': '9'}",65.08203125,-3.818,-3.218,0.5933218800055329,-1.14338929356612
"{'ar': '44100', 'sample_fmt': 's16p', 'compression_level': '5', 'reservoir': '1', 'b:a': '103k', 'abr': 'True'}",137.1591796875,-3.161,-1.418,0.7032805990020279,0.8320666792311282
"{'ar': '44100', 'sample_fmt': 's16p', 'compression_level': '7', 'reservoir': '1', 'b:a': '109k'}",156.1484375,-3.065,-1.278,0.6343895890167914,1.0746963357604953
"{'ar': '48000', 'sample_fmt': 'fltp', 'compression_level': '7', 'reservoir': '1', 'b:a': '127k', 'abr': 'True'}",167.09375,-3.67,-2.529,0.6365823590022046,-0.7471816464095825
"{'ar': '44100', 'sample_fmt': 's32p', 'compression_level': '7', 'reservoir': '1', 'b:a': '128k', 'abr': 'True'}",169.32421875,-2.937,-1.108,0.6567561459960416,1.4038790036921185
"{'ar': '44100', 'sample_fmt': 's16p', 'compression_level': '5', 'reservoir': '1', 'b:a': '128k', 'abr': 'True'}",172.1220703125,-2.855,-1.006,0.7468170569918584,1.6159895691498534
"{'ar': '44100', 'sample_fmt': 's16p', 'compression_level': '2', 'reservoir': '1', 'b:a': '167k', 'abr': 'True'}",220.666015625,-2.699,-0.823,0.9425500869983807,1.9452617112961719
"{'ar': '44100', 'sample_fmt': 'fltp', 'compression_level': '5', 'reservoir': '1', 'b:a': '109k', 'abr': 'True'}",145.03125,-3.074,-1.291,0.7040175590082072,1.062218834110167
"{'ar': '44100', 'sample_fmt': 's32p', 'compression_level': '2', 'reservoir': '1', 'b:a': '107k'}",156.1484375,-3.077,-1.294,0.8405646519968286,1.0264507525881572
"{'ar': '44100', 'sample_fmt': 's16p', 'compression_level': '7', 'reservoir': '1', 'b:a': '103k'}",133.853515625,-3.29,-1.627,0.6667287480086088,0.47355027493383756
"{'ar': '44100', 'sample_fmt': 's32p', 'compression_level': '5', 'reservoir': '1', 'b:a': '143k'}",178.4443359375,-2.832,-0.978,0.758997637021821,1.6674224574831076
"{'ar': '44100', 'sample_fmt': 's32p', 'compression_level': '5', 'reservoir': '1', 'aq': '9'}",105.197265625,-3.343,-1.721,0.661428438994335,0.3665280042281167
"{'ar': '44100', 'sample_fmt': 's32p', 'compression_level': '2', 'reservoir': '1', 'b:a': '103k'}",133.853515625,-3.327,-1.692,0.7921431560243946,0.35756803716324953
"{'ar': '44100', 'sample_fmt': 's32p', 'compression_level': '5', 'reservoir': '1', 'b:a': '105k', 'abr': 'True'}",139.5458984375,-3.13,-1.371,0.7571776539843995,0.9113292076887476
"{'ar': '44100', 'sample_fmt': 's32p', 'compression_level': '7', 'reservoir': '1', 'b:a': '103k'}",133.853515625,-3.284,-1.617,0.7053375210089143,0.48783080007935525
"{'ar': '44100', 'sample_fmt': 's32p', 'compression_level': '5', 'reservoir': '1', 'b:a': '144k'}",178.4443359375,-2.832,-0.978,0.7594612279790454,1.6673881921360403
"{'ar': '16000', 'sample_fmt': 's32p', 'compression_level': '8', 'reservoir': '1', 'b:a': '86k', 'abr': 'True'}",119.71484375,-3.714,-2.693,0.5664792360039428,-0.820651722021901
"{'ar': '32000', 'sample_fmt': 'fltp', 'compression_level': '7', 'reservoir': '0', 'b:a': '103k'}",134.234375,-3.552,-2.176,0.62182874197606,-0.30736913928484955
"{'ar': '44100', 'sample_fmt': 's32p', 'compression_level': '5', 'reservoir': '1', 'b:a': '153k', 'abr': 'True'}",208.9404296875,-2.684,-0.806,0.7372382080066018,2.0194588684470225
"{'ar': '44100', 'sample_fmt': 's16p', 'compression_level': '5', 'reservoir': '1', 'b:a': '109k'}",156.1484375,-2.956,-1.132,0.7046921649889555,1.369520221135967
"{'ar': '32000', 'sample_fmt': 's16p', 'compression_level': '5', 'reservoir': '1', 'b:a': '105k'}",156.59375,-3.321,-1.682,0.6846690860111266,0.3463601801472117
"{'ar': '44100', 'sample_fmt': 'fltp', 'compression_level': '9', 'reservoir': '1', 'b:a': '194k', 'abr': 'True'}",265.4287109375,-2.623,-0.74,0.637883322982816,2.099612586963624
"{'ar': '16000', 'sample_fmt': 's16p', 'compression_level': '5', 'reservoir': '1', 'b:a': '86k', 'abr': 'True'}",109.02734375,-3.773,-2.959,0.610515968000982,-1.028231207653803
"{'ar': '16000', 'sample_fmt': 's32p', 'compression_level': '7', 'reservoir': '0', 'b:a': '32k'}",44.97265625,-3.451,-1.938,0.5640371000044979,0.14973699610555946
"{'ar': '44100', 'sample_fmt': 's16p', 'compression_level': '9', 'reservoir': '1', 'b:a': '32k', 'abr': 'True'}",48.193359375,-3.355,-1.744,0.6469152400095481,0.4233450349405684
"{'ar': '44100', 'sample_fmt': 's32p', 'compression_level': '7', 'reservoir': '1', 'b:a': '32k'}",44.771484375,-3.286,-1.619,0.6432848169642966,0.6292715466443183
"{'ar': '44100', 'sample_fmt': 'fltp', 'compression_level': '2', 'reservoir': '1', 'aq': '5'}",164.33203125,-2.878,-1.033,0.6802202019898687,1.571236277454866
"{'ar': '44100', 'sample_fmt': 'fltp', 'compression_level': '0', 'reservoir': '0', 'b:a': '32k', 'abr': 'True'}",53.119140625,-3.132,-1.375,1.0362897560116835,1.02268563507114
"{'ar': '44100', 'sample_fmt': 's16p', 'compression_level': '2', 'reservoir': '1', 'aq': '4'}",205.1201171875,-2.723,-0.85,0.7231860790052451,1.9218456937244577
"{'ar': '16000', 'sample_fmt': 'fltp', 'compression_level': '7', 'reservoir': '1', 'b:a': '153k', 'abr': 'True'}",211.89453125,-3.763,-2.912,0.5875071749906056,-1.1525461680690126
"{'ar': '44100', 'sample_fmt': 's16p', 'compression_level': '5', 'reservoir': '1', 'b:a': '254k', 'abr': 'True'}",350.544921875,-2.585,-0.699,0.7214697140152566,2.0590889825578325
"{'ar': '44100', 'sample_fmt': 'fltp', 'compression_level': '5', 'reservoir': '1', 'b:a': '32k', 'abr': 'True'}",48.193359375,-3.348,-1.73,1.289372055005515,0.3965851781199646
"{'ar': '44100', 'sample_fmt': 'fltp', 'compression_level': '0', 'reservoir': '0', 'b:a': '32k'}",44.771484375,-3.13,-1.371,2.26319172597141,0.9512435346157094
"{'ar': '44100', 'sample_fmt': 's32p', 'compression_level': '5', 'reservoir': '1', 'b:a': '140k', 'abr': 'True'}",187.708984375,-2.802,-0.942,1.424592503986787,1.6846977840206525
"{'ar': '44100', 'sample_fmt': 'fltp', 'compression_level': '0', 'reservoir': '1', 'b:a': '32k', 'abr': 'True'}",48.244140625,-3.132,-1.375,1.1865434519713745,1.0193588152467927
"{'ar': '44100', 'sample_fmt': 'fltp', 'compression_level': '7', 'reservoir': '1', 'b:a': '32k'}",44.771484375,-3.286,-1.619,0.6200783099920955,0.6309868066234602
"{'ar': '44100', 'sample_fmt': 'fltp', 'compression_level': '7', 'reservoir': '1', 'b:a': '107k'}",156.1484375,-3.068,-1.283,0.6360745150304865,1.0660046924569857
"{'ar': '12000', 'sample_fmt': 's16p', 'compression_level': '5', 'reservoir': '1', 'b:a': '32k', 'abr': 'True'}",43.71875,-3.781,-3.0,0.579567621985916,-0.9533064118226027
"{'ar': '44100', 'sample_fmt': 's32p', 'compression_level': '5', 'reservoir': '1', 'aq': '3'}",243.322265625,-2.652,-0.771,0.6765724290453363,2.054680027791909
"{'ar': '44100', 'sample_fmt': 's32p', 'compression_level': '8', 'reservoir': '1', 'aq': '9'}",97.1474609375,-3.314,-1.668,0.6778301309677772,0.4624479891470268
"{'ar': '44100', 'sample_fmt': 's16p', 'compression_level': '0', 'reservoir': '1', 'b:a': '253k', 'abr': 'True'}",340.48046875,-2.586,-0.699,1.3167375670163892,2.028820569486185
"{'ar': '32000', 'sample_fmt': 'fltp', 'compression_level': '7', 'reservoir': '1', 'b:a': '32k'}",44.8671875,-3.434,-1.9,0.8549326979846228,0.18000071749955832
"{'ar': '44100', 'sample_fmt': 's16p', 'compression_level': '9', 'reservoir': '1', 'b:a': '106k', 'abr': 'True'}",137.9208984375,-3.268,-1.589,0.7294160389865283,0.5256727492798835
"{'ar': '44100', 'sample_fmt': 's16p', 'compression_level': '8', 'reservoir': '1', 'aq': '6'}",125.1630859375,-3.168,-1.429,0.6738239690021146,0.8336060387314784
"{'ar': '44100', 'sample_fmt': 's32p', 'compression_level': '2', 'reservoir': '1', 'b:a': '256k', 'abr': 'True'}",343.5302734375,-2.587,-0.701,0.8805700919765513,2.0532316476992807
"{'ar': '8000', 'sample_fmt': 'fltp', 'compression_level': '2', 'reservoir': '1', 'aq': '9'}",35.8671875,-3.85,-3.441,0.612007283983985,-1.243058529441887
"{'ar': '44100', 'sample_fmt': 's32p', 'compression_level': '5', 'reservoir': '1', 'b:a': '150k', 'abr': 'True'}",204.796875,-2.694,-0.818,0.7336124120047316,1.9992537057954882
"{'ar': '48000', 'sample_fmt': 'fltp', 'compression_level': '7', 'reservoir': '0', 'aq': '9'}",110.328125,-3.349,-1.733,0.6434153630107176,0.34190714408376044
"{'ar': '16000', 'sample_fmt': 'fltp', 'compression_level': '8', 'reservoir': '0', 'aq': '9'}",66.69921875,-3.805,-3.135,0.5733823899936397,-1.0880237573264437
"{'ar': '44100', 'sample_fmt': 'fltp', 'compression_level': '7', 'reservoir': '1', 'b:a': '171k', 'abr': 'True'}",231.080078125,-2.669,-0.79,0.657353938993765,2.0300322942356748
"{'ar': '44100', 'sample_fmt': 's32p', 'compression_level': '0', 'reservoir': '1', 'b:a': '192k', 'abr': 'True'}",259.423828125,-2.623,-0.74,1.067085376009345,2.0774708021381776
"{'ar': '44100', 'sample_fmt': 's16p', 'compression_level': '7', 'reservoir': '1', 'b:a': '103k'}",133.853515625,-3.29,-1.627,0.6721307130064815,0.473151000093351
"{'ar': '44100', 'sample_fmt': 'fltp', 'compression_level': '5', 'reservoir': '0', 'b:a': '139k'}",178.4443359375,-2.841,-0.989,0.754125092033064,1.6433431183335316
"{'ar': '44100', 'sample_fmt': 's32p', 'compression_level': '2', 'reservoir': '1', 'b:a': '254k', 'abr': 'True'}",342.109375,-2.587,-0.701,0.8514422030129936,2.0576518514769613
"{'ar': '12000', 'sample_fmt': 'fltp', 'compression_level': '7', 'reservoir': '0', 'b:a': '108k'}",90.359375,-3.74,-2.803,0.6104809199750889,-0.8723413397897706
"{'ar': '44100', 'sample_fmt': 's32p', 'compression_level': '5', 'reservoir': '1', 'b:a': '154k'}",223.037109375,-2.652,-0.771,0.8119211120065302,2.077044321464011
"{'ar': '16000', 'sample_fmt': 's16p', 'compression_level': '2', 'reservoir': '1', 'b:a': '32k', 'abr': 'True'}",43.390625,-3.31,-1.661,0.6983522869995795,0.5582369780176709
"{'ar': '44100', 'sample_fmt': 's16p', 'compression_level': '7', 'reservoir': '1', 'b:a': '143k', 'abr': 'True'}",190.8896484375,-2.799,-0.939,0.6619173780200072,1.7439302217856545
"{'ar': '16000', 'sample_fmt': 'fltp', 'compression_level': '8', 'reservoir': '0', 'aq': '9'}",66.69921875,-3.805,-3.135,0.7226237569993827,-1.0990546179537677
"{'ar': '44100', 'sample_fmt': 's32p', 'compression_level': '9', 'reservoir': '1', 'b:a': '144k'}",178.4443359375,-2.918,-1.084,0.6730165659973864,1.4399643215680435
"{'ar': '44100', 'sample_fmt': 's32p', 'compression_level': '7', 'reservoir': '1', 'aq': '5'}",141.6572265625,-3.004,-1.195,0.6612140460056253,1.2641460310219172
"{'ar': '44100', 'sample_fmt': 's16p', 'compression_level': '5', 'reservoir': '1', 'b:a': '103k', 'abr': 'True'}",137.1591796875,-3.161,-1.418,0.7395446250156965,0.8293863002935175
"{'ar': '32000', 'sample_fmt': 'fltp', 'compression_level': '7', 'reservoir': '1', 'b:a': '32k'}",44.8671875,-3.434,-1.9,0.6025452250323724,0.198655404829725
"{'ar': '32000', 'sample_fmt': 'fltp', 'compression_level': '7', 'reservoir': '1', 'b:a': '32k'}",44.8671875,-3.434,-1.9,0.6191525049798656,0.1974279127866328
"{'ar': '44100', 'sample_fmt': 'fltp', 'compression_level': '5', 'reservoir': '0', 'b:a': '103k'}",133.853515625,-3.241,-1.544,0.7008399129845202,0.6113790220973445
"{'ar': '32000', 'sample_fmt': 's16p', 'compression_level': '7', 'reservoir': '1', 'b:a': '195k', 'abr': 'True'}",271.2734375,-3.18,-1.447,0.6201089950045571,0.5707956455011505
"{'ar': '44100', 'sample_fmt': 'fltp', 'compression_level': '7', 'reservoir': '1', 'b:a': '153k', 'abr': 'True'}",205.6640625,-2.752,-0.884,0.6398582919791806,1.848842953767189
"{'ar': '44100', 'sample_fmt': 's32p', 'compression_level': '7', 'reservoir': '1', 'aq': '9'}",97.1474609375,-3.314,-1.668,0.62551623096806,0.466314660642648
"{'ar': '44100', 'sample_fmt': 's16p', 'compression_level': '7', 'reservoir': '1', 'aq': '9'}",97.146484375,-3.315,-1.67,0.775433757022256,0.45227452675866453
"{'ar': '16000', 'sample_fmt': 's16p', 'compression_level': '2', 'reservoir': '1', 'b:a': '32k', 'abr': 'True'}",43.390625,-3.31,-1.661,0.6579171190096531,0.5612256581101157
"{'ar': '16000', 'sample_fmt': 'fltp', 'compression_level': '8', 'reservoir': '0', 'aq': '9'}",66.69921875,-3.805,-3.135,0.5672921130026225,-1.0875736073578555
"{'ar': '32000', 'sample_fmt': 's16p', 'compression_level': '7', 'reservoir': '1', 'b:a': '254k'}",357.828125,-3.175,-1.439,0.6330036150175147,0.4459036718903098
"{'ar': '12000', 'sample_fmt': 's32p', 'compression_level': '7', 'reservoir': '1', 'b:a': '108k', 'abr': 'True'}",88.25,-3.742,-2.811,0.5816187360032927,-0.8740257402935498
"{'ar': '44100', 'sample_fmt': 's16p', 'compression_level': '5', 'reservoir': '1', 'b:a': '128k', 'abr': 'True'}",172.1220703125,-2.855,-1.006,0.8025480980286375,1.6118703268872927
"{'ar': '44100', 'sample_fmt': 's32p', 'compression_level': '2', 'reservoir': '1', 'b:a': '267k'}",356.8115234375,-2.595,-0.71,0.8687480749795213,2.0114343981921503
"{'ar': '32000', 'sample_fmt': 's32p', 'compression_level': '7', 'reservoir': '0', 'b:a': '168k'}",223.671875,-3.202,-1.481,0.6103730059985537,0.5854871708088307
"{'ar': '44100', 'sample_fmt': 's16p', 'compression_level': '5', 'reservoir': '1', 'b:a': '105k', 'abr': 'True'}",139.5458984375,-3.123,-1.361,0.7178011889918707,0.9337037849284933
"{'ar': '44100', 'sample_fmt': 's32p', 'compression_level': '9', 'reservoir': '1', 'b:a': '143k', 'abr': 'True'}",190.841796875,-2.805,-0.945,0.6595063230197411,1.7283124073976244
"{'ar': '44100', 'sample_fmt': 'fltp', 'compression_level': '7', 'reservoir': '1', 'b:a': '32k'}",44.771484375,-3.286,-1.619,0.6304813099850435,0.6302178908373709
"{'ar': '44100', 'sample_fmt': 's16p', 'compression_level': '5', 'reservoir': '1', 'b:a': '240k', 'abr': 'True'}",334.4931640625,-2.598,-0.712,0.7698072030034382,2.046739289722529
"{'ar': '8000', 'sample_fmt': 'fltp', 'compression_level': '9', 'reservoir': '1', 'b:a': '265k', 'abr': 'True'}",90.21875,-3.858,-3.51,0.5806730009790044,-1.3678755195650774
"{'ar': '44100', 'sample_fmt': 's32p', 'compression_level': '7', 'reservoir': '1', 'b:a': '267k'}",356.8115234375,-2.604,-0.719,0.6475370769912843,2.003976175971066
"{'ar': '44100', 'sample_fmt': 's16p', 'compression_level': '8', 'reservoir': '1', 'aq': '6'}",125.1630859375,-3.168,-1.429,0.6375789660378359,0.8362850116205468
"{'ar': '44100', 'sample_fmt': 's16p', 'compression_level': '1', 'reservoir': '1', 'b:a': '258k', 'abr': 'True'}",347.5986328125,-2.586,-0.7,1.0206930360000115,2.0390284152407507
"{'ar': '44100', 'sample_fmt': 's16p', 'compression_level': '5', 'reservoir': '1', 'aq': '2'}",266.0810546875,-2.636,-0.753,0.7115586069994606,2.0587359608303832
"{'ar': '44100', 'sample_fmt': 'fltp', 'compression_level': '7', 'reservoir': '1', 'b:a': '251k', 'abr': 'True'}",346.27734375,-2.605,-0.72,0.6513979979790747,2.017854425594905
"{'ar': '44100', 'sample_fmt': 'fltp', 'compression_level': '7', 'reservoir': '1', 'b:a': '153k', 'abr': 'True'}",205.6640625,-2.752,-0.884,0.6378963030001614,1.8489879700412566
"{'ar': '32000', 'sample_fmt': 'fltp', 'compression_level': '7', 'reservoir': '0', 'b:a': '168k'}",223.671875,-3.202,-1.481,0.6288952459872235,0.5841181385363442
"{'ar': '8000', 'sample_fmt': 'fltp', 'compression_level': '9', 'reservoir': '1', 'b:a': '268k', 'abr': 'True'}",90.21875,-3.858,-3.51,0.5998681710043456,-1.3692942900408207
"{'ar': '12000', 'sample_fmt': 'fltp', 'compression_level': '7', 'reservoir': '1', 'b:a': '143k', 'abr': 'True'}",88.4375,-3.742,-2.811,0.6492803569708485,-0.8793259933028047
"{'ar': '44100', 'sample_fmt': 's32p', 'compression_level': '0', 'reservoir': '1', 'b:a': '189k', 'abr': 'True'}",256.375,-2.631,-0.748,1.0630960130074527,2.0614674046516015
"{'ar': '8000', 'sample_fmt': 's16p', 'compression_level': '2', 'reservoir': '1', 'aq': '9'}",35.8671875,-3.85,-3.44,0.583468680997612,-1.240633700432325
"{'ar': '44100', 'sample_fmt': 's32p', 'compression_level': '7', 'reservoir': '0', 'b:a': '32k'}",44.771484375,-3.303,-1.649,0.6397490999952424,0.5804601862160053
"{'ar': '16000', 'sample_fmt': 's32p', 'compression_level': '7', 'reservoir': '1', 'b:a': '152k', 'abr': 'True'}",210.34765625,-3.763,-2.911,0.5834139140206389,-1.1494598712264956
"{'ar': '44100', 'sample_fmt': 'fltp', 'compression_level': '7', 'reservoir': '1', 'b:a': '128k'}",178.4443359375,-2.916,-1.081,0.6968390050169546,1.4438097871713904
"{'ar': '32000', 'sample_fmt': 'fltp', 'compression_level': '7', 'reservoir': '1', 'b:a': '162k'}",223.671875,-3.202,-1.481,0.6701391320093535,0.5810696837575706
"{'ar': '44100', 'sample_fmt': 'fltp', 'compression_level': '7', 'reservoir': '1', 'aq': '9'}",97.1474609375,-3.314,-1.668,0.6580529189959634,0.46390978002468425
"{'ar': '44100', 'sample_fmt': 's32p', 'compression_level': '9', 'reservoir': '1', 'b:a': '110k', 'abr': 'True'}",143.609375,-3.215,-1.502,0.6687019780219998,0.6720149871261705
"{'ar': '44100', 'sample_fmt': 's16p', 'compression_level': '5', 'reservoir': '1', 'aq': '9'}",105.1748046875,-3.341,-1.719,0.6972607240313664,0.36920616912779153
"{'ar': '16000', 'sample_fmt': 's16p', 'compression_level': '2', 'reservoir': '1', 'aq': '6'}",71.55078125,-3.842,-3.379,0.6506206630147062,-1.2646536794405605
"{'ar': '44100', 'sample_fmt': 's32p', 'compression_level': '5', 'reservoir': '1', 'b:a': '142k', 'abr': 'True'}",190.177734375,-2.785,-0.922,0.7722603720321786,1.7748923510296335
"{'ar': '44100', 'sample_fmt': 'fltp', 'compression_level': '0', 'reservoir': '1', 'b:a': '32k'}",44.771484375,-3.12,-1.357,1.0773627599701285,1.0666073757098744
"{'ar': '44100', 'sample_fmt': 's16p', 'compression_level': '5', 'reservoir': '1', 'b:a': '110k'}",156.1484375,-2.956,-1.132,0.7280781849985942,1.3677916928295746
"{'ar': '44100', 'sample_fmt': 's16p', 'compression_level': '2', 'reservoir': '1', 'aq': '5'}",164.283203125,-2.881,-1.037,0.6818588730238844,1.5629414247098383
"{'ar': '44100', 'sample_fmt': 's16p', 'compression_level': '5', 'reservoir': '1', 'b:a': '32k'}",44.771484375,-3.296,-1.637,0.6819003610289656,0.5974397304899576
"{'ar': '44100', 'sample_fmt': 's32p', 'compression_level': '7', 'reservoir': '1', 'b:a': '267k', 'abr': 'True'}",367.890625,-2.601,-0.716,0.64497231200221,1.9944234036540582
"{'ar': '44100', 'sample_fmt': 'fltp', 'compression_level': '0', 'reservoir': '1', 'b:a': '32k'}",44.771484375,-3.12,-1.357,1.0294897459971253,1.0701458084885411
"{'ar': '12000', 'sample_fmt': 's16p', 'compression_level': '5', 'reservoir': '1', 'b:a': '32k'}",45.078125,-3.78,-2.998,0.5935848480148707,-0.9535507174189052
"{'ar': '32000', 'sample_fmt': 'fltp', 'compression_level': '7', 'reservoir': '1', 'b:a': '32k'}",44.8671875,-3.434,-1.9,0.6031639509892557,0.19860967300661309
"{'ar': '44100', 'sample_fmt': 's16p', 'compression_level': '5', 'reservoir': '1', 'aq': '9'}",105.1748046875,-3.341,-1.719,0.6490711200167425,0.3727680019911343
"{'ar': '44100', 'sample_fmt': 's32p', 'compression_level': '5', 'reservoir': '1', 'b:a': '154k'}",223.037109375,-2.652,-0.771,0.7491644719848409,2.0816828460460846
"{'ar': '44100', 'sample_fmt': 'fltp', 'compression_level': '7', 'reservoir': '1', 'b:a': '104k', 'abr': 'True'}",135.4326171875,-3.291,-1.628,0.6454951019841246,0.4699546023399643
"{'ar': '12000', 'sample_fmt': 's32p', 'compression_level': '2', 'reservoir': '1', 'b:a': '32k', 'abr': 'True'}",43.484375,-3.766,-2.923,0.6524182129942346,-0.8990776605888386
"{'ar': '44100', 'sample_fmt': 's16p', 'compression_level': '9', 'reservoir': '1', 'b:a': '193k', 'abr': 'True'}",263.8017578125,-2.627,-0.744,0.6461318660003599,2.0910173998540933
"{'ar': '44100', 'sample_fmt': 'fltp', 'compression_level': '7', 'reservoir': '1', 'b:a': '170k', 'abr': 'True'}",229.6513671875,-2.676,-0.798,0.6472944059642032,2.014222334735344
"{'ar': '44100', 'sample_fmt': 's32p', 'compression_level': '8', 'reservoir': '1', 'b:a': '127k', 'abr': 'True'}",167.8515625,-2.955,-1.131,0.7097471080196556,1.3531177295795027
"{'ar': '44100', 'sample_fmt': 's16p', 'compression_level': '5', 'reservoir': '1', 'aq': '9'}",105.1748046875,-3.341,-1.719,0.7181264190294314,0.3676639253247912
"{'ar': '44100', 'sample_fmt': 's32p', 'compression_level': '0', 'reservoir': '1', 'b:a': '192k', 'abr': 'True'}",259.423828125,-2.623,-0.74,1.0690428349771537,2.077326120690327
"{'ar': '16000', 'sample_fmt': 'fltp', 'compression_level': '8', 'reservoir': '0', 'aq': '9'}",66.69921875,-3.805,-3.135,0.6030294729862362,-1.0902150588875281
"{'ar': '44100', 'sample_fmt': 's32p', 'compression_level': '0', 'reservoir': '1', 'b:a': '32k'}",44.771484375,-3.12,-1.357,1.021461693017045,1.0707391850791523
"{'ar': '44100', 'sample_fmt': 's32p', 'compression_level': '7', 'reservoir': '1', 'b:a': '32k', 'abr': 'True'}",48.16796875,-3.35,-1.734,0.6207908959768247,0.4401207488789667
"{'ar': '8000', 'sample_fmt': 's16p', 'compression_level': '2', 'reservoir': '1', 'aq': '9'}",35.8671875,-3.85,-3.44,0.5875034480122849,-1.2409319217197303
"{'ar': '44100', 'sample_fmt': 's16p', 'compression_level': '5', 'reservoir': '1', 'aq': '3'}",243.5302734375,-2.651,-0.77,0.6689821679901797,2.0575545314576575
"{'ar': '8000', 'sample_fmt': 's32p', 'compression_level': '9', 'reservoir': '1', 'b:a': '193k', 'abr': 'True'}",90.21875,-3.858,-3.51,0.7081299269921146,-1.3772962292184785
"{'ar': '12000', 'sample_fmt': 's32p', 'compression_level': '7', 'reservoir': '1', 'b:a': '99k'}",90.265625,-3.742,-2.811,0.9122242220037151,-0.9016780084317481
"{'ar': '32000', 'sample_fmt': 's16p', 'compression_level': '5', 'reservoir': '1', 'b:a': '253k', 'abr': 'True'}",335.609375,-3.175,-1.439,0.7835146430006716,0.4702326399462673
"{'ar': '8000', 'sample_fmt': 's16p', 'compression_level': '2', 'reservoir': '1', 'aq': '2'}",62.09375,-3.859,-3.518,0.6667848100187257,-1.3342158301903724
"{'ar': '12000', 'sample_fmt': 's16p', 'compression_level': '7', 'reservoir': '1', 'b:a': '32k', 'abr': 'True'}",42.78125,-3.777,-2.979,0.6769629909831565,-0.9430648714478208
"{'ar': '12000', 'sample_fmt': 's32p', 'compression_level': '7', 'reservoir': '1', 'b:a': '32k', 'abr': 'True'}",42.78125,-3.777,-2.982,0.6162838349991944,-0.9395262749384536
"{'ar': '44100', 'sample_fmt': 's16p', 'compression_level': '7', 'reservoir': '1', 'aq': '9'}",97.146484375,-3.315,-1.67,0.7081592409813311,0.45724698061048136
"{'ar': '44100', 'sample_fmt': 'fltp', 'compression_level': '7', 'reservoir': '1', 'b:a': '103k'}",133.853515625,-3.284,-1.617,0.6562949189974461,0.4914556804891481
"{'ar': '44100', 'sample_fmt': 's16p', 'compression_level': '5', 'reservoir': '1', 'b:a': '128k', 'abr': 'True'}",172.1220703125,-2.855,-1.006,0.7429140890017152,1.6162780487905588
"{'ar': '44100', 'sample_fmt': 's32p', 'compression_level': '8', 'reservoir': '1', 'b:a': '86k', 'abr': 'True'}",113.6484375,-3.472,-1.982,0.6362336819875054,-0.02799163993484223
"{'ar': '44100', 'sample_fmt': 's16p', 'compression_level': '7', 'reservoir': '1', 'aq': '5'}",141.7314453125,-3.0,-1.189,0.6622929540171754,1.2751603593803498
"{'ar': '44100', 'sample_fmt': 's32p', 'compression_level': '5', 'reservoir': '1', 'b:a': '32k', 'abr': 'True'}",48.193359375,-3.348,-1.73,0.7032010800030548,0.4399107684623927
"{'ar': '44100', 'sample_fmt': 's32p', 'compression_level': '7', 'reservoir': '1', 'b:a': '254k', 'abr': 'True'}",350.5458984375,-2.6,-0.714,0.7138765229901765,2.0199677152940474
"{'ar': '44100', 'sample_fmt': 'fltp', 'compression_level': '7', 'reservoir': '1', 'b:a': '32k'}",44.771484375,-3.286,-1.619,0.7040894480305724,0.624777300683933
"{'ar': '44100', 'sample_fmt': 's16p', 'compression_level': '2', 'reservoir': '1', 'aq': '9'}",103.81640625,-3.341,-1.719,0.6528251949639525,0.37465807577481
"{'ar': '44100', 'sample_fmt': 's32p', 'compression_level': '7', 'reservoir': '1', 'b:a': '32k'}",44.771484375,-3.286,-1.619,0.6179331199964508,0.6311453638139755
"{'ar': '44100', 'sample_fmt': 's16p', 'compression_level': '8', 'reservoir': '1', 'aq': '9'}",97.146484375,-3.315,-1.67,0.6335548089700751,0.46276120972944385
"{'ar': '44100', 'sample_fmt': 's16p', 'compression_level': '8', 'reservoir': '1', 'aq': '9'}",97.146484375,-3.315,-1.67,0.7640734739834443,0.45311419810048
"{'ar': '44100', 'sample_fmt': 's16p', 'compression_level': '0', 'reservoir': '1', 'b:a': '248k', 'abr': 'True'}",336.4169921875,-2.589,-0.702,1.30299198202556,2.028384302383574
"{'ar': '12000', 'sample_fmt': 's16p', 'compression_level': '7', 'reservoir': '1', 'b:a': '32k', 'abr': 'True'}",42.78125,-3.777,-2.979,0.7929077850130852,-0.9516346861652023
"{'ar': '44100', 'sample_fmt': 'fltp', 'compression_level': '7', 'reservoir': '1', 'b:a': '75k', 'abr': 'True'}",100.3388671875,-3.5,-2.047,0.7558099660091102,-0.10133531427140557
"{'ar': '44100', 'sample_fmt': 'fltp', 'compression_level': '8', 'reservoir': '0', 'aq': '9'}",103.8740234375,-3.314,-1.668,0.6812614859663881,0.45146103007477406
"{'ar': '44100', 'sample_fmt': 's32p', 'compression_level': '5', 'reservoir': '1', 'aq': '9'}",105.197265625,-3.343,-1.721,0.721251374023268,0.3621063182581924
"{'ar': '32000', 'sample_fmt': 's32p', 'compression_level': '5', 'reservoir': '1', 'b:a': '143k', 'abr': 'True'}",185.5625,-3.257,-1.571,0.7486225419852417,0.47954069126158877
"{'ar': '44100', 'sample_fmt': 's32p', 'compression_level': '7', 'reservoir': '1', 'b:a': '267k'}",356.8115234375,-2.604,-0.719,0.6885090389987454,2.000947819881866
"{'ar': '44100', 'sample_fmt': 's32p', 'compression_level': '7', 'reservoir': '1', 'b:a': '194k', 'abr': 'True'}",265.4287109375,-2.623,-0.74,0.660704004985746,2.0979258444226963
"{'ar': '16000', 'sample_fmt': 's16p', 'compression_level': '5', 'reservoir': '1', 'b:a': '32k', 'abr': 'True'}",43.35546875,-3.405,-1.842,0.6317666980321519,0.2847725424054224
"{'ar': '44100', 'sample_fmt': 's16p', 'compression_level': '8', 'reservoir': '1', 'aq': '5'}",141.7314453125,-3.0,-1.189,0.6808289700129535,1.273790308883376
"{'ar': '44100', 'sample_fmt': 'fltp', 'compression_level': '9', 'reservoir': '1', 'b:a': '260k', 'abr': 'True'}",358.8876953125,-2.603,-0.718,0.7080113349948078,1.9988388711042113
"{'ar': '44100', 'sample_fmt': 's32p', 'compression_level': '5', 'reservoir': '1', 'b:a': '105k', 'abr': 'True'}",139.5458984375,-3.13,-1.371,0.6995333170052618,0.9155898671823509
"{'ar': '16000', 'sample_fmt': 'fltp', 'compression_level': '7', 'reservoir': '1', 'b:a': '32k'}",44.97265625,-3.442,-1.919,0.5824834259983618,0.1753367251504247
"{'ar': '44100', 'sample_fmt': 'fltp', 'compression_level': '7', 'reservoir': '1', 'b:a': '32k'}",44.771484375,-3.286,-1.619,0.6504587810195517,0.6287412982337962
"{'ar': '44100', 'sample_fmt': 's32p', 'compression_level': '5', 'reservoir': '1', 'b:a': '140k', 'abr': 'True'}",187.708984375,-2.802,-0.942,0.7393250420282129,1.7353478820260817
"{'ar': '44100', 'sample_fmt': 's32p', 'compression_level': '7', 'reservoir': '1', 'b:a': '107k'}",156.1484375,-3.068,-1.283,0.694533979985863,1.0616837844995701
"{'ar': '44100', 'sample_fmt': 's16p', 'compression_level': '9', 'reservoir': '1', 'b:a': '193k', 'abr': 'True'}",263.8017578125,-2.627,-0.744,0.6798997159930877,2.0885215204982055
"{'ar': '44100', 'sample_fmt': 'fltp', 'compression_level': '7', 'reservoir': '1', 'b:a': '126k'}",178.4443359375,-2.916,-1.081,0.6453122239909135,1.447618280429503
"{'ar': '44100', 'sample_fmt': 's16p', 'compression_level': '2', 'reservoir': '1', 'aq': '6'}",137.603515625,-3.069,-1.283,0.6755944549804553,1.0903451971579414
"{'ar': '44100', 'sample_fmt': 's16p', 'compression_level': '2', 'reservoir': '1', 'aq': '9'}",103.81640625,-3.341,-1.719,0.6516925480391365,0.37474179298149524
"{'ar': '16000', 'sample_fmt': 's32p', 'compression_level': '5', 'reservoir': '1', 'b:a': '86k', 'abr': 'True'}",109.1328125,-3.766,-2.922,0.6213204429950565,-1.0012165643976356
"{'ar': '44100', 'sample_fmt': 's32p', 'compression_level': '0', 'reservoir': '1', 'b:a': '143k', 'abr': 'True'}",186.130859375,-2.849,-0.999,1.3182732290006243,1.567586099394523
"{'ar': '44100', 'sample_fmt': 's16p', 'compression_level': '9', 'reservoir': '1', 'b:a': '143k', 'abr': 'True'}",190.8896484375,-2.799,-0.939,0.6515630149806384,1.7446955426739816
"{'ar': '44100', 'sample_fmt': 'fltp', 'compression_level': '9', 'reservoir': '1', 'aq': '9'}",97.1474609375,-3.314,-1.668,0.6323702179943211,0.46580806265882446
"{'ar': '8000', 'sample_fmt': 'fltp', 'compression_level': '9', 'reservoir': '1', 'b:a': '123k', 'abr': 'True'}",89.9375,-3.858,-3.51,0.6089650270005222,-1.3695178842795483
"{'ar': '44100', 'sample_fmt': 's16p', 'compression_level': '2', 'reservoir': '1', 'aq': '4'}",205.1201171875,-2.723,-0.85,0.7401405530108605,1.920592539565408
"{'ar': '44100', 'sample_fmt': 'fltp', 'compression_level': '7', 'reservoir': '1', 'b:a': '128k', 'abr': 'True'}",169.32421875,-2.937,-1.108,0.6625055889890064,1.4034540457490725
"{'ar': '16000', 'sample_fmt': 's16p', 'compression_level': '5', 'reservoir': '1', 'b:a': '32k', 'abr': 'True'}",43.35546875,-3.405,-1.842,0.6263666019949596,0.28517167910562524
"{'ar': '32000', 'sample_fmt': 's16p', 'compression_level': '7', 'reservoir': '1', 'b:a': '254k', 'abr': 'True'}",352.0625,-3.172,-1.435,0.6225693880114704,0.46412654665220493
"{'ar': '44100', 'sample_fmt': 's16p', 'compression_level': '7', 'reservoir': '1', 'b:a': '253k', 'abr': 'True'}",349.2236328125,-2.601,-0.716,0.6611582140030805,2.0230133156316463
"{'ar': '16000', 'sample_fmt': 's32p', 'compression_level': '7', 'reservoir': '1', 'b:a': '126k'}",179.515625,-3.769,-2.939,0.6076979600184131,-1.1248696566484373
"{'ar': '44100', 'sample_fmt': 's32p', 'compression_level': '0', 'reservoir': '1', 'b:a': '32k'}",44.771484375,-3.12,-1.357,1.1690560459974222,1.0598300600170376
"{'ar': '44100', 'sample_fmt': 's16p', 'compression_level': '7', 'reservoir': '1', 'aq': '9'}",97.146484375,-3.315,-1.67,0.7531366150069516,0.4539225729464819
"{'ar': '44100', 'sample_fmt': 's16p', 'compression_level': '5', 'reservoir': '1', 'b:a': '105k', 'abr': 'True'}",139.5458984375,-3.123,-1.361,0.7449036869802512,0.9317005609969499
"{'ar': '16000', 'sample_fmt': 'fltp', 'compression_level': '8', 'reservoir': '0', 'aq': '9'}",66.69921875,-3.805,-3.135,0.6055445829988457,-1.0904009579352794
"{'ar': '44100', 'sample_fmt': 'fltp', 'compression_level': '0', 'reservoir': '0', 'b:a': '255k'}",356.8115234375,-2.59,-0.704,1.1754622620355804,2.0023067060970656
"{'ar': '12000', 'sample_fmt': 'fltp', 'compression_level': '0', 'reservoir': '1', 'b:a': '143k'}",90.546875,-3.768,-2.932,0.8782151550112758,-0.9983619318847413
"{'ar': '44100', 'sample_fmt': 's16p', 'compression_level': '1', 'reservoir': '1', 'b:a': '154k'}",223.037109375,-2.682,-0.805,1.1513895169773605,1.9713295098490375
"{'ar': '16000', 'sample_fmt': 's32p', 'compression_level': '9', 'reservoir': '1', 'b:a': '32k', 'abr': 'True'}",42.828125,-3.448,-1.93,0.5780690149986185,0.16163529012081695
"{'ar': '44100', 'sample_fmt': 's32p', 'compression_level': '9', 'reservoir': '1', 'b:a': '194k', 'abr': 'True'}",265.4287109375,-2.623,-0.74,0.6731452330132015,2.0970062773136764
"{'ar': '16000', 'sample_fmt': 's16p', 'compression_level': '5', 'reservoir': '1', 'b:a': '272k', 'abr': 'True'}",210.69921875,-3.764,-2.916,0.5970674370182678,-1.1549372482770628
"{'ar': '16000', 'sample_fmt': 's16p', 'compression_level': '2', 'reservoir': '1', 'aq': '4'}",96.23046875,-3.821,-3.233,0.6451474759669509,-1.208644022029883
"{'ar': '16000', 'sample_fmt': 's16p', 'compression_level': '5', 'reservoir': '1', 'b:a': '83k', 'abr': 'True'}",105.93359375,-3.779,-2.992,0.6295609330118168,-1.0490920431642659
"{'ar': '16000', 'sample_fmt': 's16p', 'compression_level': '5', 'reservoir': '1', 'b:a': '32k'}",44.97265625,-3.328,-1.693,0.6615636769856792,0.5063981890620312
"{'ar': '44100', 'sample_fmt': 's16p', 'compression_level': '5', 'reservoir': '1', 'b:a': '109k'}",156.1484375,-2.956,-1.132,0.7286766839970369,1.3677474560394012
"{'ar': '8000', 'sample_fmt': 's16p', 'compression_level': '2', 'reservoir': '1', 'aq': '9'}",35.8671875,-3.85,-3.44,0.5958724509982858,-1.2415504989103605
"{'ar': '44100', 'sample_fmt': 's16p', 'compression_level': '8', 'reservoir': '1', 'aq': '9'}",97.146484375,-3.315,-1.67,0.6685200679930858,0.46017682641254304
"{'ar': '8000', 'sample_fmt': 'fltp', 'compression_level': '9', 'reservoir': '1', 'b:a': '129k', 'abr': 'True'}",89.9375,-3.858,-3.51,0.6104192459897604,-1.3696253698066092
"{'ar': '32000', 'sample_fmt': 'fltp', 'compression_level': '7', 'reservoir': '0', 'b:a': '254k', 'abr': 'True'}",363.734375,-3.174,-1.438,0.6366053549863864,0.43885845904148213
"{'ar': '16000', 'sample_fmt': 's16p', 'compression_level': '8', 'reservoir': '1', 'aq': '9'}",61.7421875,-3.805,-3.137,0.7816479999746662,-1.0961384277800472
"{'ar': '16000', 'sample_fmt': 's32p', 'compression_level': '9', 'reservoir': '1', 'b:a': '142k', 'abr': 'True'}",197.33984375,-3.765,-2.919,0.6593358579848427,-1.141498918376859
"{'ar': '44100', 'sample_fmt': 's32p', 'compression_level': '5', 'reservoir': '1', 'b:a': '140k', 'abr': 'True'}",187.708984375,-2.802,-0.942,0.7761340810102411,1.7326272196053143
"{'ar': '44100', 'sample_fmt': 's32p', 'compression_level': '7', 'reservoir': '1', 'b:a': '141k', 'abr': 'True'}",187.755859375,-2.823,-0.967,0.657487570977537,1.6845067743877755
"{'ar': '44100', 'sample_fmt': 'fltp', 'compression_level': '7', 'reservoir': '1', 'b:a': '32k', 'abr': 'True'}",48.16796875,-3.35,-1.734,0.6491719319892582,0.43802302450808117
"{'ar': '44100', 'sample_fmt': 's16p', 'compression_level': '2', 'reservoir': '1', 'b:a': '32k', 'abr': 'True'}",47.8125,-3.293,-1.632,0.7502118860429619,0.5961052928592967
"{'ar': '44100', 'sample_fmt': 'fltp', 'compression_level': '7', 'reservoir': '1', 'b:a': '32k'}",44.771484375,-3.286,-1.619,0.6292716509778984,0.6303073002295664
"{'ar': '44100', 'sample_fmt': 's16p', 'compression_level': '9', 'reservoir': '1', 'b:a': '143k', 'abr': 'True'}",190.8896484375,-2.799,-0.939,0.7153709039848763,1.7399793172423128
"{'ar': '12000', 'sample_fmt': 's16p', 'compression_level': '2', 'reservoir': '1', 'b:a': '32k', 'abr': 'True'}",43.4375,-3.766,-2.922,0.6770550269866362,-0.9005083835054672
"{'ar': '44100', 'sample_fmt': 's32p', 'compression_level': '5', 'reservoir': '1', 'b:a': '139k', 'abr': 'True'}",186.576171875,-2.807,-0.948,0.7692953389778268,1.7213978399639958
"{'ar': '32000', 'sample_fmt': 'fltp', 'compression_level': '8', 'reservoir': '0', 'b:a': '168k'}",223.671875,-3.202,-1.481,0.6619664419849869,0.5816737508900142
"{'ar': '44100', 'sample_fmt': 's16p', 'compression_level': '2', 'reservoir': '1', 'b:a': '256k', 'abr': 'True'}",343.326171875,-2.587,-0.701,0.8747886609926354,2.0539846476067436
"{'ar': '32000', 'sample_fmt': 's16p', 'compression_level': '5', 'reservoir': '1', 'b:a': '195k', 'abr': 'True'}",261.9921875,-3.18,-1.448,0.6994377929950133,0.5794265285714473
"{'ar': '44100', 'sample_fmt': 's32p', 'compression_level': '7', 'reservoir': '1', 'b:a': '267k'}",356.8115234375,-2.604,-0.719,0.6617357899958733,2.0029267080696163
"{'ar': '12000', 'sample_fmt': 's32p', 'compression_level': '7', 'reservoir': '0', 'b:a': '139k', 'abr': 'True'}",90.546875,-3.74,-2.804,0.5931195989833213,-0.871672759916765
"{'ar': '44100', 'sample_fmt': 's16p', 'compression_level': '7', 'reservoir': '1', 'b:a': '114k'}",156.1484375,-3.065,-1.278,0.6525231789855752,1.073356029733876
"{'ar': '44100', 'sample_fmt': 'fltp', 'compression_level': '2', 'reservoir': '1', 'b:a': '194k', 'abr': 'True'}",261.455078125,-2.62,-0.736,0.8333024579915218,2.09976082647204
"{'ar': '16000', 'sample_fmt': 's32p', 'compression_level': '8', 'reservoir': '1', 'b:a': '85k', 'abr': 'True'}",118.37890625,-3.714,-2.694,0.7122339459892828,-0.8296086239771199
"{'ar': '32000', 'sample_fmt': 's16p', 'compression_level': '7', 'reservoir': '1', 'b:a': '254k', 'abr': 'True'}",352.0625,-3.172,-1.435,0.7851858889916912,0.4521070912290521
"{'ar': '16000', 'sample_fmt': 'fltp', 'compression_level': '8', 'reservoir': '1', 'aq': '9'}",61.7421875,-3.805,-3.135,0.693719806993613,-1.0890084841756877
"{'ar': '44100', 'sample_fmt': 'fltp', 'compression_level': '2', 'reservoir': '1', 'b:a': '142k', 'abr': 'True'}",185.3486328125,-2.846,-0.995,0.9189285749744158,1.6066026349562947
"{'ar': '44100', 'sample_fmt': 's16p', 'compression_level': '9', 'reservoir': '1', 'b:a': '193k', 'abr': 'True'}",263.8017578125,-2.627,-0.744,0.8399247280322015,2.076693609510085
"{'ar': '44100', 'sample_fmt': 's16p', 'compression_level': '5', 'reservoir': '1', 'aq': '9'}",105.1748046875,-3.341,-1.719,0.6620033420040272,0.37181214409995145
"{'ar': '44100', 'sample_fmt': 's16p', 'compression_level': '8', 'reservoir': '1', 'aq': '6'}",125.1630859375,-3.168,-1.429,0.6497886099969037,0.8353825615591203
"{'ar': '44100', 'sample_fmt': 'fltp', 'compression_level': '7', 'reservoir': '1', 'b:a': '114k', 'abr': 'True'}",149.4501953125,-3.139,-1.384,0.6800228219653945,0.8761576084125362
"{'ar': '16000', 'sample_fmt': 'fltp', 'compression_level': '1', 'reservoir': '1', 'b:a': '32k'}",44.97265625,-3.267,-1.587,0.8937270989990793,0.664803119130294
"{'ar': '44100', 'sample_fmt': 's32p', 'compression_level': '7', 'reservoir': '1', 'b:a': '32k'}",44.771484375,-3.286,-1.619,0.6354477330169175,0.6298508081619701
"{'ar': '44100', 'sample_fmt': 's16p', 'compression_level': '2', 'reservoir': '1', 'aq': '9'}",103.81640625,-3.341,-1.719,0.7165428320004139,0.36994852112683774
"{'ar': '44100', 'sample_fmt': 's32p', 'compression_level': '5', 'reservoir': '1', 'aq': '8'}",110.8330078125,-3.357,-1.748,0.724494985974161,0.31173731243461295
"{'ar': '8000', 'sample_fmt': 's16p', 'compression_level': '2', 'reservoir': '1', 'aq': '9'}",35.8671875,-3.85,-3.44,0.6158238549833186,-1.2430251648229949
"{'ar': '44100', 'sample_fmt': 's16p', 'compression_level': '2', 'reservoir': '1', 'aq': '4'}",205.1201171875,-2.723,-0.85,0.7218302160035819,1.9219459094763043
"{'ar': '44100', 'sample_fmt': 's32p', 'compression_level': '0', 'reservoir': '1', 'b:a': '189k'}",267.6279296875,-2.627,-0.744,1.1096837170189247,2.0506496561970287
"{'ar': '44100', 'sample_fmt': 's32p', 'compression_level': '9', 'reservoir': '1', 'b:a': '140k', 'abr': 'True'}",186.3251953125,-2.834,-0.98,0.6521668289788067,1.6574526302923926
"{'ar': '44100', 'sample_fmt': 's32p', 'compression_level': '5', 'reservoir': '1', 'aq': '1'}",306.7607421875,-2.609,-0.724,0.6980192960181739,2.0668821682906806
"{'ar': '44100', 'sample_fmt': 'fltp', 'compression_level': '7', 'reservoir': '1', 'b:a': '152k'}",223.037109375,-2.691,-0.815,0.6569463949999772,1.9837512049327632
"{'ar': '16000', 'sample_fmt': 's32p', 'compression_level': '7', 'reservoir': '1', 'b:a': '107k', 'abr': 'True'}",149.31640625,-3.761,-2.901,0.607587358012097,-1.046046734988994
"{'ar': '44100', 'sample_fmt': 'fltp', 'compression_level': '2', 'reservoir': '1', 'aq': '9'}",103.837890625,-3.343,-1.721,0.6776047270104755,0.36750147461951393
"{'ar': '44100', 'sample_fmt': 's32p', 'compression_level': '7', 'reservoir': '1', 'b:a': '32k'}",44.771484375,-3.286,-1.619,0.6587961619952694,0.628125058317309
"{'ar': '44100', 'sample_fmt': 's32p', 'compression_level': '7', 'reservoir': '1', 'b:a': '258k', 'abr': 'True'}",356.03515625,-2.598,-0.713,0.6592327520193066,2.020222913955571
"{'ar': '44100', 'sample_fmt': 's32p', 'compression_level': '5', 'reservoir': '1', 'b:a': '103k', 'abr': 'True'}",137.1591796875,-3.16,-1.416,0.7430871870019473,0.8320853139558847
"{'ar': '44100', 'sample_fmt': 's16p', 'compression_level': '5', 'reservoir': '1', 'b:a': '128k', 'abr': 'True'}",172.1220703125,-2.855,-1.006,0.7460979609750211,1.6160427196140883
"{'ar': '44100', 'sample_fmt': 's32p', 'compression_level': '9', 'reservoir': '1', 'b:a': '32k', 'abr': 'True'}",48.16796875,-3.35,-1.734,0.6405214709811844,0.4386624050743185
"{'ar': '44100', 'sample_fmt': 's16p', 'compression_level': '5', 'reservoir': '1', 'aq': '6'}",139.6376953125,-3.069,-1.283,0.6967099559842609,1.0855386209389861
"{'ar': '44100', 'sample_fmt': 's32p', 'compression_level': '2', 'reservoir': '1', 'b:a': '254k', 'abr': 'True'}",342.109375,-2.587,-0.701,0.8617201310116798,2.056892180123329
"{'ar': '44100', 'sample_fmt': 's32p', 'compression_level': '1', 'reservoir': '1', 'b:a': '116k'}",156.1484375,-3.087,-1.309,1.149782694003079,0.975564299204515
"{'ar': '44100', 'sample_fmt': 'fltp', 'compression_level': '2', 'reservoir': '1', 'b:a': '142k', 'abr': 'True'}",185.3486328125,-2.846,-0.995,0.9255364580312744,1.6061142272278996
"{'ar': '16000', 'sample_fmt': 's16p', 'compression_level': '5', 'reservoir': '1', 'b:a': '32k', 'abr': 'True'}",43.35546875,-3.405,-1.842,0.6341954140225425,0.284593028989465
"{'ar': '44100', 'sample_fmt': 's16p', 'compression_level': '9', 'reservoir': '1', 'b:a': '258k', 'abr': 'True'}",355.7314453125,-2.598,-0.712,0.7203443080070429,2.016506061489684
"{'ar': '44100', 'sample_fmt': 's32p', 'compression_level': '9', 'reservoir': '1', 'b:a': '128k', 'abr': 'True'}",169.32421875,-2.937,-1.108,0.7069667580071837,1.4001677922886058
"{'ar': '44100', 'sample_fmt': 's32p', 'compression_level': '8', 'reservoir': '1', 'b:a': '32k'}",44.771484375,-3.286,-1.619,0.6795428220066242,0.6265916127340954
"{'ar': '16000', 'sample_fmt': 's16p', 'compression_level': '9', 'reservoir': '1', 'b:a': '193k', 'abr': 'True'}",220.68359375,-3.766,-2.926,0.6109589920088183,-1.1797101868145907
"{'ar': '44100', 'sample_fmt': 'fltp', 'compression_level': '0', 'reservoir': '1', 'b:a': '248k', 'abr': 'True'}",336.51953125,-2.595,-0.709,1.1646572199824732,2.0222575704913135
"{'ar': '44100', 'sample_fmt': 'fltp', 'compression_level': '5', 'reservoir': '1', 'b:a': '126k'}",178.4443359375,-2.833,-0.979,0.7511136440152768,1.6653597899392074
"{'ar': '44100', 'sample_fmt': 's16p', 'compression_level': '1', 'reservoir': '1', 'b:a': '193k', 'abr': 'True'}",262.2724609375,-2.625,-0.742,1.0144664859981276,2.071523761277215
"{'ar': '44100', 'sample_fmt': 'fltp', 'compression_level': '7', 'reservoir': '1', 'b:a': '32k', 'abr': 'True'}",48.16796875,-3.35,-1.734,0.6431169119896367,0.43847056853057
"{'ar': '44100', 'sample_fmt': 'fltp', 'compression_level': '2', 'reservoir': '1', 'b:a': '194k', 'abr': 'True'}",261.455078125,-2.62,-0.736,0.8328885689843446,2.099791418204379
"{'ar': '44100', 'sample_fmt': 'fltp', 'compression_level': '7', 'reservoir': '1', 'b:a': '32k'}",44.771484375,-3.286,-1.619,0.671775416994933,0.6271657240802923
"{'ar': '44100', 'sample_fmt': 's16p', 'compression_level': '5', 'reservoir': '1', 'b:a': '100k'}",133.853515625,-3.218,-1.506,0.7290341339830775,0.6748710955395046
"{'ar': '44100', 'sample_fmt': 's32p', 'compression_level': '8', 'reservoir': '1', 'aq': '9'}",97.1474609375,-3.314,-1.668,0.6777354159858078,0.46245498980499705
"{'ar': '16000', 'sample_fmt': 's16p', 'compression_level': '5', 'reservoir': '1', 'b:a': '32k', 'abr': 'True'}",43.35546875,-3.405,-1.842,0.6647634039982222,0.28233366053255327
"{'ar': '44100', 'sample_fmt': 's32p', 'compression_level': '2', 'reservoir': '1', 'b:a': '32k', 'abr': 'True'}",47.76171875,-3.294,-1.634,0.7509536520228721,0.5931706419819038
"{'ar': '32000', 'sample_fmt': 's32p', 'compression_level': '8', 'reservoir': '1', 'b:a': '86k', 'abr': 'True'}",113.45703125,-3.635,-2.412,0.6477536949678324,-0.5439646802785594
"{'ar': '44100', 'sample_fmt': 'fltp', 'compression_level': '0', 'reservoir': '1', 'b:a': '248k', 'abr': 'True'}",336.51953125,-2.595,-0.709,1.1100812460063025,2.0262914384101753
"{'ar': '44100', 'sample_fmt': 's16p', 'compression_level': '5', 'reservoir': '1', 'b:a': '103k'}",133.853515625,-3.218,-1.506,0.8240726929798257,0.6678465210562483
"{'ar': '44100', 'sample_fmt': 's16p', 'compression_level': '9', 'reservoir': '1', 'b:a': '254k', 'abr': 'True'}",350.4443359375,-2.599,-0.714,0.6942855730012525,2.0239077365343383
"{'ar': '44100', 'sample_fmt': 's32p', 'compression_level': '5', 'reservoir': '1', 'b:a': '254k', 'abr': 'True'}",350.7490234375,-2.589,-0.703,0.7684821139846463,2.044706897624517
"{'ar': '44100', 'sample_fmt': 's16p', 'compression_level': '9', 'reservoir': '1', 'b:a': '194k', 'abr': 'True'}",265.3271484375,-2.62,-0.736,0.6900857029831968,2.104167865065364
"{'ar': '44100', 'sample_fmt': 'fltp', 'compression_level': '0', 'reservoir': '1', 'b:a': '191k', 'abr': 'True'}",258.5078125,-2.628,-0.745,1.1060219749924727,2.0628275580950937
"{'ar': '44100', 'sample_fmt': 's16p', 'compression_level': '5', 'reservoir': '1', 'b:a': '105k', 'abr': 'True'}",139.5458984375,-3.123,-1.361,0.7257071019848809,0.9331194360572163
"{'ar': '44100', 'sample_fmt': 's16p', 'compression_level': '2', 'reservoir': '1', 'b:a': '196k', 'abr': 'True'}",263.6962890625,-2.616,-0.732,0.8353908580029383,2.1066118308053525
"{'ar': '44100', 'sample_fmt': 's32p', 'compression_level': '7', 'reservoir': '1', 'b:a': '107k', 'abr': 'True'}",139.2421875,-3.248,-1.556,0.6636173250153661,0.5854366723656073
"{'ar': '32000', 'sample_fmt': 'fltp', 'compression_level': '7', 'reservoir': '1', 'b:a': '170k', 'abr': 'True'}",234.640625,-3.19,-1.462,0.6660215360170696,0.5978245448186402
"{'ar': '8000', 'sample_fmt': 's16p', 'compression_level': '9', 'reservoir': '1', 'aq': '9'}",36.8515625,-3.855,-3.486,0.5993228369625285,-1.2695370352258308
"{'ar': '44100', 'sample_fmt': 's16p', 'compression_level': '9', 'reservoir': '1', 'b:a': '193k'}",267.6279296875,-2.634,-0.752,0.6641662679903675,2.0647459059271047
"{'ar': '44100', 'sample_fmt': 's16p', 'compression_level': '7', 'reservoir': '1', 'b:a': '102k'}",133.853515625,-3.29,-1.627,0.6937783659668639,0.47155095951810305
"{'ar': '8000', 'sample_fmt': 's16p', 'compression_level': '2', 'reservoir': '1', 'aq': '9'}",35.8671875,-3.85,-3.44,0.6413221190159675,-1.244909815187877
"{'ar': '44100', 'sample_fmt': 's16p', 'compression_level': '9', 'reservoir': '1', 'b:a': '193k', 'abr': 'True'}",263.8017578125,-2.627,-0.744,0.6933862680161837,2.0875246904724913
"{'ar': '16000', 'sample_fmt': 's32p', 'compression_level': '1', 'reservoir': '1', 'b:a': '32k'}",44.97265625,-3.267,-1.587,0.8825796229939442,0.665627061289403
"{'ar': '44100', 'sample_fmt': 'fltp', 'compression_level': '8', 'reservoir': '1', 'aq': '5'}",141.6572265625,-3.004,-1.195,0.694852755026659,1.2616596968483644
"{'ar': '44100', 'sample_fmt': 's32p', 'compression_level': '9', 'reservoir': '1', 'b:a': '195k', 'abr': 'True'}",266.8515625,-2.621,-0.737,0.7651889420230873,2.093538917865634
"{'ar': '44100', 'sample_fmt': 'fltp', 'compression_level': '8', 'reservoir': '1', 'b:a': '194k', 'abr': 'True'}",265.4287109375,-2.623,-0.74,0.6818175179942045,2.0963652836745457
"{'ar': '44100', 'sample_fmt': 's16p', 'compression_level': '2', 'reservoir': '1', 'b:a': '142k', 'abr': 'True'}",185.46484375,-2.839,-0.986,0.9606812069832813,1.62247983414809
"{'ar': '44100', 'sample_fmt': 's16p', 'compression_level': '2', 'reservoir': '1', 'b:a': '32k', 'abr': 'True'}",47.8125,-3.293,-1.632,0.8957205699989572,0.5853503256207417
"{'ar': '44100', 'sample_fmt': 's32p', 'compression_level': '2', 'reservoir': '1', 'b:a': '254k', 'abr': 'True'}",342.109375,-2.587,-0.701,0.944171054958133,2.0507979941151535
"{'ar': '44100', 'sample_fmt': 'fltp', 'compression_level': '7', 'reservoir': '1', 'b:a': '113k', 'abr': 'True'}",147.62109375,-3.164,-1.423,0.662412519013742,0.8098265455518239
"{'ar': '44100', 'sample_fmt': 's16p', 'compression_level': '2', 'reservoir': '1', 'aq': '9'}",103.81640625,-3.341,-1.719,0.7208008340385277,0.3696337998938736
"{'ar': '44100', 'sample_fmt': 's32p', 'compression_level': '5', 'reservoir': '1', 'aq': '3'}",243.322265625,-2.652,-0.771,0.7810897140007,2.046954853286877
"{'ar': '44100', 'sample_fmt': 's16p', 'compression_level': '8', 'reservoir': '1', 'aq': '2'}",202.7783203125,-2.725,-0.853,0.6866957650054246,1.922673269752276
"{'ar': '44100', 'sample_fmt': 's16p', 'compression_level': '9', 'reservoir': '1', 'b:a': '194k', 'abr': 'True'}",265.3271484375,-2.62,-0.736,0.6493829019891564,2.107176326686395
"{'ar': '44100', 'sample_fmt': 's32p', 'compression_level': '9', 'reservoir': '1', 'b:a': '194k', 'abr': 'True'}",265.4287109375,-2.623,-0.74,0.6652725340100005,2.0975881712430042
"{'ar': '32000', 'sample_fmt': 's16p', 'compression_level': '9', 'reservoir': '1', 'b:a': '255k', 'abr': 'True'}",353.46875,-3.172,-1.434,0.6543729359982535,0.45984740958719356
"{'ar': '44100', 'sample_fmt': 'fltp', 'compression_level': '8', 'reservoir': '1', 'aq': '1'}",228.9697265625,-2.671,-0.792,0.6490955439803656,2.0287193168775275
"{'ar': '44100', 'sample_fmt': 's16p', 'compression_level': '5', 'reservoir': '1', 'b:a': '199k', 'abr': 'True'}",272.8681640625,-2.615,-0.731,0.7337904130108654,2.1021315731664374
"{'ar': '44100', 'sample_fmt': 's16p', 'compression_level': '5', 'reservoir': '1', 'b:a': '32k'}",44.771484375,-3.296,-1.637,0.7026959639915731,0.5959026673918096
"{'ar': '44100', 'sample_fmt': 'fltp', 'compression_level': '7', 'reservoir': '1', 'b:a': '153k', 'abr': 'True'}",205.6640625,-2.752,-0.884,0.7031659889908042,1.8441636989708619
"{'ar': '44100', 'sample_fmt': 's32p', 'compression_level': '5', 'reservoir': '1', 'aq': '9'}",105.197265625,-3.343,-1.721,0.6602493429963943,0.3666151546199985
"{'ar': '44100', 'sample_fmt': 's16p', 'compression_level': '5', 'reservoir': '1', 'b:a': '144k', 'abr': 'True'}",196.37109375,-2.719,-0.846,0.8578501559968572,1.9364343747497867
"{'ar': '8000', 'sample_fmt': 's16p', 'compression_level': '2', 'reservoir': '1', 'b:a': '169k', 'abr': 'True'}",74.8203125,-3.858,-3.512,0.7880826130276546,-1.3592659383342864
"{'ar': '44100', 'sample_fmt': 'fltp', 'compression_level': '7', 'reservoir': '1', 'b:a': '153k', 'abr': 'True'}",205.6640625,-2.752,-0.884,0.7243007840006612,1.8426015652084993
"{'ar': '44100', 'sample_fmt': 's32p', 'compression_level': '9', 'reservoir': '1', 'b:a': '192k', 'abr': 'True'}",262.2744140625,-2.63,-0.747,0.6683166179864202,2.0838786003662486
"{'ar': '44100', 'sample_fmt': 'fltp', 'compression_level': '7', 'reservoir': '1', 'b:a': '153k', 'abr': 'True'}",205.6640625,-2.752,-0.884,0.7282690150022972,1.842308261790055
"{'ar': '32000', 'sample_fmt': 'fltp', 'compression_level': '7', 'reservoir': '0', 'b:a': '109k'}",156.59375,-3.396,-1.823,0.6680555169878062,0.12836316365723519
"{'ar': '44100', 'sample_fmt': 's16p', 'compression_level': '5', 'reservoir': '1', 'b:a': '254k', 'abr': 'True'}",350.544921875,-2.585,-0.699,0.7851328589895274,2.0543834555756164
"{'ar': '32000', 'sample_fmt': 'fltp', 'compression_level': '7', 'reservoir': '1', 'b:a': '167k'}",223.671875,-3.202,-1.481,0.6461576919828076,0.5828422212777153
"{'ar': '8000', 'sample_fmt': 's16p', 'compression_level': '2', 'reservoir': '1', 'aq': '9'}",35.8671875,-3.85,-3.44,0.6207740809768438,-1.2433910503284944
"{'ar': '44100', 'sample_fmt': 's16p', 'compression_level': '2', 'reservoir': '1', 'b:a': '197k', 'abr': 'True'}",264.9189453125,-2.61,-0.725,0.8538259440101683,2.1194861269126215
"{'ar': '44100', 'sample_fmt': 's16p', 'compression_level': '7', 'reservoir': '1', 'b:a': '103k'}",133.853515625,-3.29,-1.627,0.6803603740409017,0.4725427220689523
"{'ar': '44100', 'sample_fmt': 's16p', 'compression_level': '9', 'reservoir': '1', 'aq': '6'}",125.1630859375,-3.168,-1.429,0.7279043450253084,0.8296088018892148
"{'ar': '44100', 'sample_fmt': 's32p', 'compression_level': '9', 'reservoir': '1', 'b:a': '194k', 'abr': 'True'}",265.4287109375,-2.623,-0.74,0.6977278270060197,2.0951893067670153
"{'ar': '44100', 'sample_fmt': 's16p', 'compression_level': '9', 'reservoir': '1', 'b:a': '252k'}",356.8115234375,-2.595,-0.709,0.6672553090029396,2.0266427690918576
"{'ar': '44100', 'sample_fmt': 's32p', 'compression_level': '5', 'reservoir': '1', 'b:a': '32k', 'abr': 'True'}",48.193359375,-3.348,-1.73,0.6956842179934029,0.44046636145143375
"{'ar': '12000', 'sample_fmt': 's16p', 'compression_level': '7', 'reservoir': '1', 'b:a': '32k', 'abr': 'True'}",42.78125,-3.777,-2.979,0.5908793739799876,-0.9367021826001547
"{'ar': '16000', 'sample_fmt': 'fltp', 'compression_level': '7', 'reservoir': '1', 'b:a': '32k'}",44.97265625,-3.442,-1.919,0.5949307490081992,0.17441670754364738
"{'ar': '32000', 'sample_fmt': 's16p', 'compression_level': '2', 'reservoir': '1', 'aq': '9'}",82.9765625,-3.544,-2.157,0.6791907220031135,-0.20518543924672297
"{'ar': '44100', 'sample_fmt': 's32p', 'compression_level': '7', 'reservoir': '1', 'b:a': '108k'}",156.1484375,-3.068,-1.283,0.6524158619868103,1.0647968562896113
"{'ar': '44100', 'sample_fmt': 's32p', 'compression_level': '5', 'reservoir': '1', 'aq': '1'}",306.7607421875,-2.609,-0.724,0.7014564560086001,2.0666281178650587
"{'ar': '44100', 'sample_fmt': 'fltp', 'compression_level': '7', 'reservoir': '1', 'b:a': '153k', 'abr': 'True'}",205.6640625,-2.752,-0.884,0.6517855949932709,1.8479613723407524
"{'ar': '16000', 'sample_fmt': 's32p', 'compression_level': '8', 'reservoir': '1', 'b:a': '86k', 'abr': 'True'}",119.71484375,-3.714,-2.693,0.5983779320085887,-0.8230094468061231
"{'ar': '44100', 'sample_fmt': 's16p', 'compression_level': '9', 'reservoir': '1', 'aq': '5'}",141.7314453125,-3.0,-1.189,0.6643091659934726,1.2750113353278911
"{'ar': '44100', 'sample_fmt': 's16p', 'compression_level': '1', 'reservoir': '1', 'b:a': '248k', 'abr': 'True'}",339.369140625,-2.591,-0.705,1.0193060789897572,2.0390354574324063
"{'ar': '44100', 'sample_fmt': 's32p', 'compression_level': '5', 'reservoir': '1', 'b:a': '104k', 'abr': 'True'}",138.3779296875,-3.169,-1.431,0.7260257510351948,0.8057003410811985
"{'ar': '32000', 'sample_fmt': 'fltp', 'compression_level': '0', 'reservoir': '1', 'b:a': '253k', 'abr': 'True'}",317.6796875,-3.175,-1.44,0.9511649790219963,0.48613542858747255
"{'ar': '44100', 'sample_fmt': 'fltp', 'compression_level': '7', 'reservoir': '1', 'b:a': '127k'}",178.4443359375,-2.916,-1.081,0.6673025060154032,1.4459929151501945
"{'ar': '44100', 'sample_fmt': 'fltp', 'compression_level': '7', 'reservoir': '1', 'b:a': '126k'}",178.4443359375,-2.916,-1.081,0.6755503930326086,1.4453832899907493
"{'ar': '16000', 'sample_fmt': 's32p', 'compression_level': '1', 'reservoir': '1', 'b:a': '32k'}",44.97265625,-3.267,-1.587,0.8499353130173404,0.6680398965565393
"{'ar': '44100', 'sample_fmt': 's32p', 'compression_level': '5', 'reservoir': '1', 'b:a': '103k'}",133.853515625,-3.226,-1.519,0.7602483299851883,0.6498235021210568
"{'ar': '44100', 'sample_fmt': 's16p', 'compression_level': '9', 'reservoir': '1', 'b:a': '192k', 'abr': 'True'}",262.173828125,-2.63,-0.747,0.6666999299777672,2.0841585958684097
"{'ar': '44100', 'sample_fmt': 'fltp', 'compression_level': '9', 'reservoir': '1', 'b:a': '193k', 'abr': 'True'}",263.8056640625,-2.63,-0.747,0.6743633190053515,2.08098830979366
"{'ar': '32000', 'sample_fmt': 'fltp', 'compression_level': '7', 'reservoir': '0', 'b:a': '32k'}",44.8671875,-3.413,-1.857,0.6926414890040178,0.2544895357942113
"{'ar': '44100', 'sample_fmt': 's16p', 'compression_level': '7', 'reservoir': '1', 'b:a': '126k'}",178.4443359375,-2.914,-1.079,0.7617807100177743,1.444300550614853
"{'ar': '44100', 'sample_fmt': 's16p', 'compression_level': '5', 'reservoir': '1', 'b:a': '253k'}",356.8115234375,-2.595,-0.709,0.7483243430033326,2.0206507225621864
"{'ar': '44100', 'sample_fmt': 's32p', 'compression_level': '8', 'reservoir': '1', 'b:a': '84k', 'abr': 'True'}",111.3916015625,-3.48,-2.001,0.6678607219946571,-0.05136134506676468
"{'ar': '8000', 'sample_fmt': 'fltp', 'compression_level': '5', 'reservoir': '1', 'b:a': '128k', 'abr': 'True'}",85.2265625,-3.858,-3.508,0.6129617840051651,-1.3616653030843537
"{'ar': '44100', 'sample_fmt': 'fltp', 'compression_level': '5', 'reservoir': '1', 'b:a': '113k', 'abr': 'True'}",150.56640625,-2.991,-1.178,0.751356439985102,1.2789192683603103
"{'ar': '16000', 'sample_fmt': 's16p', 'compression_level': '9', 'reservoir': '1', 'b:a': '258k'}",224.375,-3.764,-2.917,0.6119576640194282,-1.1781752465027495
"{'ar': '44100', 'sample_fmt': 's16p', 'compression_level': '2', 'reservoir': '1', 'aq': '4'}",205.1201171875,-2.723,-0.85,0.7286322580184788,1.9214431508983516
"{'ar': '44100', 'sample_fmt': 's32p', 'compression_level': '8', 'reservoir': '1', 'aq': '9'}",97.1474609375,-3.314,-1.668,0.6449351730116177,0.46487935053051044
"{'ar': '12000', 'sample_fmt': 's16p', 'compression_level': '7', 'reservoir': '1', 'b:a': '191k', 'abr': 'True'}",88.578125,-3.74,-2.803,0.602884872991126,-0.8689376164286607
"{'ar': '44100', 'sample_fmt': 's16p', 'compression_level': '8', 'reservoir': '1', 'b:a': '32k', 'abr': 'True'}",48.193359375,-3.355,-1.744,0.6508836060238536,0.42305172154294773
"{'ar': '44100', 'sample_fmt': 's32p', 'compression_level': '7', 'reservoir': '1', 'b:a': '191k'}",267.6279296875,-2.63,-0.747,0.6660752110183239,2.075501853823507
"{'ar': '44100', 'sample_fmt': 's16p', 'compression_level': '0', 'reservoir': '1', 'b:a': '189k', 'abr': 'True'}",256.1728515625,-2.631,-0.748,1.1246376039925963,2.057241248961519
"{'ar': '44100', 'sample_fmt': 'fltp', 'compression_level': '7', 'reservoir': '1', 'b:a': '32k', 'abr': 'True'}",48.16796875,-3.35,-1.734,0.6529856930137612,0.4377411384119454
"{'ar': '44100', 'sample_fmt': 's32p', 'compression_level': '7', 'reservoir': '1', 'b:a': '32k'}",44.771484375,-3.286,-1.619,0.6796589360164944,0.6265830304121462
"{'ar': '44100', 'sample_fmt': 's16p', 'compression_level': '9', 'reservoir': '1', 'b:a': '143k', 'abr': 'True'}",190.8896484375,-2.799,-0.939,0.6745063750131521,1.7429997326454427
"{'ar': '16000', 'sample_fmt': 's16p', 'compression_level': '2', 'reservoir': '1', 'b:a': '32k'}",44.97265625,-3.29,-1.626,0.6971912260050885,0.613438205155686
"{'ar': '44100', 'sample_fmt': 's32p', 'compression_level': '8', 'reservoir': '1', 'aq': '1'}",228.9697265625,-2.671,-0.792,0.713586124998983,2.023952631706625
"{'ar': '32000', 'sample_fmt': 's16p', 'compression_level': '2', 'reservoir': '1', 'b:a': '32k', 'abr': 'True'}",46.5546875,-3.361,-1.755,0.7416740960034076,0.40150623531257146
"{'ar': '44100', 'sample_fmt': 's16p', 'compression_level': '2', 'reservoir': '1', 'b:a': '197k', 'abr': 'True'}",264.9189453125,-2.61,-0.725,0.8606871389783919,2.118978996168982
"{'ar': '32000', 'sample_fmt': 'fltp', 'compression_level': '7', 'reservoir': '0', 'b:a': '168k'}",223.671875,-3.202,-1.481,0.6748413129826076,0.5807221319761773
"{'ar': '44100', 'sample_fmt': 's16p', 'compression_level': '9', 'reservoir': '1', 'b:a': '254k', 'abr': 'True'}",350.4443359375,-2.599,-0.714,0.7227731620077975,2.0218021365238026
"{'ar': '44100', 'sample_fmt': 's32p', 'compression_level': '2', 'reservoir': '1', 'b:a': '143k', 'abr': 'True'}",186.4326171875,-2.837,-0.984,0.9466757879999932,1.6272615657990963
"{'ar': '44100', 'sample_fmt': 's16p', 'compression_level': '9', 'reservoir': '1', 'b:a': '258k', 'abr': 'True'}",355.7314453125,-2.598,-0.712,0.6671615749946795,2.020436950943524
"{'ar': '44100', 'sample_fmt': 's16p', 'compression_level': '9', 'reservoir': '1', 'aq': '9'}",97.146484375,-3.315,-1.67,0.6820894719858188,0.45917387255837516
"{'ar': '44100', 'sample_fmt': 's16p', 'compression_level': '5', 'reservoir': '1', 'b:a': '107k', 'abr': 'True'}",142.23828125,-3.095,-1.321,0.7353076160070486,1.0059702901431424
"{'ar': '8000', 'sample_fmt': 's16p', 'compression_level': '2', 'reservoir': '1', 'aq': '9'}",35.8671875,-3.85,-3.44,0.6020775369834155,-1.2420091347434128
"{'ar': '16000', 'sample_fmt': 'fltp', 'compression_level': '9', 'reservoir': '1', 'b:a': '254k', 'abr': 'True'}",220.75390625,-3.766,-2.925,0.6170877840195317,-1.1799599202988813
"{'ar': '44100', 'sample_fmt': 's16p', 'compression_level': '7', 'reservoir': '1', 'b:a': '126k'}",178.4443359375,-2.914,-1.079,0.6671348949894309,1.4512960962566788
"{'ar': '44100', 'sample_fmt': 's16p', 'compression_level': '2', 'reservoir': '1', 'b:a': '142k', 'abr': 'True'}",185.46484375,-2.839,-0.986,0.9020070820115507,1.6268166082475153
"{'ar': '32000', 'sample_fmt': 's16p', 'compression_level': '6', 'reservoir': '1', 'b:a': '254k', 'abr': 'True'}",336.3125,-3.176,-1.441,0.7362390519992914,0.46964410913594024
"{'ar': '44100', 'sample_fmt': 's16p', 'compression_level': '2', 'reservoir': '1', 'b:a': '255k', 'abr': 'True'}",342.615234375,-2.588,-0.702,0.891487729997607,2.051239392730354
"{'ar': '44100', 'sample_fmt': 's16p', 'compression_level': '2', 'reservoir': '1', 'aq': '5'}",164.283203125,-2.881,-1.037,0.7153419340029359,1.5604665949327705
"{'ar': '44100', 'sample_fmt': 'fltp', 'compression_level': '8', 'reservoir': '0', 'b:a': '75k', 'abr': 'True'}",114.1494140625,-3.5,-2.047,0.6588241989957169,-0.11620381687424036
"{'ar': '44100', 'sample_fmt': 'fltp', 'compression_level': '8', 'reservoir': '1', 'b:a': '32k', 'abr': 'True'}",48.16796875,-3.35,-1.734,0.6484797899902333,0.43807418272298326
"{'ar': '44100', 'sample_fmt': 'fltp', 'compression_level': '7', 'reservoir': '1', 'b:a': '153k', 'abr': 'True'}",205.6640625,-2.752,-0.884,0.6625929969886784,1.8471625660342528
"{'ar': '16000', 'sample_fmt': 's32p', 'compression_level': '0', 'reservoir': '1', 'b:a': '86k', 'abr': 'True'}",87.16015625,-3.815,-3.194,0.940112076990772,-1.1896900263263088
"{'ar': '44100', 'sample_fmt': 's16p', 'compression_level': '2', 'reservoir': '1', 'b:a': '107k'}",156.1484375,-3.077,-1.296,0.922398427996086,1.019771264951066
"{'ar': '44100', 'sample_fmt': 's32p', 'compression_level': '7', 'reservoir': '1', 'b:a': '249k', 'abr': 'True'}",343.53515625,-2.603,-0.718,0.7767282490094658,2.0182573086656643
"{'ar': '44100', 'sample_fmt': 's32p', 'compression_level': '0', 'reservoir': '1', 'b:a': '32k'}",44.771484375,-3.12,-1.357,1.1657929530192632,1.060071244646864
"{'ar': '16000', 'sample_fmt': 's16p', 'compression_level': '8', 'reservoir': '1', 'aq': '6'}",69.01953125,-3.819,-3.221,0.7794393049844075,-1.166705012635317
"{'ar': '44100', 'sample_fmt': 's16p', 'compression_level': '0', 'reservoir': '1', 'b:a': '253k', 'abr': 'True'}",340.48046875,-2.586,-0.699,1.207833757973276,2.036869964660199
"{'ar': '44100', 'sample_fmt': 'fltp', 'compression_level': '7', 'reservoir': '1', 'b:a': '117k', 'abr': 'True'}",153.615234375,-3.069,-1.284,0.7243010009988211,1.0608803642970082
"{'ar': '8000', 'sample_fmt': 's16p', 'compression_level': '9', 'reservoir': '1', 'aq': '9'}",36.8515625,-3.855,-3.486,0.5994365539809223,-1.2695454403792144
"{'ar': '8000', 'sample_fmt': 's32p', 'compression_level': '2', 'reservoir': '1', 'aq': '9'}",35.8671875,-3.85,-3.441,0.6409940499870572,-1.2452010250664711
"{'ar': '44100', 'sample_fmt': 's16p', 'compression_level': '2', 'reservoir': '1', 'b:a': '32k', 'abr': 'True'}",47.8125,-3.293,-1.632,0.7459548399783671,0.596419943433496
"{'ar': '16000', 'sample_fmt': 's16p', 'compression_level': '2', 'reservoir': '1', 'b:a': '142k', 'abr': 'True'}",158.52734375,-3.751,-2.855,0.7539675779989921,-1.0337532217845302
"{'ar': '44100', 'sample_fmt': 's16p', 'compression_level': '5', 'reservoir': '1', 'b:a': '32k', 'abr': 'True'}",48.21875,-3.352,-1.738,0.6994285530236084,0.4283056732933298
"{'ar': '44100', 'sample_fmt': 's16p', 'compression_level': '2', 'reservoir': '1', 'b:a': '197k', 'abr': 'True'}",264.9189453125,-2.61,-0.725,0.8445219130080659,2.1201738147254283
"{'ar': '44100', 'sample_fmt': 's32p', 'compression_level': '1', 'reservoir': '1', 'aq': '9'}",103.837890625,-3.343,-1.721,0.8390188729972579,0.3555708887278006
"{'ar': '16000', 'sample_fmt': 'fltp', 'compression_level': '7', 'reservoir': '1', 'b:a': '32k', 'abr': 'True'}",42.828125,-3.448,-1.93,0.6073423259949777,0.15947161512788605
"{'ar': '44100', 'sample_fmt': 'fltp', 'compression_level': '7', 'reservoir': '1', 'b:a': '32k'}",44.771484375,-3.286,-1.619,0.7027057909872383,0.6248795707737027
"{'ar': '44100', 'sample_fmt': 's32p', 'compression_level': '7', 'reservoir': '1', 'b:a': '103k'}",133.853515625,-3.284,-1.617,0.6611443170113489,0.49109724747093725
"{'ar': '44100', 'sample_fmt': 's16p', 'compression_level': '5', 'reservoir': '1', 'b:a': '195k', 'abr': 'True'}",268.0751953125,-2.615,-0.731,0.8078203669865616,2.1043077759773676
"{'ar': '44100', 'sample_fmt': 'fltp', 'compression_level': '7', 'reservoir': '1', 'b:a': '153k', 'abr': 'True'}",205.6640625,-2.752,-0.884,0.7294611299876124,1.8422201491272017
"{'ar': '44100', 'sample_fmt': 'fltp', 'compression_level': '7', 'reservoir': '1', 'b:a': '153k', 'abr': 'True'}",205.6640625,-2.752,-0.884,0.6636328889871947,1.8470857046121603
"{'ar': '44100', 'sample_fmt': 's16p', 'compression_level': '0', 'reservoir': '1', 'b:a': '253k', 'abr': 'True'}",340.48046875,-2.586,-0.699,1.132303635997232,2.042452614198986
"{'ar': '44100', 'sample_fmt': 's32p', 'compression_level': '5', 'reservoir': '1', 'aq': '0'}",344.443359375,-2.594,-0.708,0.7409090499859303,2.0435796461915743
"{'ar': '44100', 'sample_fmt': 'fltp', 'compression_level': '5', 'reservoir': '1', 'b:a': '105k', 'abr': 'True'}",139.4951171875,-3.13,-1.371,0.7326926879759412,0.9132199921123572
"{'ar': '44100', 'sample_fmt': 's32p', 'compression_level': '7', 'reservoir': '1', 'b:a': '107k'}",156.1484375,-3.068,-1.283,0.7076854050101247,1.0607117246785973
"{'ar': '44100', 'sample_fmt': 's16p', 'compression_level': '5', 'reservoir': '1', 'b:a': '104k'}",133.853515625,-3.218,-1.506,0.7578680750157218,0.6727398956500308
"{'ar': '44100', 'sample_fmt': 'fltp', 'compression_level': '4', 'reservoir': '1', 'b:a': '153k'}",223.037109375,-2.656,-0.776,0.795964336983161,2.0673266894177407
"{'ar': '44100', 'sample_fmt': 's16p', 'compression_level': '9', 'reservoir': '1', 'aq': '5'}",141.7314453125,-3.0,-1.189,0.6683683269948233,1.2747113110104507
"{'ar': '44100', 'sample_fmt': 's16p', 'compression_level': '0', 'reservoir': '1', 'b:a': '248k', 'abr': 'True'}",336.4169921875,-2.589,-0.702,1.1049180179834366,2.0430245213462306
"{'ar': '44100', 'sample_fmt': 'fltp', 'compression_level': '9', 'reservoir': '1', 'b:a': '197k', 'abr': 'True'}",269.39453125,-2.617,-0.733,0.6783673859899864,2.106480009669692
"{'ar': '44100', 'sample_fmt': 'fltp', 'compression_level': '9', 'reservoir': '1', 'aq': '5'}",141.6572265625,-3.004,-1.195,0.6709528939973097,1.2634262046291262
"{'ar': '44100', 'sample_fmt': 's16p', 'compression_level': '8', 'reservoir': '1', 'aq': '2'}",202.7783203125,-2.725,-0.853,0.6557717869873159,1.9249589503139333
"{'ar': '44100', 'sample_fmt': 'fltp', 'compression_level': '7', 'reservoir': '0', 'b:a': '165k', 'abr': 'True'}",237.4814453125,-2.697,-0.821,0.6801990500243846,1.9431118409118042
"{'ar': '44100', 'sample_fmt': 's32p', 'compression_level': '2', 'reservoir': '1', 'b:a': '143k', 'abr': 'True'}",186.4326171875,-2.837,-0.984,0.9269414589798544,1.628720187073897
"{'ar': '44100', 'sample_fmt': 's16p', 'compression_level': '5', 'reservoir': '1', 'b:a': '152k', 'abr': 'True'}",207.3525390625,-2.681,-0.803,0.752229430974694,2.0288207534520133
"{'ar': '44100', 'sample_fmt': 's32p', 'compression_level': '9', 'reservoir': '1', 'b:a': '194k', 'abr': 'True'}",265.4287109375,-2.623,-0.74,0.7908491080161184,2.0883064438392003
"{'ar': '44100', 'sample_fmt': 's32p', 'compression_level': '9', 'reservoir': '1', 'b:a': '32k'}",44.771484375,-3.286,-1.619,0.6528095579997171,0.6285675455152678
"{'ar': '44100', 'sample_fmt': 's16p', 'compression_level': '2', 'reservoir': '1', 'b:a': '197k', 'abr': 'True'}",264.9189453125,-2.61,-0.725,0.8251014220295474,2.121609239323824
"{'ar': '32000', 'sample_fmt': 's16p', 'compression_level': '7', 'reservoir': '1', 'b:a': '262k', 'abr': 'True'}",362.1875,-3.174,-1.438,0.6360284950351343,0.4413693901166452
"{'ar': '32000', 'sample_fmt': 's16p', 'compression_level': '5', 'reservoir': '1', 'b:a': '32k', 'abr': 'True'}",46.765625,-3.429,-1.89,0.6744391429820098,0.20511652137848965
"{'ar': '44100', 'sample_fmt': 's16p', 'compression_level': '0', 'reservoir': '1', 'b:a': '85k', 'abr': 'True'}",113.8095703125,-3.481,-2.004,1.1925379579770379,-0.09727633570741294
"{'ar': '44100', 'sample_fmt': 'fltp', 'compression_level': '5', 'reservoir': '1', 'aq': '9'}",105.197265625,-3.343,-1.721,0.7235482110118028,0.3619365524002903
"{'ar': '44100', 'sample_fmt': 's16p', 'compression_level': '9', 'reservoir': '1', 'b:a': '32k', 'abr': 'True'}",48.193359375,-3.355,-1.744,0.6752336779900361,0.4212519373710838
"{'ar': '44100', 'sample_fmt': 's16p', 'compression_level': '2', 'reservoir': '1', 'aq': '6'}",137.603515625,-3.069,-1.283,0.7954085880191997,1.0814893884150263
"{'ar': '44100', 'sample_fmt': 's32p', 'compression_level': '7', 'reservoir': '1', 'b:a': '263k'}",356.8115234375,-2.604,-0.719,0.7610524350311607,1.995585927886897
"{'ar': '44100', 'sample_fmt': 's16p', 'compression_level': '7', 'reservoir': '1', 'b:a': '112k', 'abr': 'True'}",146.30078125,-3.181,-1.448,0.6519605750218034,0.7652104514141267
"{'ar': '16000', 'sample_fmt': 's16p', 'compression_level': '8', 'reservoir': '0', 'aq': '9'}",66.69921875,-3.805,-3.137,0.5975969710270874,-1.0904444437887777
"{'ar': '44100', 'sample_fmt': 's16p', 'compression_level': '5', 'reservoir': '1', 'b:a': '103k', 'abr': 'True'}",137.1591796875,-3.161,-1.418,0.7375845889910124,0.8295311722190875
"{'ar': '44100', 'sample_fmt': 's32p', 'compression_level': '2', 'reservoir': '1', 'b:a': '252k', 'abr': 'True'}",340.177734375,-2.589,-0.703,0.8813368520059157,2.0532337096856534
"{'ar': '44100', 'sample_fmt': 's32p', 'compression_level': '7', 'reservoir': '1', 'b:a': '267k'}",356.8115234375,-2.604,-0.719,0.6650388449779712,2.0026825697326194
"{'ar': '32000', 'sample_fmt': 'fltp', 'compression_level': '7', 'reservoir': '1', 'b:a': '254k', 'abr': 'True'}",352.0625,-3.174,-1.437,0.6572577840124723,0.45627183458989157
"{'ar': '44100', 'sample_fmt': 's32p', 'compression_level': '1', 'reservoir': '1', 'b:a': '32k'}",44.771484375,-3.12,-1.357,1.0494788349897135,1.0686683571681177
"{'ar': '44100', 'sample_fmt': 's32p', 'compression_level': '7', 'reservoir': '1', 'b:a': '146k'}",223.037109375,-2.692,-0.815,0.6646285280003212,1.9808534584500355
"{'ar': '44100', 'sample_fmt': 's16p', 'compression_level': '9', 'reservoir': '1', 'b:a': '197k', 'abr': 'True'}",269.4990234375,-2.614,-0.73,0.6763197630061768,2.114400809652066
"{'ar': '44100', 'sample_fmt': 's32p', 'compression_level': '7', 'reservoir': '1', 'b:a': '32k'}",44.771484375,-3.286,-1.619,0.6453084819950163,0.6291219717150737
"{'ar': '44100', 'sample_fmt': 's32p', 'compression_level': '7', 'reservoir': '1', 'b:a': '107k'}",156.1484375,-3.068,-1.283,0.6896687440166716,1.0620433881468159
"{'ar': '44100', 'sample_fmt': 's32p', 'compression_level': '0', 'reservoir': '1', 'b:a': '154k'}",223.037109375,-2.7,-0.824,1.3706551670038607,1.9071903613177308
"{'ar': '44100', 'sample_fmt': 's16p', 'compression_level': '9', 'reservoir': '1', 'b:a': '254k', 'abr': 'True'}",350.4443359375,-2.599,-0.714,0.6813092410156969,2.024866854722937
"{'ar': '44100', 'sample_fmt': 's32p', 'compression_level': '5', 'reservoir': '1', 'aq': '1'}",306.7607421875,-2.609,-0.724,0.730965783004649,2.0644469982476874
"{'ar': '16000', 'sample_fmt': 's16p', 'compression_level': '2', 'reservoir': '1', 'b:a': '32k', 'abr': 'True'}",43.390625,-3.31,-1.661,0.6884628820116632,0.5589679325130467
"{'ar': '44100', 'sample_fmt': 's16p', 'compression_level': '5', 'reservoir': '1', 'b:a': '140k', 'abr': 'True'}",187.7060546875,-2.792,-0.931,0.8401544509979431,1.7546693847537393
"{'ar': '44100', 'sample_fmt': 's16p', 'compression_level': '5', 'reservoir': '1', 'b:a': '128k', 'abr': 'True'}",172.1220703125,-2.855,-1.006,0.8011404250282794,1.6119743720658337
"{'ar': '44100', 'sample_fmt': 'fltp', 'compression_level': '7', 'reservoir': '1', 'b:a': '126k'}",178.4443359375,-2.916,-1.081,0.6893628219841048,1.4443623734597253
"{'ar': '44100', 'sample_fmt': 's16p', 'compression_level': '8', 'reservoir': '1', 'aq': '6'}",125.1630859375,-3.168,-1.429,0.7097046020207927,0.830953997477836
"{'ar': '44100', 'sample_fmt': 's16p', 'compression_level': '4', 'reservoir': '1', 'b:a': '190k', 'abr': 'True'}",257.396484375,-2.624,-0.74,0.7863123090064619,2.0991285735685423
"{'ar': '44100', 'sample_fmt': 'fltp', 'compression_level': '9', 'reservoir': '1', 'b:a': '32k', 'abr': 'True'}",48.16796875,-3.35,-1.734,0.6891936459869612,0.43506490399476333
"{'ar': '16000', 'sample_fmt': 'fltp', 'compression_level': '7', 'reservoir': '1', 'b:a': '166k'}",224.375,-3.762,-2.907,0.6260301050206181,-1.1714009215172219
"{'ar': '44100', 'sample_fmt': 's32p', 'compression_level': '8', 'reservoir': '1', 'aq': '0'}",252.392578125,-2.634,-0.752,0.6688989499816671,2.0887066109960912
"{'ar': '44100', 'sample_fmt': 's16p', 'compression_level': '7', 'reservoir': '1', 'b:a': '153k', 'abr': 'True'}",205.564453125,-2.751,-0.883,0.6715825260325801,1.8493024633697355
"{'ar': '32000', 'sample_fmt': 's16p', 'compression_level': '7', 'reservoir': '1', 'b:a': '195k', 'abr': 'True'}",271.2734375,-3.18,-1.447,0.6443359229888301,0.5690049632567802
"{'ar': '44100', 'sample_fmt': 'fltp', 'compression_level': '8', 'reservoir': '1', 'aq': '9'}",97.1474609375,-3.314,-1.668,0.6629974230017979,0.46354431744782704
"{'ar': '44100', 'sample_fmt': 'fltp', 'compression_level': '9', 'reservoir': '1', 'aq': '5'}",141.6572265625,-3.004,-1.195,0.6662737120059319,1.2637720564893198
"{'ar': '44100', 'sample_fmt': 's16p', 'compression_level': '5', 'reservoir': '1', 'b:a': '104k', 'abr': 'True'}",138.4287109375,-3.161,-1.418,0.7311389129899908,0.8279818446717889
"{'ar': '44100', 'sample_fmt': 's16p', 'compression_level': '8', 'reservoir': '1', 'aq': '6'}",125.1630859375,-3.168,-1.429,0.680786568991607,0.8330914128497351
"{'ar': '44100', 'sample_fmt': 'fltp', 'compression_level': '7', 'reservoir': '1', 'b:a': '142k', 'abr': 'True'}",189.2998046875,-2.81,-0.951,0.6713963960064575,1.7163516404718644
"{'ar': '44100', 'sample_fmt': 's32p', 'compression_level': '9', 'reservoir': '1', 'b:a': '142k', 'abr': 'True'}",189.2998046875,-2.81,-0.951,0.6784098619828001,1.7158332549380697
"{'ar': '16000', 'sample_fmt': 'fltp', 'compression_level': '9', 'reservoir': '0', 'b:a': '75k', 'abr': 'True'}",114.01953125,-3.759,-2.892,0.609279736992903,-0.9823508480717371
"{'ar': '16000', 'sample_fmt': 's16p', 'compression_level': '5', 'reservoir': '1', 'b:a': '109k'}",157.0859375,-3.766,-2.926,0.6367051790002733,-1.0801326326934106
"{'ar': '44100', 'sample_fmt': 's16p', 'compression_level': '9', 'reservoir': '1', 'b:a': '144k', 'abr': 'True'}",192.4296875,-2.802,-0.942,0.6768709009629674,1.7324313891379488
"{'ar': '44100', 'sample_fmt': 's16p', 'compression_level': '7', 'reservoir': '1', 'b:a': '105k', 'abr': 'True'}",136.6513671875,-3.277,-1.605,0.6603389230149332,0.5067874095147319
"{'ar': '44100', 'sample_fmt': 's32p', 'compression_level': '0', 'reservoir': '1', 'b:a': '32k'}",44.771484375,-3.12,-1.357,1.0556313320121262,1.0682136083372413
"{'ar': '16000', 'sample_fmt': 's16p', 'compression_level': '2', 'reservoir': '1', 'b:a': '32k'}",44.97265625,-3.29,-1.626,0.6831223100307398,0.6144780793836178
"{'ar': '44100', 'sample_fmt': 'fltp', 'compression_level': '9', 'reservoir': '1', 'b:a': '199k', 'abr': 'True'}",272.3525390625,-2.616,-0.732,0.7410548620100599,2.099772005069795
"{'ar': '44100', 'sample_fmt': 'fltp', 'compression_level': '7', 'reservoir': '1', 'b:a': '127k'}",178.4443359375,-2.916,-1.081,0.7092744710098486,1.442890645950993
"{'ar': '44100', 'sample_fmt': 's32p', 'compression_level': '0', 'reservoir': '1', 'b:a': '32k'}",44.771484375,-3.12,-1.357,1.2539354429754894,1.0535563785506896
"{'ar': '44100', 'sample_fmt': 's16p', 'compression_level': '5', 'reservoir': '1', 'b:a': '185k', 'abr': 'True'}",255.568359375,-2.63,-0.747,0.8078028369927779,2.084269385032147
"{'ar': '32000', 'sample_fmt': 's32p', 'compression_level': '5', 'reservoir': '1', 'b:a': '145k', 'abr': 'True'}",198.5,-3.218,-1.507,0.7947248660202604,0.5665461382244231
"{'ar': '44100', 'sample_fmt': 's16p', 'compression_level': '5', 'reservoir': '1', 'b:a': '103k'}",133.853515625,-3.218,-1.506,0.7880362719879486,0.6705100770490963
"{'ar': '44100', 'sample_fmt': 's16p', 'compression_level': '9', 'reservoir': '1', 'b:a': '193k', 'abr': 'True'}",263.8017578125,-2.627,-0.744,0.7044480959884822,2.086707078806946
"{'ar': '44100', 'sample_fmt': 's32p', 'compression_level': '5', 'reservoir': '1', 'aq': '1'}",306.7607421875,-2.609,-0.724,0.7264585510129109,2.0647801407866053
"{'ar': '44100', 'sample_fmt': 's32p', 'compression_level': '5', 'reservoir': '1', 'aq': '1'}",306.7607421875,-2.609,-0.724,0.7042276579886675,2.066423290320085
"{'ar': '16000', 'sample_fmt': 'fltp', 'compression_level': '9', 'reservoir': '0', 'aq': '9'}",66.69921875,-3.805,-3.135,0.6079313820227981,-1.0905773731471398
"{'ar': '44100', 'sample_fmt': 's16p', 'compression_level': '5', 'reservoir': '1', 'b:a': '154k', 'abr': 'True'}",210.16796875,-2.685,-0.808,0.809678908000933,2.0091849717227444
"{'ar': '44100', 'sample_fmt': 's16p', 'compression_level': '5', 'reservoir': '1', 'b:a': '103k'}",133.853515625,-3.218,-1.506,1.112351296003908,0.6465390166049124
"{'ar': '44100', 'sample_fmt': 's16p', 'compression_level': '2', 'reservoir': '1', 'b:a': '201k'}",267.6279296875,-2.624,-0.741,1.2018443850392941,2.051773983687645
"{'ar': '44100', 'sample_fmt': 's16p', 'compression_level': '5', 'reservoir': '1', 'b:a': '152k', 'abr': 'True'}",207.3525390625,-2.681,-0.803,0.7879441489640158,2.0261809754575566
"{'ar': '44100', 'sample_fmt': 's16p', 'compression_level': '7', 'reservoir': '1', 'b:a': '108k'}",156.1484375,-3.065,-1.278,0.9235545809788164,1.0533233157417785
"{'ar': '44100', 'sample_fmt': 'fltp', 'compression_level': '5', 'reservoir': '1', 'b:a': '103k', 'abr': 'True'}",137.1591796875,-3.16,-1.416,0.8069453870120924,0.8273653698924094
"{'ar': '8000', 'sample_fmt': 's16p', 'compression_level': '9', 'reservoir': '1', 'aq': '9'}",36.8515625,-3.855,-3.486,0.5996597909834236,-1.2695619404710512
"{'ar': '44100', 'sample_fmt': 's16p', 'compression_level': '5', 'reservoir': '1', 'b:a': '105k', 'abr': 'True'}",139.5458984375,-3.123,-1.361,0.7693173799780197,0.929896074410826
"{'ar': '44100', 'sample_fmt': 'fltp', 'compression_level': '7', 'reservoir': '1', 'b:a': '32k', 'abr': 'True'}",48.16796875,-3.35,-1.734,0.7148589230200741,0.43316790921647885
"{'ar': '44100', 'sample_fmt': 'fltp', 'compression_level': '9', 'reservoir': '1', 'aq': '9'}",97.1474609375,-3.314,-1.668,0.6651412620267365,0.46338586011145994
"{'ar': '44100', 'sample_fmt': 's32p', 'compression_level': '9', 'reservoir': '1', 'b:a': '258k', 'abr': 'True'}",356.03515625,-2.598,-0.713,0.7366075359750539,2.0145039201202204
"{'ar': '44100', 'sample_fmt': 's16p', 'compression_level': '2', 'reservoir': '1', 'aq': '5'}",164.283203125,-2.881,-1.037,0.7565222219855059,1.55742284086885
"{'ar': '44100', 'sample_fmt': 's16p', 'compression_level': '5', 'reservoir': '1', 'b:a': '109k'}",156.1484375,-2.956,-1.132,0.7390496870211791,1.3669807574159443
"{'ar': '44100', 'sample_fmt': 's32p', 'compression_level': '7', 'reservoir': '1', 'b:a': '103k'}",133.853515625,-3.284,-1.617,0.6626690039993264,0.4909845534504917
"{'ar': '44100', 'sample_fmt': 'fltp', 'compression_level': '7', 'reservoir': '1', 'b:a': '32k'}",44.771484375,-3.286,-1.619,0.6494688439706806,0.6288144673412294
"{'ar': '44100', 'sample_fmt': 'fltp', 'compression_level': '9', 'reservoir': '1', 'b:a': '193k', 'abr': 'True'}",263.8056640625,-2.63,-0.747,0.7200016300193965,2.0776150503672506
"{'ar': '44100', 'sample_fmt': 'fltp', 'compression_level': '9', 'reservoir': '1', 'b:a': '128k', 'abr': 'True'}",169.32421875,-2.937,-1.108,0.7045035680057481,1.4003498537783228
"{'ar': '44100', 'sample_fmt': 'fltp', 'compression_level': '7', 'reservoir': '1', 'b:a': '113k', 'abr': 'True'}",147.62109375,-3.164,-1.423,0.6824549509910867,0.8083451514972773
"{'ar': '16000', 'sample_fmt': 's32p', 'compression_level': '2', 'reservoir': '1', 'b:a': '32k'}",44.97265625,-3.296,-1.637,0.6618443960032891,0.5986011219702756
"{'ar': '44100', 'sample_fmt': 's16p', 'compression_level': '5', 'reservoir': '1', 'b:a': '195k', 'abr': 'True'}",268.0751953125,-2.615,-0.731,0.7451831560174469,2.108937473213108
"{'ar': '16000', 'sample_fmt': 's16p', 'compression_level': '5', 'reservoir': '1', 'b:a': '86k', 'abr': 'True'}",109.02734375,-3.773,-2.959,0.6364362260210328,-1.0301470488135294
"{'ar': '44100', 'sample_fmt': 's32p', 'compression_level': '2', 'reservoir': '1', 'b:a': '247k', 'abr': 'True'}",335.708984375,-2.592,-0.706,0.8553548310010228,2.054348553403178
"{'ar': '44100', 'sample_fmt': 's32p', 'compression_level': '1', 'reservoir': '1', 'b:a': '150k', 'abr': 'True'}",202.1875,-2.764,-0.898,1.2090139430074487,1.7799467711527646
"{'ar': '44100', 'sample_fmt': 's16p', 'compression_level': '2', 'reservoir': '1', 'aq': '5'}",164.283203125,-2.881,-1.037,0.7051042820094153,1.5612232893704945
"{'ar': '44100', 'sample_fmt': 's32p', 'compression_level': '2', 'reservoir': '1', 'b:a': '143k', 'abr': 'True'}",186.4326171875,-2.837,-0.984,0.9121897370205261,1.6298105294649587
"{'ar': '44100', 'sample_fmt': 's32p', 'compression_level': '7', 'reservoir': '1', 'aq': '9'}",97.1474609375,-3.314,-1.668,0.6444395059952512,0.4649159867117838
"{'ar': '44100', 'sample_fmt': 's16p', 'compression_level': '9', 'reservoir': '1', 'b:a': '258k', 'abr': 'True'}",355.7314453125,-2.598,-0.712,0.6799595690099522,2.0194910142295677
"{'ar': '44100', 'sample_fmt': 's32p', 'compression_level': '7', 'reservoir': '1', 'b:a': '107k'}",156.1484375,-3.068,-1.283,0.6890458110137843,1.062089430924853
"{'ar': '44100', 'sample_fmt': 's32p', 'compression_level': '0', 'reservoir': '1', 'b:a': '32k'}",44.771484375,-3.12,-1.357,1.1337612039933447,1.0624388037643087
"{'ar': '44100', 'sample_fmt': 's16p', 'compression_level': '5', 'reservoir': '1', 'b:a': '142k', 'abr': 'True'}",190.2275390625,-2.783,-0.92,0.7870603219780605,1.77900976488291
"{'ar': '44100', 'sample_fmt': 's32p', 'compression_level': '0', 'reservoir': '1', 'b:a': '32k'}",44.771484375,-3.12,-1.357,1.0982170420174953,1.0650659754710348
"{'ar': '32000', 'sample_fmt': 'fltp', 'compression_level': '7', 'reservoir': '0', 'b:a': '168k'}",223.671875,-3.202,-1.481,0.6384317110350821,0.5834132708516612
"{'ar': '16000', 'sample_fmt': 's16p', 'compression_level': '0', 'reservoir': '1', 'b:a': '255k', 'abr': 'True'}",132.51171875,-3.74,-2.801,0.9812800000363495,-0.9663782573409381
"{'ar': '44100', 'sample_fmt': 'fltp', 'compression_level': '7', 'reservoir': '1', 'b:a': '99k', 'abr': 'True'}",129.541015625,-3.348,-1.731,0.675573437998537,0.3118337729284058
"{'ar': '16000', 'sample_fmt': 's32p', 'compression_level': '5', 'reservoir': '0', 'b:a': '143k', 'abr': 'True'}",199.58984375,-3.768,-2.933,0.622303401993122,-1.1537582191551112
"{'ar': '44100', 'sample_fmt': 'fltp', 'compression_level': '2', 'reservoir': '1', 'b:a': '34k', 'abr': 'True'}",50.478515625,-3.337,-1.711,0.740141198009951,0.4651571006309804
"{'ar': '16000', 'sample_fmt': 'fltp', 'compression_level': '9', 'reservoir': '1', 'b:a': '32k', 'abr': 'True'}",42.828125,-3.448,-1.93,0.6181150670163333,0.15867537071412202
"{'ar': '44100', 'sample_fmt': 's32p', 'compression_level': '5', 'reservoir': '1', 'b:a': '32k'}",44.771484375,-3.292,-1.63,0.7632761289714836,0.6029529725761377
"{'ar': '44100', 'sample_fmt': 's16p', 'compression_level': '2', 'reservoir': '1', 'aq': '5'}",164.283203125,-2.881,-1.037,0.7177467979781795,1.5602888444881664
"{'ar': '44100', 'sample_fmt': 's16p', 'compression_level': '8', 'reservoir': '1', 'aq': '9'}",97.146484375,-3.315,-1.67,0.7416684479976539,0.45477021830425707
"{'ar': '32000', 'sample_fmt': 's16p', 'compression_level': '7', 'reservoir': '1', 'b:a': '107k', 'abr': 'True'}",143.4453125,-3.49,-2.024,0.783661798981484,-0.14162243108477982
"{'ar': '44100', 'sample_fmt': 's16p', 'compression_level': '2', 'reservoir': '1', 'b:a': '197k', 'abr': 'True'}",264.9189453125,-2.61,-0.725,0.9546138150035404,2.112036604168637
"{'ar': '44100', 'sample_fmt': 's32p', 'compression_level': '7', 'reservoir': '1', 'b:a': '194k', 'abr': 'True'}",265.4287109375,-2.623,-0.74,0.7080722830141895,2.094424718135988
"{'ar': '44100', 'sample_fmt': 's16p', 'compression_level': '0', 'reservoir': '1', 'b:a': '256k', 'abr': 'True'}",342.310546875,-2.59,-0.704,1.2072481269715354,2.0230960160558533
"{'ar': '32000', 'sample_fmt': 's16p', 'compression_level': '2', 'reservoir': '1', 'aq': '9'}",82.9765625,-3.544,-2.157,0.7218672250164673,-0.2083397828864711
"{'ar': '44100', 'sample_fmt': 'fltp', 'compression_level': '7', 'reservoir': '1', 'b:a': '32k'}",44.771484375,-3.286,-1.619,0.7267141479824204,0.623105043742637
"{'ar': '44100', 'sample_fmt': 's32p', 'compression_level': '9', 'reservoir': '1', 'b:a': '103k', 'abr': 'True'}",134.2138671875,-3.278,-1.606,0.7701842800015584,0.49991245804662904
"{'ar': '12000', 'sample_fmt': 'fltp', 'compression_level': '7', 'reservoir': '1', 'b:a': '113k', 'abr': 'True'}",88.25,-3.742,-2.811,0.6879295039980207,-0.8818834763117981
"{'ar': '44100', 'sample_fmt': 'fltp', 'compression_level': '5', 'reservoir': '1', 'b:a': '127k', 'abr': 'True'}",170.6982421875,-2.86,-1.011,0.8257180379878264,1.599202740599516
"{'ar': '44100', 'sample_fmt': 's16p', 'compression_level': '2', 'reservoir': '1', 'aq': '5'}",164.283203125,-2.881,-1.037,0.7819578399939928,1.5555428208526123
"{'ar': '44100', 'sample_fmt': 's32p', 'compression_level': '1', 'reservoir': '1', 'aq': '9'}",103.837890625,-3.343,-1.721,0.6790729600179475,0.3673929532758758
"{'ar': '44100', 'sample_fmt': 's32p', 'compression_level': '5', 'reservoir': '1', 'b:a': '194k', 'abr': 'True'}",266.75,-2.623,-0.74,0.7372937580221333,2.0901565402976225
"{'ar': '44100', 'sample_fmt': 's16p', 'compression_level': '9', 'reservoir': '1', 'b:a': '197k', 'abr': 'True'}",269.4990234375,-2.614,-0.73,0.6683882969955448,2.114987047220704
"{'ar': '44100', 'sample_fmt': 's32p', 'compression_level': '2', 'reservoir': '1', 'b:a': '266k'}",356.8115234375,-2.595,-0.71,0.9000615339900833,2.0091199299650424
"{'ar': '32000', 'sample_fmt': 's16p', 'compression_level': '7', 'reservoir': '0', 'b:a': '168k'}",223.671875,-3.205,-1.486,0.6503815769974608,0.5739629161788206
"{'ar': '44100', 'sample_fmt': 'fltp', 'compression_level': '7', 'reservoir': '1', 'b:a': '32k', 'abr': 'True'}",48.16796875,-3.35,-1.734,0.6449776389927138,0.4383330368217131
"{'ar': '44100', 'sample_fmt': 's16p', 'compression_level': '7', 'reservoir': '1', 'b:a': '32k', 'abr': 'True'}",48.193359375,-3.355,-1.744,0.6459809850202873,0.4234140884260978
"{'ar': '32000', 'sample_fmt': 'fltp', 'compression_level': '7', 'reservoir': '1', 'b:a': '195k', 'abr': 'True'}",271.34375,-3.179,-1.446,0.639199593977537,0.5719178052519579
"{'ar': '8000', 'sample_fmt': 'fltp', 'compression_level': '7', 'reservoir': '1', 'b:a': '114k', 'abr': 'True'}",89.796875,-3.858,-3.51,0.6083573630021419,-1.369248579742342
"{'ar': '44100', 'sample_fmt': 's16p', 'compression_level': '5', 'reservoir': '1', 'b:a': '105k', 'abr': 'True'}",139.5458984375,-3.123,-1.361,0.7418495389865711,0.9319263018992844
"{'ar': '12000', 'sample_fmt': 's32p', 'compression_level': '7', 'reservoir': '1', 'b:a': '32k'}",45.078125,-3.779,-2.989,0.6090399310050998,-0.9495239837431957
"{'ar': '44100', 'sample_fmt': 's32p', 'compression_level': '5', 'reservoir': '1', 'b:a': '137k', 'abr': 'True'}",183.8583984375,-2.816,-0.959,0.7703033559955657,1.701220506371255
"{'ar': '16000', 'sample_fmt': 's16p', 'compression_level': '8', 'reservoir': '1', 'b:a': '88k', 'abr': 'True'}",122.45703125,-3.715,-2.697,0.6043132810445968,-0.8314155286131931
"{'ar': '12000', 'sample_fmt': 's32p', 'compression_level': '7', 'reservoir': '1', 'b:a': '108k'}",90.359375,-3.742,-2.811,0.7201607140304986,-0.8876316331996447
"{'ar': '44100', 'sample_fmt': 's32p', 'compression_level': '7', 'reservoir': '1', 'b:a': '143k', 'abr': 'True'}",190.841796875,-2.805,-0.945,0.6972269030229654,1.7255243703463328
"{'ar': '44100', 'sample_fmt': 's16p', 'compression_level': '1', 'reservoir': '1', 'b:a': '32k'}",44.771484375,-3.133,-1.376,1.0858131760032848,1.0296998794020114
"{'ar': '32000', 'sample_fmt': 's16p', 'compression_level': '9', 'reservoir': '1', 'b:a': '195k', 'abr': 'True'}",271.2734375,-3.18,-1.447,0.637243403994944,0.5695291918275034
"{'ar': '44100', 'sample_fmt': 's32p', 'compression_level': '8', 'reservoir': '1', 'b:a': '84k', 'abr': 'True'}",111.3916015625,-3.48,-2.001,0.6766161989653483,-0.052008487666213826
"{'ar': '16000', 'sample_fmt': 's16p', 'compression_level': '8', 'reservoir': '1', 'aq': '9'}",61.7421875,-3.805,-3.137,0.6687444700219203,-1.0877934016775075
"{'ar': '44100', 'sample_fmt': 's16p', 'compression_level': '2', 'reservoir': '1', 'aq': '9'}",103.81640625,-3.341,-1.719,0.7731567680020817,0.3657640215465397
"{'ar': '44100', 'sample_fmt': 'fltp', 'compression_level': '5', 'reservoir': '1', 'aq': '9'}",105.197265625,-3.343,-1.721,0.715914102998795,0.3625008113801895
"{'ar': '12000', 'sample_fmt': 's16p', 'compression_level': '7', 'reservoir': '1', 'b:a': '32k', 'abr': 'True'}",42.78125,-3.777,-2.979,0.5957764080085326,-0.9370641365338389
"{'ar': '44100', 'sample_fmt': 's32p', 'compression_level': '7', 'reservoir': '1', 'b:a': '251k', 'abr': 'True'}",346.27734375,-2.605,-0.72,0.6791469280142337,2.0158034220030965
"{'ar': '44100', 'sample_fmt': 'fltp', 'compression_level': '9', 'reservoir': '0', 'aq': '9'}",103.8740234375,-3.314,-1.668,0.6535534680297133,0.45350900973517944
"{'ar': '44100', 'sample_fmt': 's16p', 'compression_level': '5', 'reservoir': '1', 'b:a': '200k', 'abr': 'True'}",274.1982421875,-2.615,-0.731,0.7595030759985093,2.0981087173662774
"{'ar': '44100', 'sample_fmt': 's16p', 'compression_level': '7', 'reservoir': '1', 'b:a': '153k', 'abr': 'True'}",205.564453125,-2.751,-0.883,0.6684209719824139,1.8495361429640251
"{'ar': '8000', 'sample_fmt': 's32p', 'compression_level': '2', 'reservoir': '1', 'b:a': '167k', 'abr': 'True'}",75.2421875,-3.858,-3.512,0.6594629989995155,-1.3504324620566508
"{'ar': '12000', 'sample_fmt': 'fltp', 'compression_level': '5', 'reservoir': '0', 'b:a': '196k'}",90.640625,-3.761,-2.898,0.6314221600187011,-0.9532351913952821
"{'ar': '16000', 'sample_fmt': 's16p', 'compression_level': '5', 'reservoir': '1', 'b:a': '90k', 'abr': 'True'}",114.30078125,-3.76,-2.894,0.6303263480367605,-0.9873160992272356
"{'ar': '32000', 'sample_fmt': 's16p', 'compression_level': '7', 'reservoir': '1', 'b:a': '32k', 'abr': 'True'}",46.73046875,-3.437,-1.907,0.6491677319863811,0.1830382063231954
"{'ar': '16000', 'sample_fmt': 's16p', 'compression_level': '9', 'reservoir': '1', 'b:a': '32k', 'abr': 'True'}",42.79296875,-3.446,-1.926,0.8039819210243877,0.15091522141508745
"{'ar': '44100', 'sample_fmt': 's16p', 'compression_level': '7', 'reservoir': '1', 'b:a': '103k'}",133.853515625,-3.29,-1.627,0.6993472349713556,0.471139348320264
"{'ar': '44100', 'sample_fmt': 'fltp', 'compression_level': '8', 'reservoir': '1', 'b:a': '128k', 'abr': 'True'}",169.32421875,-2.937,-1.108,0.7278562560095452,1.3986237891367856
"{'ar': '44100', 'sample_fmt': 's16p', 'compression_level': '5', 'reservoir': '1', 'b:a': '105k', 'abr': 'True'}",139.5458984375,-3.123,-1.361,0.7495404790097382,0.9313578423013138
"{'ar': '44100', 'sample_fmt': 's16p', 'compression_level': '2', 'reservoir': '1', 'b:a': '197k', 'abr': 'True'}",264.9189453125,-2.61,-0.725,0.9499348980025388,2.1123824364426262
"{'ar': '12000', 'sample_fmt': 's16p', 'compression_level': '7', 'reservoir': '1', 'b:a': '32k'}",45.078125,-3.779,-2.988,0.6592796879995149,-0.9529218909282426
"{'ar': '44100', 'sample_fmt': 's16p', 'compression_level': '9', 'reservoir': '1', 'b:a': '253k', 'abr': 'True'}",349.2236328125,-2.601,-0.716,0.7633554589701816,2.015459621985265
"{'ar': '44100', 'sample_fmt': 'fltp', 'compression_level': '7', 'reservoir': '1', 'b:a': '107k'}",156.1484375,-3.068,-1.283,0.6625658760021906,1.0640466394280574
"{'ar': '32000', 'sample_fmt': 's16p', 'compression_level': '8', 'reservoir': '1', 'aq': '6'}",107.0234375,-3.508,-2.066,0.7192501819808967,-0.13393261972480192
"{'ar': '44100', 'sample_fmt': 's16p', 'compression_level': '8', 'reservoir': '1', 'aq': '0'}",252.2890625,-2.638,-0.756,0.6989147110143676,2.07607165061241
"{'ar': '44100', 'sample_fmt': 'fltp', 'compression_level': '9', 'reservoir': '1', 'b:a': '143k'}",178.4443359375,-2.916,-1.081,0.7779383849992882,1.4378154976825177
"{'ar': '32000', 'sample_fmt': 'fltp', 'compression_level': '7', 'reservoir': '0', 'aq': '9'}",89.62109375,-3.518,-2.09,0.6719703269773163,-0.13354010520645143
"{'ar': '44100', 'sample_fmt': 's32p', 'compression_level': '1', 'reservoir': '1', 'aq': '0'}",336.51171875,-2.594,-0.708,0.7638992340071127,2.0545366134902445
"{'ar': '44100', 'sample_fmt': 's16p', 'compression_level': '2', 'reservoir': '1', 'aq': '3'}",239.55859375,-2.651,-0.77,0.7476881009642966,2.058074617261427
"{'ar': '44100', 'sample_fmt': 's16p', 'compression_level': '2', 'reservoir': '1', 'b:a': '197k', 'abr': 'True'}",264.9189453125,-2.61,-0.725,0.8492846640292555,2.1198217860367916
"{'ar': '44100', 'sample_fmt': 's16p', 'compression_level': '5', 'reservoir': '1', 'aq': '9'}",105.1748046875,-3.341,-1.719,0.6929238459852058,0.3695267203144009
"{'ar': '44100', 'sample_fmt': 's16p', 'compression_level': '5', 'reservoir': '1', 'b:a': '103k', 'abr': 'True'}",137.1591796875,-3.161,-1.418,0.7740308730280958,0.8268373220643817
"{'ar': '16000', 'sample_fmt': 's16p', 'compression_level': '2', 'reservoir': '1', 'b:a': '32k', 'abr': 'True'}",43.390625,-3.31,-1.661,0.6994818869861774,0.5581534860189926
"{'ar': '44100', 'sample_fmt': 's32p', 'compression_level': '9', 'reservoir': '1', 'b:a': '194k', 'abr': 'True'}",265.4287109375,-2.623,-0.74,0.6737045929767191,2.096964933402656
"{'ar': '8000', 'sample_fmt': 's16p', 'compression_level': '2', 'reservoir': '1', 'aq': '9'}",35.8671875,-3.85,-3.44,0.6249790959991515,-1.2437018551380288
"{'ar': '12000', 'sample_fmt': 's16p', 'compression_level': '7', 'reservoir': '0', 'b:a': '32k', 'abr': 'True'}",47.234375,-3.777,-2.98,0.6335620259924326,-0.9472781330931631
"{'ar': '44100', 'sample_fmt': 's32p', 'compression_level': '5', 'reservoir': '1', 'aq': '0'}",344.443359375,-2.594,-0.708,0.7150589119992219,2.045490304577044
"{'ar': '44100', 'sample_fmt': 's32p', 'compression_level': '5', 'reservoir': '1', 'aq': '0'}",344.443359375,-2.594,-0.708,0.7292284639843274,2.044442992050797
"{'ar': '44100', 'sample_fmt': 's16p', 'compression_level': '9', 'reservoir': '1', 'b:a': '255k', 'abr': 'True'}",352.173828125,-2.598,-0.712,0.7012601569877006,2.023593390062513
"{'ar': '16000', 'sample_fmt': 's32p', 'compression_level': '2', 'reservoir': '1', 'b:a': '32k'}",44.97265625,-3.296,-1.637,0.6886918850068469,0.5966167464895789
"{'ar': '32000', 'sample_fmt': 'fltp', 'compression_level': '7', 'reservoir': '0', 'b:a': '32k'}",44.8671875,-3.413,-1.857,0.6453667889873032,0.2579837454597048
"{'ar': '44100', 'sample_fmt': 's32p', 'compression_level': '2', 'reservoir': '1', 'b:a': '240k', 'abr': 'True'}",327.888671875,-2.601,-0.716,0.853658922977047,2.042828474120535
"{'ar': '16000', 'sample_fmt': 'fltp', 'compression_level': '9', 'reservoir': '1', 'b:a': '32k', 'abr': 'True'}",42.828125,-3.448,-1.93,0.6841072409879416,0.15379769846962346
"{'ar': '16000', 'sample_fmt': 's32p', 'compression_level': '8', 'reservoir': '1', 'b:a': '86k', 'abr': 'True'}",119.71484375,-3.714,-2.693,0.7492944160185289,-0.8341641201710177
"{'ar': '8000', 'sample_fmt': 'fltp', 'compression_level': '7', 'reservoir': '1', 'b:a': '32k', 'abr': 'True'}",44.4453125,-3.856,-3.492,0.7381406789936591,-1.2961372294059745
"{'ar': '44100', 'sample_fmt': 's16p', 'compression_level': '5', 'reservoir': '1', 'aq': '9'}",105.1748046875,-3.341,-1.719,0.7395188960072119,0.36608274554367826
"{'ar': '44100', 'sample_fmt': 's16p', 'compression_level': '5', 'reservoir': '1', 'b:a': '127k', 'abr': 'True'}",170.8017578125,-2.868,-1.022,0.8469898260082118,1.5753557598785057
"{'ar': '32000', 'sample_fmt': 's16p', 'compression_level': '2', 'reservoir': '1', 'b:a': '254k', 'abr': 'True'}",323.515625,-3.177,-1.442,0.8245182799873874,0.4808932606132439
"{'ar': '44100', 'sample_fmt': 's16p', 'compression_level': '5', 'reservoir': '1', 'b:a': '106k', 'abr': 'True'}",140.9169921875,-3.12,-1.357,0.7464392200054135,0.937650906689652
"{'ar': '44100', 'sample_fmt': 's16p', 'compression_level': '0', 'reservoir': '1', 'b:a': '253k', 'abr': 'True'}",340.48046875,-2.586,-0.699,1.19309709299705,2.037959194146137
"{'ar': '44100', 'sample_fmt': 's16p', 'compression_level': '7', 'reservoir': '1', 'b:a': '32k', 'abr': 'True'}",48.193359375,-3.355,-1.744,0.8972279929730576,0.404843696159103
"{'ar': '32000', 'sample_fmt': 's16p', 'compression_level': '2', 'reservoir': '1', 'b:a': '32k', 'abr': 'True'}",46.5546875,-3.361,-1.755,0.7080114739947021,0.4039943369641332
"{'ar': '12000', 'sample_fmt': 's16p', 'compression_level': '7', 'reservoir': '1', 'b:a': '197k', 'abr': 'True'}",88.578125,-3.74,-2.803,0.6196794640272856,-0.8701789531755002
"{'ar': '44100', 'sample_fmt': 's16p', 'compression_level': '5', 'reservoir': '1', 'aq': '3'}",243.5302734375,-2.651,-0.77,0.7183390610152856,2.053906420890989
"{'ar': '44100', 'sample_fmt': 's16p', 'compression_level': '5', 'reservoir': '1', 'aq': '9'}",105.1748046875,-3.341,-1.719,0.698397060012212,0.3691221792523166
"{'ar': '44100', 'sample_fmt': 's16p', 'compression_level': '8', 'reservoir': '1', 'b:a': '32k'}",44.771484375,-3.291,-1.629,0.6713898189773317,0.6123899514736991
"{'ar': '44100', 'sample_fmt': 's32p', 'compression_level': '7', 'reservoir': '1', 'b:a': '126k', 'abr': 'True'}",166.62890625,-2.967,-1.147,0.6832605859672185,1.3240197856737215
"{'ar': '44100', 'sample_fmt': 's16p', 'compression_level': '9', 'reservoir': '1', 'b:a': '258k', 'abr': 'True'}",355.7314453125,-2.598,-0.712,0.7510006430093199,2.014240163196608
"{'ar': '44100', 'sample_fmt': 's32p', 'compression_level': '5', 'reservoir': '1', 'b:a': '32k'}",44.771484375,-3.292,-1.63,0.724441897997167,0.6058233227882911
"{'ar': '12000', 'sample_fmt': 's32p', 'compression_level': '7', 'reservoir': '1', 'b:a': '32k', 'abr': 'True'}",42.78125,-3.777,-2.982,0.6344931469939183,-0.9408721777987881
"{'ar': '44100', 'sample_fmt': 's16p', 'compression_level': '5', 'reservoir': '1', 'b:a': '258k', 'abr': 'True'}",354.3134765625,-2.581,-0.694,0.8876721519918647,2.051688174225972
"{'ar': '44100', 'sample_fmt': 'fltp', 'compression_level': '9', 'reservoir': '1', 'b:a': '193k', 'abr': 'True'}",263.8056640625,-2.63,-0.747,0.7525079670303967,2.075212413080637
"{'ar': '16000', 'sample_fmt': 's32p', 'compression_level': '7', 'reservoir': '1', 'b:a': '103k'}",134.65625,-3.738,-2.795,0.766150948998984,-0.9473467741126117
"{'ar': '44100', 'sample_fmt': 's32p', 'compression_level': '7', 'reservoir': '1', 'b:a': '103k'}",133.853515625,-3.284,-1.617,0.7467552899906877,0.4847694931086474
"{'ar': '44100', 'sample_fmt': 's16p', 'compression_level': '2', 'reservoir': '0', 'b:a': '167k'}",223.037109375,-2.701,-0.826,1.2758042070199735,1.9112402151619001
"{'ar': '12000', 'sample_fmt': 'fltp', 'compression_level': '7', 'reservoir': '0', 'b:a': '32k'}",45.078125,-3.773,-2.962,0.7511436499771662,-0.9375302761321013
"{'ar': '44100', 'sample_fmt': 'fltp', 'compression_level': '9', 'reservoir': '1', 'b:a': '128k', 'abr': 'True'}",169.32421875,-2.937,-1.108,0.6850823920103721,1.4017853290082936
"{'ar': '44100', 'sample_fmt': 's32p', 'compression_level': '9', 'reservoir': '1', 'b:a': '250k', 'abr': 'True'}",345.05859375,-2.605,-0.721,0.6816217429586686,2.0172497591120715
"{'ar': '44100', 'sample_fmt': 's32p', 'compression_level': '5', 'reservoir': '1', 'aq': '1'}",306.7607421875,-2.609,-0.724,0.7250925400003325,2.0648811066072588
"{'ar': '44100', 'sample_fmt': 's32p', 'compression_level': '7', 'reservoir': '1', 'b:a': '124k'}",178.4443359375,-2.916,-1.081,0.6784969409927726,1.4451655021177725
"{'ar': '44100', 'sample_fmt': 's32p', 'compression_level': '7', 'reservoir': '1', 'b:a': '107k'}",156.1484375,-3.068,-1.283,0.6654846490127966,1.0638309044818508
"{'ar': '12000', 'sample_fmt': 's16p', 'compression_level': '2', 'reservoir': '1', 'b:a': '197k', 'abr': 'True'}",71.09375,-3.767,-2.931,0.7298359480046201,-0.9537087366835111
"{'ar': '16000', 'sample_fmt': 's32p', 'compression_level': '8', 'reservoir': '1', 'aq': '9'}",61.7421875,-3.805,-3.135,0.6460080099932384,-1.0854819674092602
"{'ar': '44100', 'sample_fmt': 's16p', 'compression_level': '7', 'reservoir': '1', 'b:a': '258k', 'abr': 'True'}",355.7314453125,-2.598,-0.712,0.7504370409878902,2.014281820650385
"{'ar': '16000', 'sample_fmt': 'fltp', 'compression_level': '9', 'reservoir': '1', 'b:a': '32k', 'abr': 'True'}",42.828125,-3.448,-1.93,0.603526677004993,0.1597536407690053
"{'ar': '44100', 'sample_fmt': 's16p', 'compression_level': '7', 'reservoir': '1', 'aq': '9'}",97.146484375,-3.315,-1.67,0.6692121700034477,0.46012567115331854
"{'ar': '44100', 'sample_fmt': 'fltp', 'compression_level': '5', 'reservoir': '1', 'b:a': '142k', 'abr': 'True'}",190.177734375,-2.785,-0.922,0.782505276001757,1.7741351205774065
"{'ar': '44100', 'sample_fmt': 's16p', 'compression_level': '5', 'reservoir': '1', 'aq': '9'}",105.1748046875,-3.341,-1.719,0.7057549600140192,0.3685783356045524
"{'ar': '44100', 'sample_fmt': 's16p', 'compression_level': '9', 'reservoir': '1', 'b:a': '260k', 'abr': 'True'}",358.5859375,-2.598,-0.712,0.6740503569890279,2.0153729690075406
"{'ar': '44100', 'sample_fmt': 's32p', 'compression_level': '5', 'reservoir': '1', 'b:a': '103k', 'abr': 'True'}",137.1591796875,-3.16,-1.416,0.7533085530449171,0.8313298232598196
"{'ar': '44100', 'sample_fmt': 's16p', 'compression_level': '5', 'reservoir': '1', 'b:a': '103k', 'abr': 'True'}",137.1591796875,-3.161,-1.418,0.73844040199765,0.8294679166071304
"{'ar': '44100', 'sample_fmt': 'fltp', 'compression_level': '5', 'reservoir': '1', 'b:a': '127k', 'abr': 'True'}",170.6982421875,-2.86,-1.011,0.7652711859846022,1.6036705420756467
"{'ar': '44100', 'sample_fmt': 's16p', 'compression_level': '9', 'reservoir': '1', 'b:a': '32k', 'abr': 'True'}",48.193359375,-3.355,-1.744,0.6833299090212677,0.42065352154373015
"{'ar': '44100', 'sample_fmt': 's16p', 'compression_level': '2', 'reservoir': '1', 'b:a': '195k', 'abr': 'True'}",262.474609375,-2.623,-0.739,0.8517510920064524,2.088834215961095
"{'ar': '8000', 'sample_fmt': 'fltp', 'compression_level': '9', 'reservoir': '1', 'b:a': '128k', 'abr': 'True'}",89.9375,-3.858,-3.51,0.6588094710314181,-1.3732020311496993
"{'ar': '44100', 'sample_fmt': 's16p', 'compression_level': '7', 'reservoir': '1', 'b:a': '32k', 'abr': 'True'}",48.193359375,-3.355,-1.744,0.8705454689916223,0.4068158785983936
"{'ar': '44100', 'sample_fmt': 'fltp', 'compression_level': '7', 'reservoir': '1', 'b:a': '153k'}",223.037109375,-2.691,-0.815,0.7074492050160188,1.9800183963304823
"{'ar': '44100', 'sample_fmt': 's32p', 'compression_level': '7', 'reservoir': '1', 'aq': '9'}",97.1474609375,-3.314,-1.668,0.6550066510098986,0.4641349384928887
"{'ar': '32000', 'sample_fmt': 's16p', 'compression_level': '7', 'reservoir': '1', 'b:a': '254k', 'abr': 'True'}",352.0625,-3.172,-1.435,0.6463753739662934,0.4623669774494277
"{'ar': '44100', 'sample_fmt': 's16p', 'compression_level': '7', 'reservoir': '1', 'b:a': '258k', 'abr': 'True'}",355.7314453125,-2.598,-0.712,0.6858850899734534,2.01905304185499
"{'ar': '44100', 'sample_fmt': 's16p', 'compression_level': '5', 'reservoir': '1', 'b:a': '197k', 'abr': 'True'}",270.41796875,-2.617,-0.733,0.7423511149827391,2.100117724399851
"{'ar': '12000', 'sample_fmt': 'fltp', 'compression_level': '7', 'reservoir': '0', 'b:a': '106k'}",90.359375,-3.74,-2.803,0.60415018099593,-0.8718734165808898
"{'ar': '44100', 'sample_fmt': 's16p', 'compression_level': '5', 'reservoir': '1', 'b:a': '194k', 'abr': 'True'}",266.857421875,-2.615,-0.731,0.7411406699975487,2.1111794230084753
"{'ar': '44100', 'sample_fmt': 's32p', 'compression_level': '2', 'reservoir': '1', 'b:a': '103k', 'abr': 'True'}",134.974609375,-3.327,-1.693,0.8409586939960718,0.3518555916858993
"{'ar': '32000', 'sample_fmt': 's16p', 'compression_level': '1', 'reservoir': '1', 'b:a': '277k', 'abr': 'True'}",331.390625,-3.174,-1.438,0.9325133050151635,0.46859682465395935
"{'ar': '44100', 'sample_fmt': 's32p', 'compression_level': '7', 'reservoir': '1', 'b:a': '32k', 'abr': 'True'}",48.16796875,-3.35,-1.734,0.8424270389950834,0.42373898119174097
"{'ar': '16000', 'sample_fmt': 'fltp', 'compression_level': '9', 'reservoir': '1', 'b:a': '138k', 'abr': 'True'}",192.06640625,-3.766,-2.922,0.6273403020168189,-1.1339957098775113
"{'ar': '44100', 'sample_fmt': 's16p', 'compression_level': '2', 'reservoir': '1', 'b:a': '198k'}",267.6279296875,-2.624,-0.741,0.9456873830058612,2.070707287803221
"{'ar': '16000', 'sample_fmt': 'fltp', 'compression_level': '0', 'reservoir': '1', 'b:a': '32k'}",44.97265625,-3.267,-1.587,0.9462898419878911,0.6609180549303855
"{'ar': '44100', 'sample_fmt': 's32p', 'compression_level': '5', 'reservoir': '1', 'b:a': '32k', 'abr': 'True'}",48.193359375,-3.348,-1.73,0.7526376519817859,0.4362567685940514
"{'ar': '44100', 'sample_fmt': 'fltp', 'compression_level': '8', 'reservoir': '1', 'aq': '1'}",228.9697265625,-2.671,-0.792,0.6976203249942046,2.025132710113771
"{'ar': '32000', 'sample_fmt': 's16p', 'compression_level': '7', 'reservoir': '1', 'b:a': '254k'}",357.828125,-3.175,-1.439,0.651752245001262,0.4445179064791954
"{'ar': '8000', 'sample_fmt': 'fltp', 'compression_level': '7', 'reservoir': '1', 'b:a': '127k', 'abr': 'True'}",89.9375,-3.858,-3.51,0.5964461409894284,-1.3685925772445866
"{'ar': '16000', 'sample_fmt': 's16p', 'compression_level': '5', 'reservoir': '1', 'b:a': '32k', 'abr': 'True'}",43.35546875,-3.405,-1.842,0.6821247989719268,0.2810504296690656
"{'ar': '44100', 'sample_fmt': 's16p', 'compression_level': '9', 'reservoir': '1', 'b:a': '194k', 'abr': 'True'}",265.3271484375,-2.62,-0.736,0.7233347060100641,2.101710335187789
"{'ar': '16000', 'sample_fmt': 's16p', 'compression_level': '8', 'reservoir': '1', 'b:a': '32k'}",44.97265625,-3.439,-1.912,0.6958652399771381,0.17615437006412954
"{'ar': '44100', 'sample_fmt': 's16p', 'compression_level': '5', 'reservoir': '1', 'b:a': '194k', 'abr': 'True'}",266.857421875,-2.615,-0.731,0.8435520810016897,2.1036098997315222
"{'ar': '44100', 'sample_fmt': 'fltp', 'compression_level': '8', 'reservoir': '1', 'aq': '1'}",228.9697265625,-2.671,-0.792,0.6889642129826825,2.0257725083620004
"{'ar': '44100', 'sample_fmt': 'fltp', 'compression_level': '7', 'reservoir': '0', 'aq': '9'}",103.8740234375,-3.314,-1.668,0.6542167460138444,0.4534599849430128
"{'ar': '44100', 'sample_fmt': 's32p', 'compression_level': '9', 'reservoir': '1', 'b:a': '194k', 'abr': 'True'}",265.4287109375,-2.623,-0.74,0.667325770977186,2.097436410566495
"{'ar': '12000', 'sample_fmt': 'fltp', 'compression_level': '9', 'reservoir': '1', 'b:a': '32k', 'abr': 'True'}",42.78125,-3.777,-2.982,0.6171679540129844,-0.9395916227291818
"{'ar': '16000', 'sample_fmt': 's16p', 'compression_level': '1', 'reservoir': '1', 'b:a': '32k', 'abr': 'True'}",43.84765625,-3.271,-1.594,0.8986586570099462,0.6547057759048556
"{'ar': '44100', 'sample_fmt': 's16p', 'compression_level': '5', 'reservoir': '1', 'b:a': '103k', 'abr': 'True'}",137.1591796875,-3.161,-1.418,0.8958758439985104,0.8178314082223886
"{'ar': '44100', 'sample_fmt': 's32p', 'compression_level': '5', 'reservoir': '1', 'b:a': '144k', 'abr': 'True'}",196.4228515625,-2.716,-0.843,0.8666611259977799,1.9436367311275147
"{'ar': '44100', 'sample_fmt': 'fltp', 'compression_level': '8', 'reservoir': '1', 'aq': '1'}",228.9697265625,-2.671,-0.792,0.685693031991832,2.026014290800213
"{'ar': '32000', 'sample_fmt': 's16p', 'compression_level': '7', 'reservoir': '1', 'b:a': '32k', 'abr': 'True'}",46.73046875,-3.437,-1.907,0.677686122013256,0.1809303297202558
"{'ar': '44100', 'sample_fmt': 's16p', 'compression_level': '0', 'reservoir': '1', 'b:a': '32k'}",44.771484375,-3.133,-1.376,1.098708935023751,1.0287467165940558
"{'ar': '44100', 'sample_fmt': 'fltp', 'compression_level': '7', 'reservoir': '1', 'b:a': '113k', 'abr': 'True'}",147.62109375,-3.164,-1.423,0.6724936389946379,0.8090814208474092
"{'ar': '44100', 'sample_fmt': 's16p', 'compression_level': '0', 'reservoir': '1', 'b:a': '196k', 'abr': 'True'}",264.0009765625,-2.619,-0.735,1.0881585280003492,2.0795066742161183
"{'ar': '44100', 'sample_fmt': 'fltp', 'compression_level': '7', 'reservoir': '1', 'b:a': '32k', 'abr': 'True'}",48.16796875,-3.35,-1.734,0.6496221209818032,0.4379897497389447
"{'ar': '44100', 'sample_fmt': 's16p', 'compression_level': '8', 'reservoir': '1', 'aq': '2'}",202.7783203125,-2.725,-0.853,0.6664155729813501,1.9241722373388186
"{'ar': '44100', 'sample_fmt': 'fltp', 'compression_level': '7', 'reservoir': '1', 'b:a': '113k', 'abr': 'True'}",147.62109375,-3.164,-1.423,0.6708489040029235,0.8092029879626567
"{'ar': '44100', 'sample_fmt': 's32p', 'compression_level': '7', 'reservoir': '1', 'b:a': '32k'}",44.771484375,-3.286,-1.619,0.6592167979979422,0.6280939678950394
"{'ar': '16000', 'sample_fmt': 's32p', 'compression_level': '5', 'reservoir': '1', 'b:a': '103k', 'abr': 'True'}",132.51171875,-3.761,-2.899,0.6643279060081113,-1.0227950309295806
"{'ar': '44100', 'sample_fmt': 'fltp', 'compression_level': '7', 'reservoir': '1', 'b:a': '32k'}",44.771484375,-3.286,-1.619,0.80001861799974,0.6176868985705294
"{'ar': '44100', 'sample_fmt': 's32p', 'compression_level': '7', 'reservoir': '1', 'b:a': '32k'}",44.771484375,-3.286,-1.619,0.7195156950037926,0.6236371022002396
"{'ar': '44100', 'sample_fmt': 's16p', 'compression_level': '9', 'reservoir': '1', 'b:a': '143k', 'abr': 'True'}",190.8896484375,-2.799,-0.939,0.7001214310002979,1.7411064498497657
"{'ar': '44100', 'sample_fmt': 'fltp', 'compression_level': '8', 'reservoir': '0', 'aq': '9'}",103.8740234375,-3.314,-1.668,0.6769958269724157,0.45177631725546835
"{'ar': '44100', 'sample_fmt': 's32p', 'compression_level': '7', 'reservoir': '1', 'b:a': '113k', 'abr': 'True'}",147.62109375,-3.164,-1.423,0.6767942470032722,0.8087635504840657
"{'ar': '44100', 'sample_fmt': 's32p', 'compression_level': '7', 'reservoir': '1', 'aq': '9'}",97.1474609375,-3.314,-1.668,0.6518327779776882,0.4643695286187336
"{'ar': '44100', 'sample_fmt': 's16p', 'compression_level': '6', 'reservoir': '1', 'b:a': '152k', 'abr': 'True'}",207.3525390625,-2.681,-0.803,0.7891497599775903,2.0260918652642617
"{'ar': '44100', 'sample_fmt': 's16p', 'compression_level': '5', 'reservoir': '1', 'b:a': '153k', 'abr': 'True'}",208.8896484375,-2.685,-0.808,0.7624238810094539,2.01471749777761
"{'ar': '44100', 'sample_fmt': 'fltp', 'compression_level': '2', 'reservoir': '1', 'aq': '5'}",164.33203125,-2.878,-1.033,0.7390863719920162,1.566885308752381
"{'ar': '16000', 'sample_fmt': 's16p', 'compression_level': '9', 'reservoir': '1', 'b:a': '32k', 'abr': 'True'}",42.79296875,-3.446,-1.926,0.6237525529868435,0.16423649472998772
"{'ar': '44100', 'sample_fmt': 's16p', 'compression_level': '8', 'reservoir': '1', 'aq': '5'}",141.7314453125,-3.0,-1.189,0.6627168910054024,1.2751290249727005
"{'ar': '32000', 'sample_fmt': 'fltp', 'compression_level': '7', 'reservoir': '1', 'b:a': '247k', 'abr': 'True'}",342.21875,-3.172,-1.435,0.6731504930066876,0.4760952745203591
"{'ar': '44100', 'sample_fmt': 'fltp', 'compression_level': '7', 'reservoir': '1', 'b:a': '103k', 'abr': 'True'}",134.2138671875,-3.278,-1.606,0.6629021269909572,0.5078419919379505
"{'ar': '12000', 'sample_fmt': 'fltp', 'compression_level': '5', 'reservoir': '0', 'b:a': '144k'}",90.546875,-3.761,-2.898,0.6539146590221208,-0.9547480834255829
"{'ar': '16000', 'sample_fmt': 'fltp', 'compression_level': '9', 'reservoir': '1', 'b:a': '32k', 'abr': 'True'}",42.828125,-3.448,-1.93,0.6315641319961287,0.15768131146408687
"{'ar': '44100', 'sample_fmt': 'fltp', 'compression_level': '7', 'reservoir': '1', 'b:a': '166k', 'abr': 'True'}",224.0361328125,-2.691,-0.815,0.6756591319863219,1.9807739861356624
"{'ar': '44100', 'sample_fmt': 's16p', 'compression_level': '7', 'reservoir': '1', 'b:a': '126k', 'abr': 'True'}",166.578125,-2.971,-1.152,0.6662035080080386,1.3144645100398022
"{'ar': '44100', 'sample_fmt': 's16p', 'compression_level': '8', 'reservoir': '1', 'b:a': '143k', 'abr': 'True'}",190.8896484375,-2.799,-0.939,0.7354073770111427,1.7384983636310571
"{'ar': '16000', 'sample_fmt': 'fltp', 'compression_level': '8', 'reservoir': '0', 'aq': '9'}",66.69921875,-3.805,-3.135,0.6342663000104949,-1.092523863023121
"{'ar': '8000', 'sample_fmt': 'fltp', 'compression_level': '2', 'reservoir': '1', 'b:a': '166k', 'abr': 'True'}",75.2421875,-3.858,-3.512,0.7701696720032487,-1.3586151121148744
"{'ar': '44100', 'sample_fmt': 's16p', 'compression_level': '5', 'reservoir': '1', 'b:a': '251k', 'abr': 'True'}",347.59765625,-2.584,-0.697,0.7913118039723486,2.0615904539998615
"{'ar': '44100', 'sample_fmt': 's16p', 'compression_level': '8', 'reservoir': '1', 'aq': '2'}",202.7783203125,-2.725,-0.853,0.7194276709924452,1.9202539600109252
"{'ar': '44100', 'sample_fmt': 's32p', 'compression_level': '9', 'reservoir': '1', 'b:a': '143k', 'abr': 'True'}",190.841796875,-2.805,-0.945,0.7710613090312108,1.7200670560740314
"{'ar': '16000', 'sample_fmt': 's16p', 'compression_level': '2', 'reservoir': '1', 'b:a': '32k', 'abr': 'True'}",43.390625,-3.31,-1.661,0.7083649440028239,0.5574969136097394
"{'ar': '44100', 'sample_fmt': 'fltp', 'compression_level': '5', 'reservoir': '1', 'b:a': '195k', 'abr': 'True'}",268.076171875,-2.618,-0.735,0.8589289830124471,2.0922769850910514
"{'ar': '44100', 'sample_fmt': 'fltp', 'compression_level': '5', 'reservoir': '0', 'aq': '1'}",330.3115234375,-2.609,-0.724,0.8279171749891248,2.019701892635741
"{'ar': '44100', 'sample_fmt': 's16p', 'compression_level': '0', 'reservoir': '1', 'b:a': '196k', 'abr': 'True'}",264.0009765625,-2.619,-0.735,1.2355681479966734,2.0686112033025905
"{'ar': '44100', 'sample_fmt': 'fltp', 'compression_level': '9', 'reservoir': '1', 'b:a': '32k', 'abr': 'True'}",48.16796875,-3.35,-1.734,0.718880308966618,0.4328706769624799
"{'ar': '44100', 'sample_fmt': 's16p', 'compression_level': '9', 'reservoir': '1', 'b:a': '141k', 'abr': 'True'}",187.6083984375,-2.817,-0.96,0.7460216260224115,1.6943861006657674
"{'ar': '44100', 'sample_fmt': 's16p', 'compression_level': '5', 'reservoir': '1', 'b:a': '103k', 'abr': 'True'}",137.1591796875,-3.161,-1.418,0.7895069579826668,0.8256934399114935
"{'ar': '8000', 'sample_fmt': 's32p', 'compression_level': '2', 'reservoir': '1', 'aq': '9'}",35.8671875,-3.85,-3.441,0.6389964330301154,-1.2450533754256181
"{'ar': '44100', 'sample_fmt': 's16p', 'compression_level': '1', 'reservoir': '1', 'b:a': '253k', 'abr': 'True'}",343.9384765625,-2.587,-0.701,1.0465152889955789,2.0403148034553764
"{'ar': '44100', 'sample_fmt': 's32p', 'compression_level': '5', 'reservoir': '1', 'b:a': '113k', 'abr': 'True'}",150.5673828125,-2.991,-1.178,0.7548478560056537,1.2786596494485258
"{'ar': '12000', 'sample_fmt': 'fltp', 'compression_level': '2', 'reservoir': '0', 'b:a': '108k'}",90.359375,-3.768,-2.933,0.7174259819730651,-0.9864938108438531
"{'ar': '44100', 'sample_fmt': 'fltp', 'compression_level': '7', 'reservoir': '1', 'b:a': '156k', 'abr': 'True'}",209.5537109375,-2.74,-0.87,0.6854608809808269,1.8716414320756962
"{'ar': '32000', 'sample_fmt': 'fltp', 'compression_level': '7', 'reservoir': '1', 'b:a': '32k', 'abr': 'True'}",46.73046875,-3.442,-1.918,0.676248523988761,0.16591685506524992
"{'ar': '44100', 'sample_fmt': 's32p', 'compression_level': '5', 'reservoir': '1', 'b:a': '147k', 'abr': 'True'}",200.751953125,-2.707,-0.832,0.7875427770195529,1.9670162857739184
"{'ar': '44100', 'sample_fmt': 's32p', 'compression_level': '5', 'reservoir': '1', 'b:a': '140k', 'abr': 'True'}",187.708984375,-2.802,-0.942,0.7742243130051065,1.7327683760763237
"{'ar': '44100', 'sample_fmt': 's16p', 'compression_level': '7', 'reservoir': '1', 'b:a': '126k'}",178.4443359375,-2.914,-1.079,0.6804436180100311,1.4503124100863272
"{'ar': '16000', 'sample_fmt': 's16p', 'compression_level': '5', 'reservoir': '1', 'b:a': '32k', 'abr': 'True'}",43.35546875,-3.405,-1.842,0.6798527840001043,0.2812183608599961
"{'ar': '44100', 'sample_fmt': 'fltp', 'compression_level': '7', 'reservoir': '1', 'b:a': '113k', 'abr': 'True'}",147.62109375,-3.164,-1.423,0.6918173340091016,0.8076531507183821
"{'ar': '44100', 'sample_fmt': 'fltp', 'compression_level': '7', 'reservoir': '1', 'b:a': '32k', 'abr': 'True'}",48.16796875,-3.35,-1.734,0.7468176810070872,0.4308057450776074
"{'ar': '44100', 'sample_fmt': 's32p', 'compression_level': '9', 'reservoir': '1', 'b:a': '259k', 'abr': 'True'}",357.66796875,-2.602,-0.717,0.7026623970014043,2.003825897317656
"{'ar': '32000', 'sample_fmt': 's16p', 'compression_level': '1', 'reservoir': '1', 'b:a': '32k', 'abr': 'True'}",46.94140625,-3.295,-1.636,0.9606947840075009,0.5760161578967227
"{'ar': '32000', 'sample_fmt': 's32p', 'compression_level': '7', 'reservoir': '1', 'aq': '0'}",224.375,-3.19,-1.462,0.6494339910277631,0.6154310726787358
"{'ar': '8000', 'sample_fmt': 's32p', 'compression_level': '2', 'reservoir': '1', 'b:a': '167k', 'abr': 'True'}",75.2421875,-3.858,-3.512,0.6803441340161953,-1.3519758470760368
"{'ar': '44100', 'sample_fmt': 's16p', 'compression_level': '5', 'reservoir': '1', 'b:a': '142k', 'abr': 'True'}",190.2275390625,-2.783,-0.92,0.811741111043375,1.7771855364547329
"{'ar': '12000', 'sample_fmt': 'fltp', 'compression_level': '7', 'reservoir': '1', 'b:a': '108k'}",90.359375,-3.742,-2.811,0.6372130960226059,-0.8815007350983269
"{'ar': '44100', 'sample_fmt': 'fltp', 'compression_level': '8', 'reservoir': '1', 'b:a': '32k', 'abr': 'True'}",48.16796875,-3.35,-1.734,0.6679367620090488,0.43663606170549724
"{'ar': '44100', 'sample_fmt': 's16p', 'compression_level': '8', 'reservoir': '1', 'aq': '2'}",202.7783203125,-2.725,-0.853,0.6902792700275313,1.9224084025425388
"{'ar': '44100', 'sample_fmt': 's16p', 'compression_level': '0', 'reservoir': '1', 'b:a': '196k', 'abr': 'True'}",264.0009765625,-2.619,-0.735,1.1855321240145713,2.0723095104004527
"{'ar': '32000', 'sample_fmt': 'fltp', 'compression_level': '7', 'reservoir': '1', 'b:a': '32k', 'abr': 'True'}",46.73046875,-3.442,-1.918,0.7593492399901152,0.15977464104890082
"{'ar': '16000', 'sample_fmt': 's16p', 'compression_level': '8', 'reservoir': '1', 'b:a': '90k', 'abr': 'True'}",125.62109375,-3.715,-2.696,0.7218955600110348,-0.8448396987115879
"{'ar': '44100', 'sample_fmt': 's16p', 'compression_level': '0', 'reservoir': '1', 'b:a': '196k'}",267.6279296875,-2.633,-0.751,1.177659281034721,2.0294375499816493
"{'ar': '16000', 'sample_fmt': 's16p', 'compression_level': '5', 'reservoir': '1', 'b:a': '111k'}",157.0859375,-3.766,-2.926,0.7447461670089979,-1.0881182542718886
"{'ar': '32000', 'sample_fmt': 'fltp', 'compression_level': '7', 'reservoir': '1', 'b:a': '109k'}",156.59375,-3.405,-1.841,0.655512800993165,0.10264254014885427
"{'ar': '44100', 'sample_fmt': 'fltp', 'compression_level': '7', 'reservoir': '1', 'b:a': '257k', 'abr': 'True'}",354.716796875,-2.599,-0.713,0.7319013469968922,2.014625489702027
"{'ar': '32000', 'sample_fmt': 's16p', 'compression_level': '7', 'reservoir': '0', 'b:a': '250k'}",357.828125,-3.173,-1.436,0.6742135100066662,0.44846398038666646
"{'ar': '44100', 'sample_fmt': 'fltp', 'compression_level': '7', 'reservoir': '1', 'b:a': '110k'}",156.1484375,-3.068,-1.283,0.7116459759999998,1.060418987433754
"{'ar': '16000', 'sample_fmt': 'fltp', 'compression_level': '8', 'reservoir': '1', 'aq': '9'}",61.7421875,-3.805,-3.135,0.6281290919869207,-1.0841604849231914
"{'ar': '44100', 'sample_fmt': 's32p', 'compression_level': '7', 'reservoir': '1', 'aq': '9'}",97.1474609375,-3.314,-1.668,0.7454567179956939,0.457449512711349
"{'ar': '44100', 'sample_fmt': 'fltp', 'compression_level': '8', 'reservoir': '1', 'b:a': '107k'}",156.1484375,-3.068,-1.283,0.7832023189985193,1.0551300513803386
"{'ar': '44100', 'sample_fmt': 'fltp', 'compression_level': '7', 'reservoir': '1', 'b:a': '32k'}",44.771484375,-3.286,-1.619,0.7269504599971697,0.6230875772388682
"{'ar': '44100', 'sample_fmt': 's16p', 'compression_level': '4', 'reservoir': '1', 'b:a': '141k', 'abr': 'True'}",186.21875,-2.794,-0.932,0.8949706199928187,1.7480156686943464
"{'ar': '44100', 'sample_fmt': 's16p', 'compression_level': '5', 'reservoir': '1', 'b:a': '32k', 'abr': 'True'}",48.21875,-3.352,-1.738,0.7784631009853911,0.4224640015048609
"{'ar': '44100', 'sample_fmt': 's32p', 'compression_level': '0', 'reservoir': '1', 'aq': '1'}",299.615234375,-2.609,-0.724,0.7855289000144694,2.071815914542272
"{'ar': '44100', 'sample_fmt': 'fltp', 'compression_level': '9', 'reservoir': '1', 'b:a': '193k', 'abr': 'True'}",263.8056640625,-2.63,-0.747,0.6885343460016884,2.079940888245072
"{'ar': '32000', 'sample_fmt': 'fltp', 'compression_level': '7', 'reservoir': '1', 'b:a': '32k'}",44.8671875,-3.434,-1.9,0.6596006549953017,0.1944382731551746
"{'ar': '44100', 'sample_fmt': 's16p', 'compression_level': '7', 'reservoir': '1', 'aq': '6'}",125.1630859375,-3.168,-1.429,0.7047695509972982,0.8313187613574567
"{'ar': '44100', 'sample_fmt': 's16p', 'compression_level': '2', 'reservoir': '1', 'aq': '1'}",299.5126953125,-2.614,-0.73,0.7987224319949746,2.0574619207907996
"{'ar': '44100', 'sample_fmt': 's16p', 'compression_level': '5', 'reservoir': '1', 'aq': '5'}",166.77734375,-2.881,-1.037,0.7228745570173487,1.5559300250812755
"{'ar': '16000', 'sample_fmt': 'fltp', 'compression_level': '7', 'reservoir': '0', 'b:a': '168k'}",224.375,-3.765,-2.92,0.6344347760023084,-1.183112907853262
"{'ar': '16000', 'sample_fmt': 's16p', 'compression_level': '5', 'reservoir': '1', 'b:a': '195k', 'abr': 'True'}",210.69921875,-3.764,-2.916,0.6673367350304034,-1.1601310551169717
"{'ar': '32000', 'sample_fmt': 'fltp', 'compression_level': '7', 'reservoir': '1', 'b:a': '32k'}",44.8671875,-3.434,-1.9,0.662099045002833,0.1942536099313064
"{'ar': '44100', 'sample_fmt': 's32p', 'compression_level': '5', 'reservoir': '1', 'b:a': '144k', 'abr': 'True'}",196.4228515625,-2.716,-0.843,0.7870913650258444,1.9495179620559149
"{'ar': '16000', 'sample_fmt': 'fltp', 'compression_level': '9', 'reservoir': '0', 'b:a': '193k', 'abr': 'True'}",223.70703125,-3.766,-2.922,0.637860101996921,-1.1852610841549052
"{'ar': '44100', 'sample_fmt': 's32p', 'compression_level': '7', 'reservoir': '1', 'b:a': '268k'}",356.8115234375,-2.604,-0.719,0.7264326119911857,1.9981447790322493
"{'ar': '44100', 'sample_fmt': 'fltp', 'compression_level': '8', 'reservoir': '0', 'aq': '9'}",103.8740234375,-3.314,-1.668,0.6885233589855488,0.45092428405874085
"{'ar': '44100', 'sample_fmt': 's16p', 'compression_level': '5', 'reservoir': '1', 'b:a': '142k', 'abr': 'True'}",190.2275390625,-2.783,-0.92,0.8682998159783892,1.7730051191621463
"{'ar': '44100', 'sample_fmt': 's16p', 'compression_level': '2', 'reservoir': '1', 'b:a': '196k', 'abr': 'True'}",263.6962890625,-2.616,-0.732,0.8991001740214415,2.101902891187859
"{'ar': '44100', 'sample_fmt': 's16p', 'compression_level': '1', 'reservoir': '1', 'b:a': '196k'}",267.6279296875,-2.629,-0.746,1.1071673149999697,2.0455448582494125
"{'ar': '32000', 'sample_fmt': 's32p', 'compression_level': '5', 'reservoir': '0', 'b:a': '144k'}",178.953125,-3.276,-1.603,0.8651745090028271,0.42710885642233715
"{'ar': '44100', 'sample_fmt': 's16p', 'compression_level': '5', 'reservoir': '1', 'b:a': '105k', 'abr': 'True'}",139.5458984375,-3.123,-1.361,1.1634310640220065,0.9007659933399179
"{'ar': '44100', 'sample_fmt': 's32p', 'compression_level': '5', 'reservoir': '1', 'b:a': '142k', 'abr': 'True'}",190.177734375,-2.785,-0.922,2.0656060540059116,1.6792974349079217
"{'ar': '16000', 'sample_fmt': 's16p', 'compression_level': '9', 'reservoir': '1', 'b:a': '32k', 'abr': 'True'}",42.79296875,-3.446,-1.926,0.6893908570054919,0.15938497803612248
"{'ar': '44100', 'sample_fmt': 's32p', 'compression_level': '7', 'reservoir': '1', 'b:a': '103k', 'abr': 'True'}",134.2138671875,-3.278,-1.606,0.7467553519818466,0.501644157808017
"{'ar': '44100', 'sample_fmt': 's16p', 'compression_level': '5', 'reservoir': '1', 'b:a': '142k', 'abr': 'True'}",190.2275390625,-2.783,-0.92,1.2584227189654484,1.7441700082494211
"{'ar': '16000', 'sample_fmt': 's16p', 'compression_level': '1', 'reservoir': '1', 'b:a': '32k', 'abr': 'True'}",43.84765625,-3.271,-1.594,1.283745447988622,0.6262428985811321
"{'ar': '44100', 'sample_fmt': 's32p', 'compression_level': '7', 'reservoir': '1', 'b:a': '32k', 'abr': 'True'}",48.16796875,-3.35,-1.734,0.837129724008264,0.42413052104755317
"{'ar': '44100', 'sample_fmt': 's16p', 'compression_level': '9', 'reservoir': '1', 'b:a': '139k', 'abr': 'True'}",185.0380859375,-2.836,-0.983,0.8071487589913886,1.6424450120432486
"{'ar': '44100', 'sample_fmt': 's32p', 'compression_level': '5', 'reservoir': '1', 'b:a': '143k', 'abr': 'True'}",191.4091796875,-2.771,-0.906,0.8928930510010105,1.801677531746822
"{'ar': '44100', 'sample_fmt': 's16p', 'compression_level': '7', 'reservoir': '1', 'b:a': '32k', 'abr': 'True'}",48.193359375,-3.355,-1.744,1.3167913379729725,0.3738325571171386
"{'ar': '12000', 'sample_fmt': 's16p', 'compression_level': '7', 'reservoir': '1', 'b:a': '32k', 'abr': 'True'}",42.78125,-3.777,-2.979,0.8460884399828501,-0.95556542202491
"{'ar': '32000', 'sample_fmt': 's16p', 'compression_level': '7', 'reservoir': '1', 'b:a': '186k', 'abr': 'True'}",258.96875,-3.178,-1.443,0.7673963379929774,0.5854650760908214
"{'ar': '44100', 'sample_fmt': 's16p', 'compression_level': '9', 'reservoir': '1', 'b:a': '143k', 'abr': 'True'}",190.8896484375,-2.799,-0.939,1.047418344009202,1.7154367315902588
"{'ar': '44100', 'sample_fmt': 's16p', 'compression_level': '2', 'reservoir': '1', 'b:a': '252k', 'abr': 'True'}",340.0771484375,-2.589,-0.703,1.0295636120135896,2.0424383430134507
"{'ar': '44100', 'sample_fmt': 's32p', 'compression_level': '7', 'reservoir': '1', 'b:a': '194k'}",267.6279296875,-2.63,-0.747,0.8712064949795604,2.0603400079554417
"{'ar': '16000', 'sample_fmt': 's32p', 'compression_level': '8', 'reservoir': '1', 'b:a': '86k', 'abr': 'True'}",119.71484375,-3.714,-2.693,0.7266021260002162,-0.8324868674526263
"{'ar': '44100', 'sample_fmt': 's16p', 'compression_level': '5', 'reservoir': '1', 'b:a': '142k', 'abr': 'True'}",190.2275390625,-2.783,-0.92,0.9155708619800862,1.76951117957546
"{'ar': '44100', 'sample_fmt': 's16p', 'compression_level': '9', 'reservoir': '1', 'b:a': '108k', 'abr': 'True'}",140.81640625,-3.236,-1.536,0.6824391479894985,0.6158019941203328
"{'ar': '44100', 'sample_fmt': 's32p', 'compression_level': '7', 'reservoir': '1', 'b:a': '267k'}",356.8115234375,-2.604,-0.719,0.8258465549733955,1.9907968072771574
"{'ar': '16000', 'sample_fmt': 's16p', 'compression_level': '9', 'reservoir': '1', 'aq': '9'}",61.7421875,-3.805,-3.137,0.6159581249812618,-1.0838918104039101
"{'ar': '44100', 'sample_fmt': 's16p', 'compression_level': '0', 'reservoir': '1', 'b:a': '253k', 'abr': 'True'}",340.48046875,-2.586,-0.699,1.1567682210006751,2.040644366037684
"{'ar': '44100', 'sample_fmt': 's16p', 'compression_level': '0', 'reservoir': '1', 'b:a': '32k'}",44.771484375,-3.133,-1.376,1.0834203530102968,1.0298767398628277
"{'ar': '44100', 'sample_fmt': 's32p', 'compression_level': '5', 'reservoir': '1', 'b:a': '193k', 'abr': 'True'}",265.427734375,-2.62,-0.736,0.7682665430183988,2.0982287918758376
"{'ar': '44100', 'sample_fmt': 's16p', 'compression_level': '0', 'reservoir': '1', 'b:a': '32k'}",44.771484375,-3.133,-1.376,1.0806700329994783,1.0300800239611214
"{'ar': '32000', 'sample_fmt': 'fltp', 'compression_level': '7', 'reservoir': '1', 'b:a': '32k', 'abr': 'True'}",46.73046875,-3.442,-1.918,0.641646017000312,0.16847442633120394
"{'ar': '44100', 'sample_fmt': 's32p', 'compression_level': '7', 'reservoir': '1', 'b:a': '103k'}",133.853515625,-3.284,-1.617,0.6699446049751714,0.49044679276151676
"{'ar': '44100', 'sample_fmt': 's16p', 'compression_level': '5', 'reservoir': '1', 'b:a': '32k', 'abr': 'True'}",48.21875,-3.352,-1.738,0.7027406890119892,0.42806086375292157
"{'ar': '44100', 'sample_fmt': 's16p', 'compression_level': '2', 'reservoir': '1', 'aq': '5'}",164.283203125,-2.881,-1.037,0.7540893259865697,1.5576026632413158
"{'ar': '44100', 'sample_fmt': 's32p', 'compression_level': '5', 'reservoir': '1', 'aq': '6'}",139.615234375,-3.079,-1.298,0.7094187670154497,1.0566038616216915
"{'ar': '44100', 'sample_fmt': 's16p', 'compression_level': '8', 'reservoir': '1', 'b:a': '271k'}",356.8115234375,-2.595,-0.709,0.6811842070310377,2.0256132439948766
"{'ar': '44100', 'sample_fmt': 'fltp', 'compression_level': '7', 'reservoir': '1', 'b:a': '126k'}",178.4443359375,-2.916,-1.081,0.7130552319868002,1.4426111989837163
"{'ar': '8000', 'sample_fmt': 'fltp', 'compression_level': '9', 'reservoir': '1', 'b:a': '128k', 'abr': 'True'}",89.9375,-3.858,-3.51,0.655995803012047,-1.3729940648170669
"{'ar': '44100', 'sample_fmt': 'fltp', 'compression_level': '8', 'reservoir': '1', 'b:a': '252k', 'abr': 'True'}",347.2939453125,-2.604,-0.719,0.6948097240237985,2.015668980609274
"{'ar': '12000', 'sample_fmt': 's16p', 'compression_level': '8', 'reservoir': '0', 'b:a': '32k', 'abr': 'True'}",47.234375,-3.777,-2.98,0.6217647080193274,-0.9464061592366617
"{'ar': '44100', 'sample_fmt': 'fltp', 'compression_level': '7', 'reservoir': '1', 'b:a': '159k', 'abr': 'True'}",214.0595703125,-2.719,-0.846,0.6666455060185399,1.9223419868543492
"{'ar': '8000', 'sample_fmt': 's16p', 'compression_level': '9', 'reservoir': '1', 'b:a': '166k', 'abr': 'True'}",90.21875,-3.858,-3.51,0.6066100570023991,-1.3697926023137643
"{'ar': '8000', 'sample_fmt': 's32p', 'compression_level': '9', 'reservoir': '1', 'b:a': '128k', 'abr': 'True'}",89.9375,-3.858,-3.51,0.6371810519776773,-1.3716034122080625
"{'ar': '44100', 'sample_fmt': 'fltp', 'compression_level': '7', 'reservoir': '1', 'b:a': '113k', 'abr': 'True'}",147.62109375,-3.164,-1.423,0.6716647279972676,0.8091426880541354
"{'ar': '44100', 'sample_fmt': 's32p', 'compression_level': '5', 'reservoir': '1', 'b:a': '32k'}",44.771484375,-3.292,-1.63,0.7133135430049151,0.6066458516580929
"{'ar': '32000', 'sample_fmt': 's16p', 'compression_level': '7', 'reservoir': '1', 'b:a': '254k', 'abr': 'True'}",352.0625,-3.172,-1.435,0.6624743980064522,0.46117705206891235
"{'ar': '44100', 'sample_fmt': 'fltp', 'compression_level': '2', 'reservoir': '1', 'aq': '7'}",117.0146484375,-3.312,-1.665,0.7175172450079117,0.4334194828417356
"{'ar': '44100', 'sample_fmt': 'fltp', 'compression_level': '9', 'reservoir': '1', 'b:a': '257k', 'abr': 'True'}",354.716796875,-2.599,-0.713,1.1056981770088896,1.9869970860125914
"{'ar': '32000', 'sample_fmt': 'fltp', 'compression_level': '7', 'reservoir': '1', 'b:a': '32k'}",44.8671875,-3.434,-1.9,0.9712938409938943,0.1714001292261877
"{'ar': '44100', 'sample_fmt': 's16p', 'compression_level': '2', 'reservoir': '1', 'aq': '4'}",205.1201171875,-2.723,-0.85,0.7856877819867805,1.9172260122755924
"{'ar': '8000', 'sample_fmt': 's16p', 'compression_level': '2', 'reservoir': '1', 'aq': '5'}",44.09375,-3.854,-3.478,0.7138444190204609,-1.2847041534035446
"{'ar': '44100', 'sample_fmt': 'fltp', 'compression_level': '7', 'reservoir': '1', 'aq': '9'}",97.1474609375,-3.314,-1.668,0.7559734370152,0.45667219162344685
"{'ar': '44100', 'sample_fmt': 's32p', 'compression_level': '5', 'reservoir': '1', 'b:a': '103k'}",133.853515625,-3.226,-1.519,0.7393811930087395,0.6513658525048457
"{'ar': '16000', 'sample_fmt': 's16p', 'compression_level': '2', 'reservoir': '1', 'b:a': '128k', 'abr': 'True'}",140.45703125,-3.736,-2.786,0.7584727990033571,-0.9485363598481168
"{'ar': '44100', 'sample_fmt': 's32p', 'compression_level': '9', 'reservoir': '1', 'b:a': '127k', 'abr': 'True'}",167.8515625,-2.955,-1.131,0.6847258950292598,1.3549671197235438
"{'ar': '44100', 'sample_fmt': 's16p', 'compression_level': '2', 'reservoir': '1', 'aq': '9'}",103.81640625,-3.341,-1.719,0.7145208510046359,0.3700979715841943
"{'ar': '44100', 'sample_fmt': 's16p', 'compression_level': '5', 'reservoir': '1', 'b:a': '194k', 'abr': 'True'}",266.857421875,-2.615,-0.731,0.7784884549910203,2.1084189403134435
"{'ar': '44100', 'sample_fmt': 's32p', 'compression_level': '8', 'reservoir': '1', 'aq': '9'}",97.1474609375,-3.314,-1.668,0.7073695279832464,0.460264646967641
"{'ar': '32000', 'sample_fmt': 's16p', 'compression_level': '7', 'reservoir': '1', 'b:a': '254k', 'abr': 'True'}",352.0625,-3.172,-1.435,0.668938146030996,0.46069929777719415
"{'ar': '12000', 'sample_fmt': 'fltp', 'compression_level': '7', 'reservoir': '0', 'b:a': '108k', 'abr': 'True'}",90.359375,-3.74,-2.804,0.6266615600034129,-0.8738527560521642
"{'ar': '44100', 'sample_fmt': 's32p', 'compression_level': '7', 'reservoir': '1', 'b:a': '111k'}",156.1484375,-3.068,-1.283,0.6698245930019766,1.0635101266825346
"{'ar': '44100', 'sample_fmt': 's16p', 'compression_level': '7', 'reservoir': '1', 'b:a': '258k', 'abr': 'True'}",355.7314453125,-2.598,-0.712,0.7091780880000442,2.0173313890721265
"{'ar': '44100', 'sample_fmt': 's32p', 'compression_level': '5', 'reservoir': '1', 'b:a': '142k'}",178.4443359375,-2.832,-0.978,0.7921210539934691,1.6649742100337195
"{'ar': '44100', 'sample_fmt': 's16p', 'compression_level': '7', 'reservoir': '1', 'b:a': '268k', 'abr': 'True'}",369.3251953125,-2.595,-0.709,0.6911749360151589,2.004907177031321
"{'ar': '16000', 'sample_fmt': 's16p', 'compression_level': '7', 'reservoir': '1', 'b:a': '32k', 'abr': 'True'}",42.79296875,-3.446,-1.926,0.6214821049943566,0.16440431010094816
"{'ar': '44100', 'sample_fmt': 's32p', 'compression_level': '5', 'reservoir': '1', 'b:a': '142k', 'abr': 'True'}",190.177734375,-2.785,-0.922,0.7861270419962239,1.7738674253886577
"{'ar': '44100', 'sample_fmt': 's16p', 'compression_level': '5', 'reservoir': '1', 'b:a': '253k', 'abr': 'True'}",349.7314453125,-2.582,-0.695,0.7499292779830284,2.06653513686389
"{'ar': '44100', 'sample_fmt': 's32p', 'compression_level': '5', 'reservoir': '1', 'b:a': '140k'}",178.4443359375,-2.832,-0.978,0.7784915480297059,1.6659816061982144
"{'ar': '16000', 'sample_fmt': 's32p', 'compression_level': '2', 'reservoir': '1', 'b:a': '32k', 'abr': 'True'}",43.49609375,-3.316,-1.673,0.6856821449764539,0.5412400441457543
"{'ar': '44100', 'sample_fmt': 'fltp', 'compression_level': '7', 'reservoir': '1', 'b:a': '32k', 'abr': 'True'}",48.16796875,-3.35,-1.734,0.6755533529794775,0.43607309746082573
"{'ar': '44100', 'sample_fmt': 's16p', 'compression_level': '5', 'reservoir': '1', 'b:a': '32k', 'abr': 'True'}",48.21875,-3.352,-1.738,0.7197803229792044,0.4268014151750636
"{'ar': '16000', 'sample_fmt': 'fltp', 'compression_level': '8', 'reservoir': '1', 'aq': '1'}",107.8671875,-3.749,-2.845,0.6255122319853399,-0.9356076379351311
"{'ar': '44100', 'sample_fmt': 's32p', 'compression_level': '7', 'reservoir': '1', 'b:a': '103k'}",133.853515625,-3.284,-1.617,0.6764008280006237,0.4899695946642228
"{'ar': '12000', 'sample_fmt': 'fltp', 'compression_level': '7', 'reservoir': '1', 'b:a': '108k'}",90.359375,-3.742,-2.811,0.6662714389967732,-0.8836485211836466
"{'ar': '44100', 'sample_fmt': 's32p', 'compression_level': '7', 'reservoir': '1', 'b:a': '106k', 'abr': 'True'}",138.0224609375,-3.264,-1.582,0.8690827169921249,0.5267154821010471
"{'ar': '44100', 'sample_fmt': 'fltp', 'compression_level': '5', 'reservoir': '1', 'b:a': '32k', 'abr': 'True'}",48.193359375,-3.348,-1.73,0.7224383009888697,0.438488889878666
"{'ar': '32000', 'sample_fmt': 's32p', 'compression_level': '7', 'reservoir': '1', 'b:a': '107k'}",156.59375,-3.405,-1.841,0.6814913880079985,0.10072238772459773
"{'ar': '44100', 'sample_fmt': 's32p', 'compression_level': '9', 'reservoir': '1', 'b:a': '32k', 'abr': 'True'}",48.16796875,-3.35,-1.734,0.7902788180217613,0.4275934068718373
"{'ar': '44100', 'sample_fmt': 's16p', 'compression_level': '5', 'reservoir': '1', 'b:a': '142k', 'abr': 'True'}",190.2275390625,-2.783,-0.92,0.8463782509788871,1.7746254053675992
"{'ar': '44100', 'sample_fmt': 's16p', 'compression_level': '9', 'reservoir': '1', 'b:a': '261k', 'abr': 'True'}",360.2197265625,-2.596,-0.71,0.8200273190159351,2.007267203092193
"{'ar': '8000', 'sample_fmt': 's16p', 'compression_level': '2', 'reservoir': '1', 'aq': '9'}",35.8671875,-3.85,-3.44,0.7656758759985678,-1.2541011606524786
"{'ar': '44100', 'sample_fmt': 's32p', 'compression_level': '5', 'reservoir': '1', 'b:a': '142k', 'abr': 'True'}",190.177734375,-2.785,-0.922,0.8193781060108449,1.7714097431775224
"{'ar': '44100', 'sample_fmt': 's16p', 'compression_level': '9', 'reservoir': '1', 'aq': '9'}",97.146484375,-3.315,-1.67,0.6700340560055338,0.46006492318429054
"{'ar': '16000', 'sample_fmt': 's32p', 'compression_level': '1', 'reservoir': '1', 'b:a': '32k'}",44.97265625,-3.267,-1.587,0.8430768050020561,0.6685468286997236
"{'ar': '44100', 'sample_fmt': 's16p', 'compression_level': '5', 'reservoir': '1', 'b:a': '203k', 'abr': 'True'}",277.474609375,-2.607,-0.722,0.7551561110012699,2.1146806593203658
"{'ar': '44100', 'sample_fmt': 's32p', 'compression_level': '7', 'reservoir': '1', 'b:a': '107k'}",156.1484375,-3.068,-1.283,0.70412351199775,1.0609749944822533
"{'ar': '32000', 'sample_fmt': 's16p', 'compression_level': '7', 'reservoir': '1', 'b:a': '194k', 'abr': 'True'}",269.796875,-3.179,-1.445,0.7262242550204974,0.5682693132182963
"{'ar': '16000', 'sample_fmt': 's32p', 'compression_level': '5', 'reservoir': '1', 'b:a': '270k', 'abr': 'True'}",210.69921875,-3.762,-2.907,0.7911200880189426,-1.1617812390243547
"{'ar': '32000', 'sample_fmt': 's16p', 'compression_level': '7', 'reservoir': '0', 'b:a': '168k'}",223.671875,-3.205,-1.486,0.7464810230303556,0.5668599284695809
"{'ar': '44100', 'sample_fmt': 's16p', 'compression_level': '2', 'reservoir': '1', 'aq': '8'}",109.3564453125,-3.358,-1.75,0.8579891610133927,0.30126561613047187
"{'ar': '16000', 'sample_fmt': 'fltp', 'compression_level': '7', 'reservoir': '1', 'b:a': '32k', 'abr': 'True'}",42.828125,-3.448,-1.93,0.689642643003026,0.15338856091366518
"{'ar': '16000', 'sample_fmt': 's16p', 'compression_level': '7', 'reservoir': '0', 'b:a': '32k', 'abr': 'True'}",47.46875,-3.446,-1.926,0.7017083030077629,0.15101358136190343
"{'ar': '48000', 'sample_fmt': 'fltp', 'compression_level': '8', 'reservoir': '1', 'b:a': '113k', 'abr': 'True'}",147.21875,-3.695,-2.622,0.8295872220187448,-0.8173194373100447
"{'ar': '44100', 'sample_fmt': 'fltp', 'compression_level': '7', 'reservoir': '1', 'b:a': '126k'}",178.4443359375,-2.916,-1.081,0.8450200950028375,1.4328572946819833
"{'ar': '44100', 'sample_fmt': 's16p', 'compression_level': '5', 'reservoir': '1', 'b:a': '258k', 'abr': 'True'}",354.3134765625,-2.581,-0.694,1.2243856609857175,2.0268007059350555
"{'ar': '44100', 'sample_fmt': 's32p', 'compression_level': '5', 'reservoir': '1', 'b:a': '105k', 'abr': 'True'}",139.5458984375,-3.13,-1.371,0.8183690729783848,0.9068063731151077
"{'ar': '44100', 'sample_fmt': 's16p', 'compression_level': '2', 'reservoir': '1', 'aq': '6'}",137.603515625,-3.069,-1.283,0.8328217490052339,1.0787240735914982
"{'ar': '44100', 'sample_fmt': 's16p', 'compression_level': '9', 'reservoir': '1', 'b:a': '250k', 'abr': 'True'}",344.75390625,-2.604,-0.719,0.8781257549999282,2.006172613551825
"{'ar': '44100', 'sample_fmt': 'fltp', 'compression_level': '7', 'reservoir': '1', 'b:a': '113k', 'abr': 'True'}",147.62109375,-3.164,-1.423,0.698218151985202,0.8071800477683635
"{'ar': '44100', 'sample_fmt': 'fltp', 'compression_level': '9', 'reservoir': '1', 'b:a': '125k', 'abr': 'True'}",165.30859375,-2.981,-1.164,0.7123438580310903,1.2859950102700592
"{'ar': '12000', 'sample_fmt': 's16p', 'compression_level': '7', 'reservoir': '1', 'b:a': '32k', 'abr': 'True'}",42.78125,-3.777,-2.979,0.6925747919885907,-0.9442187847661425
"{'ar': '44100', 'sample_fmt': 's16p', 'compression_level': '5', 'reservoir': '1', 'b:a': '159k', 'abr': 'True'}",216.6748046875,-2.692,-0.816,0.9080396890058182,1.9726988822730471
"{'ar': '44100', 'sample_fmt': 's32p', 'compression_level': '9', 'reservoir': '1', 'b:a': '194k', 'abr': 'True'}",265.4287109375,-2.623,-0.74,0.7365572980197612,2.092319308377301
"{'ar': '44100', 'sample_fmt': 's16p', 'compression_level': '2', 'reservoir': '1', 'b:a': '32k', 'abr': 'True'}",47.8125,-3.293,-1.632,0.8213398859952576,0.5908480168780074
"{'ar': '44100', 'sample_fmt': 'fltp', 'compression_level': '9', 'reservoir': '1', 'b:a': '192k', 'abr': 'True'}",262.2744140625,-2.63,-0.747,0.716788119985722,2.0802959316083918
"{'ar': '44100', 'sample_fmt': 's16p', 'compression_level': '5', 'reservoir': '1', 'b:a': '257k', 'abr': 'True'}",353.59375,-2.581,-0.695,0.9592739210056607,2.0472288643988827
"{'ar': '16000', 'sample_fmt': 'fltp', 'compression_level': '9', 'reservoir': '1', 'b:a': '129k', 'abr': 'True'}",179.41015625,-3.769,-2.941,0.6700409310287796,-1.1299402298239174
"{'ar': '44100', 'sample_fmt': 's16p', 'compression_level': '7', 'reservoir': '1', 'b:a': '268k'}",356.8115234375,-2.595,-0.709,0.7271542949602008,2.0222154619780923
"{'ar': '44100', 'sample_fmt': 'fltp', 'compression_level': '9', 'reservoir': '1', 'b:a': '193k', 'abr': 'True'}",263.8056640625,-2.63,-0.747,0.8135816269787028,2.0706982824182956
"{'ar': '44100', 'sample_fmt': 'fltp', 'compression_level': '9', 'reservoir': '1', 'b:a': '258k', 'abr': 'True'}",356.03515625,-2.598,-0.713,0.8348972290114034,2.0072390449268385
"{'ar': '44100', 'sample_fmt': 's16p', 'compression_level': '4', 'reservoir': '1', 'b:a': '138k', 'abr': 'True'}",182.7861328125,-2.808,-0.95,1.1310015569615643,1.6977498648805283
"{'ar': '16000', 'sample_fmt': 'fltp', 'compression_level': '8', 'reservoir': '1', 'aq': '9'}",61.7421875,-3.805,-3.135,0.6741519780189265,-1.0875621694003026
"{'ar': '44100', 'sample_fmt': 's16p', 'compression_level': '5', 'reservoir': '1', 'aq': '9'}",105.1748046875,-3.341,-1.719,0.7674411880143452,0.36401892826763926
"{'ar': '44100', 'sample_fmt': 's32p', 'compression_level': '7', 'reservoir': '1', 'b:a': '32k', 'abr': 'True'}",48.16796875,-3.35,-1.734,0.7210186820302624,0.4327126236311044
"{'ar': '44100', 'sample_fmt': 's32p', 'compression_level': '5', 'reservoir': '1', 'b:a': '87k', 'abr': 'True'}",116.7724609375,-3.384,-1.8,0.9107370109995827,0.20918209228920925
"{'ar': '44100', 'sample_fmt': 's16p', 'compression_level': '2', 'reservoir': '1', 'b:a': '32k', 'abr': 'True'}",47.8125,-3.293,-1.632,0.8252516299835406,0.5905588885779237
"{'ar': '44100', 'sample_fmt': 's16p', 'compression_level': '0', 'reservoir': '1', 'b:a': '250k', 'abr': 'True'}",338.14453125,-2.588,-0.702,1.33855204100837,2.0253293205805534
"{'ar': '16000', 'sample_fmt': 'fltp', 'compression_level': '8', 'reservoir': '1', 'aq': '1'}",107.8671875,-3.749,-2.845,0.6160141099826433,-0.9349056042956977
"{'ar': '44100', 'sample_fmt': 's16p', 'compression_level': '5', 'reservoir': '1', 'b:a': '189k', 'abr': 'True'}",260.546875,-2.631,-0.748,0.7694617490051314,2.076513848195781
"{'ar': '16000', 'sample_fmt': 's32p', 'compression_level': '7', 'reservoir': '1', 'b:a': '267k'}",224.375,-3.762,-2.907,0.625307945010718,-1.171347544584407
"{'ar': '16000', 'sample_fmt': 's16p', 'compression_level': '7', 'reservoir': '1', 'b:a': '32k', 'abr': 'True'}",42.79296875,-3.446,-1.926,0.6376394279941451,0.1632100756758878
"{'ar': '32000', 'sample_fmt': 'fltp', 'compression_level': '7', 'reservoir': '1', 'b:a': '32k', 'abr': 'True'}",46.73046875,-3.442,-1.918,0.6412100690067746,0.16850664850695826
"{'ar': '16000', 'sample_fmt': 's32p', 'compression_level': '0', 'reservoir': '1', 'b:a': '32k'}",44.97265625,-3.267,-1.587,0.926971524982946,0.6623459275551906
"{'ar': '44100', 'sample_fmt': 's16p', 'compression_level': '5', 'reservoir': '1', 'b:a': '105k', 'abr': 'True'}",139.5458984375,-3.123,-1.361,0.9902028059877921,0.9135697943866881
"{'ar': '16000', 'sample_fmt': 's16p', 'compression_level': '5', 'reservoir': '1', 'b:a': '127k', 'abr': 'True'}",166.12109375,-3.767,-2.93,1.1807336550264154,-1.1383521996980905
"{'ar': '44100', 'sample_fmt': 's16p', 'compression_level': '2', 'reservoir': '1', 'aq': '5'}",164.283203125,-2.881,-1.037,0.8939429040183313,1.547265681220496
"{'ar': '44100', 'sample_fmt': 's16p', 'compression_level': '9', 'reservoir': '1', 'b:a': '258k', 'abr': 'True'}",355.7314453125,-2.598,-0.712,1.1313478969968855,1.9861275987454874
"{'ar': '44100', 'sample_fmt': 's32p', 'compression_level': '9', 'reservoir': '1', 'b:a': '142k', 'abr': 'True'}",189.2998046875,-2.81,-0.951,1.382210006006062,1.663813352856146
"{'ar': '32000', 'sample_fmt': 'fltp', 'compression_level': '7', 'reservoir': '1', 'b:a': '32k'}",44.8671875,-3.434,-1.9,1.8083143109979574,0.10953352794749004
"{'ar': '32000', 'sample_fmt': 's16p', 'compression_level': '7', 'reservoir': '1', 'b:a': '252k', 'abr': 'True'}",349.25,-3.17,-1.431,2.887863560958067,0.30710162540076424
"{'ar': '44100', 'sample_fmt': 's32p', 'compression_level': '5', 'reservoir': '1', 'b:a': '103k', 'abr': 'True'}",137.1591796875,-3.16,-1.416,1.4783975799800828,0.7777363983334986
"{'ar': '44100', 'sample_fmt': 's16p', 'compression_level': '5', 'reservoir': '1', 'b:a': '198k', 'abr': 'True'}",271.4375,-2.616,-0.732,1.4157989959931,2.051359812085673
"{'ar': '44100', 'sample_fmt': 's16p', 'compression_level': '1', 'reservoir': '1', 'b:a': '32k'}",44.771484375,-3.133,-1.376,2.1462769270001445,0.9513179396471612
"{'ar': '32000', 'sample_fmt': 'fltp', 'compression_level': '7', 'reservoir': '1', 'b:a': '32k'}",44.8671875,-3.434,-1.9,0.8929700350272469,0.17718926802030238
"{'ar': '16000', 'sample_fmt': 's16p', 'compression_level': '8', 'reservoir': '1', 'aq': '9'}",61.7421875,-3.805,-3.137,0.8382408669858705,-1.100321370090387
"{'ar': '8000', 'sample_fmt': 's32p', 'compression_level': '5', 'reservoir': '1', 'aq': '9'}",36.359375,-3.85,-3.441,0.7253769200178795,-1.2522233729654977
"{'ar': '44100', 'sample_fmt': 's32p', 'compression_level': '0', 'reservoir': '1', 'b:a': '32k'}",44.771484375,-3.12,-1.357,1.0964845300186425,1.0651940304384875
"{'ar': '44100', 'sample_fmt': 'fltp', 'compression_level': '9', 'reservoir': '1', 'b:a': '143k', 'abr': 'True'}",190.841796875,-2.805,-0.945,1.0133383409993257,1.7021596606483438
"{'ar': '44100', 'sample_fmt': 's16p', 'compression_level': '5', 'reservoir': '1', 'b:a': '258k', 'abr': 'True'}",354.3134765625,-2.581,-0.694,1.082278916001087,2.037304226035269
"{'ar': '32000', 'sample_fmt': 's16p', 'compression_level': '7', 'reservoir': '1', 'b:a': '254k', 'abr': 'True'}",352.0625,-3.172,-1.435,0.8925443470070604,0.4441719174143658
"{'ar': '44100', 'sample_fmt': 's16p', 'compression_level': '9', 'reservoir': '1', 'b:a': '140k', 'abr': 'True'}",186.3251953125,-2.828,-0.973,0.7120854929962661,1.6692117045985984
"{'ar': '44100', 'sample_fmt': 's16p', 'compression_level': '7', 'reservoir': '1', 'b:a': '253k', 'abr': 'True'}",349.2236328125,-2.601,-0.716,0.8184335650294088,2.0113886400333714
"{'ar': '44100', 'sample_fmt': 's16p', 'compression_level': '5', 'reservoir': '1', 'b:a': '251k'}",356.8115234375,-2.595,-0.709,0.9091623369895387,2.0087627217294686
"{'ar': '16000', 'sample_fmt': 's16p', 'compression_level': '1', 'reservoir': '1', 'b:a': '32k', 'abr': 'True'}",43.84765625,-3.271,-1.594,1.120348210009979,0.6383200605315634
"{'ar': '44100', 'sample_fmt': 's32p', 'compression_level': '7', 'reservoir': '1', 'b:a': '113k', 'abr': 'True'}",147.62109375,-3.164,-1.423,0.9174161519913469,0.7909784902755075
"{'ar': '44100', 'sample_fmt': 's16p', 'compression_level': '5', 'reservoir': '1', 'b:a': '103k'}",133.853515625,-3.218,-1.506,0.8639571249950677,0.6648985474508927
"{'ar': '44100', 'sample_fmt': 's16p', 'compression_level': '7', 'reservoir': '1', 'b:a': '32k', 'abr': 'True'}",48.193359375,-3.355,-1.744,0.7020004219957627,0.4192735299864672
"{'ar': '44100', 'sample_fmt': 'fltp', 'compression_level': '5', 'reservoir': '1', 'b:a': '127k', 'abr': 'True'}",170.6982421875,-2.86,-1.011,0.7998359920457006,1.6011157573941597
"{'ar': '32000', 'sample_fmt': 'fltp', 'compression_level': '7', 'reservoir': '1', 'b:a': '104k', 'abr': 'True'}",139.0859375,-3.512,-2.075,0.6873135170026217,-0.1948919620415638
"{'ar': '44100', 'sample_fmt': 's32p', 'compression_level': '5', 'reservoir': '1', 'b:a': '136k', 'abr': 'True'}",182.580078125,-2.825,-0.969,0.7804034519940615,1.678389724954872
"{'ar': '44100', 'sample_fmt': 's32p', 'compression_level': '9', 'reservoir': '1', 'b:a': '267k', 'abr': 'True'}",367.890625,-2.601,-0.716,0.7583459170127753,1.9860436329458422
"{'ar': '44100', 'sample_fmt': 's16p', 'compression_level': '8', 'reservoir': '1', 'aq': '9'}",97.146484375,-3.315,-1.67,0.7580221669923048,0.4535614676837842
"{'ar': '16000', 'sample_fmt': 's32p', 'compression_level': '9', 'reservoir': '1', 'b:a': '86k', 'abr': 'True'}",119.71484375,-3.714,-2.693,0.6270067819859833,-0.8251254878231492
"{'ar': '32000', 'sample_fmt': 'fltp', 'compression_level': '7', 'reservoir': '0', 'b:a': '168k'}",223.671875,-3.202,-1.481,0.7085835949983448,0.5782281424233402
"{'ar': '44100', 'sample_fmt': 's16p', 'compression_level': '5', 'reservoir': '1', 'b:a': '32k', 'abr': 'True'}",48.21875,-3.352,-1.738,0.753222494997317,0.4243296076192362
"{'ar': '44100', 'sample_fmt': 's16p', 'compression_level': '5', 'reservoir': '1', 'b:a': '105k', 'abr': 'True'}",139.5458984375,-3.123,-1.361,0.8033581750059966,0.9273800208987829
"{'ar': '12000', 'sample_fmt': 'fltp', 'compression_level': '7', 'reservoir': '1', 'b:a': '32k', 'abr': 'True'}",42.78125,-3.777,-2.982,0.7648335619887803,-0.9505060144538796
"{'ar': '16000', 'sample_fmt': 's16p', 'compression_level': '7', 'reservoir': '1', 'b:a': '32k', 'abr': 'True'}",42.79296875,-3.446,-1.926,0.7955138810211793,0.1515411187177998
"{'ar': '32000', 'sample_fmt': 'fltp', 'compression_level': '7', 'reservoir': '0', 'b:a': '168k'}",223.671875,-3.202,-1.481,0.6578146840038244,0.581980619317766
"{'ar': '44100', 'sample_fmt': 's16p', 'compression_level': '2', 'reservoir': '1', 'aq': '6'}",137.603515625,-3.069,-1.283,0.716389267006889,1.0873299347356657
"{'ar': '44100', 'sample_fmt': 's32p', 'compression_level': '5', 'reservoir': '1', 'b:a': '102k', 'abr': 'True'}",135.8388671875,-3.193,-1.468,0.7595118550234474,0.7396863093491255
"{'ar': '16000', 'sample_fmt': 's32p', 'compression_level': '0', 'reservoir': '1', 'b:a': '32k'}",44.97265625,-3.267,-1.587,0.8549194590304978,0.6676715039243861
"{'ar': '16000', 'sample_fmt': 's16p', 'compression_level': '7', 'reservoir': '1', 'b:a': '32k', 'abr': 'True'}",42.79296875,-3.446,-1.926,0.605562237004051,0.16558099354019662
"{'ar': '8000', 'sample_fmt': 'fltp', 'compression_level': '9', 'reservoir': '1', 'b:a': '254k', 'abr': 'True'}",90.21875,-3.858,-3.51,0.5976083069981541,-1.369127256962867
"{'ar': '16000', 'sample_fmt': 'fltp', 'compression_level': '8', 'reservoir': '1', 'b:a': '86k', 'abr': 'True'}",119.71484375,-3.714,-2.693,0.6124689429998398,-0.8240509541405916
"{'ar': '44100', 'sample_fmt': 's32p', 'compression_level': '9', 'reservoir': '1', 'b:a': '158k', 'abr': 'True'}",212.5205078125,-2.731,-0.86,0.6850129239901435,1.8910645537196942
"{'ar': '32000', 'sample_fmt': 'fltp', 'compression_level': '7', 'reservoir': '0', 'b:a': '168k', 'abr': 'True'}",263.046875,-3.19,-1.463,0.6408248549851123,0.5540445981518045
"{'ar': '44100', 'sample_fmt': 's32p', 'compression_level': '4', 'reservoir': '1', 'b:a': '32k'}",44.771484375,-3.317,-1.675,0.7841957400087267,0.5289626693740661
"{'ar': '44100', 'sample_fmt': 's16p', 'compression_level': '7', 'reservoir': '1', 'b:a': '147k', 'abr': 'True'}",196.98046875,-2.784,-0.92,0.7097179410047829,1.771621014984712
"{'ar': '16000', 'sample_fmt': 's16p', 'compression_level': '7', 'reservoir': '1', 'b:a': '32k', 'abr': 'True'}",42.79296875,-3.446,-1.926,0.6562588439846877,0.1618338608443395
"{'ar': '16000', 'sample_fmt': 's16p', 'compression_level': '1', 'reservoir': '1', 'b:a': '32k', 'abr': 'True'}",43.84765625,-3.271,-1.594,0.8850537260004785,0.6557113556634758
"{'ar': '44100', 'sample_fmt': 'fltp', 'compression_level': '9', 'reservoir': '1', 'b:a': '193k', 'abr': 'True'}",263.8056640625,-2.63,-0.747,0.6919886280084029,2.0796855722817567
"{'ar': '44100', 'sample_fmt': 's16p', 'compression_level': '1', 'reservoir': '1', 'b:a': '253k', 'abr': 'True'}",343.9384765625,-2.587,-0.701,1.062386401987169,2.0391417236389473
"{'ar': '44100', 'sample_fmt': 's16p', 'compression_level': '5', 'reservoir': '1', 'b:a': '258k', 'abr': 'True'}",354.3134765625,-2.581,-0.694,0.7704276970180217,2.0603540506387312
"{'ar': '8000', 'sample_fmt': 's16p', 'compression_level': '2', 'reservoir': '1', 'aq': '9'}",35.8671875,-3.85,-3.44,0.6318317700061016,-1.2442083560728014
"{'ar': '16000', 'sample_fmt': 's32p', 'compression_level': '2', 'reservoir': '1', 'b:a': '32k'}",44.97265625,-3.296,-1.637,0.7267668689892162,0.5938025144162359
"{'ar': '44100', 'sample_fmt': 's32p', 'compression_level': '5', 'reservoir': '1', 'aq': '1'}",306.7607421875,-2.609,-0.724,0.764604929019697,2.061960631774644
"{'ar': '44100', 'sample_fmt': 's32p', 'compression_level': '5', 'reservoir': '1', 'b:a': '103k', 'abr': 'True'}",137.1591796875,-3.16,-1.416,0.7611468709656037,0.8307504705356354
"{'ar': '44100', 'sample_fmt': 's32p', 'compression_level': '0', 'reservoir': '1', 'b:a': '32k'}",44.771484375,-3.12,-1.357,1.1466003129899036,1.0614898281232947
"{'ar': '44100', 'sample_fmt': 'fltp', 'compression_level': '7', 'reservoir': '1', 'b:a': '168k'}",223.037109375,-2.691,-0.815,0.7092342499818187,1.9798864584996632
"{'ar': '44100', 'sample_fmt': 's16p', 'compression_level': '5', 'reservoir': '1', 'b:a': '258k', 'abr': 'True'}",354.3134765625,-2.581,-0.694,0.8087957210082095,2.0575181591317517
"{'ar': '44100', 'sample_fmt': 'fltp', 'compression_level': '9', 'reservoir': '1', 'b:a': '198k', 'abr': 'True'}",271.0263671875,-2.616,-0.732,0.8160474730248097,2.0963452100433426
"{'ar': '44100', 'sample_fmt': 's32p', 'compression_level': '9', 'reservoir': '1', 'b:a': '142k'}",178.4443359375,-2.916,-1.081,0.7109659949783236,1.4427656205272892
"{'ar': '12000', 'sample_fmt': 'fltp', 'compression_level': '7', 'reservoir': '0', 'b:a': '192k', 'abr': 'True'}",90.640625,-3.74,-2.804,0.6333479959866963,-0.8747957505251244
"{'ar': '44100', 'sample_fmt': 'fltp', 'compression_level': '9', 'reservoir': '1', 'b:a': '257k', 'abr': 'True'}",354.716796875,-2.599,-0.713,0.7437981080147438,2.013746165722775
"{'ar': '44100', 'sample_fmt': 'fltp', 'compression_level': '5', 'reservoir': '0', 'b:a': '103k'}",133.853515625,-3.241,-1.544,0.7890212269849144,0.6048612864038942
"{'ar': '44100', 'sample_fmt': 'fltp', 'compression_level': '7', 'reservoir': '1', 'b:a': '127k'}",178.4443359375,-2.916,-1.081,0.7048588389880024,1.4432170180714832
"{'ar': '16000', 'sample_fmt': 's32p', 'compression_level': '2', 'reservoir': '1', 'b:a': '111k'}",157.0859375,-3.743,-2.817,0.7838656120293308,-1.003036148707195
"{'ar': '16000', 'sample_fmt': 'fltp', 'compression_level': '8', 'reservoir': '0', 'aq': '9'}",66.69921875,-3.805,-3.135,0.6404182660044171,-1.0929785726041477
"{'ar': '44100', 'sample_fmt': 's32p', 'compression_level': '5', 'reservoir': '1', 'b:a': '32k', 'abr': 'True'}",48.193359375,-3.348,-1.73,0.7577163139649201,0.43588139001347936
"{'ar': '44100', 'sample_fmt': 's16p', 'compression_level': '5', 'reservoir': '1', 'b:a': '142k', 'abr': 'True'}",190.2275390625,-2.783,-0.92,0.8102258399885613,1.7772975345163537
"{'ar': '44100', 'sample_fmt': 's16p', 'compression_level': '0', 'reservoir': '1', 'b:a': '32k', 'abr': 'True'}",48.26953125,-3.138,-1.383,1.1841170139960013,1.002994351075768
"{'ar': '44100', 'sample_fmt': 's16p', 'compression_level': '9', 'reservoir': '1', 'b:a': '143k', 'abr': 'True'}",190.8896484375,-2.799,-0.939,0.772102538991021,1.7357861181885348
"{'ar': '44100', 'sample_fmt': 's32p', 'compression_level': '5', 'reservoir': '1', 'b:a': '103k', 'abr': 'True'}",137.1591796875,-3.16,-1.416,0.8509675329842139,0.8241115658937131
"{'ar': '44100', 'sample_fmt': 's16p', 'compression_level': '0', 'reservoir': '1', 'b:a': '187k', 'abr': 'True'}",253.9375,-2.645,-0.763,1.110711048997473,2.024486466404007
"{'ar': '44100', 'sample_fmt': 's16p', 'compression_level': '9', 'reservoir': '1', 'b:a': '256k', 'abr': 'True'}",353.2900390625,-2.599,-0.713,0.7722363859938923,2.0139208373774045
"{'ar': '44100', 'sample_fmt': 's16p', 'compression_level': '5', 'reservoir': '1', 'aq': '9'}",105.1748046875,-3.341,-1.719,0.684635582001647,0.37013932985208753
"{'ar': '12000', 'sample_fmt': 's16p', 'compression_level': '7', 'reservoir': '1', 'b:a': '32k', 'abr': 'True'}",42.78125,-3.777,-2.979,0.6270719760213979,-0.9393772823856159
"{'ar': '32000', 'sample_fmt': 'fltp', 'compression_level': '7', 'reservoir': '1', 'b:a': '168k'}",223.671875,-3.202,-1.481,0.6744604189880192,0.5807502849518059
"{'ar': '16000', 'sample_fmt': 's16p', 'compression_level': '5', 'reservoir': '1', 'b:a': '32k', 'abr': 'True'}",43.35546875,-3.405,-1.842,0.9034328950219788,0.2646929088810617
"{'ar': '16000', 'sample_fmt': 's32p', 'compression_level': '8', 'reservoir': '1', 'b:a': '86k', 'abr': 'True'}",119.71484375,-3.714,-2.693,1.073779422993539,-0.8581477445468241
"{'ar': '44100', 'sample_fmt': 's16p', 'compression_level': '4', 'reservoir': '1', 'b:a': '138k', 'abr': 'True'}",182.7861328125,-2.808,-0.95,1.0146755110181402,1.706347859028359
"{'ar': '32000', 'sample_fmt': 'fltp', 'compression_level': '7', 'reservoir': '1', 'b:a': '168k'}",223.671875,-3.202,-1.481,1.0470260549918748,0.5532128823687089
"{'ar': '44100', 'sample_fmt': 'fltp', 'compression_level': '9', 'reservoir': '1', 'b:a': '32k'}",44.771484375,-3.286,-1.619,1.094834065035684,0.5958962370918618
"{'ar': '44100', 'sample_fmt': 's16p', 'compression_level': '7', 'reservoir': '1', 'b:a': '250k', 'abr': 'True'}",344.75390625,-2.604,-0.719,1.6353372830199078,1.9502049217611837
"{'ar': '44100', 'sample_fmt': 's16p', 'compression_level': '5', 'reservoir': '1', 'b:a': '142k', 'abr': 'True'}",190.2275390625,-2.783,-0.92,1.4664127050200477,1.7287968674502012
"{'ar': '44100', 'sample_fmt': 'fltp', 'compression_level': '8', 'reservoir': '0', 'aq': '7'}",119.849609375,-3.327,-1.692,0.9460112410015427,0.36854074001073844
"{'ar': '44100', 'sample_fmt': 'fltp', 'compression_level': '8', 'reservoir': '1', 'aq': '4'}",167.9072265625,-2.853,-1.003,1.0368828990031034,1.6068816925982818
"{'ar': '44100', 'sample_fmt': 's16p', 'compression_level': '9', 'reservoir': '1', 'b:a': '32k', 'abr': 'True'}",48.193359375,-3.355,-1.744,0.9743293539795559,0.39914491180391176
"{'ar': '44100', 'sample_fmt': 's32p', 'compression_level': '5', 'reservoir': '1', 'b:a': '102k', 'abr': 'True'}",135.8388671875,-3.193,-1.468,1.2049028350156732,0.7067661751830235
"{'ar': '44100', 'sample_fmt': 'fltp', 'compression_level': '9', 'reservoir': '1', 'b:a': '194k'}",267.6279296875,-2.63,-0.747,0.9698415639868472,2.0530496050261786
"{'ar': '44100', 'sample_fmt': 's16p', 'compression_level': '0', 'reservoir': '1', 'b:a': '250k', 'abr': 'True'}",338.14453125,-2.588,-0.702,1.1905018370016478,2.0362721389090814
"{'ar': '16000', 'sample_fmt': 's16p', 'compression_level': '2', 'reservoir': '1', 'b:a': '32k', 'abr': 'True'}",43.390625,-3.31,-1.661,0.825919357012026,0.5488081273030481
"{'ar': '44100', 'sample_fmt': 's16p', 'compression_level': '2', 'reservoir': '1', 'aq': '3'}",239.55859375,-2.651,-0.77,0.8215436850150581,2.052615737658815
"{'ar': '44100', 'sample_fmt': 'fltp', 'compression_level': '5', 'reservoir': '1', 'aq': '2'}",265.87890625,-2.64,-0.758,0.7201495469780639,2.047526497351588
"{'ar': '32000', 'sample_fmt': 's16p', 'compression_level': '7', 'reservoir': '1', 'b:a': '254k', 'abr': 'True'}",352.0625,-3.172,-1.435,0.6993352910212707,0.4584525569667634
"{'ar': '32000', 'sample_fmt': 's16p', 'compression_level': '7', 'reservoir': '1', 'b:a': '254k', 'abr': 'True'}",352.0625,-3.172,-1.435,0.6586561009753495,0.46145927343440146
"{'ar': '44100', 'sample_fmt': 's16p', 'compression_level': '5', 'reservoir': '1', 'b:a': '103k'}",133.853515625,-3.218,-1.506,0.7636355590075254,0.672313604244636
"{'ar': '44100', 'sample_fmt': 's32p', 'compression_level': '7', 'reservoir': '1', 'b:a': '195k', 'abr': 'True'}",266.8515625,-2.621,-0.737,0.6924693830078468,2.098913830575638
"{'ar': '44100', 'sample_fmt': 's16p', 'compression_level': '2', 'reservoir': '1', 'b:a': '103k'}",133.853515625,-3.298,-1.641,0.8349934860016219,0.4380574215785661
"{'ar': '16000', 'sample_fmt': 's16p', 'compression_level': '0', 'reservoir': '1', 'b:a': '32k', 'abr': 'True'}",43.8125,-3.269,-1.591,0.8569520240125712,0.6634507821330766
"{'ar': '44100', 'sample_fmt': 's16p', 'compression_level': '5', 'reservoir': '1', 'aq': '9'}",105.1748046875,-3.341,-1.719,0.676006426976528,0.3707771356315669
"{'ar': '16000', 'sample_fmt': 's16p', 'compression_level': '7', 'reservoir': '1', 'b:a': '32k', 'abr': 'True'}",42.79296875,-3.446,-1.926,0.6504510320082773,0.16226313300759318
"{'ar': '44100', 'sample_fmt': 's32p', 'compression_level': '4', 'reservoir': '1', 'b:a': '143k', 'abr': 'True'}",188.6884765625,-2.772,-0.907,0.8672918989905156,1.8052657202974258
"{'ar': '44100', 'sample_fmt': 's16p', 'compression_level': '9', 'reservoir': '1', 'b:a': '195k', 'abr': 'True'}",266.853515625,-2.62,-0.736,0.7410579529823735,2.0979647886987047
"{'ar': '44100', 'sample_fmt': 's16p', 'compression_level': '9', 'reservoir': '1', 'b:a': '250k', 'abr': 'True'}",344.75390625,-2.604,-0.719,0.7945624919957481,2.0123490157535557
"{'ar': '44100', 'sample_fmt': 's16p', 'compression_level': '5', 'reservoir': '1', 'b:a': '142k', 'abr': 'True'}",190.2275390625,-2.783,-0.92,0.9209316780325025,1.7691149461724207
"{'ar': '44100', 'sample_fmt': 's32p', 'compression_level': '7', 'reservoir': '1', 'b:a': '267k'}",356.8115234375,-2.604,-0.719,0.8234947489982005,1.9909706360516815
"{'ar': '44100', 'sample_fmt': 's16p', 'compression_level': '8', 'reservoir': '1', 'aq': '2'}",202.7783203125,-2.725,-0.853,0.8247373379999772,1.912470218259047
"{'ar': '44100', 'sample_fmt': 's16p', 'compression_level': '9', 'reservoir': '1', 'b:a': '250k', 'abr': 'True'}",344.75390625,-2.604,-0.719,0.7743551350140478,2.01384259989168
"{'ar': '44100', 'sample_fmt': 's32p', 'compression_level': '7', 'reservoir': '0', 'b:a': '192k', 'abr': 'True'}",275.1044921875,-2.63,-0.747,0.7665892610093579,2.0561424838150786
"{'ar': '16000', 'sample_fmt': 's32p', 'compression_level': '1', 'reservoir': '1', 'b:a': '259k'}",224.375,-3.739,-2.8,0.9304219580080826,-1.1065567828738967
"{'ar': '44100', 'sample_fmt': 's32p', 'compression_level': '7', 'reservoir': '1', 'b:a': '32k'}",44.771484375,-3.286,-1.619,0.851856690045679,0.613855396893746
"{'ar': '44100', 'sample_fmt': 's32p', 'compression_level': '9', 'reservoir': '1', 'b:a': '104k', 'abr': 'True'}",135.4326171875,-3.291,-1.628,0.8548509330139495,0.45448050799239154
"{'ar': '44100', 'sample_fmt': 's16p', 'compression_level': '0', 'reservoir': '1', 'b:a': '187k', 'abr': 'True'}",253.9375,-2.645,-0.763,1.2677437409874983,2.0128797264362017
"{'ar': '44100', 'sample_fmt': 'fltp', 'compression_level': '8', 'reservoir': '1', 'aq': '9'}",97.1474609375,-3.314,-1.668,0.7943664489721414,0.45383445318364884
"{'ar': '16000', 'sample_fmt': 's16p', 'compression_level': '2', 'reservoir': '1', 'b:a': '32k', 'abr': 'True'}",43.390625,-3.31,-1.661,0.719787965004798,0.5566526051238025
"{'ar': '44100', 'sample_fmt': 'fltp', 'compression_level': '7', 'reservoir': '1', 'b:a': '114k', 'abr': 'True'}",149.4501953125,-3.139,-1.384,0.7028009210189339,0.8744740133004296
"{'ar': '44100', 'sample_fmt': 's32p', 'compression_level': '0', 'reservoir': '1', 'b:a': '32k', 'abr': 'True'}",48.244140625,-3.132,-1.375,1.1071964650182053,1.0252235803038217
"{'ar': '16000', 'sample_fmt': 's16p', 'compression_level': '0', 'reservoir': '1', 'b:a': '87k', 'abr': 'True'}",87.828125,-3.817,-3.21,0.9560651359788608,-1.2016422273099834
"{'ar': '44100', 'sample_fmt': 'fltp', 'compression_level': '8', 'reservoir': '1', 'aq': '2'}",202.830078125,-2.724,-0.851,0.6938393949822057,1.9250235299656064
"{'ar': '16000', 'sample_fmt': 'fltp', 'compression_level': '0', 'reservoir': '0', 'aq': '9'}",65.08203125,-3.818,-3.218,0.663590012001805,-1.1485830142224276
"{'ar': '8000', 'sample_fmt': 's32p', 'compression_level': '9', 'reservoir': '1', 'b:a': '102k', 'abr': 'True'}",89.65625,-3.858,-3.51,0.6551277169783134,-1.3724811213994015
"{'ar': '44100', 'sample_fmt': 's16p', 'compression_level': '0', 'reservoir': '1', 'b:a': '32k', 'abr': 'True'}",48.26953125,-3.138,-1.383,1.1223258340032771,1.0075615157176692
"{'ar': '44100', 'sample_fmt': 's32p', 'compression_level': '5', 'reservoir': '1', 'aq': '1'}",306.7607421875,-2.609,-0.724,0.7220618329884019,2.0651051149189055
"{'ar': '44100', 'sample_fmt': 's32p', 'compression_level': '7', 'reservoir': '1', 'b:a': '103k'}",133.853515625,-3.284,-1.617,0.7825871340173762,0.4821210579903655
"{'ar': '44100', 'sample_fmt': 's32p', 'compression_level': '8', 'reservoir': '1', 'b:a': '143k', 'abr': 'True'}",190.841796875,-2.805,-0.945,1.0270604940014891,1.7011454166735627
"{'ar': '44100', 'sample_fmt': 's16p', 'compression_level': '5', 'reservoir': '1', 'aq': '9'}",105.1748046875,-3.341,-1.719,0.7010319510300178,0.36892742684439683
"{'ar': '44100', 'sample_fmt': 's32p', 'compression_level': '5', 'reservoir': '1', 'b:a': '113k', 'abr': 'True'}",150.5673828125,-2.991,-1.178,0.7809303980320692,1.276731813409014
"{'ar': '44100', 'sample_fmt': 'fltp', 'compression_level': '7', 'reservoir': '1', 'b:a': '152k', 'abr': 'True'}",204.1298828125,-2.759,-0.892,0.7161171119951177,1.8268212481516544
"{'ar': '16000', 'sample_fmt': 's32p', 'compression_level': '7', 'reservoir': '1', 'b:a': '32k', 'abr': 'True'}",42.828125,-3.448,-1.93,0.6094254060008097,0.1593176486661676
"{'ar': '44100', 'sample_fmt': 's16p', 'compression_level': '4', 'reservoir': '1', 'b:a': '141k', 'abr': 'True'}",186.21875,-2.794,-0.932,0.7967771470139269,1.7552734319852803
"{'ar': '44100', 'sample_fmt': 's32p', 'compression_level': '7', 'reservoir': '1', 'b:a': '103k'}",133.853515625,-3.284,-1.617,0.6997268909763079,0.48824549795543926
"{'ar': '16000', 'sample_fmt': 's32p', 'compression_level': '8', 'reservoir': '1', 'b:a': '86k', 'abr': 'True'}",119.71484375,-3.714,-2.693,0.6348558900062926,-0.8257056380747716
"{'ar': '44100', 'sample_fmt': 'fltp', 'compression_level': '7', 'reservoir': '1', 'aq': '9'}",97.1474609375,-3.314,-1.668,0.6768124059890397,0.462523212140642
"{'ar': '44100', 'sample_fmt': 's16p', 'compression_level': '9', 'reservoir': '1', 'b:a': '254k', 'abr': 'True'}",350.4443359375,-2.599,-0.714,0.6763970630127005,2.0252299279915276
"{'ar': '44100', 'sample_fmt': 'fltp', 'compression_level': '7', 'reservoir': '1', 'aq': '9'}",97.1474609375,-3.314,-1.668,0.6657665189995896,0.4633396455620881
"{'ar': '16000', 'sample_fmt': 's16p', 'compression_level': '7', 'reservoir': '1', 'b:a': '105k', 'abr': 'True'}",146.36328125,-3.757,-2.882,0.611023796023801,-1.0262750738991449
"{'ar': '8000', 'sample_fmt': 's16p', 'compression_level': '2', 'reservoir': '1', 'b:a': '168k', 'abr': 'True'}",74.8203125,-3.858,-3.512,0.6710854040284175,-1.3506183365858595
"{'ar': '44100', 'sample_fmt': 'fltp', 'compression_level': '8', 'reservoir': '1', 'aq': '1'}",228.9697265625,-2.671,-0.792,0.8666873579786625,2.012636477233145
"{'ar': '44100', 'sample_fmt': 's16p', 'compression_level': '8', 'reservoir': '1', 'aq': '9'}",97.146484375,-3.315,-1.67,0.8933263350045308,0.44356074570177856
"{'ar': '44100', 'sample_fmt': 's32p', 'compression_level': '9', 'reservoir': '1', 'b:a': '143k'}",178.4443359375,-2.916,-1.081,0.7504807550285477,1.4398449704449336
"{'ar': '16000', 'sample_fmt': 's16p', 'compression_level': '1', 'reservoir': '1', 'b:a': '263k', 'abr': 'True'}",149.5625,-3.737,-2.788,0.8322144089615904,-0.9714769441679494
"{'ar': '32000', 'sample_fmt': 'fltp', 'compression_level': '7', 'reservoir': '1', 'b:a': '32k'}",44.8671875,-3.434,-1.9,0.738740503002191,0.1885888183361363
"{'ar': '32000', 'sample_fmt': 's16p', 'compression_level': '7', 'reservoir': '1', 'b:a': '195k', 'abr': 'True'}",271.2734375,-3.18,-1.447,0.7156743279774673,0.5637321356313473
"{'ar': '44100', 'sample_fmt': 'fltp', 'compression_level': '2', 'reservoir': '1', 'b:a': '32k', 'abr': 'True'}",47.76171875,-3.294,-1.634,1.25499417600804,0.5559155505675387
"{'ar': '44100', 'sample_fmt': 's16p', 'compression_level': '9', 'reservoir': '1', 'b:a': '141k', 'abr': 'True'}",187.6083984375,-2.817,-0.96,0.7745312820188701,1.6922788696202504
"{'ar': '16000', 'sample_fmt': 's16p', 'compression_level': '7', 'reservoir': '1', 'b:a': '168k'}",224.375,-3.764,-2.917,0.764301216986496,-1.1894353986573893
"{'ar': '44100', 'sample_fmt': 's32p', 'compression_level': '7', 'reservoir': '1', 'b:a': '262k'}",356.8115234375,-2.604,-0.719,0.8303455040149856,1.9904642769550163
"{'ar': '44100', 'sample_fmt': 's16p', 'compression_level': '8', 'reservoir': '1', 'b:a': '32k', 'abr': 'True'}",48.193359375,-3.355,-1.744,0.7010158479679376,0.41934630269752
"{'ar': '44100', 'sample_fmt': 's32p', 'compression_level': '9', 'reservoir': '1', 'b:a': '143k', 'abr': 'True'}",190.841796875,-2.805,-0.945,0.690340009983629,1.7260334005086557
"{'ar': '44100', 'sample_fmt': 's16p', 'compression_level': '9', 'reservoir': '1', 'b:a': '142k', 'abr': 'True'}",189.2998046875,-2.805,-0.945,0.6649457570165396,1.7303708654735674
"{'ar': '44100', 'sample_fmt': 's16p', 'compression_level': '1', 'reservoir': '1', 'b:a': '187k', 'abr': 'True'}",255.158203125,-2.638,-0.756,1.0216403020021971,2.0476398836067555
"{'ar': '8000', 'sample_fmt': 's16p', 'compression_level': '9', 'reservoir': '1', 'b:a': '128k', 'abr': 'True'}",89.9375,-3.858,-3.51,0.6524236999975983,-1.3727300403626588
"{'ar': '16000', 'sample_fmt': 's16p', 'compression_level': '5', 'reservoir': '1', 'b:a': '32k', 'abr': 'True'}",43.35546875,-3.405,-1.842,0.6665189740015194,0.28220390128137235
"{'ar': '44100', 'sample_fmt': 'fltp', 'compression_level': '8', 'reservoir': '1', 'aq': '1'}",228.9697265625,-2.671,-0.792,0.6688940099847969,2.0272559550529117
"{'ar': '44100', 'sample_fmt': 's16p', 'compression_level': '0', 'reservoir': '1', 'b:a': '185k', 'abr': 'True'}",251.3974609375,-2.642,-0.76,1.0626904510136228,2.040025046713559
"{'ar': '44100', 'sample_fmt': 's16p', 'compression_level': '0', 'reservoir': '1', 'b:a': '253k', 'abr': 'True'}",340.48046875,-2.586,-0.699,1.1376952709979378,2.0420541028784354
"{'ar': '16000', 'sample_fmt': 's16p', 'compression_level': '7', 'reservoir': '1', 'aq': '2'}",96.7578125,-3.77,-2.943,0.6516764449770562,-0.9996582926186955
"{'ar': '44100', 'sample_fmt': 's32p', 'compression_level': '5', 'reservoir': '1', 'b:a': '108k', 'abr': 'True'}",143.8623046875,-3.086,-1.308,0.7879682090133429,1.02455699668936
"{'ar': '44100', 'sample_fmt': 's16p', 'compression_level': '7', 'reservoir': '1', 'b:a': '147k', 'abr': 'True'}",196.98046875,-2.784,-0.92,0.85555732701323,1.7608416046019875
"{'ar': '44100', 'sample_fmt': 'fltp', 'compression_level': '7', 'reservoir': '1', 'b:a': '112k', 'abr': 'True'}",146.25,-3.181,-1.449,0.7286791010119487,0.7593055349360462
"{'ar': '44100', 'sample_fmt': 's32p', 'compression_level': '7', 'reservoir': '1', 'b:a': '107k'}",156.1484375,-3.068,-1.283,0.8537010109866969,1.0499192893688896
"{'ar': '16000', 'sample_fmt': 's32p', 'compression_level': '8', 'reservoir': '1', 'b:a': '91k', 'abr': 'True'}",126.81640625,-3.714,-2.695,0.6905401169788092,-0.8417840489294608
"{'ar': '44100', 'sample_fmt': 's16p', 'compression_level': '0', 'reservoir': '1', 'b:a': '250k', 'abr': 'True'}",338.14453125,-2.588,-0.702,1.232328833983047,2.0331805847145694
"{'ar': '12000', 'sample_fmt': 'fltp', 'compression_level': '7', 'reservoir': '0', 'b:a': '127k'}",90.453125,-3.74,-2.803,0.6946016850124579,-0.8787085421344616
"{'ar': '44100', 'sample_fmt': 'fltp', 'compression_level': '7', 'reservoir': '1', 'b:a': '153k', 'abr': 'True'}",205.6640625,-2.752,-0.884,0.7660607489815447,1.839514965542816
"{'ar': '44100', 'sample_fmt': 's16p', 'compression_level': '7', 'reservoir': '1', 'aq': '9'}",97.146484375,-3.315,-1.67,0.8074988979788031,0.4499044995471504
"{'ar': '16000', 'sample_fmt': 's32p', 'compression_level': '8', 'reservoir': '1', 'aq': '9'}",61.7421875,-3.805,-3.135,0.6147072129824664,-1.0831684350671402
"{'ar': '44100', 'sample_fmt': 's16p', 'compression_level': '5', 'reservoir': '1', 'b:a': '152k', 'abr': 'True'}",207.3525390625,-2.681,-0.803,0.7757834839867428,2.027079805340928
"{'ar': '44100', 'sample_fmt': 's32p', 'compression_level': '5', 'reservoir': '1', 'b:a': '102k', 'abr': 'True'}",135.8388671875,-3.193,-1.468,0.7408313199994154,0.7410670416650257
"{'ar': '44100', 'sample_fmt': 's32p', 'compression_level': '5', 'reservoir': '1', 'b:a': '32k'}",44.771484375,-3.292,-1.63,0.7221553699928336,0.6059923266793859
"{'ar': '44100', 'sample_fmt': 's16p', 'compression_level': '8', 'reservoir': '1', 'aq': '2'}",202.7783203125,-2.725,-0.853,0.7766124470217619,1.9160272679948982
"{'ar': '44100', 'sample_fmt': 's16p', 'compression_level': '8', 'reservoir': '1', 'aq': '5'}",141.7314453125,-3.0,-1.189,0.6884534650307614,1.273226760427726
"{'ar': '16000', 'sample_fmt': 's16p', 'compression_level': '7', 'reservoir': '1', 'b:a': '32k', 'abr': 'True'}",42.79296875,-3.446,-1.926,0.6757603739970364,0.16039244641681344
"{'ar': '44100', 'sample_fmt': 's16p', 'compression_level': '2', 'reservoir': '1', 'b:a': '265k', 'abr': 'True'}",348.615234375,-2.584,-0.697,0.9285509009787347,2.04982300242618
"{'ar': '32000', 'sample_fmt': 'fltp', 'compression_level': '5', 'reservoir': '1', 'b:a': '152k'}",223.671875,-3.192,-1.466,0.7478605269861873,0.6033563253985909
"{'ar': '44100', 'sample_fmt': 'fltp', 'compression_level': '2', 'reservoir': '1', 'b:a': '32k', 'abr': 'True'}",47.76171875,-3.294,-1.634,0.8124603680043947,0.5886245028969511
"{'ar': '32000', 'sample_fmt': 'fltp', 'compression_level': '9', 'reservoir': '1', 'b:a': '256k', 'abr': 'True'}",354.453125,-3.174,-1.437,0.717041600990342,0.4480384042462067
"{'ar': '44100', 'sample_fmt': 's16p', 'compression_level': '8', 'reservoir': '1', 'b:a': '142k', 'abr': 'True'}",189.2998046875,-2.805,-0.945,0.6898164429876488,1.7285326012164284
"{'ar': '12000', 'sample_fmt': 's16p', 'compression_level': '7', 'reservoir': '1', 'b:a': '32k', 'abr': 'True'}",42.78125,-3.777,-2.979,0.6418983080366161,-0.9404731394214738
"{'ar': '44100', 'sample_fmt': 's32p', 'compression_level': '8', 'reservoir': '0', 'aq': '9'}",103.8740234375,-3.314,-1.668,0.6842055440065451,0.4512434262389792
"{'ar': '44100', 'sample_fmt': 's32p', 'compression_level': '8', 'reservoir': '1', 'b:a': '102k', 'abr': 'True'}",133.0458984375,-3.288,-1.623,0.7148376059776638,0.4772048057144562
"{'ar': '44100', 'sample_fmt': 's16p', 'compression_level': '1', 'reservoir': '1', 'b:a': '253k', 'abr': 'True'}",343.9384765625,-2.587,-0.701,1.1487884229863994,2.0327555006319913
"{'ar': '16000', 'sample_fmt': 'fltp', 'compression_level': '8', 'reservoir': '0', 'aq': '9'}",66.69921875,-3.805,-3.135,0.6962372710113414,-1.0971043165378893
"{'ar': '44100', 'sample_fmt': 's16p', 'compression_level': '7', 'reservoir': '1', 'b:a': '195k', 'abr': 'True'}",266.853515625,-2.62,-0.736,0.7586026330245659,2.0966680107062534
"{'ar': '8000', 'sample_fmt': 's16p', 'compression_level': '7', 'reservoir': '1', 'b:a': '167k', 'abr': 'True'}",90.21875,-3.858,-3.51,0.7197131889988668,-1.3781523815800507
"{'ar': '44100', 'sample_fmt': 's32p', 'compression_level': '5', 'reservoir': '1', 'b:a': '113k', 'abr': 'True'}",150.5673828125,-2.991,-1.178,0.7884020800120197,1.2761795598065033
"{'ar': '44100', 'sample_fmt': 's32p', 'compression_level': '2', 'reservoir': '1', 'aq': '5'}",164.3330078125,-2.878,-1.033,0.7576657480094582,1.565510495124711
"{'ar': '16000', 'sample_fmt': 's32p', 'compression_level': '1', 'reservoir': '1', 'b:a': '32k', 'abr': 'True'}",43.91796875,-3.277,-1.605,0.9326847680204082,0.6346289430474693
"{'ar': '32000', 'sample_fmt': 's16p', 'compression_level': '7', 'reservoir': '1', 'b:a': '254k', 'abr': 'True'}",352.0625,-3.172,-1.435,1.0987141089863144,0.428933314635592
"{'ar': '44100', 'sample_fmt': 's32p', 'compression_level': '9', 'reservoir': '1', 'b:a': '194k', 'abr': 'True'}",265.4287109375,-2.623,-0.74,0.9047925259801559,2.0798845566092754
"{'ar': '16000', 'sample_fmt': 's16p', 'compression_level': '2', 'reservoir': '1', 'b:a': '32k', 'abr': 'True'}",43.390625,-3.31,-1.661,1.2004004869959317,0.5211291450255919
"{'ar': '44100', 'sample_fmt': 's16p', 'compression_level': '8', 'reservoir': '1', 'aq': '2'}",202.7783203125,-2.725,-0.853,2.413527803029865,1.7950381246151201
"{'ar': '44100', 'sample_fmt': 's32p', 'compression_level': '7', 'reservoir': '1', 'b:a': '32k'}",44.771484375,-3.286,-1.619,1.1508842880139127,0.5917534031698201
"{'ar': '44100', 'sample_fmt': 's16p', 'compression_level': '2', 'reservoir': '1', 'b:a': '141k', 'abr': 'True'}",184.48828125,-2.853,-1.003,2.0375104479899164,1.5064646172969567
"{'ar': '44100', 'sample_fmt': 's16p', 'compression_level': '9', 'reservoir': '1', 'b:a': '258k', 'abr': 'True'}",355.7314453125,-2.598,-0.712,1.5418389650294557,1.9557870179060315
"{'ar': '44100', 'sample_fmt': 'fltp', 'compression_level': '7', 'reservoir': '1', 'b:a': '124k'}",178.4443359375,-2.916,-1.081,1.6248227429750841,1.3752198279448349
"{'ar': '32000', 'sample_fmt': 's16p', 'compression_level': '7', 'reservoir': '1', 'b:a': '254k', 'abr': 'True'}",352.0625,-3.172,-1.435,1.6146389070199803,0.3907998221899574
"{'ar': '12000', 'sample_fmt': 'fltp', 'compression_level': '7', 'reservoir': '0', 'b:a': '108k'}",90.359375,-3.74,-2.803,1.3581404969736468,-0.9276030192826806
"{'ar': '44100', 'sample_fmt': 'fltp', 'compression_level': '9', 'reservoir': '1', 'b:a': '32k', 'abr': 'True'}",48.16796875,-3.35,-1.734,1.4149140299996361,0.3814248136427107
"{'ar': '44100', 'sample_fmt': 's16p', 'compression_level': '2', 'reservoir': '1', 'b:a': '105k', 'abr': 'True'}",137.3115234375,-3.3,-1.644,2.1392089180008043,0.3305350192493112
"{'ar': '44100', 'sample_fmt': 's32p', 'compression_level': '7', 'reservoir': '1', 'aq': '1'}",228.9697265625,-2.671,-0.792,4.157171778992051,1.7694272667252904
"{'ar': '44100', 'sample_fmt': 's32p', 'compression_level': '7', 'reservoir': '1', 'b:a': '32k', 'abr': 'True'}",48.16796875,-3.35,-1.734,9.450664417963708,-0.21252071462483568
"{'ar': '44100', 'sample_fmt': 's32p', 'compression_level': '2', 'reservoir': '1', 'aq': '3'}",239.4560546875,-2.652,-0.771,2.53760940398206,1.923294583976772
"{'ar': '44100', 'sample_fmt': 's32p', 'compression_level': '7', 'reservoir': '1', 'b:a': '140k', 'abr': 'True'}",186.3251953125,-2.834,-0.98,1.468409220018657,1.5971217968624907
"{'ar': '44100', 'sample_fmt': 'fltp', 'compression_level': '5', 'reservoir': '1', 'b:a': '127k', 'abr': 'True'}",170.6982421875,-2.86,-1.011,2.0637182669888716,1.507698566812497
"{'ar': '12000', 'sample_fmt': 's16p', 'compression_level': '7', 'reservoir': '1', 'b:a': '32k', 'abr': 'True'}",42.78125,-3.777,-2.979,1.2168769710115157,-0.9829714736448342
"{'ar': '32000', 'sample_fmt': 's16p', 'compression_level': '7', 'reservoir': '1', 'b:a': '32k', 'abr': 'True'}",46.73046875,-3.437,-1.907,0.901936904003378,0.1643553065123387
"{'ar': '32000', 'sample_fmt': 'fltp', 'compression_level': '9', 'reservoir': '0', 'b:a': '168k'}",223.671875,-3.202,-1.481,1.0111473680008203,0.555864779785827
"{'ar': '32000', 'sample_fmt': 'fltp', 'compression_level': '7', 'reservoir': '0', 'b:a': '171k'}",223.671875,-3.202,-1.481,1.034588598035043,0.5541321707470034
"{'ar': '44100', 'sample_fmt': 's32p', 'compression_level': '5', 'reservoir': '1', 'b:a': '103k', 'abr': 'True'}",137.1591796875,-3.16,-1.416,1.3107923360075802,0.7901245861648133
"{'ar': '16000', 'sample_fmt': 's32p', 'compression_level': '5', 'reservoir': '1', 'b:a': '114k', 'abr': 'True'}",147.55859375,-3.769,-2.937,2.6092446350085083,-1.2211861337779644
"{'ar': '44100', 'sample_fmt': 'fltp', 'compression_level': '0', 'reservoir': '1', 'b:a': '250k'}",356.8115234375,-2.591,-0.705,1.532582142011961,1.9732655477225827
"{'ar': '32000', 'sample_fmt': 's16p', 'compression_level': '7', 'reservoir': '1', 'b:a': '258k', 'abr': 'True'}",356.984375,-3.171,-1.432,0.8234715840080753,0.4446999362175323
"{'ar': '44100', 'sample_fmt': 'fltp', 'compression_level': '7', 'reservoir': '1', 'b:a': '153k', 'abr': 'True'}",205.6640625,-2.752,-0.884,0.7835335679992568,1.8382234990063064
"{'ar': '16000', 'sample_fmt': 'fltp', 'compression_level': '8', 'reservoir': '0', 'aq': '9'}",66.69921875,-3.805,-3.135,0.8449510569917038,-1.1080961821273272
"{'ar': '44100', 'sample_fmt': 's16p', 'compression_level': '9', 'reservoir': '1', 'b:a': '258k', 'abr': 'True'}",355.7314453125,-2.598,-0.712,0.9411278889747337,2.0001873091268596
"{'ar': '12000', 'sample_fmt': 's32p', 'compression_level': '8', 'reservoir': '1', 'b:a': '87k', 'abr': 'True'}",88.0625,-3.742,-2.811,1.16147551801987,-0.9165854432753882
"{'ar': '44100', 'sample_fmt': 's16p', 'compression_level': '5', 'reservoir': '1', 'b:a': '142k', 'abr': 'True'}",190.2275390625,-2.783,-0.92,0.9202366269892082,1.7691663194031897
"{'ar': '44100', 'sample_fmt': 's16p', 'compression_level': '2', 'reservoir': '1', 'aq': '5'}",164.283203125,-2.881,-1.037,0.8624986109789461,1.5495898197686833
"{'ar': '44100', 'sample_fmt': 's16p', 'compression_level': '5', 'reservoir': '1', 'b:a': '32k', 'abr': 'True'}",48.21875,-3.352,-1.738,0.8676305960107129,0.41587337432255905
"{'ar': '44100', 'sample_fmt': 'fltp', 'compression_level': '2', 'reservoir': '1', 'aq': '5'}",164.33203125,-2.878,-1.033,0.8531103049754165,1.558457470424749
"{'ar': '44100', 'sample_fmt': 's16p', 'compression_level': '8', 'reservoir': '1', 'aq': '7'}",109.8359375,-3.33,-1.699,0.8145760800107382,0.38503593193538804
"{'ar': '44100', 'sample_fmt': 's16p', 'compression_level': '5', 'reservoir': '1', 'b:a': '32k', 'abr': 'True'}",48.21875,-3.352,-1.738,0.8989862629969139,0.4135557863820234
"{'ar': '32000', 'sample_fmt': 's16p', 'compression_level': '7', 'reservoir': '1', 'b:a': '254k', 'abr': 'True'}",352.0625,-3.172,-1.435,0.7077530180104077,0.4578303784442867
"{'ar': '8000', 'sample_fmt': 'fltp', 'compression_level': '7', 'reservoir': '1', 'b:a': '131k', 'abr': 'True'}",89.9375,-3.858,-3.51,0.6716859329899307,-1.3741537676560525
"{'ar': '16000', 'sample_fmt': 'fltp', 'compression_level': '7', 'reservoir': '0', 'aq': '9'}",66.69921875,-3.805,-3.135,0.7822302549902815,-1.1034603064368755
"{'ar': '44100', 'sample_fmt': 's16p', 'compression_level': '7', 'reservoir': '1', 'b:a': '105k', 'abr': 'True'}",136.6513671875,-3.277,-1.605,0.8776035420014523,0.4907287537990098
"{'ar': '44100', 'sample_fmt': 'fltp', 'compression_level': '8', 'reservoir': '1', 'b:a': '32k'}",44.771484375,-3.286,-1.619,0.7171638920262922,0.6238109307531953
"{'ar': '44100', 'sample_fmt': 's16p', 'compression_level': '2', 'reservoir': '1', 'b:a': '265k', 'abr': 'True'}",348.615234375,-2.584,-0.697,1.2054775849974249,2.0293545511067843
"{'ar': '44100', 'sample_fmt': 'fltp', 'compression_level': '8', 'reservoir': '1', 'aq': '4'}",167.9072265625,-2.853,-1.003,0.7042333339632023,1.631468783049912
"{'ar': '44100', 'sample_fmt': 's32p', 'compression_level': '7', 'reservoir': '1', 'b:a': '141k', 'abr': 'True'}",187.755859375,-2.823,-0.967,0.7188796429836657,1.6799691089702764
"{'ar': '44100', 'sample_fmt': 's32p', 'compression_level': '9', 'reservoir': '1', 'b:a': '139k', 'abr': 'True'}",185.037109375,-2.844,-0.992,0.6949337719706818,1.6292620758410006
"{'ar': '44100', 'sample_fmt': 'fltp', 'compression_level': '5', 'reservoir': '1', 'b:a': '152k', 'abr': 'True'}",207.40625,-2.684,-0.807,0.812568278022809,2.0160235831468487
"{'ar': '44100', 'sample_fmt': 's16p', 'compression_level': '2', 'reservoir': '1', 'aq': '5'}",164.283203125,-2.881,-1.037,0.7482660050154664,1.5580330817191763
"{'ar': '16000', 'sample_fmt': 's16p', 'compression_level': '7', 'reservoir': '1', 'b:a': '112k', 'abr': 'True'}",155.85546875,-3.769,-2.938,0.6277487699699122,-1.0882825376024832
"{'ar': '44100', 'sample_fmt': 's32p', 'compression_level': '2', 'reservoir': '1', 'aq': '5'}",164.3330078125,-2.878,-1.033,0.7390603040112182,1.5668856772459399
"{'ar': '44100', 'sample_fmt': 's16p', 'compression_level': '7', 'reservoir': '1', 'b:a': '196k', 'abr': 'True'}",268.1728515625,-2.616,-0.733,0.7046571780228987,2.108816184059523
"{'ar': '44100', 'sample_fmt': 's32p', 'compression_level': '2', 'reservoir': '1', 'b:a': '100k'}",133.853515625,-3.327,-1.692,0.921037472988246,0.34804108579173293
"{'ar': '12000', 'sample_fmt': 's16p', 'compression_level': '7', 'reservoir': '1', 'b:a': '285k', 'abr': 'True'}",88.578125,-3.74,-2.803,0.6260993360192515,-0.8706534644628828
"{'ar': '16000', 'sample_fmt': 's16p', 'compression_level': '7', 'reservoir': '1', 'b:a': '32k', 'abr': 'True'}",42.79296875,-3.446,-1.926,0.6668389739934355,0.16105185286701396
"{'ar': '16000', 'sample_fmt': 's32p', 'compression_level': '8', 'reservoir': '1', 'b:a': '86k', 'abr': 'True'}",119.71484375,-3.714,-2.693,0.6823398739797994,-0.8292153165221802
"{'ar': '44100', 'sample_fmt': 's32p', 'compression_level': '8', 'reservoir': '1', 'b:a': '32k', 'abr': 'True'}",48.16796875,-3.35,-1.734,0.8326620009902399,0.4244607433640736
"{'ar': '44100', 'sample_fmt': 'fltp', 'compression_level': '7', 'reservoir': '1', 'b:a': '126k'}",178.4443359375,-2.916,-1.081,0.7504189080209471,1.4398495417359554
"{'ar': '44100', 'sample_fmt': 's16p', 'compression_level': '0', 'reservoir': '1', 'b:a': '32k', 'abr': 'True'}",48.26953125,-3.138,-1.383,1.217355598026188,1.00053759129634
"{'ar': '44100', 'sample_fmt': 's16p', 'compression_level': '5', 'reservoir': '1', 'b:a': '103k'}",133.853515625,-3.218,-1.506,0.8632222849701066,0.664952861600256
"{'ar': '12000', 'sample_fmt': 'fltp', 'compression_level': '7', 'reservoir': '1', 'b:a': '107k'}",90.359375,-3.742,-2.811,0.9830739330209326,-0.9070643088307451
"{'ar': '44100', 'sample_fmt': 's16p', 'compression_level': '7', 'reservoir': '1', 'b:a': '32k', 'abr': 'True'}",48.193359375,-3.355,-1.744,0.839718102972256,0.40909441828808996
"{'ar': '44100', 'sample_fmt': 's32p', 'compression_level': '9', 'reservoir': '1', 'aq': '5'}",141.6572265625,-3.004,-1.195,0.7190300090005621,1.25987268615362
"{'ar': '44100', 'sample_fmt': 'fltp', 'compression_level': '8', 'reservoir': '1', 'aq': '4'}",167.9072265625,-2.853,-1.003,0.7497012490057386,1.6281081180820687
"{'ar': '44100', 'sample_fmt': 's16p', 'compression_level': '7', 'reservoir': '1', 'b:a': '32k', 'abr': 'True'}",48.193359375,-3.355,-1.744,0.7070180530135985,0.41890266238087265
"{'ar': '44100', 'sample_fmt': 'fltp', 'compression_level': '7', 'reservoir': '1', 'b:a': '126k'}",178.4443359375,-2.916,-1.081,0.68825548098539,1.4444442202322978
"{'ar': '44100', 'sample_fmt': 'fltp', 'compression_level': '8', 'reservoir': '1', 'b:a': '32k', 'abr': 'True'}",48.16796875,-3.35,-1.734,0.7123706910060719,0.43335182163369657
"{'ar': '44100', 'sample_fmt': 's32p', 'compression_level': '5', 'reservoir': '1', 'b:a': '103k', 'abr': 'True'}",137.1591796875,-3.16,-1.416,0.7846161619818304,0.8290157874285574
"{'ar': '44100', 'sample_fmt': 's16p', 'compression_level': '8', 'reservoir': '1', 'b:a': '32k', 'abr': 'True'}",48.193359375,-3.355,-1.744,0.7116245609940961,0.4185621820667948
"{'ar': '44100', 'sample_fmt': 's16p', 'compression_level': '9', 'reservoir': '1', 'b:a': '258k', 'abr': 'True'}",355.7314453125,-2.598,-0.712,0.763831199001288,2.0132918197328746
"{'ar': '44100', 'sample_fmt': 's16p', 'compression_level': '5', 'reservoir': '1', 'b:a': '32k', 'abr': 'True'}",48.21875,-3.352,-1.738,0.7348007810069248,0.4256912097247478
"{'ar': '44100', 'sample_fmt': 's16p', 'compression_level': '2', 'reservoir': '1', 'aq': '7'}",116.96484375,-3.311,-1.664,0.7119738590263296,0.4365540783384934
"{'ar': '44100', 'sample_fmt': 's16p', 'compression_level': '5', 'reservoir': '1', 'aq': '9'}",105.1748046875,-3.341,-1.719,0.6845066800015047,0.37014885737134495
"{'ar': '44100', 'sample_fmt': 'fltp', 'compression_level': '7', 'reservoir': '1', 'b:a': '86k', 'abr': 'True'}",113.6484375,-3.472,-1.982,0.6975669450184796,-0.03252495861107526
"{'ar': '16000', 'sample_fmt': 's16p', 'compression_level': '7', 'reservoir': '1', 'b:a': '32k', 'abr': 'True'}",42.79296875,-3.446,-1.926,0.6274204530054703,0.16396538964222157
"{'ar': '44100', 'sample_fmt': 's16p', 'compression_level': '5', 'reservoir': '1', 'b:a': '258k', 'abr': 'True'}",354.3134765625,-2.581,-0.694,0.8108250379737001,2.0573681664516785
"{'ar': '32000', 'sample_fmt': 'fltp', 'compression_level': '7', 'reservoir': '1', 'b:a': '32k'}",44.8671875,-3.434,-1.9,0.68013045299449,0.1929208564698433
"{'ar': '44100', 'sample_fmt': 's16p', 'compression_level': '2', 'reservoir': '1', 'aq': '8'}",109.3564453125,-3.358,-1.75,0.7250428260304034,0.3110920638609758
"{'ar': '44100', 'sample_fmt': 's32p', 'compression_level': '9', 'reservoir': '1', 'b:a': '194k', 'abr': 'True'}",265.4287109375,-2.623,-0.74,0.6751905000128318,2.096855105720497
"{'ar': '44100', 'sample_fmt': 's16p', 'compression_level': '9', 'reservoir': '1', 'b:a': '140k', 'abr': 'True'}",186.3251953125,-2.828,-0.973,0.7203870440134779,1.668598112977865
"{'ar': '44100', 'sample_fmt': 'fltp', 'compression_level': '7', 'reservoir': '1', 'aq': '9'}",97.1474609375,-3.314,-1.668,0.6800123709836043,0.462286693482474
"{'ar': '12000', 'sample_fmt': 's16p', 'compression_level': '7', 'reservoir': '1', 'b:a': '32k', 'abr': 'True'}",42.78125,-3.777,-2.979,0.6514331289799884,-0.9411778855856441
"{'ar': '8000', 'sample_fmt': 's16p', 'compression_level': '2', 'reservoir': '1', 'aq': '9'}",35.8671875,-3.85,-3.44,0.6299927040236071,-1.2440724253925595
"{'ar': '44100', 'sample_fmt': 's16p', 'compression_level': '9', 'reservoir': '1', 'aq': '9'}",97.146484375,-3.315,-1.67,0.6685634149762336,0.4601736225117794
"{'ar': '44100', 'sample_fmt': 's32p', 'compression_level': '7', 'reservoir': '1', 'b:a': '140k', 'abr': 'True'}",186.3251953125,-2.834,-0.98,0.6954654699948151,1.6542523026353715
"{'ar': '44100', 'sample_fmt': 's32p', 'compression_level': '8', 'reservoir': '1', 'b:a': '86k', 'abr': 'True'}",113.6484375,-3.472,-1.982,0.7513618050143123,-0.0365010921388364
"{'ar': '32000', 'sample_fmt': 'fltp', 'compression_level': '7', 'reservoir': '1', 'b:a': '32k', 'abr': 'True'}",46.73046875,-3.442,-1.918,0.6647114100051112,0.16676959649310277
"{'ar': '32000', 'sample_fmt': 'fltp', 'compression_level': '2', 'reservoir': '1', 'b:a': '32k'}",44.8671875,-3.392,-1.815,0.740440633991966,0.3131345106203007
"{'ar': '32000', 'sample_fmt': 's16p', 'compression_level': '7', 'reservoir': '1', 'b:a': '254k', 'abr': 'True'}",352.0625,-3.172,-1.435,0.7368513270048425,0.45567963835493824
"{'ar': '44100', 'sample_fmt': 's32p', 'compression_level': '7', 'reservoir': '1', 'b:a': '32k'}",44.771484375,-3.286,-1.619,0.7047874910349492,0.624725706308676
"{'ar': '44100', 'sample_fmt': 'fltp', 'compression_level': '8', 'reservoir': '1', 'aq': '1'}",228.9697265625,-2.671,-0.792,0.8861047429963946,2.0112012822052847
"{'ar': '32000', 'sample_fmt': 's32p', 'compression_level': '7', 'reservoir': '1', 'b:a': '32k'}",44.8671875,-3.434,-1.9,0.8065967509755865,0.18357336699643595
"{'ar': '32000', 'sample_fmt': 'fltp', 'compression_level': '7', 'reservoir': '0', 'b:a': '105k'}",156.59375,-3.396,-1.823,0.7035776480042841,0.12573762032236857
"{'ar': '32000', 'sample_fmt': 's16p', 'compression_level': '7', 'reservoir': '1', 'b:a': '250k', 'abr': 'True'}",346.578125,-3.17,-1.431,0.7459166760381777,0.4696825246050216
"{'ar': '44100', 'sample_fmt': 's16p', 'compression_level': '7', 'reservoir': '1', 'b:a': '254k', 'abr': 'True'}",350.4443359375,-2.599,-0.714,0.9518141460139304,2.0048730556449095
"{'ar': '12000', 'sample_fmt': 'fltp', 'compression_level': '7', 'reservoir': '0', 'b:a': '108k'}",90.359375,-3.74,-2.803,0.8630242120125331,-0.8910075441587203
"{'ar': '44100', 'sample_fmt': 's16p', 'compression_level': '2', 'reservoir': '1', 'b:a': '265k', 'abr': 'True'}",348.615234375,-2.584,-0.697,1.7821824300044682,1.9867286297820994
"{'ar': '8000', 'sample_fmt': 's16p', 'compression_level': '2', 'reservoir': '1', 'aq': '9'}",35.8671875,-3.85,-3.44,1.0218777270056307,-1.2730377796852739
"{'ar': '44100', 'sample_fmt': 's16p', 'compression_level': '7', 'reservoir': '1', 'b:a': '32k', 'abr': 'True'}",48.193359375,-3.355,-1.744,0.7868484979844652,0.4130021635449366
"{'ar': '8000', 'sample_fmt': 's32p', 'compression_level': '9', 'reservoir': '1', 'b:a': '32k', 'abr': 'True'}",44.4453125,-3.856,-3.492,0.8911351799906697,-1.3074454950102428
"{'ar': '44100', 'sample_fmt': 's16p', 'compression_level': '2', 'reservoir': '1', 'b:a': '32k'}",44.771484375,-3.271,-1.594,0.8112202719785273,0.6596944797293869
"{'ar': '44100', 'sample_fmt': 's32p', 'compression_level': '8', 'reservoir': '1', 'aq': '5'}",141.6572265625,-3.004,-1.195,0.7996543480257969,1.2539135083143869
"{'ar': '16000', 'sample_fmt': 'fltp', 'compression_level': '9', 'reservoir': '0', 'b:a': '75k', 'abr': 'True'}",114.01953125,-3.759,-2.892,0.8123759479785804,-0.9973622758163945
"{'ar': '12000', 'sample_fmt': 's16p', 'compression_level': '7', 'reservoir': '1', 'b:a': '264k', 'abr': 'True'}",88.578125,-3.74,-2.803,0.689793291996466,-0.8753612687753461
"{'ar': '44100', 'sample_fmt': 's16p', 'compression_level': '0', 'reservoir': '1', 'b:a': '253k', 'abr': 'True'}",340.48046875,-2.586,-0.699,1.240343520999886,2.034467074146873
"{'ar': '12000', 'sample_fmt': 'fltp', 'compression_level': '7', 'reservoir': '0', 'b:a': '108k'}",90.359375,-3.74,-2.803,0.7320843019988388,-0.8813293970947107
"{'ar': '44100', 'sample_fmt': 's16p', 'compression_level': '7', 'reservoir': '1', 'b:a': '187k', 'abr': 'True'}",255.1630859375,-2.646,-0.765,0.7726482920115814,2.0445571827545366
"{'ar': '32000', 'sample_fmt': 'fltp', 'compression_level': '7', 'reservoir': '1', 'aq': '9'}",81.7109375,-3.518,-2.09,0.657294021017151,-0.11983338066308341
"{'ar': '44100', 'sample_fmt': 's32p', 'compression_level': '7', 'reservoir': '1', 'b:a': '103k'}",133.853515625,-3.284,-1.617,0.6737093219999224,0.4901685316491018
"{'ar': '8000', 'sample_fmt': 'fltp', 'compression_level': '9', 'reservoir': '1', 'b:a': '128k', 'abr': 'True'}",89.9375,-3.858,-3.51,0.6372466229950078,-1.3716082587514027
"{'ar': '44100', 'sample_fmt': 's16p', 'compression_level': '5', 'reservoir': '1', 'b:a': '75k', 'abr': 'True'}",101.4482421875,-3.46,-1.957,0.8047234069963451,0.014867931804597289
"{'ar': '44100', 'sample_fmt': 's32p', 'compression_level': '7', 'reservoir': '1', 'b:a': '32k'}",44.771484375,-3.286,-1.619,0.7050104410154745,0.6247092274314626
"{'ar': '44100', 'sample_fmt': 's16p', 'compression_level': '8', 'reservoir': '1', 'b:a': '119k', 'abr': 'True'}",156.2578125,-3.055,-1.264,0.7955379800114315,1.090326662861639
"{'ar': '44100', 'sample_fmt': 's16p', 'compression_level': '5', 'reservoir': '1', 'b:a': '152k', 'abr': 'True'}",207.3525390625,-2.681,-0.803,0.9528248819988221,2.013994164101373
"{'ar': '44100', 'sample_fmt': 's16p', 'compression_level': '9', 'reservoir': '1', 'b:a': '260k', 'abr': 'True'}",358.5859375,-2.598,-0.712,0.7456676150031853,2.0100795305493224
"{'ar': '44100', 'sample_fmt': 's32p', 'compression_level': '2', 'reservoir': '1', 'b:a': '265k', 'abr': 'True'}",348.9189453125,-2.586,-0.7,0.9921115760225803,2.0390341775990732
"{'ar': '12000', 'sample_fmt': 's16p', 'compression_level': '9', 'reservoir': '1', 'b:a': '259k', 'abr': 'True'}",88.578125,-3.74,-2.803,0.6582340800086968,-0.8730286362356572
"{'ar': '16000', 'sample_fmt': 'fltp', 'compression_level': '5', 'reservoir': '1', 'b:a': '32k', 'abr': 'True'}",43.42578125,-3.404,-1.84,0.8072745949903037,0.27464890614572013
"{'ar': '32000', 'sample_fmt': 'fltp', 'compression_level': '7', 'reservoir': '0', 'b:a': '165k'}",223.671875,-3.202,-1.481,0.7188565130054485,0.5774688413726607
"{'ar': '44100', 'sample_fmt': 's16p', 'compression_level': '2', 'reservoir': '1', 'b:a': '260k', 'abr': 'True'}",346.2763671875,-2.585,-0.698,0.9315433249867056,2.050688475068695
"{'ar': '8000', 'sample_fmt': 's32p', 'compression_level': '8', 'reservoir': '1', 'b:a': '128k', 'abr': 'True'}",89.9375,-3.858,-3.51,0.6454304890066851,-1.3722131519333585
"{'ar': '44100', 'sample_fmt': 's16p', 'compression_level': '7', 'reservoir': '0', 'b:a': '176k'}",223.037109375,-2.705,-0.831,0.7482861640164629,1.9393335544477874
"{'ar': '16000', 'sample_fmt': 's32p', 'compression_level': '8', 'reservoir': '1', 'b:a': '32k', 'abr': 'True'}",42.828125,-3.448,-1.93,0.6956923340039793,0.15294141077286458
"{'ar': '8000', 'sample_fmt': 's16p', 'compression_level': '9', 'reservoir': '1', 'b:a': '128k', 'abr': 'True'}",89.9375,-3.858,-3.51,0.7369294039672241,-1.3789761010990695
"{'ar': '44100', 'sample_fmt': 'fltp', 'compression_level': '7', 'reservoir': '1', 'b:a': '153k', 'abr': 'True'}",205.6640625,-2.752,-0.884,0.7524808529706206,1.8405186948923622
"{'ar': '8000', 'sample_fmt': 'fltp', 'compression_level': '9', 'reservoir': '1', 'b:a': '127k', 'abr': 'True'}",89.9375,-3.858,-3.51,0.7767776530236006,-1.3819214003173945
"{'ar': '44100', 'sample_fmt': 'fltp', 'compression_level': '2', 'reservoir': '1', 'aq': '1'}",299.615234375,-2.609,-0.724,0.7973346969811246,2.0709433139788596
"{'ar': '44100', 'sample_fmt': 's32p', 'compression_level': '0', 'reservoir': '1', 'b:a': '32k', 'abr': 'True'}",48.244140625,-3.132,-1.375,1.1226064399816096,1.0240845845313873
"{'ar': '8000', 'sample_fmt': 'fltp', 'compression_level': '5', 'reservoir': '1', 'b:a': '128k', 'abr': 'True'}",85.2265625,-3.858,-3.508,0.6678055459924508,-1.3657189639888174
"{'ar': '44100', 'sample_fmt': 's16p', 'compression_level': '7', 'reservoir': '1', 'b:a': '250k', 'abr': 'True'}",344.75390625,-2.604,-0.719,0.7552088499942329,2.0152577571354247
"{'ar': '32000', 'sample_fmt': 's16p', 'compression_level': '2', 'reservoir': '0', 'b:a': '260k'}",357.828125,-3.176,-1.441,0.959522836987162,0.41880883815291287
"{'ar': '44100', 'sample_fmt': 's32p', 'compression_level': '5', 'reservoir': '1', 'b:a': '153k', 'abr': 'True'}",208.9404296875,-2.684,-0.806,0.85878154495731,2.0104752492469147
"{'ar': '44100', 'sample_fmt': 's32p', 'compression_level': '7', 'reservoir': '1', 'b:a': '196k', 'abr': 'True'}",268.0751953125,-2.617,-0.733,0.7199325160181616,2.1055130284789536
"{'ar': '8000', 'sample_fmt': 'fltp', 'compression_level': '0', 'reservoir': '1', 'b:a': '32k', 'abr': 'True'}",41.9140625,-3.851,-3.451,0.7819335109961685,-1.2707515741791695
"{'ar': '16000', 'sample_fmt': 'fltp', 'compression_level': '7', 'reservoir': '1', 'aq': '9'}",61.7421875,-3.805,-3.135,0.6675386560091283,-1.0870733596631812
"{'ar': '12000', 'sample_fmt': 'fltp', 'compression_level': '7', 'reservoir': '0', 'b:a': '108k'}",90.359375,-3.74,-2.803,0.6452744120033458,-0.8749130273118155
"{'ar': '32000', 'sample_fmt': 's32p', 'compression_level': '2', 'reservoir': '1', 'b:a': '32k'}",44.8671875,-3.392,-1.815,0.7830541420262307,0.30998482312146375
"{'ar': '44100', 'sample_fmt': 's32p', 'compression_level': '0', 'reservoir': '1', 'b:a': '32k'}",44.771484375,-3.12,-1.357,1.1777817250113003,1.0591851198706697
"{'ar': '44100', 'sample_fmt': 's16p', 'compression_level': '2', 'reservoir': '1', 'aq': '6'}",137.603515625,-3.069,-1.283,0.7814316620060708,1.0825224633991446
"{'ar': '16000', 'sample_fmt': 's16p', 'compression_level': '0', 'reservoir': '1', 'b:a': '32k', 'abr': 'True'}",43.8125,-3.269,-1.591,0.9126800739904866,0.6593317609483184
"{'ar': '44100', 'sample_fmt': 's32p', 'compression_level': '8', 'reservoir': '1', 'aq': '5'}",141.6572265625,-3.004,-1.195,0.7976231179782189,1.2540636423958844
"{'ar': '8000', 'sample_fmt': 's32p', 'compression_level': '9', 'reservoir': '1', 'b:a': '194k', 'abr': 'True'}",90.21875,-3.858,-3.51,0.6915544389921706,-1.3760710870100836
"{'ar': '16000', 'sample_fmt': 's16p', 'compression_level': '7', 'reservoir': '1', 'b:a': '32k', 'abr': 'True'}",42.79296875,-3.446,-1.926,0.7836063629947603,0.15242123777863448
"{'ar': '44100', 'sample_fmt': 'fltp', 'compression_level': '7', 'reservoir': '1', 'b:a': '153k', 'abr': 'True'}",205.6640625,-2.752,-0.884,0.7955106289882679,1.8373382398241813
"{'ar': '32000', 'sample_fmt': 'fltp', 'compression_level': '8', 'reservoir': '1', 'aq': '9'}",81.7109375,-3.518,-2.09,0.7866214889800176,-0.12939234747640804
"{'ar': '44100', 'sample_fmt': 's16p', 'compression_level': '1', 'reservoir': '1', 'b:a': '103k'}",133.853515625,-3.349,-1.733,1.2307437779963948,0.26095737081377685
"{'ar': '44100', 'sample_fmt': 's16p', 'compression_level': '2', 'reservoir': '1', 'aq': '9'}",103.81640625,-3.341,-1.719,0.8431274970353115,0.36059228280249483
"{'ar': '12000', 'sample_fmt': 'fltp', 'compression_level': '7', 'reservoir': '0', 'b:a': '108k'}",90.359375,-3.74,-2.803,0.6552084420109168,-0.8756472801713258
"{'ar': '44100', 'sample_fmt': 's16p', 'compression_level': '9', 'reservoir': '1', 'b:a': '32k', 'abr': 'True'}",48.193359375,-3.355,-1.744,0.7040357950027101,0.4191230896868726
"{'ar': '44100', 'sample_fmt': 's16p', 'compression_level': '5', 'reservoir': '1', 'b:a': '142k', 'abr': 'True'}",190.2275390625,-2.783,-0.92,0.8509412569983397,1.774288140409149
"{'ar': '44100', 'sample_fmt': 's16p', 'compression_level': '2', 'reservoir': '1', 'aq': '6'}",137.603515625,-3.069,-1.283,0.7782874799740966,1.082754858977378
"{'ar': '44100', 'sample_fmt': 'fltp', 'compression_level': '2', 'reservoir': '1', 'b:a': '32k'}",44.771484375,-3.268,-1.589,0.7697178309899755,0.6713291506064587
"{'ar': '12000', 'sample_fmt': 's16p', 'compression_level': '7', 'reservoir': '1', 'b:a': '32k', 'abr': 'True'}",42.78125,-3.777,-2.979,0.6423050469893496,-0.9405032026726309
"{'ar': '44100', 'sample_fmt': 's16p', 'compression_level': '7', 'reservoir': '1', 'b:a': '123k'}",178.4443359375,-2.914,-1.079,0.6995208069856744,1.4489023599308408
"{'ar': '44100', 'sample_fmt': 's32p', 'compression_level': '7', 'reservoir': '1', 'b:a': '267k'}",356.8115234375,-2.604,-0.719,0.797946734004654,1.992858963653825
"{'ar': '44100', 'sample_fmt': 's16p', 'compression_level': '0', 'reservoir': '1', 'aq': '6'}",137.603515625,-3.069,-1.283,0.7787384770053905,1.0827215244837631
"{'ar': '44100', 'sample_fmt': 's16p', 'compression_level': '0', 'reservoir': '1', 'aq': '9'}",103.81640625,-3.341,-1.719,0.8145374040177558,0.36270545918064173
"{'ar': '44100', 'sample_fmt': 's16p', 'compression_level': '5', 'reservoir': '1', 'b:a': '152k', 'abr': 'True'}",207.3525390625,-2.681,-0.803,0.8666940109978896,2.0203603456285415
"{'ar': '44100', 'sample_fmt': 's16p', 'compression_level': '9', 'reservoir': '1', 'b:a': '249k', 'abr': 'True'}",343.43359375,-2.606,-0.721,0.7546263100230135,2.0121167977833836
"{'ar': '12000', 'sample_fmt': 's16p', 'compression_level': '0', 'reservoir': '1', 'b:a': '106k', 'abr': 'True'}",68.09375,-3.768,-2.935,0.917200955998851,-0.9663622034128476
"{'ar': '44100', 'sample_fmt': 's32p', 'compression_level': '8', 'reservoir': '1', 'aq': '5'}",141.6572265625,-3.004,-1.195,0.782171033002669,1.255205750640982
"{'ar': '32000', 'sample_fmt': 'fltp', 'compression_level': '5', 'reservoir': '1', 'b:a': '32k'}",44.8671875,-3.43,-1.892,0.6920598919969052,0.20388253578246132
"{'ar': '44100', 'sample_fmt': 'fltp', 'compression_level': '2', 'reservoir': '1', 'aq': '5'}",164.33203125,-2.878,-1.033,0.7468897310027387,1.5663085399422365
"{'ar': '44100', 'sample_fmt': 'fltp', 'compression_level': '2', 'reservoir': '1', 'aq': '9'}",103.837890625,-3.343,-1.721,0.7045589020126499,0.3655092136684196
"{'ar': '32000', 'sample_fmt': 'fltp', 'compression_level': '7', 'reservoir': '1', 'b:a': '168k'}",223.671875,-3.202,-1.481,0.7130435929866508,0.5778984910860856
"{'ar': '44100', 'sample_fmt': 's32p', 'compression_level': '9', 'reservoir': '1', 'b:a': '197k', 'abr': 'True'}",269.39453125,-2.617,-0.733,0.7327375769673381,2.1024613517668262
"{'ar': '44100', 'sample_fmt': 's16p', 'compression_level': '2', 'reservoir': '1', 'b:a': '196k', 'abr': 'True'}",263.6962890625,-2.616,-0.732,0.8690663160232361,2.104122780407088
"{'ar': '44100', 'sample_fmt': 'fltp', 'compression_level': '8', 'reservoir': '1', 'aq': '9'}",97.1474609375,-3.314,-1.668,0.716417754010763,0.4595958664395839
"{'ar': '44100', 'sample_fmt': 's16p', 'compression_level': '1', 'reservoir': '1', 'b:a': '261k', 'abr': 'True'}",349.22265625,-2.587,-0.7,1.0963523050013464,2.0285148855142126
"{'ar': '44100', 'sample_fmt': 'fltp', 'compression_level': '8', 'reservoir': '1', 'aq': '5'}",141.6572265625,-3.004,-1.195,0.7063872510043439,1.2608071489248964
"{'ar': '44100', 'sample_fmt': 'fltp', 'compression_level': '8', 'reservoir': '1', 'aq': '9'}",97.1474609375,-3.314,-1.668,0.6934007400122937,0.4612971204455494
"{'ar': '44100', 'sample_fmt': 's16p', 'compression_level': '5', 'reservoir': '1', 'b:a': '103k', 'abr': 'True'}",137.1591796875,-3.161,-1.418,0.780435206979746,0.8263639592384516
"{'ar': '44100', 'sample_fmt': 's32p', 'compression_level': '7', 'reservoir': '1', 'b:a': '269k', 'abr': 'True'}",370.4501953125,-2.599,-0.713,0.7482778690173291,1.9883098266040506
"{'ar': '44100', 'sample_fmt': 's32p', 'compression_level': '7', 'reservoir': '1', 'b:a': '103k'}",133.853515625,-3.284,-1.617,0.7894389549910557,0.48161462010574646
"{'ar': '32000', 'sample_fmt': 'fltp', 'compression_level': '7', 'reservoir': '0', 'b:a': '104k'}",134.234375,-3.553,-2.178,0.679340943985153,-0.3145808869550798
"{'ar': '44100', 'sample_fmt': 's16p', 'compression_level': '2', 'reservoir': '1', 'b:a': '32k', 'abr': 'True'}",47.8125,-3.293,-1.632,0.8153987340338062,0.5912871445848046
"{'ar': '16000', 'sample_fmt': 'fltp', 'compression_level': '8', 'reservoir': '0', 'aq': '9'}",66.69921875,-3.805,-3.135,0.6467290020082146,-1.0934450173353263
"{'ar': '44100', 'sample_fmt': 's16p', 'compression_level': '5', 'reservoir': '1', 'b:a': '103k'}",133.853515625,-3.218,-1.506,0.7785396910039708,0.6712119967873839
"{'ar': '44100', 'sample_fmt': 's16p', 'compression_level': '2', 'reservoir': '1', 'aq': '3'}",239.55859375,-2.651,-0.77,0.9072697240335401,2.0462794784331204
"{'ar': '44100', 'sample_fmt': 's16p', 'compression_level': '2', 'reservoir': '1', 'b:a': '196k', 'abr': 'True'}",263.6962890625,-2.616,-0.732,0.9418792520009447,2.098740965936001
"{'ar': '16000', 'sample_fmt': 'fltp', 'compression_level': '2', 'reservoir': '1', 'b:a': '32k'}",44.97265625,-3.297,-1.638,0.6971377230074722,0.5933470939553785
"{'ar': '44100', 'sample_fmt': 's16p', 'compression_level': '7', 'reservoir': '1', 'b:a': '260k'}",356.8115234375,-2.595,-0.709,1.2478481349826325,1.9837294758602315
"{'ar': '44100', 'sample_fmt': 's16p', 'compression_level': '2', 'reservoir': '1', 'b:a': '32k', 'abr': 'True'}",47.8125,-3.293,-1.632,0.9079240520077292,0.5844483310068648
"{'ar': '44100', 'sample_fmt': 's16p', 'compression_level': '2', 'reservoir': '1', 'aq': '3'}",239.55859375,-2.651,-0.77,0.8466665779997129,2.050758832052622
"{'ar': '44100', 'sample_fmt': 's16p', 'compression_level': '0', 'reservoir': '1', 'b:a': '250k', 'abr': 'True'}",338.14453125,-2.588,-0.702,1.449371674010763,2.0171383213224616
"{'ar': '12000', 'sample_fmt': 'fltp', 'compression_level': '7', 'reservoir': '0', 'b:a': '108k'}",90.359375,-3.74,-2.803,0.7674188310047612,-0.8839410742229528
"{'ar': '16000', 'sample_fmt': 's16p', 'compression_level': '7', 'reservoir': '1', 'b:a': '249k', 'abr': 'True'}",220.68359375,-3.766,-2.926,0.8144805039919447,-1.19475304978476
"{'ar': '32000', 'sample_fmt': 's16p', 'compression_level': '7', 'reservoir': '1', 'b:a': '254k', 'abr': 'True'}",352.0625,-3.172,-1.435,1.1397609499981627,0.42589942402283576
"{'ar': '16000', 'sample_fmt': 's16p', 'compression_level': '0', 'reservoir': '1', 'b:a': '32k', 'abr': 'True'}",43.8125,-3.269,-1.591,1.0750945979962125,0.6473272342269074
"{'ar': '44100', 'sample_fmt': 'fltp', 'compression_level': '2', 'reservoir': '1', 'b:a': '32k', 'abr': 'True'}",47.76171875,-3.294,-1.634,1.0010894689767156,0.5746823810521208
"{'ar': '44100', 'sample_fmt': 's16p', 'compression_level': '0', 'reservoir': '1', 'b:a': '185k', 'abr': 'True'}",251.3974609375,-2.642,-0.76,1.4957811580097768,2.0080140612628568
"{'ar': '44100', 'sample_fmt': 's32p', 'compression_level': '7', 'reservoir': '1', 'b:a': '267k'}",356.8115234375,-2.604,-0.719,0.819631198013667,1.9912562022676175
"{'ar': '44100', 'sample_fmt': 's32p', 'compression_level': '5', 'reservoir': '1', 'b:a': '32k', 'abr': 'True'}",48.193359375,-3.348,-1.73,0.8512312759703491,0.4289694289858663
"{'ar': '12000', 'sample_fmt': 's16p', 'compression_level': '7', 'reservoir': '1', 'aq': '9'}",50.28125,-3.776,-2.976,0.9373046969994903,-0.970998650617999
"{'ar': '44100', 'sample_fmt': 'fltp', 'compression_level': '2', 'reservoir': '1', 'aq': '5'}",164.33203125,-2.878,-1.033,1.0176974110072479,1.5462923618887097
"{'ar': '44100', 'sample_fmt': 's16p', 'compression_level': '2', 'reservoir': '1', 'aq': '5'}",164.283203125,-2.881,-1.037,0.9893716999795288,1.5402122631957147
"{'ar': '44100', 'sample_fmt': 's32p', 'compression_level': '8', 'reservoir': '1', 'aq': '9'}",97.1474609375,-3.314,-1.668,0.7914927329984494,0.4540468578340772
"{'ar': '44100', 'sample_fmt': 's16p', 'compression_level': '7', 'reservoir': '0', 'b:a': '250k', 'abr': 'True'}",360.70703125,-2.604,-0.719,0.9426479940011632,1.9759477515089006
"{'ar': '32000', 'sample_fmt': 's32p', 'compression_level': '0', 'reservoir': '1', 'b:a': '32k'}",44.8671875,-3.314,-1.669,1.724328717973549,0.4682045785894423
"{'ar': '44100', 'sample_fmt': 's16p', 'compression_level': '5', 'reservoir': '1', 'b:a': '196k', 'abr': 'True'}",269.3984375,-2.613,-0.729,1.6808308540203143,2.042960390322488
"{'ar': '44100', 'sample_fmt': 's32p', 'compression_level': '7', 'reservoir': '1', 'b:a': '32k', 'abr': 'True'}",48.16796875,-3.35,-1.734,3.4912391119869426,0.22795762786212354
"{'ar': '12000', 'sample_fmt': 's16p', 'compression_level': '5', 'reservoir': '0', 'b:a': '103k'}",90.265625,-3.759,-2.893,1.2018544159946032,-0.9885619455975495
"{'ar': '32000', 'sample_fmt': 's16p', 'compression_level': '7', 'reservoir': '1', 'b:a': '196k', 'abr': 'True'}",272.609375,-3.178,-1.444,1.0903932389919646,0.5395101209842175
"{'ar': '44100', 'sample_fmt': 's32p', 'compression_level': '2', 'reservoir': '1', 'b:a': '267k'}",356.8115234375,-2.595,-0.71,1.173788598011015,1.9888879718041037
"{'ar': '44100', 'sample_fmt': 'fltp', 'compression_level': '7', 'reservoir': '1', 'b:a': '113k', 'abr': 'True'}",147.62109375,-3.164,-1.423,1.037545614031842,0.7820993746550166
"{'ar': '44100', 'sample_fmt': 's16p', 'compression_level': '9', 'reservoir': '1', 'b:a': '258k', 'abr': 'True'}",355.7314453125,-2.598,-0.712,0.8784216689819004,2.0048221070189256
"{'ar': '44100', 'sample_fmt': 'fltp', 'compression_level': '8', 'reservoir': '1', 'aq': '1'}",228.9697265625,-2.671,-0.792,0.8782022139930632,2.0117853809561077
"{'ar': '44100', 'sample_fmt': 'fltp', 'compression_level': '8', 'reservoir': '1', 'aq': '9'}",97.1474609375,-3.314,-1.668,0.751561380981002,0.45699829943235826
"{'ar': '16000', 'sample_fmt': 's16p', 'compression_level': '2', 'reservoir': '1', 'b:a': '32k', 'abr': 'True'}",43.390625,-3.31,-1.661,0.7716404940001667,0.5528200348921175
"{'ar': '44100', 'sample_fmt': 's16p', 'compression_level': '0', 'reservoir': '1', 'b:a': '185k', 'abr': 'True'}",251.3974609375,-2.642,-0.76,1.1616477599891368,2.0327108260972206
"{'ar': '44100', 'sample_fmt': 'fltp', 'compression_level': '7', 'reservoir': '1', 'b:a': '194k', 'abr': 'True'}",265.4287109375,-2.623,-0.74,0.7358806389966048,2.0923693222007227
"{'ar': '44100', 'sample_fmt': 's32p', 'compression_level': '7', 'reservoir': '1', 'b:a': '262k'}",356.8115234375,-2.604,-0.719,0.7437970370228868,1.9968613242084206
"{'ar': '44100', 'sample_fmt': 's16p', 'compression_level': '9', 'reservoir': '1', 'b:a': '143k', 'abr': 'True'}",190.8896484375,-2.799,-0.939,0.7327019129879773,1.7386983322937042
"{'ar': '44100', 'sample_fmt': 's16p', 'compression_level': '9', 'reservoir': '1', 'b:a': '143k', 'abr': 'True'}",190.8896484375,-2.799,-0.939,0.7363202399865258,1.7384308912910797
"{'ar': '16000', 'sample_fmt': 'fltp', 'compression_level': '7', 'reservoir': '1', 'b:a': '115k', 'abr': 'True'}",160.35546875,-3.77,-2.947,0.631935384037206,-1.1009415365900566
"{'ar': '16000', 'sample_fmt': 's16p', 'compression_level': '7', 'reservoir': '1', 'b:a': '32k'}",44.97265625,-3.439,-1.912,0.6690680449828506,0.17813502816929042
