params,file_size,peaq_score,distortion_index,processing_time,fitness
"{'ar': '48000', 'sample_fmt': 's32p', 'compression_level': '7', 'reservoir': '1', 'aq': '9'}",102.0546875,-3.349,-1.733,0.4706130640115589,0.36788109266739344
"{'ar': '48000', 'sample_fmt': 's32p', 'compression_level': '7', 'reservoir': '1', 'aq': '9'}",102.0546875,-3.349,-1.733,0.5515278160164598,0.3619004495657646
"{'ar': '48000', 'sample_fmt': 's32p', 'compression_level': '7', 'reservoir': '1', 'aq': '9'}",102.0546875,-3.349,-1.733,0.46653445399715565,0.3681825545175811
"{'ar': '48000', 'sample_fmt': 's32p', 'compression_level': '7', 'reservoir': '1', 'aq': '9'}",102.0546875,-3.349,-1.733,0.457615227001952,0.3688418003544527
"{'ar': '48000', 'sample_fmt': 's32p', 'compression_level': '7', 'reservoir': '1', 'aq': '9'}",102.0546875,-3.349,-1.733,0.4223843779764138,0.37144581419578965
"{'ar': '48000', 'sample_fmt': 's32p', 'compression_level': '7', 'reservoir': '1', 'aq': '9'}",102.0546875,-3.349,-1.733,0.45770286399056204,0.3688353228514215
"{'ar': '48000', 'sample_fmt': 's32p', 'compression_level': '7', 'reservoir': '1', 'aq': '9'}",102.0546875,-3.349,-1.733,0.46479025098960847,0.3683114736012643
"{'ar': '48000', 'sample_fmt': 's32p', 'compression_level': '7', 'reservoir': '1', 'aq': '9'}",102.0546875,-3.349,-1.733,0.5960154540080111,0.35861223970700096
"{'ar': '48000', 'sample_fmt': 's32p', 'compression_level': '8', 'reservoir': '1', 'aq': '9'}",102.0546875,-3.349,-1.733,0.6481409449770581,0.3547594940671927
"{'ar': '48000', 'sample_fmt': 's32p', 'compression_level': '8', 'reservoir': '1', 'aq': '9'}",102.0546875,-3.349,-1.733,0.4495836629939731,0.3694354364552801
"{'ar': '48000', 'sample_fmt': 's32p', 'compression_level': '8', 'reservoir': '1', 'aq': '9'}",102.0546875,-3.349,-1.733,0.45864144901861437,0.36876594932021456
"{'ar': '48000', 'sample_fmt': 's32p', 'compression_level': '8', 'reservoir': '1', 'aq': '9'}",102.0546875,-3.349,-1.733,0.4257407169789076,0.37119773748289586
"{'ar': '48000', 'sample_fmt': 's32p', 'compression_level': '8', 'reservoir': '1', 'aq': '9'}",102.0546875,-3.349,-1.733,0.4503977590065915,0.3693752642668807
"{'ar': '48000', 'sample_fmt': 's32p', 'compression_level': '8', 'reservoir': '1', 'aq': '9'}",102.0546875,-3.349,-1.733,0.44790557798114605,0.36955946856694377
"{'ar': '48000', 'sample_fmt': 's32p', 'compression_level': '8', 'reservoir': '1', 'aq': '9'}",102.0546875,-3.349,-1.733,0.4257496270001866,0.37119707891748005
"{'ar': '48000', 'sample_fmt': 's32p', 'compression_level': '8', 'reservoir': '1', 'aq': '9'}",102.0546875,-3.349,-1.733,0.5331130419799592,0.36326153871923295
"{'ar': '48000', 'sample_fmt': 's32p', 'compression_level': '9', 'reservoir': '1', 'aq': '9'}",102.0546875,-3.349,-1.733,0.4382826910004951,0.370270723946372
"{'ar': '48000', 'sample_fmt': 's32p', 'compression_level': '9', 'reservoir': '1', 'aq': '9'}",102.0546875,-3.349,-1.733,0.43257909500971437,0.3706922932050243
"{'ar': '48000', 'sample_fmt': 's32p', 'compression_level': '8', 'reservoir': '1', 'aq': '9'}",102.0546875,-3.349,-1.733,0.4198329549981281,0.3716343972397505
"{'ar': '48000', 'sample_fmt': 's32p', 'compression_level': '8', 'reservoir': '1', 'aq': '9'}",102.0546875,-3.349,-1.733,0.3992956060101278,0.37315237204048135
"{'ar': '48000', 'sample_fmt': 's32p', 'compression_level': '8', 'reservoir': '1', 'aq': '9'}",102.0546875,-3.349,-1.733,0.4142719460069202,0.37204542748129843
"{'ar': '48000', 'sample_fmt': 's32p', 'compression_level': '9', 'reservoir': '1', 'aq': '9'}",102.0546875,-3.349,-1.733,0.43130856700008735,0.37078620160105746
"{'ar': '48000', 'sample_fmt': 's32p', 'compression_level': '8', 'reservoir': '1', 'aq': '9'}",102.0546875,-3.349,-1.733,0.4094834430143237,0.3723993595725451
"{'ar': '48000', 'sample_fmt': 's32p', 'compression_level': '8', 'reservoir': '1', 'aq': '9'}",102.0546875,-3.349,-1.733,0.4185975710279308,0.37172570803829036
"{'ar': '44100', 'sample_fmt': 's32p', 'compression_level': '8', 'reservoir': '1', 'aq': '9'}",97.1474609375,-3.314,-1.668,0.4775787109974772,0.4772491501684955
"{'ar': '48000', 'sample_fmt': 's32p', 'compression_level': '8', 'reservoir': '1', 'aq': '9'}",102.0546875,-3.349,-1.733,0.40302274297573604,0.37287688857881496
"{'ar': '48000', 'sample_fmt': 's32p', 'compression_level': '8', 'reservoir': '1', 'aq': '9'}",102.0546875,-3.349,-1.733,0.46283736202167347,0.36845581726722054
"{'ar': '48000', 'sample_fmt': 's32p', 'compression_level': '8', 'reservoir': '1', 'aq': '9'}",102.0546875,-3.349,-1.733,0.5796693539887201,0.3598204271869921
"{'ar': '48000', 'sample_fmt': 's32p', 'compression_level': '8', 'reservoir': '1', 'aq': '9'}",102.0546875,-3.349,-1.733,0.45302471800823696,0.36918109813719274
"{'ar': '48000', 'sample_fmt': 's32p', 'compression_level': '8', 'reservoir': '1', 'aq': '9'}",102.0546875,-3.349,-1.733,0.4402924739988521,0.3701221750782476
"{'ar': '48000', 'sample_fmt': 's32p', 'compression_level': '8', 'reservoir': '1', 'aq': '9'}",102.0546875,-3.349,-1.733,0.673965755966492,0.35285070767326704
"{'ar': '48000', 'sample_fmt': 's32p', 'compression_level': '8', 'reservoir': '1', 'aq': '9'}",102.0546875,-3.349,-1.733,0.5980310799786821,0.35846325896791115
"{'ar': '44100', 'sample_fmt': 's32p', 'compression_level': '8', 'reservoir': '1', 'aq': '9'}",97.1474609375,-3.314,-1.668,0.44568600101047195,0.47960643250885887
"{'ar': '48000', 'sample_fmt': 's32p', 'compression_level': '8', 'reservoir': '1', 'b:a': '298k', 'abr': 'True'}",409.671875,-3.353,-1.74,0.4409724829602055,-0.13230990526144876
"{'ar': '48000', 'sample_fmt': 's32p', 'compression_level': '8', 'reservoir': '1', 'aq': '9'}",102.0546875,-3.349,-1.733,0.44571986197843216,0.3697210211517303
"{'ar': '48000', 'sample_fmt': 's32p', 'compression_level': '8', 'reservoir': '1', 'aq': '9'}",102.0546875,-3.349,-1.733,0.47345337699516676,0.3676711569284709
"{'ar': '48000', 'sample_fmt': 's32p', 'compression_level': '8', 'reservoir': '1', 'aq': '9'}",102.0546875,-3.349,-1.733,0.5231328340014443,0.3639992047259941
"{'ar': '48000', 'sample_fmt': 's32p', 'compression_level': '8', 'reservoir': '1', 'aq': '9'}",102.0546875,-3.349,-1.733,0.5026968510064762,0.3655096872733108
"{'ar': '48000', 'sample_fmt': 's32p', 'compression_level': '8', 'reservoir': '1', 'aq': '9'}",102.0546875,-3.349,-1.733,0.5705291269987356,0.36049600777199664
"{'ar': '48000', 'sample_fmt': 's32p', 'compression_level': '8', 'reservoir': '1', 'aq': '9'}",102.0546875,-3.349,-1.733,0.4110546809970401,0.372283224833582
"{'ar': '48000', 'sample_fmt': 's32p', 'compression_level': '8', 'reservoir': '1', 'aq': '9'}",102.0546875,-3.349,-1.733,0.49892547400668263,0.3657884406437233
"{'ar': '48000', 'sample_fmt': 's32p', 'compression_level': '7', 'reservoir': '1', 'aq': '9'}",102.0546875,-3.349,-1.733,0.4921810500090942,0.36628694050754534
"{'ar': '48000', 'sample_fmt': 's32p', 'compression_level': '8', 'reservoir': '1', 'b:a': '299k', 'abr': 'True'}",410.609375,-3.348,-1.731,0.47449316701386124,-0.12179463657627987
"{'ar': '48000', 'sample_fmt': 's32p', 'compression_level': '8', 'reservoir': '1', 'aq': '9'}",102.0546875,-3.349,-1.733,0.5916638310009148,0.35893388073627464
"{'ar': '48000', 'sample_fmt': 's32p', 'compression_level': '8', 'reservoir': '1', 'aq': '9'}",102.0546875,-3.349,-1.733,0.5442236499802675,0.3624403215808807
"{'ar': '48000', 'sample_fmt': 's32p', 'compression_level': '8', 'reservoir': '1', 'aq': '9'}",102.0546875,-3.349,-1.733,0.5384755260020029,0.36286518203173934
"{'ar': '48000', 'sample_fmt': 's32p', 'compression_level': '8', 'reservoir': '1', 'aq': '9'}",102.0546875,-3.349,-1.733,0.535521151003195,0.3630835484237561
"{'ar': '48000', 'sample_fmt': 's32p', 'compression_level': '8', 'reservoir': '1', 'aq': '9'}",102.0546875,-3.349,-1.733,0.48642218002351,0.36671259522685257
"{'ar': '44100', 'sample_fmt': 's32p', 'compression_level': '8', 'reservoir': '1', 'aq': '9'}",97.1474609375,-3.314,-1.668,0.5363021980156191,0.4729087275776017
"{'ar': '48000', 'sample_fmt': 's32p', 'compression_level': '8', 'reservoir': '1', 'aq': '9'}",102.0546875,-3.349,-1.733,0.439137314009713,0.3702075562905623
"{'ar': '48000', 'sample_fmt': 's32p', 'compression_level': '9', 'reservoir': '1', 'aq': '9'}",102.0546875,-3.349,-1.733,0.40469754897640087,0.372753098828414
"{'ar': '48000', 'sample_fmt': 's32p', 'compression_level': '8', 'reservoir': '1', 'aq': '9'}",102.0546875,-3.349,-1.733,0.42855406799935736,0.3709897945805695
"{'ar': '48000', 'sample_fmt': 's32p', 'compression_level': '8', 'reservoir': '1', 'aq': '9'}",102.0546875,-3.349,-1.733,0.4458631739835255,0.3697104285473732
"{'ar': '48000', 'sample_fmt': 's32p', 'compression_level': '8', 'reservoir': '1', 'aq': '9'}",102.0546875,-3.349,-1.733,0.45618954303790815,0.36894717677535727
"{'ar': '48000', 'sample_fmt': 's32p', 'compression_level': '7', 'reservoir': '1', 'aq': '9'}",102.0546875,-3.349,-1.733,0.815851291990839,0.34236353776643075
"{'ar': '48000', 'sample_fmt': 's32p', 'compression_level': '7', 'reservoir': '1', 'aq': '9'}",102.0546875,-3.349,-1.733,0.5285861910087988,0.36359613135360364
"{'ar': '44100', 'sample_fmt': 's32p', 'compression_level': '7', 'reservoir': '1', 'aq': '9'}",97.1474609375,-3.314,-1.668,0.4973360069852788,0.47578883133875816
"{'ar': '48000', 'sample_fmt': 's32p', 'compression_level': '7', 'reservoir': '1', 'aq': '9'}",102.0546875,-3.349,-1.733,0.6188672090065666,0.3569232004711896
"{'ar': '48000', 'sample_fmt': 's32p', 'compression_level': '7', 'reservoir': '1', 'aq': '9'}",102.0546875,-3.349,-1.733,0.5022773559903726,0.3655406933619666
"{'ar': '48000', 'sample_fmt': 's32p', 'compression_level': '7', 'reservoir': '1', 'aq': '9'}",102.0546875,-3.349,-1.733,0.5043292499904055,0.3653890319480402
"{'ar': '48000', 'sample_fmt': 's32p', 'compression_level': '7', 'reservoir': '1', 'aq': '9'}",102.0546875,-3.349,-1.733,0.7348052120069042,0.34835388769842607
"{'ar': '48000', 'sample_fmt': 's32p', 'compression_level': '7', 'reservoir': '1', 'aq': '9'}",102.0546875,-3.349,-1.733,1.0400216839916538,0.32579445641488813
"{'ar': '48000', 'sample_fmt': 's32p', 'compression_level': '7', 'reservoir': '1', 'aq': '9'}",102.0546875,-3.349,-1.733,0.7972970630216878,0.343734934436888
"{'ar': '48000', 'sample_fmt': 's32p', 'compression_level': '7', 'reservoir': '1', 'aq': '9'}",102.0546875,-3.349,-1.733,0.8113186749978922,0.34269855658413106
"{'ar': '48000', 'sample_fmt': 's32p', 'compression_level': '7', 'reservoir': '1', 'aq': '9'}",102.0546875,-3.349,-1.733,0.7277189749875106,0.34887765195026454
"{'ar': '48000', 'sample_fmt': 's32p', 'compression_level': '7', 'reservoir': '1', 'aq': '9'}",102.0546875,-3.349,-1.733,0.6934627270093188,0.3514096302123502
"{'ar': '48000', 'sample_fmt': 's32p', 'compression_level': '6', 'reservoir': '1', 'aq': '9'}",110.65625,-3.337,-1.711,0.5615597529977094,0.38233309030143114
"{'ar': '48000', 'sample_fmt': 's32p', 'compression_level': '7', 'reservoir': '1', 'aq': '9'}",102.0546875,-3.349,-1.733,0.4750825469964184,0.36755074026663925
"{'ar': '48000', 'sample_fmt': 's32p', 'compression_level': '7', 'reservoir': '1', 'aq': '9'}",102.0546875,-3.349,-1.733,0.43397576399729587,0.3705890613648608
"{'ar': '44100', 'sample_fmt': 's32p', 'compression_level': '7', 'reservoir': '1', 'aq': '9'}",97.1474609375,-3.314,-1.668,0.593267939024372,0.4686982250727861
"{'ar': '48000', 'sample_fmt': 's32p', 'compression_level': '7', 'reservoir': '1', 'aq': '9'}",102.0546875,-3.349,-1.733,0.5746987479797099,0.36018781903831854
"{'ar': '48000', 'sample_fmt': 's32p', 'compression_level': '7', 'reservoir': '1', 'aq': '9'}",102.0546875,-3.349,-1.733,0.573395610001171,0.3602841377313715
"{'ar': '48000', 'sample_fmt': 's32p', 'compression_level': '8', 'reservoir': '1', 'aq': '9'}",102.0546875,-3.349,-1.733,0.4161325540044345,0.3719079045684865
"{'ar': '48000', 'sample_fmt': 's32p', 'compression_level': '8', 'reservoir': '1', 'aq': '9'}",102.0546875,-3.349,-1.733,0.5244011389731895,0.3639054606411136
"{'ar': '48000', 'sample_fmt': 's32p', 'compression_level': '7', 'reservoir': '1', 'aq': '9'}",102.0546875,-3.349,-1.733,0.4245864779804833,0.37128305062212585
"{'ar': '48000', 'sample_fmt': 's32p', 'compression_level': '6', 'reservoir': '1', 'aq': '9'}",110.65625,-3.337,-1.711,0.4248770289996173,0.39243570533931094
"{'ar': '44100', 'sample_fmt': 's32p', 'compression_level': '7', 'reservoir': '1', 'aq': '9'}",97.1474609375,-3.314,-1.668,0.40406000197981484,0.4826831303641032
"{'ar': '48000', 'sample_fmt': 's32p', 'compression_level': '7', 'reservoir': '1', 'aq': '9'}",102.0546875,-3.349,-1.733,0.49013237000326626,0.3664383643658741
"{'ar': '48000', 'sample_fmt': 's32p', 'compression_level': '7', 'reservoir': '1', 'aq': '9'}",102.0546875,-3.349,-1.733,0.41113995999330655,0.3722769216165777
"{'ar': '44100', 'sample_fmt': 's32p', 'compression_level': '8', 'reservoir': '1', 'aq': '9'}",97.1474609375,-3.314,-1.668,0.41921999398618937,0.48156261155428
"{'ar': '48000', 'sample_fmt': 's32p', 'compression_level': '7', 'reservoir': '1', 'aq': '9'}",102.0546875,-3.349,-1.733,0.409018365025986,0.3724337348303782
"{'ar': '48000', 'sample_fmt': 's32p', 'compression_level': '6', 'reservoir': '1', 'aq': '9'}",110.65625,-3.337,-1.711,0.422987331985496,0.392575378305385
"{'ar': '48000', 'sample_fmt': 's32p', 'compression_level': '7', 'reservoir': '1', 'aq': '9'}",102.0546875,-3.349,-1.733,0.4082603880087845,0.3724897591016859
"{'ar': '48000', 'sample_fmt': 's32p', 'compression_level': '7', 'reservoir': '1', 'aq': '9'}",102.0546875,-3.349,-1.733,0.40671049398952164,0.37260431624664264
"{'ar': '48000', 'sample_fmt': 's32p', 'compression_level': '6', 'reservoir': '1', 'b:a': '308k', 'abr': 'True'}",412.671875,-3.466,-1.97,0.5114188350271434,-0.4781422020391579
"{'ar': '48000', 'sample_fmt': 's32p', 'compression_level': '7', 'reservoir': '1', 'aq': '9'}",102.0546875,-3.349,-1.733,0.41235513499123044,0.3721871045215669
"{'ar': '44100', 'sample_fmt': 's32p', 'compression_level': '7', 'reservoir': '1', 'aq': '9'}",97.1474609375,-3.314,-1.668,0.4408546810154803,0.47996352932846054
"{'ar': '48000', 'sample_fmt': 's32p', 'compression_level': '7', 'reservoir': '1', 'aq': '9'}",102.0546875,-3.349,-1.733,0.42156722000800073,0.37150621270218853
"{'ar': '48000', 'sample_fmt': 's32p', 'compression_level': '7', 'reservoir': '1', 'aq': '9'}",102.0546875,-3.349,-1.733,0.43064525502268225,0.3708352289057652
"{'ar': '48000', 'sample_fmt': 's32p', 'compression_level': '7', 'reservoir': '1', 'aq': '9'}",102.0546875,-3.349,-1.733,0.42907446500612423,0.3709513305342552
"{'ar': '44100', 'sample_fmt': 's32p', 'compression_level': '7', 'reservoir': '1', 'aq': '9'}",97.1474609375,-3.314,-1.668,0.5339356150070671,0.4730836485653553
"{'ar': '48000', 'sample_fmt': 's32p', 'compression_level': '7', 'reservoir': '1', 'aq': '9'}",102.0546875,-3.349,-1.733,0.6418886839819606,0.35522161674153085
"{'ar': '44100', 'sample_fmt': 's32p', 'compression_level': '8', 'reservoir': '1', 'aq': '9'}",97.1474609375,-3.314,-1.668,0.4945553870347794,0.475994354993137
"{'ar': '48000', 'sample_fmt': 'fltp', 'compression_level': '8', 'reservoir': '1', 'aq': '9'}",102.0546875,-3.349,-1.733,0.4716731260123197,0.36780274042215927
"{'ar': '48000', 'sample_fmt': 's32p', 'compression_level': '7', 'reservoir': '1', 'aq': '9'}",102.0546875,-3.349,-1.733,0.5714300239924341,0.36042941987229804
"{'ar': '48000', 'sample_fmt': 's32p', 'compression_level': '7', 'reservoir': '1', 'aq': '9'}",102.0546875,-3.349,-1.733,0.4478096710226964,0.3695665573273396
"{'ar': '48000', 'sample_fmt': 's32p', 'compression_level': '7', 'reservoir': '1', 'aq': '9'}",102.0546875,-3.349,-1.733,0.535522296995623,0.3630834637201447
"{'ar': '48000', 'sample_fmt': 's32p', 'compression_level': '7', 'reservoir': '1', 'aq': '9'}",102.0546875,-3.349,-1.733,0.45020156403188594,0.3693897656043127
"{'ar': '48000', 'sample_fmt': 's32p', 'compression_level': '7', 'reservoir': '1', 'aq': '9'}",102.0546875,-3.349,-1.733,0.4675353759957943,0.3681085734807726
"{'ar': '48000', 'sample_fmt': 's32p', 'compression_level': '7', 'reservoir': '1', 'b:a': '308k', 'abr': 'True'}",422.609375,-3.336,-1.708,0.4589037569821812,-0.10457555608768396
"{'ar': '32000', 'sample_fmt': 's32p', 'compression_level': '8', 'reservoir': '1', 'aq': '9'}",81.7109375,-3.518,-2.09,0.4325698690081481,-0.1032233693093982
"{'ar': '48000', 'sample_fmt': 's32p', 'compression_level': '7', 'reservoir': '1', 'aq': '9'}",102.0546875,-3.349,-1.733,0.5566429850005079,0.3615223726472781
"{'ar': '48000', 'sample_fmt': 's32p', 'compression_level': '7', 'reservoir': '1', 'aq': '9'}",102.0546875,-3.349,-1.733,0.48107624700060114,0.36710772858218055
"{'ar': '48000', 'sample_fmt': 'fltp', 'compression_level': '7', 'reservoir': '1', 'aq': '9'}",102.0546875,-3.349,-1.733,0.44791394600179046,0.3695588500623609
"{'ar': '48000', 'sample_fmt': 's32p', 'compression_level': '7', 'reservoir': '1', 'aq': '9'}",102.0546875,-3.349,-1.733,0.4918567019922193,0.36631091400658705
"{'ar': '44100', 'sample_fmt': 's32p', 'compression_level': '7', 'reservoir': '1', 'aq': '9'}",97.1474609375,-3.314,-1.668,0.43600018898723647,0.4803223388599891
"{'ar': '48000', 'sample_fmt': 's32p', 'compression_level': '7', 'reservoir': '1', 'aq': '9'}",102.0546875,-3.349,-1.733,0.485549153003376,0.3667771231762824
"{'ar': '48000', 'sample_fmt': 's32p', 'compression_level': '7', 'reservoir': '1', 'aq': '9'}",102.0546875,-3.349,-1.733,0.47967298701405525,0.3672114475821204
"{'ar': '48000', 'sample_fmt': 's32p', 'compression_level': '7', 'reservoir': '1', 'aq': '9'}",102.0546875,-3.349,-1.733,0.5424534389749169,0.36257116299082454
"{'ar': '48000', 'sample_fmt': 's32p', 'compression_level': '8', 'reservoir': '1', 'aq': '9'}",102.0546875,-3.349,-1.733,0.44181292899884284,0.37000979385626126
"{'ar': '48000', 'sample_fmt': 's32p', 'compression_level': '7', 'reservoir': '1', 'aq': '9'}",102.0546875,-3.349,-1.733,0.42073009701562114,0.3715680868811922
"{'ar': '48000', 'sample_fmt': 's32p', 'compression_level': '7', 'reservoir': '1', 'aq': '9'}",102.0546875,-3.349,-1.733,0.5924072769994382,0.3588789304945408
"{'ar': '48000', 'sample_fmt': 's32p', 'compression_level': '7', 'reservoir': '1', 'aq': '9'}",102.0546875,-3.349,-1.733,0.4582415540062357,0.3687955067159662
"{'ar': '44100', 'sample_fmt': 's32p', 'compression_level': '7', 'reservoir': '1', 'aq': '9'}",97.1474609375,-3.314,-1.668,0.465238122997107,0.47816127868234165
"{'ar': '48000', 'sample_fmt': 's32p', 'compression_level': '7', 'reservoir': '1', 'aq': '9'}",102.0546875,-3.349,-1.733,0.47921591097838245,0.3672452313925126
"{'ar': '44100', 'sample_fmt': 's32p', 'compression_level': '7', 'reservoir': '1', 'aq': '9'}",97.1474609375,-3.314,-1.668,0.53297323800507,0.4731547806300968
"{'ar': '48000', 'sample_fmt': 's32p', 'compression_level': '7', 'reservoir': '1', 'aq': '9'}",102.0546875,-3.349,-1.733,0.441092147026211,0.37006306893436
"{'ar': '48000', 'sample_fmt': 's32p', 'compression_level': '7', 'reservoir': '1', 'aq': '9'}",102.0546875,-3.349,-1.733,0.4528855820244644,0.3691913820797486
"{'ar': '48000', 'sample_fmt': 'fltp', 'compression_level': '7', 'reservoir': '1', 'aq': '9'}",102.0546875,-3.349,-1.733,0.4494631410052534,0.3694443445836816
"{'ar': '48000', 'sample_fmt': 's32p', 'compression_level': '7', 'reservoir': '1', 'aq': '9'}",102.0546875,-3.349,-1.733,0.4459435449971352,0.36970448809354733
"{'ar': '48000', 'sample_fmt': 's32p', 'compression_level': '7', 'reservoir': '1', 'aq': '9'}",102.0546875,-3.349,-1.733,0.7292181589582469,0.3487668429315072
"{'ar': '48000', 'sample_fmt': 's32p', 'compression_level': '7', 'reservoir': '1', 'aq': '9'}",102.0546875,-3.349,-1.733,0.4707014709711075,0.36787455825358556
"{'ar': '48000', 'sample_fmt': 's32p', 'compression_level': '7', 'reservoir': '1', 'aq': '9'}",102.0546875,-3.349,-1.733,0.46827210698393174,0.36805411956485756
"{'ar': '48000', 'sample_fmt': 's32p', 'compression_level': '7', 'reservoir': '1', 'aq': '9'}",102.0546875,-3.349,-1.733,0.6230419420171529,0.35661463389263304
"{'ar': '48000', 'sample_fmt': 's32p', 'compression_level': '7', 'reservoir': '1', 'aq': '9'}",102.0546875,-3.349,-1.733,0.6038756219786592,0.3580312719824944
"{'ar': '48000', 'sample_fmt': 's32p', 'compression_level': '7', 'reservoir': '1', 'aq': '9'}",102.0546875,-3.349,-1.733,0.46228098301799037,0.36849694084688706
"{'ar': '48000', 'sample_fmt': 's32p', 'compression_level': '7', 'reservoir': '1', 'aq': '9'}",102.0546875,-3.349,-1.733,0.6248902829829603,0.3564780176715768
"{'ar': '48000', 'sample_fmt': 's32p', 'compression_level': '7', 'reservoir': '1', 'aq': '9'}",102.0546875,-3.349,-1.733,0.7150657119927928,0.3498128911763314
"{'ar': '48000', 'sample_fmt': 's32p', 'compression_level': '7', 'reservoir': '1', 'aq': '9'}",102.0546875,-3.349,-1.733,0.6573841709760018,0.3540763005278486
"{'ar': '48000', 'sample_fmt': 's32p', 'compression_level': '7', 'reservoir': '1', 'aq': '9'}",102.0546875,-3.349,-1.733,0.557656101998873,0.3614474902428057
"{'ar': '48000', 'sample_fmt': 's32p', 'compression_level': '7', 'reservoir': '1', 'aq': '9'}",102.0546875,-3.349,-1.733,0.6509885690174997,0.35454901794693633
"{'ar': '44100', 'sample_fmt': 's32p', 'compression_level': '7', 'reservoir': '1', 'aq': '9'}",97.1474609375,-3.314,-1.668,0.42058543299208395,0.48146168801229344
"{'ar': '48000', 'sample_fmt': 's32p', 'compression_level': '7', 'reservoir': '1', 'aq': '9'}",102.0546875,-3.349,-1.733,0.3983868799696211,0.37321953860764945
"{'ar': '48000', 'sample_fmt': 's32p', 'compression_level': '7', 'reservoir': '1', 'aq': '9'}",102.0546875,-3.349,-1.733,0.4147487060108688,0.37201018877193953
"{'ar': '48000', 'sample_fmt': 's32p', 'compression_level': '8', 'reservoir': '1', 'aq': '9'}",102.0546875,-3.349,-1.733,0.4108738449867815,0.3722965909455762
"{'ar': '44100', 'sample_fmt': 's32p', 'compression_level': '6', 'reservoir': '1', 'aq': '9'}",105.197265625,-3.343,-1.721,0.41356404600082897,0.3848483776503357
"{'ar': '48000', 'sample_fmt': 's32p', 'compression_level': '7', 'reservoir': '1', 'aq': '9'}",102.0546875,-3.349,-1.733,0.39880320098018274,0.3731887671189137
"{'ar': '48000', 'sample_fmt': 's32p', 'compression_level': '7', 'reservoir': '1', 'aq': '9'}",102.0546875,-3.349,-1.733,0.3991853919578716,0.37316051827951685
"{'ar': '48000', 'sample_fmt': 'fltp', 'compression_level': '7', 'reservoir': '1', 'aq': '9'}",102.0546875,-3.349,-1.733,0.3966276479768567,0.3733495685270522
"{'ar': '48000', 'sample_fmt': 's32p', 'compression_level': '7', 'reservoir': '1', 'aq': '9'}",102.0546875,-3.349,-1.733,0.40392876698751934,0.37280992172639654
"{'ar': '48000', 'sample_fmt': 's32p', 'compression_level': '7', 'reservoir': '1', 'aq': '9'}",102.0546875,-3.349,-1.733,0.4351473129936494,0.3705024687936713
"{'ar': '48000', 'sample_fmt': 's32p', 'compression_level': '7', 'reservoir': '1', 'aq': '9'}",102.0546875,-3.349,-1.733,0.4330366690119263,0.37065847258848644
"{'ar': '48000', 'sample_fmt': 's32p', 'compression_level': '7', 'reservoir': '1', 'aq': '9'}",102.0546875,-3.349,-1.733,0.4627521759830415,0.3684621136134575
"{'ar': '48000', 'sample_fmt': 's32p', 'compression_level': '7', 'reservoir': '1', 'aq': '9'}",102.0546875,-3.349,-1.733,0.5420602430240251,0.3626002252395866
"{'ar': '48000', 'sample_fmt': 's32p', 'compression_level': '7', 'reservoir': '1', 'aq': '9'}",102.0546875,-3.349,-1.733,0.43977724100113846,0.3701602574377328
"{'ar': '48000', 'sample_fmt': 's32p', 'compression_level': '7', 'reservoir': '1', 'aq': '9'}",102.0546875,-3.349,-1.733,0.43025313699035905,0.3708642114824515
"{'ar': '48000', 'sample_fmt': 's32p', 'compression_level': '7', 'reservoir': '1', 'aq': '9'}",102.0546875,-3.349,-1.733,0.41313058900414035,0.3721297884750114
"{'ar': '48000', 'sample_fmt': 's32p', 'compression_level': '8', 'reservoir': '1', 'aq': '9'}",102.0546875,-3.349,-1.733,0.4272200220148079,0.371088397773647
"{'ar': '48000', 'sample_fmt': 's32p', 'compression_level': '7', 'reservoir': '1', 'aq': '9'}",102.0546875,-3.349,-1.733,0.43172060398501344,0.3707557467570339
"{'ar': '48000', 'sample_fmt': 's32p', 'compression_level': '7', 'reservoir': '1', 'aq': '9'}",102.0546875,-3.349,-1.733,0.4231487760262098,0.37138931532741104
"{'ar': '48000', 'sample_fmt': 's32p', 'compression_level': '8', 'reservoir': '1', 'aq': '9'}",102.0546875,-3.349,-1.733,0.4090811249916442,0.37242909605998875
"{'ar': '48000', 'sample_fmt': 's32p', 'compression_level': '7', 'reservoir': '1', 'aq': '9'}",102.0546875,-3.349,-1.733,0.4778207640047185,0.36734835073623
"{'ar': '44100', 'sample_fmt': 's32p', 'compression_level': '7', 'reservoir': '1', 'aq': '9'}",97.1474609375,-3.314,-1.668,0.3998350970214233,0.4829954052962801
"{'ar': '48000', 'sample_fmt': 's32p', 'compression_level': '7', 'reservoir': '1', 'aq': '9'}",102.0546875,-3.349,-1.733,0.41696087599848397,0.3718466808966974
"{'ar': '48000', 'sample_fmt': 's32p', 'compression_level': '7', 'reservoir': '1', 'aq': '9'}",102.0546875,-3.349,-1.733,0.43861316397669725,0.37024629773389
"{'ar': '48000', 'sample_fmt': 'fltp', 'compression_level': '7', 'reservoir': '1', 'aq': '9'}",102.0546875,-3.349,-1.733,0.42330624695750885,0.3713776761959098
"{'ar': '48000', 'sample_fmt': 's32p', 'compression_level': '7', 'reservoir': '1', 'aq': '9'}",102.0546875,-3.349,-1.733,0.426162870018743,0.3711665349320264
"{'ar': '48000', 'sample_fmt': 's32p', 'compression_level': '7', 'reservoir': '1', 'aq': '9'}",102.0546875,-3.349,-1.733,0.42008408400579356,0.37161583556922567
"{'ar': '48000', 'sample_fmt': 's32p', 'compression_level': '7', 'reservoir': '1', 'aq': '9'}",102.0546875,-3.349,-1.733,0.4724293719918933,0.367746844096844
"{'ar': '48000', 'sample_fmt': 's32p', 'compression_level': '7', 'reservoir': '1', 'aq': '9'}",102.0546875,-3.349,-1.733,0.8030312049959321,0.3433111074363437
"{'ar': '48000', 'sample_fmt': 's32p', 'compression_level': '7', 'reservoir': '1', 'aq': '9'}",102.0546875,-3.349,-1.733,0.6560642370022833,0.35417386066143275
"{'ar': '44100', 'sample_fmt': 's32p', 'compression_level': '7', 'reservoir': '1', 'aq': '9'}",97.1474609375,-3.314,-1.668,0.5125858170213178,0.47466167381885793
"{'ar': '48000', 'sample_fmt': 's32p', 'compression_level': '8', 'reservoir': '1', 'aq': '9'}",102.0546875,-3.349,-1.733,0.5337894019903615,0.36321154699670766
"{'ar': '48000', 'sample_fmt': 's32p', 'compression_level': '7', 'reservoir': '1', 'aq': '9'}",102.0546875,-3.349,-1.733,0.6187269969959743,0.35693356394599657
"{'ar': '44100', 'sample_fmt': 's32p', 'compression_level': '7', 'reservoir': '1', 'aq': '9'}",97.1474609375,-3.314,-1.668,0.45734800698119216,0.47874445995340054
"{'ar': '48000', 'sample_fmt': 's32p', 'compression_level': '7', 'reservoir': '1', 'b:a': '308k', 'abr': 'True'}",422.609375,-3.336,-1.708,0.4728459140169434,-0.10560606119615572
"{'ar': '48000', 'sample_fmt': 's32p', 'compression_level': '7', 'reservoir': '1', 'aq': '9'}",102.0546875,-3.349,-1.733,0.46606806499767117,0.3682170266760359
"{'ar': '48000', 'sample_fmt': 's32p', 'compression_level': '6', 'reservoir': '1', 'aq': '9'}",110.65625,-3.337,-1.711,0.472156381001696,0.3889411518321385
"{'ar': '48000', 'sample_fmt': 's32p', 'compression_level': '7', 'reservoir': '1', 'aq': '9'}",102.0546875,-3.349,-1.733,0.4478582149895374,0.36956296930249594
"{'ar': '48000', 'sample_fmt': 's32p', 'compression_level': '7', 'reservoir': '1', 'aq': '9'}",102.0546875,-3.349,-1.733,0.5504602059954777,0.36197935970698125
"{'ar': '48000', 'sample_fmt': 's32p', 'compression_level': '7', 'reservoir': '1', 'aq': '9'}",102.0546875,-3.349,-1.733,0.46143844703328796,0.3685592151157927
"{'ar': '48000', 'sample_fmt': 's32p', 'compression_level': '7', 'reservoir': '1', 'aq': '9'}",102.0546875,-3.349,-1.733,0.45337159000337124,0.369155459825841
"{'ar': '48000', 'sample_fmt': 's32p', 'compression_level': '7', 'reservoir': '1', 'aq': '9'}",102.0546875,-3.349,-1.733,0.5728420920204371,0.3603250498445657
"{'ar': '48000', 'sample_fmt': 's32p', 'compression_level': '9', 'reservoir': '1', 'aq': '9'}",102.0546875,-3.349,-1.733,0.5079318420030177,0.3651227539636881
"{'ar': '48000', 'sample_fmt': 's32p', 'compression_level': '7', 'reservoir': '1', 'aq': '9'}",102.0546875,-3.349,-1.733,0.4617567080131266,0.36853569152724514
"{'ar': '48000', 'sample_fmt': 's32p', 'compression_level': '7', 'reservoir': '1', 'aq': '9'}",102.0546875,-3.349,-1.733,0.5883964459935669,0.359175382602379
"{'ar': '48000', 'sample_fmt': 's32p', 'compression_level': '7', 'reservoir': '1', 'b:a': '308k', 'abr': 'True'}",422.609375,-3.336,-1.708,0.44239549900521524,-0.10335538304453021
"{'ar': '48000', 'sample_fmt': 's32p', 'compression_level': '7', 'reservoir': '1', 'aq': '9'}",102.0546875,-3.349,-1.733,0.4205693499825429,0.3715799681588414
"{'ar': '44100', 'sample_fmt': 's32p', 'compression_level': '7', 'reservoir': '1', 'aq': '9'}",97.1474609375,-3.314,-1.668,0.5218643129919656,0.4739758733740023
"{'ar': '48000', 'sample_fmt': 's32p', 'compression_level': '6', 'reservoir': '1', 'aq': '9'}",110.65625,-3.337,-1.711,0.4857145840069279,0.38793902587531903
"{'ar': '48000', 'sample_fmt': 's32p', 'compression_level': '7', 'reservoir': '1', 'aq': '9'}",102.0546875,-3.349,-1.733,0.46443970000837,0.3683373838371084
"{'ar': '48000', 'sample_fmt': 's32p', 'compression_level': '7', 'reservoir': '1', 'aq': '9'}",102.0546875,-3.349,-1.733,0.41846941903349943,0.37173518012245876
"{'ar': '44100', 'sample_fmt': 's32p', 'compression_level': '7', 'reservoir': '1', 'aq': '9'}",97.1474609375,-3.314,-1.668,0.42821542703313753,0.48089773310794753
"{'ar': '48000', 'sample_fmt': 's32p', 'compression_level': '7', 'reservoir': '1', 'aq': '9'}",102.0546875,-3.349,-1.733,0.42913962903548963,0.3709465140725713
"{'ar': '48000', 'sample_fmt': 's32p', 'compression_level': '7', 'reservoir': '1', 'aq': '9'}",102.0546875,-3.349,-1.733,0.42817927899886854,0.3710174963184455
"{'ar': '48000', 'sample_fmt': 's32p', 'compression_level': '6', 'reservoir': '1', 'aq': '9'}",110.65625,-3.337,-1.711,0.4327235239907168,0.39185574822422714
"{'ar': '48000', 'sample_fmt': 's32p', 'compression_level': '7', 'reservoir': '1', 'aq': '9'}",102.0546875,-3.349,-1.733,0.510857676010346,0.3649064971188129
"{'ar': '48000', 'sample_fmt': 's32p', 'compression_level': '7', 'reservoir': '1', 'aq': '9'}",102.0546875,-3.349,-1.733,0.5007622060074937,0.3656526824748108
"{'ar': '48000', 'sample_fmt': 's32p', 'compression_level': '8', 'reservoir': '1', 'aq': '9'}",102.0546875,-3.349,-1.733,0.428571958997054,0.3709884722052387
"{'ar': '48000', 'sample_fmt': 's32p', 'compression_level': '7', 'reservoir': '1', 'aq': '9'}",102.0546875,-3.349,-1.733,0.43192910999641754,0.37074033547531016
"{'ar': '48000', 'sample_fmt': 's32p', 'compression_level': '7', 'reservoir': '1', 'aq': '9'}",102.0546875,-3.349,-1.733,0.4458822870219592,0.36970901584748067
"{'ar': '48000', 'sample_fmt': 's32p', 'compression_level': '7', 'reservoir': '1', 'aq': '9'}",102.0546875,-3.349,-1.733,0.45250591600779444,0.36921944429198134
"{'ar': '48000', 'sample_fmt': 's32p', 'compression_level': '7', 'reservoir': '1', 'aq': '9'}",102.0546875,-3.349,-1.733,0.7823486459674314,0.3448398151307125
"{'ar': '48000', 'sample_fmt': 's32p', 'compression_level': '7', 'reservoir': '1', 'aq': '9'}",102.0546875,-3.349,-1.733,0.5069403190282173,0.36519604029148883
"{'ar': '48000', 'sample_fmt': 's32p', 'compression_level': '7', 'reservoir': '1', 'aq': '9'}",102.0546875,-3.349,-1.733,0.5703067859867588,0.36051244163858515
"{'ar': '48000', 'sample_fmt': 's32p', 'compression_level': '7', 'reservoir': '1', 'aq': '9'}",102.0546875,-3.349,-1.733,0.5044793979614042,0.36537793407769237
"{'ar': '48000', 'sample_fmt': 's32p', 'compression_level': '6', 'reservoir': '1', 'aq': '9'}",110.65625,-3.337,-1.711,0.4903757959837094,0.38759450223082365
"{'ar': '44100', 'sample_fmt': 's32p', 'compression_level': '7', 'reservoir': '1', 'aq': '9'}",97.1474609375,-3.314,-1.668,0.455878187000053,0.47885309859484754
"{'ar': '48000', 'sample_fmt': 's32p', 'compression_level': '7', 'reservoir': '1', 'aq': '9'}",102.0546875,-3.349,-1.733,0.4600792159908451,0.36865967980926434
"{'ar': '48000', 'sample_fmt': 's32p', 'compression_level': '8', 'reservoir': '1', 'aq': '9'}",102.0546875,-3.349,-1.733,0.5509362750453874,0.3619441720680317
"{'ar': '44100', 'sample_fmt': 's32p', 'compression_level': '8', 'reservoir': '1', 'aq': '9'}",97.1474609375,-3.314,-1.668,0.45609332696767524,0.4788371969782528
"{'ar': '44100', 'sample_fmt': 's32p', 'compression_level': '7', 'reservoir': '1', 'aq': '9'}",97.1474609375,-3.314,-1.668,0.5110199800110422,0.47477740935634327
"{'ar': '48000', 'sample_fmt': 's32p', 'compression_level': '6', 'reservoir': '1', 'aq': '9'}",110.65625,-3.337,-1.711,0.5026064110279549,0.3866905021359014
"{'ar': '44100', 'sample_fmt': 's32p', 'compression_level': '7', 'reservoir': '1', 'aq': '9'}",97.1474609375,-3.314,-1.668,0.49638755098567344,0.47585893446199207
"{'ar': '48000', 'sample_fmt': 's32p', 'compression_level': '7', 'reservoir': '1', 'aq': '9'}",102.0546875,-3.349,-1.733,0.5950143710069824,0.3586862326439613
"{'ar': '48000', 'sample_fmt': 's32p', 'compression_level': '7', 'reservoir': '1', 'aq': '9'}",102.0546875,-3.349,-1.733,0.48416375400847755,0.36687952201872515
"{'ar': '48000', 'sample_fmt': 's32p', 'compression_level': '7', 'reservoir': '1', 'aq': '9'}",102.0546875,-3.349,-1.733,0.4460986190242693,0.36969302612415805
"{'ar': '48000', 'sample_fmt': 's32p', 'compression_level': '6', 'reservoir': '1', 'aq': '9'}",110.65625,-3.337,-1.711,0.5018029029888567,0.38674989173658686
"{'ar': '48000', 'sample_fmt': 's32p', 'compression_level': '7', 'reservoir': '1', 'aq': '9'}",102.0546875,-3.349,-1.733,0.42934115300886333,0.37093161885345105
"{'ar': '48000', 'sample_fmt': 's32p', 'compression_level': '7', 'reservoir': '1', 'aq': '9'}",102.0546875,-3.349,-1.733,0.4298101589665748,0.3708969532680527
"{'ar': '48000', 'sample_fmt': 's32p', 'compression_level': '7', 'reservoir': '1', 'aq': '9'}",102.0546875,-3.349,-1.733,0.6374129669857211,0.3555524299160776
"{'ar': '48000', 'sample_fmt': 's32p', 'compression_level': '7', 'reservoir': '1', 'aq': '9'}",102.0546875,-3.349,-1.733,0.49435811999137513,0.3661260269751093
"{'ar': '48000', 'sample_fmt': 's32p', 'compression_level': '7', 'reservoir': '1', 'aq': '9'}",102.0546875,-3.349,-1.733,0.5643670059798751,0.36095146794025645
"{'ar': '48000', 'sample_fmt': 's32p', 'compression_level': '7', 'reservoir': '1', 'aq': '9'}",102.0546875,-3.349,-1.733,0.4929042200092226,0.36623348892343477
"{'ar': '48000', 'sample_fmt': 's32p', 'compression_level': '7', 'reservoir': '1', 'aq': '9'}",102.0546875,-3.349,-1.733,0.45901306200539693,0.36873848233068784
"{'ar': '48000', 'sample_fmt': 's32p', 'compression_level': '7', 'reservoir': '1', 'aq': '9'}",102.0546875,-3.349,-1.733,0.44939537698519416,0.36944935321818967
"{'ar': '48000', 'sample_fmt': 's32p', 'compression_level': '7', 'reservoir': '1', 'aq': '9'}",102.0546875,-3.349,-1.733,0.47295889601809904,0.3677077054461529
"{'ar': '44100', 'sample_fmt': 's32p', 'compression_level': '7', 'reservoir': '1', 'aq': '9'}",97.1474609375,-3.314,-1.668,0.45409572499920614,0.4789848455112644
"{'ar': '44100', 'sample_fmt': 's32p', 'compression_level': '7', 'reservoir': '1', 'aq': '9'}",97.1474609375,-3.314,-1.668,0.4566230269847438,0.47879804531956854
"{'ar': '48000', 'sample_fmt': 's32p', 'compression_level': '8', 'reservoir': '1', 'aq': '9'}",102.0546875,-3.349,-1.733,0.4675600470218342,0.3681067499739578
"{'ar': '48000', 'sample_fmt': 's32p', 'compression_level': '7', 'reservoir': '1', 'aq': '9'}",102.0546875,-3.349,-1.733,0.6176206210220698,0.35701533939079727
"{'ar': '48000', 'sample_fmt': 's32p', 'compression_level': '7', 'reservoir': '1', 'aq': '9'}",102.0546875,-3.349,-1.733,0.4888353010173887,0.36653423448214484
"{'ar': '44100', 'sample_fmt': 's32p', 'compression_level': '7', 'reservoir': '1', 'aq': '9'}",97.1474609375,-3.314,-1.668,0.4846886809973512,0.4767236317434998
"{'ar': '48000', 'sample_fmt': 's32p', 'compression_level': '7', 'reservoir': '1', 'aq': '9'}",102.0546875,-3.349,-1.733,0.480643192975549,0.3671397368563628
"{'ar': '48000', 'sample_fmt': 's32p', 'compression_level': '7', 'reservoir': '1', 'aq': '9'}",102.0546875,-3.349,-1.733,0.4567912040220108,0.36890270627368815
"{'ar': '48000', 'sample_fmt': 's32p', 'compression_level': '7', 'reservoir': '1', 'b:a': '303k', 'abr': 'True'}",416.234375,-3.343,-1.722,0.46300376497674733,-0.1154322202307971
"{'ar': '48000', 'sample_fmt': 's32p', 'compression_level': '7', 'reservoir': '1', 'aq': '9'}",102.0546875,-3.349,-1.733,0.5064304180268664,0.3652337285477176
"{'ar': '44100', 'sample_fmt': 's32p', 'compression_level': '7', 'reservoir': '1', 'aq': '9'}",97.1474609375,-3.314,-1.668,0.42336778502794914,0.48125603633448083
"{'ar': '48000', 'sample_fmt': 's32p', 'compression_level': '7', 'reservoir': '1', 'aq': '9'}",102.0546875,-3.349,-1.733,0.4873633790120948,0.36664302849027036
"{'ar': '48000', 'sample_fmt': 's32p', 'compression_level': '7', 'reservoir': '1', 'aq': '9'}",102.0546875,-3.349,-1.733,0.5077420979796443,0.36513677849266885
"{'ar': '48000', 'sample_fmt': 's32p', 'compression_level': '7', 'reservoir': '1', 'b:a': '308k', 'abr': 'True'}",422.609375,-3.336,-1.708,0.4312601140118204,-0.10253233456703263
"{'ar': '48000', 'sample_fmt': 'fltp', 'compression_level': '7', 'reservoir': '1', 'aq': '9'}",102.0546875,-3.349,-1.733,0.42326658297679387,0.37138060787532257
"{'ar': '48000', 'sample_fmt': 's32p', 'compression_level': '8', 'reservoir': '1', 'aq': '9'}",102.0546875,-3.349,-1.733,0.6595869459852111,0.3539134870626047
"{'ar': '48000', 'sample_fmt': 's32p', 'compression_level': '7', 'reservoir': '1', 'aq': '9'}",102.0546875,-3.349,-1.733,0.47120117797749117,0.3678376234649776
"{'ar': '48000', 'sample_fmt': 's32p', 'compression_level': '7', 'reservoir': '1', 'aq': '9'}",102.0546875,-3.349,-1.733,0.48609782601124607,0.3667365691690308
"{'ar': '48000', 'sample_fmt': 's32p', 'compression_level': '7', 'reservoir': '1', 'aq': '9'}",102.0546875,-3.349,-1.733,0.6430802469840273,0.35513354487735416
"{'ar': '44100', 'sample_fmt': 's32p', 'compression_level': '8', 'reservoir': '1', 'aq': '9'}",97.1474609375,-3.314,-1.668,0.4631962499988731,0.4783121994150722
"{'ar': '48000', 'sample_fmt': 's32p', 'compression_level': '9', 'reservoir': '1', 'aq': '9'}",102.0546875,-3.349,-1.733,0.45869006801513024,0.36876235574971084
"{'ar': '48000', 'sample_fmt': 's32p', 'compression_level': '7', 'reservoir': '1', 'aq': '9'}",102.0546875,-3.349,-1.733,0.4617076579888817,0.36853931695625364
"{'ar': '48000', 'sample_fmt': 's32p', 'compression_level': '7', 'reservoir': '1', 'aq': '9'}",102.0546875,-3.349,-1.733,0.4708723140065558,0.3678619307512316
"{'ar': '48000', 'sample_fmt': 's32p', 'compression_level': '7', 'reservoir': '1', 'aq': '9'}",102.0546875,-3.349,-1.733,0.4677542169811204,0.3680923983112662
"{'ar': '48000', 'sample_fmt': 's32p', 'compression_level': '7', 'reservoir': '1', 'aq': '9'}",102.0546875,-3.349,-1.733,0.45646914502140135,0.3689265105849242
"{'ar': '48000', 'sample_fmt': 's32p', 'compression_level': '7', 'reservoir': '1', 'aq': '9'}",102.0546875,-3.349,-1.733,0.5550950100296177,0.361636787949825
"{'ar': '48000', 'sample_fmt': 's32p', 'compression_level': '6', 'reservoir': '1', 'aq': '9'}",110.65625,-3.337,-1.711,0.4805997150251642,0.38831708061976994
"{'ar': '48000', 'sample_fmt': 's32p', 'compression_level': '7', 'reservoir': '1', 'aq': '9'}",102.0546875,-3.349,-1.733,0.47240332898218185,0.3677487690109359
"{'ar': '48000', 'sample_fmt': 's32p', 'compression_level': '7', 'reservoir': '1', 'aq': '9'}",102.0546875,-3.349,-1.733,0.46747383402544074,0.36811312222561005
"{'ar': '48000', 'sample_fmt': 's32p', 'compression_level': '7', 'reservoir': '1', 'aq': '9'}",102.0546875,-3.349,-1.733,0.47388134300126694,0.3676395247244698
"{'ar': '48000', 'sample_fmt': 's32p', 'compression_level': '7', 'reservoir': '1', 'aq': '9'}",102.0546875,-3.349,-1.733,0.46900738702970557,0.3679997728922847
"{'ar': '48000', 'sample_fmt': 's32p', 'compression_level': '7', 'reservoir': '1', 'aq': '9'}",102.0546875,-3.349,-1.733,0.4861998809792567,0.3667290259914853
"{'ar': '48000', 'sample_fmt': 's32p', 'compression_level': '7', 'reservoir': '1', 'aq': '9'}",102.0546875,-3.349,-1.733,0.5363540530088358,0.3630219862300777
"{'ar': '48000', 'sample_fmt': 's32p', 'compression_level': '7', 'reservoir': '1', 'aq': '9'}",102.0546875,-3.349,-1.733,0.4248440240044147,0.37126401465138864
"{'ar': '48000', 'sample_fmt': 's32p', 'compression_level': '7', 'reservoir': '1', 'aq': '9'}",102.0546875,-3.349,-1.733,0.5467358389869332,0.36225463843311806
"{'ar': '48000', 'sample_fmt': 'fltp', 'compression_level': '7', 'reservoir': '1', 'aq': '9'}",102.0546875,-3.349,-1.733,0.4440053410071414,0.3698477463503557
"{'ar': '48000', 'sample_fmt': 's32p', 'compression_level': '7', 'reservoir': '1', 'aq': '9'}",102.0546875,-3.349,-1.733,0.4388429159880616,0.37022931609892473
"{'ar': '48000', 'sample_fmt': 's32p', 'compression_level': '7', 'reservoir': '1', 'aq': '9'}",102.0546875,-3.349,-1.733,0.6346439199987799,0.35575709817928297
"{'ar': '44100', 'sample_fmt': 's32p', 'compression_level': '7', 'reservoir': '1', 'aq': '9'}",97.1474609375,-3.314,-1.668,0.4958421769842971,0.4758992446301421
"{'ar': '48000', 'sample_fmt': 's32p', 'compression_level': '7', 'reservoir': '1', 'aq': '9'}",102.0546875,-3.349,-1.733,0.49859298998489976,0.3658130154983945
"{'ar': '44100', 'sample_fmt': 's32p', 'compression_level': '7', 'reservoir': '1', 'aq': '9'}",97.1474609375,-3.314,-1.668,0.5739223080163356,0.4701281165544761
"{'ar': '48000', 'sample_fmt': 's32p', 'compression_level': '7', 'reservoir': '1', 'aq': '9'}",102.0546875,-3.349,-1.733,0.46159150599851273,0.3685479020854511
"{'ar': '48000', 'sample_fmt': 's32p', 'compression_level': '7', 'reservoir': '1', 'aq': '9'}",102.0546875,-3.349,-1.733,0.46036721699056216,0.3686383928232755
"{'ar': '48000', 'sample_fmt': 's32p', 'compression_level': '7', 'reservoir': '1', 'aq': '9'}",102.0546875,-3.349,-1.733,0.4744026369880885,0.3676009943797681
"{'ar': '44100', 'sample_fmt': 's32p', 'compression_level': '7', 'reservoir': '1', 'aq': '9'}",97.1474609375,-3.314,-1.668,0.4621246120077558,0.47839140727519924
"{'ar': '44100', 'sample_fmt': 's32p', 'compression_level': '7', 'reservoir': '1', 'aq': '9'}",97.1474609375,-3.314,-1.668,0.49530053697526455,0.47593927880812975
"{'ar': '44100', 'sample_fmt': 's32p', 'compression_level': '7', 'reservoir': '1', 'aq': '9'}",97.1474609375,-3.314,-1.668,0.5587764179799706,0.4712475930469522
"{'ar': '44100', 'sample_fmt': 's32p', 'compression_level': '7', 'reservoir': '1', 'aq': '9'}",97.1474609375,-3.314,-1.668,0.4679059199988842,0.4779640940980738
"{'ar': '48000', 'sample_fmt': 's32p', 'compression_level': '7', 'reservoir': '1', 'aq': '9'}",102.0546875,-3.349,-1.733,0.45739151001907885,0.3688583359230256
"{'ar': '48000', 'sample_fmt': 's32p', 'compression_level': '7', 'reservoir': '1', 'aq': '9'}",102.0546875,-3.349,-1.733,0.4619849720329512,0.36851881987403373
"{'ar': '48000', 'sample_fmt': 's32p', 'compression_level': '7', 'reservoir': '1', 'aq': '9'}",102.0546875,-3.349,-1.733,0.4551503820111975,0.3690239841692118
"{'ar': '48000', 'sample_fmt': 's32p', 'compression_level': '8', 'reservoir': '1', 'aq': '9'}",102.0546875,-3.349,-1.733,0.4523710250214208,0.36922941447451463
"{'ar': '48000', 'sample_fmt': 's32p', 'compression_level': '7', 'reservoir': '1', 'aq': '9'}",102.0546875,-3.349,-1.733,0.47724939600448124,0.3673905821959384
"{'ar': '48000', 'sample_fmt': 's32p', 'compression_level': '7', 'reservoir': '1', 'aq': '9'}",102.0546875,-3.349,-1.733,0.4880698180058971,0.366590813543177
"{'ar': '44100', 'sample_fmt': 's32p', 'compression_level': '6', 'reservoir': '1', 'aq': '9'}",105.197265625,-3.343,-1.721,0.5124497570213862,0.3775394490457107
"{'ar': '48000', 'sample_fmt': 's32p', 'compression_level': '7', 'reservoir': '1', 'aq': '9'}",102.0546875,-3.349,-1.733,0.41943684697616845,0.37166367472809886
"{'ar': '48000', 'sample_fmt': 's32p', 'compression_level': '7', 'reservoir': '1', 'aq': '9'}",102.0546875,-3.349,-1.733,0.46110327102360316,0.3685839889430675
"{'ar': '48000', 'sample_fmt': 's32p', 'compression_level': '8', 'reservoir': '1', 'aq': '9'}",102.0546875,-3.349,-1.733,0.41737555898725986,0.37181603047888445
"{'ar': '48000', 'sample_fmt': 's32p', 'compression_level': '7', 'reservoir': '1', 'aq': '9'}",102.0546875,-3.349,-1.733,0.41283960797591135,0.3721512957235175
"{'ar': '48000', 'sample_fmt': 's32p', 'compression_level': '7', 'reservoir': '1', 'aq': '9'}",102.0546875,-3.349,-1.733,0.4131464170059189,0.37212861858166923
"{'ar': '48000', 'sample_fmt': 's32p', 'compression_level': '7', 'reservoir': '1', 'aq': '9'}",102.0546875,-3.349,-1.733,0.449326078989543,0.36945447523326574
"{'ar': '48000', 'sample_fmt': 's32p', 'compression_level': '7', 'reservoir': '1', 'aq': '9'}",102.0546875,-3.349,-1.733,0.41732054002932273,0.37182009708902775
"{'ar': '48000', 'sample_fmt': 's32p', 'compression_level': '7', 'reservoir': '1', 'aq': '9'}",102.0546875,-3.349,-1.733,0.41803539101965725,0.37176726038696656
"{'ar': '48000', 'sample_fmt': 's32p', 'compression_level': '7', 'reservoir': '1', 'aq': '9'}",102.0546875,-3.349,-1.733,0.42227978102164343,0.3714535452589209
"{'ar': '48000', 'sample_fmt': 's32p', 'compression_level': '7', 'reservoir': '1', 'aq': '9'}",102.0546875,-3.349,-1.733,0.6240984209871385,0.3565365464795557
"{'ar': '48000', 'sample_fmt': 's32p', 'compression_level': '7', 'reservoir': '1', 'aq': '9'}",102.0546875,-3.349,-1.733,0.5954141640104353,0.358656682787984
"{'ar': '48000', 'sample_fmt': 's32p', 'compression_level': '7', 'reservoir': '1', 'aq': '9'}",102.0546875,-3.349,-1.733,0.5433040359930601,0.3625082929076472
"{'ar': '48000', 'sample_fmt': 's32p', 'compression_level': '7', 'reservoir': '1', 'aq': '9'}",102.0546875,-3.349,-1.733,0.5154426139779389,0.36456761110670943
"{'ar': '48000', 'sample_fmt': 's32p', 'compression_level': '7', 'reservoir': '1', 'aq': '9'}",102.0546875,-3.349,-1.733,0.4557446120015811,0.36898006291375823
"{'ar': '48000', 'sample_fmt': 's32p', 'compression_level': '7', 'reservoir': '1', 'aq': '9'}",102.0546875,-3.349,-1.733,0.534238241991261,0.36317837193544134
"{'ar': '48000', 'sample_fmt': 's32p', 'compression_level': '7', 'reservoir': '1', 'aq': '9'}",102.0546875,-3.349,-1.733,0.46053671900881454,0.3686258644393769
"{'ar': '48000', 'sample_fmt': 's32p', 'compression_level': '7', 'reservoir': '1', 'aq': '9'}",102.0546875,-3.349,-1.733,0.45438612895668484,0.36908047232057006
"{'ar': '48000', 'sample_fmt': 's32p', 'compression_level': '8', 'reservoir': '1', 'aq': '9'}",102.0546875,-3.349,-1.733,0.45963693398516625,0.3686923701501564
"{'ar': '48000', 'sample_fmt': 's32p', 'compression_level': '7', 'reservoir': '1', 'aq': '9'}",102.0546875,-3.349,-1.733,0.45540870301192626,0.36900489091770033
"{'ar': '48000', 'sample_fmt': 's32p', 'compression_level': '7', 'reservoir': '1', 'aq': '9'}",102.0546875,-3.349,-1.733,0.5561072759737726,0.36156196844922817
"{'ar': '48000', 'sample_fmt': 's32p', 'compression_level': '7', 'reservoir': '1', 'aq': '9'}",102.0546875,-3.349,-1.733,0.45557962701423094,0.36899225743085207
"{'ar': '48000', 'sample_fmt': 's32p', 'compression_level': '7', 'reservoir': '1', 'aq': '9'}",102.0546875,-3.349,-1.733,0.4954763089772314,0.3660433783964648
"{'ar': '48000', 'sample_fmt': 's32p', 'compression_level': '7', 'reservoir': '1', 'aq': '9'}",102.0546875,-3.349,-1.733,0.45411041800980456,0.369100850913245
"{'ar': '48000', 'sample_fmt': 's32p', 'compression_level': '7', 'reservoir': '1', 'aq': '9'}",102.0546875,-3.349,-1.733,0.4561206759826746,0.36895226693838207
"{'ar': '48000', 'sample_fmt': 's32p', 'compression_level': '7', 'reservoir': '1', 'aq': '9'}",102.0546875,-3.349,-1.733,0.4504020910244435,0.3693749440749251
"{'ar': '48000', 'sample_fmt': 's32p', 'compression_level': '7', 'reservoir': '1', 'aq': '9'}",102.0546875,-3.349,-1.733,0.4489877099986188,0.3694794850630092
"{'ar': '48000', 'sample_fmt': 's32p', 'compression_level': '8', 'reservoir': '1', 'aq': '9'}",102.0546875,-3.349,-1.733,0.551593084965134,0.3618956253491914
"{'ar': '48000', 'sample_fmt': 's32p', 'compression_level': '8', 'reservoir': '1', 'aq': '9'}",102.0546875,-3.349,-1.733,0.4193284799985122,0.37167168444451404
"{'ar': '44100', 'sample_fmt': 's32p', 'compression_level': '7', 'reservoir': '1', 'aq': '9'}",97.1474609375,-3.314,-1.668,0.566893990006065,0.47064759984500926
"{'ar': '44100', 'sample_fmt': 's32p', 'compression_level': '7', 'reservoir': '1', 'aq': '9'}",97.1474609375,-3.314,-1.668,0.47946744796354324,0.477109548162347
"{'ar': '48000', 'sample_fmt': 's32p', 'compression_level': '7', 'reservoir': '1', 'aq': '9'}",102.0546875,-3.349,-1.733,0.42178124899510294,0.37149039320137384
"{'ar': '48000', 'sample_fmt': 's32p', 'compression_level': '7', 'reservoir': '1', 'aq': '9'}",102.0546875,-3.349,-1.733,0.4448956169944722,0.3697819434799242
"{'ar': '48000', 'sample_fmt': 's32p', 'compression_level': '7', 'reservoir': '1', 'aq': '9'}",102.0546875,-3.349,-1.733,0.5867671179876197,0.3592958109427943
"{'ar': '48000', 'sample_fmt': 's32p', 'compression_level': '7', 'reservoir': '1', 'aq': '9'}",102.0546875,-3.349,-1.733,0.6282389840052929,0.35623050550386454
"{'ar': '44100', 'sample_fmt': 's32p', 'compression_level': '7', 'reservoir': '1', 'aq': '9'}",97.1474609375,-3.314,-1.668,0.48373533101403154,0.4767940965952098
"{'ar': '48000', 'sample_fmt': 's32p', 'compression_level': '7', 'reservoir': '1', 'aq': '9'}",102.0546875,-3.349,-1.733,0.44585755601292476,0.3697108437878119
"{'ar': '48000', 'sample_fmt': 's32p', 'compression_level': '7', 'reservoir': '1', 'aq': '9'}",102.0546875,-3.349,-1.733,0.46018261698191054,0.3686520371432659
"{'ar': '48000', 'sample_fmt': 's32p', 'compression_level': '7', 'reservoir': '1', 'aq': '9'}",102.0546875,-3.349,-1.733,0.43638565597939305,0.37041093928574315
"{'ar': '48000', 'sample_fmt': 's32p', 'compression_level': '7', 'reservoir': '1', 'aq': '9'}",102.0546875,-3.349,-1.733,0.4504461610049475,0.36937168673533793
"{'ar': '44100', 'sample_fmt': 's32p', 'compression_level': '7', 'reservoir': '1', 'aq': '9'}",97.1474609375,-3.314,-1.668,0.4520931789884344,0.4791328594727271
"{'ar': '48000', 'sample_fmt': 's32p', 'compression_level': '7', 'reservoir': '1', 'aq': '9'}",102.0546875,-3.349,-1.733,0.4521787020203192,0.3692436296231905
"{'ar': '44100', 'sample_fmt': 's32p', 'compression_level': '7', 'reservoir': '1', 'aq': '9'}",97.1474609375,-3.314,-1.668,0.4565542209893465,0.4788031309694844
"{'ar': '48000', 'sample_fmt': 'fltp', 'compression_level': '7', 'reservoir': '1', 'aq': '9'}",102.0546875,-3.349,-1.733,0.4538658979872707,0.3691189240945839
"{'ar': '48000', 'sample_fmt': 's32p', 'compression_level': '8', 'reservoir': '1', 'aq': '9'}",102.0546875,-3.349,-1.733,0.454659687995445,0.3690602527816416
"{'ar': '48000', 'sample_fmt': 's32p', 'compression_level': '7', 'reservoir': '1', 'aq': '9'}",102.0546875,-3.349,-1.733,0.6636104859935585,0.3536160955956743
"{'ar': '48000', 'sample_fmt': 's32p', 'compression_level': '8', 'reservoir': '1', 'aq': '9'}",102.0546875,-3.349,-1.733,1.047707972000353,0.3252263406607476
"{'ar': '48000', 'sample_fmt': 's32p', 'compression_level': '8', 'reservoir': '1', 'aq': '9'}",102.0546875,-3.349,-1.733,1.099184628983494,0.32142155221546526
"{'ar': '48000', 'sample_fmt': 's32p', 'compression_level': '8', 'reservoir': '1', 'aq': '9'}",102.0546875,-3.349,-1.733,0.8065862309886143,0.3430483451939536
"{'ar': '48000', 'sample_fmt': 's32p', 'compression_level': '7', 'reservoir': '1', 'b:a': '317k', 'abr': 'True'}",434.046875,-3.319,-1.678,0.9336625650175847,-0.10884406973626408
"{'ar': '44100', 'sample_fmt': 's32p', 'compression_level': '8', 'reservoir': '1', 'aq': '9'}",97.1474609375,-3.314,-1.668,0.8207137639983557,0.4518870470067328
"{'ar': '48000', 'sample_fmt': 's32p', 'compression_level': '8', 'reservoir': '1', 'aq': '9'}",102.0546875,-3.349,-1.733,0.5030717629706487,0.36548197644683367
"{'ar': '48000', 'sample_fmt': 's32p', 'compression_level': '8', 'reservoir': '1', 'aq': '9'}",102.0546875,-3.349,-1.733,0.48221558501245454,0.3670235168179203
"{'ar': '48000', 'sample_fmt': 's32p', 'compression_level': '8', 'reservoir': '1', 'aq': '9'}",102.0546875,-3.349,-1.733,0.49926906803739257,0.36576304461619297
"{'ar': '48000', 'sample_fmt': 's32p', 'compression_level': '7', 'reservoir': '1', 'aq': '9'}",102.0546875,-3.349,-1.733,0.5042260859918315,0.3653966570972388
"{'ar': '48000', 'sample_fmt': 's32p', 'compression_level': '8', 'reservoir': '1', 'aq': '9'}",102.0546875,-3.349,-1.733,0.47328552496037446,0.3676835633573247
"{'ar': '48000', 'sample_fmt': 's32p', 'compression_level': '8', 'reservoir': '1', 'aq': '9'}",102.0546875,-3.349,-1.733,0.48300801901496015,0.36696494573127475
"{'ar': '48000', 'sample_fmt': 's32p', 'compression_level': '8', 'reservoir': '1', 'aq': '9'}",102.0546875,-3.349,-1.733,0.4967683230061084,0.36594788190667094
"{'ar': '48000', 'sample_fmt': 's32p', 'compression_level': '8', 'reservoir': '1', 'aq': '9'}",102.0546875,-3.349,-1.733,0.5010294529784005,0.3656329294790544
"{'ar': '48000', 'sample_fmt': 's32p', 'compression_level': '8', 'reservoir': '1', 'aq': '9'}",102.0546875,-3.349,-1.733,0.527147396991495,0.3637024767764226
"{'ar': '48000', 'sample_fmt': 's32p', 'compression_level': '8', 'reservoir': '1', 'aq': '9'}",102.0546875,-3.349,-1.733,0.4916196439880878,0.36632843564858636
"{'ar': '48000', 'sample_fmt': 's32p', 'compression_level': '8', 'reservoir': '1', 'aq': '9'}",102.0546875,-3.349,-1.733,0.6881301749672275,0.3518037745407253
"{'ar': '48000', 'sample_fmt': 's32p', 'compression_level': '8', 'reservoir': '1', 'aq': '9'}",102.0546875,-3.349,-1.733,0.5907476730062626,0.3590015966206462
"{'ar': '48000', 'sample_fmt': 's32p', 'compression_level': '8', 'reservoir': '1', 'aq': '9'}",102.0546875,-3.349,-1.733,0.5758487120037898,0.36010282187479364
"{'ar': '48000', 'sample_fmt': 's32p', 'compression_level': '9', 'reservoir': '1', 'aq': '9'}",102.0546875,-3.349,-1.733,0.551416431000689,0.3619086823540966
"{'ar': '48000', 'sample_fmt': 's32p', 'compression_level': '8', 'reservoir': '1', 'aq': '9'}",102.0546875,-3.349,-1.733,0.5048241109761875,0.36535245534281613
"{'ar': '48000', 'sample_fmt': 's32p', 'compression_level': '8', 'reservoir': '1', 'aq': '9'}",102.0546875,-3.349,-1.733,0.572251027013408,0.36036873716695517
"{'ar': '48000', 'sample_fmt': 's32p', 'compression_level': '8', 'reservoir': '1', 'aq': '9'}",102.0546875,-3.349,-1.733,0.5606609039823525,0.36122539664665687
"{'ar': '48000', 'sample_fmt': 's32p', 'compression_level': '8', 'reservoir': '1', 'aq': '9'}",102.0546875,-3.349,-1.733,0.4552496869873721,0.36901664425150826
"{'ar': '48000', 'sample_fmt': 's32p', 'compression_level': '8', 'reservoir': '1', 'aq': '9'}",102.0546875,-3.349,-1.733,0.4443940760102123,0.36981901382313576
"{'ar': '48000', 'sample_fmt': 's32p', 'compression_level': '6', 'reservoir': '1', 'aq': '9'}",110.65625,-3.337,-1.711,0.46606019500177354,0.38939173855264747
"{'ar': '48000', 'sample_fmt': 's32p', 'compression_level': '8', 'reservoir': '1', 'aq': '9'}",102.0546875,-3.349,-1.733,0.4179982650093734,0.37177000447765207
"{'ar': '44100', 'sample_fmt': 's32p', 'compression_level': '8', 'reservoir': '1', 'aq': '9'}",97.1474609375,-3.314,-1.668,0.4119797080056742,0.4820977620099171
"{'ar': '48000', 'sample_fmt': 's32p', 'compression_level': '8', 'reservoir': '1', 'aq': '9'}",102.0546875,-3.349,-1.733,0.40780179400462657,0.37252365510951463
"{'ar': '44100', 'sample_fmt': 's32p', 'compression_level': '8', 'reservoir': '1', 'aq': '9'}",97.1474609375,-3.314,-1.668,0.4407008780108299,0.47997489735290577
"{'ar': '48000', 'sample_fmt': 's32p', 'compression_level': '6', 'reservoir': '1', 'aq': '9'}",110.65625,-3.337,-1.711,0.44026125100208446,0.39129861304262553
"{'ar': '48000', 'sample_fmt': 's32p', 'compression_level': '8', 'reservoir': '1', 'aq': '9'}",102.0546875,-3.349,-1.733,0.41490585601422936,0.3719985733611494
"{'ar': '48000', 'sample_fmt': 's32p', 'compression_level': '8', 'reservoir': '1', 'aq': '9'}",102.0546875,-3.349,-1.733,0.4110097090306226,0.3722865488415541
"{'ar': '48000', 'sample_fmt': 's32p', 'compression_level': '8', 'reservoir': '1', 'aq': '9'}",102.0546875,-3.349,-1.733,0.40714198601199314,0.3725724234245841
"{'ar': '48000', 'sample_fmt': 's32p', 'compression_level': '8', 'reservoir': '1', 'aq': '9'}",102.0546875,-3.349,-1.733,0.4091619169921614,0.3724231244898042
"{'ar': '48000', 'sample_fmt': 's32p', 'compression_level': '8', 'reservoir': '1', 'aq': '9'}",102.0546875,-3.349,-1.733,0.4184803259850014,0.3717343739581606
"{'ar': '48000', 'sample_fmt': 's32p', 'compression_level': '8', 'reservoir': '1', 'b:a': '318k', 'abr': 'True'}",435.359375,-3.316,-1.673,0.4229655550152529,-0.06462418245171732
"{'ar': '48000', 'sample_fmt': 's32p', 'compression_level': '8', 'reservoir': '1', 'aq': '9'}",102.0546875,-3.349,-1.733,0.4148543619958218,0.3720023794328277
"{'ar': '48000', 'sample_fmt': 's32p', 'compression_level': '8', 'reservoir': '1', 'aq': '9'}",102.0546875,-3.349,-1.733,0.40996465197531506,0.37236379202791714
"{'ar': '48000', 'sample_fmt': 's32p', 'compression_level': '8', 'reservoir': '1', 'aq': '9'}",102.0546875,-3.349,-1.733,0.40865111802122556,0.3724608791175594
"{'ar': '48000', 'sample_fmt': 's32p', 'compression_level': '8', 'reservoir': '1', 'aq': '9'}",102.0546875,-3.349,-1.733,0.4082292259845417,0.37249206237693183
"{'ar': '48000', 'sample_fmt': 's32p', 'compression_level': '8', 'reservoir': '1', 'aq': '9'}",102.0546875,-3.349,-1.733,0.42540942900814116,0.3712222239339808
"{'ar': '44100', 'sample_fmt': 's32p', 'compression_level': '8', 'reservoir': '1', 'aq': '9'}",97.1474609375,-3.314,-1.668,0.42825430698576383,0.480894859378316
"{'ar': '48000', 'sample_fmt': 's32p', 'compression_level': '8', 'reservoir': '1', 'aq': '9'}",102.0546875,-3.349,-1.733,0.4266958250082098,0.3711271426889279
"{'ar': '48000', 'sample_fmt': 's32p', 'compression_level': '8', 'reservoir': '1', 'aq': '9'}",102.0546875,-3.349,-1.733,0.440016127016861,0.37014260068211524
"{'ar': '48000', 'sample_fmt': 's32p', 'compression_level': '8', 'reservoir': '1', 'aq': '9'}",102.0546875,-3.349,-1.733,0.4395262140023988,0.3701788115684832
"{'ar': '48000', 'sample_fmt': 's32p', 'compression_level': '8', 'reservoir': '1', 'aq': '9'}",102.0546875,-3.349,-1.733,0.4317031060345471,0.3707570400811084
"{'ar': '48000', 'sample_fmt': 's32p', 'compression_level': '8', 'reservoir': '1', 'aq': '9'}",102.0546875,-3.349,-1.733,0.417183251993265,0.3718302444444288
"{'ar': '48000', 'sample_fmt': 's32p', 'compression_level': '7', 'reservoir': '1', 'aq': '9'}",102.0546875,-3.349,-1.733,0.43130318602197804,0.3707865993246964
"{'ar': '48000', 'sample_fmt': 's32p', 'compression_level': '8', 'reservoir': '1', 'aq': '9'}",102.0546875,-3.349,-1.733,0.4184668950038031,0.3717353666807861
"{'ar': '48000', 'sample_fmt': 's32p', 'compression_level': '8', 'reservoir': '1', 'aq': '9'}",102.0546875,-3.349,-1.733,0.44996564800385386,0.3694072028395591
"{'ar': '48000', 'sample_fmt': 's32p', 'compression_level': '8', 'reservoir': '1', 'aq': '9'}",102.0546875,-3.349,-1.733,0.45885793803608976,0.36874994799144745
"{'ar': '48000', 'sample_fmt': 's32p', 'compression_level': '9', 'reservoir': '1', 'aq': '9'}",102.0546875,-3.349,-1.733,0.4213985089736525,0.37151868262218135
"{'ar': '48000', 'sample_fmt': 's32p', 'compression_level': '8', 'reservoir': '1', 'aq': '9'}",102.0546875,-3.349,-1.733,0.4180138009833172,0.37176885616893096
"{'ar': '48000', 'sample_fmt': 's32p', 'compression_level': '8', 'reservoir': '1', 'aq': '9'}",102.0546875,-3.349,-1.733,0.4749937540036626,0.3675573032132768
"{'ar': '48000', 'sample_fmt': 'fltp', 'compression_level': '7', 'reservoir': '1', 'aq': '9'}",102.0546875,-3.349,-1.733,0.4325822459941264,0.37069206030666246
"{'ar': '48000', 'sample_fmt': 's32p', 'compression_level': '7', 'reservoir': '1', 'aq': '9'}",102.0546875,-3.349,-1.733,0.4144403369864449,0.37203298121748224
"{'ar': '48000', 'sample_fmt': 's32p', 'compression_level': '7', 'reservoir': '1', 'aq': '9'}",102.0546875,-3.349,-1.733,0.41181817298638634,0.3722267929347491
"{'ar': '48000', 'sample_fmt': 's32p', 'compression_level': '9', 'reservoir': '1', 'aq': '9'}",102.0546875,-3.349,-1.733,0.41089311899850145,0.372295166347683
"{'ar': '48000', 'sample_fmt': 's32p', 'compression_level': '9', 'reservoir': '1', 'aq': '9'}",102.0546875,-3.349,-1.733,0.4168698829889763,0.37185340645292947
"{'ar': '48000', 'sample_fmt': 's32p', 'compression_level': '9', 'reservoir': '1', 'aq': '9'}",102.0546875,-3.349,-1.733,0.4734667430166155,0.36767016900720817
"{'ar': '48000', 'sample_fmt': 's32p', 'compression_level': '7', 'reservoir': '1', 'aq': '9'}",102.0546875,-3.349,-1.733,0.43132076802430674,0.37078529978810587
"{'ar': '48000', 'sample_fmt': 's32p', 'compression_level': '7', 'reservoir': '1', 'aq': '9'}",102.0546875,-3.349,-1.733,0.4363624210236594,0.37041265664845247
"{'ar': '44100', 'sample_fmt': 's32p', 'compression_level': '8', 'reservoir': '1', 'aq': '9'}",97.1474609375,-3.314,-1.668,0.4632926629856229,0.47830507325266264
"{'ar': '48000', 'sample_fmt': 's32p', 'compression_level': '8', 'reservoir': '1', 'aq': '9'}",102.0546875,-3.349,-1.733,0.4301983100012876,0.3708682639036213
"{'ar': '48000', 'sample_fmt': 's32p', 'compression_level': '9', 'reservoir': '1', 'aq': '9'}",102.0546875,-3.349,-1.733,0.42972433898830786,0.37090329647059966
"{'ar': '48000', 'sample_fmt': 's32p', 'compression_level': '8', 'reservoir': '1', 'aq': '9'}",102.0546875,-3.349,-1.733,0.427231640991522,0.3710875389815082
"{'ar': '48000', 'sample_fmt': 's32p', 'compression_level': '7', 'reservoir': '1', 'aq': '9'}",102.0546875,-3.349,-1.733,0.42900482699042186,0.3709564776811957
"{'ar': '48000', 'sample_fmt': 's32p', 'compression_level': '8', 'reservoir': '1', 'aq': '9'}",102.0546875,-3.349,-1.733,0.41964451799867675,0.3716483251628169
"{'ar': '48000', 'sample_fmt': 's32p', 'compression_level': '8', 'reservoir': '1', 'aq': '9'}",102.0546875,-3.349,-1.733,0.4361959910020232,0.3704249579722054
"{'ar': '48000', 'sample_fmt': 's32p', 'compression_level': '8', 'reservoir': '1', 'aq': '9'}",102.0546875,-3.349,-1.733,0.4279679949977435,0.37103311292941576
"{'ar': '48000', 'sample_fmt': 's32p', 'compression_level': '8', 'reservoir': '1', 'aq': '9'}",102.0546875,-3.349,-1.733,0.4303920439851936,0.3708539444651297
"{'ar': '48000', 'sample_fmt': 's32p', 'compression_level': '8', 'reservoir': '1', 'aq': '9'}",102.0546875,-3.349,-1.733,0.42211437795776874,0.3714657706772586
"{'ar': '48000', 'sample_fmt': 's32p', 'compression_level': '8', 'reservoir': '1', 'aq': '9'}",102.0546875,-3.349,-1.733,0.42376636000699364,0.3713436679110521
"{'ar': '48000', 'sample_fmt': 's32p', 'compression_level': '8', 'reservoir': '1', 'aq': '9'}",102.0546875,-3.349,-1.733,0.41691165199154057,0.3718503191852699
"{'ar': '48000', 'sample_fmt': 's32p', 'compression_level': '9', 'reservoir': '1', 'aq': '9'}",102.0546875,-3.349,-1.733,0.4201747500046622,0.3716091341832948
"{'ar': '48000', 'sample_fmt': 's32p', 'compression_level': '8', 'reservoir': '1', 'aq': '9'}",102.0546875,-3.349,-1.733,0.4291008359869011,0.3709493813788743
"{'ar': '48000', 'sample_fmt': 's32p', 'compression_level': '8', 'reservoir': '1', 'aq': '9'}",102.0546875,-3.349,-1.733,0.4209472140064463,0.3715520391371004
"{'ar': '48000', 'sample_fmt': 's32p', 'compression_level': '8', 'reservoir': '1', 'aq': '9'}",102.0546875,-3.349,-1.733,0.4218459950061515,0.3714856076366314
"{'ar': '48000', 'sample_fmt': 's32p', 'compression_level': '8', 'reservoir': '1', 'aq': '9'}",102.0546875,-3.349,-1.733,0.4239654390257783,0.3713289534055896
"{'ar': '48000', 'sample_fmt': 's32p', 'compression_level': '8', 'reservoir': '1', 'aq': '9'}",102.0546875,-3.349,-1.733,0.4261197970190551,0.3711697185818809
"{'ar': '48000', 'sample_fmt': 's32p', 'compression_level': '8', 'reservoir': '1', 'aq': '9'}",102.0546875,-3.349,-1.733,0.4244001909974031,0.3712968196312704
"{'ar': '48000', 'sample_fmt': 's32p', 'compression_level': '8', 'reservoir': '1', 'aq': '9'}",102.0546875,-3.349,-1.733,0.4147856259951368,0.3720074599092321
"{'ar': '48000', 'sample_fmt': 's32p', 'compression_level': '8', 'reservoir': '1', 'aq': '9'}",102.0546875,-3.349,-1.733,0.4274019690055866,0.37107494954587267
"{'ar': '48000', 'sample_fmt': 's32p', 'compression_level': '8', 'reservoir': '1', 'aq': '9'}",102.0546875,-3.349,-1.733,0.4191151080012787,0.37168745538530934
"{'ar': '48000', 'sample_fmt': 's32p', 'compression_level': '8', 'reservoir': '1', 'aq': '9'}",102.0546875,-3.349,-1.733,0.4279111360083334,0.37103731554160146
"{'ar': '48000', 'sample_fmt': 's32p', 'compression_level': '8', 'reservoir': '1', 'aq': '9'}",102.0546875,-3.349,-1.733,0.42527734200120904,0.3712319868662923
"{'ar': '48000', 'sample_fmt': 's32p', 'compression_level': '8', 'reservoir': '1', 'aq': '9'}",102.0546875,-3.349,-1.733,0.41849085901048966,0.3717335954318145
"{'ar': '48000', 'sample_fmt': 's32p', 'compression_level': '8', 'reservoir': '1', 'aq': '9'}",102.0546875,-3.349,-1.733,0.4195660250261426,0.37165412680520077
"{'ar': '48000', 'sample_fmt': 's32p', 'compression_level': '8', 'reservoir': '1', 'aq': '9'}",102.0546875,-3.349,-1.733,0.43315289297606796,0.3706498821394995
"{'ar': '48000', 'sample_fmt': 's32p', 'compression_level': '8', 'reservoir': '1', 'aq': '9'}",102.0546875,-3.349,-1.733,0.4347528429934755,0.3705316252110969
"{'ar': '48000', 'sample_fmt': 's32p', 'compression_level': '8', 'reservoir': '1', 'aq': '9'}",102.0546875,-3.349,-1.733,0.4154418150137644,0.37195895908298743
"{'ar': '48000', 'sample_fmt': 's32p', 'compression_level': '8', 'reservoir': '1', 'aq': '9'}",102.0546875,-3.349,-1.733,0.4287690280179959,0.37097390626452403
"{'ar': '48000', 'sample_fmt': 's32p', 'compression_level': '8', 'reservoir': '1', 'aq': '9'}",102.0546875,-3.349,-1.733,0.4122835739690345,0.3721923938034733
"{'ar': '48000', 'sample_fmt': 's32p', 'compression_level': '8', 'reservoir': '1', 'aq': '9'}",102.0546875,-3.349,-1.733,0.43274600998847745,0.3706799560366889
"{'ar': '48000', 'sample_fmt': 's32p', 'compression_level': '8', 'reservoir': '1', 'aq': '9'}",102.0546875,-3.349,-1.733,0.44451096703414805,0.36981037406983214
"{'ar': '48000', 'sample_fmt': 's32p', 'compression_level': '7', 'reservoir': '1', 'aq': '9'}",102.0546875,-3.349,-1.733,0.4333969610161148,0.37063184236549207
"{'ar': '48000', 'sample_fmt': 's32p', 'compression_level': '8', 'reservoir': '1', 'aq': '9'}",102.0546875,-3.349,-1.733,0.442550053994637,0.36995531081810196
"{'ar': '48000', 'sample_fmt': 's32p', 'compression_level': '8', 'reservoir': '1', 'aq': '9'}",102.0546875,-3.349,-1.733,0.4101312549901195,0.37235147791773926
"{'ar': '48000', 'sample_fmt': 's32p', 'compression_level': '8', 'reservoir': '1', 'aq': '9'}",102.0546875,-3.349,-1.733,0.40602383099030703,0.37265506949283866
"{'ar': '48000', 'sample_fmt': 's32p', 'compression_level': '7', 'reservoir': '1', 'aq': '9'}",102.0546875,-3.349,-1.733,0.4158029739919584,0.37193226477943947
"{'ar': '48000', 'sample_fmt': 's32p', 'compression_level': '8', 'reservoir': '1', 'aq': '9'}",102.0546875,-3.349,-1.733,0.41147810901748016,0.37225192804521234
"{'ar': '48000', 'sample_fmt': 's32p', 'compression_level': '8', 'reservoir': '1', 'aq': '9'}",102.0546875,-3.349,-1.733,0.4092003859987017,0.3724202811343852
"{'ar': '44100', 'sample_fmt': 's32p', 'compression_level': '8', 'reservoir': '1', 'aq': '9'}",97.1474609375,-3.314,-1.668,0.4103605839773081,0.48221743614486773
"{'ar': '48000', 'sample_fmt': 's32p', 'compression_level': '8', 'reservoir': '1', 'aq': '9'}",102.0546875,-3.349,-1.733,0.4148829710029531,0.3720002648584527
"{'ar': '44100', 'sample_fmt': 's32p', 'compression_level': '8', 'reservoir': '1', 'aq': '9'}",97.1474609375,-3.314,-1.668,0.4101207070052624,0.4822351661449302
"{'ar': '48000', 'sample_fmt': 's32p', 'compression_level': '8', 'reservoir': '1', 'aq': '9'}",102.0546875,-3.349,-1.733,0.5571209159970749,0.3614870473864715
"{'ar': '48000', 'sample_fmt': 's32p', 'compression_level': '8', 'reservoir': '1', 'aq': '9'}",102.0546875,-3.349,-1.733,0.4112858470180072,0.3722661386850816
"{'ar': '48000', 'sample_fmt': 's32p', 'compression_level': '8', 'reservoir': '1', 'b:a': '314k', 'abr': 'True'}",430.484375,-3.325,-1.689,0.4263415790046565,-0.08311162424756408
"{'ar': '48000', 'sample_fmt': 's32p', 'compression_level': '8', 'reservoir': '1', 'aq': '9'}",102.0546875,-3.349,-1.733,0.47201553799095564,0.36777743176351296
"{'ar': '48000', 'sample_fmt': 's32p', 'compression_level': '9', 'reservoir': '1', 'aq': '9'}",102.0546875,-3.349,-1.733,0.6214380730234552,0.3567331804838961
"{'ar': '48000', 'sample_fmt': 's32p', 'compression_level': '7', 'reservoir': '1', 'aq': '9'}",102.0546875,-3.349,-1.733,0.5893668010248803,0.3591036608584404
"{'ar': '48000', 'sample_fmt': 's32p', 'compression_level': '8', 'reservoir': '1', 'aq': '9'}",102.0546875,-3.349,-1.733,0.5952966629702132,0.3586653676293538
"{'ar': '48000', 'sample_fmt': 's32p', 'compression_level': '8', 'reservoir': '1', 'aq': '9'}",102.0546875,-3.349,-1.733,0.5189531380019616,0.3643081381333992
"{'ar': '48000', 'sample_fmt': 's32p', 'compression_level': '8', 'reservoir': '1', 'aq': '9'}",102.0546875,-3.349,-1.733,0.415954697993584,0.37192105042011453
"{'ar': '48000', 'sample_fmt': 's32p', 'compression_level': '8', 'reservoir': '1', 'aq': '9'}",102.0546875,-3.349,-1.733,0.43072610601666383,0.3708292529752033
"{'ar': '48000', 'sample_fmt': 's32p', 'compression_level': '8', 'reservoir': '1', 'aq': '9'}",102.0546875,-3.349,-1.733,0.49893956098821945,0.36578739943421745
"{'ar': '48000', 'sample_fmt': 's32p', 'compression_level': '8', 'reservoir': '1', 'aq': '9'}",102.0546875,-3.349,-1.733,0.4222295110230334,0.3714572608597595
"{'ar': '48000', 'sample_fmt': 's32p', 'compression_level': '8', 'reservoir': '1', 'aq': '9'}",102.0546875,-3.349,-1.733,0.4141223409678787,0.37205648522197665
"{'ar': '48000', 'sample_fmt': 's32p', 'compression_level': '8', 'reservoir': '1', 'aq': '9'}",102.0546875,-3.349,-1.733,0.4359187980298884,0.37044544610564883
"{'ar': '44100', 'sample_fmt': 's32p', 'compression_level': '8', 'reservoir': '1', 'aq': '9'}",97.1474609375,-3.314,-1.668,0.4086605799966492,0.48234308835077266
"{'ar': '48000', 'sample_fmt': 's32p', 'compression_level': '8', 'reservoir': '1', 'b:a': '317k', 'abr': 'True'}",434.046875,-3.319,-1.678,0.4435699930181727,-0.07261991175194159
"{'ar': '48000', 'sample_fmt': 's32p', 'compression_level': '9', 'reservoir': '1', 'aq': '9'}",102.0546875,-3.349,-1.733,0.42979119598749094,0.37089835487662515
"{'ar': '48000', 'sample_fmt': 's32p', 'compression_level': '8', 'reservoir': '1', 'aq': '9'}",102.0546875,-3.349,-1.733,0.43233796599088237,0.3707101157474822
"{'ar': '48000', 'sample_fmt': 's32p', 'compression_level': '8', 'reservoir': '1', 'aq': '9'}",102.0546875,-3.349,-1.733,0.41379374300595373,0.372080772846736
"{'ar': '48000', 'sample_fmt': 's32p', 'compression_level': '8', 'reservoir': '1', 'aq': '9'}",102.0546875,-3.349,-1.733,0.4169541960291099,0.3718471746325338
"{'ar': '48000', 'sample_fmt': 's32p', 'compression_level': '7', 'reservoir': '1', 'aq': '9'}",102.0546875,-3.349,-1.733,0.41965669800993055,0.37164742490299435
"{'ar': '48000', 'sample_fmt': 's32p', 'compression_level': '8', 'reservoir': '1', 'aq': '9'}",102.0546875,-3.349,-1.733,0.4253929739934392,0.37122344017165965
"{'ar': '48000', 'sample_fmt': 's32p', 'compression_level': '8', 'reservoir': '1', 'aq': '9'}",102.0546875,-3.349,-1.733,0.4165903149987571,0.37187407013082147
"{'ar': '48000', 'sample_fmt': 's32p', 'compression_level': '8', 'reservoir': '1', 'aq': '9'}",102.0546875,-3.349,-1.733,0.41832506001810543,0.3717458501143723
"{'ar': '48000', 'sample_fmt': 's32p', 'compression_level': '8', 'reservoir': '1', 'aq': '9'}",102.0546875,-3.349,-1.733,0.4128742049797438,0.3721487385590057
"{'ar': '48000', 'sample_fmt': 's32p', 'compression_level': '8', 'reservoir': '1', 'aq': '9'}",102.0546875,-3.349,-1.733,0.42367607000051066,0.3713503415062994
"{'ar': '44100', 'sample_fmt': 's32p', 'compression_level': '8', 'reservoir': '1', 'aq': '9'}",97.1474609375,-3.314,-1.668,0.4227220850007143,0.4813037618890666
"{'ar': '48000', 'sample_fmt': 's32p', 'compression_level': '8', 'reservoir': '1', 'aq': '9'}",102.0546875,-3.349,-1.733,0.4265900870086625,0.3711349580899753
"{'ar': '48000', 'sample_fmt': 's32p', 'compression_level': '8', 'reservoir': '1', 'aq': '9'}",102.0546875,-3.349,-1.733,0.4136096000147518,0.3720943833872464
"{'ar': '44100', 'sample_fmt': 's32p', 'compression_level': '8', 'reservoir': '1', 'aq': '9'}",97.1474609375,-3.314,-1.668,0.40932864899514243,0.4822937094408922
"{'ar': '48000', 'sample_fmt': 's32p', 'compression_level': '8', 'reservoir': '1', 'aq': '9'}",102.0546875,-3.349,-1.733,0.4129574219987262,0.3721425877487
"{'ar': '48000', 'sample_fmt': 's32p', 'compression_level': '8', 'reservoir': '1', 'aq': '9'}",102.0546875,-3.349,-1.733,0.4153334299917333,0.3719669701331145
"{'ar': '48000', 'sample_fmt': 's32p', 'compression_level': '8', 'reservoir': '1', 'aq': '9'}",102.0546875,-3.349,-1.733,0.41455517103895545,0.37202449350087974
"{'ar': '48000', 'sample_fmt': 's32p', 'compression_level': '8', 'reservoir': '1', 'aq': '9'}",102.0546875,-3.349,-1.733,0.4179441900050733,0.37177400131745475
"{'ar': '48000', 'sample_fmt': 's32p', 'compression_level': '8', 'reservoir': '1', 'aq': '9'}",102.0546875,-3.349,-1.733,0.41617480499553494,0.3719047816756616
"{'ar': '48000', 'sample_fmt': 's32p', 'compression_level': '8', 'reservoir': '1', 'aq': '9'}",102.0546875,-3.349,-1.733,0.416353562992299,0.37189156915564864
"{'ar': '48000', 'sample_fmt': 's32p', 'compression_level': '8', 'reservoir': '1', 'aq': '9'}",102.0546875,-3.349,-1.733,0.4206634190049954,0.3715730152456053
"{'ar': '48000', 'sample_fmt': 's32p', 'compression_level': '8', 'reservoir': '1', 'aq': '9'}",102.0546875,-3.349,-1.733,0.41932108500623144,0.3716722310297593
"{'ar': '48000', 'sample_fmt': 's32p', 'compression_level': '8', 'reservoir': '1', 'aq': '9'}",102.0546875,-3.349,-1.733,0.4168199700070545,0.37185709566563313
"{'ar': '48000', 'sample_fmt': 's32p', 'compression_level': '7', 'reservoir': '1', 'aq': '9'}",102.0546875,-3.349,-1.733,0.41935607002233155,0.37166964518613976
"{'ar': '48000', 'sample_fmt': 's32p', 'compression_level': '8', 'reservoir': '1', 'aq': '9'}",102.0546875,-3.349,-1.733,0.4144770890416112,0.37203026476689993
"{'ar': '48000', 'sample_fmt': 's32p', 'compression_level': '8', 'reservoir': '1', 'aq': '9'}",102.0546875,-3.349,-1.733,0.41903073102002963,0.37169369193177754
"{'ar': '48000', 'sample_fmt': 's32p', 'compression_level': '8', 'reservoir': '1', 'aq': '9'}",102.0546875,-3.349,-1.733,0.41468506297678687,0.3720148928124676
"{'ar': '48000', 'sample_fmt': 's32p', 'compression_level': '8', 'reservoir': '1', 'aq': '9'}",102.0546875,-3.349,-1.733,0.4157737590139732,0.37193442414287103
"{'ar': '48000', 'sample_fmt': 's32p', 'compression_level': '9', 'reservoir': '1', 'aq': '9'}",102.0546875,-3.349,-1.733,0.41893364998395555,0.37170086747164277
"{'ar': '48000', 'sample_fmt': 's32p', 'compression_level': '8', 'reservoir': '1', 'aq': '9'}",102.0546875,-3.349,-1.733,0.41484977601794526,0.3720027183957025
"{'ar': '48000', 'sample_fmt': 's32p', 'compression_level': '8', 'reservoir': '1', 'aq': '9'}",102.0546875,-3.349,-1.733,0.42685111801256426,0.37111566453429956
"{'ar': '48000', 'sample_fmt': 's32p', 'compression_level': '8', 'reservoir': '1', 'aq': '9'}",102.0546875,-3.349,-1.733,0.41842409799573943,0.3717385299313023
"{'ar': '48000', 'sample_fmt': 's32p', 'compression_level': '8', 'reservoir': '1', 'aq': '9'}",102.0546875,-3.349,-1.733,0.4224631260149181,0.371439993700743
"{'ar': '48000', 'sample_fmt': 's32p', 'compression_level': '8', 'reservoir': '1', 'aq': '9'}",102.0546875,-3.349,-1.733,0.4152581930102315,0.3719725311157939
"{'ar': '48000', 'sample_fmt': 's32p', 'compression_level': '8', 'reservoir': '1', 'aq': '9'}",102.0546875,-3.349,-1.733,0.43372176398406737,0.37060783523970176
"{'ar': '44100', 'sample_fmt': 's32p', 'compression_level': '8', 'reservoir': '1', 'aq': '9'}",97.1474609375,-3.314,-1.668,0.438989052985562,0.48010142328637145
"{'ar': '48000', 'sample_fmt': 's32p', 'compression_level': '8', 'reservoir': '1', 'aq': '9'}",102.0546875,-3.349,-1.733,0.46907688002102077,0.3679946364645157
"{'ar': '48000', 'sample_fmt': 's32p', 'compression_level': '8', 'reservoir': '1', 'aq': '9'}",102.0546875,-3.349,-1.733,0.4153715079592075,0.37196415568052266
"{'ar': '48000', 'sample_fmt': 's32p', 'compression_level': '8', 'reservoir': '1', 'aq': '9'}",102.0546875,-3.349,-1.733,0.4144126850005705,0.37203502505565106
"{'ar': '44100', 'sample_fmt': 's32p', 'compression_level': '8', 'reservoir': '1', 'aq': '9'}",97.1474609375,-3.314,-1.668,0.4115779289859347,0.48212745865809614
"{'ar': '48000', 'sample_fmt': 's32p', 'compression_level': '7', 'reservoir': '1', 'aq': '9'}",102.0546875,-3.349,-1.733,0.4236458420054987,0.3713525757447462
"{'ar': '48000', 'sample_fmt': 's32p', 'compression_level': '9', 'reservoir': '1', 'aq': '9'}",102.0546875,-3.349,-1.733,0.41037979899556376,0.37233310731219726
"{'ar': '48000', 'sample_fmt': 's32p', 'compression_level': '8', 'reservoir': '1', 'aq': '9'}",102.0546875,-3.349,-1.733,0.41693150097853504,0.3718488520892929
"{'ar': '44100', 'sample_fmt': 's32p', 'compression_level': '7', 'reservoir': '1', 'aq': '9'}",97.1474609375,-3.314,-1.668,0.4148189999978058,0.4818879017354245
"{'ar': '48000', 'sample_fmt': 's32p', 'compression_level': '8', 'reservoir': '1', 'aq': '9'}",102.0546875,-3.349,-1.733,0.41772905498510227,0.3717899025683543
"{'ar': '44100', 'sample_fmt': 's32p', 'compression_level': '8', 'reservoir': '1', 'aq': '9'}",97.1474609375,-3.314,-1.668,0.4126526940090116,0.48204801967000227
"{'ar': '48000', 'sample_fmt': 's32p', 'compression_level': '7', 'reservoir': '1', 'aq': '9'}",102.0546875,-3.349,-1.733,0.4172334870090708,0.37182653142927036
"{'ar': '48000', 'sample_fmt': 's32p', 'compression_level': '8', 'reservoir': '1', 'aq': '9'}",102.0546875,-3.349,-1.733,0.4148403769650031,0.3720034131068614
"{'ar': '48000', 'sample_fmt': 's32p', 'compression_level': '8', 'reservoir': '1', 'aq': '9'}",102.0546875,-3.349,-1.733,0.4250296299578622,0.3712502959791119
"{'ar': '48000', 'sample_fmt': 's32p', 'compression_level': '8', 'reservoir': '1', 'aq': '9'}",102.0546875,-3.349,-1.733,0.4276446410221979,0.3710570129559908
"{'ar': '48000', 'sample_fmt': 's32p', 'compression_level': '8', 'reservoir': '1', 'aq': '9'}",102.0546875,-3.349,-1.733,0.4321257559931837,0.3707258008015346
"{'ar': '48000', 'sample_fmt': 's32p', 'compression_level': '8', 'reservoir': '1', 'aq': '9'}",102.0546875,-3.349,-1.733,0.41567313502309844,0.37194186155276193
"{'ar': '48000', 'sample_fmt': 's32p', 'compression_level': '7', 'reservoir': '1', 'b:a': '308k', 'abr': 'True'}",422.609375,-3.336,-1.708,0.43866687998524867,-0.10307979003994416
"{'ar': '48000', 'sample_fmt': 's32p', 'compression_level': '9', 'reservoir': '1', 'aq': '9'}",102.0546875,-3.349,-1.733,0.41507206702954136,0.3719862882247866
"{'ar': '48000', 'sample_fmt': 's32p', 'compression_level': '8', 'reservoir': '1', 'aq': '9'}",102.0546875,-3.349,-1.733,0.4166601070028264,0.37186891160215585
"{'ar': '48000', 'sample_fmt': 's32p', 'compression_level': '8', 'reservoir': '1', 'aq': '9'}",102.0546875,-3.349,-1.733,0.42628384701674804,0.371157593172574
"{'ar': '48000', 'sample_fmt': 's32p', 'compression_level': '8', 'reservoir': '1', 'aq': '9'}",102.0546875,-3.349,-1.733,0.4499162139836699,0.3694108566508169
"{'ar': '44100', 'sample_fmt': 's32p', 'compression_level': '8', 'reservoir': '1', 'aq': '9'}",97.1474609375,-3.314,-1.668,0.4355797989992425,0.4803534110986031
"{'ar': '48000', 'sample_fmt': 's32p', 'compression_level': '8', 'reservoir': '1', 'aq': '9'}",102.0546875,-3.349,-1.733,0.42921014901367016,0.37094130173723583
"{'ar': '48000', 'sample_fmt': 's32p', 'compression_level': '8', 'reservoir': '1', 'aq': '9'}",102.0546875,-3.349,-1.733,0.4175617810105905,0.3718022662711027
"{'ar': '48000', 'sample_fmt': 's32p', 'compression_level': '8', 'reservoir': '1', 'aq': '9'}",102.0546875,-3.349,-1.733,0.41742684700875543,0.37181223963303306
"{'ar': '48000', 'sample_fmt': 's32p', 'compression_level': '8', 'reservoir': '1', 'aq': '9'}",102.0546875,-3.349,-1.733,0.45172675902722403,0.3692770340355753
"{'ar': '48000', 'sample_fmt': 's32p', 'compression_level': '8', 'reservoir': '1', 'aq': '9'}",102.0546875,-3.349,-1.733,0.4349167930195108,0.37051950719098403
"{'ar': '48000', 'sample_fmt': 's32p', 'compression_level': '8', 'reservoir': '1', 'aq': '9'}",102.0546875,-3.349,-1.733,0.4577461139706429,0.3688321261204348
"{'ar': '48000', 'sample_fmt': 's32p', 'compression_level': '8', 'reservoir': '1', 'aq': '9'}",102.0546875,-3.349,-1.733,0.4304232640133705,0.37085163690264544
"{'ar': '48000', 'sample_fmt': 's32p', 'compression_level': '8', 'reservoir': '1', 'aq': '9'}",102.0546875,-3.349,-1.733,0.4361858860356733,0.37042570485946386
"{'ar': '48000', 'sample_fmt': 's32p', 'compression_level': '8', 'reservoir': '1', 'aq': '9'}",102.0546875,-3.349,-1.733,0.43766523399972357,0.37031636197727136
"{'ar': '48000', 'sample_fmt': 's32p', 'compression_level': '8', 'reservoir': '1', 'aq': '9'}",102.0546875,-3.349,-1.733,0.4274534699798096,0.37107114296006993
"{'ar': '48000', 'sample_fmt': 's32p', 'compression_level': '8', 'reservoir': '1', 'aq': '9'}",102.0546875,-3.349,-1.733,0.41694247600389645,0.37184804089345913
"{'ar': '48000', 'sample_fmt': 's32p', 'compression_level': '8', 'reservoir': '1', 'aq': '9'}",102.0546875,-3.349,-1.733,0.442328324978007,0.36997169945034614
"{'ar': '44100', 'sample_fmt': 's32p', 'compression_level': '8', 'reservoir': '1', 'aq': '9'}",97.1474609375,-3.314,-1.668,0.42326773700187914,0.48126343117314896
"{'ar': '44100', 'sample_fmt': 's32p', 'compression_level': '8', 'reservoir': '1', 'aq': '9'}",97.1474609375,-3.314,-1.668,0.40992648602696136,0.48224952157858464
"{'ar': '48000', 'sample_fmt': 's32p', 'compression_level': '8', 'reservoir': '1', 'aq': '9'}",102.0546875,-3.349,-1.733,0.41413060401100665,0.3720558744765852
"{'ar': '48000', 'sample_fmt': 's32p', 'compression_level': '8', 'reservoir': '1', 'aq': '9'}",102.0546875,-3.349,-1.733,0.4162695780105423,0.3718977767283018
"{'ar': '48000', 'sample_fmt': 's32p', 'compression_level': '8', 'reservoir': '1', 'aq': '9'}",102.0546875,-3.349,-1.733,0.44358512698090635,0.36987880558312775
"{'ar': '48000', 'sample_fmt': 's32p', 'compression_level': '8', 'reservoir': '1', 'aq': '9'}",102.0546875,-3.349,-1.733,0.42610086299828254,0.37117111805006087
"{'ar': '48000', 'sample_fmt': 's32p', 'compression_level': '8', 'reservoir': '1', 'aq': '9'}",102.0546875,-3.349,-1.733,0.4226422540086787,0.371426753833183
"{'ar': '48000', 'sample_fmt': 's32p', 'compression_level': '8', 'reservoir': '1', 'aq': '9'}",102.0546875,-3.349,-1.733,0.4193754519801587,0.3716682126096379
"{'ar': '48000', 'sample_fmt': 'fltp', 'compression_level': '8', 'reservoir': '1', 'aq': '9'}",102.0546875,-3.349,-1.733,0.4198452339915093,0.37163348966387294
"{'ar': '48000', 'sample_fmt': 's32p', 'compression_level': '8', 'reservoir': '1', 'aq': '9'}",102.0546875,-3.349,-1.733,0.42427550797583535,0.3713060353136318
"{'ar': '48000', 'sample_fmt': 's32p', 'compression_level': '8', 'reservoir': '1', 'aq': '9'}",102.0546875,-3.349,-1.733,0.42207889902056195,0.37146839302801415
"{'ar': '44100', 'sample_fmt': 's32p', 'compression_level': '8', 'reservoir': '1', 'aq': '9'}",97.1474609375,-3.314,-1.668,0.417466876009712,0.4816921895690742
"{'ar': '48000', 'sample_fmt': 's32p', 'compression_level': '8', 'reservoir': '1', 'aq': '9'}",102.0546875,-3.349,-1.733,0.4201934699958656,0.37160775053465867
"{'ar': '48000', 'sample_fmt': 's32p', 'compression_level': '8', 'reservoir': '1', 'aq': '9'}",102.0546875,-3.349,-1.733,0.4344817280070856,0.37055166410305324
"{'ar': '48000', 'sample_fmt': 's32p', 'compression_level': '8', 'reservoir': '1', 'aq': '9'}",102.0546875,-3.349,-1.733,0.4222428579814732,0.37145627434749884
"{'ar': '44100', 'sample_fmt': 's32p', 'compression_level': '8', 'reservoir': '1', 'aq': '9'}",97.1474609375,-3.314,-1.668,0.44197620201157406,0.4798806344713124
"{'ar': '48000', 'sample_fmt': 's32p', 'compression_level': '9', 'reservoir': '1', 'aq': '9'}",102.0546875,-3.349,-1.733,0.42564879401470535,0.3712045317747662
"{'ar': '48000', 'sample_fmt': 's32p', 'compression_level': '8', 'reservoir': '1', 'aq': '9'}",102.0546875,-3.349,-1.733,0.4373518650245387,0.37033952398362086
"{'ar': '48000', 'sample_fmt': 's32p', 'compression_level': '8', 'reservoir': '1', 'aq': '9'}",102.0546875,-3.349,-1.733,0.42141703597735614,0.37151731323780895
"{'ar': '48000', 'sample_fmt': 's32p', 'compression_level': '8', 'reservoir': '1', 'aq': '9'}",102.0546875,-3.349,-1.733,0.4322353649768047,0.37071769928487014
"{'ar': '48000', 'sample_fmt': 's32p', 'compression_level': '8', 'reservoir': '1', 'aq': '9'}",102.0546875,-3.349,-1.733,0.42018649700912647,0.3716082659282551
"{'ar': '48000', 'sample_fmt': 's32p', 'compression_level': '8', 'reservoir': '1', 'aq': '9'}",102.0546875,-3.349,-1.733,0.4172173700062558,0.37182772268351405
"{'ar': '48000', 'sample_fmt': 's32p', 'compression_level': '8', 'reservoir': '1', 'aq': '9'}",102.0546875,-3.349,-1.733,0.4209536550042685,0.3715515630643419
"{'ar': '48000', 'sample_fmt': 's32p', 'compression_level': '8', 'reservoir': '1', 'aq': '9'}",102.0546875,-3.349,-1.733,0.4155477680033073,0.37195112779140826
"{'ar': '48000', 'sample_fmt': 's32p', 'compression_level': '8', 'reservoir': '1', 'aq': '9'}",102.0546875,-3.349,-1.733,0.42422075098147616,0.37131008256129017
"{'ar': '48000', 'sample_fmt': 's32p', 'compression_level': '8', 'reservoir': '1', 'aq': '9'}",102.0546875,-3.349,-1.733,0.41790135798510164,0.3717771671558022
"{'ar': '48000', 'sample_fmt': 's32p', 'compression_level': '8', 'reservoir': '1', 'aq': '9'}",102.0546875,-3.349,-1.733,0.42097449803259224,0.37155002249589825
"{'ar': '48000', 'sample_fmt': 's32p', 'compression_level': '8', 'reservoir': '1', 'aq': '9'}",102.0546875,-3.349,-1.733,0.41955238598166034,0.37165513490638474
"{'ar': '48000', 'sample_fmt': 's32p', 'compression_level': '8', 'reservoir': '1', 'aq': '9'}",102.0546875,-3.349,-1.733,0.4177709889772814,0.3717868031058356
"{'ar': '48000', 'sample_fmt': 's32p', 'compression_level': '7', 'reservoir': '1', 'aq': '9'}",102.0546875,-3.349,-1.733,0.4280220110085793,0.3710291204499905
"{'ar': '48000', 'sample_fmt': 's32p', 'compression_level': '8', 'reservoir': '1', 'aq': '9'}",102.0546875,-3.349,-1.733,0.41793254599906504,0.371774861959581
"{'ar': '48000', 'sample_fmt': 's32p', 'compression_level': '8', 'reservoir': '1', 'aq': '9'}",102.0546875,-3.349,-1.733,0.41832359399995767,0.3717459584720092
"{'ar': '48000', 'sample_fmt': 's32p', 'compression_level': '8', 'reservoir': '1', 'aq': '9'}",102.0546875,-3.349,-1.733,0.42000558602740057,0.37162163758160704
"{'ar': '48000', 'sample_fmt': 's32p', 'compression_level': '8', 'reservoir': '1', 'aq': '9'}",102.0546875,-3.349,-1.733,0.42848193997633643,0.37099512577114513
"{'ar': '48000', 'sample_fmt': 's32p', 'compression_level': '8', 'reservoir': '1', 'aq': '9'}",102.0546875,-3.349,-1.733,0.4369838709826581,0.3703667234864739
"{'ar': '48000', 'sample_fmt': 's32p', 'compression_level': '8', 'reservoir': '1', 'aq': '9'}",102.0546875,-3.349,-1.733,0.44574932000250556,0.3697188438240602
"{'ar': '48000', 'sample_fmt': 's32p', 'compression_level': '8', 'reservoir': '1', 'aq': '9'}",102.0546875,-3.349,-1.733,0.42090347298653796,0.3715552721622595
"{'ar': '48000', 'sample_fmt': 's32p', 'compression_level': '8', 'reservoir': '1', 'aq': '9'}",102.0546875,-3.349,-1.733,0.44351662800181657,0.36988386854058125
"{'ar': '48000', 'sample_fmt': 's32p', 'compression_level': '8', 'reservoir': '1', 'aq': '9'}",102.0546875,-3.349,-1.733,0.4240956410067156,0.37131932980099563
"{'ar': '48000', 'sample_fmt': 's32p', 'compression_level': '8', 'reservoir': '1', 'aq': '9'}",102.0546875,-3.349,-1.733,0.42198375798761845,0.3714754251766429
"{'ar': '48000', 'sample_fmt': 's32p', 'compression_level': '7', 'reservoir': '1', 'aq': '9'}",102.0546875,-3.349,-1.733,0.4163994610134978,0.3718881767002921
"{'ar': '48000', 'sample_fmt': 's32p', 'compression_level': '8', 'reservoir': '1', 'aq': '9'}",102.0546875,-3.349,-1.733,0.4179160139756277,0.371776083889198
"{'ar': '48000', 'sample_fmt': 's32p', 'compression_level': '8', 'reservoir': '1', 'aq': '9'}",102.0546875,-3.349,-1.733,0.4137561210372951,0.37208355359513795
"{'ar': '48000', 'sample_fmt': 's32p', 'compression_level': '8', 'reservoir': '1', 'aq': '9'}",102.0546875,-3.349,-1.733,0.42076292002457194,0.3715656608377676
"{'ar': '48000', 'sample_fmt': 's32p', 'compression_level': '8', 'reservoir': '1', 'aq': '9'}",102.0546875,-3.349,-1.733,0.41806792200077325,0.37176485592816294
"{'ar': '48000', 'sample_fmt': 's32p', 'compression_level': '8', 'reservoir': '1', 'aq': '9'}",102.0546875,-3.349,-1.733,0.42050312701030634,0.3715848628900525
"{'ar': '48000', 'sample_fmt': 's32p', 'compression_level': '8', 'reservoir': '1', 'aq': '9'}",102.0546875,-3.349,-1.733,0.42034889198839664,0.37159626284614156
"{'ar': '48000', 'sample_fmt': 's32p', 'compression_level': '8', 'reservoir': '1', 'aq': '9'}",102.0546875,-3.349,-1.733,0.41732774302363396,0.3718195646949071
"{'ar': '48000', 'sample_fmt': 's32p', 'compression_level': '8', 'reservoir': '1', 'aq': '9'}",102.0546875,-3.349,-1.733,0.4239091780327726,0.37133311181813333
"{'ar': '48000', 'sample_fmt': 's32p', 'compression_level': '8', 'reservoir': '1', 'aq': '9'}",102.0546875,-3.349,-1.733,0.42121316597331315,0.37153238185883414
"{'ar': '48000', 'sample_fmt': 's32p', 'compression_level': '8', 'reservoir': '1', 'aq': '9'}",102.0546875,-3.349,-1.733,0.42291567201027647,0.3714065447187187
"{'ar': '48000', 'sample_fmt': 's32p', 'compression_level': '8', 'reservoir': '1', 'aq': '9'}",102.0546875,-3.349,-1.733,0.4232296789996326,0.37138333555489844
"{'ar': '48000', 'sample_fmt': 's32p', 'compression_level': '8', 'reservoir': '1', 'aq': '9'}",102.0546875,-3.349,-1.733,0.42497166502289474,0.37125458033492914
"{'ar': '48000', 'sample_fmt': 's32p', 'compression_level': '8', 'reservoir': '1', 'aq': '9'}",102.0546875,-3.349,-1.733,0.44332195902825333,0.3698982570868598
"{'ar': '44100', 'sample_fmt': 's32p', 'compression_level': '8', 'reservoir': '1', 'aq': '9'}",97.1474609375,-3.314,-1.668,0.4422068090061657,0.4798635896420666
"{'ar': '48000', 'sample_fmt': 's32p', 'compression_level': '8', 'reservoir': '1', 'aq': '9'}",102.0546875,-3.349,-1.733,0.7087714800436515,0.35027811604514647
"{'ar': '48000', 'sample_fmt': 's32p', 'compression_level': '9', 'reservoir': '1', 'aq': '9'}",102.0546875,-3.349,-1.733,0.654861722025089,0.35426274201773383
"{'ar': '48000', 'sample_fmt': 's32p', 'compression_level': '8', 'reservoir': '1', 'aq': '9'}",102.0546875,-3.349,-1.733,0.6288043109816499,0.356188720553685
"{'ar': '48000', 'sample_fmt': 's32p', 'compression_level': '8', 'reservoir': '1', 'aq': '9'}",102.0546875,-3.349,-1.733,0.4649934829794802,0.3682964521377099
"{'ar': '48000', 'sample_fmt': 's32p', 'compression_level': '8', 'reservoir': '1', 'aq': '9'}",102.0546875,-3.349,-1.733,0.4284836780279875,0.37099499730672597
"{'ar': '48000', 'sample_fmt': 's32p', 'compression_level': '8', 'reservoir': '1', 'aq': '9'}",102.0546875,-3.349,-1.733,0.4978694840101525,0.3658664919153598
"{'ar': '48000', 'sample_fmt': 's32p', 'compression_level': '8', 'reservoir': '1', 'aq': '9'}",102.0546875,-3.349,-1.733,0.4582193289825227,0.36879714943168196
"{'ar': '48000', 'sample_fmt': 's32p', 'compression_level': '8', 'reservoir': '1', 'aq': '9'}",102.0546875,-3.349,-1.733,0.42299631697824225,0.37140058401613485
"{'ar': '48000', 'sample_fmt': 's32p', 'compression_level': '8', 'reservoir': '1', 'aq': '9'}",102.0546875,-3.349,-1.733,0.4296683839929756,0.3709074322659713
"{'ar': '48000', 'sample_fmt': 's32p', 'compression_level': '8', 'reservoir': '1', 'aq': '9'}",102.0546875,-3.349,-1.733,0.41770538900163956,0.3717916517895684
"{'ar': '48000', 'sample_fmt': 's32p', 'compression_level': '7', 'reservoir': '1', 'aq': '9'}",102.0546875,-3.349,-1.733,0.48291437202715315,0.3669718674507108
"{'ar': '48000', 'sample_fmt': 's32p', 'compression_level': '8', 'reservoir': '1', 'aq': '9'}",102.0546875,-3.349,-1.733,0.4537319880037103,0.369128821768365
"{'ar': '48000', 'sample_fmt': 's32p', 'compression_level': '9', 'reservoir': '1', 'aq': '9'}",102.0546875,-3.349,-1.733,0.4644791949831415,0.36833446464941316
"{'ar': '48000', 'sample_fmt': 's32p', 'compression_level': '8', 'reservoir': '1', 'aq': '9'}",102.0546875,-3.349,-1.733,0.4332453070092015,0.37064305155130567
"{'ar': '48000', 'sample_fmt': 's32p', 'compression_level': '9', 'reservoir': '1', 'aq': '9'}",102.0546875,-3.349,-1.733,0.43636088297353126,0.3704127703301812
"{'ar': '48000', 'sample_fmt': 's32p', 'compression_level': '9', 'reservoir': '1', 'aq': '9'}",102.0546875,-3.349,-1.733,0.43296860600821674,0.37066350332174
"{'ar': '48000', 'sample_fmt': 's32p', 'compression_level': '8', 'reservoir': '1', 'aq': '9'}",102.0546875,-3.349,-1.733,0.4464048189984169,0.3696703939993881
"{'ar': '48000', 'sample_fmt': 's32p', 'compression_level': '8', 'reservoir': '1', 'aq': '9'}",102.0546875,-3.349,-1.733,0.43738071399275213,0.37033739167302904
"{'ar': '48000', 'sample_fmt': 's32p', 'compression_level': '8', 'reservoir': '1', 'aq': '9'}",102.0546875,-3.349,-1.733,0.46372319498914294,0.3683903427932239
"{'ar': '44100', 'sample_fmt': 's32p', 'compression_level': '8', 'reservoir': '1', 'aq': '9'}",97.1474609375,-3.314,-1.668,0.4398866050178185,0.4800350826224373
"{'ar': '48000', 'sample_fmt': 's32p', 'compression_level': '8', 'reservoir': '1', 'aq': '9'}",102.0546875,-3.349,-1.733,0.43935032302397303,0.3701918121788873
"{'ar': '48000', 'sample_fmt': 's32p', 'compression_level': '9', 'reservoir': '1', 'aq': '9'}",102.0546875,-3.349,-1.733,0.4406715019722469,0.3700941600256368
"{'ar': '48000', 'sample_fmt': 's32p', 'compression_level': '8', 'reservoir': '1', 'aq': '9'}",102.0546875,-3.349,-1.733,0.4289803300052881,0.37095828832414424
"{'ar': '48000', 'sample_fmt': 's32p', 'compression_level': '8', 'reservoir': '1', 'aq': '9'}",102.0546875,-3.349,-1.733,0.42662489498616196,0.3711323853317902
"{'ar': '48000', 'sample_fmt': 's32p', 'compression_level': '8', 'reservoir': '1', 'aq': '9'}",102.0546875,-3.349,-1.733,0.4223414069856517,0.37144899030586975
"{'ar': '48000', 'sample_fmt': 's32p', 'compression_level': '8', 'reservoir': '1', 'aq': '9'}",102.0546875,-3.349,-1.733,0.4242019139928743,0.37131147485754207
"{'ar': '48000', 'sample_fmt': 's32p', 'compression_level': '8', 'reservoir': '1', 'aq': '9'}",102.0546875,-3.349,-1.733,0.4234204120002687,0.37136923792775084
"{'ar': '48000', 'sample_fmt': 's32p', 'compression_level': '8', 'reservoir': '1', 'aq': '9'}",102.0546875,-3.349,-1.733,0.4290708290063776,0.37095159928150173
"{'ar': '48000', 'sample_fmt': 's32p', 'compression_level': '8', 'reservoir': '1', 'aq': '9'}",102.0546875,-3.349,-1.733,0.42357795301359147,0.3713575936162847
"{'ar': '44100', 'sample_fmt': 's32p', 'compression_level': '8', 'reservoir': '1', 'aq': '9'}",97.1474609375,-3.314,-1.668,0.42218817499815486,0.481343224719942
"{'ar': '48000', 'sample_fmt': 's32p', 'compression_level': '8', 'reservoir': '1', 'aq': '9'}",102.0546875,-3.349,-1.733,0.42838476700126193,0.3710023081064875
"{'ar': '48000', 'sample_fmt': 's32p', 'compression_level': '8', 'reservoir': '1', 'aq': '9'}",102.0546875,-3.349,-1.733,0.4252899699495174,0.3712310534981478
"{'ar': '48000', 'sample_fmt': 's32p', 'compression_level': '8', 'reservoir': '1', 'aq': '9'}",102.0546875,-3.349,-1.733,0.42052713001612574,0.3715830887585423
"{'ar': '48000', 'sample_fmt': 's32p', 'compression_level': '8', 'reservoir': '1', 'aq': '9'}",102.0546875,-3.349,-1.733,0.425383477966534,0.37122414205044435
"{'ar': '48000', 'sample_fmt': 's32p', 'compression_level': '8', 'reservoir': '1', 'aq': '9'}",102.0546875,-3.349,-1.733,0.42541355499997735,0.37122191897000323
"{'ar': '48000', 'sample_fmt': 's32p', 'compression_level': '8', 'reservoir': '1', 'aq': '9'}",102.0546875,-3.349,-1.733,0.4311711890040897,0.3707963556056576
"{'ar': '48000', 'sample_fmt': 's32p', 'compression_level': '8', 'reservoir': '1', 'aq': '9'}",102.0546875,-3.349,-1.733,0.4220627680188045,0.37146958531696017
"{'ar': '48000', 'sample_fmt': 's32p', 'compression_level': '8', 'reservoir': '1', 'aq': '9'}",102.0546875,-3.349,-1.733,0.4246781679976266,0.3712762735480457
"{'ar': '48000', 'sample_fmt': 's32p', 'compression_level': '8', 'reservoir': '1', 'aq': '9'}",102.0546875,-3.349,-1.733,0.42574183200486004,0.37119765506810615
"{'ar': '48000', 'sample_fmt': 's32p', 'compression_level': '8', 'reservoir': '1', 'aq': '9'}",102.0546875,-3.349,-1.733,0.4295478409912903,0.3709163419475017
"{'ar': '48000', 'sample_fmt': 's32p', 'compression_level': '8', 'reservoir': '1', 'aq': '9'}",102.0546875,-3.349,-1.733,0.42520175300887786,0.3712375738671091
"{'ar': '48000', 'sample_fmt': 's32p', 'compression_level': '8', 'reservoir': '1', 'aq': '9'}",102.0546875,-3.349,-1.733,0.4473038600408472,0.36960394327840995
"{'ar': '48000', 'sample_fmt': 's32p', 'compression_level': '8', 'reservoir': '1', 'aq': '9'}",102.0546875,-3.349,-1.733,0.4437528889684472,0.3698664058099264
"{'ar': '48000', 'sample_fmt': 's32p', 'compression_level': '8', 'reservoir': '1', 'aq': '9'}",102.0546875,-3.349,-1.733,0.42557571799261495,0.37120993303469196
"{'ar': '48000', 'sample_fmt': 's32p', 'compression_level': '9', 'reservoir': '1', 'aq': '9'}",102.0546875,-3.349,-1.733,0.43453910504467785,0.3705474232004296
"{'ar': '44100', 'sample_fmt': 's32p', 'compression_level': '7', 'reservoir': '1', 'aq': '9'}",97.1474609375,-3.314,-1.668,0.4536955489893444,0.47901442367635194
"{'ar': '48000', 'sample_fmt': 's32p', 'compression_level': '8', 'reservoir': '1', 'aq': '9'}",102.0546875,-3.349,-1.733,0.5060244660126045,0.36526373363397846
"{'ar': '48000', 'sample_fmt': 's32p', 'compression_level': '9', 'reservoir': '1', 'aq': '9'}",102.0546875,-3.349,-1.733,0.4411532659723889,0.37005855145646155
"{'ar': '48000', 'sample_fmt': 's32p', 'compression_level': '8', 'reservoir': '1', 'aq': '9'}",102.0546875,-3.349,-1.733,0.4188875099644065,0.37170427781379656
"{'ar': '48000', 'sample_fmt': 's32p', 'compression_level': '8', 'reservoir': '1', 'aq': '9'}",102.0546875,-3.349,-1.733,0.45809191299485974,0.3688065671154636
"{'ar': '48000', 'sample_fmt': 's32p', 'compression_level': '8', 'reservoir': '1', 'aq': '9'}",102.0546875,-3.349,-1.733,0.4384242309606634,0.37026026231897513
"{'ar': '48000', 'sample_fmt': 's32p', 'compression_level': '7', 'reservoir': '1', 'aq': '9'}",102.0546875,-3.349,-1.733,0.43467874597990885,0.3705371019354526
"{'ar': '48000', 'sample_fmt': 's32p', 'compression_level': '8', 'reservoir': '1', 'aq': '9'}",102.0546875,-3.349,-1.733,0.43301940796663985,0.3706597484022146
"{'ar': '48000', 'sample_fmt': 's32p', 'compression_level': '8', 'reservoir': '1', 'b:a': '319k', 'abr': 'True'}",437.234375,-3.314,-1.669,0.44990280203637667,-0.06368535403753528
"{'ar': '48000', 'sample_fmt': 's32p', 'compression_level': '8', 'reservoir': '1', 'aq': '9'}",102.0546875,-3.349,-1.733,0.43435113300802186,0.3705613167567524
"{'ar': '48000', 'sample_fmt': 's32p', 'compression_level': '8', 'reservoir': '1', 'aq': '9'}",102.0546875,-3.349,-1.733,0.4396651160204783,0.37016854491900775
"{'ar': '32000', 'sample_fmt': 's32p', 'compression_level': '9', 'reservoir': '1', 'aq': '9'}",81.7109375,-3.518,-2.09,0.41014441702282056,-0.10156583936097996
"{'ar': '48000', 'sample_fmt': 's32p', 'compression_level': '7', 'reservoir': '1', 'aq': '9'}",102.0546875,-3.349,-1.733,0.4333689359773416,0.3706339137770785
"{'ar': '48000', 'sample_fmt': 's32p', 'compression_level': '8', 'reservoir': '1', 'aq': '9'}",102.0546875,-3.349,-1.733,0.42916302802041173,0.37094478458599073
"{'ar': '44100', 'sample_fmt': 's32p', 'compression_level': '8', 'reservoir': '1', 'aq': '9'}",97.1474609375,-3.314,-1.668,0.47127595799975097,0.47771500485263074
"{'ar': '48000', 'sample_fmt': 's32p', 'compression_level': '8', 'reservoir': '1', 'aq': '9'}",102.0546875,-3.349,-1.733,0.4328683629864827,0.370670912573101
"{'ar': '44100', 'sample_fmt': 's32p', 'compression_level': '8', 'reservoir': '1', 'aq': '9'}",97.1474609375,-3.314,-1.668,0.43447889399249107,0.4804347821684147
"{'ar': '48000', 'sample_fmt': 's32p', 'compression_level': '8', 'reservoir': '1', 'aq': '9'}",102.0546875,-3.349,-1.733,0.4318020730279386,0.3707497251446889
"{'ar': '48000', 'sample_fmt': 's32p', 'compression_level': '8', 'reservoir': '1', 'aq': '9'}",102.0546875,-3.349,-1.733,0.4347298039938323,0.37053332809012535
"{'ar': '48000', 'sample_fmt': 's32p', 'compression_level': '8', 'reservoir': '1', 'aq': '9'}",102.0546875,-3.349,-1.733,0.43307390398695134,0.3706557204439021
"{'ar': '48000', 'sample_fmt': 's32p', 'compression_level': '8', 'reservoir': '1', 'aq': '9'}",102.0546875,-3.349,-1.733,0.44178629500675015,0.3700117624515684
"{'ar': '48000', 'sample_fmt': 's32p', 'compression_level': '8', 'reservoir': '1', 'aq': '9'}",102.0546875,-3.349,-1.733,0.45187423899187706,0.36926613336528497
"{'ar': '48000', 'sample_fmt': 's32p', 'compression_level': '8', 'reservoir': '1', 'aq': '9'}",102.0546875,-3.349,-1.733,0.4457766310079023,0.36971682518874366
"{'ar': '48000', 'sample_fmt': 's32p', 'compression_level': '8', 'reservoir': '1', 'aq': '9'}",102.0546875,-3.349,-1.733,0.4403880939935334,0.370115107528173
"{'ar': '48000', 'sample_fmt': 's32p', 'compression_level': '8', 'reservoir': '1', 'aq': '9'}",102.0546875,-3.349,-1.733,0.434315352991689,0.3705639613611361
"{'ar': '48000', 'sample_fmt': 's32p', 'compression_level': '8', 'reservoir': '1', 'aq': '9'}",102.0546875,-3.349,-1.733,0.45789814201998524,0.3688208892880646
"{'ar': '48000', 'sample_fmt': 's32p', 'compression_level': '8', 'reservoir': '1', 'aq': '9'}",102.0546875,-3.349,-1.733,0.4403697070083581,0.37011646656337144
"{'ar': '48000', 'sample_fmt': 's32p', 'compression_level': '8', 'reservoir': '1', 'aq': '9'}",102.0546875,-3.349,-1.733,0.4477026800159365,0.36957446534177035
"{'ar': '48000', 'sample_fmt': 's32p', 'compression_level': '7', 'reservoir': '1', 'aq': '9'}",102.0546875,-3.349,-1.733,0.4504323939909227,0.36937270429512054
"{'ar': '48000', 'sample_fmt': 's32p', 'compression_level': '8', 'reservoir': '1', 'aq': '9'}",102.0546875,-3.349,-1.733,0.46813520503928885,0.3680642383831267
"{'ar': '48000', 'sample_fmt': 's32p', 'compression_level': '8', 'reservoir': '1', 'aq': '9'}",102.0546875,-3.349,-1.733,0.474230722989887,0.36761370104007346
"{'ar': '48000', 'sample_fmt': 's32p', 'compression_level': '8', 'reservoir': '1', 'aq': '9'}",102.0546875,-3.349,-1.733,0.4299985179968644,0.3708830311079124
"{'ar': '44100', 'sample_fmt': 's32p', 'compression_level': '8', 'reservoir': '1', 'aq': '9'}",97.1474609375,-3.314,-1.668,0.4513279869861435,0.47918941702442847
"{'ar': '48000', 'sample_fmt': 's32p', 'compression_level': '8', 'reservoir': '1', 'aq': '9'}",102.0546875,-3.349,-1.733,0.46167802799027413,0.3685415069950585
"{'ar': '48000', 'sample_fmt': 's32p', 'compression_level': '7', 'reservoir': '1', 'aq': '9'}",102.0546875,-3.349,-1.733,0.4541596360213589,0.3690972130678091
"{'ar': '48000', 'sample_fmt': 's32p', 'compression_level': '8', 'reservoir': '1', 'aq': '9'}",102.0546875,-3.349,-1.733,0.43207769899163395,0.37072935283336667
"{'ar': '48000', 'sample_fmt': 's32p', 'compression_level': '8', 'reservoir': '1', 'aq': '9'}",102.0546875,-3.349,-1.733,0.4326315129874274,0.3706884188408442
"{'ar': '48000', 'sample_fmt': 's32p', 'compression_level': '8', 'reservoir': '1', 'aq': '9'}",102.0546875,-3.349,-1.733,0.43889471600414254,0.37022548741007427
"{'ar': '48000', 'sample_fmt': 's32p', 'compression_level': '9', 'reservoir': '1', 'aq': '9'}",102.0546875,-3.349,-1.733,0.44146313599776477,0.3700356480676017
"{'ar': '48000', 'sample_fmt': 's32p', 'compression_level': '9', 'reservoir': '1', 'aq': '9'}",102.0546875,-3.349,-1.733,0.4359433459758293,0.37044363169603983
"{'ar': '48000', 'sample_fmt': 's32p', 'compression_level': '8', 'reservoir': '1', 'aq': '9'}",102.0546875,-3.349,-1.733,0.4364246850309428,0.3704080545357794
"{'ar': '48000', 'sample_fmt': 's32p', 'compression_level': '8', 'reservoir': '1', 'aq': '9'}",102.0546875,-3.349,-1.733,0.4336847859667614,0.3706105683917987
"{'ar': '44100', 'sample_fmt': 's32p', 'compression_level': '8', 'reservoir': '1', 'aq': '9'}",97.1474609375,-3.314,-1.668,0.43611284901271574,0.4803140118320057
"{'ar': '48000', 'sample_fmt': 's32p', 'compression_level': '8', 'reservoir': '1', 'aq': '9'}",102.0546875,-3.349,-1.733,0.43388911499641836,0.3705954658428641
"{'ar': '48000', 'sample_fmt': 's32p', 'compression_level': '8', 'reservoir': '1', 'aq': '9'}",102.0546875,-3.349,-1.733,0.4364830670238007,0.37040373935400855
"{'ar': '48000', 'sample_fmt': 's32p', 'compression_level': '8', 'reservoir': '1', 'aq': '9'}",102.0546875,-3.349,-1.733,0.4357586859841831,0.3704572804495467
"{'ar': '48000', 'sample_fmt': 's32p', 'compression_level': '8', 'reservoir': '1', 'aq': '9'}",102.0546875,-3.349,-1.733,0.4331609490036499,0.37064928669522523
"{'ar': '48000', 'sample_fmt': 's32p', 'compression_level': '8', 'reservoir': '1', 'aq': '9'}",102.0546875,-3.349,-1.733,0.43542041501495987,0.37048228303422304
"{'ar': '48000', 'sample_fmt': 's32p', 'compression_level': '8', 'reservoir': '1', 'aq': '9'}",102.0546875,-3.349,-1.733,0.4381099760066718,0.370283489810578
"{'ar': '48000', 'sample_fmt': 's32p', 'compression_level': '8', 'reservoir': '1', 'aq': '9'}",102.0546875,-3.349,-1.733,0.4489273839863017,0.369483943932875
"{'ar': '48000', 'sample_fmt': 's32p', 'compression_level': '8', 'reservoir': '1', 'aq': '9'}",102.0546875,-3.349,-1.733,0.4377456689835526,0.3703104167952218
"{'ar': '48000', 'sample_fmt': 's32p', 'compression_level': '8', 'reservoir': '1', 'aq': '9'}",102.0546875,-3.349,-1.733,0.470966266002506,0.3678549864877624
"{'ar': '48000', 'sample_fmt': 's32p', 'compression_level': '8', 'reservoir': '1', 'aq': '9'}",102.0546875,-3.349,-1.733,0.4358281290042214,0.3704521477152991
"{'ar': '48000', 'sample_fmt': 's32p', 'compression_level': '8', 'reservoir': '1', 'aq': '9'}",102.0546875,-3.349,-1.733,0.44217960798414424,0.3699826915530394
"{'ar': '48000', 'sample_fmt': 's32p', 'compression_level': '9', 'reservoir': '1', 'aq': '9'}",102.0546875,-3.349,-1.733,0.44328261600458063,0.3699011650434103
"{'ar': '48000', 'sample_fmt': 's32p', 'compression_level': '8', 'reservoir': '1', 'aq': '9'}",102.0546875,-3.349,-1.733,0.4371351119771134,0.37035554482760447
"{'ar': '48000', 'sample_fmt': 's32p', 'compression_level': '8', 'reservoir': '1', 'aq': '9'}",102.0546875,-3.349,-1.733,0.44125725398771465,0.37005086540180404
"{'ar': '48000', 'sample_fmt': 's32p', 'compression_level': '8', 'reservoir': '1', 'aq': '9'}",102.0546875,-3.349,-1.733,0.43647427996620536,0.3704043888308232
"{'ar': '48000', 'sample_fmt': 's32p', 'compression_level': '8', 'reservoir': '1', 'aq': '9'}",102.0546875,-3.349,-1.733,0.4360749179904815,0.3704339068282957
"{'ar': '48000', 'sample_fmt': 's32p', 'compression_level': '7', 'reservoir': '1', 'aq': '9'}",102.0546875,-3.349,-1.733,0.435179658990819,0.3705000780075657
"{'ar': '48000', 'sample_fmt': 's32p', 'compression_level': '9', 'reservoir': '1', 'aq': '9'}",102.0546875,-3.349,-1.733,0.44325059800758027,0.3699035315860758
"{'ar': '48000', 'sample_fmt': 's32p', 'compression_level': '8', 'reservoir': '1', 'aq': '9'}",102.0546875,-3.349,-1.733,0.442783309990773,0.3699380701934984
"{'ar': '48000', 'sample_fmt': 's32p', 'compression_level': '8', 'reservoir': '1', 'aq': '9'}",102.0546875,-3.349,-1.733,0.4533563520235475,0.3691565861089558
"{'ar': '48000', 'sample_fmt': 's32p', 'compression_level': '8', 'reservoir': '1', 'aq': '9'}",102.0546875,-3.349,-1.733,0.5141204760002438,0.36466533414459534
"{'ar': '48000', 'sample_fmt': 's32p', 'compression_level': '8', 'reservoir': '1', 'aq': '9'}",102.0546875,-3.349,-1.733,0.43670440901769325,0.3703873793277331
"{'ar': '48000', 'sample_fmt': 's32p', 'compression_level': '9', 'reservoir': '1', 'aq': '9'}",102.0546875,-3.349,-1.733,0.45948691200464964,0.36870345870818366
"{'ar': '48000', 'sample_fmt': 's32p', 'compression_level': '8', 'reservoir': '1', 'aq': '9'}",102.0546875,-3.349,-1.733,0.46136949298670515,0.3685643117085994
"{'ar': '48000', 'sample_fmt': 's32p', 'compression_level': '8', 'reservoir': '1', 'aq': '9'}",102.0546875,-3.349,-1.733,0.4765401799813844,0.36744300240129035
"{'ar': '48000', 'sample_fmt': 's32p', 'compression_level': '8', 'reservoir': '1', 'aq': '9'}",102.0546875,-3.349,-1.733,0.4388280660205055,0.37023041370293175
"{'ar': '48000', 'sample_fmt': 's32p', 'compression_level': '8', 'reservoir': '1', 'aq': '9'}",102.0546875,-3.349,-1.733,0.43604937198688276,0.37043579500722984
"{'ar': '48000', 'sample_fmt': 's32p', 'compression_level': '8', 'reservoir': '1', 'aq': '9'}",102.0546875,-3.349,-1.733,0.4463020599796437,0.36967798921535955
"{'ar': '48000', 'sample_fmt': 's32p', 'compression_level': '8', 'reservoir': '1', 'aq': '9'}",102.0546875,-3.349,-1.733,0.45286428098916076,0.36919295650081135
"{'ar': '48000', 'sample_fmt': 's32p', 'compression_level': '8', 'reservoir': '1', 'aq': '9'}",102.0546875,-3.349,-1.733,0.45518833203823306,0.3690211791730674
"{'ar': '48000', 'sample_fmt': 's32p', 'compression_level': '8', 'reservoir': '1', 'aq': '9'}",102.0546875,-3.349,-1.733,0.43213937696418725,0.37072479403621367
"{'ar': '48000', 'sample_fmt': 's32p', 'compression_level': '8', 'reservoir': '1', 'aq': '9'}",102.0546875,-3.349,-1.733,0.43901204800931737,0.3702168150625732
"{'ar': '48000', 'sample_fmt': 's32p', 'compression_level': '8', 'reservoir': '1', 'aq': '9'}",102.0546875,-3.349,-1.733,0.4358486690034624,0.37045062954461055
"{'ar': '48000', 'sample_fmt': 's32p', 'compression_level': '8', 'reservoir': '1', 'aq': '9'}",102.0546875,-3.349,-1.733,0.44220079097431153,0.36998112585703374
"{'ar': '48000', 'sample_fmt': 's32p', 'compression_level': '8', 'reservoir': '1', 'aq': '9'}",102.0546875,-3.349,-1.733,0.4424321330152452,0.36996402669838907
"{'ar': '48000', 'sample_fmt': 's32p', 'compression_level': '8', 'reservoir': '1', 'aq': '9'}",102.0546875,-3.349,-1.733,0.43348593200789765,0.3706252662624322
"{'ar': '48000', 'sample_fmt': 's32p', 'compression_level': '8', 'reservoir': '1', 'aq': '9'}",102.0546875,-3.349,-1.733,0.43795504499576055,0.370294941209225
"{'ar': '48000', 'sample_fmt': 's32p', 'compression_level': '8', 'reservoir': '1', 'aq': '9'}",102.0546875,-3.349,-1.733,0.44915405299980193,0.36946719017118934
"{'ar': '48000', 'sample_fmt': 's32p', 'compression_level': '8', 'reservoir': '1', 'aq': '9'}",102.0546875,-3.349,-1.733,0.4350301750237122,0.3705111267994674
"{'ar': '48000', 'sample_fmt': 's32p', 'compression_level': '8', 'reservoir': '1', 'aq': '9'}",102.0546875,-3.349,-1.733,0.4579762819921598,0.3688151137369572
"{'ar': '48000', 'sample_fmt': 's32p', 'compression_level': '7', 'reservoir': '1', 'aq': '9'}",102.0546875,-3.349,-1.733,0.43731140898307785,0.37034251420653186
"{'ar': '48000', 'sample_fmt': 's32p', 'compression_level': '8', 'reservoir': '1', 'aq': '9'}",102.0546875,-3.349,-1.733,0.4372561810014304,0.3703465962662215
"{'ar': '48000', 'sample_fmt': 's32p', 'compression_level': '8', 'reservoir': '1', 'aq': '9'}",102.0546875,-3.349,-1.733,0.5145614139910322,0.364632743143727
"{'ar': '48000', 'sample_fmt': 's32p', 'compression_level': '8', 'reservoir': '1', 'aq': '9'}",102.0546875,-3.349,-1.733,0.863782810018165,0.33882078078407774
"{'ar': '44100', 'sample_fmt': 's32p', 'compression_level': '8', 'reservoir': '1', 'aq': '9'}",97.1474609375,-3.314,-1.668,0.5663862210058141,0.47068513051887684
"{'ar': '48000', 'sample_fmt': 's32p', 'compression_level': '8', 'reservoir': '1', 'aq': '9'}",102.0546875,-3.349,-1.733,0.5527089159877505,0.36181315105442263
"{'ar': '48000', 'sample_fmt': 's32p', 'compression_level': '8', 'reservoir': '1', 'aq': '9'}",102.0546875,-3.349,-1.733,0.4649433579761535,0.3683001570215282
"{'ar': '48000', 'sample_fmt': 's32p', 'compression_level': '8', 'reservoir': '1', 'aq': '9'}",102.0546875,-3.349,-1.733,0.45156212800065987,0.3692892023904048
"{'ar': '48000', 'sample_fmt': 's32p', 'compression_level': '8', 'reservoir': '1', 'aq': '9'}",102.0546875,-3.349,-1.733,0.44127468499937095,0.3700495770253704
"{'ar': '48000', 'sample_fmt': 's32p', 'compression_level': '8', 'reservoir': '1', 'aq': '9'}",102.0546875,-3.349,-1.733,0.46676555799786,0.36816547295317753
"{'ar': '48000', 'sample_fmt': 's32p', 'compression_level': '8', 'reservoir': '1', 'aq': '9'}",102.0546875,-3.349,-1.733,0.46483621501829475,0.3683080762671037
"{'ar': '48000', 'sample_fmt': 's32p', 'compression_level': '8', 'reservoir': '1', 'aq': '9'}",102.0546875,-3.349,-1.733,0.4385070170101244,0.37025414336287193
"{'ar': '44100', 'sample_fmt': 's32p', 'compression_level': '8', 'reservoir': '1', 'aq': '9'}",97.1474609375,-3.314,-1.668,0.43163474096218124,0.48064500173628366
"{'ar': '48000', 'sample_fmt': 's32p', 'compression_level': '8', 'reservoir': '1', 'aq': '9'}",102.0546875,-3.349,-1.733,0.5531477980257478,0.36178071201496514
"{'ar': '48000', 'sample_fmt': 's32p', 'compression_level': '8', 'reservoir': '1', 'aq': '9'}",102.0546875,-3.349,-1.733,0.4279989740171004,0.3710308231805897
"{'ar': '48000', 'sample_fmt': 's32p', 'compression_level': '7', 'reservoir': '1', 'aq': '9'}",102.0546875,-3.349,-1.733,0.4571086920041125,0.3688792398196367
"{'ar': '48000', 'sample_fmt': 's32p', 'compression_level': '8', 'reservoir': '1', 'aq': '9'}",102.0546875,-3.349,-1.733,0.4373012779687997,0.37034326301906795
"{'ar': '48000', 'sample_fmt': 's32p', 'compression_level': '8', 'reservoir': '1', 'aq': '9'}",102.0546875,-3.349,-1.733,0.44462431099964306,0.36980199648986617
"{'ar': '48000', 'sample_fmt': 's32p', 'compression_level': '8', 'reservoir': '1', 'aq': '9'}",102.0546875,-3.349,-1.733,0.43006644200067967,0.37087801064854264
"{'ar': '48000', 'sample_fmt': 's32p', 'compression_level': '8', 'reservoir': '1', 'aq': '9'}",102.0546875,-3.349,-1.733,0.4284246969909873,0.37099935676558016
"{'ar': '48000', 'sample_fmt': 's32p', 'compression_level': '8', 'reservoir': '1', 'aq': '9'}",102.0546875,-3.349,-1.733,0.43018497302546166,0.37086924967803814
"{'ar': '48000', 'sample_fmt': 's32p', 'compression_level': '8', 'reservoir': '1', 'aq': '9'}",102.0546875,-3.349,-1.733,0.4328323490044568,0.37067357447056504
"{'ar': '48000', 'sample_fmt': 's32p', 'compression_level': '8', 'reservoir': '1', 'aq': '9'}",102.0546875,-3.349,-1.733,0.43126523500541225,0.3707894043939798
"{'ar': '44100', 'sample_fmt': 's32p', 'compression_level': '8', 'reservoir': '1', 'aq': '9'}",97.1474609375,-3.314,-1.668,0.4258897530089598,0.4810696303944707
"{'ar': '48000', 'sample_fmt': 's32p', 'compression_level': '8', 'reservoir': '1', 'aq': '9'}",102.0546875,-3.349,-1.733,0.4293599909869954,0.37093022648406015
"{'ar': '48000', 'sample_fmt': 's32p', 'compression_level': '8', 'reservoir': '1', 'aq': '9'}",102.0546875,-3.349,-1.733,0.43057552399113774,0.3708403829277753
"{'ar': '48000', 'sample_fmt': 's32p', 'compression_level': '8', 'reservoir': '1', 'aq': '9'}",102.0546875,-3.349,-1.733,0.42791612798464485,0.37103694657020936
"{'ar': '48000', 'sample_fmt': 's32p', 'compression_level': '8', 'reservoir': '1', 'aq': '9'}",102.0546875,-3.349,-1.733,0.4361669189820532,0.37042710676919705
"{'ar': '48000', 'sample_fmt': 's32p', 'compression_level': '8', 'reservoir': '1', 'b:a': '302k', 'abr': 'True'}",414.734375,-3.345,-1.726,0.47027273100684397,-0.11949770290880574
"{'ar': '44100', 'sample_fmt': 's32p', 'compression_level': '8', 'reservoir': '1', 'aq': '9'}",97.1474609375,-3.314,-1.668,0.4272050199797377,0.4809724152125579
"{'ar': '48000', 'sample_fmt': 's32p', 'compression_level': '8', 'reservoir': '1', 'aq': '9'}",102.0546875,-3.349,-1.733,0.42966723899007775,0.37090751689644363
"{'ar': '48000', 'sample_fmt': 's32p', 'compression_level': '8', 'reservoir': '1', 'aq': '9'}",102.0546875,-3.349,-1.733,0.5366937910148408,0.3629968752124742
"{'ar': '48000', 'sample_fmt': 's32p', 'compression_level': '9', 'reservoir': '1', 'aq': '9'}",102.0546875,-3.349,-1.733,0.5286315590201411,0.36359277807280693
"{'ar': '48000', 'sample_fmt': 's32p', 'compression_level': '8', 'reservoir': '1', 'aq': '9'}",102.0546875,-3.349,-1.733,0.4313361809763592,0.3707841605722882
"{'ar': '48000', 'sample_fmt': 's32p', 'compression_level': '8', 'reservoir': '1', 'aq': '9'}",102.0546875,-3.349,-1.733,0.4313240280316677,0.37078505883154295
"{'ar': '48000', 'sample_fmt': 's32p', 'compression_level': '8', 'reservoir': '1', 'aq': '9'}",102.0546875,-3.349,-1.733,0.4280959189927671,0.3710236576973423
"{'ar': '44100', 'sample_fmt': 'fltp', 'compression_level': '8', 'reservoir': '1', 'aq': '9'}",97.1474609375,-3.314,-1.668,0.42625684299855493,0.48104249771273405
"{'ar': '48000', 'sample_fmt': 's32p', 'compression_level': '8', 'reservoir': '1', 'aq': '9'}",102.0546875,-3.349,-1.733,0.43291022401535884,0.3706678185035108
"{'ar': '48000', 'sample_fmt': 's32p', 'compression_level': '8', 'reservoir': '1', 'aq': '9'}",102.0546875,-3.349,-1.733,0.4385550179868005,0.3702505954720001
"{'ar': '48000', 'sample_fmt': 's32p', 'compression_level': '8', 'reservoir': '1', 'aq': '9'}",102.0546875,-3.349,-1.733,0.43036234300234355,0.370856139750585
"{'ar': '48000', 'sample_fmt': 's32p', 'compression_level': '8', 'reservoir': '1', 'aq': '9'}",102.0546875,-3.349,-1.733,0.42999982900801115,0.3708829342072907
"{'ar': '48000', 'sample_fmt': 's32p', 'compression_level': '8', 'reservoir': '1', 'aq': '9'}",102.0546875,-3.349,-1.733,0.44060757200350054,0.3700988852743349
"{'ar': '48000', 'sample_fmt': 's32p', 'compression_level': '8', 'reservoir': '1', 'aq': '9'}",102.0546875,-3.349,-1.733,0.44744465200346895,0.3695935369376729
"{'ar': '48000', 'sample_fmt': 's32p', 'compression_level': '8', 'reservoir': '1', 'aq': '9'}",102.0546875,-3.349,-1.733,0.4433966320066247,0.36989273779128135
"{'ar': '48000', 'sample_fmt': 's32p', 'compression_level': '8', 'reservoir': '1', 'aq': '9'}",102.0546875,-3.349,-1.733,0.44706117699388415,0.369621880683577
"{'ar': '48000', 'sample_fmt': 's32p', 'compression_level': '8', 'reservoir': '1', 'aq': '9'}",102.0546875,-3.349,-1.733,0.446782320010243,0.36964249180891856
"{'ar': '48000', 'sample_fmt': 's32p', 'compression_level': '8', 'reservoir': '1', 'aq': '9'}",102.0546875,-3.349,-1.733,0.46429626998724416,0.36834798516437145
"{'ar': '48000', 'sample_fmt': 's32p', 'compression_level': '8', 'reservoir': '1', 'aq': '9'}",102.0546875,-3.349,-1.733,0.45205986601649784,0.36925241313557694
"{'ar': '48000', 'sample_fmt': 's32p', 'compression_level': '8', 'reservoir': '1', 'aq': '9'}",102.0546875,-3.349,-1.733,0.46606740102288313,0.36821707575233087
"{'ar': '48000', 'sample_fmt': 's32p', 'compression_level': '8', 'reservoir': '1', 'aq': '9'}",102.0546875,-3.349,-1.733,0.43544022800051607,0.3704808185992164
"{'ar': '48000', 'sample_fmt': 's32p', 'compression_level': '8', 'reservoir': '1', 'aq': '9'}",102.0546875,-3.349,-1.733,0.435743719979655,0.37045838663018155
"{'ar': '48000', 'sample_fmt': 's32p', 'compression_level': '8', 'reservoir': '1', 'aq': '9'}",102.0546875,-3.349,-1.733,0.4451827060256619,0.3697607239001641
"{'ar': '48000', 'sample_fmt': 's32p', 'compression_level': '8', 'reservoir': '1', 'aq': '9'}",102.0546875,-3.349,-1.733,0.4366464829945471,0.3703916608074651
"{'ar': '48000', 'sample_fmt': 's32p', 'compression_level': '9', 'reservoir': '1', 'aq': '9'}",102.0546875,-3.349,-1.733,0.4415563340007793,0.3700287595339289
"{'ar': '48000', 'sample_fmt': 's32p', 'compression_level': '8', 'reservoir': '1', 'aq': '9'}",102.0546875,-3.349,-1.733,0.437528628972359,0.3703264588495266
"{'ar': '48000', 'sample_fmt': 's32p', 'compression_level': '8', 'reservoir': '1', 'aq': '9'}",102.0546875,-3.349,-1.733,0.4347302529786248,0.37053329490436215
"{'ar': '48000', 'sample_fmt': 's32p', 'compression_level': '8', 'reservoir': '1', 'aq': '9'}",102.0546875,-3.349,-1.733,0.43903072000830434,0.3702154349611805
"{'ar': '48000', 'sample_fmt': 's32p', 'compression_level': '8', 'reservoir': '1', 'aq': '9'}",102.0546875,-3.349,-1.733,0.4344283110112883,0.37055561230754636
"{'ar': '48000', 'sample_fmt': 's32p', 'compression_level': '8', 'reservoir': '1', 'aq': '9'}",102.0546875,-3.349,-1.733,0.4311309490003623,0.37079932986059555
"{'ar': '48000', 'sample_fmt': 's32p', 'compression_level': '8', 'reservoir': '1', 'aq': '9'}",102.0546875,-3.349,-1.733,0.43064920298638754,0.3708349371003612
"{'ar': '48000', 'sample_fmt': 's32p', 'compression_level': '8', 'reservoir': '1', 'aq': '9'}",102.0546875,-3.349,-1.733,0.436527454003226,0.37040045858411524
"{'ar': '48000', 'sample_fmt': 's32p', 'compression_level': '8', 'reservoir': '1', 'aq': '9'}",102.0546875,-3.349,-1.733,0.4343094050127547,0.3705644009934442
"{'ar': '44100', 'sample_fmt': 's32p', 'compression_level': '8', 'reservoir': '1', 'aq': '9'}",97.1474609375,-3.314,-1.668,0.4278117390058469,0.48092757085639026
"{'ar': '44100', 'sample_fmt': 's32p', 'compression_level': '8', 'reservoir': '1', 'aq': '9'}",97.1474609375,-3.314,-1.668,0.42845449698506854,0.48088006275707335
"{'ar': '48000', 'sample_fmt': 's32p', 'compression_level': '8', 'reservoir': '1', 'aq': '9'}",102.0546875,-3.349,-1.733,0.4276830069720745,0.37105417721778755
"{'ar': '48000', 'sample_fmt': 's32p', 'compression_level': '8', 'reservoir': '1', 'aq': '9'}",102.0546875,-3.349,-1.733,0.43466315101250075,0.3705382546045511
"{'ar': '48000', 'sample_fmt': 's32p', 'compression_level': '8', 'reservoir': '1', 'aq': '9'}",102.0546875,-3.349,-1.733,0.43457365600625053,0.37054486943903425
"{'ar': '48000', 'sample_fmt': 's32p', 'compression_level': '8', 'reservoir': '1', 'aq': '9'}",102.0546875,-3.349,-1.733,0.43306044198106974,0.37065671545965156
"{'ar': '48000', 'sample_fmt': 's32p', 'compression_level': '8', 'reservoir': '1', 'aq': '9'}",102.0546875,-3.349,-1.733,0.4573087439930532,0.3688644533991388
"{'ar': '48000', 'sample_fmt': 's32p', 'compression_level': '8', 'reservoir': '1', 'aq': '9'}",102.0546875,-3.349,-1.733,0.4414409250312019,0.3700372897443129
"{'ar': '48000', 'sample_fmt': 's32p', 'compression_level': '8', 'reservoir': '1', 'aq': '9'}",102.0546875,-3.349,-1.733,0.43688613799167797,0.3703739472142099
"{'ar': '48000', 'sample_fmt': 's32p', 'compression_level': '8', 'reservoir': '1', 'aq': '9'}",102.0546875,-3.349,-1.733,0.43178290998912416,0.370751141540254
"{'ar': '48000', 'sample_fmt': 's32p', 'compression_level': '8', 'reservoir': '1', 'aq': '9'}",102.0546875,-3.349,-1.733,0.5104724220000207,0.3649349723558017
"{'ar': '48000', 'sample_fmt': 's32p', 'compression_level': '8', 'reservoir': '1', 'aq': '9'}",102.0546875,-3.349,-1.733,0.5247088489995804,0.3638827169040195
"{'ar': '48000', 'sample_fmt': 's32p', 'compression_level': '8', 'reservoir': '1', 'aq': '9'}",102.0546875,-3.349,-1.733,0.4869306230393704,0.3666750147345439
"{'ar': '48000', 'sample_fmt': 's32p', 'compression_level': '8', 'reservoir': '1', 'aq': '9'}",102.0546875,-3.349,-1.733,0.43782926799030975,0.370304237751096
"{'ar': '48000', 'sample_fmt': 's32p', 'compression_level': '8', 'reservoir': '1', 'aq': '9'}",102.0546875,-3.349,-1.733,0.4782378409872763,0.3673175233714198
"{'ar': '48000', 'sample_fmt': 's32p', 'compression_level': '8', 'reservoir': '1', 'aq': '9'}",102.0546875,-3.349,-1.733,0.5010862660128623,0.36562873026353165
"{'ar': '48000', 'sample_fmt': 's32p', 'compression_level': '8', 'reservoir': '1', 'aq': '9'}",102.0546875,-3.349,-1.733,0.4394412679830566,0.370185090174201
"{'ar': '48000', 'sample_fmt': 's32p', 'compression_level': '8', 'reservoir': '1', 'aq': '9'}",102.0546875,-3.349,-1.733,0.45126296096714213,0.36931131469021306
"{'ar': '48000', 'sample_fmt': 's32p', 'compression_level': '8', 'reservoir': '1', 'aq': '9'}",102.0546875,-3.349,-1.733,0.4627050390117802,0.36846559764319275
"{'ar': '44100', 'sample_fmt': 's32p', 'compression_level': '8', 'reservoir': '1', 'aq': '9'}",97.1474609375,-3.314,-1.668,0.4298058770073112,0.4807801783551881
"{'ar': '48000', 'sample_fmt': 's32p', 'compression_level': '8', 'reservoir': '1', 'aq': '9'}",102.0546875,-3.349,-1.733,0.43290816800436005,0.370667970469224
"{'ar': '48000', 'sample_fmt': 's32p', 'compression_level': '8', 'reservoir': '1', 'aq': '9'}",102.0546875,-3.349,-1.733,0.43633458597469144,0.37041471401734344
"{'ar': '44100', 'sample_fmt': 's32p', 'compression_level': '8', 'reservoir': '1', 'aq': '9'}",97.1474609375,-3.314,-1.668,0.42498785798670724,0.4811362920613433
"{'ar': '48000', 'sample_fmt': 's32p', 'compression_level': '8', 'reservoir': '1', 'aq': '9'}",102.0546875,-3.349,-1.733,0.4368074919912033,0.370379760167331
"{'ar': '48000', 'sample_fmt': 's32p', 'compression_level': '7', 'reservoir': '1', 'aq': '9'}",102.0546875,-3.349,-1.733,0.43509803400957026,0.3705061111457627
"{'ar': '48000', 'sample_fmt': 's32p', 'compression_level': '9', 'reservoir': '1', 'aq': '9'}",102.0546875,-3.349,-1.733,0.4379685109888669,0.37029394589876824
"{'ar': '48000', 'sample_fmt': 's32p', 'compression_level': '8', 'reservoir': '1', 'aq': '9'}",102.0546875,-3.349,-1.733,0.4399157410080079,0.37015002050206736
"{'ar': '48000', 'sample_fmt': 's32p', 'compression_level': '8', 'reservoir': '1', 'aq': '9'}",102.0546875,-3.349,-1.733,0.4373513839964289,0.37033955953779824
"{'ar': '48000', 'sample_fmt': 's32p', 'compression_level': '9', 'reservoir': '1', 'aq': '9'}",102.0546875,-3.349,-1.733,0.43257046697544865,0.3706929309279652
"{'ar': '48000', 'sample_fmt': 's32p', 'compression_level': '8', 'reservoir': '1', 'aq': '9'}",102.0546875,-3.349,-1.733,0.45023222599411383,0.3693874992900951
"{'ar': '48000', 'sample_fmt': 's32p', 'compression_level': '8', 'reservoir': '1', 'aq': '9'}",102.0546875,-3.349,-1.733,0.4477809829695616,0.3695686777442331
"{'ar': '48000', 'sample_fmt': 's32p', 'compression_level': '8', 'reservoir': '1', 'aq': '9'}",102.0546875,-3.349,-1.733,0.44317026596399955,0.3699094691595143
"{'ar': '48000', 'sample_fmt': 's32p', 'compression_level': '8', 'reservoir': '1', 'aq': '9'}",102.0546875,-3.349,-1.733,0.4415732839843258,0.3700275067116726
"{'ar': '48000', 'sample_fmt': 's32p', 'compression_level': '9', 'reservoir': '1', 'aq': '9'}",102.0546875,-3.349,-1.733,0.4473015619732905,0.36960411313522273
"{'ar': '48000', 'sample_fmt': 's32p', 'compression_level': '8', 'reservoir': '1', 'aq': '9'}",102.0546875,-3.349,-1.733,0.45024001400452107,0.3693869236557446
"{'ar': '48000', 'sample_fmt': 's32p', 'compression_level': '8', 'reservoir': '1', 'aq': '9'}",102.0546875,-3.349,-1.733,0.44620483499602415,0.3696851753948038
"{'ar': '48000', 'sample_fmt': 's32p', 'compression_level': '8', 'reservoir': '1', 'aq': '9'}",102.0546875,-3.349,-1.733,0.44120750299771316,0.37005454264121684
"{'ar': '48000', 'sample_fmt': 's32p', 'compression_level': '8', 'reservoir': '1', 'aq': '9'}",102.0546875,-3.349,-1.733,0.44225101501797326,0.36997741365285813
"{'ar': '44100', 'sample_fmt': 's32p', 'compression_level': '7', 'reservoir': '1', 'aq': '9'}",97.1474609375,-3.314,-1.668,0.4418807239853777,0.47988769152808614
"{'ar': '44100', 'sample_fmt': 's32p', 'compression_level': '8', 'reservoir': '1', 'aq': '9'}",97.1474609375,-3.314,-1.668,0.43163180898409337,0.48064521844725533
"{'ar': '48000', 'sample_fmt': 's32p', 'compression_level': '8', 'reservoir': '1', 'aq': '9'}",102.0546875,-3.349,-1.733,0.437678679038072,0.3703153682156413
"{'ar': '48000', 'sample_fmt': 's32p', 'compression_level': '9', 'reservoir': '1', 'aq': '9'}",102.0546875,-3.349,-1.733,0.43724033000762574,0.37034776785897067
"{'ar': '44100', 'sample_fmt': 's32p', 'compression_level': '8', 'reservoir': '1', 'aq': '9'}",97.1474609375,-3.314,-1.668,0.4311806200130377,0.48067856712769264
"{'ar': '48000', 'sample_fmt': 's32p', 'compression_level': '8', 'reservoir': '1', 'aq': '9'}",102.0546875,-3.349,-1.733,0.43340873101260513,0.3706309724110453
"{'ar': '44100', 'sample_fmt': 's32p', 'compression_level': '8', 'reservoir': '1', 'aq': '9'}",97.1474609375,-3.314,-1.668,0.4331708629906643,0.4805314625189559
"{'ar': '48000', 'sample_fmt': 's32p', 'compression_level': '8', 'reservoir': '1', 'aq': '9'}",102.0546875,-3.349,-1.733,0.43649304402060807,0.3704030019253487
"{'ar': '48000', 'sample_fmt': 's32p', 'compression_level': '8', 'reservoir': '1', 'aq': '9'}",102.0546875,-3.349,-1.733,0.43466005800291896,0.3705384832178257
"{'ar': '48000', 'sample_fmt': 's32p', 'compression_level': '8', 'reservoir': '1', 'aq': '9'}",102.0546875,-3.349,-1.733,0.43467622000025585,0.37053728863790686
"{'ar': '48000', 'sample_fmt': 's32p', 'compression_level': '8', 'reservoir': '1', 'aq': '9'}",102.0546875,-3.349,-1.733,0.44635091300006025,0.3696743783474732
"{'ar': '48000', 'sample_fmt': 's32p', 'compression_level': '8', 'reservoir': '1', 'aq': '9'}",102.0546875,-3.349,-1.733,0.4372448679932859,0.3703474324433393
"{'ar': '48000', 'sample_fmt': 's32p', 'compression_level': '8', 'reservoir': '1', 'aq': '9'}",102.0546875,-3.349,-1.733,0.4461837900162209,0.3696867308900647
"{'ar': '48000', 'sample_fmt': 's32p', 'compression_level': '8', 'reservoir': '1', 'aq': '9'}",102.0546875,-3.349,-1.733,0.4583859729755204,0.3687848322926875
"{'ar': '48000', 'sample_fmt': 's32p', 'compression_level': '8', 'reservoir': '1', 'aq': '9'}",102.0546875,-3.349,-1.733,0.46336681200773455,0.3684166840890505
"{'ar': '48000', 'sample_fmt': 's32p', 'compression_level': '7', 'reservoir': '1', 'aq': '9'}",102.0546875,-3.349,-1.733,0.4326426810002886,0.3706875933807467
"{'ar': '48000', 'sample_fmt': 's32p', 'compression_level': '8', 'reservoir': '1', 'aq': '9'}",102.0546875,-3.349,-1.733,0.43775190398446284,0.3703099559482902
"{'ar': '44100', 'sample_fmt': 's32p', 'compression_level': '9', 'reservoir': '1', 'aq': '9'}",97.1474609375,-3.314,-1.668,0.4397125890245661,0.48004794464727
"{'ar': '48000', 'sample_fmt': 's32p', 'compression_level': '9', 'reservoir': '1', 'aq': '9'}",102.0546875,-3.349,-1.733,0.44625045801512897,0.36968180326564654
"{'ar': '48000', 'sample_fmt': 's32p', 'compression_level': '8', 'reservoir': '1', 'aq': '9'}",102.0546875,-3.349,-1.733,0.4349436510237865,0.3705175220382892
"{'ar': '48000', 'sample_fmt': 's32p', 'compression_level': '8', 'reservoir': '1', 'aq': '9'}",102.0546875,-3.349,-1.733,0.4346505729772616,0.3705391842834764
"{'ar': '48000', 'sample_fmt': 's32p', 'compression_level': '8', 'reservoir': '1', 'aq': '9'}",102.0546875,-3.349,-1.733,0.4351763690065127,0.37050032117981124
"{'ar': '48000', 'sample_fmt': 's32p', 'compression_level': '8', 'reservoir': '1', 'aq': '9'}",102.0546875,-3.349,-1.733,0.4382946360274218,0.37026984105491995
"{'ar': '44100', 'sample_fmt': 's32p', 'compression_level': '8', 'reservoir': '1', 'aq': '9'}",97.1474609375,-3.314,-1.668,0.43733815898303874,0.4802234456319026
"{'ar': '48000', 'sample_fmt': 's32p', 'compression_level': '8', 'reservoir': '1', 'aq': '9'}",102.0546875,-3.349,-1.733,0.4353692989971023,0.37048606116678856
"{'ar': '48000', 'sample_fmt': 's32p', 'compression_level': '8', 'reservoir': '1', 'aq': '9'}",102.0546875,-3.349,-1.733,0.435892772016814,0.3704473697634702
"{'ar': '48000', 'sample_fmt': 's32p', 'compression_level': '8', 'reservoir': '1', 'aq': '9'}",102.0546875,-3.349,-1.733,0.4359275640163105,0.37044479818626547
"{'ar': '48000', 'sample_fmt': 's32p', 'compression_level': '8', 'reservoir': '1', 'aq': '9'}",102.0546875,-3.349,-1.733,0.44181266700616106,0.3700098132208973
"{'ar': '48000', 'sample_fmt': 's32p', 'compression_level': '8', 'reservoir': '1', 'aq': '9'}",102.0546875,-3.349,-1.733,0.45942830498097464,0.36870779052263236
"{'ar': '48000', 'sample_fmt': 's32p', 'compression_level': '8', 'reservoir': '1', 'aq': '9'}",102.0546875,-3.349,-1.733,0.44485259099747054,0.3697851236556744
"{'ar': '48000', 'sample_fmt': 's32p', 'compression_level': '8', 'reservoir': '1', 'aq': '9'}",102.0546875,-3.349,-1.733,0.436587571981363,0.3703960150906568
"{'ar': '48000', 'sample_fmt': 's32p', 'compression_level': '8', 'reservoir': '1', 'aq': '9'}",102.0546875,-3.349,-1.733,0.44084815797396004,0.37008110287015117
"{'ar': '48000', 'sample_fmt': 's32p', 'compression_level': '8', 'reservoir': '1', 'aq': '9'}",102.0546875,-3.349,-1.733,0.47804260201519355,0.3673319540479358
"{'ar': '48000', 'sample_fmt': 's32p', 'compression_level': '7', 'reservoir': '1', 'aq': '9'}",102.0546875,-3.349,-1.733,0.609993279009359,0.35757909827606604
"{'ar': '48000', 'sample_fmt': 's32p', 'compression_level': '9', 'reservoir': '1', 'aq': '9'}",102.0546875,-3.349,-1.733,0.47836771502625197,0.36730792400596374
"{'ar': '48000', 'sample_fmt': 's32p', 'compression_level': '8', 'reservoir': '1', 'aq': '9'}",102.0546875,-3.349,-1.733,0.4659277619794011,0.36822739687748324
"{'ar': '48000', 'sample_fmt': 's32p', 'compression_level': '8', 'reservoir': '1', 'aq': '9'}",102.0546875,-3.349,-1.733,0.46658008999656886,0.3681791814290118
"{'ar': '48000', 'sample_fmt': 's32p', 'compression_level': '8', 'reservoir': '1', 'aq': '9'}",102.0546875,-3.349,-1.733,0.4870411489682738,0.36666684544380435
"{'ar': '48000', 'sample_fmt': 's32p', 'compression_level': '8', 'reservoir': '1', 'aq': '9'}",102.0546875,-3.349,-1.733,0.44074206496588886,0.3700889445109043
"{'ar': '48000', 'sample_fmt': 's32p', 'compression_level': '7', 'reservoir': '1', 'aq': '9'}",102.0546875,-3.349,-1.733,0.4547224659763742,0.3690556126796914
"{'ar': '48000', 'sample_fmt': 's32p', 'compression_level': '8', 'reservoir': '1', 'aq': '9'}",102.0546875,-3.349,-1.733,0.455205072008539,0.36901994187349657
"{'ar': '48000', 'sample_fmt': 's32p', 'compression_level': '8', 'reservoir': '1', 'aq': '9'}",102.0546875,-3.349,-1.733,0.44047844799933955,0.37010842920255077
"{'ar': '44100', 'sample_fmt': 's32p', 'compression_level': '8', 'reservoir': '1', 'aq': '9'}",97.1474609375,-3.314,-1.668,0.4440694569784682,0.47972591594882413
"{'ar': '48000', 'sample_fmt': 's32p', 'compression_level': '7', 'reservoir': '1', 'aq': '9'}",102.0546875,-3.349,-1.733,0.4549086560145952,0.36904185083602153
"{'ar': '48000', 'sample_fmt': 's32p', 'compression_level': '8', 'reservoir': '1', 'aq': '9'}",102.0546875,-3.349,-1.733,0.45898869499797,0.3687402833666085
"{'ar': '48000', 'sample_fmt': 's32p', 'compression_level': '7', 'reservoir': '1', 'aq': '9'}",102.0546875,-3.349,-1.733,0.4704179519903846,0.367895513960601
"{'ar': '48000', 'sample_fmt': 's32p', 'compression_level': '7', 'reservoir': '1', 'aq': '9'}",102.0546875,-3.349,-1.733,0.47451894599362276,0.36759239764512613
"{'ar': '48000', 'sample_fmt': 's32p', 'compression_level': '8', 'reservoir': '1', 'aq': '9'}",102.0546875,-3.349,-1.733,0.4425577880174387,0.36995473917413135
"{'ar': '48000', 'sample_fmt': 's32p', 'compression_level': '8', 'reservoir': '1', 'aq': '9'}",102.0546875,-3.349,-1.733,0.4447600530111231,0.36979196340560844
"{'ar': '48000', 'sample_fmt': 's32p', 'compression_level': '8', 'reservoir': '1', 'aq': '9'}",102.0546875,-3.349,-1.733,0.4499462830135599,0.36940863416194153
"{'ar': '48000', 'sample_fmt': 's32p', 'compression_level': '8', 'reservoir': '1', 'aq': '9'}",102.0546875,-3.349,-1.733,0.4492732440121472,0.36945838041909723
"{'ar': '48000', 'sample_fmt': 's32p', 'compression_level': '8', 'reservoir': '1', 'aq': '9'}",102.0546875,-3.349,-1.733,0.4389708900125697,0.37021985716902756
"{'ar': '48000', 'sample_fmt': 's32p', 'compression_level': '8', 'reservoir': '1', 'aq': '9'}",102.0546875,-3.349,-1.733,0.4378018770075869,0.37030626229776775
"{'ar': '48000', 'sample_fmt': 's32p', 'compression_level': '8', 'reservoir': '1', 'aq': '9'}",102.0546875,-3.349,-1.733,0.43983246001880616,0.3701561760405968
"{'ar': '48000', 'sample_fmt': 's32p', 'compression_level': '8', 'reservoir': '1', 'aq': '9'}",102.0546875,-3.349,-1.733,0.4395399650093168,0.37017779519183214
"{'ar': '48000', 'sample_fmt': 's32p', 'compression_level': '8', 'reservoir': '1', 'aq': '9'}",102.0546875,-3.349,-1.733,0.43473805097164586,0.3705327185321678
"{'ar': '48000', 'sample_fmt': 's32p', 'compression_level': '9', 'reservoir': '1', 'aq': '9'}",102.0546875,-3.349,-1.733,0.47248552899691276,0.36774269337035276
"{'ar': '48000', 'sample_fmt': 's32p', 'compression_level': '8', 'reservoir': '1', 'aq': '9'}",102.0546875,-3.349,-1.733,0.43972483900142834,0.37016413062093256
"{'ar': '48000', 'sample_fmt': 's32p', 'compression_level': '8', 'reservoir': '1', 'aq': '9'}",102.0546875,-3.349,-1.733,0.4405850130133331,0.37010055267447617
"{'ar': '48000', 'sample_fmt': 's32p', 'compression_level': '6', 'reservoir': '1', 'aq': '9'}",110.65625,-3.337,-1.711,0.4586279600043781,0.38994107651470616
"{'ar': '48000', 'sample_fmt': 's32p', 'compression_level': '8', 'reservoir': '1', 'aq': '9'}",102.0546875,-3.349,-1.733,0.4367982959665824,0.37038043987208014
"{'ar': '48000', 'sample_fmt': 's32p', 'compression_level': '8', 'reservoir': '1', 'aq': '9'}",102.0546875,-3.349,-1.733,0.43972621799912304,0.3701640286952287
"{'ar': '44100', 'sample_fmt': 's32p', 'compression_level': '8', 'reservoir': '1', 'aq': '9'}",97.1474609375,-3.314,-1.668,0.4345865369832609,0.480426825963962
"{'ar': '48000', 'sample_fmt': 's32p', 'compression_level': '8', 'reservoir': '1', 'aq': '9'}",102.0546875,-3.349,-1.733,0.4374326429970097,0.3703335534502898
"{'ar': '48000', 'sample_fmt': 's32p', 'compression_level': '9', 'reservoir': '1', 'aq': '9'}",102.0546875,-3.349,-1.733,0.43388187800883316,0.37059600074952587
"{'ar': '48000', 'sample_fmt': 's32p', 'compression_level': '8', 'reservoir': '1', 'aq': '9'}",102.0546875,-3.349,-1.733,0.435746030008886,0.3704582158892469
"{'ar': '48000', 'sample_fmt': 's32p', 'compression_level': '8', 'reservoir': '1', 'aq': '9'}",102.0546875,-3.349,-1.733,0.4345430040266365,0.370547135015408
"{'ar': '48000', 'sample_fmt': 's32p', 'compression_level': '8', 'reservoir': '1', 'aq': '9'}",102.0546875,-3.349,-1.733,0.44251404897659086,0.36995797205301234
"{'ar': '48000', 'sample_fmt': 's32p', 'compression_level': '8', 'reservoir': '1', 'aq': '9'}",102.0546875,-3.349,-1.733,0.43877162999706343,0.3702345850524807
"{'ar': '48000', 'sample_fmt': 's32p', 'compression_level': '8', 'reservoir': '1', 'aq': '9'}",102.0546875,-3.349,-1.733,0.43877482498646714,0.37023434890158285
"{'ar': '48000', 'sample_fmt': 's32p', 'compression_level': '8', 'reservoir': '1', 'aq': '9'}",102.0546875,-3.349,-1.733,0.437268765992485,0.37034566607317176
"{'ar': '48000', 'sample_fmt': 's32p', 'compression_level': '8', 'reservoir': '1', 'aq': '9'}",102.0546875,-3.349,-1.733,0.43866598900058307,0.3702423932837512
"{'ar': '48000', 'sample_fmt': 's32p', 'compression_level': '8', 'reservoir': '1', 'aq': '9'}",102.0546875,-3.349,-1.733,0.44338924798648804,0.36989328356554374
"{'ar': '48000', 'sample_fmt': 's32p', 'compression_level': '8', 'reservoir': '1', 'aq': '9'}",102.0546875,-3.349,-1.733,0.440739696030505,0.3700891196057629
"{'ar': '48000', 'sample_fmt': 's32p', 'compression_level': '8', 'reservoir': '1', 'aq': '9'}",102.0546875,-3.349,-1.733,0.43879761899006553,0.3702326641309199
"{'ar': '48000', 'sample_fmt': 's32p', 'compression_level': '8', 'reservoir': '1', 'aq': '9'}",102.0546875,-3.349,-1.733,0.4477693550288677,0.3695695371989255
"{'ar': '44100', 'sample_fmt': 's32p', 'compression_level': '8', 'reservoir': '1', 'aq': '9'}",97.1474609375,-3.314,-1.668,0.45959670198499225,0.47857825240868324
"{'ar': '44100', 'sample_fmt': 's32p', 'compression_level': '8', 'reservoir': '1', 'aq': '9'}",97.1474609375,-3.314,-1.668,0.4408134519762825,0.4799665766858676
"{'ar': '48000', 'sample_fmt': 's32p', 'compression_level': '9', 'reservoir': '1', 'aq': '9'}",102.0546875,-3.349,-1.733,0.46295359800569713,0.36844722592980944
"{'ar': '48000', 'sample_fmt': 's32p', 'compression_level': '8', 'reservoir': '1', 'aq': '9'}",102.0546875,-3.349,-1.733,0.46317634396837093,0.36843076213214493
"{'ar': '48000', 'sample_fmt': 's32p', 'compression_level': '8', 'reservoir': '1', 'aq': '9'}",102.0546875,-3.349,-1.733,0.4402666359965224,0.3701240848396516
"{'ar': '48000', 'sample_fmt': 's32p', 'compression_level': '8', 'reservoir': '1', 'aq': '9'}",102.0546875,-3.349,-1.733,0.4396234669839032,0.37017162331963444
"{'ar': '48000', 'sample_fmt': 's32p', 'compression_level': '8', 'reservoir': '1', 'aq': '9'}",102.0546875,-3.349,-1.733,0.44312339898897335,0.3699129332330477
"{'ar': '48000', 'sample_fmt': 's32p', 'compression_level': '8', 'reservoir': '1', 'aq': '9'}",102.0546875,-3.349,-1.733,0.49475494702346623,0.36609669634264475
"{'ar': '48000', 'sample_fmt': 's32p', 'compression_level': '8', 'reservoir': '1', 'aq': '9'}",102.0546875,-3.349,-1.733,0.44999967800686136,0.3694046875837165
"{'ar': '48000', 'sample_fmt': 's32p', 'compression_level': '7', 'reservoir': '1', 'aq': '9'}",102.0546875,-3.349,-1.733,0.45812354001100175,0.368804229471323
"{'ar': '48000', 'sample_fmt': 's32p', 'compression_level': '8', 'reservoir': '1', 'aq': '9'}",102.0546875,-3.349,-1.733,0.44358616301906295,0.3698787290065542
"{'ar': '48000', 'sample_fmt': 's32p', 'compression_level': '9', 'reservoir': '1', 'aq': '9'}",102.0546875,-3.349,-1.733,0.4452496479789261,0.36975577602698795
"{'ar': '48000', 'sample_fmt': 's32p', 'compression_level': '8', 'reservoir': '1', 'aq': '9'}",102.0546875,-3.349,-1.733,0.4492856120050419,0.36945746626500847
"{'ar': '48000', 'sample_fmt': 's32p', 'compression_level': '7', 'reservoir': '1', 'aq': '9'}",102.0546875,-3.349,-1.733,0.4602800639695488,0.3686448345548633
"{'ar': '48000', 'sample_fmt': 's32p', 'compression_level': '8', 'reservoir': '1', 'aq': '9'}",102.0546875,-3.349,-1.733,0.4527240160095971,0.36920332389070804
"{'ar': '48000', 'sample_fmt': 's32p', 'compression_level': '8', 'reservoir': '1', 'aq': '9'}",102.0546875,-3.349,-1.733,0.4712690509913955,0.36783260677441953
"{'ar': '48000', 'sample_fmt': 's32p', 'compression_level': '8', 'reservoir': '1', 'aq': '9'}",102.0546875,-3.349,-1.733,0.4457529569917824,0.3697185750036746
"{'ar': '48000', 'sample_fmt': 's32p', 'compression_level': '8', 'reservoir': '1', 'aq': '9'}",102.0546875,-3.349,-1.733,0.4442818409879692,0.369827309437902
"{'ar': '48000', 'sample_fmt': 's32p', 'compression_level': '8', 'reservoir': '1', 'aq': '9'}",102.0546875,-3.349,-1.733,0.45136879198253155,0.369303492414096
"{'ar': '48000', 'sample_fmt': 's32p', 'compression_level': '8', 'reservoir': '1', 'aq': '9'}",102.0546875,-3.349,-1.733,0.45219207397894934,0.3692426412630936
"{'ar': '44100', 'sample_fmt': 's32p', 'compression_level': '7', 'reservoir': '1', 'aq': '9'}",97.1474609375,-3.314,-1.668,0.4428273199882824,0.4798177258825823
"{'ar': '48000', 'sample_fmt': 's32p', 'compression_level': '8', 'reservoir': '1', 'aq': '9'}",102.0546875,-3.349,-1.733,0.4446303650038317,0.3698015490209252
"{'ar': '48000', 'sample_fmt': 's32p', 'compression_level': '8', 'reservoir': '1', 'aq': '9'}",102.0546875,-3.349,-1.733,0.4449256990046706,0.3697797200316367
"{'ar': '48000', 'sample_fmt': 's32p', 'compression_level': '8', 'reservoir': '1', 'aq': '9'}",102.0546875,-3.349,-1.733,0.43689504300709814,0.37037328901879163
"{'ar': '48000', 'sample_fmt': 's32p', 'compression_level': '8', 'reservoir': '1', 'aq': '9'}",102.0546875,-3.349,-1.733,0.4441776809981093,0.36983500820369425
"{'ar': '48000', 'sample_fmt': 's32p', 'compression_level': '8', 'reservoir': '1', 'aq': '9'}",102.0546875,-3.349,-1.733,0.43775684098363854,0.370309591040417
"{'ar': '48000', 'sample_fmt': 's32p', 'compression_level': '9', 'reservoir': '1', 'aq': '9'}",102.0546875,-3.349,-1.733,0.4578393929696176,0.36882523160011654
"{'ar': '48000', 'sample_fmt': 's32p', 'compression_level': '8', 'reservoir': '1', 'aq': '9'}",102.0546875,-3.349,-1.733,0.43714490602724254,0.3703548209210622
"{'ar': '48000', 'sample_fmt': 's32p', 'compression_level': '9', 'reservoir': '1', 'aq': '9'}",102.0546875,-3.349,-1.733,0.45434155498514883,0.3690837669115905
"{'ar': '48000', 'sample_fmt': 's32p', 'compression_level': '8', 'reservoir': '1', 'aq': '9'}",102.0546875,-3.349,-1.733,0.4496835070021916,0.36942805669616086
"{'ar': '48000', 'sample_fmt': 's32p', 'compression_level': '9', 'reservoir': '1', 'aq': '9'}",102.0546875,-3.349,-1.733,0.448713146004593,0.3694997788810849
"{'ar': '48000', 'sample_fmt': 's32p', 'compression_level': '8', 'reservoir': '1', 'aq': '9'}",102.0546875,-3.349,-1.733,0.46177697795792483,0.36853419331706067
"{'ar': '48000', 'sample_fmt': 's32p', 'compression_level': '8', 'reservoir': '1', 'aq': '9'}",102.0546875,-3.349,-1.733,0.47667203401215374,0.3674332566889202
"{'ar': '48000', 'sample_fmt': 's32p', 'compression_level': '8', 'reservoir': '1', 'b:a': '309k', 'abr': 'True'}",424.109375,-3.337,-1.71,0.45717787300236523,-0.10980234258131802
"{'ar': '48000', 'sample_fmt': 's32p', 'compression_level': '8', 'reservoir': '1', 'aq': '9'}",102.0546875,-3.349,-1.733,0.4682508390105795,0.36805569154221596
"{'ar': '48000', 'sample_fmt': 's32p', 'compression_level': '8', 'reservoir': '1', 'aq': '9'}",102.0546875,-3.349,-1.733,0.45500211900798604,0.36903494271614434
"{'ar': '48000', 'sample_fmt': 's32p', 'compression_level': '8', 'reservoir': '1', 'aq': '9'}",102.0546875,-3.349,-1.733,0.44101890100864694,0.3700684827591424
"{'ar': '48000', 'sample_fmt': 's32p', 'compression_level': '8', 'reservoir': '1', 'aq': '9'}",102.0546875,-3.349,-1.733,0.44900979797239415,0.36947785247705034
"{'ar': '48000', 'sample_fmt': 's32p', 'compression_level': '8', 'reservoir': '1', 'aq': '9'}",102.0546875,-3.349,-1.733,0.4450522850092966,0.3697703636942994
"{'ar': '48000', 'sample_fmt': 's32p', 'compression_level': '7', 'reservoir': '1', 'aq': '9'}",102.0546875,-3.349,-1.733,0.4390287059941329,0.37021558382278685
"{'ar': '48000', 'sample_fmt': 's32p', 'compression_level': '8', 'reservoir': '1', 'aq': '9'}",102.0546875,-3.349,-1.733,0.4432765599922277,0.36990161266078053
"{'ar': '48000', 'sample_fmt': 's32p', 'compression_level': '8', 'reservoir': '1', 'aq': '9'}",102.0546875,-3.349,-1.733,0.44427735000499524,0.3698276413794291
"{'ar': '48000', 'sample_fmt': 's32p', 'compression_level': '8', 'reservoir': '1', 'aq': '9'}",102.0546875,-3.349,-1.733,0.44405494901002385,0.369844079679534
"{'ar': '48000', 'sample_fmt': 's32p', 'compression_level': '8', 'reservoir': '1', 'aq': '9'}",102.0546875,-3.349,-1.733,0.4462744479824323,0.3696800300978507
"{'ar': '48000', 'sample_fmt': 's32p', 'compression_level': '8', 'reservoir': '1', 'aq': '9'}",102.0546875,-3.349,-1.733,0.44235596497310326,0.3699696564984504
"{'ar': '48000', 'sample_fmt': 's32p', 'compression_level': '7', 'reservoir': '1', 'aq': '9'}",102.0546875,-3.349,-1.733,0.44084038003347814,0.3700816777602044
"{'ar': '48000', 'sample_fmt': 's32p', 'compression_level': '9', 'reservoir': '1', 'aq': '9'}",102.0546875,-3.349,-1.733,0.44356268297997303,0.3698804644840825
"{'ar': '44100', 'sample_fmt': 's32p', 'compression_level': '8', 'reservoir': '1', 'aq': '9'}",97.1474609375,-3.314,-1.668,0.4412131719873287,0.47993703222497003
"{'ar': '44100', 'sample_fmt': 's32p', 'compression_level': '8', 'reservoir': '1', 'aq': '9'}",97.1474609375,-3.314,-1.668,0.43454413101426326,0.480429960311651
"{'ar': '48000', 'sample_fmt': 's32p', 'compression_level': '7', 'reservoir': '1', 'aq': '9'}",102.0546875,-3.349,-1.733,0.44017711299238726,0.37013070174353935
"{'ar': '48000', 'sample_fmt': 's32p', 'compression_level': '8', 'reservoir': '1', 'aq': '9'}",102.0546875,-3.349,-1.733,0.43907254800433293,0.3702123433331435
"{'ar': '48000', 'sample_fmt': 's32p', 'compression_level': '8', 'reservoir': '1', 'aq': '9'}",102.0546875,-3.349,-1.733,0.4436048719799146,0.3698773461732033
"{'ar': '48000', 'sample_fmt': 's32p', 'compression_level': '8', 'reservoir': '1', 'aq': '9'}",102.0546875,-3.349,-1.733,0.4472309710108675,0.3696093307172086
"{'ar': '48000', 'sample_fmt': 's32p', 'compression_level': '8', 'reservoir': '1', 'aq': '9'}",102.0546875,-3.349,-1.733,0.4419771759712603,0.3699976538879834
"{'ar': '48000', 'sample_fmt': 's32p', 'compression_level': '8', 'reservoir': '1', 'aq': '9'}",102.0546875,-3.349,-1.733,0.43939810700248927,0.3701882803269765
"{'ar': '48000', 'sample_fmt': 's32p', 'compression_level': '8', 'reservoir': '1', 'aq': '9'}",102.0546875,-3.349,-1.733,0.46773153700632975,0.36809407465373056
"{'ar': '48000', 'sample_fmt': 's32p', 'compression_level': '8', 'reservoir': '1', 'aq': '9'}",102.0546875,-3.349,-1.733,0.4477886969980318,0.36956810757810127
"{'ar': '44100', 'sample_fmt': 's32p', 'compression_level': '8', 'reservoir': '1', 'aq': '9'}",97.1474609375,-3.314,-1.668,0.4486880929907784,0.47938453921687435
"{'ar': '48000', 'sample_fmt': 's32p', 'compression_level': '7', 'reservoir': '1', 'aq': '9'}",102.0546875,-3.349,-1.733,0.42967531297472306,0.37090692012491094
"{'ar': '48000', 'sample_fmt': 's32p', 'compression_level': '7', 'reservoir': '1', 'aq': '9'}",102.0546875,-3.349,-1.733,0.44915307001792826,0.3694672628262197
"{'ar': '44100', 'sample_fmt': 's32p', 'compression_level': '8', 'reservoir': '1', 'aq': '9'}",97.1474609375,-3.314,-1.668,0.44646423097583465,0.4795489112836372
"{'ar': '48000', 'sample_fmt': 's32p', 'compression_level': '8', 'reservoir': '1', 'aq': '9'}",102.0546875,-3.349,-1.733,0.44345202803378925,0.369888643310862
"{'ar': '48000', 'sample_fmt': 's32p', 'compression_level': '8', 'reservoir': '1', 'aq': '9'}",102.0546875,-3.349,-1.733,0.4515205419738777,0.36929227613379567
"{'ar': '44100', 'sample_fmt': 's32p', 'compression_level': '8', 'reservoir': '1', 'aq': '9'}",97.1474609375,-3.314,-1.668,0.4524001700046938,0.47911016887974917
"{'ar': '48000', 'sample_fmt': 's32p', 'compression_level': '8', 'reservoir': '1', 'aq': '9'}",102.0546875,-3.349,-1.733,0.4428417840390466,0.3699337482076458
"{'ar': '48000', 'sample_fmt': 's32p', 'compression_level': '8', 'reservoir': '1', 'aq': '9'}",102.0546875,-3.349,-1.733,0.4340767190151382,0.3705815994878103
"{'ar': '48000', 'sample_fmt': 's32p', 'compression_level': '8', 'reservoir': '1', 'aq': '9'}",102.0546875,-3.349,-1.733,0.4519044230110012,0.36926390237722306
"{'ar': '48000', 'sample_fmt': 's32p', 'compression_level': '8', 'reservoir': '1', 'aq': '9'}",102.0546875,-3.349,-1.733,0.48252217602566816,0.36700085579032315
"{'ar': '48000', 'sample_fmt': 's32p', 'compression_level': '8', 'reservoir': '1', 'aq': '9'}",102.0546875,-3.349,-1.733,0.4897677180124447,0.3664653168480775
"{'ar': '48000', 'sample_fmt': 's32p', 'compression_level': '8', 'reservoir': '1', 'aq': '9'}",102.0546875,-3.349,-1.733,0.4753578209783882,0.3675303939713033
"{'ar': '48000', 'sample_fmt': 's32p', 'compression_level': '8', 'reservoir': '1', 'aq': '9'}",102.0546875,-3.349,-1.733,0.4478416269994341,0.36956419536877094
"{'ar': '48000', 'sample_fmt': 's32p', 'compression_level': '8', 'reservoir': '1', 'aq': '9'}",102.0546875,-3.349,-1.733,0.4583177529857494,0.36878987462923435
"{'ar': '48000', 'sample_fmt': 's32p', 'compression_level': '8', 'reservoir': '1', 'aq': '9'}",102.0546875,-3.349,-1.733,0.44612991498433985,0.36969071294932815
"{'ar': '48000', 'sample_fmt': 's32p', 'compression_level': '8', 'reservoir': '1', 'aq': '9'}",102.0546875,-3.349,-1.733,0.4466050629853271,0.36965559338776555
"{'ar': '48000', 'sample_fmt': 's32p', 'compression_level': '8', 'reservoir': '1', 'aq': '9'}",102.0546875,-3.349,-1.733,0.4562507980153896,0.3689426492429922
"{'ar': '48000', 'sample_fmt': 's32p', 'compression_level': '8', 'reservoir': '1', 'aq': '9'}",102.0546875,-3.349,-1.733,0.4480880640039686,0.3695459804977538
"{'ar': '48000', 'sample_fmt': 's32p', 'compression_level': '7', 'reservoir': '1', 'aq': '9'}",102.0546875,-3.349,-1.733,0.4428915120079182,0.3699300726697912
"{'ar': '48000', 'sample_fmt': 's32p', 'compression_level': '9', 'reservoir': '1', 'aq': '9'}",102.0546875,-3.349,-1.733,0.44134257099358365,0.3700445593754002
"{'ar': '48000', 'sample_fmt': 's32p', 'compression_level': '9', 'reservoir': '1', 'aq': '9'}",102.0546875,-3.349,-1.733,0.4406292039784603,0.370097286392566
"{'ar': '48000', 'sample_fmt': 's32p', 'compression_level': '8', 'reservoir': '1', 'aq': '9'}",102.0546875,-3.349,-1.733,0.44438804101082496,0.36981945988737697
"{'ar': '48000', 'sample_fmt': 's32p', 'compression_level': '8', 'reservoir': '1', 'aq': '9'}",102.0546875,-3.349,-1.733,0.4443359760043677,0.36982330816243175
"{'ar': '48000', 'sample_fmt': 's32p', 'compression_level': '8', 'reservoir': '1', 'aq': '9'}",102.0546875,-3.349,-1.733,0.44440535601461306,0.36981818008542
"{'ar': '48000', 'sample_fmt': 's32p', 'compression_level': '8', 'reservoir': '1', 'aq': '9'}",102.0546875,-3.349,-1.733,0.44264513000962324,0.3699482834751383
"{'ar': '48000', 'sample_fmt': 's32p', 'compression_level': '8', 'reservoir': '1', 'aq': '9'}",102.0546875,-3.349,-1.733,0.44905465297051705,0.36947453711454287
"{'ar': '48000', 'sample_fmt': 's32p', 'compression_level': '8', 'reservoir': '1', 'aq': '9'}",102.0546875,-3.349,-1.733,0.4496019540238194,0.36943408451241727
"{'ar': '48000', 'sample_fmt': 's32p', 'compression_level': '8', 'reservoir': '1', 'aq': '9'}",102.0546875,-3.349,-1.733,0.4587528720148839,0.3687577137246342
"{'ar': '48000', 'sample_fmt': 's32p', 'compression_level': '8', 'reservoir': '1', 'aq': '9'}",102.0546875,-3.349,-1.733,0.641151351010194,0.3552761151517952
"{'ar': '48000', 'sample_fmt': 's32p', 'compression_level': '8', 'reservoir': '1', 'aq': '9'}",102.0546875,-3.349,-1.733,0.5552910990081728,0.36162229444687477
"{'ar': '48000', 'sample_fmt': 's32p', 'compression_level': '8', 'reservoir': '1', 'aq': '9'}",102.0546875,-3.349,-1.733,0.6923189680092037,0.35149416874462613
"{'ar': '48000', 'sample_fmt': 's32p', 'compression_level': '9', 'reservoir': '1', 'aq': '9'}",102.0546875,-3.349,-1.733,0.5904545510129537,0.35902326211406715
"{'ar': '48000', 'sample_fmt': 's32p', 'compression_level': '8', 'reservoir': '1', 'aq': '9'}",102.0546875,-3.349,-1.733,0.4515513940132223,0.3692899957704292
"{'ar': '48000', 'sample_fmt': 's32p', 'compression_level': '8', 'reservoir': '1', 'aq': '9'}",102.0546875,-3.349,-1.733,0.4546940239961259,0.3690577149086268
"{'ar': '48000', 'sample_fmt': 's32p', 'compression_level': '8', 'reservoir': '1', 'aq': '9'}",102.0546875,-3.349,-1.733,0.5430239620036446,0.3625289939854017
"{'ar': '48000', 'sample_fmt': 's32p', 'compression_level': '8', 'reservoir': '1', 'aq': '9'}",102.0546875,-3.349,-1.733,0.4495340959983878,0.36943910009513403
"{'ar': '44100', 'sample_fmt': 's32p', 'compression_level': '8', 'reservoir': '1', 'aq': '9'}",97.1474609375,-3.314,-1.668,0.4394763940072153,0.48006540250342306
"{'ar': '48000', 'sample_fmt': 's32p', 'compression_level': '8', 'reservoir': '1', 'b:a': '319k', 'abr': 'True'}",437.234375,-3.314,-1.669,0.46221525201690383,-0.06459540278903772
"{'ar': '48000', 'sample_fmt': 's32p', 'compression_level': '9', 'reservoir': '1', 'aq': '9'}",102.0546875,-3.349,-1.733,0.44692565003060736,0.3696318978730007
"{'ar': '44100', 'sample_fmt': 's32p', 'compression_level': '8', 'reservoir': '1', 'aq': '9'}",97.1474609375,-3.314,-1.668,0.4603159039688762,0.4785250941121178
"{'ar': '48000', 'sample_fmt': 's32p', 'compression_level': '8', 'reservoir': '1', 'aq': '9'}",102.0546875,-3.349,-1.733,0.46253129802062176,0.36847843934182617
"{'ar': '48000', 'sample_fmt': 's32p', 'compression_level': '8', 'reservoir': '1', 'aq': '9'}",102.0546875,-3.349,-1.733,0.4588478310033679,0.36875069503143737
"{'ar': '48000', 'sample_fmt': 's32p', 'compression_level': '8', 'reservoir': '1', 'aq': '9'}",102.0546875,-3.349,-1.733,0.44788573804544285,0.3695609349939137
"{'ar': '48000', 'sample_fmt': 's32p', 'compression_level': '8', 'reservoir': '1', 'aq': '9'}",102.0546875,-3.349,-1.733,0.45762271696003154,0.36884124675001084
"{'ar': '48000', 'sample_fmt': 's32p', 'compression_level': '8', 'reservoir': '1', 'aq': '9'}",102.0546875,-3.349,-1.733,0.4766303779906593,0.36743633560582245
"{'ar': '48000', 'sample_fmt': 's32p', 'compression_level': '8', 'reservoir': '1', 'aq': '9'}",102.0546875,-3.349,-1.733,0.4526282769802492,0.3692104002389788
"{'ar': '48000', 'sample_fmt': 's32p', 'compression_level': '8', 'reservoir': '1', 'aq': '9'}",102.0546875,-3.349,-1.733,0.4524809930007905,0.36922128642343716
"{'ar': '48000', 'sample_fmt': 's32p', 'compression_level': '8', 'reservoir': '1', 'aq': '9'}",102.0546875,-3.349,-1.733,0.45149708099779673,0.36929401020232183
"{'ar': '48000', 'sample_fmt': 's32p', 'compression_level': '8', 'reservoir': '1', 'aq': '9'}",102.0546875,-3.349,-1.733,0.44571879401337355,0.3697211000881134
"{'ar': '48000', 'sample_fmt': 's32p', 'compression_level': '8', 'reservoir': '1', 'aq': '9'}",102.0546875,-3.349,-1.733,0.44852522696601227,0.3695136685201668
"{'ar': '48000', 'sample_fmt': 's32p', 'compression_level': '8', 'reservoir': '1', 'aq': '9'}",102.0546875,-3.349,-1.733,0.46279944901471026,0.36845861952710446
"{'ar': '48000', 'sample_fmt': 's32p', 'compression_level': '8', 'reservoir': '1', 'aq': '9'}",102.0546875,-3.349,-1.733,0.46219147101510316,0.3685035569376408
"{'ar': '48000', 'sample_fmt': 's32p', 'compression_level': '8', 'reservoir': '1', 'aq': '9'}",102.0546875,-3.349,-1.733,0.4575750189833343,0.36884477224527873
"{'ar': '48000', 'sample_fmt': 's32p', 'compression_level': '8', 'reservoir': '1', 'aq': '9'}",102.0546875,-3.349,-1.733,0.4511830890260171,0.3693172182561496
"{'ar': '48000', 'sample_fmt': 's32p', 'compression_level': '8', 'reservoir': '1', 'aq': '9'}",102.0546875,-3.349,-1.733,0.4466118779964745,0.36965508967060157
"{'ar': '48000', 'sample_fmt': 's32p', 'compression_level': '8', 'reservoir': '1', 'aq': '9'}",102.0546875,-3.349,-1.733,0.4455665389832575,0.36973235369728835
"{'ar': '48000', 'sample_fmt': 's32p', 'compression_level': '8', 'reservoir': '1', 'aq': '9'}",102.0546875,-3.349,-1.733,0.4656472629867494,0.3682481293684549
"{'ar': '48000', 'sample_fmt': 's32p', 'compression_level': '8', 'reservoir': '1', 'aq': '9'}",102.0546875,-3.349,-1.733,0.45741322499816306,0.368856730906182
"{'ar': '48000', 'sample_fmt': 's32p', 'compression_level': '8', 'reservoir': '1', 'aq': '9'}",102.0546875,-3.349,-1.733,0.4472927549795713,0.3696047640855739
"{'ar': '48000', 'sample_fmt': 's32p', 'compression_level': '8', 'reservoir': '1', 'aq': '9'}",102.0546875,-3.349,-1.733,0.4691060369950719,0.3679924813883225
"{'ar': '48000', 'sample_fmt': 's32p', 'compression_level': '8', 'reservoir': '1', 'aq': '9'}",102.0546875,-3.349,-1.733,0.4536958480020985,0.3691314929803007
"{'ar': '44100', 'sample_fmt': 's32p', 'compression_level': '9', 'reservoir': '1', 'aq': '9'}",97.1474609375,-3.314,-1.668,0.45786391900037415,0.47870632740547675
"{'ar': '48000', 'sample_fmt': 's32p', 'compression_level': '8', 'reservoir': '1', 'aq': '9'}",102.0546875,-3.349,-1.733,0.4434790409868583,0.3698866467054542
"{'ar': '48000', 'sample_fmt': 's32p', 'compression_level': '8', 'reservoir': '1', 'aq': '9'}",102.0546875,-3.349,-1.733,0.44945530599216,0.36944492369213644
"{'ar': '48000', 'sample_fmt': 's32p', 'compression_level': '8', 'reservoir': '1', 'aq': '9'}",102.0546875,-3.349,-1.733,0.4502151549968403,0.36938876105682555
"{'ar': '48000', 'sample_fmt': 's32p', 'compression_level': '8', 'reservoir': '1', 'aq': '9'}",102.0546875,-3.349,-1.733,0.4558597639843356,0.3689715516980128
"{'ar': '48000', 'sample_fmt': 's32p', 'compression_level': '8', 'reservoir': '1', 'aq': '9'}",102.0546875,-3.349,-1.733,0.45648186799371615,0.36892557019328087
"{'ar': '48000', 'sample_fmt': 's32p', 'compression_level': '8', 'reservoir': '1', 'aq': '9'}",102.0546875,-3.349,-1.733,0.44865703501272947,0.3695039262066108
"{'ar': '48000', 'sample_fmt': 's32p', 'compression_level': '8', 'reservoir': '1', 'aq': '9'}",102.0546875,-3.349,-1.733,0.46515178499976173,0.3682847515780207
"{'ar': '48000', 'sample_fmt': 's32p', 'compression_level': '8', 'reservoir': '1', 'aq': '9'}",102.0546875,-3.349,-1.733,0.46105962499859743,0.36858721494687885
"{'ar': '48000', 'sample_fmt': 's32p', 'compression_level': '8', 'reservoir': '1', 'aq': '9'}",102.0546875,-3.349,-1.733,0.4544590580044314,0.36907508192394267
"{'ar': '48000', 'sample_fmt': 's32p', 'compression_level': '8', 'reservoir': '1', 'aq': '9'}",102.0546875,-3.349,-1.733,0.4658341279719025,0.3682343176375072
"{'ar': '48000', 'sample_fmt': 's32p', 'compression_level': '8', 'reservoir': '1', 'aq': '9'}",102.0546875,-3.349,-1.733,0.48532366400468163,0.3667937897196644
"{'ar': '44100', 'sample_fmt': 's32p', 'compression_level': '8', 'reservoir': '1', 'aq': '9'}",97.1474609375,-3.314,-1.668,0.4654437609715387,0.47814607938551695
"{'ar': '48000', 'sample_fmt': 's32p', 'compression_level': '8', 'reservoir': '1', 'aq': '9'}",102.0546875,-3.349,-1.733,0.45313015099964105,0.36917330528017844
"{'ar': '48000', 'sample_fmt': 's32p', 'compression_level': '8', 'reservoir': '1', 'aq': '9'}",102.0546875,-3.349,-1.733,0.45917381800245494,0.368726600390485
"{'ar': '48000', 'sample_fmt': 's32p', 'compression_level': '8', 'reservoir': '1', 'aq': '9'}",102.0546875,-3.349,-1.733,0.44615120397065766,0.36968913941884074
"{'ar': '48000', 'sample_fmt': 's32p', 'compression_level': '8', 'reservoir': '1', 'aq': '9'}",102.0546875,-3.349,-1.733,0.45881855601328425,0.3687528588305365
"{'ar': '48000', 'sample_fmt': 's32p', 'compression_level': '8', 'reservoir': '1', 'aq': '9'}",102.0546875,-3.349,-1.733,0.4557187779864762,0.36898197238045494
"{'ar': '48000', 'sample_fmt': 's32p', 'compression_level': '8', 'reservoir': '1', 'b:a': '317k', 'abr': 'True'}",434.046875,-3.319,-1.678,0.47319238900672644,-0.07480938862523079
"{'ar': '48000', 'sample_fmt': 's32p', 'compression_level': '8', 'reservoir': '1', 'aq': '9'}",102.0546875,-3.349,-1.733,0.44890757597750053,0.3694854080000353
"{'ar': '48000', 'sample_fmt': 's32p', 'compression_level': '8', 'reservoir': '1', 'aq': '9'}",102.0546875,-3.349,-1.733,0.4496719240269158,0.3694289128273293
"{'ar': '48000', 'sample_fmt': 's32p', 'compression_level': '8', 'reservoir': '1', 'aq': '9'}",102.0546875,-3.349,-1.733,0.4532322679879144,0.36916575751853614
"{'ar': '48000', 'sample_fmt': 's32p', 'compression_level': '8', 'reservoir': '1', 'aq': '9'}",102.0546875,-3.349,-1.733,0.45663761196192354,0.36891405870661126
"{'ar': '48000', 'sample_fmt': 's32p', 'compression_level': '8', 'reservoir': '1', 'aq': '9'}",102.0546875,-3.349,-1.733,0.44727896800031886,0.36960578312104414
"{'ar': '48000', 'sample_fmt': 's32p', 'compression_level': '8', 'reservoir': '1', 'aq': '9'}",102.0546875,-3.349,-1.733,0.45014440899831243,0.36939399009797785
"{'ar': '48000', 'sample_fmt': 's32p', 'compression_level': '8', 'reservoir': '1', 'b:a': '308k', 'abr': 'True'}",422.609375,-3.336,-1.708,0.5749732859840151,-0.1131545903272263
"{'ar': '48000', 'sample_fmt': 's32p', 'compression_level': '8', 'reservoir': '1', 'aq': '9'}",102.0546875,-3.349,-1.733,0.5447957269789185,0.3623980377170511
"{'ar': '48000', 'sample_fmt': 's32p', 'compression_level': '8', 'reservoir': '1', 'aq': '9'}",102.0546875,-3.349,-1.733,0.454654108005343,0.3690606652148319
"{'ar': '48000', 'sample_fmt': 's32p', 'compression_level': '8', 'reservoir': '1', 'aq': '9'}",102.0546875,-3.349,-1.733,0.45346002801670693,0.36914892311675807
"{'ar': '48000', 'sample_fmt': 's32p', 'compression_level': '9', 'reservoir': '1', 'aq': '9'}",102.0546875,-3.349,-1.733,0.4503150989767164,0.3693813739085122
"{'ar': '48000', 'sample_fmt': 's32p', 'compression_level': '8', 'reservoir': '1', 'aq': '9'}",102.0546875,-3.349,-1.733,0.47400944100809284,0.3676300566306813
"{'ar': '48000', 'sample_fmt': 's32p', 'compression_level': '7', 'reservoir': '1', 'aq': '9'}",102.0546875,-3.349,-1.733,0.4626409760094248,0.3684703327247893
"{'ar': '48000', 'sample_fmt': 's32p', 'compression_level': '8', 'reservoir': '1', 'aq': '9'}",102.0546875,-3.349,-1.733,0.5020983449940104,0.3655539245819108
"{'ar': '48000', 'sample_fmt': 's32p', 'compression_level': '9', 'reservoir': '1', 'aq': '9'}",102.0546875,-3.349,-1.733,0.45079514497774653,0.3693458923216151
"{'ar': '48000', 'sample_fmt': 's32p', 'compression_level': '8', 'reservoir': '1', 'aq': '9'}",102.0546875,-3.349,-1.733,0.47413258702727035,0.36762095455260735
"{'ar': '48000', 'sample_fmt': 's32p', 'compression_level': '8', 'reservoir': '1', 'aq': '9'}",102.0546875,-3.349,-1.733,0.45024849398760125,0.3693862968756946
"{'ar': '44100', 'sample_fmt': 's32p', 'compression_level': '8', 'reservoir': '1', 'aq': '9'}",97.1474609375,-3.314,-1.668,0.47797638399060816,0.47721975700860636
"{'ar': '48000', 'sample_fmt': 's32p', 'compression_level': '8', 'reservoir': '1', 'aq': '9'}",102.0546875,-3.349,-1.733,0.46905150200473145,0.36799651222702245
"{'ar': '48000', 'sample_fmt': 's32p', 'compression_level': '8', 'reservoir': '1', 'aq': '9'}",102.0546875,-3.349,-1.733,0.4782117360155098,0.3673194528653062
"{'ar': '48000', 'sample_fmt': 's32p', 'compression_level': '8', 'reservoir': '1', 'aq': '9'}",102.0546875,-3.349,-1.733,0.4912294830137398,0.36635727357346337
"{'ar': '48000', 'sample_fmt': 's32p', 'compression_level': '8', 'reservoir': '1', 'aq': '9'}",102.0546875,-3.349,-1.733,0.46111040603136644,0.36858346157402905
"{'ar': '48000', 'sample_fmt': 's32p', 'compression_level': '8', 'reservoir': '1', 'aq': '9'}",102.0546875,-3.349,-1.733,0.4805825990042649,0.36714421553185006
"{'ar': '48000', 'sample_fmt': 's32p', 'compression_level': '8', 'reservoir': '1', 'aq': '9'}",102.0546875,-3.349,-1.733,0.4850555319862906,0.3668136081318375
"{'ar': '48000', 'sample_fmt': 's32p', 'compression_level': '8', 'reservoir': '1', 'aq': '9'}",102.0546875,-3.349,-1.733,0.4655673760280479,0.36825403404438395
"{'ar': '48000', 'sample_fmt': 'fltp', 'compression_level': '8', 'reservoir': '1', 'aq': '9'}",102.0546875,-3.349,-1.733,0.45301035497686826,0.36918215975033924
"{'ar': '48000', 'sample_fmt': 's32p', 'compression_level': '8', 'reservoir': '1', 'aq': '9'}",102.0546875,-3.349,-1.733,0.45529626100324094,0.3690132018314326
"{'ar': '48000', 'sample_fmt': 's32p', 'compression_level': '9', 'reservoir': '1', 'aq': '9'}",102.0546875,-3.349,-1.733,0.4615406270022504,0.3685516626990657
"{'ar': '48000', 'sample_fmt': 's32p', 'compression_level': '8', 'reservoir': '1', 'aq': '9'}",102.0546875,-3.349,-1.733,0.4573738159961067,0.36885964373938546
"{'ar': '48000', 'sample_fmt': 's32p', 'compression_level': '8', 'reservoir': '1', 'aq': '9'}",102.0546875,-3.349,-1.733,0.45355556000140496,0.3691418620717556
"{'ar': '44100', 'sample_fmt': 's32p', 'compression_level': '8', 'reservoir': '1', 'aq': '9'}",97.1474609375,-3.314,-1.668,0.45195720400079153,0.47914290977692614
"{'ar': '48000', 'sample_fmt': 's32p', 'compression_level': '8', 'reservoir': '1', 'aq': '9'}",102.0546875,-3.349,-1.733,0.452653790009208,0.3692085144972955
"{'ar': '48000', 'sample_fmt': 's32p', 'compression_level': '8', 'reservoir': '1', 'aq': '9'}",102.0546875,-3.349,-1.733,0.4530114220106043,0.3691820808827929
"{'ar': '48000', 'sample_fmt': 's32p', 'compression_level': '8', 'reservoir': '1', 'aq': '9'}",102.0546875,-3.349,-1.733,0.45791096199536696,0.36881994172664434
"{'ar': '48000', 'sample_fmt': 's32p', 'compression_level': '8', 'reservoir': '1', 'aq': '9'}",102.0546875,-3.349,-1.733,0.4543971350067295,0.3690796588316123
"{'ar': '48000', 'sample_fmt': 's32p', 'compression_level': '8', 'reservoir': '1', 'aq': '9'}",102.0546875,-3.349,-1.733,0.460909499990521,0.36859831111997077
"{'ar': '48000', 'sample_fmt': 's32p', 'compression_level': '6', 'reservoir': '1', 'aq': '9'}",110.65625,-3.337,-1.711,0.46858876300393604,0.3892048447860051
"{'ar': '48000', 'sample_fmt': 's32p', 'compression_level': '8', 'reservoir': '1', 'aq': '9'}",102.0546875,-3.349,-1.733,0.4556833570240997,0.3689845904461233
"{'ar': '48000', 'sample_fmt': 's32p', 'compression_level': '8', 'reservoir': '1', 'aq': '9'}",102.0546875,-3.349,-1.733,0.4488868909829762,0.3694869368877442
"{'ar': '48000', 'sample_fmt': 's32p', 'compression_level': '8', 'reservoir': '1', 'aq': '9'}",102.0546875,-3.349,-1.733,0.4670147279975936,0.36814705607858894
"{'ar': '48000', 'sample_fmt': 's32p', 'compression_level': '8', 'reservoir': '1', 'aq': '9'}",102.0546875,-3.349,-1.733,0.4553347839973867,0.3690103544856337
"{'ar': '48000', 'sample_fmt': 's32p', 'compression_level': '8', 'reservoir': '1', 'aq': '9'}",102.0546875,-3.349,-1.733,0.45262290799291804,0.36921079707634463
"{'ar': '48000', 'sample_fmt': 's32p', 'compression_level': '8', 'reservoir': '1', 'aq': '9'}",102.0546875,-3.349,-1.733,0.4947898820100818,0.36609411419684895
"{'ar': '48000', 'sample_fmt': 's32p', 'compression_level': '8', 'reservoir': '1', 'aq': '9'}",102.0546875,-3.349,-1.733,0.4548800369957462,0.3690439661503914
"{'ar': '48000', 'sample_fmt': 's32p', 'compression_level': '9', 'reservoir': '1', 'aq': '9'}",102.0546875,-3.349,-1.733,0.4549313589814119,0.36904017279415013
"{'ar': '48000', 'sample_fmt': 's32p', 'compression_level': '8', 'reservoir': '1', 'aq': '9'}",102.0546875,-3.349,-1.733,0.4539583750010934,0.36911208885130536
"{'ar': '48000', 'sample_fmt': 's32p', 'compression_level': '8', 'reservoir': '1', 'aq': '9'}",102.0546875,-3.349,-1.733,0.45007474298472516,0.3693991393143229
"{'ar': '48000', 'sample_fmt': 's32p', 'compression_level': '8', 'reservoir': '1', 'aq': '9'}",102.0546875,-3.349,-1.733,0.4583529550291132,0.36878727274450274
"{'ar': '48000', 'sample_fmt': 's32p', 'compression_level': '8', 'reservoir': '1', 'aq': '9'}",102.0546875,-3.349,-1.733,0.46001604199409485,0.36866434918188806
"{'ar': '48000', 'sample_fmt': 's32p', 'compression_level': '8', 'reservoir': '1', 'aq': '9'}",102.0546875,-3.349,-1.733,0.45517085402389057,0.36902247102360536
"{'ar': '48000', 'sample_fmt': 's32p', 'compression_level': '8', 'reservoir': '1', 'aq': '9'}",102.0546875,-3.349,-1.733,0.45898810602375306,0.36874032689939457
"{'ar': '44100', 'sample_fmt': 's32p', 'compression_level': '8', 'reservoir': '1', 'aq': '9'}",97.1474609375,-3.314,-1.668,0.4569228740001563,0.47877588276033384
"{'ar': '48000', 'sample_fmt': 's32p', 'compression_level': '8', 'reservoir': '1', 'aq': '9'}",102.0546875,-3.349,-1.733,0.47060953901382163,0.3678813532101607
"{'ar': '48000', 'sample_fmt': 's32p', 'compression_level': '8', 'reservoir': '1', 'aq': '9'}",102.0546875,-3.349,-1.733,0.4566001879866235,0.368916824820752
"{'ar': '48000', 'sample_fmt': 's32p', 'compression_level': '8', 'reservoir': '1', 'aq': '9'}",102.0546875,-3.349,-1.733,0.5712809050164651,0.36044044168665024
"{'ar': '48000', 'sample_fmt': 's32p', 'compression_level': '8', 'reservoir': '1', 'aq': '9'}",102.0546875,-3.349,-1.733,0.7462763889925554,0.3475060198646021
"{'ar': '48000', 'sample_fmt': 's32p', 'compression_level': '8', 'reservoir': '1', 'aq': '9'}",102.0546875,-3.349,-1.733,0.656818340998143,0.3541181226563224
"{'ar': '48000', 'sample_fmt': 's32p', 'compression_level': '8', 'reservoir': '1', 'aq': '9'}",102.0546875,-3.349,-1.733,0.8160889479913749,0.34234597192478944
"{'ar': '48000', 'sample_fmt': 's32p', 'compression_level': '9', 'reservoir': '1', 'aq': '9'}",102.0546875,-3.349,-1.733,0.7042213619861286,0.3506144284170941
"{'ar': '48000', 'sample_fmt': 's32p', 'compression_level': '8', 'reservoir': '1', 'aq': '9'}",102.0546875,-3.349,-1.733,0.8358561909990385,0.3408849178820749
"{'ar': '48000', 'sample_fmt': 's32p', 'compression_level': '9', 'reservoir': '1', 'aq': '9'}",102.0546875,-3.349,-1.733,0.7850024919898715,0.3446436617036349
"{'ar': '48000', 'sample_fmt': 's32p', 'compression_level': '8', 'reservoir': '1', 'aq': '9'}",102.0546875,-3.349,-1.733,0.7742908599902876,0.3454353893730421
"{'ar': '48000', 'sample_fmt': 's32p', 'compression_level': '8', 'reservoir': '1', 'aq': '9'}",102.0546875,-3.349,-1.733,0.7302839909971226,0.34868806420608506
"{'ar': '44100', 'sample_fmt': 's32p', 'compression_level': '8', 'reservoir': '1', 'aq': '9'}",97.1474609375,-3.314,-1.668,0.7926628379791509,0.4539603719942567
"{'ar': '48000', 'sample_fmt': 's32p', 'compression_level': '8', 'reservoir': '1', 'aq': '9'}",102.0546875,-3.349,-1.733,0.5058497499849182,0.36527664740037874
"{'ar': '48000', 'sample_fmt': 's32p', 'compression_level': '8', 'reservoir': '1', 'aq': '9'}",102.0546875,-3.349,-1.733,0.4562978849862702,0.3689391689089296
"{'ar': '48000', 'sample_fmt': 's32p', 'compression_level': '9', 'reservoir': '1', 'aq': '9'}",102.0546875,-3.349,-1.733,0.5097985069733113,0.3649847833625181
"{'ar': '48000', 'sample_fmt': 's32p', 'compression_level': '8', 'reservoir': '1', 'aq': '9'}",102.0546875,-3.349,-1.733,0.5495893300103489,0.362043728667199
"{'ar': '48000', 'sample_fmt': 's32p', 'compression_level': '8', 'reservoir': '1', 'aq': '9'}",102.0546875,-3.349,-1.733,0.4655933959875256,0.36825211083400144
"{'ar': '48000', 'sample_fmt': 's32p', 'compression_level': '8', 'reservoir': '1', 'aq': '9'}",102.0546875,-3.349,-1.733,0.4868877499829978,0.36667818360601034
"{'ar': '48000', 'sample_fmt': 's32p', 'compression_level': '9', 'reservoir': '1', 'aq': '9'}",102.0546875,-3.349,-1.733,0.4902293170162011,0.3664311987320463
"{'ar': '48000', 'sample_fmt': 's32p', 'compression_level': '8', 'reservoir': '1', 'aq': '9'}",102.0546875,-3.349,-1.733,0.47938422701554373,0.36723279066790304
"{'ar': '48000', 'sample_fmt': 's32p', 'compression_level': '8', 'reservoir': '1', 'aq': '9'}",102.0546875,-3.349,-1.733,0.4792312210192904,0.3672440997831549
"{'ar': '48000', 'sample_fmt': 's32p', 'compression_level': '9', 'reservoir': '1', 'aq': '9'}",102.0546875,-3.349,-1.733,0.46437272598268464,0.3683423340808499
"{'ar': '48000', 'sample_fmt': 's32p', 'compression_level': '8', 'reservoir': '1', 'b:a': '320k', 'abr': 'True'}",438.171875,-3.313,-1.667,0.46944997800164856,-0.06366522320467927
"{'ar': '48000', 'sample_fmt': 's32p', 'compression_level': '8', 'reservoir': '1', 'aq': '9'}",102.0546875,-3.349,-1.733,0.45304700199631043,0.3691794510632508
"{'ar': '48000', 'sample_fmt': 's32p', 'compression_level': '8', 'reservoir': '1', 'aq': '9'}",102.0546875,-3.349,-1.733,0.4644787329889368,0.36833449879673963
"{'ar': '48000', 'sample_fmt': 's32p', 'compression_level': '8', 'reservoir': '1', 'aq': '9'}",102.0546875,-3.349,-1.733,0.4601806920254603,0.3686521794223588
"{'ar': '48000', 'sample_fmt': 's32p', 'compression_level': '8', 'reservoir': '1', 'aq': '9'}",102.0546875,-3.349,-1.733,0.4618960160005372,0.36852539487140346
"{'ar': '48000', 'sample_fmt': 's32p', 'compression_level': '8', 'reservoir': '1', 'aq': '9'}",102.0546875,-3.349,-1.733,0.48525844598771073,0.36679861017172827
"{'ar': '48000', 'sample_fmt': 's32p', 'compression_level': '7', 'reservoir': '1', 'aq': '9'}",102.0546875,-3.349,-1.733,0.4887829190120101,0.36653810618750576
"{'ar': '48000', 'sample_fmt': 's32p', 'compression_level': '8', 'reservoir': '1', 'aq': '9'}",102.0546875,-3.349,-1.733,0.4554461560037453,0.3690021226588649
"{'ar': '48000', 'sample_fmt': 's32p', 'compression_level': '8', 'reservoir': '1', 'aq': '9'}",102.0546875,-3.349,-1.733,0.4597382180218119,0.3686848839543755
"{'ar': '48000', 'sample_fmt': 's32p', 'compression_level': '7', 'reservoir': '1', 'aq': '9'}",102.0546875,-3.349,-1.733,0.454428140015807,0.36907736716181094
"{'ar': '48000', 'sample_fmt': 's32p', 'compression_level': '8', 'reservoir': '1', 'aq': '9'}",102.0546875,-3.349,-1.733,0.45832910196622834,0.3687890357932974
"{'ar': '48000', 'sample_fmt': 's32p', 'compression_level': '8', 'reservoir': '1', 'aq': '9'}",102.0546875,-3.349,-1.733,0.461203231010586,0.3685766006116227
"{'ar': '48000', 'sample_fmt': 's32p', 'compression_level': '8', 'reservoir': '1', 'aq': '9'}",102.0546875,-3.349,-1.733,0.4622261490148958,0.3685009937864836
"{'ar': '48000', 'sample_fmt': 's32p', 'compression_level': '8', 'reservoir': '1', 'aq': '9'}",102.0546875,-3.349,-1.733,0.4520596189831849,0.36925243139452285
"{'ar': '44100', 'sample_fmt': 's32p', 'compression_level': '8', 'reservoir': '1', 'aq': '9'}",97.1474609375,-3.314,-1.668,0.45871999801602215,0.47864305213202507
"{'ar': '48000', 'sample_fmt': 's32p', 'compression_level': '8', 'reservoir': '1', 'aq': '9'}",102.0546875,-3.349,-1.733,0.45745593099854887,0.36885357438230626
"{'ar': '48000', 'sample_fmt': 's32p', 'compression_level': '7', 'reservoir': '1', 'aq': '9'}",102.0546875,-3.349,-1.733,0.4606517699721735,0.3686173606902669
"{'ar': '48000', 'sample_fmt': 's32p', 'compression_level': '8', 'reservoir': '1', 'aq': '9'}",102.0546875,-3.349,-1.733,0.4595065029861871,0.3687020106821355
"{'ar': '48000', 'sample_fmt': 's32p', 'compression_level': '8', 'reservoir': '1', 'aq': '9'}",102.0546875,-3.349,-1.733,0.45414124699891545,0.36909857225358794
"{'ar': '48000', 'sample_fmt': 's32p', 'compression_level': '8', 'reservoir': '1', 'aq': '9'}",102.0546875,-3.349,-1.733,0.4515698300092481,0.3692886331126972
"{'ar': '48000', 'sample_fmt': 's32p', 'compression_level': '7', 'reservoir': '1', 'aq': '9'}",102.0546875,-3.349,-1.733,0.45187368302140385,0.36926617445866894
"{'ar': '48000', 'sample_fmt': 's32p', 'compression_level': '8', 'reservoir': '1', 'aq': '9'}",102.0546875,-3.349,-1.733,0.4611928100057412,0.36857737085819936
"{'ar': '48000', 'sample_fmt': 's32p', 'compression_level': '7', 'reservoir': '1', 'aq': '9'}",102.0546875,-3.349,-1.733,0.46230456201010384,0.36849519805545494
"{'ar': '48000', 'sample_fmt': 's32p', 'compression_level': '8', 'reservoir': '1', 'aq': '9'}",102.0546875,-3.349,-1.733,0.4519204889948014,0.36926271489394213
"{'ar': '48000', 'sample_fmt': 's32p', 'compression_level': '8', 'reservoir': '1', 'aq': '9'}",102.0546875,-3.349,-1.733,0.4578923959925305,0.36882131399355533
"{'ar': '48000', 'sample_fmt': 's32p', 'compression_level': '8', 'reservoir': '1', 'aq': '9'}",102.0546875,-3.349,-1.733,0.46146692999172956,0.3685571098580406
"{'ar': '44100', 'sample_fmt': 's32p', 'compression_level': '8', 'reservoir': '1', 'aq': '9'}",97.1474609375,-3.314,-1.668,0.4560742890171241,0.4788386041281829
"{'ar': '48000', 'sample_fmt': 's32p', 'compression_level': '8', 'reservoir': '1', 'aq': '9'}",102.0546875,-3.349,-1.733,0.4531907860073261,0.3691688235715722
"{'ar': '48000', 'sample_fmt': 's32p', 'compression_level': '8', 'reservoir': '1', 'aq': '9'}",102.0546875,-3.349,-1.733,0.4525892919918988,0.36921328173210416
"{'ar': '48000', 'sample_fmt': 's32p', 'compression_level': '8', 'reservoir': '1', 'aq': '9'}",102.0546875,-3.349,-1.733,0.4574058899888769,0.36885727305791083
"{'ar': '48000', 'sample_fmt': 's32p', 'compression_level': '8', 'reservoir': '1', 'aq': '9'}",102.0546875,-3.349,-1.733,0.4523389489913825,0.36923178530656964
"{'ar': '48000', 'sample_fmt': 's32p', 'compression_level': '8', 'reservoir': '1', 'aq': '9'}",102.0546875,-3.349,-1.733,0.4969235780008603,0.36593640656144216
"{'ar': '48000', 'sample_fmt': 's32p', 'compression_level': '8', 'reservoir': '1', 'aq': '9'}",102.0546875,-3.349,-1.733,0.45910357200773433,0.3687317924749113
"{'ar': '48000', 'sample_fmt': 's32p', 'compression_level': '8', 'reservoir': '1', 'aq': '9'}",102.0546875,-3.349,-1.733,0.46007065201411024,0.36866031279752803
"{'ar': '48000', 'sample_fmt': 's32p', 'compression_level': '8', 'reservoir': '1', 'aq': '9'}",102.0546875,-3.349,-1.733,0.475301071011927,0.3675345885252879
"{'ar': '48000', 'sample_fmt': 's32p', 'compression_level': '8', 'reservoir': '1', 'aq': '9'}",102.0546875,-3.349,-1.733,0.46753768500639126,0.36810840281512813
"{'ar': '48000', 'sample_fmt': 's32p', 'compression_level': '8', 'reservoir': '1', 'aq': '9'}",102.0546875,-3.349,-1.733,0.4666961420152802,0.3681706036890084
"{'ar': '48000', 'sample_fmt': 's32p', 'compression_level': '8', 'reservoir': '1', 'aq': '9'}",102.0546875,-3.349,-1.733,0.47785139401094057,0.3673460867839731
"{'ar': '48000', 'sample_fmt': 's32p', 'compression_level': '8', 'reservoir': '1', 'aq': '9'}",102.0546875,-3.349,-1.733,0.4897238939884119,0.36646855600831124
"{'ar': '48000', 'sample_fmt': 's32p', 'compression_level': '8', 'reservoir': '1', 'aq': '9'}",102.0546875,-3.349,-1.733,0.4604928700136952,0.3686291054452958
"{'ar': '48000', 'sample_fmt': 's32p', 'compression_level': '8', 'reservoir': '1', 'aq': '9'}",102.0546875,-3.349,-1.733,0.4614733509661164,0.368556635265272
"{'ar': '48000', 'sample_fmt': 's32p', 'compression_level': '8', 'reservoir': '1', 'aq': '9'}",102.0546875,-3.349,-1.733,0.45976512803463265,0.36868289495757883
"{'ar': '48000', 'sample_fmt': 's32p', 'compression_level': '8', 'reservoir': '1', 'aq': '9'}",102.0546875,-3.349,-1.733,0.4666596989845857,0.3681732972986992
"{'ar': '48000', 'sample_fmt': 's32p', 'compression_level': '8', 'reservoir': '1', 'aq': '9'}",102.0546875,-3.349,-1.733,0.46462011997937225,0.3683240484757777
"{'ar': '44100', 'sample_fmt': 's32p', 'compression_level': '8', 'reservoir': '1', 'aq': '9'}",97.1474609375,-3.314,-1.668,0.4588947729789652,0.4786301340095497
"{'ar': '48000', 'sample_fmt': 's32p', 'compression_level': '8', 'reservoir': '1', 'aq': '9'}",102.0546875,-3.349,-1.733,0.46506187395425513,0.36829139716316733
"{'ar': '48000', 'sample_fmt': 's32p', 'compression_level': '8', 'reservoir': '1', 'aq': '9'}",102.0546875,-3.349,-1.733,0.4530305030057207,0.3691806705513146
"{'ar': '48000', 'sample_fmt': 's32p', 'compression_level': '9', 'reservoir': '1', 'aq': '9'}",102.0546875,-3.349,-1.733,0.4593133529997431,0.36871628695568737
"{'ar': '48000', 'sample_fmt': 's32p', 'compression_level': '8', 'reservoir': '1', 'aq': '9'}",102.0546875,-3.349,-1.733,0.45929970999713987,0.3687172953494275
"{'ar': '48000', 'sample_fmt': 's32p', 'compression_level': '8', 'reservoir': '1', 'aq': '9'}",102.0546875,-3.349,-1.733,0.46219011102220975,0.3685036574586449
"{'ar': '48000', 'sample_fmt': 's32p', 'compression_level': '8', 'reservoir': '1', 'aq': '9'}",102.0546875,-3.349,-1.733,0.4594532680057455,0.3687059454333478
"{'ar': '48000', 'sample_fmt': 's32p', 'compression_level': '6', 'reservoir': '1', 'aq': '9'}",110.65625,-3.337,-1.711,0.4800175159762148,0.388360112633582
"{'ar': '48000', 'sample_fmt': 's32p', 'compression_level': '8', 'reservoir': '1', 'aq': '9'}",102.0546875,-3.349,-1.733,0.46642997200251557,0.36819027708367696
"{'ar': '48000', 'sample_fmt': 's32p', 'compression_level': '9', 'reservoir': '1', 'aq': '9'}",102.0546875,-3.349,-1.733,0.49437953502638265,0.36612444412799905
"{'ar': '44100', 'sample_fmt': 's32p', 'compression_level': '8', 'reservoir': '1', 'aq': '9'}",97.1474609375,-3.314,-1.668,0.4550348109914921,0.47891543495234357
"{'ar': '48000', 'sample_fmt': 's32p', 'compression_level': '8', 'reservoir': '1', 'aq': '9'}",102.0546875,-3.349,-1.733,0.46208712298539467,0.36851126960200153
"{'ar': '48000', 'sample_fmt': 's32p', 'compression_level': '8', 'reservoir': '1', 'aq': '9'}",102.0546875,-3.349,-1.733,0.46019778700429015,0.36865091588308224
"{'ar': '48000', 'sample_fmt': 's32p', 'compression_level': '8', 'reservoir': '1', 'aq': '9'}",102.0546875,-3.349,-1.733,0.5197252859943546,0.36425106644437194
"{'ar': '48000', 'sample_fmt': 's32p', 'compression_level': '8', 'reservoir': '1', 'aq': '9'}",102.0546875,-3.349,-1.733,0.5566473670187406,0.3615220487596499
"{'ar': '48000', 'sample_fmt': 's32p', 'compression_level': '8', 'reservoir': '1', 'aq': '9'}",102.0546875,-3.349,-1.733,0.49362218799069524,0.3661804218355529
"{'ar': '48000', 'sample_fmt': 's32p', 'compression_level': '7', 'reservoir': '1', 'aq': '9'}",102.0546875,-3.349,-1.733,0.5035501169913914,0.36544661991908806
"{'ar': '48000', 'sample_fmt': 's32p', 'compression_level': '7', 'reservoir': '1', 'aq': '9'}",102.0546875,-3.349,-1.733,0.4885344369977247,0.3665564722111021
"{'ar': '44100', 'sample_fmt': 's32p', 'compression_level': '8', 'reservoir': '1', 'aq': '9'}",97.1474609375,-3.314,-1.668,0.5413881699787453,0.47253280869528835
"{'ar': '48000', 'sample_fmt': 's32p', 'compression_level': '8', 'reservoir': '1', 'aq': '9'}",102.0546875,-3.349,-1.733,0.47096643201075494,0.3678549742176131
"{'ar': '48000', 'sample_fmt': 's32p', 'compression_level': '8', 'reservoir': '1', 'aq': '9'}",102.0546875,-3.349,-1.733,0.4908234609756619,0.3663872838353868
"{'ar': '48000', 'sample_fmt': 's32p', 'compression_level': '8', 'reservoir': '1', 'aq': '9'}",102.0546875,-3.349,-1.733,0.4973703119903803,0.36590338716156157
"{'ar': '48000', 'sample_fmt': 's32p', 'compression_level': '8', 'reservoir': '1', 'aq': '9'}",102.0546875,-3.349,-1.733,0.46455545199569315,0.3683288282732918
"{'ar': '44100', 'sample_fmt': 's32p', 'compression_level': '8', 'reservoir': '1', 'aq': '9'}",97.1474609375,-3.314,-1.668,0.4885224849858787,0.47644026421398433
"{'ar': '48000', 'sample_fmt': 's32p', 'compression_level': '8', 'reservoir': '1', 'aq': '9'}",102.0546875,-3.349,-1.733,0.48845705200801603,0.36656219195927414
"{'ar': '48000', 'sample_fmt': 's32p', 'compression_level': '8', 'reservoir': '1', 'aq': '9'}",102.0546875,-3.349,-1.733,0.4557682420127094,0.3689783163513633
"{'ar': '48000', 'sample_fmt': 's32p', 'compression_level': '8', 'reservoir': '1', 'aq': '9'}",102.0546875,-3.349,-1.733,0.47027313100988977,0.3679062180976898
"{'ar': '48000', 'sample_fmt': 's32p', 'compression_level': '9', 'reservoir': '1', 'aq': '9'}",102.0546875,-3.349,-1.733,0.4681615099834744,0.368062294108701
"{'ar': '48000', 'sample_fmt': 's32p', 'compression_level': '8', 'reservoir': '1', 'aq': '9'}",102.0546875,-3.349,-1.733,0.45694220199948177,0.36889154557690607
"{'ar': '48000', 'sample_fmt': 's32p', 'compression_level': '8', 'reservoir': '1', 'aq': '9'}",102.0546875,-3.349,-1.733,0.471250329981558,0.36783399049834586
"{'ar': '48000', 'sample_fmt': 's32p', 'compression_level': '8', 'reservoir': '1', 'aq': '9'}",102.0546875,-3.349,-1.733,0.45996445600758307,0.3686681620511947
"{'ar': '48000', 'sample_fmt': 'fltp', 'compression_level': '8', 'reservoir': '1', 'aq': '9'}",102.0546875,-3.349,-1.733,0.4600199279957451,0.36866406195627854
"{'ar': '48000', 'sample_fmt': 's32p', 'compression_level': '8', 'reservoir': '1', 'aq': '9'}",102.0546875,-3.349,-1.733,0.46373968399711885,0.36838912404300395
"{'ar': '48000', 'sample_fmt': 's32p', 'compression_level': '8', 'reservoir': '1', 'aq': '9'}",102.0546875,-3.349,-1.733,0.4615480530192144,0.3685511138206965
"{'ar': '48000', 'sample_fmt': 's32p', 'compression_level': '8', 'reservoir': '1', 'aq': '9'}",102.0546875,-3.349,-1.733,0.46393200202146545,0.36837490926217437
"{'ar': '48000', 'sample_fmt': 's32p', 'compression_level': '9', 'reservoir': '1', 'b:a': '318k', 'abr': 'True'}",435.359375,-3.316,-1.673,0.4677269499807153,-0.0679326264793683
"{'ar': '48000', 'sample_fmt': 's32p', 'compression_level': '8', 'reservoir': '1', 'aq': '9'}",102.0546875,-3.349,-1.733,0.4999951529898681,0.3657093775795325
"{'ar': '48000', 'sample_fmt': 's32p', 'compression_level': '8', 'reservoir': '1', 'aq': '9'}",102.0546875,-3.349,-1.733,0.4596565199608449,0.3686909224941057
"{'ar': '48000', 'sample_fmt': 's32p', 'compression_level': '8', 'reservoir': '1', 'aq': '9'}",102.0546875,-3.349,-1.733,0.46733108698390424,0.3681236730718784
"{'ar': '48000', 'sample_fmt': 's32p', 'compression_level': '8', 'reservoir': '1', 'aq': '9'}",102.0546875,-3.349,-1.733,0.465851468994515,0.3682330359124238
"{'ar': '48000', 'sample_fmt': 's32p', 'compression_level': '8', 'reservoir': '1', 'aq': '9'}",102.0546875,-3.349,-1.733,0.47194782498991117,0.36778243662705823
"{'ar': '48000', 'sample_fmt': 's32p', 'compression_level': '8', 'reservoir': '1', 'aq': '9'}",102.0546875,-3.349,-1.733,0.45810841899947263,0.3688053471089731
"{'ar': '48000', 'sample_fmt': 's32p', 'compression_level': '8', 'reservoir': '1', 'aq': '9'}",102.0546875,-3.349,-1.733,0.4645050829858519,0.3683325511923366
"{'ar': '48000', 'sample_fmt': 's32p', 'compression_level': '8', 'reservoir': '1', 'aq': '9'}",102.0546875,-3.349,-1.733,0.46486165196984075,0.36830619614852184
"{'ar': '48000', 'sample_fmt': 's32p', 'compression_level': '8', 'reservoir': '1', 'b:a': '317k', 'abr': 'True'}",434.046875,-3.319,-1.678,0.47361997002735734,-0.0748409923738435
"{'ar': '48000', 'sample_fmt': 's32p', 'compression_level': '8', 'reservoir': '1', 'aq': '9'}",102.0546875,-3.349,-1.733,0.45880513201700523,0.36875385103688646
"{'ar': '48000', 'sample_fmt': 's32p', 'compression_level': '8', 'reservoir': '1', 'aq': '9'}",102.0546875,-3.349,-1.733,0.45684911697753705,0.3688984257598216
"{'ar': '48000', 'sample_fmt': 's32p', 'compression_level': '8', 'reservoir': '1', 'aq': '9'}",102.0546875,-3.349,-1.733,0.46601554699009284,0.36822090843371236
"{'ar': '48000', 'sample_fmt': 's32p', 'compression_level': '8', 'reservoir': '1', 'aq': '9'}",102.0546875,-3.349,-1.733,0.4643631980288774,0.36834303831944415
"{'ar': '44100', 'sample_fmt': 's32p', 'compression_level': '8', 'reservoir': '1', 'aq': '9'}",97.1474609375,-3.314,-1.668,0.4628735139849596,0.4783360537663176
"{'ar': '48000', 'sample_fmt': 's32p', 'compression_level': '8', 'reservoir': '1', 'aq': '9'}",102.0546875,-3.349,-1.733,0.45572771402657963,0.36898131189191263
"{'ar': '48000', 'sample_fmt': 's32p', 'compression_level': '8', 'reservoir': '1', 'aq': '9'}",102.0546875,-3.349,-1.733,0.46275692398194224,0.36846176267514075
"{'ar': '48000', 'sample_fmt': 's32p', 'compression_level': '8', 'reservoir': '1', 'aq': '9'}",102.0546875,-3.349,-1.733,0.4630564810067881,0.36843962154994664
"{'ar': '48000', 'sample_fmt': 's32p', 'compression_level': '8', 'reservoir': '1', 'aq': '9'}",102.0546875,-3.349,-1.733,0.46675285400124267,0.36816641194227223
"{'ar': '48000', 'sample_fmt': 's32p', 'compression_level': '8', 'reservoir': '1', 'aq': '9'}",102.0546875,-3.349,-1.733,0.4954899310541805,0.3660423715494002
"{'ar': '48000', 'sample_fmt': 's32p', 'compression_level': '9', 'reservoir': '1', 'aq': '9'}",102.0546875,-3.349,-1.733,0.5033203139901161,0.3654636053228649
"{'ar': '48000', 'sample_fmt': 's32p', 'compression_level': '8', 'reservoir': '1', 'aq': '9'}",102.0546875,-3.349,-1.733,0.46669148103683256,0.3681709481953921
"{'ar': '48000', 'sample_fmt': 's32p', 'compression_level': '8', 'reservoir': '1', 'aq': '9'}",102.0546875,-3.349,-1.733,0.46637447699322365,0.36819437888015133
"{'ar': '48000', 'sample_fmt': 's32p', 'compression_level': '8', 'reservoir': '1', 'aq': '9'}",102.0546875,-3.349,-1.733,0.4586403440043796,0.36876603099500926
"{'ar': '48000', 'sample_fmt': 's32p', 'compression_level': '8', 'reservoir': '1', 'aq': '9'}",102.0546875,-3.349,-1.733,0.46378461498534307,0.36838580306384855
"{'ar': '32000', 'sample_fmt': 's32p', 'compression_level': '8', 'reservoir': '1', 'aq': '9'}",81.7109375,-3.518,-2.09,0.4368298540066462,-0.10353823710869352
"{'ar': '48000', 'sample_fmt': 's32p', 'compression_level': '8', 'reservoir': '1', 'aq': '9'}",102.0546875,-3.349,-1.733,0.46575086197117344,0.3682404720681953
"{'ar': '48000', 'sample_fmt': 's32p', 'compression_level': '7', 'reservoir': '1', 'aq': '9'}",102.0546875,-3.349,-1.733,0.4651780130225234,0.3682828129890797
"{'ar': '48000', 'sample_fmt': 's32p', 'compression_level': '8', 'reservoir': '1', 'aq': '9'}",102.0546875,-3.349,-1.733,0.4612497420166619,0.36857316284878283
"{'ar': '48000', 'sample_fmt': 's32p', 'compression_level': '7', 'reservoir': '1', 'aq': '9'}",102.0546875,-3.349,-1.733,0.4592581450124271,0.36872036753753823
"{'ar': '48000', 'sample_fmt': 's32p', 'compression_level': '8', 'reservoir': '1', 'aq': '9'}",102.0546875,-3.349,-1.733,0.4689867470005993,0.36800129845646967
"{'ar': '48000', 'sample_fmt': 's32p', 'compression_level': '8', 'reservoir': '1', 'aq': '9'}",102.0546875,-3.349,-1.733,0.4776630970009137,0.3673600043600167
"{'ar': '44100', 'sample_fmt': 's32p', 'compression_level': '8', 'reservoir': '1', 'aq': '9'}",97.1474609375,-3.314,-1.668,0.45392658200580627,0.4789973473585988
"{'ar': '48000', 'sample_fmt': 's32p', 'compression_level': '8', 'reservoir': '1', 'aq': '9'}",102.0546875,-3.349,-1.733,0.45928038097918034,0.3687187240129908
"{'ar': '48000', 'sample_fmt': 's32p', 'compression_level': '8', 'reservoir': '1', 'aq': '9'}",102.0546875,-3.349,-1.733,0.4645454670244362,0.3683295662913662
"{'ar': '48000', 'sample_fmt': 's32p', 'compression_level': '8', 'reservoir': '1', 'aq': '9'}",102.0546875,-3.349,-1.733,0.46985695298644714,0.3679369790178345
"{'ar': '48000', 'sample_fmt': 's32p', 'compression_level': '9', 'reservoir': '1', 'aq': '9'}",102.0546875,-3.349,-1.733,0.46476615700521506,0.3683132544572638
"{'ar': '48000', 'sample_fmt': 's32p', 'compression_level': '8', 'reservoir': '1', 'aq': '9'}",102.0546875,-3.349,-1.733,0.5083296069642529,0.36509335400617066
"{'ar': '44100', 'sample_fmt': 's32p', 'compression_level': '8', 'reservoir': '1', 'aq': '9'}",97.1474609375,-3.314,-1.668,0.5153233580058441,0.474459334255319
"{'ar': '48000', 'sample_fmt': 's32p', 'compression_level': '8', 'reservoir': '1', 'aq': '9'}",102.0546875,-3.349,-1.733,0.46582985899294727,0.3682346331700758
"{'ar': '48000', 'sample_fmt': 's32p', 'compression_level': '8', 'reservoir': '1', 'aq': '9'}",102.0546875,-3.349,-1.733,0.4986687260097824,0.365807417629977
"{'ar': '48000', 'sample_fmt': 's32p', 'compression_level': '8', 'reservoir': '1', 'aq': '9'}",102.0546875,-3.349,-1.733,0.49635236599715427,0.3659786264909962
"{'ar': '44100', 'sample_fmt': 's32p', 'compression_level': '8', 'reservoir': '1', 'aq': '9'}",97.1474609375,-3.314,-1.668,0.4623597640020307,0.4783740265118953
"{'ar': '48000', 'sample_fmt': 's32p', 'compression_level': '8', 'reservoir': '1', 'aq': '9'}",102.0546875,-3.349,-1.733,0.47199079202255234,0.3677792608095343
"{'ar': '48000', 'sample_fmt': 's32p', 'compression_level': '8', 'reservoir': '1', 'aq': '9'}",102.0546875,-3.349,-1.733,0.4831171410041861,0.3669568802097731
"{'ar': '48000', 'sample_fmt': 's32p', 'compression_level': '8', 'reservoir': '1', 'aq': '9'}",102.0546875,-3.349,-1.733,0.47107419703388587,0.36784700899339606
"{'ar': '48000', 'sample_fmt': 's32p', 'compression_level': '8', 'reservoir': '1', 'aq': '9'}",102.0546875,-3.349,-1.733,0.462143048964208,0.36850713595132467
"{'ar': '48000', 'sample_fmt': 's32p', 'compression_level': '8', 'reservoir': '1', 'aq': '9'}",102.0546875,-3.349,-1.733,0.47726681700441986,0.36738929455949976
"{'ar': '48000', 'sample_fmt': 's32p', 'compression_level': '8', 'reservoir': '1', 'aq': '9'}",102.0546875,-3.349,-1.733,0.4693935120012611,0.367971233280035
"{'ar': '48000', 'sample_fmt': 's32p', 'compression_level': '8', 'reservoir': '1', 'aq': '9'}",102.0546875,-3.349,-1.733,0.466161315998761,0.36821013422512217
"{'ar': '48000', 'sample_fmt': 's32p', 'compression_level': '8', 'reservoir': '1', 'aq': '9'}",102.0546875,-3.349,-1.733,0.48662856899318285,0.3666973404217998
"{'ar': '48000', 'sample_fmt': 's32p', 'compression_level': '8', 'reservoir': '1', 'aq': '9'}",102.0546875,-3.349,-1.733,0.5451317249971908,0.3623732031327466
"{'ar': '48000', 'sample_fmt': 's32p', 'compression_level': '8', 'reservoir': '1', 'aq': '9'}",102.0546875,-3.349,-1.733,0.5945980690303259,0.35871700272584617
"{'ar': '48000', 'sample_fmt': 's32p', 'compression_level': '8', 'reservoir': '1', 'aq': '9'}",102.0546875,-3.349,-1.733,0.575554520037258,0.3601245664530269
"{'ar': '48000', 'sample_fmt': 's32p', 'compression_level': '8', 'reservoir': '1', 'aq': '9'}",102.0546875,-3.349,-1.733,0.6323313220054843,0.355928028978584
"{'ar': '48000', 'sample_fmt': 's32p', 'compression_level': '8', 'reservoir': '1', 'aq': '9'}",102.0546875,-3.349,-1.733,0.5221453570120502,0.3640721920033237
"{'ar': '48000', 'sample_fmt': 's32p', 'compression_level': '8', 'reservoir': '1', 'aq': '9'}",102.0546875,-3.349,-1.733,0.46626812999602407,0.3682022392939748
"{'ar': '48000', 'sample_fmt': 's32p', 'compression_level': '8', 'reservoir': '1', 'aq': '9'}",102.0546875,-3.349,-1.733,0.5168083079915959,0.3644666687163624
"{'ar': '48000', 'sample_fmt': 's32p', 'compression_level': '8', 'reservoir': '1', 'aq': '9'}",102.0546875,-3.349,-1.733,0.5070584820350632,0.36518730652225334
"{'ar': '48000', 'sample_fmt': 's32p', 'compression_level': '8', 'reservoir': '1', 'aq': '9'}",102.0546875,-3.349,-1.733,0.4649407120014075,0.3683003525931665
"{'ar': '48000', 'sample_fmt': 's32p', 'compression_level': '8', 'reservoir': '1', 'aq': '9'}",102.0546875,-3.349,-1.733,0.4593776729889214,0.36871153287945224
"{'ar': '48000', 'sample_fmt': 's32p', 'compression_level': '8', 'reservoir': '1', 'aq': '9'}",102.0546875,-3.349,-1.733,0.46336388401687145,0.36841690050531484
"{'ar': '48000', 'sample_fmt': 's32p', 'compression_level': '8', 'reservoir': '1', 'aq': '9'}",102.0546875,-3.349,-1.733,0.4644652889983263,0.3683354924809284
"{'ar': '48000', 'sample_fmt': 's32p', 'compression_level': '8', 'reservoir': '1', 'aq': '9'}",102.0546875,-3.349,-1.733,0.46998562500812113,0.3679274684969501
"{'ar': '48000', 'sample_fmt': 's32p', 'compression_level': '8', 'reservoir': '1', 'aq': '9'}",102.0546875,-3.349,-1.733,0.4799550339812413,0.36719060067587844
"{'ar': '48000', 'sample_fmt': 's32p', 'compression_level': '8', 'reservoir': '1', 'aq': '9'}",102.0546875,-3.349,-1.733,0.586510366993025,0.35931478815061624
"{'ar': '48000', 'sample_fmt': 's32p', 'compression_level': '8', 'reservoir': '1', 'aq': '9'}",102.0546875,-3.349,-1.733,0.46413193197804503,0.3683601318614409
"{'ar': '48000', 'sample_fmt': 's32p', 'compression_level': '8', 'reservoir': '1', 'b:a': '318k', 'abr': 'True'}",435.359375,-3.316,-1.673,0.4741161860001739,-0.06840487337350869
"{'ar': '48000', 'sample_fmt': 's32p', 'compression_level': '9', 'reservoir': '1', 'aq': '9'}",102.0546875,-3.349,-1.733,0.46591819199966267,0.36822810422233554
"{'ar': '48000', 'sample_fmt': 's32p', 'compression_level': '8', 'reservoir': '1', 'aq': '9'}",102.0546875,-3.349,-1.733,0.47725588400498964,0.3673901026490755
"{'ar': '48000', 'sample_fmt': 's32p', 'compression_level': '8', 'reservoir': '1', 'aq': '9'}",102.0546875,-3.349,-1.733,0.4645865839847829,0.36832652721803083
"{'ar': '48000', 'sample_fmt': 's32p', 'compression_level': '8', 'reservoir': '1', 'aq': '9'}",102.0546875,-3.349,-1.733,0.46529579698108137,0.3682741072363983
"{'ar': '48000', 'sample_fmt': 's32p', 'compression_level': '8', 'reservoir': '1', 'aq': '9'}",102.0546875,-3.349,-1.733,0.46873886696994305,0.3680196199857167
"{'ar': '48000', 'sample_fmt': 's32p', 'compression_level': '8', 'reservoir': '1', 'aq': '9'}",102.0546875,-3.349,-1.733,0.45584612601669505,0.3689725597196043
"{'ar': '48000', 'sample_fmt': 's32p', 'compression_level': '8', 'reservoir': '1', 'aq': '9'}",102.0546875,-3.349,-1.733,0.4730958479922265,0.36769758293006005
"{'ar': '44100', 'sample_fmt': 's32p', 'compression_level': '7', 'reservoir': '1', 'aq': '9'}",97.1474609375,-3.314,-1.668,0.47237652097828686,0.4776336590631128
"{'ar': '48000', 'sample_fmt': 's32p', 'compression_level': '9', 'reservoir': '1', 'aq': '9'}",102.0546875,-3.349,-1.733,0.4609293449902907,0.3685968443187011
"{'ar': '48000', 'sample_fmt': 's32p', 'compression_level': '8', 'reservoir': '1', 'aq': '9'}",102.0546875,-3.349,-1.733,0.479415670997696,0.36723046655233343
"{'ar': '48000', 'sample_fmt': 's32p', 'compression_level': '8', 'reservoir': '1', 'aq': '9'}",102.0546875,-3.349,-1.733,0.48574479200760834,0.3667626629322344
"{'ar': '48000', 'sample_fmt': 's32p', 'compression_level': '8', 'reservoir': '1', 'aq': '9'}",102.0546875,-3.349,-1.733,0.4952803479973227,0.3660578624386653
"{'ar': '48000', 'sample_fmt': 's32p', 'compression_level': '8', 'reservoir': '1', 'aq': '9'}",102.0546875,-3.349,-1.733,0.48903835998498835,0.36651922580716645
"{'ar': '48000', 'sample_fmt': 's32p', 'compression_level': '9', 'reservoir': '1', 'aq': '9'}",102.0546875,-3.349,-1.733,0.47447091501089744,0.3675959477538317
"{'ar': '48000', 'sample_fmt': 's32p', 'compression_level': '8', 'reservoir': '1', 'aq': '9'}",102.0546875,-3.349,-1.733,0.4802718299906701,0.3671671853675265
"{'ar': '48000', 'sample_fmt': 's32p', 'compression_level': '9', 'reservoir': '1', 'aq': '9'}",102.0546875,-3.349,-1.733,0.46247256599599496,0.36848278039545634
"{'ar': '48000', 'sample_fmt': 's32p', 'compression_level': '8', 'reservoir': '1', 'aq': '9'}",102.0546875,-3.349,-1.733,0.46404924301896244,0.36836624364131376
"{'ar': '48000', 'sample_fmt': 's32p', 'compression_level': '8', 'reservoir': '1', 'aq': '9'}",102.0546875,-3.349,-1.733,0.4728854720015079,0.3677131324273577
"{'ar': '48000', 'sample_fmt': 's32p', 'compression_level': '8', 'reservoir': '1', 'aq': '9'}",102.0546875,-3.349,-1.733,0.463206229993375,0.3684285531696894
"{'ar': '48000', 'sample_fmt': 's32p', 'compression_level': '8', 'reservoir': '1', 'aq': '9'}",102.0546875,-3.349,-1.733,0.4617646750120912,0.3685351026633332
"{'ar': '48000', 'sample_fmt': 's32p', 'compression_level': '8', 'reservoir': '1', 'aq': '9'}",102.0546875,-3.349,-1.733,0.4668723159993533,0.3681575821608392
"{'ar': '48000', 'sample_fmt': 's32p', 'compression_level': '8', 'reservoir': '1', 'aq': '9'}",102.0546875,-3.349,-1.733,0.46340679400600493,0.36841372890404134
"{'ar': '48000', 'sample_fmt': 's32p', 'compression_level': '8', 'reservoir': '1', 'aq': '9'}",102.0546875,-3.349,-1.733,0.46985303796827793,0.3679372683881388
"{'ar': '48000', 'sample_fmt': 's32p', 'compression_level': '8', 'reservoir': '1', 'aq': '9'}",102.0546875,-3.349,-1.733,0.4638431369967293,0.36838147753290373
"{'ar': '48000', 'sample_fmt': 's32p', 'compression_level': '8', 'reservoir': '1', 'aq': '9'}",102.0546875,-3.349,-1.733,0.4703066289948765,0.36790374216483623
"{'ar': '48000', 'sample_fmt': 's32p', 'compression_level': '8', 'reservoir': '1', 'aq': '9'}",102.0546875,-3.349,-1.733,0.46669405602733605,0.36817075787040426
"{'ar': '48000', 'sample_fmt': 's32p', 'compression_level': '8', 'reservoir': '1', 'aq': '9'}",102.0546875,-3.349,-1.733,0.45931385198491625,0.3687162500742516
"{'ar': '44100', 'sample_fmt': 's32p', 'compression_level': '9', 'reservoir': '1', 'aq': '9'}",97.1474609375,-3.314,-1.668,0.46588270500069484,0.47811363576411386
"{'ar': '48000', 'sample_fmt': 's32p', 'compression_level': '8', 'reservoir': '1', 'aq': '9'}",102.0546875,-3.349,-1.733,0.46412228597910143,0.3683608448250923
"{'ar': '48000', 'sample_fmt': 's32p', 'compression_level': '8', 'reservoir': '1', 'aq': '9'}",102.0546875,-3.349,-1.733,0.4606253800156992,0.36861931124819647
"{'ar': '48000', 'sample_fmt': 's32p', 'compression_level': '9', 'reservoir': '1', 'aq': '9'}",102.0546875,-3.349,-1.733,0.48297430100501515,0.36696743792680875
"{'ar': '48000', 'sample_fmt': 's32p', 'compression_level': '7', 'reservoir': '1', 'aq': '9'}",102.0546875,-3.349,-1.733,0.5026400429778732,0.365513886118836
"{'ar': '48000', 'sample_fmt': 's32p', 'compression_level': '8', 'reservoir': '1', 'aq': '9'}",102.0546875,-3.349,-1.733,0.46802380701410584,0.3680724721330219
"{'ar': '48000', 'sample_fmt': 'fltp', 'compression_level': '8', 'reservoir': '1', 'aq': '9'}",102.0546875,-3.349,-1.733,0.4690278230118565,0.36799826240979977
"{'ar': '48000', 'sample_fmt': 's32p', 'compression_level': '8', 'reservoir': '1', 'aq': '9'}",102.0546875,-3.349,-1.733,0.47148120499332435,0.36781692585917625
"{'ar': '48000', 'sample_fmt': 's32p', 'compression_level': '8', 'reservoir': '1', 'aq': '9'}",102.0546875,-3.349,-1.733,0.48826862798887305,0.36657611892292846
"{'ar': '48000', 'sample_fmt': 's32p', 'compression_level': '8', 'reservoir': '1', 'aq': '9'}",102.0546875,-3.349,-1.733,0.47393945200019516,0.3676352297204691
"{'ar': '48000', 'sample_fmt': 's32p', 'compression_level': '8', 'reservoir': '1', 'aq': '9'}",102.0546875,-3.349,-1.733,0.4779602609924041,0.36733804011083193
"{'ar': '48000', 'sample_fmt': 's32p', 'compression_level': '8', 'reservoir': '1', 'aq': '9'}",102.0546875,-3.349,-1.733,0.465734313998837,0.3682416951766415
"{'ar': '48000', 'sample_fmt': 's32p', 'compression_level': '9', 'reservoir': '1', 'aq': '9'}",102.0546875,-3.349,-1.733,0.5058022390003316,0.36528015907451944
"{'ar': '48000', 'sample_fmt': 's32p', 'compression_level': '8', 'reservoir': '1', 'aq': '9'}",102.0546875,-3.349,-1.733,0.5079988669604063,0.3651177999554373
"{'ar': '48000', 'sample_fmt': 's32p', 'compression_level': '8', 'reservoir': '1', 'aq': '9'}",102.0546875,-3.349,-1.733,0.4743629469885491,0.3676039279823074
"{'ar': '48000', 'sample_fmt': 's32p', 'compression_level': '8', 'reservoir': '1', 'aq': '9'}",102.0546875,-3.349,-1.733,0.5032784839859232,0.36546669709933116
"{'ar': '48000', 'sample_fmt': 's32p', 'compression_level': '8', 'reservoir': '1', 'aq': '9'}",102.0546875,-3.349,-1.733,0.4913565829920117,0.3663478792468488
"{'ar': '48000', 'sample_fmt': 's32p', 'compression_level': '8', 'reservoir': '1', 'aq': '9'}",102.0546875,-3.349,-1.733,0.46885216498048976,0.36801124580241373
"{'ar': '48000', 'sample_fmt': 's32p', 'compression_level': '8', 'reservoir': '1', 'aq': '9'}",102.0546875,-3.349,-1.733,0.4856551809934899,0.3667692863411943
"{'ar': '48000', 'sample_fmt': 's32p', 'compression_level': '8', 'reservoir': '1', 'aq': '9'}",102.0546875,-3.349,-1.733,0.47642521301168017,0.3674514999421867
"{'ar': '44100', 'sample_fmt': 's32p', 'compression_level': '8', 'reservoir': '1', 'b:a': '312k', 'abr': 'True'}",427.4482421875,-2.59,-0.703,0.48517571299453266,1.9409307256500237
"{'ar': '48000', 'sample_fmt': 's32p', 'compression_level': '8', 'reservoir': '1', 'aq': '9'}",102.0546875,-3.349,-1.733,0.4707900319772307,0.3678680124537503
"{'ar': '48000', 'sample_fmt': 's32p', 'compression_level': '8', 'reservoir': '1', 'aq': '9'}",102.0546875,-3.349,-1.733,0.47287242897436954,0.3677140964751777
"{'ar': '48000', 'sample_fmt': 's32p', 'compression_level': '8', 'reservoir': '1', 'aq': '9'}",102.0546875,-3.349,-1.733,0.4639490859990474,0.36837364653603183
"{'ar': '48000', 'sample_fmt': 's32p', 'compression_level': '8', 'reservoir': '1', 'aq': '9'}",102.0546875,-3.349,-1.733,0.4640085749560967,0.36836924953533934
"{'ar': '44100', 'sample_fmt': 's32p', 'compression_level': '8', 'reservoir': '1', 'aq': '9'}",97.1474609375,-3.314,-1.668,0.4692442170053255,0.47786517669968614
"{'ar': '48000', 'sample_fmt': 's32p', 'compression_level': '8', 'reservoir': '1', 'aq': '9'}",102.0546875,-3.349,-1.733,0.47668013398651965,0.36743265799641217
"{'ar': '48000', 'sample_fmt': 's32p', 'compression_level': '9', 'reservoir': '1', 'aq': '9'}",102.0546875,-3.349,-1.733,0.47389780898811296,0.3676383076758081
"{'ar': '44100', 'sample_fmt': 's32p', 'compression_level': '8', 'reservoir': '1', 'aq': '9'}",97.1474609375,-3.314,-1.668,0.46110425199731253,0.478466825031621
"{'ar': '48000', 'sample_fmt': 's32p', 'compression_level': '8', 'reservoir': '1', 'aq': '9'}",102.0546875,-3.349,-1.733,0.4679828069929499,0.3680755025630439
"{'ar': '48000', 'sample_fmt': 's32p', 'compression_level': '8', 'reservoir': '1', 'aq': '9'}",102.0546875,-3.349,-1.733,0.472683600964956,0.36772805329892017
"{'ar': '48000', 'sample_fmt': 's32p', 'compression_level': '8', 'reservoir': '1', 'aq': '9'}",102.0546875,-3.349,-1.733,0.4768925529788248,0.36741695749496456
"{'ar': '48000', 'sample_fmt': 's32p', 'compression_level': '9', 'reservoir': '1', 'aq': '9'}",102.0546875,-3.349,-1.733,0.4653819880040828,0.36826773660886297
"{'ar': '48000', 'sample_fmt': 's32p', 'compression_level': '8', 'reservoir': '1', 'aq': '9'}",102.0546875,-3.349,-1.733,0.465426350972848,0.36826445761366694
"{'ar': '48000', 'sample_fmt': 's32p', 'compression_level': '8', 'reservoir': '1', 'aq': '9'}",102.0546875,-3.349,-1.733,0.4659215969732031,0.36822785255090346
"{'ar': '48000', 'sample_fmt': 's32p', 'compression_level': '8', 'reservoir': '1', 'aq': '9'}",102.0546875,-3.349,-1.733,0.46480995300225914,0.36831001736858576
"{'ar': '48000', 'sample_fmt': 's32p', 'compression_level': '8', 'reservoir': '1', 'aq': '9'}",102.0546875,-3.349,-1.733,0.46830888200202025,0.3680514014170193
"{'ar': '48000', 'sample_fmt': 's32p', 'compression_level': '8', 'reservoir': '1', 'aq': '9'}",102.0546875,-3.349,-1.733,0.4645703290007077,0.36832772867086816
"{'ar': '48000', 'sample_fmt': 's32p', 'compression_level': '8', 'reservoir': '1', 'aq': '9'}",102.0546875,-3.349,-1.733,0.46670717297820374,0.3681697883586678
"{'ar': '48000', 'sample_fmt': 's32p', 'compression_level': '8', 'reservoir': '1', 'aq': '9'}",102.0546875,-3.349,-1.733,0.468290759017691,0.36805274093915247
"{'ar': '48000', 'sample_fmt': 's32p', 'compression_level': '8', 'reservoir': '1', 'aq': '9'}",102.0546875,-3.349,-1.733,0.47552250599255785,0.36751822162609393
"{'ar': '48000', 'sample_fmt': 's32p', 'compression_level': '7', 'reservoir': '1', 'aq': '9'}",102.0546875,-3.349,-1.733,0.47646712898858823,0.3674484018112287
"{'ar': '48000', 'sample_fmt': 's32p', 'compression_level': '8', 'reservoir': '1', 'aq': '9'}",102.0546875,-3.349,-1.733,0.46824518000357784,0.36805610981577364
"{'ar': '48000', 'sample_fmt': 's32p', 'compression_level': '8', 'reservoir': '1', 'aq': '9'}",102.0546875,-3.349,-1.733,0.47886038597789593,0.36727150927249036
"{'ar': '48000', 'sample_fmt': 's32p', 'compression_level': '9', 'reservoir': '1', 'aq': '9'}",102.0546875,-3.349,-1.733,0.46670177098712884,0.3681701876354357
"{'ar': '48000', 'sample_fmt': 's32p', 'compression_level': '8', 'reservoir': '1', 'aq': '9'}",102.0546875,-3.349,-1.733,0.47525538099580444,0.3675379656063883
"{'ar': '48000', 'sample_fmt': 's32p', 'compression_level': '7', 'reservoir': '1', 'b:a': '313k', 'abr': 'True'}",429.359375,-3.328,-1.694,0.5101882159942761,-0.0960809543097314
"{'ar': '48000', 'sample_fmt': 's32p', 'compression_level': '8', 'reservoir': '1', 'aq': '9'}",102.0546875,-3.349,-1.733,0.5055891259980854,0.36529591087224694
"{'ar': '48000', 'sample_fmt': 's32p', 'compression_level': '8', 'reservoir': '1', 'aq': '9'}",102.0546875,-3.349,-1.733,0.4752109549881425,0.3675412492609713
"{'ar': '48000', 'sample_fmt': 's32p', 'compression_level': '8', 'reservoir': '1', 'aq': '9'}",102.0546875,-3.349,-1.733,0.4736713510064874,0.3676550458395182
"{'ar': '48000', 'sample_fmt': 's32p', 'compression_level': '8', 'reservoir': '1', 'aq': '9'}",102.0546875,-3.349,-1.733,0.4783436610305216,0.3673097019062856
"{'ar': '48000', 'sample_fmt': 's32p', 'compression_level': '8', 'reservoir': '1', 'aq': '9'}",102.0546875,-3.349,-1.733,0.47254435598733835,0.36773834529752597
"{'ar': '48000', 'sample_fmt': 's32p', 'compression_level': '8', 'reservoir': '1', 'aq': '9'}",102.0546875,-3.349,-1.733,0.5026073009939864,0.3655163061734641
"{'ar': '48000', 'sample_fmt': 's32p', 'compression_level': '8', 'reservoir': '1', 'aq': '9'}",102.0546875,-3.349,-1.733,0.47261829100898467,0.36773288054646114
"{'ar': '48000', 'sample_fmt': 's32p', 'compression_level': '8', 'reservoir': '1', 'aq': '9'}",102.0546875,-3.349,-1.733,0.4690162109909579,0.36799912068781415
"{'ar': '48000', 'sample_fmt': 's32p', 'compression_level': '8', 'reservoir': '1', 'aq': '9'}",102.0546875,-3.349,-1.733,0.47194314099033363,0.36778278283500015
"{'ar': '48000', 'sample_fmt': 's32p', 'compression_level': '8', 'reservoir': '1', 'aq': '9'}",102.0546875,-3.349,-1.733,0.47665516700362787,0.3674345033782529
"{'ar': '48000', 'sample_fmt': 's32p', 'compression_level': '8', 'reservoir': '1', 'aq': '9'}",102.0546875,-3.349,-1.733,0.4710909139830619,0.36784577339538344
"{'ar': '48000', 'sample_fmt': 's32p', 'compression_level': '8', 'reservoir': '1', 'aq': '9'}",102.0546875,-3.349,-1.733,0.46855759297613986,0.3680330184703401
"{'ar': '48000', 'sample_fmt': 's32p', 'compression_level': '8', 'reservoir': '1', 'aq': '9'}",102.0546875,-3.349,-1.733,0.46302415200625546,0.36844201107978175
"{'ar': '48000', 'sample_fmt': 's32p', 'compression_level': '8', 'reservoir': '1', 'aq': '9'}",102.0546875,-3.349,-1.733,0.469179890002124,0.3679870226991933
"{'ar': '48000', 'sample_fmt': 's32p', 'compression_level': '8', 'reservoir': '1', 'aq': '9'}",102.0546875,-3.349,-1.733,0.4737972120055929,0.3676457430894335
"{'ar': '48000', 'sample_fmt': 's32p', 'compression_level': '8', 'reservoir': '1', 'aq': '9'}",102.0546875,-3.349,-1.733,0.4743913210113533,0.367601830776303
"{'ar': '48000', 'sample_fmt': 's32p', 'compression_level': '8', 'reservoir': '1', 'aq': '9'}",102.0546875,-3.349,-1.733,0.5195331680006348,0.36426526644035995
"{'ar': '48000', 'sample_fmt': 's32p', 'compression_level': '8', 'reservoir': '1', 'aq': '9'}",102.0546875,-3.349,-1.733,0.5421061810047831,0.3625968298307036
"{'ar': '48000', 'sample_fmt': 's32p', 'compression_level': '7', 'reservoir': '1', 'aq': '9'}",102.0546875,-3.349,-1.733,0.5800214329792652,0.35979440401156537
"{'ar': '48000', 'sample_fmt': 's32p', 'compression_level': '8', 'reservoir': '1', 'aq': '9'}",102.0546875,-3.349,-1.733,0.4774660600232892,0.36737456793231715
"{'ar': '48000', 'sample_fmt': 's32p', 'compression_level': '8', 'reservoir': '1', 'aq': '9'}",102.0546875,-3.349,-1.733,0.5069437650090549,0.36519578558908894
"{'ar': '48000', 'sample_fmt': 's32p', 'compression_level': '8', 'reservoir': '1', 'aq': '9'}",102.0546875,-3.349,-1.733,0.5026342730270699,0.3655143125925706
"{'ar': '48000', 'sample_fmt': 's32p', 'compression_level': '8', 'reservoir': '1', 'aq': '9'}",102.0546875,-3.349,-1.733,0.4945258579973597,0.3661136289744541
"{'ar': '48000', 'sample_fmt': 's32p', 'compression_level': '8', 'reservoir': '1', 'aq': '9'}",102.0546875,-3.349,-1.733,0.4883306249976158,0.36657153654488894
"{'ar': '48000', 'sample_fmt': 's32p', 'compression_level': '8', 'reservoir': '1', 'aq': '9'}",102.0546875,-3.349,-1.733,0.4904645179922227,0.36641381434835996
"{'ar': '48000', 'sample_fmt': 's32p', 'compression_level': '8', 'reservoir': '1', 'aq': '9'}",102.0546875,-3.349,-1.733,0.4799555759818759,0.36719056061504557
"{'ar': '48000', 'sample_fmt': 's32p', 'compression_level': '8', 'reservoir': '1', 'aq': '9'}",102.0546875,-3.349,-1.733,0.4847464259946719,0.3668364550487549
"{'ar': '48000', 'sample_fmt': 's32p', 'compression_level': '8', 'reservoir': '1', 'aq': '9'}",102.0546875,-3.349,-1.733,0.48336573399137706,0.36693850598384864
"{'ar': '48000', 'sample_fmt': 's32p', 'compression_level': '8', 'reservoir': '1', 'aq': '9'}",102.0546875,-3.349,-1.733,0.49811190797481686,0.365848573659714
"{'ar': '48000', 'sample_fmt': 's32p', 'compression_level': '8', 'reservoir': '1', 'aq': '9'}",102.0546875,-3.349,-1.733,0.5002934729855042,0.36568732788674135
"{'ar': '48000', 'sample_fmt': 's32p', 'compression_level': '8', 'reservoir': '1', 'aq': '9'}",102.0546875,-3.349,-1.733,0.48626736397272907,0.3667240381284642
"{'ar': '48000', 'sample_fmt': 's32p', 'compression_level': '8', 'reservoir': '1', 'aq': '9'}",102.0546875,-3.349,-1.733,0.47208186899661086,0.3677725290472397
"{'ar': '48000', 'sample_fmt': 's32p', 'compression_level': '8', 'reservoir': '1', 'aq': '9'}",102.0546875,-3.349,-1.733,0.47496594101539813,0.3675593589515974
"{'ar': '44100', 'sample_fmt': 's32p', 'compression_level': '8', 'reservoir': '1', 'aq': '9'}",97.1474609375,-3.314,-1.668,0.47095470898784697,0.47773874929526133
"{'ar': '48000', 'sample_fmt': 's32p', 'compression_level': '8', 'reservoir': '1', 'aq': '9'}",102.0546875,-3.349,-1.733,0.4934622819710057,0.3661922409514727
"{'ar': '48000', 'sample_fmt': 's32p', 'compression_level': '8', 'reservoir': '1', 'aq': '9'}",102.0546875,-3.349,-1.733,0.48609627000405453,0.36673668417801797
"{'ar': '44100', 'sample_fmt': 's32p', 'compression_level': '8', 'reservoir': '1', 'aq': '9'}",97.1474609375,-3.314,-1.668,0.4732913410116453,0.4775660420713261
"{'ar': '48000', 'sample_fmt': 's32p', 'compression_level': '9', 'reservoir': '1', 'aq': '9'}",102.0546875,-3.349,-1.733,0.48027868001372553,0.36716667906253125
"{'ar': '48000', 'sample_fmt': 's32p', 'compression_level': '8', 'reservoir': '1', 'aq': '9'}",102.0546875,-3.349,-1.733,0.4794394800264854,0.36722870675822594
"{'ar': '48000', 'sample_fmt': 's32p', 'compression_level': '8', 'reservoir': '1', 'aq': '9'}",102.0546875,-3.349,-1.733,0.4719749609939754,0.36778043092659585
"{'ar': '48000', 'sample_fmt': 's32p', 'compression_level': '8', 'reservoir': '1', 'aq': '9'}",102.0546875,-3.349,-1.733,0.46710792699013837,0.3681401674717771
"{'ar': '48000', 'sample_fmt': 's32p', 'compression_level': '8', 'reservoir': '1', 'aq': '9'}",102.0546875,-3.349,-1.733,0.4746088460087776,0.3675857528752646
"{'ar': '48000', 'sample_fmt': 's32p', 'compression_level': '8', 'reservoir': '1', 'aq': '9'}",102.0546875,-3.349,-1.733,0.47210635399096645,0.36777071929056426
"{'ar': '48000', 'sample_fmt': 's32p', 'compression_level': '8', 'reservoir': '1', 'aq': '9'}",102.0546875,-3.349,-1.733,0.48504703800426796,0.3668142359465898
"{'ar': '48000', 'sample_fmt': 's32p', 'compression_level': '8', 'reservoir': '1', 'aq': '9'}",102.0546875,-3.349,-1.733,0.5077210520103108,0.3651383340610688
"{'ar': '48000', 'sample_fmt': 's32p', 'compression_level': '8', 'reservoir': '1', 'aq': '9'}",102.0546875,-3.349,-1.733,0.4730780750105623,0.367698896582485
"{'ar': '48000', 'sample_fmt': 's32p', 'compression_level': '8', 'reservoir': '1', 'aq': '9'}",102.0546875,-3.349,-1.733,0.4762963139801286,0.367461027242027
"{'ar': '48000', 'sample_fmt': 's32p', 'compression_level': '7', 'reservoir': '1', 'aq': '9'}",102.0546875,-3.349,-1.733,0.4897579939861316,0.3664660355789572
"{'ar': '48000', 'sample_fmt': 's32p', 'compression_level': '7', 'reservoir': '1', 'aq': '9'}",102.0546875,-3.349,-1.733,0.48985005100257695,0.36645923137889824
"{'ar': '48000', 'sample_fmt': 's32p', 'compression_level': '8', 'reservoir': '1', 'aq': '9'}",102.0546875,-3.349,-1.733,0.47624893600004725,0.36746452908542043
"{'ar': '44100', 'sample_fmt': 's32p', 'compression_level': '7', 'reservoir': '1', 'aq': '9'}",97.1474609375,-3.314,-1.668,0.471009504981339,0.47773469916506434
"{'ar': '44100', 'sample_fmt': 's32p', 'compression_level': '8', 'reservoir': '1', 'aq': '9'}",97.1474609375,-3.314,-1.668,0.4713004379882477,0.47771319546595276
"{'ar': '48000', 'sample_fmt': 's32p', 'compression_level': '8', 'reservoir': '1', 'aq': '9'}",102.0546875,-3.349,-1.733,0.4726710809918586,0.3677289786863048
"{'ar': '48000', 'sample_fmt': 's32p', 'compression_level': '8', 'reservoir': '1', 'aq': '9'}",102.0546875,-3.349,-1.733,0.4767202290240675,0.3674296944563434
"{'ar': '44100', 'sample_fmt': 's32p', 'compression_level': '8', 'reservoir': '1', 'aq': '9'}",97.1474609375,-3.314,-1.668,0.4803509999765083,0.47704424228028797
"{'ar': '44100', 'sample_fmt': 's32p', 'compression_level': '8', 'reservoir': '1', 'aq': '9'}",97.1474609375,-3.314,-1.668,0.5069477400393225,0.47507840037827176
"{'ar': '48000', 'sample_fmt': 's32p', 'compression_level': '8', 'reservoir': '1', 'aq': '9'}",102.0546875,-3.349,-1.733,0.48277721798513085,0.3669820049022256
"{'ar': '48000', 'sample_fmt': 's32p', 'compression_level': '8', 'reservoir': '1', 'aq': '9'}",102.0546875,-3.349,-1.733,0.47748809901531786,0.3673729389667407
"{'ar': '48000', 'sample_fmt': 's32p', 'compression_level': '8', 'reservoir': '1', 'aq': '9'}",102.0546875,-3.349,-1.733,0.514501110999845,0.36463720031203456
"{'ar': '48000', 'sample_fmt': 's32p', 'compression_level': '8', 'reservoir': '1', 'aq': '9'}",102.0546875,-3.349,-1.733,0.5061324610142037,0.3652557514113884
"{'ar': '48000', 'sample_fmt': 's32p', 'compression_level': '8', 'reservoir': '1', 'aq': '9'}",102.0546875,-3.349,-1.733,0.5028016950236633,0.3655019379490825
"{'ar': '48000', 'sample_fmt': 's32p', 'compression_level': '9', 'reservoir': '1', 'aq': '9'}",102.0546875,-3.349,-1.733,0.4818295919976663,0.3670520466768641
"{'ar': '48000', 'sample_fmt': 's32p', 'compression_level': '8', 'reservoir': '1', 'aq': '9'}",102.0546875,-3.349,-1.733,0.5015410990163218,0.365595112242131
"{'ar': '44100', 'sample_fmt': 's32p', 'compression_level': '8', 'reservoir': '1', 'aq': '9'}",97.1474609375,-3.314,-1.668,0.47714340101811104,0.47728132518677907
"{'ar': '48000', 'sample_fmt': 's32p', 'compression_level': '8', 'reservoir': '1', 'aq': '9'}",102.0546875,-3.349,-1.733,0.492078682029387,0.36629450682068965
"{'ar': '48000', 'sample_fmt': 's32p', 'compression_level': '8', 'reservoir': '1', 'aq': '9'}",102.0546875,-3.349,-1.733,0.48291633298504166,0.36697172251064764
"{'ar': '48000', 'sample_fmt': 's32p', 'compression_level': '8', 'reservoir': '1', 'b:a': '317k', 'abr': 'True'}",434.046875,-3.319,-1.678,0.4946107899886556,-0.07639248452439062
"{'ar': '48000', 'sample_fmt': 's32p', 'compression_level': '8', 'reservoir': '1', 'aq': '9'}",102.0546875,-3.349,-1.733,0.46989093301817775,0.36793446745551334
"{'ar': '48000', 'sample_fmt': 's32p', 'compression_level': '8', 'reservoir': '1', 'aq': '9'}",102.0546875,-3.349,-1.733,0.4716670619964134,0.3678031886310952
"{'ar': '48000', 'sample_fmt': 's32p', 'compression_level': '8', 'reservoir': '1', 'aq': '9'}",102.0546875,-3.349,-1.733,0.48188721400219947,0.3670477876680261
"{'ar': '48000', 'sample_fmt': 's32p', 'compression_level': '8', 'reservoir': '1', 'aq': '9'}",102.0546875,-3.349,-1.733,0.4765281470026821,0.3674438917935122
"{'ar': '48000', 'sample_fmt': 's32p', 'compression_level': '8', 'reservoir': '1', 'aq': '9'}",102.0546875,-3.349,-1.733,0.4709221009979956,0.3678582508508484
"{'ar': '48000', 'sample_fmt': 's32p', 'compression_level': '8', 'reservoir': '1', 'aq': '9'}",102.0546875,-3.349,-1.733,0.46772924400283955,0.36809424413624353
"{'ar': '48000', 'sample_fmt': 's32p', 'compression_level': '8', 'reservoir': '1', 'aq': '9'}",102.0546875,-3.349,-1.733,0.47953262299415655,0.3672218222923744
"{'ar': '48000', 'sample_fmt': 's32p', 'compression_level': '8', 'reservoir': '1', 'aq': '9'}",102.0546875,-3.349,-1.733,0.4855981820146553,0.36677349930040287
"{'ar': '48000', 'sample_fmt': 's32p', 'compression_level': '8', 'reservoir': '1', 'aq': '9'}",102.0546875,-3.349,-1.733,0.4738207720220089,0.36764400170055
"{'ar': '48000', 'sample_fmt': 's32p', 'compression_level': '8', 'reservoir': '1', 'aq': '9'}",102.0546875,-3.349,-1.733,0.48144948700792156,0.36708014133486505
"{'ar': '48000', 'sample_fmt': 's32p', 'compression_level': '8', 'reservoir': '1', 'aq': '9'}",102.0546875,-3.349,-1.733,0.49783146497793496,0.36586930201187656
"{'ar': '48000', 'sample_fmt': 's32p', 'compression_level': '8', 'reservoir': '1', 'aq': '9'}",102.0546875,-3.349,-1.733,0.47794882699963637,0.3673388852302728
"{'ar': '48000', 'sample_fmt': 's32p', 'compression_level': '8', 'reservoir': '1', 'aq': '9'}",102.0546875,-3.349,-1.733,0.47126582596683875,0.36783284514530235
"{'ar': '48000', 'sample_fmt': 's32p', 'compression_level': '8', 'reservoir': '1', 'aq': '9'}",102.0546875,-3.349,-1.733,0.4697363719751593,0.3679458915087645
"{'ar': '48000', 'sample_fmt': 's32p', 'compression_level': '8', 'reservoir': '1', 'aq': '9'}",102.0546875,-3.349,-1.733,0.5575328989943955,0.36145659653282786
"{'ar': '48000', 'sample_fmt': 's32p', 'compression_level': '8', 'reservoir': '1', 'aq': '9'}",102.0546875,-3.349,-1.733,0.47969157600891776,0.3672100736158023
"{'ar': '44100', 'sample_fmt': 's32p', 'compression_level': '8', 'reservoir': '1', 'aq': '9'}",97.1474609375,-3.314,-1.668,0.49413447198458016,0.47602546604061563
"{'ar': '48000', 'sample_fmt': 's32p', 'compression_level': '8', 'reservoir': '1', 'aq': '9'}",102.0546875,-3.349,-1.733,0.5212510999699589,0.3641382891250147
"{'ar': '48000', 'sample_fmt': 's32p', 'compression_level': '8', 'reservoir': '1', 'aq': '9'}",102.0546875,-3.349,-1.733,0.7765966320002917,0.3452649631018879
"{'ar': '48000', 'sample_fmt': 's32p', 'compression_level': '9', 'reservoir': '1', 'aq': '9'}",102.0546875,-3.349,-1.733,1.0357576759997755,0.32610962156524753
"{'ar': '48000', 'sample_fmt': 's32p', 'compression_level': '8', 'reservoir': '1', 'aq': '9'}",102.0546875,-3.349,-1.733,0.798283290991094,0.3436620394782344
"{'ar': '48000', 'sample_fmt': 's32p', 'compression_level': '8', 'reservoir': '1', 'aq': '9'}",102.0546875,-3.349,-1.733,0.5562968919984996,0.36154795338099716
"{'ar': '48000', 'sample_fmt': 's32p', 'compression_level': '8', 'reservoir': '1', 'aq': '9'}",102.0546875,-3.349,-1.733,0.47309529304038733,0.36769762394815386
"{'ar': '48000', 'sample_fmt': 's32p', 'compression_level': '8', 'reservoir': '1', 'b:a': '314k', 'abr': 'True'}",430.484375,-3.325,-1.689,0.5364833069907036,-0.09125251758727711
"{'ar': '48000', 'sample_fmt': 's32p', 'compression_level': '8', 'reservoir': '1', 'aq': '9'}",102.0546875,-3.349,-1.733,0.5221460770117119,0.3640721387860685
"{'ar': '48000', 'sample_fmt': 's32p', 'compression_level': '8', 'reservoir': '1', 'aq': '9'}",102.0546875,-3.349,-1.733,0.4702631370164454,0.3679069567826202
"{'ar': '48000', 'sample_fmt': 's32p', 'compression_level': '8', 'reservoir': '1', 'aq': '9'}",102.0546875,-3.349,-1.733,0.47821258401381783,0.3673193901873012
"{'ar': '48000', 'sample_fmt': 's32p', 'compression_level': '8', 'reservoir': '1', 'aq': '9'}",102.0546875,-3.349,-1.733,0.48250854198704474,0.36700186352150965
"{'ar': '48000', 'sample_fmt': 's32p', 'compression_level': '8', 'reservoir': '1', 'aq': '9'}",102.0546875,-3.349,-1.733,0.4826569680299144,0.36699089292384485
"{'ar': '48000', 'sample_fmt': 's32p', 'compression_level': '8', 'reservoir': '1', 'aq': '9'}",102.0546875,-3.349,-1.733,0.48436874701292254,0.3668643703934956
"{'ar': '48000', 'sample_fmt': 's32p', 'compression_level': '8', 'reservoir': '1', 'aq': '9'}",102.0546875,-3.349,-1.733,0.48396908698487096,0.36689391042087677
"{'ar': '48000', 'sample_fmt': 's32p', 'compression_level': '8', 'reservoir': '1', 'aq': '9'}",102.0546875,-3.349,-1.733,0.4861245120118838,0.3667345967296218
"{'ar': '48000', 'sample_fmt': 's32p', 'compression_level': '8', 'reservoir': '1', 'aq': '9'}",102.0546875,-3.349,-1.733,0.474716785014607,0.3675777747914837
"{'ar': '48000', 'sample_fmt': 's32p', 'compression_level': '8', 'reservoir': '1', 'aq': '9'}",102.0546875,-3.349,-1.733,0.4842312620021403,0.3668745323078677
"{'ar': '48000', 'sample_fmt': 's32p', 'compression_level': '8', 'reservoir': '1', 'aq': '9'}",102.0546875,-3.349,-1.733,0.4927792349772062,0.36624272692826104
"{'ar': '48000', 'sample_fmt': 's32p', 'compression_level': '8', 'reservoir': '1', 'aq': '9'}",102.0546875,-3.349,-1.733,0.484118403022876,0.36688287404110015
"{'ar': '48000', 'sample_fmt': 's32p', 'compression_level': '8', 'reservoir': '1', 'aq': '9'}",102.0546875,-3.349,-1.733,0.48895194797660224,0.36652561276837
"{'ar': '48000', 'sample_fmt': 's32p', 'compression_level': '8', 'reservoir': '1', 'aq': '9'}",102.0546875,-3.349,-1.733,0.5182696839910932,0.3643586541939951
"{'ar': '48000', 'sample_fmt': 's32p', 'compression_level': '8', 'reservoir': '1', 'aq': '9'}",102.0546875,-3.349,-1.733,0.4749500750331208,0.36756053165218794
"{'ar': '44100', 'sample_fmt': 's32p', 'compression_level': '8', 'reservoir': '1', 'aq': '9'}",97.1474609375,-3.314,-1.668,0.47261409199563786,0.4776160995028242
"{'ar': '48000', 'sample_fmt': 's32p', 'compression_level': '7', 'reservoir': '1', 'aq': '9'}",102.0546875,-3.349,-1.733,0.4845040620130021,0.36685436887088424
"{'ar': '48000', 'sample_fmt': 's32p', 'compression_level': '8', 'reservoir': '1', 'aq': '9'}",102.0546875,-3.349,-1.733,0.46873165300348774,0.3680201531908202
"{'ar': '48000', 'sample_fmt': 's32p', 'compression_level': '8', 'reservoir': '1', 'aq': '9'}",102.0546875,-3.349,-1.733,0.4799488109711092,0.367191060636537
"{'ar': '48000', 'sample_fmt': 's32p', 'compression_level': '8', 'reservoir': '1', 'aq': '9'}",102.0546875,-3.349,-1.733,0.483770207996713,0.3669086101414977
"{'ar': '44100', 'sample_fmt': 's32p', 'compression_level': '8', 'reservoir': '1', 'aq': '9'}",97.1474609375,-3.314,-1.668,0.4733671200228855,0.4775604410256627
"{'ar': '48000', 'sample_fmt': 's32p', 'compression_level': '8', 'reservoir': '1', 'aq': '9'}",102.0546875,-3.349,-1.733,0.4803204649942927,0.3671635906138913
"{'ar': '48000', 'sample_fmt': 's32p', 'compression_level': '8', 'reservoir': '1', 'aq': '9'}",102.0546875,-3.349,-1.733,0.49861086200689897,0.36581169452561224
"{'ar': '48000', 'sample_fmt': 's32p', 'compression_level': '8', 'reservoir': '1', 'aq': '9'}",102.0546875,-3.349,-1.733,0.48133997101103887,0.367088235978611
"{'ar': '48000', 'sample_fmt': 's32p', 'compression_level': '7', 'reservoir': '1', 'aq': '9'}",102.0546875,-3.349,-1.733,0.48973447701428086,0.3664677737862925
"{'ar': '48000', 'sample_fmt': 's32p', 'compression_level': '8', 'reservoir': '1', 'aq': '9'}",102.0546875,-3.349,-1.733,0.5067464759922586,0.3652103677903327
"{'ar': '48000', 'sample_fmt': 's32p', 'compression_level': '8', 'reservoir': '1', 'aq': '9'}",102.0546875,-3.349,-1.733,0.5078738540178165,0.36512704002321467
"{'ar': '48000', 'sample_fmt': 's32p', 'compression_level': '8', 'reservoir': '1', 'aq': '9'}",102.0546875,-3.349,-1.733,0.4819376450031996,0.3670440601670356
"{'ar': '48000', 'sample_fmt': 's32p', 'compression_level': '8', 'reservoir': '1', 'aq': '9'}",102.0546875,-3.349,-1.733,0.47927866302779876,0.36724059320723546
"{'ar': '48000', 'sample_fmt': 's32p', 'compression_level': '8', 'reservoir': '1', 'aq': '9'}",102.0546875,-3.349,-1.733,0.47679413997684605,0.36742423148427816
"{'ar': '48000', 'sample_fmt': 's32p', 'compression_level': '8', 'reservoir': '1', 'aq': '9'}",102.0546875,-3.349,-1.733,0.48797973099863157,0.36659747213416566
"{'ar': '48000', 'sample_fmt': 's32p', 'compression_level': '9', 'reservoir': '1', 'aq': '9'}",102.0546875,-3.349,-1.733,0.4760558440175373,0.367478801071734
"{'ar': '48000', 'sample_fmt': 's32p', 'compression_level': '8', 'reservoir': '1', 'aq': '9'}",102.0546875,-3.349,-1.733,0.4755248150031548,0.3675180509604495
"{'ar': '44100', 'sample_fmt': 's32p', 'compression_level': '8', 'reservoir': '1', 'aq': '9'}",97.1474609375,-3.314,-1.668,0.4733791459875647,0.4775595521518675
"{'ar': '48000', 'sample_fmt': 's32p', 'compression_level': '8', 'reservoir': '1', 'aq': '9'}",102.0546875,-3.349,-1.733,0.4812772320001386,0.3670928732001738
"{'ar': '48000', 'sample_fmt': 's32p', 'compression_level': '8', 'reservoir': '1', 'aq': '9'}",102.0546875,-3.349,-1.733,0.47251486900495365,0.36774052476558855
"{'ar': '48000', 'sample_fmt': 's32p', 'compression_level': '7', 'reservoir': '1', 'aq': '9'}",102.0546875,-3.349,-1.733,0.4830495889764279,0.3669618731753177
"{'ar': '48000', 'sample_fmt': 's32p', 'compression_level': '8', 'reservoir': '1', 'aq': '9'}",102.0546875,-3.349,-1.733,0.4779749519948382,0.3673369542563964
"{'ar': '48000', 'sample_fmt': 's32p', 'compression_level': '8', 'reservoir': '1', 'aq': '9'}",102.0546875,-3.349,-1.733,0.4811916339676827,0.3670991999980646
"{'ar': '48000', 'sample_fmt': 's32p', 'compression_level': '8', 'reservoir': '1', 'aq': '9'}",102.0546875,-3.349,-1.733,0.4782418250106275,0.36731722890074314
"{'ar': '48000', 'sample_fmt': 's32p', 'compression_level': '8', 'reservoir': '1', 'aq': '9'}",102.0546875,-3.349,-1.733,0.4795879579905886,0.3672177323229128
"{'ar': '48000', 'sample_fmt': 's32p', 'compression_level': '8', 'reservoir': '1', 'aq': '9'}",102.0546875,-3.349,-1.733,0.47589107500971295,0.3674909796251571
"{'ar': '48000', 'sample_fmt': 's32p', 'compression_level': '8', 'reservoir': '1', 'aq': '9'}",102.0546875,-3.349,-1.733,0.5274703379836865,0.36367860727464046
"{'ar': '48000', 'sample_fmt': 's32p', 'compression_level': '8', 'reservoir': '1', 'aq': '9'}",102.0546875,-3.349,-1.733,0.6920819829974789,0.3515116849915458
"{'ar': '48000', 'sample_fmt': 's32p', 'compression_level': '8', 'reservoir': '1', 'aq': '9'}",102.0546875,-3.349,-1.733,0.4846335170150269,0.36684480047765994
"{'ar': '48000', 'sample_fmt': 's32p', 'compression_level': '8', 'reservoir': '1', 'aq': '9'}",102.0546875,-3.349,-1.733,0.5036504240124486,0.36543920593735213
"{'ar': '48000', 'sample_fmt': 's32p', 'compression_level': '8', 'reservoir': '1', 'aq': '9'}",102.0546875,-3.349,-1.733,0.5043966439843643,0.36538405066323026
"{'ar': '48000', 'sample_fmt': 's32p', 'compression_level': '8', 'reservoir': '1', 'aq': '9'}",102.0546875,-3.349,-1.733,0.5278325830004178,0.3636518326988464
"{'ar': '48000', 'sample_fmt': 's32p', 'compression_level': '8', 'reservoir': '1', 'aq': '9'}",102.0546875,-3.349,-1.733,0.47461357101565227,0.36758540363635495
"{'ar': '48000', 'sample_fmt': 's32p', 'compression_level': '8', 'reservoir': '1', 'aq': '9'}",102.0546875,-3.349,-1.733,0.4798029000230599,0.3672018453362769
"{'ar': '48000', 'sample_fmt': 's32p', 'compression_level': '6', 'reservoir': '1', 'aq': '9'}",110.65625,-3.337,-1.711,0.5033628789533395,0.38663458940592993
"{'ar': '48000', 'sample_fmt': 's32p', 'compression_level': '8', 'reservoir': '1', 'aq': '9'}",102.0546875,-3.349,-1.733,0.49246884702006355,0.36626566859895415
"{'ar': '48000', 'sample_fmt': 's32p', 'compression_level': '8', 'reservoir': '1', 'aq': '9'}",102.0546875,-3.349,-1.733,0.4971816400066018,0.3659173324529985
"{'ar': '48000', 'sample_fmt': 's32p', 'compression_level': '8', 'reservoir': '1', 'aq': '9'}",102.0546875,-3.349,-1.733,0.5000925390049815,0.36570217949778533
"{'ar': '48000', 'sample_fmt': 's32p', 'compression_level': '8', 'reservoir': '1', 'aq': '9'}",102.0546875,-3.349,-1.733,0.49520990598830394,0.36606306901107466
"{'ar': '48000', 'sample_fmt': 's32p', 'compression_level': '9', 'reservoir': '1', 'aq': '9'}",102.0546875,-3.349,-1.733,0.49242846202105284,0.36626865357091243
"{'ar': '48000', 'sample_fmt': 's32p', 'compression_level': '8', 'reservoir': '1', 'aq': '9'}",102.0546875,-3.349,-1.733,0.4813773600035347,0.36708547245015044
"{'ar': '48000', 'sample_fmt': 's32p', 'compression_level': '8', 'reservoir': '1', 'aq': '9'}",102.0546875,-3.349,-1.733,0.4760258300229907,0.3674810194927881
"{'ar': '48000', 'sample_fmt': 's32p', 'compression_level': '8', 'reservoir': '1', 'aq': '9'}",102.0546875,-3.349,-1.733,0.48275601299246773,0.36698357222449934
"{'ar': '48000', 'sample_fmt': 's32p', 'compression_level': '8', 'reservoir': '1', 'aq': '9'}",102.0546875,-3.349,-1.733,0.48393935698550195,0.36689610785102683
"{'ar': '48000', 'sample_fmt': 's32p', 'compression_level': '8', 'reservoir': '1', 'aq': '9'}",102.0546875,-3.349,-1.733,0.5224565129901748,0.3640491935659808
"{'ar': '44100', 'sample_fmt': 's32p', 'compression_level': '8', 'reservoir': '1', 'aq': '9'}",97.1474609375,-3.314,-1.668,0.46882332299719565,0.4778962861918846
"{'ar': '48000', 'sample_fmt': 's32p', 'compression_level': '8', 'reservoir': '1', 'aq': '9'}",102.0546875,-3.349,-1.733,0.47626562500954606,0.36746329555251006
"{'ar': '48000', 'sample_fmt': 's32p', 'compression_level': '8', 'reservoir': '1', 'aq': '9'}",102.0546875,-3.349,-1.733,0.4684998010052368,0.36803729004188357
"{'ar': '48000', 'sample_fmt': 's32p', 'compression_level': '8', 'reservoir': '1', 'aq': '9'}",102.0546875,-3.349,-1.733,0.47622003097785637,0.3674666655391237
"{'ar': '48000', 'sample_fmt': 's32p', 'compression_level': '8', 'reservoir': '1', 'aq': '9'}",102.0546875,-3.349,-1.733,0.4769058439997025,0.36741597511721075
"{'ar': '48000', 'sample_fmt': 's32p', 'compression_level': '8', 'reservoir': '1', 'aq': '9'}",102.0546875,-3.349,-1.733,0.4703952730051242,0.3678971902299263
"{'ar': '48000', 'sample_fmt': 's32p', 'compression_level': '8', 'reservoir': '1', 'b:a': '317k', 'abr': 'True'}",434.046875,-3.319,-1.678,0.478811361012049,-0.07522470308062011
"{'ar': '48000', 'sample_fmt': 's32p', 'compression_level': '8', 'reservoir': '1', 'aq': '9'}",102.0546875,-3.349,-1.733,0.47723033200600185,0.3673919912711462
"{'ar': '48000', 'sample_fmt': 's32p', 'compression_level': '8', 'reservoir': '1', 'aq': '9'}",102.0546875,-3.349,-1.733,0.4892583500186447,0.36650296570817814
"{'ar': '48000', 'sample_fmt': 's32p', 'compression_level': '8', 'reservoir': '1', 'aq': '9'}",102.0546875,-3.349,-1.733,0.4958334010152612,0.36601698469221466
"{'ar': '48000', 'sample_fmt': 's32p', 'compression_level': '8', 'reservoir': '1', 'aq': '9'}",102.0546875,-3.349,-1.733,0.49788111602538265,0.3658656321595066
"{'ar': '48000', 'sample_fmt': 's32p', 'compression_level': '8', 'reservoir': '1', 'aq': '9'}",102.0546875,-3.349,-1.733,0.4909300909785088,0.36637940250379836
"{'ar': '48000', 'sample_fmt': 's32p', 'compression_level': '8', 'reservoir': '1', 'aq': '9'}",102.0546875,-3.349,-1.733,0.4877818890090566,0.36661209520722526
"{'ar': '48000', 'sample_fmt': 's32p', 'compression_level': '8', 'reservoir': '1', 'aq': '9'}",102.0546875,-3.349,-1.733,0.48376560799079016,0.36690895014122593
"{'ar': '48000', 'sample_fmt': 's32p', 'compression_level': '8', 'reservoir': '1', 'aq': '9'}",102.0546875,-3.349,-1.733,0.4777012310223654,0.3673571857643134
"{'ar': '48000', 'sample_fmt': 's32p', 'compression_level': '7', 'reservoir': '1', 'aq': '9'}",102.0546875,-3.349,-1.733,0.49313340097432956,0.3662165494961483
"{'ar': '48000', 'sample_fmt': 's32p', 'compression_level': '9', 'reservoir': '1', 'b:a': '317k', 'abr': 'True'}",434.046875,-3.319,-1.678,0.4970466530357953,-0.07657252619996181
"{'ar': '48000', 'sample_fmt': 's32p', 'compression_level': '8', 'reservoir': '1', 'aq': '9'}",102.0546875,-3.349,-1.733,0.4751197639852762,0.3675479894514645
"{'ar': '48000', 'sample_fmt': 's32p', 'compression_level': '9', 'reservoir': '1', 'aq': '9'}",102.0546875,-3.349,-1.733,0.4779737879871391,0.36733704029156855
"{'ar': '48000', 'sample_fmt': 's32p', 'compression_level': '8', 'reservoir': '1', 'aq': '9'}",102.0546875,-3.349,-1.733,0.48835823000990786,0.36656949617867335
"{'ar': '48000', 'sample_fmt': 's32p', 'compression_level': '8', 'reservoir': '1', 'aq': '9'}",102.0546875,-3.349,-1.733,0.48501052998472005,0.3668169343597945
"{'ar': '48000', 'sample_fmt': 's32p', 'compression_level': '9', 'reservoir': '1', 'b:a': '268k', 'abr': 'True'}",368.796875,-3.416,-1.863,0.4985408100183122,-0.25692962379571105
"{'ar': '48000', 'sample_fmt': 's32p', 'compression_level': '8', 'reservoir': '1', 'aq': '9'}",102.0546875,-3.349,-1.733,0.49494855900411494,0.3660823859217664
"{'ar': '44100', 'sample_fmt': 's32p', 'compression_level': '8', 'reservoir': '1', 'aq': '9'}",97.1474609375,-3.314,-1.668,0.49730261697550304,0.47579129929085195
"{'ar': '48000', 'sample_fmt': 's32p', 'compression_level': '8', 'reservoir': '1', 'aq': '9'}",102.0546875,-3.349,-1.733,0.516876609006431,0.3644616203910189
"{'ar': '48000', 'sample_fmt': 's32p', 'compression_level': '8', 'reservoir': '1', 'aq': '9'}",102.0546875,-3.349,-1.733,0.485043274005875,0.3668145141545861
"{'ar': '48000', 'sample_fmt': 's32p', 'compression_level': '8', 'reservoir': '1', 'aq': '9'}",102.0546875,-3.349,-1.733,0.49881363901658915,0.36579670669095754
"{'ar': '48000', 'sample_fmt': 's32p', 'compression_level': '8', 'reservoir': '1', 'aq': '9'}",102.0546875,-3.349,-1.733,0.4816908569773659,0.3670623009830512
"{'ar': '48000', 'sample_fmt': 's32p', 'compression_level': '8', 'reservoir': '1', 'aq': '9'}",102.0546875,-3.349,-1.733,0.49104782901122235,0.3663707001456288
"{'ar': '48000', 'sample_fmt': 's32p', 'compression_level': '8', 'reservoir': '1', 'aq': '9'}",102.0546875,-3.349,-1.733,0.47796054297941737,0.3673380192683571
"{'ar': '48000', 'sample_fmt': 's32p', 'compression_level': '8', 'reservoir': '1', 'aq': '9'}",102.0546875,-3.349,-1.733,0.4828742989921011,0.36697482936451153
"{'ar': '48000', 'sample_fmt': 's32p', 'compression_level': '8', 'reservoir': '1', 'aq': '9'}",102.0546875,-3.349,-1.733,0.48517357202945277,0.3668048834512031
"{'ar': '48000', 'sample_fmt': 's32p', 'compression_level': '8', 'reservoir': '1', 'aq': '9'}",102.0546875,-3.349,-1.733,0.4926312419993337,0.36625366551684063
"{'ar': '48000', 'sample_fmt': 's32p', 'compression_level': '7', 'reservoir': '1', 'aq': '9'}",102.0546875,-3.349,-1.733,0.5093395040021278,0.36501870959828125
"{'ar': '48000', 'sample_fmt': 's32p', 'compression_level': '8', 'reservoir': '1', 'aq': '9'}",102.0546875,-3.349,-1.733,0.4903701249859296,0.3664207912081778
"{'ar': '48000', 'sample_fmt': 's32p', 'compression_level': '8', 'reservoir': '1', 'aq': '9'}",102.0546875,-3.349,-1.733,0.48692405500332825,0.3666755001970643
"{'ar': '48000', 'sample_fmt': 's32p', 'compression_level': '8', 'reservoir': '1', 'aq': '9'}",102.0546875,-3.349,-1.733,0.47842955600935966,0.3673033531602297
"{'ar': '48000', 'sample_fmt': 's32p', 'compression_level': '8', 'reservoir': '1', 'aq': '9'}",102.0546875,-3.349,-1.733,0.48009867800283246,0.3671799835312227
"{'ar': '48000', 'sample_fmt': 's32p', 'compression_level': '8', 'reservoir': '1', 'aq': '9'}",102.0546875,-3.349,-1.733,0.5059057909820694,0.3652725052483642
"{'ar': '44100', 'sample_fmt': 's32p', 'compression_level': '8', 'reservoir': '1', 'aq': '9'}",97.1474609375,-3.314,-1.668,0.4920522269967478,0.4761793707837412
"{'ar': '44100', 'sample_fmt': 's32p', 'compression_level': '8', 'reservoir': '1', 'aq': '9'}",97.1474609375,-3.314,-1.668,0.505649318016367,0.4751743705014221
"{'ar': '48000', 'sample_fmt': 's32p', 'compression_level': '6', 'reservoir': '1', 'aq': '9'}",110.65625,-3.337,-1.711,0.5347065840032883,0.3843178856066634
"{'ar': '48000', 'sample_fmt': 's32p', 'compression_level': '8', 'reservoir': '1', 'aq': '9'}",102.0546875,-3.349,-1.733,0.5189010349859018,0.3643119892178535
"{'ar': '48000', 'sample_fmt': 's32p', 'compression_level': '8', 'reservoir': '1', 'aq': '9'}",102.0546875,-3.349,-1.733,0.4860779869777616,0.36673803552931505
"{'ar': '48000', 'sample_fmt': 's32p', 'compression_level': '9', 'reservoir': '1', 'aq': '9'}",102.0546875,-3.349,-1.733,0.49025363998953253,0.3664294009508129
"{'ar': '48000', 'sample_fmt': 's32p', 'compression_level': '8', 'reservoir': '1', 'aq': '9'}",102.0546875,-3.349,-1.733,0.5169361389707774,0.3644572203593586
"{'ar': '48000', 'sample_fmt': 'fltp', 'compression_level': '8', 'reservoir': '1', 'aq': '9'}",102.0546875,-3.349,-1.733,0.4866741739970166,0.3666939696242033
"{'ar': '48000', 'sample_fmt': 's32p', 'compression_level': '8', 'reservoir': '1', 'aq': '9'}",102.0546875,-3.349,-1.733,0.5301878349855542,0.3634777492197714
"{'ar': '48000', 'sample_fmt': 's32p', 'compression_level': '8', 'reservoir': '1', 'aq': '9'}",102.0546875,-3.349,-1.733,0.49302065299707465,0.3662248830249015
"{'ar': '48000', 'sample_fmt': 's32p', 'compression_level': '8', 'reservoir': '1', 'aq': '9'}",102.0546875,-3.349,-1.733,0.5020749459799845,0.3655556540706425
"{'ar': '48000', 'sample_fmt': 's32p', 'compression_level': '8', 'reservoir': '1', 'aq': '9'}",102.0546875,-3.349,-1.733,0.5209883429924957,0.36415771025238314
"{'ar': '48000', 'sample_fmt': 's32p', 'compression_level': '8', 'reservoir': '1', 'aq': '9'}",102.0546875,-3.349,-1.733,0.4994182790105697,0.3657520160020613
"{'ar': '48000', 'sample_fmt': 's32p', 'compression_level': '8', 'reservoir': '1', 'aq': '9'}",102.0546875,-3.349,-1.733,0.5327782220265362,0.3632862862293607
"{'ar': '48000', 'sample_fmt': 's32p', 'compression_level': '7', 'reservoir': '1', 'aq': '9'}",102.0546875,-3.349,-1.733,0.5081431139842607,0.3651071382411421
"{'ar': '48000', 'sample_fmt': 's32p', 'compression_level': '8', 'reservoir': '1', 'aq': '9'}",102.0546875,-3.349,-1.733,0.48753480197046883,0.36663035812413736
"{'ar': '48000', 'sample_fmt': 's32p', 'compression_level': '8', 'reservoir': '1', 'aq': '9'}",102.0546875,-3.349,-1.733,0.4747950659948401,0.3675719888180633
"{'ar': '48000', 'sample_fmt': 's32p', 'compression_level': '8', 'reservoir': '1', 'aq': '9'}",102.0546875,-3.349,-1.733,0.47698471101466566,0.36741014582827025
"{'ar': '48000', 'sample_fmt': 's32p', 'compression_level': '8', 'reservoir': '1', 'aq': '9'}",102.0546875,-3.349,-1.733,0.47891329499543644,0.3672675986141379
"{'ar': '48000', 'sample_fmt': 's32p', 'compression_level': '8', 'reservoir': '1', 'aq': '9'}",102.0546875,-3.349,-1.733,0.48554572300054133,0.36677737669770194
"{'ar': '48000', 'sample_fmt': 's32p', 'compression_level': '9', 'reservoir': '1', 'aq': '9'}",102.0546875,-3.349,-1.733,0.47338437498547137,0.36767625706636986
"{'ar': '48000', 'sample_fmt': 's32p', 'compression_level': '8', 'reservoir': '1', 'aq': '9'}",102.0546875,-3.349,-1.733,0.48771575203863904,0.3666169835817934
"{'ar': '48000', 'sample_fmt': 's32p', 'compression_level': '9', 'reservoir': '1', 'aq': '9'}",102.0546875,-3.349,-1.733,0.48268496300443076,0.36698882373439456
"{'ar': '48000', 'sample_fmt': 's32p', 'compression_level': '8', 'reservoir': '1', 'aq': '9'}",102.0546875,-3.349,-1.733,0.4874882400035858,0.36663379965363774
"{'ar': '48000', 'sample_fmt': 's32p', 'compression_level': '8', 'reservoir': '1', 'aq': '9'}",102.0546875,-3.349,-1.733,0.47870805001002736,0.36728276886400846
"{'ar': '48000', 'sample_fmt': 's32p', 'compression_level': '9', 'reservoir': '1', 'aq': '9'}",102.0546875,-3.349,-1.733,0.48417633699136786,0.36687859197410466
"{'ar': '48000', 'sample_fmt': 's32p', 'compression_level': '8', 'reservoir': '1', 'aq': '9'}",102.0546875,-3.349,-1.733,0.4771654789801687,0.3673967847456605
"{'ar': '48000', 'sample_fmt': 's32p', 'compression_level': '8', 'reservoir': '1', 'aq': '9'}",102.0546875,-3.349,-1.733,0.484554363967618,0.3668506509080849
"{'ar': '48000', 'sample_fmt': 's32p', 'compression_level': '8', 'reservoir': '1', 'aq': '9'}",102.0546875,-3.349,-1.733,0.48749217798467726,0.3666335085860775
"{'ar': '48000', 'sample_fmt': 's32p', 'compression_level': '8', 'reservoir': '1', 'aq': '9'}",102.0546875,-3.349,-1.733,0.48122771698399447,0.36709653299807704
"{'ar': '48000', 'sample_fmt': 's32p', 'compression_level': '8', 'reservoir': '1', 'aq': '9'}",102.0546875,-3.349,-1.733,0.49331061402335763,0.3662034511676862
"{'ar': '48000', 'sample_fmt': 's32p', 'compression_level': '8', 'reservoir': '1', 'aq': '9'}",102.0546875,-3.349,-1.733,0.4981186030199751,0.36584807880958287
"{'ar': '48000', 'sample_fmt': 's32p', 'compression_level': '8', 'reservoir': '1', 'aq': '9'}",102.0546875,-3.349,-1.733,0.4820640819671098,0.36703471484572814
"{'ar': '48000', 'sample_fmt': 's32p', 'compression_level': '8', 'reservoir': '1', 'aq': '9'}",102.0546875,-3.349,-1.733,0.48272904302575625,0.36698556565266127
"{'ar': '48000', 'sample_fmt': 's32p', 'compression_level': '8', 'reservoir': '1', 'aq': '9'}",102.0546875,-3.349,-1.733,0.48230434098513797,0.36701695660754324
"{'ar': '48000', 'sample_fmt': 's32p', 'compression_level': '8', 'reservoir': '1', 'aq': '9'}",102.0546875,-3.349,-1.733,0.49891302100149915,0.36578936108131593
"{'ar': '48000', 'sample_fmt': 's32p', 'compression_level': '8', 'reservoir': '1', 'aq': '9'}",102.0546875,-3.349,-1.733,0.4781347919779364,0.3673251400214319
"{'ar': '44100', 'sample_fmt': 's32p', 'compression_level': '8', 'reservoir': '1', 'aq': '9'}",97.1474609375,-3.314,-1.668,0.47973474202444777,0.47708979168603277
"{'ar': '48000', 'sample_fmt': 's32p', 'compression_level': '8', 'reservoir': '1', 'aq': '9'}",102.0546875,-3.349,-1.733,0.4904539480339736,0.36641459560451317
"{'ar': '48000', 'sample_fmt': 's32p', 'compression_level': '8', 'reservoir': '1', 'aq': '9'}",102.0546875,-3.349,-1.733,0.48027473798720166,0.367166970429101
"{'ar': '48000', 'sample_fmt': 's32p', 'compression_level': '8', 'reservoir': '1', 'aq': '9'}",102.0546875,-3.349,-1.733,0.49084861000301316,0.3663854249981141
"{'ar': '48000', 'sample_fmt': 's32p', 'compression_level': '8', 'reservoir': '1', 'aq': '9'}",102.0546875,-3.349,-1.733,0.4793395090091508,0.367236095904956
"{'ar': '48000', 'sample_fmt': 's32p', 'compression_level': '9', 'reservoir': '1', 'aq': '9'}",102.0546875,-3.349,-1.733,0.4952034860034473,0.3660635435307042
"{'ar': '48000', 'sample_fmt': 's32p', 'compression_level': '8', 'reservoir': '1', 'aq': '9'}",102.0546875,-3.349,-1.733,0.5285653790051583,0.36359766962892326
"{'ar': '48000', 'sample_fmt': 's32p', 'compression_level': '8', 'reservoir': '1', 'aq': '9'}",102.0546875,-3.349,-1.733,0.4930046980152838,0.3662260623037032
"{'ar': '48000', 'sample_fmt': 's32p', 'compression_level': '7', 'reservoir': '1', 'aq': '9'}",102.0546875,-3.349,-1.733,0.48453362702275626,0.36685218363559335
"{'ar': '48000', 'sample_fmt': 's32p', 'compression_level': '8', 'reservoir': '1', 'aq': '9'}",102.0546875,-3.349,-1.733,0.4827165410097223,0.3669864897127875
"{'ar': '48000', 'sample_fmt': 's32p', 'compression_level': '8', 'reservoir': '1', 'aq': '9'}",102.0546875,-3.349,-1.733,0.4852178040018771,0.36680161413832507
"{'ar': '48000', 'sample_fmt': 's32p', 'compression_level': '8', 'reservoir': '1', 'aq': '9'}",102.0546875,-3.349,-1.733,0.4933858870062977,0.3661978875240365
"{'ar': '48000', 'sample_fmt': 's32p', 'compression_level': '8', 'reservoir': '1', 'aq': '9'}",102.0546875,-3.349,-1.733,0.4838282029668335,0.3669043235656956
"{'ar': '48000', 'sample_fmt': 's32p', 'compression_level': '9', 'reservoir': '1', 'aq': '9'}",102.0546875,-3.349,-1.733,0.48179907898884267,0.3670543019815052
"{'ar': '48000', 'sample_fmt': 's32p', 'compression_level': '8', 'reservoir': '1', 'b:a': '317k', 'abr': 'True'}",434.046875,-3.319,-1.678,0.4890779900015332,-0.07598353929183685
"{'ar': '48000', 'sample_fmt': 's32p', 'compression_level': '8', 'reservoir': '1', 'aq': '9'}",102.0546875,-3.349,-1.733,0.4832775199902244,0.366945026135544
"{'ar': '48000', 'sample_fmt': 's32p', 'compression_level': '8', 'reservoir': '1', 'aq': '9'}",102.0546875,-3.349,-1.733,0.4809913309873082,0.3671140049700645
"{'ar': '48000', 'sample_fmt': 's32p', 'compression_level': '8', 'reservoir': '1', 'aq': '9'}",102.0546875,-3.349,-1.733,0.4820331789960619,0.367036998973604
"{'ar': '44100', 'sample_fmt': 's32p', 'compression_level': '8', 'reservoir': '1', 'aq': '9'}",97.1474609375,-3.314,-1.668,0.4760474990180228,0.47736232646991333
"{'ar': '48000', 'sample_fmt': 's32p', 'compression_level': '8', 'reservoir': '1', 'aq': '9'}",102.0546875,-3.349,-1.733,0.5274321940087248,0.3636814266060364
"{'ar': '48000', 'sample_fmt': 's32p', 'compression_level': '9', 'reservoir': '1', 'aq': '9'}",102.0546875,-3.349,-1.733,0.4882110239705071,0.36658037660235687
"{'ar': '48000', 'sample_fmt': 's32p', 'compression_level': '8', 'reservoir': '1', 'aq': '9'}",102.0546875,-3.349,-1.733,0.48978991800686345,0.3664636759823492
"{'ar': '48000', 'sample_fmt': 's32p', 'compression_level': '8', 'reservoir': '1', 'aq': '9'}",102.0546875,-3.349,-1.733,0.5068339050048962,0.3652039056594066
"{'ar': '48000', 'sample_fmt': 's32p', 'compression_level': '8', 'reservoir': '1', 'aq': '9'}",102.0546875,-3.349,-1.733,0.543823809013702,0.3624698749819502
"{'ar': '48000', 'sample_fmt': 's32p', 'compression_level': '8', 'reservoir': '1', 'aq': '9'}",102.0546875,-3.349,-1.733,0.48439979599788785,0.36686207547330935
"{'ar': '48000', 'sample_fmt': 's32p', 'compression_level': '9', 'reservoir': '1', 'aq': '9'}",102.0546875,-3.349,-1.733,0.5229357549978886,0.36401377140455254
"{'ar': '48000', 'sample_fmt': 's32p', 'compression_level': '8', 'reservoir': '1', 'aq': '9'}",102.0546875,-3.349,-1.733,0.5174539239960723,0.3644189493721415
"{'ar': '44100', 'sample_fmt': 's32p', 'compression_level': '8', 'reservoir': '1', 'aq': '9'}",97.1474609375,-3.314,-1.668,0.48623839698848315,0.47660908775711663
"{'ar': '48000', 'sample_fmt': 's32p', 'compression_level': '8', 'reservoir': '1', 'aq': '9'}",102.0546875,-3.349,-1.733,0.48417154798517004,0.3668789459433892
"{'ar': '44100', 'sample_fmt': 's32p', 'compression_level': '8', 'reservoir': '1', 'aq': '9'}",97.1474609375,-3.314,-1.668,0.4929250159766525,0.47611486042855244
"{'ar': '48000', 'sample_fmt': 's32p', 'compression_level': '8', 'reservoir': '1', 'aq': '9'}",102.0546875,-3.349,-1.733,0.4964198600209784,0.36597363781268993
"{'ar': '48000', 'sample_fmt': 's32p', 'compression_level': '8', 'reservoir': '1', 'aq': '9'}",102.0546875,-3.349,-1.733,0.5007589050219394,0.36565292646019043
"{'ar': '48000', 'sample_fmt': 's32p', 'compression_level': '8', 'reservoir': '1', 'aq': '9'}",102.0546875,-3.349,-1.733,0.502946429012809,0.36549124024177565
"{'ar': '48000', 'sample_fmt': 's32p', 'compression_level': '8', 'reservoir': '1', 'aq': '9'}",102.0546875,-3.349,-1.733,0.49927297901012935,0.3657627555448983
"{'ar': '48000', 'sample_fmt': 's32p', 'compression_level': '8', 'reservoir': '1', 'aq': '9'}",102.0546875,-3.349,-1.733,0.5187830070208292,0.3643207130057614
"{'ar': '48000', 'sample_fmt': 's32p', 'compression_level': '8', 'reservoir': '1', 'aq': '9'}",102.0546875,-3.349,-1.733,0.5266855059890077,0.3637366164749236
"{'ar': '48000', 'sample_fmt': 's32p', 'compression_level': '8', 'reservoir': '1', 'aq': '9'}",102.0546875,-3.349,-1.733,0.49841929698595777,0.3658258536497845
"{'ar': '48000', 'sample_fmt': 's32p', 'compression_level': '8', 'reservoir': '1', 'aq': '9'}",102.0546875,-3.349,-1.733,0.480693852994591,0.3671359924279872
"{'ar': '48000', 'sample_fmt': 's32p', 'compression_level': '8', 'reservoir': '1', 'aq': '9'}",102.0546875,-3.349,-1.733,0.48507020898978226,0.36681252331210423
"{'ar': '48000', 'sample_fmt': 's32p', 'compression_level': '8', 'reservoir': '1', 'aq': '9'}",102.0546875,-3.349,-1.733,0.48629549297038466,0.3667219590329765
"{'ar': '48000', 'sample_fmt': 's32p', 'compression_level': '8', 'reservoir': '1', 'aq': '9'}",102.0546875,-3.349,-1.733,0.496860748011386,0.3659410505074942
"{'ar': '48000', 'sample_fmt': 's32p', 'compression_level': '8', 'reservoir': '1', 'aq': '9'}",102.0546875,-3.349,-1.733,0.4863410949765239,0.36671858845694827
"{'ar': '48000', 'sample_fmt': 's32p', 'compression_level': '8', 'reservoir': '1', 'aq': '9'}",102.0546875,-3.349,-1.733,0.4798505840008147,0.3671983208757113
"{'ar': '48000', 'sample_fmt': 's32p', 'compression_level': '8', 'reservoir': '1', 'aq': '9'}",102.0546875,-3.349,-1.733,0.4824127150059212,0.3670089463705502
"{'ar': '48000', 'sample_fmt': 's32p', 'compression_level': '8', 'reservoir': '1', 'aq': '9'}",102.0546875,-3.349,-1.733,0.48141463298816234,0.36708271749616656
"{'ar': '48000', 'sample_fmt': 's32p', 'compression_level': '8', 'reservoir': '1', 'aq': '9'}",102.0546875,-3.349,-1.733,0.4950364420074038,0.3660758902350795
"{'ar': '44100', 'sample_fmt': 's32p', 'compression_level': '8', 'reservoir': '1', 'aq': '9'}",97.1474609375,-3.314,-1.668,0.4802838980103843,0.47704920198047684
"{'ar': '48000', 'sample_fmt': 's32p', 'compression_level': '9', 'reservoir': '1', 'aq': '9'}",102.0546875,-3.349,-1.733,0.48793511698022485,0.3666007696851661
"{'ar': '48000', 'sample_fmt': 's32p', 'compression_level': '8', 'reservoir': '1', 'aq': '9'}",102.0546875,-3.349,-1.733,0.4944335600011982,0.3661204509860201
"{'ar': '48000', 'sample_fmt': 's32p', 'compression_level': '9', 'reservoir': '1', 'aq': '9'}",102.0546875,-3.349,-1.733,0.49620448099449277,0.36598955709881603
"{'ar': '48000', 'sample_fmt': 's32p', 'compression_level': '9', 'reservoir': '1', 'aq': '9'}",102.0546875,-3.349,-1.733,0.5118606039904989,0.36483236781411493
"{'ar': '48000', 'sample_fmt': 's32p', 'compression_level': '9', 'reservoir': '1', 'aq': '9'}",102.0546875,-3.349,-1.733,0.48809811400133185,0.36658872210440097
"{'ar': '48000', 'sample_fmt': 's32p', 'compression_level': '8', 'reservoir': '1', 'aq': '9'}",102.0546875,-3.349,-1.733,0.4895293640147429,0.366482934280706
"{'ar': '48000', 'sample_fmt': 's32p', 'compression_level': '8', 'reservoir': '1', 'aq': '9'}",102.0546875,-3.349,-1.733,0.4884238179947715,0.3665646483812136
"{'ar': '48000', 'sample_fmt': 's32p', 'compression_level': '8', 'reservoir': '1', 'aq': '9'}",102.0546875,-3.349,-1.733,0.4781511729815975,0.3673239292541229
"{'ar': '48000', 'sample_fmt': 's32p', 'compression_level': '8', 'reservoir': '1', 'aq': '9'}",102.0546875,-3.349,-1.733,0.48794730799272656,0.3665998686122095
"{'ar': '48000', 'sample_fmt': 's32p', 'compression_level': '8', 'reservoir': '1', 'aq': '9'}",102.0546875,-3.349,-1.733,0.48329576800460927,0.3669436773720781
"{'ar': '48000', 'sample_fmt': 's32p', 'compression_level': '8', 'reservoir': '1', 'aq': '9'}",102.0546875,-3.349,-1.733,0.48832034997758456,0.3665722960013063
"{'ar': '48000', 'sample_fmt': 's32p', 'compression_level': '8', 'reservoir': '1', 'aq': '9'}",102.0546875,-3.349,-1.733,0.4868786159786396,0.3666788587266626
"{'ar': '48000', 'sample_fmt': 's32p', 'compression_level': '8', 'reservoir': '1', 'aq': '9'}",102.0546875,-3.349,-1.733,0.48327117500593886,0.3669454951116646
"{'ar': '48000', 'sample_fmt': 's32p', 'compression_level': '8', 'reservoir': '1', 'aq': '9'}",102.0546875,-3.349,-1.733,0.4986736029968597,0.3658070571577714
"{'ar': '48000', 'sample_fmt': 's32p', 'compression_level': '8', 'reservoir': '1', 'aq': '9'}",102.0546875,-3.349,-1.733,0.49176005501067266,0.366318057464228
"{'ar': '48000', 'sample_fmt': 's32p', 'compression_level': '8', 'reservoir': '1', 'aq': '9'}",102.0546875,-3.349,-1.733,0.4900414809817448,0.3664450822360536
"{'ar': '48000', 'sample_fmt': 's32p', 'compression_level': '8', 'reservoir': '1', 'aq': '9'}",102.0546875,-3.349,-1.733,0.49296579699148424,0.3662289375907661
"{'ar': '48000', 'sample_fmt': 's32p', 'compression_level': '8', 'reservoir': '1', 'aq': '9'}",102.0546875,-3.349,-1.733,0.5248106299841311,0.36387519397738316
"{'ar': '48000', 'sample_fmt': 's32p', 'compression_level': '8', 'reservoir': '1', 'aq': '9'}",102.0546875,-3.349,-1.733,0.5320185229938943,0.3633424377798049
"{'ar': '48000', 'sample_fmt': 's32p', 'compression_level': '8', 'reservoir': '1', 'aq': '9'}",102.0546875,-3.349,-1.733,0.4830791609711014,0.36695968742375124
"{'ar': '48000', 'sample_fmt': 's32p', 'compression_level': '9', 'reservoir': '1', 'aq': '9'}",102.0546875,-3.349,-1.733,0.496280484017916,0.36598393949576496
"{'ar': '48000', 'sample_fmt': 's32p', 'compression_level': '8', 'reservoir': '1', 'aq': '9'}",102.0546875,-3.349,-1.733,0.49115746398456395,0.366362596707989
"{'ar': '48000', 'sample_fmt': 's32p', 'compression_level': '8', 'reservoir': '1', 'aq': '9'}",102.0546875,-3.349,-1.733,0.5398283260001335,0.3627651926753335
"{'ar': '48000', 'sample_fmt': 's32p', 'compression_level': '8', 'reservoir': '1', 'aq': '9'}",102.0546875,-3.349,-1.733,0.4936140470090322,0.36618102355902876
"{'ar': '48000', 'sample_fmt': 'fltp', 'compression_level': '6', 'reservoir': '1', 'aq': '9'}",110.65625,-3.337,-1.711,0.5077539399790112,0.3863100333987581
"{'ar': '48000', 'sample_fmt': 's32p', 'compression_level': '8', 'reservoir': '1', 'aq': '9'}",102.0546875,-3.349,-1.733,0.4884036770090461,0.3665661370596604
"{'ar': '44100', 'sample_fmt': 's32p', 'compression_level': '8', 'reservoir': '1', 'aq': '9'}",97.1474609375,-3.314,-1.668,0.4780416440044064,0.47721493345243565
"{'ar': '48000', 'sample_fmt': 's32p', 'compression_level': '8', 'reservoir': '1', 'aq': '9'}",102.0546875,-3.349,-1.733,0.48856491601327434,0.3665542194190021
"{'ar': '48000', 'sample_fmt': 's32p', 'compression_level': '8', 'reservoir': '1', 'b:a': '317k', 'abr': 'True'}",434.046875,-3.319,-1.678,0.4968947930028662,-0.07656130178617017
"{'ar': '48000', 'sample_fmt': 's32p', 'compression_level': '8', 'reservoir': '1', 'aq': '9'}",102.0546875,-3.349,-1.733,0.496917496988317,0.36593685602664866
"{'ar': '48000', 'sample_fmt': 's32p', 'compression_level': '8', 'reservoir': '1', 'aq': '9'}",102.0546875,-3.349,-1.733,0.49383780601783656,0.36616448488419784
"{'ar': '48000', 'sample_fmt': 's32p', 'compression_level': '8', 'reservoir': '1', 'aq': '9'}",102.0546875,-3.349,-1.733,0.49151146598160267,0.3663364313975963
"{'ar': '48000', 'sample_fmt': 's32p', 'compression_level': '8', 'reservoir': '1', 'aq': '9'}",102.0546875,-3.349,-1.733,0.49444098700769246,0.36611990203451183
"{'ar': '48000', 'sample_fmt': 's32p', 'compression_level': '8', 'reservoir': '1', 'aq': '9'}",102.0546875,-3.349,-1.733,0.5050685019814409,0.3653343916975172
"{'ar': '48000', 'sample_fmt': 's32p', 'compression_level': '8', 'reservoir': '1', 'aq': '9'}",102.0546875,-3.349,-1.733,0.4939056860166602,0.3661594676773642
"{'ar': '48000', 'sample_fmt': 's32p', 'compression_level': '8', 'reservoir': '1', 'aq': '9'}",102.0546875,-3.349,-1.733,0.6641111999633722,0.3535790863794899
"{'ar': '48000', 'sample_fmt': 's32p', 'compression_level': '8', 'reservoir': '1', 'aq': '9'}",102.0546875,-3.349,-1.733,0.4954318759846501,0.36604666256732343
"{'ar': '48000', 'sample_fmt': 's32p', 'compression_level': '8', 'reservoir': '1', 'aq': '9'}",102.0546875,-3.349,-1.733,0.4931010879809037,0.3662189378428519
"{'ar': '48000', 'sample_fmt': 's32p', 'compression_level': '8', 'reservoir': '1', 'aq': '9'}",102.0546875,-3.349,-1.733,0.530335688003106,0.3634668209760635
"{'ar': '48000', 'sample_fmt': 's32p', 'compression_level': '8', 'reservoir': '1', 'aq': '9'}",102.0546875,-3.349,-1.733,0.49259358702693135,0.3662564487046446
"{'ar': '48000', 'sample_fmt': 's32p', 'compression_level': '7', 'reservoir': '1', 'aq': '9'}",102.0546875,-3.349,-1.733,0.49413403001381084,0.36614259011279754
"{'ar': '48000', 'sample_fmt': 's32p', 'compression_level': '8', 'reservoir': '1', 'aq': '9'}",102.0546875,-3.349,-1.733,0.5164592119981535,0.3644924714098547
"{'ar': '48000', 'sample_fmt': 's32p', 'compression_level': '8', 'reservoir': '1', 'aq': '9'}",102.0546875,-3.349,-1.733,0.5019379139994271,0.36556578250024174
"{'ar': '44100', 'sample_fmt': 's32p', 'compression_level': '8', 'reservoir': '1', 'aq': '9'}",97.1474609375,-3.314,-1.668,0.5146873659978155,0.4745063422621566
"{'ar': '48000', 'sample_fmt': 's32p', 'compression_level': '9', 'reservoir': '1', 'aq': '9'}",102.0546875,-3.349,-1.733,0.5284204129711725,0.3636083844873347
"{'ar': '48000', 'sample_fmt': 's32p', 'compression_level': '7', 'reservoir': '1', 'aq': '9'}",102.0546875,-3.349,-1.733,0.4970546389813535,0.3659267194657092
"{'ar': '48000', 'sample_fmt': 's32p', 'compression_level': '8', 'reservoir': '1', 'aq': '9'}",102.0546875,-3.349,-1.733,0.5325661650276743,0.363301959974827
"{'ar': '48000', 'sample_fmt': 's32p', 'compression_level': '7', 'reservoir': '1', 'aq': '9'}",102.0546875,-3.349,-1.733,0.5216490250022616,0.3641088773361822
"{'ar': '48000', 'sample_fmt': 's32p', 'compression_level': '8', 'reservoir': '1', 'aq': '9'}",102.0546875,-3.349,-1.733,0.48267554002813995,0.3669895202137973
"{'ar': '48000', 'sample_fmt': 's32p', 'compression_level': '8', 'reservoir': '1', 'aq': '9'}",102.0546875,-3.349,-1.733,0.4900292650272604,0.36644598515254423
"{'ar': '48000', 'sample_fmt': 's32p', 'compression_level': '8', 'reservoir': '1', 'aq': '9'}",102.0546875,-3.349,-1.733,0.4968678610166535,0.3659405247647238
"{'ar': '48000', 'sample_fmt': 's32p', 'compression_level': '8', 'reservoir': '1', 'aq': '9'}",102.0546875,-3.349,-1.733,0.5033635970030446,0.36546040615032505
"{'ar': '48000', 'sample_fmt': 's32p', 'compression_level': '8', 'reservoir': '1', 'aq': '9'}",102.0546875,-3.349,-1.733,0.48672807597904466,0.36668998557297666
"{'ar': '48000', 'sample_fmt': 's32p', 'compression_level': '8', 'reservoir': '1', 'aq': '9'}",102.0546875,-3.349,-1.733,0.4858068840112537,0.36675807353284723
"{'ar': '44100', 'sample_fmt': 's32p', 'compression_level': '8', 'reservoir': '1', 'aq': '9'}",97.1474609375,-3.314,-1.668,0.48654156798147596,0.47658667951309525
"{'ar': '48000', 'sample_fmt': 's32p', 'compression_level': '8', 'reservoir': '1', 'aq': '9'}",102.0546875,-3.349,-1.733,0.48956931498833,0.3664799813888208
"{'ar': '48000', 'sample_fmt': 's32p', 'compression_level': '8', 'reservoir': '1', 'aq': '9'}",102.0546875,-3.349,-1.733,0.49749807998887263,0.3658939434596425
"{'ar': '48000', 'sample_fmt': 's32p', 'compression_level': '8', 'reservoir': '1', 'aq': '9'}",102.0546875,-3.349,-1.733,0.4939363329904154,0.36615720247098793
"{'ar': '48000', 'sample_fmt': 's32p', 'compression_level': '9', 'reservoir': '1', 'aq': '9'}",102.0546875,-3.349,-1.733,0.494832636002684,0.36609095412572984
"{'ar': '48000', 'sample_fmt': 's32p', 'compression_level': '8', 'reservoir': '1', 'aq': '9'}",102.0546875,-3.349,-1.733,0.49075284198625013,0.36639250348892843
"{'ar': '48000', 'sample_fmt': 's32p', 'compression_level': '7', 'reservoir': '1', 'aq': '9'}",102.0546875,-3.349,-1.733,0.4854273560049478,0.3667861255443352
"{'ar': '48000', 'sample_fmt': 's32p', 'compression_level': '8', 'reservoir': '1', 'aq': '9'}",102.0546875,-3.349,-1.733,0.49521593999816105,0.3660626230199725
"{'ar': '48000', 'sample_fmt': 's32p', 'compression_level': '7', 'reservoir': '1', 'aq': '9'}",102.0546875,-3.349,-1.733,0.5006360689876601,0.36566200562638496
"{'ar': '48000', 'sample_fmt': 's32p', 'compression_level': '8', 'reservoir': '1', 'aq': '9'}",102.0546875,-3.349,-1.733,0.49435057598748244,0.36612658457423336
"{'ar': '48000', 'sample_fmt': 's32p', 'compression_level': '8', 'reservoir': '1', 'aq': '9'}",102.0546875,-3.349,-1.733,0.49238785600755364,0.36627165487869007
"{'ar': '48000', 'sample_fmt': 's32p', 'compression_level': '8', 'reservoir': '1', 'aq': '9'}",102.0546875,-3.349,-1.733,0.4881031879922375,0.3665883470710732
"{'ar': '48000', 'sample_fmt': 's32p', 'compression_level': '8', 'reservoir': '1', 'aq': '9'}",102.0546875,-3.349,-1.733,0.4908876510162372,0.3663825393640284
"{'ar': '48000', 'sample_fmt': 's32p', 'compression_level': '8', 'reservoir': '1', 'aq': '9'}",102.0546875,-3.349,-1.733,0.5103678460000083,0.3649427018701062
"{'ar': '48000', 'sample_fmt': 's32p', 'compression_level': '8', 'reservoir': '1', 'aq': '9'}",102.0546875,-3.349,-1.733,0.520553612994263,0.3641898424025854
"{'ar': '48000', 'sample_fmt': 's32p', 'compression_level': '8', 'reservoir': '1', 'aq': '9'}",102.0546875,-3.349,-1.733,0.4894724129990209,0.3664871436948223
"{'ar': '48000', 'sample_fmt': 's32p', 'compression_level': '8', 'reservoir': '1', 'aq': '9'}",102.0546875,-3.349,-1.733,0.4924189340090379,0.36626935781380904
"{'ar': '48000', 'sample_fmt': 's32p', 'compression_level': '8', 'reservoir': '1', 'aq': '9'}",102.0546875,-3.349,-1.733,0.5433825130166952,0.3625024924440925
"{'ar': '48000', 'sample_fmt': 's32p', 'compression_level': '8', 'reservoir': '1', 'aq': '9'}",102.0546875,-3.349,-1.733,0.5154265440069139,0.3645687988846977
"{'ar': '48000', 'sample_fmt': 's32p', 'compression_level': '8', 'reservoir': '1', 'aq': '9'}",102.0546875,-3.349,-1.733,0.4892046779859811,0.36650693276318286
"{'ar': '48000', 'sample_fmt': 's32p', 'compression_level': '8', 'reservoir': '1', 'aq': '9'}",102.0546875,-3.349,-1.733,0.5190868220233824,0.36429825716113273
"{'ar': '48000', 'sample_fmt': 's32p', 'compression_level': '8', 'reservoir': '1', 'aq': '9'}",102.0546875,-3.349,-1.733,0.5298418370075524,0.3635033229299916
"{'ar': '48000', 'sample_fmt': 's32p', 'compression_level': '8', 'reservoir': '1', 'aq': '9'}",102.0546875,-3.349,-1.733,0.5007988440047484,0.3656499744545783
"{'ar': '48000', 'sample_fmt': 's32p', 'compression_level': '8', 'reservoir': '1', 'aq': '9'}",102.0546875,-3.349,-1.733,0.4892529809731059,0.3665033625498463
"{'ar': '48000', 'sample_fmt': 's32p', 'compression_level': '8', 'reservoir': '1', 'aq': '9'}",102.0546875,-3.349,-1.733,0.49127406999468803,0.36635397802087966
"{'ar': '48000', 'sample_fmt': 's32p', 'compression_level': '8', 'reservoir': '1', 'aq': '9'}",102.0546875,-3.349,-1.733,0.4892549510113895,0.36650321693862487
"{'ar': '48000', 'sample_fmt': 's32p', 'compression_level': '8', 'reservoir': '1', 'aq': '9'}",102.0546875,-3.349,-1.733,0.4987770589941647,0.36579941042610287
"{'ar': '48000', 'sample_fmt': 's32p', 'compression_level': '8', 'reservoir': '1', 'aq': '9'}",102.0546875,-3.349,-1.733,0.4920154930150602,0.3662991773033058
"{'ar': '48000', 'sample_fmt': 's32p', 'compression_level': '8', 'reservoir': '1', 'aq': '9'}",102.0546875,-3.349,-1.733,0.48952784200082533,0.3664830467771521
"{'ar': '48000', 'sample_fmt': 's32p', 'compression_level': '8', 'reservoir': '1', 'aq': '9'}",102.0546875,-3.349,-1.733,0.49324679499841295,0.3662081682162074
"{'ar': '48000', 'sample_fmt': 's32p', 'compression_level': '8', 'reservoir': '1', 'aq': '9'}",102.0546875,-3.349,-1.733,0.4896403060120065,0.3664747342371518
"{'ar': '44100', 'sample_fmt': 's32p', 'compression_level': '8', 'reservoir': '1', 'aq': '9'}",97.1474609375,-3.314,-1.668,0.48904980599763803,0.47640128839445606
"{'ar': '48000', 'sample_fmt': 's32p', 'compression_level': '7', 'reservoir': '1', 'aq': '9'}",102.0546875,-3.349,-1.733,0.4939997979963664,0.3661525115890334
"{'ar': '48000', 'sample_fmt': 's32p', 'compression_level': '8', 'reservoir': '1', 'aq': '9'}",102.0546875,-3.349,-1.733,0.49670864996733144,0.3659522925133758
"{'ar': '48000', 'sample_fmt': 's32p', 'compression_level': '8', 'reservoir': '1', 'aq': '9'}",102.0546875,-3.349,-1.733,0.4866951239819173,0.3666924211502901
"{'ar': '48000', 'sample_fmt': 's32p', 'compression_level': '8', 'reservoir': '1', 'aq': '9'}",102.0546875,-3.349,-1.733,0.4854805049835704,0.36678219714976584
"{'ar': '48000', 'sample_fmt': 's32p', 'compression_level': '8', 'reservoir': '1', 'aq': '9'}",102.0546875,-3.349,-1.733,0.49355820403434336,0.36618515107463095
"{'ar': '48000', 'sample_fmt': 's32p', 'compression_level': '8', 'reservoir': '1', 'aq': '9'}",102.0546875,-3.349,-1.733,0.5338596770016011,0.3632063527675866
"{'ar': '48000', 'sample_fmt': 's32p', 'compression_level': '8', 'reservoir': '1', 'aq': '9'}",102.0546875,-3.349,-1.733,0.5475415640103165,0.3621950849687187
"{'ar': '48000', 'sample_fmt': 's32p', 'compression_level': '8', 'reservoir': '1', 'aq': '9'}",102.0546875,-3.349,-1.733,0.4957868900091853,0.3660204224550545
"{'ar': '48000', 'sample_fmt': 's32p', 'compression_level': '7', 'reservoir': '1', 'aq': '9'}",102.0546875,-3.349,-1.733,0.5288738389790524,0.3635748704610424
"{'ar': '48000', 'sample_fmt': 's32p', 'compression_level': '8', 'reservoir': '1', 'aq': '9'}",102.0546875,-3.349,-1.733,0.5297178780019749,0.36351248509823936
"{'ar': '48000', 'sample_fmt': 's32p', 'compression_level': '8', 'reservoir': '1', 'aq': '9'}",102.0546875,-3.349,-1.733,0.5190106379741337,0.36430388814432557
"{'ar': '48000', 'sample_fmt': 's32p', 'compression_level': '8', 'reservoir': '1', 'aq': '9'}",102.0546875,-3.349,-1.733,0.49593746301252395,0.36600929316933845
"{'ar': '48000', 'sample_fmt': 's32p', 'compression_level': '8', 'reservoir': '1', 'aq': '9'}",102.0546875,-3.349,-1.733,0.4967539550270885,0.3659489438855126
"{'ar': '48000', 'sample_fmt': 's32p', 'compression_level': '8', 'reservoir': '1', 'aq': '9'}",102.0546875,-3.349,-1.733,0.4930143060046248,0.36622535214945134
"{'ar': '48000', 'sample_fmt': 's32p', 'compression_level': '7', 'reservoir': '1', 'aq': '9'}",102.0546875,-3.349,-1.733,0.49706416999106295,0.36592601500124433
"{'ar': '48000', 'sample_fmt': 's32p', 'compression_level': '8', 'reservoir': '1', 'aq': '9'}",102.0546875,-3.349,-1.733,0.4960753979976289,0.36599909799606406
"{'ar': '48000', 'sample_fmt': 's32p', 'compression_level': '8', 'reservoir': '1', 'aq': '9'}",102.0546875,-3.349,-1.733,0.5037673680053558,0.3654305622689588
"{'ar': '44100', 'sample_fmt': 's32p', 'compression_level': '8', 'reservoir': '1', 'aq': '9'}",97.1474609375,-3.314,-1.668,0.5355282800155692,0.47296593009300886
"{'ar': '48000', 'sample_fmt': 's32p', 'compression_level': '8', 'reservoir': '1', 'aq': '9'}",102.0546875,-3.349,-1.733,0.5379944590094965,0.36290073908306636
"{'ar': '48000', 'sample_fmt': 's32p', 'compression_level': '7', 'reservoir': '1', 'aq': '9'}",102.0546875,-3.349,-1.733,0.4894675010291394,0.3664875067527081
"{'ar': '48000', 'sample_fmt': 's32p', 'compression_level': '9', 'reservoir': '1', 'aq': '9'}",102.0546875,-3.349,-1.733,0.49826586997369304,0.3658371938835462
"{'ar': '48000', 'sample_fmt': 's32p', 'compression_level': '8', 'reservoir': '1', 'aq': '9'}",102.0546875,-3.349,-1.733,0.4950497550307773,0.36607490623105765
"{'ar': '48000', 'sample_fmt': 's32p', 'compression_level': '8', 'reservoir': '1', 'aq': '9'}",102.0546875,-3.349,-1.733,0.49651898801676,0.3659663109761186
"{'ar': '48000', 'sample_fmt': 's32p', 'compression_level': '8', 'reservoir': '1', 'aq': '9'}",102.0546875,-3.349,-1.733,0.6343167860177346,0.3557812775969858
"{'ar': '48000', 'sample_fmt': 's32p', 'compression_level': '8', 'reservoir': '1', 'aq': '9'}",102.0546875,-3.349,-1.733,0.6299202480004169,0.3561062384244345
"{'ar': '48000', 'sample_fmt': 's32p', 'compression_level': '8', 'reservoir': '1', 'aq': '9'}",102.0546875,-3.349,-1.733,0.6384012139751576,0.35547938572582016
"{'ar': '48000', 'sample_fmt': 's32p', 'compression_level': '8', 'reservoir': '1', 'aq': '9'}",102.0546875,-3.349,-1.733,0.5169628539879341,0.36445524577525484
"{'ar': '48000', 'sample_fmt': 's32p', 'compression_level': '8', 'reservoir': '1', 'aq': '9'}",102.0546875,-3.349,-1.733,0.49556721400585957,0.36603665934315377
"{'ar': '48000', 'sample_fmt': 's32p', 'compression_level': '9', 'reservoir': '1', 'aq': '9'}",102.0546875,-3.349,-1.733,0.5829036499781068,0.3595813710258068
"{'ar': '48000', 'sample_fmt': 's32p', 'compression_level': '8', 'reservoir': '1', 'aq': '9'}",102.0546875,-3.349,-1.733,0.5108643699786626,0.36490600234827425
"{'ar': '48000', 'sample_fmt': 's32p', 'compression_level': '9', 'reservoir': '1', 'aq': '9'}",102.0546875,-3.349,-1.733,0.503271895024227,0.36546718410852713
"{'ar': '48000', 'sample_fmt': 's32p', 'compression_level': '8', 'reservoir': '1', 'aq': '9'}",102.0546875,-3.349,-1.733,0.5047545040142722,0.3653576001944815
"{'ar': '48000', 'sample_fmt': 's32p', 'compression_level': '8', 'reservoir': '1', 'aq': '9'}",102.0546875,-3.349,-1.733,0.5137631279940251,0.3646917467681939
"{'ar': '48000', 'sample_fmt': 's32p', 'compression_level': '8', 'reservoir': '1', 'aq': '9'}",102.0546875,-3.349,-1.733,0.49570464401040226,0.3660265014944518
"{'ar': '48000', 'sample_fmt': 's32p', 'compression_level': '8', 'reservoir': '1', 'aq': '9'}",102.0546875,-3.349,-1.733,0.49809688396635465,0.3658496841275872
"{'ar': '48000', 'sample_fmt': 's32p', 'compression_level': '8', 'reservoir': '1', 'aq': '9'}",102.0546875,-3.349,-1.733,0.5346406490134541,0.3631486288697865
"{'ar': '48000', 'sample_fmt': 's32p', 'compression_level': '8', 'reservoir': '1', 'aq': '9'}",102.0546875,-3.349,-1.733,0.4985686559812166,0.3658148140949131
"{'ar': '48000', 'sample_fmt': 's32p', 'compression_level': '8', 'reservoir': '1', 'aq': '9'}",102.0546875,-3.349,-1.733,0.49567173601826653,0.36602893381922913
"{'ar': '48000', 'sample_fmt': 's32p', 'compression_level': '8', 'reservoir': '1', 'aq': '9'}",102.0546875,-3.349,-1.733,0.48895473999436945,0.36652540640227005
"{'ar': '48000', 'sample_fmt': 's32p', 'compression_level': '8', 'reservoir': '1', 'aq': '9'}",102.0546875,-3.349,-1.733,0.49302073201397434,0.36622487718453417
"{'ar': '48000', 'sample_fmt': 's32p', 'compression_level': '8', 'reservoir': '1', 'aq': '9'}",102.0546875,-3.349,-1.733,0.49301121997996233,0.3662255802464504
"{'ar': '48000', 'sample_fmt': 's32p', 'compression_level': '8', 'reservoir': '1', 'aq': '9'}",102.0546875,-3.349,-1.733,0.5051300060003996,0.365329845757777
"{'ar': '48000', 'sample_fmt': 's32p', 'compression_level': '8', 'reservoir': '1', 'aq': '9'}",102.0546875,-3.349,-1.733,0.5733223790302873,0.3602895504440103
"{'ar': '48000', 'sample_fmt': 's32p', 'compression_level': '8', 'reservoir': '1', 'aq': '9'}",102.0546875,-3.349,-1.733,0.49442586197983474,0.3661210199690204
"{'ar': '48000', 'sample_fmt': 's32p', 'compression_level': '8', 'reservoir': '1', 'aq': '9'}",102.0546875,-3.349,-1.733,0.519650165020721,0.3642566188525746
"{'ar': '48000', 'sample_fmt': 's32p', 'compression_level': '8', 'reservoir': '1', 'aq': '9'}",102.0546875,-3.349,-1.733,0.524208090006141,0.36391972944803014
"{'ar': '48000', 'sample_fmt': 's32p', 'compression_level': '8', 'reservoir': '1', 'aq': '9'}",102.0546875,-3.349,-1.733,0.5149758920015302,0.36460210787645075
"{'ar': '48000', 'sample_fmt': 's32p', 'compression_level': '9', 'reservoir': '1', 'aq': '9'}",102.0546875,-3.349,-1.733,0.4942375579557847,0.3661349380634907
"{'ar': '44100', 'sample_fmt': 's32p', 'compression_level': '9', 'reservoir': '1', 'aq': '9'}",97.1474609375,-3.314,-1.668,0.48942891901242547,0.4763732670561902
"{'ar': '48000', 'sample_fmt': 's32p', 'compression_level': '8', 'reservoir': '1', 'aq': '9'}",102.0546875,-3.349,-1.733,0.4971940430114046,0.36591641571107847
"{'ar': '48000', 'sample_fmt': 's32p', 'compression_level': '8', 'reservoir': '1', 'aq': '9'}",102.0546875,-3.349,-1.733,0.5006313209887594,0.36566235656470175
"{'ar': '48000', 'sample_fmt': 's32p', 'compression_level': '8', 'reservoir': '1', 'aq': '9'}",102.0546875,-3.349,-1.733,0.4925849520077463,0.36625708694386105
"{'ar': '48000', 'sample_fmt': 's32p', 'compression_level': '8', 'reservoir': '1', 'aq': '9'}",102.0546875,-3.349,-1.733,0.49588785198284313,0.36601296006387957
"{'ar': '48000', 'sample_fmt': 's32p', 'compression_level': '8', 'reservoir': '1', 'aq': '9'}",102.0546875,-3.349,-1.733,0.4982738260005135,0.3658366058306171
"{'ar': '32000', 'sample_fmt': 's32p', 'compression_level': '8', 'reservoir': '1', 'aq': '9'}",81.7109375,-3.518,-2.09,0.46886048300075345,-0.10590571344135083
"{'ar': '48000', 'sample_fmt': 's32p', 'compression_level': '7', 'reservoir': '1', 'aq': '9'}",102.0546875,-3.349,-1.733,0.495967168972129,0.36600709751603683
"{'ar': '48000', 'sample_fmt': 's32p', 'compression_level': '8', 'reservoir': '1', 'aq': '9'}",102.0546875,-3.349,-1.733,0.4952885530074127,0.36605725598266337
"{'ar': '48000', 'sample_fmt': 's32p', 'compression_level': '8', 'reservoir': '1', 'aq': '9'}",102.0546875,-3.349,-1.733,0.4905626800027676,0.36640655891054846
"{'ar': '48000', 'sample_fmt': 's32p', 'compression_level': '7', 'reservoir': '1', 'aq': '9'}",102.0546875,-3.349,-1.733,0.5014999639824964,0.3655981526513294
"{'ar': '48000', 'sample_fmt': 's32p', 'compression_level': '8', 'reservoir': '1', 'aq': '9'}",102.0546875,-3.349,-1.733,0.5002498799876776,0.3656905499711607
"{'ar': '48000', 'sample_fmt': 's32p', 'compression_level': '8', 'reservoir': '1', 'aq': '9'}",102.0546875,-3.349,-1.733,0.5143342130177189,0.3646495362240994
"{'ar': '48000', 'sample_fmt': 's32p', 'compression_level': '8', 'reservoir': '1', 'aq': '9'}",102.0546875,-3.349,-1.733,0.49608162202639505,0.36599863796011534
"{'ar': '44100', 'sample_fmt': 's32p', 'compression_level': '8', 'reservoir': '1', 'aq': '9'}",97.1474609375,-3.314,-1.668,0.4928012060117908,0.4761240115807703
"{'ar': '48000', 'sample_fmt': 's32p', 'compression_level': '8', 'reservoir': '1', 'aq': '9'}",102.0546875,-3.349,-1.733,0.4948791660135612,0.3660875149581902
"{'ar': '48000', 'sample_fmt': 's32p', 'compression_level': '8', 'reservoir': '1', 'aq': '9'}",102.0546875,-3.349,-1.733,0.5039299509953707,0.36541854529042794
"{'ar': '48000', 'sample_fmt': 's32p', 'compression_level': '9', 'reservoir': '1', 'aq': '9'}",102.0546875,-3.349,-1.733,0.4922392950102221,0.366282635451229
"{'ar': '48000', 'sample_fmt': 's32p', 'compression_level': '8', 'reservoir': '1', 'aq': '9'}",102.0546875,-3.349,-1.733,0.5172550040006172,0.36443365212373025
"{'ar': '48000', 'sample_fmt': 's32p', 'compression_level': '8', 'reservoir': '1', 'aq': '9'}",102.0546875,-3.349,-1.733,0.49851718297577463,0.36581861861346243
"{'ar': '48000', 'sample_fmt': 's32p', 'compression_level': '8', 'reservoir': '1', 'aq': '9'}",102.0546875,-3.349,-1.733,0.5022338000126183,0.3655439127101255
"{'ar': '48000', 'sample_fmt': 's32p', 'compression_level': '8', 'reservoir': '1', 'aq': '9'}",102.0546875,-3.349,-1.733,0.5081820569757838,0.3651042598521235
"{'ar': '48000', 'sample_fmt': 's32p', 'compression_level': '8', 'reservoir': '1', 'aq': '9'}",102.0546875,-3.349,-1.733,0.5089050449896604,0.36505082171914266
"{'ar': '48000', 'sample_fmt': 's32p', 'compression_level': '8', 'reservoir': '1', 'aq': '9'}",102.0546875,-3.349,-1.733,0.5013057899777777,0.3656125046130306
"{'ar': '48000', 'sample_fmt': 's32p', 'compression_level': '8', 'reservoir': '1', 'aq': '9'}",102.0546875,-3.349,-1.733,0.5019066250242759,0.36556809515879607
"{'ar': '48000', 'sample_fmt': 's32p', 'compression_level': '8', 'reservoir': '1', 'aq': '9'}",102.0546875,-3.349,-1.733,0.5180754619650543,0.3643730097050908
"{'ar': '48000', 'sample_fmt': 's32p', 'compression_level': '7', 'reservoir': '1', 'aq': '9'}",102.0546875,-3.349,-1.733,0.5388304259977303,0.36283895034766905
"{'ar': '48000', 'sample_fmt': 's32p', 'compression_level': '9', 'reservoir': '1', 'aq': '9'}",102.0546875,-3.349,-1.733,0.5104421559954062,0.36493720940364804
"{'ar': '48000', 'sample_fmt': 's32p', 'compression_level': '8', 'reservoir': '1', 'aq': '9'}",102.0546875,-3.349,-1.733,0.4963953900150955,0.3659754464615241
"{'ar': '44100', 'sample_fmt': 's32p', 'compression_level': '8', 'reservoir': '1', 'aq': '9'}",97.1474609375,-3.314,-1.668,0.49574114099959843,0.4759067124916869
"{'ar': '48000', 'sample_fmt': 's32p', 'compression_level': '8', 'reservoir': '1', 'aq': '9'}",102.0546875,-3.349,-1.733,0.49994320500991307,0.36571321720482036
"{'ar': '48000', 'sample_fmt': 's32p', 'compression_level': '8', 'reservoir': '1', 'aq': '9'}",102.0546875,-3.349,-1.733,0.5124773230054416,0.3647867843298804
"{'ar': '48000', 'sample_fmt': 's32p', 'compression_level': '8', 'reservoir': '1', 'aq': '9'}",102.0546875,-3.349,-1.733,0.5170193439989816,0.364451070435326
"{'ar': '48000', 'sample_fmt': 's32p', 'compression_level': '8', 'reservoir': '1', 'aq': '9'}",102.0546875,-3.349,-1.733,0.5290515490050893,0.3635617353995737
"{'ar': '48000', 'sample_fmt': 's32p', 'compression_level': '8', 'reservoir': '1', 'aq': '9'}",102.0546875,-3.349,-1.733,0.5013917839969508,0.3656061485466174
"{'ar': '48000', 'sample_fmt': 's32p', 'compression_level': '8', 'reservoir': '1', 'aq': '9'}",102.0546875,-3.349,-1.733,0.5089666449930519,0.36504626868491574
"{'ar': '48000', 'sample_fmt': 's32p', 'compression_level': '9', 'reservoir': '1', 'aq': '9'}",102.0546875,-3.349,-1.733,0.498911164002493,0.36578949833747776
"{'ar': '48000', 'sample_fmt': 's32p', 'compression_level': '9', 'reservoir': '1', 'aq': '9'}",102.0546875,-3.349,-1.733,0.49510886598727666,0.3660705371694779
"{'ar': '44100', 'sample_fmt': 's32p', 'compression_level': '8', 'reservoir': '1', 'aq': '9'}",97.1474609375,-3.314,-1.668,0.49623430499923415,0.47587026131561194
"{'ar': '48000', 'sample_fmt': 's32p', 'compression_level': '8', 'reservoir': '1', 'b:a': '318k', 'abr': 'True'}",435.359375,-3.316,-1.673,0.5479105160338804,-0.0738592255147434
"{'ar': '48000', 'sample_fmt': 's32p', 'compression_level': '8', 'reservoir': '1', 'aq': '9'}",102.0546875,-3.349,-1.733,0.49328202300239354,0.36620556441265156
"{'ar': '48000', 'sample_fmt': 's32p', 'compression_level': '8', 'reservoir': '1', 'aq': '9'}",102.0546875,-3.349,-1.733,0.5149314639857039,0.36460539167946304
"{'ar': '48000', 'sample_fmt': 's32p', 'compression_level': '8', 'reservoir': '1', 'aq': '9'}",102.0546875,-3.349,-1.733,0.5017400369979441,0.36558040816113263
"{'ar': '48000', 'sample_fmt': 's32p', 'compression_level': '8', 'reservoir': '1', 'aq': '9'}",102.0546875,-3.349,-1.733,0.5050017150060739,0.3653393281158292
"{'ar': '48000', 'sample_fmt': 's32p', 'compression_level': '8', 'reservoir': '1', 'aq': '9'}",102.0546875,-3.349,-1.733,0.4994729809695855,0.36574797282222415
"{'ar': '48000', 'sample_fmt': 's32p', 'compression_level': '8', 'reservoir': '1', 'aq': '9'}",102.0546875,-3.349,-1.733,0.4975321289675776,0.36589142680125125
"{'ar': '48000', 'sample_fmt': 's32p', 'compression_level': '8', 'reservoir': '1', 'aq': '9'}",102.0546875,-3.349,-1.733,0.5009100740135182,0.3656417531232616
"{'ar': '48000', 'sample_fmt': 's32p', 'compression_level': '7', 'reservoir': '1', 'aq': '9'}",102.0546875,-3.349,-1.733,0.5019753079977818,0.3655630186017837
"{'ar': '48000', 'sample_fmt': 's32p', 'compression_level': '8', 'reservoir': '1', 'aq': '9'}",102.0546875,-3.349,-1.733,0.5001726369955577,0.3656962592238807
"{'ar': '48000', 'sample_fmt': 's32p', 'compression_level': '8', 'reservoir': '1', 'aq': '9'}",102.0546875,-3.349,-1.733,0.49902412001392804,0.3657811494323172
"{'ar': '48000', 'sample_fmt': 's32p', 'compression_level': '8', 'reservoir': '1', 'aq': '9'}",102.0546875,-3.349,-1.733,0.5112520169932395,0.3648773502374273
"{'ar': '48000', 'sample_fmt': 's32p', 'compression_level': '8', 'reservoir': '1', 'aq': '9'}",102.0546875,-3.349,-1.733,0.5036952560185455,0.3654358922742518
"{'ar': '48000', 'sample_fmt': 's32p', 'compression_level': '8', 'reservoir': '1', 'aq': '9'}",102.0546875,-3.349,-1.733,0.509352156019304,0.36501777445113726
"{'ar': '48000', 'sample_fmt': 's32p', 'compression_level': '8', 'reservoir': '1', 'aq': '9'}",102.0546875,-3.349,-1.733,0.5051196640124545,0.3653306101639864
"{'ar': '48000', 'sample_fmt': 's32p', 'compression_level': '9', 'reservoir': '1', 'aq': '9'}",102.0546875,-3.349,-1.733,0.5399761130101979,0.3627542693104297
"{'ar': '48000', 'sample_fmt': 's32p', 'compression_level': '8', 'reservoir': '1', 'aq': '9'}",102.0546875,-3.349,-1.733,0.53551405199687,0.3630840731318242
"{'ar': '48000', 'sample_fmt': 's32p', 'compression_level': '8', 'reservoir': '1', 'aq': '9'}",102.0546875,-3.349,-1.733,0.49299249998875894,0.3662269638950865
"{'ar': '48000', 'sample_fmt': 's32p', 'compression_level': '9', 'reservoir': '1', 'aq': '9'}",102.0546875,-3.349,-1.733,0.49962323598447256,0.3657368670399533
"{'ar': '48000', 'sample_fmt': 's32p', 'compression_level': '8', 'reservoir': '1', 'aq': '9'}",102.0546875,-3.349,-1.733,0.5103696920268703,0.36494256542492726
"{'ar': '48000', 'sample_fmt': 's32p', 'compression_level': '9', 'reservoir': '1', 'aq': '9'}",102.0546875,-3.349,-1.733,0.49809700399055146,0.36584967525625206
"{'ar': '48000', 'sample_fmt': 's32p', 'compression_level': '8', 'reservoir': '1', 'aq': '9'}",102.0546875,-3.349,-1.733,0.5126438780280296,0.3647744737669459
"{'ar': '48000', 'sample_fmt': 's32p', 'compression_level': '8', 'reservoir': '1', 'aq': '9'}",102.0546875,-3.349,-1.733,0.503071571001783,0.36548199063580716
"{'ar': '48000', 'sample_fmt': 's32p', 'compression_level': '8', 'reservoir': '1', 'aq': '9'}",102.0546875,-3.349,-1.733,0.4994310539914295,0.36575107176631616
"{'ar': '48000', 'sample_fmt': 's32p', 'compression_level': '8', 'reservoir': '1', 'aq': '9'}",102.0546875,-3.349,-1.733,0.500860506988829,0.36564541676526663
"{'ar': '48000', 'sample_fmt': 's32p', 'compression_level': '7', 'reservoir': '1', 'aq': '9'}",102.0546875,-3.349,-1.733,0.501037272013491,0.3656323515515799
"{'ar': '48000', 'sample_fmt': 's32p', 'compression_level': '8', 'reservoir': '1', 'aq': '9'}",102.0546875,-3.349,-1.733,0.5037933730054647,0.36542864016426646
"{'ar': '48000', 'sample_fmt': 's32p', 'compression_level': '9', 'reservoir': '1', 'aq': '9'}",102.0546875,-3.349,-1.733,0.5013113879831508,0.36561209084827956
"{'ar': '48000', 'sample_fmt': 's32p', 'compression_level': '8', 'reservoir': '1', 'aq': '9'}",102.0546875,-3.349,-1.733,0.5022637080110144,0.3655417021235531
"{'ar': '44100', 'sample_fmt': 's32p', 'compression_level': '8', 'reservoir': '1', 'aq': '9'}",97.1474609375,-3.314,-1.668,0.4935175759892445,0.4760710626059824
"{'ar': '48000', 'sample_fmt': 's32p', 'compression_level': '8', 'reservoir': '1', 'aq': '9'}",102.0546875,-3.349,-1.733,0.5054584429890383,0.36530557003101827
"{'ar': '48000', 'sample_fmt': 's32p', 'compression_level': '8', 'reservoir': '1', 'b:a': '314k', 'abr': 'True'}",430.484375,-3.325,-1.689,0.5461910030280706,-0.09197004144911966
"{'ar': '48000', 'sample_fmt': 's32p', 'compression_level': '8', 'reservoir': '1', 'aq': '9'}",102.0546875,-3.349,-1.733,0.5585541150067002,0.3613811155068353
"{'ar': '48000', 'sample_fmt': 'fltp', 'compression_level': '8', 'reservoir': '1', 'aq': '9'}",102.0546875,-3.349,-1.733,0.49902294599451125,0.3657812362074843
"{'ar': '48000', 'sample_fmt': 's32p', 'compression_level': '8', 'reservoir': '1', 'aq': '9'}",102.0546875,-3.349,-1.733,0.5424972139880992,0.3625679274531244
"{'ar': '48000', 'sample_fmt': 's32p', 'compression_level': '8', 'reservoir': '1', 'aq': '9'}",102.0546875,-3.349,-1.733,0.5458555100194644,0.3623197060905724
"{'ar': '48000', 'sample_fmt': 's32p', 'compression_level': '8', 'reservoir': '1', 'aq': '9'}",102.0546875,-3.349,-1.733,0.5049691310268827,0.3653417364918737
"{'ar': '48000', 'sample_fmt': 's32p', 'compression_level': '9', 'reservoir': '1', 'aq': '9'}",102.0546875,-3.349,-1.733,0.5050572940090206,0.36533522011114117
"{'ar': '44100', 'sample_fmt': 's32p', 'compression_level': '8', 'reservoir': '1', 'aq': '9'}",97.1474609375,-3.314,-1.668,0.5031597139895894,0.4753583843280681
"{'ar': '48000', 'sample_fmt': 's32p', 'compression_level': '8', 'reservoir': '1', 'aq': '9'}",102.0546875,-3.349,-1.733,0.503930904000299,0.36541847485108025
"{'ar': '48000', 'sample_fmt': 's32p', 'compression_level': '8', 'reservoir': '1', 'aq': '9'}",102.0546875,-3.349,-1.733,0.502916751021985,0.36549343382782384
"{'ar': '48000', 'sample_fmt': 's32p', 'compression_level': '9', 'reservoir': '1', 'aq': '9'}",102.0546875,-3.349,-1.733,0.5183933920052368,0.3643495105772494
"{'ar': '48000', 'sample_fmt': 's32p', 'compression_level': '8', 'reservoir': '1', 'aq': '9'}",102.0546875,-3.349,-1.733,0.5067055139807053,0.36521339541095516
"{'ar': '48000', 'sample_fmt': 's32p', 'compression_level': '8', 'reservoir': '1', 'aq': '9'}",102.0546875,-3.349,-1.733,0.5473179899854586,0.36221160997085167
"{'ar': '48000', 'sample_fmt': 's32p', 'compression_level': '8', 'reservoir': '1', 'aq': '9'}",102.0546875,-3.349,-1.733,0.5554401720000897,0.36161127603133675
"{'ar': '48000', 'sample_fmt': 's32p', 'compression_level': '8', 'reservoir': '1', 'aq': '9'}",102.0546875,-3.349,-1.733,0.4961925210081972,0.36599044109595824
"{'ar': '48000', 'sample_fmt': 's32p', 'compression_level': '8', 'reservoir': '1', 'aq': '9'}",102.0546875,-3.349,-1.733,0.49667393500567414,0.3659548583964912
"{'ar': '48000', 'sample_fmt': 's32p', 'compression_level': '8', 'reservoir': '1', 'aq': '9'}",102.0546875,-3.349,-1.733,0.49813417199766263,0.3658469280614597
"{'ar': '48000', 'sample_fmt': 's32p', 'compression_level': '8', 'reservoir': '1', 'aq': '9'}",102.0546875,-3.349,-1.733,0.4998662739817519,0.36571890339938284
"{'ar': '48000', 'sample_fmt': 's32p', 'compression_level': '8', 'reservoir': '1', 'aq': '9'}",102.0546875,-3.349,-1.733,0.5421569429745432,0.3625930778668559
"{'ar': '48000', 'sample_fmt': 's32p', 'compression_level': '8', 'reservoir': '1', 'aq': '9'}",102.0546875,-3.349,-1.733,0.506413468014216,0.36523498137212496
"{'ar': '48000', 'sample_fmt': 's32p', 'compression_level': '8', 'reservoir': '1', 'aq': '9'}",102.0546875,-3.349,-1.733,0.5036283200024627,0.36544083970859365
"{'ar': '48000', 'sample_fmt': 's32p', 'compression_level': '8', 'reservoir': '1', 'aq': '9'}",102.0546875,-3.349,-1.733,0.5097965430177283,0.36498492852414954
"{'ar': '48000', 'sample_fmt': 's32p', 'compression_level': '8', 'reservoir': '1', 'aq': '9'}",102.0546875,-3.349,-1.733,0.507475924998289,0.3651564521067545
"{'ar': '48000', 'sample_fmt': 's32p', 'compression_level': '7', 'reservoir': '1', 'aq': '9'}",102.0546875,-3.349,-1.733,0.5052169779664837,0.3653234174084821
"{'ar': '48000', 'sample_fmt': 's32p', 'compression_level': '8', 'reservoir': '1', 'aq': '9'}",102.0546875,-3.349,-1.733,0.5024103279865813,0.3655308650175408
"{'ar': '48000', 'sample_fmt': 's32p', 'compression_level': '8', 'reservoir': '1', 'aq': '9'}",102.0546875,-3.349,-1.733,0.5073407790041529,0.36516644113764835
"{'ar': '48000', 'sample_fmt': 's32p', 'compression_level': '8', 'reservoir': '1', 'aq': '9'}",102.0546875,-3.349,-1.733,0.4992881350044627,0.365761635321568
"{'ar': '48000', 'sample_fmt': 's32p', 'compression_level': '8', 'reservoir': '1', 'aq': '9'}",102.0546875,-3.349,-1.733,0.518531455018092,0.36433930594107417
"{'ar': '48000', 'sample_fmt': 's32p', 'compression_level': '8', 'reservoir': '1', 'aq': '9'}",102.0546875,-3.349,-1.733,0.5196694619662594,0.36425519255957667
"{'ar': '48000', 'sample_fmt': 's32p', 'compression_level': '8', 'reservoir': '1', 'aq': '9'}",102.0546875,-3.349,-1.733,0.5304700740089174,0.3634568881181025
"{'ar': '48000', 'sample_fmt': 's32p', 'compression_level': '8', 'reservoir': '1', 'aq': '9'}",102.0546875,-3.349,-1.733,0.5104067559877876,0.36493982592048974
"{'ar': '48000', 'sample_fmt': 's32p', 'compression_level': '8', 'reservoir': '1', 'aq': '9'}",102.0546875,-3.349,-1.733,0.5009032739617396,0.3656422557347354
"{'ar': '48000', 'sample_fmt': 's32p', 'compression_level': '8', 'reservoir': '1', 'aq': '9'}",102.0546875,-3.349,-1.733,0.5044347959628794,0.3653812307402685
"{'ar': '48000', 'sample_fmt': 's32p', 'compression_level': '7', 'reservoir': '1', 'aq': '9'}",102.0546875,-3.349,-1.733,0.5057574160164222,0.3652834720707639
"{'ar': '48000', 'sample_fmt': 's32p', 'compression_level': '9', 'reservoir': '1', 'aq': '9'}",102.0546875,-3.349,-1.733,0.5114787910424639,0.3648605887122478
"{'ar': '48000', 'sample_fmt': 's32p', 'compression_level': '8', 'reservoir': '1', 'aq': '9'}",102.0546875,-3.349,-1.733,0.5171720029902644,0.36443978696821405
"{'ar': '48000', 'sample_fmt': 's32p', 'compression_level': '8', 'reservoir': '1', 'aq': '9'}",102.0546875,-3.349,-1.733,0.5041259230056312,0.3654040604329423
"{'ar': '48000', 'sample_fmt': 's32p', 'compression_level': '8', 'reservoir': '1', 'aq': '9'}",102.0546875,-3.349,-1.733,0.5318494940001983,0.3633549312010918
"{'ar': '48000', 'sample_fmt': 's32p', 'compression_level': '8', 'reservoir': '1', 'aq': '9'}",102.0546875,-3.349,-1.733,0.5169499039766379,0.36445620294800524
"{'ar': '48000', 'sample_fmt': 's32p', 'compression_level': '8', 'reservoir': '1', 'aq': '9'}",102.0546875,-3.349,-1.733,0.527601916983258,0.36366888189062074
"{'ar': '48000', 'sample_fmt': 's32p', 'compression_level': '8', 'reservoir': '1', 'aq': '9'}",102.0546875,-3.349,-1.733,0.5369168700126465,0.3629803867992209
"{'ar': '48000', 'sample_fmt': 's32p', 'compression_level': '8', 'reservoir': '1', 'aq': '9'}",102.0546875,-3.349,-1.733,0.5455715620191768,0.3623406935076634
"{'ar': '48000', 'sample_fmt': 's32p', 'compression_level': '8', 'reservoir': '1', 'aq': '9'}",102.0546875,-3.349,-1.733,0.505611697997665,0.36529424251054243
"{'ar': '48000', 'sample_fmt': 's32p', 'compression_level': '8', 'reservoir': '1', 'aq': '9'}",102.0546875,-3.349,-1.733,0.5070495060062967,0.36518796996647324
"{'ar': '48000', 'sample_fmt': 's32p', 'compression_level': '8', 'reservoir': '1', 'aq': '9'}",102.0546875,-3.349,-1.733,0.5118157429678831,0.36483568362191005
"{'ar': '48000', 'sample_fmt': 's32p', 'compression_level': '9', 'reservoir': '1', 'aq': '9'}",102.0546875,-3.349,-1.733,0.500250311975833,0.365690518041668
"{'ar': '48000', 'sample_fmt': 's32p', 'compression_level': '8', 'reservoir': '1', 'aq': '9'}",102.0546875,-3.349,-1.733,0.5134957629779819,0.3647115084890074
"{'ar': '48000', 'sample_fmt': 's32p', 'compression_level': '8', 'reservoir': '1', 'aq': '9'}",102.0546875,-3.349,-1.733,0.5047060340002645,0.36536118275325763
"{'ar': '48000', 'sample_fmt': 's32p', 'compression_level': '8', 'reservoir': '1', 'aq': '9'}",102.0546875,-3.349,-1.733,0.5084717159916181,0.3650828503173731
"{'ar': '48000', 'sample_fmt': 's32p', 'compression_level': '8', 'reservoir': '1', 'aq': '9'}",102.0546875,-3.349,-1.733,0.504784771008417,0.3653553630734961
"{'ar': '48000', 'sample_fmt': 's32p', 'compression_level': '8', 'reservoir': '1', 'aq': '9'}",102.0546875,-3.349,-1.733,0.4996844170091208,0.36573234497365575
"{'ar': '48000', 'sample_fmt': 's32p', 'compression_level': '8', 'reservoir': '1', 'aq': '9'}",102.0546875,-3.349,-1.733,0.5034116019960493,0.3654568579625948
"{'ar': '48000', 'sample_fmt': 's32p', 'compression_level': '8', 'reservoir': '1', 'aq': '9'}",102.0546875,-3.349,-1.733,0.5050660260021687,0.36533457470429886
"{'ar': '48000', 'sample_fmt': 's32p', 'compression_level': '8', 'reservoir': '1', 'aq': '9'}",102.0546875,-3.349,-1.733,0.5027364080015104,0.3655067635015187
"{'ar': '48000', 'sample_fmt': 's32p', 'compression_level': '8', 'reservoir': '1', 'aq': '9'}",102.0546875,-3.349,-1.733,0.5086155239841901,0.3650722210531484
"{'ar': '48000', 'sample_fmt': 's32p', 'compression_level': '8', 'reservoir': '1', 'aq': '9'}",102.0546875,-3.349,-1.733,0.5143745100067463,0.3646465577572133
"{'ar': '48000', 'sample_fmt': 's32p', 'compression_level': '8', 'reservoir': '1', 'aq': '9'}",102.0546875,-3.349,-1.733,0.5076050779898651,0.3651469060359951
"{'ar': '48000', 'sample_fmt': 's32p', 'compression_level': '9', 'reservoir': '1', 'aq': '9'}",102.0546875,-3.349,-1.733,0.502918413025327,0.36549331098435495
"{'ar': '48000', 'sample_fmt': 's32p', 'compression_level': '8', 'reservoir': '1', 'aq': '9'}",102.0546875,-3.349,-1.733,0.5376066579774488,0.36292940257778955
"{'ar': '48000', 'sample_fmt': 's32p', 'compression_level': '9', 'reservoir': '1', 'aq': '9'}",102.0546875,-3.349,-1.733,0.5130658380221575,0.3647432854846424
"{'ar': '48000', 'sample_fmt': 's32p', 'compression_level': '8', 'reservoir': '1', 'aq': '9'}",102.0546875,-3.349,-1.733,0.5253207260393538,0.36383749130415927
"{'ar': '48000', 'sample_fmt': 's32p', 'compression_level': '8', 'reservoir': '1', 'aq': '9'}",102.0546875,-3.349,-1.733,0.543840728001669,0.3624686244506668
"{'ar': '48000', 'sample_fmt': 's32p', 'compression_level': '7', 'reservoir': '1', 'aq': '9'}",102.0546875,-3.349,-1.733,0.5049709400045685,0.36534160278510636
"{'ar': '48000', 'sample_fmt': 's32p', 'compression_level': '8', 'reservoir': '1', 'aq': '9'}",102.0546875,-3.349,-1.733,0.5218924290093128,0.364090886642772
"{'ar': '48000', 'sample_fmt': 's32p', 'compression_level': '8', 'reservoir': '1', 'aq': '9'}",102.0546875,-3.349,-1.733,0.5380614540190436,0.3628957872883471
"{'ar': '48000', 'sample_fmt': 's32p', 'compression_level': '8', 'reservoir': '1', 'aq': '9'}",102.0546875,-3.349,-1.733,0.5196858650015201,0.36425398016384847
"{'ar': '48000', 'sample_fmt': 's32p', 'compression_level': '8', 'reservoir': '1', 'aq': '9'}",102.0546875,-3.349,-1.733,0.5143116190156434,0.364651206212072
"{'ar': '48000', 'sample_fmt': 's32p', 'compression_level': '8', 'reservoir': '1', 'aq': '9'}",102.0546875,-3.349,-1.733,0.5176695020345505,0.364403015376464
"{'ar': '48000', 'sample_fmt': 's32p', 'compression_level': '8', 'reservoir': '1', 'aq': '9'}",102.0546875,-3.349,-1.733,0.6158452459785622,0.3571465624897214
"{'ar': '48000', 'sample_fmt': 's32p', 'compression_level': '8', 'reservoir': '1', 'aq': '9'}",102.0546875,-3.349,-1.733,0.5426529629621655,0.36255641559645724
"{'ar': '48000', 'sample_fmt': 's32p', 'compression_level': '8', 'reservoir': '1', 'aq': '9'}",102.0546875,-3.349,-1.733,0.5138154089800082,0.3646878825294683
"{'ar': '48000', 'sample_fmt': 's32p', 'compression_level': '8', 'reservoir': '1', 'aq': '9'}",102.0546875,-3.349,-1.733,0.5202264140243642,0.36421402662380215
"{'ar': '48000', 'sample_fmt': 's32p', 'compression_level': '8', 'reservoir': '1', 'aq': '9'}",102.0546875,-3.349,-1.733,0.5046058609732427,0.36536858683110723
"{'ar': '48000', 'sample_fmt': 's32p', 'compression_level': '8', 'reservoir': '1', 'aq': '9'}",102.0546875,-3.349,-1.733,0.5062759529682808,0.36524514550648196
"{'ar': '48000', 'sample_fmt': 's32p', 'compression_level': '8', 'reservoir': '1', 'aq': '9'}",102.0546875,-3.349,-1.733,0.5119734100007918,0.3648240299959722
"{'ar': '48000', 'sample_fmt': 's32p', 'compression_level': '6', 'reservoir': '1', 'aq': '9'}",110.65625,-3.337,-1.711,0.5200953840103466,0.38539784161319
"{'ar': '48000', 'sample_fmt': 's32p', 'compression_level': '8', 'reservoir': '1', 'aq': '9'}",102.0546875,-3.349,-1.733,0.5125905439781491,0.36477841584066667
"{'ar': '48000', 'sample_fmt': 's32p', 'compression_level': '8', 'reservoir': '1', 'aq': '9'}",102.0546875,-3.349,-1.733,0.5064076670096256,0.36523541014113464
"{'ar': '48000', 'sample_fmt': 's32p', 'compression_level': '8', 'reservoir': '1', 'aq': '9'}",102.0546875,-3.349,-1.733,0.5123538550396916,0.3647959102039557
"{'ar': '48000', 'sample_fmt': 's32p', 'compression_level': '8', 'reservoir': '1', 'aq': '9'}",102.0546875,-3.349,-1.733,0.51460801702342,0.36462929857895654
"{'ar': '44100', 'sample_fmt': 's32p', 'compression_level': '8', 'reservoir': '1', 'aq': '9'}",97.1474609375,-3.314,-1.668,0.5006067300273571,0.4755470827488625
"{'ar': '48000', 'sample_fmt': 's32p', 'compression_level': '7', 'reservoir': '1', 'aq': '9'}",102.0546875,-3.349,-1.733,0.5061454700189643,0.3652547898782606
"{'ar': '48000', 'sample_fmt': 's32p', 'compression_level': '8', 'reservoir': '1', 'aq': '9'}",102.0546875,-3.349,-1.733,0.5053512559970841,0.365313492531281
"{'ar': '44100', 'sample_fmt': 's32p', 'compression_level': '8', 'reservoir': '1', 'aq': '9'}",97.1474609375,-3.314,-1.668,0.5062176689971238,0.47513236203834036
"{'ar': '48000', 'sample_fmt': 's32p', 'compression_level': '8', 'reservoir': '1', 'aq': '9'}",102.0546875,-3.349,-1.733,0.5083516660088208,0.3650917235584531
"{'ar': '48000', 'sample_fmt': 's32p', 'compression_level': '8', 'reservoir': '1', 'aq': '9'}",102.0546875,-3.349,-1.733,0.5131917120015714,0.36473398177514565
"{'ar': '48000', 'sample_fmt': 's32p', 'compression_level': '9', 'reservoir': '1', 'aq': '9'}",102.0546875,-3.349,-1.733,0.5309900599822868,0.36341845445245413
"{'ar': '48000', 'sample_fmt': 's32p', 'compression_level': '9', 'reservoir': '1', 'aq': '9'}",102.0546875,-3.349,-1.733,0.4962811709847301,0.36598388872006293
"{'ar': '48000', 'sample_fmt': 's32p', 'compression_level': '8', 'reservoir': '1', 'aq': '9'}",102.0546875,-3.349,-1.733,0.5053576899808832,0.3653130169769492
"{'ar': '48000', 'sample_fmt': 's32p', 'compression_level': '8', 'reservoir': '1', 'aq': '9'}",102.0546875,-3.349,-1.733,0.5042145340121351,0.36539751093743444
"{'ar': '48000', 'sample_fmt': 's32p', 'compression_level': '8', 'reservoir': '1', 'aq': '9'}",102.0546875,-3.349,-1.733,0.50496980198659,0.36534168689930313
"{'ar': '48000', 'sample_fmt': 's32p', 'compression_level': '8', 'reservoir': '1', 'aq': '9'}",102.0546875,-3.349,-1.733,0.5053006230155006,0.3653172349612399
"{'ar': '48000', 'sample_fmt': 's32p', 'compression_level': '8', 'reservoir': '1', 'aq': '9'}",102.0546875,-3.349,-1.733,0.5158002119860612,0.36454118000474794
"{'ar': '48000', 'sample_fmt': 's32p', 'compression_level': '8', 'reservoir': '1', 'aq': '9'}",102.0546875,-3.349,-1.733,0.5089507570082787,0.3650474430117743
"{'ar': '48000', 'sample_fmt': 's32p', 'compression_level': '8', 'reservoir': '1', 'aq': '9'}",102.0546875,-3.349,-1.733,0.5199134179856628,0.36423716106533865
"{'ar': '48000', 'sample_fmt': 's32p', 'compression_level': '8', 'reservoir': '1', 'aq': '9'}",102.0546875,-3.349,-1.733,0.5070018310216255,0.36519149376233406
"{'ar': '48000', 'sample_fmt': 's32p', 'compression_level': '8', 'reservoir': '1', 'aq': '9'}",102.0546875,-3.349,-1.733,0.547780745982891,0.3621774063380751
"{'ar': '48000', 'sample_fmt': 's32p', 'compression_level': '9', 'reservoir': '1', 'aq': '9'}",102.0546875,-3.349,-1.733,0.5894072059891187,0.3591006744107945
"{'ar': '48000', 'sample_fmt': 's32p', 'compression_level': '8', 'reservoir': '1', 'aq': '9'}",102.0546875,-3.349,-1.733,0.5079139560111798,0.3651240759690215
"{'ar': '48000', 'sample_fmt': 's32p', 'compression_level': '8', 'reservoir': '1', 'aq': '9'}",102.0546875,-3.349,-1.733,0.5085961680160835,0.3650736517086749
"{'ar': '48000', 'sample_fmt': 's32p', 'compression_level': '8', 'reservoir': '1', 'aq': '9'}",102.0546875,-3.349,-1.733,0.5134108070051298,0.36471778783041786
"{'ar': '48000', 'sample_fmt': 's32p', 'compression_level': '9', 'reservoir': '1', 'aq': '9'}",102.0546875,-3.349,-1.733,0.5053373710252345,0.3653145188096672
"{'ar': '48000', 'sample_fmt': 's32p', 'compression_level': '8', 'reservoir': '1', 'aq': '9'}",102.0546875,-3.349,-1.733,0.5110378399840556,0.36489318067898174
"{'ar': '48000', 'sample_fmt': 's32p', 'compression_level': '8', 'reservoir': '1', 'aq': '9'}",102.0546875,-3.349,-1.733,0.5043252960022073,0.3653893241987319
"{'ar': '48000', 'sample_fmt': 's32p', 'compression_level': '8', 'reservoir': '1', 'aq': '9'}",102.0546875,-3.349,-1.733,0.5100387819984462,0.3649670239412017
"{'ar': '48000', 'sample_fmt': 's32p', 'compression_level': '8', 'reservoir': '1', 'aq': '9'}",102.0546875,-3.349,-1.733,0.5024277449701913,0.36552957767796057
"{'ar': '48000', 'sample_fmt': 's32p', 'compression_level': '8', 'reservoir': '1', 'aq': '9'}",102.0546875,-3.349,-1.733,0.5155168859928381,0.36456212144749967
"{'ar': '48000', 'sample_fmt': 's32p', 'compression_level': '8', 'reservoir': '1', 'aq': '9'}",102.0546875,-3.349,-1.733,0.5033234500151593,0.3654633735301933
"{'ar': '48000', 'sample_fmt': 's32p', 'compression_level': '8', 'reservoir': '1', 'aq': '9'}",102.0546875,-3.349,-1.733,0.5132470089884009,0.36472989461508365
"{'ar': '48000', 'sample_fmt': 's32p', 'compression_level': '8', 'reservoir': '1', 'aq': '9'}",102.0546875,-3.349,-1.733,0.5081472319725435,0.36510683386873033
"{'ar': '48000', 'sample_fmt': 's32p', 'compression_level': '8', 'reservoir': '1', 'aq': '9'}",102.0546875,-3.349,-1.733,0.5117826510104351,0.36483812954409517
"{'ar': '48000', 'sample_fmt': 's32p', 'compression_level': '8', 'reservoir': '1', 'aq': '9'}",102.0546875,-3.349,-1.733,0.5148556530184578,0.36461099508708716
"{'ar': '48000', 'sample_fmt': 's32p', 'compression_level': '8', 'reservoir': '1', 'aq': '9'}",102.0546875,-3.349,-1.733,0.5766692599863745,0.3600421728026528
"{'ar': '48000', 'sample_fmt': 's32p', 'compression_level': '8', 'reservoir': '1', 'aq': '9'}",102.0546875,-3.349,-1.733,0.6289145130140241,0.3561805752030737
"{'ar': '48000', 'sample_fmt': 's32p', 'compression_level': '7', 'reservoir': '1', 'aq': '9'}",102.0546875,-3.349,-1.733,0.5109727490344085,0.36489799173913257
"{'ar': '48000', 'sample_fmt': 's32p', 'compression_level': '7', 'reservoir': '1', 'aq': '9'}",102.0546875,-3.349,-1.733,0.548715789016569,0.362108294605906
"{'ar': '48000', 'sample_fmt': 's32p', 'compression_level': '8', 'reservoir': '1', 'aq': '9'}",102.0546875,-3.349,-1.733,0.543180481006857,0.36251742521365565
"{'ar': '48000', 'sample_fmt': 's32p', 'compression_level': '9', 'reservoir': '1', 'aq': '9'}",102.0546875,-3.349,-1.733,0.5051640419987962,0.36532733005879786
"{'ar': '48000', 'sample_fmt': 's32p', 'compression_level': '8', 'reservoir': '1', 'aq': '9'}",102.0546875,-3.349,-1.733,0.5218929220282007,0.36409085020232157
"{'ar': '48000', 'sample_fmt': 's32p', 'compression_level': '8', 'reservoir': '1', 'aq': '9'}",102.0546875,-3.349,-1.733,0.5574128090229351,0.36146547272958546
"{'ar': '48000', 'sample_fmt': 's32p', 'compression_level': '9', 'reservoir': '1', 'aq': '9'}",102.0546875,-3.349,-1.733,0.5098618710180745,0.36498009994289665
"{'ar': '48000', 'sample_fmt': 's32p', 'compression_level': '8', 'reservoir': '1', 'aq': '9'}",102.0546875,-3.349,-1.733,0.5144196760084014,0.3646432194075362
"{'ar': '48000', 'sample_fmt': 's32p', 'compression_level': '8', 'reservoir': '1', 'aq': '9'}",102.0546875,-3.349,-1.733,0.5090724510082509,0.36503844825663495
"{'ar': '48000', 'sample_fmt': 's32p', 'compression_level': '8', 'reservoir': '1', 'aq': '9'}",102.0546875,-3.349,-1.733,0.5393878100148868,0.36279775248455304
"{'ar': '48000', 'sample_fmt': 's32p', 'compression_level': '8', 'reservoir': '1', 'aq': '9'}",102.0546875,-3.349,-1.733,0.5478296609944664,0.3621737908882431
"{'ar': '48000', 'sample_fmt': 's32p', 'compression_level': '8', 'reservoir': '1', 'aq': '9'}",102.0546875,-3.349,-1.733,0.5355729520088062,0.3630797196617666
"{'ar': '48000', 'sample_fmt': 's32p', 'compression_level': '8', 'reservoir': '1', 'aq': '9'}",102.0546875,-3.349,-1.733,0.50021425698651,0.3656931829700999
"{'ar': '48000', 'sample_fmt': 's32p', 'compression_level': '8', 'reservoir': '1', 'aq': '9'}",102.0546875,-3.349,-1.733,0.5176355179864913,0.3644055272356437
"{'ar': '48000', 'sample_fmt': 's32p', 'compression_level': '8', 'reservoir': '1', 'aq': '9'}",102.0546875,-3.349,-1.733,0.5064300759986509,0.36523375382801115
"{'ar': '48000', 'sample_fmt': 's32p', 'compression_level': '8', 'reservoir': '1', 'aq': '9'}",102.0546875,-3.349,-1.733,0.5134649640240241,0.3647137849286795
"{'ar': '48000', 'sample_fmt': 's32p', 'compression_level': '8', 'reservoir': '1', 'aq': '9'}",102.0546875,-3.349,-1.733,0.5188285740150604,0.36431734501756446
"{'ar': '48000', 'sample_fmt': 's32p', 'compression_level': '8', 'reservoir': '1', 'aq': '9'}",102.0546875,-3.349,-1.733,0.5743477280484512,0.3602137639356135
"{'ar': '48000', 'sample_fmt': 's32p', 'compression_level': '8', 'reservoir': '1', 'aq': '9'}",102.0546875,-3.349,-1.733,0.8767132229986601,0.3378650566018134
"{'ar': '44100', 'sample_fmt': 's32p', 'compression_level': '8', 'reservoir': '1', 'aq': '9'}",97.1474609375,-3.314,-1.668,0.6718868010211736,0.46288727783499933
"{'ar': '48000', 'sample_fmt': 's32p', 'compression_level': '8', 'reservoir': '1', 'aq': '9'}",102.0546875,-3.349,-1.733,0.5907244779809844,0.3590033110319802
"{'ar': '48000', 'sample_fmt': 's32p', 'compression_level': '8', 'reservoir': '1', 'aq': '9'}",102.0546875,-3.349,-1.733,0.5422715560125653,0.3625846064860728
"{'ar': '48000', 'sample_fmt': 's32p', 'compression_level': '8', 'reservoir': '1', 'aq': '9'}",102.0546875,-3.349,-1.733,0.5158704950008541,0.3645359851840611
"{'ar': '44100', 'sample_fmt': 's32p', 'compression_level': '8', 'reservoir': '1', 'aq': '9'}",97.1474609375,-3.314,-1.668,0.6096805709821638,0.46748512002499465
"{'ar': '48000', 'sample_fmt': 's32p', 'compression_level': '8', 'reservoir': '1', 'aq': '9'}",102.0546875,-3.349,-1.733,0.5172823260363657,0.36443163267312856
"{'ar': '48000', 'sample_fmt': 's32p', 'compression_level': '8', 'reservoir': '1', 'aq': '9'}",102.0546875,-3.349,-1.733,0.5121629090281203,0.36481002357535697
"{'ar': '48000', 'sample_fmt': 's32p', 'compression_level': '8', 'reservoir': '1', 'aq': '9'}",102.0546875,-3.349,-1.733,0.5102870370319579,0.3649486746944101
"{'ar': '48000', 'sample_fmt': 's32p', 'compression_level': '8', 'reservoir': '1', 'aq': '9'}",102.0546875,-3.349,-1.733,0.5058849130000453,0.3652740484003368
"{'ar': '48000', 'sample_fmt': 's32p', 'compression_level': '8', 'reservoir': '1', 'aq': '9'}",102.0546875,-3.349,-1.733,0.5138875879929401,0.3646825475700811
"{'ar': '48000', 'sample_fmt': 's32p', 'compression_level': '7', 'reservoir': '1', 'aq': '9'}",102.0546875,-3.349,-1.733,0.5167080939863808,0.3644740758230287
"{'ar': '48000', 'sample_fmt': 's32p', 'compression_level': '8', 'reservoir': '1', 'aq': '9'}",102.0546875,-3.349,-1.733,0.5143831780005712,0.3646459170807459
"{'ar': '48000', 'sample_fmt': 's32p', 'compression_level': '9', 'reservoir': '1', 'aq': '9'}",102.0546875,-3.349,-1.733,0.5079527310153935,0.36512120999643033
"{'ar': '48000', 'sample_fmt': 's32p', 'compression_level': '8', 'reservoir': '1', 'aq': '9'}",102.0546875,-3.349,-1.733,0.5117904659709893,0.36483755191778144
"{'ar': '44100', 'sample_fmt': 's32p', 'compression_level': '9', 'reservoir': '1', 'aq': '9'}",97.1474609375,-3.314,-1.668,0.5082154209958389,0.47498470241615975
"{'ar': '48000', 'sample_fmt': 's32p', 'compression_level': '8', 'reservoir': '1', 'aq': '9'}",102.0546875,-3.349,-1.733,0.5162867850158364,0.36450521598629815
"{'ar': '48000', 'sample_fmt': 's32p', 'compression_level': '8', 'reservoir': '1', 'aq': '9'}",102.0546875,-3.349,-1.733,0.5116850949707441,0.3648453401928501
"{'ar': '48000', 'sample_fmt': 's32p', 'compression_level': '8', 'reservoir': '1', 'aq': '9'}",102.0546875,-3.349,-1.733,0.5365292509959545,0.36300903684066327
"{'ar': '44100', 'sample_fmt': 's32p', 'compression_level': '8', 'reservoir': '1', 'aq': '9'}",97.1474609375,-3.314,-1.668,0.5521490869869012,0.4717374382285021
"{'ar': '44100', 'sample_fmt': 's32p', 'compression_level': '7', 'reservoir': '1', 'aq': '9'}",97.1474609375,-3.314,-1.668,0.5008053740020841,0.4755324003987632
"{'ar': '48000', 'sample_fmt': 's32p', 'compression_level': '8', 'reservoir': '1', 'aq': '9'}",102.0546875,-3.349,-1.733,0.5052810750203207,0.3653186798100422
"{'ar': '48000', 'sample_fmt': 's32p', 'compression_level': '8', 'reservoir': '1', 'aq': '9'}",102.0546875,-3.349,-1.733,0.5421208670013584,0.3625957443462656
"{'ar': '48000', 'sample_fmt': 's32p', 'compression_level': '8', 'reservoir': '1', 'aq': '9'}",102.0546875,-3.349,-1.733,0.5399408319790382,0.36275687703337756
"{'ar': '48000', 'sample_fmt': 's32p', 'compression_level': '8', 'reservoir': '1', 'aq': '9'}",102.0546875,-3.349,-1.733,0.5387652140052523,0.36284377035444526
"{'ar': '44100', 'sample_fmt': 's32p', 'compression_level': '8', 'reservoir': '1', 'aq': '9'}",97.1474609375,-3.314,-1.668,0.5149204779881984,0.4744891122814343
"{'ar': '48000', 'sample_fmt': 's32p', 'compression_level': '8', 'reservoir': '1', 'aq': '9'}",102.0546875,-3.349,-1.733,0.5193055999989156,0.36428208664886225
"{'ar': '48000', 'sample_fmt': 's32p', 'compression_level': '8', 'reservoir': '1', 'aq': '9'}",102.0546875,-3.349,-1.733,0.5221568839915562,0.36407134001096436
"{'ar': '44100', 'sample_fmt': 's32p', 'compression_level': '8', 'reservoir': '1', 'aq': '9'}",97.1474609375,-3.314,-1.668,0.5194935150211677,0.4741511059017934
"{'ar': '48000', 'sample_fmt': 's32p', 'compression_level': '8', 'reservoir': '1', 'aq': '9'}",102.0546875,-3.349,-1.733,0.5166781720181461,0.3644762874421522
"{'ar': '48000', 'sample_fmt': 's32p', 'compression_level': '8', 'reservoir': '1', 'aq': '9'}",102.0546875,-3.349,-1.733,0.5131228089740034,0.36473907459698957
"{'ar': '48000', 'sample_fmt': 's32p', 'compression_level': '8', 'reservoir': '1', 'aq': '9'}",102.0546875,-3.349,-1.733,0.5103843469696585,0.36494148223576434
"{'ar': '48000', 'sample_fmt': 's32p', 'compression_level': '8', 'reservoir': '1', 'aq': '9'}",102.0546875,-3.349,-1.733,0.5086678370134905,0.36506835444600866
"{'ar': '48000', 'sample_fmt': 's32p', 'compression_level': '9', 'reservoir': '1', 'aq': '9'}",102.0546875,-3.349,-1.733,0.516245869017439,0.36450824020595524
"{'ar': '48000', 'sample_fmt': 's32p', 'compression_level': '8', 'reservoir': '1', 'aq': '9'}",102.0546875,-3.349,-1.733,0.5071048050012905,0.36518388265798196
"{'ar': '48000', 'sample_fmt': 's32p', 'compression_level': '8', 'reservoir': '1', 'aq': '9'}",102.0546875,-3.349,-1.733,0.5190905210038181,0.36429798375880157
"{'ar': '48000', 'sample_fmt': 's32p', 'compression_level': '8', 'reservoir': '1', 'aq': '9'}",102.0546875,-3.349,-1.733,0.547319483011961,0.3622114996169492
"{'ar': '48000', 'sample_fmt': 's32p', 'compression_level': '8', 'reservoir': '1', 'b:a': '317k', 'abr': 'True'}",434.046875,-3.319,-1.678,0.5196051939565223,-0.07823989313611933
"{'ar': '48000', 'sample_fmt': 's32p', 'compression_level': '8', 'reservoir': '1', 'aq': '9'}",102.0546875,-3.349,-1.733,0.5111514249874745,0.3648847852832064
"{'ar': '44100', 'sample_fmt': 's32p', 'compression_level': '8', 'reservoir': '1', 'aq': '9'}",97.1474609375,-3.314,-1.668,0.5855072159902193,0.4692718425347175
"{'ar': '48000', 'sample_fmt': 's32p', 'compression_level': '8', 'reservoir': '1', 'aq': '9'}",102.0546875,-3.349,-1.733,0.5018385320145171,0.3655731281098834
"{'ar': '48000', 'sample_fmt': 's32p', 'compression_level': '8', 'reservoir': '1', 'aq': '9'}",102.0546875,-3.349,-1.733,0.5247256130096503,0.3638814778276002
"{'ar': '48000', 'sample_fmt': 's32p', 'compression_level': '8', 'reservoir': '1', 'aq': '9'}",102.0546875,-3.349,-1.733,0.5248283749970142,0.36387388239221163
"{'ar': '48000', 'sample_fmt': 's32p', 'compression_level': '8', 'reservoir': '1', 'b:a': '316k', 'abr': 'True'}",432.734375,-3.322,-1.683,0.5749786249944009,-0.08880549916701092
"{'ar': '48000', 'sample_fmt': 's32p', 'compression_level': '8', 'reservoir': '1', 'aq': '9'}",102.0546875,-3.349,-1.733,0.5072610200149938,0.3651723363549788
"{'ar': '48000', 'sample_fmt': 's32p', 'compression_level': '8', 'reservoir': '1', 'aq': '9'}",102.0546875,-3.349,-1.733,0.5255388039804529,0.3638213725334563
"{'ar': '44100', 'sample_fmt': 's32p', 'compression_level': '8', 'reservoir': '1', 'aq': '9'}",97.1474609375,-3.314,-1.668,0.5495438890065998,0.4719299959382301
"{'ar': '48000', 'sample_fmt': 's32p', 'compression_level': '8', 'reservoir': '1', 'aq': '9'}",102.0546875,-3.349,-1.733,0.5315005570009816,0.36338072214286155
"{'ar': '48000', 'sample_fmt': 's32p', 'compression_level': '8', 'reservoir': '1', 'aq': '9'}",102.0546875,-3.349,-1.733,0.5112634789838921,0.3648765030485819
"{'ar': '44100', 'sample_fmt': 's32p', 'compression_level': '8', 'reservoir': '1', 'aq': '9'}",97.1474609375,-3.314,-1.668,0.5112847000418697,0.474757843134029
"{'ar': '48000', 'sample_fmt': 's32p', 'compression_level': '8', 'reservoir': '1', 'aq': '9'}",102.0546875,-3.349,-1.733,0.5073029750201385,0.3651692353393311
"{'ar': '48000', 'sample_fmt': 's32p', 'compression_level': '8', 'reservoir': '1', 'aq': '9'}",102.0546875,-3.349,-1.733,0.5109525150037371,0.36489948729480015
"{'ar': '48000', 'sample_fmt': 's32p', 'compression_level': '8', 'reservoir': '1', 'aq': '9'}",102.0546875,-3.349,-1.733,0.5136515449848957,0.3646999941907871
"{'ar': '48000', 'sample_fmt': 's32p', 'compression_level': '8', 'reservoir': '1', 'aq': '9'}",102.0546875,-3.349,-1.733,0.5228390850243159,0.3640209165616006
"{'ar': '48000', 'sample_fmt': 's32p', 'compression_level': '8', 'reservoir': '1', 'aq': '9'}",102.0546875,-3.349,-1.733,0.5306500199949369,0.36344358779037134
"{'ar': '48000', 'sample_fmt': 's32p', 'compression_level': '8', 'reservoir': '1', 'aq': '9'}",102.0546875,-3.349,-1.733,0.5326468839775771,0.3632959938040245
"{'ar': '48000', 'sample_fmt': 's32p', 'compression_level': '8', 'reservoir': '1', 'aq': '9'}",102.0546875,-3.349,-1.733,0.5086099720210768,0.36507263141478297
"{'ar': '44100', 'sample_fmt': 's32p', 'compression_level': '8', 'reservoir': '1', 'aq': '9'}",97.1474609375,-3.314,-1.668,0.5062515889876522,0.4751298549138379
"{'ar': '48000', 'sample_fmt': 's32p', 'compression_level': '7', 'reservoir': '1', 'aq': '9'}",102.0546875,-3.349,-1.733,0.5112603890011087,0.3648767314381371
"{'ar': '48000', 'sample_fmt': 's32p', 'compression_level': '8', 'reservoir': '1', 'aq': '9'}",102.0546875,-3.349,-1.733,0.5225654779933393,0.36404113964777246
"{'ar': '44100', 'sample_fmt': 's32p', 'compression_level': '8', 'reservoir': '1', 'aq': '9'}",97.1474609375,-3.314,-1.668,0.5040975580050144,0.47528906556724543
"{'ar': '48000', 'sample_fmt': 's32p', 'compression_level': '8', 'reservoir': '1', 'aq': '9'}",102.0546875,-3.349,-1.733,0.524593537003966,0.3638912399467777
"{'ar': '48000', 'sample_fmt': 's32p', 'compression_level': '9', 'reservoir': '1', 'aq': '9'}",102.0546875,-3.349,-1.733,0.5216643790190574,0.36410774247643957
"{'ar': '48000', 'sample_fmt': 's32p', 'compression_level': '8', 'reservoir': '1', 'aq': '9'}",102.0546875,-3.349,-1.733,0.5155581120052375,0.364559074313812
"{'ar': '48000', 'sample_fmt': 's32p', 'compression_level': '8', 'reservoir': '1', 'aq': '9'}",102.0546875,-3.349,-1.733,0.5073168519884348,0.3651682096525106
"{'ar': '48000', 'sample_fmt': 's32p', 'compression_level': '8', 'reservoir': '1', 'aq': '9'}",102.0546875,-3.349,-1.733,0.5108458409958985,0.36490737187892475
"{'ar': '48000', 'sample_fmt': 's32p', 'compression_level': '7', 'reservoir': '1', 'aq': '9'}",102.0546875,-3.349,-1.733,0.5134091840009205,0.36471790779134816
"{'ar': '48000', 'sample_fmt': 's32p', 'compression_level': '9', 'reservoir': '1', 'aq': '9'}",102.0546875,-3.349,-1.733,0.5101666140253656,0.36495757550675656
"{'ar': '48000', 'sample_fmt': 's32p', 'compression_level': '8', 'reservoir': '1', 'aq': '9'}",102.0546875,-3.349,-1.733,0.5104853710217867,0.3649340152561903
"{'ar': '48000', 'sample_fmt': 's32p', 'compression_level': '8', 'reservoir': '1', 'aq': '9'}",102.0546875,-3.349,-1.733,0.5135772480280139,0.3647054856935309
"{'ar': '48000', 'sample_fmt': 's32p', 'compression_level': '8', 'reservoir': '1', 'aq': '9'}",102.0546875,-3.349,-1.733,0.5238230679824483,0.36394818753821667
"{'ar': '44100', 'sample_fmt': 's32p', 'compression_level': '8', 'reservoir': '1', 'aq': '9'}",97.1474609375,-3.314,-1.668,0.5113589979882818,0.4747523515581462
"{'ar': '48000', 'sample_fmt': 's32p', 'compression_level': '8', 'reservoir': '1', 'aq': '9'}",102.0546875,-3.349,-1.733,0.5138132099818904,0.3646880450637726
"{'ar': '48000', 'sample_fmt': 's32p', 'compression_level': '8', 'reservoir': '1', 'aq': '9'}",102.0546875,-3.349,-1.733,0.5350970439612865,0.36311489540056435
"{'ar': '48000', 'sample_fmt': 's32p', 'compression_level': '8', 'reservoir': '1', 'aq': '9'}",102.0546875,-3.349,-1.733,0.5518917200097349,0.361873552370221
"{'ar': '48000', 'sample_fmt': 's32p', 'compression_level': '8', 'reservoir': '1', 'aq': '9'}",102.0546875,-3.349,-1.733,0.533809040003689,0.363210095494404
"{'ar': '48000', 'sample_fmt': 's32p', 'compression_level': '9', 'reservoir': '1', 'aq': '9'}",102.0546875,-3.349,-1.733,0.515226345974952,0.3645835960996572
"{'ar': '48000', 'sample_fmt': 's32p', 'compression_level': '8', 'reservoir': '1', 'aq': '9'}",102.0546875,-3.349,-1.733,0.5272855380026158,0.36369226637517016
"{'ar': '48000', 'sample_fmt': 's32p', 'compression_level': '8', 'reservoir': '1', 'aq': '9'}",102.0546875,-3.349,-1.733,0.5178036200231872,0.3643931023284268
"{'ar': '48000', 'sample_fmt': 's32p', 'compression_level': '8', 'reservoir': '1', 'aq': '9'}",102.0546875,-3.349,-1.733,0.5232370330486447,0.36399150307336103
"{'ar': '48000', 'sample_fmt': 's32p', 'compression_level': '8', 'reservoir': '1', 'aq': '9'}",102.0546875,-3.349,-1.733,0.5083968780236319,0.36508838180781067
"{'ar': '44100', 'sample_fmt': 's32p', 'compression_level': '9', 'reservoir': '1', 'aq': '9'}",97.1474609375,-3.314,-1.668,0.5109090409823693,0.47478560918048035
"{'ar': '48000', 'sample_fmt': 's32p', 'compression_level': '7', 'reservoir': '1', 'aq': '9'}",102.0546875,-3.349,-1.733,0.5078995589865372,0.3651251400947091
"{'ar': '48000', 'sample_fmt': 's32p', 'compression_level': '7', 'reservoir': '1', 'aq': '9'}",102.0546875,-3.349,-1.733,0.5134363280085381,0.36471590149932
"{'ar': '48000', 'sample_fmt': 's32p', 'compression_level': '8', 'reservoir': '1', 'aq': '9'}",102.0546875,-3.349,-1.733,0.5076905020105187,0.3651405920998193
"{'ar': '48000', 'sample_fmt': 's32p', 'compression_level': '8', 'reservoir': '1', 'aq': '9'}",102.0546875,-3.349,-1.733,0.5616315540100913,0.36115365309868014
"{'ar': '48000', 'sample_fmt': 's32p', 'compression_level': '8', 'reservoir': '1', 'aq': '9'}",102.0546875,-3.349,-1.733,0.5138136050081812,0.3646880158662381
"{'ar': '44100', 'sample_fmt': 's32p', 'compression_level': '8', 'reservoir': '1', 'aq': '9'}",97.1474609375,-3.314,-1.668,0.5062290329951793,0.47513152209241094
"{'ar': '48000', 'sample_fmt': 's32p', 'compression_level': '8', 'reservoir': '1', 'aq': '9'}",102.0546875,-3.349,-1.733,0.5069455649645533,0.3651956525491776
"{'ar': '48000', 'sample_fmt': 's32p', 'compression_level': '8', 'reservoir': '1', 'aq': '9'}",102.0546875,-3.349,-1.733,0.5710114609973971,0.360460357072584
"{'ar': '48000', 'sample_fmt': 's32p', 'compression_level': '8', 'reservoir': '1', 'aq': '9'}",102.0546875,-3.349,-1.733,0.6036551170109306,0.35804757014174776
"{'ar': '48000', 'sample_fmt': 's32p', 'compression_level': '8', 'reservoir': '1', 'aq': '9'}",102.0546875,-3.349,-1.733,0.6491094409720972,0.3546879097299963
"{'ar': '44100', 'sample_fmt': 's32p', 'compression_level': '8', 'reservoir': '1', 'aq': '9'}",97.1474609375,-3.314,-1.668,0.5111572020105086,0.47476726688189747
"{'ar': '48000', 'sample_fmt': 's32p', 'compression_level': '8', 'reservoir': '1', 'aq': '9'}",102.0546875,-3.349,-1.733,0.5473239379934967,0.36221117033639244
"{'ar': '44100', 'sample_fmt': 's32p', 'compression_level': '8', 'reservoir': '1', 'aq': '9'}",97.1474609375,-3.314,-1.668,0.5637861559807789,0.4708773088370508
"{'ar': '48000', 'sample_fmt': 's32p', 'compression_level': '9', 'reservoir': '1', 'aq': '9'}",102.0546875,-3.349,-1.733,0.5417605939728674,0.3626223731667113
"{'ar': '48000', 'sample_fmt': 's32p', 'compression_level': '8', 'reservoir': '1', 'aq': '9'}",102.0546875,-3.349,-1.733,0.5184490050305612,0.36434540005786914
"{'ar': '48000', 'sample_fmt': 's32p', 'compression_level': '8', 'reservoir': '1', 'aq': '9'}",102.0546875,-3.349,-1.733,0.5254781860276125,0.3638258529814897
"{'ar': '48000', 'sample_fmt': 's32p', 'compression_level': '8', 'reservoir': '1', 'aq': '9'}",102.0546875,-3.349,-1.733,0.5233921769540757,0.3639800359390649
"{'ar': '48000', 'sample_fmt': 's32p', 'compression_level': '9', 'reservoir': '1', 'aq': '9'}",102.0546875,-3.349,-1.733,0.5150993900024332,0.36459297978239047
"{'ar': '48000', 'sample_fmt': 's32p', 'compression_level': '8', 'reservoir': '1', 'aq': '9'}",102.0546875,-3.349,-1.733,0.5739178939838894,0.3602455342132127
"{'ar': '48000', 'sample_fmt': 's32p', 'compression_level': '8', 'reservoir': '1', 'aq': '9'}",102.0546875,-3.349,-1.733,0.5542395600059535,0.36170001673266183
"{'ar': '48000', 'sample_fmt': 's32p', 'compression_level': '8', 'reservoir': '1', 'aq': '9'}",102.0546875,-3.349,-1.733,0.5268359840265475,0.3637254942084041
"{'ar': '48000', 'sample_fmt': 's32p', 'compression_level': '8', 'reservoir': '1', 'aq': '9'}",102.0546875,-3.349,-1.733,0.5280403130163904,0.36363647877318706
"{'ar': '48000', 'sample_fmt': 'fltp', 'compression_level': '8', 'reservoir': '1', 'aq': '9'}",102.0546875,-3.349,-1.733,0.543565848027356,0.36248894162375844
"{'ar': '48000', 'sample_fmt': 's32p', 'compression_level': '8', 'reservoir': '1', 'aq': '9'}",102.0546875,-3.349,-1.733,0.5131810140155721,0.3647347724941998
"{'ar': '48000', 'sample_fmt': 's32p', 'compression_level': '9', 'reservoir': '1', 'aq': '9'}",102.0546875,-3.349,-1.733,0.5275748779822607,0.36367088042130624
"{'ar': '48000', 'sample_fmt': 's32p', 'compression_level': '8', 'reservoir': '1', 'aq': '9'}",102.0546875,-3.349,-1.733,0.5156222239602357,0.3645543356139842
"{'ar': '48000', 'sample_fmt': 's32p', 'compression_level': '9', 'reservoir': '1', 'aq': '9'}",102.0546875,-3.349,-1.733,0.5137142419989686,0.36469536007333114
"{'ar': '48000', 'sample_fmt': 's32p', 'compression_level': '8', 'reservoir': '1', 'aq': '9'}",102.0546875,-3.349,-1.733,0.5145908380218316,0.36463056832859797
"{'ar': '48000', 'sample_fmt': 's32p', 'compression_level': '8', 'reservoir': '1', 'aq': '9'}",102.0546875,-3.349,-1.733,0.5115706990181934,0.36485379552821884
"{'ar': '48000', 'sample_fmt': 's32p', 'compression_level': '8', 'reservoir': '1', 'aq': '9'}",102.0546875,-3.349,-1.733,0.5089249429875053,0.3650493510006322
"{'ar': '48000', 'sample_fmt': 's32p', 'compression_level': '8', 'reservoir': '1', 'aq': '9'}",102.0546875,-3.349,-1.733,0.5139045430114493,0.3646812943756762
"{'ar': '48000', 'sample_fmt': 's32p', 'compression_level': '8', 'reservoir': '1', 'aq': '9'}",102.0546875,-3.349,-1.733,0.5101913219841663,0.36495574927013474
"{'ar': '48000', 'sample_fmt': 's32p', 'compression_level': '8', 'reservoir': '1', 'aq': '9'}",102.0546875,-3.349,-1.733,0.5132017939758953,0.3647332365872943
"{'ar': '48000', 'sample_fmt': 's32p', 'compression_level': '7', 'reservoir': '1', 'aq': '9'}",102.0546875,-3.349,-1.733,0.515769861987792,0.364543423260808
"{'ar': '48000', 'sample_fmt': 's32p', 'compression_level': '8', 'reservoir': '1', 'aq': '9'}",102.0546875,-3.349,-1.733,0.5121176740212832,0.36481336702540645
"{'ar': '48000', 'sample_fmt': 's32p', 'compression_level': '8', 'reservoir': '1', 'aq': '9'}",102.0546875,-3.349,-1.733,0.5162623910000548,0.36450701901848437
"{'ar': '48000', 'sample_fmt': 's32p', 'compression_level': '8', 'reservoir': '1', 'aq': '9'}",102.0546875,-3.349,-1.733,0.5209128180285916,0.3641632925206739
"{'ar': '48000', 'sample_fmt': 's32p', 'compression_level': '8', 'reservoir': '1', 'aq': '9'}",102.0546875,-3.349,-1.733,0.5141527859959751,0.36466294601946003
"{'ar': '48000', 'sample_fmt': 's32p', 'compression_level': '8', 'reservoir': '1', 'aq': '9'}",102.0546875,-3.349,-1.733,0.5158354979939759,0.3645385719139537
"{'ar': '48000', 'sample_fmt': 's32p', 'compression_level': '7', 'reservoir': '1', 'aq': '9'}",102.0546875,-3.349,-1.733,0.5122116560232826,0.3648064205441035
"{'ar': '48000', 'sample_fmt': 's32p', 'compression_level': '8', 'reservoir': '1', 'aq': '9'}",102.0546875,-3.349,-1.733,0.5132769159972668,0.3647276841016503
"{'ar': '48000', 'sample_fmt': 's32p', 'compression_level': '8', 'reservoir': '1', 'aq': '9'}",102.0546875,-3.349,-1.733,0.5167610050120857,0.36447016501624696
"{'ar': '48000', 'sample_fmt': 's32p', 'compression_level': '7', 'reservoir': '1', 'aq': '9'}",102.0546875,-3.349,-1.733,0.5256928409799002,0.36380998721377955
"{'ar': '48000', 'sample_fmt': 's32p', 'compression_level': '9', 'reservoir': '1', 'aq': '9'}",102.0546875,-3.349,-1.733,0.5203036449966021,0.3642083182595064
"{'ar': '48000', 'sample_fmt': 's32p', 'compression_level': '8', 'reservoir': '1', 'aq': '9'}",102.0546875,-3.349,-1.733,0.5234402649803087,0.3639764816141089
"{'ar': '48000', 'sample_fmt': 's32p', 'compression_level': '8', 'reservoir': '1', 'aq': '9'}",102.0546875,-3.349,-1.733,0.5090736289857887,0.3650383611889117
"{'ar': '48000', 'sample_fmt': 's32p', 'compression_level': '8', 'reservoir': '1', 'aq': '9'}",102.0546875,-3.349,-1.733,0.5500906360102817,0.362006675692358
"{'ar': '48000', 'sample_fmt': 's32p', 'compression_level': '8', 'reservoir': '1', 'aq': '9'}",102.0546875,-3.349,-1.733,0.5583144569827709,0.36139882932380996
"{'ar': '48000', 'sample_fmt': 's32p', 'compression_level': '8', 'reservoir': '1', 'aq': '9'}",102.0546875,-3.349,-1.733,0.5198202330211643,0.3642440486352971
"{'ar': '48000', 'sample_fmt': 's32p', 'compression_level': '8', 'reservoir': '1', 'aq': '9'}",102.0546875,-3.349,-1.733,0.5232147430069745,0.3639931505947418
"{'ar': '48000', 'sample_fmt': 's32p', 'compression_level': '8', 'reservoir': '1', 'aq': '9'}",102.0546875,-3.349,-1.733,0.5185193220095243,0.36434020272679235
"{'ar': '48000', 'sample_fmt': 's32p', 'compression_level': '8', 'reservoir': '1', 'aq': '9'}",102.0546875,-3.349,-1.733,0.5169923699868377,0.3644530641624975
"{'ar': '44100', 'sample_fmt': 's32p', 'compression_level': '8', 'reservoir': '1', 'aq': '9'}",97.1474609375,-3.314,-1.668,0.5649825809814502,0.4707888776085098
"{'ar': '48000', 'sample_fmt': 's32p', 'compression_level': '8', 'reservoir': '1', 'b:a': '317k', 'abr': 'True'}",434.046875,-3.319,-1.678,0.5255790750088636,-0.078681439944586
"{'ar': '48000', 'sample_fmt': 's32p', 'compression_level': '8', 'reservoir': '1', 'aq': '9'}",102.0546875,-3.349,-1.733,0.518189008027548,0.36436461718755175
"{'ar': '48000', 'sample_fmt': 's32p', 'compression_level': '8', 'reservoir': '1', 'aq': '9'}",102.0546875,-3.349,-1.733,0.5149567589978687,0.36460352205203095
"{'ar': '48000', 'sample_fmt': 's32p', 'compression_level': '8', 'reservoir': '1', 'aq': '9'}",102.0546875,-3.349,-1.733,0.5135820529831108,0.36470513054541703
"{'ar': '48000', 'sample_fmt': 's32p', 'compression_level': '8', 'reservoir': '1', 'aq': '9'}",102.0546875,-3.349,-1.733,0.522856650990434,0.36401961821029283
"{'ar': '48000', 'sample_fmt': 's32p', 'compression_level': '8', 'reservoir': '1', 'aq': '9'}",102.0546875,-3.349,-1.733,0.5208865270251408,0.3641652357646996
"{'ar': '48000', 'sample_fmt': 's32p', 'compression_level': '8', 'reservoir': '1', 'aq': '9'}",102.0546875,-3.349,-1.733,0.513106124009937,0.36474030783089034
"{'ar': '48000', 'sample_fmt': 's32p', 'compression_level': '8', 'reservoir': '1', 'aq': '9'}",102.0546875,-3.349,-1.733,0.5213277039874811,0.3641326271007534
"{'ar': '48000', 'sample_fmt': 's32p', 'compression_level': '8', 'reservoir': '1', 'aq': '9'}",102.0546875,-3.349,-1.733,0.5330324200040195,0.3632674977224097
"{'ar': '48000', 'sample_fmt': 's32p', 'compression_level': '9', 'reservoir': '1', 'aq': '9'}",102.0546875,-3.349,-1.733,0.5188356740109157,0.36431682023635736
"{'ar': '48000', 'sample_fmt': 's32p', 'compression_level': '8', 'reservoir': '1', 'aq': '9'}",102.0546875,-3.349,-1.733,0.5362616979982704,0.36302881245574303
"{'ar': '48000', 'sample_fmt': 's32p', 'compression_level': '8', 'reservoir': '1', 'aq': '9'}",102.0546875,-3.349,-1.733,0.5129756379756145,0.3647499524306907
"{'ar': '48000', 'sample_fmt': 's32p', 'compression_level': '8', 'reservoir': '1', 'aq': '9'}",102.0546875,-3.349,-1.733,0.515167730016401,0.3645879285745084
"{'ar': '48000', 'sample_fmt': 's32p', 'compression_level': '8', 'reservoir': '1', 'aq': '9'}",102.0546875,-3.349,-1.733,0.5262878159992397,0.36376601089108335
"{'ar': '44100', 'sample_fmt': 's32p', 'compression_level': '8', 'reservoir': '1', 'aq': '9'}",97.1474609375,-3.314,-1.668,0.5401156949810684,0.47262686099883355
"{'ar': '48000', 'sample_fmt': 's32p', 'compression_level': '8', 'reservoir': '1', 'aq': '9'}",102.0546875,-3.349,-1.733,0.5342251109832432,0.36317934248618233
"{'ar': '48000', 'sample_fmt': 's32p', 'compression_level': '8', 'reservoir': '1', 'aq': '9'}",102.0546875,-3.349,-1.733,0.5406168600020465,0.3627069098489998
"{'ar': '44100', 'sample_fmt': 's32p', 'compression_level': '8', 'reservoir': '1', 'aq': '9'}",97.1474609375,-3.314,-1.668,0.5323972689802758,0.4731973521648236
"{'ar': '48000', 'sample_fmt': 's32p', 'compression_level': '9', 'reservoir': '1', 'aq': '9'}",102.0546875,-3.349,-1.733,0.5297956980066374,0.3635067331968552
"{'ar': '48000', 'sample_fmt': 's32p', 'compression_level': '8', 'reservoir': '1', 'aq': '9'}",102.0546875,-3.349,-1.733,0.5180858020030428,0.3643722454430084
"{'ar': '48000', 'sample_fmt': 's32p', 'compression_level': '8', 'reservoir': '1', 'aq': '9'}",102.0546875,-3.349,-1.733,0.5522274679969996,0.3618487362664307
"{'ar': '48000', 'sample_fmt': 's32p', 'compression_level': '8', 'reservoir': '1', 'aq': '9'}",102.0546875,-3.349,-1.733,0.5592676300148014,0.36132837755108094
"{'ar': '48000', 'sample_fmt': 's32p', 'compression_level': '8', 'reservoir': '1', 'aq': '9'}",102.0546875,-3.349,-1.733,0.5320879460196011,0.3633373065233962
"{'ar': '48000', 'sample_fmt': 's32p', 'compression_level': '8', 'reservoir': '1', 'aq': '9'}",102.0546875,-3.349,-1.733,0.5188388020324055,0.3643165890352515
"{'ar': '48000', 'sample_fmt': 'fltp', 'compression_level': '8', 'reservoir': '1', 'aq': '9'}",102.0546875,-3.349,-1.733,0.5259332050045487,0.363792221214252
"{'ar': '48000', 'sample_fmt': 's32p', 'compression_level': '8', 'reservoir': '1', 'aq': '9'}",102.0546875,-3.349,-1.733,0.5169831090024672,0.3644537486686094
"{'ar': '48000', 'sample_fmt': 's32p', 'compression_level': '8', 'reservoir': '1', 'aq': '9'}",102.0546875,-3.349,-1.733,0.540854644990759,0.3626893344734696
"{'ar': '48000', 'sample_fmt': 's32p', 'compression_level': '8', 'reservoir': '1', 'aq': '9'}",102.0546875,-3.349,-1.733,0.5182306409988087,0.36436153997435883
"{'ar': '48000', 'sample_fmt': 's32p', 'compression_level': '8', 'reservoir': '1', 'aq': '9'}",102.0546875,-3.349,-1.733,0.5252046509704087,0.363846070747872
"{'ar': '48000', 'sample_fmt': 's32p', 'compression_level': '8', 'reservoir': '1', 'aq': '9'}",102.0546875,-3.349,-1.733,0.5226582199975383,0.3640342848182896
"{'ar': '48000', 'sample_fmt': 's32p', 'compression_level': '8', 'reservoir': '1', 'aq': '9'}",102.0546875,-3.349,-1.733,0.5194833209970966,0.36426895077641064
"{'ar': '48000', 'sample_fmt': 's32p', 'compression_level': '8', 'reservoir': '1', 'aq': '9'}",102.0546875,-3.349,-1.733,0.51515399600612,0.3645889436948889
"{'ar': '48000', 'sample_fmt': 's32p', 'compression_level': '8', 'reservoir': '1', 'aq': '9'}",102.0546875,-3.349,-1.733,0.525030919990968,0.3638589117065104
"{'ar': '48000', 'sample_fmt': 's32p', 'compression_level': '8', 'reservoir': '1', 'aq': '9'}",102.0546875,-3.349,-1.733,0.5199486429919489,0.36423455748335104
"{'ar': '48000', 'sample_fmt': 's32p', 'compression_level': '8', 'reservoir': '1', 'aq': '9'}",102.0546875,-3.349,-1.733,0.5174917729746085,0.36441615184478365
"{'ar': '44100', 'sample_fmt': 's32p', 'compression_level': '8', 'reservoir': '1', 'aq': '9'}",97.1474609375,-3.314,-1.668,0.5181293210189324,0.47425193742196237
"{'ar': '48000', 'sample_fmt': 's32p', 'compression_level': '8', 'reservoir': '1', 'aq': '9'}",102.0546875,-3.349,-1.733,0.5202279149962123,0.3642139156826362
"{'ar': '48000', 'sample_fmt': 's32p', 'compression_level': '8', 'reservoir': '1', 'aq': '9'}",102.0546875,-3.349,-1.733,0.5220021029817872,0.3640827803225936
"{'ar': '48000', 'sample_fmt': 's32p', 'compression_level': '8', 'reservoir': '1', 'aq': '9'}",102.0546875,-3.349,-1.733,0.5178379380085971,0.36439056578697276
"{'ar': '48000', 'sample_fmt': 's32p', 'compression_level': '8', 'reservoir': '1', 'aq': '9'}",102.0546875,-3.349,-1.733,0.5202414090163074,0.36421291830062374
"{'ar': '48000', 'sample_fmt': 's32p', 'compression_level': '8', 'reservoir': '1', 'aq': '9'}",102.0546875,-3.349,-1.733,0.5278583000181243,0.36364993187976546
"{'ar': '48000', 'sample_fmt': 's32p', 'compression_level': '8', 'reservoir': '1', 'aq': '9'}",102.0546875,-3.349,-1.733,0.5448594779882114,0.3623933256957632
"{'ar': '48000', 'sample_fmt': 's32p', 'compression_level': '8', 'reservoir': '1', 'aq': '9'}",102.0546875,-3.349,-1.733,0.5184345919988118,0.36434646536668824
"{'ar': '48000', 'sample_fmt': 's32p', 'compression_level': '9', 'reservoir': '1', 'aq': '9'}",102.0546875,-3.349,-1.733,0.5221542340004817,0.3640715358794611
"{'ar': '48000', 'sample_fmt': 's32p', 'compression_level': '8', 'reservoir': '1', 'aq': '9'}",102.0546875,-3.349,-1.733,0.5233134510053787,0.3639858548013901
"{'ar': '48000', 'sample_fmt': 's32p', 'compression_level': '8', 'reservoir': '1', 'aq': '9'}",102.0546875,-3.349,-1.733,0.5348775849852245,0.3631311162475515
"{'ar': '48000', 'sample_fmt': 's32p', 'compression_level': '8', 'reservoir': '1', 'aq': '9'}",102.0546875,-3.349,-1.733,0.5334719720412977,0.3632350091613696
"{'ar': '48000', 'sample_fmt': 's32p', 'compression_level': '8', 'reservoir': '1', 'aq': '9'}",102.0546875,-3.349,-1.733,0.5485150150198024,0.3621231343920883
"{'ar': '48000', 'sample_fmt': 's32p', 'compression_level': '8', 'reservoir': '1', 'aq': '9'}",102.0546875,-3.349,-1.733,0.6293427339987829,0.3561489241528633
"{'ar': '48000', 'sample_fmt': 's32p', 'compression_level': '8', 'reservoir': '1', 'aq': '9'}",102.0546875,-3.349,-1.733,0.5297435359971132,0.36351058864168695
"{'ar': '48000', 'sample_fmt': 's32p', 'compression_level': '8', 'reservoir': '1', 'aq': '9'}",102.0546875,-3.349,-1.733,0.5215899689937942,0.3641132423363941
"{'ar': '48000', 'sample_fmt': 's32p', 'compression_level': '8', 'reservoir': '1', 'aq': '9'}",102.0546875,-3.349,-1.733,0.5230970249685925,0.3640018514750726
"{'ar': '48000', 'sample_fmt': 's32p', 'compression_level': '8', 'reservoir': '1', 'aq': '9'}",102.0546875,-3.349,-1.733,0.5221964080119506,0.36406841867642326
"{'ar': '48000', 'sample_fmt': 's32p', 'compression_level': '8', 'reservoir': '1', 'aq': '9'}",102.0546875,-3.349,-1.733,0.5205673320160713,0.36418882839004624
"{'ar': '48000', 'sample_fmt': 's32p', 'compression_level': '8', 'reservoir': '1', 'aq': '9'}",102.0546875,-3.349,-1.733,0.5366335629951209,0.36300132683942404
"{'ar': '48000', 'sample_fmt': 's32p', 'compression_level': '8', 'reservoir': '1', 'aq': '9'}",102.0546875,-3.349,-1.733,0.5246061089856084,0.3638903107152912
"{'ar': '48000', 'sample_fmt': 's32p', 'compression_level': '9', 'reservoir': '1', 'aq': '9'}",102.0546875,-3.349,-1.733,0.5173309349920601,0.36442803984477096
"{'ar': '48000', 'sample_fmt': 's32p', 'compression_level': '9', 'reservoir': '1', 'aq': '9'}",102.0546875,-3.349,-1.733,0.5235851929755881,0.3639657695672482
"{'ar': '48000', 'sample_fmt': 's32p', 'compression_level': '8', 'reservoir': '1', 'aq': '9'}",102.0546875,-3.349,-1.733,0.5285952650010586,0.3635954606686189
"{'ar': '48000', 'sample_fmt': 'fltp', 'compression_level': '8', 'reservoir': '1', 'aq': '9'}",102.0546875,-3.349,-1.733,0.5219198789855,0.36408885773572286
"{'ar': '48000', 'sample_fmt': 's32p', 'compression_level': '8', 'reservoir': '1', 'aq': '9'}",102.0546875,-3.349,-1.733,0.5211300230002962,0.36414723827366113
"{'ar': '48000', 'sample_fmt': 's32p', 'compression_level': '8', 'reservoir': '1', 'aq': '9'}",102.0546875,-3.349,-1.733,0.536892815027386,0.3629821647726818
"{'ar': '48000', 'sample_fmt': 's32p', 'compression_level': '8', 'reservoir': '1', 'aq': '9'}",102.0546875,-3.349,-1.733,0.5249429559917189,0.36386541337984274
"{'ar': '48000', 'sample_fmt': 's32p', 'compression_level': '8', 'reservoir': '1', 'aq': '9'}",102.0546875,-3.349,-1.733,0.6017456480185501,0.35818870451186063
"{'ar': '48000', 'sample_fmt': 's32p', 'compression_level': '8', 'reservoir': '1', 'aq': '9'}",102.0546875,-3.349,-1.733,0.869141695991857,0.3384246900387334
"{'ar': '48000', 'sample_fmt': 's32p', 'compression_level': '8', 'reservoir': '1', 'aq': '9'}",102.0546875,-3.349,-1.733,0.8190493099973537,0.34212716301577484
"{'ar': '48000', 'sample_fmt': 's32p', 'compression_level': '8', 'reservoir': '1', 'aq': '9'}",102.0546875,-3.349,-1.733,0.6893355940119363,0.3517146785364037
"{'ar': '48000', 'sample_fmt': 's32p', 'compression_level': '8', 'reservoir': '1', 'aq': '9'}",102.0546875,-3.349,-1.733,0.5336096299870405,0.3632248344648749
"{'ar': '48000', 'sample_fmt': 's32p', 'compression_level': '8', 'reservoir': '1', 'b:a': '317k', 'abr': 'True'}",434.046875,-3.319,-1.678,0.6387093260127585,-0.08704322365506441
"{'ar': '48000', 'sample_fmt': 's32p', 'compression_level': '9', 'reservoir': '1', 'aq': '9'}",102.0546875,-3.349,-1.733,0.533331130980514,0.3632454191310937
"{'ar': '48000', 'sample_fmt': 's32p', 'compression_level': '8', 'reservoir': '1', 'aq': '9'}",102.0546875,-3.349,-1.733,0.5227627199783456,0.3640265609227841
"{'ar': '48000', 'sample_fmt': 's32p', 'compression_level': '9', 'reservoir': '1', 'aq': '9'}",102.0546875,-3.349,-1.733,0.5310853539849631,0.3634114109973905
"{'ar': '48000', 'sample_fmt': 's32p', 'compression_level': '9', 'reservoir': '1', 'aq': '9'}",102.0546875,-3.349,-1.733,0.5338476180040743,0.363207244082935
"{'ar': '48000', 'sample_fmt': 's32p', 'compression_level': '8', 'reservoir': '1', 'aq': '9'}",102.0546875,-3.349,-1.733,0.5575054410146549,0.3614586260314428
"{'ar': '44100', 'sample_fmt': 's32p', 'compression_level': '8', 'reservoir': '1', 'aq': '9'}",97.1474609375,-3.314,-1.668,0.5460620579542592,0.47218734813110286
"{'ar': '48000', 'sample_fmt': 's32p', 'compression_level': '6', 'reservoir': '1', 'aq': '9'}",110.65625,-3.337,-1.711,0.5416046149621252,0.3838080322085304
"{'ar': '48000', 'sample_fmt': 's32p', 'compression_level': '8', 'reservoir': '1', 'aq': '9'}",102.0546875,-3.349,-1.733,0.5218342790030874,0.3640951846777406
"{'ar': '48000', 'sample_fmt': 's32p', 'compression_level': '8', 'reservoir': '1', 'aq': '9'}",102.0546875,-3.349,-1.733,0.5554910619975999,0.36160751460458807
"{'ar': '48000', 'sample_fmt': 's32p', 'compression_level': '8', 'reservoir': '1', 'aq': '9'}",102.0546875,-3.349,-1.733,0.5201740880147554,0.364217894190354
"{'ar': '48000', 'sample_fmt': 's32p', 'compression_level': '8', 'reservoir': '1', 'aq': '9'}",102.0546875,-3.349,-1.733,0.5386020040023141,0.3628558336773129
"{'ar': '48000', 'sample_fmt': 's32p', 'compression_level': '8', 'reservoir': '1', 'aq': '9'}",102.0546875,-3.349,-1.733,0.5200135729974136,0.36422975831904975
"{'ar': '48000', 'sample_fmt': 's32p', 'compression_level': '8', 'reservoir': '1', 'aq': '9'}",102.0546875,-3.349,-1.733,0.5249702530272771,0.3638633957770773
"{'ar': '48000', 'sample_fmt': 's32p', 'compression_level': '7', 'reservoir': '1', 'aq': '9'}",102.0546875,-3.349,-1.733,0.5262488820008002,0.3637688886153971
"{'ar': '48000', 'sample_fmt': 's32p', 'compression_level': '8', 'reservoir': '1', 'aq': '9'}",102.0546875,-3.349,-1.733,0.5274266420165077,0.36368183696982215
"{'ar': '48000', 'sample_fmt': 's32p', 'compression_level': '8', 'reservoir': '1', 'aq': '9'}",102.0546875,-3.349,-1.733,0.522712133009918,0.36403029995177777
"{'ar': '48000', 'sample_fmt': 's32p', 'compression_level': '8', 'reservoir': '1', 'aq': '9'}",102.0546875,-3.349,-1.733,0.5256817039917223,0.3638108103807531
"{'ar': '48000', 'sample_fmt': 's32p', 'compression_level': '8', 'reservoir': '1', 'aq': '9'}",102.0546875,-3.349,-1.733,0.5193902029714081,0.36427583339872827
"{'ar': '48000', 'sample_fmt': 's32p', 'compression_level': '8', 'reservoir': '1', 'aq': '9'}",102.0546875,-3.349,-1.733,0.52898079296574,0.3635669651828722
"{'ar': '48000', 'sample_fmt': 's32p', 'compression_level': '8', 'reservoir': '1', 'aq': '9'}",102.0546875,-3.349,-1.733,0.528011026995955,0.36363864338757135
"{'ar': '48000', 'sample_fmt': 's32p', 'compression_level': '8', 'reservoir': '1', 'aq': '9'}",102.0546875,-3.349,-1.733,0.5254594270081725,0.3638272395148155
"{'ar': '48000', 'sample_fmt': 's32p', 'compression_level': '8', 'reservoir': '1', 'aq': '9'}",102.0546875,-3.349,-1.733,0.5262633980019018,0.3637678156958157
"{'ar': '44100', 'sample_fmt': 's32p', 'compression_level': '8', 'reservoir': '1', 'aq': '9'}",97.1474609375,-3.314,-1.668,0.5567601669754367,0.47139661998410065
"{'ar': '48000', 'sample_fmt': 's32p', 'compression_level': '7', 'reservoir': '1', 'aq': '9'}",102.0546875,-3.349,-1.733,0.5227656160132028,0.3640263468684805
"{'ar': '48000', 'sample_fmt': 's32p', 'compression_level': '8', 'reservoir': '1', 'aq': '9'}",102.0546875,-3.349,-1.733,0.5493238280178048,0.36206335268656303
"{'ar': '48000', 'sample_fmt': 's32p', 'compression_level': '8', 'reservoir': '1', 'aq': '9'}",102.0546875,-3.349,-1.733,0.6169089489849284,0.3570679411272432
"{'ar': '48000', 'sample_fmt': 's32p', 'compression_level': '8', 'reservoir': '1', 'aq': '9'}",102.0546875,-3.349,-1.733,0.6167758209921885,0.3570777810018234
"{'ar': '48000', 'sample_fmt': 's32p', 'compression_level': '8', 'reservoir': '1', 'aq': '9'}",102.0546875,-3.349,-1.733,0.5583114940091036,0.36139904832575437
"{'ar': '48000', 'sample_fmt': 's32p', 'compression_level': '8', 'reservoir': '1', 'aq': '9'}",102.0546875,-3.349,-1.733,0.5401938569848426,0.36273817522415236
"{'ar': '48000', 'sample_fmt': 's32p', 'compression_level': '8', 'reservoir': '1', 'aq': '9'}",102.0546875,-3.349,-1.733,0.5267302710271906,0.3637333077616152
"{'ar': '48000', 'sample_fmt': 's32p', 'compression_level': '8', 'reservoir': '1', 'aq': '9'}",102.0546875,-3.349,-1.733,0.5376373370236252,0.362927135000848
"{'ar': '48000', 'sample_fmt': 's32p', 'compression_level': '8', 'reservoir': '1', 'aq': '9'}",102.0546875,-3.349,-1.733,0.5510632939694915,0.3619347837323649
"{'ar': '48000', 'sample_fmt': 's32p', 'compression_level': '8', 'reservoir': '1', 'aq': '9'}",102.0546875,-3.349,-1.733,0.5306211849965621,0.363445719068412
"{'ar': '48000', 'sample_fmt': 's32p', 'compression_level': '7', 'reservoir': '1', 'aq': '9'}",102.0546875,-3.349,-1.733,0.5348563330189791,0.3631326870417785
"{'ar': '48000', 'sample_fmt': 's32p', 'compression_level': '8', 'reservoir': '1', 'aq': '9'}",102.0546875,-3.349,-1.733,0.52654588301084,0.3637469364126422
"{'ar': '48000', 'sample_fmt': 's32p', 'compression_level': '8', 'reservoir': '1', 'aq': '9'}",102.0546875,-3.349,-1.733,0.5254717040224932,0.36382633208521603
"{'ar': '48000', 'sample_fmt': 's32p', 'compression_level': '7', 'reservoir': '1', 'aq': '9'}",102.0546875,-3.349,-1.733,0.521905073983362,0.36408995201620586
"{'ar': '48000', 'sample_fmt': 's32p', 'compression_level': '7', 'reservoir': '1', 'aq': '9'}",102.0546875,-3.349,-1.733,0.5249650370096788,0.3638637813080083
"{'ar': '48000', 'sample_fmt': 's32p', 'compression_level': '8', 'reservoir': '1', 'aq': '9'}",102.0546875,-3.349,-1.733,0.5170056979986839,0.3644520790506343
"{'ar': '48000', 'sample_fmt': 's32p', 'compression_level': '7', 'reservoir': '1', 'aq': '9'}",102.0546875,-3.349,-1.733,0.5234796619915869,0.3639735696671785
"{'ar': '48000', 'sample_fmt': 's32p', 'compression_level': '8', 'reservoir': '1', 'aq': '9'}",102.0546875,-3.349,-1.733,0.5190504300117027,0.3643009469998607
"{'ar': '48000', 'sample_fmt': 's32p', 'compression_level': '6', 'reservoir': '1', 'aq': '9'}",110.65625,-3.337,-1.711,0.542284497001674,0.38375778016265494
"{'ar': '48000', 'sample_fmt': 's32p', 'compression_level': '8', 'reservoir': '1', 'aq': '9'}",102.0546875,-3.349,-1.733,0.5248290730232839,0.3638738307990733
"{'ar': '48000', 'sample_fmt': 's32p', 'compression_level': '8', 'reservoir': '1', 'aq': '9'}",102.0546875,-3.349,-1.733,0.5249864129873458,0.3638622013477389
"{'ar': '48000', 'sample_fmt': 's32p', 'compression_level': '8', 'reservoir': '1', 'aq': '9'}",102.0546875,-3.349,-1.733,0.5190947199880611,0.36429767339974434
"{'ar': '48000', 'sample_fmt': 's32p', 'compression_level': '8', 'reservoir': '1', 'aq': '9'}",102.0546875,-3.349,-1.733,0.5203765590267722,0.36420292897287143
"{'ar': '48000', 'sample_fmt': 's32p', 'compression_level': '8', 'reservoir': '1', 'aq': '9'}",102.0546875,-3.349,-1.733,0.5375542859837878,0.3629332735431555
"{'ar': '48000', 'sample_fmt': 's32p', 'compression_level': '8', 'reservoir': '1', 'aq': '9'}",102.0546875,-3.349,-1.733,0.5252023829962127,0.36384623838039754
"{'ar': '48000', 'sample_fmt': 's32p', 'compression_level': '8', 'reservoir': '1', 'aq': '9'}",102.0546875,-3.349,-1.733,0.5533868680067826,0.36176304166193984
"{'ar': '48000', 'sample_fmt': 's32p', 'compression_level': '8', 'reservoir': '1', 'aq': '9'}",102.0546875,-3.349,-1.733,0.5426513590209652,0.3625565341483855
"{'ar': '48000', 'sample_fmt': 's32p', 'compression_level': '8', 'reservoir': '1', 'aq': '9'}",102.0546875,-3.349,-1.733,0.5224554899905343,0.3640492691788399
"{'ar': '48000', 'sample_fmt': 's32p', 'compression_level': '8', 'reservoir': '1', 'aq': '9'}",102.0546875,-3.349,-1.733,0.5718140439712442,0.36040103584614397
"{'ar': '48000', 'sample_fmt': 's32p', 'compression_level': '8', 'reservoir': '1', 'aq': '9'}",102.0546875,-3.349,-1.733,0.5494515419995878,0.362053912977175
"{'ar': '48000', 'sample_fmt': 's32p', 'compression_level': '8', 'reservoir': '1', 'aq': '9'}",102.0546875,-3.349,-1.733,0.6406346879666671,0.3553143032100982
"{'ar': '48000', 'sample_fmt': 's32p', 'compression_level': '9', 'reservoir': '1', 'aq': '9'}",102.0546875,-3.349,-1.733,0.6109066889912356,0.35751158550525836
"{'ar': '48000', 'sample_fmt': 's32p', 'compression_level': '8', 'reservoir': '1', 'aq': '9'}",102.0546875,-3.349,-1.733,0.5333205350034405,0.36324620231037336
"{'ar': '48000', 'sample_fmt': 's32p', 'compression_level': '8', 'reservoir': '1', 'aq': '9'}",102.0546875,-3.349,-1.733,0.5271034089964814,0.3637057280562253
"{'ar': '48000', 'sample_fmt': 's32p', 'compression_level': '8', 'reservoir': '1', 'aq': '9'}",102.0546875,-3.349,-1.733,0.5626353520201519,0.361079459487558
"{'ar': '48000', 'sample_fmt': 's32p', 'compression_level': '8', 'reservoir': '1', 'aq': '9'}",102.0546875,-3.349,-1.733,0.5623856409802102,0.3610979163519915
"{'ar': '48000', 'sample_fmt': 's32p', 'compression_level': '9', 'reservoir': '1', 'aq': '9'}",102.0546875,-3.349,-1.733,0.5173649359785486,0.3644255267336231
"{'ar': '48000', 'sample_fmt': 's32p', 'compression_level': '8', 'reservoir': '1', 'aq': '9'}",102.0546875,-3.349,-1.733,0.5198893350025173,0.3642389411082041
"{'ar': '48000', 'sample_fmt': 's32p', 'compression_level': '8', 'reservoir': '1', 'aq': '9'}",102.0546875,-3.349,-1.733,0.5185377490124665,0.36433884073376516
"{'ar': '44100', 'sample_fmt': 's32p', 'compression_level': '8', 'reservoir': '1', 'aq': '9'}",97.1474609375,-3.314,-1.668,0.519225269992603,0.47417093266687493
"{'ar': '48000', 'sample_fmt': 's32p', 'compression_level': '9', 'reservoir': '1', 'aq': '9'}",102.0546875,-3.349,-1.733,0.5376626659999602,0.36292526286302595
"{'ar': '48000', 'sample_fmt': 's32p', 'compression_level': '8', 'reservoir': '1', 'aq': '9'}",102.0546875,-3.349,-1.733,0.5247787969710771,0.36387754684735074
"{'ar': '48000', 'sample_fmt': 's32p', 'compression_level': '8', 'reservoir': '1', 'aq': '9'}",102.0546875,-3.349,-1.733,0.5260567479708698,0.36378308979666774
"{'ar': '48000', 'sample_fmt': 's32p', 'compression_level': '8', 'reservoir': '1', 'aq': '9'}",102.0546875,-3.349,-1.733,0.5198717309976928,0.3642402422710626
"{'ar': '48000', 'sample_fmt': 's32p', 'compression_level': '8', 'reservoir': '1', 'aq': '9'}",102.0546875,-3.349,-1.733,0.5296120029815938,0.3635203106268925
"{'ar': '48000', 'sample_fmt': 's32p', 'compression_level': '8', 'reservoir': '1', 'aq': '9'}",102.0546875,-3.349,-1.733,0.5201043970300816,0.3642230452523842
"{'ar': '48000', 'sample_fmt': 's32p', 'compression_level': '8', 'reservoir': '1', 'aq': '9'}",102.0546875,-3.349,-1.733,0.5257069469953422,0.3638089445974228
"{'ar': '48000', 'sample_fmt': 's32p', 'compression_level': '8', 'reservoir': '1', 'aq': '9'}",102.0546875,-3.349,-1.733,0.5609801179962233,0.3612018026166105
"{'ar': '44100', 'sample_fmt': 's32p', 'compression_level': '8', 'reservoir': '1', 'aq': '9'}",97.1474609375,-3.314,-1.668,0.5162343269912526,0.47439200190561287
"{'ar': '48000', 'sample_fmt': 's32p', 'compression_level': '7', 'reservoir': '1', 'aq': '9'}",102.0546875,-3.349,-1.733,0.5270550750137772,0.36370930056053474
"{'ar': '48000', 'sample_fmt': 's32p', 'compression_level': '8', 'reservoir': '1', 'aq': '9'}",102.0546875,-3.349,-1.733,0.532171841012314,0.36333110560209325
"{'ar': '48000', 'sample_fmt': 's32p', 'compression_level': '8', 'reservoir': '1', 'aq': '9'}",102.0546875,-3.349,-1.733,0.5288609929848462,0.3635758199455892
"{'ar': '48000', 'sample_fmt': 's32p', 'compression_level': '8', 'reservoir': '1', 'aq': '9'}",102.0546875,-3.349,-1.733,0.52783802698832,0.36365143031797165
"{'ar': '48000', 'sample_fmt': 's32p', 'compression_level': '8', 'reservoir': '1', 'aq': '9'}",102.0546875,-3.349,-1.733,0.5222779450123198,0.36406239204114715
"{'ar': '48000', 'sample_fmt': 's32p', 'compression_level': '8', 'reservoir': '1', 'aq': '9'}",102.0546875,-3.349,-1.733,0.5373505119932815,0.3629483350675428
"{'ar': '48000', 'sample_fmt': 's32p', 'compression_level': '8', 'reservoir': '1', 'aq': '9'}",102.0546875,-3.349,-1.733,0.5170893750037067,0.36444589424143137
"{'ar': '48000', 'sample_fmt': 's32p', 'compression_level': '9', 'reservoir': '1', 'aq': '9'}",102.0546875,-3.349,-1.733,0.5409636329859495,0.3626812788558542
"{'ar': '48000', 'sample_fmt': 's32p', 'compression_level': '8', 'reservoir': '1', 'aq': '9'}",102.0546875,-3.349,-1.733,0.52459635498235,0.36389103166185355
"{'ar': '48000', 'sample_fmt': 's32p', 'compression_level': '8', 'reservoir': '1', 'aq': '9'}",102.0546875,-3.349,-1.733,0.5271043080138043,0.3637056616072575
"{'ar': '48000', 'sample_fmt': 's32p', 'compression_level': '8', 'reservoir': '1', 'aq': '9'}",102.0546875,-3.349,-1.733,0.5411876960133668,0.36266471771012926
"{'ar': '48000', 'sample_fmt': 's32p', 'compression_level': '8', 'reservoir': '1', 'aq': '9'}",102.0546875,-3.349,-1.733,0.5272658980102278,0.36369371802375194
"{'ar': '48000', 'sample_fmt': 's32p', 'compression_level': '8', 'reservoir': '1', 'aq': '9'}",102.0546875,-3.349,-1.733,0.5823061339906417,0.35962553515879864
"{'ar': '44100', 'sample_fmt': 's32p', 'compression_level': '8', 'reservoir': '1', 'aq': '9'}",97.1474609375,-3.314,-1.668,0.5772546650259756,0.4698818124199636
"{'ar': '48000', 'sample_fmt': 's32p', 'compression_level': '8', 'reservoir': '1', 'aq': '9'}",102.0546875,-3.349,-1.733,0.5265916470380034,0.36374355386117196
"{'ar': '48000', 'sample_fmt': 's32p', 'compression_level': '8', 'reservoir': '1', 'aq': '9'}",102.0546875,-3.349,-1.733,0.5263417189999018,0.3637620267645665
"{'ar': '48000', 'sample_fmt': 's32p', 'compression_level': '8', 'reservoir': '1', 'aq': '9'}",102.0546875,-3.349,-1.733,0.525706263986649,0.3638089950805687
"{'ar': '48000', 'sample_fmt': 's32p', 'compression_level': '8', 'reservoir': '1', 'aq': '9'}",102.0546875,-3.349,-1.733,0.5218970639980398,0.3640905440573637
"{'ar': '48000', 'sample_fmt': 's32p', 'compression_level': '8', 'reservoir': '1', 'aq': '9'}",102.0546875,-3.349,-1.733,0.5374961420020554,0.3629375711328364
"{'ar': '48000', 'sample_fmt': 's32p', 'compression_level': '8', 'reservoir': '1', 'aq': '9'}",102.0546875,-3.349,-1.733,0.5268450099974871,0.3637248270728139
"{'ar': '48000', 'sample_fmt': 's32p', 'compression_level': '8', 'reservoir': '1', 'aq': '9'}",102.0546875,-3.349,-1.733,0.5272155679704156,0.3636974380624093
"{'ar': '48000', 'sample_fmt': 's32p', 'compression_level': '9', 'reservoir': '1', 'aq': '9'}",102.0546875,-3.349,-1.733,0.5246381580072921,0.36388794187950174
"{'ar': '48000', 'sample_fmt': 's32p', 'compression_level': '8', 'reservoir': '1', 'aq': '9'}",102.0546875,-3.349,-1.733,0.5248271560121793,0.3638739724909027
"{'ar': '48000', 'sample_fmt': 's32p', 'compression_level': '7', 'reservoir': '1', 'aq': '9'}",102.0546875,-3.349,-1.733,0.5241076000093017,0.36392715695403477
"{'ar': '48000', 'sample_fmt': 's32p', 'compression_level': '8', 'reservoir': '1', 'aq': '9'}",102.0546875,-3.349,-1.733,0.5263536039856263,0.3637611483109332
"{'ar': '48000', 'sample_fmt': 's32p', 'compression_level': '8', 'reservoir': '1', 'aq': '9'}",102.0546875,-3.349,-1.733,0.5219038029899821,0.36409004595899874
"{'ar': '48000', 'sample_fmt': 's32p', 'compression_level': '8', 'reservoir': '1', 'aq': '9'}",102.0546875,-3.349,-1.733,0.5234498259960674,0.3639757749318102
"{'ar': '48000', 'sample_fmt': 's32p', 'compression_level': '8', 'reservoir': '1', 'aq': '9'}",102.0546875,-3.349,-1.733,0.5243433670257218,0.36390973073266714
"{'ar': '48000', 'sample_fmt': 's32p', 'compression_level': '8', 'reservoir': '1', 'b:a': '317k', 'abr': 'True'}",434.046875,-3.319,-1.678,0.5894921960134525,-0.08340544337743976
"{'ar': '32000', 'sample_fmt': 's32p', 'compression_level': '8', 'reservoir': '1', 'aq': '9'}",81.7109375,-3.518,-2.09,0.5655488859920297,-0.11305223266101375
"{'ar': '44100', 'sample_fmt': 's32p', 'compression_level': '8', 'reservoir': '1', 'aq': '9'}",97.1474609375,-3.314,-1.668,0.5665438380092382,0.47067348059076275
"{'ar': '48000', 'sample_fmt': 's32p', 'compression_level': '8', 'reservoir': '1', 'aq': '9'}",102.0546875,-3.349,-1.733,0.5685863480030093,0.36063960418069696
"{'ar': '48000', 'sample_fmt': 's32p', 'compression_level': '8', 'reservoir': '1', 'aq': '9'}",102.0546875,-3.349,-1.733,0.5295845220098272,0.3635223418249145
"{'ar': '48000', 'sample_fmt': 's32p', 'compression_level': '8', 'reservoir': '1', 'aq': '9'}",102.0546875,-3.349,-1.733,0.5310928649560083,0.3634108558398197
"{'ar': '48000', 'sample_fmt': 's32p', 'compression_level': '8', 'reservoir': '1', 'aq': '9'}",102.0546875,-3.349,-1.733,0.5699891229742207,0.3605359210296418
"{'ar': '48000', 'sample_fmt': 's32p', 'compression_level': '8', 'reservoir': '1', 'aq': '9'}",102.0546875,-3.349,-1.733,0.5354272160329856,0.3630904914288036
"{'ar': '48000', 'sample_fmt': 's32p', 'compression_level': '8', 'reservoir': '1', 'aq': '9'}",102.0546875,-3.349,-1.733,0.5365644890116528,0.3630064322971125
"{'ar': '48000', 'sample_fmt': 's32p', 'compression_level': '8', 'reservoir': '1', 'aq': '9'}",102.0546875,-3.349,-1.733,0.5397036939684767,0.3627744045888833
"{'ar': '48000', 'sample_fmt': 's32p', 'compression_level': '8', 'reservoir': '1', 'aq': '9'}",102.0546875,-3.349,-1.733,0.5268452059826814,0.3637248125869819
"{'ar': '48000', 'sample_fmt': 's32p', 'compression_level': '8', 'reservoir': '1', 'aq': '9'}",102.0546875,-3.349,-1.733,0.5688826050027274,0.3606177069698946
"{'ar': '48000', 'sample_fmt': 's32p', 'compression_level': '8', 'reservoir': '1', 'aq': '9'}",102.0546875,-3.349,-1.733,0.5630634779809043,0.3610478154608464
"{'ar': '48000', 'sample_fmt': 's32p', 'compression_level': '8', 'reservoir': '1', 'aq': '9'}",102.0546875,-3.349,-1.733,0.5264349290227983,0.36375513734246945
"{'ar': '48000', 'sample_fmt': 's32p', 'compression_level': '8', 'reservoir': '1', 'aq': '9'}",102.0546875,-3.349,-1.733,0.5376740680076182,0.362924420107697
"{'ar': '48000', 'sample_fmt': 's32p', 'compression_level': '8', 'reservoir': '1', 'aq': '9'}",102.0546875,-3.349,-1.733,0.526120489987079,0.36377837844008465
"{'ar': '48000', 'sample_fmt': 's32p', 'compression_level': '8', 'reservoir': '1', 'aq': '9'}",102.0546875,-3.349,-1.733,0.526232075993903,0.3637701307959232
"{'ar': '48000', 'sample_fmt': 's32p', 'compression_level': '8', 'reservoir': '1', 'aq': '9'}",102.0546875,-3.349,-1.733,0.5447378029930405,0.3624023190462028
"{'ar': '48000', 'sample_fmt': 's32p', 'compression_level': '8', 'reservoir': '1', 'aq': '9'}",102.0546875,-3.349,-1.733,0.529400194005575,0.3635359660402739
"{'ar': '48000', 'sample_fmt': 's32p', 'compression_level': '8', 'reservoir': '1', 'aq': '9'}",102.0546875,-3.349,-1.733,0.5242369759944268,0.3639175944011778
"{'ar': '48000', 'sample_fmt': 's32p', 'compression_level': '8', 'reservoir': '1', 'aq': '9'}",102.0546875,-3.349,-1.733,0.5610754080116749,0.3611947594562542
"{'ar': '48000', 'sample_fmt': 's32p', 'compression_level': '8', 'reservoir': '1', 'aq': '9'}",102.0546875,-3.349,-1.733,0.5269041139690671,0.3637204585275097
"{'ar': '48000', 'sample_fmt': 's32p', 'compression_level': '8', 'reservoir': '1', 'aq': '9'}",102.0546875,-3.349,-1.733,0.5290841860114597,0.36355932310413724
"{'ar': '48000', 'sample_fmt': 's32p', 'compression_level': '8', 'reservoir': '1', 'aq': '9'}",102.0546875,-3.349,-1.733,0.5292483989906032,0.36354718564840044
"{'ar': '48000', 'sample_fmt': 's32p', 'compression_level': '8', 'reservoir': '1', 'aq': '9'}",102.0546875,-3.349,-1.733,0.5260891730140429,0.36378069316804357
"{'ar': '44100', 'sample_fmt': 's32p', 'compression_level': '8', 'reservoir': '1', 'aq': '9'}",97.1474609375,-3.314,-1.668,0.5295552129973657,0.4734074167338605
"{'ar': '48000', 'sample_fmt': 's32p', 'compression_level': '8', 'reservoir': '1', 'aq': '9'}",102.0546875,-3.349,-1.733,0.5322308749891818,0.3633267422303005
"{'ar': '48000', 'sample_fmt': 's32p', 'compression_level': '8', 'reservoir': '1', 'aq': '9'}",102.0546875,-3.349,-1.733,0.5383141930215061,0.3628771066184552
"{'ar': '48000', 'sample_fmt': 's32p', 'compression_level': '8', 'reservoir': '1', 'aq': '9'}",102.0546875,-3.349,-1.733,0.5212296019890346,0.36413987810289733
"{'ar': '48000', 'sample_fmt': 's32p', 'compression_level': '9', 'reservoir': '1', 'aq': '9'}",102.0546875,-3.349,-1.733,0.5379984719620552,0.36290044247414843
"{'ar': '48000', 'sample_fmt': 's32p', 'compression_level': '8', 'reservoir': '1', 'aq': '9'}",102.0546875,-3.349,-1.733,0.528316346986685,0.36361607630491827
"{'ar': '48000', 'sample_fmt': 's32p', 'compression_level': '8', 'reservoir': '1', 'aq': '9'}",102.0546875,-3.349,-1.733,0.5294605729868636,0.36353150325531836
"{'ar': '48000', 'sample_fmt': 's32p', 'compression_level': '9', 'reservoir': '1', 'aq': '9'}",102.0546875,-3.349,-1.733,0.5281540750002023,0.3636280702962795
"{'ar': '48000', 'sample_fmt': 's32p', 'compression_level': '8', 'reservoir': '1', 'aq': '9'}",102.0546875,-3.349,-1.733,0.5299346930114552,0.36349645967446126
"{'ar': '44100', 'sample_fmt': 's32p', 'compression_level': '8', 'reservoir': '1', 'aq': '9'}",97.1474609375,-3.314,-1.668,0.532950508990325,0.47315646059724586
"{'ar': '48000', 'sample_fmt': 's32p', 'compression_level': '8', 'reservoir': '1', 'aq': '9'}",102.0546875,-3.349,-1.733,0.5330302829679567,0.3632676556769195
"{'ar': '48000', 'sample_fmt': 's32p', 'compression_level': '8', 'reservoir': '1', 'aq': '9'}",102.0546875,-3.349,-1.733,0.5630428770091385,0.36104933813819046
"{'ar': '48000', 'sample_fmt': 's32p', 'compression_level': '8', 'reservoir': '1', 'aq': '9'}",102.0546875,-3.349,-1.733,0.5437706110242289,0.3624738069990531
"{'ar': '44100', 'sample_fmt': 's32p', 'compression_level': '8', 'reservoir': '1', 'aq': '9'}",97.1474609375,-3.314,-1.668,0.5564350190106779,0.4714206526096017
"{'ar': '48000', 'sample_fmt': 's32p', 'compression_level': '8', 'reservoir': '1', 'aq': '9'}",102.0546875,-3.349,-1.733,0.5690352819801774,0.3606064221733731
"{'ar': '48000', 'sample_fmt': 's32p', 'compression_level': '8', 'reservoir': '1', 'aq': '9'}",102.0546875,-3.349,-1.733,0.5360453909961507,0.3630448003312293
"{'ar': '48000', 'sample_fmt': 's32p', 'compression_level': '8', 'reservoir': '1', 'aq': '9'}",102.0546875,-3.349,-1.733,0.5339397829957306,0.36320043190211626
"{'ar': '48000', 'sample_fmt': 's32p', 'compression_level': '8', 'reservoir': '1', 'aq': '9'}",102.0546875,-3.349,-1.733,0.5331040899909567,0.36326220038660445
"{'ar': '48000', 'sample_fmt': 's32p', 'compression_level': '8', 'reservoir': '1', 'aq': '9'}",102.0546875,-3.349,-1.733,0.5348562560102437,0.36313269273371657
"{'ar': '48000', 'sample_fmt': 's32p', 'compression_level': '8', 'reservoir': '1', 'aq': '9'}",102.0546875,-3.349,-1.733,0.5413471939973533,0.36265292875330724
"{'ar': '48000', 'sample_fmt': 's32p', 'compression_level': '8', 'reservoir': '1', 'aq': '9'}",102.0546875,-3.349,-1.733,0.5336454920179676,0.36322218379855564
"{'ar': '48000', 'sample_fmt': 's32p', 'compression_level': '8', 'reservoir': '1', 'aq': '9'}",102.0546875,-3.349,-1.733,0.5319993220036849,0.3633438569804673
"{'ar': '48000', 'sample_fmt': 's32p', 'compression_level': '8', 'reservoir': '1', 'aq': '9'}",102.0546875,-3.349,-1.733,0.5317978930252139,0.3633587451782398
"{'ar': '48000', 'sample_fmt': 's32p', 'compression_level': '8', 'reservoir': '1', 'aq': '9'}",102.0546875,-3.349,-1.733,0.5372301120078191,0.36295723417833103
"{'ar': '48000', 'sample_fmt': 'fltp', 'compression_level': '8', 'reservoir': '1', 'aq': '9'}",102.0546875,-3.349,-1.733,0.536462814983679,0.3630139473182792
"{'ar': '48000', 'sample_fmt': 's32p', 'compression_level': '8', 'reservoir': '1', 'aq': '9'}",102.0546875,-3.349,-1.733,0.5278229989926331,0.3636525410805521
"{'ar': '48000', 'sample_fmt': 's32p', 'compression_level': '9', 'reservoir': '1', 'aq': '9'}",102.0546875,-3.349,-1.733,0.5322195999906398,0.3633275755980187
"{'ar': '48000', 'sample_fmt': 's32p', 'compression_level': '9', 'reservoir': '1', 'aq': '9'}",102.0546875,-3.349,-1.733,0.5413852669880725,0.36265011466856173
"{'ar': '48000', 'sample_fmt': 's32p', 'compression_level': '8', 'reservoir': '1', 'aq': '9'}",102.0546875,-3.349,-1.733,0.5479026409739163,0.3621683967271064
"{'ar': '48000', 'sample_fmt': 's32p', 'compression_level': '8', 'reservoir': '1', 'aq': '9'}",102.0546875,-3.349,-1.733,0.5332239179988392,0.36325334355233174
"{'ar': '48000', 'sample_fmt': 's32p', 'compression_level': '8', 'reservoir': '1', 'aq': '9'}",102.0546875,-3.349,-1.733,0.5278936809918378,0.3636473167697747
"{'ar': '48000', 'sample_fmt': 's32p', 'compression_level': '8', 'reservoir': '1', 'aq': '9'}",102.0546875,-3.349,-1.733,0.5314190010249149,0.3633867501806862
"{'ar': '48000', 'sample_fmt': 's32p', 'compression_level': '8', 'reservoir': '1', 'aq': '9'}",102.0546875,-3.349,-1.733,0.5347747610067017,0.3631387162648858
"{'ar': '44100', 'sample_fmt': 's32p', 'compression_level': '8', 'reservoir': '1', 'aq': '9'}",97.1474609375,-3.314,-1.668,0.5862585199938621,0.4692163114851217
"{'ar': '48000', 'sample_fmt': 's32p', 'compression_level': '8', 'reservoir': '1', 'aq': '9'}",102.0546875,-3.349,-1.733,0.5424377219751477,0.3625723246796874
"{'ar': '48000', 'sample_fmt': 's32p', 'compression_level': '8', 'reservoir': '1', 'aq': '9'}",102.0546875,-3.349,-1.733,0.565491679997649,0.3608683400341662
"{'ar': '48000', 'sample_fmt': 's32p', 'compression_level': '8', 'reservoir': '1', 'aq': '9'}",102.0546875,-3.349,-1.733,0.5484193409793079,0.36213020593684514
"{'ar': '44100', 'sample_fmt': 's32p', 'compression_level': '8', 'reservoir': '1', 'aq': '9'}",97.1474609375,-3.314,-1.668,0.5425140710140113,0.4724495900967901
"{'ar': '48000', 'sample_fmt': 's32p', 'compression_level': '9', 'reservoir': '1', 'aq': '9'}",102.0546875,-3.349,-1.733,0.5396128600114025,0.36278111838909044
"{'ar': '48000', 'sample_fmt': 's32p', 'compression_level': '8', 'reservoir': '1', 'aq': '9'}",102.0546875,-3.349,-1.733,0.5719144639733713,0.36039361351365073
"{'ar': '48000', 'sample_fmt': 's32p', 'compression_level': '8', 'reservoir': '1', 'aq': '9'}",102.0546875,-3.349,-1.733,0.5816786289797164,0.35967191586715946
"{'ar': '48000', 'sample_fmt': 's32p', 'compression_level': '8', 'reservoir': '1', 'aq': '9'}",102.0546875,-3.349,-1.733,0.5351443020044826,0.3631114024220526
"{'ar': '48000', 'sample_fmt': 's32p', 'compression_level': '8', 'reservoir': '1', 'aq': '9'}",102.0546875,-3.349,-1.733,0.5353237309900578,0.36309814030731796
"{'ar': '48000', 'sample_fmt': 's32p', 'compression_level': '9', 'reservoir': '1', 'aq': '9'}",102.0546875,-3.349,-1.733,0.5353325880132616,0.36309748565914307
"{'ar': '48000', 'sample_fmt': 's32p', 'compression_level': '8', 'reservoir': '1', 'aq': '9'}",102.0546875,-3.349,-1.733,0.5298295470129233,0.3635042313190032
"{'ar': '48000', 'sample_fmt': 's32p', 'compression_level': '8', 'reservoir': '1', 'aq': '9'}",102.0546875,-3.349,-1.733,0.5474524700257462,0.3622016701625309
"{'ar': '48000', 'sample_fmt': 's32p', 'compression_level': '8', 'reservoir': '1', 'aq': '9'}",102.0546875,-3.349,-1.733,0.537298337003449,0.36295219147178664
"{'ar': '48000', 'sample_fmt': 's32p', 'compression_level': '8', 'reservoir': '1', 'aq': '9'}",102.0546875,-3.349,-1.733,0.5296088329632767,0.3635205449321052
"{'ar': '48000', 'sample_fmt': 's32p', 'compression_level': '8', 'reservoir': '1', 'aq': '9'}",102.0546875,-3.349,-1.733,0.5693317919794936,0.36058450626263944
"{'ar': '48000', 'sample_fmt': 's32p', 'compression_level': '7', 'reservoir': '1', 'aq': '9'}",102.0546875,-3.349,-1.733,0.5437533859803807,0.36247508015181096
"{'ar': '48000', 'sample_fmt': 's32p', 'compression_level': '8', 'reservoir': '1', 'aq': '9'}",102.0546875,-3.349,-1.733,0.5357736079895403,0.36306488859849023
"{'ar': '48000', 'sample_fmt': 's32p', 'compression_level': '8', 'reservoir': '1', 'aq': '9'}",102.0546875,-3.349,-1.733,0.5308603229932487,0.36342804368815335
"{'ar': '48000', 'sample_fmt': 's32p', 'compression_level': '8', 'reservoir': '1', 'aq': '9'}",102.0546875,-3.349,-1.733,0.5453628470131662,0.3623561202367823
"{'ar': '48000', 'sample_fmt': 's32p', 'compression_level': '8', 'reservoir': '1', 'aq': '9'}",102.0546875,-3.349,-1.733,0.527752997004427,0.3636577151297519
"{'ar': '48000', 'sample_fmt': 's32p', 'compression_level': '9', 'reservoir': '1', 'aq': '9'}",102.0546875,-3.349,-1.733,0.5647080509806983,0.36092626031888975
"{'ar': '48000', 'sample_fmt': 's32p', 'compression_level': '8', 'reservoir': '1', 'b:a': '317k', 'abr': 'True'}",434.046875,-3.319,-1.678,0.5500602510001045,-0.08049091439373104
"{'ar': '48000', 'sample_fmt': 's32p', 'compression_level': '8', 'reservoir': '1', 'aq': '9'}",102.0546875,-3.349,-1.733,0.5312592189875431,0.36339856013271465
"{'ar': '48000', 'sample_fmt': 's32p', 'compression_level': '8', 'reservoir': '1', 'aq': '9'}",102.0546875,-3.349,-1.733,0.5385598440188915,0.3628589498434973
"{'ar': '48000', 'sample_fmt': 's32p', 'compression_level': '9', 'reservoir': '1', 'aq': '9'}",102.0546875,-3.349,-1.733,0.5361385099822655,0.36303791763792387
"{'ar': '44100', 'sample_fmt': 's32p', 'compression_level': '8', 'reservoir': '1', 'aq': '9'}",97.1474609375,-3.314,-1.668,0.5270237310032826,0.47359452588206497
"{'ar': '48000', 'sample_fmt': 's32p', 'compression_level': '7', 'reservoir': '1', 'aq': '9'}",102.0546875,-3.349,-1.733,0.5331150350102689,0.3632613914086044
"{'ar': '48000', 'sample_fmt': 's32p', 'compression_level': '7', 'reservoir': '1', 'aq': '9'}",102.0546875,-3.349,-1.733,0.5294060739979614,0.363535531433048
"{'ar': '48000', 'sample_fmt': 's32p', 'compression_level': '8', 'reservoir': '1', 'aq': '9'}",102.0546875,-3.349,-1.733,0.5382367300335318,0.36288283213170436
"{'ar': '48000', 'sample_fmt': 's32p', 'compression_level': '8', 'reservoir': '1', 'aq': '9'}",102.0546875,-3.349,-1.733,0.5421974989876617,0.36259008025475087
"{'ar': '48000', 'sample_fmt': 's32p', 'compression_level': '8', 'reservoir': '1', 'b:a': '308k', 'abr': 'True'}",422.609375,-3.336,-1.708,0.5600258870108519,-0.11204978488271691
"{'ar': '48000', 'sample_fmt': 's32p', 'compression_level': '7', 'reservoir': '1', 'aq': '9'}",102.0546875,-3.349,-1.733,0.5516713709803298,0.36188983900362237
"{'ar': '48000', 'sample_fmt': 's32p', 'compression_level': '8', 'reservoir': '1', 'aq': '9'}",102.0546875,-3.349,-1.733,0.5686108359950595,0.36063779420245323
"{'ar': '48000', 'sample_fmt': 's32p', 'compression_level': '8', 'reservoir': '1', 'aq': '9'}",102.0546875,-3.349,-1.733,0.5679981989960652,0.3606830759730952
"{'ar': '48000', 'sample_fmt': 's32p', 'compression_level': '8', 'reservoir': '1', 'aq': '9'}",102.0546875,-3.349,-1.733,0.549604811007157,0.3620425844219969
"{'ar': '48000', 'sample_fmt': 's32p', 'compression_level': '8', 'reservoir': '1', 'aq': '9'}",102.0546875,-3.349,-1.733,0.5501347970275674,0.3620034116239793
"{'ar': '48000', 'sample_fmt': 's32p', 'compression_level': '8', 'reservoir': '1', 'aq': '9'}",102.0546875,-3.349,-1.733,0.5432413999806158,0.36251292251629647
"{'ar': '48000', 'sample_fmt': 's32p', 'compression_level': '8', 'reservoir': '1', 'aq': '9'}",102.0546875,-3.349,-1.733,0.5359977920306846,0.36304831850829106
"{'ar': '48000', 'sample_fmt': 's32p', 'compression_level': '8', 'reservoir': '1', 'aq': '9'}",102.0546875,-3.349,-1.733,0.5463052930135746,0.3622864613299533
"{'ar': '48000', 'sample_fmt': 's32p', 'compression_level': '8', 'reservoir': '1', 'b:a': '319k', 'abr': 'True'}",437.234375,-3.314,-1.669,0.577255702984985,-0.07309837489786715
"{'ar': '48000', 'sample_fmt': 's32p', 'compression_level': '8', 'reservoir': '1', 'aq': '9'}",102.0546875,-3.349,-1.733,0.5315982360043563,0.3633735024055055
"{'ar': '48000', 'sample_fmt': 's32p', 'compression_level': '8', 'reservoir': '1', 'aq': '9'}",102.0546875,-3.349,-1.733,0.537510364985792,0.36293651987101505
"{'ar': '48000', 'sample_fmt': 's32p', 'compression_level': '8', 'reservoir': '1', 'aq': '9'}",102.0546875,-3.349,-1.733,0.5407016240060329,0.3627006446965628
"{'ar': '48000', 'sample_fmt': 's32p', 'compression_level': '8', 'reservoir': '1', 'aq': '9'}",102.0546875,-3.349,-1.733,0.5430307810020167,0.36252848997353043
"{'ar': '48000', 'sample_fmt': 's32p', 'compression_level': '8', 'reservoir': '1', 'aq': '9'}",102.0546875,-3.349,-1.733,0.542623471992556,0.36255859535922713
"{'ar': '48000', 'sample_fmt': 's32p', 'compression_level': '8', 'reservoir': '1', 'aq': '9'}",102.0546875,-3.349,-1.733,0.5485700590070337,0.3621190659319576
"{'ar': '48000', 'sample_fmt': 's32p', 'compression_level': '8', 'reservoir': '1', 'aq': '9'}",102.0546875,-3.349,-1.733,0.5421767820080277,0.36259161150657165
"{'ar': '48000', 'sample_fmt': 's32p', 'compression_level': '8', 'reservoir': '1', 'aq': '9'}",102.0546875,-3.349,-1.733,0.5798337239830289,0.3598082781258108
"{'ar': '48000', 'sample_fmt': 's32p', 'compression_level': '8', 'reservoir': '1', 'aq': '9'}",102.0546875,-3.349,-1.733,0.8872047639742959,0.3370895964958788
"{'ar': '44100', 'sample_fmt': 's32p', 'compression_level': '8', 'reservoir': '1', 'aq': '9'}",97.1474609375,-3.314,-1.668,0.8244118579896167,0.4516137101952121
"{'ar': '48000', 'sample_fmt': 's32p', 'compression_level': '8', 'reservoir': '1', 'aq': '9'}",102.0546875,-3.349,-1.733,0.6188665900263004,0.35692324622180943
"{'ar': '48000', 'sample_fmt': 's32p', 'compression_level': '9', 'reservoir': '1', 'aq': '9'}",102.0546875,-3.349,-1.733,0.5283755460113753,0.3636117007339641
"{'ar': '48000', 'sample_fmt': 's32p', 'compression_level': '8', 'reservoir': '1', 'aq': '9'}",102.0546875,-3.349,-1.733,0.656259865994798,0.35415940115737976
"{'ar': '48000', 'sample_fmt': 's32p', 'compression_level': '8', 'reservoir': '1', 'aq': '9'}",102.0546875,-3.349,-1.733,0.5340503010083921,0.363192263196489
"{'ar': '48000', 'sample_fmt': 's32p', 'compression_level': '8', 'reservoir': '1', 'aq': '9'}",102.0546875,-3.349,-1.733,0.5469155869795941,0.3622413527396481
"{'ar': '48000', 'sample_fmt': 's32p', 'compression_level': '8', 'reservoir': '1', 'aq': '9'}",102.0546875,-3.349,-1.733,0.534884018037701,0.3631306407620565
"{'ar': '48000', 'sample_fmt': 's32p', 'compression_level': '8', 'reservoir': '1', 'aq': '9'}",102.0546875,-3.349,-1.733,0.5655191399855539,0.360866310387122
"{'ar': '48000', 'sample_fmt': 's32p', 'compression_level': '9', 'reservoir': '1', 'aq': '9'}",102.0546875,-3.349,-1.733,0.5691859769867733,0.36059528387004375
"{'ar': '48000', 'sample_fmt': 's32p', 'compression_level': '8', 'reservoir': '1', 'aq': '9'}",102.0546875,-3.349,-1.733,0.5536531170073431,0.3617433624290551
"{'ar': '48000', 'sample_fmt': 's32p', 'compression_level': '9', 'reservoir': '1', 'aq': '9'}",102.0546875,-3.349,-1.733,0.538146784005221,0.36288948030253115
"{'ar': '48000', 'sample_fmt': 's32p', 'compression_level': '8', 'reservoir': '1', 'b:a': '317k', 'abr': 'True'}",434.046875,-3.319,-1.678,0.5539212819712702,-0.08077629434819816
"{'ar': '48000', 'sample_fmt': 's32p', 'compression_level': '8', 'reservoir': '1', 'aq': '9'}",102.0546875,-3.349,-1.733,0.5325157059996855,0.3633056895473732
"{'ar': '48000', 'sample_fmt': 's32p', 'compression_level': '8', 'reservoir': '1', 'aq': '9'}",102.0546875,-3.349,-1.733,0.5831624580023345,0.35956224177698143
"{'ar': '48000', 'sample_fmt': 's32p', 'compression_level': '8', 'reservoir': '1', 'aq': '9'}",102.0546875,-3.349,-1.733,0.5273414599942043,0.3636881330192006
"{'ar': '48000', 'sample_fmt': 's32p', 'compression_level': '7', 'reservoir': '1', 'aq': '9'}",102.0546875,-3.349,-1.733,0.5346816410019528,0.3631455990334814
"{'ar': '48000', 'sample_fmt': 's32p', 'compression_level': '8', 'reservoir': '1', 'aq': '9'}",102.0546875,-3.349,-1.733,0.5341220919799525,0.36318695691836067
"{'ar': '48000', 'sample_fmt': 's32p', 'compression_level': '8', 'reservoir': '1', 'aq': '9'}",102.0546875,-3.349,-1.733,0.5404184809885919,0.3627215726150459
"{'ar': '48000', 'sample_fmt': 's32p', 'compression_level': '8', 'reservoir': '1', 'aq': '9'}",102.0546875,-3.349,-1.733,0.536688499036245,0.36299726635790197
"{'ar': '48000', 'sample_fmt': 's32p', 'compression_level': '8', 'reservoir': '1', 'aq': '9'}",102.0546875,-3.349,-1.733,0.5295865079970099,0.3635221950348638
"{'ar': '48000', 'sample_fmt': 's32p', 'compression_level': '8', 'reservoir': '1', 'aq': '9'}",102.0546875,-3.349,-1.733,0.5402747379848734,0.3627321970757566
"{'ar': '48000', 'sample_fmt': 's32p', 'compression_level': '8', 'reservoir': '1', 'aq': '9'}",102.0546875,-3.349,-1.733,0.5386090230022091,0.3628553148827512
"{'ar': '48000', 'sample_fmt': 's32p', 'compression_level': '8', 'reservoir': '1', 'aq': '9'}",102.0546875,-3.349,-1.733,0.5366601950081531,0.36299935839039493
"{'ar': '48000', 'sample_fmt': 's32p', 'compression_level': '8', 'reservoir': '1', 'aq': '9'}",102.0546875,-3.349,-1.733,0.5323195850069169,0.36332018541658645
"{'ar': '48000', 'sample_fmt': 's32p', 'compression_level': '8', 'reservoir': '1', 'aq': '9'}",102.0546875,-3.349,-1.733,0.5291025130136404,0.3635579685024552
"{'ar': '48000', 'sample_fmt': 's32p', 'compression_level': '8', 'reservoir': '1', 'aq': '9'}",102.0546875,-3.349,-1.733,0.5348136139800772,0.3631358445293686
"{'ar': '48000', 'sample_fmt': 's32p', 'compression_level': '8', 'reservoir': '1', 'aq': '9'}",102.0546875,-3.349,-1.733,0.534322606981732,0.36317213627524614
"{'ar': '48000', 'sample_fmt': 's32p', 'compression_level': '8', 'reservoir': '1', 'aq': '9'}",102.0546875,-3.349,-1.733,0.5316382650053129,0.36337054374639194
"{'ar': '48000', 'sample_fmt': 's32p', 'compression_level': '8', 'reservoir': '1', 'aq': '9'}",102.0546875,-3.349,-1.733,0.535420759988483,0.36309096861370577
"{'ar': '48000', 'sample_fmt': 's32p', 'compression_level': '8', 'reservoir': '1', 'aq': '9'}",102.0546875,-3.349,-1.733,0.530344389990205,0.363466177787055
"{'ar': '48000', 'sample_fmt': 's32p', 'compression_level': '7', 'reservoir': '1', 'aq': '9'}",102.0546875,-3.349,-1.733,0.5347103750100359,0.363143475219925
"{'ar': '48000', 'sample_fmt': 's32p', 'compression_level': '9', 'reservoir': '1', 'aq': '9'}",102.0546875,-3.349,-1.733,0.5339108549815137,0.36320257005522655
"{'ar': '48000', 'sample_fmt': 's32p', 'compression_level': '8', 'reservoir': '1', 'aq': '9'}",102.0546875,-3.349,-1.733,0.5391108760086354,0.3628182214770798
"{'ar': '48000', 'sample_fmt': 's32p', 'compression_level': '8', 'reservoir': '1', 'aq': '9'}",102.0546875,-3.349,-1.733,0.5379245459917001,0.3629059065562062
"{'ar': '48000', 'sample_fmt': 's32p', 'compression_level': '8', 'reservoir': '1', 'aq': '9'}",102.0546875,-3.349,-1.733,0.5734115950181149,0.3602829562325849
"{'ar': '48000', 'sample_fmt': 's32p', 'compression_level': '8', 'reservoir': '1', 'aq': '9'}",102.0546875,-3.349,-1.733,0.5658178759913426,0.36084422994581855
"{'ar': '48000', 'sample_fmt': 's32p', 'compression_level': '7', 'reservoir': '1', 'aq': '9'}",102.0546875,-3.349,-1.733,0.5454857220174745,0.3623470381902003
"{'ar': '48000', 'sample_fmt': 's32p', 'compression_level': '9', 'reservoir': '1', 'aq': '9'}",102.0546875,-3.349,-1.733,0.5347451810084749,0.363140902608018
"{'ar': '48000', 'sample_fmt': 's32p', 'compression_level': '7', 'reservoir': '1', 'aq': '9'}",102.0546875,-3.349,-1.733,0.5368427660141606,0.36298586403985217
"{'ar': '48000', 'sample_fmt': 's32p', 'compression_level': '8', 'reservoir': '1', 'aq': '9'}",102.0546875,-3.349,-1.733,0.5363268860091921,0.36302399422151294
"{'ar': '48000', 'sample_fmt': 's32p', 'compression_level': '7', 'reservoir': '1', 'aq': '9'}",102.0546875,-3.349,-1.733,0.5464473839965649,0.36227595897486764
"{'ar': '48000', 'sample_fmt': 's32p', 'compression_level': '8', 'reservoir': '1', 'aq': '9'}",102.0546875,-3.349,-1.733,0.5383644979738165,0.36287338843408756
"{'ar': '48000', 'sample_fmt': 's32p', 'compression_level': '8', 'reservoir': '1', 'aq': '9'}",102.0546875,-3.349,-1.733,0.5317168210167438,0.3633647374446211
"{'ar': '48000', 'sample_fmt': 's32p', 'compression_level': '8', 'reservoir': '1', 'aq': '9'}",102.0546875,-3.349,-1.733,0.535323103016708,0.3630981867226426
"{'ar': '48000', 'sample_fmt': 's32p', 'compression_level': '9', 'reservoir': '1', 'aq': '9'}",102.0546875,-3.349,-1.733,0.5425663289788645,0.3625628189644681
"{'ar': '48000', 'sample_fmt': 's32p', 'compression_level': '7', 'reservoir': '1', 'aq': '9'}",102.0546875,-3.349,-1.733,0.6443686280108523,0.3550383169132385
"{'ar': '48000', 'sample_fmt': 's32p', 'compression_level': '8', 'reservoir': '1', 'aq': '9'}",102.0546875,-3.349,-1.733,0.579462012014119,0.35983575243139254
"{'ar': '48000', 'sample_fmt': 's32p', 'compression_level': '8', 'reservoir': '1', 'aq': '9'}",102.0546875,-3.349,-1.733,0.540397834032774,0.36272309869120406
"{'ar': '48000', 'sample_fmt': 's32p', 'compression_level': '8', 'reservoir': '1', 'aq': '9'}",102.0546875,-3.349,-1.733,0.5315148250083439,0.3633796675532139
"{'ar': '48000', 'sample_fmt': 's32p', 'compression_level': '8', 'reservoir': '1', 'aq': '9'}",102.0546875,-3.349,-1.733,0.5322914239950478,0.3633222668783372
"{'ar': '48000', 'sample_fmt': 's32p', 'compression_level': '8', 'reservoir': '1', 'aq': '9'}",102.0546875,-3.349,-1.733,0.5389935310231522,0.362826894783993
"{'ar': '44100', 'sample_fmt': 's32p', 'compression_level': '8', 'reservoir': '1', 'aq': '9'}",97.1474609375,-3.314,-1.668,0.5501866139820777,0.47188249027831525
"{'ar': '48000', 'sample_fmt': 's32p', 'compression_level': '8', 'reservoir': '1', 'aq': '9'}",102.0546875,-3.349,-1.733,0.5553900160011835,0.36161498320612784
"{'ar': '48000', 'sample_fmt': 's32p', 'compression_level': '8', 'reservoir': '1', 'aq': '9'}",102.0546875,-3.349,-1.733,0.5356618250079919,0.3630731508016227
"{'ar': '48000', 'sample_fmt': 's32p', 'compression_level': '8', 'reservoir': '1', 'aq': '9'}",102.0546875,-3.349,-1.733,0.5671708060253877,0.3607442309780826
"{'ar': '48000', 'sample_fmt': 's32p', 'compression_level': '8', 'reservoir': '1', 'aq': '9'}",102.0546875,-3.349,-1.733,0.5372940490487963,0.3629525084069039
"{'ar': '48000', 'sample_fmt': 's32p', 'compression_level': '8', 'reservoir': '1', 'aq': '9'}",102.0546875,-3.349,-1.733,0.5728789079876151,0.360322328670062
"{'ar': '48000', 'sample_fmt': 's32p', 'compression_level': '8', 'reservoir': '1', 'aq': '9'}",102.0546875,-3.349,-1.733,0.5982587159960531,0.35844643373217555
"{'ar': '48000', 'sample_fmt': 's32p', 'compression_level': '8', 'reservoir': '1', 'aq': '9'}",102.0546875,-3.349,-1.733,0.5473891169822309,0.3622063527690183
"{'ar': '48000', 'sample_fmt': 's32p', 'compression_level': '8', 'reservoir': '1', 'aq': '9'}",102.0546875,-3.349,-1.733,0.5332861059578136,0.3632487470606089
"{'ar': '48000', 'sample_fmt': 's32p', 'compression_level': '8', 'reservoir': '1', 'aq': '9'}",102.0546875,-3.349,-1.733,0.5953813790110871,0.3586591060220091
"{'ar': '48000', 'sample_fmt': 's32p', 'compression_level': '8', 'reservoir': '1', 'aq': '9'}",102.0546875,-3.349,-1.733,0.5718224569864105,0.3604004140158859
"{'ar': '48000', 'sample_fmt': 's32p', 'compression_level': '8', 'reservoir': '1', 'aq': '9'}",102.0546875,-3.349,-1.733,0.537492920004297,0.36293780927999986
"{'ar': '48000', 'sample_fmt': 's32p', 'compression_level': '9', 'reservoir': '1', 'aq': '9'}",102.0546875,-3.349,-1.733,0.5780371880100574,0.3599410652901702
"{'ar': '48000', 'sample_fmt': 's32p', 'compression_level': '8', 'reservoir': '1', 'aq': '9'}",102.0546875,-3.349,-1.733,0.5292143640108407,0.3635497012720894
"{'ar': '48000', 'sample_fmt': 's32p', 'compression_level': '8', 'reservoir': '1', 'aq': '9'}",102.0546875,-3.349,-1.733,0.5401949990191497,0.3627380908130971
"{'ar': '44100', 'sample_fmt': 's32p', 'compression_level': '8', 'reservoir': '1', 'aq': '9'}",97.1474609375,-3.314,-1.668,0.5526586629857775,0.47169977399414537
"{'ar': '44100', 'sample_fmt': 's32p', 'compression_level': '8', 'reservoir': '1', 'aq': '9'}",97.1474609375,-3.314,-1.668,0.5344221430132166,0.4730476878747317
"{'ar': '48000', 'sample_fmt': 's32p', 'compression_level': '9', 'reservoir': '1', 'aq': '9'}",102.0546875,-3.349,-1.733,0.5330757499614265,0.36326429508006775
"{'ar': '48000', 'sample_fmt': 's32p', 'compression_level': '8', 'reservoir': '1', 'aq': '9'}",102.0546875,-3.349,-1.733,0.5328327089955565,0.3632822589400553
"{'ar': '48000', 'sample_fmt': 's32p', 'compression_level': '8', 'reservoir': '1', 'aq': '9'}",102.0546875,-3.349,-1.733,0.5453975269920193,0.362353556939347
"{'ar': '48000', 'sample_fmt': 's32p', 'compression_level': '8', 'reservoir': '1', 'aq': '9'}",102.0546875,-3.349,-1.733,0.5463032739935443,0.36228661056155714
"{'ar': '48000', 'sample_fmt': 's32p', 'compression_level': '9', 'reservoir': '1', 'aq': '9'}",102.0546875,-3.349,-1.733,0.541202672990039,0.36266361071851155
"{'ar': '48000', 'sample_fmt': 's32p', 'compression_level': '8', 'reservoir': '1', 'aq': '9'}",102.0546875,-3.349,-1.733,0.5424016239994671,0.36257499278536515
"{'ar': '48000', 'sample_fmt': 's32p', 'compression_level': '8', 'reservoir': '1', 'aq': '9'}",102.0546875,-3.349,-1.733,0.5473772379918955,0.3622072307795151
"{'ar': '48000', 'sample_fmt': 's32p', 'compression_level': '8', 'reservoir': '1', 'aq': '9'}",102.0546875,-3.349,-1.733,0.5528733150276821,0.3618009998463954
"{'ar': '48000', 'sample_fmt': 's32p', 'compression_level': '8', 'reservoir': '1', 'aq': '9'}",102.0546875,-3.349,-1.733,0.5489819889771752,0.36208861899770595
"{'ar': '48000', 'sample_fmt': 's32p', 'compression_level': '8', 'reservoir': '1', 'aq': '9'}",102.0546875,-3.349,-1.733,0.5666370929975528,0.3607836792499871
"{'ar': '48000', 'sample_fmt': 's32p', 'compression_level': '8', 'reservoir': '1', 'aq': '9'}",102.0546875,-3.349,-1.733,0.5639478920202237,0.3609824458639289
"{'ar': '48000', 'sample_fmt': 's32p', 'compression_level': '8', 'reservoir': '1', 'aq': '9'}",102.0546875,-3.349,-1.733,0.5687476790044457,0.3606276797402592
"{'ar': '48000', 'sample_fmt': 's32p', 'compression_level': '8', 'reservoir': '1', 'aq': '9'}",102.0546875,-3.349,-1.733,0.5688959189865272,0.36061672289488483
"{'ar': '48000', 'sample_fmt': 's32p', 'compression_level': '8', 'reservoir': '1', 'aq': '9'}",102.0546875,-3.349,-1.733,0.5616422299935948,0.3611528640058941
"{'ar': '48000', 'sample_fmt': 's32p', 'compression_level': '8', 'reservoir': '1', 'aq': '9'}",102.0546875,-3.349,-1.733,0.5708106320234947,0.3604752009222853
"{'ar': '48000', 'sample_fmt': 's32p', 'compression_level': '8', 'reservoir': '1', 'aq': '9'}",102.0546875,-3.349,-1.733,0.5628343170101289,0.3610647534102941
"{'ar': '48000', 'sample_fmt': 's32p', 'compression_level': '8', 'reservoir': '1', 'aq': '9'}",102.0546875,-3.349,-1.733,0.5739634379860945,0.3602421679244229
"{'ar': '48000', 'sample_fmt': 's32p', 'compression_level': '8', 'reservoir': '1', 'b:a': '317k', 'abr': 'True'}",434.046875,-3.319,-1.678,0.6127593749843072,-0.08512518779929718
"{'ar': '48000', 'sample_fmt': 's32p', 'compression_level': '8', 'reservoir': '1', 'aq': '9'}",102.0546875,-3.349,-1.733,0.6021221400005743,0.3581608769016991
"{'ar': '48000', 'sample_fmt': 's32p', 'compression_level': '8', 'reservoir': '1', 'aq': '9'}",102.0546875,-3.349,-1.733,0.6175896690110676,0.3570176271433578
"{'ar': '48000', 'sample_fmt': 's32p', 'compression_level': '8', 'reservoir': '1', 'aq': '9'}",102.0546875,-3.349,-1.733,0.5626402829948347,0.3610790950249725
"{'ar': '48000', 'sample_fmt': 's32p', 'compression_level': '8', 'reservoir': '1', 'aq': '9'}",102.0546875,-3.349,-1.733,0.5517349319998175,0.3618851410250299
"{'ar': '48000', 'sample_fmt': 's32p', 'compression_level': '9', 'reservoir': '1', 'aq': '9'}",102.0546875,-3.349,-1.733,0.5408942689828109,0.36268640574973443
"{'ar': '48000', 'sample_fmt': 's32p', 'compression_level': '8', 'reservoir': '1', 'aq': '9'}",102.0546875,-3.349,-1.733,0.5387140559905674,0.36284755159111765
"{'ar': '48000', 'sample_fmt': 's32p', 'compression_level': '8', 'reservoir': '1', 'aq': '9'}",102.0546875,-3.349,-1.733,0.5470956340141129,0.3622280449431303
"{'ar': '48000', 'sample_fmt': 's32p', 'compression_level': '8', 'reservoir': '1', 'aq': '9'}",102.0546875,-3.349,-1.733,0.5402282560244203,0.3627356326917506
"{'ar': '48000', 'sample_fmt': 's32p', 'compression_level': '8', 'reservoir': '1', 'aq': '9'}",102.0546875,-3.349,-1.733,0.535072175989626,0.363116733464199
"{'ar': '48000', 'sample_fmt': 's32p', 'compression_level': '8', 'reservoir': '1', 'aq': '9'}",102.0546875,-3.349,-1.733,0.5403255600249395,0.36272844067193905
"{'ar': '48000', 'sample_fmt': 's32p', 'compression_level': '8', 'reservoir': '1', 'aq': '9'}",102.0546875,-3.349,-1.733,0.5307021430053283,0.36343973522807815
"{'ar': '48000', 'sample_fmt': 's32p', 'compression_level': '9', 'reservoir': '1', 'aq': '9'}",102.0546875,-3.349,-1.733,0.5388496670057066,0.3628375281891779
"{'ar': '48000', 'sample_fmt': 's32p', 'compression_level': '8', 'reservoir': '1', 'aq': '9'}",102.0546875,-3.349,-1.733,0.5438539709721226,0.3624676456244586
"{'ar': '48000', 'sample_fmt': 's32p', 'compression_level': '8', 'reservoir': '1', 'aq': '9'}",102.0546875,-3.349,-1.733,0.5411580159852747,0.36266691144675783
"{'ar': '48000', 'sample_fmt': 's32p', 'compression_level': '9', 'reservoir': '1', 'aq': '9'}",102.0546875,-3.349,-1.733,0.5487120949837845,0.362108567642542
"{'ar': '48000', 'sample_fmt': 's32p', 'compression_level': '8', 'reservoir': '1', 'aq': '9'}",102.0546875,-3.349,-1.733,0.6250730639731046,0.35646450780049976
"{'ar': '48000', 'sample_fmt': 's32p', 'compression_level': '8', 'reservoir': '1', 'b:a': '317k', 'abr': 'True'}",434.046875,-3.319,-1.678,0.579265826032497,-0.08264958282586071
"{'ar': '48000', 'sample_fmt': 's32p', 'compression_level': '8', 'reservoir': '1', 'aq': '9'}",102.0546875,-3.349,-1.733,0.5915230629616417,0.3589442853087679
"{'ar': '48000', 'sample_fmt': 's32p', 'compression_level': '8', 'reservoir': '1', 'aq': '9'}",102.0546875,-3.349,-1.733,0.5940633399877697,0.35875652609433417
"{'ar': '48000', 'sample_fmt': 's32p', 'compression_level': '8', 'reservoir': '1', 'aq': '9'}",102.0546875,-3.349,-1.733,0.5452488790324423,0.3623645439395168
"{'ar': '48000', 'sample_fmt': 's32p', 'compression_level': '8', 'reservoir': '1', 'aq': '9'}",102.0546875,-3.349,-1.733,0.5411496179876849,0.3626675321670234
"{'ar': '48000', 'sample_fmt': 's32p', 'compression_level': '8', 'reservoir': '1', 'aq': '9'}",102.0546875,-3.349,-1.733,0.5493675520119723,0.36206012091982565
"{'ar': '48000', 'sample_fmt': 's32p', 'compression_level': '8', 'reservoir': '1', 'aq': '9'}",102.0546875,-3.349,-1.733,0.5559365120134316,0.3615745901069125
"{'ar': '48000', 'sample_fmt': 'fltp', 'compression_level': '8', 'reservoir': '1', 'aq': '9'}",102.0546875,-3.349,-1.733,0.6279987440211698,0.3562482623351985
"{'ar': '48000', 'sample_fmt': 's32p', 'compression_level': '8', 'reservoir': '1', 'b:a': '317k', 'abr': 'True'}",434.046875,-3.319,-1.678,0.6210872130177449,-0.0857407223693487
"{'ar': '48000', 'sample_fmt': 's32p', 'compression_level': '8', 'reservoir': '1', 'aq': '9'}",102.0546875,-3.349,-1.733,0.6854812240053434,0.3519995661597342
"{'ar': '48000', 'sample_fmt': 's32p', 'compression_level': '8', 'reservoir': '1', 'aq': '9'}",102.0546875,-3.349,-1.733,0.6149352729844395,0.35721382122283396
"{'ar': '48000', 'sample_fmt': 's32p', 'compression_level': '8', 'reservoir': '1', 'b:a': '320k', 'abr': 'True'}",438.171875,-3.313,-1.667,0.5759400299866684,-0.07153621062064179
"{'ar': '48000', 'sample_fmt': 's32p', 'compression_level': '8', 'reservoir': '1', 'aq': '9'}",102.0546875,-3.349,-1.733,0.5783743390347809,0.35991614548382767
"{'ar': '48000', 'sample_fmt': 's32p', 'compression_level': '8', 'reservoir': '1', 'aq': '9'}",102.0546875,-3.349,-1.733,0.5597544439951889,0.36129239572327526
"{'ar': '48000', 'sample_fmt': 's32p', 'compression_level': '8', 'reservoir': '1', 'aq': '9'}",102.0546875,-3.349,-1.733,0.5720083600026555,0.36038667338683955
"{'ar': '48000', 'sample_fmt': 's32p', 'compression_level': '8', 'reservoir': '1', 'aq': '9'}",102.0546875,-3.349,-1.733,0.5797784840106033,0.35981236107177345
"{'ar': '48000', 'sample_fmt': 's32p', 'compression_level': '9', 'reservoir': '1', 'aq': '9'}",102.0546875,-3.349,-1.733,0.5624048069876153,0.3610964997370093
"{'ar': '48000', 'sample_fmt': 's32p', 'compression_level': '8', 'reservoir': '1', 'aq': '9'}",102.0546875,-3.349,-1.733,0.5860819350054953,0.35934645479665106
"{'ar': '48000', 'sample_fmt': 's32p', 'compression_level': '8', 'reservoir': '1', 'aq': '9'}",102.0546875,-3.349,-1.733,0.5893524580169469,0.35910472099159696
"{'ar': '48000', 'sample_fmt': 's32p', 'compression_level': '8', 'reservoir': '1', 'aq': '9'}",102.0546875,-3.349,-1.733,0.555966425978113,0.36157237907935474
"{'ar': '48000', 'sample_fmt': 's32p', 'compression_level': '8', 'reservoir': '1', 'aq': '9'}",102.0546875,-3.349,-1.733,0.5522565479914192,0.3618465868800245
"{'ar': '48000', 'sample_fmt': 's32p', 'compression_level': '8', 'reservoir': '1', 'aq': '9'}",102.0546875,-3.349,-1.733,0.5734854760230519,0.36027749547405113
"{'ar': '44100', 'sample_fmt': 's32p', 'compression_level': '9', 'reservoir': '1', 'aq': '9'}",97.1474609375,-3.314,-1.668,0.5754041679902002,0.4700185880023805
"{'ar': '48000', 'sample_fmt': 's32p', 'compression_level': '8', 'reservoir': '1', 'aq': '9'}",102.0546875,-3.349,-1.733,0.5644769839709625,0.360943339149184
"{'ar': '48000', 'sample_fmt': 's32p', 'compression_level': '8', 'reservoir': '1', 'aq': '9'}",102.0546875,-3.349,-1.733,0.5734846599807497,0.3602775557900954
"{'ar': '48000', 'sample_fmt': 's32p', 'compression_level': '9', 'reservoir': '1', 'aq': '9'}",102.0546875,-3.349,-1.733,0.593374397023581,0.3588074478593288
"{'ar': '48000', 'sample_fmt': 's32p', 'compression_level': '8', 'reservoir': '1', 'aq': '9'}",102.0546875,-3.349,-1.733,0.5850110350002069,0.3594256081101133
"{'ar': '48000', 'sample_fmt': 's32p', 'compression_level': '8', 'reservoir': '1', 'aq': '9'}",102.0546875,-3.349,-1.733,0.5571913419698831,0.36148184199934474
"{'ar': '48000', 'sample_fmt': 's32p', 'compression_level': '9', 'reservoir': '1', 'aq': '9'}",102.0546875,-3.349,-1.733,0.5627579539723229,0.3610703976230483
"{'ar': '48000', 'sample_fmt': 's32p', 'compression_level': '8', 'reservoir': '1', 'aq': '9'}",102.0546875,-3.349,-1.733,0.5553762779745739,0.36161599862336685
"{'ar': '48000', 'sample_fmt': 's32p', 'compression_level': '6', 'reservoir': '1', 'aq': '9'}",110.65625,-3.337,-1.711,0.5883750180073548,0.3803510965892269
"{'ar': '48000', 'sample_fmt': 's32p', 'compression_level': '8', 'reservoir': '1', 'aq': '9'}",102.0546875,-3.349,-1.733,0.5608840280037839,0.36120890490557733
"{'ar': '48000', 'sample_fmt': 's32p', 'compression_level': '8', 'reservoir': '1', 'aq': '9'}",102.0546875,-3.349,-1.733,0.59091804001946,0.3589890043024721
"{'ar': '48000', 'sample_fmt': 's32p', 'compression_level': '8', 'reservoir': '1', 'aq': '9'}",102.0546875,-3.349,-1.733,0.563967855006922,0.36098097034190446
"{'ar': '48000', 'sample_fmt': 's32p', 'compression_level': '8', 'reservoir': '1', 'aq': '9'}",102.0546875,-3.349,-1.733,0.5891408149909694,0.3591203641391313
"{'ar': '48000', 'sample_fmt': 's32p', 'compression_level': '8', 'reservoir': '1', 'aq': '9'}",102.0546875,-3.349,-1.733,0.596909482992487,0.3585461594417072
"{'ar': '48000', 'sample_fmt': 's32p', 'compression_level': '8', 'reservoir': '1', 'aq': '9'}",102.0546875,-3.349,-1.733,0.5551573560223915,0.3616321797773675
"{'ar': '48000', 'sample_fmt': 's32p', 'compression_level': '8', 'reservoir': '1', 'aq': '9'}",102.0546875,-3.349,-1.733,0.5710607229848392,0.3604567159767632
"{'ar': '48000', 'sample_fmt': 's32p', 'compression_level': '8', 'reservoir': '1', 'aq': '9'}",102.0546875,-3.349,-1.733,0.5604142539668828,0.3612436272619277
"{'ar': '48000', 'sample_fmt': 's32p', 'compression_level': '8', 'reservoir': '1', 'aq': '9'}",102.0546875,-3.349,-1.733,0.5610647620051168,0.3611955463333576
"{'ar': '44100', 'sample_fmt': 's32p', 'compression_level': '8', 'reservoir': '1', 'aq': '9'}",97.1474609375,-3.314,-1.668,0.5812117829918861,0.46958933039809786
"{'ar': '48000', 'sample_fmt': 's32p', 'compression_level': '8', 'reservoir': '1', 'aq': '9'}",102.0546875,-3.349,-1.733,0.5552930739941075,0.36162214846995816
"{'ar': '48000', 'sample_fmt': 's32p', 'compression_level': '8', 'reservoir': '1', 'aq': '9'}",102.0546875,-3.349,-1.733,0.5836740800004918,0.3595244263169064
"{'ar': '48000', 'sample_fmt': 's32p', 'compression_level': '8', 'reservoir': '1', 'aq': '9'}",102.0546875,-3.349,-1.733,0.5629967389977537,0.36105274833191503
"{'ar': '48000', 'sample_fmt': 's32p', 'compression_level': '8', 'reservoir': '1', 'aq': '9'}",102.0546875,-3.349,-1.733,0.5630948439938948,0.36104549710820283
"{'ar': '48000', 'sample_fmt': 's32p', 'compression_level': '7', 'reservoir': '1', 'b:a': '317k', 'abr': 'True'}",434.046875,-3.319,-1.678,0.568922381993616,-0.08188506899240708
"{'ar': '48000', 'sample_fmt': 's32p', 'compression_level': '8', 'reservoir': '1', 'aq': '9'}",102.0546875,-3.349,-1.733,0.56808570298017,0.3606766083008113
"{'ar': '48000', 'sample_fmt': 's32p', 'compression_level': '8', 'reservoir': '1', 'aq': '9'}",102.0546875,-3.349,-1.733,0.5545289530127775,0.3616786268594059
"{'ar': '48000', 'sample_fmt': 's32p', 'compression_level': '8', 'reservoir': '1', 'aq': '9'}",102.0546875,-3.349,-1.733,0.5729195749736391,0.36031932285562884
"{'ar': '48000', 'sample_fmt': 's32p', 'compression_level': '8', 'reservoir': '1', 'aq': '9'}",102.0546875,-3.349,-1.733,0.6469880460062996,0.35484470816110636
"{'ar': '48000', 'sample_fmt': 's32p', 'compression_level': '8', 'reservoir': '1', 'aq': '9'}",102.0546875,-3.349,-1.733,0.5816546529822517,0.3596736880024041
"{'ar': '48000', 'sample_fmt': 's32p', 'compression_level': '7', 'reservoir': '1', 'aq': '9'}",102.0546875,-3.349,-1.733,0.5903915530070662,0.3590279184786977
"{'ar': '48000', 'sample_fmt': 's32p', 'compression_level': '8', 'reservoir': '1', 'aq': '9'}",102.0546875,-3.349,-1.733,0.5910314249922521,0.3589806236915383
"{'ar': '48000', 'sample_fmt': 's32p', 'compression_level': '8', 'reservoir': '1', 'aq': '9'}",102.0546875,-3.349,-1.733,0.8213512360234745,0.3419570210124014
"{'ar': '48000', 'sample_fmt': 's32p', 'compression_level': '8', 'reservoir': '1', 'aq': '9'}",102.0546875,-3.349,-1.733,0.5760333979851566,0.3600891712003114
"{'ar': '48000', 'sample_fmt': 's32p', 'compression_level': '7', 'reservoir': '1', 'aq': '9'}",102.0546875,-3.349,-1.733,0.5925758870143909,0.35886646804118333
"{'ar': '48000', 'sample_fmt': 's32p', 'compression_level': '8', 'reservoir': '1', 'aq': '9'}",102.0546875,-3.349,-1.733,0.826644035987556,0.3415658148749647
"{'ar': '48000', 'sample_fmt': 's32p', 'compression_level': '9', 'reservoir': '1', 'aq': '9'}",102.0546875,-3.349,-1.733,1.1025175130052958,0.3211752091279611
"{'ar': '48000', 'sample_fmt': 's32p', 'compression_level': '9', 'reservoir': '1', 'aq': '9'}",102.0546875,-3.349,-1.733,0.6806171060015913,0.3523590871749242
"{'ar': '44100', 'sample_fmt': 's32p', 'compression_level': '9', 'reservoir': '1', 'aq': '9'}",97.1474609375,-3.314,-1.668,0.5669517169881146,0.47064333307697975
"{'ar': '48000', 'sample_fmt': 's32p', 'compression_level': '9', 'reservoir': '1', 'aq': '9'}",102.0546875,-3.349,-1.733,0.6156903379887808,0.3571580121868102
"{'ar': '44100', 'sample_fmt': 's32p', 'compression_level': '9', 'reservoir': '1', 'aq': '9'}",97.1474609375,-3.314,-1.668,0.5973175890103448,0.46839890374197174
"{'ar': '48000', 'sample_fmt': 's32p', 'compression_level': '9', 'reservoir': '1', 'aq': '9'}",102.0546875,-3.349,-1.733,0.5606913479859941,0.3612231464423882
"{'ar': '48000', 'sample_fmt': 's32p', 'compression_level': '9', 'reservoir': '1', 'aq': '9'}",102.0546875,-3.349,-1.733,0.5696975749742705,0.360557470184666
"{'ar': '48000', 'sample_fmt': 's32p', 'compression_level': '9', 'reservoir': '1', 'aq': '9'}",102.0546875,-3.349,-1.733,0.5607407740026247,0.3612194932226961
"{'ar': '48000', 'sample_fmt': 's32p', 'compression_level': '9', 'reservoir': '1', 'aq': '9'}",102.0546875,-3.349,-1.733,0.5666055140027311,0.3607860133447332
"{'ar': '48000', 'sample_fmt': 's32p', 'compression_level': '9', 'reservoir': '1', 'aq': '9'}",102.0546875,-3.349,-1.733,0.5545810690091457,0.3616747748155395
"{'ar': '48000', 'sample_fmt': 's32p', 'compression_level': '9', 'reservoir': '1', 'aq': '9'}",102.0546875,-3.349,-1.733,0.5584023889678065,0.36139233001674065
"{'ar': '48000', 'sample_fmt': 's32p', 'compression_level': '9', 'reservoir': '1', 'aq': '9'}",102.0546875,-3.349,-1.733,0.5633343369991053,0.36102779548823843
"{'ar': '48000', 'sample_fmt': 's32p', 'compression_level': '9', 'reservoir': '1', 'aq': '9'}",102.0546875,-3.349,-1.733,0.552573841996491,0.3618231347633758
"{'ar': '48000', 'sample_fmt': 's32p', 'compression_level': '9', 'reservoir': '1', 'aq': '9'}",102.0546875,-3.349,-1.733,0.5862977810029406,0.3593305009953522
"{'ar': '48000', 'sample_fmt': 's32p', 'compression_level': '9', 'reservoir': '1', 'aq': '9'}",102.0546875,-3.349,-1.733,0.5906216430012137,0.35901091186244843
"{'ar': '48000', 'sample_fmt': 's32p', 'compression_level': '9', 'reservoir': '1', 'aq': '9'}",102.0546875,-3.349,-1.733,0.5662727049784735,0.3608106122212763
"{'ar': '48000', 'sample_fmt': 's32p', 'compression_level': '8', 'reservoir': '1', 'aq': '9'}",102.0546875,-3.349,-1.733,0.5586529589782003,0.3613738096633192
"{'ar': '48000', 'sample_fmt': 's32p', 'compression_level': '9', 'reservoir': '1', 'aq': '9'}",102.0546875,-3.349,-1.733,0.5675689569907263,0.36071480248988663
"{'ar': '44100', 'sample_fmt': 's32p', 'compression_level': '9', 'reservoir': '1', 'aq': '9'}",97.1474609375,-3.314,-1.668,0.5534154810302425,0.47164383538586113
"{'ar': '48000', 'sample_fmt': 's32p', 'compression_level': '9', 'reservoir': '1', 'aq': '9'}",102.0546875,-3.349,-1.733,0.5548965359921567,0.36165145773936996
"{'ar': '44100', 'sample_fmt': 's32p', 'compression_level': '8', 'reservoir': '1', 'aq': '9'}",97.1474609375,-3.314,-1.668,0.5505089999933261,0.47185866179677804
"{'ar': '48000', 'sample_fmt': 'fltp', 'compression_level': '9', 'reservoir': '1', 'aq': '9'}",102.0546875,-3.349,-1.733,0.5627529299817979,0.3610707689607035
"{'ar': '48000', 'sample_fmt': 'fltp', 'compression_level': '9', 'reservoir': '1', 'aq': '9'}",102.0546875,-3.349,-1.733,0.5535612129897345,0.36175015532052796
"{'ar': '48000', 'sample_fmt': 's32p', 'compression_level': '9', 'reservoir': '1', 'aq': '9'}",102.0546875,-3.349,-1.733,0.5773326650087256,0.35999313862072435
"{'ar': '48000', 'sample_fmt': 'fltp', 'compression_level': '9', 'reservoir': '1', 'aq': '9'}",102.0546875,-3.349,-1.733,0.5555589739815332,0.36160249503364256
"{'ar': '48000', 'sample_fmt': 's32p', 'compression_level': '9', 'reservoir': '1', 'aq': '9'}",102.0546875,-3.349,-1.733,0.5861503390187863,0.3593413988583941
"{'ar': '44100', 'sample_fmt': 's32p', 'compression_level': '9', 'reservoir': '1', 'aq': '9'}",97.1474609375,-3.314,-1.668,0.6121300729864743,0.46730407025469295
"{'ar': '48000', 'sample_fmt': 's32p', 'compression_level': '9', 'reservoir': '1', 'aq': '9'}",102.0546875,-3.349,-1.733,0.5566467209719121,0.36152209651083755
"{'ar': '48000', 'sample_fmt': 's32p', 'compression_level': '9', 'reservoir': '1', 'b:a': '317k', 'abr': 'True'}",434.046875,-3.319,-1.678,0.5701814040075988,-0.08197812694705876
"{'ar': '48000', 'sample_fmt': 's32p', 'compression_level': '9', 'reservoir': '1', 'aq': '9'}",102.0546875,-3.349,-1.733,0.5536519059969578,0.3617434519383315
"{'ar': '48000', 'sample_fmt': 's32p', 'compression_level': '9', 'reservoir': '1', 'aq': '9'}",102.0546875,-3.349,-1.733,0.5444880400318652,0.3624207797482847
"{'ar': '48000', 'sample_fmt': 's32p', 'compression_level': '9', 'reservoir': '1', 'aq': '9'}",102.0546875,-3.349,-1.733,0.5525423099752516,0.3618254653861687
"{'ar': '48000', 'sample_fmt': 's32p', 'compression_level': '9', 'reservoir': '1', 'aq': '9'}",102.0546875,-3.349,-1.733,0.5589691000059247,0.3613504427665575
"{'ar': '48000', 'sample_fmt': 's32p', 'compression_level': '9', 'reservoir': '1', 'aq': '9'}",102.0546875,-3.349,-1.733,0.5578195909911301,0.3614354062990314
"{'ar': '44100', 'sample_fmt': 's32p', 'compression_level': '9', 'reservoir': '1', 'aq': '9'}",97.1474609375,-3.314,-1.668,0.561965736997081,0.47101186126373645
"{'ar': '48000', 'sample_fmt': 's32p', 'compression_level': '9', 'reservoir': '1', 'aq': '9'}",102.0546875,-3.349,-1.733,0.5489842230454087,0.3620884538712681
"{'ar': '48000', 'sample_fmt': 's32p', 'compression_level': '9', 'reservoir': '1', 'aq': '9'}",102.0546875,-3.349,-1.733,0.5676508939941414,0.3607087462892298
"{'ar': '48000', 'sample_fmt': 's32p', 'compression_level': '8', 'reservoir': '1', 'b:a': '302k', 'abr': 'True'}",414.734375,-3.345,-1.726,0.5710648079984821,-0.12694753653027405
"{'ar': '48000', 'sample_fmt': 's32p', 'compression_level': '9', 'reservoir': '1', 'aq': '9'}",102.0546875,-3.349,-1.733,0.5685225799970794,0.36064431745825537
"{'ar': '48000', 'sample_fmt': 's32p', 'compression_level': '9', 'reservoir': '1', 'aq': '9'}",102.0546875,-3.349,-1.733,0.5637059480068274,0.3610003286449898
"{'ar': '48000', 'sample_fmt': 's32p', 'compression_level': '9', 'reservoir': '1', 'aq': '9'}",102.0546875,-3.349,-1.733,0.6194414460042026,0.3568807569555943
"{'ar': '48000', 'sample_fmt': 's32p', 'compression_level': '9', 'reservoir': '1', 'aq': '9'}",102.0546875,-3.349,-1.733,0.6265264220128302,0.35635708590870485
"{'ar': '48000', 'sample_fmt': 's32p', 'compression_level': '9', 'reservoir': '1', 'aq': '9'}",102.0546875,-3.349,-1.733,0.588983492954867,0.35913199226535847
"{'ar': '44100', 'sample_fmt': 's32p', 'compression_level': '9', 'reservoir': '1', 'aq': '9'}",97.1474609375,-3.314,-1.668,0.597784805984702,0.46836437038550194
"{'ar': '48000', 'sample_fmt': 's32p', 'compression_level': '9', 'reservoir': '1', 'aq': '9'}",102.0546875,-3.349,-1.733,0.5825403339986224,0.3596082247595522
"{'ar': '48000', 'sample_fmt': 's32p', 'compression_level': '9', 'reservoir': '1', 'aq': '9'}",102.0546875,-3.349,-1.733,0.5605728790105786,0.3612319028266447
"{'ar': '48000', 'sample_fmt': 's32p', 'compression_level': '9', 'reservoir': '1', 'aq': '9'}",102.0546875,-3.349,-1.733,0.5665314779907931,0.36079148556028223
"{'ar': '44100', 'sample_fmt': 's32p', 'compression_level': '9', 'reservoir': '1', 'aq': '9'}",97.1474609375,-3.314,-1.668,0.5501406860130373,0.4718858849472033
"{'ar': '48000', 'sample_fmt': 's32p', 'compression_level': '9', 'reservoir': '1', 'aq': '9'}",102.0546875,-3.349,-1.733,0.6701606530405115,0.35313195382432583
"{'ar': '48000', 'sample_fmt': 's32p', 'compression_level': '9', 'reservoir': '1', 'aq': '9'}",102.0546875,-3.349,-1.733,0.5653497939929366,0.3608788272387151
"{'ar': '48000', 'sample_fmt': 's32p', 'compression_level': '9', 'reservoir': '1', 'aq': '9'}",102.0546875,-3.349,-1.733,0.6339866580383386,0.35580567830975707
"{'ar': '48000', 'sample_fmt': 's32p', 'compression_level': '9', 'reservoir': '1', 'aq': '9'}",102.0546875,-3.349,-1.733,0.6011682789830957,0.3582313795254203
"{'ar': '48000', 'sample_fmt': 's32p', 'compression_level': '8', 'reservoir': '1', 'aq': '9'}",102.0546875,-3.349,-1.733,0.5685260169848334,0.36064406342056027
"{'ar': '44100', 'sample_fmt': 's32p', 'compression_level': '9', 'reservoir': '1', 'b:a': '317k', 'abr': 'True'}",434.3876953125,-2.592,-0.706,0.5955666059744544,1.916092125160148
"{'ar': '48000', 'sample_fmt': 's32p', 'compression_level': '9', 'reservoir': '1', 'aq': '9'}",102.0546875,-3.349,-1.733,0.6048809779749718,0.357956963216107
"{'ar': '44100', 'sample_fmt': 's32p', 'compression_level': '9', 'reservoir': '1', 'aq': '9'}",97.1474609375,-3.314,-1.668,0.5637241580407135,0.47088189128392705
"{'ar': '48000', 'sample_fmt': 's32p', 'compression_level': '9', 'reservoir': '1', 'aq': '9'}",102.0546875,-3.349,-1.733,0.5772337360249367,0.3600004507477443
"{'ar': '44100', 'sample_fmt': 's32p', 'compression_level': '9', 'reservoir': '1', 'aq': '9'}",97.1474609375,-3.314,-1.668,0.5559714919945691,0.47145491323059624
"{'ar': '48000', 'sample_fmt': 's32p', 'compression_level': '9', 'reservoir': '1', 'aq': '9'}",102.0546875,-3.349,-1.733,0.5574022090004291,0.36146625620787476
"{'ar': '44100', 'sample_fmt': 's32p', 'compression_level': '8', 'reservoir': '1', 'b:a': '317k', 'abr': 'True'}",434.3876953125,-2.592,-0.706,0.5908597309899051,1.916440023889478
"{'ar': '48000', 'sample_fmt': 's32p', 'compression_level': '9', 'reservoir': '1', 'aq': '9'}",102.0546875,-3.349,-1.733,0.5616027129872236,0.3611557848220085
"{'ar': '48000', 'sample_fmt': 's32p', 'compression_level': '9', 'reservoir': '1', 'aq': '9'}",102.0546875,-3.349,-1.733,0.5752211200015154,0.36014920901293646
"{'ar': '48000', 'sample_fmt': 's32p', 'compression_level': '9', 'reservoir': '1', 'aq': '9'}",102.0546875,-3.349,-1.733,0.5925409200135618,0.35886905255324214
"{'ar': '48000', 'sample_fmt': 's32p', 'compression_level': '9', 'reservoir': '1', 'aq': '9'}",102.0546875,-3.349,-1.733,0.6086993269855157,0.3576747380086672
"{'ar': '48000', 'sample_fmt': 's32p', 'compression_level': '9', 'reservoir': '1', 'aq': '9'}",102.0546875,-3.349,-1.733,0.568600624013925,0.36063854899948355
"{'ar': '48000', 'sample_fmt': 's32p', 'compression_level': '9', 'reservoir': '1', 'aq': '9'}",102.0546875,-3.349,-1.733,0.6191830950265285,0.3568998524227884
"{'ar': '48000', 'sample_fmt': 's32p', 'compression_level': '9', 'reservoir': '1', 'aq': '9'}",102.0546875,-3.349,-1.733,0.6130681910144631,0.35735182264565535
"{'ar': '48000', 'sample_fmt': 's32p', 'compression_level': '9', 'reservoir': '1', 'aq': '9'}",102.0546875,-3.349,-1.733,0.5633934050274547,0.3610234295996023
"{'ar': '48000', 'sample_fmt': 's32p', 'compression_level': '9', 'reservoir': '1', 'b:a': '319k', 'abr': 'True'}",437.234375,-3.314,-1.669,0.5797860769962426,-0.07328540215185975
"{'ar': '48000', 'sample_fmt': 's32p', 'compression_level': '9', 'reservoir': '1', 'aq': '9'}",102.0546875,-3.349,-1.733,0.5781791500048712,0.35993057246897336
"{'ar': '48000', 'sample_fmt': 's32p', 'compression_level': '9', 'reservoir': '1', 'b:a': '319k', 'abr': 'True'}",437.234375,-3.314,-1.669,0.5740765380032826,-0.0728633936287457
"{'ar': '48000', 'sample_fmt': 's32p', 'compression_level': '9', 'reservoir': '1', 'b:a': '317k', 'abr': 'True'}",434.046875,-3.319,-1.678,0.5777255139837507,-0.08253573391202937
"{'ar': '48000', 'sample_fmt': 's32p', 'compression_level': '9', 'reservoir': '1', 'aq': '9'}",102.0546875,-3.349,-1.733,0.5930440989905037,0.3588318611412589
"{'ar': '48000', 'sample_fmt': 's32p', 'compression_level': '9', 'reservoir': '1', 'aq': '9'}",102.0546875,-3.349,-1.733,0.5704517780104652,0.3605017248591984
"{'ar': '48000', 'sample_fmt': 's32p', 'compression_level': '9', 'reservoir': '1', 'aq': '9'}",102.0546875,-3.349,-1.733,0.6199126160063315,0.35684593141942067
"{'ar': '48000', 'sample_fmt': 's32p', 'compression_level': '9', 'reservoir': '1', 'aq': '9'}",102.0546875,-3.349,-1.733,0.6330330259806942,0.3558761640103954
"{'ar': '48000', 'sample_fmt': 's32p', 'compression_level': '9', 'reservoir': '1', 'aq': '9'}",102.0546875,-3.349,-1.733,0.7273719949880615,0.34890329824452726
"{'ar': '44100', 'sample_fmt': 's32p', 'compression_level': '9', 'reservoir': '1', 'aq': '9'}",97.1474609375,-3.314,-1.668,0.6933807019668166,0.46129860151538504
"{'ar': '48000', 'sample_fmt': 's32p', 'compression_level': '9', 'reservoir': '1', 'aq': '9'}",102.0546875,-3.349,-1.733,0.5704572969989385,0.3605013169348147
"{'ar': '48000', 'sample_fmt': 's32p', 'compression_level': '9', 'reservoir': '1', 'aq': '9'}",102.0546875,-3.349,-1.733,0.5787738180079032,0.35988661883873946
"{'ar': '48000', 'sample_fmt': 's32p', 'compression_level': '9', 'reservoir': '1', 'aq': '9'}",102.0546875,-3.349,-1.733,0.5948496490018442,0.35869840772328004
"{'ar': '48000', 'sample_fmt': 's32p', 'compression_level': '9', 'reservoir': '1', 'aq': '9'}",102.0546875,-3.349,-1.733,0.56701202201657,0.3607559671629371
"{'ar': '48000', 'sample_fmt': 's32p', 'compression_level': '9', 'reservoir': '1', 'aq': '9'}",102.0546875,-3.349,-1.733,0.5717764110013377,0.36040381740767985
"{'ar': '48000', 'sample_fmt': 's32p', 'compression_level': '9', 'reservoir': '1', 'aq': '9'}",102.0546875,-3.349,-1.733,0.5804989010212012,0.35975911296907315
"{'ar': '48000', 'sample_fmt': 's32p', 'compression_level': '9', 'reservoir': '1', 'aq': '9'}",102.0546875,-3.349,-1.733,0.5795851939765271,0.3598266476966505
"{'ar': '48000', 'sample_fmt': 's32p', 'compression_level': '9', 'reservoir': '1', 'aq': '9'}",102.0546875,-3.349,-1.733,0.5732956120045856,0.3602915288722159
"{'ar': '48000', 'sample_fmt': 's32p', 'compression_level': '9', 'reservoir': '1', 'aq': '9'}",102.0546875,-3.349,-1.733,0.5794321759894956,0.35983795769817545
"{'ar': '48000', 'sample_fmt': 's32p', 'compression_level': '9', 'reservoir': '1', 'b:a': '317k', 'abr': 'True'}",434.046875,-3.319,-1.678,0.5943984019977506,-0.08376807523687356
"{'ar': '48000', 'sample_fmt': 's32p', 'compression_level': '9', 'reservoir': '1', 'aq': '9'}",102.0546875,-3.349,-1.733,0.6089371110138018,0.35765716270412495
"{'ar': '48000', 'sample_fmt': 's32p', 'compression_level': '9', 'reservoir': '1', 'b:a': '317k', 'abr': 'True'}",434.046875,-3.319,-1.678,0.5931821560079698,-0.0836781789817602
"{'ar': '48000', 'sample_fmt': 's32p', 'compression_level': '9', 'reservoir': '1', 'aq': '9'}",102.0546875,-3.349,-1.733,0.5683417239924893,0.3606576850480884
"{'ar': '48000', 'sample_fmt': 's32p', 'compression_level': '9', 'reservoir': '1', 'aq': '9'}",102.0546875,-3.349,-1.733,0.5795447819982655,0.3598296346627231
"{'ar': '48000', 'sample_fmt': 's32p', 'compression_level': '9', 'reservoir': '1', 'aq': '9'}",102.0546875,-3.349,-1.733,0.5772704110131599,0.3599977399934024
"{'ar': '48000', 'sample_fmt': 's32p', 'compression_level': '9', 'reservoir': '1', 'aq': '9'}",102.0546875,-3.349,-1.733,0.5950451079988852,0.35868396078408366
"{'ar': '48000', 'sample_fmt': 's32p', 'compression_level': '9', 'reservoir': '1', 'aq': '9'}",102.0546875,-3.349,-1.733,0.5933322549681179,0.35881056270040596
"{'ar': '48000', 'sample_fmt': 's32p', 'compression_level': '9', 'reservoir': '1', 'aq': '9'}",102.0546875,-3.349,-1.733,0.5941571370058227,0.35874959328572914
"{'ar': '48000', 'sample_fmt': 's32p', 'compression_level': '8', 'reservoir': '1', 'aq': '9'}",102.0546875,-3.349,-1.733,0.6756834719853941,0.3527237463194415
"{'ar': '44100', 'sample_fmt': 's32p', 'compression_level': '9', 'reservoir': '1', 'aq': '9'}",97.1474609375,-3.314,-1.668,0.5801640530116856,0.46966677114806243
"{'ar': '48000', 'sample_fmt': 's32p', 'compression_level': '9', 'reservoir': '1', 'aq': '9'}",102.0546875,-3.349,-1.733,0.604770604026271,0.3579651212735506
"{'ar': '48000', 'sample_fmt': 's32p', 'compression_level': '9', 'reservoir': '1', 'aq': '9'}",102.0546875,-3.349,-1.733,0.64535008801613,0.3549657743685894
"{'ar': '32000', 'sample_fmt': 's32p', 'compression_level': '8', 'reservoir': '1', 'aq': '9'}",81.7109375,-3.518,-2.09,0.5398068610229529,-0.11114956522104014
"{'ar': '44100', 'sample_fmt': 's32p', 'compression_level': '9', 'reservoir': '1', 'aq': '9'}",97.1474609375,-3.314,-1.668,0.572245880990522,0.4702520261195294
"{'ar': '48000', 'sample_fmt': 's32p', 'compression_level': '9', 'reservoir': '1', 'aq': '9'}",102.0546875,-3.349,-1.733,0.5692518520227168,0.36059041485580934
"{'ar': '48000', 'sample_fmt': 's32p', 'compression_level': '8', 'reservoir': '1', 'aq': '9'}",102.0546875,-3.349,-1.733,0.5738651650026441,0.36024943156456246
"{'ar': '48000', 'sample_fmt': 's32p', 'compression_level': '9', 'reservoir': '1', 'aq': '9'}",102.0546875,-3.349,-1.733,0.5759492710058112,0.36009538926841667
"{'ar': '48000', 'sample_fmt': 's32p', 'compression_level': '9', 'reservoir': '1', 'aq': '9'}",102.0546875,-3.349,-1.733,0.5718922399973962,0.36039525615192514
"{'ar': '48000', 'sample_fmt': 's32p', 'compression_level': '9', 'reservoir': '1', 'aq': '9'}",102.0546875,-3.349,-1.733,0.567057323991321,0.36075261876309567
"{'ar': '48000', 'sample_fmt': 's32p', 'compression_level': '9', 'reservoir': '1', 'aq': '9'}",102.0546875,-3.349,-1.733,0.5841267390060239,0.3594909689819737
"{'ar': '44100', 'sample_fmt': 's32p', 'compression_level': '8', 'reservoir': '1', 'aq': '9'}",97.1474609375,-3.314,-1.668,0.5716374139883555,0.47029699967365773
"{'ar': '48000', 'sample_fmt': 's32p', 'compression_level': '9', 'reservoir': '1', 'aq': '9'}",102.0546875,-3.349,-1.733,0.5711866950150579,0.36044740502004813
"{'ar': '32000', 'sample_fmt': 's32p', 'compression_level': '8', 'reservoir': '1', 'aq': '9'}",81.7109375,-3.518,-2.09,0.5392724430130329,-0.11111006484187291
"{'ar': '44100', 'sample_fmt': 's32p', 'compression_level': '9', 'reservoir': '1', 'aq': '9'}",97.1474609375,-3.314,-1.668,0.5719624040357303,0.4702729787202868
"{'ar': '48000', 'sample_fmt': 's32p', 'compression_level': '9', 'reservoir': '1', 'aq': '9'}",102.0546875,-3.349,-1.733,0.5758928410359658,0.3600995601705268
"{'ar': '48000', 'sample_fmt': 's32p', 'compression_level': '9', 'reservoir': '1', 'aq': '9'}",102.0546875,-3.349,-1.733,0.5867525230278261,0.35929688969844076
"{'ar': '48000', 'sample_fmt': 's32p', 'compression_level': '9', 'reservoir': '1', 'aq': '9'}",102.0546875,-3.349,-1.733,0.584435703989584,0.3594681324873693
"{'ar': '48000', 'sample_fmt': 's32p', 'compression_level': '9', 'reservoir': '1', 'b:a': '302k', 'abr': 'True'}",414.734375,-3.345,-1.726,0.5919484079931863,-0.12849110374330755
"{'ar': '44100', 'sample_fmt': 's32p', 'compression_level': '9', 'reservoir': '1', 'aq': '9'}",97.1474609375,-3.314,-1.668,0.5637904199829791,0.4708769936723285
"{'ar': '48000', 'sample_fmt': 's32p', 'compression_level': '9', 'reservoir': '1', 'b:a': '317k', 'abr': 'True'}",434.046875,-3.319,-1.678,0.5953770109917969,-0.08384040705504536
"{'ar': '48000', 'sample_fmt': 's32p', 'compression_level': '9', 'reservoir': '1', 'aq': '9'}",102.0546875,-3.349,-1.733,0.5746899600198958,0.3601884685818188
"{'ar': '48000', 'sample_fmt': 's32p', 'compression_level': '9', 'reservoir': '1', 'aq': '9'}",102.0546875,-3.349,-1.733,0.5919707560096867,0.3589111950221008
"{'ar': '48000', 'sample_fmt': 's32p', 'compression_level': '9', 'reservoir': '1', 'aq': '9'}",102.0546875,-3.349,-1.733,0.5751364030002151,0.360155470691269
"{'ar': '48000', 'sample_fmt': 's32p', 'compression_level': '9', 'reservoir': '1', 'aq': '9'}",102.0546875,-3.349,-1.733,0.6428870189993177,0.35514782691598323
"{'ar': '48000', 'sample_fmt': 's32p', 'compression_level': '9', 'reservoir': '1', 'aq': '9'}",102.0546875,-3.349,-1.733,0.6444764129992109,0.35503035021333385
"{'ar': '48000', 'sample_fmt': 's32p', 'compression_level': '9', 'reservoir': '1', 'aq': '9'}",102.0546875,-3.349,-1.733,0.6849258669826668,0.3520406142018318
"{'ar': '44100', 'sample_fmt': 's32p', 'compression_level': '9', 'reservoir': '1', 'aq': '9'}",97.1474609375,-3.314,-1.668,0.6316249820229132,0.46586314520262584
"{'ar': '48000', 'sample_fmt': 's32p', 'compression_level': '8', 'reservoir': '1', 'aq': '9'}",102.0546875,-3.349,-1.733,0.5789645909972023,0.3598725182559142
"{'ar': '48000', 'sample_fmt': 's32p', 'compression_level': '9', 'reservoir': '1', 'aq': '9'}",102.0546875,-3.349,-1.733,0.5909330760187004,0.35898789294832584
"{'ar': '48000', 'sample_fmt': 's32p', 'compression_level': '8', 'reservoir': '1', 'aq': '9'}",102.0546875,-3.349,-1.733,0.5758749090018682,0.3601008855789766
"{'ar': '32000', 'sample_fmt': 's32p', 'compression_level': '9', 'reservoir': '1', 'aq': '9'}",81.7109375,-3.518,-2.09,0.533529313019244,-0.11068557351083565
"{'ar': '48000', 'sample_fmt': 's32p', 'compression_level': '9', 'reservoir': '1', 'aq': '9'}",102.0546875,-3.349,-1.733,0.5806048950180411,0.3597512786465262
"{'ar': '48000', 'sample_fmt': 's32p', 'compression_level': '9', 'reservoir': '1', 'aq': '9'}",102.0546875,-3.349,-1.733,0.5837143460230436,0.359521450138842
"{'ar': '48000', 'sample_fmt': 's32p', 'compression_level': '9', 'reservoir': '1', 'aq': '9'}",102.0546875,-3.349,-1.733,0.5940216309973039,0.3587596089263262
"{'ar': '44100', 'sample_fmt': 's32p', 'compression_level': '9', 'reservoir': '1', 'aq': '9'}",97.1474609375,-3.314,-1.668,0.5720934020355344,0.47026329627963853
"{'ar': '48000', 'sample_fmt': 's32p', 'compression_level': '9', 'reservoir': '1', 'aq': '9'}",102.0546875,-3.349,-1.733,0.5869134450040292,0.35928499549023973
"{'ar': '44100', 'sample_fmt': 's32p', 'compression_level': '9', 'reservoir': '1', 'aq': '9'}",97.1474609375,-3.314,-1.668,0.570611053990433,0.47037286090648944
"{'ar': '44100', 'sample_fmt': 's32p', 'compression_level': '9', 'reservoir': '1', 'aq': '9'}",97.1474609375,-3.314,-1.668,0.5665858970023692,0.4706703718890625
"{'ar': '48000', 'sample_fmt': 's32p', 'compression_level': '9', 'reservoir': '1', 'aq': '9'}",102.0546875,-3.349,-1.733,0.5786832550074905,0.35989331261175683
"{'ar': '48000', 'sample_fmt': 's32p', 'compression_level': '9', 'reservoir': '1', 'aq': '9'}",102.0546875,-3.349,-1.733,0.6639393749937881,0.3535917864594329
"{'ar': '48000', 'sample_fmt': 's32p', 'compression_level': '9', 'reservoir': '1', 'aq': '9'}",102.0546875,-3.349,-1.733,0.6474509249965195,0.35481049543757753
"{'ar': '48000', 'sample_fmt': 's32p', 'compression_level': '9', 'reservoir': '1', 'aq': '9'}",102.0546875,-3.349,-1.733,0.6440042209869716,0.3550652512892275
"{'ar': '48000', 'sample_fmt': 's32p', 'compression_level': '9', 'reservoir': '1', 'aq': '9'}",102.0546875,-3.349,-1.733,0.614227883022977,0.3572661064586946
"{'ar': '48000', 'sample_fmt': 's32p', 'compression_level': '9', 'reservoir': '1', 'aq': '9'}",102.0546875,-3.349,-1.733,0.5768868279992603,0.36002609172221745
"{'ar': '48000', 'sample_fmt': 's32p', 'compression_level': '9', 'reservoir': '1', 'aq': '9'}",102.0546875,-3.349,-1.733,0.5854856270016171,0.35939052964408585
"{'ar': '48000', 'sample_fmt': 's32p', 'compression_level': '9', 'reservoir': '1', 'aq': '9'}",102.0546875,-3.349,-1.733,0.6203155359835364,0.3568161504397789
"{'ar': '48000', 'sample_fmt': 's32p', 'compression_level': '9', 'reservoir': '1', 'aq': '9'}",102.0546875,-3.349,-1.733,0.5696497809840366,0.36056100277657177
"{'ar': '48000', 'sample_fmt': 's32p', 'compression_level': '9', 'reservoir': '1', 'aq': '9'}",102.0546875,-3.349,-1.733,0.6013735309825279,0.358216208757123
"{'ar': '48000', 'sample_fmt': 's32p', 'compression_level': '9', 'reservoir': '1', 'aq': '9'}",102.0546875,-3.349,-1.733,0.5833942390163429,0.3595451101725685
"{'ar': '44100', 'sample_fmt': 's32p', 'compression_level': '9', 'reservoir': '1', 'aq': '9'}",97.1474609375,-3.314,-1.668,0.6214389090309851,0.46661602728731877
"{'ar': '48000', 'sample_fmt': 's32p', 'compression_level': '9', 'reservoir': '1', 'aq': '9'}",102.0546875,-3.349,-1.733,0.6082169729925226,0.35771039018591866
"{'ar': '48000', 'sample_fmt': 's32p', 'compression_level': '9', 'reservoir': '1', 'aq': '9'}",102.0546875,-3.349,-1.733,0.5684959949867334,0.36064628243318014
"{'ar': '48000', 'sample_fmt': 's32p', 'compression_level': '9', 'reservoir': '1', 'aq': '9'}",102.0546875,-3.349,-1.733,0.5923209580068942,0.35888531058067474
"{'ar': '48000', 'sample_fmt': 's32p', 'compression_level': '9', 'reservoir': '1', 'aq': '9'}",102.0546875,-3.349,-1.733,0.5748013929987792,0.3601802322483945
"{'ar': '48000', 'sample_fmt': 's32p', 'compression_level': '8', 'reservoir': '1', 'aq': '9'}",102.0546875,-3.349,-1.733,0.5714610620052554,0.3604271257630946
"{'ar': '48000', 'sample_fmt': 's32p', 'compression_level': '9', 'reservoir': '1', 'b:a': '317k', 'abr': 'True'}",434.046875,-3.319,-1.678,0.582733035000274,-0.0829058542582169
"{'ar': '48000', 'sample_fmt': 's32p', 'compression_level': '8', 'reservoir': '1', 'aq': '9'}",102.0546875,-3.349,-1.733,0.5810898330237251,0.3597154354774309
"{'ar': '48000', 'sample_fmt': 's32p', 'compression_level': '9', 'reservoir': '1', 'aq': '9'}",102.0546875,-3.349,-1.733,0.5782244550064206,0.3599272238454125
"{'ar': '48000', 'sample_fmt': 's32p', 'compression_level': '9', 'reservoir': '1', 'b:a': '317k', 'abr': 'True'}",434.046875,-3.319,-1.678,0.5863406230055261,-0.08317250151081952
"{'ar': '48000', 'sample_fmt': 's32p', 'compression_level': '9', 'reservoir': '1', 'aq': '9'}",102.0546875,-3.349,-1.733,0.5646519419969991,0.3609304074959865
"{'ar': '48000', 'sample_fmt': 's32p', 'compression_level': '9', 'reservoir': '1', 'aq': '9'}",102.0546875,-3.349,-1.733,0.5549129529681522,0.3616502443132418
"{'ar': '48000', 'sample_fmt': 's32p', 'compression_level': '9', 'reservoir': '1', 'aq': '9'}",102.0546875,-3.349,-1.733,0.5729973189882003,0.36031357657089264
"{'ar': '48000', 'sample_fmt': 'fltp', 'compression_level': '9', 'reservoir': '1', 'aq': '9'}",102.0546875,-3.349,-1.733,0.6008813380030915,0.35825258816228955
"{'ar': '48000', 'sample_fmt': 's32p', 'compression_level': '9', 'reservoir': '1', 'aq': '9'}",102.0546875,-3.349,-1.733,0.5908743750187568,0.3589922317088321
"{'ar': '48000', 'sample_fmt': 's32p', 'compression_level': '8', 'reservoir': '1', 'aq': '9'}",102.0546875,-3.349,-1.733,0.5737057799997274,0.36026121217062723
"{'ar': '48000', 'sample_fmt': 's32p', 'compression_level': '9', 'reservoir': '1', 'b:a': '318k', 'abr': 'True'}",435.359375,-3.316,-1.673,0.5846037050068844,-0.07657132512662711
"{'ar': '48000', 'sample_fmt': 's32p', 'compression_level': '9', 'reservoir': '1', 'aq': '9'}",102.0546875,-3.349,-1.733,0.5685772649885621,0.36064027553253764
"{'ar': '48000', 'sample_fmt': 's32p', 'compression_level': '9', 'reservoir': '1', 'aq': '9'}",102.0546875,-3.349,-1.733,0.5762027210148517,0.3600766560459743
"{'ar': '48000', 'sample_fmt': 's32p', 'compression_level': '9', 'reservoir': '1', 'aq': '9'}",102.0546875,-3.349,-1.733,0.581614733004244,0.3596766386033165
"{'ar': '48000', 'sample_fmt': 'fltp', 'compression_level': '9', 'reservoir': '1', 'b:a': '317k', 'abr': 'True'}",434.046875,-3.319,-1.678,0.597726749983849,-0.08401408305287322
"{'ar': '48000', 'sample_fmt': 's32p', 'compression_level': '9', 'reservoir': '1', 'aq': '9'}",102.0546875,-3.349,-1.733,0.5792011820012704,0.35985503113123884
"{'ar': '48000', 'sample_fmt': 's32p', 'compression_level': '9', 'reservoir': '1', 'aq': '9'}",102.0546875,-3.349,-1.733,0.5679124649905134,0.36068941282115036
"{'ar': '48000', 'sample_fmt': 's32p', 'compression_level': '9', 'reservoir': '1', 'aq': '9'}",102.0546875,-3.349,-1.733,0.5982230530062225,0.35844906968679235
"{'ar': '48000', 'sample_fmt': 's32p', 'compression_level': '9', 'reservoir': '1', 'aq': '9'}",102.0546875,-3.349,-1.733,0.5955602460016962,0.35864588544594617
"{'ar': '48000', 'sample_fmt': 's32p', 'compression_level': '9', 'reservoir': '1', 'aq': '9'}",102.0546875,-3.349,-1.733,0.6382149679993745,0.35549315170399687
"{'ar': '48000', 'sample_fmt': 's32p', 'compression_level': '9', 'reservoir': '1', 'b:a': '318k', 'abr': 'True'}",435.359375,-3.316,-1.673,0.6072839359985664,-0.07824768652751894
"{'ar': '48000', 'sample_fmt': 's32p', 'compression_level': '9', 'reservoir': '1', 'aq': '9'}",102.0546875,-3.349,-1.733,0.582545277022291,0.35960785940639134
"{'ar': '48000', 'sample_fmt': 's32p', 'compression_level': '9', 'reservoir': '1', 'aq': '9'}",102.0546875,-3.349,-1.733,0.5701920650026295,0.3605209209979769
"{'ar': '48000', 'sample_fmt': 's32p', 'compression_level': '8', 'reservoir': '1', 'aq': '9'}",102.0546875,-3.349,-1.733,0.5742481270281132,0.3602211257347965
"{'ar': '48000', 'sample_fmt': 's32p', 'compression_level': '9', 'reservoir': '1', 'aq': '9'}",102.0546875,-3.349,-1.733,0.5721996589854825,0.36037253392631297
"{'ar': '48000', 'sample_fmt': 's32p', 'compression_level': '9', 'reservoir': '1', 'aq': '9'}",102.0546875,-3.349,-1.733,0.5703532100014854,0.36050901030552723
"{'ar': '48000', 'sample_fmt': 's32p', 'compression_level': '8', 'reservoir': '1', 'b:a': '311k', 'abr': 'True'}",426.546875,-3.333,-1.704,0.5870744179992471,-0.11208030220347229
"{'ar': '48000', 'sample_fmt': 's32p', 'compression_level': '9', 'reservoir': '1', 'aq': '9'}",102.0546875,-3.349,-1.733,0.5723016880219802,0.36036499266544053
"{'ar': '48000', 'sample_fmt': 's32p', 'compression_level': '9', 'reservoir': '1', 'b:a': '312k', 'abr': 'True'}",428.046875,-3.331,-1.699,0.6109289360174444,-0.10999978774584374
"{'ar': '48000', 'sample_fmt': 's32p', 'compression_level': '8', 'reservoir': '1', 'aq': '9'}",102.0546875,-3.349,-1.733,0.5630912029882893,0.3610457662254468
"{'ar': '48000', 'sample_fmt': 's32p', 'compression_level': '9', 'reservoir': '1', 'aq': '9'}",102.0546875,-3.349,-1.733,0.5950398090062663,0.3586843524479381
"{'ar': '44100', 'sample_fmt': 's32p', 'compression_level': '9', 'reservoir': '1', 'aq': '9'}",97.1474609375,-3.314,-1.668,0.5618819549854379,0.4710180538342821
"{'ar': '48000', 'sample_fmt': 's32p', 'compression_level': '9', 'reservoir': '1', 'aq': '9'}",102.0546875,-3.349,-1.733,0.5698818450036924,0.3605438502543938
"{'ar': '44100', 'sample_fmt': 's32p', 'compression_level': '9', 'reservoir': '1', 'aq': '9'}",97.1474609375,-3.314,-1.668,0.5850239449937362,0.46930756249034633
"{'ar': '48000', 'sample_fmt': 'fltp', 'compression_level': '9', 'reservoir': '1', 'aq': '9'}",102.0546875,-3.349,-1.733,0.5775154729781207,0.3599796267555329
"{'ar': '48000', 'sample_fmt': 's32p', 'compression_level': '9', 'reservoir': '1', 'aq': '9'}",102.0546875,-3.349,-1.733,0.5921155050164089,0.35890049620480147
"{'ar': '44100', 'sample_fmt': 's32p', 'compression_level': '9', 'reservoir': '1', 'aq': '9'}",97.1474609375,-3.314,-1.668,0.5628637500049081,0.4709454865277661
"{'ar': '48000', 'sample_fmt': 's32p', 'compression_level': '9', 'reservoir': '1', 'aq': '9'}",102.0546875,-3.349,-1.733,0.6000936850032303,0.3583108058712162
"{'ar': '48000', 'sample_fmt': 's32p', 'compression_level': '9', 'reservoir': '1', 'aq': '9'}",102.0546875,-3.349,-1.733,0.5751449940144084,0.3601548357045886
"{'ar': '48000', 'sample_fmt': 's32p', 'compression_level': '9', 'reservoir': '1', 'aq': '9'}",102.0546875,-3.349,-1.733,0.6411409380089026,0.35527688480680614
"{'ar': '48000', 'sample_fmt': 's32p', 'compression_level': '9', 'reservoir': '1', 'aq': '9'}",102.0546875,-3.349,-1.733,0.5920216430386063,0.35890743381476925
"{'ar': '48000', 'sample_fmt': 's32p', 'compression_level': '9', 'reservoir': '1', 'aq': '9'}",102.0546875,-3.349,-1.733,0.6690972689830232,0.35321055161237086
"{'ar': '48000', 'sample_fmt': 's32p', 'compression_level': '9', 'reservoir': '1', 'aq': '9'}",102.0546875,-3.349,-1.733,0.5842841250123456,0.3594793361275228
"{'ar': '48000', 'sample_fmt': 's32p', 'compression_level': '9', 'reservoir': '1', 'aq': '9'}",102.0546875,-3.349,-1.733,0.6316098870302085,0.35598135232199485
"{'ar': '48000', 'sample_fmt': 's32p', 'compression_level': '9', 'reservoir': '1', 'aq': '9'}",102.0546875,-3.349,-1.733,0.6134133050218225,0.3573263142722593
"{'ar': '48000', 'sample_fmt': 's32p', 'compression_level': '9', 'reservoir': '1', 'aq': '9'}",102.0546875,-3.349,-1.733,0.610456291004084,0.35754487572178995
"{'ar': '48000', 'sample_fmt': 's32p', 'compression_level': '9', 'reservoir': '1', 'aq': '9'}",102.0546875,-3.349,-1.733,0.5834617149957921,0.3595401228279741
"{'ar': '48000', 'sample_fmt': 's32p', 'compression_level': '8', 'reservoir': '1', 'aq': '9'}",102.0546875,-3.349,-1.733,0.5717949510144535,0.36040244706174424
"{'ar': '48000', 'sample_fmt': 's32p', 'compression_level': '9', 'reservoir': '1', 'aq': '9'}",102.0546875,-3.349,-1.733,0.5751675289939158,0.3601531700791446
"{'ar': '48000', 'sample_fmt': 's32p', 'compression_level': '9', 'reservoir': '1', 'aq': '9'}",102.0546875,-3.349,-1.733,0.5904667739814613,0.35902235867914983
"{'ar': '44100', 'sample_fmt': 's32p', 'compression_level': '9', 'reservoir': '1', 'aq': '9'}",97.1474609375,-3.314,-1.668,0.5644141249940731,0.47083089383293425
"{'ar': '48000', 'sample_fmt': 's32p', 'compression_level': '9', 'reservoir': '1', 'b:a': '317k', 'abr': 'True'}",434.046875,-3.319,-1.678,0.588968322990695,-0.08336672240874057
"{'ar': '48000', 'sample_fmt': 's32p', 'compression_level': '9', 'reservoir': '1', 'aq': '9'}",102.0546875,-3.349,-1.733,0.5738095889682882,0.3602535393498334
"{'ar': '48000', 'sample_fmt': 's32p', 'compression_level': '9', 'reservoir': '1', 'aq': '9'}",102.0546875,-3.349,-1.733,0.5671015130064916,0.3607493526253124
"{'ar': '48000', 'sample_fmt': 's32p', 'compression_level': '9', 'reservoir': '1', 'aq': '9'}",102.0546875,-3.349,-1.733,0.585228769981768,0.3594095146885407
"{'ar': '48000', 'sample_fmt': 's32p', 'compression_level': '9', 'reservoir': '1', 'aq': '9'}",102.0546875,-3.349,-1.733,0.5943163749761879,0.3587378235472651
"{'ar': '48000', 'sample_fmt': 's32p', 'compression_level': '9', 'reservoir': '1', 'b:a': '306k', 'abr': 'True'}",420.359375,-3.338,-1.713,0.58599197602598,-0.11661593589362652
"{'ar': '48000', 'sample_fmt': 's32p', 'compression_level': '8', 'reservoir': '1', 'aq': '9'}",102.0546875,-3.349,-1.733,0.5851641199842561,0.3594142931566452
"{'ar': '48000', 'sample_fmt': 's32p', 'compression_level': '9', 'reservoir': '1', 'aq': '9'}",102.0546875,-3.349,-1.733,0.5999784449813887,0.35831932359418495
"{'ar': '48000', 'sample_fmt': 's32p', 'compression_level': '8', 'reservoir': '1', 'aq': '9'}",102.0546875,-3.349,-1.733,0.5753623909840826,0.3601387672664512
"{'ar': '48000', 'sample_fmt': 's32p', 'compression_level': '9', 'reservoir': '1', 'aq': '9'}",102.0546875,-3.349,-1.733,0.5697437029739376,0.36055406073093643
"{'ar': '48000', 'sample_fmt': 's32p', 'compression_level': '9', 'reservoir': '1', 'aq': '9'}",102.0546875,-3.349,-1.733,0.5807329919771291,0.359741810630179
"{'ar': '48000', 'sample_fmt': 's32p', 'compression_level': '9', 'reservoir': '1', 'aq': '9'}",102.0546875,-3.349,-1.733,0.5934695540054236,0.35880041453187084
"{'ar': '48000', 'sample_fmt': 's32p', 'compression_level': '9', 'reservoir': '1', 'aq': '9'}",102.0546875,-3.349,-1.733,0.5850638070260175,0.35942170757721537
"{'ar': '48000', 'sample_fmt': 's32p', 'compression_level': '9', 'reservoir': '1', 'aq': '9'}",102.0546875,-3.349,-1.733,0.5651580410194583,0.3608930002550024
"{'ar': '48000', 'sample_fmt': 's32p', 'compression_level': '9', 'reservoir': '1', 'aq': '9'}",102.0546875,-3.349,-1.733,0.5980298010108527,0.35846335350011865
"{'ar': '48000', 'sample_fmt': 's32p', 'compression_level': '9', 'reservoir': '1', 'aq': '9'}",102.0546875,-3.349,-1.733,0.5758380350016523,0.3601036110428699
"{'ar': '48000', 'sample_fmt': 's32p', 'compression_level': '9', 'reservoir': '1', 'aq': '9'}",102.0546875,-3.349,-1.733,0.6280959689756855,0.35624107615790546
"{'ar': '44100', 'sample_fmt': 's32p', 'compression_level': '9', 'reservoir': '1', 'aq': '9'}",97.1474609375,-3.314,-1.668,0.6453578700020444,0.4648481077746812
"{'ar': '48000', 'sample_fmt': 's32p', 'compression_level': '9', 'reservoir': '1', 'aq': '9'}",102.0546875,-3.349,-1.733,0.5819660799752455,0.3596506695335692
"{'ar': '48000', 'sample_fmt': 's32p', 'compression_level': '9', 'reservoir': '1', 'aq': '9'}",102.0546875,-3.349,-1.733,0.5773554309853353,0.3599914559216171
"{'ar': '48000', 'sample_fmt': 's32p', 'compression_level': '9', 'reservoir': '1', 'aq': '9'}",102.0546875,-3.349,-1.733,0.589848143979907,0.35906808340992613
"{'ar': '48000', 'sample_fmt': 's32p', 'compression_level': '9', 'reservoir': '1', 'aq': '9'}",102.0546875,-3.349,-1.733,0.5953065099893138,0.35866463980772184
"{'ar': '48000', 'sample_fmt': 'fltp', 'compression_level': '9', 'reservoir': '1', 'aq': '9'}",102.0546875,-3.349,-1.733,0.5871766149939504,0.35926554383592724
"{'ar': '48000', 'sample_fmt': 's32p', 'compression_level': '9', 'reservoir': '1', 'aq': '9'}",102.0546875,-3.349,-1.733,0.5739535850007087,0.3602428961870402
"{'ar': '44100', 'sample_fmt': 's32p', 'compression_level': '9', 'reservoir': '1', 'aq': '9'}",97.1474609375,-3.314,-1.668,0.5756117719574831,0.470003243393344
"{'ar': '48000', 'sample_fmt': 's32p', 'compression_level': '9', 'reservoir': '1', 'aq': '9'}",102.0546875,-3.349,-1.733,0.5922572910203598,0.35889001639159773
"{'ar': '48000', 'sample_fmt': 's32p', 'compression_level': '9', 'reservoir': '1', 'b:a': '317k', 'abr': 'True'}",434.046875,-3.319,-1.678,0.5890799580083694,-0.0833749736754356
"{'ar': '48000', 'sample_fmt': 's32p', 'compression_level': '9', 'reservoir': '1', 'aq': '9'}",102.0546875,-3.349,-1.733,0.5813553129846696,0.3596958130864861
"{'ar': '44100', 'sample_fmt': 's32p', 'compression_level': '9', 'reservoir': '1', 'aq': '9'}",97.1474609375,-3.314,-1.668,0.5730380910099484,0.47019347158812036
"{'ar': '48000', 'sample_fmt': 's32p', 'compression_level': '9', 'reservoir': '1', 'b:a': '319k', 'abr': 'True'}",437.234375,-3.314,-1.669,0.603277709975373,-0.07502173661796702
"{'ar': '48000', 'sample_fmt': 's32p', 'compression_level': '9', 'reservoir': '1', 'aq': '9'}",102.0546875,-3.349,-1.733,0.6119622209807858,0.357433568086241
"{'ar': '48000', 'sample_fmt': 's32p', 'compression_level': '9', 'reservoir': '1', 'aq': '9'}",102.0546875,-3.349,-1.733,0.7870037879911251,0.34449574013398726
"{'ar': '48000', 'sample_fmt': 's32p', 'compression_level': '9', 'reservoir': '1', 'b:a': '317k', 'abr': 'True'}",434.046875,-3.319,-1.678,0.7137860119983088,-0.09259235842971511
"{'ar': '44100', 'sample_fmt': 's32p', 'compression_level': '9', 'reservoir': '1', 'aq': '9'}",97.1474609375,-3.314,-1.668,0.6417696060088929,0.465113326733718
"{'ar': '48000', 'sample_fmt': 's32p', 'compression_level': '9', 'reservoir': '1', 'aq': '9'}",102.0546875,-3.349,-1.733,0.5766711159958504,0.36004203561963005
"{'ar': '48000', 'sample_fmt': 's32p', 'compression_level': '8', 'reservoir': '1', 'aq': '9'}",102.0546875,-3.349,-1.733,0.5893438620259985,0.35910535634612367
"{'ar': '48000', 'sample_fmt': 's32p', 'compression_level': '9', 'reservoir': '1', 'aq': '9'}",102.0546875,-3.349,-1.733,0.6209623140166514,0.3567683452066639
"{'ar': '48000', 'sample_fmt': 's32p', 'compression_level': '9', 'reservoir': '1', 'aq': '9'}",102.0546875,-3.349,-1.733,0.5792537670349702,0.3598511444194681
"{'ar': '44100', 'sample_fmt': 's32p', 'compression_level': '9', 'reservoir': '1', 'aq': '9'}",97.1474609375,-3.314,-1.668,0.5898639800143428,0.4689498215180218
"{'ar': '48000', 'sample_fmt': 's32p', 'compression_level': '9', 'reservoir': '1', 'aq': '9'}",102.0546875,-3.349,-1.733,0.5843181379896123,0.3594768221301019
"{'ar': '48000', 'sample_fmt': 's32p', 'compression_level': '8', 'reservoir': '1', 'aq': '9'}",102.0546875,-3.349,-1.733,0.817905598989455,0.34221169800080736
"{'ar': '48000', 'sample_fmt': 's32p', 'compression_level': '9', 'reservoir': '1', 'aq': '9'}",102.0546875,-3.349,-1.733,0.6101132269832306,0.3575702325747605
"{'ar': '48000', 'sample_fmt': 's32p', 'compression_level': '9', 'reservoir': '1', 'aq': '9'}",102.0546875,-3.349,-1.733,0.5673195359995589,0.3607332379159772
"{'ar': '48000', 'sample_fmt': 's32p', 'compression_level': '9', 'reservoir': '1', 'aq': '9'}",102.0546875,-3.349,-1.733,0.5778788420138881,0.3599527691002444
"{'ar': '48000', 'sample_fmt': 's32p', 'compression_level': '9', 'reservoir': '1', 'aq': '9'}",102.0546875,-3.349,-1.733,0.5731014720222447,0.36030587831922484
"{'ar': '48000', 'sample_fmt': 's32p', 'compression_level': '9', 'reservoir': '1', 'b:a': '318k', 'abr': 'True'}",435.359375,-3.316,-1.673,0.5853740769671276,-0.07662826554398683
"{'ar': '48000', 'sample_fmt': 's32p', 'compression_level': '9', 'reservoir': '1', 'b:a': '317k', 'abr': 'True'}",434.046875,-3.319,-1.678,0.5963807030057069,-0.08391459283168579
"{'ar': '48000', 'sample_fmt': 's32p', 'compression_level': '9', 'reservoir': '1', 'aq': '9'}",102.0546875,-3.349,-1.733,0.5741321509995032,0.3602296978581519
"{'ar': '48000', 'sample_fmt': 's32p', 'compression_level': '9', 'reservoir': '1', 'aq': '9'}",102.0546875,-3.349,-1.733,0.5776771599776112,0.35996767600225044
"{'ar': '48000', 'sample_fmt': 's32p', 'compression_level': '9', 'reservoir': '1', 'aq': '9'}",102.0546875,-3.349,-1.733,0.6159870669944212,0.35713608008868636
"{'ar': '44100', 'sample_fmt': 's32p', 'compression_level': '9', 'reservoir': '1', 'aq': '9'}",97.1474609375,-3.314,-1.668,0.6070535190228838,0.4676792930254499
"{'ar': '48000', 'sample_fmt': 's32p', 'compression_level': '9', 'reservoir': '1', 'aq': '9'}",102.0546875,-3.349,-1.733,0.5765074430091772,0.3600541331629632
"{'ar': '48000', 'sample_fmt': 's32p', 'compression_level': '9', 'reservoir': '1', 'aq': '9'}",102.0546875,-3.349,-1.733,0.5854926200117916,0.3593900127704995
"{'ar': '44100', 'sample_fmt': 's32p', 'compression_level': '9', 'reservoir': '1', 'b:a': '320k', 'abr': 'True'}",437.857421875,-2.591,-0.705,0.5927852430322673,1.9134065801038853
"{'ar': '48000', 'sample_fmt': 's32p', 'compression_level': '9', 'reservoir': '1', 'aq': '9'}",102.0546875,-3.349,-1.733,0.5823496459925082,0.3596223190610247
"{'ar': '48000', 'sample_fmt': 's32p', 'compression_level': '9', 'reservoir': '1', 'aq': '9'}",102.0546875,-3.349,-1.733,0.5754094280127902,0.3601352906237589
"{'ar': '48000', 'sample_fmt': 's32p', 'compression_level': '9', 'reservoir': '1', 'aq': '9'}",102.0546875,-3.349,-1.733,0.5706922250101343,0.36048395272674727
"{'ar': '44100', 'sample_fmt': 's32p', 'compression_level': '9', 'reservoir': '1', 'aq': '9'}",97.1474609375,-3.314,-1.668,0.573992312012706,0.4701229423568471
"{'ar': '48000', 'sample_fmt': 's32p', 'compression_level': '9', 'reservoir': '1', 'aq': '9'}",102.0546875,-3.349,-1.733,0.5760647330025677,0.36008685513864064
"{'ar': '48000', 'sample_fmt': 's32p', 'compression_level': '9', 'reservoir': '1', 'aq': '9'}",102.0546875,-3.349,-1.733,0.5882665060053114,0.3591849868423369
"{'ar': '48000', 'sample_fmt': 's32p', 'compression_level': '9', 'reservoir': '1', 'aq': '9'}",102.0546875,-3.349,-1.733,0.5690035239967983,0.3606087694976806
"{'ar': '48000', 'sample_fmt': 's32p', 'compression_level': '9', 'reservoir': '1', 'aq': '9'}",102.0546875,-3.349,-1.733,0.5738335410133004,0.3602517689849837
"{'ar': '48000', 'sample_fmt': 's32p', 'compression_level': '9', 'reservoir': '1', 'aq': '9'}",102.0546875,-3.349,-1.733,0.608709379011998,0.3576739950343473
"{'ar': '48000', 'sample_fmt': 's32p', 'compression_level': '9', 'reservoir': '1', 'aq': '9'}",102.0546875,-3.349,-1.733,0.6015196800290141,0.3582054064588397
"{'ar': '44100', 'sample_fmt': 's32p', 'compression_level': '9', 'reservoir': '1', 'aq': '9'}",97.1474609375,-3.314,-1.668,0.6478083829861134,0.4646669832799446
"{'ar': '44100', 'sample_fmt': 's32p', 'compression_level': '9', 'reservoir': '1', 'b:a': '317k', 'abr': 'True'}",434.3876953125,-2.592,-0.706,0.712174899992533,1.9074732692416414
"{'ar': '48000', 'sample_fmt': 's32p', 'compression_level': '9', 'reservoir': '1', 'aq': '9'}",102.0546875,-3.349,-1.733,0.5904878470173571,0.35902080111018203
"{'ar': '48000', 'sample_fmt': 's32p', 'compression_level': '9', 'reservoir': '1', 'aq': '9'}",102.0546875,-3.349,-1.733,0.5702823599858675,0.3605142470348832
"{'ar': '48000', 'sample_fmt': 's32p', 'compression_level': '9', 'reservoir': '1', 'aq': '9'}",102.0546875,-3.349,-1.733,0.5807547690055799,0.3597402010270875
"{'ar': '48000', 'sample_fmt': 's32p', 'compression_level': '9', 'reservoir': '1', 'aq': '9'}",102.0546875,-3.349,-1.733,0.5732393960061017,0.3602956839590845
"{'ar': '48000', 'sample_fmt': 's32p', 'compression_level': '9', 'reservoir': '1', 'aq': '9'}",102.0546875,-3.349,-1.733,0.5701427500171121,0.3605245660110386
"{'ar': '48000', 'sample_fmt': 's32p', 'compression_level': '9', 'reservoir': '1', 'aq': '9'}",102.0546875,-3.349,-1.733,0.5785141979868058,0.3599058081045995
"{'ar': '48000', 'sample_fmt': 's32p', 'compression_level': '9', 'reservoir': '1', 'b:a': '317k', 'abr': 'True'}",434.046875,-3.319,-1.678,0.5810951669991482,-0.08278479470208407
"{'ar': '48000', 'sample_fmt': 'fltp', 'compression_level': '9', 'reservoir': '1', 'aq': '9'}",102.0546875,-3.349,-1.733,0.576610215997789,0.3600465369144406
"{'ar': '44100', 'sample_fmt': 's32p', 'compression_level': '8', 'reservoir': '1', 'b:a': '317k', 'abr': 'True'}",434.3876953125,-2.592,-0.706,0.5968919500301126,1.9159941651517767
"{'ar': '48000', 'sample_fmt': 's32p', 'compression_level': '9', 'reservoir': '1', 'aq': '9'}",102.0546875,-3.349,-1.733,0.5732818479882553,0.3602925462104302
"{'ar': '48000', 'sample_fmt': 's32p', 'compression_level': '9', 'reservoir': '1', 'aq': '9'}",102.0546875,-3.349,-1.733,0.5810858840122819,0.3597157273602763
"{'ar': '48000', 'sample_fmt': 's32p', 'compression_level': '9', 'reservoir': '1', 'aq': '9'}",102.0546875,-3.349,-1.733,0.5702196800266393,0.36051887989176634
"{'ar': '48000', 'sample_fmt': 's32p', 'compression_level': '9', 'reservoir': '1', 'aq': '9'}",102.0546875,-3.349,-1.733,0.5935319029958919,0.35879580613784506
"{'ar': '48000', 'sample_fmt': 's32p', 'compression_level': '9', 'reservoir': '1', 'b:a': '320k', 'abr': 'True'}",438.171875,-3.313,-1.667,0.6101585629803594,-0.07406540125925587
"{'ar': '48000', 'sample_fmt': 's32p', 'compression_level': '9', 'reservoir': '1', 'aq': '9'}",102.0546875,-3.349,-1.733,0.5877635159995407,0.35922216428691484
"{'ar': '48000', 'sample_fmt': 's32p', 'compression_level': '9', 'reservoir': '1', 'aq': '9'}",102.0546875,-3.349,-1.733,0.579795313969953,0.3598111171208524
"{'ar': '48000', 'sample_fmt': 's32p', 'compression_level': '9', 'reservoir': '1', 'aq': '9'}",102.0546875,-3.349,-1.733,0.6025999039993621,0.3581255639841809
"{'ar': '48000', 'sample_fmt': 's32p', 'compression_level': '9', 'reservoir': '1', 'aq': '9'}",102.0546875,-3.349,-1.733,0.5731455439818092,0.3603026208333596
"{'ar': '48000', 'sample_fmt': 's32p', 'compression_level': '9', 'reservoir': '1', 'aq': '9'}",102.0546875,-3.349,-1.733,0.5760516799928155,0.36008781992430455
"{'ar': '48000', 'sample_fmt': 's32p', 'compression_level': '9', 'reservoir': '1', 'aq': '9'}",102.0546875,-3.349,-1.733,0.5934709690045565,0.3588003099451967
"{'ar': '48000', 'sample_fmt': 's32p', 'compression_level': '9', 'reservoir': '1', 'aq': '9'}",102.0546875,-3.349,-1.733,0.6107575960049871,0.3575226053986352
"{'ar': '48000', 'sample_fmt': 's32p', 'compression_level': '9', 'reservoir': '1', 'aq': '9'}",102.0546875,-3.349,-1.733,0.5857325670076534,0.3593722775947744
"{'ar': '48000', 'sample_fmt': 's32p', 'compression_level': '9', 'reservoir': '1', 'aq': '9'}",102.0546875,-3.349,-1.733,0.6294451050052885,0.3561413576159996
"{'ar': '48000', 'sample_fmt': 's32p', 'compression_level': '9', 'reservoir': '1', 'aq': '9'}",102.0546875,-3.349,-1.733,0.6351655219914392,0.3557185450689799
"{'ar': '48000', 'sample_fmt': 's32p', 'compression_level': '9', 'reservoir': '1', 'aq': '9'}",102.0546875,-3.349,-1.733,0.5818722890107892,0.3596576018947354
"{'ar': '48000', 'sample_fmt': 's32p', 'compression_level': '9', 'reservoir': '1', 'aq': '9'}",102.0546875,-3.349,-1.733,0.6389014340238646,0.3554424130167718
"{'ar': '48000', 'sample_fmt': 's32p', 'compression_level': '9', 'reservoir': '1', 'aq': '9'}",102.0546875,-3.349,-1.733,0.607335421955213,0.3577755481700858
"{'ar': '44100', 'sample_fmt': 's32p', 'compression_level': '9', 'reservoir': '1', 'aq': '9'}",97.1474609375,-3.314,-1.668,0.5731456129869912,0.47018552432814187
"{'ar': '48000', 'sample_fmt': 's32p', 'compression_level': '9', 'reservoir': '1', 'aq': '9'}",102.0546875,-3.349,-1.733,0.5939545939909294,0.3587645638251523
"{'ar': '48000', 'sample_fmt': 's32p', 'compression_level': '9', 'reservoir': '1', 'aq': '9'}",102.0546875,-3.349,-1.733,0.5966725299949758,0.35856367332236383
"{'ar': '48000', 'sample_fmt': 's32p', 'compression_level': '9', 'reservoir': '1', 'aq': '9'}",102.0546875,-3.349,-1.733,0.5804899909708183,0.35975977153664007
"{'ar': '48000', 'sample_fmt': 's32p', 'compression_level': '9', 'reservoir': '1', 'aq': '9'}",102.0546875,-3.349,-1.733,0.5806374029780272,0.3597488758892808
"{'ar': '48000', 'sample_fmt': 's32p', 'compression_level': '9', 'reservoir': '1', 'b:a': '311k', 'abr': 'True'}",426.546875,-3.333,-1.704,0.5932301800057758,-0.11253529235875799
"{'ar': '48000', 'sample_fmt': 's32p', 'compression_level': '9', 'reservoir': '1', 'b:a': '317k', 'abr': 'True'}",434.046875,-3.319,-1.678,0.5949055219825823,-0.08380555794013635
"{'ar': '44100', 'sample_fmt': 's32p', 'compression_level': '9', 'reservoir': '1', 'aq': '9'}",97.1474609375,-3.314,-1.668,0.600769885990303,0.46814373449771934
"{'ar': '44100', 'sample_fmt': 's32p', 'compression_level': '9', 'reservoir': '1', 'aq': '9'}",97.1474609375,-3.314,-1.668,0.6211955600010697,0.46663401391721
"{'ar': '44100', 'sample_fmt': 's32p', 'compression_level': '9', 'reservoir': '1', 'b:a': '313k', 'abr': 'True'}",428.876953125,-2.588,-0.702,0.6456822369946167,1.9317628153274782
"{'ar': '48000', 'sample_fmt': 's32p', 'compression_level': '9', 'reservoir': '1', 'aq': '9'}",102.0546875,-3.349,-1.733,0.5984086169919465,0.3584353541164713
"{'ar': '48000', 'sample_fmt': 's32p', 'compression_level': '9', 'reservoir': '1', 'aq': '9'}",102.0546875,-3.349,-1.733,0.6065397020138334,0.3578343621299673
"{'ar': '44100', 'sample_fmt': 's32p', 'compression_level': '9', 'reservoir': '1', 'aq': '9'}",97.1474609375,-3.314,-1.668,0.5882907600025646,0.4690661027544793
"{'ar': '48000', 'sample_fmt': 's32p', 'compression_level': '9', 'reservoir': '1', 'b:a': '317k', 'abr': 'True'}",434.046875,-3.319,-1.678,0.6128172180033289,-0.08512946314395459
"{'ar': '48000', 'sample_fmt': 's32p', 'compression_level': '9', 'reservoir': '1', 'aq': '9'}",102.0546875,-3.349,-1.733,0.6097285509749781,0.3575986650899461
"{'ar': '48000', 'sample_fmt': 's32p', 'compression_level': '9', 'reservoir': '1', 'aq': '9'}",102.0546875,-3.349,-1.733,0.5903060320124496,0.35903423958249925
"{'ar': '48000', 'sample_fmt': 's32p', 'compression_level': '9', 'reservoir': '1', 'aq': '9'}",102.0546875,-3.349,-1.733,0.5831524519890081,0.359562981350336
"{'ar': '48000', 'sample_fmt': 's32p', 'compression_level': '9', 'reservoir': '1', 'aq': '9'}",102.0546875,-3.349,-1.733,0.7165298000036273,0.3497046762013706
"{'ar': '48000', 'sample_fmt': 's32p', 'compression_level': '9', 'reservoir': '1', 'aq': '9'}",102.0546875,-3.349,-1.733,0.9182103899947833,0.3347978810944662
"{'ar': '48000', 'sample_fmt': 's32p', 'compression_level': '9', 'reservoir': '1', 'aq': '9'}",102.0546875,-3.349,-1.733,0.8198097970162053,0.3420709532229932
"{'ar': '48000', 'sample_fmt': 's32p', 'compression_level': '9', 'reservoir': '1', 'aq': '9'}",102.0546875,-3.349,-1.733,0.5841750779945869,0.3594873961076668
"{'ar': '48000', 'sample_fmt': 's32p', 'compression_level': '9', 'reservoir': '1', 'aq': '9'}",102.0546875,-3.349,-1.733,0.7007129040139262,0.350873748682545
"{'ar': '44100', 'sample_fmt': 's32p', 'compression_level': '9', 'reservoir': '1', 'aq': '9'}",97.1474609375,-3.314,-1.668,0.7207086569978856,0.4592787134024203
"{'ar': '48000', 'sample_fmt': 's32p', 'compression_level': '9', 'reservoir': '1', 'aq': '9'}",102.0546875,-3.349,-1.733,0.5846483969944529,0.35945241173286147
"{'ar': '48000', 'sample_fmt': 's32p', 'compression_level': '9', 'reservoir': '1', 'aq': '9'}",102.0546875,-3.349,-1.733,0.6038786949939094,0.3580310448470586
"{'ar': '48000', 'sample_fmt': 's32p', 'compression_level': '9', 'reservoir': '1', 'b:a': '317k', 'abr': 'True'}",434.046875,-3.319,-1.678,0.6023337670194451,-0.08435460099268419
"{'ar': '48000', 'sample_fmt': 's32p', 'compression_level': '9', 'reservoir': '1', 'b:a': '317k', 'abr': 'True'}",434.046875,-3.319,-1.678,0.6016303459764458,-0.08430260911105425
"{'ar': '48000', 'sample_fmt': 'fltp', 'compression_level': '9', 'reservoir': '1', 'b:a': '317k', 'abr': 'True'}",434.046875,-3.319,-1.678,0.5842359970265534,-0.08301694252397508
"{'ar': '48000', 'sample_fmt': 's32p', 'compression_level': '9', 'reservoir': '1', 'aq': '9'}",102.0546875,-3.349,-1.733,0.5977914940158371,0.3584809674586429
"{'ar': '48000', 'sample_fmt': 's32p', 'compression_level': '9', 'reservoir': '1', 'aq': '9'}",102.0546875,-3.349,-1.733,0.5874913010047749,0.35924228448366846
"{'ar': '48000', 'sample_fmt': 's32p', 'compression_level': '9', 'reservoir': '1', 'aq': '9'}",102.0546875,-3.349,-1.733,0.5823516579985153,0.35962217034784755
"{'ar': '44100', 'sample_fmt': 's32p', 'compression_level': '9', 'reservoir': '1', 'aq': '9'}",97.1474609375,-3.314,-1.668,0.6034108609892428,0.467948532405176
"{'ar': '48000', 'sample_fmt': 's32p', 'compression_level': '9', 'reservoir': '1', 'b:a': '317k', 'abr': 'True'}",434.046875,-3.319,-1.678,0.6694284359982703,-0.08931376182852256
"{'ar': '48000', 'sample_fmt': 's32p', 'compression_level': '9', 'reservoir': '1', 'aq': '9'}",102.0546875,-3.349,-1.733,0.59771159599768,0.3584868729520082
"{'ar': '48000', 'sample_fmt': 's32p', 'compression_level': '9', 'reservoir': '1', 'b:a': '318k', 'abr': 'True'}",435.359375,-3.316,-1.673,0.6601756720046978,-0.0821570675518726
"{'ar': '48000', 'sample_fmt': 's32p', 'compression_level': '9', 'reservoir': '1', 'aq': '9'}",102.0546875,-3.349,-1.733,0.6113422010093927,0.357479395553704
"{'ar': '48000', 'sample_fmt': 's32p', 'compression_level': '9', 'reservoir': '1', 'b:a': '319k', 'abr': 'True'}",437.234375,-3.314,-1.669,0.5896470989682712,-0.0740142587765263
"{'ar': '48000', 'sample_fmt': 's32p', 'compression_level': '9', 'reservoir': '1', 'aq': '9'}",102.0546875,-3.349,-1.733,0.599353677011095,0.35836550199996475
"{'ar': '48000', 'sample_fmt': 's32p', 'compression_level': '9', 'reservoir': '1', 'aq': '9'}",102.0546875,-3.349,-1.733,0.5790427239844576,0.35986674322108236
"{'ar': '48000', 'sample_fmt': 's32p', 'compression_level': '9', 'reservoir': '1', 'aq': '9'}",102.0546875,-3.349,-1.733,0.6006807530065998,0.3582674139789155
"{'ar': '48000', 'sample_fmt': 's32p', 'compression_level': '7', 'reservoir': '1', 'aq': '9'}",102.0546875,-3.349,-1.733,0.5895474539720453,0.35909030827716837
"{'ar': '48000', 'sample_fmt': 's32p', 'compression_level': '9', 'reservoir': '1', 'aq': '9'}",102.0546875,-3.349,-1.733,0.6268845689774025,0.3563306142317861
"{'ar': '48000', 'sample_fmt': 's32p', 'compression_level': '9', 'reservoir': '1', 'aq': '9'}",102.0546875,-3.349,-1.733,0.6283086629700847,0.35622535533025856
"{'ar': '48000', 'sample_fmt': 's32p', 'compression_level': '9', 'reservoir': '1', 'aq': '9'}",102.0546875,-3.349,-1.733,0.5836929199867882,0.3595230337990863
"{'ar': '48000', 'sample_fmt': 'fltp', 'compression_level': '9', 'reservoir': '1', 'aq': '9'}",102.0546875,-3.349,-1.733,0.5847801529744174,0.35944267326770957
"{'ar': '48000', 'sample_fmt': 's32p', 'compression_level': '9', 'reservoir': '1', 'aq': '9'}",102.0546875,-3.349,-1.733,0.5954241170256864,0.3586559471318703
"{'ar': '48000', 'sample_fmt': 's32p', 'compression_level': '9', 'reservoir': '1', 'aq': '9'}",102.0546875,-3.349,-1.733,0.5862856500025373,0.35933139763264116
"{'ar': '48000', 'sample_fmt': 's32p', 'compression_level': '9', 'reservoir': '1', 'b:a': '317k', 'abr': 'True'}",434.046875,-3.319,-1.678,0.5939503789995797,-0.08373496056263938
"{'ar': '44100', 'sample_fmt': 's32p', 'compression_level': '9', 'reservoir': '1', 'b:a': '317k', 'abr': 'True'}",434.3876953125,-2.592,-0.706,0.5989715369942132,1.9158404568708647
"{'ar': '48000', 'sample_fmt': 's32p', 'compression_level': '9', 'reservoir': '1', 'b:a': '318k', 'abr': 'True'}",435.359375,-3.316,-1.673,0.5872902080300264,-0.07676989232697998
"{'ar': '48000', 'sample_fmt': 's32p', 'compression_level': '9', 'reservoir': '1', 'aq': '9'}",102.0546875,-3.349,-1.733,0.5820633399998769,0.3596434807641426
"{'ar': '48000', 'sample_fmt': 's32p', 'compression_level': '8', 'reservoir': '1', 'aq': '9'}",102.0546875,-3.349,-1.733,0.591522314993199,0.3589443405932765
"{'ar': '48000', 'sample_fmt': 's32p', 'compression_level': '9', 'reservoir': '1', 'aq': '9'}",102.0546875,-3.349,-1.733,0.5798717699944973,0.35980546603517966
"{'ar': '44100', 'sample_fmt': 's32p', 'compression_level': '9', 'reservoir': '1', 'aq': '9'}",97.1474609375,-3.314,-1.668,0.6264601760194637,0.46624489093662885
"{'ar': '48000', 'sample_fmt': 's32p', 'compression_level': '9', 'reservoir': '1', 'aq': '9'}",102.0546875,-3.349,-1.733,0.5811305339739192,0.35971242715260787
"{'ar': '48000', 'sample_fmt': 's32p', 'compression_level': '9', 'reservoir': '1', 'aq': '9'}",102.0546875,-3.349,-1.733,0.5914354209671728,0.35895076318179653
"{'ar': '48000', 'sample_fmt': 's32p', 'compression_level': '9', 'reservoir': '1', 'aq': '9'}",102.0546875,-3.349,-1.733,0.5807648929767311,0.35973945273512925
"{'ar': '48000', 'sample_fmt': 's32p', 'compression_level': '9', 'reservoir': '1', 'aq': '9'}",102.0546875,-3.349,-1.733,0.5986662549839821,0.35841631134810575
"{'ar': '48000', 'sample_fmt': 's32p', 'compression_level': '8', 'reservoir': '1', 'aq': '9'}",102.0546875,-3.349,-1.733,0.5726917020219844,0.36033616560386195
"{'ar': '48000', 'sample_fmt': 's32p', 'compression_level': '9', 'reservoir': '1', 'aq': '9'}",102.0546875,-3.349,-1.733,0.5775070629897527,0.35998024836207154
"{'ar': '48000', 'sample_fmt': 's32p', 'compression_level': '9', 'reservoir': '1', 'aq': '9'}",102.0546875,-3.349,-1.733,0.5782475910091307,0.35992551379660703
"{'ar': '48000', 'sample_fmt': 's32p', 'compression_level': '9', 'reservoir': '1', 'aq': '9'}",102.0546875,-3.349,-1.733,0.5792779889889061,0.35984935410486996
"{'ar': '48000', 'sample_fmt': 's32p', 'compression_level': '9', 'reservoir': '1', 'b:a': '316k', 'abr': 'True'}",432.734375,-3.322,-1.683,0.5942270180385094,-0.09022820350984466
"{'ar': '48000', 'sample_fmt': 's32p', 'compression_level': '9', 'reservoir': '1', 'aq': '9'}",102.0546875,-3.349,-1.733,0.580508323997492,0.3597584164896704
"{'ar': '48000', 'sample_fmt': 's32p', 'compression_level': '9', 'reservoir': '1', 'aq': '9'}",102.0546875,-3.349,-1.733,0.6488701870257501,0.35470559368042937
"{'ar': '48000', 'sample_fmt': 's32p', 'compression_level': '9', 'reservoir': '1', 'aq': '9'}",102.0546875,-3.349,-1.733,0.6205950659932569,0.35679548956913526
"{'ar': '44100', 'sample_fmt': 's32p', 'compression_level': '9', 'reservoir': '1', 'aq': '9'}",97.1474609375,-3.314,-1.668,0.6417662510066293,0.46511357471162873
"{'ar': '48000', 'sample_fmt': 's32p', 'compression_level': '8', 'reservoir': '1', 'aq': '9'}",102.0546875,-3.349,-1.733,0.5978713050135411,0.3584750683972106
"{'ar': '48000', 'sample_fmt': 's32p', 'compression_level': '9', 'reservoir': '1', 'aq': '9'}",102.0546875,-3.349,-1.733,0.5773903480148874,0.3599888751030797
"{'ar': '48000', 'sample_fmt': 's32p', 'compression_level': '9', 'reservoir': '1', 'aq': '9'}",102.0546875,-3.349,-1.733,0.606497558997944,0.35783747704203234
"{'ar': '48000', 'sample_fmt': 's32p', 'compression_level': '9', 'reservoir': '1', 'aq': '9'}",102.0546875,-3.349,-1.733,0.5851548619975802,0.35941497744118883
"{'ar': '48000', 'sample_fmt': 's32p', 'compression_level': '8', 'reservoir': '1', 'aq': '9'}",102.0546875,-3.349,-1.733,0.5968916149868164,0.358547480117631
"{'ar': '48000', 'sample_fmt': 's32p', 'compression_level': '9', 'reservoir': '1', 'b:a': '317k', 'abr': 'True'}",434.046875,-3.319,-1.678,0.5902710279915482,-0.08346300909916184
"{'ar': '48000', 'sample_fmt': 's32p', 'compression_level': '9', 'reservoir': '1', 'aq': '9'}",102.0546875,-3.349,-1.733,0.589444093988277,0.35909794791219896
"{'ar': '48000', 'sample_fmt': 's32p', 'compression_level': '9', 'reservoir': '1', 'aq': '9'}",102.0546875,-3.349,-1.733,0.5931141239707358,0.35882668539265206
"{'ar': '48000', 'sample_fmt': 's32p', 'compression_level': '9', 'reservoir': '1', 'aq': '9'}",102.0546875,-3.349,-1.733,0.5871164110139944,0.3592699936860287
"{'ar': '48000', 'sample_fmt': 's32p', 'compression_level': '9', 'reservoir': '1', 'b:a': '305k', 'abr': 'True'}",419.046875,-3.337,-1.711,0.6063101110048592,-0.11306254350241302
"{'ar': '48000', 'sample_fmt': 's32p', 'compression_level': '9', 'reservoir': '1', 'aq': '9'}",102.0546875,-3.349,-1.733,0.5888728169957176,0.35914017264526693
"{'ar': '48000', 'sample_fmt': 's32p', 'compression_level': '9', 'reservoir': '1', 'aq': '9'}",102.0546875,-3.349,-1.733,0.597236651025014,0.35852197750716097
"{'ar': '48000', 'sample_fmt': 'fltp', 'compression_level': '9', 'reservoir': '1', 'aq': '9'}",102.0546875,-3.349,-1.733,0.5955876949883532,0.358643856612036
"{'ar': '48000', 'sample_fmt': 's32p', 'compression_level': '9', 'reservoir': '1', 'aq': '9'}",102.0546875,-3.349,-1.733,0.6278995849716011,0.356255591467045
"{'ar': '44100', 'sample_fmt': 's32p', 'compression_level': '9', 'reservoir': '1', 'aq': '9'}",97.1474609375,-3.314,-1.668,0.5968331899784971,0.46843470707395357
"{'ar': '48000', 'sample_fmt': 's32p', 'compression_level': '9', 'reservoir': '1', 'aq': '9'}",102.0546875,-3.349,-1.733,0.5842708200216293,0.3594803195378278
"{'ar': '48000', 'sample_fmt': 's32p', 'compression_level': '9', 'reservoir': '1', 'aq': '9'}",102.0546875,-3.349,-1.733,0.6155125679797493,0.3571711516817953
"{'ar': '48000', 'sample_fmt': 's32p', 'compression_level': '9', 'reservoir': '1', 'aq': '9'}",102.0546875,-3.349,-1.733,0.5940558729926124,0.35875707800152007
"{'ar': '48000', 'sample_fmt': 's32p', 'compression_level': '9', 'reservoir': '1', 'aq': '9'}",102.0546875,-3.349,-1.733,0.6062677800073288,0.357854460671112
"{'ar': '48000', 'sample_fmt': 's32p', 'compression_level': '9', 'reservoir': '1', 'aq': '9'}",102.0546875,-3.349,-1.733,0.600631527020596,0.358271052413766
"{'ar': '48000', 'sample_fmt': 's32p', 'compression_level': '9', 'reservoir': '1', 'aq': '9'}",102.0546875,-3.349,-1.733,0.6264803179947194,0.3563604935898883
"{'ar': '48000', 'sample_fmt': 's32p', 'compression_level': '9', 'reservoir': '1', 'aq': '9'}",102.0546875,-3.349,-1.733,0.6107240279961843,0.35752508650715137
"{'ar': '48000', 'sample_fmt': 's32p', 'compression_level': '9', 'reservoir': '1', 'aq': '9'}",102.0546875,-3.349,-1.733,0.6198525759682525,0.3568503691521043
"{'ar': '48000', 'sample_fmt': 's32p', 'compression_level': '8', 'reservoir': '1', 'aq': '9'}",102.0546875,-3.349,-1.733,0.6562867949542124,0.35415741076018564
"{'ar': '48000', 'sample_fmt': 's32p', 'compression_level': '9', 'reservoir': '1', 'aq': '9'}",102.0546875,-3.349,-1.733,0.6027525299869012,0.358114282956471
"{'ar': '48000', 'sample_fmt': 's32p', 'compression_level': '9', 'reservoir': '1', 'b:a': '317k', 'abr': 'True'}",434.046875,-3.319,-1.678,0.6213505659543443,-0.08576018754577872
"{'ar': '48000', 'sample_fmt': 's32p', 'compression_level': '9', 'reservoir': '1', 'aq': '9'}",102.0546875,-3.349,-1.733,0.5938760580320377,0.35877036864478207
"{'ar': '48000', 'sample_fmt': 's32p', 'compression_level': '9', 'reservoir': '1', 'aq': '9'}",102.0546875,-3.349,-1.733,0.6064467270043679,0.3578412341815426
"{'ar': '48000', 'sample_fmt': 's32p', 'compression_level': '9', 'reservoir': '1', 'aq': '9'}",102.0546875,-3.349,-1.733,0.6111347880214453,0.3574947260469061
"{'ar': '48000', 'sample_fmt': 's32p', 'compression_level': '8', 'reservoir': '1', 'aq': '9'}",102.0546875,-3.349,-1.733,0.5931879600102548,0.35882122795764226
"{'ar': '44100', 'sample_fmt': 's32p', 'compression_level': '9', 'reservoir': '1', 'aq': '9'}",97.1474609375,-3.314,-1.668,0.5935152349993587,0.46867994671278107
"{'ar': '48000', 'sample_fmt': 's32p', 'compression_level': '9', 'reservoir': '1', 'aq': '9'}",102.0546875,-3.349,-1.733,0.6019490699691232,0.35817366900776193
"{'ar': '48000', 'sample_fmt': 's32p', 'compression_level': '9', 'reservoir': '1', 'aq': '9'}",102.0546875,-3.349,-1.733,0.6007065910089295,0.35826550421751147
"{'ar': '48000', 'sample_fmt': 's32p', 'compression_level': '8', 'reservoir': '1', 'aq': '9'}",102.0546875,-3.349,-1.733,0.5981766959885135,0.3584524960679071
"{'ar': '48000', 'sample_fmt': 's32p', 'compression_level': '9', 'reservoir': '1', 'aq': '9'}",102.0546875,-3.349,-1.733,0.600150565005606,0.3583066017059015
"{'ar': '48000', 'sample_fmt': 's32p', 'compression_level': '9', 'reservoir': '1', 'aq': '9'}",102.0546875,-3.349,-1.733,0.6374064040137455,0.35555291500429825
"{'ar': '48000', 'sample_fmt': 's32p', 'compression_level': '9', 'reservoir': '1', 'aq': '9'}",102.0546875,-3.349,-1.733,0.6126626410114113,0.3573817980181062
"{'ar': '48000', 'sample_fmt': 's32p', 'compression_level': '9', 'reservoir': '1', 'aq': '9'}",102.0546875,-3.349,-1.733,0.6024301710422151,0.35813810943744034
"{'ar': '48000', 'sample_fmt': 's32p', 'compression_level': '8', 'reservoir': '1', 'aq': '9'}",102.0546875,-3.349,-1.733,0.604691874992568,0.35797094036389754
"{'ar': '48000', 'sample_fmt': 's32p', 'compression_level': '9', 'reservoir': '1', 'aq': '9'}",102.0546875,-3.349,-1.733,0.6032549469964579,0.35807714786369876
"{'ar': '48000', 'sample_fmt': 's32p', 'compression_level': '8', 'reservoir': '1', 'aq': '9'}",102.0546875,-3.349,-1.733,0.6055283460009377,0.3579091143749158
"{'ar': '48000', 'sample_fmt': 's32p', 'compression_level': '9', 'reservoir': '1', 'aq': '9'}",102.0546875,-3.349,-1.733,0.5927577149996068,0.358853028609454
"{'ar': '48000', 'sample_fmt': 's32p', 'compression_level': '8', 'reservoir': '1', 'aq': '9'}",102.0546875,-3.349,-1.733,0.6023826359887607,0.35814162289058066
"{'ar': '48000', 'sample_fmt': 'fltp', 'compression_level': '9', 'reservoir': '1', 'aq': '9'}",102.0546875,-3.349,-1.733,0.5993749240005855,0.35836393157358415
"{'ar': '44100', 'sample_fmt': 's32p', 'compression_level': '9', 'reservoir': '1', 'aq': '9'}",97.1474609375,-3.314,-1.668,0.6412774129712489,0.4651497061431869
"{'ar': '48000', 'sample_fmt': 's32p', 'compression_level': '9', 'reservoir': '1', 'aq': '9'}",102.0546875,-3.349,-1.733,0.6056765890098177,0.35789815730582203
"{'ar': '48000', 'sample_fmt': 's32p', 'compression_level': '9', 'reservoir': '1', 'aq': '9'}",102.0546875,-3.349,-1.733,0.6520932010316756,0.35446737140323786
"{'ar': '48000', 'sample_fmt': 's32p', 'compression_level': '9', 'reservoir': '1', 'aq': '9'}",102.0546875,-3.349,-1.733,0.6530211550125387,0.3543987836434442
"{'ar': '48000', 'sample_fmt': 's32p', 'compression_level': '8', 'reservoir': '1', 'aq': '9'}",102.0546875,-3.349,-1.733,0.5960598010278773,0.3586089618906341
"{'ar': '48000', 'sample_fmt': 's32p', 'compression_level': '9', 'reservoir': '1', 'aq': '9'}",102.0546875,-3.349,-1.733,0.6168874930008315,0.357069527001019
"{'ar': '48000', 'sample_fmt': 's32p', 'compression_level': '9', 'reservoir': '1', 'aq': '9'}",102.0546875,-3.349,-1.733,0.6041439969849307,0.358011435610385
"{'ar': '48000', 'sample_fmt': 's32p', 'compression_level': '8', 'reservoir': '1', 'aq': '9'}",102.0546875,-3.349,-1.733,0.5983608670067042,0.358438883455841
"{'ar': '44100', 'sample_fmt': 's32p', 'compression_level': '9', 'reservoir': '1', 'aq': '9'}",97.1474609375,-3.314,-1.668,0.6066466830088757,0.4677093634506862
"{'ar': '48000', 'sample_fmt': 's32p', 'compression_level': '8', 'reservoir': '1', 'aq': '9'}",102.0546875,-3.349,-1.733,0.6058643760043196,0.3578842774264994
"{'ar': '48000', 'sample_fmt': 's32p', 'compression_level': '9', 'reservoir': '1', 'aq': '9'}",102.0546875,-3.349,-1.733,0.6154771939909551,0.3571737662755105
"{'ar': '48000', 'sample_fmt': 's32p', 'compression_level': '9', 'reservoir': '1', 'aq': '9'}",102.0546875,-3.349,-1.733,0.5989323800022248,0.3583966412791123
"{'ar': '48000', 'sample_fmt': 's32p', 'compression_level': '9', 'reservoir': '1', 'aq': '9'}",102.0546875,-3.349,-1.733,0.6116262050054502,0.3574584039978039
"{'ar': '48000', 'sample_fmt': 's32p', 'compression_level': '8', 'reservoir': '1', 'aq': '9'}",102.0546875,-3.349,-1.733,0.6149690419842955,0.35721132525848837
"{'ar': '48000', 'sample_fmt': 's32p', 'compression_level': '9', 'reservoir': '1', 'aq': '9'}",102.0546875,-3.349,-1.733,0.6138208039919846,0.35729619484601827
"{'ar': '48000', 'sample_fmt': 's32p', 'compression_level': '9', 'reservoir': '1', 'aq': '9'}",102.0546875,-3.349,-1.733,0.654767370026093,0.35426971584658384
"{'ar': '32000', 'sample_fmt': 's32p', 'compression_level': '7', 'reservoir': '1', 'aq': '9'}",81.7109375,-3.518,-2.09,0.8596730529970955,-0.13479179963533536
"{'ar': '48000', 'sample_fmt': 's32p', 'compression_level': '9', 'reservoir': '1', 'aq': '9'}",102.0546875,-3.349,-1.733,1.2818848610040732,0.3079176502046962
"{'ar': '48000', 'sample_fmt': 's32p', 'compression_level': '8', 'reservoir': '1', 'aq': '9'}",102.0546875,-3.349,-1.733,0.7779363630106673,0.34516593971212634
"{'ar': '48000', 'sample_fmt': 's32p', 'compression_level': '9', 'reservoir': '1', 'aq': '9'}",102.0546875,-3.349,-1.733,0.7914374840038363,0.34416803285174125
"{'ar': '48000', 'sample_fmt': 's32p', 'compression_level': '9', 'reservoir': '1', 'aq': '9'}",102.0546875,-3.349,-1.733,0.6925023770309053,0.35148061245392215
"{'ar': '48000', 'sample_fmt': 's32p', 'compression_level': '9', 'reservoir': '1', 'aq': '9'}",102.0546875,-3.349,-1.733,0.6672504240123089,0.3533470572601075
"{'ar': '48000', 'sample_fmt': 's32p', 'compression_level': '9', 'reservoir': '1', 'aq': '9'}",102.0546875,-3.349,-1.733,0.6198978470056318,0.35684702303893334
"{'ar': '48000', 'sample_fmt': 's32p', 'compression_level': '9', 'reservoir': '1', 'aq': '9'}",102.0546875,-3.349,-1.733,0.6517332679941319,0.35449397509397035
"{'ar': '48000', 'sample_fmt': 's32p', 'compression_level': '9', 'reservoir': '1', 'aq': '9'}",102.0546875,-3.349,-1.733,0.6344689749821555,0.35577002887091724
"{'ar': '48000', 'sample_fmt': 's32p', 'compression_level': '9', 'reservoir': '1', 'aq': '9'}",102.0546875,-3.349,-1.733,0.603154280979652,0.35808458837984763
"{'ar': '48000', 'sample_fmt': 's32p', 'compression_level': '9', 'reservoir': '1', 'aq': '9'}",102.0546875,-3.349,-1.733,0.5993611970043276,0.358364946175538
"{'ar': '48000', 'sample_fmt': 's32p', 'compression_level': '8', 'reservoir': '1', 'aq': '9'}",102.0546875,-3.349,-1.733,0.60374383899034,0.3580410124439118
"{'ar': '48000', 'sample_fmt': 's32p', 'compression_level': '9', 'reservoir': '1', 'aq': '9'}",102.0546875,-3.349,-1.733,0.617420279973885,0.35703014717649906
"{'ar': '48000', 'sample_fmt': 's32p', 'compression_level': '9', 'reservoir': '1', 'aq': '9'}",102.0546875,-3.349,-1.733,0.608505578013137,0.35768905855500016
"{'ar': '48000', 'sample_fmt': 's32p', 'compression_level': '9', 'reservoir': '1', 'aq': '9'}",102.0546875,-3.349,-1.733,0.6266555280017201,0.3563475433120497
"{'ar': '48000', 'sample_fmt': 's32p', 'compression_level': '9', 'reservoir': '1', 'aq': '9'}",102.0546875,-3.349,-1.733,0.5988409559940919,0.35840339869169796
"{'ar': '48000', 'sample_fmt': 's32p', 'compression_level': '9', 'reservoir': '1', 'aq': '9'}",102.0546875,-3.349,-1.733,0.6051802989968564,0.3579348395345736
"{'ar': '48000', 'sample_fmt': 's32p', 'compression_level': '9', 'reservoir': '1', 'aq': '9'}",102.0546875,-3.349,-1.733,0.5944098440231755,0.3587309149799491
"{'ar': '48000', 'sample_fmt': 's32p', 'compression_level': '9', 'reservoir': '1', 'b:a': '319k', 'abr': 'True'}",437.234375,-3.314,-1.669,0.6069923930044752,-0.07529629957320406
"{'ar': '48000', 'sample_fmt': 's32p', 'compression_level': '9', 'reservoir': '1', 'aq': '9'}",102.0546875,-3.349,-1.733,0.6092501730308868,0.35763402338593553
"{'ar': '48000', 'sample_fmt': 's32p', 'compression_level': '9', 'reservoir': '1', 'aq': '9'}",102.0546875,-3.349,-1.733,0.5927495479991194,0.3588536322560563
"{'ar': '48000', 'sample_fmt': 's32p', 'compression_level': '9', 'reservoir': '1', 'aq': '9'}",102.0546875,-3.349,-1.733,0.6188149089866783,0.3569270661167661
"{'ar': '48000', 'sample_fmt': 's32p', 'compression_level': '9', 'reservoir': '1', 'aq': '9'}",102.0546875,-3.349,-1.733,0.60085963801248,0.3582541920712918
"{'ar': '44100', 'sample_fmt': 's32p', 'compression_level': '9', 'reservoir': '1', 'aq': '9'}",97.1474609375,-3.314,-1.668,0.5898600110085681,0.4689501148787059
"{'ar': '48000', 'sample_fmt': 's32p', 'compression_level': '9', 'reservoir': '1', 'b:a': '320k', 'abr': 'True'}",438.171875,-3.313,-1.667,0.6525651790143456,-0.07719979677259466
"{'ar': '48000', 'sample_fmt': 's32p', 'compression_level': '9', 'reservoir': '1', 'aq': '9'}",102.0546875,-3.349,-1.733,0.5941838710277807,0.3587476172969256
"{'ar': '48000', 'sample_fmt': 's32p', 'compression_level': '9', 'reservoir': '1', 'b:a': '319k', 'abr': 'True'}",437.234375,-3.314,-1.669,0.6123270429670811,-0.07569059896494576
"{'ar': '44100', 'sample_fmt': 's32p', 'compression_level': '9', 'reservoir': '1', 'aq': '9'}",97.1474609375,-3.314,-1.668,0.6036689720058348,0.46792945467419883
"{'ar': '48000', 'sample_fmt': 's32p', 'compression_level': '9', 'reservoir': '1', 'b:a': '314k', 'abr': 'True'}",430.484375,-3.325,-1.689,0.6197461709962226,-0.09740671643109615
"{'ar': '48000', 'sample_fmt': 's32p', 'compression_level': '9', 'reservoir': '1', 'aq': '9'}",102.0546875,-3.349,-1.733,0.5886611879977863,0.3591558147559479
"{'ar': '44100', 'sample_fmt': 's32p', 'compression_level': '9', 'reservoir': '1', 'aq': '9'}",97.1474609375,-3.314,-1.668,0.6576332660042681,0.4639407977897725
"{'ar': '48000', 'sample_fmt': 's32p', 'compression_level': '9', 'reservoir': '1', 'aq': '9'}",102.0546875,-3.349,-1.733,0.6476611979596782,0.35479495355534446
"{'ar': '48000', 'sample_fmt': 's32p', 'compression_level': '9', 'reservoir': '1', 'aq': '9'}",102.0546875,-3.349,-1.733,0.604579153994564,0.3579792718985364
"{'ar': '48000', 'sample_fmt': 's32p', 'compression_level': '9', 'reservoir': '1', 'aq': '9'}",102.0546875,-3.349,-1.733,0.5950635859917384,0.3586825950222448
"{'ar': '48000', 'sample_fmt': 's32p', 'compression_level': '9', 'reservoir': '1', 'aq': '9'}",102.0546875,-3.349,-1.733,0.588277511036722,0.3591841734286693
"{'ar': '48000', 'sample_fmt': 's32p', 'compression_level': '8', 'reservoir': '1', 'b:a': '319k', 'abr': 'True'}",437.234375,-3.314,-1.669,0.6017229789867997,-0.0749068219586335
"{'ar': '48000', 'sample_fmt': 's32p', 'compression_level': '9', 'reservoir': '1', 'aq': '9'}",102.0546875,-3.349,-1.733,0.6013489990145899,0.3582180219857517
"{'ar': '48000', 'sample_fmt': 's32p', 'compression_level': '9', 'reservoir': '1', 'aq': '9'}",102.0546875,-3.349,-1.733,0.5894748769933358,0.35909567265135606
"{'ar': '48000', 'sample_fmt': 's32p', 'compression_level': '8', 'reservoir': '1', 'b:a': '319k', 'abr': 'True'}",437.234375,-3.314,-1.669,0.6044336830091197,-0.07510717792475775
"{'ar': '48000', 'sample_fmt': 's32p', 'compression_level': '9', 'reservoir': '1', 'aq': '9'}",102.0546875,-3.349,-1.733,0.5847576599917375,0.3594443357890468
"{'ar': '48000', 'sample_fmt': 's32p', 'compression_level': '9', 'reservoir': '1', 'aq': '9'}",102.0546875,-3.349,-1.733,0.6018619599926751,0.35818010755780155
"{'ar': '48000', 'sample_fmt': 's32p', 'compression_level': '9', 'reservoir': '1', 'aq': '9'}",102.0546875,-3.349,-1.733,0.5925258189963643,0.35887016871305344
"{'ar': '48000', 'sample_fmt': 'fltp', 'compression_level': '9', 'reservoir': '1', 'b:a': '319k', 'abr': 'True'}",437.234375,-3.314,-1.669,0.603594501997577,-0.07504515163161164
"{'ar': '48000', 'sample_fmt': 's32p', 'compression_level': '9', 'reservoir': '1', 'aq': '9'}",102.0546875,-3.349,-1.733,0.6031312619743403,0.35808628978103735
"{'ar': '48000', 'sample_fmt': 's32p', 'compression_level': '9', 'reservoir': '1', 'aq': '9'}",102.0546875,-3.349,-1.733,0.6079965629905928,0.35772668132597546
"{'ar': '48000', 'sample_fmt': 's32p', 'compression_level': '9', 'reservoir': '1', 'aq': '9'}",102.0546875,-3.349,-1.733,0.648731028981274,0.3547158792535555
"{'ar': '44100', 'sample_fmt': 's32p', 'compression_level': '9', 'reservoir': '1', 'aq': '9'}",97.1474609375,-3.314,-1.668,0.6043140070105437,0.4678817782733493
"{'ar': '48000', 'sample_fmt': 's32p', 'compression_level': '8', 'reservoir': '1', 'aq': '9'}",102.0546875,-3.349,-1.733,0.6047868599998765,0.3579639197475743
"{'ar': '48000', 'sample_fmt': 's32p', 'compression_level': '9', 'reservoir': '1', 'aq': '9'}",102.0546875,-3.349,-1.733,0.6989218420058023,0.3510061312503471
"{'ar': '48000', 'sample_fmt': 's32p', 'compression_level': '9', 'reservoir': '1', 'b:a': '267k', 'abr': 'True'}",367.390625,-3.419,-1.869,0.6064103640092071,-0.27154123479863285
"{'ar': '48000', 'sample_fmt': 's32p', 'compression_level': '8', 'reservoir': '1', 'aq': '9'}",102.0546875,-3.349,-1.733,0.6024456120212562,0.35813696815006696
"{'ar': '44100', 'sample_fmt': 's32p', 'compression_level': '9', 'reservoir': '1', 'b:a': '319k', 'abr': 'True'}",436.8369140625,-2.591,-0.705,0.6519268040137831,1.9106636446563747
"{'ar': '48000', 'sample_fmt': 's32p', 'compression_level': '9', 'reservoir': '1', 'aq': '9'}",102.0546875,-3.349,-1.733,0.6181587550090626,0.3569755643530283
"{'ar': '44100', 'sample_fmt': 's32p', 'compression_level': '9', 'reservoir': '1', 'aq': '9'}",97.1474609375,-3.314,-1.668,0.6398949779977556,0.46525188590624383
"{'ar': '48000', 'sample_fmt': 's32p', 'compression_level': '9', 'reservoir': '1', 'aq': '9'}",102.0546875,-3.349,-1.733,0.6397279649972916,0.35538132172449166
"{'ar': '48000', 'sample_fmt': 's32p', 'compression_level': '9', 'reservoir': '1', 'aq': '9'}",102.0546875,-3.349,-1.733,0.5929898899921682,0.3588358678849479
"{'ar': '48000', 'sample_fmt': 's32p', 'compression_level': '9', 'reservoir': '1', 'b:a': '319k', 'abr': 'True'}",437.234375,-3.314,-1.669,0.5990566530090291,-0.07470974610200007
"{'ar': '48000', 'sample_fmt': 's32p', 'compression_level': '9', 'reservoir': '1', 'aq': '9'}",102.0546875,-3.349,-1.733,0.5854508450138383,0.3593931004812956
"{'ar': '48000', 'sample_fmt': 's32p', 'compression_level': '9', 'reservoir': '1', 'b:a': '319k', 'abr': 'True'}",437.234375,-3.314,-1.669,0.6059194499684963,-0.07521699525344072
"{'ar': '44100', 'sample_fmt': 's32p', 'compression_level': '9', 'reservoir': '1', 'aq': '9'}",97.1474609375,-3.314,-1.668,0.5788953400042374,0.4697605453920406
"{'ar': '48000', 'sample_fmt': 's32p', 'compression_level': '9', 'reservoir': '1', 'aq': '9'}",102.0546875,-3.349,-1.733,0.5960613620118238,0.3586088465138006
"{'ar': '48000', 'sample_fmt': 's32p', 'compression_level': '9', 'reservoir': '1', 'aq': '9'}",102.0546875,-3.349,-1.733,0.6036671399779152,0.35804668148952085
"{'ar': '44100', 'sample_fmt': 's32p', 'compression_level': '9', 'reservoir': '1', 'b:a': '319k', 'abr': 'True'}",436.8369140625,-2.591,-0.705,0.6100596610049251,1.9137581661597671
"{'ar': '48000', 'sample_fmt': 's32p', 'compression_level': '9', 'reservoir': '1', 'aq': '9'}",102.0546875,-3.349,-1.733,0.586563073011348,0.3593108924965224
"{'ar': '44100', 'sample_fmt': 's32p', 'compression_level': '9', 'reservoir': '1', 'b:a': '319k', 'abr': 'True'}",436.8369140625,-2.591,-0.705,0.6242223709705286,1.9127113593469498
"{'ar': '48000', 'sample_fmt': 's32p', 'compression_level': '8', 'reservoir': '1', 'aq': '9'}",102.0546875,-3.349,-1.733,0.5969614820205607,0.3585423160433054
"{'ar': '44100', 'sample_fmt': 's32p', 'compression_level': '9', 'reservoir': '1', 'aq': '9'}",97.1474609375,-3.314,-1.668,0.5983328329748474,0.4683238641272868
"{'ar': '48000', 'sample_fmt': 's32p', 'compression_level': '9', 'reservoir': '1', 'aq': '9'}",102.0546875,-3.349,-1.733,0.6087702070071828,0.35766949906147744
"{'ar': '48000', 'sample_fmt': 's32p', 'compression_level': '9', 'reservoir': '1', 'aq': '9'}",102.0546875,-3.349,-1.733,0.6134206760034431,0.3573257694617113
"{'ar': '44100', 'sample_fmt': 's32p', 'compression_level': '9', 'reservoir': '1', 'aq': '9'}",97.1474609375,-3.314,-1.668,0.5808384580013808,0.4696169239267661
"{'ar': '48000', 'sample_fmt': 's32p', 'compression_level': '9', 'reservoir': '1', 'aq': '9'}",102.0546875,-3.349,-1.733,0.5903273029834963,0.35903266738357253
"{'ar': '44100', 'sample_fmt': 's32p', 'compression_level': '9', 'reservoir': '1', 'b:a': '320k', 'abr': 'True'}",437.857421875,-2.591,-0.705,0.6162423490022775,1.9116727976287784
"{'ar': '48000', 'sample_fmt': 's32p', 'compression_level': '9', 'reservoir': '1', 'b:a': '320k', 'abr': 'True'}",438.171875,-3.313,-1.667,0.6003537340147886,-0.07334069802205088
"{'ar': '48000', 'sample_fmt': 's32p', 'compression_level': '9', 'reservoir': '1', 'aq': '9'}",102.0546875,-3.349,-1.733,0.6336216299969237,0.3558326585869463
"{'ar': '48000', 'sample_fmt': 's32p', 'compression_level': '9', 'reservoir': '1', 'b:a': '319k', 'abr': 'True'}",437.234375,-3.314,-1.669,0.6222880310378969,-0.07642684437279826
"{'ar': '48000', 'sample_fmt': 's32p', 'compression_level': '9', 'reservoir': '1', 'aq': '9'}",102.0546875,-3.349,-1.733,0.6085059400065802,0.3576890317990189
"{'ar': '48000', 'sample_fmt': 's32p', 'compression_level': '9', 'reservoir': '1', 'b:a': '299k', 'abr': 'True'}",410.609375,-3.348,-1.731,0.5977039980352856,-0.13090150508092044
"{'ar': '48000', 'sample_fmt': 's32p', 'compression_level': '9', 'reservoir': '1', 'aq': '9'}",102.0546875,-3.349,-1.733,0.6456239289836958,0.35494553399148837
"{'ar': '48000', 'sample_fmt': 's32p', 'compression_level': '9', 'reservoir': '1', 'b:a': '319k', 'abr': 'True'}",437.234375,-3.314,-1.669,0.7135831479972694,-0.08317473023942486
"{'ar': '48000', 'sample_fmt': 's32p', 'compression_level': '9', 'reservoir': '1', 'aq': '9'}",102.0546875,-3.349,-1.733,0.627853484969819,0.35625899885136997
"{'ar': '44100', 'sample_fmt': 's32p', 'compression_level': '9', 'reservoir': '1', 'aq': '9'}",97.1474609375,-3.314,-1.668,0.6098795050056651,0.46747041623655244
"{'ar': '48000', 'sample_fmt': 's32p', 'compression_level': '9', 'reservoir': '1', 'aq': '9'}",102.0546875,-3.349,-1.733,0.599226316990098,0.35837491554708845
"{'ar': '48000', 'sample_fmt': 's32p', 'compression_level': '9', 'reservoir': '1', 'aq': '9'}",102.0546875,-3.349,-1.733,0.6202123289986048,0.3568237787662234
"{'ar': '48000', 'sample_fmt': 's32p', 'compression_level': '8', 'reservoir': '1', 'aq': '9'}",102.0546875,-3.349,-1.733,0.615701088012429,0.3571572176215031
"{'ar': '48000', 'sample_fmt': 's32p', 'compression_level': '9', 'reservoir': '1', 'aq': '9'}",102.0546875,-3.349,-1.733,0.6067287909681909,0.35782038601903016
"{'ar': '48000', 'sample_fmt': 's32p', 'compression_level': '9', 'reservoir': '1', 'b:a': '319k', 'abr': 'True'}",437.234375,-3.314,-1.669,0.6075750769814476,-0.07533936742944737
"{'ar': '48000', 'sample_fmt': 's32p', 'compression_level': '9', 'reservoir': '1', 'aq': '9'}",102.0546875,-3.349,-1.733,0.5931858549884055,0.358821383545889
"{'ar': '48000', 'sample_fmt': 's32p', 'compression_level': '9', 'reservoir': '1', 'aq': '9'}",102.0546875,-3.349,-1.733,0.6011911680107005,0.35822968773125846
"{'ar': '48000', 'sample_fmt': 's32p', 'compression_level': '9', 'reservoir': '1', 'aq': '9'}",102.0546875,-3.349,-1.733,0.5988511239993386,0.35840264714505254
"{'ar': '48000', 'sample_fmt': 's32p', 'compression_level': '9', 'reservoir': '1', 'aq': '9'}",102.0546875,-3.349,-1.733,0.6066960350144655,0.35782280710620934
"{'ar': '48000', 'sample_fmt': 's32p', 'compression_level': '9', 'reservoir': '1', 'aq': '9'}",102.0546875,-3.349,-1.733,0.635998820012901,0.3556569536046279
"{'ar': '48000', 'sample_fmt': 's32p', 'compression_level': '9', 'reservoir': '1', 'aq': '9'}",102.0546875,-3.349,-1.733,0.7300598309957422,0.34870463251943584
"{'ar': '48000', 'sample_fmt': 's32p', 'compression_level': '9', 'reservoir': '1', 'aq': '9'}",102.0546875,-3.349,-1.733,0.6202486669935752,0.35682109292002645
"{'ar': '48000', 'sample_fmt': 's32p', 'compression_level': '9', 'reservoir': '1', 'aq': '9'}",102.0546875,-3.349,-1.733,0.6945074649702292,0.351332410611176
"{'ar': '48000', 'sample_fmt': 's32p', 'compression_level': '9', 'reservoir': '1', 'b:a': '311k', 'abr': 'True'}",426.546875,-3.333,-1.704,0.6387699930055533,-0.11590127151235027
"{'ar': '48000', 'sample_fmt': 's32p', 'compression_level': '9', 'reservoir': '1', 'aq': '9'}",102.0546875,-3.349,-1.733,0.6135571569902822,0.35731568175764966
"{'ar': '44100', 'sample_fmt': 's32p', 'compression_level': '8', 'reservoir': '1', 'b:a': '319k', 'abr': 'True'}",436.8369140625,-2.591,-0.705,0.6511050889967009,1.910724379987407
"{'ar': '48000', 'sample_fmt': 's32p', 'compression_level': '9', 'reservoir': '1', 'aq': '9'}",102.0546875,-3.349,-1.733,0.6017344559950288,0.3581895317466554
"{'ar': '48000', 'sample_fmt': 's32p', 'compression_level': '9', 'reservoir': '1', 'aq': '9'}",102.0546875,-3.349,-1.733,0.635225817997707,0.35571408841694785
"{'ar': '44100', 'sample_fmt': 's32p', 'compression_level': '9', 'reservoir': '1', 'aq': '9'}",97.1474609375,-3.314,-1.668,0.621863501961343,0.4665846443970914
"{'ar': '48000', 'sample_fmt': 's32p', 'compression_level': '9', 'reservoir': '1', 'aq': '9'}",102.0546875,-3.349,-1.733,0.6951866680174135,0.351282208751588
"{'ar': '48000', 'sample_fmt': 's32p', 'compression_level': '9', 'reservoir': '1', 'aq': '9'}",102.0546875,-3.349,-1.733,0.6571298050112091,0.354095101451227
"{'ar': '48000', 'sample_fmt': 's32p', 'compression_level': '9', 'reservoir': '1', 'aq': '9'}",102.0546875,-3.349,-1.733,0.6076021589979064,0.3577558328645969
"{'ar': '44100', 'sample_fmt': 's32p', 'compression_level': '9', 'reservoir': '1', 'aq': '9'}",97.1474609375,-3.314,-1.668,0.61444447201211,0.46713300633588806
"{'ar': '44100', 'sample_fmt': 's32p', 'compression_level': '9', 'reservoir': '1', 'aq': '9'}",97.1474609375,-3.314,-1.668,0.613066619989695,0.46723484735978965
"{'ar': '44100', 'sample_fmt': 's32p', 'compression_level': '9', 'reservoir': '1', 'b:a': '319k', 'abr': 'True'}",436.8369140625,-2.591,-0.705,0.6357105439819861,1.9118622352877532
"{'ar': '48000', 'sample_fmt': 's32p', 'compression_level': '9', 'reservoir': '1', 'aq': '9'}",102.0546875,-3.349,-1.733,0.6194547179911751,0.3568797759846914
"{'ar': '48000', 'sample_fmt': 's32p', 'compression_level': '8', 'reservoir': '1', 'aq': '9'}",102.0546875,-3.349,-1.733,0.6025953850185033,0.3581258979951125
"{'ar': '48000', 'sample_fmt': 's32p', 'compression_level': '9', 'reservoir': '1', 'aq': '9'}",102.0546875,-3.349,-1.733,0.6242086899874266,0.3565283961791524
"{'ar': '48000', 'sample_fmt': 's32p', 'compression_level': '9', 'reservoir': '1', 'b:a': '319k', 'abr': 'True'}",437.234375,-3.314,-1.669,0.614154105016496,-0.07582564239981188
"{'ar': '48000', 'sample_fmt': 'fltp', 'compression_level': '9', 'reservoir': '1', 'aq': '9'}",102.0546875,-3.349,-1.733,0.6213224870152771,0.3567417237797145
"{'ar': '48000', 'sample_fmt': 's32p', 'compression_level': '9', 'reservoir': '1', 'aq': '9'}",102.0546875,-3.349,-1.733,0.6236366539669689,0.35657067701416534
"{'ar': '48000', 'sample_fmt': 's32p', 'compression_level': '9', 'reservoir': '1', 'b:a': '319k', 'abr': 'True'}",437.234375,-3.314,-1.669,0.6268974609847646,-0.07676754065785275
"{'ar': '48000', 'sample_fmt': 's32p', 'compression_level': '9', 'reservoir': '1', 'aq': '9'}",102.0546875,-3.349,-1.733,0.6194464300060645,0.35688038857361676
"{'ar': '48000', 'sample_fmt': 's32p', 'compression_level': '9', 'reservoir': '1', 'aq': '9'}",102.0546875,-3.349,-1.733,0.6169191919907462,0.35706718403708887
"{'ar': '44100', 'sample_fmt': 's32p', 'compression_level': '9', 'reservoir': '1', 'aq': '9'}",97.1474609375,-3.314,-1.668,0.6070667559979483,0.4676783146423783
"{'ar': '44100', 'sample_fmt': 's32p', 'compression_level': '9', 'reservoir': '1', 'aq': '9'}",97.1474609375,-3.314,-1.668,0.6066300139937084,0.4677105955057577
"{'ar': '48000', 'sample_fmt': 's32p', 'compression_level': '9', 'reservoir': '1', 'b:a': '319k', 'abr': 'True'}",437.234375,-3.314,-1.669,0.6244456229906064,-0.07658631822779222
"{'ar': '48000', 'sample_fmt': 's32p', 'compression_level': '9', 'reservoir': '1', 'aq': '9'}",102.0546875,-3.349,-1.733,0.6054923979972955,0.35791177139572683
"{'ar': '48000', 'sample_fmt': 's32p', 'compression_level': '9', 'reservoir': '1', 'aq': '9'}",102.0546875,-3.349,-1.733,0.6190723330073524,0.35690803916364205
"{'ar': '48000', 'sample_fmt': 's32p', 'compression_level': '9', 'reservoir': '1', 'aq': '9'}",102.0546875,-3.349,-1.733,0.6572654109913856,0.35408507842143594
"{'ar': '48000', 'sample_fmt': 's32p', 'compression_level': '9', 'reservoir': '1', 'aq': '9'}",102.0546875,-3.349,-1.733,0.6405253179837018,0.3553223870615337
"{'ar': '48000', 'sample_fmt': 's32p', 'compression_level': '9', 'reservoir': '1', 'aq': '9'}",102.0546875,-3.349,-1.733,0.8265732889994979,0.34157104398925603
"{'ar': '48000', 'sample_fmt': 's32p', 'compression_level': '9', 'reservoir': '1', 'aq': '9'}",102.0546875,-3.349,-1.733,0.6080994429939892,0.3577190771676809
"{'ar': '48000', 'sample_fmt': 's32p', 'compression_level': '9', 'reservoir': '1', 'aq': '9'}",102.0546875,-3.349,-1.733,0.6526237879879773,0.35442815418831236
"{'ar': '44100', 'sample_fmt': 's32p', 'compression_level': '9', 'reservoir': '1', 'aq': '9'}",97.1474609375,-3.314,-1.668,0.6618620550143532,0.46362823577611295
"{'ar': '48000', 'sample_fmt': 's32p', 'compression_level': '9', 'reservoir': '1', 'b:a': '319k', 'abr': 'True'}",437.234375,-3.314,-1.669,0.6312756499974057,-0.07709114525735142
"{'ar': '48000', 'sample_fmt': 's32p', 'compression_level': '9', 'reservoir': '1', 'aq': '9'}",102.0546875,-3.349,-1.733,0.6267450209707022,0.3563409286281469
"{'ar': '48000', 'sample_fmt': 's32p', 'compression_level': '9', 'reservoir': '1', 'aq': '9'}",102.0546875,-3.349,-1.733,0.617811174975941,0.35700125499751334
"{'ar': '48000', 'sample_fmt': 's32p', 'compression_level': '9', 'reservoir': '1', 'aq': '9'}",102.0546875,-3.349,-1.733,0.6204529470123816,0.3568059939936255
"{'ar': '48000', 'sample_fmt': 's32p', 'compression_level': '9', 'reservoir': '1', 'aq': '9'}",102.0546875,-3.349,-1.733,0.6175525819999166,0.3570203683515047
"{'ar': '48000', 'sample_fmt': 's32p', 'compression_level': '9', 'reservoir': '1', 'aq': '9'}",102.0546875,-3.349,-1.733,0.6133940879954025,0.3573277346582043
"{'ar': '48000', 'sample_fmt': 's32p', 'compression_level': '9', 'reservoir': '1', 'aq': '9'}",102.0546875,-3.349,-1.733,0.6306102010421455,0.3560552420016906
"{'ar': '48000', 'sample_fmt': 's32p', 'compression_level': '9', 'reservoir': '1', 'aq': '9'}",102.0546875,-3.349,-1.733,0.6183533390285447,0.35696118208595135
"{'ar': '48000', 'sample_fmt': 's32p', 'compression_level': '9', 'reservoir': '1', 'aq': '9'}",102.0546875,-3.349,-1.733,0.7068428710044827,0.35042066511141745
"{'ar': '48000', 'sample_fmt': 's32p', 'compression_level': '9', 'reservoir': '1', 'aq': '9'}",102.0546875,-3.349,-1.733,0.7963070429977961,0.34380810967724473
"{'ar': '48000', 'sample_fmt': 's32p', 'compression_level': '9', 'reservoir': '1', 'b:a': '319k', 'abr': 'True'}",437.234375,-3.314,-1.669,0.6390048019820824,-0.07766242921180014
"{'ar': '48000', 'sample_fmt': 's32p', 'compression_level': '9', 'reservoir': '1', 'aq': '9'}",102.0546875,-3.349,-1.733,0.6172004910185933,0.35704639241320446
"{'ar': '48000', 'sample_fmt': 'fltp', 'compression_level': '9', 'reservoir': '1', 'aq': '9'}",102.0546875,-3.349,-1.733,0.6302349260367919,0.3560829796615903
"{'ar': '48000', 'sample_fmt': 's32p', 'compression_level': '9', 'reservoir': '1', 'aq': '9'}",102.0546875,-3.349,-1.733,0.6542189169849735,0.35431025359545737
"{'ar': '48000', 'sample_fmt': 's32p', 'compression_level': '9', 'reservoir': '1', 'aq': '9'}",102.0546875,-3.349,-1.733,0.679488862020662,0.35244247894730574
"{'ar': '48000', 'sample_fmt': 'fltp', 'compression_level': '9', 'reservoir': '1', 'aq': '9'}",102.0546875,-3.349,-1.733,0.6502106870175339,0.3546065134530301
"{'ar': '48000', 'sample_fmt': 's32p', 'compression_level': '9', 'reservoir': '1', 'aq': '9'}",102.0546875,-3.349,-1.733,0.6402546410099603,0.35534239357870967
"{'ar': '48000', 'sample_fmt': 's32p', 'compression_level': '9', 'reservoir': '1', 'aq': '9'}",102.0546875,-3.349,-1.733,0.6391147410322446,0.35542664687949044
"{'ar': '48000', 'sample_fmt': 's32p', 'compression_level': '9', 'reservoir': '1', 'aq': '9'}",102.0546875,-3.349,-1.733,0.6368952109769452,0.3555906987586
"{'ar': '48000', 'sample_fmt': 's32p', 'compression_level': '9', 'reservoir': '1', 'aq': '9'}",102.0546875,-3.349,-1.733,0.6718496009707451,0.3530071188030512
"{'ar': '48000', 'sample_fmt': 's32p', 'compression_level': '9', 'reservoir': '1', 'aq': '9'}",102.0546875,-3.349,-1.733,0.6369065569597296,0.3555898601442313
"{'ar': '48000', 'sample_fmt': 's32p', 'compression_level': '9', 'reservoir': '1', 'aq': '9'}",102.0546875,-3.349,-1.733,0.6122744049935136,0.3574104936638903
"{'ar': '48000', 'sample_fmt': 's32p', 'compression_level': '9', 'reservoir': '1', 'aq': '9'}",102.0546875,-3.349,-1.733,0.639881772978697,0.35536995333220006
"{'ar': '48000', 'sample_fmt': 's32p', 'compression_level': '8', 'reservoir': '1', 'aq': '9'}",102.0546875,-3.349,-1.733,0.6090687550022267,0.3576474325165913
"{'ar': '48000', 'sample_fmt': 's32p', 'compression_level': '9', 'reservoir': '1', 'aq': '9'}",102.0546875,-3.349,-1.733,0.6065139929705765,0.3578362623596336
"{'ar': '48000', 'sample_fmt': 's32p', 'compression_level': '9', 'reservoir': '1', 'aq': '9'}",102.0546875,-3.349,-1.733,0.6175910210004076,0.35701752721391944
"{'ar': '48000', 'sample_fmt': 's32p', 'compression_level': '9', 'reservoir': '1', 'aq': '9'}",102.0546875,-3.349,-1.733,0.6181165919988416,0.3569786807429322
"{'ar': '48000', 'sample_fmt': 's32p', 'compression_level': '9', 'reservoir': '1', 'aq': '9'}",102.0546875,-3.349,-1.733,0.6223047270032112,0.3566691235842937
"{'ar': '48000', 'sample_fmt': 's32p', 'compression_level': '9', 'reservoir': '1', 'aq': '9'}",102.0546875,-3.349,-1.733,0.6278091159765609,0.3562622782918537
"{'ar': '48000', 'sample_fmt': 's32p', 'compression_level': '9', 'reservoir': '1', 'aq': '9'}",102.0546875,-3.349,-1.733,0.613959549984429,0.35728593972884826
"{'ar': '48000', 'sample_fmt': 's32p', 'compression_level': '9', 'reservoir': '1', 'b:a': '282k', 'abr': 'True'}",388.484375,-3.395,-1.821,0.6261752100253943,-0.23560015028723777
"{'ar': '48000', 'sample_fmt': 's32p', 'compression_level': '9', 'reservoir': '1', 'aq': '9'}",102.0546875,-3.349,-1.733,0.6217372510000132,0.3567110673752561
"{'ar': '44100', 'sample_fmt': 's32p', 'compression_level': '8', 'reservoir': '1', 'aq': '9'}",97.1474609375,-3.314,-1.668,0.6268314540211577,0.46621744870681786
"{'ar': '48000', 'sample_fmt': 's32p', 'compression_level': '9', 'reservoir': '1', 'aq': '9'}",102.0546875,-3.349,-1.733,0.6090193119889591,0.35765108699255393
"{'ar': '48000', 'sample_fmt': 's32p', 'compression_level': '8', 'reservoir': '1', 'aq': '9'}",102.0546875,-3.349,-1.733,0.6137919400061946,0.35729832826660257
"{'ar': '48000', 'sample_fmt': 's32p', 'compression_level': '9', 'reservoir': '1', 'aq': '9'}",102.0546875,-3.349,-1.733,0.6205071330186911,0.35680198894934356
"{'ar': '48000', 'sample_fmt': 's32p', 'compression_level': '9', 'reservoir': '1', 'aq': '9'}",102.0546875,-3.349,-1.733,0.6293096390145365,0.35615137029876787
"{'ar': '48000', 'sample_fmt': 's32p', 'compression_level': '9', 'reservoir': '1', 'aq': '9'}",102.0546875,-3.349,-1.733,0.6175573469954543,0.35702001615691736
"{'ar': '44100', 'sample_fmt': 's32p', 'compression_level': '9', 'reservoir': '1', 'b:a': '319k', 'abr': 'True'}",436.8369140625,-2.591,-0.705,0.6305647200206295,1.9122425780041816
"{'ar': '48000', 'sample_fmt': 's32p', 'compression_level': '9', 'reservoir': '1', 'b:a': '319k', 'abr': 'True'}",437.234375,-3.314,-1.669,0.6136493170051835,-0.07578833205944949
"{'ar': '48000', 'sample_fmt': 's32p', 'compression_level': '9', 'reservoir': '1', 'b:a': '320k', 'abr': 'True'}",438.171875,-3.313,-1.667,0.6468730219930876,-0.07677907300122955
"{'ar': '48000', 'sample_fmt': 's32p', 'compression_level': '9', 'reservoir': '1', 'aq': '9'}",102.0546875,-3.349,-1.733,0.6523470950196497,0.35444860536502976
"{'ar': '48000', 'sample_fmt': 's32p', 'compression_level': '9', 'reservoir': '1', 'aq': '9'}",102.0546875,-3.349,-1.733,0.6939419029804412,0.3513742129318772
"{'ar': '48000', 'sample_fmt': 's32p', 'compression_level': '8', 'reservoir': '1', 'b:a': '319k', 'abr': 'True'}",437.234375,-3.314,-1.669,0.8495896609965712,-0.09322736456865813
"{'ar': '48000', 'sample_fmt': 's32p', 'compression_level': '9', 'reservoir': '1', 'aq': '9'}",102.0546875,-3.349,-1.733,0.6442443679843564,0.35504750133081203
"{'ar': '48000', 'sample_fmt': 's32p', 'compression_level': '9', 'reservoir': '1', 'aq': '9'}",102.0546875,-3.349,-1.733,0.6112427679763641,0.3574867449364596
"{'ar': '48000', 'sample_fmt': 's32p', 'compression_level': '8', 'reservoir': '1', 'aq': '9'}",102.0546875,-3.349,-1.733,0.6186151260044426,0.35694183265420115
"{'ar': '48000', 'sample_fmt': 's32p', 'compression_level': '9', 'reservoir': '1', 'aq': '9'}",102.0546875,-3.349,-1.733,0.6224521590047516,0.3566582264590956
"{'ar': '44100', 'sample_fmt': 's32p', 'compression_level': '9', 'reservoir': '1', 'b:a': '319k', 'abr': 'True'}",436.8369140625,-2.591,-0.705,0.6252470400067978,1.9126356230979795
"{'ar': '48000', 'sample_fmt': 's32p', 'compression_level': '8', 'reservoir': '1', 'aq': '9'}",102.0546875,-3.349,-1.733,0.6047676650050562,0.35796533850510015
"{'ar': '48000', 'sample_fmt': 's32p', 'compression_level': '9', 'reservoir': '1', 'aq': '9'}",102.0546875,-3.349,-1.733,0.6133250629936811,0.3573328364955103
"{'ar': '48000', 'sample_fmt': 's32p', 'compression_level': '9', 'reservoir': '1', 'b:a': '320k', 'abr': 'True'}",438.171875,-3.313,-1.667,0.6402895910141524,-0.07629247259656126
"{'ar': '48000', 'sample_fmt': 's32p', 'compression_level': '9', 'reservoir': '1', 'aq': '9'}",102.0546875,-3.349,-1.733,0.6048807839979418,0.3579569775535097
"{'ar': '48000', 'sample_fmt': 's32p', 'compression_level': '9', 'reservoir': '1', 'aq': '9'}",102.0546875,-3.349,-1.733,0.6200124399911147,0.35683855314029134
"{'ar': '48000', 'sample_fmt': 's32p', 'compression_level': '9', 'reservoir': '1', 'aq': '9'}",102.0546875,-3.349,-1.733,0.6803493379848078,0.3523788786826868
"{'ar': '48000', 'sample_fmt': 's32p', 'compression_level': '8', 'reservoir': '1', 'b:a': '319k', 'abr': 'True'}",437.234375,-3.314,-1.669,0.6829551559931133,-0.08091092685922907
"{'ar': '48000', 'sample_fmt': 's32p', 'compression_level': '9', 'reservoir': '1', 'aq': '9'}",102.0546875,-3.349,-1.733,0.6478414759912994,0.3547816286851635
"{'ar': '48000', 'sample_fmt': 's32p', 'compression_level': '9', 'reservoir': '1', 'aq': '9'}",102.0546875,-3.349,-1.733,0.6781416239973623,0.352542057202082
"{'ar': '48000', 'sample_fmt': 's32p', 'compression_level': '9', 'reservoir': '1', 'aq': '9'}",102.0546875,-3.349,-1.733,0.626511196984211,0.35635821123455863
"{'ar': '44100', 'sample_fmt': 's32p', 'compression_level': '9', 'reservoir': '1', 'aq': '9'}",97.1474609375,-3.314,-1.668,0.6146331980125979,0.4671190570519201
"{'ar': '44100', 'sample_fmt': 's32p', 'compression_level': '9', 'reservoir': '1', 'aq': '9'}",97.1474609375,-3.314,-1.668,0.6043067439750303,0.46788231510528866
"{'ar': '48000', 'sample_fmt': 'fltp', 'compression_level': '9', 'reservoir': '1', 'aq': '9'}",102.0546875,-3.349,-1.733,0.6098359250172507,0.3575907287642539
"{'ar': '48000', 'sample_fmt': 's32p', 'compression_level': '9', 'reservoir': '1', 'b:a': '319k', 'abr': 'True'}",437.234375,-3.314,-1.669,0.6496639959805179,-0.0784502810370372
"{'ar': '48000', 'sample_fmt': 's32p', 'compression_level': '9', 'reservoir': '1', 'aq': '9'}",102.0546875,-3.349,-1.733,0.6254945649998263,0.3564333534418033
"{'ar': '48000', 'sample_fmt': 's32p', 'compression_level': '9', 'reservoir': '1', 'b:a': '319k', 'abr': 'True'}",437.234375,-3.314,-1.669,0.704527982044965,-0.0825054367614757
"{'ar': '48000', 'sample_fmt': 's32p', 'compression_level': '9', 'reservoir': '1', 'b:a': '315k', 'abr': 'True'}",431.609375,-3.324,-1.688,0.6332729429705068,-0.09755624566722529
"{'ar': '44100', 'sample_fmt': 's32p', 'compression_level': '9', 'reservoir': '1', 'b:a': '319k', 'abr': 'True'}",436.8369140625,-2.591,-0.705,0.6392214630322997,1.9116027331169083
"{'ar': '48000', 'sample_fmt': 's32p', 'compression_level': '9', 'reservoir': '1', 'aq': '9'}",102.0546875,-3.349,-1.733,0.6042326250171755,0.35800488485645543
"{'ar': '48000', 'sample_fmt': 's32p', 'compression_level': '9', 'reservoir': '1', 'aq': '9'}",102.0546875,-3.349,-1.733,0.6139111369848251,0.35728951807352505
"{'ar': '44100', 'sample_fmt': 's32p', 'compression_level': '9', 'reservoir': '1', 'aq': '9'}",97.1474609375,-3.314,-1.668,0.6235700999677647,0.4664585048076907
"{'ar': '44100', 'sample_fmt': 's32p', 'compression_level': '9', 'reservoir': '1', 'aq': '9'}",97.1474609375,-3.314,-1.668,0.613111033977475,0.4672315645936308
"{'ar': '48000', 'sample_fmt': 's32p', 'compression_level': '9', 'reservoir': '1', 'b:a': '320k', 'abr': 'True'}",438.171875,-3.313,-1.667,0.6173267629928887,-0.07459522363272657
"{'ar': '44100', 'sample_fmt': 's32p', 'compression_level': '9', 'reservoir': '1', 'aq': '9'}",97.1474609375,-3.314,-1.668,0.6201700690144207,0.4667098109189077
"{'ar': '48000', 'sample_fmt': 's32p', 'compression_level': '9', 'reservoir': '1', 'aq': '9'}",102.0546875,-3.349,-1.733,0.6179373299819417,0.3569919305165296
"{'ar': '48000', 'sample_fmt': 's32p', 'compression_level': '9', 'reservoir': '1', 'aq': '9'}",102.0546875,-3.349,-1.733,0.6232487329980358,0.35659934937377025
"{'ar': '48000', 'sample_fmt': 's32p', 'compression_level': '9', 'reservoir': '1', 'aq': '9'}",102.0546875,-3.349,-1.733,0.6182836850057356,0.3569663304160233
"{'ar': '48000', 'sample_fmt': 's32p', 'compression_level': '9', 'reservoir': '1', 'aq': '9'}",102.0546875,-3.349,-1.733,0.6149208550050389,0.35721488689734826
"{'ar': '44100', 'sample_fmt': 's32p', 'compression_level': '9', 'reservoir': '1', 'aq': '9'}",97.1474609375,-3.314,-1.668,0.6150655509845819,0.4670871005945956
"{'ar': '48000', 'sample_fmt': 's32p', 'compression_level': '9', 'reservoir': '1', 'aq': '9'}",102.0546875,-3.349,-1.733,0.6146314999787137,0.3572362739633558
"{'ar': '48000', 'sample_fmt': 's32p', 'compression_level': '9', 'reservoir': '1', 'aq': '9'}",102.0546875,-3.349,-1.733,0.6079876880103257,0.3577273373014088
"{'ar': '44100', 'sample_fmt': 's32p', 'compression_level': '8', 'reservoir': '1', 'b:a': '319k', 'abr': 'True'}",436.8369140625,-2.591,-0.705,0.6265807200106792,1.9125370469555907
"{'ar': '48000', 'sample_fmt': 's32p', 'compression_level': '8', 'reservoir': '1', 'aq': '9'}",102.0546875,-3.349,-1.733,0.609643922012765,0.3576049202610554
"{'ar': '48000', 'sample_fmt': 's32p', 'compression_level': '9', 'reservoir': '1', 'aq': '9'}",102.0546875,-3.349,-1.733,0.6073434170102701,0.357774957232467
"{'ar': '44100', 'sample_fmt': 's32p', 'compression_level': '9', 'reservoir': '1', 'b:a': '319k', 'abr': 'True'}",436.8369140625,-2.591,-0.705,0.6349139559897594,1.9119211134077807
"{'ar': '48000', 'sample_fmt': 's32p', 'compression_level': '8', 'reservoir': '1', 'aq': '9'}",102.0546875,-3.349,-1.733,0.6042424950283021,0.3580041553354164
"{'ar': '48000', 'sample_fmt': 'fltp', 'compression_level': '9', 'reservoir': '1', 'aq': '9'}",102.0546875,-3.349,-1.733,0.6398219100083224,0.3553743779772981
"{'ar': '48000', 'sample_fmt': 's32p', 'compression_level': '9', 'reservoir': '1', 'aq': '9'}",102.0546875,-3.349,-1.733,0.6340991380275227,0.3557973645887764
"{'ar': '44100', 'sample_fmt': 's32p', 'compression_level': '9', 'reservoir': '1', 'aq': '9'}",97.1474609375,-3.314,-1.668,0.658550527994521,0.46387300030589634
"{'ar': '48000', 'sample_fmt': 's32p', 'compression_level': '9', 'reservoir': '1', 'aq': '9'}",102.0546875,-3.349,-1.733,0.6289516290125903,0.3561778318523832
"{'ar': '44100', 'sample_fmt': 's32p', 'compression_level': '9', 'reservoir': '1', 'aq': '9'}",97.1474609375,-3.314,-1.668,0.6726240469724871,0.46283278585666815
"{'ar': '48000', 'sample_fmt': 's32p', 'compression_level': '9', 'reservoir': '1', 'aq': '9'}",102.0546875,-3.349,-1.733,0.6287445009802468,0.3561931412836933
"{'ar': '48000', 'sample_fmt': 's32p', 'compression_level': '9', 'reservoir': '1', 'aq': '9'}",102.0546875,-3.349,-1.733,0.62517195098917,0.3564571987754355
"{'ar': '44100', 'sample_fmt': 's32p', 'compression_level': '9', 'reservoir': '1', 'aq': '9'}",97.1474609375,-3.314,-1.668,0.610993659007363,0.46738806589524506
"{'ar': '48000', 'sample_fmt': 's32p', 'compression_level': '9', 'reservoir': '1', 'aq': '9'}",102.0546875,-3.349,-1.733,0.618294156040065,0.35696555647162287
"{'ar': '48000', 'sample_fmt': 's32p', 'compression_level': '9', 'reservoir': '1', 'b:a': '319k', 'abr': 'True'}",437.234375,-3.314,-1.669,0.6386343180201948,-0.07763504567176539
"{'ar': '48000', 'sample_fmt': 's32p', 'compression_level': '9', 'reservoir': '1', 'aq': '9'}",102.0546875,-3.349,-1.733,0.6035361750109587,0.3580563614886159
"{'ar': '48000', 'sample_fmt': 's32p', 'compression_level': '9', 'reservoir': '1', 'aq': '9'}",102.0546875,-3.349,-1.733,0.6173723730316851,0.35703368811701097
"{'ar': '48000', 'sample_fmt': 's32p', 'compression_level': '9', 'reservoir': '1', 'aq': '9'}",102.0546875,-3.349,-1.733,0.6219957320136018,0.3566919622967319
"{'ar': '48000', 'sample_fmt': 's32p', 'compression_level': '9', 'reservoir': '1', 'aq': '9'}",102.0546875,-3.349,-1.733,0.6249671010009479,0.35647233982992277
"{'ar': '48000', 'sample_fmt': 's32p', 'compression_level': '8', 'reservoir': '1', 'aq': '9'}",102.0546875,-3.349,-1.733,0.6190244769968558,0.35691157633964465
"{'ar': '48000', 'sample_fmt': 's32p', 'compression_level': '9', 'reservoir': '1', 'aq': '9'}",102.0546875,-3.349,-1.733,0.6398007380194031,0.35537594286016977
"{'ar': '48000', 'sample_fmt': 's32p', 'compression_level': '8', 'reservoir': '1', 'aq': '9'}",102.0546875,-3.349,-1.733,0.6127999970049132,0.3573716456397741
"{'ar': '48000', 'sample_fmt': 's32p', 'compression_level': '9', 'reservoir': '1', 'b:a': '319k', 'abr': 'True'}",437.234375,-3.314,-1.669,0.6190814190194942,-0.07618983441389363
"{'ar': '48000', 'sample_fmt': 's32p', 'compression_level': '9', 'reservoir': '1', 'aq': '9'}",102.0546875,-3.349,-1.733,0.62079974001972,0.35678036152049
"{'ar': '48000', 'sample_fmt': 's32p', 'compression_level': '9', 'reservoir': '1', 'b:a': '300k', 'abr': 'True'}",411.921875,-3.347,-1.728,0.658650861994829,-0.1342242606201144
"{'ar': '48000', 'sample_fmt': 's32p', 'compression_level': '9', 'reservoir': '1', 'aq': '9'}",102.0546875,-3.349,-1.733,0.6376328610058408,0.3555361769137272
"{'ar': '48000', 'sample_fmt': 's32p', 'compression_level': '9', 'reservoir': '1', 'aq': '9'}",102.0546875,-3.349,-1.733,0.6157130500068888,0.3571563334759317
"{'ar': '48000', 'sample_fmt': 's32p', 'compression_level': '8', 'reservoir': '1', 'aq': '9'}",102.0546875,-3.349,-1.733,0.6277902780275326,0.3562636706590935
"{'ar': '44100', 'sample_fmt': 's32p', 'compression_level': '9', 'reservoir': '1', 'aq': '9'}",97.1474609375,-3.314,-1.668,0.6206051950284746,0.4666776494980319
"{'ar': '44100', 'sample_fmt': 's32p', 'compression_level': '9', 'reservoir': '1', 'b:a': '319k', 'abr': 'True'}",436.8369140625,-2.591,-0.705,0.6724320100038312,1.9091480456374907
"{'ar': '48000', 'sample_fmt': 's32p', 'compression_level': '9', 'reservoir': '1', 'aq': '9'}",102.0546875,-3.349,-1.733,0.67230479902355,0.35297347379979865
"{'ar': '48000', 'sample_fmt': 's32p', 'compression_level': '9', 'reservoir': '1', 'aq': '9'}",102.0546875,-3.349,-1.733,0.6221521669940557,0.35668039973535065
"{'ar': '48000', 'sample_fmt': 's32p', 'compression_level': '9', 'reservoir': '1', 'aq': '9'}",102.0546875,-3.349,-1.733,0.6170099439914338,0.3570604762945151
"{'ar': '48000', 'sample_fmt': 's32p', 'compression_level': '9', 'reservoir': '1', 'aq': '9'}",102.0546875,-3.349,-1.733,0.6121314750052989,0.35742105803227625
"{'ar': '48000', 'sample_fmt': 's32p', 'compression_level': '9', 'reservoir': '1', 'aq': '9'}",102.0546875,-3.349,-1.733,0.6331755730207078,0.3558656279468175
"{'ar': '48000', 'sample_fmt': 's32p', 'compression_level': '9', 'reservoir': '1', 'aq': '9'}",102.0546875,-3.349,-1.733,0.62445686198771,0.3565100530695866
"{'ar': '48000', 'sample_fmt': 's32p', 'compression_level': '9', 'reservoir': '1', 'aq': '9'}",102.0546875,-3.349,-1.733,0.637932824989548,0.35551400570902786
"{'ar': '48000', 'sample_fmt': 's32p', 'compression_level': '9', 'reservoir': '1', 'aq': '9'}",102.0546875,-3.349,-1.733,0.6229647269938141,0.3566203410780996
"{'ar': '48000', 'sample_fmt': 's32p', 'compression_level': '9', 'reservoir': '1', 'aq': '9'}",102.0546875,-3.349,-1.733,0.6116582719841972,0.357456033834756
"{'ar': '32000', 'sample_fmt': 's32p', 'compression_level': '9', 'reservoir': '1', 'b:a': '319k', 'abr': 'True'}",439.109375,-3.173,-1.437,0.6001148049836047,0.32392775748858144
"{'ar': '48000', 'sample_fmt': 's32p', 'compression_level': '9', 'reservoir': '1', 'b:a': '319k', 'abr': 'True'}",437.234375,-3.314,-1.669,0.6272828000073787,-0.0767960221783454
"{'ar': '48000', 'sample_fmt': 's32p', 'compression_level': '9', 'reservoir': '1', 'aq': '9'}",102.0546875,-3.349,-1.733,0.611291415989399,0.3574831492212611
"{'ar': '48000', 'sample_fmt': 's32p', 'compression_level': '8', 'reservoir': '1', 'aq': '9'}",102.0546875,-3.349,-1.733,0.6145028450118843,0.35724578322366735
"{'ar': '48000', 'sample_fmt': 's32p', 'compression_level': '9', 'reservoir': '1', 'aq': '9'}",102.0546875,-3.349,-1.733,0.6425676479702815,0.35517143255147415
"{'ar': '44100', 'sample_fmt': 's32p', 'compression_level': '9', 'reservoir': '1', 'aq': '9'}",97.1474609375,-3.314,-1.668,0.6429762240150012,0.46502414211069537
"{'ar': '48000', 'sample_fmt': 's32p', 'compression_level': '9', 'reservoir': '1', 'aq': '9'}",102.0546875,-3.349,-1.733,0.6219262660306413,0.35669709672823535
"{'ar': '48000', 'sample_fmt': 's32p', 'compression_level': '9', 'reservoir': '1', 'aq': '9'}",102.0546875,-3.349,-1.733,0.6191122189920861,0.3569050910752708
"{'ar': '48000', 'sample_fmt': 's32p', 'compression_level': '9', 'reservoir': '1', 'aq': '9'}",102.0546875,-3.349,-1.733,0.6273859119974077,0.35629355852068456
"{'ar': '48000', 'sample_fmt': 's32p', 'compression_level': '9', 'reservoir': '1', 'b:a': '319k', 'abr': 'True'}",437.234375,-3.314,-1.669,0.6210483250033576,-0.07633521411799545
"{'ar': '48000', 'sample_fmt': 's32p', 'compression_level': '9', 'reservoir': '1', 'aq': '9'}",102.0546875,-3.349,-1.733,0.6199915509787388,0.3568400971075491
"{'ar': '44100', 'sample_fmt': 's32p', 'compression_level': '9', 'reservoir': '1', 'aq': '9'}",97.1474609375,-3.314,-1.668,0.6235650930029806,0.4664588748869241
"{'ar': '48000', 'sample_fmt': 's32p', 'compression_level': '9', 'reservoir': '1', 'aq': '9'}",102.0546875,-3.349,-1.733,0.6331619549891911,0.35586663449487244
"{'ar': '48000', 'sample_fmt': 's32p', 'compression_level': '9', 'reservoir': '1', 'aq': '9'}",102.0546875,-3.349,-1.733,0.6886854709882755,0.3517627310074343
"{'ar': '48000', 'sample_fmt': 's32p', 'compression_level': '9', 'reservoir': '1', 'aq': '9'}",102.0546875,-3.349,-1.733,0.6919101180101279,0.35152438802931757
"{'ar': '48000', 'sample_fmt': 's32p', 'compression_level': '9', 'reservoir': '1', 'aq': '9'}",102.0546875,-3.349,-1.733,0.6060082280018833,0.35787364490973866
"{'ar': '48000', 'sample_fmt': 's32p', 'compression_level': '9', 'reservoir': '1', 'aq': '9'}",102.0546875,-3.349,-1.733,0.7212103030178696,0.3493587267005603
"{'ar': '44100', 'sample_fmt': 's32p', 'compression_level': '9', 'reservoir': '1', 'aq': '9'}",97.1474609375,-3.314,-1.668,0.8590095580148045,0.44905649422580113
"{'ar': '48000', 'sample_fmt': 's32p', 'compression_level': '9', 'reservoir': '1', 'b:a': '319k', 'abr': 'True'}",437.234375,-3.314,-1.669,0.9104149620106909,-0.09772313830460874
"{'ar': '48000', 'sample_fmt': 's32p', 'compression_level': '9', 'reservoir': '1', 'aq': '9'}",102.0546875,-3.349,-1.733,0.6963397990039084,0.351196977508721
"{'ar': '48000', 'sample_fmt': 's32p', 'compression_level': '9', 'reservoir': '1', 'aq': '9'}",102.0546875,-3.349,-1.733,0.7817010069848038,0.3448876839990934
"{'ar': '48000', 'sample_fmt': 's32p', 'compression_level': '9', 'reservoir': '1', 'aq': '9'}",102.0546875,-3.349,-1.733,0.6413220720132813,0.3552634966692056
"{'ar': '48000', 'sample_fmt': 's32p', 'compression_level': '9', 'reservoir': '1', 'aq': '9'}",102.0546875,-3.349,-1.733,0.6703985650092363,0.3531143690633361
"{'ar': '48000', 'sample_fmt': 's32p', 'compression_level': '9', 'reservoir': '1', 'b:a': '319k', 'abr': 'True'}",437.234375,-3.314,-1.669,0.6546342749788892,-0.07881764871806253
"{'ar': '48000', 'sample_fmt': 's32p', 'compression_level': '9', 'reservoir': '1', 'aq': '9'}",102.0546875,-3.349,-1.733,0.6433352090243716,0.35511469989630956
"{'ar': '48000', 'sample_fmt': 's32p', 'compression_level': '9', 'reservoir': '1', 'aq': '9'}",102.0546875,-3.349,-1.733,0.7443349619861692,0.3476495163438641
"{'ar': '32000', 'sample_fmt': 's32p', 'compression_level': '9', 'reservoir': '1', 'aq': '9'}",81.7109375,-3.518,-2.09,0.6071923919953406,-0.11613022450718853
"{'ar': '48000', 'sample_fmt': 's32p', 'compression_level': '9', 'reservoir': '1', 'aq': '9'}",102.0546875,-3.349,-1.733,0.6741664719593246,0.35283587217432305
"{'ar': '48000', 'sample_fmt': 's32p', 'compression_level': '9', 'reservoir': '1', 'aq': '9'}",102.0546875,-3.349,-1.733,0.6100892419926822,0.35757200537470996
"{'ar': '44100', 'sample_fmt': 'fltp', 'compression_level': '9', 'reservoir': '1', 'aq': '9'}",97.1474609375,-3.314,-1.668,0.6060358279792126,0.46775451351082636
"{'ar': '48000', 'sample_fmt': 's32p', 'compression_level': '9', 'reservoir': '1', 'b:a': '320k', 'abr': 'True'}",438.171875,-3.313,-1.667,0.6454303649661597,-0.07667244205220816
"{'ar': '44100', 'sample_fmt': 's32p', 'compression_level': '9', 'reservoir': '1', 'aq': '9'}",97.1474609375,-3.314,-1.668,0.6091066489752848,0.467527540258713
"{'ar': '48000', 'sample_fmt': 's32p', 'compression_level': '9', 'reservoir': '1', 'aq': '9'}",102.0546875,-3.349,-1.733,0.6212428759899922,0.3567476080606075
"{'ar': '48000', 'sample_fmt': 's32p', 'compression_level': '9', 'reservoir': '1', 'aq': '9'}",102.0546875,-3.349,-1.733,0.6237380689708516,0.3565631811382176
"{'ar': '48000', 'sample_fmt': 's32p', 'compression_level': '9', 'reservoir': '1', 'b:a': '249k', 'abr': 'True'}",341.421875,-3.451,-1.937,0.7034912400122266,-0.33328853012306225
"{'ar': '48000', 'sample_fmt': 's32p', 'compression_level': '9', 'reservoir': '1', 'aq': '9'}",102.0546875,-3.349,-1.733,0.7747211979876738,0.3454035818483118
"{'ar': '44100', 'sample_fmt': 's32p', 'compression_level': '9', 'reservoir': '1', 'aq': '9'}",97.1474609375,-3.314,-1.668,0.603816718008602,0.4679185343402628
"{'ar': '48000', 'sample_fmt': 's32p', 'compression_level': '9', 'reservoir': '1', 'b:a': '319k', 'abr': 'True'}",437.234375,-3.314,-1.669,0.6297029249835759,-0.0769749006076224
"{'ar': '48000', 'sample_fmt': 's32p', 'compression_level': '9', 'reservoir': '1', 'b:a': '297k', 'abr': 'True'}",408.359375,-3.357,-1.748,0.6226501539931633,-0.15548733565419584
"{'ar': '48000', 'sample_fmt': 's32p', 'compression_level': '9', 'reservoir': '1', 'b:a': '319k', 'abr': 'True'}",437.234375,-3.314,-1.669,0.6181041259842459,-0.07611759986203868
"{'ar': '48000', 'sample_fmt': 's32p', 'compression_level': '9', 'reservoir': '1', 'b:a': '319k', 'abr': 'True'}",437.234375,-3.314,-1.669,0.6372258279880043,-0.0775309401040412
"{'ar': '48000', 'sample_fmt': 's32p', 'compression_level': '9', 'reservoir': '1', 'aq': '9'}",102.0546875,-3.349,-1.733,0.5991305339848623,0.3583819951457441
"{'ar': '44100', 'sample_fmt': 's32p', 'compression_level': '8', 'reservoir': '1', 'aq': '9'}",97.1474609375,-3.314,-1.668,0.6146902720211074,0.46711483854705144
"{'ar': '48000', 'sample_fmt': 's32p', 'compression_level': '9', 'reservoir': '1', 'aq': '9'}",102.0546875,-3.349,-1.733,0.6027921889908612,0.35811135164490454
"{'ar': '44100', 'sample_fmt': 's32p', 'compression_level': '9', 'reservoir': '1', 'aq': '9'}",97.1474609375,-3.314,-1.668,0.5948894470056985,0.4685783747329844
"{'ar': '48000', 'sample_fmt': 's32p', 'compression_level': '9', 'reservoir': '1', 'b:a': '319k', 'abr': 'True'}",437.234375,-3.314,-1.669,0.6165865430084523,-0.0760054309196587
"{'ar': '48000', 'sample_fmt': 's32p', 'compression_level': '9', 'reservoir': '1', 'aq': '9'}",102.0546875,-3.349,-1.733,0.6030624430277385,0.35809137638821414
"{'ar': '48000', 'sample_fmt': 's32p', 'compression_level': '9', 'reservoir': '1', 'aq': '9'}",102.0546875,-3.349,-1.733,0.607952561986167,0.3577299335673414
"{'ar': '44100', 'sample_fmt': 'fltp', 'compression_level': '9', 'reservoir': '1', 'aq': '9'}",97.1474609375,-3.314,-1.668,0.6122056880267337,0.46729848132859847
"{'ar': '48000', 'sample_fmt': 's32p', 'compression_level': '9', 'reservoir': '1', 'aq': '9'}",102.0546875,-3.349,-1.733,0.6113806690264028,0.35747655227142405
"{'ar': '48000', 'sample_fmt': 's32p', 'compression_level': '9', 'reservoir': '1', 'aq': '9'}",102.0546875,-3.349,-1.733,0.5971752059995197,0.3585265190865238
"{'ar': '48000', 'sample_fmt': 's32p', 'compression_level': '9', 'reservoir': '1', 'aq': '9'}",102.0546875,-3.349,-1.733,0.6127293690224178,0.3573768659580205
"{'ar': '48000', 'sample_fmt': 's32p', 'compression_level': '8', 'reservoir': '1', 'b:a': '293k', 'abr': 'True'}",403.390625,-3.368,-1.768,0.6237297360203229,-0.17957715654079648
"{'ar': '48000', 'sample_fmt': 's32p', 'compression_level': '9', 'reservoir': '1', 'aq': '9'}",102.0546875,-3.349,-1.733,0.6200050550105516,0.35683909898554167
"{'ar': '48000', 'sample_fmt': 's32p', 'compression_level': '9', 'reservoir': '1', 'aq': '9'}",102.0546875,-3.349,-1.733,0.6206073069770355,0.3567945848026572
"{'ar': '44100', 'sample_fmt': 's32p', 'compression_level': '9', 'reservoir': '1', 'aq': '9'}",97.1474609375,-3.314,-1.668,0.6144128370215185,0.4671353445694433
"{'ar': '48000', 'sample_fmt': 's32p', 'compression_level': '8', 'reservoir': '1', 'aq': '9'}",102.0546875,-3.349,-1.733,0.6357424500165507,0.35567590265176885
"{'ar': '48000', 'sample_fmt': 's32p', 'compression_level': '9', 'reservoir': '1', 'aq': '9'}",102.0546875,-3.349,-1.733,0.6682051350071561,0.35327649181210324
"{'ar': '48000', 'sample_fmt': 's32p', 'compression_level': '9', 'reservoir': '1', 'aq': '9'}",102.0546875,-3.349,-1.733,0.6488134319661185,0.3547097886108649
"{'ar': '48000', 'sample_fmt': 's32p', 'compression_level': '9', 'reservoir': '1', 'aq': '9'}",102.0546875,-3.349,-1.733,0.6114431560272351,0.35747193367665353
"{'ar': '48000', 'sample_fmt': 's32p', 'compression_level': '9', 'reservoir': '1', 'aq': '9'}",102.0546875,-3.349,-1.733,0.6893569859967101,0.3517130973930028
"{'ar': '48000', 'sample_fmt': 's32p', 'compression_level': '9', 'reservoir': '1', 'b:a': '319k', 'abr': 'True'}",437.234375,-3.314,-1.669,0.6630996039893944,-0.07944334564347151
"{'ar': '48000', 'sample_fmt': 's32p', 'compression_level': '9', 'reservoir': '1', 'b:a': '290k', 'abr': 'True'}",399.546875,-3.373,-1.778,0.6132723070040811,-0.1874751551840081
"{'ar': '48000', 'sample_fmt': 's32p', 'compression_level': '9', 'reservoir': '1', 'aq': '9'}",102.0546875,-3.349,-1.733,0.6277762560057454,0.35626470706723656
"{'ar': '48000', 'sample_fmt': 's32p', 'compression_level': '9', 'reservoir': '1', 'aq': '9'}",102.0546875,-3.349,-1.733,0.6048791999928653,0.35795709463190145
"{'ar': '48000', 'sample_fmt': 's32p', 'compression_level': '9', 'reservoir': '1', 'b:a': '319k', 'abr': 'True'}",437.234375,-3.314,-1.669,0.6182527219934855,-0.07612858302240892
"{'ar': '48000', 'sample_fmt': 's32p', 'compression_level': '9', 'reservoir': '1', 'aq': '9'}",102.0546875,-3.349,-1.733,0.6589815169863869,0.3539582360691286
"{'ar': '48000', 'sample_fmt': 's32p', 'compression_level': '9', 'reservoir': '1', 'aq': '9'}",102.0546875,-3.349,-1.733,0.6004081839928403,0.35828756034223574
"{'ar': '48000', 'sample_fmt': 's32p', 'compression_level': '8', 'reservoir': '1', 'aq': '9'}",102.0546875,-3.349,-1.733,0.6185162139881868,0.3569491435271017
"{'ar': '48000', 'sample_fmt': 's32p', 'compression_level': '9', 'reservoir': '1', 'aq': '9'}",102.0546875,-3.349,-1.733,0.6068627829954494,0.3578104822811623
"{'ar': '48000', 'sample_fmt': 's32p', 'compression_level': '9', 'reservoir': '1', 'aq': '9'}",102.0546875,-3.349,-1.733,0.6106575640151277,0.35752999905202065
"{'ar': '48000', 'sample_fmt': 's32p', 'compression_level': '9', 'reservoir': '1', 'aq': '9'}",102.0546875,-3.349,-1.733,0.618739010009449,0.3569326760294623
"{'ar': '44100', 'sample_fmt': 's32p', 'compression_level': '9', 'reservoir': '1', 'b:a': '319k', 'abr': 'True'}",436.8369140625,-2.591,-0.705,0.6381109990179539,1.9116848107205895
"{'ar': '48000', 'sample_fmt': 's32p', 'compression_level': '9', 'reservoir': '1', 'aq': '9'}",102.0546875,-3.349,-1.733,0.6094212079769932,0.3576213816989103
"{'ar': '48000', 'sample_fmt': 's32p', 'compression_level': '8', 'reservoir': '1', 'aq': '9'}",102.0546875,-3.349,-1.733,0.6304832879977766,0.35606462251148024
"{'ar': '48000', 'sample_fmt': 's32p', 'compression_level': '9', 'reservoir': '1', 'aq': '9'}",102.0546875,-3.349,-1.733,0.612842466973234,0.35736850656171015
"{'ar': '48000', 'sample_fmt': 's32p', 'compression_level': '9', 'reservoir': '1', 'b:a': '319k', 'abr': 'True'}",437.234375,-3.314,-1.669,0.668493655975908,-0.07984203561042606
"{'ar': '44100', 'sample_fmt': 's32p', 'compression_level': '9', 'reservoir': '1', 'aq': '9'}",97.1474609375,-3.314,-1.668,0.6160644150222652,0.4670132716676272
"{'ar': '44100', 'sample_fmt': 's32p', 'compression_level': '9', 'reservoir': '1', 'b:a': '319k', 'abr': 'True'}",436.8369140625,-2.591,-0.705,0.6468952239956707,1.9110355432728816
"{'ar': '48000', 'sample_fmt': 's32p', 'compression_level': '9', 'reservoir': '1', 'aq': '9'}",102.0546875,-3.349,-1.733,0.6374175359960645,0.3555520922073222
"{'ar': '48000', 'sample_fmt': 's32p', 'compression_level': '9', 'reservoir': '1', 'aq': '9'}",102.0546875,-3.349,-1.733,0.6772764939814806,0.35260600146111126
"{'ar': '48000', 'sample_fmt': 's32p', 'compression_level': '9', 'reservoir': '1', 'aq': '9'}",102.0546875,-3.349,-1.733,0.6175952409976162,0.35701721530173325
"{'ar': '48000', 'sample_fmt': 's32p', 'compression_level': '9', 'reservoir': '1', 'aq': '9'}",102.0546875,-3.349,-1.733,0.6203616120037623,0.35681274482799996
"{'ar': '48000', 'sample_fmt': 's32p', 'compression_level': '9', 'reservoir': '1', 'b:a': '319k', 'abr': 'True'}",437.234375,-3.314,-1.669,0.6282731679966673,-0.07686922313782996
"{'ar': '44100', 'sample_fmt': 's32p', 'compression_level': '8', 'reservoir': '1', 'b:a': '319k', 'abr': 'True'}",436.8369140625,-2.591,-0.705,0.630499064020114,1.9122474308288748
"{'ar': '44100', 'sample_fmt': 's32p', 'compression_level': '9', 'reservoir': '1', 'aq': '9'}",97.1474609375,-3.314,-1.668,0.6076108109846245,0.46763810196641564
"{'ar': '48000', 'sample_fmt': 's32p', 'compression_level': '9', 'reservoir': '1', 'aq': '9'}",102.0546875,-3.349,-1.733,0.6284366350446362,0.3562158965444883
"{'ar': '48000', 'sample_fmt': 's32p', 'compression_level': '9', 'reservoir': '1', 'b:a': '272k', 'abr': 'True'}",374.890625,-3.408,-1.847,0.6339979159820359,-0.25297839383234955
"{'ar': '44100', 'sample_fmt': 's32p', 'compression_level': '9', 'reservoir': '1', 'aq': '9'}",97.1474609375,-3.314,-1.668,0.6070516009931453,0.4676794347925695
"{'ar': '48000', 'sample_fmt': 's32p', 'compression_level': '9', 'reservoir': '1', 'aq': '9'}",102.0546875,-3.349,-1.733,0.6101592069899198,0.3575668340596195
"{'ar': '48000', 'sample_fmt': 's32p', 'compression_level': '9', 'reservoir': '1', 'aq': '9'}",102.0546875,-3.349,-1.733,0.6069388210016768,0.3578048620924311
"{'ar': '44100', 'sample_fmt': 's32p', 'compression_level': '9', 'reservoir': '1', 'b:a': '319k', 'abr': 'True'}",436.8369140625,-2.591,-0.705,0.6311140609905124,1.9122019746259278
"{'ar': '48000', 'sample_fmt': 's32p', 'compression_level': '9', 'reservoir': '1', 'aq': '9'}",102.0546875,-3.349,-1.733,0.6198854009853676,0.3568479429602504
"{'ar': '48000', 'sample_fmt': 's32p', 'compression_level': '9', 'reservoir': '1', 'aq': '9'}",102.0546875,-3.349,-1.733,0.6244986320089083,0.35650696572663687
"{'ar': '48000', 'sample_fmt': 's32p', 'compression_level': '8', 'reservoir': '1', 'aq': '9'}",102.0546875,-3.349,-1.733,0.6471315399685409,0.3548341021077707
"{'ar': '44100', 'sample_fmt': 's32p', 'compression_level': '9', 'reservoir': '1', 'aq': '9'}",97.1474609375,-3.314,-1.668,0.6205531939922366,0.46668149304486295
"{'ar': '48000', 'sample_fmt': 's32p', 'compression_level': '9', 'reservoir': '1', 'b:a': '312k', 'abr': 'True'}",428.046875,-3.331,-1.699,0.6349711620132439,-0.11177681813260028
"{'ar': '44100', 'sample_fmt': 's32p', 'compression_level': '9', 'reservoir': '1', 'aq': '9'}",97.1474609375,-3.314,-1.668,0.6109751230105758,0.46738943594432225
"{'ar': '48000', 'sample_fmt': 's32p', 'compression_level': '9', 'reservoir': '1', 'aq': '9'}",102.0546875,-3.349,-1.733,0.6211089110001922,0.35675750980005866
"{'ar': '48000', 'sample_fmt': 's32p', 'compression_level': '9', 'reservoir': '1', 'aq': '9'}",102.0546875,-3.349,-1.733,0.6212327510002069,0.35674835642785596
"{'ar': '48000', 'sample_fmt': 's32p', 'compression_level': '9', 'reservoir': '1', 'aq': '9'}",102.0546875,-3.349,-1.733,0.6521721809695009,0.35446153376784234
"{'ar': '48000', 'sample_fmt': 's32p', 'compression_level': '9', 'reservoir': '1', 'aq': '9'}",102.0546875,-3.349,-1.733,0.6212865469860844,0.356744380211111
"{'ar': '48000', 'sample_fmt': 's32p', 'compression_level': '8', 'reservoir': '1', 'aq': '9'}",102.0546875,-3.349,-1.733,0.6849728710076306,0.3520371399985415
"{'ar': '48000', 'sample_fmt': 's32p', 'compression_level': '9', 'reservoir': '1', 'aq': '9'}",102.0546875,-3.349,-1.733,0.6904308990051504,0.3516337213797724
"{'ar': '48000', 'sample_fmt': 's32p', 'compression_level': '9', 'reservoir': '1', 'aq': '9'}",102.0546875,-3.349,-1.733,0.6206524220178835,0.35679125021964064
"{'ar': '48000', 'sample_fmt': 's32p', 'compression_level': '9', 'reservoir': '1', 'aq': '9'}",102.0546875,-3.349,-1.733,0.6207971959956922,0.35678054955665617
"{'ar': '48000', 'sample_fmt': 's32p', 'compression_level': '9', 'reservoir': '1', 'b:a': '319k', 'abr': 'True'}",437.234375,-3.314,-1.669,0.6307487830054015,-0.07705220299573495
"{'ar': '48000', 'sample_fmt': 's32p', 'compression_level': '9', 'reservoir': '1', 'b:a': '305k', 'abr': 'True'}",419.046875,-3.337,-1.711,0.6424679470073897,-0.1157350736294937
"{'ar': '48000', 'sample_fmt': 's32p', 'compression_level': '9', 'reservoir': '1', 'b:a': '319k', 'abr': 'True'}",437.234375,-3.314,-1.669,0.6425808499916457,-0.07792674525219524
"{'ar': '48000', 'sample_fmt': 's32p', 'compression_level': '9', 'reservoir': '1', 'b:a': '319k', 'abr': 'True'}",437.234375,-3.314,-1.669,0.6277808800223283,-0.0768328367113157
"{'ar': '48000', 'sample_fmt': 's32p', 'compression_level': '9', 'reservoir': '1', 'aq': '9'}",102.0546875,-3.349,-1.733,0.6369760420056991,0.35558472430372573
"{'ar': '48000', 'sample_fmt': 's32p', 'compression_level': '9', 'reservoir': '1', 'aq': '9'}",102.0546875,-3.349,-1.733,0.618308295001043,0.35696451142016633
"{'ar': '48000', 'sample_fmt': 's32p', 'compression_level': '9', 'reservoir': '1', 'aq': '9'}",102.0546875,-3.349,-1.733,0.621842901018681,0.35670325847712964
"{'ar': '48000', 'sample_fmt': 's32p', 'compression_level': '9', 'reservoir': '1', 'b:a': '319k', 'abr': 'True'}",437.234375,-3.314,-1.669,0.6374332559935283,-0.0775462717072357
"{'ar': '48000', 'sample_fmt': 'fltp', 'compression_level': '9', 'reservoir': '1', 'aq': '9'}",102.0546875,-3.349,-1.733,0.6713424579938874,0.35304460320572106
"{'ar': '48000', 'sample_fmt': 's32p', 'compression_level': '9', 'reservoir': '1', 'b:a': '319k', 'abr': 'True'}",437.234375,-3.314,-1.669,0.6913771980034653,-0.08153342431739082
"{'ar': '48000', 'sample_fmt': 's32p', 'compression_level': '9', 'reservoir': '1', 'b:a': '320k', 'abr': 'True'}",438.171875,-3.313,-1.667,1.3119097239978146,-0.12593385708724691
"{'ar': '48000', 'sample_fmt': 's32p', 'compression_level': '9', 'reservoir': '1', 'aq': '9'}",102.0546875,-3.349,-1.733,1.0588416630052961,0.3244034173908308
"{'ar': '44100', 'sample_fmt': 's32p', 'compression_level': '9', 'reservoir': '1', 'aq': '9'}",97.1474609375,-3.314,-1.668,0.6200676700100303,0.466717379525176
"{'ar': '44100', 'sample_fmt': 's32p', 'compression_level': '9', 'reservoir': '1', 'b:a': '319k', 'abr': 'True'}",436.8369140625,-2.591,-0.705,0.79411944700405,1.900153775586386
"{'ar': '48000', 'sample_fmt': 's32p', 'compression_level': '9', 'reservoir': '1', 'aq': '9'}",102.0546875,-3.349,-1.733,0.63237996402313,0.3559244337065221
"{'ar': '48000', 'sample_fmt': 's32p', 'compression_level': '9', 'reservoir': '1', 'b:a': '319k', 'abr': 'True'}",437.234375,-3.314,-1.669,0.6429208450135775,-0.07795187526658844
"{'ar': '44100', 'sample_fmt': 's32p', 'compression_level': '9', 'reservoir': '1', 'aq': '9'}",97.1474609375,-3.314,-1.668,0.6679181899817195,0.4631806093431367
"{'ar': '44100', 'sample_fmt': 's32p', 'compression_level': '9', 'reservoir': '1', 'aq': '9'}",97.1474609375,-3.314,-1.668,0.693569191993447,0.4612846696729266
"{'ar': '48000', 'sample_fmt': 's32p', 'compression_level': '9', 'reservoir': '1', 'b:a': '319k', 'abr': 'True'}",437.234375,-3.314,-1.669,0.6385753700160421,-0.0776306886544644
"{'ar': '48000', 'sample_fmt': 's32p', 'compression_level': '9', 'reservoir': '1', 'aq': '9'}",102.0546875,-3.349,-1.733,0.6126440500083845,0.35738317213285353
"{'ar': '48000', 'sample_fmt': 's32p', 'compression_level': '9', 'reservoir': '1', 'aq': '9'}",102.0546875,-3.349,-1.733,0.6151302109938115,0.35719941279134143
"{'ar': '48000', 'sample_fmt': 's32p', 'compression_level': '9', 'reservoir': '1', 'b:a': '319k', 'abr': 'True'}",437.234375,-3.314,-1.669,0.6290956909942906,-0.07693001818903852
"{'ar': '48000', 'sample_fmt': 's32p', 'compression_level': '9', 'reservoir': '1', 'aq': '9'}",102.0546875,-3.349,-1.733,0.6173210280248895,0.35703748317481054
"{'ar': '48000', 'sample_fmt': 's32p', 'compression_level': '9', 'reservoir': '1', 'b:a': '314k', 'abr': 'True'}",430.484375,-3.325,-1.689,0.659993541019503,-0.10038151583323551
"{'ar': '48000', 'sample_fmt': 's32p', 'compression_level': '9', 'reservoir': '1', 'aq': '9'}",102.0546875,-3.349,-1.733,0.6141832709836308,0.35726940386341693
"{'ar': '48000', 'sample_fmt': 's32p', 'compression_level': '9', 'reservoir': '1', 'aq': '9'}",102.0546875,-3.349,-1.733,0.6274502039887011,0.35628880651385403
"{'ar': '48000', 'sample_fmt': 's32p', 'compression_level': '9', 'reservoir': '1', 'b:a': '319k', 'abr': 'True'}",437.234375,-3.314,-1.669,0.6491137069824617,-0.078409607587282
"{'ar': '48000', 'sample_fmt': 's32p', 'compression_level': '9', 'reservoir': '1', 'aq': '9'}",102.0546875,-3.349,-1.733,0.6218786870012991,0.35670061343176057
"{'ar': '48000', 'sample_fmt': 's32p', 'compression_level': '9', 'reservoir': '1', 'aq': '9'}",102.0546875,-3.349,-1.733,0.6007010419853032,0.3582659143618801
"{'ar': '44100', 'sample_fmt': 's32p', 'compression_level': '9', 'reservoir': '1', 'aq': '9'}",97.1474609375,-3.314,-1.668,0.5965903870237526,0.46845265334185116
"{'ar': '48000', 'sample_fmt': 's32p', 'compression_level': '9', 'reservoir': '1', 'aq': '9'}",102.0546875,-3.349,-1.733,0.6057042780157644,0.3578961107313927
"{'ar': '48000', 'sample_fmt': 's32p', 'compression_level': '9', 'reservoir': '1', 'aq': '9'}",102.0546875,-3.349,-1.733,0.5994625249586534,0.3583574567336745
"{'ar': '48000', 'sample_fmt': 's32p', 'compression_level': '9', 'reservoir': '1', 'aq': '9'}",102.0546875,-3.349,-1.733,0.600200726010371,0.3583028941611129
"{'ar': '48000', 'sample_fmt': 's32p', 'compression_level': '9', 'reservoir': '1', 'aq': '9'}",102.0546875,-3.349,-1.733,0.6102044660365209,0.3575634888327216
"{'ar': '48000', 'sample_fmt': 's32p', 'compression_level': '9', 'reservoir': '1', 'aq': '9'}",102.0546875,-3.349,-1.733,0.5997474050091114,0.35833640042606246
"{'ar': '48000', 'sample_fmt': 's32p', 'compression_level': '9', 'reservoir': '1', 'aq': '9'}",102.0546875,-3.349,-1.733,0.6117439990048297,0.35744969750297634
"{'ar': '48000', 'sample_fmt': 's32p', 'compression_level': '9', 'reservoir': '1', 'b:a': '319k', 'abr': 'True'}",437.234375,-3.314,-1.669,0.6137713519856334,-0.07579735201744109
"{'ar': '48000', 'sample_fmt': 's32p', 'compression_level': '9', 'reservoir': '1', 'aq': '9'}",102.0546875,-3.349,-1.733,0.6042602880042978,0.35800284020515266
"{'ar': '48000', 'sample_fmt': 's32p', 'compression_level': '9', 'reservoir': '1', 'b:a': '319k', 'abr': 'True'}",437.234375,-3.314,-1.669,0.6257909100095276,-0.07668575227819795
"{'ar': '48000', 'sample_fmt': 's32p', 'compression_level': '9', 'reservoir': '1', 'aq': '9'}",102.0546875,-3.349,-1.733,0.6308064009936061,0.35604074029641225
"{'ar': '48000', 'sample_fmt': 's32p', 'compression_level': '9', 'reservoir': '1', 'aq': '9'}",102.0546875,-3.349,-1.733,0.649896495975554,0.3546297362207116
"{'ar': '48000', 'sample_fmt': 's32p', 'compression_level': '9', 'reservoir': '1', 'b:a': '319k', 'abr': 'True'}",437.234375,-3.314,-1.669,0.6106875740224496,-0.07556942107845294
"{'ar': '48000', 'sample_fmt': 's32p', 'compression_level': '9', 'reservoir': '1', 'b:a': '315k', 'abr': 'True'}",431.609375,-3.324,-1.688,0.6052087050047703,-0.09548193675527206
"{'ar': '48000', 'sample_fmt': 's32p', 'compression_level': '9', 'reservoir': '1', 'aq': '9'}",102.0546875,-3.349,-1.733,0.621274409990292,0.35674527729153654
"{'ar': '48000', 'sample_fmt': 's32p', 'compression_level': '9', 'reservoir': '1', 'aq': '9'}",102.0546875,-3.349,-1.733,0.6054819370328914,0.35791254459583005
"{'ar': '44100', 'sample_fmt': 's32p', 'compression_level': '9', 'reservoir': '1', 'aq': '9'}",97.1474609375,-3.314,-1.668,0.6042221910029184,0.46788856465975004
"{'ar': '48000', 'sample_fmt': 's32p', 'compression_level': '9', 'reservoir': '1', 'aq': '9'}",102.0546875,-3.349,-1.733,0.5964098050317261,0.3585830920834692
"{'ar': '48000', 'sample_fmt': 's32p', 'compression_level': '9', 'reservoir': '1', 'b:a': '319k', 'abr': 'True'}",437.234375,-3.314,-1.669,0.6116790959786158,-0.07564270733096348
"{'ar': '48000', 'sample_fmt': 's32p', 'compression_level': '9', 'reservoir': '1', 'aq': '9'}",102.0546875,-3.349,-1.733,0.5970326010137796,0.35853705943303776
"{'ar': '48000', 'sample_fmt': 's32p', 'compression_level': '8', 'reservoir': '1', 'aq': '9'}",102.0546875,-3.349,-1.733,0.6002401759906206,0.35829997829909277
"{'ar': '48000', 'sample_fmt': 's32p', 'compression_level': '9', 'reservoir': '1', 'aq': '9'}",102.0546875,-3.349,-1.733,0.5978189620072953,0.358478937220033
"{'ar': '44100', 'sample_fmt': 's32p', 'compression_level': '9', 'reservoir': '1', 'aq': '9'}",97.1474609375,-3.314,-1.668,0.5911060060025193,0.46885801978874275
"{'ar': '48000', 'sample_fmt': 's32p', 'compression_level': '9', 'reservoir': '1', 'aq': '9'}",102.0546875,-3.349,-1.733,0.5997520859818906,0.35833605444183997
"{'ar': '48000', 'sample_fmt': 's32p', 'compression_level': '9', 'reservoir': '1', 'aq': '9'}",102.0546875,-3.349,-1.733,0.6243754550232552,0.35651607009353253
"{'ar': '48000', 'sample_fmt': 's32p', 'compression_level': '9', 'reservoir': '1', 'b:a': '319k', 'abr': 'True'}",437.234375,-3.314,-1.669,0.6445731970015913,-0.07807400537603966
"{'ar': '48000', 'sample_fmt': 's32p', 'compression_level': '9', 'reservoir': '1', 'aq': '9'}",102.0546875,-3.349,-1.733,0.6030504520167597,0.3580922626784803
"{'ar': '48000', 'sample_fmt': 's32p', 'compression_level': '9', 'reservoir': '1', 'b:a': '294k', 'abr': 'True'}",404.609375,-3.366,-1.765,0.6154471680056304,-0.17530343334915305
"{'ar': '48000', 'sample_fmt': 's32p', 'compression_level': '9', 'reservoir': '1', 'b:a': '277k', 'abr': 'True'}",382.015625,-3.401,-1.833,0.6937875900184736,-0.24804074913534116
"{'ar': '48000', 'sample_fmt': 'fltp', 'compression_level': '9', 'reservoir': '1', 'aq': '9'}",102.0546875,-3.349,-1.733,0.5909954629896674,0.3589832817470517
"{'ar': '48000', 'sample_fmt': 's32p', 'compression_level': '9', 'reservoir': '1', 'aq': '9'}",102.0546875,-3.349,-1.733,0.6396150189975742,0.3553896698896572
"{'ar': '48000', 'sample_fmt': 's32p', 'compression_level': '9', 'reservoir': '1', 'aq': '9'}",102.0546875,-3.349,-1.733,0.5960854190052487,0.3586070683919105
"{'ar': '32000', 'sample_fmt': 's32p', 'compression_level': '9', 'reservoir': '1', 'aq': '9'}",81.7109375,-3.518,-2.09,0.5793067140039057,-0.11406911347883593
"{'ar': '48000', 'sample_fmt': 's32p', 'compression_level': '9', 'reservoir': '1', 'aq': '9'}",102.0546875,-3.349,-1.733,0.6067174240015447,0.3578212261843767
"{'ar': '48000', 'sample_fmt': 's32p', 'compression_level': '9', 'reservoir': '1', 'aq': '9'}",102.0546875,-3.349,-1.733,0.6377062290266622,0.35553075407133156
"{'ar': '48000', 'sample_fmt': 's32p', 'compression_level': '9', 'reservoir': '1', 'aq': '9'}",102.0546875,-3.349,-1.733,0.6447050719871186,0.3550134493668902
"{'ar': '48000', 'sample_fmt': 's32p', 'compression_level': '9', 'reservoir': '1', 'aq': '9'}",102.0546875,-3.349,-1.733,0.59624429201358,0.35859532562884483
"{'ar': '44100', 'sample_fmt': 's32p', 'compression_level': '9', 'reservoir': '1', 'aq': '9'}",97.1474609375,-3.314,-1.668,0.5990102050127462,0.46827379760288534
"{'ar': '48000', 'sample_fmt': 's32p', 'compression_level': '9', 'reservoir': '1', 'aq': '9'}",102.0546875,-3.349,-1.733,0.6026527639769483,0.35812165695051307
"{'ar': '48000', 'sample_fmt': 's32p', 'compression_level': '9', 'reservoir': '1', 'aq': '9'}",102.0546875,-3.349,-1.733,0.6205658710096031,0.356797647454728
"{'ar': '48000', 'sample_fmt': 's32p', 'compression_level': '9', 'reservoir': '1', 'b:a': '319k', 'abr': 'True'}",437.234375,-3.314,-1.669,0.6180135160102509,-0.07611090261706809
"{'ar': '48000', 'sample_fmt': 's32p', 'compression_level': '8', 'reservoir': '1', 'aq': '9'}",102.0546875,-3.349,-1.733,0.5982403499947395,0.35844779121639614
"{'ar': '48000', 'sample_fmt': 's32p', 'compression_level': '9', 'reservoir': '1', 'aq': '9'}",102.0546875,-3.349,-1.733,0.5948553420312237,0.35869798693503013
"{'ar': '44100', 'sample_fmt': 's32p', 'compression_level': '9', 'reservoir': '1', 'aq': '9'}",97.1474609375,-3.314,-1.668,0.5913197170011699,0.4688422237913733
"{'ar': '48000', 'sample_fmt': 's32p', 'compression_level': '9', 'reservoir': '1', 'aq': '9'}",102.0546875,-3.349,-1.733,0.5954499639919959,0.3586540367079127
"{'ar': '44100', 'sample_fmt': 's32p', 'compression_level': '9', 'reservoir': '1', 'aq': '9'}",97.1474609375,-3.314,-1.668,0.5942901120288298,0.46862267331273855
"{'ar': '48000', 'sample_fmt': 's32p', 'compression_level': '9', 'reservoir': '1', 'aq': '9'}",102.0546875,-3.349,-1.733,0.5940128899819683,0.3587602550000244
"{'ar': '48000', 'sample_fmt': 's32p', 'compression_level': '9', 'reservoir': '1', 'aq': '9'}",102.0546875,-3.349,-1.733,0.6030816260026768,0.3580899585191125
"{'ar': '48000', 'sample_fmt': 's32p', 'compression_level': '9', 'reservoir': '1', 'aq': '9'}",102.0546875,-3.349,-1.733,0.6238228160073049,0.3565569172399
"{'ar': '44100', 'sample_fmt': 's32p', 'compression_level': '9', 'reservoir': '1', 'b:a': '319k', 'abr': 'True'}",436.8369140625,-2.591,-0.705,0.6153157730295788,1.9133696717339332
"{'ar': '48000', 'sample_fmt': 's32p', 'compression_level': '9', 'reservoir': '1', 'aq': '9'}",102.0546875,-3.349,-1.733,0.6066808349860366,0.3578239305842268
"{'ar': '48000', 'sample_fmt': 's32p', 'compression_level': '8', 'reservoir': '1', 'aq': '9'}",102.0546875,-3.349,-1.733,0.5953914370038547,0.35865836260670386
"{'ar': '48000', 'sample_fmt': 's32p', 'compression_level': '9', 'reservoir': '1', 'aq': '9'}",102.0546875,-3.349,-1.733,0.6357877190166619,0.3556725566891783
"{'ar': '48000', 'sample_fmt': 's32p', 'compression_level': '9', 'reservoir': '1', 'b:a': '320k', 'abr': 'True'}",438.171875,-3.313,-1.667,0.6049904789833818,-0.07368341323928035
"{'ar': '48000', 'sample_fmt': 's32p', 'compression_level': '9', 'reservoir': '1', 'aq': '9'}",102.0546875,-3.349,-1.733,0.6040931620227639,0.35801519296931245
"{'ar': '48000', 'sample_fmt': 's32p', 'compression_level': '9', 'reservoir': '1', 'aq': '9'}",102.0546875,-3.349,-1.733,0.6116536509944126,0.35745637538546204
"{'ar': '48000', 'sample_fmt': 's32p', 'compression_level': '9', 'reservoir': '1', 'aq': '9'}",102.0546875,-3.349,-1.733,0.6046354939753655,0.35797510764777646
"{'ar': '48000', 'sample_fmt': 's32p', 'compression_level': '9', 'reservoir': '1', 'aq': '9'}",102.0546875,-3.349,-1.733,0.6517723549914081,0.35449108606107055
"{'ar': '48000', 'sample_fmt': 's32p', 'compression_level': '9', 'reservoir': '1', 'b:a': '319k', 'abr': 'True'}",437.234375,-3.314,-1.669,0.6852437429770362,-0.08108008293545416
"{'ar': '48000', 'sample_fmt': 's32p', 'compression_level': '9', 'reservoir': '1', 'aq': '9'}",102.0546875,-3.349,-1.733,0.5981463649950456,0.35845473791926735
"{'ar': '48000', 'sample_fmt': 's32p', 'compression_level': '9', 'reservoir': '1', 'aq': '9'}",102.0546875,-3.349,-1.733,0.6222345729765948,0.35667430887109175
"{'ar': '44100', 'sample_fmt': 's32p', 'compression_level': '9', 'reservoir': '1', 'aq': '9'}",97.1474609375,-3.314,-1.668,0.6009350400127005,0.4681315274867568
"{'ar': '48000', 'sample_fmt': 's32p', 'compression_level': '9', 'reservoir': '1', 'aq': '9'}",102.0546875,-3.349,-1.733,0.6114755120070186,0.357469542152704
"{'ar': '48000', 'sample_fmt': 's32p', 'compression_level': '8', 'reservoir': '1', 'aq': '9'}",102.0546875,-3.349,-1.733,0.6022684350027703,0.3581500638154076
"{'ar': '48000', 'sample_fmt': 's32p', 'compression_level': '9', 'reservoir': '1', 'aq': '9'}",102.0546875,-3.349,-1.733,0.5947743259894196,0.3587039750647535
"{'ar': '44100', 'sample_fmt': 's32p', 'compression_level': '9', 'reservoir': '1', 'aq': '9'}",97.1474609375,-3.314,-1.668,0.5986478340055328,0.46830058149099996
"{'ar': '48000', 'sample_fmt': 's32p', 'compression_level': '9', 'reservoir': '1', 'aq': '9'}",102.0546875,-3.349,-1.733,0.5967540139972698,0.35855765060432865
"{'ar': '48000', 'sample_fmt': 's32p', 'compression_level': '9', 'reservoir': '1', 'aq': '9'}",102.0546875,-3.349,-1.733,0.5991040639928542,0.3583839516193312
"{'ar': '48000', 'sample_fmt': 's32p', 'compression_level': '9', 'reservoir': '1', 'aq': '9'}",102.0546875,-3.349,-1.733,0.6088835709961131,0.3576611200015215
"{'ar': '48000', 'sample_fmt': 's32p', 'compression_level': '9', 'reservoir': '1', 'aq': '9'}",102.0546875,-3.349,-1.733,0.6095346660003997,0.3576129956885945
"{'ar': '48000', 'sample_fmt': 's32p', 'compression_level': '9', 'reservoir': '1', 'aq': '9'}",102.0546875,-3.349,-1.733,0.6155686209967826,0.3571670086413566
"{'ar': '48000', 'sample_fmt': 's32p', 'compression_level': '9', 'reservoir': '1', 'aq': '9'}",102.0546875,-3.349,-1.733,1.0063983230211306,0.32827965616968385
"{'ar': '48000', 'sample_fmt': 's32p', 'compression_level': '9', 'reservoir': '1', 'aq': '9'}",102.0546875,-3.349,-1.733,0.9702056250243913,0.33095476304748067
"{'ar': '48000', 'sample_fmt': 's32p', 'compression_level': '9', 'reservoir': '1', 'aq': '9'}",102.0546875,-3.349,-1.733,0.777860458008945,0.3451715500701103
"{'ar': '48000', 'sample_fmt': 's32p', 'compression_level': '9', 'reservoir': '1', 'b:a': '313k', 'abr': 'True'}",429.359375,-3.328,-1.694,0.8948158880230039,-0.12450989682536605
"{'ar': '48000', 'sample_fmt': 's32p', 'compression_level': '9', 'reservoir': '1', 'aq': '9'}",102.0546875,-3.349,-1.733,0.6871050499903504,0.3518795444895833
"{'ar': '48000', 'sample_fmt': 's32p', 'compression_level': '9', 'reservoir': '1', 'aq': '9'}",102.0546875,-3.349,-1.733,0.6141407929826528,0.3572725435351977
"{'ar': '48000', 'sample_fmt': 's32p', 'compression_level': '9', 'reservoir': '1', 'aq': '9'}",102.0546875,-3.349,-1.733,0.6132749530079309,0.35733654026933614
"{'ar': '48000', 'sample_fmt': 's32p', 'compression_level': '9', 'reservoir': '1', 'aq': '9'}",102.0546875,-3.349,-1.733,0.7383367949805688,0.34809285819730373
"{'ar': '48000', 'sample_fmt': 's32p', 'compression_level': '9', 'reservoir': '1', 'aq': '9'}",102.0546875,-3.349,-1.733,0.6869199729990214,0.35189322406474155
"{'ar': '48000', 'sample_fmt': 's32p', 'compression_level': '9', 'reservoir': '1', 'b:a': '319k', 'abr': 'True'}",437.234375,-3.314,-1.669,0.6477679480158258,-0.07831013865385711
"{'ar': '48000', 'sample_fmt': 's32p', 'compression_level': '9', 'reservoir': '1', 'aq': '9'}",102.0546875,-3.349,-1.733,0.9305319050035905,0.33388716232053267
"{'ar': '44100', 'sample_fmt': 's32p', 'compression_level': '9', 'reservoir': '1', 'aq': '9'}",97.1474609375,-3.314,-1.668,0.6643105619878042,0.46344725955141697
"{'ar': '48000', 'sample_fmt': 's32p', 'compression_level': '9', 'reservoir': '1', 'aq': '9'}",102.0546875,-3.349,-1.733,0.640895974036539,0.35529499080175964
"{'ar': '48000', 'sample_fmt': 's32p', 'compression_level': '9', 'reservoir': '1', 'aq': '9'}",102.0546875,-3.349,-1.733,0.6369787370203994,0.35558452510740274
"{'ar': '44100', 'sample_fmt': 's32p', 'compression_level': '9', 'reservoir': '1', 'aq': '9'}",97.1474609375,-3.314,-1.668,0.6496350149682257,0.4645319716325954
"{'ar': '48000', 'sample_fmt': 's32p', 'compression_level': '8', 'reservoir': '1', 'aq': '9'}",102.0546875,-3.349,-1.733,0.61797591400682,0.3569890786597729
"{'ar': '48000', 'sample_fmt': 's32p', 'compression_level': '9', 'reservoir': '1', 'aq': '9'}",102.0546875,-3.349,-1.733,0.6050922549911775,0.3579413471214123
"{'ar': '48000', 'sample_fmt': 's32p', 'compression_level': '9', 'reservoir': '1', 'b:a': '319k', 'abr': 'True'}",437.234375,-3.314,-1.669,0.6238754979858641,-0.07654417864147214
"{'ar': '48000', 'sample_fmt': 's32p', 'compression_level': '9', 'reservoir': '1', 'aq': '9'}",102.0546875,-3.349,-1.733,0.6136935919639654,0.35730559745455337
"{'ar': '48000', 'sample_fmt': 's32p', 'compression_level': '9', 'reservoir': '1', 'b:a': '319k', 'abr': 'True'}",437.234375,-3.314,-1.669,0.6319105460133869,-0.0771380722562502
"{'ar': '48000', 'sample_fmt': 's32p', 'compression_level': '9', 'reservoir': '1', 'aq': '9'}",102.0546875,-3.349,-1.733,0.6110054219898302,0.35750428786407035
"{'ar': '48000', 'sample_fmt': 's32p', 'compression_level': '9', 'reservoir': '1', 'aq': '9'}",102.0546875,-3.349,-1.733,0.6325670660007745,0.3559106044587746
"{'ar': '48000', 'sample_fmt': 's32p', 'compression_level': '9', 'reservoir': '1', 'aq': '9'}",102.0546875,-3.349,-1.733,0.6433890070184134,0.35511072353113543
"{'ar': '44100', 'sample_fmt': 's32p', 'compression_level': '9', 'reservoir': '1', 'aq': '9'}",97.1474609375,-3.314,-1.668,0.605193412018707,0.4678167789083968
"{'ar': '44100', 'sample_fmt': 's32p', 'compression_level': '9', 'reservoir': '1', 'aq': '9'}",97.1474609375,-3.314,-1.668,0.6011247970163822,0.46811750199836394
"{'ar': '48000', 'sample_fmt': 's32p', 'compression_level': '9', 'reservoir': '1', 'aq': '9'}",102.0546875,-3.349,-1.733,0.613551729999017,0.3573160828822539
"{'ar': '48000', 'sample_fmt': 's32p', 'compression_level': '9', 'reservoir': '1', 'aq': '9'}",102.0546875,-3.349,-1.733,0.600845527020283,0.3582552350554949
"{'ar': '48000', 'sample_fmt': 's32p', 'compression_level': '9', 'reservoir': '1', 'aq': '9'}",102.0546875,-3.349,-1.733,0.6070953400048893,0.35779329332068505
"{'ar': '48000', 'sample_fmt': 's32p', 'compression_level': '9', 'reservoir': '1', 'aq': '9'}",102.0546875,-3.349,-1.733,0.6214624559797812,0.35673137826914614
"{'ar': '48000', 'sample_fmt': 's32p', 'compression_level': '9', 'reservoir': '1', 'b:a': '319k', 'abr': 'True'}",437.234375,-3.314,-1.669,0.6791637509886641,-0.08063069316112706
"{'ar': '48000', 'sample_fmt': 's32p', 'compression_level': '9', 'reservoir': '1', 'aq': '9'}",102.0546875,-3.349,-1.733,0.6731794270162936,0.3529088275178577
"{'ar': '48000', 'sample_fmt': 's32p', 'compression_level': '8', 'reservoir': '1', 'b:a': '301k', 'abr': 'True'}",413.328125,-3.345,-1.726,0.6192766650056001,-0.12826711082250622
"{'ar': '48000', 'sample_fmt': 's32p', 'compression_level': '9', 'reservoir': '1', 'aq': '9'}",102.0546875,-3.349,-1.733,0.6085453020059504,0.35768612243991976
"{'ar': '48000', 'sample_fmt': 's32p', 'compression_level': '8', 'reservoir': '1', 'aq': '9'}",102.0546875,-3.349,-1.733,0.6089350740076043,0.3576573132651384
"{'ar': '48000', 'sample_fmt': 's32p', 'compression_level': '9', 'reservoir': '1', 'aq': '9'}",102.0546875,-3.349,-1.733,0.6006817440211307,0.35826734073016825
"{'ar': '48000', 'sample_fmt': 's32p', 'compression_level': '9', 'reservoir': '1', 'aq': '9'}",102.0546875,-3.349,-1.733,0.6007634139969014,0.3582613042662961
"{'ar': '48000', 'sample_fmt': 's32p', 'compression_level': '9', 'reservoir': '1', 'aq': '9'}",102.0546875,-3.349,-1.733,0.6087824810238089,0.3576685918534462
"{'ar': '48000', 'sample_fmt': 's32p', 'compression_level': '9', 'reservoir': '1', 'aq': '9'}",102.0546875,-3.349,-1.733,0.6138943189871497,0.35729076114032426
"{'ar': '48000', 'sample_fmt': 's32p', 'compression_level': '9', 'reservoir': '1', 'aq': '9'}",102.0546875,-3.349,-1.733,0.6005663399701007,0.35827587057700816
"{'ar': '44100', 'sample_fmt': 's32p', 'compression_level': '9', 'reservoir': '1', 'aq': '9'}",97.1474609375,-3.314,-1.668,0.6073470870323945,0.4676575945656829
"{'ar': '48000', 'sample_fmt': 's32p', 'compression_level': '9', 'reservoir': '1', 'aq': '9'}",102.0546875,-3.349,-1.733,0.6137660529930145,0.35730024165054014
"{'ar': '48000', 'sample_fmt': 's32p', 'compression_level': '8', 'reservoir': '1', 'b:a': '319k', 'abr': 'True'}",437.234375,-3.314,-1.669,0.6070416819711681,-0.07529994266313926
"{'ar': '48000', 'sample_fmt': 's32p', 'compression_level': '9', 'reservoir': '1', 'aq': '9'}",102.0546875,-3.349,-1.733,0.6056235359865241,0.3579020786080558
"{'ar': '44100', 'sample_fmt': 's32p', 'compression_level': '9', 'reservoir': '1', 'aq': '9'}",97.1474609375,-3.314,-1.668,0.5995059220294934,0.46823715772593943
"{'ar': '48000', 'sample_fmt': 's32p', 'compression_level': '9', 'reservoir': '1', 'b:a': '319k', 'abr': 'True'}",437.234375,-3.314,-1.669,0.6638237760053016,-0.0794968712894633
"{'ar': '48000', 'sample_fmt': 's32p', 'compression_level': '9', 'reservoir': '1', 'aq': '9'}",102.0546875,-3.349,-1.733,0.6172365339880344,0.3570437283731968
"{'ar': '48000', 'sample_fmt': 's32p', 'compression_level': '9', 'reservoir': '1', 'aq': '9'}",102.0546875,-3.349,-1.733,0.6039880610478576,0.3580229612860281
"{'ar': '48000', 'sample_fmt': 's32p', 'compression_level': '9', 'reservoir': '1', 'aq': '9'}",102.0546875,-3.349,-1.733,0.6841276189952623,0.3520996150168991
"{'ar': '48000', 'sample_fmt': 's32p', 'compression_level': '8', 'reservoir': '1', 'b:a': '319k', 'abr': 'True'}",437.234375,-3.314,-1.669,0.6486482019827235,-0.07837520076780254
"{'ar': '48000', 'sample_fmt': 's32p', 'compression_level': '9', 'reservoir': '1', 'aq': '9'}",102.0546875,-3.349,-1.733,0.6064765600021929,0.35783902913847915
"{'ar': '48000', 'sample_fmt': 's32p', 'compression_level': '9', 'reservoir': '1', 'aq': '9'}",102.0546875,-3.349,-1.733,0.6663503060117364,0.3534135875821735
"{'ar': '44100', 'sample_fmt': 's32p', 'compression_level': '9', 'reservoir': '1', 'aq': '9'}",97.1474609375,-3.314,-1.668,0.7160677420033608,0.45962173683831453
"{'ar': '48000', 'sample_fmt': 'fltp', 'compression_level': '9', 'reservoir': '1', 'aq': '9'}",102.0546875,-3.349,-1.733,0.7491578519984614,0.34729304260863986
"{'ar': '48000', 'sample_fmt': 's32p', 'compression_level': '9', 'reservoir': '1', 'aq': '9'}",102.0546875,-3.349,-1.733,0.7168206210189965,0.3496831807798772
"{'ar': '48000', 'sample_fmt': 's32p', 'compression_level': '8', 'reservoir': '1', 'aq': '9'}",102.0546875,-3.349,-1.733,0.6060804800072219,0.3578683045552718
"{'ar': '48000', 'sample_fmt': 's32p', 'compression_level': '9', 'reservoir': '1', 'aq': '9'}",102.0546875,-3.349,-1.733,0.5969350850209594,0.3585442671218128
"{'ar': '48000', 'sample_fmt': 's32p', 'compression_level': '9', 'reservoir': '1', 'aq': '9'}",102.0546875,-3.349,-1.733,0.6027430290123448,0.3581149852009509
"{'ar': '48000', 'sample_fmt': 's32p', 'compression_level': '9', 'reservoir': '1', 'aq': '9'}",102.0546875,-3.349,-1.733,0.6473901949939318,0.35481498416753143
"{'ar': '44100', 'sample_fmt': 's32p', 'compression_level': '9', 'reservoir': '1', 'aq': '9'}",97.1474609375,-3.314,-1.668,0.6072231669677421,0.46766675385569434
"{'ar': '48000', 'sample_fmt': 's32p', 'compression_level': '9', 'reservoir': '1', 'aq': '9'}",102.0546875,-3.349,-1.733,0.6069006600009743,0.3578076826822488
"{'ar': '48000', 'sample_fmt': 's32p', 'compression_level': '8', 'reservoir': '1', 'aq': '9'}",102.0546875,-3.349,-1.733,0.607976831990527,0.3577281397011976
"{'ar': '48000', 'sample_fmt': 's32p', 'compression_level': '9', 'reservoir': '1', 'aq': '9'}",102.0546875,-3.349,-1.733,0.5963327970239334,0.3585887839678187
"{'ar': '48000', 'sample_fmt': 's32p', 'compression_level': '9', 'reservoir': '1', 'b:a': '319k', 'abr': 'True'}",437.234375,-3.314,-1.669,0.6107110040029511,-0.0755711528560063
"{'ar': '48000', 'sample_fmt': 's32p', 'compression_level': '9', 'reservoir': '1', 'aq': '9'}",102.0546875,-3.349,-1.733,0.5987853629922029,0.3584075077310883
"{'ar': '48000', 'sample_fmt': 's32p', 'compression_level': '9', 'reservoir': '1', 'aq': '9'}",102.0546875,-3.349,-1.733,0.6085866919893306,0.3576830631866631
"{'ar': '48000', 'sample_fmt': 's32p', 'compression_level': '9', 'reservoir': '1', 'aq': '9'}",102.0546875,-3.349,-1.733,0.6306021029886324,0.35605584055222284
"{'ar': '48000', 'sample_fmt': 's32p', 'compression_level': '9', 'reservoir': '1', 'aq': '9'}",102.0546875,-3.349,-1.733,0.632180704997154,0.3559391615168362
"{'ar': '44100', 'sample_fmt': 's32p', 'compression_level': '9', 'reservoir': '1', 'aq': '9'}",97.1474609375,-3.314,-1.668,0.6078111899842042,0.46762329137561665
"{'ar': '48000', 'sample_fmt': 's32p', 'compression_level': '9', 'reservoir': '1', 'aq': '9'}",102.0546875,-3.349,-1.733,0.6097516360168811,0.3575969588078011
"{'ar': '48000', 'sample_fmt': 's32p', 'compression_level': '9', 'reservoir': '1', 'aq': '9'}",102.0546875,-3.349,-1.733,0.6006731690140441,0.3582679745337171
"{'ar': '48000', 'sample_fmt': 's32p', 'compression_level': '9', 'reservoir': '1', 'aq': '9'}",102.0546875,-3.349,-1.733,0.6023817920067813,0.3581416852717272
"{'ar': '48000', 'sample_fmt': 's32p', 'compression_level': '9', 'reservoir': '1', 'aq': '9'}",102.0546875,-3.349,-1.733,0.6083597589749843,0.35769983646141407
"{'ar': '48000', 'sample_fmt': 's32p', 'compression_level': '9', 'reservoir': '1', 'aq': '9'}",102.0546875,-3.349,-1.733,0.6079087120306212,0.35773317464424814
"{'ar': '48000', 'sample_fmt': 's32p', 'compression_level': '9', 'reservoir': '1', 'aq': '9'}",102.0546875,-3.349,-1.733,0.6119215240178164,0.35743657611635676
"{'ar': '48000', 'sample_fmt': 's32p', 'compression_level': '9', 'reservoir': '1', 'b:a': '319k', 'abr': 'True'}",437.234375,-3.314,-1.669,0.6398229309997987,-0.07772289949125857
"{'ar': '48000', 'sample_fmt': 's32p', 'compression_level': '9', 'reservoir': '1', 'aq': '9'}",102.0546875,-3.349,-1.733,0.70181185202091,0.3507925222602405
"{'ar': '48000', 'sample_fmt': 's32p', 'compression_level': '9', 'reservoir': '1', 'aq': '9'}",102.0546875,-3.349,-1.733,0.6618206840066705,0.35374838503166633
"{'ar': '48000', 'sample_fmt': 's32p', 'compression_level': '9', 'reservoir': '1', 'aq': '9'}",102.0546875,-3.349,-1.733,0.6005884209880605,0.3582742385051737
"{'ar': '44100', 'sample_fmt': 's32p', 'compression_level': '9', 'reservoir': '1', 'b:a': '319k', 'abr': 'True'}",436.8369140625,-2.591,-0.705,0.6325320650066715,1.9120971658521604
"{'ar': '48000', 'sample_fmt': 's32p', 'compression_level': '9', 'reservoir': '1', 'aq': '9'}",102.0546875,-3.349,-1.733,0.6149736160004977,0.3572109871797355
"{'ar': '44100', 'sample_fmt': 's32p', 'compression_level': '9', 'reservoir': '1', 'aq': '9'}",97.1474609375,-3.314,-1.668,0.6081556009885389,0.4675978349632053
"{'ar': '48000', 'sample_fmt': 's32p', 'compression_level': '9', 'reservoir': '1', 'aq': '9'}",102.0546875,-3.349,-1.733,0.6122390109812841,0.3574131097375955
"{'ar': '48000', 'sample_fmt': 's32p', 'compression_level': '9', 'reservoir': '1', 'aq': '9'}",102.0546875,-3.349,-1.733,0.6175392640288919,0.3570213527212217
"{'ar': '44100', 'sample_fmt': 's32p', 'compression_level': '9', 'reservoir': '1', 'aq': '9'}",97.1474609375,-3.314,-1.668,0.6091289950127248,0.4675258885985231
"{'ar': '48000', 'sample_fmt': 's32p', 'compression_level': '9', 'reservoir': '1', 'aq': '9'}",102.0546875,-3.349,-1.733,0.6117114349908661,0.3574521044033332
"{'ar': '48000', 'sample_fmt': 's32p', 'compression_level': '9', 'reservoir': '1', 'aq': '9'}",102.0546875,-3.349,-1.733,0.636328141001286,0.35563261253889383
"{'ar': '44100', 'sample_fmt': 's32p', 'compression_level': '9', 'reservoir': '1', 'aq': '9'}",97.1474609375,-3.314,-1.668,0.6075258209893946,0.46764438382251833
"{'ar': '48000', 'sample_fmt': 's32p', 'compression_level': '9', 'reservoir': '1', 'aq': '9'}",102.0546875,-3.349,-1.733,0.6264214029943105,0.35636484816778724
"{'ar': '48000', 'sample_fmt': 's32p', 'compression_level': '9', 'reservoir': '1', 'aq': '9'}",102.0546875,-3.349,-1.733,0.761323860991979,0.3463938177335883
"{'ar': '48000', 'sample_fmt': 's32p', 'compression_level': '9', 'reservoir': '1', 'aq': '9'}",102.0546875,-3.349,-1.733,0.7753442119865213,0.34535753308362926
"{'ar': '48000', 'sample_fmt': 's32p', 'compression_level': '9', 'reservoir': '1', 'aq': '9'}",102.0546875,-3.349,-1.733,0.8222336090111639,0.3418918022755069
"{'ar': '48000', 'sample_fmt': 's32p', 'compression_level': '7', 'reservoir': '1', 'aq': '9'}",102.0546875,-3.349,-1.733,0.674746378994314,0.35279300956988496
"{'ar': '48000', 'sample_fmt': 's32p', 'compression_level': '9', 'reservoir': '1', 'aq': '9'}",102.0546875,-3.349,-1.733,0.6158126549853478,0.35714897138419255
"{'ar': '48000', 'sample_fmt': 's32p', 'compression_level': '9', 'reservoir': '1', 'aq': '9'}",102.0546875,-3.349,-1.733,0.6217373099934775,0.3567110630148787
"{'ar': '44100', 'sample_fmt': 's32p', 'compression_level': '9', 'reservoir': '1', 'aq': '9'}",97.1474609375,-3.314,-1.668,0.6173391530173831,0.4669190520994028
"{'ar': '48000', 'sample_fmt': 's32p', 'compression_level': '9', 'reservoir': '1', 'aq': '9'}",102.0546875,-3.349,-1.733,0.6273202410084195,0.35629841245321897
"{'ar': '48000', 'sample_fmt': 's32p', 'compression_level': '9', 'reservoir': '1', 'aq': '9'}",102.0546875,-3.349,-1.733,0.6326888730109204,0.35590160135072685
"{'ar': '48000', 'sample_fmt': 's32p', 'compression_level': '9', 'reservoir': '1', 'aq': '9'}",102.0546875,-3.349,-1.733,0.6828109759953804,0.35219693190509865
"{'ar': '48000', 'sample_fmt': 's32p', 'compression_level': '9', 'reservoir': '1', 'aq': '9'}",102.0546875,-3.349,-1.733,0.6452832409995608,0.3549707152247201
"{'ar': '48000', 'sample_fmt': 's32p', 'compression_level': '9', 'reservoir': '1', 'b:a': '319k', 'abr': 'True'}",437.234375,-3.314,-1.669,0.6465565550024621,-0.07822060109625209
"{'ar': '48000', 'sample_fmt': 's32p', 'compression_level': '9', 'reservoir': '1', 'aq': '9'}",102.0546875,-3.349,-1.733,0.6689883320068475,0.3532186034590235
"{'ar': '48000', 'sample_fmt': 's32p', 'compression_level': '9', 'reservoir': '1', 'aq': '9'}",102.0546875,-3.349,-1.733,0.6497474210045766,0.3546407547825277
"{'ar': '48000', 'sample_fmt': 's32p', 'compression_level': '9', 'reservoir': '1', 'aq': '9'}",102.0546875,-3.349,-1.733,0.6381116500124335,0.35550078823492065
"{'ar': '48000', 'sample_fmt': 's32p', 'compression_level': '9', 'reservoir': '1', 'b:a': '320k', 'abr': 'True'}",438.171875,-3.313,-1.667,0.6844335460045841,-0.07955527985173455
"{'ar': '48000', 'sample_fmt': 's32p', 'compression_level': '9', 'reservoir': '1', 'aq': '9'}",102.0546875,-3.349,-1.733,0.6362854169856291,0.35563577039433036
"{'ar': '48000', 'sample_fmt': 's32p', 'compression_level': '9', 'reservoir': '1', 'aq': '9'}",102.0546875,-3.349,-1.733,0.6170310570159927,0.35705891576986964
"{'ar': '48000', 'sample_fmt': 's32p', 'compression_level': '9', 'reservoir': '1', 'aq': '9'}",102.0546875,-3.349,-1.733,0.6490405359945726,0.35469300269596715
"{'ar': '48000', 'sample_fmt': 's32p', 'compression_level': '9', 'reservoir': '1', 'aq': '9'}",102.0546875,-3.349,-1.733,0.6137174519826658,0.3573038338916343
"{'ar': '48000', 'sample_fmt': 's32p', 'compression_level': '9', 'reservoir': '1', 'aq': '9'}",102.0546875,-3.349,-1.733,0.6051919559831731,0.3579339779330353
"{'ar': '48000', 'sample_fmt': 's32p', 'compression_level': '9', 'reservoir': '1', 'aq': '9'}",102.0546875,-3.349,-1.733,0.6096754199534189,0.357602592157257
"{'ar': '48000', 'sample_fmt': 's32p', 'compression_level': '7', 'reservoir': '1', 'b:a': '319k', 'abr': 'True'}",437.234375,-3.314,-1.669,0.6268728050054051,-0.07676571826318161
"{'ar': '44100', 'sample_fmt': 's32p', 'compression_level': '9', 'reservoir': '1', 'aq': '9'}",97.1474609375,-3.314,-1.668,0.6084440950362477,0.4675765115346148
"{'ar': '48000', 'sample_fmt': 's32p', 'compression_level': '9', 'reservoir': '1', 'aq': '9'}",102.0546875,-3.349,-1.733,0.6154371140000876,0.35717672870343564
"{'ar': '48000', 'sample_fmt': 's32p', 'compression_level': '9', 'reservoir': '1', 'aq': '9'}",102.0546875,-3.349,-1.733,0.6032446009921841,0.3580779125667665
"{'ar': '48000', 'sample_fmt': 's32p', 'compression_level': '9', 'reservoir': '1', 'aq': '9'}",102.0546875,-3.349,-1.733,0.6081803840061184,0.3577130945836176
"{'ar': '48000', 'sample_fmt': 's32p', 'compression_level': '9', 'reservoir': '1', 'aq': '9'}",102.0546875,-3.349,-1.733,0.6166062400152441,0.357090315221787
"{'ar': '48000', 'sample_fmt': 's32p', 'compression_level': '9', 'reservoir': '1', 'b:a': '303k', 'abr': 'True'}",416.234375,-3.343,-1.722,0.6239586269657593,-0.12732885911526032
"{'ar': '48000', 'sample_fmt': 's32p', 'compression_level': '8', 'reservoir': '1', 'aq': '9'}",102.0546875,-3.349,-1.733,0.6329179000167642,0.3558846733030143
"{'ar': '44100', 'sample_fmt': 's32p', 'compression_level': '8', 'reservoir': '1', 'aq': '9'}",97.1474609375,-3.314,-1.668,0.6256420520076063,0.4663053608460898
"{'ar': '48000', 'sample_fmt': 's32p', 'compression_level': '9', 'reservoir': '1', 'aq': '9'}",102.0546875,-3.349,-1.733,0.6511468779644929,0.35453731687527384
"{'ar': '44100', 'sample_fmt': 's32p', 'compression_level': '8', 'reservoir': '1', 'aq': '9'}",97.1474609375,-3.314,-1.668,0.67436718402314,0.46270394556093875
"{'ar': '48000', 'sample_fmt': 's32p', 'compression_level': '9', 'reservoir': '1', 'b:a': '319k', 'abr': 'True'}",437.234375,-3.314,-1.669,0.6294831029954366,-0.07695865292936377
"{'ar': '48000', 'sample_fmt': 's32p', 'compression_level': '9', 'reservoir': '1', 'aq': '9'}",102.0546875,-3.349,-1.733,0.6171251659980044,0.3570519599031071
"{'ar': '48000', 'sample_fmt': 's32p', 'compression_level': '9', 'reservoir': '1', 'aq': '9'}",102.0546875,-3.349,-1.733,0.6301457370282151,0.35608957187890133
"{'ar': '48000', 'sample_fmt': 's32p', 'compression_level': '9', 'reservoir': '1', 'aq': '9'}",102.0546875,-3.349,-1.733,0.612132834008662,0.35742095758441117
"{'ar': '48000', 'sample_fmt': 's32p', 'compression_level': '9', 'reservoir': '1', 'aq': '9'}",102.0546875,-3.349,-1.733,0.6075929200160317,0.35775651574444073
"{'ar': '48000', 'sample_fmt': 's32p', 'compression_level': '9', 'reservoir': '1', 'aq': '9'}",102.0546875,-3.349,-1.733,0.6238511859846767,0.35655482033290525
"{'ar': '48000', 'sample_fmt': 's32p', 'compression_level': '9', 'reservoir': '1', 'aq': '9'}",102.0546875,-3.349,-1.733,0.5950902080221567,0.35868062731105954
"{'ar': '48000', 'sample_fmt': 's32p', 'compression_level': '9', 'reservoir': '1', 'b:a': '319k', 'abr': 'True'}",437.234375,-3.314,-1.669,0.6407604069972876,-0.07779219105081234
"{'ar': '48000', 'sample_fmt': 's32p', 'compression_level': '9', 'reservoir': '1', 'b:a': '313k', 'abr': 'True'}",429.359375,-3.328,-1.694,0.6294656149984803,-0.10489709148940804
"{'ar': '48000', 'sample_fmt': 's32p', 'compression_level': '9', 'reservoir': '1', 'b:a': '319k', 'abr': 'True'}",437.234375,-3.314,-1.669,0.6270784600055777,-0.076780918818428
"{'ar': '48000', 'sample_fmt': 's32p', 'compression_level': '8', 'reservoir': '1', 'aq': '9'}",102.0546875,-3.349,-1.733,0.6185906309983693,0.3569436431508716
"{'ar': '48000', 'sample_fmt': 's32p', 'compression_level': '9', 'reservoir': '1', 'b:a': '308k', 'abr': 'True'}",422.609375,-3.336,-1.708,0.6268086920317728,-0.11698589495238135
"{'ar': '48000', 'sample_fmt': 's32p', 'compression_level': '9', 'reservoir': '1', 'aq': '9'}",102.0546875,-3.349,-1.733,0.9248574489902239,0.3343065777592623
"{'ar': '48000', 'sample_fmt': 's32p', 'compression_level': '8', 'reservoir': '1', 'b:a': '319k', 'abr': 'True'}",437.234375,-3.314,-1.669,0.8738269449968357,-0.0950188122560912
"{'ar': '48000', 'sample_fmt': 's32p', 'compression_level': '8', 'reservoir': '1', 'b:a': '320k', 'abr': 'True'}",438.171875,-3.313,-1.667,0.681461872998625,-0.07933563491403137
"{'ar': '48000', 'sample_fmt': 's32p', 'compression_level': '9', 'reservoir': '1', 'b:a': '319k', 'abr': 'True'}",437.234375,-3.314,-1.669,0.646130818000529,-0.0781891336443891
"{'ar': '48000', 'sample_fmt': 's32p', 'compression_level': '9', 'reservoir': '1', 'aq': '9'}",102.0546875,-3.349,-1.733,0.7303197500004899,0.34868542115483037
"{'ar': '44100', 'sample_fmt': 's32p', 'compression_level': '9', 'reservoir': '1', 'aq': '9'}",97.1474609375,-3.314,-1.668,0.6158549980027601,0.46702875028459173
"{'ar': '48000', 'sample_fmt': 'fltp', 'compression_level': '9', 'reservoir': '1', 'aq': '9'}",102.0546875,-3.349,-1.733,0.6151937099930365,0.35719471939684583
"{'ar': '48000', 'sample_fmt': 's32p', 'compression_level': '9', 'reservoir': '1', 'aq': '9'}",102.0546875,-3.349,-1.733,0.6205799640156329,0.35679660579993444
"{'ar': '44100', 'sample_fmt': 's32p', 'compression_level': '9', 'reservoir': '1', 'aq': '9'}",97.1474609375,-3.314,-1.668,0.6586466029984877,0.46386589912477083
"{'ar': '48000', 'sample_fmt': 's32p', 'compression_level': '9', 'reservoir': '1', 'aq': '9'}",102.0546875,-3.349,-1.733,0.6590769439935684,0.35395118278331766
"{'ar': '48000', 'sample_fmt': 's32p', 'compression_level': '9', 'reservoir': '1', 'aq': '9'}",102.0546875,-3.349,-1.733,0.6116397510340903,0.3574574027716896
"{'ar': '48000', 'sample_fmt': 's32p', 'compression_level': '9', 'reservoir': '1', 'aq': '9'}",102.0546875,-3.349,-1.733,0.6193566890142392,0.3568870215896045
"{'ar': '48000', 'sample_fmt': 's32p', 'compression_level': '9', 'reservoir': '1', 'aq': '9'}",102.0546875,-3.349,-1.733,0.6109085229982156,0.3575114499485036
"{'ar': '48000', 'sample_fmt': 's32p', 'compression_level': '9', 'reservoir': '1', 'aq': '9'}",102.0546875,-3.349,-1.733,0.6099798890063539,0.3575800879698749
"{'ar': '48000', 'sample_fmt': 's32p', 'compression_level': '9', 'reservoir': '1', 'aq': '9'}",102.0546875,-3.349,-1.733,0.6202140629757196,0.356823650602965
"{'ar': '48000', 'sample_fmt': 's32p', 'compression_level': '9', 'reservoir': '1', 'aq': '9'}",102.0546875,-3.349,-1.733,0.6282510959717911,0.3562296102734265
"{'ar': '48000', 'sample_fmt': 's32p', 'compression_level': '9', 'reservoir': '1', 'aq': '9'}",102.0546875,-3.349,-1.733,0.6072302770044189,0.3577833197371864
"{'ar': '48000', 'sample_fmt': 's32p', 'compression_level': '9', 'reservoir': '1', 'aq': '9'}",102.0546875,-3.349,-1.733,0.610660642007133,0.35752977154873855
"{'ar': '48000', 'sample_fmt': 's32p', 'compression_level': '9', 'reservoir': '1', 'aq': '9'}",102.0546875,-3.349,-1.733,0.6103325060103089,0.3575540250283226
"{'ar': '48000', 'sample_fmt': 's32p', 'compression_level': '9', 'reservoir': '1', 'aq': '9'}",102.0546875,-3.349,-1.733,0.6128168499853928,0.35737039998729475
"{'ar': '48000', 'sample_fmt': 's32p', 'compression_level': '9', 'reservoir': '1', 'aq': '9'}",102.0546875,-3.349,-1.733,0.607018333976157,0.3577989850587564
"{'ar': '48000', 'sample_fmt': 's32p', 'compression_level': '9', 'reservoir': '1', 'aq': '9'}",102.0546875,-3.349,-1.733,0.6194929619960021,0.35687694925979907
"{'ar': '48000', 'sample_fmt': 's32p', 'compression_level': '9', 'reservoir': '1', 'aq': '9'}",102.0546875,-3.349,-1.733,0.6678510749770794,0.3533026614118854
"{'ar': '48000', 'sample_fmt': 's32p', 'compression_level': '9', 'reservoir': '1', 'b:a': '320k', 'abr': 'True'}",438.171875,-3.313,-1.667,0.6136475340172183,-0.07432328118901342
"{'ar': '48000', 'sample_fmt': 's32p', 'compression_level': '9', 'reservoir': '1', 'b:a': '320k', 'abr': 'True'}",438.171875,-3.313,-1.667,0.624515314004384,-0.07512655020732946
"{'ar': '48000', 'sample_fmt': 's32p', 'compression_level': '8', 'reservoir': '1', 'aq': '9'}",102.0546875,-3.349,-1.733,0.6052186320303008,0.357932006229319
"{'ar': '48000', 'sample_fmt': 's32p', 'compression_level': '9', 'reservoir': '1', 'aq': '9'}",102.0546875,-3.349,-1.733,0.6123102860001381,0.3574078415950224
"{'ar': '48000', 'sample_fmt': 's32p', 'compression_level': '9', 'reservoir': '1', 'aq': '9'}",102.0546875,-3.349,-1.733,0.607943717011949,0.35773058732494095
"{'ar': '48000', 'sample_fmt': 's32p', 'compression_level': '9', 'reservoir': '1', 'aq': '9'}",102.0546875,-3.349,-1.733,0.6173962790053338,0.3570319211574289
"{'ar': '48000', 'sample_fmt': 's32p', 'compression_level': '9', 'reservoir': '1', 'aq': '9'}",102.0546875,-3.349,-1.733,0.6231818499800283,0.3566042928908713
"{'ar': '44100', 'sample_fmt': 's32p', 'compression_level': '9', 'reservoir': '1', 'aq': '9'}",97.1474609375,-3.314,-1.668,0.625421531003667,0.46632166019062576
"{'ar': '48000', 'sample_fmt': 's32p', 'compression_level': '9', 'reservoir': '1', 'b:a': '319k', 'abr': 'True'}",437.234375,-3.314,-1.669,0.6805873789999168,-0.08073591762062078
"{'ar': '48000', 'sample_fmt': 's32p', 'compression_level': '9', 'reservoir': '1', 'aq': '9'}",102.0546875,-3.349,-1.733,0.6507761609973386,0.35456471763740105
"{'ar': '48000', 'sample_fmt': 's32p', 'compression_level': '9', 'reservoir': '1', 'aq': '9'}",102.0546875,-3.349,-1.733,0.6321951160207391,0.3559380963564463
"{'ar': '44100', 'sample_fmt': 's32p', 'compression_level': '9', 'reservoir': '1', 'b:a': '319k', 'abr': 'True'}",436.8369140625,-2.591,-0.705,0.6378368479781784,1.9117050740160233
"{'ar': '48000', 'sample_fmt': 's32p', 'compression_level': '9', 'reservoir': '1', 'aq': '9'}",102.0546875,-3.349,-1.733,0.6096996240084991,0.35760080316561504
"{'ar': '48000', 'sample_fmt': 's32p', 'compression_level': '9', 'reservoir': '1', 'aq': '9'}",102.0546875,-3.349,-1.733,0.6114200240117498,0.3574736434307516
"{'ar': '44100', 'sample_fmt': 's32p', 'compression_level': '9', 'reservoir': '1', 'aq': '9'}",97.1474609375,-3.314,-1.668,0.5994264390028547,0.4682430325460826
"{'ar': '48000', 'sample_fmt': 's32p', 'compression_level': '9', 'reservoir': '1', 'aq': '9'}",102.0546875,-3.349,-1.733,0.6124150409887079,0.3574000988511565
"{'ar': '48000', 'sample_fmt': 's32p', 'compression_level': '9', 'reservoir': '1', 'aq': '9'}",102.0546875,-3.349,-1.733,0.6155810370109975,0.3571660909378733
"{'ar': '48000', 'sample_fmt': 's32p', 'compression_level': '9', 'reservoir': '1', 'aq': '9'}",102.0546875,-3.349,-1.733,0.6306276299874298,0.3560539537779885
"{'ar': '48000', 'sample_fmt': 's32p', 'compression_level': '9', 'reservoir': '1', 'aq': '9'}",102.0546875,-3.349,-1.733,0.6114553790248465,0.35747103023958504
"{'ar': '48000', 'sample_fmt': 's32p', 'compression_level': '9', 'reservoir': '1', 'aq': '9'}",102.0546875,-3.349,-1.733,0.6136717509943992,0.3573072117837175
"{'ar': '48000', 'sample_fmt': 's32p', 'compression_level': '8', 'reservoir': '1', 'aq': '9'}",102.0546875,-3.349,-1.733,0.6145634020213038,0.3572413072801383
"{'ar': '48000', 'sample_fmt': 's32p', 'compression_level': '9', 'reservoir': '1', 'b:a': '319k', 'abr': 'True'}",437.234375,-3.314,-1.669,0.6720174069923814,-0.08010248622896411
"{'ar': '48000', 'sample_fmt': 's32p', 'compression_level': '9', 'reservoir': '1', 'aq': '9'}",102.0546875,-3.349,-1.733,0.8020517060067505,0.34338350503662735
"{'ar': '48000', 'sample_fmt': 's32p', 'compression_level': '9', 'reservoir': '1', 'aq': '9'}",102.0546875,-3.349,-1.733,0.6640440790215507,0.35358404748222744
"{'ar': '48000', 'sample_fmt': 's32p', 'compression_level': '8', 'reservoir': '1', 'aq': '9'}",102.0546875,-3.349,-1.733,0.6249164459877647,0.3564760838883009
"{'ar': '48000', 'sample_fmt': 'fltp', 'compression_level': '9', 'reservoir': '1', 'b:a': '319k', 'abr': 'True'}",437.234375,-3.314,-1.669,0.6981673260161187,-0.08203530229701551
"{'ar': '48000', 'sample_fmt': 's32p', 'compression_level': '9', 'reservoir': '1', 'aq': '9'}",102.0546875,-3.349,-1.733,0.677899343019817,0.35255996488913666
"{'ar': '48000', 'sample_fmt': 's32p', 'compression_level': '9', 'reservoir': '1', 'b:a': '309k', 'abr': 'True'}",424.109375,-3.337,-1.71,0.6276424379902892,-0.12240187109010509
"{'ar': '44100', 'sample_fmt': 's32p', 'compression_level': '9', 'reservoir': '1', 'aq': '9'}",97.1474609375,-3.314,-1.668,0.6095527749857865,0.4674945657963183
"{'ar': '48000', 'sample_fmt': 's32p', 'compression_level': '9', 'reservoir': '1', 'aq': '9'}",102.0546875,-3.349,-1.733,0.6286676560121123,0.35619882111731055
"{'ar': '48000', 'sample_fmt': 's32p', 'compression_level': '8', 'reservoir': '1', 'aq': '9'}",102.0546875,-3.349,-1.733,0.6654522010067012,0.35347996911792334
"{'ar': '48000', 'sample_fmt': 's32p', 'compression_level': '9', 'reservoir': '1', 'aq': '9'}",102.0546875,-3.349,-1.733,0.6783019959984813,0.3525302036441284
"{'ar': '48000', 'sample_fmt': 's32p', 'compression_level': '9', 'reservoir': '1', 'b:a': '308k', 'abr': 'True'}",422.609375,-3.336,-1.708,0.6248671379871666,-0.11684238908335749
"{'ar': '48000', 'sample_fmt': 's32p', 'compression_level': '9', 'reservoir': '1', 'aq': '9'}",102.0546875,-3.349,-1.733,0.6124822619894985,0.35739513035277143
"{'ar': '44100', 'sample_fmt': 's32p', 'compression_level': '9', 'reservoir': '1', 'aq': '9'}",97.1474609375,-3.314,-1.668,0.6120532850036398,0.46730974587636204
"{'ar': '48000', 'sample_fmt': 's32p', 'compression_level': '9', 'reservoir': '1', 'aq': '9'}",102.0546875,-3.349,-1.733,0.6256513389816973,0.3564217658238479
"{'ar': '48000', 'sample_fmt': 's32p', 'compression_level': '9', 'reservoir': '1', 'aq': '9'}",102.0546875,-3.349,-1.733,0.6059664159547538,0.35787673535894643
"{'ar': '44100', 'sample_fmt': 's32p', 'compression_level': '9', 'reservoir': '1', 'aq': '9'}",97.1474609375,-3.314,-1.668,0.6157300909981132,0.4670379825221897
"{'ar': '48000', 'sample_fmt': 's32p', 'compression_level': '9', 'reservoir': '1', 'aq': '9'}",102.0546875,-3.349,-1.733,0.6162706050090492,0.35711512297482
"{'ar': '48000', 'sample_fmt': 's32p', 'compression_level': '9', 'reservoir': '1', 'b:a': '319k', 'abr': 'True'}",437.234375,-3.314,-1.669,0.6180500259797554,-0.07611360117439969
"{'ar': '44100', 'sample_fmt': 's32p', 'compression_level': '9', 'reservoir': '1', 'aq': '9'}",97.1474609375,-3.314,-1.668,0.6200192160031293,0.4667209609008206
"{'ar': '48000', 'sample_fmt': 's32p', 'compression_level': '9', 'reservoir': '1', 'b:a': '319k', 'abr': 'True'}",437.234375,-3.314,-1.669,0.6126182599982712,-0.07571212365711263
"{'ar': '48000', 'sample_fmt': 's32p', 'compression_level': '9', 'reservoir': '1', 'aq': '9'}",102.0546875,-3.349,-1.733,0.6170646649843547,0.357056431707827
"{'ar': '48000', 'sample_fmt': 's32p', 'compression_level': '8', 'reservoir': '1', 'aq': '9'}",102.0546875,-3.349,-1.733,0.6160646920034196,0.35713034259999515
"{'ar': '48000', 'sample_fmt': 's32p', 'compression_level': '9', 'reservoir': '1', 'aq': '9'}",102.0546875,-3.349,-1.733,0.6199717409908772,0.3568415613209875
"{'ar': '48000', 'sample_fmt': 's32p', 'compression_level': '9', 'reservoir': '1', 'aq': '9'}",102.0546875,-3.349,-1.733,0.6247390979842748,0.35648919219163716
"{'ar': '48000', 'sample_fmt': 'fltp', 'compression_level': '9', 'reservoir': '1', 'aq': '9'}",102.0546875,-3.349,-1.733,0.6095231499930378,0.357613846869971
"{'ar': '48000', 'sample_fmt': 's32p', 'compression_level': '7', 'reservoir': '1', 'aq': '9'}",102.0546875,-3.349,-1.733,0.6546064739814028,0.3542816081381118
"{'ar': '48000', 'sample_fmt': 's32p', 'compression_level': '9', 'reservoir': '1', 'aq': '9'}",102.0546875,-3.349,-1.733,0.6134277009696234,0.3573252502261642
"{'ar': '48000', 'sample_fmt': 's32p', 'compression_level': '9', 'reservoir': '1', 'aq': '9'}",102.0546875,-3.349,-1.733,0.6171900979825296,0.3570471605925277
"{'ar': '48000', 'sample_fmt': 's32p', 'compression_level': '9', 'reservoir': '1', 'aq': '9'}",102.0546875,-3.349,-1.733,0.6250029369839467,0.3564696910888811
"{'ar': '48000', 'sample_fmt': 's32p', 'compression_level': '9', 'reservoir': '1', 'aq': '9'}",102.0546875,-3.349,-1.733,0.6202832139970269,0.3568185394511873
"{'ar': '48000', 'sample_fmt': 's32p', 'compression_level': '9', 'reservoir': '1', 'b:a': '309k', 'abr': 'True'}",424.109375,-3.337,-1.71,0.8091596169979312,-0.13581833023458129
"{'ar': '48000', 'sample_fmt': 's32p', 'compression_level': '9', 'reservoir': '1', 'aq': '9'}",102.0546875,-3.349,-1.733,0.8064671220199671,0.343057148881959
"{'ar': '44100', 'sample_fmt': 's32p', 'compression_level': '9', 'reservoir': '1', 'aq': '9'}",97.1474609375,-3.314,-1.668,0.646001979970606,0.464800499745926
"{'ar': '48000', 'sample_fmt': 's32p', 'compression_level': '9', 'reservoir': '1', 'b:a': '319k', 'abr': 'True'}",437.234375,-3.314,-1.669,0.6484400150075089,-0.07835981306696535
"{'ar': '48000', 'sample_fmt': 's32p', 'compression_level': '9', 'reservoir': '1', 'aq': '9'}",102.0546875,-3.349,-1.733,0.6561016659834422,0.35417109417729453
"{'ar': '48000', 'sample_fmt': 's32p', 'compression_level': '9', 'reservoir': '1', 'aq': '9'}",102.0546875,-3.349,-1.733,0.6080819299968425,0.357720371603899
"{'ar': '48000', 'sample_fmt': 's32p', 'compression_level': '9', 'reservoir': '1', 'b:a': '319k', 'abr': 'True'}",437.234375,-3.314,-1.669,0.661708870989969,-0.07934055254934305
"{'ar': '48000', 'sample_fmt': 's32p', 'compression_level': '8', 'reservoir': '1', 'aq': '9'}",102.0546875,-3.349,-1.733,0.6490433739963919,0.35469279293105305
"{'ar': '48000', 'sample_fmt': 's32p', 'compression_level': '9', 'reservoir': '1', 'b:a': '318k', 'abr': 'True'}",435.359375,-3.316,-1.673,0.6239169989712536,-0.07947708426849619
"{'ar': '48000', 'sample_fmt': 's32p', 'compression_level': '8', 'reservoir': '1', 'aq': '9'}",102.0546875,-3.349,-1.733,0.6450782800093293,0.3549858644836866
"{'ar': '48000', 'sample_fmt': 's32p', 'compression_level': '9', 'reservoir': '1', 'aq': '9'}",102.0546875,-3.349,-1.733,0.6212743119976949,0.35674528453445253
"{'ar': '48000', 'sample_fmt': 's32p', 'compression_level': '9', 'reservoir': '1', 'aq': '9'}",102.0546875,-3.349,-1.733,0.6154542329895776,0.3571754633894618
"{'ar': '48000', 'sample_fmt': 's32p', 'compression_level': '9', 'reservoir': '1', 'aq': '9'}",102.0546875,-3.349,-1.733,0.616736480005784,0.35708068880779353
"{'ar': '48000', 'sample_fmt': 's32p', 'compression_level': '9', 'reservoir': '1', 'b:a': '319k', 'abr': 'True'}",437.234375,-3.314,-1.669,0.6284923070052173,-0.07688542033509385
"{'ar': '48000', 'sample_fmt': 's32p', 'compression_level': '9', 'reservoir': '1', 'aq': '9'}",102.0546875,-3.349,-1.733,0.8220193619781639,0.3419076378927239
"{'ar': '44100', 'sample_fmt': 's32p', 'compression_level': '9', 'reservoir': '1', 'aq': '9'}",97.1474609375,-3.314,-1.668,0.6158614110318013,0.46702827627908666
"{'ar': '48000', 'sample_fmt': 's32p', 'compression_level': '8', 'reservoir': '1', 'b:a': '317k', 'abr': 'True'}",434.046875,-3.319,-1.678,0.6780061419995036,-0.0899477648619987
"{'ar': '48000', 'sample_fmt': 's32p', 'compression_level': '9', 'reservoir': '1', 'aq': '9'}",102.0546875,-3.349,-1.733,0.6490296690026298,0.3546938059067388
"{'ar': '48000', 'sample_fmt': 's32p', 'compression_level': '9', 'reservoir': '1', 'aq': '9'}",102.0546875,-3.349,-1.733,0.6120658809959423,0.35742590627502363
"{'ar': '48000', 'sample_fmt': 's32p', 'compression_level': '8', 'reservoir': '1', 'aq': '9'}",102.0546875,-3.349,-1.733,0.614710166992154,0.3572304594571057
"{'ar': '48000', 'sample_fmt': 's32p', 'compression_level': '9', 'reservoir': '1', 'aq': '9'}",102.0546875,-3.349,-1.733,0.6369338959921151,0.35558783943735905
"{'ar': '48000', 'sample_fmt': 's32p', 'compression_level': '9', 'reservoir': '1', 'aq': '9'}",102.0546875,-3.349,-1.733,0.6129102040140424,0.35736349992131644
"{'ar': '48000', 'sample_fmt': 's32p', 'compression_level': '9', 'reservoir': '1', 'aq': '9'}",102.0546875,-3.349,-1.733,0.6398174750211183,0.355374705780016
"{'ar': '48000', 'sample_fmt': 's32p', 'compression_level': '9', 'reservoir': '1', 'aq': '9'}",102.0546875,-3.349,-1.733,0.6712866419984493,0.3530487287272089
"{'ar': '44100', 'sample_fmt': 's32p', 'compression_level': '9', 'reservoir': '1', 'aq': '9'}",97.1474609375,-3.314,-1.668,0.6055648680194281,0.46778932352216346
"{'ar': '48000', 'sample_fmt': 's32p', 'compression_level': '9', 'reservoir': '1', 'aq': '9'}",102.0546875,-3.349,-1.733,0.6161948979715817,0.35712071870069395
"{'ar': '48000', 'sample_fmt': 's32p', 'compression_level': '9', 'reservoir': '1', 'aq': '9'}",102.0546875,-3.349,-1.733,0.6211437690071762,0.35675493334404984
"{'ar': '48000', 'sample_fmt': 's32p', 'compression_level': '9', 'reservoir': '1', 'aq': '9'}",102.0546875,-3.349,-1.733,0.6139885429874994,0.35728379677222405
"{'ar': '48000', 'sample_fmt': 's32p', 'compression_level': '9', 'reservoir': '1', 'aq': '9'}",102.0546875,-3.349,-1.733,0.6196900059876498,0.3568623851690719
"{'ar': '48000', 'sample_fmt': 's32p', 'compression_level': '9', 'reservoir': '1', 'b:a': '295k', 'abr': 'True'}",405.640625,-3.361,-1.755,0.6265076529816724,-0.16296220160613642
"{'ar': '48000', 'sample_fmt': 's32p', 'compression_level': '9', 'reservoir': '1', 'b:a': '319k', 'abr': 'True'}",437.234375,-3.314,-1.669,0.6185546109918505,-0.07615089651050341
"{'ar': '48000', 'sample_fmt': 's32p', 'compression_level': '9', 'reservoir': '1', 'aq': '9'}",102.0546875,-3.349,-1.733,0.6171560430084355,0.35704967769405555
"{'ar': '48000', 'sample_fmt': 's32p', 'compression_level': '9', 'reservoir': '1', 'aq': '9'}",102.0546875,-3.349,-1.733,0.6123913310002536,0.3574018513249066
"{'ar': '48000', 'sample_fmt': 's32p', 'compression_level': '9', 'reservoir': '1', 'aq': '9'}",102.0546875,-3.349,-1.733,0.6272480160114355,0.35630375081142035
"{'ar': '48000', 'sample_fmt': 'fltp', 'compression_level': '9', 'reservoir': '1', 'aq': '9'}",102.0546875,-3.349,-1.733,0.6117513520002831,0.3574491540218379
"{'ar': '48000', 'sample_fmt': 's32p', 'compression_level': '9', 'reservoir': '1', 'aq': '9'}",102.0546875,-3.349,-1.733,0.6202275750110857,0.3568226518893918
"{'ar': '48000', 'sample_fmt': 's32p', 'compression_level': '9', 'reservoir': '1', 'aq': '9'}",102.0546875,-3.349,-1.733,0.622003055003006,0.35669142103342727
"{'ar': '44100', 'sample_fmt': 's32p', 'compression_level': '9', 'reservoir': '1', 'aq': '9'}",97.1474609375,-3.314,-1.668,0.6220412700204179,0.4665715050462332
"{'ar': '48000', 'sample_fmt': 's32p', 'compression_level': '9', 'reservoir': '1', 'aq': '9'}",102.0546875,-3.349,-1.733,0.6100263370026369,0.35757665486427087
"{'ar': '48000', 'sample_fmt': 's32p', 'compression_level': '9', 'reservoir': '1', 'aq': '9'}",102.0546875,-3.349,-1.733,0.6134831679810304,0.3573211504990944
"{'ar': '44100', 'sample_fmt': 's32p', 'compression_level': '9', 'reservoir': '1', 'aq': '9'}",97.1474609375,-3.314,-1.668,0.6075469460047316,0.4676428224115999
"{'ar': '48000', 'sample_fmt': 's32p', 'compression_level': '9', 'reservoir': '1', 'aq': '9'}",102.0546875,-3.349,-1.733,0.6198729570023715,0.35684886273098715
"{'ar': '44100', 'sample_fmt': 's32p', 'compression_level': '9', 'reservoir': '1', 'b:a': '319k', 'abr': 'True'}",436.8369140625,-2.591,-0.705,0.6439134749816731,1.9112559329574508
"{'ar': '44100', 'sample_fmt': 's32p', 'compression_level': '9', 'reservoir': '1', 'aq': '9'}",97.1474609375,-3.314,-1.668,0.5992890580091625,0.4682531867722511
"{'ar': '48000', 'sample_fmt': 's32p', 'compression_level': '9', 'reservoir': '1', 'aq': '9'}",102.0546875,-3.349,-1.733,0.6232723350112792,0.3565976048807799
"{'ar': '48000', 'sample_fmt': 's32p', 'compression_level': '9', 'reservoir': '1', 'aq': '9'}",102.0546875,-3.349,-1.733,0.658492545975605,0.3539943773292829
"{'ar': '48000', 'sample_fmt': 's32p', 'compression_level': '9', 'reservoir': '1', 'aq': '9'}",102.0546875,-3.349,-1.733,0.7308307650091592,0.34864765055910213
"{'ar': '48000', 'sample_fmt': 's32p', 'compression_level': '9', 'reservoir': '1', 'aq': '9'}",102.0546875,-3.349,-1.733,0.618526160978945,0.3569484083162757
"{'ar': '48000', 'sample_fmt': 's32p', 'compression_level': '9', 'reservoir': '1', 'aq': '9'}",102.0546875,-3.349,-1.733,0.6226451569818892,0.35664396142099075
"{'ar': '48000', 'sample_fmt': 's32p', 'compression_level': '9', 'reservoir': '1', 'b:a': '319k', 'abr': 'True'}",437.234375,-3.314,-1.669,0.6413790799851995,-0.07783791895883453
"{'ar': '48000', 'sample_fmt': 's32p', 'compression_level': '9', 'reservoir': '1', 'aq': '9'}",102.0546875,-3.349,-1.733,0.6111556510149967,0.3574931840027748
"{'ar': '48000', 'sample_fmt': 's32p', 'compression_level': '9', 'reservoir': '1', 'aq': '9'}",102.0546875,-3.349,-1.733,0.6073840309982188,0.3577719553352747
"{'ar': '48000', 'sample_fmt': 's32p', 'compression_level': '9', 'reservoir': '1', 'aq': '9'}",102.0546875,-3.349,-1.733,0.6309022310306318,0.35603365722150115
"{'ar': '48000', 'sample_fmt': 's32p', 'compression_level': '9', 'reservoir': '1', 'aq': '9'}",102.0546875,-3.349,-1.733,0.6289464619767386,0.35617821376293174
"{'ar': '48000', 'sample_fmt': 's32p', 'compression_level': '9', 'reservoir': '1', 'aq': '9'}",102.0546875,-3.349,-1.733,0.6122419399907812,0.357412893246041
"{'ar': '48000', 'sample_fmt': 's32p', 'compression_level': '9', 'reservoir': '1', 'aq': '9'}",102.0546875,-3.349,-1.733,0.6095954029879067,0.357608506442365
"{'ar': '48000', 'sample_fmt': 's32p', 'compression_level': '9', 'reservoir': '1', 'aq': '9'}",102.0546875,-3.349,-1.733,0.6075954120024107,0.3577563315545276
"{'ar': '48000', 'sample_fmt': 's32p', 'compression_level': '9', 'reservoir': '1', 'aq': '9'}",102.0546875,-3.349,-1.733,0.6199539750232361,0.3568428744549857
"{'ar': '48000', 'sample_fmt': 's32p', 'compression_level': '9', 'reservoir': '1', 'aq': '9'}",102.0546875,-3.349,-1.733,0.6295018230157439,0.3561371654239757
"{'ar': '44100', 'sample_fmt': 's32p', 'compression_level': '9', 'reservoir': '1', 'aq': '9'}",97.1474609375,-3.314,-1.668,0.8186163569916971,0.4520420724184763
"{'ar': '48000', 'sample_fmt': 's32p', 'compression_level': '9', 'reservoir': '1', 'aq': '9'}",102.0546875,-3.349,-1.733,1.0531275100365747,0.32482576694622417
"{'ar': '48000', 'sample_fmt': 's32p', 'compression_level': '8', 'reservoir': '1', 'aq': '9'}",102.0546875,-3.349,-1.733,0.8270396680163685,0.3415365725686451
"{'ar': '48000', 'sample_fmt': 's32p', 'compression_level': '9', 'reservoir': '1', 'aq': '9'}",102.0546875,-3.349,-1.733,0.6236599640105851,0.3565689541014937
"{'ar': '48000', 'sample_fmt': 's32p', 'compression_level': '9', 'reservoir': '1', 'aq': '9'}",102.0546875,-3.349,-1.733,0.7478540040028747,0.3473894137811043
"{'ar': '48000', 'sample_fmt': 's32p', 'compression_level': '9', 'reservoir': '1', 'aq': '9'}",102.0546875,-3.349,-1.733,0.6169583339651581,0.3570642909406701
"{'ar': '48000', 'sample_fmt': 's32p', 'compression_level': '8', 'reservoir': '1', 'b:a': '319k', 'abr': 'True'}",437.234375,-3.314,-1.669,0.6238684460113291,-0.07654365740965952
"{'ar': '48000', 'sample_fmt': 's32p', 'compression_level': '9', 'reservoir': '1', 'b:a': '319k', 'abr': 'True'}",437.234375,-3.314,-1.669,0.6588212859933265,-0.07912712279935764
"{'ar': '48000', 'sample_fmt': 's32p', 'compression_level': '9', 'reservoir': '1', 'aq': '9'}",102.0546875,-3.349,-1.733,0.6711541120021138,0.353058524402147
"{'ar': '48000', 'sample_fmt': 's32p', 'compression_level': '9', 'reservoir': '1', 'b:a': '319k', 'abr': 'True'}",437.234375,-3.314,-1.669,0.635589474986773,-0.07740999252592774
"{'ar': '32000', 'sample_fmt': 's32p', 'compression_level': '9', 'reservoir': '1', 'aq': '9'}",81.7109375,-3.518,-2.09,0.5962405129976105,-0.1153207394880207
"{'ar': '48000', 'sample_fmt': 's32p', 'compression_level': '9', 'reservoir': '1', 'aq': '9'}",102.0546875,-3.349,-1.733,0.6127265010145493,0.35737707794076834
"{'ar': '48000', 'sample_fmt': 's32p', 'compression_level': '9', 'reservoir': '1', 'aq': '9'}",102.0546875,-3.349,-1.733,0.6143591600120999,0.3572564033971397
"{'ar': '48000', 'sample_fmt': 's32p', 'compression_level': '7', 'reservoir': '1', 'aq': '9'}",102.0546875,-3.349,-1.733,0.6221471420431044,0.35668077114399366
"{'ar': '48000', 'sample_fmt': 's32p', 'compression_level': '9', 'reservoir': '1', 'aq': '9'}",102.0546875,-3.349,-1.733,0.6198286620201543,0.356852136701101
"{'ar': '44100', 'sample_fmt': 's32p', 'compression_level': '9', 'reservoir': '1', 'aq': '9'}",97.1474609375,-3.314,-1.668,0.6255744800146203,0.46631035528732206
"{'ar': '44100', 'sample_fmt': 's32p', 'compression_level': '9', 'reservoir': '1', 'aq': '9'}",97.1474609375,-3.314,-1.668,0.6082126229885034,0.4675936203024385
"{'ar': '44100', 'sample_fmt': 's32p', 'compression_level': '9', 'reservoir': '1', 'aq': '9'}",97.1474609375,-3.314,-1.668,0.6177530339919031,0.4668884609607806
"{'ar': '48000', 'sample_fmt': 's32p', 'compression_level': '8', 'reservoir': '1', 'b:a': '320k', 'abr': 'True'}",438.171875,-3.313,-1.667,0.6206761590146925,-0.07484278716985773
"{'ar': '48000', 'sample_fmt': 's32p', 'compression_level': '9', 'reservoir': '1', 'aq': '9'}",102.0546875,-3.349,-1.733,0.6141642730217427,0.3572708080576695
"{'ar': '44100', 'sample_fmt': 's32p', 'compression_level': '8', 'reservoir': '1', 'aq': '9'}",97.1474609375,-3.314,-1.668,0.6215117379906587,0.46661064428849003
"{'ar': '48000', 'sample_fmt': 's32p', 'compression_level': '9', 'reservoir': '1', 'b:a': '319k', 'abr': 'True'}",437.234375,-3.314,-1.669,0.6263756430125795,-0.07672897158387888
"{'ar': '48000', 'sample_fmt': 's32p', 'compression_level': '9', 'reservoir': '1', 'aq': '9'}",102.0546875,-3.349,-1.733,0.6224015970074106,0.3566619636424041
"{'ar': '48000', 'sample_fmt': 's32p', 'compression_level': '9', 'reservoir': '1', 'b:a': '320k', 'abr': 'True'}",438.171875,-3.313,-1.667,0.6691876800323371,-0.07842841384898447
"{'ar': '48000', 'sample_fmt': 's32p', 'compression_level': '9', 'reservoir': '1', 'aq': '9'}",102.0546875,-3.349,-1.733,0.609903190023033,0.3575857570133328
"{'ar': '48000', 'sample_fmt': 's32p', 'compression_level': '9', 'reservoir': '1', 'aq': '9'}",102.0546875,-3.349,-1.733,0.6190908999997191,0.356906666823592
"{'ar': '48000', 'sample_fmt': 's32p', 'compression_level': '9', 'reservoir': '1', 'aq': '9'}",102.0546875,-3.349,-1.733,0.6256521830218844,0.3564217034383991
"{'ar': '48000', 'sample_fmt': 's32p', 'compression_level': '9', 'reservoir': '1', 'aq': '9'}",102.0546875,-3.349,-1.733,0.61279955500504,0.35737167830926175
"{'ar': '48000', 'sample_fmt': 's32p', 'compression_level': '9', 'reservoir': '1', 'aq': '9'}",102.0546875,-3.349,-1.733,0.6190578709647525,0.35690910809499476
"{'ar': '48000', 'sample_fmt': 's32p', 'compression_level': '9', 'reservoir': '1', 'aq': '9'}",102.0546875,-3.349,-1.733,0.6426731050305534,0.35516363791546024
"{'ar': '48000', 'sample_fmt': 's32p', 'compression_level': '9', 'reservoir': '1', 'aq': '9'}",102.0546875,-3.349,-1.733,0.9140960910008289,0.335101980820246
"{'ar': '48000', 'sample_fmt': 's32p', 'compression_level': '9', 'reservoir': '1', 'aq': '9'}",102.0546875,-3.349,-1.733,0.6872039179725107,0.3518722368713699
"{'ar': '48000', 'sample_fmt': 's32p', 'compression_level': '9', 'reservoir': '1', 'b:a': '314k', 'abr': 'True'}",430.484375,-3.325,-1.689,0.6178496539650951,-0.09726653937786058
"{'ar': '48000', 'sample_fmt': 's32p', 'compression_level': '9', 'reservoir': '1', 'b:a': '320k', 'abr': 'True'}",438.171875,-3.313,-1.667,0.6242559609818272,-0.07510738067610298
"{'ar': '48000', 'sample_fmt': 's32p', 'compression_level': '8', 'reservoir': '1', 'aq': '9'}",102.0546875,-3.349,-1.733,0.6048700849642046,0.35795776835000515
"{'ar': '48000', 'sample_fmt': 's32p', 'compression_level': '9', 'reservoir': '1', 'aq': '9'}",102.0546875,-3.349,-1.733,0.6227552609925624,0.3566358233154466
"{'ar': '48000', 'sample_fmt': 's32p', 'compression_level': '9', 'reservoir': '1', 'aq': '9'}",102.0546875,-3.349,-1.733,0.6469625820172951,0.35484659027810483
"{'ar': '48000', 'sample_fmt': 's32p', 'compression_level': '9', 'reservoir': '1', 'b:a': '319k', 'abr': 'True'}",437.234375,-3.314,-1.669,0.6328702570172027,-0.07720900726936351
"{'ar': '48000', 'sample_fmt': 's32p', 'compression_level': '9', 'reservoir': '1', 'aq': '9'}",102.0546875,-3.349,-1.733,0.6167791989864781,0.35707753132450565
"{'ar': '48000', 'sample_fmt': 's32p', 'compression_level': '9', 'reservoir': '1', 'aq': '9'}",102.0546875,-3.349,-1.733,0.6050003170093987,0.3579481425232751
"{'ar': '48000', 'sample_fmt': 's32p', 'compression_level': '9', 'reservoir': '1', 'aq': '9'}",102.0546875,-3.349,-1.733,0.6341360149963293,0.3557946389054661
"{'ar': '48000', 'sample_fmt': 's32p', 'compression_level': '9', 'reservoir': '1', 'aq': '9'}",102.0546875,-3.349,-1.733,0.6094883839832619,0.35761641652620035
"{'ar': '44100', 'sample_fmt': 's32p', 'compression_level': '9', 'reservoir': '1', 'aq': '9'}",97.1474609375,-3.314,-1.668,0.6033235840150155,0.467954983298504
"{'ar': '48000', 'sample_fmt': 's32p', 'compression_level': '9', 'reservoir': '1', 'aq': '9'}",102.0546875,-3.349,-1.733,0.6194883309944998,0.35687729155050013
"{'ar': '48000', 'sample_fmt': 'fltp', 'compression_level': '9', 'reservoir': '1', 'b:a': '319k', 'abr': 'True'}",437.234375,-3.314,-1.669,0.6383789730025455,-0.07761617238376166
"{'ar': '48000', 'sample_fmt': 's32p', 'compression_level': '9', 'reservoir': '1', 'aq': '9'}",102.0546875,-3.349,-1.733,0.6679691219760571,0.35329393621712657
"{'ar': '48000', 'sample_fmt': 's32p', 'compression_level': '9', 'reservoir': '1', 'aq': '9'}",102.0546875,-3.349,-1.733,0.6710784870083444,0.3530641140639342
"{'ar': '48000', 'sample_fmt': 's32p', 'compression_level': '9', 'reservoir': '1', 'aq': '9'}",102.0546875,-3.349,-1.733,0.6517393690010067,0.35449352415092505
"{'ar': '44100', 'sample_fmt': 's32p', 'compression_level': '9', 'reservoir': '1', 'b:a': '313k', 'abr': 'True'}",428.876953125,-2.588,-0.702,0.6508653149940073,1.9313797190574633
"{'ar': '48000', 'sample_fmt': 's32p', 'compression_level': '9', 'reservoir': '1', 'b:a': '319k', 'abr': 'True'}",437.234375,-3.314,-1.669,0.6458114109991584,-0.07816552535007902
"{'ar': '48000', 'sample_fmt': 's32p', 'compression_level': '9', 'reservoir': '1', 'b:a': '319k', 'abr': 'True'}",437.234375,-3.314,-1.669,0.6328420200152323,-0.07720692019096481
"{'ar': '48000', 'sample_fmt': 's32p', 'compression_level': '9', 'reservoir': '1', 'b:a': '307k', 'abr': 'True'}",421.671875,-3.337,-1.711,0.6553395270020701,-0.12087506889007685
"{'ar': '44100', 'sample_fmt': 's32p', 'compression_level': '9', 'reservoir': '1', 'b:a': '320k', 'abr': 'True'}",437.857421875,-2.591,-0.705,0.6856998739822302,1.9065389912790733
"{'ar': '48000', 'sample_fmt': 's32p', 'compression_level': '8', 'reservoir': '1', 'aq': '9'}",102.0546875,-3.349,-1.733,0.7184413889772259,0.3495633851373207
"{'ar': '48000', 'sample_fmt': 's32p', 'compression_level': '9', 'reservoir': '1', 'aq': '9'}",102.0546875,-3.349,-1.733,0.637825170008,0.35552196279975357
"{'ar': '48000', 'sample_fmt': 's32p', 'compression_level': '9', 'reservoir': '1', 'aq': '9'}",102.0546875,-3.349,-1.733,0.633436520001851,0.35584634060150655
"{'ar': '48000', 'sample_fmt': 's32p', 'compression_level': '9', 'reservoir': '1', 'aq': '9'}",102.0546875,-3.349,-1.733,0.6147381399932783,0.3572283918917723
"{'ar': '48000', 'sample_fmt': 's32p', 'compression_level': '9', 'reservoir': '1', 'b:a': '317k', 'abr': 'True'}",434.046875,-3.319,-1.678,0.7904469630157109,-0.09825859081016856
"{'ar': '48000', 'sample_fmt': 's32p', 'compression_level': '9', 'reservoir': '1', 'aq': '9'}",102.0546875,-3.349,-1.733,0.7817486830172129,0.34488416012579126
"{'ar': '48000', 'sample_fmt': 's32p', 'compression_level': '9', 'reservoir': '1', 'aq': '9'}",102.0546875,-3.349,-1.733,0.6422800379805267,0.355192690636787
"{'ar': '44100', 'sample_fmt': 's32p', 'compression_level': '9', 'reservoir': '1', 'b:a': '301k', 'abr': 'True'}",413.0595703125,-2.591,-0.705,0.6984083030256443,1.94516872864745
"{'ar': '48000', 'sample_fmt': 's32p', 'compression_level': '9', 'reservoir': '1', 'aq': '9'}",102.0546875,-3.349,-1.733,0.6154869640013203,0.3571730441458167
"{'ar': '48000', 'sample_fmt': 's32p', 'compression_level': '9', 'reservoir': '1', 'b:a': '312k', 'abr': 'True'}",428.046875,-3.331,-1.699,0.6359882190299686,-0.11185199175521325
"{'ar': '44100', 'sample_fmt': 's32p', 'compression_level': '9', 'reservoir': '1', 'aq': '9'}",97.1474609375,-3.314,-1.668,0.6273389629786834,0.4661799372534594
"{'ar': '48000', 'sample_fmt': 's32p', 'compression_level': '9', 'reservoir': '1', 'aq': '9'}",102.0546875,-3.349,-1.733,0.6159491470025387,0.3571388828648458
"{'ar': '48000', 'sample_fmt': 's32p', 'compression_level': '9', 'reservoir': '1', 'aq': '9'}",102.0546875,-3.349,-1.733,0.6165654950018506,0.35709332680344846
"{'ar': '48000', 'sample_fmt': 's32p', 'compression_level': '9', 'reservoir': '1', 'aq': '9'}",102.0546875,-3.349,-1.733,0.6189030630048364,0.3569205503985872
"{'ar': '44100', 'sample_fmt': 's32p', 'compression_level': '9', 'reservoir': '1', 'b:a': '319k', 'abr': 'True'}",436.8369140625,-2.591,-0.705,0.6354870939976536,1.9118787511216926
"{'ar': '48000', 'sample_fmt': 's32p', 'compression_level': '9', 'reservoir': '1', 'aq': '9'}",102.0546875,-3.349,-1.733,0.6311557570006698,0.356014918384562
"{'ar': '48000', 'sample_fmt': 's32p', 'compression_level': '9', 'reservoir': '1', 'aq': '9'}",102.0546875,-3.349,-1.733,0.6188048839976545,0.3569278070926693
"{'ar': '48000', 'sample_fmt': 's32p', 'compression_level': '9', 'reservoir': '1', 'aq': '9'}",102.0546875,-3.349,-1.733,0.615255482000066,0.35719015364933304
"{'ar': '44100', 'sample_fmt': 's32p', 'compression_level': '9', 'reservoir': '1', 'aq': '9'}",97.1474609375,-3.314,-1.668,0.6301765149983112,0.46597020558536173
"{'ar': '48000', 'sample_fmt': 's32p', 'compression_level': '9', 'reservoir': '1', 'aq': '9'}",102.0546875,-3.349,-1.733,0.6211925909738056,0.3567513247714386
"{'ar': '48000', 'sample_fmt': 's32p', 'compression_level': '9', 'reservoir': '1', 'b:a': '319k', 'abr': 'True'}",437.234375,-3.314,-1.669,0.6308202960062772,-0.07705748872824685
"{'ar': '48000', 'sample_fmt': 's32p', 'compression_level': '9', 'reservoir': '1', 'b:a': '291k', 'abr': 'True'}",400.765625,-3.372,-1.777,0.6766693459940143,-0.19146033349863836
"{'ar': '48000', 'sample_fmt': 's32p', 'compression_level': '9', 'reservoir': '1', 'aq': '9'}",102.0546875,-3.349,-1.733,0.6817436309938785,0.3522758224579598
"{'ar': '48000', 'sample_fmt': 's32p', 'compression_level': '9', 'reservoir': '1', 'aq': '9'}",102.0546875,-3.349,-1.733,0.6241310900077224,0.35653413181785615
"{'ar': '48000', 'sample_fmt': 's32p', 'compression_level': '9', 'reservoir': '1', 'b:a': '319k', 'abr': 'True'}",437.234375,-3.314,-1.669,0.6304806770058349,-0.07703238650668835
"{'ar': '48000', 'sample_fmt': 's32p', 'compression_level': '8', 'reservoir': '1', 'aq': '9'}",102.0546875,-3.349,-1.733,0.6289325830002781,0.35617923959818143
"{'ar': '48000', 'sample_fmt': 's32p', 'compression_level': '9', 'reservoir': '1', 'aq': '9'}",102.0546875,-3.349,-1.733,0.6134300990088377,0.35732507298015737
"{'ar': '48000', 'sample_fmt': 's32p', 'compression_level': '9', 'reservoir': '1', 'aq': '9'}",102.0546875,-3.349,-1.733,0.6145687439711764,0.3572409124411891
"{'ar': '48000', 'sample_fmt': 's32p', 'compression_level': '9', 'reservoir': '1', 'aq': '9'}",102.0546875,-3.349,-1.733,0.6171099659986794,0.35705308337897346
"{'ar': '48000', 'sample_fmt': 's32p', 'compression_level': '9', 'reservoir': '1', 'b:a': '283k', 'abr': 'True'}",389.609375,-3.393,-1.818,0.6493755600240547,-0.23350382697026412
"{'ar': '48000', 'sample_fmt': 's32p', 'compression_level': '9', 'reservoir': '1', 'aq': '9'}",102.0546875,-3.349,-1.733,0.6165538919740357,0.357094184416758
"{'ar': '48000', 'sample_fmt': 's32p', 'compression_level': '9', 'reservoir': '1', 'aq': '9'}",102.0546875,-3.349,-1.733,0.6402947999886237,0.35533942531256835
"{'ar': '48000', 'sample_fmt': 's32p', 'compression_level': '9', 'reservoir': '1', 'aq': '9'}",102.0546875,-3.349,-1.733,0.6733041959814727,0.35289960548315563
"{'ar': '44100', 'sample_fmt': 's32p', 'compression_level': '9', 'reservoir': '1', 'b:a': '307k', 'abr': 'True'}",420.712890625,-2.593,-0.707,0.6360157750023063,1.9322774158170999
"{'ar': '48000', 'sample_fmt': 's32p', 'compression_level': '9', 'reservoir': '1', 'aq': '9'}",102.0546875,-3.349,-1.733,0.6965653449879028,0.3511803067533908
"{'ar': '48000', 'sample_fmt': 's32p', 'compression_level': '9', 'reservoir': '1', 'aq': '9'}",102.0546875,-3.349,-1.733,1.2094349150138441,0.3132726350370491
"{'ar': '44100', 'sample_fmt': 's32p', 'compression_level': '8', 'reservoir': '1', 'aq': '9'}",97.1474609375,-3.314,-1.668,0.9087465009943116,0.445380293068953
"{'ar': '48000', 'sample_fmt': 's32p', 'compression_level': '9', 'reservoir': '1', 'aq': '9'}",102.0546875,-3.349,-1.733,0.6213437669794075,0.356740150916083
"{'ar': '44100', 'sample_fmt': 's32p', 'compression_level': '9', 'reservoir': '1', 'aq': '9'}",97.1474609375,-3.314,-1.668,0.7606958479736932,0.4563231445853956
"{'ar': '48000', 'sample_fmt': 's32p', 'compression_level': '9', 'reservoir': '1', 'aq': '9'}",102.0546875,-3.349,-1.733,0.646211647981545,0.35490209398230477
"{'ar': '48000', 'sample_fmt': 's32p', 'compression_level': '9', 'reservoir': '1', 'aq': '9'}",102.0546875,-3.349,-1.733,0.6344030010222923,0.35577490519690436
"{'ar': '48000', 'sample_fmt': 's32p', 'compression_level': '9', 'reservoir': '1', 'aq': '9'}",102.0546875,-3.349,-1.733,0.6543658380105626,0.35429939423796813
"{'ar': '48000', 'sample_fmt': 's32p', 'compression_level': '9', 'reservoir': '1', 'aq': '9'}",102.0546875,-3.349,-1.733,0.6821555710048415,0.35224537478156204
"{'ar': '48000', 'sample_fmt': 's32p', 'compression_level': '9', 'reservoir': '1', 'aq': '9'}",102.0546875,-3.349,-1.733,0.6604912469920237,0.35384664756246187
"{'ar': '44100', 'sample_fmt': 's32p', 'compression_level': '9', 'reservoir': '1', 'aq': '9'}",97.1474609375,-3.314,-1.668,0.6202381570183206,0.46670477833781787
"{'ar': '48000', 'sample_fmt': 's32p', 'compression_level': '9', 'reservoir': '1', 'aq': '9'}",102.0546875,-3.349,-1.733,0.640721981995739,0.3553078510561974
"{'ar': '48000', 'sample_fmt': 's32p', 'compression_level': '9', 'reservoir': '1', 'aq': '9'}",102.0546875,-3.349,-1.733,0.6213628180266824,0.3567387427981362
"{'ar': '48000', 'sample_fmt': 's32p', 'compression_level': '9', 'reservoir': '1', 'aq': '9'}",102.0546875,-3.349,-1.733,0.6216226099932101,0.3567195408232926
"{'ar': '48000', 'sample_fmt': 'fltp', 'compression_level': '9', 'reservoir': '1', 'aq': '9'}",102.0546875,-3.349,-1.733,0.627240101021016,0.35630433583123045
"{'ar': '48000', 'sample_fmt': 's32p', 'compression_level': '9', 'reservoir': '1', 'b:a': '319k', 'abr': 'True'}",437.234375,-3.314,-1.669,0.6340409350232221,-0.07729553546314089
"{'ar': '48000', 'sample_fmt': 's32p', 'compression_level': '9', 'reservoir': '1', 'aq': '9'}",102.0546875,-3.349,-1.733,0.671868051023921,0.3530057551063146
"{'ar': '48000', 'sample_fmt': 's32p', 'compression_level': '9', 'reservoir': '1', 'b:a': '319k', 'abr': 'True'}",437.234375,-3.314,-1.669,0.6417783419892658,-0.07786742956711294
"{'ar': '48000', 'sample_fmt': 's32p', 'compression_level': '9', 'reservoir': '1', 'aq': '9'}",102.0546875,-3.349,-1.733,0.6181587949977256,0.3569755613973507
"{'ar': '48000', 'sample_fmt': 's32p', 'compression_level': '9', 'reservoir': '1', 'aq': '9'}",102.0546875,-3.349,-1.733,0.64719312597299,0.354829550108246
"{'ar': '44100', 'sample_fmt': 's32p', 'compression_level': '9', 'reservoir': '1', 'aq': '9'}",97.1474609375,-3.314,-1.668,0.6333871570241172,0.4657328977569663
"{'ar': '48000', 'sample_fmt': 's32p', 'compression_level': '9', 'reservoir': '1', 'b:a': '319k', 'abr': 'True'}",437.234375,-3.314,-1.669,0.6355326780176256,-0.07740579449783881
"{'ar': '48000', 'sample_fmt': 's32p', 'compression_level': '9', 'reservoir': '1', 'aq': '9'}",102.0546875,-3.349,-1.733,0.6423823439981788,0.3551851289034372
"{'ar': '48000', 'sample_fmt': 's32p', 'compression_level': '9', 'reservoir': '1', 'aq': '9'}",102.0546875,-3.349,-1.733,0.633445697982097,0.3558456622304693
"{'ar': '48000', 'sample_fmt': 's32p', 'compression_level': '9', 'reservoir': '1', 'aq': '9'}",102.0546875,-3.349,-1.733,0.6280137350258883,0.3562471543067274
"{'ar': '48000', 'sample_fmt': 's32p', 'compression_level': '9', 'reservoir': '1', 'b:a': '319k', 'abr': 'True'}",437.234375,-3.314,-1.669,0.6385593970189802,-0.07762950804410197
"{'ar': '48000', 'sample_fmt': 's32p', 'compression_level': '9', 'reservoir': '1', 'b:a': '319k', 'abr': 'True'}",437.234375,-3.314,-1.669,0.6306169989984483,-0.07704246245902735
"{'ar': '44100', 'sample_fmt': 's32p', 'compression_level': '9', 'reservoir': '1', 'aq': '9'}",97.1474609375,-3.314,-1.668,0.6193866199755576,0.46676771790093086
"{'ar': '48000', 'sample_fmt': 's32p', 'compression_level': '9', 'reservoir': '1', 'b:a': '319k', 'abr': 'True'}",437.234375,-3.314,-1.669,0.6424301199731417,-0.07791560436103463
"{'ar': '48000', 'sample_fmt': 's32p', 'compression_level': '9', 'reservoir': '1', 'aq': '9'}",102.0546875,-3.349,-1.733,0.6364728070038836,0.3556219198566692
"{'ar': '48000', 'sample_fmt': 's32p', 'compression_level': '9', 'reservoir': '1', 'aq': '9'}",102.0546875,-3.349,-1.733,0.6726888249977492,0.35294508933050805
"{'ar': '48000', 'sample_fmt': 's32p', 'compression_level': '9', 'reservoir': '1', 'aq': '9'}",102.0546875,-3.349,-1.733,0.6774063010234386,0.35259640704759837
"{'ar': '48000', 'sample_fmt': 's32p', 'compression_level': '9', 'reservoir': '1', 'aq': '9'}",102.0546875,-3.349,-1.733,0.6176766809949186,0.35701119583623414
"{'ar': '48000', 'sample_fmt': 's32p', 'compression_level': '9', 'reservoir': '1', 'aq': '9'}",102.0546875,-3.349,-1.733,0.6615061360353138,0.35377163418102925
"{'ar': '48000', 'sample_fmt': 's32p', 'compression_level': '9', 'reservoir': '1', 'aq': '9'}",102.0546875,-3.349,-1.733,0.741789848980261,0.34783763299953563
"{'ar': '48000', 'sample_fmt': 's32p', 'compression_level': '8', 'reservoir': '1', 'aq': '9'}",102.0546875,-3.349,-1.733,0.6324791779916268,0.355917100515459
"{'ar': '48000', 'sample_fmt': 's32p', 'compression_level': '8', 'reservoir': '1', 'b:a': '319k', 'abr': 'True'}",437.234375,-3.314,-1.669,0.6350383569661062,-0.07736925780071614
"{'ar': '44100', 'sample_fmt': 's32p', 'compression_level': '9', 'reservoir': '1', 'b:a': '319k', 'abr': 'True'}",436.8369140625,-2.591,-0.705,0.6519883760192897,1.9106590936915524
"{'ar': '48000', 'sample_fmt': 's32p', 'compression_level': '8', 'reservoir': '1', 'aq': '9'}",102.0546875,-3.349,-1.733,0.6348455399856903,0.35574219586352485
"{'ar': '48000', 'sample_fmt': 's32p', 'compression_level': '9', 'reservoir': '1', 'aq': '9'}",102.0546875,-3.349,-1.733,0.6273250329832081,0.3562980582645172
"{'ar': '48000', 'sample_fmt': 's32p', 'compression_level': '9', 'reservoir': '1', 'aq': '9'}",102.0546875,-3.349,-1.733,0.623639819008531,0.35657044307679897
"{'ar': '48000', 'sample_fmt': 's32p', 'compression_level': '9', 'reservoir': '1', 'aq': '9'}",102.0546875,-3.349,-1.733,0.6411024699918926,0.35527972808908614
"{'ar': '48000', 'sample_fmt': 's32p', 'compression_level': '9', 'reservoir': '1', 'aq': '9'}",102.0546875,-3.349,-1.733,0.624479291960597,0.35650839520548533
"{'ar': '48000', 'sample_fmt': 's32p', 'compression_level': '9', 'reservoir': '1', 'aq': '9'}",102.0546875,-3.349,-1.733,0.629219363006996,0.3561580428593129
"{'ar': '48000', 'sample_fmt': 's32p', 'compression_level': '9', 'reservoir': '1', 'b:a': '319k', 'abr': 'True'}",437.234375,-3.314,-1.669,0.713862150994828,-0.08319535215707692
"{'ar': '48000', 'sample_fmt': 's32p', 'compression_level': '9', 'reservoir': '1', 'aq': '9'}",102.0546875,-3.349,-1.733,0.713524870981928,0.3499267791872812
"{'ar': '48000', 'sample_fmt': 's32p', 'compression_level': '9', 'reservoir': '1', 'aq': '9'}",102.0546875,-3.349,-1.733,0.7364814589964226,0.34822999144037564
"{'ar': '48000', 'sample_fmt': 's32p', 'compression_level': '9', 'reservoir': '1', 'aq': '9'}",102.0546875,-3.349,-1.733,0.6448082209972199,0.35500582532553293
"{'ar': '48000', 'sample_fmt': 's32p', 'compression_level': '9', 'reservoir': '1', 'aq': '9'}",102.0546875,-3.349,-1.733,0.6460753199935425,0.3549121703777803
"{'ar': '48000', 'sample_fmt': 's32p', 'compression_level': '9', 'reservoir': '1', 'aq': '9'}",102.0546875,-3.349,-1.733,0.6254073640157003,0.35643979871848336
"{'ar': '48000', 'sample_fmt': 's32p', 'compression_level': '9', 'reservoir': '1', 'aq': '9'}",102.0546875,-3.349,-1.733,0.6449475179833826,0.35499552948282526
"{'ar': '32000', 'sample_fmt': 's32p', 'compression_level': '9', 'reservoir': '1', 'aq': '9'}",81.7109375,-3.518,-2.09,0.6118707649875432,-0.11647601657191572
"{'ar': '48000', 'sample_fmt': 's32p', 'compression_level': '9', 'reservoir': '1', 'aq': '9'}",102.0546875,-3.349,-1.733,0.6836667799798306,0.3521336769599974
"{'ar': '48000', 'sample_fmt': 's32p', 'compression_level': '9', 'reservoir': '1', 'aq': '9'}",102.0546875,-3.349,-1.733,0.6493217599927448,0.35467221661774273
"{'ar': '48000', 'sample_fmt': 's32p', 'compression_level': '9', 'reservoir': '1', 'aq': '9'}",102.0546875,-3.349,-1.733,0.6416491229902022,0.35523932338657743
"{'ar': '48000', 'sample_fmt': 's32p', 'compression_level': '9', 'reservoir': '1', 'aq': '9'}",102.0546875,-3.349,-1.733,0.630986202013446,0.35602745068355024
"{'ar': '48000', 'sample_fmt': 's32p', 'compression_level': '9', 'reservoir': '1', 'b:a': '316k', 'abr': 'True'}",432.734375,-3.322,-1.683,0.6364356600097381,-0.09334796618821335
"{'ar': '48000', 'sample_fmt': 's32p', 'compression_level': '9', 'reservoir': '1', 'aq': '9'}",102.0546875,-3.349,-1.733,0.6465057420136873,0.3548803566426852
"{'ar': '48000', 'sample_fmt': 's32p', 'compression_level': '9', 'reservoir': '1', 'aq': '9'}",102.0546875,-3.349,-1.733,0.6349397079902701,0.3557352356342338
"{'ar': '44100', 'sample_fmt': 's32p', 'compression_level': '9', 'reservoir': '1', 'aq': '9'}",97.1474609375,-3.314,-1.668,0.6329647979873698,0.4657641155336627
"{'ar': '48000', 'sample_fmt': 's32p', 'compression_level': '9', 'reservoir': '1', 'aq': '9'}",102.0546875,-3.349,-1.733,0.6320217610045802,0.35595090952655234
"{'ar': '48000', 'sample_fmt': 's32p', 'compression_level': '9', 'reservoir': '1', 'aq': '9'}",102.0546875,-3.349,-1.733,0.6326257479959168,0.35590626710296813
"{'ar': '48000', 'sample_fmt': 's32p', 'compression_level': '9', 'reservoir': '1', 'aq': '9'}",102.0546875,-3.349,-1.733,0.6516579169838224,0.3544995445048484
"{'ar': '48000', 'sample_fmt': 's32p', 'compression_level': '9', 'reservoir': '1', 'aq': '9'}",102.0546875,-3.349,-1.733,0.6511724399751984,0.3545354275132082
"{'ar': '48000', 'sample_fmt': 's32p', 'compression_level': '9', 'reservoir': '1', 'b:a': '319k', 'abr': 'True'}",437.234375,-3.314,-1.669,0.6537961529975291,-0.078755700700897
"{'ar': '48000', 'sample_fmt': 's32p', 'compression_level': '9', 'reservoir': '1', 'b:a': '319k', 'abr': 'True'}",437.234375,-3.314,-1.669,0.6531094799865969,-0.07870494671470597
"{'ar': '44100', 'sample_fmt': 's32p', 'compression_level': '9', 'reservoir': '1', 'aq': '9'}",97.1474609375,-3.314,-1.668,0.6418491099902894,0.4651074503647481
"{'ar': '48000', 'sample_fmt': 's32p', 'compression_level': '9', 'reservoir': '1', 'b:a': '319k', 'abr': 'True'}",437.234375,-3.314,-1.669,0.6504799909889698,-0.0785105935857053
"{'ar': '48000', 'sample_fmt': 's32p', 'compression_level': '9', 'reservoir': '1', 'aq': '9'}",102.0546875,-3.349,-1.733,0.6409104090125766,0.3552939238709748
"{'ar': '48000', 'sample_fmt': 's32p', 'compression_level': '9', 'reservoir': '1', 'aq': '9'}",102.0546875,-3.349,-1.733,0.638909604982473,0.35544180907761336
"{'ar': '48000', 'sample_fmt': 's32p', 'compression_level': '9', 'reservoir': '1', 'aq': '9'}",102.0546875,-3.349,-1.733,0.6301994100213051,0.3560856047529087
"{'ar': '48000', 'sample_fmt': 's32p', 'compression_level': '8', 'reservoir': '1', 'b:a': '319k', 'abr': 'True'}",437.234375,-3.314,-1.669,0.6565303820243571,-0.07895779546807347
"{'ar': '48000', 'sample_fmt': 's32p', 'compression_level': '9', 'reservoir': '1', 'aq': '9'}",102.0546875,-3.349,-1.733,0.6482291410211474,0.35475297524275584
"{'ar': '44100', 'sample_fmt': 's32p', 'compression_level': '9', 'reservoir': '1', 'aq': '9'}",97.1474609375,-3.314,-1.668,0.634862176986644,0.465623874769871
"{'ar': '48000', 'sample_fmt': 's32p', 'compression_level': '9', 'reservoir': '1', 'aq': '9'}",102.0546875,-3.349,-1.733,0.6827803030028008,0.3521991990346014
"{'ar': '48000', 'sample_fmt': 's32p', 'compression_level': '9', 'reservoir': '1', 'aq': '9'}",102.0546875,-3.349,-1.733,0.7282349220186006,0.34883951681450953
"{'ar': '48000', 'sample_fmt': 's32p', 'compression_level': '8', 'reservoir': '1', 'aq': '9'}",102.0546875,-3.349,-1.733,0.7791484530025627,0.3450763506388243
"{'ar': '48000', 'sample_fmt': 's32p', 'compression_level': '8', 'reservoir': '1', 'aq': '9'}",102.0546875,-3.349,-1.733,0.6675375499762595,0.3533258349505404
"{'ar': '48000', 'sample_fmt': 's32p', 'compression_level': '9', 'reservoir': '1', 'b:a': '319k', 'abr': 'True'}",437.234375,-3.314,-1.669,0.7125054790230934,-0.08309507661191506
"{'ar': '48000', 'sample_fmt': 's32p', 'compression_level': '9', 'reservoir': '1', 'aq': '9'}",102.0546875,-3.349,-1.733,0.6655218490050174,0.35347482123313906
"{'ar': '48000', 'sample_fmt': 's32p', 'compression_level': '9', 'reservoir': '1', 'aq': '9'}",102.0546875,-3.349,-1.733,0.7311949059658218,0.34862073584890996
"{'ar': '48000', 'sample_fmt': 's32p', 'compression_level': '9', 'reservoir': '1', 'aq': '9'}",102.0546875,-3.349,-1.733,0.6975361139921006,0.35110855441152017
"{'ar': '48000', 'sample_fmt': 's32p', 'compression_level': '9', 'reservoir': '1', 'aq': '9'}",102.0546875,-3.349,-1.733,0.7048868540150579,0.35056523997847955
"{'ar': '48000', 'sample_fmt': 's32p', 'compression_level': '9', 'reservoir': '1', 'aq': '9'}",102.0546875,-3.349,-1.733,0.722407130029751,0.3492702657582093
"{'ar': '48000', 'sample_fmt': 's32p', 'compression_level': '8', 'reservoir': '1', 'b:a': '319k', 'abr': 'True'}",437.234375,-3.314,-1.669,0.726439007994486,-0.08412494399529477
"{'ar': '48000', 'sample_fmt': 's32p', 'compression_level': '9', 'reservoir': '1', 'aq': '9'}",102.0546875,-3.349,-1.733,0.7107453560165595,0.3501322211690165
"{'ar': '44100', 'sample_fmt': 's32p', 'compression_level': '9', 'reservoir': '1', 'aq': '9'}",97.1474609375,-3.314,-1.668,0.806683241011342,0.45292408349804464
"{'ar': '48000', 'sample_fmt': 's32p', 'compression_level': '8', 'reservoir': '1', 'aq': '9'}",102.0546875,-3.349,-1.733,0.7210863580403384,0.3493678878319546
"{'ar': '48000', 'sample_fmt': 's32p', 'compression_level': '9', 'reservoir': '1', 'aq': '9'}",102.0546875,-3.349,-1.733,0.7178123680059798,0.3496098778946888
"{'ar': '48000', 'sample_fmt': 's32p', 'compression_level': '9', 'reservoir': '1', 'aq': '9'}",102.0546875,-3.349,-1.733,0.6413542639929801,0.3552611172669762
"{'ar': '48000', 'sample_fmt': 's32p', 'compression_level': '9', 'reservoir': '1', 'b:a': '319k', 'abr': 'True'}",437.234375,-3.314,-1.669,0.6444038719928358,-0.07806149007542444
"{'ar': '48000', 'sample_fmt': 's32p', 'compression_level': '9', 'reservoir': '1', 'b:a': '319k', 'abr': 'True'}",437.234375,-3.314,-1.669,0.642742678988725,-0.07793870650092981
"{'ar': '48000', 'sample_fmt': 's32p', 'compression_level': '9', 'reservoir': '1', 'aq': '9'}",102.0546875,-3.349,-1.733,0.6675632940314244,0.35332393213304275
"{'ar': '48000', 'sample_fmt': 's32p', 'compression_level': '9', 'reservoir': '1', 'aq': '9'}",102.0546875,-3.349,-1.733,0.6381570389785338,0.3554974334052972
"{'ar': '44100', 'sample_fmt': 'fltp', 'compression_level': '8', 'reservoir': '1', 'b:a': '304k', 'abr': 'True'}",416.9375,-2.592,-0.706,0.7038858449959662,1.9359305962968083
"{'ar': '48000', 'sample_fmt': 's32p', 'compression_level': '9', 'reservoir': '1', 'aq': '9'}",102.0546875,-3.349,-1.733,0.6884640580101404,0.3517790962803603
"{'ar': '48000', 'sample_fmt': 's32p', 'compression_level': '9', 'reservoir': '1', 'aq': '9'}",102.0546875,-3.349,-1.733,0.6778214030200616,0.3525657256597048
"{'ar': '48000', 'sample_fmt': 's32p', 'compression_level': '9', 'reservoir': '1', 'aq': '9'}",102.0546875,-3.349,-1.733,0.6597434330033138,0.3539019206549705
"{'ar': '44100', 'sample_fmt': 's32p', 'compression_level': '9', 'reservoir': '1', 'aq': '9'}",97.1474609375,-3.314,-1.668,0.6196754129778128,0.4667463723757461
"{'ar': '48000', 'sample_fmt': 's32p', 'compression_level': '9', 'reservoir': '1', 'b:a': '319k', 'abr': 'True'}",437.234375,-3.314,-1.669,0.6384135940170381,-0.07761873132297072
"{'ar': '48000', 'sample_fmt': 's32p', 'compression_level': '9', 'reservoir': '1', 'aq': '9'}",102.0546875,-3.349,-1.733,0.6343274369719438,0.3557804903541872
"{'ar': '48000', 'sample_fmt': 's32p', 'compression_level': '9', 'reservoir': '1', 'b:a': '314k', 'abr': 'True'}",430.484375,-3.325,-1.689,0.6459034970030189,-0.09934007997066588
"{'ar': '48000', 'sample_fmt': 's32p', 'compression_level': '9', 'reservoir': '1', 'b:a': '312k', 'abr': 'True'}",428.046875,-3.331,-1.699,0.6384805749985389,-0.11203620898582814
"{'ar': '44100', 'sample_fmt': 's32p', 'compression_level': '9', 'reservoir': '1', 'aq': '9'}",97.1474609375,-3.314,-1.668,0.6373254850041121,0.46544180455724815
"{'ar': '48000', 'sample_fmt': 's32p', 'compression_level': '9', 'reservoir': '1', 'aq': '9'}",102.0546875,-3.349,-1.733,0.6497011699539144,0.3546441733313119
"{'ar': '48000', 'sample_fmt': 's32p', 'compression_level': '9', 'reservoir': '1', 'b:a': '319k', 'abr': 'True'}",437.234375,-3.314,-1.669,0.6568359449738637,-0.0789803805085117
"{'ar': '48000', 'sample_fmt': 's32p', 'compression_level': '9', 'reservoir': '1', 'aq': '9'}",102.0546875,-3.349,-1.733,0.6548639310058206,0.35426257874558575
"{'ar': '48000', 'sample_fmt': 's32p', 'compression_level': '9', 'reservoir': '1', 'aq': '9'}",102.0546875,-3.349,-1.733,0.6254142070247326,0.3564392929319148
"{'ar': '44100', 'sample_fmt': 's32p', 'compression_level': '9', 'reservoir': '1', 'aq': '9'}",97.1474609375,-3.314,-1.668,0.6340866700338665,0.46568119472936503
"{'ar': '48000', 'sample_fmt': 's32p', 'compression_level': '9', 'reservoir': '1', 'aq': '9'}",102.0546875,-3.349,-1.733,0.6366039430140518,0.3556122272152762
"{'ar': '48000', 'sample_fmt': 's32p', 'compression_level': '8', 'reservoir': '1', 'b:a': '319k', 'abr': 'True'}",437.234375,-3.314,-1.669,0.6370378450374119,-0.07751704574103782
"{'ar': '48000', 'sample_fmt': 's32p', 'compression_level': '9', 'reservoir': '1', 'aq': '9'}",102.0546875,-3.349,-1.733,0.6367046580126043,0.3556047830787449
"{'ar': '48000', 'sample_fmt': 's32p', 'compression_level': '9', 'reservoir': '1', 'aq': '9'}",102.0546875,-3.349,-1.733,0.6251213999930769,0.35646093514560995
"{'ar': '48000', 'sample_fmt': 'fltp', 'compression_level': '9', 'reservoir': '1', 'b:a': '315k', 'abr': 'True'}",431.609375,-3.324,-1.688,0.6528319779899903,-0.09900191045597363
"{'ar': '48000', 'sample_fmt': 's32p', 'compression_level': '9', 'reservoir': '1', 'aq': '9'}",102.0546875,-3.349,-1.733,0.643569103005575,0.3550974121163864
"{'ar': '48000', 'sample_fmt': 's32p', 'compression_level': '9', 'reservoir': '1', 'aq': '9'}",102.0546875,-3.349,-1.733,0.6351768040040042,0.3557177111828349
"{'ar': '48000', 'sample_fmt': 's32p', 'compression_level': '9', 'reservoir': '1', 'aq': '9'}",102.0546875,-3.349,-1.733,0.6722994489828125,0.35297386923676705
"{'ar': '48000', 'sample_fmt': 's32p', 'compression_level': '9', 'reservoir': '1', 'aq': '9'}",102.0546875,-3.349,-1.733,0.6706098819850013,0.3530987500151149
"{'ar': '48000', 'sample_fmt': 's32p', 'compression_level': '9', 'reservoir': '1', 'aq': '9'}",102.0546875,-3.349,-1.733,0.6456757799896877,0.35494170153382626
"{'ar': '48000', 'sample_fmt': 's32p', 'compression_level': '9', 'reservoir': '1', 'aq': '9'}",102.0546875,-3.349,-1.733,0.6426254869729746,0.3551671575036752
"{'ar': '44100', 'sample_fmt': 's32p', 'compression_level': '9', 'reservoir': '1', 'aq': '9'}",97.1474609375,-3.314,-1.668,0.6408640349982306,0.46518026010351476
"{'ar': '48000', 'sample_fmt': 's32p', 'compression_level': '9', 'reservoir': '1', 'b:a': '319k', 'abr': 'True'}",437.234375,-3.314,-1.669,0.6490407769742887,-0.0784042171196667
"{'ar': '48000', 'sample_fmt': 's32p', 'compression_level': '9', 'reservoir': '1', 'aq': '9'}",102.0546875,-3.349,-1.733,0.6325376509921625,0.35591277860704773
"{'ar': '48000', 'sample_fmt': 's32p', 'compression_level': '9', 'reservoir': '1', 'aq': '9'}",102.0546875,-3.349,-1.733,0.6433661379851401,0.35511241384745845
"{'ar': '48000', 'sample_fmt': 's32p', 'compression_level': '9', 'reservoir': '1', 'aq': '9'}",102.0546875,-3.349,-1.733,0.6407474279985763,0.35530597026860844
"{'ar': '48000', 'sample_fmt': 's32p', 'compression_level': '9', 'reservoir': '1', 'aq': '9'}",102.0546875,-3.349,-1.733,0.6528501530119684,0.35441142289536964
"{'ar': '48000', 'sample_fmt': 's32p', 'compression_level': '9', 'reservoir': '1', 'b:a': '319k', 'abr': 'True'}",437.234375,-3.314,-1.669,0.6390098120027687,-0.07766279951690414
"{'ar': '48000', 'sample_fmt': 's32p', 'compression_level': '9', 'reservoir': '1', 'aq': '9'}",102.0546875,-3.349,-1.733,0.6405022120161448,0.35532409489035416
"{'ar': '48000', 'sample_fmt': 's32p', 'compression_level': '9', 'reservoir': '1', 'b:a': '319k', 'abr': 'True'}",437.234375,-3.314,-1.669,0.6509041260287631,-0.07854194263191809
"{'ar': '48000', 'sample_fmt': 's32p', 'compression_level': '9', 'reservoir': '1', 'aq': '9'}",102.0546875,-3.349,-1.733,0.6404094400058966,0.35533095193767084
"{'ar': '48000', 'sample_fmt': 's32p', 'compression_level': '9', 'reservoir': '1', 'aq': '9'}",102.0546875,-3.349,-1.733,0.6791093280189671,0.35247053140193024
"{'ar': '48000', 'sample_fmt': 's32p', 'compression_level': '9', 'reservoir': '1', 'aq': '9'}",102.0546875,-3.349,-1.733,0.6728183040104341,0.3529355191625865
"{'ar': '48000', 'sample_fmt': 's32p', 'compression_level': '9', 'reservoir': '1', 'aq': '9'}",102.0546875,-3.349,-1.733,0.6889186440093908,0.3517454965157543
"{'ar': '44100', 'sample_fmt': 's32p', 'compression_level': '9', 'reservoir': '1', 'aq': '9'}",97.1474609375,-3.314,-1.668,0.650116462027654,0.46449638648942404
"{'ar': '48000', 'sample_fmt': 's32p', 'compression_level': '9', 'reservoir': '1', 'b:a': '319k', 'abr': 'True'}",437.234375,-3.314,-1.669,0.6774730879697017,-0.08050573137268922
"{'ar': '48000', 'sample_fmt': 's32p', 'compression_level': '9', 'reservoir': '1', 'aq': '9'}",102.0546875,-3.349,-1.733,0.6766104960115626,0.3526552272952861
"{'ar': '48000', 'sample_fmt': 's32p', 'compression_level': '9', 'reservoir': '1', 'aq': '9'}",102.0546875,-3.349,-1.733,1.328924498957349,0.3044408146554587
"{'ar': '48000', 'sample_fmt': 's32p', 'compression_level': '9', 'reservoir': '1', 'aq': '9'}",102.0546875,-3.349,-1.733,0.9062868130276911,0.33567918711800393
"{'ar': '48000', 'sample_fmt': 's32p', 'compression_level': '9', 'reservoir': '1', 'aq': '9'}",102.0546875,-3.349,-1.733,0.6752614099823404,0.35275494214151937
"{'ar': '48000', 'sample_fmt': 's32p', 'compression_level': '9', 'reservoir': '1', 'b:a': '320k', 'abr': 'True'}",438.171875,-3.313,-1.667,0.7325373679923359,-0.08311077231762759
"{'ar': '48000', 'sample_fmt': 's32p', 'compression_level': '9', 'reservoir': '1', 'aq': '9'}",102.0546875,-3.349,-1.733,0.764883686992107,0.3461307007087796
"{'ar': '44100', 'sample_fmt': 's32p', 'compression_level': '9', 'reservoir': '1', 'aq': '9'}",97.1474609375,-3.314,-1.668,0.6420379770279396,0.465093490656316
"{'ar': '48000', 'sample_fmt': 's32p', 'compression_level': '9', 'reservoir': '1', 'aq': '9'}",102.0546875,-3.349,-1.733,0.6900195950001944,0.3516641220471286
"{'ar': '48000', 'sample_fmt': 's32p', 'compression_level': '9', 'reservoir': '1', 'aq': '9'}",102.0546875,-3.349,-1.733,0.6967413129750639,0.35116730045104855
"{'ar': '48000', 'sample_fmt': 's32p', 'compression_level': '9', 'reservoir': '1', 'aq': '9'}",102.0546875,-3.349,-1.733,0.7404777850024402,0.34793461143898474
"{'ar': '44100', 'sample_fmt': 's32p', 'compression_level': '9', 'reservoir': '1', 'aq': '9'}",97.1474609375,-3.314,-1.668,0.6585646239982452,0.46387195842953455
"{'ar': '48000', 'sample_fmt': 's32p', 'compression_level': '9', 'reservoir': '1', 'aq': '9'}",102.0546875,-3.349,-1.733,0.6563654949713964,0.3541515938145335
"{'ar': '48000', 'sample_fmt': 's32p', 'compression_level': '9', 'reservoir': '1', 'aq': '9'}",102.0546875,-3.349,-1.733,0.6525908960029483,0.3544305853299582
"{'ar': '48000', 'sample_fmt': 's32p', 'compression_level': '8', 'reservoir': '1', 'aq': '9'}",102.0546875,-3.349,-1.733,0.6950728170049842,0.35129062380885784
"{'ar': '48000', 'sample_fmt': 's32p', 'compression_level': '9', 'reservoir': '1', 'aq': '9'}",102.0546875,-3.349,-1.733,0.6927007990016136,0.35146594651278135
"{'ar': '48000', 'sample_fmt': 's32p', 'compression_level': '8', 'reservoir': '1', 'b:a': '320k', 'abr': 'True'}",438.171875,-3.313,-1.667,0.6700294620241039,-0.07849063238809376
"{'ar': '48000', 'sample_fmt': 's32p', 'compression_level': '9', 'reservoir': '1', 'aq': '9'}",102.0546875,-3.349,-1.733,0.6362798880145419,0.35563617905655787
"{'ar': '48000', 'sample_fmt': 's32p', 'compression_level': '9', 'reservoir': '1', 'b:a': '320k', 'abr': 'True'}",438.171875,-3.313,-1.667,0.6276937969960272,-0.07536148106859519
"{'ar': '48000', 'sample_fmt': 's32p', 'compression_level': '8', 'reservoir': '1', 'aq': '9'}",102.0546875,-3.349,-1.733,0.621163435978815,0.35675347970135374
"{'ar': '48000', 'sample_fmt': 's32p', 'compression_level': '9', 'reservoir': '1', 'aq': '9'}",102.0546875,-3.349,-1.733,0.6234355000196956,0.3565855448835874
"{'ar': '48000', 'sample_fmt': 's32p', 'compression_level': '9', 'reservoir': '1', 'aq': '9'}",102.0546875,-3.349,-1.733,0.6242712659877725,0.35652377100617066
"{'ar': '44100', 'sample_fmt': 's32p', 'compression_level': '9', 'reservoir': '1', 'aq': '9'}",97.1474609375,-3.314,-1.668,0.6177528649859596,0.46688847345249823
"{'ar': '48000', 'sample_fmt': 's32p', 'compression_level': '9', 'reservoir': '1', 'b:a': '320k', 'abr': 'True'}",438.171875,-3.313,-1.667,0.6534897029923741,-0.07726813101096879
"{'ar': '48000', 'sample_fmt': 's32p', 'compression_level': '9', 'reservoir': '1', 'b:a': '320k', 'abr': 'True'}",438.171875,-3.313,-1.667,0.6609006600046996,-0.07781589625567407
"{'ar': '48000', 'sample_fmt': 's32p', 'compression_level': '9', 'reservoir': '1', 'aq': '9'}",102.0546875,-3.349,-1.733,0.6457973819924518,0.3549327135784664
"{'ar': '48000', 'sample_fmt': 's32p', 'compression_level': '9', 'reservoir': '1', 'b:a': '320k', 'abr': 'True'}",438.171875,-3.313,-1.667,0.6377898360078689,-0.0761077084816915
"{'ar': '48000', 'sample_fmt': 's32p', 'compression_level': '9', 'reservoir': '1', 'aq': '9'}",102.0546875,-3.349,-1.733,0.6258943020075094,0.3564038077246352
"{'ar': '48000', 'sample_fmt': 's32p', 'compression_level': '9', 'reservoir': '1', 'aq': '9'}",102.0546875,-3.349,-1.733,0.6237145069753751,0.35656492267337914
"{'ar': '48000', 'sample_fmt': 's32p', 'compression_level': '8', 'reservoir': '1', 'aq': '9'}",102.0546875,-3.349,-1.733,0.6151178780128248,0.3572003243575989
"{'ar': '48000', 'sample_fmt': 'fltp', 'compression_level': '9', 'reservoir': '1', 'aq': '9'}",102.0546875,-3.349,-1.733,0.6202440539782401,0.35682143388131793
"{'ar': '48000', 'sample_fmt': 's32p', 'compression_level': '9', 'reservoir': '1', 'aq': '9'}",102.0546875,-3.349,-1.733,0.6192832450033166,0.3568924500486481
"{'ar': '48000', 'sample_fmt': 's32p', 'compression_level': '9', 'reservoir': '1', 'b:a': '320k', 'abr': 'True'}",438.171875,-3.313,-1.667,0.629236406966811,-0.07547549982848355
"{'ar': '48000', 'sample_fmt': 's32p', 'compression_level': '9', 'reservoir': '1', 'b:a': '320k', 'abr': 'True'}",438.171875,-3.313,-1.667,0.6353130970092025,-0.07592464554644315
"{'ar': '48000', 'sample_fmt': 's32p', 'compression_level': '9', 'reservoir': '1', 'aq': '9'}",102.0546875,-3.349,-1.733,0.6611408289754763,0.35379863508127624
"{'ar': '48000', 'sample_fmt': 's32p', 'compression_level': '9', 'reservoir': '1', 'aq': '9'}",102.0546875,-3.349,-1.733,0.6611838829703629,0.35379545283612146
"{'ar': '44100', 'sample_fmt': 's32p', 'compression_level': '8', 'reservoir': '1', 'aq': '9'}",97.1474609375,-3.314,-1.668,0.677553238987457,0.46246845503329553
"{'ar': '48000', 'sample_fmt': 's32p', 'compression_level': '9', 'reservoir': '1', 'aq': '9'}",102.0546875,-3.349,-1.733,0.7070396770141087,0.3504061186106291
"{'ar': '44100', 'sample_fmt': 's32p', 'compression_level': '9', 'reservoir': '1', 'aq': '9'}",97.1474609375,-3.314,-1.668,0.6666035369853489,0.46327777914442714
"{'ar': '48000', 'sample_fmt': 's32p', 'compression_level': '9', 'reservoir': '1', 'b:a': '313k', 'abr': 'True'}",429.359375,-3.328,-1.694,0.7456120589922648,-0.1134818107382302
"{'ar': '48000', 'sample_fmt': 's32p', 'compression_level': '9', 'reservoir': '1', 'aq': '9'}",102.0546875,-3.349,-1.733,0.7351418540347368,0.3483290055135143
"{'ar': '48000', 'sample_fmt': 's32p', 'compression_level': '9', 'reservoir': '1', 'aq': '9'}",102.0546875,-3.349,-1.733,0.6488789739960339,0.35470494421006815
"{'ar': '44100', 'sample_fmt': 's32p', 'compression_level': '9', 'reservoir': '1', 'aq': '9'}",97.1474609375,-3.314,-1.668,0.6574735340254847,0.46395260404182603
"{'ar': '48000', 'sample_fmt': 's32p', 'compression_level': '9', 'reservoir': '1', 'b:a': '320k', 'abr': 'True'}",438.171875,-3.313,-1.667,0.6869734169740696,-0.07974300905334862
"{'ar': '48000', 'sample_fmt': 's32p', 'compression_level': '9', 'reservoir': '1', 'aq': '9'}",102.0546875,-3.349,-1.733,0.6630428690114059,0.35365804980679855
"{'ar': '48000', 'sample_fmt': 's32p', 'compression_level': '9', 'reservoir': '1', 'b:a': '320k', 'abr': 'True'}",438.171875,-3.313,-1.667,0.7315955020021647,-0.08304115628103101
"{'ar': '48000', 'sample_fmt': 's32p', 'compression_level': '9', 'reservoir': '1', 'aq': '9'}",102.0546875,-3.349,-1.733,0.707916599989403,0.35034130269989705
"{'ar': '48000', 'sample_fmt': 's32p', 'compression_level': '9', 'reservoir': '1', 'b:a': '320k', 'abr': 'True'}",438.171875,-3.313,-1.667,0.6654065389884636,-0.07814893878986351
"{'ar': '48000', 'sample_fmt': 's32p', 'compression_level': '9', 'reservoir': '1', 'aq': '9'}",102.0546875,-3.349,-1.733,0.6535528970125597,0.3543594810559002
"{'ar': '48000', 'sample_fmt': 's32p', 'compression_level': '7', 'reservoir': '1', 'aq': '9'}",102.0546875,-3.349,-1.733,0.6500440620002337,0.354618829189476
"{'ar': '48000', 'sample_fmt': 's32p', 'compression_level': '9', 'reservoir': '1', 'aq': '9'}",102.0546875,-3.349,-1.733,0.6759305090236012,0.35270548709820193
"{'ar': '48000', 'sample_fmt': 's32p', 'compression_level': '9', 'reservoir': '1', 'aq': '9'}",102.0546875,-3.349,-1.733,0.6454803689848632,0.35495614492577926
"{'ar': '48000', 'sample_fmt': 's32p', 'compression_level': '9', 'reservoir': '1', 'aq': '9'}",102.0546875,-3.349,-1.733,0.6591796909924597,0.3539435884557704
"{'ar': '48000', 'sample_fmt': 's32p', 'compression_level': '9', 'reservoir': '1', 'aq': '9'}",102.0546875,-3.349,-1.733,0.641985944006592,0.35521442797210423
"{'ar': '48000', 'sample_fmt': 's32p', 'compression_level': '9', 'reservoir': '1', 'b:a': '297k', 'abr': 'True'}",408.359375,-3.357,-1.748,0.6573313259868883,-0.15805072127797073
"{'ar': '48000', 'sample_fmt': 's32p', 'compression_level': '9', 'reservoir': '1', 'aq': '9'}",102.0546875,-3.349,-1.733,0.6560292840295006,0.3541764441366381
"{'ar': '48000', 'sample_fmt': 's32p', 'compression_level': '9', 'reservoir': '1', 'aq': '9'}",102.0546875,-3.349,-1.733,0.6556875400128774,0.3542017034242822
"{'ar': '48000', 'sample_fmt': 's32p', 'compression_level': '9', 'reservoir': '1', 'aq': '9'}",102.0546875,-3.349,-1.733,0.6919770060048904,0.3515194441443702
"{'ar': '48000', 'sample_fmt': 's32p', 'compression_level': '9', 'reservoir': '1', 'aq': '9'}",102.0546875,-3.349,-1.733,0.651750415971037,0.35449270763745294
"{'ar': '48000', 'sample_fmt': 's32p', 'compression_level': '8', 'reservoir': '1', 'aq': '9'}",102.0546875,-3.349,-1.733,0.6498585259832907,0.35463254269254363
"{'ar': '48000', 'sample_fmt': 's32p', 'compression_level': '9', 'reservoir': '1', 'aq': '9'}",102.0546875,-3.349,-1.733,0.6560332049848512,0.35417615432749966
"{'ar': '48000', 'sample_fmt': 's32p', 'compression_level': '9', 'reservoir': '1', 'aq': '9'}",102.0546875,-3.349,-1.733,0.6400152739952318,0.3553600858863535
"{'ar': '48000', 'sample_fmt': 's32p', 'compression_level': '9', 'reservoir': '1', 'aq': '9'}",102.0546875,-3.349,-1.733,0.641573206987232,0.3552449345576954
"{'ar': '44100', 'sample_fmt': 's32p', 'compression_level': '9', 'reservoir': '1', 'aq': '9'}",97.1474609375,-3.314,-1.668,0.6437768239993602,0.4649649674527377
"{'ar': '48000', 'sample_fmt': 's32p', 'compression_level': '8', 'reservoir': '1', 'b:a': '320k', 'abr': 'True'}",438.171875,-3.313,-1.667,0.658667390991468,-0.07765082889048884
"{'ar': '48000', 'sample_fmt': 's32p', 'compression_level': '9', 'reservoir': '1', 'aq': '9'}",102.0546875,-3.349,-1.733,0.6587982099736109,0.35397178482005814
"{'ar': '48000', 'sample_fmt': 's32p', 'compression_level': '9', 'reservoir': '1', 'aq': '9'}",102.0546875,-3.349,-1.733,0.668513217009604,0.353253720581184
"{'ar': '48000', 'sample_fmt': 's32p', 'compression_level': '9', 'reservoir': '1', 'b:a': '320k', 'abr': 'True'}",438.171875,-3.313,-1.667,0.714431341009913,-0.08177250355096592
"{'ar': '48000', 'sample_fmt': 's32p', 'compression_level': '9', 'reservoir': '1', 'aq': '9'}",102.0546875,-3.349,-1.733,0.6537674370047171,0.3543436237852255
"{'ar': '44100', 'sample_fmt': 's32p', 'compression_level': '9', 'reservoir': '1', 'aq': '9'}",97.1474609375,-3.314,-1.668,0.6484188599861227,0.46462186116106835
"{'ar': '48000', 'sample_fmt': 's32p', 'compression_level': '9', 'reservoir': '1', 'aq': '9'}",102.0546875,-3.349,-1.733,0.6398637879756279,0.35537128265573964
"{'ar': '48000', 'sample_fmt': 's32p', 'compression_level': '9', 'reservoir': '1', 'aq': '9'}",102.0546875,-3.349,-1.733,0.6486836389813107,0.35471938198537317
"{'ar': '48000', 'sample_fmt': 's32p', 'compression_level': '9', 'reservoir': '1', 'b:a': '320k', 'abr': 'True'}",438.171875,-3.313,-1.667,0.6567883489769883,-0.07751194346622298
"{'ar': '48000', 'sample_fmt': 's32p', 'compression_level': '9', 'reservoir': '1', 'aq': '9'}",102.0546875,-3.349,-1.733,0.6468576249899343,0.35485434795524157
"{'ar': '48000', 'sample_fmt': 's32p', 'compression_level': '9', 'reservoir': '1', 'aq': '9'}",102.0546875,-3.349,-1.733,0.6499048580008093,0.3546291181592652
"{'ar': '48000', 'sample_fmt': 's32p', 'compression_level': '8', 'reservoir': '1', 'aq': '9'}",102.0546875,-3.349,-1.733,0.6557598549989052,0.3541963584147306
"{'ar': '48000', 'sample_fmt': 's32p', 'compression_level': '9', 'reservoir': '1', 'aq': '9'}",102.0546875,-3.349,-1.733,0.6484412910067476,0.35473729462437104
"{'ar': '48000', 'sample_fmt': 's32p', 'compression_level': '9', 'reservoir': '1', 'aq': '9'}",102.0546875,-3.349,-1.733,0.6510787739825901,0.3545423506373441
"{'ar': '48000', 'sample_fmt': 's32p', 'compression_level': '9', 'reservoir': '1', 'b:a': '310k', 'abr': 'True'}",425.421875,-3.336,-1.708,0.6517809059878346,-0.12331947014438495
"{'ar': '48000', 'sample_fmt': 's32p', 'compression_level': '9', 'reservoir': '1', 'b:a': '320k', 'abr': 'True'}",438.171875,-3.313,-1.667,0.6719076080189552,-0.0786294515849601
"{'ar': '48000', 'sample_fmt': 's32p', 'compression_level': '9', 'reservoir': '1', 'aq': '9'}",102.0546875,-3.349,-1.733,0.6577927489997819,0.3540461013456371
"{'ar': '48000', 'sample_fmt': 's32p', 'compression_level': '9', 'reservoir': '1', 'aq': '9'}",102.0546875,-3.349,-1.733,0.65684167802101,0.3541163977495364
"{'ar': '48000', 'sample_fmt': 's32p', 'compression_level': '9', 'reservoir': '1', 'aq': '9'}",102.0546875,-3.349,-1.733,0.679719786014175,0.35242541068775374
"{'ar': '48000', 'sample_fmt': 's32p', 'compression_level': '9', 'reservoir': '1', 'aq': '9'}",102.0546875,-3.349,-1.733,0.6809215769753791,0.35233658284556635
"{'ar': '48000', 'sample_fmt': 's32p', 'compression_level': '9', 'reservoir': '1', 'aq': '9'}",102.0546875,-3.349,-1.733,0.6502541200025007,0.35460330319562355
"{'ar': '48000', 'sample_fmt': 's32p', 'compression_level': '9', 'reservoir': '1', 'aq': '9'}",102.0546875,-3.349,-1.733,0.6415042699954938,0.35525002988992926
"{'ar': '48000', 'sample_fmt': 's32p', 'compression_level': '9', 'reservoir': '1', 'b:a': '302k', 'abr': 'True'}",414.734375,-3.345,-1.726,0.6674470409634523,-0.1340714258386985
"{'ar': '48000', 'sample_fmt': 's32p', 'compression_level': '9', 'reservoir': '1', 'b:a': '320k', 'abr': 'True'}",438.171875,-3.313,-1.667,0.6519606430374552,-0.07715511377190205
"{'ar': '48000', 'sample_fmt': 's32p', 'compression_level': '9', 'reservoir': '1', 'aq': '9'}",102.0546875,-3.349,-1.733,0.6871562470041681,0.3518757603703723
"{'ar': '48000', 'sample_fmt': 's32p', 'compression_level': '9', 'reservoir': '1', 'aq': '9'}",102.0546875,-3.349,-1.733,0.6741053860168904,0.3528403872128194
"{'ar': '44100', 'sample_fmt': 's32p', 'compression_level': '9', 'reservoir': '1', 'aq': '9'}",97.1474609375,-3.314,-1.668,0.6387321119836997,0.46533783669312456
"{'ar': '44100', 'sample_fmt': 's32p', 'compression_level': '9', 'reservoir': '1', 'aq': '9'}",97.1474609375,-3.314,-1.668,0.6565652570279781,0.4640197374189286
"{'ar': '48000', 'sample_fmt': 's32p', 'compression_level': '9', 'reservoir': '1', 'aq': '9'}",102.0546875,-3.349,-1.733,0.6513489289791323,0.35452238270101094
"{'ar': '48000', 'sample_fmt': 's32p', 'compression_level': '9', 'reservoir': '1', 'aq': '9'}",102.0546875,-3.349,-1.733,0.6431137270119507,0.355131070271759
"{'ar': '48000', 'sample_fmt': 's32p', 'compression_level': '9', 'reservoir': '1', 'aq': '9'}",102.0546875,-3.349,-1.733,0.643732052994892,0.3550853680118768
"{'ar': '48000', 'sample_fmt': 's32p', 'compression_level': '8', 'reservoir': '1', 'b:a': '313k', 'abr': 'True'}",429.359375,-3.328,-1.694,0.676392482011579,-0.1083655918126364
"{'ar': '48000', 'sample_fmt': 's32p', 'compression_level': '9', 'reservoir': '1', 'b:a': '308k', 'abr': 'True'}",422.609375,-3.336,-1.708,0.6566486670053564,-0.11919145371708881
"{'ar': '48000', 'sample_fmt': 's32p', 'compression_level': '9', 'reservoir': '1', 'b:a': '320k', 'abr': 'True'}",438.171875,-3.313,-1.667,0.656044698000187,-0.0774569780739524
"{'ar': '48000', 'sample_fmt': 's32p', 'compression_level': '9', 'reservoir': '1', 'aq': '9'}",102.0546875,-3.349,-1.733,0.6469477610080503,0.3548476857417194
"{'ar': '48000', 'sample_fmt': 's32p', 'compression_level': '9', 'reservoir': '1', 'aq': '9'}",102.0546875,-3.349,-1.733,0.6430256419989746,0.35513758088956554
"{'ar': '48000', 'sample_fmt': 's32p', 'compression_level': '9', 'reservoir': '1', 'aq': '9'}",102.0546875,-3.349,-1.733,0.6541187670081854,0.35431765596959763
"{'ar': '44100', 'sample_fmt': 's32p', 'compression_level': '9', 'reservoir': '1', 'aq': '9'}",97.1474609375,-3.314,-1.668,0.647430748998886,0.46469489529901026
"{'ar': '48000', 'sample_fmt': 's32p', 'compression_level': '9', 'reservoir': '1', 'aq': '9'}",102.0546875,-3.349,-1.733,0.6494816090271343,0.35466040171377117
"{'ar': '48000', 'sample_fmt': 's32p', 'compression_level': '9', 'reservoir': '1', 'aq': '9'}",102.0546875,-3.349,-1.733,0.6544759159733076,0.3542912580577016
"{'ar': '48000', 'sample_fmt': 's32p', 'compression_level': '9', 'reservoir': '1', 'aq': '9'}",102.0546875,-3.349,-1.733,0.6459643809939735,0.3549203701997662
"{'ar': '48000', 'sample_fmt': 's32p', 'compression_level': '9', 'reservoir': '1', 'b:a': '320k', 'abr': 'True'}",438.171875,-3.313,-1.667,0.6485852010373492,-0.07690562510126188
"{'ar': '48000', 'sample_fmt': 's32p', 'compression_level': '9', 'reservoir': '1', 'aq': '9'}",102.0546875,-3.349,-1.733,0.6518752640113235,0.35448347975808125
"{'ar': '44100', 'sample_fmt': 's32p', 'compression_level': '9', 'reservoir': '1', 'b:a': '320k', 'abr': 'True'}",437.857421875,-2.591,-0.705,0.7230502019810956,1.9037783206231655
"{'ar': '48000', 'sample_fmt': 's32p', 'compression_level': '9', 'reservoir': '1', 'aq': '9'}",102.0546875,-3.349,-1.733,0.6592484190186951,0.3539385085687806
"{'ar': '48000', 'sample_fmt': 's32p', 'compression_level': '9', 'reservoir': '1', 'aq': '9'}",102.0546875,-3.349,-1.733,0.6657913670351263,0.3534549003768354
"{'ar': '48000', 'sample_fmt': 's32p', 'compression_level': '9', 'reservoir': '1', 'aq': '9'}",102.0546875,-3.349,-1.733,0.7064806559646968,0.35044743747152884
"{'ar': '48000', 'sample_fmt': 's32p', 'compression_level': '9', 'reservoir': '1', 'aq': '9'}",102.0546875,-3.349,-1.733,0.6681108560005669,0.35328346024587354
"{'ar': '44100', 'sample_fmt': 's32p', 'compression_level': '9', 'reservoir': '1', 'aq': '9'}",97.1474609375,-3.314,-1.668,0.6585796549916267,0.4638708474453858
"{'ar': '48000', 'sample_fmt': 's32p', 'compression_level': '8', 'reservoir': '1', 'b:a': '320k', 'abr': 'True'}",438.171875,-3.313,-1.667,0.6613896440248936,-0.0778520384773916
"{'ar': '48000', 'sample_fmt': 's32p', 'compression_level': '9', 'reservoir': '1', 'aq': '9'}",102.0546875,-3.349,-1.733,0.6692970640142448,0.35319578418436043
"{'ar': '48000', 'sample_fmt': 's32p', 'compression_level': '8', 'reservoir': '1', 'aq': '9'}",102.0546875,-3.349,-1.733,0.6551053810107987,0.35424473247811433
"{'ar': '48000', 'sample_fmt': 's32p', 'compression_level': '9', 'reservoir': '1', 'b:a': '312k', 'abr': 'True'}",428.046875,-3.331,-1.699,0.6619046410196461,-0.11376754938285175
"{'ar': '48000', 'sample_fmt': 'fltp', 'compression_level': '9', 'reservoir': '1', 'aq': '9'}",102.0546875,-3.349,-1.733,0.6534359269717243,0.3543681266495711
"{'ar': '48000', 'sample_fmt': 's32p', 'compression_level': '9', 'reservoir': '1', 'aq': '9'}",102.0546875,-3.349,-1.733,0.6522839390090667,0.3544532734082439
"{'ar': '48000', 'sample_fmt': 's32p', 'compression_level': '9', 'reservoir': '1', 'aq': '9'}",102.0546875,-3.349,-1.733,0.6438351039832924,0.3550777512155866
"{'ar': '48000', 'sample_fmt': 's32p', 'compression_level': '9', 'reservoir': '1', 'aq': '9'}",102.0546875,-3.349,-1.733,0.6581663640099578,0.35401848638077704
"{'ar': '48000', 'sample_fmt': 's32p', 'compression_level': '9', 'reservoir': '1', 'aq': '9'}",102.0546875,-3.349,-1.733,0.6537744179950096,0.3543431078000633
"{'ar': '48000', 'sample_fmt': 's32p', 'compression_level': '9', 'reservoir': '1', 'aq': '9'}",102.0546875,-3.349,-1.733,0.6996747899975162,0.35095047868884316
"{'ar': '48000', 'sample_fmt': 's32p', 'compression_level': '9', 'reservoir': '1', 'aq': '9'}",102.0546875,-3.349,-1.733,0.7551107990148012,0.3468530430952572
"{'ar': '44100', 'sample_fmt': 's32p', 'compression_level': '9', 'reservoir': '1', 'aq': '9'}",97.1474609375,-3.314,-1.668,0.7021811610029545,0.4606481341615154
"{'ar': '44100', 'sample_fmt': 's32p', 'compression_level': '9', 'reservoir': '1', 'aq': '9'}",97.1474609375,-3.314,-1.668,0.6883484999998473,0.4616705461019288
"{'ar': '48000', 'sample_fmt': 's32p', 'compression_level': '9', 'reservoir': '1', 'aq': '9'}",102.0546875,-3.349,-1.733,0.6482586700003594,0.3547507926705864
"{'ar': '48000', 'sample_fmt': 's32p', 'compression_level': '8', 'reservoir': '1', 'aq': '9'}",102.0546875,-3.349,-1.733,0.673415353987366,0.35289138947377957
"{'ar': '48000', 'sample_fmt': 's32p', 'compression_level': '9', 'reservoir': '1', 'aq': '9'}",102.0546875,-3.349,-1.733,0.6419606109848246,0.35521630040893587
"{'ar': '48000', 'sample_fmt': 's32p', 'compression_level': '9', 'reservoir': '1', 'aq': '9'}",102.0546875,-3.349,-1.733,0.6552770329872146,0.3542320451845962
"{'ar': '48000', 'sample_fmt': 's32p', 'compression_level': '9', 'reservoir': '1', 'aq': '9'}",102.0546875,-3.349,-1.733,0.6482456709782127,0.3547517534658704
"{'ar': '44100', 'sample_fmt': 's32p', 'compression_level': '9', 'reservoir': '1', 'aq': '9'}",97.1474609375,-3.314,-1.668,0.7148795740213245,0.4597095577667518
"{'ar': '48000', 'sample_fmt': 's32p', 'compression_level': '8', 'reservoir': '1', 'aq': '9'}",102.0546875,-3.349,-1.733,0.6975817929778714,0.35110517814570497
"{'ar': '48000', 'sample_fmt': 's32p', 'compression_level': '8', 'reservoir': '1', 'aq': '9'}",102.0546875,-3.349,-1.733,0.6549458049994428,0.3542565272021647
"{'ar': '48000', 'sample_fmt': 's32p', 'compression_level': '9', 'reservoir': '1', 'aq': '9'}",102.0546875,-3.349,-1.733,0.6434931019903161,0.35510302957100826
"{'ar': '44100', 'sample_fmt': 's32p', 'compression_level': '9', 'reservoir': '1', 'aq': '9'}",97.1474609375,-3.314,-1.668,0.6470473019871861,0.46472323697550977
"{'ar': '48000', 'sample_fmt': 's32p', 'compression_level': '9', 'reservoir': '1', 'b:a': '320k', 'abr': 'True'}",438.171875,-3.313,-1.667,0.6650919870298821,-0.0781256893457933
"{'ar': '48000', 'sample_fmt': 's32p', 'compression_level': '9', 'reservoir': '1', 'aq': '9'}",102.0546875,-3.349,-1.733,0.6555190260114614,0.35421415878100176
"{'ar': '48000', 'sample_fmt': 's32p', 'compression_level': '9', 'reservoir': '1', 'aq': '9'}",102.0546875,-3.349,-1.733,0.6644417130155489,0.3535546572048769
"{'ar': '48000', 'sample_fmt': 's32p', 'compression_level': '8', 'reservoir': '1', 'aq': '9'}",102.0546875,-3.349,-1.733,0.6486506029905286,0.35472182377090034
"{'ar': '48000', 'sample_fmt': 's32p', 'compression_level': '8', 'reservoir': '1', 'aq': '9'}",102.0546875,-3.349,-1.733,0.6448889400053304,0.3549998591504281
"{'ar': '48000', 'sample_fmt': 's32p', 'compression_level': '8', 'reservoir': '1', 'b:a': '320k', 'abr': 'True'}",438.171875,-3.313,-1.667,0.6699562029971275,-0.0784852176017481
"{'ar': '48000', 'sample_fmt': 's32p', 'compression_level': '9', 'reservoir': '1', 'b:a': '320k', 'abr': 'True'}",438.171875,-3.313,-1.667,0.6626430950127542,-0.07794468466140665
"{'ar': '48000', 'sample_fmt': 's32p', 'compression_level': '9', 'reservoir': '1', 'b:a': '320k', 'abr': 'True'}",438.171875,-3.313,-1.667,0.6571114689868409,-0.07753582619971768
"{'ar': '48000', 'sample_fmt': 's32p', 'compression_level': '8', 'reservoir': '1', 'aq': '9'}",102.0546875,-3.349,-1.733,0.6521945430140477,0.3544598809245209
"{'ar': '48000', 'sample_fmt': 's32p', 'compression_level': '9', 'reservoir': '1', 'b:a': '320k', 'abr': 'True'}",438.171875,-3.313,-1.667,0.6662938169902191,-0.0782145200705193
"{'ar': '48000', 'sample_fmt': 's32p', 'compression_level': '9', 'reservoir': '1', 'aq': '9'}",102.0546875,-3.349,-1.733,0.6501750850002281,0.3546091449009915
"{'ar': '44100', 'sample_fmt': 's32p', 'compression_level': '9', 'reservoir': '1', 'aq': '9'}",97.1474609375,-3.314,-1.668,0.6611263340164442,0.46368261504073216
"{'ar': '48000', 'sample_fmt': 's32p', 'compression_level': '9', 'reservoir': '1', 'aq': '9'}",102.0546875,-3.349,-1.733,0.6771806789620314,0.35261308342603
"{'ar': '48000', 'sample_fmt': 's32p', 'compression_level': '9', 'reservoir': '1', 'b:a': '320k', 'abr': 'True'}",438.171875,-3.313,-1.667,0.6575180410291068,-0.07756587711403977
"{'ar': '44100', 'sample_fmt': 's32p', 'compression_level': '9', 'reservoir': '1', 'aq': '9'}",97.1474609375,-3.314,-1.668,0.6581885770137887,0.4638997531486402
"{'ar': '48000', 'sample_fmt': 's32p', 'compression_level': '9', 'reservoir': '1', 'aq': '9'}",102.0546875,-3.349,-1.733,0.652295383013552,0.35445242754880807
"{'ar': '48000', 'sample_fmt': 's32p', 'compression_level': '8', 'reservoir': '1', 'aq': '9'}",102.0546875,-3.349,-1.733,0.6974585370044224,0.35111428835081687
"{'ar': '48000', 'sample_fmt': 's32p', 'compression_level': '9', 'reservoir': '1', 'aq': '9'}",102.0546875,-3.349,-1.733,0.7149957479850855,0.34981806241828284
"{'ar': '48000', 'sample_fmt': 's32p', 'compression_level': '9', 'reservoir': '1', 'aq': '9'}",102.0546875,-3.349,-1.733,0.6423816979804542,0.35518517665247373
"{'ar': '48000', 'sample_fmt': 's32p', 'compression_level': '9', 'reservoir': '1', 'aq': '9'}",102.0546875,-3.349,-1.733,0.6490123060357291,0.35469508925378795
"{'ar': '44100', 'sample_fmt': 's32p', 'compression_level': '9', 'reservoir': '1', 'aq': '9'}",97.1474609375,-3.314,-1.668,0.7122011550236493,0.45990752745342584
"{'ar': '48000', 'sample_fmt': 'fltp', 'compression_level': '8', 'reservoir': '1', 'aq': '9'}",102.0546875,-3.349,-1.733,0.6610907519934699,0.3538023364157
"{'ar': '48000', 'sample_fmt': 's32p', 'compression_level': '9', 'reservoir': '1', 'aq': '9'}",102.0546875,-3.349,-1.733,0.6466244490002282,0.3548715826663387
"{'ar': '48000', 'sample_fmt': 's32p', 'compression_level': '9', 'reservoir': '1', 'b:a': '320k', 'abr': 'True'}",438.171875,-3.313,-1.667,0.6710698830138426,-0.07856753290945598
"{'ar': '48000', 'sample_fmt': 's32p', 'compression_level': '9', 'reservoir': '1', 'aq': '9'}",102.0546875,-3.349,-1.733,0.6423624930030201,0.35518659614784337
"{'ar': '48000', 'sample_fmt': 's32p', 'compression_level': '9', 'reservoir': '1', 'aq': '9'}",102.0546875,-3.349,-1.733,0.656712472991785,0.35412594766654887
"{'ar': '48000', 'sample_fmt': 's32p', 'compression_level': '9', 'reservoir': '1', 'aq': '9'}",102.0546875,-3.349,-1.733,0.6477304489526432,0.3547898350143727
"{'ar': '48000', 'sample_fmt': 's32p', 'compression_level': '9', 'reservoir': '1', 'aq': '9'}",102.0546875,-3.349,-1.733,0.6487712110101711,0.3547129092837048
"{'ar': '48000', 'sample_fmt': 's32p', 'compression_level': '9', 'reservoir': '1', 'aq': '9'}",102.0546875,-3.349,-1.733,0.6536480050126556,0.35435245134882465
"{'ar': '48000', 'sample_fmt': 's32p', 'compression_level': '9', 'reservoir': '1', 'aq': '9'}",102.0546875,-3.349,-1.733,0.6527009379933588,0.35442245180851084
"{'ar': '48000', 'sample_fmt': 's32p', 'compression_level': '9', 'reservoir': '1', 'aq': '9'}",102.0546875,-3.349,-1.733,0.6668502200045623,0.35337663749459963
"{'ar': '48000', 'sample_fmt': 's32p', 'compression_level': '9', 'reservoir': '1', 'aq': '9'}",102.0546875,-3.349,-1.733,0.6557247019954957,0.3541989566747776
"{'ar': '48000', 'sample_fmt': 's32p', 'compression_level': '9', 'reservoir': '1', 'b:a': '320k', 'abr': 'True'}",438.171875,-3.313,-1.667,0.7239709459827282,-0.08247760331657449
"{'ar': '48000', 'sample_fmt': 's32p', 'compression_level': '9', 'reservoir': '1', 'aq': '9'}",102.0546875,-3.349,-1.733,0.6479642259946559,0.354772555877763
"{'ar': '48000', 'sample_fmt': 's32p', 'compression_level': '9', 'reservoir': '1', 'b:a': '307k', 'abr': 'True'}",421.671875,-3.337,-1.711,0.6799066819949076,-0.1226908982956426
"{'ar': '48000', 'sample_fmt': 's32p', 'compression_level': '9', 'reservoir': '1', 'b:a': '267k', 'abr': 'True'}",367.390625,-3.419,-1.869,0.6774507620139048,-0.27679203586687345
"{'ar': '48000', 'sample_fmt': 's32p', 'compression_level': '9', 'reservoir': '1', 'aq': '9'}",102.0546875,-3.349,-1.733,0.661822776979534,0.35374823033399494
"{'ar': '48000', 'sample_fmt': 's32p', 'compression_level': '9', 'reservoir': '1', 'aq': '9'}",102.0546875,-3.349,-1.733,0.6564974279608577,0.35414184226609824
"{'ar': '48000', 'sample_fmt': 's32p', 'compression_level': '9', 'reservoir': '1', 'aq': '9'}",102.0546875,-3.349,-1.733,0.6922622310230508,0.3514983623391986
"{'ar': '48000', 'sample_fmt': 's32p', 'compression_level': '9', 'reservoir': '1', 'b:a': '320k', 'abr': 'True'}",438.171875,-3.313,-1.667,0.6796544019889552,-0.07920203950951574
"{'ar': '48000', 'sample_fmt': 's32p', 'compression_level': '9', 'reservoir': '1', 'aq': '9'}",102.0546875,-3.349,-1.733,0.6483301560219843,0.3547455089321889
"{'ar': '48000', 'sample_fmt': 's32p', 'compression_level': '9', 'reservoir': '1', 'aq': '9'}",102.0546875,-3.349,-1.733,0.6600870440015569,0.35387652337332076
"{'ar': '48000', 'sample_fmt': 's32p', 'compression_level': '9', 'reservoir': '1', 'aq': '9'}",102.0546875,-3.349,-1.733,0.6451339790073689,0.35498174760981455
"{'ar': '48000', 'sample_fmt': 's32p', 'compression_level': '7', 'reservoir': '1', 'aq': '9'}",102.0546875,-3.349,-1.733,0.6531629270175472,0.3543883048649427
"{'ar': '44100', 'sample_fmt': 's32p', 'compression_level': '9', 'reservoir': '1', 'aq': '9'}",97.1474609375,-3.314,-1.668,0.6487808010133449,0.4645951090540172
"{'ar': '48000', 'sample_fmt': 's32p', 'compression_level': '8', 'reservoir': '1', 'aq': '9'}",102.0546875,-3.349,-1.733,0.6548227860184852,0.35426561989047683
"{'ar': '48000', 'sample_fmt': 's32p', 'compression_level': '9', 'reservoir': '1', 'aq': '9'}",102.0546875,-3.349,-1.733,0.6488426539872307,0.35470762872685546
"{'ar': '48000', 'sample_fmt': 's32p', 'compression_level': '9', 'reservoir': '1', 'aq': '9'}",102.0546875,-3.349,-1.733,0.6461045759788249,0.3549100079833809
"{'ar': '48000', 'sample_fmt': 's32p', 'compression_level': '9', 'reservoir': '1', 'aq': '9'}",102.0546875,-3.349,-1.733,0.6674077060015406,0.3533354320938603
"{'ar': '44100', 'sample_fmt': 's32p', 'compression_level': '9', 'reservoir': '1', 'aq': '9'}",97.1474609375,-3.314,-1.668,0.6510840980045032,0.4644248657186568
"{'ar': '48000', 'sample_fmt': 's32p', 'compression_level': '9', 'reservoir': '1', 'b:a': '320k', 'abr': 'True'}",438.171875,-3.313,-1.667,0.6629884110298008,-0.07797020796592233
"{'ar': '48000', 'sample_fmt': 's32p', 'compression_level': '9', 'reservoir': '1', 'aq': '9'}",102.0546875,-3.349,-1.733,0.6586188400106039,0.3539850425722642
"{'ar': '48000', 'sample_fmt': 's32p', 'compression_level': '9', 'reservoir': '1', 'aq': '9'}",102.0546875,-3.349,-1.733,0.6422074769798201,0.3551980538299943
"{'ar': '48000', 'sample_fmt': 's32p', 'compression_level': '9', 'reservoir': '1', 'aq': '9'}",102.0546875,-3.349,-1.733,0.6541048660001252,0.3543186834332665
"{'ar': '32000', 'sample_fmt': 's32p', 'compression_level': '9', 'reservoir': '1', 'aq': '9'}",81.7109375,-3.518,-2.09,0.6153032940055709,-0.11672972470898775
"{'ar': '48000', 'sample_fmt': 's32p', 'compression_level': '9', 'reservoir': '1', 'aq': '9'}",102.0546875,-3.349,-1.733,0.6456306510081049,0.35494503714724285
"{'ar': '48000', 'sample_fmt': 'fltp', 'compression_level': '9', 'reservoir': '1', 'aq': '9'}",102.0546875,-3.349,-1.733,0.6580684630316682,0.3540257225249404
"{'ar': '48000', 'sample_fmt': 's32p', 'compression_level': '9', 'reservoir': '1', 'aq': '9'}",102.0546875,-3.349,-1.733,0.6546575380198192,0.35427783384749695
"{'ar': '48000', 'sample_fmt': 's32p', 'compression_level': '9', 'reservoir': '1', 'aq': '9'}",102.0546875,-3.349,-1.733,0.7831353179935832,0.3447816699283869
"{'ar': '44100', 'sample_fmt': 's32p', 'compression_level': '9', 'reservoir': '1', 'aq': '9'}",97.1474609375,-3.314,-1.668,1.2043173250276595,0.423533799493953
"{'ar': '48000', 'sample_fmt': 's32p', 'compression_level': '9', 'reservoir': '1', 'b:a': '311k', 'abr': 'True'}",426.546875,-3.333,-1.704,0.7635802259901538,-0.12512635643712178
"{'ar': '48000', 'sample_fmt': 's32p', 'compression_level': '9', 'reservoir': '1', 'aq': '9'}",102.0546875,-3.349,-1.733,0.7542442510020919,0.346917092162529
"{'ar': '48000', 'sample_fmt': 's32p', 'compression_level': '9', 'reservoir': '1', 'aq': '9'}",102.0546875,-3.349,-1.733,0.7130809329973999,0.34995959192635456
"{'ar': '48000', 'sample_fmt': 's32p', 'compression_level': '9', 'reservoir': '1', 'b:a': '320k', 'abr': 'True'}",438.171875,-3.313,-1.667,0.662674609979149,-0.07794701402362672
"{'ar': '48000', 'sample_fmt': 's32p', 'compression_level': '8', 'reservoir': '1', 'b:a': '279k', 'abr': 'True'}",384.453125,-3.396,-1.824,0.6720595549850259,-0.23583538490746822
"{'ar': '48000', 'sample_fmt': 's32p', 'compression_level': '9', 'reservoir': '1', 'aq': '9'}",102.0546875,-3.349,-1.733,0.6601850560109597,0.3538692790225271
"{'ar': '48000', 'sample_fmt': 's32p', 'compression_level': '9', 'reservoir': '1', 'aq': '9'}",102.0546875,-3.349,-1.733,0.6352299830177799,0.35571378056828057
"{'ar': '48000', 'sample_fmt': 's32p', 'compression_level': '9', 'reservoir': '1', 'b:a': '319k', 'abr': 'True'}",437.234375,-3.314,-1.669,0.6541664179821964,-0.07878306805569271
"{'ar': '48000', 'sample_fmt': 's32p', 'compression_level': '8', 'reservoir': '1', 'aq': '9'}",102.0546875,-3.349,-1.733,0.640069600980496,0.3553560704219097
"{'ar': '44100', 'sample_fmt': 's32p', 'compression_level': '9', 'reservoir': '1', 'aq': '9'}",97.1474609375,-3.314,-1.668,0.7351468080014456,0.4582115479466764
"{'ar': '48000', 'sample_fmt': 's32p', 'compression_level': '9', 'reservoir': '1', 'aq': '9'}",102.0546875,-3.349,-1.733,0.8344068030128255,0.3409920463357443
"{'ar': '48000', 'sample_fmt': 's32p', 'compression_level': '9', 'reservoir': '1', 'aq': '9'}",102.0546875,-3.349,-1.733,0.6930589920084458,0.3514394714327461
"{'ar': '48000', 'sample_fmt': 's32p', 'compression_level': '9', 'reservoir': '1', 'aq': '9'}",102.0546875,-3.349,-1.733,0.6842559130163863,0.35209013243512755
"{'ar': '44100', 'sample_fmt': 's32p', 'compression_level': '8', 'reservoir': '1', 'aq': '9'}",97.1474609375,-3.314,-1.668,0.6912058079615235,0.46145935421507495
"{'ar': '48000', 'sample_fmt': 's32p', 'compression_level': '9', 'reservoir': '1', 'aq': '9'}",102.0546875,-3.349,-1.733,0.6470477909897454,0.35484029223676317
"{'ar': '48000', 'sample_fmt': 's32p', 'compression_level': '9', 'reservoir': '1', 'aq': '9'}",102.0546875,-3.349,-1.733,0.6892353789880872,0.35172208571836017
"{'ar': '48000', 'sample_fmt': 'fltp', 'compression_level': '9', 'reservoir': '1', 'aq': '9'}",102.0546875,-3.349,-1.733,0.6534050700138323,0.3543704073764816
"{'ar': '48000', 'sample_fmt': 's32p', 'compression_level': '9', 'reservoir': '1', 'aq': '9'}",102.0546875,-3.349,-1.733,0.6594115989864804,0.3539264474658979
"{'ar': '48000', 'sample_fmt': 's32p', 'compression_level': '9', 'reservoir': '1', 'aq': '9'}",102.0546875,-3.349,-1.733,0.645424897025805,0.35496024501854423
"{'ar': '48000', 'sample_fmt': 's32p', 'compression_level': '9', 'reservoir': '1', 'aq': '9'}",102.0546875,-3.349,-1.733,0.7158742370083928,0.3497531307564175
"{'ar': '48000', 'sample_fmt': 's32p', 'compression_level': '9', 'reservoir': '1', 'aq': '9'}",102.0546875,-3.349,-1.733,0.6809337429876905,0.35233568362044604
"{'ar': '44100', 'sample_fmt': 's32p', 'compression_level': '9', 'reservoir': '1', 'aq': '9'}",97.1474609375,-3.314,-1.668,0.6471657490183134,0.46471448221321904
"{'ar': '48000', 'sample_fmt': 'fltp', 'compression_level': '9', 'reservoir': '1', 'aq': '9'}",102.0546875,-3.349,-1.733,0.6408296570007224,0.3552998924854817
"{'ar': '48000', 'sample_fmt': 's32p', 'compression_level': '9', 'reservoir': '1', 'aq': '9'}",102.0546875,-3.349,-1.733,0.6591631320188753,0.35394481237735065
"{'ar': '48000', 'sample_fmt': 's32p', 'compression_level': '9', 'reservoir': '1', 'b:a': '320k', 'abr': 'True'}",438.171875,-3.313,-1.667,0.6618981650099158,-0.07788962473262627
"{'ar': '44100', 'sample_fmt': 's32p', 'compression_level': '9', 'reservoir': '1', 'aq': '9'}",97.1474609375,-3.314,-1.668,0.653618632000871,0.4642375309881456
"{'ar': '48000', 'sample_fmt': 's32p', 'compression_level': '8', 'reservoir': '1', 'aq': '9'}",102.0546875,-3.349,-1.733,0.6559175130096264,0.3541847054556487
"{'ar': '48000', 'sample_fmt': 's32p', 'compression_level': '9', 'reservoir': '1', 'b:a': '320k', 'abr': 'True'}",438.171875,-3.313,-1.667,0.6565202659985516,-0.0774921286787346
"{'ar': '48000', 'sample_fmt': 's32p', 'compression_level': '9', 'reservoir': '1', 'aq': '9'}",102.0546875,-3.349,-1.733,0.6376533730071969,0.35553466081244317
"{'ar': '48000', 'sample_fmt': 's32p', 'compression_level': '9', 'reservoir': '1', 'aq': '9'}",102.0546875,-3.349,-1.733,0.6564660439908039,0.3541441619460003
"{'ar': '48000', 'sample_fmt': 's32p', 'compression_level': '9', 'reservoir': '1', 'b:a': '320k', 'abr': 'True'}",438.171875,-3.313,-1.667,0.6535047660290729,-0.0772692443635317
"{'ar': '48000', 'sample_fmt': 's32p', 'compression_level': '9', 'reservoir': '1', 'aq': '9'}",102.0546875,-3.349,-1.733,0.6398595589853358,0.3553715952326306
"{'ar': '48000', 'sample_fmt': 's32p', 'compression_level': '9', 'reservoir': '1', 'b:a': '320k', 'abr': 'True'}",438.171875,-3.313,-1.667,0.6598089520120993,-0.07773520496375066
"{'ar': '48000', 'sample_fmt': 's32p', 'compression_level': '9', 'reservoir': '1', 'aq': '9'}",102.0546875,-3.349,-1.733,0.670266844012076,0.3531241049428078
"{'ar': '48000', 'sample_fmt': 's32p', 'compression_level': '9', 'reservoir': '1', 'aq': '9'}",102.0546875,-3.349,-1.733,0.6413171740132384,0.3552638586945402
"{'ar': '48000', 'sample_fmt': 's32p', 'compression_level': '9', 'reservoir': '1', 'aq': '9'}",102.0546875,-3.349,-1.733,0.6438286429620348,0.35507822876833506
"{'ar': '48000', 'sample_fmt': 's32p', 'compression_level': '9', 'reservoir': '1', 'b:a': '319k', 'abr': 'True'}",437.234375,-3.314,-1.669,0.6543861960235517,-0.07879931248571756
"{'ar': '44100', 'sample_fmt': 's32p', 'compression_level': '8', 'reservoir': '1', 'aq': '9'}",97.1474609375,-3.314,-1.668,0.6532967079838272,0.4642613253223563
"{'ar': '48000', 'sample_fmt': 's32p', 'compression_level': '9', 'reservoir': '1', 'aq': '9'}",102.0546875,-3.349,-1.733,0.6479024279979058,0.3547771235462512
"{'ar': '48000', 'sample_fmt': 's32p', 'compression_level': '9', 'reservoir': '1', 'aq': '9'}",102.0546875,-3.349,-1.733,0.7268258619878907,0.3489436645124711
"{'ar': '48000', 'sample_fmt': 's32p', 'compression_level': '9', 'reservoir': '1', 'aq': '9'}",102.0546875,-3.349,-1.733,0.8051724379765801,0.34315284272023955
"{'ar': '48000', 'sample_fmt': 's32p', 'compression_level': '9', 'reservoir': '1', 'b:a': '320k', 'abr': 'True'}",438.171875,-3.313,-1.667,0.8166075900080614,-0.08932464532462014
"{'ar': '48000', 'sample_fmt': 's32p', 'compression_level': '9', 'reservoir': '1', 'aq': '9'}",102.0546875,-3.349,-1.733,0.6691112680127844,0.3532095169036349
"{'ar': '48000', 'sample_fmt': 's32p', 'compression_level': '9', 'reservoir': '1', 'aq': '9'}",102.0546875,-3.349,-1.733,0.6801139740273356,0.3523962751128031
"{'ar': '48000', 'sample_fmt': 's32p', 'compression_level': '9', 'reservoir': '1', 'aq': '9'}",102.0546875,-3.349,-1.733,0.7860686310159508,0.34456486028790156
"{'ar': '48000', 'sample_fmt': 's32p', 'compression_level': '9', 'reservoir': '1', 'aq': '9'}",102.0546875,-3.349,-1.733,0.7263237969891634,0.34898077358710594
"{'ar': '48000', 'sample_fmt': 's32p', 'compression_level': '9', 'reservoir': '1', 'aq': '9'}",102.0546875,-3.349,-1.733,0.6438531229796354,0.35507641937950596
"{'ar': '48000', 'sample_fmt': 's32p', 'compression_level': '9', 'reservoir': '1', 'aq': '9'}",102.0546875,-3.349,-1.733,0.6415662509971298,0.3552454486950212
"{'ar': '48000', 'sample_fmt': 's32p', 'compression_level': '9', 'reservoir': '1', 'aq': '9'}",102.0546875,-3.349,-1.733,0.6650705520005431,0.3535081778986385
"{'ar': '44100', 'sample_fmt': 's32p', 'compression_level': '9', 'reservoir': '1', 'b:a': '293k', 'abr': 'True'}",402.759765625,-2.591,-0.705,0.6640956840128638,1.964139907257986
"{'ar': '48000', 'sample_fmt': 's32p', 'compression_level': '9', 'reservoir': '1', 'b:a': '320k', 'abr': 'True'}",438.171875,-3.313,-1.667,0.6576795160071924,-0.07757781219620767
"{'ar': '44100', 'sample_fmt': 's32p', 'compression_level': '9', 'reservoir': '1', 'b:a': '320k', 'abr': 'True'}",437.857421875,-2.591,-0.705,0.6658786470070481,1.9080040354327992
"{'ar': '48000', 'sample_fmt': 's32p', 'compression_level': '9', 'reservoir': '1', 'aq': '9'}",102.0546875,-3.349,-1.733,0.6553362520062365,0.35422766813580325
"{'ar': '48000', 'sample_fmt': 's32p', 'compression_level': '9', 'reservoir': '1', 'b:a': '320k', 'abr': 'True'}",438.171875,-3.313,-1.667,0.6709791900066193,-0.07856082952725957
"{'ar': '48000', 'sample_fmt': 's32p', 'compression_level': '8', 'reservoir': '1', 'aq': '9'}",102.0546875,-3.349,-1.733,0.6542425089864992,0.354308509842462
"{'ar': '48000', 'sample_fmt': 's32p', 'compression_level': '9', 'reservoir': '1', 'aq': '9'}",102.0546875,-3.349,-1.733,0.6819330739963334,0.3522618201783048
"{'ar': '48000', 'sample_fmt': 's32p', 'compression_level': '9', 'reservoir': '1', 'aq': '9'}",102.0546875,-3.349,-1.733,0.7222523679956794,0.3492817046672899
"{'ar': '48000', 'sample_fmt': 's32p', 'compression_level': '9', 'reservoir': '1', 'aq': '9'}",102.0546875,-3.349,-1.733,0.6484605580044445,0.3547358705449046
"{'ar': '48000', 'sample_fmt': 's32p', 'compression_level': '9', 'reservoir': '1', 'b:a': '320k', 'abr': 'True'}",438.171875,-3.313,-1.667,0.6695256999810226,-0.0784533978800076
"{'ar': '48000', 'sample_fmt': 's32p', 'compression_level': '9', 'reservoir': '1', 'aq': '9'}",102.0546875,-3.349,-1.733,0.7322379349789117,0.3485436425610067
"{'ar': '48000', 'sample_fmt': 's32p', 'compression_level': '9', 'reservoir': '1', 'b:a': '320k', 'abr': 'True'}",438.171875,-3.313,-1.667,0.6603469279943965,-0.07777496832293605
"{'ar': '48000', 'sample_fmt': 's32p', 'compression_level': '9', 'reservoir': '1', 'b:a': '320k', 'abr': 'True'}",438.171875,-3.313,-1.667,0.77422083800775,-0.08619171801940194
"{'ar': '48000', 'sample_fmt': 's32p', 'compression_level': '9', 'reservoir': '1', 'aq': '9'}",102.0546875,-3.349,-1.733,0.6654661009961274,0.35347894172954464
"{'ar': '48000', 'sample_fmt': 's32p', 'compression_level': '9', 'reservoir': '1', 'b:a': '320k', 'abr': 'True'}",438.171875,-3.313,-1.667,0.6719929459795821,-0.07863575916019064
"{'ar': '48000', 'sample_fmt': 's32p', 'compression_level': '9', 'reservoir': '1', 'aq': '9'}",102.0546875,-3.349,-1.733,0.6679824949824251,0.3532929477795883
"{'ar': '48000', 'sample_fmt': 's32p', 'compression_level': '9', 'reservoir': '1', 'aq': '9'}",102.0546875,-3.349,-1.733,0.6495191099820659,0.35465762990984345
"{'ar': '44100', 'sample_fmt': 's32p', 'compression_level': '9', 'reservoir': '1', 'aq': '9'}",97.1474609375,-3.314,-1.668,0.647789656999521,0.46466836737171724
"{'ar': '48000', 'sample_fmt': 's32p', 'compression_level': '9', 'reservoir': '1', 'aq': '9'}",102.0546875,-3.349,-1.733,0.6580574940016959,0.35402653327763767
"{'ar': '48000', 'sample_fmt': 's32p', 'compression_level': '9', 'reservoir': '1', 'aq': '9'}",102.0546875,-3.349,-1.733,0.7273928810027428,0.34890175449883776
"{'ar': '48000', 'sample_fmt': 's32p', 'compression_level': '9', 'reservoir': '1', 'aq': '9'}",102.0546875,-3.349,-1.733,0.6662001299846452,0.3534246875262282
"{'ar': '48000', 'sample_fmt': 's32p', 'compression_level': '9', 'reservoir': '1', 'aq': '9'}",102.0546875,-3.349,-1.733,0.6473060779972002,0.3548212014977928
"{'ar': '48000', 'sample_fmt': 's32p', 'compression_level': '9', 'reservoir': '1', 'aq': '9'}",102.0546875,-3.349,-1.733,0.6434834520041477,0.35510374282936696
"{'ar': '48000', 'sample_fmt': 's32p', 'compression_level': '9', 'reservoir': '1', 'aq': '9'}",102.0546875,-3.349,-1.733,0.6545342510216869,0.3542869463457328
"{'ar': '44100', 'sample_fmt': 's32p', 'compression_level': '9', 'reservoir': '1', 'aq': '9'}",97.1474609375,-3.314,-1.668,0.649286578031024,0.4645577256133368
"{'ar': '48000', 'sample_fmt': 's32p', 'compression_level': '9', 'reservoir': '1', 'aq': '9'}",102.0546875,-3.349,-1.733,0.6514061300258618,0.3545181548063805
"{'ar': '48000', 'sample_fmt': 's32p', 'compression_level': '8', 'reservoir': '1', 'aq': '9'}",102.0546875,-3.349,-1.733,0.6691187510150485,0.35320896381331746
"{'ar': '48000', 'sample_fmt': 's32p', 'compression_level': '8', 'reservoir': '1', 'aq': '9'}",102.0546875,-3.349,-1.733,0.6425263799901586,0.35517448278711755
"{'ar': '48000', 'sample_fmt': 's32p', 'compression_level': '9', 'reservoir': '1', 'b:a': '320k', 'abr': 'True'}",438.171875,-3.313,-1.667,0.6648144089849666,-0.07810517275050807
"{'ar': '48000', 'sample_fmt': 's32p', 'compression_level': '9', 'reservoir': '1', 'aq': '9'}",102.0546875,-3.349,-1.733,0.6502140429802239,0.3546062654041316
"{'ar': '44100', 'sample_fmt': 's32p', 'compression_level': '9', 'reservoir': '1', 'aq': '9'}",97.1474609375,-3.314,-1.668,0.6445128709892742,0.46491056409310755
"{'ar': '44100', 'sample_fmt': 's32p', 'compression_level': '9', 'reservoir': '1', 'aq': '9'}",97.1474609375,-3.314,-1.668,0.6504836340027396,0.46446924774790294
"{'ar': '44100', 'sample_fmt': 's32p', 'compression_level': '9', 'reservoir': '1', 'aq': '9'}",97.1474609375,-3.314,-1.668,0.6619812389835715,0.4636194265445987
"{'ar': '48000', 'sample_fmt': 's32p', 'compression_level': '9', 'reservoir': '1', 'b:a': '320k', 'abr': 'True'}",438.171875,-3.313,-1.667,0.6966447620070539,-0.08045784610743101
"{'ar': '48000', 'sample_fmt': 's32p', 'compression_level': '8', 'reservoir': '1', 'aq': '9'}",102.0546875,-3.349,-1.733,0.7370279970346019,0.3481895952349023
"{'ar': '48000', 'sample_fmt': 's32p', 'compression_level': '9', 'reservoir': '1', 'aq': '9'}",102.0546875,-3.349,-1.733,0.6554171900206711,0.3542216857733082
"{'ar': '48000', 'sample_fmt': 's32p', 'compression_level': '9', 'reservoir': '1', 'aq': '9'}",102.0546875,-3.349,-1.733,0.6508081029751338,0.35456235671353464
"{'ar': '48000', 'sample_fmt': 's32p', 'compression_level': '9', 'reservoir': '1', 'aq': '9'}",102.0546875,-3.349,-1.733,0.6606450310209766,0.35383528094056527
"{'ar': '48000', 'sample_fmt': 's32p', 'compression_level': '9', 'reservoir': '1', 'aq': '9'}",102.0546875,-3.349,-1.733,0.6619018189958297,0.3537423881102003
"{'ar': '48000', 'sample_fmt': 's32p', 'compression_level': '9', 'reservoir': '1', 'aq': '9'}",102.0546875,-3.349,-1.733,0.6603068209951743,0.3538602790207373
"{'ar': '48000', 'sample_fmt': 's32p', 'compression_level': '8', 'reservoir': '1', 'aq': '9'}",102.0546875,-3.349,-1.733,0.6634944319957867,0.35362467348195575
"{'ar': '48000', 'sample_fmt': 's32p', 'compression_level': '9', 'reservoir': '1', 'aq': '9'}",102.0546875,-3.349,-1.733,0.6530213649966754,0.35439876812290994
"{'ar': '48000', 'sample_fmt': 's32p', 'compression_level': '9', 'reservoir': '1', 'b:a': '320k', 'abr': 'True'}",438.171875,-3.313,-1.667,0.6590011000225786,-0.0776754942891388
"{'ar': '48000', 'sample_fmt': 's32p', 'compression_level': '9', 'reservoir': '1', 'aq': '9'}",102.0546875,-3.349,-1.733,0.6798791240144055,0.35241363355579336
"{'ar': '44100', 'sample_fmt': 's32p', 'compression_level': '9', 'reservoir': '1', 'aq': '9'}",97.1474609375,-3.314,-1.668,0.6549803540110588,0.46413688218005095
"{'ar': '44100', 'sample_fmt': 's32p', 'compression_level': '9', 'reservoir': '1', 'b:a': '320k', 'abr': 'True'}",437.857421875,-2.591,-0.705,0.6747883469797671,1.907345493765685
"{'ar': '48000', 'sample_fmt': 's32p', 'compression_level': '9', 'reservoir': '1', 'aq': '9'}",102.0546875,-3.349,-1.733,0.8418510549818166,0.34044182016459523
"{'ar': '48000', 'sample_fmt': 's32p', 'compression_level': '9', 'reservoir': '1', 'b:a': '320k', 'abr': 'True'}",438.171875,-3.313,-1.667,1.1540494969813153,-0.11426595161469971
"{'ar': '48000', 'sample_fmt': 's32p', 'compression_level': '9', 'reservoir': '1', 'b:a': '320k', 'abr': 'True'}",438.171875,-3.313,-1.667,0.8742367059749085,-0.09358417978922823
"{'ar': '48000', 'sample_fmt': 's32p', 'compression_level': '9', 'reservoir': '1', 'aq': '9'}",102.0546875,-3.349,-1.733,0.6704455380095169,0.3531108971531698
"{'ar': '48000', 'sample_fmt': 's32p', 'compression_level': '9', 'reservoir': '1', 'b:a': '320k', 'abr': 'True'}",438.171875,-3.313,-1.667,0.7637959249841515,-0.08542118257790558
"{'ar': '48000', 'sample_fmt': 's32p', 'compression_level': '9', 'reservoir': '1', 'aq': '9'}",102.0546875,-3.349,-1.733,0.6487908020208124,0.35471146125550546
"{'ar': '48000', 'sample_fmt': 's32p', 'compression_level': '9', 'reservoir': '1', 'aq': '9'}",102.0546875,-3.349,-1.733,0.6635850949969608,0.3536179723175931
"{'ar': '44100', 'sample_fmt': 's32p', 'compression_level': '9', 'reservoir': '1', 'aq': '9'}",97.1474609375,-3.314,-1.668,0.7171596249972936,0.45954103261153706
"{'ar': '48000', 'sample_fmt': 'fltp', 'compression_level': '9', 'reservoir': '1', 'aq': '9'}",102.0546875,-3.349,-1.733,0.7248678150062915,0.34908838942211995
"{'ar': '48000', 'sample_fmt': 's32p', 'compression_level': '8', 'reservoir': '1', 'aq': '9'}",102.0546875,-3.349,-1.733,0.672422819014173,0.3529647506013054
"{'ar': '48000', 'sample_fmt': 's32p', 'compression_level': '9', 'reservoir': '1', 'aq': '9'}",102.0546875,-3.349,-1.733,0.6754487200232688,0.35274109751521343
"{'ar': '48000', 'sample_fmt': 's32p', 'compression_level': '9', 'reservoir': '1', 'aq': '9'}",102.0546875,-3.349,-1.733,0.6496888299880084,0.3546450854138449
"{'ar': '48000', 'sample_fmt': 's32p', 'compression_level': '9', 'reservoir': '1', 'b:a': '320k', 'abr': 'True'}",438.171875,-3.313,-1.667,0.6711624089803081,-0.0785743717709658
"{'ar': '48000', 'sample_fmt': 's32p', 'compression_level': '9', 'reservoir': '1', 'aq': '9'}",102.0546875,-3.349,-1.733,0.6445491700142156,0.35502497253214343
"{'ar': '48000', 'sample_fmt': 's32p', 'compression_level': '8', 'reservoir': '1', 'b:a': '320k', 'abr': 'True'}",438.171875,-3.313,-1.667,0.6800712459953502,-0.07923284965438462
"{'ar': '48000', 'sample_fmt': 's32p', 'compression_level': '9', 'reservoir': '1', 'aq': '9'}",102.0546875,-3.349,-1.733,0.6587094120041002,0.353978348134542
"{'ar': '48000', 'sample_fmt': 's32p', 'compression_level': '9', 'reservoir': '1', 'aq': '9'}",102.0546875,-3.349,-1.733,0.6969451939803548,0.35115223101688936
"{'ar': '48000', 'sample_fmt': 's32p', 'compression_level': '9', 'reservoir': '1', 'aq': '9'}",102.0546875,-3.349,-1.733,0.6507360970426816,0.35456767888004354
"{'ar': '48000', 'sample_fmt': 's32p', 'compression_level': '9', 'reservoir': '1', 'aq': '9'}",102.0546875,-3.349,-1.733,0.6536782170005608,0.3543502182935094
"{'ar': '48000', 'sample_fmt': 's32p', 'compression_level': '9', 'reservoir': '1', 'aq': '9'}",102.0546875,-3.349,-1.733,0.6549171040242072,0.35425864857416794
"{'ar': '48000', 'sample_fmt': 's32p', 'compression_level': '9', 'reservoir': '1', 'aq': '9'}",102.0546875,-3.349,-1.733,0.6714349029934965,0.35303777032870554
"{'ar': '44100', 'sample_fmt': 's32p', 'compression_level': '8', 'reservoir': '1', 'aq': '9'}",97.1474609375,-3.314,-1.668,0.6645361389964819,0.4634305865029628
"{'ar': '48000', 'sample_fmt': 's32p', 'compression_level': '8', 'reservoir': '1', 'aq': '9'}",102.0546875,-3.349,-1.733,0.6570964950078633,0.3540975634898144
"{'ar': '48000', 'sample_fmt': 's32p', 'compression_level': '9', 'reservoir': '1', 'aq': '9'}",102.0546875,-3.349,-1.733,0.6608667240070645,0.35381889497144253
"{'ar': '48000', 'sample_fmt': 's32p', 'compression_level': '9', 'reservoir': '1', 'aq': '9'}",102.0546875,-3.349,-1.733,0.649416078987997,0.35466524522829485
"{'ar': '44100', 'sample_fmt': 's32p', 'compression_level': '9', 'reservoir': '1', 'aq': '9'}",97.1474609375,-3.314,-1.668,0.6567813199944794,0.4640037675808199
"{'ar': '48000', 'sample_fmt': 's32p', 'compression_level': '9', 'reservoir': '1', 'aq': '9'}",102.0546875,-3.349,-1.733,0.6408517930249218,0.3552982563479772
"{'ar': '48000', 'sample_fmt': 's32p', 'compression_level': '9', 'reservoir': '1', 'aq': '9'}",102.0546875,-3.349,-1.733,0.6580742220103275,0.3540252968621887
"{'ar': '48000', 'sample_fmt': 's32p', 'compression_level': '9', 'reservoir': '1', 'aq': '9'}",102.0546875,-3.349,-1.733,0.6695711849897634,0.3531755231110626
"{'ar': '48000', 'sample_fmt': 's32p', 'compression_level': '9', 'reservoir': '1', 'b:a': '261k', 'abr': 'True'}",359.515625,-3.43,-1.892,0.718959966005059,-0.30017910188318
"{'ar': '48000', 'sample_fmt': 's32p', 'compression_level': '9', 'reservoir': '1', 'aq': '9'}",102.0546875,-3.349,-1.733,0.6590445440087933,0.3539535775598033
"{'ar': '48000', 'sample_fmt': 's32p', 'compression_level': '9', 'reservoir': '1', 'aq': '9'}",102.0546875,-3.349,-1.733,0.6511060699995141,0.3545403331098688
"{'ar': '48000', 'sample_fmt': 's32p', 'compression_level': '7', 'reservoir': '1', 'aq': '9'}",102.0546875,-3.349,-1.733,0.6635939719853923,0.35361731619373055
"{'ar': '48000', 'sample_fmt': 's32p', 'compression_level': '9', 'reservoir': '1', 'aq': '9'}",102.0546875,-3.349,-1.733,0.6560394359985366,0.35417569377527536
"{'ar': '48000', 'sample_fmt': 's32p', 'compression_level': '9', 'reservoir': '1', 'aq': '9'}",102.0546875,-3.349,-1.733,0.6532695220084861,0.3543804261211855
"{'ar': '48000', 'sample_fmt': 's32p', 'compression_level': '9', 'reservoir': '1', 'aq': '9'}",102.0546875,-3.349,-1.733,0.6672653109999374,0.35334595691984005
"{'ar': '44100', 'sample_fmt': 's32p', 'compression_level': '9', 'reservoir': '1', 'b:a': '320k', 'abr': 'True'}",437.857421875,-2.591,-0.705,0.6688689070288092,1.9077830166750558
"{'ar': '48000', 'sample_fmt': 'fltp', 'compression_level': '9', 'reservoir': '1', 'aq': '9'}",102.0546875,-3.349,-1.733,0.6544877260166686,0.35429038514327493
"{'ar': '48000', 'sample_fmt': 's32p', 'compression_level': '9', 'reservoir': '1', 'b:a': '310k', 'abr': 'True'}",425.421875,-3.336,-1.708,0.6636266880377661,-0.12419502612082829
"{'ar': '44100', 'sample_fmt': 's32p', 'compression_level': '9', 'reservoir': '1', 'aq': '9'}",97.1474609375,-3.314,-1.668,0.6484507260029204,0.4646195058516987
"{'ar': '48000', 'sample_fmt': 's32p', 'compression_level': '8', 'reservoir': '1', 'aq': '9'}",102.0546875,-3.349,-1.733,0.6613859639910515,0.35378051644402475
"{'ar': '48000', 'sample_fmt': 's32p', 'compression_level': '9', 'reservoir': '1', 'aq': '9'}",102.0546875,-3.349,-1.733,0.6646316770056728,0.35354061641751805
"{'ar': '48000', 'sample_fmt': 's32p', 'compression_level': '8', 'reservoir': '1', 'aq': '9'}",102.0546875,-3.349,-1.733,0.6896701589867007,0.3516899498724853
"{'ar': '48000', 'sample_fmt': 's32p', 'compression_level': '9', 'reservoir': '1', 'aq': '9'}",102.0546875,-3.349,-1.733,0.6712550980155356,0.3530510602341237
"{'ar': '48000', 'sample_fmt': 's32p', 'compression_level': '9', 'reservoir': '1', 'aq': '9'}",102.0546875,-3.349,-1.733,0.7062688950099982,0.35046308933551573
"{'ar': '44100', 'sample_fmt': 's32p', 'compression_level': '9', 'reservoir': '1', 'aq': '9'}",97.1474609375,-3.314,-1.668,0.6747918720066082,0.4626725556450614
"{'ar': '48000', 'sample_fmt': 's32p', 'compression_level': '8', 'reservoir': '1', 'b:a': '320k', 'abr': 'True'}",438.171875,-3.313,-1.667,0.667804073978914,-0.07832614752802639
"{'ar': '48000', 'sample_fmt': 's32p', 'compression_level': '9', 'reservoir': '1', 'aq': '9'}",102.0546875,-3.349,-1.733,0.6962194849911612,0.3512058702650174
"{'ar': '48000', 'sample_fmt': 's32p', 'compression_level': '9', 'reservoir': '1', 'aq': '9'}",102.0546875,-3.349,-1.733,0.6597548600111622,0.35390107605180526
"{'ar': '48000', 'sample_fmt': 's32p', 'compression_level': '9', 'reservoir': '1', 'aq': '9'}",102.0546875,-3.349,-1.733,0.7013795480015688,0.3508244750993337
"{'ar': '44100', 'sample_fmt': 's32p', 'compression_level': '9', 'reservoir': '1', 'b:a': '320k', 'abr': 'True'}",437.857421875,-2.591,-0.705,0.7340953980165068,1.9029619382721288
"{'ar': '48000', 'sample_fmt': 's32p', 'compression_level': '9', 'reservoir': '1', 'aq': '9'}",102.0546875,-3.349,-1.733,0.6630690549791325,0.3536561143262667
"{'ar': '48000', 'sample_fmt': 's32p', 'compression_level': '9', 'reservoir': '1', 'b:a': '320k', 'abr': 'True'}",438.171875,-3.313,-1.667,0.6684047389717307,-0.07837054441310196
"{'ar': '48000', 'sample_fmt': 's32p', 'compression_level': '9', 'reservoir': '1', 'aq': '9'}",102.0546875,-3.349,-1.733,0.6563844969787169,0.35415018932127135
"{'ar': '48000', 'sample_fmt': 's32p', 'compression_level': '9', 'reservoir': '1', 'aq': '9'}",102.0546875,-3.349,-1.733,0.6680452759901527,0.35328830745391865
"{'ar': '48000', 'sample_fmt': 's32p', 'compression_level': '9', 'reservoir': '1', 'aq': '9'}",102.0546875,-3.349,-1.733,0.665622249012813,0.3534674003784846
"{'ar': '48000', 'sample_fmt': 's32p', 'compression_level': '9', 'reservoir': '1', 'aq': '9'}",102.0546875,-3.349,-1.733,0.6598401369701605,0.35389477298538136
"{'ar': '48000', 'sample_fmt': 's32p', 'compression_level': '8', 'reservoir': '1', 'aq': '9'}",102.0546875,-3.349,-1.733,0.6681168450159021,0.3532830175804465
"{'ar': '48000', 'sample_fmt': 's32p', 'compression_level': '9', 'reservoir': '1', 'aq': '9'}",102.0546875,-3.349,-1.733,0.6545901260105893,0.3542828164638676
"{'ar': '44100', 'sample_fmt': 's32p', 'compression_level': '9', 'reservoir': '1', 'aq': '9'}",97.1474609375,-3.314,-1.668,0.6597904899972491,0.4637813511317452
"{'ar': '48000', 'sample_fmt': 's32p', 'compression_level': '9', 'reservoir': '1', 'b:a': '320k', 'abr': 'True'}",438.171875,-3.313,-1.667,0.6857288330211304,-0.07965101825750348
"{'ar': '48000', 'sample_fmt': 's32p', 'compression_level': '9', 'reservoir': '1', 'aq': '9'}",102.0546875,-3.349,-1.733,0.6501314679917414,0.3546123687601081
"{'ar': '48000', 'sample_fmt': 's32p', 'compression_level': '9', 'reservoir': '1', 'b:a': '298k', 'abr': 'True'}",409.671875,-3.353,-1.74,0.6714212269871496,-0.14934303775081595
"{'ar': '48000', 'sample_fmt': 's32p', 'compression_level': '9', 'reservoir': '1', 'aq': '9'}",102.0546875,-3.349,-1.733,0.664606747974176,0.35354245899426157
"{'ar': '48000', 'sample_fmt': 's32p', 'compression_level': '8', 'reservoir': '1', 'aq': '9'}",102.0546875,-3.349,-1.733,0.6685706840071362,0.3532494730293613
"{'ar': '48000', 'sample_fmt': 'fltp', 'compression_level': '9', 'reservoir': '1', 'aq': '9'}",102.0546875,-3.349,-1.733,0.661287611030275,0.35378778599551963
"{'ar': '48000', 'sample_fmt': 's32p', 'compression_level': '9', 'reservoir': '1', 'aq': '9'}",102.0546875,-3.349,-1.733,0.7045445179683156,0.3505905430247802
"{'ar': '44100', 'sample_fmt': 's32p', 'compression_level': '9', 'reservoir': '1', 'b:a': '320k', 'abr': 'True'}",437.857421875,-2.591,-0.705,0.6942508310021367,1.905906965340091
"{'ar': '48000', 'sample_fmt': 's32p', 'compression_level': '9', 'reservoir': '1', 'aq': '9'}",102.0546875,-3.349,-1.733,0.6703038599807769,0.3531213689856137
"{'ar': '44100', 'sample_fmt': 's32p', 'compression_level': '9', 'reservoir': '1', 'aq': '9'}",97.1474609375,-3.314,-1.668,0.6643584890116472,0.4634437171266128
"{'ar': '48000', 'sample_fmt': 's32p', 'compression_level': '9', 'reservoir': '1', 'aq': '9'}",102.0546875,-3.349,-1.733,0.6634497260092758,0.3536279778305844
"{'ar': '48000', 'sample_fmt': 's32p', 'compression_level': '9', 'reservoir': '1', 'aq': '9'}",102.0546875,-3.349,-1.733,0.7386249869887251,0.34807155709332926
"{'ar': '44100', 'sample_fmt': 's32p', 'compression_level': '9', 'reservoir': '1', 'aq': '9'}",97.1474609375,-3.314,-1.668,0.6709669250121806,0.46295526852855307
"{'ar': '48000', 'sample_fmt': 's32p', 'compression_level': '9', 'reservoir': '1', 'aq': '9'}",102.0546875,-3.349,-1.733,0.6544294689665549,0.3542946910901666
"{'ar': '48000', 'sample_fmt': 's32p', 'compression_level': '9', 'reservoir': '1', 'aq': '9'}",102.0546875,-3.349,-1.733,0.6747010259714443,0.35279636174284035
"{'ar': '48000', 'sample_fmt': 's32p', 'compression_level': '9', 'reservoir': '1', 'aq': '9'}",102.0546875,-3.349,-1.733,0.6698552380257752,0.35315452793047775
"{'ar': '48000', 'sample_fmt': 's32p', 'compression_level': '9', 'reservoir': '1', 'aq': '9'}",102.0546875,-3.349,-1.733,0.6577896109665744,0.35404633328673796
"{'ar': '48000', 'sample_fmt': 's32p', 'compression_level': '9', 'reservoir': '1', 'aq': '9'}",102.0546875,-3.349,-1.733,0.6730912050115876,0.35291534826111876
"{'ar': '44100', 'sample_fmt': 's32p', 'compression_level': '9', 'reservoir': '1', 'aq': '9'}",97.1474609375,-3.314,-1.668,0.6619360670156311,0.4636227653352612
"{'ar': '48000', 'sample_fmt': 's32p', 'compression_level': '9', 'reservoir': '1', 'aq': '9'}",102.0546875,-3.349,-1.733,0.6751741709886119,0.35276139022759895
"{'ar': '48000', 'sample_fmt': 's32p', 'compression_level': '9', 'reservoir': '1', 'aq': '9'}",102.0546875,-3.349,-1.733,0.6687087330210488,0.3532392694278883
"{'ar': '48000', 'sample_fmt': 's32p', 'compression_level': '9', 'reservoir': '1', 'aq': '9'}",102.0546875,-3.349,-1.733,0.6551499080087524,0.35424144135904706
"{'ar': '48000', 'sample_fmt': 's32p', 'compression_level': '9', 'reservoir': '1', 'b:a': '266k', 'abr': 'True'}",365.703125,-3.421,-1.873,0.6754222119925544,-0.2798711251570229
"{'ar': '48000', 'sample_fmt': 's32p', 'compression_level': '9', 'reservoir': '1', 'aq': '9'}",102.0546875,-3.349,-1.733,0.8793077770387754,0.3376732856164574
"{'ar': '48000', 'sample_fmt': 's32p', 'compression_level': '9', 'reservoir': '1', 'aq': '9'}",102.0546875,-3.349,-1.733,1.1791270370304119,0.3155127778650917
"{'ar': '48000', 'sample_fmt': 'fltp', 'compression_level': '9', 'reservoir': '1', 'aq': '9'}",102.0546875,-3.349,-1.733,0.8192567349760793,0.3421118316362997
"{'ar': '48000', 'sample_fmt': 's32p', 'compression_level': '9', 'reservoir': '1', 'aq': '9'}",102.0546875,-3.349,-1.733,0.6691892080125399,0.3532037561330667
"{'ar': '48000', 'sample_fmt': 's32p', 'compression_level': '9', 'reservoir': '1', 'aq': '9'}",102.0546875,-3.349,-1.733,0.7488432700338308,0.3473162942705439
"{'ar': '48000', 'sample_fmt': 's32p', 'compression_level': '9', 'reservoir': '1', 'aq': '9'}",102.0546875,-3.349,-1.733,0.6651975210115779,0.3534987932521908
"{'ar': '48000', 'sample_fmt': 's32p', 'compression_level': '9', 'reservoir': '1', 'b:a': '320k', 'abr': 'True'}",438.171875,-3.313,-1.667,0.6918630639847834,-0.0801044169912022
"{'ar': '48000', 'sample_fmt': 's32p', 'compression_level': '9', 'reservoir': '1', 'aq': '9'}",102.0546875,-3.349,-1.733,0.873148886981653,0.3381285069750001
"{'ar': '48000', 'sample_fmt': 's32p', 'compression_level': '9', 'reservoir': '1', 'b:a': '320k', 'abr': 'True'}",438.171875,-3.313,-1.667,0.7643204679770861,-0.08545995306603625
"{'ar': '48000', 'sample_fmt': 's32p', 'compression_level': '9', 'reservoir': '1', 'aq': '9'}",102.0546875,-3.349,-1.733,0.698683076974703,0.35102377906364157
"{'ar': '48000', 'sample_fmt': 's32p', 'compression_level': '9', 'reservoir': '1', 'aq': '9'}",102.0546875,-3.349,-1.733,0.719483085005777,0.349486390374156
"{'ar': '48000', 'sample_fmt': 's32p', 'compression_level': '9', 'reservoir': '1', 'aq': '9'}",102.0546875,-3.349,-1.733,0.7460464860196225,0.34752301265757307
"{'ar': '48000', 'sample_fmt': 's32p', 'compression_level': '9', 'reservoir': '1', 'b:a': '320k', 'abr': 'True'}",438.171875,-3.313,-1.667,0.6668420449714176,-0.07825504118456382
"{'ar': '44100', 'sample_fmt': 's32p', 'compression_level': '9', 'reservoir': '1', 'aq': '9'}",97.1474609375,-3.314,-1.668,0.6805125009850599,0.46224972742907816
"{'ar': '48000', 'sample_fmt': 's32p', 'compression_level': '9', 'reservoir': '1', 'b:a': '320k', 'abr': 'True'}",438.171875,-3.313,-1.667,0.6794473800109699,-0.07918673791698971
"{'ar': '48000', 'sample_fmt': 's32p', 'compression_level': '8', 'reservoir': '1', 'aq': '9'}",102.0546875,-3.349,-1.733,0.6706119610171299,0.3530985963478435
"{'ar': '44100', 'sample_fmt': 's32p', 'compression_level': '9', 'reservoir': '1', 'aq': '9'}",97.1474609375,-3.314,-1.668,0.6591567390132695,0.46382819349802046
"{'ar': '48000', 'sample_fmt': 's32p', 'compression_level': '9', 'reservoir': '1', 'aq': '9'}",102.0546875,-3.349,-1.733,0.6578532610146794,0.35404162872778316
"{'ar': '48000', 'sample_fmt': 's32p', 'compression_level': '9', 'reservoir': '1', 'aq': '9'}",102.0546875,-3.349,-1.733,0.6861720030137803,0.35194850868740446
"{'ar': '44100', 'sample_fmt': 's32p', 'compression_level': '9', 'reservoir': '1', 'aq': '9'}",97.1474609375,-3.314,-1.668,0.6659547110029962,0.4633257357473873
"{'ar': '48000', 'sample_fmt': 's32p', 'compression_level': '8', 'reservoir': '1', 'aq': '9'}",102.0546875,-3.349,-1.733,0.696331201994326,0.3511976129385379
"{'ar': '44100', 'sample_fmt': 's32p', 'compression_level': '9', 'reservoir': '1', 'aq': '9'}",97.1474609375,-3.314,-1.668,0.7219586249557324,0.4591863246592168
"{'ar': '48000', 'sample_fmt': 's32p', 'compression_level': '9', 'reservoir': '1', 'aq': '9'}",102.0546875,-3.349,-1.733,0.6620522210141644,0.3537312714624799
"{'ar': '48000', 'sample_fmt': 's32p', 'compression_level': '9', 'reservoir': '1', 'aq': '9'}",102.0546875,-3.349,-1.733,0.6637470619753003,0.353606000870265
"{'ar': '48000', 'sample_fmt': 's32p', 'compression_level': '9', 'reservoir': '1', 'aq': '9'}",102.0546875,-3.349,-1.733,0.6603509309934452,0.35385701872332137
"{'ar': '44100', 'sample_fmt': 's32p', 'compression_level': '9', 'reservoir': '1', 'aq': '9'}",97.1474609375,-3.314,-1.668,0.6527309369994327,0.46430314309045273
"{'ar': '48000', 'sample_fmt': 's32p', 'compression_level': '9', 'reservoir': '1', 'aq': '9'}",102.0546875,-3.349,-1.733,0.6738473630102817,0.35285945843872446
"{'ar': '48000', 'sample_fmt': 's32p', 'compression_level': '9', 'reservoir': '1', 'b:a': '293k', 'abr': 'True'}",403.390625,-3.368,-1.768,0.6735690589994192,-0.1832609248992131
"{'ar': '48000', 'sample_fmt': 's32p', 'compression_level': '9', 'reservoir': '1', 'aq': '9'}",102.0546875,-3.349,-1.733,0.7210359449964017,0.3493716140056866
"{'ar': '48000', 'sample_fmt': 's32p', 'compression_level': '9', 'reservoir': '1', 'aq': '9'}",102.0546875,-3.349,-1.733,0.6842895120207686,0.35208764903563855
"{'ar': '48000', 'sample_fmt': 's32p', 'compression_level': '9', 'reservoir': '1', 'b:a': '312k', 'abr': 'True'}",428.046875,-3.331,-1.699,0.6684173749818001,-0.11424892436675012
"{'ar': '48000', 'sample_fmt': 's32p', 'compression_level': '9', 'reservoir': '1', 'aq': '9'}",102.0546875,-3.349,-1.733,0.6652722210274078,0.35349327195819563
"{'ar': '48000', 'sample_fmt': 's32p', 'compression_level': '9', 'reservoir': '1', 'aq': '9'}",102.0546875,-3.349,-1.733,0.7154859979928005,0.3497818266237699
"{'ar': '44100', 'sample_fmt': 's32p', 'compression_level': '9', 'reservoir': '1', 'aq': '9'}",97.1474609375,-3.314,-1.668,0.6518634359817952,0.4643672625970722
"{'ar': '48000', 'sample_fmt': 's32p', 'compression_level': '9', 'reservoir': '1', 'aq': '9'}",102.0546875,-3.349,-1.733,0.6636092119733803,0.3536161897621866
"{'ar': '48000', 'sample_fmt': 's32p', 'compression_level': '9', 'reservoir': '1', 'aq': '9'}",102.0546875,-3.349,-1.733,0.6720995230134577,0.35298864634279326
"{'ar': '48000', 'sample_fmt': 's32p', 'compression_level': '9', 'reservoir': '1', 'aq': '9'}",102.0546875,-3.349,-1.733,0.6558969620091375,0.3541862244394713
"{'ar': '48000', 'sample_fmt': 's32p', 'compression_level': '9', 'reservoir': '1', 'aq': '9'}",102.0546875,-3.349,-1.733,0.6722405279870145,0.3529782242578025
"{'ar': '48000', 'sample_fmt': 's32p', 'compression_level': '9', 'reservoir': '1', 'aq': '9'}",102.0546875,-3.349,-1.733,0.6627435419650283,0.35368017393361956
"{'ar': '48000', 'sample_fmt': 's32p', 'compression_level': '9', 'reservoir': '1', 'aq': '9'}",102.0546875,-3.349,-1.733,0.6577812879986595,0.35404694846134344
"{'ar': '48000', 'sample_fmt': 's32p', 'compression_level': '9', 'reservoir': '1', 'aq': '9'}",102.0546875,-3.349,-1.733,0.6726966950227506,0.3529445076342219
"{'ar': '48000', 'sample_fmt': 's32p', 'compression_level': '9', 'reservoir': '1', 'aq': '9'}",102.0546875,-3.349,-1.733,0.7172299799567554,0.34965292387805724
"{'ar': '48000', 'sample_fmt': 's32p', 'compression_level': '9', 'reservoir': '1', 'b:a': '320k', 'abr': 'True'}",438.171875,-3.313,-1.667,0.7123647599946707,-0.08161975657731127
"{'ar': '48000', 'sample_fmt': 's32p', 'compression_level': '9', 'reservoir': '1', 'aq': '9'}",102.0546875,-3.349,-1.733,0.7504494829918258,0.3471975744301074
"{'ar': '48000', 'sample_fmt': 's32p', 'compression_level': '8', 'reservoir': '1', 'aq': '9'}",102.0546875,-3.349,-1.733,0.698400324996328,0.35104467807929746
"{'ar': '48000', 'sample_fmt': 's32p', 'compression_level': '9', 'reservoir': '1', 'aq': '9'}",102.0546875,-3.349,-1.733,0.6869435060070828,0.35189148467212356
"{'ar': '48000', 'sample_fmt': 's32p', 'compression_level': '9', 'reservoir': '1', 'b:a': '320k', 'abr': 'True'}",438.171875,-3.313,-1.667,0.7022553760325536,-0.08087254280038353
"{'ar': '48000', 'sample_fmt': 's32p', 'compression_level': '9', 'reservoir': '1', 'aq': '9'}",102.0546875,-3.349,-1.733,0.6755352879990824,0.3527346990260067
"{'ar': '48000', 'sample_fmt': 's32p', 'compression_level': '9', 'reservoir': '1', 'aq': '9'}",102.0546875,-3.349,-1.733,0.7065195349860005,0.350444563810734
"{'ar': '48000', 'sample_fmt': 's32p', 'compression_level': '9', 'reservoir': '1', 'aq': '9'}",102.0546875,-3.349,-1.733,0.7051396780007053,0.35054655302723486
"{'ar': '48000', 'sample_fmt': 's32p', 'compression_level': '8', 'reservoir': '1', 'aq': '9'}",102.0546875,-3.349,-1.733,0.6870072189776693,0.3518867754623864
"{'ar': '48000', 'sample_fmt': 's32p', 'compression_level': '9', 'reservoir': '1', 'aq': '9'}",102.0546875,-3.349,-1.733,0.6640713390079327,0.35358203261787374
"{'ar': '44100', 'sample_fmt': 's32p', 'compression_level': '9', 'reservoir': '1', 'aq': '9'}",97.1474609375,-3.314,-1.668,0.65166372602107,0.46438202373727644
"{'ar': '48000', 'sample_fmt': 's32p', 'compression_level': '9', 'reservoir': '1', 'b:a': '273k', 'abr': 'True'}",376.484375,-3.404,-1.839,0.6817945209913887,-0.24721085085558378
"{'ar': '48000', 'sample_fmt': 's32p', 'compression_level': '9', 'reservoir': '1', 'aq': '9'}",102.0546875,-3.349,-1.733,0.6706393430067692,0.35309657246587656
"{'ar': '48000', 'sample_fmt': 's32p', 'compression_level': '8', 'reservoir': '1', 'aq': '9'}",102.0546875,-3.349,-1.733,0.6812282910104841,0.3523139127250658
"{'ar': '48000', 'sample_fmt': 's32p', 'compression_level': '9', 'reservoir': '1', 'b:a': '320k', 'abr': 'True'}",438.171875,-3.313,-1.667,0.6699413009919226,-0.07848411615148816
"{'ar': '48000', 'sample_fmt': 's32p', 'compression_level': '9', 'reservoir': '1', 'aq': '9'}",102.0546875,-3.349,-1.733,0.6622453989984933,0.3537169931195234
"{'ar': '48000', 'sample_fmt': 's32p', 'compression_level': '9', 'reservoir': '1', 'aq': '9'}",102.0546875,-3.349,-1.733,0.6549532880308107,0.35425597410969617
"{'ar': '48000', 'sample_fmt': 's32p', 'compression_level': '9', 'reservoir': '1', 'aq': '9'}",102.0546875,-3.349,-1.733,0.6623900230042636,0.3537063035414056
"{'ar': '48000', 'sample_fmt': 's32p', 'compression_level': '9', 'reservoir': '1', 'aq': '9'}",102.0546875,-3.349,-1.733,0.6816770659934264,0.3522807424694645
"{'ar': '48000', 'sample_fmt': 's32p', 'compression_level': '9', 'reservoir': '1', 'aq': '9'}",102.0546875,-3.349,-1.733,0.6684323600202333,0.35325969695488246
"{'ar': '48000', 'sample_fmt': 's32p', 'compression_level': '9', 'reservoir': '1', 'aq': '9'}",102.0546875,-3.349,-1.733,0.6537505560263526,0.35434487150710936
"{'ar': '48000', 'sample_fmt': 's32p', 'compression_level': '8', 'reservoir': '1', 'b:a': '320k', 'abr': 'True'}",438.171875,-3.313,-1.667,0.6692875090229791,-0.07843579249811126
"{'ar': '44100', 'sample_fmt': 's32p', 'compression_level': '9', 'reservoir': '1', 'b:a': '319k', 'abr': 'True'}",436.8369140625,-2.591,-0.705,0.6789278779760934,1.908667917267635
"{'ar': '48000', 'sample_fmt': 's32p', 'compression_level': '9', 'reservoir': '1', 'aq': '9'}",102.0546875,-3.349,-1.733,0.6637735269614495,0.3536040447666754
"{'ar': '48000', 'sample_fmt': 's32p', 'compression_level': '9', 'reservoir': '1', 'aq': '9'}",102.0546875,-3.349,-1.733,0.6729375290160533,0.35292670689795325
"{'ar': '44100', 'sample_fmt': 's32p', 'compression_level': '9', 'reservoir': '1', 'aq': '9'}",97.1474609375,-3.314,-1.668,0.6546285009826533,0.46416288865396305
"{'ar': '48000', 'sample_fmt': 's32p', 'compression_level': '9', 'reservoir': '1', 'aq': '9'}",102.0546875,-3.349,-1.733,0.6791801579820458,0.3524652961547154
"{'ar': '48000', 'sample_fmt': 's32p', 'compression_level': '9', 'reservoir': '1', 'aq': '9'}",102.0546875,-3.349,-1.733,0.6876190830080304,0.35184155082408936
"{'ar': '48000', 'sample_fmt': 's32p', 'compression_level': '9', 'reservoir': '1', 'b:a': '320k', 'abr': 'True'}",438.171875,-3.313,-1.667,0.7372082819929346,-0.08345601306673463
"{'ar': '48000', 'sample_fmt': 's32p', 'compression_level': '9', 'reservoir': '1', 'aq': '9'}",102.0546875,-3.349,-1.733,0.6627335399971344,0.3536809132079645
"{'ar': '48000', 'sample_fmt': 's32p', 'compression_level': '9', 'reservoir': '1', 'aq': '9'}",102.0546875,-3.349,-1.733,0.6654258649796247,0.3534819156897753
"{'ar': '48000', 'sample_fmt': 's32p', 'compression_level': '9', 'reservoir': '1', 'aq': '9'}",102.0546875,-3.349,-1.733,0.6652960760111455,0.35349150876742513
"{'ar': '48000', 'sample_fmt': 's32p', 'compression_level': '9', 'reservoir': '1', 'b:a': '293k', 'abr': 'True'}",403.390625,-3.368,-1.768,0.674387901002774,-0.18332144787750007
"{'ar': '48000', 'sample_fmt': 's32p', 'compression_level': '9', 'reservoir': '1', 'b:a': '320k', 'abr': 'True'}",438.171875,-3.313,-1.667,0.6679045450291596,-0.07833357363363355
"{'ar': '48000', 'sample_fmt': 's32p', 'compression_level': '8', 'reservoir': '1', 'aq': '9'}",102.0546875,-3.349,-1.733,0.6737733399786521,0.35286492969486144
"{'ar': '48000', 'sample_fmt': 's32p', 'compression_level': '9', 'reservoir': '1', 'b:a': '320k', 'abr': 'True'}",438.171875,-3.313,-1.667,0.6864401219936553,-0.07970359168053687
"{'ar': '48000', 'sample_fmt': 's32p', 'compression_level': '9', 'reservoir': '1', 'aq': '9'}",102.0546875,-3.349,-1.733,0.6679114069847856,0.3532982020988831
"{'ar': '48000', 'sample_fmt': 's32p', 'compression_level': '9', 'reservoir': '1', 'aq': '9'}",102.0546875,-3.349,-1.733,0.6753647370205726,0.3527473049415885
"{'ar': '48000', 'sample_fmt': 's32p', 'compression_level': '9', 'reservoir': '1', 'b:a': '320k', 'abr': 'True'}",438.171875,-3.313,-1.667,0.6844410790072288,-0.07955583663772457
"{'ar': '48000', 'sample_fmt': 's32p', 'compression_level': '9', 'reservoir': '1', 'aq': '9'}",102.0546875,-3.349,-1.733,0.6735849829856306,0.3528788517044214
"{'ar': '48000', 'sample_fmt': 's32p', 'compression_level': '9', 'reservoir': '1', 'aq': '9'}",102.0546875,-3.349,-1.733,0.9305498820031062,0.3338858335885589
"{'ar': '48000', 'sample_fmt': 's32p', 'compression_level': '9', 'reservoir': '1', 'aq': '9'}",102.0546875,-3.349,-1.733,0.755567574989982,0.3468192814632029
"{'ar': '48000', 'sample_fmt': 's32p', 'compression_level': '8', 'reservoir': '1', 'aq': '9'}",102.0546875,-3.349,-1.733,0.7363873750146013,0.34823694545930184
"{'ar': '48000', 'sample_fmt': 's32p', 'compression_level': '9', 'reservoir': '1', 'b:a': '287k', 'abr': 'True'}",395.328125,-3.387,-1.805,0.7060654439846985,-0.22873856072432763
"{'ar': '44100', 'sample_fmt': 's32p', 'compression_level': '9', 'reservoir': '1', 'aq': '9'}",97.1474609375,-3.314,-1.668,0.6933005850005429,0.4613045231918383
"{'ar': '48000', 'sample_fmt': 's32p', 'compression_level': '9', 'reservoir': '1', 'aq': '9'}",102.0546875,-3.349,-1.733,0.6845817620342132,0.35206604799276875
"{'ar': '48000', 'sample_fmt': 's32p', 'compression_level': '9', 'reservoir': '1', 'aq': '9'}",102.0546875,-3.349,-1.733,0.6842236969678197,0.3520925136163565
"{'ar': '48000', 'sample_fmt': 's32p', 'compression_level': '9', 'reservoir': '1', 'aq': '9'}",102.0546875,-3.349,-1.733,0.6726047550328076,0.35295130318451395
"{'ar': '48000', 'sample_fmt': 's32p', 'compression_level': '9', 'reservoir': '1', 'aq': '9'}",102.0546875,-3.349,-1.733,0.7527467399777379,0.34702777752898567
"{'ar': '44100', 'sample_fmt': 's32p', 'compression_level': '9', 'reservoir': '1', 'aq': '9'}",97.1474609375,-3.314,-1.668,0.6921379160194192,0.4613904594154457
"{'ar': '48000', 'sample_fmt': 's32p', 'compression_level': '9', 'reservoir': '1', 'aq': '9'}",102.0546875,-3.349,-1.733,0.684375087992521,0.3520813238683181
"{'ar': '48000', 'sample_fmt': 's32p', 'compression_level': '9', 'reservoir': '1', 'aq': '9'}",102.0546875,-3.349,-1.733,0.6879406649968587,0.35181778177017226
"{'ar': '48000', 'sample_fmt': 's32p', 'compression_level': '9', 'reservoir': '1', 'aq': '9'}",102.0546875,-3.349,-1.733,0.6700120730092749,0.3531429358037157
"{'ar': '48000', 'sample_fmt': 's32p', 'compression_level': '9', 'reservoir': '1', 'aq': '9'}",102.0546875,-3.349,-1.733,0.6629760840150993,0.35366298607883245
"{'ar': '48000', 'sample_fmt': 's32p', 'compression_level': '9', 'reservoir': '1', 'b:a': '320k', 'abr': 'True'}",438.171875,-3.313,-1.667,0.6760349749820307,-0.07893451720209396
"{'ar': '48000', 'sample_fmt': 's32p', 'compression_level': '9', 'reservoir': '1', 'aq': '9'}",102.0546875,-3.349,-1.733,0.7173165520071052,0.34964652508768973
"{'ar': '48000', 'sample_fmt': 's32p', 'compression_level': '8', 'reservoir': '1', 'aq': '9'}",102.0546875,-3.349,-1.733,0.6837459759844933,0.35212782335447773
"{'ar': '48000', 'sample_fmt': 's32p', 'compression_level': '9', 'reservoir': '1', 'aq': '9'}",102.0546875,-3.349,-1.733,0.6663916079851333,0.35341053483398904
"{'ar': '48000', 'sample_fmt': 's32p', 'compression_level': '9', 'reservoir': '1', 'b:a': '320k', 'abr': 'True'}",438.171875,-3.313,-1.667,0.6711786310188472,-0.07857557078870335
"{'ar': '48000', 'sample_fmt': 's32p', 'compression_level': '9', 'reservoir': '1', 'aq': '9'}",102.0546875,-3.349,-1.733,0.6815665420144796,0.3522889116160771
"{'ar': '48000', 'sample_fmt': 's32p', 'compression_level': '9', 'reservoir': '1', 'b:a': '313k', 'abr': 'True'}",429.359375,-3.328,-1.694,0.6809101040416863,-0.10869950230930937
"{'ar': '48000', 'sample_fmt': 's32p', 'compression_level': '9', 'reservoir': '1', 'b:a': '320k', 'abr': 'True'}",438.171875,-3.313,-1.667,0.6765089819964487,-0.07896955243004264
"{'ar': '48000', 'sample_fmt': 's32p', 'compression_level': '9', 'reservoir': '1', 'aq': '9'}",102.0546875,-3.349,-1.733,0.6994993100233842,0.3509634489207324
"{'ar': '48000', 'sample_fmt': 's32p', 'compression_level': '8', 'reservoir': '1', 'b:a': '320k', 'abr': 'True'}",438.171875,-3.313,-1.667,0.6761815220233984,-0.07894534891732886
"{'ar': '44100', 'sample_fmt': 's32p', 'compression_level': '9', 'reservoir': '1', 'aq': '9'}",97.1474609375,-3.314,-1.668,0.6666739380161744,0.4632725756008344
"{'ar': '48000', 'sample_fmt': 's32p', 'compression_level': '8', 'reservoir': '1', 'aq': '9'}",102.0546875,-3.349,-1.733,0.668050645996118,0.35328791054126263
"{'ar': '48000', 'sample_fmt': 's32p', 'compression_level': '9', 'reservoir': '1', 'aq': '9'}",102.0546875,-3.349,-1.733,0.6642139039759059,0.3535714952291885
"{'ar': '48000', 'sample_fmt': 's32p', 'compression_level': '9', 'reservoir': '1', 'aq': '9'}",102.0546875,-3.349,-1.733,0.6845987099804915,0.35206479532109286
"{'ar': '48000', 'sample_fmt': 's32p', 'compression_level': '9', 'reservoir': '1', 'aq': '9'}",102.0546875,-3.349,-1.733,0.6868515990208834,0.3518982777830135
"{'ar': '48000', 'sample_fmt': 's32p', 'compression_level': '8', 'reservoir': '1', 'aq': '9'}",102.0546875,-3.349,-1.733,0.7362172889988869,0.3482495170081401
"{'ar': '48000', 'sample_fmt': 's32p', 'compression_level': '9', 'reservoir': '1', 'aq': '9'}",102.0546875,-3.349,-1.733,0.6683721319714095,0.3532641485839834
"{'ar': '48000', 'sample_fmt': 's32p', 'compression_level': '9', 'reservoir': '1', 'aq': '9'}",102.0546875,-3.349,-1.733,0.6798693770251703,0.35241435398392895
"{'ar': '48000', 'sample_fmt': 's32p', 'compression_level': '9', 'reservoir': '1', 'b:a': '320k', 'abr': 'True'}",438.171875,-3.313,-1.667,0.7050493370043114,-0.08107905252818881
"{'ar': '48000', 'sample_fmt': 's32p', 'compression_level': '9', 'reservoir': '1', 'aq': '9'}",102.0546875,-3.349,-1.733,0.6898772660060786,0.35167464199430426
"{'ar': '44100', 'sample_fmt': 's32p', 'compression_level': '9', 'reservoir': '1', 'b:a': '320k', 'abr': 'True'}",437.857421875,-2.591,-0.705,0.7080147819942795,1.9048896319551065
"{'ar': '48000', 'sample_fmt': 's32p', 'compression_level': '9', 'reservoir': '1', 'aq': '9'}",102.0546875,-3.349,-1.733,0.6838381449924782,0.35212101087680053
"{'ar': '44100', 'sample_fmt': 's32p', 'compression_level': '9', 'reservoir': '1', 'aq': '9'}",97.1474609375,-3.314,-1.668,0.6614220760238823,0.4636607558944971
"{'ar': '48000', 'sample_fmt': 's32p', 'compression_level': '9', 'reservoir': '1', 'aq': '9'}",102.0546875,-3.349,-1.733,0.6643488339905161,0.35356152216196546
"{'ar': '48000', 'sample_fmt': 's32p', 'compression_level': '9', 'reservoir': '1', 'b:a': '320k', 'abr': 'True'}",438.171875,-3.313,-1.667,0.6745805160026066,-0.07882701393666508
"{'ar': '48000', 'sample_fmt': 's32p', 'compression_level': '9', 'reservoir': '1', 'b:a': '314k', 'abr': 'True'}",430.484375,-3.325,-1.689,0.6843926330038812,-0.10218492321627415
"{'ar': '48000', 'sample_fmt': 's32p', 'compression_level': '9', 'reservoir': '1', 'b:a': '320k', 'abr': 'True'}",438.171875,-3.313,-1.667,0.7084527569822967,-0.08133060913200872
"{'ar': '48000', 'sample_fmt': 's32p', 'compression_level': '9', 'reservoir': '1', 'aq': '9'}",102.0546875,-3.349,-1.733,0.6846524399879854,0.3520608239810009
"{'ar': '48000', 'sample_fmt': 's32p', 'compression_level': '9', 'reservoir': '1', 'aq': '9'}",102.0546875,-3.349,-1.733,0.7005676820117515,0.35088448246030485
"{'ar': '48000', 'sample_fmt': 's32p', 'compression_level': '9', 'reservoir': '1', 'aq': '9'}",102.0546875,-3.349,-1.733,0.7037287589919288,0.3506508381276364
"{'ar': '48000', 'sample_fmt': 's32p', 'compression_level': '9', 'reservoir': '1', 'aq': '9'}",102.0546875,-3.349,-1.733,0.7829863579827361,0.34479267999316765
"{'ar': '48000', 'sample_fmt': 'fltp', 'compression_level': '9', 'reservoir': '1', 'aq': '9'}",102.0546875,-3.349,-1.733,0.6870218059921172,0.3518856972940034
"{'ar': '48000', 'sample_fmt': 's32p', 'compression_level': '9', 'reservoir': '1', 'b:a': '320k', 'abr': 'True'}",438.171875,-3.313,-1.667,0.7043127660290338,-0.08102461043928656
"{'ar': '44100', 'sample_fmt': 's32p', 'compression_level': '9', 'reservoir': '1', 'aq': '9'}",97.1474609375,-3.314,-1.668,0.698360987007618,0.46093049425885396
"{'ar': '48000', 'sample_fmt': 's32p', 'compression_level': '9', 'reservoir': '1', 'aq': '9'}",102.0546875,-3.349,-1.733,0.6787381909962278,0.3524979632115794
"{'ar': '48000', 'sample_fmt': 's32p', 'compression_level': '8', 'reservoir': '1', 'aq': '9'}",102.0546875,-3.349,-1.733,0.7846724979754072,0.34466805251467103
"{'ar': '48000', 'sample_fmt': 's32p', 'compression_level': '9', 'reservoir': '1', 'aq': '9'}",102.0546875,-3.349,-1.733,0.6904670569929294,0.35163104883842705
"{'ar': '48000', 'sample_fmt': 's32p', 'compression_level': '9', 'reservoir': '1', 'aq': '9'}",102.0546875,-3.349,-1.733,0.6690839339862578,0.35321153724050963
"{'ar': '48000', 'sample_fmt': 's32p', 'compression_level': '9', 'reservoir': '1', 'aq': '9'}",102.0546875,-3.349,-1.733,0.6707796279806644,0.3530862035981411
"{'ar': '48000', 'sample_fmt': 's32p', 'compression_level': '9', 'reservoir': '1', 'b:a': '255k', 'abr': 'True'}",350.234375,-3.44,-1.914,0.689455186977284,-0.3134280196394378
"{'ar': '48000', 'sample_fmt': 's32p', 'compression_level': '9', 'reservoir': '1', 'b:a': '320k', 'abr': 'True'}",438.171875,-3.313,-1.667,0.6904381150088739,-0.07999909489539414
"{'ar': '48000', 'sample_fmt': 's32p', 'compression_level': '9', 'reservoir': '1', 'aq': '9'}",102.0546875,-3.349,-1.733,0.6616056169732474,0.3537642812574837
"{'ar': '48000', 'sample_fmt': 's32p', 'compression_level': '9', 'reservoir': '1', 'aq': '9'}",102.0546875,-3.349,-1.733,0.6725905789644457,0.35295235097868444
"{'ar': '44100', 'sample_fmt': 's32p', 'compression_level': '9', 'reservoir': '1', 'aq': '9'}",97.1474609375,-3.314,-1.668,0.659250856959261,0.46382123696870425
"{'ar': '48000', 'sample_fmt': 's32p', 'compression_level': '9', 'reservoir': '1', 'aq': '9'}",102.0546875,-3.349,-1.733,0.6695163050317205,0.3531795794473221
"{'ar': '48000', 'sample_fmt': 's32p', 'compression_level': '9', 'reservoir': '1', 'aq': '9'}",102.0546875,-3.349,-1.733,0.6768350140191615,0.35263863252066135
"{'ar': '48000', 'sample_fmt': 's32p', 'compression_level': '9', 'reservoir': '1', 'aq': '9'}",102.0546875,-3.349,-1.733,0.6667550319980364,0.35338367311518154
"{'ar': '48000', 'sample_fmt': 's32p', 'compression_level': '9', 'reservoir': '1', 'aq': '9'}",102.0546875,-3.349,-1.733,0.6730040660186205,0.35292178895585313
"{'ar': '44100', 'sample_fmt': 's32p', 'compression_level': '9', 'reservoir': '1', 'aq': '9'}",97.1474609375,-3.314,-1.668,0.6657490670040715,0.4633409354894996
"{'ar': '48000', 'sample_fmt': 's32p', 'compression_level': '9', 'reservoir': '1', 'aq': '9'}",102.0546875,-3.349,-1.733,0.6736695090075955,0.3528726041419233
"{'ar': '48000', 'sample_fmt': 's32p', 'compression_level': '9', 'reservoir': '1', 'aq': '9'}",102.0546875,-3.349,-1.733,0.6762473180133384,0.3526820708304379
"{'ar': '48000', 'sample_fmt': 's32p', 'compression_level': '9', 'reservoir': '1', 'aq': '9'}",102.0546875,-3.349,-1.733,0.6713810159999412,0.35304175327209086
"{'ar': '48000', 'sample_fmt': 's32p', 'compression_level': '9', 'reservoir': '1', 'aq': '9'}",102.0546875,-3.349,-1.733,0.7221864240127616,0.3492865787775944
"{'ar': '48000', 'sample_fmt': 's32p', 'compression_level': '9', 'reservoir': '1', 'b:a': '320k', 'abr': 'True'}",438.171875,-3.313,-1.667,0.68223273800686,-0.07939261177399268
"{'ar': '48000', 'sample_fmt': 's32p', 'compression_level': '9', 'reservoir': '1', 'aq': '9'}",102.0546875,-3.349,-1.733,0.6913836019812152,0.3515633043502379
"{'ar': '48000', 'sample_fmt': 's32p', 'compression_level': '8', 'reservoir': '1', 'aq': '9'}",102.0546875,-3.349,-1.733,0.6789664400275797,0.35248109266620925
"{'ar': '48000', 'sample_fmt': 's32p', 'compression_level': '8', 'reservoir': '1', 'aq': '9'}",102.0546875,-3.349,-1.733,0.7504100990190636,0.34720048541332343
"{'ar': '48000', 'sample_fmt': 's32p', 'compression_level': '9', 'reservoir': '1', 'b:a': '320k', 'abr': 'True'}",438.171875,-3.313,-1.667,0.6890391640190501,-0.0798956943858517
"{'ar': '48000', 'sample_fmt': 's32p', 'compression_level': '9', 'reservoir': '1', 'b:a': '309k', 'abr': 'True'}",424.109375,-3.337,-1.71,0.6798346439900342,-0.12625954783058696
"{'ar': '48000', 'sample_fmt': 's32p', 'compression_level': '8', 'reservoir': '1', 'aq': '9'}",102.0546875,-3.349,-1.733,0.6625395209703129,0.3536952537148016
"{'ar': '48000', 'sample_fmt': 's32p', 'compression_level': '9', 'reservoir': '1', 'b:a': '320k', 'abr': 'True'}",438.171875,-3.313,-1.667,0.6752826689917129,-0.0788789120927681
"{'ar': '44100', 'sample_fmt': 's32p', 'compression_level': '9', 'reservoir': '1', 'aq': '9'}",97.1474609375,-3.314,-1.668,0.6766274560068268,0.4625368823281895
"{'ar': '44100', 'sample_fmt': 's32p', 'compression_level': '9', 'reservoir': '1', 'aq': '9'}",97.1474609375,-3.314,-1.668,0.6691936269926373,0.4630863381086349
"{'ar': '48000', 'sample_fmt': 's32p', 'compression_level': '9', 'reservoir': '1', 'aq': '9'}",102.0546875,-3.349,-1.733,0.7125191630038898,0.35000111396965494
"{'ar': '48000', 'sample_fmt': 's32p', 'compression_level': '9', 'reservoir': '1', 'aq': '9'}",102.0546875,-3.349,-1.733,0.667196155001875,0.35335106843946407
"{'ar': '48000', 'sample_fmt': 's32p', 'compression_level': '9', 'reservoir': '1', 'b:a': '320k', 'abr': 'True'}",438.171875,-3.313,-1.667,0.6724152490205597,-0.07866697279807791
"{'ar': '44100', 'sample_fmt': 's32p', 'compression_level': '9', 'reservoir': '1', 'aq': '9'}",97.1474609375,-3.314,-1.668,0.6614748499996495,0.46365685521747224
"{'ar': '48000', 'sample_fmt': 's32p', 'compression_level': '9', 'reservoir': '1', 'aq': '9'}",102.0546875,-3.349,-1.733,0.6694906119955704,0.35318147849385695
"{'ar': '48000', 'sample_fmt': 's32p', 'compression_level': '9', 'reservoir': '1', 'aq': '9'}",102.0546875,-3.349,-1.733,0.8094626610109117,0.34283573994035127
"{'ar': '48000', 'sample_fmt': 's32p', 'compression_level': '9', 'reservoir': '1', 'aq': '9'}",102.0546875,-3.349,-1.733,0.6782656069844961,0.3525328932612881
"{'ar': '48000', 'sample_fmt': 's32p', 'compression_level': '9', 'reservoir': '1', 'aq': '9'}",102.0546875,-3.349,-1.733,0.7239040769927669,0.34915962208315576
"{'ar': '48000', 'sample_fmt': 's32p', 'compression_level': '9', 'reservoir': '1', 'b:a': '320k', 'abr': 'True'}",438.171875,-3.313,-1.667,0.7091655890399124,-0.0813832966089195
"{'ar': '48000', 'sample_fmt': 's32p', 'compression_level': '9', 'reservoir': '1', 'aq': '9'}",102.0546875,-3.349,-1.733,0.694027533987537,0.3513678836967355
"{'ar': '48000', 'sample_fmt': 's32p', 'compression_level': '9', 'reservoir': '1', 'aq': '9'}",102.0546875,-3.349,-1.733,0.6754833050072193,0.35273854123912585
"{'ar': '44100', 'sample_fmt': 's32p', 'compression_level': '9', 'reservoir': '1', 'b:a': '312k', 'abr': 'True'}",427.4482421875,-2.59,-0.703,0.6925333199906163,1.925604325814104
"{'ar': '48000', 'sample_fmt': 's32p', 'compression_level': '9', 'reservoir': '1', 'b:a': '320k', 'abr': 'True'}",438.171875,-3.313,-1.667,1.0289017289760523,-0.10501591850133632
"{'ar': '48000', 'sample_fmt': 's32p', 'compression_level': '9', 'reservoir': '1', 'aq': '9'}",102.0546875,-3.349,-1.733,1.0138751379854511,0.32772702317346813
"{'ar': '48000', 'sample_fmt': 's32p', 'compression_level': '9', 'reservoir': '1', 'aq': '9'}",102.0546875,-3.349,-1.733,0.6747043570212554,0.35279611553532464
"{'ar': '48000', 'sample_fmt': 's32p', 'compression_level': '9', 'reservoir': '1', 'aq': '9'}",102.0546875,-3.349,-1.733,0.7781227060186211,0.3451521665620216
"{'ar': '44100', 'sample_fmt': 's32p', 'compression_level': '9', 'reservoir': '1', 'aq': '9'}",97.1474609375,-3.314,-1.668,0.6751103100250475,0.46264901897107935
"{'ar': '48000', 'sample_fmt': 's32p', 'compression_level': '8', 'reservoir': '1', 'aq': '9'}",102.0546875,-3.349,-1.733,0.6697978260053787,0.3531587714187815
"{'ar': '48000', 'sample_fmt': 's32p', 'compression_level': '9', 'reservoir': '1', 'b:a': '320k', 'abr': 'True'}",438.171875,-3.313,-1.667,0.6803517710068263,-0.07925358406848279
"{'ar': '48000', 'sample_fmt': 's32p', 'compression_level': '9', 'reservoir': '1', 'aq': '9'}",102.0546875,-3.349,-1.733,0.6841014810197521,0.3521015469501876
"{'ar': '48000', 'sample_fmt': 's32p', 'compression_level': '9', 'reservoir': '1', 'aq': '9'}",102.0546875,-3.349,-1.733,0.7094116339867469,0.35023080041766336
"{'ar': '48000', 'sample_fmt': 's32p', 'compression_level': '8', 'reservoir': '1', 'aq': '9'}",102.0546875,-3.349,-1.733,0.6666482599976007,0.3533915649422221
"{'ar': '48000', 'sample_fmt': 's32p', 'compression_level': '8', 'reservoir': '1', 'b:a': '320k', 'abr': 'True'}",438.171875,-3.313,-1.667,0.6817904419731349,-0.07935992039624717
"{'ar': '48000', 'sample_fmt': 's32p', 'compression_level': '9', 'reservoir': '1', 'aq': '9'}",102.0546875,-3.349,-1.733,0.6913373069837689,0.35156672614725587
"{'ar': '48000', 'sample_fmt': 's32p', 'compression_level': '9', 'reservoir': '1', 'aq': '9'}",102.0546875,-3.349,-1.733,0.6850824799912516,0.35202903848187705
"{'ar': '48000', 'sample_fmt': 's32p', 'compression_level': '9', 'reservoir': '1', 'aq': '9'}",102.0546875,-3.349,-1.733,0.6751655219704844,0.3527620295015177
"{'ar': '48000', 'sample_fmt': 's32p', 'compression_level': '9', 'reservoir': '1', 'aq': '9'}",102.0546875,-3.349,-1.733,0.6854224799899384,0.3520039080996375
"{'ar': '48000', 'sample_fmt': 's32p', 'compression_level': '9', 'reservoir': '1', 'aq': '9'}",102.0546875,-3.349,-1.733,0.6669609020173084,0.3533684566672523
"{'ar': '48000', 'sample_fmt': 's32p', 'compression_level': '9', 'reservoir': '1', 'aq': '9'}",102.0546875,-3.349,-1.733,0.6690833330212627,0.35321158165956873
"{'ar': '48000', 'sample_fmt': 's32p', 'compression_level': '9', 'reservoir': '1', 'aq': '9'}",102.0546875,-3.349,-1.733,0.6733643330226187,0.3528951605806951
"{'ar': '48000', 'sample_fmt': 's32p', 'compression_level': '9', 'reservoir': '1', 'aq': '9'}",102.0546875,-3.349,-1.733,0.6723662180011161,0.3529689341457135
"{'ar': '48000', 'sample_fmt': 's32p', 'compression_level': '9', 'reservoir': '1', 'aq': '9'}",102.0546875,-3.349,-1.733,0.6996478389773984,0.3509524707166076
"{'ar': '48000', 'sample_fmt': 's32p', 'compression_level': '9', 'reservoir': '1', 'aq': '9'}",102.0546875,-3.349,-1.733,0.6796086110116448,0.3524336279534004
"{'ar': '48000', 'sample_fmt': 's32p', 'compression_level': '9', 'reservoir': '1', 'aq': '9'}",102.0546875,-3.349,-1.733,0.736595624970505,0.34822155310338
"{'ar': '48000', 'sample_fmt': 's32p', 'compression_level': '9', 'reservoir': '1', 'aq': '9'}",102.0546875,-3.349,-1.733,0.6973789430048782,0.35112017137328816
"{'ar': '48000', 'sample_fmt': 's32p', 'compression_level': '9', 'reservoir': '1', 'aq': '9'}",102.0546875,-3.349,-1.733,0.6667991649883334,0.35338041111835855
"{'ar': '48000', 'sample_fmt': 's32p', 'compression_level': '9', 'reservoir': '1', 'aq': '9'}",102.0546875,-3.349,-1.733,0.6777497550065164,0.3525710213713932
"{'ar': '48000', 'sample_fmt': 's32p', 'compression_level': '9', 'reservoir': '1', 'aq': '9'}",102.0546875,-3.349,-1.733,0.6697405649756547,0.35316300374692844
"{'ar': '48000', 'sample_fmt': 's32p', 'compression_level': '9', 'reservoir': '1', 'aq': '9'}",102.0546875,-3.349,-1.733,0.680309406016022,0.35238183016987223
"{'ar': '48000', 'sample_fmt': 's32p', 'compression_level': '9', 'reservoir': '1', 'aq': '9'}",102.0546875,-3.349,-1.733,0.6584381049906369,0.35399840121977416
"{'ar': '48000', 'sample_fmt': 's32p', 'compression_level': '8', 'reservoir': '1', 'aq': '9'}",102.0546875,-3.349,-1.733,0.6790968350251205,0.35247145479520053
"{'ar': '48000', 'sample_fmt': 's32p', 'compression_level': '9', 'reservoir': '1', 'aq': '9'}",102.0546875,-3.349,-1.733,0.6993290359969251,0.350976034365988
"{'ar': '48000', 'sample_fmt': 's32p', 'compression_level': '9', 'reservoir': '1', 'b:a': '320k', 'abr': 'True'}",438.171875,-3.313,-1.667,0.6793099619972054,-0.07917658095456077
"{'ar': '48000', 'sample_fmt': 's32p', 'compression_level': '9', 'reservoir': '1', 'aq': '9'}",102.0546875,-3.349,-1.733,0.6821416949969716,0.35224640039739463
"{'ar': '48000', 'sample_fmt': 'fltp', 'compression_level': '7', 'reservoir': '1', 'aq': '9'}",102.0546875,-3.349,-1.733,0.6690354630118236,0.3532151198702736
"{'ar': '48000', 'sample_fmt': 's32p', 'compression_level': '9', 'reservoir': '1', 'aq': '9'}",102.0546875,-3.349,-1.733,0.671547980979085,0.3530294124080829
"{'ar': '48000', 'sample_fmt': 's32p', 'compression_level': '9', 'reservoir': '1', 'b:a': '320k', 'abr': 'True'}",438.171875,-3.313,-1.667,0.6918764869915321,-0.0801054091244131
"{'ar': '48000', 'sample_fmt': 's32p', 'compression_level': '9', 'reservoir': '1', 'b:a': '305k', 'abr': 'True'}",419.046875,-3.337,-1.711,0.6849508839950431,-0.11887511024502645
"{'ar': '48000', 'sample_fmt': 's32p', 'compression_level': '9', 'reservoir': '1', 'aq': '9'}",102.0546875,-3.349,-1.733,0.7380832010239828,0.34811160205932506
"{'ar': '44100', 'sample_fmt': 's32p', 'compression_level': '9', 'reservoir': '1', 'aq': '9'}",97.1474609375,-3.314,-1.668,0.6695088270062115,0.4630630407649478
"{'ar': '48000', 'sample_fmt': 's32p', 'compression_level': '9', 'reservoir': '1', 'aq': '9'}",102.0546875,-3.349,-1.733,0.6880070639890619,0.3518128740288169
"{'ar': '44100', 'sample_fmt': 's32p', 'compression_level': '9', 'reservoir': '1', 'aq': '9'}",97.1474609375,-3.314,-1.668,0.6781119049992412,0.46242716241425263
"{'ar': '48000', 'sample_fmt': 's32p', 'compression_level': '9', 'reservoir': '1', 'b:a': '320k', 'abr': 'True'}",438.171875,-3.313,-1.667,0.708707112033153,-0.08134940924870655
"{'ar': '48000', 'sample_fmt': 's32p', 'compression_level': '9', 'reservoir': '1', 'aq': '9'}",102.0546875,-3.349,-1.733,0.7275746730156243,0.3488883177259276
"{'ar': '48000', 'sample_fmt': 's32p', 'compression_level': '9', 'reservoir': '1', 'aq': '9'}",102.0546875,-3.349,-1.733,0.731901591992937,0.34856850264287076
"{'ar': '48000', 'sample_fmt': 's32p', 'compression_level': '9', 'reservoir': '1', 'aq': '9'}",102.0546875,-3.349,-1.733,0.6868793900066521,0.35189622367096096
"{'ar': '48000', 'sample_fmt': 's32p', 'compression_level': '9', 'reservoir': '1', 'aq': '9'}",102.0546875,-3.349,-1.733,0.6714383420185186,0.35303751614043
"{'ar': '48000', 'sample_fmt': 's32p', 'compression_level': '9', 'reservoir': '1', 'aq': '9'}",102.0546875,-3.349,-1.733,0.6762639489897992,0.35268084158691704
"{'ar': '48000', 'sample_fmt': 's32p', 'compression_level': '9', 'reservoir': '1', 'b:a': '320k', 'abr': 'True'}",438.171875,-3.313,-1.667,0.6910220889840275,-0.08004225809913011
"{'ar': '44100', 'sample_fmt': 's32p', 'compression_level': '9', 'reservoir': '1', 'aq': '9'}",97.1474609375,-3.314,-1.668,0.6648892590019386,0.46340448638311627
"{'ar': '48000', 'sample_fmt': 's32p', 'compression_level': '9', 'reservoir': '1', 'aq': '9'}",102.0546875,-3.349,-1.733,0.6769022560038138,0.35263366247129846
"{'ar': '48000', 'sample_fmt': 's32p', 'compression_level': '9', 'reservoir': '1', 'aq': '9'}",102.0546875,-3.349,-1.733,0.6627260139794089,0.353681469477679
"{'ar': '44100', 'sample_fmt': 's32p', 'compression_level': '9', 'reservoir': '1', 'aq': '9'}",97.1474609375,-3.314,-1.668,0.6809144069848116,0.46222002139543955
"{'ar': '48000', 'sample_fmt': 's32p', 'compression_level': '9', 'reservoir': '1', 'aq': '9'}",102.0546875,-3.349,-1.733,0.6747834059933666,0.3527902727974056
"{'ar': '48000', 'sample_fmt': 's32p', 'compression_level': '9', 'reservoir': '1', 'aq': '9'}",102.0546875,-3.349,-1.733,0.68616839099559,0.35194877566210486
"{'ar': '48000', 'sample_fmt': 's32p', 'compression_level': '9', 'reservoir': '1', 'aq': '9'}",102.0546875,-3.349,-1.733,0.674726974015357,0.352794443847945
"{'ar': '48000', 'sample_fmt': 's32p', 'compression_level': '9', 'reservoir': '1', 'b:a': '320k', 'abr': 'True'}",438.171875,-3.313,-1.667,0.6834231179964263,-0.07948059619829748
"{'ar': '32000', 'sample_fmt': 's32p', 'compression_level': '9', 'reservoir': '1', 'b:a': '320k', 'abr': 'True'}",439.953125,-3.174,-1.438,0.6603478549805004,0.3154840204783684
"{'ar': '48000', 'sample_fmt': 's32p', 'compression_level': '9', 'reservoir': '1', 'aq': '9'}",102.0546875,-3.349,-1.733,0.6741220989788417,0.3528391519095141
"{'ar': '48000', 'sample_fmt': 's32p', 'compression_level': '9', 'reservoir': '1', 'aq': '9'}",102.0546875,-3.349,-1.733,0.6889394969912246,0.35174395521161805
"{'ar': '48000', 'sample_fmt': 's32p', 'compression_level': '9', 'reservoir': '1', 'aq': '9'}",102.0546875,-3.349,-1.733,0.6810342709941324,0.35232825330504186
"{'ar': '48000', 'sample_fmt': 's32p', 'compression_level': '8', 'reservoir': '1', 'b:a': '222k', 'abr': 'True'}",303.734375,-3.498,-2.043,0.689760575973196,-0.4150827168237024
"{'ar': '44100', 'sample_fmt': 's32p', 'compression_level': '9', 'reservoir': '1', 'aq': '9'}",97.1474609375,-3.314,-1.668,0.7379894120094832,0.458001442871519
"{'ar': '48000', 'sample_fmt': 's32p', 'compression_level': '8', 'reservoir': '1', 'aq': '9'}",102.0546875,-3.349,-1.733,0.6791575830138754,0.352466964735837
"{'ar': '48000', 'sample_fmt': 's32p', 'compression_level': '9', 'reservoir': '1', 'b:a': '304k', 'abr': 'True'}",417.734375,-3.341,-1.717,0.7558751390024554,-0.13323551885098436
"{'ar': '48000', 'sample_fmt': 's32p', 'compression_level': '9', 'reservoir': '1', 'aq': '9'}",102.0546875,-3.349,-1.733,0.7326476059970446,0.34851336259242466
"{'ar': '48000', 'sample_fmt': 's32p', 'compression_level': '9', 'reservoir': '1', 'aq': '9'}",102.0546875,-3.349,-1.733,0.6897477610036731,0.35168421408320116
"{'ar': '32000', 'sample_fmt': 's32p', 'compression_level': '9', 'reservoir': '1', 'b:a': '320k', 'abr': 'True'}",439.953125,-3.174,-1.438,0.6774059940071311,0.3142232041381037
"{'ar': '48000', 'sample_fmt': 's32p', 'compression_level': '9', 'reservoir': '1', 'aq': '9'}",102.0546875,-3.349,-1.733,0.6816304360108916,0.3522841890261982
"{'ar': '48000', 'sample_fmt': 's32p', 'compression_level': '9', 'reservoir': '1', 'b:a': '312k', 'abr': 'True'}",428.046875,-3.331,-1.699,0.6924308709858451,-0.11602383123680868
"{'ar': '48000', 'sample_fmt': 's32p', 'compression_level': '9', 'reservoir': '1', 'aq': '9'}",102.0546875,-3.349,-1.733,0.6748848110146355,0.35278277765930166
"{'ar': '48000', 'sample_fmt': 's32p', 'compression_level': '9', 'reservoir': '1', 'aq': '9'}",102.0546875,-3.349,-1.733,0.6881622650253121,0.35180140267181687
"{'ar': '48000', 'sample_fmt': 's32p', 'compression_level': '9', 'reservoir': '1', 'aq': '9'}",102.0546875,-3.349,-1.733,0.669054115016479,0.35321374124671967
"{'ar': '48000', 'sample_fmt': 's32p', 'compression_level': '9', 'reservoir': '1', 'aq': '9'}",102.0546875,-3.349,-1.733,0.6759370540094096,0.35270500333939087
"{'ar': '48000', 'sample_fmt': 's32p', 'compression_level': '9', 'reservoir': '1', 'aq': '9'}",102.0546875,-3.349,-1.733,0.676323494000826,0.3526764404431131
"{'ar': '48000', 'sample_fmt': 's32p', 'compression_level': '9', 'reservoir': '1', 'aq': '9'}",102.0546875,-3.349,-1.733,0.6964033330150414,0.35119228152639403
"{'ar': '48000', 'sample_fmt': 's32p', 'compression_level': '9', 'reservoir': '1', 'aq': '9'}",102.0546875,-3.349,-1.733,0.8116296929947566,0.3426755683453817
"{'ar': '48000', 'sample_fmt': 's32p', 'compression_level': '9', 'reservoir': '1', 'aq': '9'}",102.0546875,-3.349,-1.733,0.6795042299781926,0.3524413430571632
"{'ar': '48000', 'sample_fmt': 's32p', 'compression_level': '9', 'reservoir': '1', 'aq': '9'}",102.0546875,-3.349,-1.733,0.7555911779927555,0.3468175368970735
"{'ar': '48000', 'sample_fmt': 'fltp', 'compression_level': '9', 'reservoir': '1', 'aq': '9'}",102.0546875,-3.349,-1.733,0.6982081480091438,0.35105888243566286
"{'ar': '48000', 'sample_fmt': 's32p', 'compression_level': '9', 'reservoir': '1', 'b:a': '320k', 'abr': 'True'}",438.171875,-3.313,-1.667,0.6799845499917865,-0.07922644170227695
"{'ar': '48000', 'sample_fmt': 's32p', 'compression_level': '9', 'reservoir': '1', 'aq': '9'}",102.0546875,-3.349,-1.733,0.6838117770093959,0.35212295981061315
"{'ar': '44100', 'sample_fmt': 's32p', 'compression_level': '9', 'reservoir': '1', 'aq': '9'}",97.1474609375,-3.314,-1.668,0.6750514919986017,0.46265336638135246
"{'ar': '48000', 'sample_fmt': 's32p', 'compression_level': '8', 'reservoir': '1', 'aq': '9'}",102.0546875,-3.349,-1.733,0.6998709960316774,0.35093597653397485
"{'ar': '48000', 'sample_fmt': 's32p', 'compression_level': '9', 'reservoir': '1', 'aq': '9'}",102.0546875,-3.349,-1.733,0.7203980829799548,0.34941876023024926
"{'ar': '44100', 'sample_fmt': 's32p', 'compression_level': '8', 'reservoir': '1', 'b:a': '320k', 'abr': 'True'}",437.857421875,-2.591,-0.705,0.7662620970222633,1.9005844046117735
"{'ar': '48000', 'sample_fmt': 's32p', 'compression_level': '9', 'reservoir': '1', 'aq': '9'}",102.0546875,-3.349,-1.733,0.6753128419804852,0.35275114065393787
"{'ar': '48000', 'sample_fmt': 's32p', 'compression_level': '9', 'reservoir': '1', 'aq': '9'}",102.0546875,-3.349,-1.733,0.7111972859711386,0.3500988177203461
"{'ar': '48000', 'sample_fmt': 's32p', 'compression_level': '9', 'reservoir': '1', 'b:a': '320k', 'abr': 'True'}",438.171875,-3.313,-1.667,0.6862645760120358,-0.07969061656984348
"{'ar': '48000', 'sample_fmt': 's32p', 'compression_level': '9', 'reservoir': '1', 'aq': '9'}",102.0546875,-3.349,-1.733,0.6946463010099251,0.3513221488383535
"{'ar': '48000', 'sample_fmt': 's32p', 'compression_level': '9', 'reservoir': '1', 'aq': '9'}",102.0546875,-3.349,-1.733,0.6901467830175534,0.3516547212132908
"{'ar': '48000', 'sample_fmt': 's32p', 'compression_level': '9', 'reservoir': '1', 'aq': '9'}",102.0546875,-3.349,-1.733,0.6965171979682054,0.3511838654387242
"{'ar': '48000', 'sample_fmt': 's32p', 'compression_level': '9', 'reservoir': '1', 'aq': '9'}",102.0546875,-3.349,-1.733,0.6818835789745208,0.3522654784983693
"{'ar': '48000', 'sample_fmt': 's32p', 'compression_level': '9', 'reservoir': '1', 'aq': '9'}",102.0546875,-3.349,-1.733,0.6779743259830866,0.35255442268167875
"{'ar': '48000', 'sample_fmt': 's32p', 'compression_level': '9', 'reservoir': '1', 'b:a': '320k', 'abr': 'True'}",438.171875,-3.313,-1.667,0.6890159510076046,-0.07989397864510815
"{'ar': '48000', 'sample_fmt': 's32p', 'compression_level': '9', 'reservoir': '1', 'b:a': '318k', 'abr': 'True'}",435.359375,-3.316,-1.673,0.7103812679997645,-0.08586790820714486
"{'ar': '48000', 'sample_fmt': 's32p', 'compression_level': '9', 'reservoir': '1', 'aq': '9'}",102.0546875,-3.349,-1.733,0.6811209990119096,0.3523218429866712
"{'ar': '48000', 'sample_fmt': 's32p', 'compression_level': '9', 'reservoir': '1', 'aq': '9'}",102.0546875,-3.349,-1.733,0.6759134269959759,0.35270674968021754
"{'ar': '48000', 'sample_fmt': 's32p', 'compression_level': '9', 'reservoir': '1', 'aq': '9'}",102.0546875,-3.349,-1.733,0.6888038270117249,0.351753982971784
"{'ar': '48000', 'sample_fmt': 's32p', 'compression_level': '9', 'reservoir': '1', 'aq': '9'}",102.0546875,-3.349,-1.733,0.6804446960159112,0.3523718304950971
"{'ar': '48000', 'sample_fmt': 's32p', 'compression_level': '8', 'reservoir': '1', 'b:a': '317k', 'abr': 'True'}",434.046875,-3.319,-1.678,0.7178954410192091,-0.09289609820171604
"{'ar': '44100', 'sample_fmt': 's32p', 'compression_level': '8', 'reservoir': '1', 'aq': '9'}",97.1474609375,-3.314,-1.668,0.6814916459843516,0.46217735599321
"{'ar': '48000', 'sample_fmt': 's32p', 'compression_level': '9', 'reservoir': '1', 'aq': '9'}",102.0546875,-3.349,-1.733,0.6821472320298199,0.35224599113929905
"{'ar': '48000', 'sample_fmt': 's32p', 'compression_level': '9', 'reservoir': '1', 'aq': '9'}",102.0546875,-3.349,-1.733,0.6997935209656134,0.3509417029399506
"{'ar': '48000', 'sample_fmt': 's32p', 'compression_level': '9', 'reservoir': '1', 'b:a': '301k', 'abr': 'True'}",413.328125,-3.345,-1.726,0.703984259016579,-0.13452809383517925
"{'ar': '48000', 'sample_fmt': 's32p', 'compression_level': '9', 'reservoir': '1', 'aq': '9'}",102.0546875,-3.349,-1.733,0.7569213330280036,0.3467192212953008
"{'ar': '48000', 'sample_fmt': 's32p', 'compression_level': '9', 'reservoir': '1', 'aq': '9'}",102.0546875,-3.349,-1.733,0.6863033300032839,0.351938801930177
"{'ar': '48000', 'sample_fmt': 's32p', 'compression_level': '9', 'reservoir': '1', 'aq': '9'}",102.0546875,-3.349,-1.733,0.6776231510157231,0.35258037903814016
"{'ar': '48000', 'sample_fmt': 'fltp', 'compression_level': '9', 'reservoir': '1', 'aq': '9'}",102.0546875,-3.349,-1.733,0.676190010010032,0.352686306630538
"{'ar': '48000', 'sample_fmt': 's32p', 'compression_level': '9', 'reservoir': '1', 'aq': '9'}",102.0546875,-3.349,-1.733,0.6775764180056285,0.35258383320993847
"{'ar': '48000', 'sample_fmt': 's32p', 'compression_level': '9', 'reservoir': '1', 'aq': '9'}",102.0546875,-3.349,-1.733,0.6799331179936416,0.35240964270478725
"{'ar': '48000', 'sample_fmt': 's32p', 'compression_level': '9', 'reservoir': '1', 'b:a': '320k', 'abr': 'True'}",438.171875,-3.313,-1.667,0.6886029630259145,-0.07986345351016612
"{'ar': '48000', 'sample_fmt': 's32p', 'compression_level': '9', 'reservoir': '1', 'aq': '9'}",102.0546875,-3.349,-1.733,0.690937439998379,0.35159628147145183
"{'ar': '48000', 'sample_fmt': 's32p', 'compression_level': '9', 'reservoir': '1', 'aq': '9'}",102.0546875,-3.349,-1.733,0.7526670720253605,0.34703366601752456
"{'ar': '44100', 'sample_fmt': 's32p', 'compression_level': '9', 'reservoir': '1', 'aq': '9'}",97.1474609375,-3.314,-1.668,0.8391534340044018,0.4505241177202253
"{'ar': '48000', 'sample_fmt': 's32p', 'compression_level': '9', 'reservoir': '1', 'aq': '9'}",102.0546875,-3.349,-1.733,0.7035752329975367,0.3506621856774531
"{'ar': '48000', 'sample_fmt': 's32p', 'compression_level': '9', 'reservoir': '1', 'aq': '9'}",102.0546875,-3.349,-1.733,0.6777040370216127,0.352574400519747
"{'ar': '48000', 'sample_fmt': 's32p', 'compression_level': '9', 'reservoir': '1', 'aq': '9'}",102.0546875,-3.349,-1.733,0.6887574520078488,0.3517574106823083
"{'ar': '48000', 'sample_fmt': 's32p', 'compression_level': '8', 'reservoir': '1', 'aq': '9'}",102.0546875,-3.349,-1.733,0.6975932640198153,0.3511043302878525
"{'ar': '48000', 'sample_fmt': 'fltp', 'compression_level': '9', 'reservoir': '1', 'aq': '9'}",102.0546875,-3.349,-1.733,0.6715868690225761,0.35302653808043216
"{'ar': '48000', 'sample_fmt': 's32p', 'compression_level': '9', 'reservoir': '1', 'aq': '9'}",102.0546875,-3.349,-1.733,0.756082164007239,0.34678124670217386
"{'ar': '48000', 'sample_fmt': 's32p', 'compression_level': '9', 'reservoir': '1', 'aq': '9'}",102.0546875,-3.349,-1.733,0.7111037939903326,0.3501057279827669
"{'ar': '48000', 'sample_fmt': 's32p', 'compression_level': '9', 'reservoir': '1', 'aq': '9'}",102.0546875,-3.349,-1.733,0.6932594050012995,0.351424658329406
"{'ar': '48000', 'sample_fmt': 's32p', 'compression_level': '9', 'reservoir': '1', 'aq': '9'}",102.0546875,-3.349,-1.733,0.6852879579819273,0.352013851009914
"{'ar': '48000', 'sample_fmt': 's32p', 'compression_level': '9', 'reservoir': '1', 'aq': '9'}",102.0546875,-3.349,-1.733,0.6810717140324414,0.3523254857818991
"{'ar': '44100', 'sample_fmt': 's32p', 'compression_level': '9', 'reservoir': '1', 'aq': '9'}",97.1474609375,-3.314,-1.668,0.7353919019806199,0.4581934323425439
"{'ar': '48000', 'sample_fmt': 's32p', 'compression_level': '9', 'reservoir': '1', 'aq': '9'}",102.0546875,-3.349,-1.733,0.6695266610186081,0.35317881400641044
"{'ar': '44100', 'sample_fmt': 's32p', 'compression_level': '9', 'reservoir': '1', 'aq': '9'}",97.1474609375,-3.314,-1.668,0.6761984559998382,0.4625685909581837
"{'ar': '48000', 'sample_fmt': 's32p', 'compression_level': '9', 'reservoir': '1', 'aq': '9'}",102.0546875,-3.349,-1.733,0.6703742780373432,0.35311616418359926
"{'ar': '48000', 'sample_fmt': 's32p', 'compression_level': '9', 'reservoir': '1', 'aq': '9'}",102.0546875,-3.349,-1.733,0.6898034840123728,0.35168009543463186
"{'ar': '48000', 'sample_fmt': 's32p', 'compression_level': '9', 'reservoir': '1', 'b:a': '320k', 'abr': 'True'}",438.171875,-3.313,-1.667,0.708291291986825,-0.08131867478768466
"{'ar': '48000', 'sample_fmt': 'fltp', 'compression_level': '9', 'reservoir': '1', 'aq': '9'}",102.0546875,-3.349,-1.733,0.680238016997464,0.35238710673849283
"{'ar': '48000', 'sample_fmt': 's32p', 'compression_level': '9', 'reservoir': '1', 'aq': '9'}",102.0546875,-3.349,-1.733,0.6790679520054255,0.3524735896226357
"{'ar': '48000', 'sample_fmt': 's32p', 'compression_level': '9', 'reservoir': '1', 'aq': '9'}",102.0546875,-3.349,-1.733,0.677375368977664,0.35259869332447125
"{'ar': '48000', 'sample_fmt': 's32p', 'compression_level': '9', 'reservoir': '1', 'aq': '9'}",102.0546875,-3.349,-1.733,0.6743569750397,0.3528217915412462
"{'ar': '48000', 'sample_fmt': 's32p', 'compression_level': '9', 'reservoir': '1', 'b:a': '320k', 'abr': 'True'}",438.171875,-3.313,-1.667,0.6808758399856742,-0.07929231952086277
"{'ar': '32000', 'sample_fmt': 's32p', 'compression_level': '9', 'reservoir': '1', 'aq': '9'}",81.7109375,-3.518,-2.09,0.6536517560016364,-0.11956417033246258
"{'ar': '48000', 'sample_fmt': 's32p', 'compression_level': '9', 'reservoir': '1', 'aq': '9'}",102.0546875,-3.349,-1.733,0.7277162440004759,0.34887785380540676
"{'ar': '48000', 'sample_fmt': 'fltp', 'compression_level': '9', 'reservoir': '1', 'aq': '9'}",102.0546875,-3.349,-1.733,0.7161328989895992,0.3497340123020538
"{'ar': '48000', 'sample_fmt': 's32p', 'compression_level': '9', 'reservoir': '1', 'b:a': '315k', 'abr': 'True'}",431.609375,-3.324,-1.688,0.6965499039797578,-0.10223322867681409
"{'ar': '48000', 'sample_fmt': 's32p', 'compression_level': '9', 'reservoir': '1', 'aq': '9'}",102.0546875,-3.349,-1.733,0.6710484630020801,0.3530663332249833
"{'ar': '48000', 'sample_fmt': 's32p', 'compression_level': '9', 'reservoir': '1', 'aq': '9'}",102.0546875,-3.349,-1.733,0.68972209902131,0.3516861108344609
"{'ar': '48000', 'sample_fmt': 's32p', 'compression_level': '9', 'reservoir': '1', 'b:a': '320k', 'abr': 'True'}",438.171875,-3.313,-1.667,0.6932508000172675,-0.08020698857084513
"{'ar': '48000', 'sample_fmt': 's32p', 'compression_level': '9', 'reservoir': '1', 'aq': '9'}",102.0546875,-3.349,-1.733,0.6823485239874572,0.3522311130691323
"{'ar': '48000', 'sample_fmt': 's32p', 'compression_level': '9', 'reservoir': '1', 'aq': '9'}",102.0546875,-3.349,-1.733,0.6813973130192608,0.3523014198200544
"{'ar': '48000', 'sample_fmt': 's32p', 'compression_level': '9', 'reservoir': '1', 'b:a': '320k', 'abr': 'True'}",438.171875,-3.313,-1.667,0.7140784660005011,-0.08174642153948489
"{'ar': '48000', 'sample_fmt': 's32p', 'compression_level': '9', 'reservoir': '1', 'aq': '9'}",102.0546875,-3.349,-1.733,0.7547808570088819,0.3468774300621915
"{'ar': '48000', 'sample_fmt': 's32p', 'compression_level': '9', 'reservoir': '1', 'b:a': '320k', 'abr': 'True'}",438.171875,-3.313,-1.667,0.6985659700003453,-0.08059984814101787
"{'ar': '48000', 'sample_fmt': 's32p', 'compression_level': '9', 'reservoir': '1', 'b:a': '320k', 'abr': 'True'}",438.171875,-3.313,-1.667,0.6962829989788588,-0.08043110715680223
"{'ar': '48000', 'sample_fmt': 's32p', 'compression_level': '9', 'reservoir': '1', 'b:a': '320k', 'abr': 'True'}",438.171875,-3.313,-1.667,0.6857718650135212,-0.07965419887639019
"{'ar': '44100', 'sample_fmt': 's32p', 'compression_level': '9', 'reservoir': '1', 'aq': '9'}",97.1474609375,-3.314,-1.668,0.6764265969977714,0.4625517283978757
"{'ar': '48000', 'sample_fmt': 's32p', 'compression_level': '9', 'reservoir': '1', 'aq': '9'}",102.0546875,-3.349,-1.733,0.6681858699885197,0.3532779157452916
"{'ar': '44100', 'sample_fmt': 's32p', 'compression_level': '9', 'reservoir': '1', 'b:a': '298k', 'abr': 'True'}",409.181640625,-2.592,-0.706,0.6986422300105914,1.9486939173345987
"{'ar': '48000', 'sample_fmt': 's32p', 'compression_level': '9', 'reservoir': '1', 'b:a': '320k', 'abr': 'True'}",438.171875,-3.313,-1.667,0.6882267119945027,-0.07983564370936048
"{'ar': '48000', 'sample_fmt': 's32p', 'compression_level': '9', 'reservoir': '1', 'aq': '9'}",102.0546875,-3.349,-1.733,0.6724174220289569,0.3529651495080758
"{'ar': '48000', 'sample_fmt': 's32p', 'compression_level': '9', 'reservoir': '1', 'aq': '9'}",102.0546875,-3.349,-1.733,0.6798917179985438,0.3524127026980388
"{'ar': '48000', 'sample_fmt': 's32p', 'compression_level': '9', 'reservoir': '1', 'b:a': '320k', 'abr': 'True'}",438.171875,-3.313,-1.667,0.7004081860068254,-0.08073601164863385
"{'ar': '44100', 'sample_fmt': 's32p', 'compression_level': '9', 'reservoir': '1', 'aq': '9'}",97.1474609375,-3.314,-1.668,0.7232045190175995,0.45909423702943564
"{'ar': '48000', 'sample_fmt': 's32p', 'compression_level': '9', 'reservoir': '1', 'aq': '9'}",102.0546875,-3.349,-1.733,0.728559811017476,0.3488155033299251
"{'ar': '48000', 'sample_fmt': 'fltp', 'compression_level': '9', 'reservoir': '1', 'b:a': '320k', 'abr': 'True'}",438.171875,-3.313,-1.667,0.778471363009885,-0.086505886603034
"{'ar': '48000', 'sample_fmt': 's32p', 'compression_level': '9', 'reservoir': '1', 'aq': '9'}",102.0546875,-3.349,-1.733,0.7103808709944133,0.3501591613100827
"{'ar': '48000', 'sample_fmt': 's32p', 'compression_level': '9', 'reservoir': '1', 'b:a': '320k', 'abr': 'True'}",438.171875,-3.313,-1.667,0.6867831999843474,-0.07972894956605853
"{'ar': '48000', 'sample_fmt': 's32p', 'compression_level': '9', 'reservoir': '1', 'aq': '9'}",102.0546875,-3.349,-1.733,0.6923574480169918,0.35149132457607307
"{'ar': '48000', 'sample_fmt': 's32p', 'compression_level': '9', 'reservoir': '1', 'aq': '9'}",102.0546875,-3.349,-1.733,0.6772443439986091,0.35260837775923387
"{'ar': '48000', 'sample_fmt': 's32p', 'compression_level': '9', 'reservoir': '1', 'aq': '9'}",102.0546875,-3.349,-1.733,1.4981478139816318,0.2919330305177351
"{'ar': '48000', 'sample_fmt': 's32p', 'compression_level': '9', 'reservoir': '1', 'b:a': '320k', 'abr': 'True'}",438.171875,-3.313,-1.667,1.074349637987325,-0.10837510476560688
"{'ar': '48000', 'sample_fmt': 's32p', 'compression_level': '9', 'reservoir': '1', 'aq': '9'}",102.0546875,-3.349,-1.733,0.7422042999824043,0.3478069997285249
"{'ar': '48000', 'sample_fmt': 's32p', 'compression_level': '9', 'reservoir': '1', 'b:a': '314k', 'abr': 'True'}",430.484375,-3.325,-1.689,0.7975996490276884,-0.1105523808511657
"{'ar': '48000', 'sample_fmt': 's32p', 'compression_level': '9', 'reservoir': '1', 'aq': '9'}",102.0546875,-3.349,-1.733,0.6876376660075039,0.35184017730090783
"{'ar': '44100', 'sample_fmt': 's32p', 'compression_level': '9', 'reservoir': '1', 'aq': '9'}",97.1474609375,-3.314,-1.668,0.668842911021784,0.4631122605393382
"{'ar': '48000', 'sample_fmt': 's32p', 'compression_level': '9', 'reservoir': '1', 'aq': '9'}",102.0546875,-3.349,-1.733,0.684151541965548,0.35209784680104644
"{'ar': '48000', 'sample_fmt': 's32p', 'compression_level': '9', 'reservoir': '1', 'aq': '9'}",102.0546875,-3.349,-1.733,0.6819206859800033,0.35226273581238354
"{'ar': '48000', 'sample_fmt': 's32p', 'compression_level': '9', 'reservoir': '1', 'aq': '9'}",102.0546875,-3.349,-1.733,0.6787238060205709,0.3524990264466916
"{'ar': '48000', 'sample_fmt': 's32p', 'compression_level': '9', 'reservoir': '1', 'aq': '9'}",102.0546875,-3.349,-1.733,0.6736308730032761,0.3528754598406307
"{'ar': '48000', 'sample_fmt': 's32p', 'compression_level': '9', 'reservoir': '1', 'aq': '9'}",102.0546875,-3.349,-1.733,0.6791912449989468,0.35246447668126335
"{'ar': '48000', 'sample_fmt': 's32p', 'compression_level': '9', 'reservoir': '1', 'b:a': '306k', 'abr': 'True'}",420.359375,-3.338,-1.713,0.6861442029767204,-0.12401847634990118
"{'ar': '48000', 'sample_fmt': 's32p', 'compression_level': '9', 'reservoir': '1', 'b:a': '319k', 'abr': 'True'}",437.234375,-3.314,-1.669,0.6887109530216549,-0.08133635444740282
"{'ar': '48000', 'sample_fmt': 's32p', 'compression_level': '9', 'reservoir': '1', 'aq': '9'}",102.0546875,-3.349,-1.733,0.6678819419757929,0.35330037994282876
"{'ar': '48000', 'sample_fmt': 's32p', 'compression_level': '9', 'reservoir': '1', 'aq': '9'}",102.0546875,-3.349,-1.733,0.6917271860002074,0.35153790906270255
"{'ar': '48000', 'sample_fmt': 's32p', 'compression_level': '9', 'reservoir': '1', 'aq': '9'}",102.0546875,-3.349,-1.733,0.6731487939832732,0.35291109169383394
"{'ar': '48000', 'sample_fmt': 's32p', 'compression_level': '9', 'reservoir': '1', 'aq': '9'}",102.0546875,-3.349,-1.733,0.668420651985798,0.35326056232953473
"{'ar': '48000', 'sample_fmt': 's32p', 'compression_level': '9', 'reservoir': '1', 'aq': '9'}",102.0546875,-3.349,-1.733,0.6768341779825278,0.3526386943145445
"{'ar': '48000', 'sample_fmt': 's32p', 'compression_level': '9', 'reservoir': '1', 'aq': '9'}",102.0546875,-3.349,-1.733,0.6842351900122594,0.35209166413223597
"{'ar': '48000', 'sample_fmt': 's32p', 'compression_level': '9', 'reservoir': '1', 'aq': '9'}",102.0546875,-3.349,-1.733,0.6886060110118706,0.35176860412386823
"{'ar': '48000', 'sample_fmt': 's32p', 'compression_level': '8', 'reservoir': '1', 'b:a': '320k', 'abr': 'True'}",438.171875,-3.313,-1.667,0.7148729780165013,-0.08180514621811166
"{'ar': '48000', 'sample_fmt': 's32p', 'compression_level': '9', 'reservoir': '1', 'aq': '9'}",102.0546875,-3.349,-1.733,0.7622257699840702,0.3463271550341646
"{'ar': '48000', 'sample_fmt': 's32p', 'compression_level': '9', 'reservoir': '1', 'aq': '9'}",102.0546875,-3.349,-1.733,0.6767645060026553,0.35264384397187487
"{'ar': '48000', 'sample_fmt': 's32p', 'compression_level': '9', 'reservoir': '1', 'aq': '9'}",102.0546875,-3.349,-1.733,0.6788650570088066,0.3524885861780452
"{'ar': '48000', 'sample_fmt': 's32p', 'compression_level': '8', 'reservoir': '1', 'b:a': '320k', 'abr': 'True'}",438.171875,-3.313,-1.667,0.6889586280158255,-0.07988974173716672
"{'ar': '44100', 'sample_fmt': 's32p', 'compression_level': '9', 'reservoir': '1', 'b:a': '319k', 'abr': 'True'}",436.8369140625,-2.591,-0.705,0.6919275169784669,1.907707076390084
"{'ar': '48000', 'sample_fmt': 's32p', 'compression_level': '9', 'reservoir': '1', 'aq': '9'}",102.0546875,-3.349,-1.733,0.6829893449903466,0.3521837481373325
"{'ar': '48000', 'sample_fmt': 's32p', 'compression_level': '9', 'reservoir': '1', 'aq': '9'}",102.0546875,-3.349,-1.733,0.6932540440175217,0.3514250545752061
"{'ar': '48000', 'sample_fmt': 's32p', 'compression_level': '9', 'reservoir': '1', 'aq': '9'}",102.0546875,-3.349,-1.733,0.679346485005226,0.3524530024438759
"{'ar': '48000', 'sample_fmt': 's32p', 'compression_level': '9', 'reservoir': '1', 'aq': '9'}",102.0546875,-3.349,-1.733,0.6795385620207526,0.35243880547670453
"{'ar': '48000', 'sample_fmt': 's32p', 'compression_level': '9', 'reservoir': '1', 'aq': '9'}",102.0546875,-3.349,-1.733,0.6891341969894711,0.3517295643722155
"{'ar': '48000', 'sample_fmt': 's32p', 'compression_level': '9', 'reservoir': '1', 'aq': '9'}",102.0546875,-3.349,-1.733,0.9160446969908662,0.3349579537215607
"{'ar': '48000', 'sample_fmt': 's32p', 'compression_level': '8', 'reservoir': '1', 'b:a': '312k', 'abr': 'True'}",428.046875,-3.331,-1.699,0.6909811210061889,-0.11591667602715801
"{'ar': '48000', 'sample_fmt': 's32p', 'compression_level': '9', 'reservoir': '1', 'aq': '9'}",102.0546875,-3.349,-1.733,0.6889943979913369,0.3517398973200784
"{'ar': '48000', 'sample_fmt': 's32p', 'compression_level': '9', 'reservoir': '1', 'aq': '9'}",102.0546875,-3.349,-1.733,0.7048676350095775,0.3505666605107026
"{'ar': '48000', 'sample_fmt': 's32p', 'compression_level': '9', 'reservoir': '1', 'b:a': '320k', 'abr': 'True'}",438.171875,-3.313,-1.667,0.7226694519922603,-0.08238140613542969
"{'ar': '48000', 'sample_fmt': 's32p', 'compression_level': '9', 'reservoir': '1', 'b:a': '320k', 'abr': 'True'}",438.171875,-3.313,-1.667,0.7425036559870932,-0.08384740945817126
"{'ar': '48000', 'sample_fmt': 's32p', 'compression_level': '9', 'reservoir': '1', 'aq': '9'}",102.0546875,-3.349,-1.733,0.6873470129794441,0.35186166030597377
"{'ar': '48000', 'sample_fmt': 's32p', 'compression_level': '9', 'reservoir': '1', 'aq': '9'}",102.0546875,-3.349,-1.733,0.6816815449856222,0.3522804114142105
"{'ar': '48000', 'sample_fmt': 's32p', 'compression_level': '9', 'reservoir': '1', 'aq': '9'}",102.0546875,-3.349,-1.733,0.7255278599914163,0.3490396035902507
"{'ar': '48000', 'sample_fmt': 's32p', 'compression_level': '9', 'reservoir': '1', 'aq': '9'}",102.0546875,-3.349,-1.733,0.7349112699739635,0.3483460486476554
"{'ar': '48000', 'sample_fmt': 's32p', 'compression_level': '9', 'reservoir': '1', 'aq': '9'}",102.0546875,-3.349,-1.733,0.7379145470040385,0.34812406776521865
"{'ar': '48000', 'sample_fmt': 's32p', 'compression_level': '9', 'reservoir': '1', 'aq': '9'}",102.0546875,-3.349,-1.733,0.6850616700248793,0.3520305766066163
"{'ar': '48000', 'sample_fmt': 's32p', 'compression_level': '9', 'reservoir': '1', 'aq': '9'}",102.0546875,-3.349,-1.733,0.6842223870044108,0.3520926104395368
"{'ar': '48000', 'sample_fmt': 's32p', 'compression_level': '9', 'reservoir': '1', 'aq': '9'}",102.0546875,-3.349,-1.733,0.6783743330161087,0.35252485700615765
"{'ar': '48000', 'sample_fmt': 's32p', 'compression_level': '9', 'reservoir': '1', 'aq': '9'}",102.0546875,-3.349,-1.733,0.6805708189785946,0.35236250838252753
"{'ar': '48000', 'sample_fmt': 's32p', 'compression_level': '9', 'reservoir': '1', 'aq': '9'}",102.0546875,-3.349,-1.733,0.6951048180053476,0.3512882585224629
"{'ar': '48000', 'sample_fmt': 's32p', 'compression_level': '9', 'reservoir': '1', 'aq': '9'}",102.0546875,-3.349,-1.733,0.68348054800299,0.35214744190347186
"{'ar': '48000', 'sample_fmt': 's32p', 'compression_level': '9', 'reservoir': '1', 'b:a': '320k', 'abr': 'True'}",438.171875,-3.313,-1.667,0.6958780210115947,-0.08040117406516915
"{'ar': '48000', 'sample_fmt': 's32p', 'compression_level': '9', 'reservoir': '1', 'aq': '9'}",102.0546875,-3.349,-1.733,0.6902656540041789,0.35164593511522424
"{'ar': '48000', 'sample_fmt': 's32p', 'compression_level': '9', 'reservoir': '1', 'aq': '9'}",102.0546875,-3.349,-1.733,0.7255887869978324,0.34903510029917467
"{'ar': '48000', 'sample_fmt': 's32p', 'compression_level': '9', 'reservoir': '1', 'aq': '9'}",102.0546875,-3.349,-1.733,0.6855985040019732,0.351990897656335
"{'ar': '48000', 'sample_fmt': 'fltp', 'compression_level': '9', 'reservoir': '1', 'aq': '9'}",102.0546875,-3.349,-1.733,0.6917276340245735,0.35153787594792724
"{'ar': '48000', 'sample_fmt': 's32p', 'compression_level': '9', 'reservoir': '1', 'b:a': '320k', 'abr': 'True'}",438.171875,-3.313,-1.667,0.7019765599980019,-0.08085193470170748
"{'ar': '48000', 'sample_fmt': 's32p', 'compression_level': '9', 'reservoir': '1', 'aq': '9'}",102.0546875,-3.349,-1.733,0.702219166996656,0.3507624164335584
"{'ar': '48000', 'sample_fmt': 's32p', 'compression_level': '8', 'reservoir': '1', 'aq': '9'}",102.0546875,-3.349,-1.733,0.6842787960194983,0.35208844108625337
"{'ar': '48000', 'sample_fmt': 's32p', 'compression_level': '9', 'reservoir': '1', 'aq': '9'}",102.0546875,-3.349,-1.733,0.6853588380035944,0.3520086120627242
"{'ar': '48000', 'sample_fmt': 's32p', 'compression_level': '9', 'reservoir': '1', 'aq': '9'}",102.0546875,-3.349,-1.733,0.6973838989797514,0.3511198050628664
"{'ar': '48000', 'sample_fmt': 's32p', 'compression_level': '9', 'reservoir': '1', 'aq': '9'}",102.0546875,-3.349,-1.733,0.690598555986071,0.35162132936791374
"{'ar': '48000', 'sample_fmt': 's32p', 'compression_level': '9', 'reservoir': '1', 'b:a': '320k', 'abr': 'True'}",438.171875,-3.313,-1.667,0.7211784459941555,-0.08227120157425753
"{'ar': '44100', 'sample_fmt': 's32p', 'compression_level': '9', 'reservoir': '0', 'aq': '9'}",103.8740234375,-3.314,-1.668,0.7007385279866867,0.45002142562549174
"{'ar': '48000', 'sample_fmt': 's32p', 'compression_level': '9', 'reservoir': '1', 'aq': '9'}",102.0546875,-3.349,-1.733,0.7695466379809659,0.3457860485288772
"{'ar': '44100', 'sample_fmt': 's32p', 'compression_level': '9', 'reservoir': '1', 'aq': '9'}",97.1474609375,-3.314,-1.668,0.6906707750167698,0.4614989000458524
"{'ar': '48000', 'sample_fmt': 's32p', 'compression_level': '8', 'reservoir': '1', 'aq': '9'}",102.0546875,-3.349,-1.733,0.6910343000199646,0.351589122267406
"{'ar': '48000', 'sample_fmt': 's32p', 'compression_level': '9', 'reservoir': '1', 'aq': '9'}",102.0546875,-3.349,-1.733,0.6895390980062075,0.35169963696821827
"{'ar': '48000', 'sample_fmt': 's32p', 'compression_level': '9', 'reservoir': '1', 'aq': '9'}",102.0546875,-3.349,-1.733,0.6961460190068465,0.3512113003481779
"{'ar': '48000', 'sample_fmt': 's32p', 'compression_level': '9', 'reservoir': '1', 'aq': '9'}",102.0546875,-3.349,-1.733,0.689556087978417,0.3516983811902844
"{'ar': '48000', 'sample_fmt': 's32p', 'compression_level': '9', 'reservoir': '1', 'aq': '9'}",102.0546875,-3.349,-1.733,0.6849385400128085,0.3520396775015588
"{'ar': '48000', 'sample_fmt': 's32p', 'compression_level': '9', 'reservoir': '1', 'aq': '9'}",102.0546875,-3.349,-1.733,0.704713120998349,0.35057808108769833
"{'ar': '48000', 'sample_fmt': 's32p', 'compression_level': '8', 'reservoir': '1', 'aq': '9'}",102.0546875,-3.349,-1.733,0.6873574500204995,0.35186088887411443
"{'ar': '48000', 'sample_fmt': 's32p', 'compression_level': '8', 'reservoir': '1', 'aq': '9'}",102.0546875,-3.349,-1.733,0.687867203989299,0.3518232114854864
"{'ar': '48000', 'sample_fmt': 'fltp', 'compression_level': '9', 'reservoir': '1', 'aq': '9'}",102.0546875,-3.349,-1.733,0.7085586889879778,0.35029384404687264
"{'ar': '48000', 'sample_fmt': 's32p', 'compression_level': '9', 'reservoir': '1', 'aq': '9'}",102.0546875,-3.349,-1.733,0.8579138409986626,0.3392545732410828
"{'ar': '44100', 'sample_fmt': 's32p', 'compression_level': '9', 'reservoir': '1', 'b:a': '308k', 'abr': 'True'}",422.1416015625,-2.592,-0.706,1.0628508209774736,1.9010944571150206
"{'ar': '48000', 'sample_fmt': 's32p', 'compression_level': '9', 'reservoir': '1', 'aq': '9'}",102.0546875,-3.349,-1.733,1.1037184280285146,0.321086446028881
"{'ar': '48000', 'sample_fmt': 's32p', 'compression_level': '9', 'reservoir': '1', 'b:a': '320k', 'abr': 'True'}",438.171875,-3.313,-1.667,0.7110589169897139,-0.0815232379479403
"{'ar': '48000', 'sample_fmt': 's32p', 'compression_level': '9', 'reservoir': '1', 'aq': '9'}",102.0546875,-3.349,-1.733,0.8154408590344246,0.3423938740520726
"{'ar': '48000', 'sample_fmt': 's32p', 'compression_level': '9', 'reservoir': '1', 'aq': '9'}",102.0546875,-3.349,-1.733,0.700867173000006,0.350862346216066
"{'ar': '48000', 'sample_fmt': 's32p', 'compression_level': '9', 'reservoir': '1', 'aq': '9'}",102.0546875,-3.349,-1.733,0.7213691340002697,0.3493469870437526
"{'ar': '48000', 'sample_fmt': 's32p', 'compression_level': '9', 'reservoir': '1', 'aq': '9'}",102.0546875,-3.349,-1.733,0.7413503189745825,0.3478701199321565
"{'ar': '48000', 'sample_fmt': 's32p', 'compression_level': '9', 'reservoir': '1', 'aq': '9'}",102.0546875,-3.349,-1.733,0.7646372430026531,0.34614891609607235
"{'ar': '44100', 'sample_fmt': 's32p', 'compression_level': '9', 'reservoir': '1', 'aq': '9'}",97.1474609375,-3.314,-1.668,0.6912395029794425,0.46145686371894806
"{'ar': '48000', 'sample_fmt': 's32p', 'compression_level': '9', 'reservoir': '1', 'aq': '9'}",102.0546875,-3.349,-1.733,0.7023292650119402,0.3507542787711508
"{'ar': '48000', 'sample_fmt': 's32p', 'compression_level': '9', 'reservoir': '1', 'b:a': '320k', 'abr': 'True'}",438.171875,-3.313,-1.667,0.6957928590127267,-0.08039487949578061
"{'ar': '48000', 'sample_fmt': 's32p', 'compression_level': '9', 'reservoir': '1', 'aq': '9'}",102.0546875,-3.349,-1.733,0.7128713710117154,0.34997508125818827
"{'ar': '48000', 'sample_fmt': 's32p', 'compression_level': '8', 'reservoir': '1', 'aq': '9'}",102.0546875,-3.349,-1.733,0.6849400500068441,0.3520395658935369
"{'ar': '48000', 'sample_fmt': 's32p', 'compression_level': '9', 'reservoir': '1', 'aq': '9'}",102.0546875,-3.349,-1.733,0.6930238860077225,0.3514420662186887
"{'ar': '48000', 'sample_fmt': 's32p', 'compression_level': '9', 'reservoir': '1', 'b:a': '290k', 'abr': 'True'}",399.546875,-3.373,-1.778,0.7166698769724462,-0.19511756831924246
"{'ar': '48000', 'sample_fmt': 's32p', 'compression_level': '9', 'reservoir': '1', 'b:a': '320k', 'abr': 'True'}",438.171875,-3.313,-1.667,0.704362378019141,-0.08102827740481561
"{'ar': '48000', 'sample_fmt': 's32p', 'compression_level': '9', 'reservoir': '1', 'aq': '9'}",102.0546875,-3.349,-1.733,0.7121842550113797,0.35002586798700597
"{'ar': '44100', 'sample_fmt': 's32p', 'compression_level': '9', 'reservoir': '1', 'aq': '9'}",97.1474609375,-3.314,-1.668,0.6828350989962928,0.46207805749955905
"{'ar': '48000', 'sample_fmt': 's32p', 'compression_level': '9', 'reservoir': '1', 'aq': '9'}",102.0546875,-3.349,-1.733,0.7445293510099873,0.34763514848948
"{'ar': '48000', 'sample_fmt': 's32p', 'compression_level': '9', 'reservoir': '1', 'aq': '9'}",102.0546875,-3.349,-1.733,0.6892020770173986,0.35172454716323065
"{'ar': '48000', 'sample_fmt': 's32p', 'compression_level': '9', 'reservoir': '1', 'aq': '9'}",102.0546875,-3.349,-1.733,0.6966964780003764,0.35117061433356606
"{'ar': '48000', 'sample_fmt': 's32p', 'compression_level': '9', 'reservoir': '1', 'aq': '9'}",102.0546875,-3.349,-1.733,0.6935880489763804,0.3514003673036813
"{'ar': '48000', 'sample_fmt': 's32p', 'compression_level': '9', 'reservoir': '1', 'aq': '9'}",102.0546875,-3.349,-1.733,0.706403275980847,0.3504531568497034
"{'ar': '48000', 'sample_fmt': 's32p', 'compression_level': '9', 'reservoir': '1', 'aq': '9'}",102.0546875,-3.349,-1.733,0.6988419820263516,0.35101203393216174
"{'ar': '48000', 'sample_fmt': 's32p', 'compression_level': '9', 'reservoir': '1', 'b:a': '320k', 'abr': 'True'}",438.171875,-3.313,-1.667,0.7045393970329314,-0.08104136139157267
"{'ar': '48000', 'sample_fmt': 's32p', 'compression_level': '9', 'reservoir': '1', 'aq': '9'}",102.0546875,-3.349,-1.733,0.7027651900134515,0.3507220582948035
"{'ar': '48000', 'sample_fmt': 's32p', 'compression_level': '8', 'reservoir': '1', 'b:a': '320k', 'abr': 'True'}",438.171875,-3.313,-1.667,0.7776024999911897,-0.08644166642698124
"{'ar': '48000', 'sample_fmt': 's32p', 'compression_level': '9', 'reservoir': '1', 'b:a': '320k', 'abr': 'True'}",438.171875,-3.313,-1.667,0.7507595589850098,-0.08445762710191089
"{'ar': '44100', 'sample_fmt': 's32p', 'compression_level': '9', 'reservoir': '1', 'aq': '9'}",97.1474609375,-3.314,-1.668,0.685708703007549,0.46186566112459776
"{'ar': '48000', 'sample_fmt': 's32p', 'compression_level': '9', 'reservoir': '1', 'aq': '9'}",102.0546875,-3.349,-1.733,0.6928251780045684,0.351456753301314
"{'ar': '48000', 'sample_fmt': 's32p', 'compression_level': '9', 'reservoir': '1', 'b:a': '320k', 'abr': 'True'}",438.171875,-3.313,-1.667,0.7065509079839103,-0.08119003797766779
"{'ar': '48000', 'sample_fmt': 's32p', 'compression_level': '9', 'reservoir': '1', 'aq': '9'}",102.0546875,-3.349,-1.733,0.6912745870358776,0.35157136195981653
"{'ar': '48000', 'sample_fmt': 's32p', 'compression_level': '9', 'reservoir': '1', 'aq': '9'}",102.0546875,-3.349,-1.733,0.6944561139680445,0.3513362061121121
"{'ar': '48000', 'sample_fmt': 's32p', 'compression_level': '8', 'reservoir': '1', 'b:a': '320k', 'abr': 'True'}",438.171875,-3.313,-1.667,0.7061032380152028,-0.08115694939686123
"{'ar': '48000', 'sample_fmt': 's32p', 'compression_level': '9', 'reservoir': '1', 'aq': '9'}",102.0546875,-3.349,-1.733,0.6878981039917562,0.3518209275770277
"{'ar': '44100', 'sample_fmt': 's32p', 'compression_level': '9', 'reservoir': '1', 'aq': '9'}",97.1474609375,-3.314,-1.668,0.6981728519895114,0.4609443998616067
"{'ar': '44100', 'sample_fmt': 's32p', 'compression_level': '9', 'reservoir': '1', 'b:a': '306k', 'abr': 'True'}",419.48828125,-2.592,-0.707,0.7575937449873891,1.9275752404641282
"{'ar': '48000', 'sample_fmt': 's32p', 'compression_level': '9', 'reservoir': '1', 'b:a': '320k', 'abr': 'True'}",438.171875,-3.313,-1.667,0.718836593994638,-0.08209810852683522
"{'ar': '48000', 'sample_fmt': 's32p', 'compression_level': '9', 'reservoir': '1', 'b:a': '320k', 'abr': 'True'}",438.171875,-3.313,-1.667,0.7252256180217955,-0.08257033975201213
"{'ar': '48000', 'sample_fmt': 's32p', 'compression_level': '9', 'reservoir': '1', 'aq': '9'}",102.0546875,-3.349,-1.733,0.7234628199657891,0.34919223666491067
"{'ar': '48000', 'sample_fmt': 's32p', 'compression_level': '8', 'reservoir': '1', 'aq': '9'}",102.0546875,-3.349,-1.733,0.7411603980290238,0.34788415753796714
"{'ar': '48000', 'sample_fmt': 's32p', 'compression_level': '9', 'reservoir': '1', 'aq': '9'}",102.0546875,-3.349,-1.733,0.8183987899974454,0.34217524482846684
"{'ar': '48000', 'sample_fmt': 's32p', 'compression_level': '9', 'reservoir': '1', 'aq': '9'}",102.0546875,-3.349,-1.733,0.7882373449683655,0.3444045643737755
"{'ar': '48000', 'sample_fmt': 's32p', 'compression_level': '9', 'reservoir': '1', 'aq': '9'}",102.0546875,-3.349,-1.733,0.7122566339967307,0.3500205182470795
"{'ar': '48000', 'sample_fmt': 's32p', 'compression_level': '8', 'reservoir': '1', 'aq': '9'}",102.0546875,-3.349,-1.733,0.9478256960283034,0.332608928260238
"{'ar': '48000', 'sample_fmt': 's32p', 'compression_level': '9', 'reservoir': '1', 'aq': '9'}",102.0546875,-3.349,-1.733,1.1565379140083678,0.3171824052127161
"{'ar': '48000', 'sample_fmt': 's32p', 'compression_level': '8', 'reservoir': '1', 'aq': '9'}",102.0546875,-3.349,-1.733,0.7390933300193865,0.3480369405067846
"{'ar': '44100', 'sample_fmt': 's32p', 'compression_level': '9', 'reservoir': '1', 'aq': '9'}",97.1474609375,-3.314,-1.668,0.7200839279976208,0.4593248889278127
"{'ar': '48000', 'sample_fmt': 's32p', 'compression_level': '9', 'reservoir': '1', 'aq': '9'}",102.0546875,-3.349,-1.733,0.7422830289870035,0.3478011806403291
"{'ar': '48000', 'sample_fmt': 's32p', 'compression_level': '9', 'reservoir': '1', 'aq': '9'}",102.0546875,-3.349,-1.733,0.6848474959842861,0.3520464068287536
"{'ar': '48000', 'sample_fmt': 's32p', 'compression_level': '9', 'reservoir': '1', 'aq': '9'}",102.0546875,-3.349,-1.733,0.6881286549905781,0.35180388688659103
"{'ar': '48000', 'sample_fmt': 's32p', 'compression_level': '9', 'reservoir': '1', 'aq': '9'}",102.0546875,-3.349,-1.733,0.6852428799902555,0.35201718285451894
"{'ar': '48000', 'sample_fmt': 's32p', 'compression_level': '9', 'reservoir': '1', 'aq': '9'}",102.0546875,-3.349,-1.733,0.702131777012255,0.3507688756797948
"{'ar': '48000', 'sample_fmt': 's32p', 'compression_level': '9', 'reservoir': '1', 'aq': '9'}",102.0546875,-3.349,-1.733,0.6947080490062945,0.35131758486553794
"{'ar': '48000', 'sample_fmt': 's32p', 'compression_level': '9', 'reservoir': '1', 'aq': '9'}",102.0546875,-3.349,-1.733,0.6879727229825221,0.35181541227182916
"{'ar': '48000', 'sample_fmt': 's32p', 'compression_level': '9', 'reservoir': '1', 'aq': '9'}",102.0546875,-3.349,-1.733,0.6978824629914016,0.3510829547563016
"{'ar': '48000', 'sample_fmt': 's32p', 'compression_level': '9', 'reservoir': '1', 'aq': '9'}",102.0546875,-3.349,-1.733,0.7110049050243106,0.3501130371519581
"{'ar': '48000', 'sample_fmt': 's32p', 'compression_level': '9', 'reservoir': '1', 'aq': '9'}",102.0546875,-3.349,-1.733,0.7066959479998332,0.35043152461518473
"{'ar': '48000', 'sample_fmt': 's32p', 'compression_level': '9', 'reservoir': '1', 'aq': '9'}",102.0546875,-3.349,-1.733,0.7029785689665005,0.3507062868398838
"{'ar': '48000', 'sample_fmt': 's32p', 'compression_level': '9', 'reservoir': '1', 'b:a': '320k', 'abr': 'True'}",438.171875,-3.313,-1.667,0.7562301470024977,-0.08486197406804458
"{'ar': '48000', 'sample_fmt': 's32p', 'compression_level': '8', 'reservoir': '1', 'b:a': '318k', 'abr': 'True'}",435.359375,-3.316,-1.673,0.7073016190261114,-0.08564028245370252
"{'ar': '48000', 'sample_fmt': 's32p', 'compression_level': '8', 'reservoir': '1', 'b:a': '320k', 'abr': 'True'}",438.171875,-3.313,-1.667,0.6919518009817693,-0.08011097579903062
"{'ar': '48000', 'sample_fmt': 's32p', 'compression_level': '9', 'reservoir': '1', 'aq': '9'}",102.0546875,-3.349,-1.733,0.6906652499746997,0.35161639982252024
"{'ar': '48000', 'sample_fmt': 's32p', 'compression_level': '9', 'reservoir': '1', 'aq': '9'}",102.0546875,-3.349,-1.733,0.7083874349773396,0.3503065019255903
"{'ar': '48000', 'sample_fmt': 's32p', 'compression_level': '9', 'reservoir': '1', 'aq': '9'}",102.0546875,-3.349,-1.733,0.6990125849843025,0.3509994241746292
"{'ar': '48000', 'sample_fmt': 's32p', 'compression_level': '9', 'reservoir': '1', 'aq': '9'}",102.0546875,-3.349,-1.733,0.7346846000000369,0.3483628024803289
"{'ar': '48000', 'sample_fmt': 's32p', 'compression_level': '9', 'reservoir': '1', 'aq': '9'}",102.0546875,-3.349,-1.733,0.7437824869994074,0.3476903513663604
"{'ar': '44100', 'sample_fmt': 's32p', 'compression_level': '9', 'reservoir': '1', 'b:a': '320k', 'abr': 'True'}",437.857421875,-2.591,-0.705,0.7009359119692817,1.9054128516911044
"{'ar': '48000', 'sample_fmt': 's32p', 'compression_level': '9', 'reservoir': '1', 'aq': '9'}",102.0546875,-3.349,-1.733,0.7049510740034748,0.3505604932935896
"{'ar': '48000', 'sample_fmt': 's32p', 'compression_level': '9', 'reservoir': '1', 'aq': '9'}",102.0546875,-3.349,-1.733,0.6993216640257742,0.35097657924967507
"{'ar': '48000', 'sample_fmt': 's32p', 'compression_level': '9', 'reservoir': '1', 'aq': '9'}",102.0546875,-3.349,-1.733,0.6890170270053204,0.3517382247442745
"{'ar': '48000', 'sample_fmt': 's32p', 'compression_level': '9', 'reservoir': '1', 'b:a': '320k', 'abr': 'True'}",438.171875,-3.313,-1.667,0.7089907590125222,-0.08137037441647176
"{'ar': '48000', 'sample_fmt': 's32p', 'compression_level': '9', 'reservoir': '1', 'aq': '9'}",102.0546875,-3.349,-1.733,0.7014328580116853,0.35082053480246134
"{'ar': '48000', 'sample_fmt': 's32p', 'compression_level': '9', 'reservoir': '1', 'aq': '9'}",102.0546875,-3.349,-1.733,0.6988259089994244,0.3510132219360205
"{'ar': '48000', 'sample_fmt': 's32p', 'compression_level': '9', 'reservoir': '1', 'aq': '9'}",102.0546875,-3.349,-1.733,0.6941132170031779,0.35136155061749197
"{'ar': '48000', 'sample_fmt': 's32p', 'compression_level': '9', 'reservoir': '1', 'aq': '9'}",102.0546875,-3.349,-1.733,0.6895454630139284,0.35169916651210764
"{'ar': '48000', 'sample_fmt': 's32p', 'compression_level': '9', 'reservoir': '1', 'b:a': '279k', 'abr': 'True'}",384.453125,-3.396,-1.824,0.7018091570062097,-0.238034263946156
"{'ar': '48000', 'sample_fmt': 's32p', 'compression_level': '9', 'reservoir': '1', 'aq': '9'}",102.0546875,-3.349,-1.733,0.7744044520077296,0.34542699345884004
"{'ar': '48000', 'sample_fmt': 's32p', 'compression_level': '9', 'reservoir': '1', 'aq': '9'}",102.0546875,-3.349,-1.733,0.7044795700057875,0.35059534351634
"{'ar': '44100', 'sample_fmt': 's32p', 'compression_level': '9', 'reservoir': '1', 'aq': '9'}",97.1474609375,-3.314,-1.668,0.7441519690037239,0.4575459504790592
"{'ar': '48000', 'sample_fmt': 's32p', 'compression_level': '9', 'reservoir': '1', 'b:a': '320k', 'abr': 'True'}",438.171875,-3.313,-1.667,0.7050858199945651,-0.08108174909140604
"{'ar': '48000', 'sample_fmt': 's32p', 'compression_level': '9', 'reservoir': '1', 'aq': '9'}",102.0546875,-3.349,-1.733,0.7007232859905344,0.35087298132065803
"{'ar': '48000', 'sample_fmt': 's32p', 'compression_level': '9', 'reservoir': '1', 'aq': '9'}",102.0546875,-3.349,-1.733,0.6803766210214235,0.3523768621146237
"{'ar': '48000', 'sample_fmt': 's32p', 'compression_level': '9', 'reservoir': '1', 'aq': '9'}",102.0546875,-3.349,-1.733,0.7135977509897202,0.34992139241533854
"{'ar': '48000', 'sample_fmt': 's32p', 'compression_level': '9', 'reservoir': '1', 'aq': '9'}",102.0546875,-3.349,-1.733,0.7123061630118173,0.35001685741447397
"{'ar': '44100', 'sample_fmt': 's32p', 'compression_level': '9', 'reservoir': '1', 'aq': '9'}",97.1474609375,-3.314,-1.668,0.7691095970221795,0.4557012600840055
"{'ar': '48000', 'sample_fmt': 's32p', 'compression_level': '9', 'reservoir': '1', 'aq': '9'}",102.0546875,-3.349,-1.733,0.7006342770182528,0.35087956023096634
"{'ar': '48000', 'sample_fmt': 's32p', 'compression_level': '9', 'reservoir': '1', 'aq': '9'}",102.0546875,-3.349,-1.733,0.6943144580291118,0.3513466763118345
"{'ar': '48000', 'sample_fmt': 's32p', 'compression_level': '9', 'reservoir': '1', 'aq': '9'}",102.0546875,-3.349,-1.733,0.719967978016939,0.34945055053073587
"{'ar': '48000', 'sample_fmt': 's32p', 'compression_level': '9', 'reservoir': '1', 'aq': '9'}",102.0546875,-3.349,-1.733,0.698084291012492,0.35106803706413614
"{'ar': '48000', 'sample_fmt': 's32p', 'compression_level': '9', 'reservoir': '1', 'aq': '9'}",102.0546875,-3.349,-1.733,0.6820957430172712,0.3522497968409799
"{'ar': '48000', 'sample_fmt': 's32p', 'compression_level': '9', 'reservoir': '1', 'aq': '9'}",102.0546875,-3.349,-1.733,0.6850550590024795,0.3520310652463826
"{'ar': '48000', 'sample_fmt': 's32p', 'compression_level': '9', 'reservoir': '1', 'b:a': '320k', 'abr': 'True'}",438.171875,-3.313,-1.667,0.7005144889990333,-0.08074386880992124
"{'ar': '44100', 'sample_fmt': 's32p', 'compression_level': '8', 'reservoir': '1', 'aq': '9'}",97.1474609375,-3.314,-1.668,0.6785279309842736,0.4623964127317061
"{'ar': '48000', 'sample_fmt': 's32p', 'compression_level': '9', 'reservoir': '1', 'aq': '9'}",102.0546875,-3.349,-1.733,0.6918436719861347,0.35152929924692844
"{'ar': '48000', 'sample_fmt': 's32p', 'compression_level': '9', 'reservoir': '1', 'aq': '9'}",102.0546875,-3.349,-1.733,0.7065212939633057,0.35044443379963935
"{'ar': '48000', 'sample_fmt': 's32p', 'compression_level': '9', 'reservoir': '1', 'aq': '9'}",102.0546875,-3.349,-1.733,0.6888893769937567,0.35174765972543887
"{'ar': '48000', 'sample_fmt': 's32p', 'compression_level': '9', 'reservoir': '1', 'aq': '9'}",102.0546875,-3.349,-1.733,0.6881052800163161,0.3518056145984743
"{'ar': '48000', 'sample_fmt': 's32p', 'compression_level': '9', 'reservoir': '1', 'b:a': '320k', 'abr': 'True'}",438.171875,-3.313,-1.667,0.6970970619586296,-0.08049127690364842
"{'ar': '44100', 'sample_fmt': 's32p', 'compression_level': '9', 'reservoir': '1', 'aq': '9'}",97.1474609375,-3.314,-1.668,0.6945649039989803,0.46121107372176134
"{'ar': '48000', 'sample_fmt': 's32p', 'compression_level': '9', 'reservoir': '1', 'aq': '9'}",102.0546875,-3.349,-1.733,0.6983493889856618,0.3510484429070114
"{'ar': '48000', 'sample_fmt': 's32p', 'compression_level': '9', 'reservoir': '1', 'aq': '9'}",102.0546875,-3.349,-1.733,0.698098918015603,0.35106695594007553
"{'ar': '48000', 'sample_fmt': 's32p', 'compression_level': '9', 'reservoir': '1', 'aq': '9'}",102.0546875,-3.349,-1.733,0.7483128230087459,0.3473555011427489
"{'ar': '48000', 'sample_fmt': 's32p', 'compression_level': '9', 'reservoir': '1', 'aq': '9'}",102.0546875,-3.349,-1.733,0.6955439600278623,0.3512558002667986
"{'ar': '48000', 'sample_fmt': 's32p', 'compression_level': '9', 'reservoir': '1', 'aq': '9'}",102.0546875,-3.349,-1.733,0.6856637430028059,0.35198607565329326
"{'ar': '44100', 'sample_fmt': 's32p', 'compression_level': '9', 'reservoir': '1', 'aq': '9'}",97.1474609375,-3.314,-1.668,0.7433757850085385,0.45760332048071384
"{'ar': '48000', 'sample_fmt': 's32p', 'compression_level': '9', 'reservoir': '1', 'aq': '9'}",102.0546875,-3.349,-1.733,0.7375458899769001,0.34815131627122764
"{'ar': '44100', 'sample_fmt': 's32p', 'compression_level': '9', 'reservoir': '1', 'aq': '9'}",97.1474609375,-3.314,-1.668,0.6748094190261327,0.46267125869415104
"{'ar': '48000', 'sample_fmt': 's32p', 'compression_level': '9', 'reservoir': '1', 'aq': '9'}",102.0546875,-3.349,-1.733,0.6861147369781975,0.3519527413855489
"{'ar': '48000', 'sample_fmt': 's32p', 'compression_level': '9', 'reservoir': '1', 'aq': '9'}",102.0546875,-3.349,-1.733,0.6869455569831189,0.351891333078559
"{'ar': '48000', 'sample_fmt': 's32p', 'compression_level': '9', 'reservoir': '1', 'aq': '9'}",102.0546875,-3.349,-1.733,0.6799430819810368,0.35240890623769067
"{'ar': '48000', 'sample_fmt': 's32p', 'compression_level': '9', 'reservoir': '1', 'aq': '9'}",102.0546875,-3.349,-1.733,0.6883671300020069,0.3517862605094883
"{'ar': '48000', 'sample_fmt': 's32p', 'compression_level': '9', 'reservoir': '1', 'aq': '9'}",102.0546875,-3.349,-1.733,0.6987544490257278,0.3510185037491404
"{'ar': '48000', 'sample_fmt': 's32p', 'compression_level': '9', 'reservoir': '1', 'aq': '9'}",102.0546875,-3.349,-1.733,0.6906078819883987,0.3516206400561368
"{'ar': '48000', 'sample_fmt': 's32p', 'compression_level': '9', 'reservoir': '1', 'aq': '9'}",102.0546875,-3.349,-1.733,0.6895711940014735,0.3516972646604756
"{'ar': '48000', 'sample_fmt': 's32p', 'compression_level': '9', 'reservoir': '1', 'aq': '9'}",102.0546875,-3.349,-1.733,0.6900181869568769,0.35166422611967835
"{'ar': '48000', 'sample_fmt': 's32p', 'compression_level': '9', 'reservoir': '1', 'b:a': '320k', 'abr': 'True'}",438.171875,-3.313,-1.667,0.7093851079698652,-0.08139952188727195
"{'ar': '44100', 'sample_fmt': 's32p', 'compression_level': '9', 'reservoir': '1', 'aq': '9'}",97.1474609375,-3.314,-1.668,0.7091023279936053,0.4601365707124258
"{'ar': '48000', 'sample_fmt': 's32p', 'compression_level': '9', 'reservoir': '1', 'b:a': '320k', 'abr': 'True'}",438.171875,-3.313,-1.667,0.7051660750003066,-0.08108768097075518
"{'ar': '48000', 'sample_fmt': 's32p', 'compression_level': '9', 'reservoir': '1', 'aq': '9'}",102.0546875,-3.349,-1.733,0.7145587849954609,0.3498503596153305
"{'ar': '48000', 'sample_fmt': 's32p', 'compression_level': '9', 'reservoir': '1', 'b:a': '317k', 'abr': 'True'}",434.046875,-3.319,-1.678,0.7393287549784873,-0.0944802963621187
"{'ar': '48000', 'sample_fmt': 's32p', 'compression_level': '9', 'reservoir': '1', 'aq': '9'}",102.0546875,-3.349,-1.733,0.77202098100679,0.3456031626869041
"{'ar': '48000', 'sample_fmt': 's32p', 'compression_level': '9', 'reservoir': '1', 'aq': '9'}",102.0546875,-3.349,-1.733,0.6995616570056882,0.35095884067513583
"{'ar': '48000', 'sample_fmt': 's32p', 'compression_level': '9', 'reservoir': '1', 'aq': '9'}",102.0546875,-3.349,-1.733,0.6979056549898814,0.351081240568687
"{'ar': '48000', 'sample_fmt': 's32p', 'compression_level': '9', 'reservoir': '1', 'aq': '9'}",102.0546875,-3.349,-1.733,0.6908901370188687,0.3515997777713364
"{'ar': '48000', 'sample_fmt': 's32p', 'compression_level': '9', 'reservoir': '1', 'aq': '9'}",102.0546875,-3.349,-1.733,0.7684298609965481,0.34586859274241577
"{'ar': '44100', 'sample_fmt': 's32p', 'compression_level': '9', 'reservoir': '1', 'aq': '9'}",97.1474609375,-3.314,-1.668,0.7148351729847491,0.4597128395756497
"{'ar': '48000', 'sample_fmt': 's32p', 'compression_level': '9', 'reservoir': '1', 'aq': '9'}",102.0546875,-3.349,-1.733,0.7053932760027237,0.35052780886620394
"{'ar': '48000', 'sample_fmt': 's32p', 'compression_level': '9', 'reservoir': '1', 'aq': '9'}",102.0546875,-3.349,-1.733,0.703507351980079,0.350667202959577
"{'ar': '48000', 'sample_fmt': 's32p', 'compression_level': '9', 'reservoir': '1', 'b:a': '320k', 'abr': 'True'}",438.171875,-3.313,-1.667,0.7133385179913603,-0.08169172984425281
"{'ar': '44100', 'sample_fmt': 's32p', 'compression_level': '9', 'reservoir': '1', 'aq': '9'}",97.1474609375,-3.314,-1.668,0.7073830169974826,0.460263649955626
"{'ar': '48000', 'sample_fmt': 's32p', 'compression_level': '9', 'reservoir': '1', 'aq': '9'}",102.0546875,-3.349,-1.733,0.7202956530090887,0.3494263311253392
"{'ar': '48000', 'sample_fmt': 's32p', 'compression_level': '9', 'reservoir': '1', 'b:a': '320k', 'abr': 'True'}",438.171875,-3.313,-1.667,0.7319441919971723,-0.08306692896600597
"{'ar': '48000', 'sample_fmt': 's32p', 'compression_level': '9', 'reservoir': '1', 'b:a': '320k', 'abr': 'True'}",438.171875,-3.313,-1.667,0.7183768660179339,-0.08206412870381932
"{'ar': '48000', 'sample_fmt': 's32p', 'compression_level': '8', 'reservoir': '1', 'aq': '9'}",102.0546875,-3.349,-1.733,0.7052468309993856,0.35053863303951327
"{'ar': '48000', 'sample_fmt': 's32p', 'compression_level': '9', 'reservoir': '1', 'aq': '9'}",102.0546875,-3.349,-1.733,0.6983984229736961,0.3510448186632855
"{'ar': '48000', 'sample_fmt': 's32p', 'compression_level': '9', 'reservoir': '1', 'aq': '9'}",102.0546875,-3.349,-1.733,0.6990666979982052,0.350995424525427
"{'ar': '48000', 'sample_fmt': 's32p', 'compression_level': '9', 'reservoir': '1', 'aq': '9'}",102.0546875,-3.349,-1.733,0.7082263920165133,0.3503184050761144
"{'ar': '48000', 'sample_fmt': 's32p', 'compression_level': '9', 'reservoir': '1', 'aq': '9'}",102.0546875,-3.349,-1.733,0.7160465369815938,0.3497403955675848
"{'ar': '48000', 'sample_fmt': 's32p', 'compression_level': '9', 'reservoir': '1', 'b:a': '320k', 'abr': 'True'}",438.171875,-3.313,-1.667,0.7307365089945961,-0.0829776656260173
"{'ar': '48000', 'sample_fmt': 's32p', 'compression_level': '9', 'reservoir': '1', 'aq': '9'}",102.0546875,-3.349,-1.733,0.7163540209876373,0.34971766853630754
"{'ar': '48000', 'sample_fmt': 's32p', 'compression_level': '9', 'reservoir': '1', 'b:a': '320k', 'abr': 'True'}",438.171875,-3.313,-1.667,0.7279987600049935,-0.08277531068822219
"{'ar': '48000', 'sample_fmt': 's32p', 'compression_level': '9', 'reservoir': '1', 'aq': '9'}",102.0546875,-3.349,-1.733,0.7028599019977264,0.3507150578584015
"{'ar': '48000', 'sample_fmt': 's32p', 'compression_level': '9', 'reservoir': '1', 'aq': '9'}",102.0546875,-3.349,-1.733,0.7287805349915288,0.3487991889832816
"{'ar': '48000', 'sample_fmt': 's32p', 'compression_level': '9', 'reservoir': '1', 'aq': '9'}",102.0546875,-3.349,-1.733,0.7520356650056783,0.3470803351346264
"{'ar': '48000', 'sample_fmt': 's32p', 'compression_level': '9', 'reservoir': '1', 'b:a': '320k', 'abr': 'True'}",438.171875,-3.313,-1.667,0.7970917449856643,-0.08788217283334208
"{'ar': '44100', 'sample_fmt': 's32p', 'compression_level': '9', 'reservoir': '1', 'aq': '9'}",97.1474609375,-3.314,-1.668,0.6920525390014518,0.46139676987751715
"{'ar': '48000', 'sample_fmt': 's32p', 'compression_level': '9', 'reservoir': '1', 'aq': '9'}",102.0546875,-3.349,-1.733,0.6987261940084863,0.35102059215909986
"{'ar': '48000', 'sample_fmt': 's32p', 'compression_level': '9', 'reservoir': '1', 'aq': '9'}",102.0546875,-3.349,-1.733,0.6931931939907372,0.3514295521764952
"{'ar': '48000', 'sample_fmt': 's32p', 'compression_level': '9', 'reservoir': '1', 'aq': '9'}",102.0546875,-3.349,-1.733,0.6971539029909763,0.35113680473090697
"{'ar': '48000', 'sample_fmt': 's32p', 'compression_level': '9', 'reservoir': '1', 'aq': '9'}",102.0546875,-3.349,-1.733,0.6933169770054519,0.3514204030162406
"{'ar': '44100', 'sample_fmt': 's32p', 'compression_level': '9', 'reservoir': '1', 'b:a': '320k', 'abr': 'True'}",437.857421875,-2.591,-0.705,0.7131327019887976,1.904511351701488
"{'ar': '48000', 'sample_fmt': 's32p', 'compression_level': '9', 'reservoir': '1', 'aq': '9'}",102.0546875,-3.349,-1.733,0.707349909003824,0.3503831884679391
"{'ar': '48000', 'sample_fmt': 's32p', 'compression_level': '9', 'reservoir': '1', 'aq': '9'}",102.0546875,-3.349,-1.733,0.6956054649781436,0.3512512542582217
"{'ar': '48000', 'sample_fmt': 's32p', 'compression_level': '9', 'reservoir': '1', 'b:a': '320k', 'abr': 'True'}",438.171875,-3.313,-1.667,0.7170279369747732,-0.08196442546087943
"{'ar': '48000', 'sample_fmt': 's32p', 'compression_level': '9', 'reservoir': '1', 'aq': '9'}",102.0546875,-3.349,-1.733,0.7026199010142591,0.3507327970245065
"{'ar': '48000', 'sample_fmt': 's32p', 'compression_level': '9', 'reservoir': '1', 'b:a': '312k', 'abr': 'True'}",428.046875,-3.331,-1.699,0.8025684519961942,-0.12416441806156632
"{'ar': '48000', 'sample_fmt': 's32p', 'compression_level': '9', 'reservoir': '1', 'aq': '9'}",102.0546875,-3.349,-1.733,1.2898851270147134,0.307326327429279
"{'ar': '48000', 'sample_fmt': 's32p', 'compression_level': '9', 'reservoir': '1', 'aq': '9'}",102.0546875,-3.349,-1.733,0.8961031600192655,0.3364318903347243
"{'ar': '48000', 'sample_fmt': 's32p', 'compression_level': '9', 'reservoir': '1', 'b:a': '320k', 'abr': 'True'}",438.171875,-3.313,-1.667,0.7476009599631652,-0.08422416592230222
"{'ar': '48000', 'sample_fmt': 's32p', 'compression_level': '9', 'reservoir': '1', 'aq': '9'}",102.0546875,-3.349,-1.733,0.7654826559883077,0.34608642917971405
"{'ar': '48000', 'sample_fmt': 's32p', 'compression_level': '9', 'reservoir': '1', 'aq': '9'}",102.0546875,-3.349,-1.733,0.7012798719806597,0.3508318424420256
"{'ar': '48000', 'sample_fmt': 's32p', 'compression_level': '9', 'reservoir': '1', 'aq': '9'}",102.0546875,-3.349,-1.733,0.7241323800117243,0.3491427475474058
"{'ar': '48000', 'sample_fmt': 's32p', 'compression_level': '9', 'reservoir': '1', 'aq': '9'}",102.0546875,-3.349,-1.733,0.7490033909853082,0.3473044592683947
"{'ar': '48000', 'sample_fmt': 's32p', 'compression_level': '9', 'reservoir': '1', 'b:a': '320k', 'abr': 'True'}",438.171875,-3.313,-1.667,0.7433817139826715,-0.08391230926153181
"{'ar': '48000', 'sample_fmt': 's32p', 'compression_level': '9', 'reservoir': '1', 'aq': '9'}",102.0546875,-3.349,-1.733,0.6865828020090703,0.3519181453467718
"{'ar': '48000', 'sample_fmt': 's32p', 'compression_level': '9', 'reservoir': '1', 'aq': '9'}",102.0546875,-3.349,-1.733,0.703851921018213,0.3506417348664309
"{'ar': '48000', 'sample_fmt': 's32p', 'compression_level': '9', 'reservoir': '1', 'aq': '9'}",102.0546875,-3.349,-1.733,0.6802923980285414,0.35238308727936685
"{'ar': '48000', 'sample_fmt': 's32p', 'compression_level': '9', 'reservoir': '1', 'aq': '9'}",102.0546875,-3.349,-1.733,0.6821664239978418,0.35224457260549263
"{'ar': '48000', 'sample_fmt': 's32p', 'compression_level': '9', 'reservoir': '1', 'aq': '9'}",102.0546875,-3.349,-1.733,0.6821323520271108,0.352247090963291
"{'ar': '48000', 'sample_fmt': 's32p', 'compression_level': '9', 'reservoir': '1', 'aq': '9'}",102.0546875,-3.349,-1.733,0.682913833996281,0.3521893293730721
"{'ar': '48000', 'sample_fmt': 's32p', 'compression_level': '9', 'reservoir': '1', 'aq': '9'}",102.0546875,-3.349,-1.733,0.6731228210264817,0.35291301143011217
"{'ar': '48000', 'sample_fmt': 's32p', 'compression_level': '9', 'reservoir': '1', 'aq': '9'}",102.0546875,-3.349,-1.733,0.6781689039780758,0.35254004085988944
"{'ar': '48000', 'sample_fmt': 's32p', 'compression_level': '9', 'reservoir': '1', 'aq': '9'}",102.0546875,-3.349,-1.733,0.6952744479931425,0.3512757206799657
"{'ar': '44100', 'sample_fmt': 's32p', 'compression_level': '9', 'reservoir': '1', 'b:a': '315k', 'abr': 'True'}",431.326171875,-2.59,-0.704,0.7023848840035498,1.918372834694016
"{'ar': '48000', 'sample_fmt': 's32p', 'compression_level': '9', 'reservoir': '1', 'b:a': '320k', 'abr': 'True'}",438.171875,-3.313,-1.667,0.6948504370229784,-0.08032522236364889
"{'ar': '48000', 'sample_fmt': 's32p', 'compression_level': '9', 'reservoir': '1', 'aq': '9'}",102.0546875,-3.349,-1.733,0.6889617630222347,0.3517423094649345
"{'ar': '48000', 'sample_fmt': 's32p', 'compression_level': '9', 'reservoir': '1', 'aq': '9'}",102.0546875,-3.349,-1.733,0.6943158240173943,0.3513465753476939
"{'ar': '48000', 'sample_fmt': 's32p', 'compression_level': '9', 'reservoir': '1', 'aq': '9'}",102.0546875,-3.349,-1.733,0.6827676289831288,0.35220013580801346
"{'ar': '48000', 'sample_fmt': 's32p', 'compression_level': '9', 'reservoir': '1', 'aq': '9'}",102.0546875,-3.349,-1.733,0.6856786529824603,0.35198497361361875
"{'ar': '48000', 'sample_fmt': 's32p', 'compression_level': '8', 'reservoir': '1', 'aq': '9'}",102.0546875,-3.349,-1.733,0.7153392389882356,0.34979267400581715
"{'ar': '44100', 'sample_fmt': 's32p', 'compression_level': '9', 'reservoir': '1', 'aq': '9'}",97.1474609375,-3.314,-1.668,0.6737810540071223,0.4627472681238843
"{'ar': '48000', 'sample_fmt': 's32p', 'compression_level': '9', 'reservoir': '1', 'b:a': '320k', 'abr': 'True'}",438.171875,-3.313,-1.667,0.7315716680022888,-0.08303939464123838
"{'ar': '48000', 'sample_fmt': 's32p', 'compression_level': '9', 'reservoir': '1', 'aq': '9'}",102.0546875,-3.349,-1.733,0.7273141549667343,0.34890757336761635
"{'ar': '48000', 'sample_fmt': 's32p', 'compression_level': '9', 'reservoir': '1', 'b:a': '305k', 'abr': 'True'}",419.046875,-3.337,-1.711,0.7563613219826948,-0.1241532620375361
"{'ar': '48000', 'sample_fmt': 's32p', 'compression_level': '9', 'reservoir': '1', 'aq': '9'}",102.0546875,-3.349,-1.733,0.6894092420116067,0.35170923499996243
"{'ar': '48000', 'sample_fmt': 's32p', 'compression_level': '9', 'reservoir': '1', 'b:a': '320k', 'abr': 'True'}",438.171875,-3.313,-1.667,0.6998878190061077,-0.08069754982015333
"{'ar': '48000', 'sample_fmt': 's32p', 'compression_level': '9', 'reservoir': '1', 'aq': '9'}",102.0546875,-3.349,-1.733,0.6991300369845703,0.35099074295794414
"{'ar': '48000', 'sample_fmt': 's32p', 'compression_level': '9', 'reservoir': '1', 'aq': '9'}",102.0546875,-3.349,-1.733,0.6865421959664673,0.35192114665670055
"{'ar': '48000', 'sample_fmt': 's32p', 'compression_level': '9', 'reservoir': '1', 'b:a': '320k', 'abr': 'True'}",438.171875,-3.313,-1.667,0.7086973509867676,-0.08134868778156634
"{'ar': '48000', 'sample_fmt': 's32p', 'compression_level': '9', 'reservoir': '1', 'aq': '9'}",102.0546875,-3.349,-1.733,0.7142143229721114,0.34987581979870463
"{'ar': '44100', 'sample_fmt': 's32p', 'compression_level': '8', 'reservoir': '1', 'b:a': '295k', 'abr': 'True'}",405.509765625,-2.589,-0.703,0.7068955080176238,1.9618791634285506
"{'ar': '48000', 'sample_fmt': 's32p', 'compression_level': '9', 'reservoir': '1', 'aq': '9'}",102.0546875,-3.349,-1.733,0.7035109720018227,0.35066693539331084
"{'ar': '48000', 'sample_fmt': 's32p', 'compression_level': '8', 'reservoir': '1', 'b:a': '320k', 'abr': 'True'}",438.171875,-3.313,-1.667,0.7176730069913901,-0.08201210444956018
"{'ar': '48000', 'sample_fmt': 's32p', 'compression_level': '9', 'reservoir': '1', 'aq': '9'}",102.0546875,-3.349,-1.733,0.8224258480186108,0.3418775933350447
"{'ar': '48000', 'sample_fmt': 's32p', 'compression_level': '9', 'reservoir': '1', 'aq': '9'}",102.0546875,-3.349,-1.733,0.7516945129900705,0.347105550665765
"{'ar': '44100', 'sample_fmt': 's32p', 'compression_level': '9', 'reservoir': '1', 'b:a': '320k', 'abr': 'True'}",437.857421875,-2.591,-0.705,0.7540309820033144,1.9014884416612707
"{'ar': '48000', 'sample_fmt': 's32p', 'compression_level': '9', 'reservoir': '1', 'aq': '9'}",102.0546875,-3.349,-1.733,0.7207422769861296,0.34939331985679883
"{'ar': '48000', 'sample_fmt': 's32p', 'compression_level': '9', 'reservoir': '1', 'aq': '9'}",102.0546875,-3.349,-1.733,0.76177731496864,0.3463603016400426
"{'ar': '48000', 'sample_fmt': 's32p', 'compression_level': '9', 'reservoir': '1', 'aq': '9'}",102.0546875,-3.349,-1.733,0.7504634079814423,0.3471965451938924
"{'ar': '48000', 'sample_fmt': 's32p', 'compression_level': '9', 'reservoir': '1', 'aq': '9'}",102.0546875,-3.349,-1.733,0.7193753710016608,0.34949435182741023
"{'ar': '48000', 'sample_fmt': 'fltp', 'compression_level': '8', 'reservoir': '1', 'aq': '9'}",102.0546875,-3.349,-1.733,0.7009358590003103,0.3508572694353342
"{'ar': '48000', 'sample_fmt': 's32p', 'compression_level': '9', 'reservoir': '1', 'aq': '9'}",102.0546875,-3.349,-1.733,0.6965976509964094,0.35117791892296274
"{'ar': '48000', 'sample_fmt': 's32p', 'compression_level': '9', 'reservoir': '1', 'b:a': '320k', 'abr': 'True'}",438.171875,-3.313,-1.667,0.7632971119892318,-0.08538431386826796
"{'ar': '44100', 'sample_fmt': 's32p', 'compression_level': '8', 'reservoir': '1', 'aq': '9'}",97.1474609375,-3.314,-1.668,0.6904936809733044,0.4615119895782695
"{'ar': '48000', 'sample_fmt': 's32p', 'compression_level': '9', 'reservoir': '1', 'aq': '9'}",102.0546875,-3.349,-1.733,0.691262459004065,0.35157225837768846
"{'ar': '48000', 'sample_fmt': 's32p', 'compression_level': '9', 'reservoir': '1', 'aq': '9'}",102.0546875,-3.349,-1.733,0.7037859749980271,0.35064660912731577
"{'ar': '48000', 'sample_fmt': 's32p', 'compression_level': '9', 'reservoir': '1', 'aq': '9'}",102.0546875,-3.349,-1.733,0.6932784290111158,0.3514232522098758
"{'ar': '48000', 'sample_fmt': 's32p', 'compression_level': '9', 'reservoir': '1', 'aq': '9'}",102.0546875,-3.349,-1.733,0.7017322400060948,0.35079840661427253
"{'ar': '32000', 'sample_fmt': 's32p', 'compression_level': '9', 'reservoir': '1', 'aq': '9'}",81.7109375,-3.518,-2.09,0.6688269270234741,-0.12068581106717428
"{'ar': '48000', 'sample_fmt': 's32p', 'compression_level': '9', 'reservoir': '1', 'aq': '9'}",102.0546875,-3.349,-1.733,0.7040824609866831,0.3506246949912794
"{'ar': '44100', 'sample_fmt': 's32p', 'compression_level': '9', 'reservoir': '1', 'aq': '9'}",97.1474609375,-3.314,-1.668,0.6868474330112804,0.4617814942999745
"{'ar': '44100', 'sample_fmt': 's32p', 'compression_level': '9', 'reservoir': '1', 'aq': '9'}",97.1474609375,-3.314,-1.668,0.6955747949832585,0.4611364297613108
"{'ar': '48000', 'sample_fmt': 's32p', 'compression_level': '9', 'reservoir': '1', 'b:a': '307k', 'abr': 'True'}",421.671875,-3.337,-1.711,0.7127293520024978,-0.12511691666799135
"{'ar': '48000', 'sample_fmt': 's32p', 'compression_level': '9', 'reservoir': '1', 'aq': '9'}",102.0546875,-3.349,-1.733,0.7068960499891546,0.3504167344990143
"{'ar': '48000', 'sample_fmt': 's32p', 'compression_level': '9', 'reservoir': '1', 'aq': '9'}",102.0546875,-3.349,-1.733,0.7310948480153456,0.3486281314211196
"{'ar': '48000', 'sample_fmt': 's32p', 'compression_level': '9', 'reservoir': '1', 'aq': '9'}",102.0546875,-3.349,-1.733,0.6996018530044239,0.350955869672734
"{'ar': '48000', 'sample_fmt': 's32p', 'compression_level': '9', 'reservoir': '1', 'aq': '9'}",102.0546875,-3.349,-1.733,0.7133474510046653,0.349939892810407
"{'ar': '48000', 'sample_fmt': 's32p', 'compression_level': '9', 'reservoir': '1', 'aq': '9'}",102.0546875,-3.349,-1.733,0.7033109669864643,0.3506817183418555
"{'ar': '48000', 'sample_fmt': 's32p', 'compression_level': '9', 'reservoir': '1', 'aq': '9'}",102.0546875,-3.349,-1.733,0.6955365760077257,0.351256346041061
"{'ar': '48000', 'sample_fmt': 's32p', 'compression_level': '9', 'reservoir': '1', 'aq': '9'}",102.0546875,-3.349,-1.733,0.7016673809848726,0.3508032005319234
"{'ar': '48000', 'sample_fmt': 's32p', 'compression_level': '9', 'reservoir': '1', 'aq': '9'}",102.0546875,-3.349,-1.733,0.7838663280126639,0.344727638865824
"{'ar': '48000', 'sample_fmt': 's32p', 'compression_level': '9', 'reservoir': '1', 'aq': '9'}",102.0546875,-3.349,-1.733,0.7045619029959198,0.35058925804716073
"{'ar': '48000', 'sample_fmt': 's32p', 'compression_level': '9', 'reservoir': '1', 'b:a': '320k', 'abr': 'True'}",438.171875,-3.313,-1.667,0.850159652007278,-0.0918045751664478
"{'ar': '48000', 'sample_fmt': 's32p', 'compression_level': '9', 'reservoir': '1', 'aq': '9'}",102.0546875,-3.349,-1.733,0.6981104720034637,0.35106610195145066
"{'ar': '48000', 'sample_fmt': 's32p', 'compression_level': '9', 'reservoir': '1', 'aq': '9'}",102.0546875,-3.349,-1.733,0.7199442550190724,0.34945230396604926
"{'ar': '48000', 'sample_fmt': 's32p', 'compression_level': '9', 'reservoir': '1', 'aq': '9'}",102.0546875,-3.349,-1.733,0.7225738600245677,0.3492579422625719
"{'ar': '48000', 'sample_fmt': 's32p', 'compression_level': '9', 'reservoir': '1', 'aq': '9'}",102.0546875,-3.349,-1.733,0.7022928509977646,0.35075697023614677
"{'ar': '48000', 'sample_fmt': 's32p', 'compression_level': '9', 'reservoir': '1', 'aq': '9'}",102.0546875,-3.349,-1.733,0.7135749429871794,0.3499230782207038
"{'ar': '44100', 'sample_fmt': 's32p', 'compression_level': '9', 'reservoir': '1', 'aq': '9'}",97.1474609375,-3.314,-1.668,0.7003895069647115,0.46078056048797406
"{'ar': '48000', 'sample_fmt': 's32p', 'compression_level': '9', 'reservoir': '1', 'aq': '9'}",102.0546875,-3.349,-1.733,0.7097708180081099,0.35020425208888084
"{'ar': '48000', 'sample_fmt': 's32p', 'compression_level': '9', 'reservoir': '1', 'aq': '9'}",102.0546875,-3.349,-1.733,0.7071265460399445,0.35039969786994535
"{'ar': '48000', 'sample_fmt': 's32p', 'compression_level': '9', 'reservoir': '1', 'aq': '9'}",102.0546875,-3.349,-1.733,0.7054314819979481,0.35052498495071116
"{'ar': '48000', 'sample_fmt': 's32p', 'compression_level': '8', 'reservoir': '1', 'aq': '9'}",102.0546875,-3.349,-1.733,0.7005195899982937,0.3508880370799682
"{'ar': '44100', 'sample_fmt': 's32p', 'compression_level': '9', 'reservoir': '1', 'aq': '9'}",97.1474609375,-3.314,-1.668,0.7730374579841737,0.45541094053182934
"{'ar': '48000', 'sample_fmt': 's32p', 'compression_level': '9', 'reservoir': '1', 'aq': '9'}",102.0546875,-3.349,-1.733,0.7584454699826892,0.346606567929405
"{'ar': '48000', 'sample_fmt': 's32p', 'compression_level': '9', 'reservoir': '1', 'aq': '9'}",102.0546875,-3.349,-1.733,0.7978456119890325,0.34369438959783005
"{'ar': '48000', 'sample_fmt': 's32p', 'compression_level': '9', 'reservoir': '1', 'aq': '9'}",102.0546875,-3.349,-1.733,0.732989544980228,0.3484880888942388
"{'ar': '48000', 'sample_fmt': 's32p', 'compression_level': '9', 'reservoir': '1', 'aq': '9'}",102.0546875,-3.349,-1.733,0.6961190099827945,0.3512132966631807
"{'ar': '48000', 'sample_fmt': 'fltp', 'compression_level': '9', 'reservoir': '1', 'aq': '9'}",102.0546875,-3.349,-1.733,0.7271237719978672,0.34892164512290463
"{'ar': '48000', 'sample_fmt': 's32p', 'compression_level': '9', 'reservoir': '1', 'aq': '9'}",102.0546875,-3.349,-1.733,0.7275926120055374,0.3488869918033533
"{'ar': '48000', 'sample_fmt': 's32p', 'compression_level': '9', 'reservoir': '1', 'aq': '9'}",102.0546875,-3.349,-1.733,1.0015793899947312,0.3286358374326481
"{'ar': '48000', 'sample_fmt': 's32p', 'compression_level': '9', 'reservoir': '1', 'aq': '9'}",102.0546875,-3.349,-1.733,1.0415089669986628,0.32568452703074446
"{'ar': '48000', 'sample_fmt': 's32p', 'compression_level': '9', 'reservoir': '1', 'aq': '9'}",102.0546875,-3.349,-1.733,0.6988936289853882,0.3510082165561997
"{'ar': '48000', 'sample_fmt': 's32p', 'compression_level': '9', 'reservoir': '1', 'aq': '9'}",102.0546875,-3.349,-1.733,0.8022336790163536,0.3433700548857266
"{'ar': '48000', 'sample_fmt': 's32p', 'compression_level': '9', 'reservoir': '1', 'b:a': '316k', 'abr': 'True'}",432.734375,-3.322,-1.683,0.7177653599937912,-0.0993592792938595
"{'ar': '48000', 'sample_fmt': 's32p', 'compression_level': '8', 'reservoir': '1', 'aq': '9'}",102.0546875,-3.349,-1.733,0.7007716080115642,0.35086940970047054
"{'ar': '48000', 'sample_fmt': 's32p', 'compression_level': '9', 'reservoir': '1', 'aq': '9'}",102.0546875,-3.349,-1.733,0.7088714719866402,0.3502707253517409
"{'ar': '48000', 'sample_fmt': 's32p', 'compression_level': '9', 'reservoir': '1', 'aq': '9'}",102.0546875,-3.349,-1.733,0.7145161679945886,0.3498535095609951
"{'ar': '48000', 'sample_fmt': 's32p', 'compression_level': '9', 'reservoir': '1', 'aq': '9'}",102.0546875,-3.349,-1.733,0.6987810349965002,0.35101653870322774
"{'ar': '48000', 'sample_fmt': 's32p', 'compression_level': '9', 'reservoir': '1', 'aq': '9'}",102.0546875,-3.349,-1.733,0.7008516099886037,0.3508634965232038
"{'ar': '44100', 'sample_fmt': 's32p', 'compression_level': '9', 'reservoir': '1', 'aq': '9'}",97.1474609375,-3.314,-1.668,0.6924966020160355,0.46136394789711116
"{'ar': '48000', 'sample_fmt': 's32p', 'compression_level': '9', 'reservoir': '1', 'aq': '9'}",102.0546875,-3.349,-1.733,0.7141756560013164,0.3498786777862337
"{'ar': '48000', 'sample_fmt': 's32p', 'compression_level': '9', 'reservoir': '1', 'b:a': '317k', 'abr': 'True'}",434.046875,-3.319,-1.678,0.7161952820024453,-0.09277043453664463
"{'ar': '48000', 'sample_fmt': 's32p', 'compression_level': '9', 'reservoir': '1', 'aq': '9'}",102.0546875,-3.349,-1.733,0.7015011160110589,0.35081548965651493
"{'ar': '48000', 'sample_fmt': 's32p', 'compression_level': '9', 'reservoir': '1', 'b:a': '320k', 'abr': 'True'}",438.171875,-3.313,-1.667,0.7279007170291152,-0.08276806404860679
"{'ar': '48000', 'sample_fmt': 's32p', 'compression_level': '9', 'reservoir': '1', 'aq': '9'}",102.0546875,-3.349,-1.733,0.7088589089980815,0.3502716539185226
"{'ar': '48000', 'sample_fmt': 's32p', 'compression_level': '9', 'reservoir': '1', 'aq': '9'}",102.0546875,-3.349,-1.733,0.7031917799904477,0.3506905277970892
"{'ar': '48000', 'sample_fmt': 's32p', 'compression_level': '9', 'reservoir': '1', 'aq': '9'}",102.0546875,-3.349,-1.733,0.6993732950068079,0.3509727630546933
"{'ar': '48000', 'sample_fmt': 's32p', 'compression_level': '9', 'reservoir': '1', 'aq': '9'}",102.0546875,-3.349,-1.733,0.7138102669850923,0.349905684744114
"{'ar': '44100', 'sample_fmt': 's32p', 'compression_level': '9', 'reservoir': '1', 'aq': '9'}",97.1474609375,-3.314,-1.668,0.7100958029914182,0.46006314010496435
"{'ar': '48000', 'sample_fmt': 's32p', 'compression_level': '9', 'reservoir': '1', 'aq': '9'}",102.0546875,-3.349,-1.733,0.7873619539896026,0.3444692670502176
"{'ar': '48000', 'sample_fmt': 's32p', 'compression_level': '9', 'reservoir': '1', 'aq': '9'}",102.0546875,-3.349,-1.733,0.720751909975661,0.3493926078547107
"{'ar': '48000', 'sample_fmt': 's32p', 'compression_level': '9', 'reservoir': '1', 'aq': '9'}",102.0546875,-3.349,-1.733,0.696069964003982,0.3512169217931796
"{'ar': '48000', 'sample_fmt': 's32p', 'compression_level': '9', 'reservoir': '1', 'aq': '9'}",102.0546875,-3.349,-1.733,0.7559026089729741,0.3467945181335313
"{'ar': '48000', 'sample_fmt': 's32p', 'compression_level': '9', 'reservoir': '1', 'aq': '9'}",102.0546875,-3.349,-1.733,0.6999886999838054,0.35092727669479984
"{'ar': '48000', 'sample_fmt': 's32p', 'compression_level': '9', 'reservoir': '1', 'aq': '9'}",102.0546875,-3.349,-1.733,0.7043330449960195,0.35060617360315566
"{'ar': '48000', 'sample_fmt': 's32p', 'compression_level': '9', 'reservoir': '1', 'aq': '9'}",102.0546875,-3.349,-1.733,0.6989368420036044,0.35100502255717114
"{'ar': '48000', 'sample_fmt': 'fltp', 'compression_level': '8', 'reservoir': '1', 'b:a': '311k', 'abr': 'True'}",426.546875,-3.334,-1.705,0.7207894010061864,-0.12460895917586814
"{'ar': '48000', 'sample_fmt': 's32p', 'compression_level': '9', 'reservoir': '1', 'aq': '9'}",102.0546875,-3.349,-1.733,0.7199115949915722,0.349454717963044
"{'ar': '48000', 'sample_fmt': 's32p', 'compression_level': '9', 'reservoir': '1', 'aq': '9'}",102.0546875,-3.349,-1.733,0.6985675489995629,0.35103231807007057
"{'ar': '48000', 'sample_fmt': 's32p', 'compression_level': '9', 'reservoir': '1', 'aq': '9'}",102.0546875,-3.349,-1.733,0.7863721460162196,0.3445424266173085
"{'ar': '48000', 'sample_fmt': 's32p', 'compression_level': '9', 'reservoir': '1', 'aq': '9'}",102.0546875,-3.349,-1.733,0.7524466660106555,0.34704995686287404
"{'ar': '48000', 'sample_fmt': 's32p', 'compression_level': '9', 'reservoir': '1', 'aq': '9'}",102.0546875,-3.349,-1.733,0.7175305080018006,0.3496307109819547
"{'ar': '44100', 'sample_fmt': 's32p', 'compression_level': '9', 'reservoir': '1', 'b:a': '320k', 'abr': 'True'}",437.857421875,-2.591,-0.705,0.7379495030036196,1.9026770702371538
"{'ar': '48000', 'sample_fmt': 's32p', 'compression_level': '9', 'reservoir': '1', 'aq': '9'}",102.0546875,-3.349,-1.733,0.7381500750198029,0.34810665920908
"{'ar': '48000', 'sample_fmt': 's32p', 'compression_level': '9', 'reservoir': '1', 'aq': '9'}",102.0546875,-3.349,-1.733,0.7262978110229596,0.3489826942849474
"{'ar': '48000', 'sample_fmt': 's32p', 'compression_level': '9', 'reservoir': '1', 'aq': '9'}",102.0546875,-3.349,-1.733,0.7352748539997265,0.3483191751018351
"{'ar': '48000', 'sample_fmt': 's32p', 'compression_level': '9', 'reservoir': '1', 'aq': '9'}",102.0546875,-3.349,-1.733,0.6980153229669668,0.35107313469164514
"{'ar': '48000', 'sample_fmt': 's32p', 'compression_level': '9', 'reservoir': '1', 'aq': '9'}",102.0546875,-3.349,-1.733,0.7218676569755189,0.3493101397703068
"{'ar': '44100', 'sample_fmt': 's32p', 'compression_level': '8', 'reservoir': '1', 'aq': '9'}",97.1474609375,-3.314,-1.668,0.7673504179692827,0.4558312860904697
"{'ar': '48000', 'sample_fmt': 's32p', 'compression_level': '9', 'reservoir': '1', 'b:a': '305k', 'abr': 'True'}",419.046875,-3.337,-1.711,0.7350235600024462,-0.1225761263999747
"{'ar': '48000', 'sample_fmt': 's32p', 'compression_level': '9', 'reservoir': '1', 'aq': '9'}",102.0546875,-3.349,-1.733,0.6999453899916261,0.35093047786145415
"{'ar': '48000', 'sample_fmt': 's32p', 'compression_level': '9', 'reservoir': '1', 'aq': '9'}",102.0546875,-3.349,-1.733,0.6971791120013222,0.35113494146011776
"{'ar': '48000', 'sample_fmt': 's32p', 'compression_level': '8', 'reservoir': '1', 'aq': '9'}",102.0546875,-3.349,-1.733,0.7023511230072472,0.35075266318356496
"{'ar': '32000', 'sample_fmt': 's32p', 'compression_level': '9', 'reservoir': '1', 'aq': '9'}",81.7109375,-3.518,-2.09,0.6624608289857861,-0.12021527436811741
"{'ar': '48000', 'sample_fmt': 's32p', 'compression_level': '9', 'reservoir': '1', 'aq': '9'}",102.0546875,-3.349,-1.733,0.7091364809894003,0.35025113777067624
"{'ar': '48000', 'sample_fmt': 's32p', 'compression_level': '9', 'reservoir': '1', 'b:a': '320k', 'abr': 'True'}",438.171875,-3.313,-1.667,0.7064441019902006,-0.08118214363808612
"{'ar': '48000', 'sample_fmt': 's32p', 'compression_level': '9', 'reservoir': '1', 'b:a': '320k', 'abr': 'True'}",438.171875,-3.313,-1.667,0.7154920869797934,-0.08185090635033385
"{'ar': '48000', 'sample_fmt': 's32p', 'compression_level': '9', 'reservoir': '1', 'aq': '9'}",102.0546875,-3.349,-1.733,0.6989467209787108,0.35100429237357844
"{'ar': '48000', 'sample_fmt': 's32p', 'compression_level': '8', 'reservoir': '1', 'aq': '9'}",102.0546875,-3.349,-1.733,0.6968748549988959,0.3511574299742341
"{'ar': '48000', 'sample_fmt': 's32p', 'compression_level': '9', 'reservoir': '1', 'aq': '9'}",102.0546875,-3.349,-1.733,0.6918548600224312,0.351528472306841
"{'ar': '48000', 'sample_fmt': 's32p', 'compression_level': '9', 'reservoir': '1', 'aq': '9'}",102.0546875,-3.349,-1.733,0.6926208579970989,0.3514718551833926
"{'ar': '48000', 'sample_fmt': 's32p', 'compression_level': '9', 'reservoir': '1', 'aq': '9'}",102.0546875,-3.349,-1.733,0.6998317189863883,0.3509388796138724
"{'ar': '48000', 'sample_fmt': 's32p', 'compression_level': '9', 'reservoir': '1', 'aq': '9'}",102.0546875,-3.349,-1.733,0.8547213740239386,0.33949053769894094
"{'ar': '48000', 'sample_fmt': 's32p', 'compression_level': '9', 'reservoir': '1', 'aq': '9'}",102.0546875,-3.349,-1.733,0.7135505960322917,0.3499248777744834
"{'ar': '48000', 'sample_fmt': 's32p', 'compression_level': '9', 'reservoir': '1', 'aq': '9'}",102.0546875,-3.349,-1.733,0.7053879870218225,0.35052819979006344
"{'ar': '44100', 'sample_fmt': 's32p', 'compression_level': '9', 'reservoir': '1', 'aq': '9'}",97.1474609375,-3.314,-1.668,0.7046123789914418,0.46046843581564983
"{'ar': '48000', 'sample_fmt': 's32p', 'compression_level': '9', 'reservoir': '1', 'aq': '9'}",102.0546875,-3.349,-1.733,0.7107989720243495,0.350128258254972
"{'ar': '48000', 'sample_fmt': 's32p', 'compression_level': '9', 'reservoir': '1', 'aq': '9'}",102.0546875,-3.349,-1.733,0.729530856013298,0.34874373058871616
"{'ar': '48000', 'sample_fmt': 's32p', 'compression_level': '9', 'reservoir': '1', 'aq': '9'}",102.0546875,-3.349,-1.733,0.7550080890068784,0.34686063468869516
"{'ar': '48000', 'sample_fmt': 's32p', 'compression_level': '9', 'reservoir': '1', 'aq': '9'}",102.0546875,-3.349,-1.733,0.7632795429672115,0.3462492676283931
"{'ar': '48000', 'sample_fmt': 's32p', 'compression_level': '9', 'reservoir': '1', 'aq': '9'}",102.0546875,-3.349,-1.733,0.6948342839605175,0.3513082544753501
"{'ar': '48000', 'sample_fmt': 's32p', 'compression_level': '9', 'reservoir': '1', 'aq': '9'}",102.0546875,-3.349,-1.733,0.6894722119905055,0.35170458070688754
"{'ar': '48000', 'sample_fmt': 's32p', 'compression_level': '9', 'reservoir': '1', 'aq': '9'}",102.0546875,-3.349,-1.733,0.7148109079862479,0.34983172447664135
"{'ar': '48000', 'sample_fmt': 's32p', 'compression_level': '9', 'reservoir': '1', 'aq': '9'}",102.0546875,-3.349,-1.733,0.7034629180270713,0.35067048720142346
"{'ar': '48000', 'sample_fmt': 's32p', 'compression_level': '9', 'reservoir': '1', 'aq': '9'}",102.0546875,-3.349,-1.733,0.7044512529973872,0.35059743650824504
"{'ar': '48000', 'sample_fmt': 's32p', 'compression_level': '9', 'reservoir': '1', 'aq': '9'}",102.0546875,-3.349,-1.733,0.7506965690117795,0.3471793115884855
"{'ar': '48000', 'sample_fmt': 's32p', 'compression_level': '9', 'reservoir': '1', 'aq': '9'}",102.0546875,-3.349,-1.733,0.7055657370365225,0.3505150617729171
"{'ar': '48000', 'sample_fmt': 's32p', 'compression_level': '9', 'reservoir': '1', 'aq': '9'}",102.0546875,-3.349,-1.733,0.6988434009836055,0.35101192905293144
"{'ar': '48000', 'sample_fmt': 's32p', 'compression_level': '9', 'reservoir': '1', 'aq': '9'}",102.0546875,-3.349,-1.733,0.7088966319861356,0.3502688657034853
"{'ar': '48000', 'sample_fmt': 's32p', 'compression_level': '9', 'reservoir': '1', 'aq': '9'}",102.0546875,-3.349,-1.733,0.7425407839764375,0.3477821292243478
"{'ar': '48000', 'sample_fmt': 's32p', 'compression_level': '9', 'reservoir': '1', 'aq': '9'}",102.0546875,-3.349,-1.733,0.7746643829741515,0.3454077812101127
"{'ar': '48000', 'sample_fmt': 's32p', 'compression_level': '9', 'reservoir': '1', 'aq': '9'}",102.0546875,-3.349,-1.733,0.7392625730135478,0.348024431268105
"{'ar': '48000', 'sample_fmt': 's32p', 'compression_level': '9', 'reservoir': '1', 'b:a': '320k', 'abr': 'True'}",438.171875,-3.313,-1.667,0.8027695780037902,-0.08830183787625043
"{'ar': '44100', 'sample_fmt': 's32p', 'compression_level': '9', 'reservoir': '1', 'aq': '9'}",97.1474609375,-3.314,-1.668,0.7023858549946453,0.4606330046371825
"{'ar': '48000', 'sample_fmt': 's32p', 'compression_level': '9', 'reservoir': '1', 'b:a': '309k', 'abr': 'True'}",424.109375,-3.337,-1.71,0.7184194100263994,-0.12911145936841595
"{'ar': '48000', 'sample_fmt': 's32p', 'compression_level': '9', 'reservoir': '1', 'aq': '9'}",102.0546875,-3.349,-1.733,0.706452032958623,0.3504495530806061
"{'ar': '48000', 'sample_fmt': 's32p', 'compression_level': '9', 'reservoir': '1', 'aq': '9'}",102.0546875,-3.349,-1.733,0.7568665299913846,0.3467232719460756
"{'ar': '48000', 'sample_fmt': 's32p', 'compression_level': '9', 'reservoir': '1', 'aq': '9'}",102.0546875,-3.349,-1.733,0.8062506590213161,0.34307314828759966
"{'ar': '44100', 'sample_fmt': 's32p', 'compression_level': '9', 'reservoir': '1', 'aq': '9'}",97.1474609375,-3.314,-1.668,0.8230581950047053,0.4517137633374642
"{'ar': '48000', 'sample_fmt': 's32p', 'compression_level': '9', 'reservoir': '1', 'aq': '9'}",102.0546875,-3.349,-1.733,0.777217369992286,0.34521908256344774
"{'ar': '48000', 'sample_fmt': 's32p', 'compression_level': '9', 'reservoir': '1', 'aq': '9'}",102.0546875,-3.349,-1.733,0.7029908440017607,0.3507053795565624
"{'ar': '48000', 'sample_fmt': 's32p', 'compression_level': '8', 'reservoir': '1', 'b:a': '320k', 'abr': 'True'}",438.171875,-3.313,-1.667,0.721391783998115,-0.08228697000251174
"{'ar': '48000', 'sample_fmt': 's32p', 'compression_level': '9', 'reservoir': '1', 'aq': '9'}",102.0546875,-3.349,-1.733,0.7067197719879914,0.3504297637153871
"{'ar': '48000', 'sample_fmt': 's32p', 'compression_level': '9', 'reservoir': '1', 'aq': '9'}",102.0546875,-3.349,-1.733,0.7166889079962857,0.34969291606993436
"{'ar': '48000', 'sample_fmt': 's32p', 'compression_level': '9', 'reservoir': '1', 'b:a': '307k', 'abr': 'True'}",421.671875,-3.337,-1.711,0.7362952039693482,-0.1268587368739164
"{'ar': '48000', 'sample_fmt': 's32p', 'compression_level': '9', 'reservoir': '1', 'aq': '9'}",102.0546875,-3.349,-1.733,0.7049626730149612,0.3505596359771385
"{'ar': '48000', 'sample_fmt': 's32p', 'compression_level': '9', 'reservoir': '1', 'aq': '9'}",102.0546875,-3.349,-1.733,0.7021066029847134,0.35077073636490386
"{'ar': '48000', 'sample_fmt': 's32p', 'compression_level': '9', 'reservoir': '1', 'aq': '9'}",102.0546875,-3.349,-1.733,0.6989042439963669,0.35100743197006906
"{'ar': '48000', 'sample_fmt': 's32p', 'compression_level': '9', 'reservoir': '1', 'b:a': '292k', 'abr': 'True'}",402.078125,-3.37,-1.773,0.717957639019005,-0.19068467101637518
"{'ar': '48000', 'sample_fmt': 's32p', 'compression_level': '9', 'reservoir': '1', 'b:a': '316k', 'abr': 'True'}",432.734375,-3.322,-1.683,0.7107412930345163,-0.0988401102107877
"{'ar': '48000', 'sample_fmt': 's32p', 'compression_level': '9', 'reservoir': '1', 'aq': '9'}",102.0546875,-3.349,-1.733,0.7016724309942219,0.35080282727114176
"{'ar': '48000', 'sample_fmt': 's32p', 'compression_level': '9', 'reservoir': '1', 'aq': '9'}",102.0546875,-3.349,-1.733,0.7001446359790862,0.3509157510148544
"{'ar': '48000', 'sample_fmt': 's32p', 'compression_level': '9', 'reservoir': '1', 'aq': '9'}",102.0546875,-3.349,-1.733,0.7014683269953821,0.35081791318739847
"{'ar': '48000', 'sample_fmt': 's32p', 'compression_level': '9', 'reservoir': '1', 'aq': '9'}",102.0546875,-3.349,-1.733,0.6974256160028744,0.35111672163715746
"{'ar': '48000', 'sample_fmt': 's32p', 'compression_level': '9', 'reservoir': '1', 'b:a': '320k', 'abr': 'True'}",438.171875,-3.313,-1.667,0.7151095090084709,-0.08182262890711946
"{'ar': '48000', 'sample_fmt': 'fltp', 'compression_level': '9', 'reservoir': '1', 'aq': '9'}",102.0546875,-3.349,-1.733,0.7129626009846106,0.34996833818730766
"{'ar': '48000', 'sample_fmt': 's32p', 'compression_level': '9', 'reservoir': '1', 'b:a': '318k', 'abr': 'True'}",435.359375,-3.316,-1.673,0.7515898999990895,-0.08891375725923609
"{'ar': '48000', 'sample_fmt': 's32p', 'compression_level': '9', 'reservoir': '1', 'aq': '9'}",102.0546875,-3.349,-1.733,0.7883138650213368,0.3443989085555767
"{'ar': '48000', 'sample_fmt': 's32p', 'compression_level': '9', 'reservoir': '1', 'aq': '9'}",102.0546875,-3.349,-1.733,0.7181447469920386,0.3495853108035114
"{'ar': '48000', 'sample_fmt': 's32p', 'compression_level': '9', 'reservoir': '1', 'aq': '9'}",102.0546875,-3.349,-1.733,0.7214301240164787,0.3493424790954407
"{'ar': '48000', 'sample_fmt': 's32p', 'compression_level': '9', 'reservoir': '1', 'b:a': '320k', 'abr': 'True'}",438.171875,-3.313,-1.667,0.7220028059673496,-0.08233213240163798
"{'ar': '48000', 'sample_fmt': 's32p', 'compression_level': '9', 'reservoir': '1', 'b:a': '320k', 'abr': 'True'}",438.171875,-3.313,-1.667,0.727447621000465,-0.08273457441203275
"{'ar': '48000', 'sample_fmt': 's32p', 'compression_level': '9', 'reservoir': '1', 'aq': '9'}",102.0546875,-3.349,-1.733,0.7087576469930355,0.3502791384858843
"{'ar': '48000', 'sample_fmt': 's32p', 'compression_level': '9', 'reservoir': '1', 'aq': '9'}",102.0546875,-3.349,-1.733,0.7166552409762517,0.34969540449665665
"{'ar': '44100', 'sample_fmt': 's32p', 'compression_level': '9', 'reservoir': '1', 'aq': '9'}",97.1474609375,-3.314,-1.668,0.7101210970140528,0.4600612705506713
"{'ar': '48000', 'sample_fmt': 's32p', 'compression_level': '9', 'reservoir': '1', 'b:a': '302k', 'abr': 'True'}",414.734375,-3.345,-1.726,0.724830798979383,-0.13831282518825994
"{'ar': '48000', 'sample_fmt': 's32p', 'compression_level': '9', 'reservoir': '1', 'aq': '9'}",102.0546875,-3.349,-1.733,0.7085326189990155,0.3502957709550789
"{'ar': '48000', 'sample_fmt': 's32p', 'compression_level': '9', 'reservoir': '1', 'aq': '9'}",102.0546875,-3.349,-1.733,0.7095951609953772,0.3502172354062046
"{'ar': '48000', 'sample_fmt': 's32p', 'compression_level': '9', 'reservoir': '1', 'aq': '9'}",102.0546875,-3.349,-1.733,0.7651662049756851,0.34610981898835524
"{'ar': '48000', 'sample_fmt': 's32p', 'compression_level': '9', 'reservoir': '1', 'aq': '9'}",102.0546875,-3.349,-1.733,0.734719694009982,0.34836020858065936
"{'ar': '48000', 'sample_fmt': 's32p', 'compression_level': '9', 'reservoir': '1', 'aq': '9'}",102.0546875,-3.349,-1.733,0.7106283890025225,0.35014086653896803
"{'ar': '48000', 'sample_fmt': 's32p', 'compression_level': '9', 'reservoir': '1', 'aq': '9'}",102.0546875,-3.349,-1.733,0.7387924460344948,0.3480591797114295
"{'ar': '48000', 'sample_fmt': 's32p', 'compression_level': '9', 'reservoir': '1', 'aq': '9'}",102.0546875,-3.349,-1.733,0.7614344959729351,0.3463856403824965
"{'ar': '48000', 'sample_fmt': 's32p', 'compression_level': '9', 'reservoir': '1', 'aq': '9'}",102.0546875,-3.349,-1.733,0.7692035929940175,0.34581140397499677
"{'ar': '48000', 'sample_fmt': 's32p', 'compression_level': '9', 'reservoir': '1', 'b:a': '320k', 'abr': 'True'}",438.171875,-3.313,-1.667,0.7362551910046022,-0.0833855673580924
"{'ar': '48000', 'sample_fmt': 's32p', 'compression_level': '9', 'reservoir': '1', 'b:a': '320k', 'abr': 'True'}",438.171875,-3.313,-1.667,0.7274571279995143,-0.08273527710180036
"{'ar': '48000', 'sample_fmt': 's32p', 'compression_level': '9', 'reservoir': '1', 'aq': '9'}",102.0546875,-3.349,-1.733,0.7906892909668386,0.34422333396080396
"{'ar': '48000', 'sample_fmt': 's32p', 'compression_level': '8', 'reservoir': '1', 'aq': '9'}",102.0546875,-3.349,-1.733,0.7688913700112607,0.34583448127773486
"{'ar': '48000', 'sample_fmt': 's32p', 'compression_level': '9', 'reservoir': '1', 'aq': '9'}",102.0546875,-3.349,-1.733,0.7039971210178919,0.35063100271493913
"{'ar': '48000', 'sample_fmt': 's32p', 'compression_level': '9', 'reservoir': '1', 'aq': '9'}",102.0546875,-3.349,-1.733,0.7235225060139783,0.3491878250966426
"{'ar': '48000', 'sample_fmt': 's32p', 'compression_level': '9', 'reservoir': '1', 'aq': '9'}",102.0546875,-3.349,-1.733,0.7102263619890437,0.35017058151708086
"{'ar': '44100', 'sample_fmt': 's32p', 'compression_level': '9', 'reservoir': '1', 'b:a': '320k', 'abr': 'True'}",437.857421875,-2.591,-0.705,0.7230744649714325,1.9037765272754485
"{'ar': '44100', 'sample_fmt': 's32p', 'compression_level': '9', 'reservoir': '1', 'aq': '9'}",97.1474609375,-3.314,-1.668,0.7080289150180761,0.46021590976677906
"{'ar': '48000', 'sample_fmt': 's32p', 'compression_level': '9', 'reservoir': '1', 'b:a': '317k', 'abr': 'True'}",434.046875,-3.319,-1.678,0.7325282840174623,-0.09397765390529676
"{'ar': '48000', 'sample_fmt': 's32p', 'compression_level': '9', 'reservoir': '1', 'b:a': '320k', 'abr': 'True'}",438.171875,-3.313,-1.667,0.7216904149681795,-0.08230904268032135
"{'ar': '48000', 'sample_fmt': 's32p', 'compression_level': '9', 'reservoir': '1', 'b:a': '320k', 'abr': 'True'}",438.171875,-3.313,-1.667,0.7259426339878701,-0.08262333647368535
"{'ar': '48000', 'sample_fmt': 's32p', 'compression_level': '9', 'reservoir': '1', 'aq': '9'}",102.0546875,-3.349,-1.733,0.7065479200100526,0.3504424657915956
"{'ar': '48000', 'sample_fmt': 's32p', 'compression_level': '8', 'reservoir': '1', 'aq': '9'}",102.0546875,-3.349,-1.733,0.7107723249937408,0.35013022781399356
"{'ar': '48000', 'sample_fmt': 's32p', 'compression_level': '9', 'reservoir': '1', 'aq': '9'}",102.0546875,-3.349,-1.733,0.7160435950208921,0.34974061301640025
"{'ar': '48000', 'sample_fmt': 's32p', 'compression_level': '9', 'reservoir': '1', 'b:a': '318k', 'abr': 'True'}",435.359375,-3.316,-1.673,0.7142689579923172,-0.08615525860690662
"{'ar': '48000', 'sample_fmt': 'fltp', 'compression_level': '9', 'reservoir': '1', 'b:a': '320k', 'abr': 'True'}",438.171875,-3.313,-1.667,0.7277354370162357,-0.08275584772532367
"{'ar': '48000', 'sample_fmt': 's32p', 'compression_level': '9', 'reservoir': '1', 'aq': '9'}",102.0546875,-3.349,-1.733,0.7054247750202194,0.3505254806828131
"{'ar': '48000', 'sample_fmt': 's32p', 'compression_level': '9', 'reservoir': '1', 'aq': '9'}",102.0546875,-3.349,-1.733,0.718151051987661,0.3495848447830684
"{'ar': '48000', 'sample_fmt': 's32p', 'compression_level': '9', 'reservoir': '1', 'aq': '9'}",102.0546875,-3.349,-1.733,0.7145295559894294,0.3498525200156155
