params,file_size,peaq_score,distortion_index,processing_time,fitness
"{'ar': '22050', 'sample_fmt': 'fltp', 'compression_level': '3', 'reservoir': '1', 'b:a': '218k'}",223.546875,-3.676,-2.551,0.4382371219980996,-0.8435213424231376
"{'ar': '8000', 'sample_fmt': 's32p', 'compression_level': '5', 'reservoir': '1', 'b:a': '214k', 'abr': 'True'}",85.5078125,-3.858,-3.508,0.34915715901297517,-1.342615521731007
"{'ar': '11025', 'sample_fmt': 'fltp', 'compression_level': '9', 'reservoir': '0', 'b:a': '43k'}",56.4560546875,-3.846,-3.409,0.36061570001766086,-1.2379159574030585
"{'ar': '8000', 'sample_fmt': 'fltp', 'compression_level': '0', 'reservoir': '0', 'b:a': '46k'}",68.0,-3.855,-3.484,0.5099650669726543,-1.3120038867472439
"{'ar': '44100', 'sample_fmt': 'fltp', 'compression_level': '0', 'reservoir': '1', 'aq': '9'}",103.837890625,-3.343,-1.721,0.45322832401143387,0.38408578283914774
"{'ar': '48000', 'sample_fmt': 'fltp', 'compression_level': '3', 'reservoir': '1', 'b:a': '199k'}",267.828125,-3.53,-2.119,0.5584627260104753,-0.4466166309060085
"{'ar': '44100', 'sample_fmt': 'fltp', 'compression_level': '4', 'reservoir': '1', 'b:a': '312k', 'abr': 'True'}",406.431640625,-2.59,-0.703,0.5438193249865435,1.9701316541330525
"{'ar': '44100', 'sample_fmt': 'fltp', 'compression_level': '6', 'reservoir': '1', 'b:a': '32k'}",44.771484375,-3.292,-1.63,0.6375883899745531,0.612242916505593
"{'ar': '32000', 'sample_fmt': 's16p', 'compression_level': '7', 'reservoir': '0', 'b:a': '276k'}",357.828125,-3.173,-1.436,0.4709338230022695,0.46348896937397094
"{'ar': '11025', 'sample_fmt': 's32p', 'compression_level': '7', 'reservoir': '1', 'b:a': '32k', 'abr': 'True'}",43.61328125,-3.837,-3.347,0.6136020720296074,-1.195594290203438
"{'ar': '8000', 'sample_fmt': 's32p', 'compression_level': '6', 'reservoir': '1', 'b:a': '295k'}",91.484375,-3.858,-3.512,0.3796220290241763,-1.3556656911817906
"{'ar': '24000', 'sample_fmt': 'fltp', 'compression_level': '5', 'reservoir': '0', 'b:a': '221k', 'abr': 'True'}",208.4609375,-3.661,-2.498,0.4530339219782036,-0.7688745569202353
"{'ar': '12000', 'sample_fmt': 's32p', 'compression_level': '7', 'reservoir': '1', 'b:a': '84k', 'abr': 'True'}",88.0625,-3.742,-2.811,0.35163689200999215,-0.8567279306207715
"{'ar': '32000', 'sample_fmt': 's16p', 'compression_level': '8', 'reservoir': '0', 'b:a': '127k', 'abr': 'True'}",185.5625,-3.323,-1.686,0.389455733995419,0.3160341335304686
"{'ar': '12000', 'sample_fmt': 'fltp', 'compression_level': '7', 'reservoir': '1', 'b:a': '310k', 'abr': 'True'}",88.53125,-3.742,-2.811,0.42355103403679095,-0.8627912804188221
"{'ar': '44100', 'sample_fmt': 's32p', 'compression_level': '4', 'reservoir': '1', 'b:a': '220k'}",312.220703125,-2.596,-0.71,0.7159265430236701,2.0915519351027423
"{'ar': '16000', 'sample_fmt': 's16p', 'compression_level': '3', 'reservoir': '0', 'aq': '9'}",65.1171875,-3.818,-3.217,0.3973256020108238,-1.128643281557597
"{'ar': '24000', 'sample_fmt': 's16p', 'compression_level': '2', 'reservoir': '0', 'b:a': '32k'}",44.890625,-3.708,-2.669,0.49568206298863515,-0.6744739119588845
"{'ar': '11025', 'sample_fmt': 's16p', 'compression_level': '9', 'reservoir': '1', 'aq': '9'}",47.0693359375,-3.841,-3.373,0.3640613589959685,-1.2001863892367548
"{'ar': '11025', 'sample_fmt': 's16p', 'compression_level': '8', 'reservoir': '0', 'b:a': '225k'}",90.8935546875,-3.85,-3.442,0.36760792598943226,-1.3131133517679872
"{'ar': '44100', 'sample_fmt': 's16p', 'compression_level': '7', 'reservoir': '0', 'b:a': '229k'}",312.220703125,-2.606,-0.722,0.45364281500224024,2.083853203964364
"{'ar': '8000', 'sample_fmt': 's32p', 'compression_level': '3', 'reservoir': '0', 'b:a': '32k'}",45.359375,-3.854,-3.473,0.39009388399426825,-1.2612170369482711
"{'ar': '22050', 'sample_fmt': 's32p', 'compression_level': '9', 'reservoir': '0', 'b:a': '139k', 'abr': 'True'}",203.14453125,-3.68,-2.564,0.4336595619970467,-0.8240484145671393
"{'ar': '32000', 'sample_fmt': 'fltp', 'compression_level': '7', 'reservoir': '1', 'b:a': '49k', 'abr': 'True'}",66.734375,-3.436,-1.906,0.4062016599928029,0.17172240172181805
"{'ar': '44100', 'sample_fmt': 's16p', 'compression_level': '1', 'reservoir': '1', 'aq': '9'}",103.81640625,-3.341,-1.719,0.4824365240347106,0.3872519947344448
"{'ar': '48000', 'sample_fmt': 's32p', 'compression_level': '5', 'reservoir': '1', 'aq': '9'}",110.65625,-3.337,-1.711,0.43056002899538726,0.39201565839015634
"{'ar': '8000', 'sample_fmt': 'fltp', 'compression_level': '5', 'reservoir': '1', 'b:a': '204k', 'abr': 'True'}",85.5078125,-3.858,-3.508,0.7339211149665061,-1.3710545373852787
"{'ar': '22050', 'sample_fmt': 's32p', 'compression_level': '7', 'reservoir': '0', 'b:a': '274k', 'abr': 'True'}",223.35546875,-3.676,-2.552,0.7786033090087585,-0.8686888289293221
"{'ar': '16000', 'sample_fmt': 'fltp', 'compression_level': '9', 'reservoir': '1', 'aq': '9'}",61.7421875,-3.805,-3.135,0.5464920099766459,-1.0781264523238914
"{'ar': '22050', 'sample_fmt': 's16p', 'compression_level': '6', 'reservoir': '0', 'aq': '9'}",75.7998046875,-3.731,-2.762,0.5834390830423217,-0.8132071731671366
"{'ar': '48000', 'sample_fmt': 's32p', 'compression_level': '5', 'reservoir': '1', 'b:a': '83k'}",111.640625,-3.727,-2.749,0.5262036210042424,-0.8527459526145922
"{'ar': '8000', 'sample_fmt': 's16p', 'compression_level': '5', 'reservoir': '1', 'b:a': '32k'}",45.359375,-3.855,-3.485,0.3576526720135007,-1.2649346519786953
"{'ar': '32000', 'sample_fmt': 'fltp', 'compression_level': '1', 'reservoir': '1', 'b:a': '200k'}",268.390625,-3.19,-1.463,0.6896248029952403,0.5419108202548301
"{'ar': '32000', 'sample_fmt': 's32p', 'compression_level': '1', 'reservoir': '0', 'b:a': '262k'}",357.828125,-3.179,-1.445,0.7667316180013586,0.42480694702009686
"{'ar': '11025', 'sample_fmt': 's16p', 'compression_level': '0', 'reservoir': '1', 'b:a': '134k'}",90.689453125,-3.843,-3.39,0.5962879599828739,-1.2969766740521018
"{'ar': '22050', 'sample_fmt': 's16p', 'compression_level': '3', 'reservoir': '0', 'b:a': '240k', 'abr': 'True'}",207.279296875,-3.675,-2.547,0.43013729600352235,-0.8133732907495617
"{'ar': '12000', 'sample_fmt': 's32p', 'compression_level': '1', 'reservoir': '0', 'aq': '9'}",55.15625,-3.769,-2.94,0.39592440097476356,-0.9110964661672764
"{'ar': '22050', 'sample_fmt': 's16p', 'compression_level': '2', 'reservoir': '1', 'b:a': '32k'}",44.84765625,-3.723,-2.731,0.4687213909928687,-0.7269200959614432
"{'ar': '48000', 'sample_fmt': 's16p', 'compression_level': '2', 'reservoir': '0', 'b:a': '52k', 'abr': 'True'}",78.96875,-3.559,-2.195,0.5625740399991628,-0.23710732586637015
"{'ar': '24000', 'sample_fmt': 'fltp', 'compression_level': '4', 'reservoir': '1', 'b:a': '131k', 'abr': 'True'}",160.5078125,-3.675,-2.546,0.4361068070284091,-0.7388674538980845
"{'ar': '22050', 'sample_fmt': 'fltp', 'compression_level': '2', 'reservoir': '1', 'b:a': '141k', 'abr': 'True'}",145.443359375,-3.688,-2.593,0.5690886460070033,-0.7697744482294145
"{'ar': '22050', 'sample_fmt': 's16p', 'compression_level': '3', 'reservoir': '1', 'b:a': '297k', 'abr': 'True'}",199.29296875,-3.675,-2.548,0.4387817379902117,-0.8015841837092136
"{'ar': '22050', 'sample_fmt': 's32p', 'compression_level': '7', 'reservoir': '0', 'b:a': '80k'}",111.8125,-3.748,-2.837,0.3717759550199844,-0.9182950470201777
"{'ar': '22050', 'sample_fmt': 's16p', 'compression_level': '4', 'reservoir': '1', 'aq': '9'}",69.9560546875,-3.731,-2.762,0.3861194240162149,-0.7892980420183954
"{'ar': '16000', 'sample_fmt': 's32p', 'compression_level': '3', 'reservoir': '1', 'aq': '9'}",59.73828125,-3.818,-3.218,0.4123499339912087,-1.1214863014219782
"{'ar': '32000', 'sample_fmt': 's16p', 'compression_level': '9', 'reservoir': '0', 'b:a': '32k', 'abr': 'True'}",51.1953125,-3.437,-1.907,0.37769465398741886,0.19597917271577409
"{'ar': '12000', 'sample_fmt': 'fltp', 'compression_level': '9', 'reservoir': '0', 'aq': '9'}",54.40625,-3.776,-2.975,0.3538675910094753,-0.9341417865299585
"{'ar': '24000', 'sample_fmt': 's32p', 'compression_level': '2', 'reservoir': '0', 'b:a': '249k'}",223.671875,-3.667,-2.519,0.6382846040069126,-0.8274427782728844
"{'ar': '12000', 'sample_fmt': 's16p', 'compression_level': '0', 'reservoir': '0', 'b:a': '184k', 'abr': 'True'}",73.0625,-3.768,-2.934,0.746010588016361,-0.9613220288170858
"{'ar': '24000', 'sample_fmt': 's32p', 'compression_level': '9', 'reservoir': '1', 'b:a': '196k'}",223.671875,-3.66,-2.495,0.41258744403603487,-0.7868802824274215
"{'ar': '12000', 'sample_fmt': 's16p', 'compression_level': '2', 'reservoir': '0', 'b:a': '223k'}",90.640625,-3.765,-2.921,0.4768456550082192,-0.9583852900455276
"{'ar': '8000', 'sample_fmt': 's16p', 'compression_level': '9', 'reservoir': '0', 'aq': '9'}",43.6015625,-3.855,-3.486,0.3518333729880396,-1.2620151099902441
"{'ar': '24000', 'sample_fmt': 'fltp', 'compression_level': '5', 'reservoir': '0', 'b:a': '209k', 'abr': 'True'}",208.4609375,-3.661,-2.498,0.4361195290402975,-0.767624365268703
"{'ar': '22050', 'sample_fmt': 's16p', 'compression_level': '9', 'reservoir': '1', 'b:a': '102k'}",134.1591796875,-3.712,-2.684,0.4042552380124107,-0.824210591910758
"{'ar': '16000', 'sample_fmt': 's32p', 'compression_level': '1', 'reservoir': '1', 'aq': '9'}",59.73828125,-3.818,-3.218,0.4062860040285159,-1.121038098838376
"{'ar': '24000', 'sample_fmt': 's16p', 'compression_level': '6', 'reservoir': '1', 'aq': '9'}",72.03125,-3.735,-2.784,0.39786787002230994,-0.809737555653628
"{'ar': '32000', 'sample_fmt': 'fltp', 'compression_level': '6', 'reservoir': '0', 'b:a': '52k', 'abr': 'True'}",75.875,-3.531,-2.122,0.48476462898543105,-0.1381528968550263
"{'ar': '32000', 'sample_fmt': 's16p', 'compression_level': '4', 'reservoir': '0', 'aq': '9'}",90.78125,-3.544,-2.157,0.43214156600879505,-0.19937898596165946
"{'ar': '48000', 'sample_fmt': 's32p', 'compression_level': '3', 'reservoir': '1', 'b:a': '232k', 'abr': 'True'}",315.40625,-3.52,-2.095,0.6538556929735932,-0.4987157506785337
"{'ar': '32000', 'sample_fmt': 's16p', 'compression_level': '4', 'reservoir': '1', 'b:a': '136k', 'abr': 'True'}",176.6328125,-3.26,-1.575,0.5430721289885696,0.5007306553207078
"{'ar': '22050', 'sample_fmt': 's16p', 'compression_level': '8', 'reservoir': '0', 'aq': '9'}",74.423828125,-3.724,-2.735,0.38966092199552804,-0.7718619304268545
"{'ar': '11025', 'sample_fmt': 'fltp', 'compression_level': '6', 'reservoir': '0', 'aq': '9'}",52.037109375,-3.834,-3.322,0.37142648998997174,-1.1762597239110713
"{'ar': '11025', 'sample_fmt': 's16p', 'compression_level': '4', 'reservoir': '0', 'aq': '9'}",51.2119140625,-3.834,-3.322,0.4420805709960405,-1.1801652362194828
"{'ar': '32000', 'sample_fmt': 's32p', 'compression_level': '2', 'reservoir': '0', 'b:a': '168k'}",223.671875,-3.22,-1.511,0.8131857129919808,0.5190940643411096
"{'ar': '12000', 'sample_fmt': 's16p', 'compression_level': '3', 'reservoir': '1', 'b:a': '149k', 'abr': 'True'}",81.96875,-3.756,-2.877,0.4140982740209438,-0.9050604353042967
"{'ar': '48000', 'sample_fmt': 'fltp', 'compression_level': '2', 'reservoir': '0', 'b:a': '167k', 'abr': 'True'}",239.421875,-3.555,-2.183,0.6716899309831206,-0.48809651708020657
"{'ar': '16000', 'sample_fmt': 'fltp', 'compression_level': '3', 'reservoir': '0', 'aq': '9'}",65.08203125,-3.818,-3.218,0.3744910829991568,-1.1272148771079094
"{'ar': '44100', 'sample_fmt': 'fltp', 'compression_level': '3', 'reservoir': '0', 'b:a': '206k', 'abr': 'True'}",309.763671875,-2.605,-0.72,0.5280856219760608,2.085232373477687
"{'ar': '24000', 'sample_fmt': 's32p', 'compression_level': '5', 'reservoir': '1', 'b:a': '88k', 'abr': 'True'}",118.4609375,-3.731,-2.765,0.4397965809912421,-0.8716093757883261
"{'ar': '22050', 'sample_fmt': 's32p', 'compression_level': '2', 'reservoir': '1', 'b:a': '91k'}",134.1591796875,-3.705,-2.659,0.6121346630097833,-0.815379535752339
"{'ar': '48000', 'sample_fmt': 's16p', 'compression_level': '5', 'reservoir': '0', 'aq': '9'}",121.2734375,-3.336,-1.708,0.42873985701589845,0.37848503529916366
"{'ar': '22050', 'sample_fmt': 's16p', 'compression_level': '8', 'reservoir': '0', 'b:a': '275k', 'abr': 'True'}",223.35546875,-3.677,-2.554,0.3689455590210855,-0.8413706956882384
"{'ar': '32000', 'sample_fmt': 's32p', 'compression_level': '2', 'reservoir': '0', 'aq': '9'}",90.88671875,-3.54,-2.146,0.3953398459707387,-0.18403736341546134
"{'ar': '16000', 'sample_fmt': 's16p', 'compression_level': '5', 'reservoir': '1', 'aq': '9'}",60.4765625,-3.818,-3.217,0.3606765659933444,-1.1185295643497608
"{'ar': '16000', 'sample_fmt': 'fltp', 'compression_level': '2', 'reservoir': '0', 'b:a': '32k', 'abr': 'True'}",47.9609375,-3.316,-1.673,0.4075503200001549,0.5546731777660481
"{'ar': '44100', 'sample_fmt': 'fltp', 'compression_level': '3', 'reservoir': '0', 'b:a': '291k', 'abr': 'True'}",445.61328125,-2.588,-0.701,0.5364240310154855,1.9134482969653677
"{'ar': '8000', 'sample_fmt': 'fltp', 'compression_level': '4', 'reservoir': '0', 'b:a': '105k'}",91.0625,-3.858,-3.51,0.3536271220073104,-1.352440244676035
"{'ar': '24000', 'sample_fmt': 'fltp', 'compression_level': '5', 'reservoir': '0', 'b:a': '283k', 'abr': 'True'}",208.4609375,-3.661,-2.498,0.4140731890220195,-0.7659948565811093
"{'ar': '11025', 'sample_fmt': 'fltp', 'compression_level': '1', 'reservoir': '1', 'aq': '9'}",46.904296875,-3.834,-3.322,0.3606101100158412,-1.1672700067738342
"{'ar': '44100', 'sample_fmt': 's16p', 'compression_level': '8', 'reservoir': '1', 'b:a': '32k', 'abr': 'True'}",48.193359375,-3.355,-1.744,0.39680983900325373,0.44183104773978954
"{'ar': '11025', 'sample_fmt': 'fltp', 'compression_level': '9', 'reservoir': '1', 'b:a': '190k', 'abr': 'True'}",88.9091796875,-3.849,-3.439,0.3597197429917287,-1.306087603354271
"{'ar': '44100', 'sample_fmt': 's32p', 'compression_level': '5', 'reservoir': '0', 'b:a': '294k', 'abr': 'True'}",445.4091796875,-2.591,-0.705,0.5025769010244403,1.9080240666292543
"{'ar': '16000', 'sample_fmt': 's32p', 'compression_level': '6', 'reservoir': '0', 'aq': '9'}",65.609375,-3.818,-3.218,0.3587358939985279,-1.1268918293263623
"{'ar': '11025', 'sample_fmt': 's32p', 'compression_level': '1', 'reservoir': '1', 'b:a': '266k', 'abr': 'True'}",74.8427734375,-3.845,-3.408,0.4581201190012507,-1.2718164308313147
"{'ar': '8000', 'sample_fmt': 's32p', 'compression_level': '0', 'reservoir': '0', 'aq': '9'}",40.578125,-3.85,-3.441,0.37291249199188314,-1.2329034188032013
"{'ar': '48000', 'sample_fmt': 's16p', 'compression_level': '2', 'reservoir': '0', 'aq': '9'}",119.6796875,-3.336,-1.708,0.4647974199906457,0.3783630071092347
"{'ar': '32000', 'sample_fmt': 's16p', 'compression_level': '8', 'reservoir': '0', 'b:a': '211k'}",313.109375,-3.179,-1.446,0.4016634170257021,0.5228308607698281
"{'ar': '12000', 'sample_fmt': 's16p', 'compression_level': '0', 'reservoir': '0', 'aq': '9'}",55.15625,-3.768,-2.936,0.3619050440029241,-0.904990225733098
"{'ar': '11025', 'sample_fmt': 's32p', 'compression_level': '5', 'reservoir': '0', 'b:a': '198k'}",90.8935546875,-3.848,-3.431,0.36124550001113676,-1.3045131683146842
"{'ar': '32000', 'sample_fmt': 's16p', 'compression_level': '9', 'reservoir': '0', 'aq': '9'}",89.5859375,-3.514,-2.081,0.3675861690135207,-0.09882721804858366
"{'ar': '44100', 'sample_fmt': 's16p', 'compression_level': '2', 'reservoir': '0', 'b:a': '164k'}",223.037109375,-2.701,-0.826,0.7033964220318012,1.9535485283654157
"{'ar': '22050', 'sample_fmt': 'fltp', 'compression_level': '2', 'reservoir': '1', 'b:a': '32k'}",44.84765625,-3.72,-2.719,0.4488699739740696,-0.7146775059619597
"{'ar': '44100', 'sample_fmt': 's32p', 'compression_level': '1', 'reservoir': '0', 'b:a': '289k', 'abr': 'True'}",445.103515625,-2.589,-0.703,0.7979299039579928,1.891972202658633
"{'ar': '8000', 'sample_fmt': 's16p', 'compression_level': '6', 'reservoir': '1', 'b:a': '178k', 'abr': 'True'}",85.859375,-3.858,-3.509,0.5680628819973208,-1.3596719104316337
"{'ar': '32000', 'sample_fmt': 's32p', 'compression_level': '5', 'reservoir': '1', 'b:a': '279k'}",357.828125,-3.176,-1.44,0.4565722740080673,0.4562988258085624
"{'ar': '22050', 'sample_fmt': 'fltp', 'compression_level': '8', 'reservoir': '0', 'b:a': '32k'}",44.84765625,-3.716,-2.702,0.37076520299888216,-0.6942220123853068
"{'ar': '44100', 'sample_fmt': 's32p', 'compression_level': '6', 'reservoir': '0', 'b:a': '179k', 'abr': 'True'}",271.2119140625,-2.641,-0.759,0.5028016169962939,2.052436222760925
"{'ar': '16000', 'sample_fmt': 's16p', 'compression_level': '2', 'reservoir': '1', 'aq': '9'}",59.73828125,-3.818,-3.217,0.3738068040111102,-1.1183220089169779
"{'ar': '8000', 'sample_fmt': 's32p', 'compression_level': '9', 'reservoir': '1', 'b:a': '32k'}",45.359375,-3.857,-3.498,0.35959447198547423,-1.273839011008459
"{'ar': '44100', 'sample_fmt': 's16p', 'compression_level': '8', 'reservoir': '1', 'b:a': '32k'}",44.771484375,-3.291,-1.629,0.4694943999929819,0.6273126252121798
"{'ar': '22050', 'sample_fmt': 'fltp', 'compression_level': '3', 'reservoir': '0', 'b:a': '113k', 'abr': 'True'}",152.703125,-3.696,-2.623,0.46956269899965264,-0.8021056039483084
"{'ar': '8000', 'sample_fmt': 's16p', 'compression_level': '1', 'reservoir': '1', 'aq': '9'}",35.8671875,-3.85,-3.44,0.3705958469945472,-1.2248996542335862
"{'ar': '44100', 'sample_fmt': 's32p', 'compression_level': '7', 'reservoir': '1', 'aq': '9'}",97.1474609375,-3.314,-1.668,0.4460437910165638,0.47957998721577266
"{'ar': '24000', 'sample_fmt': 'fltp', 'compression_level': '4', 'reservoir': '0', 'b:a': '255k', 'abr': 'True'}",205.4140625,-3.661,-2.498,0.5342164730245713,-0.7700132032222446
"{'ar': '48000', 'sample_fmt': 's32p', 'compression_level': '3', 'reservoir': '1', 'b:a': '53k', 'abr': 'True'}",74.609375,-3.562,-2.203,0.48534559199470095,-0.23395652852519347
"{'ar': '24000', 'sample_fmt': 's16p', 'compression_level': '1', 'reservoir': '0', 'aq': '9'}",76.15625,-3.735,-2.784,0.39028810200397857,-0.8157594296050362
"{'ar': '32000', 'sample_fmt': 'fltp', 'compression_level': '9', 'reservoir': '0', 'aq': '9'}",89.62109375,-3.518,-2.09,0.3731042020372115,-0.11145004642056637
"{'ar': '8000', 'sample_fmt': 's32p', 'compression_level': '3', 'reservoir': '0', 'b:a': '314k', 'abr': 'True'}",89.234375,-3.858,-3.51,0.36689363699406385,-1.350503736768353
"{'ar': '12000', 'sample_fmt': 'fltp', 'compression_level': '1', 'reservoir': '1', 'b:a': '147k'}",90.546875,-3.761,-2.901,0.4814241689746268,-0.9429451881674474
"{'ar': '24000', 'sample_fmt': 's32p', 'compression_level': '3', 'reservoir': '0', 'b:a': '147k', 'abr': 'True'}",194.0703125,-3.662,-2.502,0.48541826600558124,-0.7518973378336848
"{'ar': '24000', 'sample_fmt': 's16p', 'compression_level': '3', 'reservoir': '1', 'b:a': '98k'}",134.234375,-3.704,-2.656,0.4591147380124312,-0.8009130644231278
"{'ar': '8000', 'sample_fmt': 's32p', 'compression_level': '1', 'reservoir': '0', 'b:a': '47k'}",68.0,-3.857,-3.499,0.4289783609856386,-1.3154096771192156
"{'ar': '32000', 'sample_fmt': 's16p', 'compression_level': '6', 'reservoir': '1', 'aq': '9'}",84.13671875,-3.544,-2.157,0.393312058004085,-0.185906541489809
"{'ar': '44100', 'sample_fmt': 's32p', 'compression_level': '8', 'reservoir': '0', 'b:a': '153k'}",223.037109375,-2.706,-0.831,0.44886378897354007,1.9591347894486455
"{'ar': '12000', 'sample_fmt': 's32p', 'compression_level': '4', 'reservoir': '0', 'aq': '9'}",55.15625,-3.769,-2.94,0.37041669798782095,-0.9092111181420113
"{'ar': '44100', 'sample_fmt': 's32p', 'compression_level': '6', 'reservoir': '1', 'aq': '9'}",105.197265625,-3.343,-1.721,0.44831017797696404,0.3822801906465768
"{'ar': '8000', 'sample_fmt': 's32p', 'compression_level': '5', 'reservoir': '0', 'b:a': '140k'}",91.34375,-3.858,-3.51,0.35241956100799143,-1.3527997710244757
"{'ar': '8000', 'sample_fmt': 's16p', 'compression_level': '9', 'reservoir': '1', 'aq': '9'}",36.8515625,-3.855,-3.486,0.36187314000562765,-1.2519864420780804
"{'ar': '48000', 'sample_fmt': 's32p', 'compression_level': '1', 'reservoir': '0', 'aq': '9'}",119.6796875,-3.337,-1.711,0.4584792139939964,0.3755536909067497
"{'ar': '44100', 'sample_fmt': 's32p', 'compression_level': '6', 'reservoir': '1', 'aq': '9'}",105.197265625,-3.343,-1.721,0.43453878100262955,0.3832980743856181
"{'ar': '16000', 'sample_fmt': 's32p', 'compression_level': '6', 'reservoir': '1', 'b:a': '135k'}",179.515625,-3.768,-2.933,0.39701887901173905,-1.1050750687843323
"{'ar': '48000', 'sample_fmt': 's32p', 'compression_level': '8', 'reservoir': '0', 'b:a': '39k', 'abr': 'True'}",63.2421875,-3.462,-1.961,0.42702243803068995,0.09782724162712444
"{'ar': '16000', 'sample_fmt': 's16p', 'compression_level': '2', 'reservoir': '1', 'b:a': '112k', 'abr': 'True'}",120.06640625,-3.737,-2.789,0.488664329983294,-0.8993337507936575
"{'ar': '24000', 'sample_fmt': 's16p', 'compression_level': '5', 'reservoir': '0', 'b:a': '32k'}",44.890625,-3.712,-2.686,0.4041049659717828,-0.682387728423104
"{'ar': '11025', 'sample_fmt': 's16p', 'compression_level': '1', 'reservoir': '0', 'aq': '9'}",51.2119140625,-3.834,-3.322,0.36738630101899616,-1.1746443669169069
"{'ar': '48000', 'sample_fmt': 's16p', 'compression_level': '9', 'reservoir': '0', 'aq': '9'}",110.375,-3.35,-1.735,0.3979765310068615,0.3570125858527424
"{'ar': '44100', 'sample_fmt': 's16p', 'compression_level': '7', 'reservoir': '0', 'aq': '9'}",103.8486328125,-3.315,-1.67,0.4154602610215079,0.4681868268377077
"{'ar': '48000', 'sample_fmt': 's32p', 'compression_level': '8', 'reservoir': '1', 'aq': '9'}",102.0546875,-3.349,-1.733,0.4690847779856995,0.3679940527031273
"{'ar': '44100', 'sample_fmt': 's16p', 'compression_level': '8', 'reservoir': '0', 'b:a': '69k'}",89.2607421875,-3.501,-2.05,0.6520145110262092,-0.07926283338933424
"{'ar': '24000', 'sample_fmt': 's16p', 'compression_level': '1', 'reservoir': '1', 'b:a': '176k'}",223.671875,-3.663,-2.505,0.8270522069942672,-0.8276589681353692
"{'ar': '11025', 'sample_fmt': 'fltp', 'compression_level': '8', 'reservoir': '0', 'b:a': '125k'}",90.689453125,-3.85,-3.442,0.46751331601990387,-1.320171970154732
"{'ar': '22050', 'sample_fmt': 'fltp', 'compression_level': '1', 'reservoir': '0', 'aq': '9'}",75.0888671875,-3.731,-2.763,0.5086046830110718,-0.8068569870489883
"{'ar': '12000', 'sample_fmt': 's16p', 'compression_level': '9', 'reservoir': '0', 'b:a': '232k', 'abr': 'True'}",90.640625,-3.741,-2.806,0.45943449102924205,-0.8649021555524555
"{'ar': '24000', 'sample_fmt': 's16p', 'compression_level': '6', 'reservoir': '1', 'aq': '9'}",72.03125,-3.735,-2.784,0.4248301140323747,-0.8117304130084088
"{'ar': '24000', 'sample_fmt': 's32p', 'compression_level': '6', 'reservoir': '1', 'b:a': '68k'}",89.515625,-3.773,-2.96,0.5223288060224149,-0.9908943390899204
"{'ar': '16000', 'sample_fmt': 's16p', 'compression_level': '2', 'reservoir': '1', 'aq': '9'}",59.73828125,-3.818,-3.217,0.4414226259686984,-1.123319689675205
"{'ar': '11025', 'sample_fmt': 'fltp', 'compression_level': '5', 'reservoir': '0', 'b:a': '243k', 'abr': 'True'}",87.9443359375,-3.848,-3.431,0.4329230099974666,-1.3051050961915522
"{'ar': '11025', 'sample_fmt': 's16p', 'compression_level': '9', 'reservoir': '1', 'aq': '9'}",47.0693359375,-3.841,-3.373,0.39841877901926637,-1.2027258454170031
"{'ar': '11025', 'sample_fmt': 'fltp', 'compression_level': '0', 'reservoir': '0', 'aq': '9'}",51.1103515625,-3.834,-3.322,0.4153370939893648,-1.1780264888793062
"{'ar': '16000', 'sample_fmt': 'fltp', 'compression_level': '9', 'reservoir': '0', 'b:a': '225k', 'abr': 'True'}",223.70703125,-3.766,-2.922,0.38758787198457867,-1.1667627405418404
"{'ar': '11025', 'sample_fmt': 's16p', 'compression_level': '4', 'reservoir': '1', 'b:a': '34k', 'abr': 'True'}",46.7265625,-3.843,-3.393,0.46010814697365277,-1.2177075772366754
"{'ar': '22050', 'sample_fmt': 'fltp', 'compression_level': '4', 'reservoir': '0', 'aq': '9'}",75.0888671875,-3.731,-2.763,0.6710746749886312,-0.818865613568457
"{'ar': '11025', 'sample_fmt': 's16p', 'compression_level': '4', 'reservoir': '1', 'b:a': '266k'}",90.8935546875,-3.848,-3.427,0.4693310320144519,-1.3112402486349555
"{'ar': '8000', 'sample_fmt': 'fltp', 'compression_level': '0', 'reservoir': '1', 'b:a': '181k', 'abr': 'True'}",65.6796875,-3.857,-3.5,0.5250093029753771,-1.3191206193708565
"{'ar': '32000', 'sample_fmt': 'fltp', 'compression_level': '2', 'reservoir': '1', 'b:a': '224k'}",313.109375,-3.174,-1.438,0.5978498710028362,0.5225035095828982
"{'ar': '48000', 'sample_fmt': 's16p', 'compression_level': '3', 'reservoir': '0', 'aq': '9'}",119.6796875,-3.336,-1.708,0.49535052804276347,0.3761047386182907
"{'ar': '44100', 'sample_fmt': 'fltp', 'compression_level': '5', 'reservoir': '1', 'b:a': '80k'}",111.5576171875,-3.416,-1.864,0.5213687079958618,0.15153522121268304
"{'ar': '44100', 'sample_fmt': 's16p', 'compression_level': '4', 'reservoir': '1', 'b:a': '174k'}",223.037109375,-2.664,-0.784,0.5433352790132631,2.0648360630293983
"{'ar': '8000', 'sample_fmt': 's32p', 'compression_level': '8', 'reservoir': '0', 'aq': '9'}",43.4609375,-3.855,-3.486,0.3733298569859471,-1.2633795868953064
"{'ar': '22050', 'sample_fmt': 's32p', 'compression_level': '0', 'reservoir': '0', 'b:a': '32k', 'abr': 'True'}",49.7177734375,-3.69,-2.603,0.5965194189921021,-0.6268704661749213
"{'ar': '44100', 'sample_fmt': 's16p', 'compression_level': '8', 'reservoir': '0', 'b:a': '204k', 'abr': 'True'}",311.4013671875,-2.612,-0.728,0.4245549720071722,2.071438178364587
"{'ar': '24000', 'sample_fmt': 'fltp', 'compression_level': '1', 'reservoir': '0', 'b:a': '206k', 'abr': 'True'}",183.8984375,-3.667,-2.52,0.6922174269857351,-0.7682795009204908
"{'ar': '16000', 'sample_fmt': 'fltp', 'compression_level': '2', 'reservoir': '1', 'b:a': '64k'}",89.796875,-3.827,-3.276,0.7801805579802021,-1.2359031880017162
"{'ar': '22050', 'sample_fmt': 's16p', 'compression_level': '9', 'reservoir': '1', 'aq': '9'}",70.03125,-3.724,-2.735,0.6705825469980482,-0.7856165779275873
"{'ar': '8000', 'sample_fmt': 's16p', 'compression_level': '6', 'reservoir': '1', 'aq': '9'}",36.359375,-3.85,-3.44,0.4387914209801238,-1.230725552313164
"{'ar': '32000', 'sample_fmt': 's16p', 'compression_level': '4', 'reservoir': '1', 'b:a': '194k'}",268.390625,-3.173,-1.436,0.6179202270286623,0.5953370328950133
"{'ar': '48000', 'sample_fmt': 's32p', 'compression_level': '1', 'reservoir': '1', 'b:a': '59k'}",78.1953125,-3.597,-2.299,0.8788007279799785,-0.38059171946840975
"{'ar': '12000', 'sample_fmt': 'fltp', 'compression_level': '0', 'reservoir': '0', 'b:a': '192k', 'abr': 'True'}",73.15625,-3.767,-2.93,0.6680700849974528,-0.9521190431374228
"{'ar': '32000', 'sample_fmt': 's32p', 'compression_level': '1', 'reservoir': '0', 'b:a': '32k', 'abr': 'True'}",51.3359375,-3.291,-1.628,1.2451758090173826,0.559820564043099
"{'ar': '48000', 'sample_fmt': 's16p', 'compression_level': '8', 'reservoir': '1', 'aq': '9'}",102.0546875,-3.35,-1.735,0.44334632001118734,0.36693560184219626
"{'ar': '22050', 'sample_fmt': 's16p', 'compression_level': '9', 'reservoir': '1', 'b:a': '297k', 'abr': 'True'}",219.69921875,-3.677,-2.553,0.3869167150114663,-0.8365493886212123
"{'ar': '8000', 'sample_fmt': 's32p', 'compression_level': '0', 'reservoir': '0', 'aq': '8'}",40.9296875,-3.849,-3.433,0.36405719103640877,-1.2279562686587955
"{'ar': '11025', 'sample_fmt': 'fltp', 'compression_level': '4', 'reservoir': '1', 'b:a': '52k', 'abr': 'True'}",67.62890625,-3.846,-3.409,0.39215292601147667,-1.2580750886958183
"{'ar': '12000', 'sample_fmt': 's16p', 'compression_level': '9', 'reservoir': '0', 'b:a': '195k', 'abr': 'True'}",90.640625,-3.741,-2.806,0.3625943310034927,-0.8577444195319145
"{'ar': '8000', 'sample_fmt': 'fltp', 'compression_level': '7', 'reservoir': '1', 'b:a': '286k'}",91.484375,-3.858,-3.511,0.3383056219900027,-1.352296417757101
"{'ar': '8000', 'sample_fmt': 'fltp', 'compression_level': '4', 'reservoir': '1', 'b:a': '181k'}",91.484375,-3.858,-3.511,0.3531194639799651,-1.3533913516191058
"{'ar': '16000', 'sample_fmt': 's32p', 'compression_level': '2', 'reservoir': '1', 'aq': '9'}",59.73828125,-3.818,-3.218,0.40240597500815056,-1.1207513146832027
"{'ar': '11025', 'sample_fmt': 'fltp', 'compression_level': '6', 'reservoir': '1', 'b:a': '203k', 'abr': 'True'}",83.4248046875,-3.848,-3.431,0.37795223799184896,-1.2938303915522562
"{'ar': '16000', 'sample_fmt': 's32p', 'compression_level': '6', 'reservoir': '0', 'b:a': '180k', 'abr': 'True'}",220.05078125,-3.765,-2.921,0.37938591599231586,-1.157676965310902
"{'ar': '16000', 'sample_fmt': 'fltp', 'compression_level': '3', 'reservoir': '0', 'b:a': '267k', 'abr': 'True'}",218.15234375,-3.765,-2.921,0.40582519402960315,-1.1566018992116607
"{'ar': '16000', 'sample_fmt': 'fltp', 'compression_level': '2', 'reservoir': '1', 'b:a': '64k'}",89.796875,-3.827,-3.276,0.4864070500188973,-1.214189539250452
"{'ar': '8000', 'sample_fmt': 's32p', 'compression_level': '6', 'reservoir': '1', 'b:a': '295k'}",91.484375,-3.858,-3.512,0.36207718000514433,-1.3543689006997726
"{'ar': '12000', 'sample_fmt': 's16p', 'compression_level': '4', 'reservoir': '0', 'b:a': '173k', 'abr': 'True'}",86.46875,-3.761,-2.898,0.3986916549911257,-0.9293764940740671
"{'ar': '44100', 'sample_fmt': 'fltp', 'compression_level': '9', 'reservoir': '1', 'aq': '9'}",97.1474609375,-3.314,-1.668,0.40075815602904186,0.4829271793381016
"{'ar': '22050', 'sample_fmt': 's16p', 'compression_level': '3', 'reservoir': '0', 'b:a': '275k', 'abr': 'True'}",207.279296875,-3.675,-2.547,0.4410245150211267,-0.8141779965627811
"{'ar': '22050', 'sample_fmt': 's32p', 'compression_level': '7', 'reservoir': '1', 'b:a': '80k'}",111.8125,-3.74,-2.803,0.37414332799380645,-0.8891049378133495
"{'ar': '24000', 'sample_fmt': 'fltp', 'compression_level': '5', 'reservoir': '0', 'b:a': '283k'}",223.671875,-3.66,-2.496,0.4652724569896236,-0.7910898423620784
"{'ar': '11025', 'sample_fmt': 's32p', 'compression_level': '0', 'reservoir': '0', 'b:a': '32k', 'abr': 'True'}",48.166015625,-3.818,-3.218,0.5201770920248237,-1.1109906635245792
"{'ar': '48000', 'sample_fmt': 's32p', 'compression_level': '3', 'reservoir': '1', 'aq': '9'}",109.1796875,-3.337,-1.711,0.43384768601390533,0.3941287566829196
"{'ar': '12000', 'sample_fmt': 's32p', 'compression_level': '6', 'reservoir': '0', 'b:a': '180k', 'abr': 'True'}",88.109375,-3.76,-2.894,0.38972421901416965,-0.92773980074769
"{'ar': '48000', 'sample_fmt': 's16p', 'compression_level': '4', 'reservoir': '0', 'b:a': '37k', 'abr': 'True'}",60.59375,-3.46,-1.957,0.5559577840031125,0.09844498497462115
"{'ar': '8000', 'sample_fmt': 's16p', 'compression_level': '4', 'reservoir': '1', 'b:a': '178k', 'abr': 'True'}",84.3828125,-3.858,-3.51,0.38071322403266095,-1.3437837158027008
"{'ar': '11025', 'sample_fmt': 'fltp', 'compression_level': '4', 'reservoir': '0', 'b:a': '243k', 'abr': 'True'}",86.3701171875,-3.848,-3.431,0.39064033899921924,-1.2994679366703157
"{'ar': '48000', 'sample_fmt': 's32p', 'compression_level': '3', 'reservoir': '1', 'aq': '9'}",109.1796875,-3.337,-1.711,0.4564661150216125,0.39245696324522317
"{'ar': '32000', 'sample_fmt': 's32p', 'compression_level': '1', 'reservoir': '0', 'b:a': '263k'}",357.828125,-3.179,-1.445,0.7027712440176401,0.4295344430571626
"{'ar': '44100', 'sample_fmt': 'fltp', 'compression_level': '6', 'reservoir': '1', 'b:a': '32k'}",44.771484375,-3.292,-1.63,0.4619946769962553,0.6252215551616126
"{'ar': '22050', 'sample_fmt': 's32p', 'compression_level': '7', 'reservoir': '0', 'b:a': '274k', 'abr': 'True'}",223.35546875,-3.676,-2.552,0.3761885940039065,-0.8389451946765479
"{'ar': '32000', 'sample_fmt': 'fltp', 'compression_level': '9', 'reservoir': '0', 'aq': '9'}",89.62109375,-3.518,-2.09,0.3797858640027698,-0.11194390736126741
"{'ar': '11025', 'sample_fmt': 's16p', 'compression_level': '9', 'reservoir': '0', 'aq': '9'}",53.1025390625,-3.841,-3.373,0.35277762604528107,-1.2089793446286121
"{'ar': '48000', 'sample_fmt': 's16p', 'compression_level': '4', 'reservoir': '0', 'b:a': '37k', 'abr': 'True'}",60.59375,-3.46,-1.957,0.48452645097859204,0.10372468117967623
"{'ar': '48000', 'sample_fmt': 's32p', 'compression_level': '3', 'reservoir': '1', 'aq': '9'}",109.1796875,-3.337,-1.711,0.4463726069952827,0.39320300358586774
"{'ar': '32000', 'sample_fmt': 's32p', 'compression_level': '1', 'reservoir': '0', 'b:a': '263k'}",357.828125,-3.179,-1.445,0.6820244330156129,0.43106789980053317
"{'ar': '8000', 'sample_fmt': 's32p', 'compression_level': '4', 'reservoir': '0', 'aq': '9'}",40.578125,-3.85,-3.441,0.36094283798593096,-1.2320187070925945
"{'ar': '48000', 'sample_fmt': 's32p', 'compression_level': '2', 'reservoir': '1', 'aq': '9'}",109.1796875,-3.337,-1.711,0.45465218799654394,0.39259103583248983
"{'ar': '48000', 'sample_fmt': 's32p', 'compression_level': '2', 'reservoir': '1', 'aq': '9'}",109.1796875,-3.337,-1.711,0.44485479398281313,0.39331518953092304
"{'ar': '11025', 'sample_fmt': 's16p', 'compression_level': '9', 'reservoir': '0', 'b:a': '263k'}",90.8935546875,-3.85,-3.442,0.46591057401383296,-1.320379184501966
"{'ar': '48000', 'sample_fmt': 's32p', 'compression_level': '2', 'reservoir': '1', 'aq': '9'}",109.1796875,-3.337,-1.711,0.4536010739975609,0.39266872670505976
"{'ar': '32000', 'sample_fmt': 'fltp', 'compression_level': '3', 'reservoir': '1', 'aq': '9'}",83.046875,-3.54,-2.146,0.42706198399537243,-0.17387227709027084
"{'ar': '48000', 'sample_fmt': 's16p', 'compression_level': '4', 'reservoir': '0', 'aq': '9'}",119.6796875,-3.336,-1.708,0.4419135900097899,0.3800544170996597
"{'ar': '11025', 'sample_fmt': 'fltp', 'compression_level': '6', 'reservoir': '0', 'aq': '9'}",52.037109375,-3.834,-3.322,0.3610812369734049,-1.1754950763708503
"{'ar': '32000', 'sample_fmt': 's32p', 'compression_level': '1', 'reservoir': '0', 'b:a': '253k'}",357.828125,-3.179,-1.445,0.6980005410441663,0.42988705949756767
"{'ar': '12000', 'sample_fmt': 'fltp', 'compression_level': '7', 'reservoir': '1', 'b:a': '306k', 'abr': 'True'}",88.53125,-3.742,-2.811,0.43016126300790347,-0.8632798615405176
"{'ar': '44100', 'sample_fmt': 's16p', 'compression_level': '4', 'reservoir': '1', 'b:a': '37k'}",55.8935546875,-3.305,-1.654,0.5537393919948954,0.5628331505612202
"{'ar': '16000', 'sample_fmt': 's16p', 'compression_level': '3', 'reservoir': '0', 'aq': '9'}",65.1171875,-3.818,-3.217,0.43751349303056486,-1.1316136846947364
"{'ar': '44100', 'sample_fmt': 'fltp', 'compression_level': '9', 'reservoir': '1', 'aq': '9'}",97.1474609375,-3.314,-1.668,0.480404252972221,0.4770403061975149
"{'ar': '22050', 'sample_fmt': 's16p', 'compression_level': '4', 'reservoir': '0', 'b:a': '139k', 'abr': 'True'}",182.412109375,-3.676,-2.551,0.6554169369919691,-0.7939364403914788
"{'ar': '48000', 'sample_fmt': 's32p', 'compression_level': '6', 'reservoir': '0', 'b:a': '180k', 'abr': 'True'}",271.296875,-3.541,-2.147,0.6032820719992742,-0.48992647151261354
"{'ar': '44100', 'sample_fmt': 'fltp', 'compression_level': '9', 'reservoir': '1', 'aq': '9'}",97.1474609375,-3.314,-1.668,0.42253298801369965,0.4813177385937206
"{'ar': '32000', 'sample_fmt': 'fltp', 'compression_level': '1', 'reservoir': '0', 'b:a': '291k', 'abr': 'True'}",402.96875,-3.174,-1.437,0.7274531729926821,0.36985418916238844
"{'ar': '44100', 'sample_fmt': 's32p', 'compression_level': '9', 'reservoir': '1', 'aq': '9'}",97.1474609375,-3.314,-1.668,0.4193627359927632,0.4815520610801603
"{'ar': '16000', 'sample_fmt': 's16p', 'compression_level': '3', 'reservoir': '0', 'aq': '9'}",65.1171875,-3.818,-3.217,0.37396251800237224,-1.1269164485173195
"{'ar': '44100', 'sample_fmt': 'fltp', 'compression_level': '9', 'reservoir': '1', 'aq': '9'}",97.1474609375,-3.314,-1.668,0.40011848602443933,0.4829744591962925
"{'ar': '44100', 'sample_fmt': 'fltp', 'compression_level': '8', 'reservoir': '1', 'b:a': '32k', 'abr': 'True'}",48.16796875,-3.35,-1.734,0.41363189998082817,0.4554324688020379
"{'ar': '44100', 'sample_fmt': 's32p', 'compression_level': '6', 'reservoir': '0', 'b:a': '182k', 'abr': 'True'}",271.62109375,-2.637,-0.755,0.5610688399756327,2.0580581954005788
"{'ar': '32000', 'sample_fmt': 'fltp', 'compression_level': '1', 'reservoir': '0', 'b:a': '291k'}",447.265625,-3.174,-1.437,0.8381835829641204,0.29098682898279077
"{'ar': '44100', 'sample_fmt': 'fltp', 'compression_level': '0', 'reservoir': '0', 'b:a': '153k'}",223.037109375,-2.693,-0.817,1.422162039030809,1.9219011133107753
"{'ar': '44100', 'sample_fmt': 'fltp', 'compression_level': '6', 'reservoir': '1', 'aq': '9'}",105.197265625,-3.343,-1.721,0.49981090700021014,0.3784736229672608
"{'ar': '48000', 'sample_fmt': 's32p', 'compression_level': '4', 'reservoir': '1', 'aq': '9'}",109.1796875,-3.337,-1.711,0.5290888650342822,0.38708920596830193
"{'ar': '32000', 'sample_fmt': 's32p', 'compression_level': '1', 'reservoir': '0', 'b:a': '32k', 'abr': 'True'}",51.3359375,-3.291,-1.628,0.7654166699794587,0.5952809481416222
"{'ar': '44100', 'sample_fmt': 's32p', 'compression_level': '8', 'reservoir': '0', 'b:a': '150k'}",223.037109375,-2.706,-0.831,0.4559707569715101,1.958609492910284
"{'ar': '44100', 'sample_fmt': 's32p', 'compression_level': '7', 'reservoir': '0', 'aq': '9'}",103.8740234375,-3.314,-1.668,0.40868028200929984,0.4716082944077463
"{'ar': '44100', 'sample_fmt': 'fltp', 'compression_level': '9', 'reservoir': '1', 'aq': '9'}",97.1474609375,-3.314,-1.668,0.4566297580022365,0.47879754781061823
"{'ar': '48000', 'sample_fmt': 's32p', 'compression_level': '3', 'reservoir': '1', 'aq': '9'}",109.1796875,-3.337,-1.711,0.4601089969801251,0.3921877073145629
"{'ar': '11025', 'sample_fmt': 'fltp', 'compression_level': '2', 'reservoir': '0', 'aq': '9'}",51.1103515625,-3.834,-3.322,0.6240981589944568,-1.193456622351578
"{'ar': '32000', 'sample_fmt': 's16p', 'compression_level': '8', 'reservoir': '0', 'b:a': '211k'}",313.109375,-3.179,-1.446,0.5449290680116974,0.5122416825787134
"{'ar': '44100', 'sample_fmt': 'fltp', 'compression_level': '9', 'reservoir': '1', 'aq': '9'}",97.1474609375,-3.314,-1.668,0.6379437359864824,0.46539610784087476
"{'ar': '48000', 'sample_fmt': 's32p', 'compression_level': '3', 'reservoir': '0', 'aq': '9'}",119.6796875,-3.337,-1.711,0.5614910120202694,0.36793979129033744
"{'ar': '44100', 'sample_fmt': 'fltp', 'compression_level': '4', 'reservoir': '1', 'b:a': '81k', 'abr': 'True'}",107.7158203125,-3.439,-1.913,0.5885104709886946,0.08365676655638535
"{'ar': '32000', 'sample_fmt': 's32p', 'compression_level': '2', 'reservoir': '1', 'b:a': '224k'}",313.109375,-3.175,-1.438,0.6254951489972882,0.518130229375634
"{'ar': '48000', 'sample_fmt': 's32p', 'compression_level': '3', 'reservoir': '1', 'aq': '9'}",109.1796875,-3.337,-1.711,0.4614173569716513,0.39209100264744245
"{'ar': '22050', 'sample_fmt': 's32p', 'compression_level': '2', 'reservoir': '1', 'b:a': '239k'}",223.546875,-3.673,-2.541,0.6809332980192266,-0.8513153204011477
"{'ar': '11025', 'sample_fmt': 'fltp', 'compression_level': '3', 'reservoir': '1', 'aq': '9'}",46.904296875,-3.834,-3.322,0.37601715498021804,-1.168408785981575
"{'ar': '44100', 'sample_fmt': 'fltp', 'compression_level': '6', 'reservoir': '1', 'b:a': '65k', 'abr': 'True'}",88.6865234375,-3.472,-1.984,0.5837647389853373,0.015086417221404146
"{'ar': '44100', 'sample_fmt': 'fltp', 'compression_level': '0', 'reservoir': '1', 'b:a': '153k'}",223.037109375,-2.7,-0.825,1.5665996879979502,1.8923920772348088
"{'ar': '48000', 'sample_fmt': 's32p', 'compression_level': '8', 'reservoir': '1', 'aq': '9'}",102.0546875,-3.349,-1.733,0.4581615659990348,0.36880141886068185
"{'ar': '44100', 'sample_fmt': 'fltp', 'compression_level': '7', 'reservoir': '1', 'aq': '9'}",97.1474609375,-3.314,-1.668,0.5761248039780185,0.46996532371444116
"{'ar': '44100', 'sample_fmt': 'fltp', 'compression_level': '7', 'reservoir': '0', 'aq': '9'}",103.8740234375,-3.314,-1.668,0.4307519579597283,0.46997691306820616
"{'ar': '32000', 'sample_fmt': 's32p', 'compression_level': '1', 'reservoir': '0', 'b:a': '32k', 'abr': 'True'}",51.3359375,-3.291,-1.628,0.7149837650067639,0.5990085898601778
"{'ar': '48000', 'sample_fmt': 's32p', 'compression_level': '3', 'reservoir': '1', 'aq': '9'}",109.1796875,-3.337,-1.711,0.4613435069913976,0.39209646111285223
"{'ar': '48000', 'sample_fmt': 's32p', 'compression_level': '8', 'reservoir': '1', 'b:a': '150k'}",223.203125,-3.589,-2.276,0.5308128039760049,-0.5603597146936693
"{'ar': '44100', 'sample_fmt': 'fltp', 'compression_level': '9', 'reservoir': '1', 'b:a': '42k', 'abr': 'True'}",60.5615234375,-3.312,-1.665,0.5116690769791603,0.5387145692190242
"{'ar': '44100', 'sample_fmt': 'fltp', 'compression_level': '9', 'reservoir': '1', 'aq': '9'}",97.1474609375,-3.314,-1.668,0.605479974008631,0.46779559828377937
"{'ar': '44100', 'sample_fmt': 's16p', 'compression_level': '4', 'reservoir': '0', 'b:a': '36k', 'abr': 'True'}",58.30078125,-3.249,-1.557,0.5454524619854055,0.7206805197733182
"{'ar': '32000', 'sample_fmt': 's32p', 'compression_level': '1', 'reservoir': '0', 'b:a': '292k', 'abr': 'True'}",404.9375,-3.173,-1.437,0.7786043219966814,0.365261933093857
"{'ar': '44100', 'sample_fmt': 's32p', 'compression_level': '6', 'reservoir': '0', 'aq': '9'}",115.111328125,-3.343,-1.721,0.6344359100039583,0.35270358138703084
"{'ar': '22050', 'sample_fmt': 's32p', 'compression_level': '1', 'reservoir': '1', 'b:a': '295k'}",223.546875,-3.676,-2.549,0.8048348559823353,-0.8699867233085788
"{'ar': '44100', 'sample_fmt': 's32p', 'compression_level': '6', 'reservoir': '1', 'b:a': '32k'}",44.771484375,-3.292,-1.63,0.6248550859745592,0.6131840717936163
"{'ar': '44100', 'sample_fmt': 's32p', 'compression_level': '6', 'reservoir': '0', 'b:a': '174k', 'abr': 'True'}",265.310546875,-2.656,-0.775,0.6115754400088917,2.013816635892973
"{'ar': '44100', 'sample_fmt': 's32p', 'compression_level': '4', 'reservoir': '0', 'aq': '9'}",112.5185546875,-3.343,-1.721,0.6798493399983272,0.3534841403756016
"{'ar': '8000', 'sample_fmt': 's32p', 'compression_level': '0', 'reservoir': '0', 'aq': '9'}",40.578125,-3.85,-3.441,0.4120675770100206,-1.2357974842647532
"{'ar': '44100', 'sample_fmt': 's16p', 'compression_level': '8', 'reservoir': '0', 'b:a': '211k'}",312.220703125,-2.606,-0.722,0.5989228179969359,2.0731151391963696
"{'ar': '32000', 'sample_fmt': 's32p', 'compression_level': '6', 'reservoir': '0', 'b:a': '183k', 'abr': 'True'}",272.890625,-3.18,-1.447,0.5009560689795762,0.5770220936661106
"{'ar': '44100', 'sample_fmt': 's32p', 'compression_level': '6', 'reservoir': '1', 'b:a': '182k', 'abr': 'True'}",251.7060546875,-2.637,-0.755,0.5801579889957793,2.088424984229583
"{'ar': '48000', 'sample_fmt': 's16p', 'compression_level': '2', 'reservoir': '0', 'b:a': '52k', 'abr': 'True'}",78.96875,-3.559,-2.195,0.5461580280389171,-0.23589397099283174
"{'ar': '44100', 'sample_fmt': 's16p', 'compression_level': '8', 'reservoir': '0', 'b:a': '211k'}",312.220703125,-2.606,-0.722,0.4848226440080907,2.0815486127169915
"{'ar': '48000', 'sample_fmt': 'fltp', 'compression_level': '2', 'reservoir': '0', 'b:a': '167k', 'abr': 'True'}",239.421875,-3.555,-2.183,0.7793184420152102,-0.4960516512936026
"{'ar': '44100', 'sample_fmt': 's16p', 'compression_level': '8', 'reservoir': '1', 'b:a': '211k'}",312.220703125,-2.602,-0.717,0.49175547499908134,2.091933230538902
"{'ar': '44100', 'sample_fmt': 'fltp', 'compression_level': '7', 'reservoir': '0', 'b:a': '45k', 'abr': 'True'}",69.9130859375,-3.314,-1.669,0.44277418800629675,0.5229631229031712
"{'ar': '32000', 'sample_fmt': 's32p', 'compression_level': '1', 'reservoir': '0', 'b:a': '282k'}",357.828125,-3.179,-1.445,0.8632693430117797,0.41767156484534157
"{'ar': '44100', 'sample_fmt': 's16p', 'compression_level': '2', 'reservoir': '0', 'b:a': '167k'}",223.037109375,-2.701,-0.826,0.8861251409980468,1.9400425208021872
"{'ar': '32000', 'sample_fmt': 'fltp', 'compression_level': '1', 'reservoir': '0', 'b:a': '291k', 'abr': 'True'}",402.96875,-3.174,-1.437,0.7286575389734935,0.369765170993062
"{'ar': '44100', 'sample_fmt': 'fltp', 'compression_level': '9', 'reservoir': '1', 'aq': '9'}",97.1474609375,-3.314,-1.668,0.8225433130282909,0.45175181975195106
"{'ar': '48000', 'sample_fmt': 's32p', 'compression_level': '1', 'reservoir': '0', 'aq': '9'}",119.6796875,-3.337,-1.711,0.582349930977216,0.36639804832411366
"{'ar': '44100', 'sample_fmt': 's16p', 'compression_level': '8', 'reservoir': '0', 'b:a': '210k'}",312.220703125,-2.606,-0.722,0.618191654997645,2.0716909237816363
"{'ar': '48000', 'sample_fmt': 's32p', 'compression_level': '2', 'reservoir': '1', 'aq': '9'}",109.1796875,-3.337,-1.711,0.6466884489927907,0.3783970809462383
"{'ar': '32000', 'sample_fmt': 'fltp', 'compression_level': '1', 'reservoir': '0', 'b:a': '291k'}",447.265625,-3.174,-1.437,0.8332027780124918,0.2913549746674332
"{'ar': '48000', 'sample_fmt': 's32p', 'compression_level': '1', 'reservoir': '0', 'aq': '9'}",119.6796875,-3.337,-1.711,0.5536491319944616,0.3685194073000029
"{'ar': '32000', 'sample_fmt': 's32p', 'compression_level': '1', 'reservoir': '0', 'b:a': '264k'}",357.828125,-3.179,-1.445,0.9153131639759522,0.4138248556715567
"{'ar': '32000', 'sample_fmt': 's32p', 'compression_level': '1', 'reservoir': '0', 'b:a': '284k'}",357.828125,-3.179,-1.445,0.8101534790184814,0.421597511816783
"{'ar': '32000', 'sample_fmt': 's32p', 'compression_level': '5', 'reservoir': '0', 'aq': '9'}",92.75,-3.54,-2.146,0.44584604300325736,-0.19074359430607135
"{'ar': '44100', 'sample_fmt': 'fltp', 'compression_level': '6', 'reservoir': '1', 'b:a': '48k'}",67.015625,-3.345,-1.725,0.5775174879818223,0.427733488342729
"{'ar': '32000', 'sample_fmt': 's32p', 'compression_level': '1', 'reservoir': '0', 'b:a': '32k', 'abr': 'True'}",51.3359375,-3.291,-1.628,0.8666806860128418,0.5877962321420404
"{'ar': '32000', 'sample_fmt': 'fltp', 'compression_level': '1', 'reservoir': '0', 'b:a': '291k'}",447.265625,-3.174,-1.437,0.7914036389847752,0.2944444698001007
"{'ar': '48000', 'sample_fmt': 's32p', 'compression_level': '5', 'reservoir': '0', 'aq': '9'}",121.0390625,-3.337,-1.711,0.5131673619907815,0.36934242530631756
"{'ar': '44100', 'sample_fmt': 's32p', 'compression_level': '0', 'reservoir': '0', 'b:a': '150k'}",223.037109375,-2.693,-0.817,1.2641978350002319,1.9335767040248462
"{'ar': '32000', 'sample_fmt': 'fltp', 'compression_level': '1', 'reservoir': '0', 'b:a': '291k'}",447.265625,-3.174,-1.437,0.8319047980185132,0.29145091211894475
"{'ar': '44100', 'sample_fmt': 's16p', 'compression_level': '2', 'reservoir': '0', 'b:a': '164k'}",223.037109375,-2.701,-0.826,0.817673031007871,1.9451020140251274
"{'ar': '32000', 'sample_fmt': 's32p', 'compression_level': '6', 'reservoir': '0', 'b:a': '285k', 'abr': 'True'}",421.671875,-3.174,-1.437,0.5207677680300549,0.35528698999461256
"{'ar': '44100', 'sample_fmt': 's16p', 'compression_level': '8', 'reservoir': '1', 'b:a': '211k'}",312.220703125,-2.602,-0.717,0.4609335440036375,2.094211368510277
"{'ar': '32000', 'sample_fmt': 's32p', 'compression_level': '2', 'reservoir': '1', 'b:a': '224k'}",313.109375,-3.175,-1.438,0.6149440699955449,0.518910090109097
"{'ar': '44100', 'sample_fmt': 'fltp', 'compression_level': '9', 'reservoir': '1', 'aq': '9'}",97.1474609375,-3.314,-1.668,0.4465090370213147,0.47954559953936104
"{'ar': '44100', 'sample_fmt': 's16p', 'compression_level': '0', 'reservoir': '0', 'b:a': '167k'}",223.037109375,-2.687,-0.81,1.1776243879867252,1.95616343350606
"{'ar': '32000', 'sample_fmt': 'fltp', 'compression_level': '9', 'reservoir': '0', 'b:a': '44k', 'abr': 'True'}",65.046875,-3.42,-1.871,0.4311003670154605,0.22089480006234652
"{'ar': '44100', 'sample_fmt': 's32p', 'compression_level': '6', 'reservoir': '1', 'b:a': '218k'}",312.220703125,-2.595,-0.709,0.5600346889987122,2.105719748686056
"{'ar': '44100', 'sample_fmt': 's16p', 'compression_level': '8', 'reservoir': '1', 'b:a': '211k'}",312.220703125,-2.602,-0.717,0.4570092360081617,2.0945014254524326
"{'ar': '32000', 'sample_fmt': 's32p', 'compression_level': '1', 'reservoir': '0', 'b:a': '206k'}",268.390625,-3.186,-1.457,0.6879366270150058,0.5532481000184007
"{'ar': '44100', 'sample_fmt': 's32p', 'compression_level': '7', 'reservoir': '1', 'b:a': '207k'}",267.6279296875,-2.63,-0.747,0.43381755499285646,2.0926686882250394
"{'ar': '32000', 'sample_fmt': 'fltp', 'compression_level': '1', 'reservoir': '0', 'b:a': '291k', 'abr': 'True'}",402.96875,-3.174,-1.437,0.6958315950178076,0.3721914313523737
"{'ar': '32000', 'sample_fmt': 'fltp', 'compression_level': '1', 'reservoir': '1', 'b:a': '291k', 'abr': 'True'}",359.515625,-3.173,-1.437,0.6913160150288604,0.4441917423942045
"{'ar': '32000', 'sample_fmt': 's32p', 'compression_level': '1', 'reservoir': '0', 'b:a': '147k'}",223.671875,-3.224,-1.516,0.8025401070190128,0.5089838684451606
"{'ar': '32000', 'sample_fmt': 'fltp', 'compression_level': '1', 'reservoir': '0', 'b:a': '291k'}",447.265625,-3.174,-1.437,0.7735908000031486,0.2957610681945373
"{'ar': '48000', 'sample_fmt': 's16p', 'compression_level': '4', 'reservoir': '0', 'aq': '9'}",119.6796875,-3.336,-1.708,0.5073271800065413,0.3752195096684023
"{'ar': '44100', 'sample_fmt': 's16p', 'compression_level': '8', 'reservoir': '1', 'b:a': '211k'}",312.220703125,-2.602,-0.717,0.5019514369778335,2.0911796175306208
"{'ar': '44100', 'sample_fmt': 's16p', 'compression_level': '2', 'reservoir': '0', 'b:a': '214k'}",312.220703125,-2.605,-0.72,0.6843284829810727,2.069763414395217
"{'ar': '32000', 'sample_fmt': 'fltp', 'compression_level': '0', 'reservoir': '0', 'b:a': '291k', 'abr': 'True'}",393.546875,-3.174,-1.438,1.071881840005517,0.3591151653154073
"{'ar': '32000', 'sample_fmt': 'fltp', 'compression_level': '1', 'reservoir': '0', 'b:a': '291k'}",447.265625,-3.174,-1.437,0.9804480070015416,0.28047165436821536
"{'ar': '32000', 'sample_fmt': 'fltp', 'compression_level': '1', 'reservoir': '0', 'b:a': '291k'}",447.265625,-3.174,-1.437,0.8642257399915252,0.289061977915237
"{'ar': '44100', 'sample_fmt': 's32p', 'compression_level': '9', 'reservoir': '0', 'b:a': '150k'}",223.037109375,-2.706,-0.831,0.44558905297890306,1.9593768346474592
"{'ar': '32000', 'sample_fmt': 's32p', 'compression_level': '3', 'reservoir': '0', 'aq': '9'}",90.88671875,-3.54,-2.146,0.4751716140017379,-0.18993796004259442
"{'ar': '32000', 'sample_fmt': 'fltp', 'compression_level': '1', 'reservoir': '0', 'b:a': '291k', 'abr': 'True'}",402.96875,-3.174,-1.437,0.7821346620039549,0.3658125223224251
"{'ar': '44100', 'sample_fmt': 'fltp', 'compression_level': '6', 'reservoir': '1', 'b:a': '34k', 'abr': 'True'}",51.01171875,-3.383,-1.798,0.5112233189865947,0.3466042470663447
"{'ar': '44100', 'sample_fmt': 's16p', 'compression_level': '8', 'reservoir': '0', 'b:a': '210k'}",312.220703125,-2.606,-0.722,0.6062863990082406,2.0725708756487795
"{'ar': '24000', 'sample_fmt': 'fltp', 'compression_level': '0', 'reservoir': '0', 'b:a': '291k'}",223.671875,-3.673,-2.541,0.9741708429646678,-0.8731888126533097
"{'ar': '44100', 'sample_fmt': 's16p', 'compression_level': '8', 'reservoir': '1', 'b:a': '115k'}",156.1484375,-3.065,-1.278,0.4390942129830364,1.0891311812554865
"{'ar': '32000', 'sample_fmt': 's32p', 'compression_level': '1', 'reservoir': '1', 'b:a': '224k'}",313.109375,-3.179,-1.446,0.7146718960138969,0.49969549973580196
"{'ar': '44100', 'sample_fmt': 's16p', 'compression_level': '1', 'reservoir': '0', 'b:a': '32k', 'abr': 'True'}",53.09375,-3.138,-1.383,0.8647442579967901,1.0189022790940407
"{'ar': '32000', 'sample_fmt': 'fltp', 'compression_level': '1', 'reservoir': '1', 'b:a': '291k', 'abr': 'True'}",359.515625,-3.173,-1.437,0.8128460300213192,0.43520910785852096
"{'ar': '44100', 'sample_fmt': 's32p', 'compression_level': '6', 'reservoir': '0', 'b:a': '174k', 'abr': 'True'}",265.310546875,-2.656,-0.775,0.8370536250004079,1.9971508917829792
"{'ar': '44100', 'sample_fmt': 's16p', 'compression_level': '6', 'reservoir': '1', 'b:a': '274k'}",356.8115234375,-2.595,-0.709,0.5849340690183453,2.0327273697837263
"{'ar': '44100', 'sample_fmt': 's32p', 'compression_level': '2', 'reservoir': '0', 'b:a': '154k'}",223.037109375,-2.679,-0.801,0.8085641849902458,2.0049203677811396
"{'ar': '32000', 'sample_fmt': 'fltp', 'compression_level': '1', 'reservoir': '0', 'b:a': '291k', 'abr': 'True'}",402.96875,-3.174,-1.437,0.7786708710191306,0.36606854112178594
"{'ar': '44100', 'sample_fmt': 's16p', 'compression_level': '8', 'reservoir': '1', 'b:a': '211k'}",312.220703125,-2.602,-0.717,0.5442935920145828,2.08804998651583
"{'ar': '48000', 'sample_fmt': 's32p', 'compression_level': '1', 'reservoir': '0', 'b:a': '141k', 'abr': 'True'}",214.53125,-3.604,-2.319,1.0379526949836873,-0.6325202643820956
"{'ar': '44100', 'sample_fmt': 'fltp', 'compression_level': '7', 'reservoir': '1', 'aq': '9'}",97.1474609375,-3.314,-1.668,0.4224303019582294,0.48132532841676356
"{'ar': '12000', 'sample_fmt': 's32p', 'compression_level': '6', 'reservoir': '0', 'b:a': '180k', 'abr': 'True'}",88.109375,-3.76,-2.894,0.4140850509866141,-0.9295403802227048
"{'ar': '44100', 'sample_fmt': 's16p', 'compression_level': '6', 'reservoir': '1', 'b:a': '211k', 'abr': 'True'}",293.4580078125,-2.603,-0.718,0.5277885350224096,2.1165634955678687
"{'ar': '44100', 'sample_fmt': 's16p', 'compression_level': '8', 'reservoir': '1', 'b:a': '115k', 'abr': 'True'}",150.6689453125,-3.121,-1.359,0.5420350579661317,0.9342373077675608
"{'ar': '32000', 'sample_fmt': 's32p', 'compression_level': '1', 'reservoir': '0', 'b:a': '266k'}",357.828125,-3.179,-1.445,0.8420065339887515,0.41924316049327887
"{'ar': '44100', 'sample_fmt': 's16p', 'compression_level': '8', 'reservoir': '0', 'b:a': '210k'}",312.220703125,-2.606,-0.722,0.5025495460140519,2.080238366172718
"{'ar': '44100', 'sample_fmt': 's32p', 'compression_level': '8', 'reservoir': '1', 'b:a': '118k'}",156.1484375,-3.068,-1.283,0.5482604349963367,1.0724952848269693
"{'ar': '44100', 'sample_fmt': 's16p', 'compression_level': '6', 'reservoir': '1', 'b:a': '211k', 'abr': 'True'}",293.4580078125,-2.603,-0.718,0.8386831920070108,2.0935843732254362
"{'ar': '32000', 'sample_fmt': 'fltp', 'compression_level': '9', 'reservoir': '0', 'aq': '9'}",89.62109375,-3.518,-2.09,0.4896071170223877,-0.12006111347028729
"{'ar': '32000', 'sample_fmt': 'fltp', 'compression_level': '0', 'reservoir': '1', 'b:a': '291k', 'abr': 'True'}",355.578125,-3.174,-1.438,0.8438827669888269,0.43655262610290624
"{'ar': '44100', 'sample_fmt': 's32p', 'compression_level': '3', 'reservoir': '0', 'b:a': '150k'}",223.037109375,-2.675,-0.797,0.7251899219991174,2.02166438542842
"{'ar': '44100', 'sample_fmt': 's16p', 'compression_level': '6', 'reservoir': '0', 'b:a': '274k'}",356.8115234375,-2.581,-0.694,0.8160426740068942,2.0529964709116113
"{'ar': '48000', 'sample_fmt': 's32p', 'compression_level': '1', 'reservoir': '0', 'b:a': '32k', 'abr': 'True'}",54.1953125,-3.404,-1.84,1.3452693199797068,0.21769960178046954
"{'ar': '32000', 'sample_fmt': 's16p', 'compression_level': '8', 'reservoir': '1', 'b:a': '211k'}",313.109375,-3.179,-1.445,0.580509190011071,0.509927311371138
"{'ar': '32000', 'sample_fmt': 'fltp', 'compression_level': '1', 'reservoir': '0', 'b:a': '291k'}",447.265625,-3.174,-1.437,0.9461768080072943,0.28300473770309453
"{'ar': '44100', 'sample_fmt': 's16p', 'compression_level': '8', 'reservoir': '1', 'b:a': '109k'}",156.1484375,-3.065,-1.278,0.5666079689981416,1.0797062711324432
"{'ar': '32000', 'sample_fmt': 'fltp', 'compression_level': '1', 'reservoir': '0', 'b:a': '291k', 'abr': 'True'}",402.96875,-3.174,-1.437,0.816133278014604,0.36329958638341736
"{'ar': '44100', 'sample_fmt': 's16p', 'compression_level': '8', 'reservoir': '1', 'b:a': '109k', 'abr': 'True'}",142.1875,-3.229,-1.524,0.5277175770024769,0.6451451724486728
"{'ar': '44100', 'sample_fmt': 's32p', 'compression_level': '7', 'reservoir': '1', 'b:a': '207k'}",267.6279296875,-2.63,-0.747,0.5288120320183225,2.085647371967643
"{'ar': '44100', 'sample_fmt': 's32p', 'compression_level': '8', 'reservoir': '0', 'b:a': '150k'}",223.037109375,-2.706,-0.831,0.461926700983895,1.9581692718802648
"{'ar': '44100', 'sample_fmt': 's16p', 'compression_level': '8', 'reservoir': '1', 'b:a': '211k'}",312.220703125,-2.602,-0.717,0.5208399370021652,2.089783513920691
"{'ar': '44100', 'sample_fmt': 'fltp', 'compression_level': '9', 'reservoir': '1', 'aq': '9'}",97.1474609375,-3.314,-1.668,0.4321858119801618,0.48060427048517645
"{'ar': '32000', 'sample_fmt': 's32p', 'compression_level': '1', 'reservoir': '0', 'b:a': '292k', 'abr': 'True'}",404.9375,-3.173,-1.437,0.9044930100208148,0.3559571364412141
"{'ar': '44100', 'sample_fmt': 's16p', 'compression_level': '9', 'reservoir': '1', 'b:a': '115k'}",156.1484375,-3.065,-1.278,0.46376109900302254,1.0873079804415589
"{'ar': '44100', 'sample_fmt': 's16p', 'compression_level': '8', 'reservoir': '1', 'b:a': '211k'}",312.220703125,-2.602,-0.717,0.4325402909889817,2.096309995875094
"{'ar': '44100', 'sample_fmt': 's32p', 'compression_level': '8', 'reservoir': '0', 'b:a': '165k'}",223.037109375,-2.706,-0.831,0.44138056301744655,1.959687896299786
"{'ar': '32000', 'sample_fmt': 's32p', 'compression_level': '1', 'reservoir': '0', 'b:a': '292k', 'abr': 'True'}",404.9375,-3.173,-1.437,0.6881287159922067,0.3719492465380554
"{'ar': '32000', 'sample_fmt': 's32p', 'compression_level': '1', 'reservoir': '0', 'b:a': '171k'}",223.671875,-3.224,-1.516,0.857384697010275,0.5049301463405309
"{'ar': '32000', 'sample_fmt': 'fltp', 'compression_level': '1', 'reservoir': '0', 'b:a': '291k', 'abr': 'True'}",402.96875,-3.174,-1.437,0.7226441200182308,0.3702096401621675
"{'ar': '44100', 'sample_fmt': 's16p', 'compression_level': '8', 'reservoir': '1', 'b:a': '211k'}",312.220703125,-2.602,-0.717,0.45770803399500437,2.09444977527424
"{'ar': '44100', 'sample_fmt': 's16p', 'compression_level': '8', 'reservoir': '1', 'b:a': '211k'}",312.220703125,-2.602,-0.717,0.4455339410051238,2.095349597660819
"{'ar': '48000', 'sample_fmt': 's32p', 'compression_level': '1', 'reservoir': '0', 'aq': '9'}",119.6796875,-3.337,-1.711,0.4515463220013771,0.376066120984611
"{'ar': '44100', 'sample_fmt': 's16p', 'compression_level': '8', 'reservoir': '1', 'b:a': '211k'}",312.220703125,-2.602,-0.717,0.4406154319876805,2.095713138872979
"{'ar': '44100', 'sample_fmt': 's16p', 'compression_level': '8', 'reservoir': '1', 'b:a': '71k'}",89.2607421875,-3.503,-2.054,0.41859770301380195,-0.06793203202345809
"{'ar': '44100', 'sample_fmt': 's16p', 'compression_level': '8', 'reservoir': '1', 'b:a': '240k'}",312.220703125,-2.602,-0.717,0.4337300140177831,2.0962220600086576
"{'ar': '44100', 'sample_fmt': 's32p', 'compression_level': '8', 'reservoir': '0', 'b:a': '210k'}",312.220703125,-2.606,-0.721,0.43385662900982425,2.0856311165461983
"{'ar': '32000', 'sample_fmt': 'fltp', 'compression_level': '1', 'reservoir': '0', 'b:a': '291k'}",447.265625,-3.174,-1.437,0.6953018719796091,0.30154762905910665
"{'ar': '32000', 'sample_fmt': 'fltp', 'compression_level': '1', 'reservoir': '0', 'b:a': '292k', 'abr': 'True'}",404.9375,-3.173,-1.437,0.8924904460145626,0.3568442806250275
"{'ar': '48000', 'sample_fmt': 's32p', 'compression_level': '8', 'reservoir': '0', 'aq': '9'}",110.328125,-3.349,-1.733,0.5397193339886144,0.34957161718997204
"{'ar': '32000', 'sample_fmt': 'fltp', 'compression_level': '1', 'reservoir': '0', 'b:a': '291k'}",447.265625,-3.174,-1.437,0.8704318320087623,0.2886032677234451
"{'ar': '44100', 'sample_fmt': 'fltp', 'compression_level': '9', 'reservoir': '1', 'b:a': '110k'}",156.1484375,-3.068,-1.283,0.47269367301487364,1.0780806425344178
"{'ar': '48000', 'sample_fmt': 's32p', 'compression_level': '2', 'reservoir': '1', 'aq': '9'}",109.1796875,-3.337,-1.711,0.891642208036501,0.3602918408887259
"{'ar': '32000', 'sample_fmt': 'fltp', 'compression_level': '8', 'reservoir': '0', 'b:a': '284k'}",357.828125,-3.177,-1.442,0.5336975060054101,0.4476374224254386
"{'ar': '32000', 'sample_fmt': 's32p', 'compression_level': '1', 'reservoir': '0', 'b:a': '292k', 'abr': 'True'}",404.9375,-3.173,-1.437,0.8604016350000165,0.3592160573589164
"{'ar': '44100', 'sample_fmt': 's16p', 'compression_level': '1', 'reservoir': '0', 'aq': '6'}",147.916015625,-3.069,-1.283,0.5575874880014453,1.082612141772821
"{'ar': '44100', 'sample_fmt': 'fltp', 'compression_level': '5', 'reservoir': '1', 'b:a': '114k'}",156.1484375,-2.958,-1.135,0.5659196210035589,1.3741710499073936
"{'ar': '44100', 'sample_fmt': 's16p', 'compression_level': '2', 'reservoir': '0', 'b:a': '167k'}",223.037109375,-2.701,-0.826,0.8316458499757573,1.9440692426045891
"{'ar': '48000', 'sample_fmt': 's32p', 'compression_level': '8', 'reservoir': '0', 'aq': '9'}",110.328125,-3.349,-1.733,0.4940050340082962,0.35295049318042826
"{'ar': '44100', 'sample_fmt': 's16p', 'compression_level': '1', 'reservoir': '0', 'b:a': '32k', 'abr': 'True'}",53.09375,-3.138,-1.383,1.1227574319636915,0.9998317799479636
"{'ar': '44100', 'sample_fmt': 's16p', 'compression_level': '4', 'reservoir': '0', 'aq': '9'}",112.5185546875,-3.341,-1.719,0.5583012620045338,0.36775890249119075
"{'ar': '44100', 'sample_fmt': 'fltp', 'compression_level': '9', 'reservoir': '1', 'aq': '9'}",97.1474609375,-3.314,-1.668,0.5411506479722448,0.4725503646330434
"{'ar': '44100', 'sample_fmt': 's16p', 'compression_level': '8', 'reservoir': '1', 'b:a': '109k', 'abr': 'True'}",142.1875,-3.229,-1.524,0.510010604019044,0.6464539459813122
"{'ar': '32000', 'sample_fmt': 's32p', 'compression_level': '1', 'reservoir': '0', 'b:a': '32k', 'abr': 'True'}",51.3359375,-3.291,-1.628,0.746768711018376,0.5966592726665901
"{'ar': '32000', 'sample_fmt': 's32p', 'compression_level': '1', 'reservoir': '1', 'b:a': '32k', 'abr': 'True'}",47.01171875,-3.291,-1.628,0.7645867629908025,0.602242291778737
"{'ar': '44100', 'sample_fmt': 's32p', 'compression_level': '8', 'reservoir': '1', 'b:a': '211k'}",312.220703125,-2.6,-0.715,0.4436100360180717,2.1007825915282963
"{'ar': '32000', 'sample_fmt': 's16p', 'compression_level': '1', 'reservoir': '0', 'b:a': '32k', 'abr': 'True'}",51.3359375,-3.295,-1.636,0.785512670991011,0.5819521760288612
"{'ar': '44100', 'sample_fmt': 's16p', 'compression_level': '1', 'reservoir': '0', 'b:a': '32k', 'abr': 'True'}",53.09375,-3.138,-1.383,0.8737360099912621,1.018237672724932
"{'ar': '32000', 'sample_fmt': 'fltp', 'compression_level': '1', 'reservoir': '0', 'b:a': '292k', 'abr': 'True'}",404.9375,-3.173,-1.437,0.6743119779857807,0.372970481563779
"{'ar': '44100', 'sample_fmt': 's16p', 'compression_level': '8', 'reservoir': '1', 'b:a': '211k'}",312.220703125,-2.602,-0.717,0.44153829899732955,2.095644927105925
"{'ar': '44100', 'sample_fmt': 's16p', 'compression_level': '9', 'reservoir': '1', 'b:a': '115k'}",156.1484375,-3.065,-1.278,0.42080078698927537,1.090483301224514
"{'ar': '32000', 'sample_fmt': 's16p', 'compression_level': '2', 'reservoir': '0', 'b:a': '164k'}",223.671875,-3.222,-1.513,0.7007107219833415,0.5221166234008561
"{'ar': '44100', 'sample_fmt': 's32p', 'compression_level': '8', 'reservoir': '1', 'b:a': '286k'}",356.8115234375,-2.604,-0.719,0.44755885799531825,2.0187571439191823
"{'ar': '44100', 'sample_fmt': 's32p', 'compression_level': '7', 'reservoir': '1', 'b:a': '164k'}",223.037109375,-2.692,-0.815,0.42780579801183194,1.9983577106577017
"{'ar': '32000', 'sample_fmt': 'fltp', 'compression_level': '1', 'reservoir': '1', 'b:a': '292k', 'abr': 'True'}",359.375,-3.173,-1.436,0.6876875500020105,0.44499978147158603
"{'ar': '44100', 'sample_fmt': 's32p', 'compression_level': '8', 'reservoir': '0', 'b:a': '136k'}",178.4443359375,-2.892,-1.051,0.42607637503533624,1.5292048957933542
"{'ar': '44100', 'sample_fmt': 's16p', 'compression_level': '8', 'reservoir': '1', 'b:a': '240k'}",312.220703125,-2.602,-0.717,0.43509088398423046,2.0961214741775778
"{'ar': '44100', 'sample_fmt': 'fltp', 'compression_level': '5', 'reservoir': '1', 'b:a': '159k'}",223.037109375,-2.652,-0.771,0.5260453099908773,2.0981742279505804
"{'ar': '32000', 'sample_fmt': 'fltp', 'compression_level': '1', 'reservoir': '0', 'b:a': '267k', 'abr': 'True'}",352.34375,-3.174,-1.438,0.6877160340372939,0.4532563382506091
"{'ar': '32000', 'sample_fmt': 's16p', 'compression_level': '1', 'reservoir': '0', 'b:a': '32k', 'abr': 'True'}",51.3359375,-3.295,-1.636,0.6666736330080312,0.5907359126789354
"{'ar': '44100', 'sample_fmt': 's32p', 'compression_level': '8', 'reservoir': '0', 'b:a': '167k'}",223.037109375,-2.706,-0.831,0.4701465179969091,1.9575617214559298
"{'ar': '44100', 'sample_fmt': 's16p', 'compression_level': '8', 'reservoir': '1', 'b:a': '109k'}",156.1484375,-3.065,-1.278,0.4247043569921516,1.0901947770873084
"{'ar': '44100', 'sample_fmt': 'fltp', 'compression_level': '8', 'reservoir': '1', 'b:a': '114k', 'abr': 'True'}",149.4501953125,-3.139,-1.384,0.4237029959913343,0.8951029473159986
"{'ar': '44100', 'sample_fmt': 's16p', 'compression_level': '8', 'reservoir': '1', 'b:a': '211k'}",312.220703125,-2.602,-0.717,0.46030493098078296,2.0942578311150006
"{'ar': '44100', 'sample_fmt': 's32p', 'compression_level': '8', 'reservoir': '0', 'b:a': '172k'}",223.037109375,-2.706,-0.831,0.45697192501393147,1.9585354936876687
"{'ar': '44100', 'sample_fmt': 's16p', 'compression_level': '2', 'reservoir': '0', 'b:a': '167k'}",223.037109375,-2.701,-0.826,0.6752403199789114,1.9556296272174665
"{'ar': '44100', 'sample_fmt': 's16p', 'compression_level': '8', 'reservoir': '1', 'b:a': '295k'}",445.9951171875,-2.585,-0.699,0.4394226399890613,1.927629398272268
"{'ar': '32000', 'sample_fmt': 'fltp', 'compression_level': '1', 'reservoir': '0', 'b:a': '291k'}",447.265625,-3.174,-1.437,0.6969657059817109,0.30142465028082005
"{'ar': '44100', 'sample_fmt': 's32p', 'compression_level': '8', 'reservoir': '0', 'b:a': '150k'}",223.037109375,-2.706,-0.831,0.43538057498517446,1.9601313727505683
"{'ar': '44100', 'sample_fmt': 's32p', 'compression_level': '7', 'reservoir': '1', 'b:a': '164k'}",223.037109375,-2.692,-0.815,0.4233541550056543,1.998686744454088
"{'ar': '48000', 'sample_fmt': 's32p', 'compression_level': '2', 'reservoir': '1', 'aq': '9'}",109.1796875,-3.337,-1.711,0.4510570910060778,0.39285675983810026
"{'ar': '44100', 'sample_fmt': 's16p', 'compression_level': '7', 'reservoir': '1', 'b:a': '115k'}",156.1484375,-3.065,-1.278,0.42899106998811476,1.0898779337444973
"{'ar': '32000', 'sample_fmt': 's16p', 'compression_level': '7', 'reservoir': '1', 'b:a': '116k', 'abr': 'True'}",156.3125,-3.381,-1.794,0.3962426009820774,0.19299978368085746
"{'ar': '32000', 'sample_fmt': 's32p', 'compression_level': '1', 'reservoir': '0', 'b:a': '280k', 'abr': 'True'}",355.4375,-3.176,-1.441,0.6850282429950312,0.4429121623735254
"{'ar': '44100', 'sample_fmt': 's16p', 'compression_level': '0', 'reservoir': '0', 'b:a': '153k'}",223.037109375,-2.687,-0.81,1.0581302519713063,1.9649955903444376
"{'ar': '44100', 'sample_fmt': 's32p', 'compression_level': '7', 'reservoir': '1', 'b:a': '164k'}",223.037109375,-2.692,-0.815,0.428703810001025,1.9982913359970216
"{'ar': '44100', 'sample_fmt': 'fltp', 'compression_level': '9', 'reservoir': '1', 'aq': '9'}",97.1474609375,-3.314,-1.668,0.409964611986652,0.4822467035787494
"{'ar': '32000', 'sample_fmt': 's32p', 'compression_level': '1', 'reservoir': '1', 'b:a': '62k', 'abr': 'True'}",83.57421875,-3.719,-2.715,0.7985223809955642,-0.7987241592640911
"{'ar': '44100', 'sample_fmt': 's16p', 'compression_level': '8', 'reservoir': '1', 'b:a': '109k'}",156.1484375,-3.065,-1.278,0.42512199698830955,1.0901639081085364
"{'ar': '32000', 'sample_fmt': 's32p', 'compression_level': '8', 'reservoir': '0', 'b:a': '32k', 'abr': 'True'}",51.125,-3.442,-1.918,0.40527091396506876,0.1789333951559618
"{'ar': '44100', 'sample_fmt': 's16p', 'compression_level': '8', 'reservoir': '1', 'b:a': '109k'}",156.1484375,-3.065,-1.278,0.4350744060066063,1.0894282968032423
"{'ar': '32000', 'sample_fmt': 's32p', 'compression_level': '2', 'reservoir': '0', 'b:a': '205k'}",268.390625,-3.183,-1.451,0.5671503370103892,0.5710583276535366
"{'ar': '44100', 'sample_fmt': 'fltp', 'compression_level': '8', 'reservoir': '1', 'b:a': '115k', 'abr': 'True'}",150.6181640625,-3.119,-1.356,0.4915674400108401,0.9436547959659705
"{'ar': '44100', 'sample_fmt': 's32p', 'compression_level': '8', 'reservoir': '1', 'b:a': '210k'}",312.220703125,-2.6,-0.715,0.4344703480019234,2.1014581322761874
"{'ar': '44100', 'sample_fmt': 's32p', 'compression_level': '8', 'reservoir': '0', 'b:a': '165k'}",223.037109375,-2.706,-0.831,0.4401701699825935,1.9597773599460901
"{'ar': '44100', 'sample_fmt': 's16p', 'compression_level': '8', 'reservoir': '0', 'b:a': '165k', 'abr': 'True'}",236.9736328125,-2.698,-0.822,0.4547851230017841,1.9579377377174332
"{'ar': '44100', 'sample_fmt': 's16p', 'compression_level': '4', 'reservoir': '0', 'b:a': '36k', 'abr': 'True'}",58.30078125,-3.249,-1.557,0.5021591859986074,0.7238804508855297
"{'ar': '44100', 'sample_fmt': 's16p', 'compression_level': '8', 'reservoir': '1', 'b:a': '211k'}",312.220703125,-2.602,-0.717,0.5294556629960425,2.08914670071971
"{'ar': '44100', 'sample_fmt': 's32p', 'compression_level': '7', 'reservoir': '1', 'b:a': '146k'}",223.037109375,-2.692,-0.815,0.456147961987881,1.9962628594313354
"{'ar': '44100', 'sample_fmt': 's32p', 'compression_level': '8', 'reservoir': '0', 'b:a': '165k'}",223.037109375,-2.706,-0.831,0.4376485560205765,1.9599637397195335
"{'ar': '32000', 'sample_fmt': 's16p', 'compression_level': '0', 'reservoir': '0', 'b:a': '32k'}",44.8671875,-3.326,-1.691,0.6648607050301507,0.5116135814362524
"{'ar': '44100', 'sample_fmt': 's32p', 'compression_level': '1', 'reservoir': '0', 'b:a': '170k', 'abr': 'True'}",249.0556640625,-2.682,-0.805,0.9535625469870865,1.9444345859185723
"{'ar': '44100', 'sample_fmt': 's32p', 'compression_level': '7', 'reservoir': '1', 'b:a': '164k'}",223.037109375,-2.692,-0.815,0.4465699660067912,1.9969707967872858
"{'ar': '44100', 'sample_fmt': 's16p', 'compression_level': '8', 'reservoir': '0', 'b:a': '210k'}",312.220703125,-2.606,-0.722,0.43389523701625876,2.0853128045085096
"{'ar': '44100', 'sample_fmt': 's16p', 'compression_level': '9', 'reservoir': '1', 'b:a': '210k'}",312.220703125,-2.602,-0.717,0.437661616015248,2.095931463945741
"{'ar': '32000', 'sample_fmt': 's32p', 'compression_level': '4', 'reservoir': '0', 'b:a': '32k', 'abr': 'True'}",50.6328125,-3.435,-1.903,0.4459928910364397,0.1977503233361812
"{'ar': '44100', 'sample_fmt': 's32p', 'compression_level': '1', 'reservoir': '0', 'b:a': '170k', 'abr': 'True'}",249.0556640625,-2.682,-0.805,0.9331872409966309,1.945940583653176
"{'ar': '44100', 'sample_fmt': 's16p', 'compression_level': '8', 'reservoir': '0', 'b:a': '165k'}",223.037109375,-2.705,-0.83,0.432056247984292,1.9630224796095774
"{'ar': '44100', 'sample_fmt': 's16p', 'compression_level': '7', 'reservoir': '1', 'aq': '9'}",97.146484375,-3.315,-1.67,0.41467999303131364,0.4789388797541279
"{'ar': '44100', 'sample_fmt': 's16p', 'compression_level': '1', 'reservoir': '0', 'b:a': '147k', 'abr': 'True'}",224.984375,-2.791,-0.93,0.9648176599876024,1.6886168666989172
"{'ar': '44100', 'sample_fmt': 's32p', 'compression_level': '9', 'reservoir': '1', 'b:a': '286k'}",356.8115234375,-2.604,-0.719,0.4441567840112839,2.0190086010367003
"{'ar': '44100', 'sample_fmt': 's32p', 'compression_level': '8', 'reservoir': '0', 'b:a': '147k'}",223.037109375,-2.706,-0.831,0.4339969439897686,1.9602336409150605
"{'ar': '44100', 'sample_fmt': 'fltp', 'compression_level': '1', 'reservoir': '0', 'b:a': '153k'}",223.037109375,-2.686,-0.809,0.9459458279889077,1.975932861492694
"{'ar': '44100', 'sample_fmt': 's16p', 'compression_level': '2', 'reservoir': '0', 'b:a': '167k'}",223.037109375,-2.701,-0.826,0.6893428640032653,1.9545872674431999
"{'ar': '44100', 'sample_fmt': 's16p', 'compression_level': '2', 'reservoir': '0', 'b:a': '149k'}",223.037109375,-2.701,-0.826,0.6807426510204095,1.9552229340327154
"{'ar': '44100', 'sample_fmt': 's16p', 'compression_level': '1', 'reservoir': '0', 'b:a': '32k', 'abr': 'True'}",53.09375,-3.138,-1.383,0.8278111490071751,1.021632111887535
"{'ar': '44100', 'sample_fmt': 's16p', 'compression_level': '2', 'reservoir': '0', 'b:a': '212k'}",312.220703125,-2.605,-0.72,0.6234461250132881,2.074263405375463
"{'ar': '44100', 'sample_fmt': 's32p', 'compression_level': '8', 'reservoir': '1', 'b:a': '210k'}",312.220703125,-2.6,-0.715,0.5300250939908437,2.094395404920959
"{'ar': '44100', 'sample_fmt': 's32p', 'compression_level': '8', 'reservoir': '0', 'b:a': '148k'}",223.037109375,-2.706,-0.831,0.43291751301148906,1.9603134247773844
"{'ar': '44100', 'sample_fmt': 's16p', 'compression_level': '9', 'reservoir': '1', 'b:a': '210k'}",312.220703125,-2.602,-0.717,0.4380862459947821,2.0959000783171025
"{'ar': '44100', 'sample_fmt': 's32p', 'compression_level': '1', 'reservoir': '0', 'b:a': '170k'}",223.037109375,-2.686,-0.81,0.9572842579800636,1.9747793469643833
"{'ar': '44100', 'sample_fmt': 's32p', 'compression_level': '8', 'reservoir': '1', 'b:a': '170k'}",223.037109375,-2.692,-0.815,0.4282433470070828,1.9983253701472852
"{'ar': '44100', 'sample_fmt': 's16p', 'compression_level': '8', 'reservoir': '1', 'b:a': '295k'}",445.9951171875,-2.585,-0.699,0.4459514399932232,1.9271468358007866
"{'ar': '44100', 'sample_fmt': 's16p', 'compression_level': '1', 'reservoir': '0', 'b:a': '32k'}",44.771484375,-3.131,-1.373,0.8199008660158142,1.054960477413428
"{'ar': '44100', 'sample_fmt': 's32p', 'compression_level': '8', 'reservoir': '0', 'b:a': '150k'}",223.037109375,-2.706,-0.831,0.4438106800080277,1.9595082793318568
"{'ar': '44100', 'sample_fmt': 's16p', 'compression_level': '8', 'reservoir': '1', 'b:a': '109k'}",156.1484375,-3.065,-1.278,0.4214264249894768,1.0904370585123102
"{'ar': '44100', 'sample_fmt': 's16p', 'compression_level': '8', 'reservoir': '1', 'b:a': '295k'}",445.9951171875,-2.585,-0.699,0.4656575519766193,1.925690300128697
"{'ar': '44100', 'sample_fmt': 's32p', 'compression_level': '8', 'reservoir': '1', 'b:a': '150k'}",223.037109375,-2.692,-0.815,0.4571229439752642,1.9961907956957055
"{'ar': '44100', 'sample_fmt': 's32p', 'compression_level': '8', 'reservoir': '1', 'b:a': '154k'}",223.037109375,-2.692,-0.815,0.44940856599714607,1.996760987660644
"{'ar': '44100', 'sample_fmt': 's32p', 'compression_level': '8', 'reservoir': '0', 'b:a': '32k'}",44.771484375,-3.303,-1.649,0.41429500895901583,0.5971241494721509
"{'ar': '44100', 'sample_fmt': 's32p', 'compression_level': '7', 'reservoir': '1', 'b:a': '113k'}",156.1484375,-3.068,-1.283,0.4270359560032375,1.081455336314178
"{'ar': '44100', 'sample_fmt': 's32p', 'compression_level': '8', 'reservoir': '1', 'b:a': '164k'}",223.037109375,-2.692,-0.815,0.43040879603358917,1.9981653155532662
"{'ar': '44100', 'sample_fmt': 's32p', 'compression_level': '7', 'reservoir': '1', 'b:a': '170k', 'abr': 'True'}",229.6513671875,-2.677,-0.798,0.436009033001028,2.0275091092648343
"{'ar': '32000', 'sample_fmt': 's16p', 'compression_level': '9', 'reservoir': '1', 'b:a': '210k'}",313.109375,-3.179,-1.445,0.4089018430095166,0.5226113062003072
"{'ar': '44100', 'sample_fmt': 's16p', 'compression_level': '8', 'reservoir': '1', 'b:a': '211k'}",312.220703125,-2.602,-0.717,0.4344482350279577,2.0961689742186933
"{'ar': '44100', 'sample_fmt': 's32p', 'compression_level': '8', 'reservoir': '0', 'b:a': '150k'}",223.037109375,-2.706,-0.831,0.4306511729955673,1.960480936515928
"{'ar': '44100', 'sample_fmt': 's32p', 'compression_level': '8', 'reservoir': '0', 'b:a': '143k'}",178.4443359375,-2.892,-1.051,0.4288943950086832,1.5289966077952297
"{'ar': '44100', 'sample_fmt': 's32p', 'compression_level': '1', 'reservoir': '0', 'b:a': '170k', 'abr': 'True'}",249.0556640625,-2.682,-0.805,0.9232928899873514,1.9466719037232807
"{'ar': '44100', 'sample_fmt': 's32p', 'compression_level': '8', 'reservoir': '1', 'b:a': '212k'}",312.220703125,-2.6,-0.715,0.43554090298130177,2.101379004464587
"{'ar': '44100', 'sample_fmt': 's32p', 'compression_level': '1', 'reservoir': '1', 'b:a': '170k', 'abr': 'True'}",226.2802734375,-2.682,-0.805,0.9359085059841163,1.9820813318343853
"{'ar': '44100', 'sample_fmt': 's32p', 'compression_level': '8', 'reservoir': '1', 'b:a': '146k'}",223.037109375,-2.692,-0.815,0.4346191640070174,1.9978541150916485
"{'ar': '44100', 'sample_fmt': 's32p', 'compression_level': '8', 'reservoir': '1', 'b:a': '148k'}",223.037109375,-2.692,-0.815,0.4305023039923981,1.998158404109865
"{'ar': '44100', 'sample_fmt': 's32p', 'compression_level': '0', 'reservoir': '0', 'b:a': '150k'}",223.037109375,-2.693,-0.817,1.1442161510058213,1.9424448969429868
"{'ar': '44100', 'sample_fmt': 's32p', 'compression_level': '0', 'reservoir': '0', 'b:a': '167k'}",223.037109375,-2.693,-0.817,1.0929714989906643,1.946232537230771
"{'ar': '11025', 'sample_fmt': 'fltp', 'compression_level': '3', 'reservoir': '0', 'aq': '9'}",51.1103515625,-3.834,-3.322,0.4022787699941546,-1.1770613104243806
"{'ar': '44100', 'sample_fmt': 's32p', 'compression_level': '8', 'reservoir': '0', 'b:a': '150k'}",223.037109375,-2.706,-0.831,0.469960478018038,1.9575754722082794
"{'ar': '44100', 'sample_fmt': 's32p', 'compression_level': '7', 'reservoir': '1', 'b:a': '170k', 'abr': 'True'}",229.6513671875,-2.677,-0.798,0.4530988490150776,2.0262459515869073
"{'ar': '44100', 'sample_fmt': 'fltp', 'compression_level': '1', 'reservoir': '0', 'b:a': '150k'}",223.037109375,-2.686,-0.809,0.9420637920266017,1.9762197939867447
"{'ar': '44100', 'sample_fmt': 's16p', 'compression_level': '8', 'reservoir': '1', 'b:a': '211k'}",312.220703125,-2.602,-0.717,0.4422649260086473,2.0955912200041293
"{'ar': '44100', 'sample_fmt': 's16p', 'compression_level': '8', 'reservoir': '1', 'b:a': '227k'}",312.220703125,-2.602,-0.717,0.44443274801597,2.0954309900162422
"{'ar': '32000', 'sample_fmt': 's16p', 'compression_level': '1', 'reservoir': '0', 'b:a': '32k', 'abr': 'True'}",51.3359375,-3.295,-1.636,0.673779515986098,0.5902106963375298
"{'ar': '44100', 'sample_fmt': 's16p', 'compression_level': '8', 'reservoir': '1', 'b:a': '168k'}",223.037109375,-2.689,-0.812,0.4410093489859719,2.005317986794104
"{'ar': '48000', 'sample_fmt': 's16p', 'compression_level': '8', 'reservoir': '1', 'b:a': '115k'}",156.265625,-3.686,-2.587,0.4302059600013308,-0.770225307747639
"{'ar': '44100', 'sample_fmt': 's32p', 'compression_level': '8', 'reservoir': '0', 'b:a': '150k'}",223.037109375,-2.706,-0.831,0.45105100798537023,1.9589731257721128
"{'ar': '44100', 'sample_fmt': 'fltp', 'compression_level': '0', 'reservoir': '0', 'b:a': '153k'}",223.037109375,-2.693,-0.817,1.0848572719842196,1.946832283192647
"{'ar': '44100', 'sample_fmt': 's16p', 'compression_level': '2', 'reservoir': '0', 'b:a': '167k'}",223.037109375,-2.701,-0.826,0.6895535569929052,1.954571694515596
"{'ar': '44100', 'sample_fmt': 'fltp', 'compression_level': '8', 'reservoir': '0', 'b:a': '150k'}",223.037109375,-2.705,-0.83,0.44269216002430767,1.962236348621154
"{'ar': '44100', 'sample_fmt': 's32p', 'compression_level': '8', 'reservoir': '1', 'b:a': '148k'}",223.037109375,-2.692,-0.815,0.4375527719676029,1.9976372836514273
"{'ar': '44100', 'sample_fmt': 's32p', 'compression_level': '8', 'reservoir': '0', 'b:a': '150k'}",223.037109375,-2.706,-0.831,0.4294624720059801,1.9605687968404932
"{'ar': '44100', 'sample_fmt': 's32p', 'compression_level': '9', 'reservoir': '1', 'b:a': '148k'}",223.037109375,-2.692,-0.815,0.42894706601509824,1.9982733562422
"{'ar': '44100', 'sample_fmt': 's32p', 'compression_level': '8', 'reservoir': '0', 'b:a': '173k', 'abr': 'True'}",265.2109375,-2.664,-0.785,0.43305675900774077,2.005376323758771
"{'ar': '44100', 'sample_fmt': 's32p', 'compression_level': '0', 'reservoir': '0', 'b:a': '165k', 'abr': 'True'}",235.494140625,-2.701,-0.826,1.0712171959748957,1.9064845883679824
"{'ar': '44100', 'sample_fmt': 's32p', 'compression_level': '8', 'reservoir': '0', 'b:a': '136k'}",178.4443359375,-2.892,-1.051,0.4309470909938682,1.5288448871042635
"{'ar': '48000', 'sample_fmt': 's32p', 'compression_level': '1', 'reservoir': '0', 'b:a': '150k'}",223.203125,-3.556,-2.186,1.1992132280138321,-0.5044839158094204
"{'ar': '44100', 'sample_fmt': 's32p', 'compression_level': '8', 'reservoir': '1', 'b:a': '147k'}",223.037109375,-2.692,-0.815,0.5214937590062618,1.9914329627749787
"{'ar': '44100', 'sample_fmt': 's32p', 'compression_level': '8', 'reservoir': '0', 'b:a': '161k'}",223.037109375,-2.706,-0.831,0.5178779530106112,1.9540337531871985
"{'ar': '44100', 'sample_fmt': 's32p', 'compression_level': '5', 'reservoir': '1', 'b:a': '165k'}",223.037109375,-2.652,-0.771,0.5726571439881809,2.094729012627751
"{'ar': '44100', 'sample_fmt': 'fltp', 'compression_level': '0', 'reservoir': '0', 'b:a': '153k'}",223.037109375,-2.693,-0.817,1.1167006060131826,1.9444786503720008
"{'ar': '44100', 'sample_fmt': 's32p', 'compression_level': '8', 'reservoir': '0', 'b:a': '160k', 'abr': 'True'}",230.1689453125,-2.714,-0.841,0.48366411100141704,1.923388492128802
"{'ar': '44100', 'sample_fmt': 's32p', 'compression_level': '8', 'reservoir': '1', 'b:a': '154k'}",223.037109375,-2.692,-0.815,0.43718272101250477,1.9976646351866791
"{'ar': '44100', 'sample_fmt': 's16p', 'compression_level': '5', 'reservoir': '1', 'b:a': '109k'}",156.1484375,-2.956,-1.132,0.5210338980250526,1.383094934277376
"{'ar': '44100', 'sample_fmt': 's16p', 'compression_level': '8', 'reservoir': '1', 'b:a': '211k'}",312.220703125,-2.602,-0.717,0.44854491399019025,2.0951270479481137
"{'ar': '44100', 'sample_fmt': 's16p', 'compression_level': '8', 'reservoir': '1', 'b:a': '116k'}",156.1484375,-3.065,-1.278,0.4351389379880857,1.0894235270580437
"{'ar': '32000', 'sample_fmt': 's32p', 'compression_level': '4', 'reservoir': '0', 'b:a': '32k', 'abr': 'True'}",50.6328125,-3.435,-1.903,0.4609012289729435,0.19664840500574743
"{'ar': '44100', 'sample_fmt': 's32p', 'compression_level': '8', 'reservoir': '1', 'b:a': '167k'}",223.037109375,-2.692,-0.815,0.4768114200269338,1.994735563546284
"{'ar': '44100', 'sample_fmt': 's16p', 'compression_level': '9', 'reservoir': '0', 'b:a': '32k', 'abr': 'True'}",52.9921875,-3.355,-1.744,0.44911276499624364,0.4303078671689151
"{'ar': '44100', 'sample_fmt': 's16p', 'compression_level': '8', 'reservoir': '1', 'b:a': '295k'}",445.9951171875,-2.585,-0.699,0.4821890629827976,1.924468408386971
"{'ar': '44100', 'sample_fmt': 's16p', 'compression_level': '7', 'reservoir': '1', 'b:a': '115k'}",156.1484375,-3.065,-1.278,0.46784670901251957,1.0870060012015093
"{'ar': '44100', 'sample_fmt': 's32p', 'compression_level': '8', 'reservoir': '0', 'b:a': '161k'}",223.037109375,-2.706,-0.831,0.46799657598603517,1.9577206298816203
"{'ar': '44100', 'sample_fmt': 's32p', 'compression_level': '8', 'reservoir': '1', 'b:a': '239k'}",312.220703125,-2.6,-0.715,0.5125256780302152,2.095688837314364
"{'ar': '44100', 'sample_fmt': 's16p', 'compression_level': '1', 'reservoir': '0', 'b:a': '32k', 'abr': 'True'}",53.09375,-3.138,-1.383,0.876853592984844,1.018007243158477
"{'ar': '44100', 'sample_fmt': 's32p', 'compression_level': '8', 'reservoir': '1', 'b:a': '295k'}",445.9951171875,-2.585,-0.698,0.47680257601314224,1.9251819976100586
"{'ar': '44100', 'sample_fmt': 's16p', 'compression_level': '8', 'reservoir': '1', 'b:a': '107k'}",156.1484375,-3.065,-1.278,0.4718617789912969,1.086709235778936
"{'ar': '44100', 'sample_fmt': 's32p', 'compression_level': '8', 'reservoir': '0', 'b:a': '208k'}",267.6279296875,-2.62,-0.736,0.45632719903369434,2.1177743562633804
"{'ar': '44100', 'sample_fmt': 's16p', 'compression_level': '7', 'reservoir': '1', 'aq': '9'}",97.146484375,-3.315,-1.67,0.43581548900692724,0.47737669418136114
"{'ar': '44100', 'sample_fmt': 's32p', 'compression_level': '7', 'reservoir': '1', 'b:a': '170k', 'abr': 'True'}",229.6513671875,-2.677,-0.798,0.4444372680154629,2.0268861540638476
"{'ar': '44100', 'sample_fmt': 's16p', 'compression_level': '8', 'reservoir': '1', 'b:a': '240k'}",312.220703125,-2.602,-0.717,0.4536960080440622,2.094746315703921
"{'ar': '44100', 'sample_fmt': 's16p', 'compression_level': '1', 'reservoir': '0', 'b:a': '32k', 'abr': 'True'}",53.09375,-3.138,-1.383,0.8442878180067055,1.0204142736769712
"{'ar': '44100', 'sample_fmt': 's32p', 'compression_level': '8', 'reservoir': '0', 'b:a': '165k'}",223.037109375,-2.706,-0.831,0.44739170899265446,1.9592435951332035
"{'ar': '44100', 'sample_fmt': 's16p', 'compression_level': '9', 'reservoir': '1', 'b:a': '115k'}",156.1484375,-3.065,-1.278,0.44372665099217556,1.0887887843780741
"{'ar': '44100', 'sample_fmt': 's16p', 'compression_level': '8', 'reservoir': '1', 'b:a': '212k'}",312.220703125,-2.602,-0.717,0.45345880603417754,2.0947638479898014
"{'ar': '44100', 'sample_fmt': 's32p', 'compression_level': '7', 'reservoir': '1', 'b:a': '164k'}",223.037109375,-2.692,-0.815,0.4443980409996584,1.9971313300397437
"{'ar': '44100', 'sample_fmt': 's16p', 'compression_level': '8', 'reservoir': '1', 'b:a': '168k'}",223.037109375,-2.689,-0.812,0.4442464550083969,2.005078722935258
"{'ar': '44100', 'sample_fmt': 's32p', 'compression_level': '8', 'reservoir': '0', 'b:a': '165k'}",223.037109375,-2.706,-0.831,0.4422912480076775,1.959620584940984
"{'ar': '32000', 'sample_fmt': 's32p', 'compression_level': '4', 'reservoir': '1', 'aq': '9'}",83.046875,-3.54,-2.146,0.4482777980156243,-0.17544039920177373
"{'ar': '44100', 'sample_fmt': 's16p', 'compression_level': '1', 'reservoir': '0', 'b:a': '32k', 'abr': 'True'}",53.09375,-3.138,-1.383,0.8848075970017817,1.0174193397406757
"{'ar': '44100', 'sample_fmt': 's32p', 'compression_level': '7', 'reservoir': '1', 'b:a': '164k', 'abr': 'True'}",221.1787109375,-2.699,-0.824,0.4476758710225113,1.9807057462291464
"{'ar': '44100', 'sample_fmt': 's32p', 'compression_level': '8', 'reservoir': '0', 'b:a': '150k'}",223.037109375,-2.706,-0.831,0.4433865769824479,1.9595396260118065
"{'ar': '44100', 'sample_fmt': 'fltp', 'compression_level': '5', 'reservoir': '1', 'b:a': '159k'}",223.037109375,-2.652,-0.771,0.5470128559973091,2.096624456045281
"{'ar': '44100', 'sample_fmt': 's16p', 'compression_level': '8', 'reservoir': '1', 'b:a': '208k'}",267.6279296875,-2.632,-0.749,0.47103823997895233,2.084626807367483
"{'ar': '48000', 'sample_fmt': 's32p', 'compression_level': '8', 'reservoir': '0', 'aq': '4'}",188.609375,-3.643,-2.438,0.45367016398813576,-0.6763787621498555
"{'ar': '44100', 'sample_fmt': 's32p', 'compression_level': '7', 'reservoir': '1', 'b:a': '164k', 'abr': 'True'}",221.1787109375,-2.699,-0.824,0.45672265501343645,1.9800370722861802
"{'ar': '44100', 'sample_fmt': 's16p', 'compression_level': '8', 'reservoir': '1', 'b:a': '211k'}",312.220703125,-2.602,-0.717,0.4848167389864102,2.0924460925651696
"{'ar': '44100', 'sample_fmt': 's16p', 'compression_level': '7', 'reservoir': '1', 'aq': '9'}",97.146484375,-3.315,-1.67,0.4486687170283403,0.47642667496242724
"{'ar': '44100', 'sample_fmt': 's32p', 'compression_level': '8', 'reservoir': '0', 'b:a': '32k', 'abr': 'True'}",53.09375,-3.35,-1.734,0.47155219499836676,0.44329151764836006
"{'ar': '44100', 'sample_fmt': 's32p', 'compression_level': '8', 'reservoir': '1', 'b:a': '148k'}",223.037109375,-2.692,-0.815,0.46035206801025197,1.9959521218086127
"{'ar': '44100', 'sample_fmt': 's32p', 'compression_level': '0', 'reservoir': '1', 'b:a': '173k', 'abr': 'True'}",226.2685546875,-2.69,-0.814,1.16400440299185,1.9437621758871868
"{'ar': '32000', 'sample_fmt': 's16p', 'compression_level': '7', 'reservoir': '1', 'b:a': '116k', 'abr': 'True'}",156.3125,-3.381,-1.794,0.4347537659923546,0.19015331220751658
"{'ar': '44100', 'sample_fmt': 's16p', 'compression_level': '8', 'reservoir': '1', 'b:a': '240k'}",312.220703125,-2.602,-0.717,0.47516794997500256,2.093159262438528
"{'ar': '44100', 'sample_fmt': 's32p', 'compression_level': '9', 'reservoir': '0', 'b:a': '167k'}",223.037109375,-2.706,-0.831,0.44813475402770564,1.9591886745278384
"{'ar': '44100', 'sample_fmt': 's32p', 'compression_level': '8', 'reservoir': '1', 'b:a': '149k'}",223.037109375,-2.692,-0.815,0.4450356409943197,1.9970842031819682
"{'ar': '44100', 'sample_fmt': 's32p', 'compression_level': '7', 'reservoir': '1', 'b:a': '170k', 'abr': 'True'}",229.6513671875,-2.677,-0.798,0.4503888039907906,2.026446258844583
"{'ar': '44100', 'sample_fmt': 's16p', 'compression_level': '9', 'reservoir': '1', 'aq': '9'}",97.146484375,-3.315,-1.67,0.4340783240040764,0.47750509306578287
"{'ar': '44100', 'sample_fmt': 's16p', 'compression_level': '1', 'reservoir': '0', 'b:a': '32k', 'abr': 'True'}",53.09375,-3.138,-1.383,0.8448217819677666,1.020374806857867
"{'ar': '44100', 'sample_fmt': 'fltp', 'compression_level': '8', 'reservoir': '0', 'b:a': '138k'}",178.4443359375,-2.892,-1.051,0.4426377619965933,1.52798079583347
"{'ar': '44100', 'sample_fmt': 's32p', 'compression_level': '9', 'reservoir': '1', 'b:a': '148k'}",223.037109375,-2.692,-0.815,0.4456393090367783,1.9970395843328173
"{'ar': '11025', 'sample_fmt': 'fltp', 'compression_level': '3', 'reservoir': '1', 'aq': '9'}",46.904296875,-3.834,-3.322,0.40884904799168,-1.1708354860527872
"{'ar': '44100', 'sample_fmt': 's16p', 'compression_level': '8', 'reservoir': '1', 'b:a': '293k'}",445.9951171875,-2.585,-0.699,0.4603872559964657,1.9260798429316626
"{'ar': '44100', 'sample_fmt': 's32p', 'compression_level': '8', 'reservoir': '1', 'b:a': '148k'}",223.037109375,-2.692,-0.815,0.44514789801905863,1.997075905940934
"{'ar': '44100', 'sample_fmt': 's32p', 'compression_level': '7', 'reservoir': '1', 'b:a': '170k'}",223.037109375,-2.692,-0.815,0.4451135709823575,1.997078443151395
"{'ar': '44100', 'sample_fmt': 's16p', 'compression_level': '8', 'reservoir': '1', 'b:a': '213k'}",312.220703125,-2.602,-0.717,0.44905612399452366,2.0950892629396924
"{'ar': '44100', 'sample_fmt': 'fltp', 'compression_level': '1', 'reservoir': '0', 'b:a': '32k'}",44.771484375,-3.13,-1.371,0.8461313379812054,1.0559825620987542
"{'ar': '44100', 'sample_fmt': 's32p', 'compression_level': '8', 'reservoir': '0', 'aq': '9'}",103.8740234375,-3.314,-1.668,0.4344927869969979,0.46970041758596376
"{'ar': '44100', 'sample_fmt': 's32p', 'compression_level': '8', 'reservoir': '0', 'b:a': '149k'}",223.037109375,-2.706,-0.831,0.4485917270067148,1.9591548983346618
"{'ar': '11025', 'sample_fmt': 's16p', 'compression_level': '7', 'reservoir': '1', 'b:a': '100k', 'abr': 'True'}",88.5517578125,-3.849,-3.438,0.3773152859939728,-1.3065023569308398
"{'ar': '44100', 'sample_fmt': 'fltp', 'compression_level': '0', 'reservoir': '0', 'b:a': '153k'}",223.037109375,-2.693,-0.817,1.0898074839788023,1.9464663987218498
"{'ar': '44100', 'sample_fmt': 's32p', 'compression_level': '8', 'reservoir': '1', 'b:a': '150k'}",223.037109375,-2.692,-0.815,0.4456356610171497,1.997039853968488
"{'ar': '44100', 'sample_fmt': 's16p', 'compression_level': '8', 'reservoir': '0', 'b:a': '210k'}",312.220703125,-2.606,-0.722,0.44680877699283883,2.0843583274587143
"{'ar': '44100', 'sample_fmt': 's16p', 'compression_level': '1', 'reservoir': '0', 'b:a': '32k', 'abr': 'True'}",53.09375,-3.138,-1.383,0.8470646799833048,1.020209027785301
"{'ar': '44100', 'sample_fmt': 's32p', 'compression_level': '8', 'reservoir': '1', 'b:a': '154k'}",223.037109375,-2.692,-0.815,0.4550845100020524,1.9963414622401605
"{'ar': '44100', 'sample_fmt': 's32p', 'compression_level': '8', 'reservoir': '0', 'b:a': '136k'}",178.4443359375,-2.892,-1.051,0.4427174550073687,1.5279749054927925
"{'ar': '44100', 'sample_fmt': 's32p', 'compression_level': '7', 'reservoir': '1', 'b:a': '137k'}",178.4443359375,-2.916,-1.081,0.44111005996819586,1.4627114523584757
"{'ar': '44100', 'sample_fmt': 's32p', 'compression_level': '7', 'reservoir': '1', 'b:a': '170k', 'abr': 'True'}",229.6513671875,-2.677,-0.798,0.4761739309760742,2.02454040561006
"{'ar': '44100', 'sample_fmt': 's16p', 'compression_level': '8', 'reservoir': '1', 'b:a': '212k'}",312.220703125,-2.602,-0.717,0.4510728870227467,2.094940198157394
"{'ar': '44100', 'sample_fmt': 's16p', 'compression_level': '8', 'reservoir': '1', 'b:a': '168k'}",223.037109375,-2.689,-0.812,0.45931136497529224,2.0039652319136865
"{'ar': '44100', 'sample_fmt': 's16p', 'compression_level': '1', 'reservoir': '0', 'b:a': '32k', 'abr': 'True'}",53.09375,-3.138,-1.383,0.866890938981669,1.0187436117002033
"{'ar': '44100', 'sample_fmt': 's32p', 'compression_level': '8', 'reservoir': '0', 'b:a': '136k'}",178.4443359375,-2.892,-1.051,0.46539684900199063,1.5262986059567716
"{'ar': '44100', 'sample_fmt': 's16p', 'compression_level': '8', 'reservoir': '1', 'b:a': '170k'}",223.037109375,-2.689,-0.812,0.4764659969951026,2.002697283497506
"{'ar': '44100', 'sample_fmt': 's16p', 'compression_level': '1', 'reservoir': '0', 'b:a': '32k'}",44.771484375,-3.131,-1.373,0.8616633340134285,1.0518736927425463
"{'ar': '44100', 'sample_fmt': 's32p', 'compression_level': '8', 'reservoir': '1', 'b:a': '99k'}",133.853515625,-3.284,-1.617,0.4622689849929884,0.5057966978560501
"{'ar': '44100', 'sample_fmt': 'fltp', 'compression_level': '8', 'reservoir': '0', 'b:a': '32k'}",44.771484375,-3.303,-1.649,0.43592667300254107,0.5955252906839434
"{'ar': '44100', 'sample_fmt': 's32p', 'compression_level': '7', 'reservoir': '1', 'b:a': '170k', 'abr': 'True'}",229.6513671875,-2.677,-0.798,0.4510283740237355,2.026398986375586
"{'ar': '44100', 'sample_fmt': 's16p', 'compression_level': '2', 'reservoir': '1', 'b:a': '167k'}",223.037109375,-2.688,-0.811,0.7201529019803274,1.9873310765293273
"{'ar': '44100', 'sample_fmt': 's16p', 'compression_level': '8', 'reservoir': '1', 'aq': '9'}",97.146484375,-3.315,-1.67,0.43425262297387235,0.47749221012533627
"{'ar': '44100', 'sample_fmt': 's32p', 'compression_level': '9', 'reservoir': '1', 'b:a': '148k'}",223.037109375,-2.692,-0.815,0.44957078297738917,1.9967489977349528
"{'ar': '44100', 'sample_fmt': 's16p', 'compression_level': '1', 'reservoir': '0', 'b:a': '32k', 'abr': 'True'}",53.09375,-3.138,-1.383,0.8443627060041763,1.02040873848871
"{'ar': '44100', 'sample_fmt': 's32p', 'compression_level': '8', 'reservoir': '0', 'b:a': '148k'}",223.037109375,-2.706,-0.831,0.4498007780057378,1.9590655338821035
"{'ar': '44100', 'sample_fmt': 's32p', 'compression_level': '7', 'reservoir': '1', 'b:a': '170k', 'abr': 'True'}",229.6513671875,-2.677,-0.798,0.4472107329929713,2.0266811592541947
"{'ar': '44100', 'sample_fmt': 'fltp', 'compression_level': '9', 'reservoir': '1', 'b:a': '115k'}",156.1484375,-3.068,-1.283,0.4422775669954717,1.0803287848092942
"{'ar': '44100', 'sample_fmt': 's16p', 'compression_level': '8', 'reservoir': '1', 'b:a': '210k'}",312.220703125,-2.602,-0.717,0.447278967971215,2.0952206176759796
"{'ar': '44100', 'sample_fmt': 's32p', 'compression_level': '8', 'reservoir': '1', 'b:a': '160k', 'abr': 'True'}",215.2890625,-2.714,-0.84,0.5332497639756184,1.9437822340270987
"{'ar': '44100', 'sample_fmt': 's32p', 'compression_level': '7', 'reservoir': '1', 'b:a': '170k'}",223.037109375,-2.692,-0.815,0.44553214401821606,1.9970475052089631
"{'ar': '44100', 'sample_fmt': 's32p', 'compression_level': '8', 'reservoir': '1', 'b:a': '148k'}",223.037109375,-2.692,-0.815,0.8621004710148554,1.9662577366009024
"{'ar': '44100', 'sample_fmt': 's32p', 'compression_level': '5', 'reservoir': '1', 'b:a': '173k'}",223.037109375,-2.652,-0.771,0.8068344439961948,2.0774202917931843
"{'ar': '44100', 'sample_fmt': 's32p', 'compression_level': '2', 'reservoir': '0', 'b:a': '154k'}",223.037109375,-2.679,-0.801,0.9237291919998825,1.9964081893754082
"{'ar': '44100', 'sample_fmt': 'fltp', 'compression_level': '5', 'reservoir': '1', 'b:a': '159k'}",223.037109375,-2.652,-0.771,0.5903708540135995,2.0934197411408735
"{'ar': '32000', 'sample_fmt': 's32p', 'compression_level': '8', 'reservoir': '0', 'b:a': '165k'}",223.671875,-3.202,-1.481,0.508986756001832,0.5929809214738044
"{'ar': '44100', 'sample_fmt': 's32p', 'compression_level': '8', 'reservoir': '1', 'b:a': '295k'}",445.9951171875,-2.585,-0.698,0.5019351869996171,1.9233243737182735
"{'ar': '44100', 'sample_fmt': 's32p', 'compression_level': '8', 'reservoir': '0', 'b:a': '150k'}",223.037109375,-2.706,-0.831,0.45375338997109793,1.9587733849117572
"{'ar': '32000', 'sample_fmt': 's16p', 'compression_level': '7', 'reservoir': '1', 'aq': '9'}",81.7109375,-3.514,-2.081,0.4056680790090468,-0.08907610326072372
"{'ar': '44100', 'sample_fmt': 's32p', 'compression_level': '8', 'reservoir': '1', 'b:a': '154k'}",223.037109375,-2.692,-0.815,0.4603493130125571,1.9959523254384521
"{'ar': '44100', 'sample_fmt': 's32p', 'compression_level': '8', 'reservoir': '1', 'b:a': '214k'}",312.220703125,-2.6,-0.715,0.47560462600085884,2.0984177789430905
"{'ar': '44100', 'sample_fmt': 's16p', 'compression_level': '1', 'reservoir': '0', 'b:a': '32k', 'abr': 'True'}",53.09375,-3.138,-1.383,0.8792592069949023,1.0178294372766328
"{'ar': '44100', 'sample_fmt': 's16p', 'compression_level': '8', 'reservoir': '1', 'b:a': '212k'}",312.220703125,-2.602,-0.717,0.4839842799992766,2.0925076220140704
"{'ar': '44100', 'sample_fmt': 's32p', 'compression_level': '8', 'reservoir': '1', 'b:a': '154k'}",223.037109375,-2.692,-0.815,0.4561562459857669,1.9962622471371174
"{'ar': '44100', 'sample_fmt': 's16p', 'compression_level': '2', 'reservoir': '1', 'b:a': '304k'}",445.9951171875,-2.586,-0.7,0.7113385209813714,1.9048859136362462
"{'ar': '44100', 'sample_fmt': 'fltp', 'compression_level': '0', 'reservoir': '0', 'b:a': '153k'}",223.037109375,-2.693,-0.817,1.3463628180033993,1.9275036527379363
"{'ar': '44100', 'sample_fmt': 's32p', 'compression_level': '7', 'reservoir': '1', 'b:a': '150k'}",223.037109375,-2.692,-0.815,0.4478374350001104,1.9968771144919863
"{'ar': '44100', 'sample_fmt': 's32p', 'compression_level': '7', 'reservoir': '1', 'b:a': '164k'}",223.037109375,-2.692,-0.815,0.44960831096977927,1.9967462239326084
"{'ar': '44100', 'sample_fmt': 's16p', 'compression_level': '9', 'reservoir': '1', 'b:a': '295k'}",445.9951171875,-2.585,-0.699,0.4618307310156524,1.9259731515224698
"{'ar': '44100', 'sample_fmt': 's32p', 'compression_level': '8', 'reservoir': '1', 'b:a': '150k'}",223.037109375,-2.692,-0.815,0.45170538197271526,1.996591223355871
"{'ar': '44100', 'sample_fmt': 's32p', 'compression_level': '8', 'reservoir': '1', 'b:a': '148k'}",223.037109375,-2.692,-0.815,0.45186931698117405,1.9965791064457505
"{'ar': '44100', 'sample_fmt': 's16p', 'compression_level': '8', 'reservoir': '1', 'b:a': '240k'}",312.220703125,-2.602,-0.717,0.46185839601093903,2.0941430100263116
"{'ar': '44100', 'sample_fmt': 's32p', 'compression_level': '8', 'reservoir': '1', 'b:a': '165k'}",223.037109375,-2.692,-0.815,0.45467314499546774,1.9963718674163233
"{'ar': '44100', 'sample_fmt': 's16p', 'compression_level': '8', 'reservoir': '1', 'b:a': '114k'}",156.1484375,-3.065,-1.278,0.4507988629920874,1.0882660567559468
"{'ar': '44100', 'sample_fmt': 's32p', 'compression_level': '9', 'reservoir': '1', 'b:a': '148k'}",223.037109375,-2.692,-0.815,0.443943438003771,1.9971649310606203
"{'ar': '44100', 'sample_fmt': 's16p', 'compression_level': '1', 'reservoir': '0', 'b:a': '183k', 'abr': 'True'}",270.90625,-2.643,-0.761,1.076116476993775,2.0052578098577074
"{'ar': '44100', 'sample_fmt': 's32p', 'compression_level': '8', 'reservoir': '0', 'b:a': '123k'}",178.4443359375,-2.892,-1.051,0.44782627996755764,1.5275972974794387
"{'ar': '44100', 'sample_fmt': 's16p', 'compression_level': '9', 'reservoir': '1', 'b:a': '115k'}",156.1484375,-3.065,-1.278,0.4482535880233627,1.088454185382758
"{'ar': '44100', 'sample_fmt': 's32p', 'compression_level': '8', 'reservoir': '0', 'b:a': '123k'}",178.4443359375,-2.892,-1.051,0.4541251469927374,1.527131730018762
"{'ar': '44100', 'sample_fmt': 's32p', 'compression_level': '6', 'reservoir': '1', 'b:a': '170k', 'abr': 'True'}",230.1552734375,-2.654,-0.773,0.5655824359855615,2.078602929781551
"{'ar': '44100', 'sample_fmt': 's16p', 'compression_level': '8', 'reservoir': '1', 'b:a': '168k'}",223.037109375,-2.689,-0.812,0.4661814649880398,2.0034574429724774
"{'ar': '44100', 'sample_fmt': 's32p', 'compression_level': '7', 'reservoir': '1', 'b:a': '292k'}",445.9951171875,-2.585,-0.698,0.46001775102922693,1.9264226125197603
"{'ar': '44100', 'sample_fmt': 's32p', 'compression_level': '8', 'reservoir': '0', 'b:a': '123k'}",178.4443359375,-2.892,-1.051,0.44755957400775515,1.5276170104875013
"{'ar': '44100', 'sample_fmt': 's32p', 'compression_level': '8', 'reservoir': '0', 'b:a': '165k'}",223.037109375,-2.706,-0.831,0.4486875380098354,1.9591478166666016
"{'ar': '44100', 'sample_fmt': 's32p', 'compression_level': '7', 'reservoir': '1', 'b:a': '281k', 'abr': 'True'}",386.671875,-2.596,-0.711,0.4603640859713778,1.9913267363362641
"{'ar': '44100', 'sample_fmt': 's32p', 'compression_level': '1', 'reservoir': '0', 'b:a': '136k'}",178.4443359375,-2.938,-1.109,0.9806827470310964,1.362738608256112
"{'ar': '32000', 'sample_fmt': 's32p', 'compression_level': '9', 'reservoir': '0', 'b:a': '149k', 'abr': 'True'}",226.6953125,-3.228,-1.522,0.4382848849927541,0.5198701303098932
"{'ar': '44100', 'sample_fmt': 's32p', 'compression_level': '9', 'reservoir': '0', 'b:a': '136k'}",178.4443359375,-2.892,-1.051,0.4483972279995214,1.5275550970607987
"{'ar': '44100', 'sample_fmt': 's32p', 'compression_level': '8', 'reservoir': '1', 'b:a': '148k'}",223.037109375,-2.692,-0.815,0.4919977819954511,1.99361309565637
"{'ar': '44100', 'sample_fmt': 's32p', 'compression_level': '8', 'reservoir': '0', 'b:a': '149k'}",223.037109375,-2.706,-0.831,0.48557372199138626,1.9564214522360301
"{'ar': '44100', 'sample_fmt': 's32p', 'compression_level': '8', 'reservoir': '1', 'b:a': '211k'}",312.220703125,-2.6,-0.715,0.465303559001768,2.0991791605670964
"{'ar': '44100', 'sample_fmt': 's16p', 'compression_level': '1', 'reservoir': '0', 'b:a': '32k', 'abr': 'True'}",53.09375,-3.138,-1.383,0.8510822610114701,1.0199120767638126
"{'ar': '44100', 'sample_fmt': 's32p', 'compression_level': '8', 'reservoir': '0', 'b:a': '165k'}",223.037109375,-2.706,-0.831,0.45717664499534294,1.9585203622423604
"{'ar': '44100', 'sample_fmt': 's32p', 'compression_level': '7', 'reservoir': '1', 'b:a': '164k'}",223.037109375,-2.692,-0.815,0.45335674300440587,1.9964691664908647
"{'ar': '44100', 'sample_fmt': 's16p', 'compression_level': '2', 'reservoir': '0', 'b:a': '165k'}",223.037109375,-2.701,-0.826,0.699538169981679,1.9538337029217996
"{'ar': '44100', 'sample_fmt': 's16p', 'compression_level': '7', 'reservoir': '1', 'b:a': '146k'}",223.037109375,-2.689,-0.812,0.45506727302563377,2.0042789250118234
"{'ar': '44100', 'sample_fmt': 's32p', 'compression_level': '7', 'reservoir': '1', 'b:a': '164k', 'abr': 'True'}",221.1787109375,-2.699,-0.824,0.45224904600763693,1.980367729653063
"{'ar': '44100', 'sample_fmt': 's16p', 'compression_level': '8', 'reservoir': '1', 'b:a': '149k'}",223.037109375,-2.689,-0.812,0.44809147401247174,2.004794526471541
"{'ar': '44100', 'sample_fmt': 's32p', 'compression_level': '8', 'reservoir': '0', 'b:a': '138k'}",178.4443359375,-2.892,-1.051,0.447300155996345,1.5276361848222417
"{'ar': '44100', 'sample_fmt': 's32p', 'compression_level': '6', 'reservoir': '1', 'b:a': '170k', 'abr': 'True'}",230.1552734375,-2.654,-0.773,0.5618300409987569,2.07888028013654
"{'ar': '8000', 'sample_fmt': 's32p', 'compression_level': '0', 'reservoir': '1', 'aq': '9'}",35.8671875,-3.85,-3.441,0.3931846850027796,-1.2268847189234025
"{'ar': '44100', 'sample_fmt': 's16p', 'compression_level': '9', 'reservoir': '1', 'b:a': '295k'}",445.9951171875,-2.585,-0.699,0.4661632200295571,1.9256529247419154
"{'ar': '44100', 'sample_fmt': 's32p', 'compression_level': '9', 'reservoir': '1', 'b:a': '148k'}",223.037109375,-2.692,-0.815,0.4493292030238081,1.9967668536073009
"{'ar': '44100', 'sample_fmt': 's16p', 'compression_level': '8', 'reservoir': '1', 'b:a': '210k'}",312.220703125,-2.602,-0.717,0.4637780580087565,2.0940011222617168
"{'ar': '44100', 'sample_fmt': 's32p', 'compression_level': '8', 'reservoir': '1', 'b:a': '146k'}",223.037109375,-2.692,-0.815,0.46030161398812197,1.9959558510111615
"{'ar': '44100', 'sample_fmt': 's32p', 'compression_level': '8', 'reservoir': '0', 'b:a': '161k'}",223.037109375,-2.706,-0.831,0.45415470501757227,1.9587437225571829
"{'ar': '44100', 'sample_fmt': 's32p', 'compression_level': '8', 'reservoir': '0', 'b:a': '123k'}",178.4443359375,-2.892,-1.051,0.4746389999927487,1.5256154918743885
"{'ar': '44100', 'sample_fmt': 's32p', 'compression_level': '5', 'reservoir': '1', 'b:a': '295k'}",445.9951171875,-2.592,-0.706,0.5429397649713792,1.9014603747610184
"{'ar': '44100', 'sample_fmt': 's32p', 'compression_level': '9', 'reservoir': '1', 'b:a': '148k'}",223.037109375,-2.692,-0.815,0.44864400901133195,1.9968174982764428
"{'ar': '44100', 'sample_fmt': 'fltp', 'compression_level': '5', 'reservoir': '1', 'b:a': '159k'}",223.037109375,-2.652,-0.771,0.575504701002501,2.094518541461589
"{'ar': '44100', 'sample_fmt': 's16p', 'compression_level': '9', 'reservoir': '1', 'b:a': '148k'}",223.037109375,-2.689,-0.812,0.4604129829676822,2.003883808145046
"{'ar': '44100', 'sample_fmt': 's16p', 'compression_level': '2', 'reservoir': '1', 'b:a': '167k'}",223.037109375,-2.688,-0.811,0.7556883440120146,1.984704549338868
"{'ar': '44100', 'sample_fmt': 's16p', 'compression_level': '1', 'reservoir': '1', 'b:a': '32k', 'abr': 'True'}",48.26953125,-3.138,-1.383,0.8857324839918874,1.0250488137884977
"{'ar': '44100', 'sample_fmt': 's32p', 'compression_level': '7', 'reservoir': '1', 'b:a': '164k', 'abr': 'True'}",221.1787109375,-2.699,-0.824,0.47492132999468595,1.9786919556382443
"{'ar': '44100', 'sample_fmt': 's32p', 'compression_level': '8', 'reservoir': '1', 'b:a': '239k'}",312.220703125,-2.6,-0.715,0.5144236879714299,2.0955485499158306
"{'ar': '44100', 'sample_fmt': 's32p', 'compression_level': '7', 'reservoir': '1', 'b:a': '146k', 'abr': 'True'}",195.5517578125,-2.795,-0.934,0.44678424202720635,1.7632892139006795
"{'ar': '44100', 'sample_fmt': 's16p', 'compression_level': '8', 'reservoir': '1', 'b:a': '170k'}",223.037109375,-2.689,-0.812,0.45853814997826703,2.0040223824681087
"{'ar': '44100', 'sample_fmt': 's32p', 'compression_level': '8', 'reservoir': '0', 'b:a': '150k'}",223.037109375,-2.706,-0.831,0.48907579100341536,1.9561626041970848
"{'ar': '44100', 'sample_fmt': 's32p', 'compression_level': '7', 'reservoir': '1', 'b:a': '164k', 'abr': 'True'}",221.1787109375,-2.699,-0.824,0.4716897119942587,1.9789308138615282
"{'ar': '44100', 'sample_fmt': 's32p', 'compression_level': '9', 'reservoir': '1', 'b:a': '148k'}",223.037109375,-2.692,-0.815,0.452624937024666,1.9965232563851796
"{'ar': '44100', 'sample_fmt': 's16p', 'compression_level': '8', 'reservoir': '1', 'b:a': '166k'}",223.037109375,-2.689,-0.812,0.44671906702569686,2.0048959650371265
"{'ar': '44100', 'sample_fmt': 'fltp', 'compression_level': '1', 'reservoir': '0', 'b:a': '145k', 'abr': 'True'}",224.6767578125,-2.796,-0.936,0.9964489559934009,1.6732273204432846
"{'ar': '44100', 'sample_fmt': 's16p', 'compression_level': '8', 'reservoir': '1', 'b:a': '282k'}",356.8115234375,-2.595,-0.709,0.463753287011059,2.041684191500463
"{'ar': '44100', 'sample_fmt': 'fltp', 'compression_level': '8', 'reservoir': '0', 'b:a': '138k'}",178.4443359375,-2.892,-1.051,0.45403627201449126,1.5271382990251838
"{'ar': '44100', 'sample_fmt': 's32p', 'compression_level': '8', 'reservoir': '1', 'b:a': '148k'}",223.037109375,-2.692,-0.815,0.45691025399719365,1.996206516226494
"{'ar': '44100', 'sample_fmt': 's32p', 'compression_level': '9', 'reservoir': '1', 'b:a': '148k'}",223.037109375,-2.692,-0.815,0.47158048799610697,1.9951221968460233
"{'ar': '44100', 'sample_fmt': 's16p', 'compression_level': '7', 'reservoir': '1', 'b:a': '282k'}",356.8115234375,-2.595,-0.709,0.46768029098166153,2.0413939352909964
"{'ar': '44100', 'sample_fmt': 's32p', 'compression_level': '8', 'reservoir': '0', 'b:a': '165k'}",223.037109375,-2.706,-0.831,0.46016958699328825,1.9582991452520087
"{'ar': '44100', 'sample_fmt': 's32p', 'compression_level': '8', 'reservoir': '0', 'b:a': '210k'}",312.220703125,-2.606,-0.721,0.4606571070034988,2.083650215785067
"{'ar': '44100', 'sample_fmt': 's32p', 'compression_level': '7', 'reservoir': '1', 'b:a': '281k', 'abr': 'True'}",386.671875,-2.596,-0.711,0.45970419902005233,1.9913755104873985
"{'ar': '44100', 'sample_fmt': 's32p', 'compression_level': '1', 'reservoir': '0', 'aq': '9'}",112.5185546875,-3.343,-1.721,0.4851963019755203,0.36787150881234454
"{'ar': '44100', 'sample_fmt': 's16p', 'compression_level': '8', 'reservoir': '1', 'b:a': '295k'}",445.9951171875,-2.585,-0.699,0.46746550701209344,1.9255566689484358
"{'ar': '44100', 'sample_fmt': 's16p', 'compression_level': '2', 'reservoir': '0', 'b:a': '154k'}",223.037109375,-2.701,-0.826,0.7258861479931511,1.9518862477417276
"{'ar': '44100', 'sample_fmt': 's32p', 'compression_level': '9', 'reservoir': '1', 'b:a': '148k'}",223.037109375,-2.692,-0.815,0.4565664300171193,1.9962319292502462
"{'ar': '48000', 'sample_fmt': 's16p', 'compression_level': '8', 'reservoir': '1', 'b:a': '149k'}",223.203125,-3.588,-2.274,0.45941319700796157,-0.5521215087990818
"{'ar': '44100', 'sample_fmt': 's32p', 'compression_level': '7', 'reservoir': '1', 'b:a': '164k', 'abr': 'True'}",221.1787109375,-2.699,-0.824,0.4579217259888537,1.979948445486001
"{'ar': '44100', 'sample_fmt': 's16p', 'compression_level': '8', 'reservoir': '1', 'b:a': '146k'}",223.037109375,-2.689,-0.812,0.5131438050011639,1.9999863207373278
"{'ar': '44100', 'sample_fmt': 's16p', 'compression_level': '1', 'reservoir': '0', 'b:a': '32k'}",44.771484375,-3.131,-1.373,0.9290464599907864,1.0468932112165292
"{'ar': '8000', 'sample_fmt': 'fltp', 'compression_level': '0', 'reservoir': '0', 'aq': '9'}",40.578125,-3.85,-3.441,0.4262524360092357,-1.2368459281766384
"{'ar': '44100', 'sample_fmt': 's32p', 'compression_level': '9', 'reservoir': '1', 'b:a': '148k'}",223.037109375,-2.692,-0.815,0.47046950602089055,1.9952043127336887
"{'ar': '44100', 'sample_fmt': 's32p', 'compression_level': '8', 'reservoir': '1', 'b:a': '149k'}",223.037109375,-2.692,-0.815,0.4657652289897669,1.9955520194407752
"{'ar': '32000', 'sample_fmt': 's16p', 'compression_level': '8', 'reservoir': '1', 'b:a': '109k'}",156.59375,-3.409,-1.849,0.4398121220001485,0.10674218192495843
"{'ar': '44100', 'sample_fmt': 's16p', 'compression_level': '8', 'reservoir': '1', 'b:a': '240k'}",312.220703125,-2.602,-0.717,0.4701673050003592,2.0935288745565934
"{'ar': '44100', 'sample_fmt': 's32p', 'compression_level': '7', 'reservoir': '1', 'b:a': '149k'}",223.037109375,-2.692,-0.815,0.488179265987128,1.993895333207098
"{'ar': '44100', 'sample_fmt': 's32p', 'compression_level': '7', 'reservoir': '1', 'b:a': '164k', 'abr': 'True'}",221.1787109375,-2.699,-0.824,0.4588912599720061,1.979876784428104
"{'ar': '44100', 'sample_fmt': 's16p', 'compression_level': '8', 'reservoir': '1', 'b:a': '282k'}",356.8115234375,-2.595,-0.709,0.4587358759599738,2.0420550428476796
"{'ar': '44100', 'sample_fmt': 's16p', 'compression_level': '8', 'reservoir': '1', 'b:a': '281k'}",356.8115234375,-2.595,-0.709,0.495653998979833,2.0393263177105077
"{'ar': '8000', 'sample_fmt': 's32p', 'compression_level': '0', 'reservoir': '1', 'aq': '9'}",35.8671875,-3.85,-3.441,0.41799196097417735,-1.2287182963642571
"{'ar': '44100', 'sample_fmt': 's16p', 'compression_level': '8', 'reservoir': '1', 'b:a': '173k', 'abr': 'True'}",234.02734375,-2.665,-0.786,0.4704423619841691,2.0497262064584265
"{'ar': '44100', 'sample_fmt': 's32p', 'compression_level': '8', 'reservoir': '1', 'b:a': '148k'}",223.037109375,-2.692,-0.815,0.4496761499904096,1.9967412097545914
"{'ar': '44100', 'sample_fmt': 's32p', 'compression_level': '8', 'reservoir': '0', 'b:a': '239k'}",312.220703125,-2.606,-0.721,0.46713231297326274,2.0831716146035135
"{'ar': '44100', 'sample_fmt': 's32p', 'compression_level': '8', 'reservoir': '0', 'b:a': '150k'}",223.037109375,-2.706,-0.831,0.459595091000665,1.9583416079106717
"{'ar': '44100', 'sample_fmt': 's16p', 'compression_level': '8', 'reservoir': '0', 'b:a': '115k'}",156.1484375,-3.102,-1.33,0.45901871696696617,0.9850469663850097
"{'ar': '44100', 'sample_fmt': 's16p', 'compression_level': '2', 'reservoir': '0', 'b:a': '167k'}",223.037109375,-2.701,-0.826,0.703233000007458,1.9535606073593978
"{'ar': '44100', 'sample_fmt': 's16p', 'compression_level': '8', 'reservoir': '1', 'b:a': '293k'}",445.9951171875,-2.585,-0.699,0.4653645069920458,1.9257119599301797
"{'ar': '44100', 'sample_fmt': 's16p', 'compression_level': '7', 'reservoir': '1', 'b:a': '115k'}",156.1484375,-3.065,-1.278,0.44899031199747697,1.0883997319852698
"{'ar': '48000', 'sample_fmt': 'fltp', 'compression_level': '8', 'reservoir': '1', 'b:a': '154k'}",223.203125,-3.589,-2.276,0.4670754500257317,-0.5556487027116307
"{'ar': '44100', 'sample_fmt': 's32p', 'compression_level': '7', 'reservoir': '0', 'b:a': '165k', 'abr': 'True'}",237.4814453125,-2.697,-0.821,0.45481451600790024,1.9597706630076546
"{'ar': '44100', 'sample_fmt': 's32p', 'compression_level': '8', 'reservoir': '0', 'b:a': '210k'}",312.220703125,-2.606,-0.721,0.4714628549700137,2.082851531732622
"{'ar': '32000', 'sample_fmt': 's16p', 'compression_level': '7', 'reservoir': '1', 'aq': '9'}",81.7109375,-3.514,-2.081,0.46035902900621295,-0.0931184693894893
"{'ar': '44100', 'sample_fmt': 's16p', 'compression_level': '8', 'reservoir': '1', 'b:a': '211k'}",312.220703125,-2.602,-0.717,0.45587190400692634,2.094585488946652
"{'ar': '44100', 'sample_fmt': 's32p', 'compression_level': '7', 'reservoir': '0', 'b:a': '151k'}",223.037109375,-2.706,-0.831,0.45419972500531003,1.9587403949998161
"{'ar': '44100', 'sample_fmt': 's32p', 'compression_level': '9', 'reservoir': '1', 'b:a': '147k'}",223.037109375,-2.692,-0.815,0.4552134080149699,1.9963319350156103
"{'ar': '44100', 'sample_fmt': 's32p', 'compression_level': '7', 'reservoir': '1', 'b:a': '123k'}",178.4443359375,-2.916,-1.081,0.45292912900913507,1.4618378708177069
"{'ar': '44100', 'sample_fmt': 's32p', 'compression_level': '7', 'reservoir': '0', 'b:a': '32k'}",44.771484375,-3.303,-1.649,0.5377552860009018,0.5879988436914322
"{'ar': '44100', 'sample_fmt': 's32p', 'compression_level': '7', 'reservoir': '1', 'b:a': '307k'}",445.9951171875,-2.585,-0.698,0.5112866170238703,1.9226331825067928
"{'ar': '44100', 'sample_fmt': 's16p', 'compression_level': '2', 'reservoir': '0', 'b:a': '167k'}",223.037109375,-2.701,-0.826,1.0352802500128746,1.9290180357521904
"{'ar': '44100', 'sample_fmt': 's32p', 'compression_level': '7', 'reservoir': '1', 'b:a': '292k'}",445.9951171875,-2.585,-0.698,0.721422739996342,1.9071014145273
"{'ar': '44100', 'sample_fmt': 's16p', 'compression_level': '8', 'reservoir': '0', 'b:a': '124k', 'abr': 'True'}",176.4453125,-3.024,-1.221,0.5634297049837187,1.161062761336862
"{'ar': '44100', 'sample_fmt': 'fltp', 'compression_level': '5', 'reservoir': '1', 'b:a': '296k'}",445.9951171875,-2.592,-0.706,0.5860241480113473,1.898275883530046
"{'ar': '44100', 'sample_fmt': 'fltp', 'compression_level': '8', 'reservoir': '1', 'b:a': '148k'}",223.037109375,-2.691,-0.815,0.45770403899950907,1.9984777831208085
"{'ar': '44100', 'sample_fmt': 's32p', 'compression_level': '8', 'reservoir': '0', 'b:a': '136k'}",178.4443359375,-2.892,-1.051,0.5046303900016937,1.5233987415869452
"{'ar': '44100', 'sample_fmt': 's16p', 'compression_level': '7', 'reservoir': '1', 'b:a': '114k'}",156.1484375,-3.065,-1.278,0.5170475009945221,1.0833694285139477
"{'ar': '44100', 'sample_fmt': 's16p', 'compression_level': '2', 'reservoir': '0', 'b:a': '167k'}",223.037109375,-2.701,-0.826,0.735967697983142,1.9511410912540983
"{'ar': '44100', 'sample_fmt': 's32p', 'compression_level': '8', 'reservoir': '1', 'b:a': '118k'}",156.1484375,-3.068,-1.283,0.7149156520026736,1.0601773162335657
"{'ar': '44100', 'sample_fmt': 's32p', 'compression_level': '7', 'reservoir': '1', 'b:a': '164k', 'abr': 'True'}",221.1787109375,-2.699,-0.824,0.5153459970024414,1.9757040517037314
"{'ar': '44100', 'sample_fmt': 's16p', 'compression_level': '8', 'reservoir': '1', 'b:a': '173k'}",223.037109375,-2.689,-0.812,0.5138505900104064,1.9999340802152337
"{'ar': '44100', 'sample_fmt': 's32p', 'compression_level': '9', 'reservoir': '0', 'b:a': '136k'}",178.4443359375,-2.892,-1.051,0.49187527599860914,1.5243415089153112
"{'ar': '44100', 'sample_fmt': 's32p', 'compression_level': '7', 'reservoir': '1', 'b:a': '164k', 'abr': 'True'}",221.1787109375,-2.699,-0.824,0.4708431289764121,1.9789933872583463
"{'ar': '44100', 'sample_fmt': 's16p', 'compression_level': '8', 'reservoir': '1', 'b:a': '242k'}",356.8115234375,-2.595,-0.709,0.4848609950277023,2.0401240598160295
"{'ar': '44100', 'sample_fmt': 'fltp', 'compression_level': '8', 'reservoir': '0', 'b:a': '138k'}",178.4443359375,-2.892,-1.051,0.46200107398908585,1.5265495974991345
"{'ar': '44100', 'sample_fmt': 's32p', 'compression_level': '1', 'reservoir': '0', 'b:a': '32k', 'abr': 'True'}",53.119140625,-3.132,-1.375,0.8845444940088782,1.0339015658120136
"{'ar': '44100', 'sample_fmt': 's16p', 'compression_level': '8', 'reservoir': '1', 'b:a': '211k'}",312.220703125,-2.602,-0.717,0.4597674490069039,2.0942975579605965
"{'ar': '44100', 'sample_fmt': 's32p', 'compression_level': '9', 'reservoir': '1', 'b:a': '148k'}",223.037109375,-2.692,-0.815,0.464192457991885,1.9956682674893185
"{'ar': '44100', 'sample_fmt': 'fltp', 'compression_level': '9', 'reservoir': '1', 'aq': '9'}",97.1474609375,-3.314,-1.668,0.44971710798563436,0.47930848174554846
"{'ar': '44100', 'sample_fmt': 's32p', 'compression_level': '8', 'reservoir': '1', 'b:a': '148k'}",223.037109375,-2.692,-0.815,0.45737980701960623,1.996171810205963
"{'ar': '44100', 'sample_fmt': 'fltp', 'compression_level': '5', 'reservoir': '1', 'b:a': '284k'}",356.8115234375,-2.593,-0.707,0.5503492030256893,2.040574429644002
"{'ar': '44100', 'sample_fmt': 'fltp', 'compression_level': '1', 'reservoir': '0', 'b:a': '136k'}",178.4443359375,-2.938,-1.109,0.9649251369992271,1.3639032987408526
"{'ar': '44100', 'sample_fmt': 's16p', 'compression_level': '8', 'reservoir': '1', 'b:a': '282k'}",356.8115234375,-2.595,-0.709,0.46968942301464267,2.0412454345376037
"{'ar': '44100', 'sample_fmt': 's16p', 'compression_level': '8', 'reservoir': '1', 'b:a': '282k'}",356.8115234375,-2.595,-0.709,0.4710534170153551,2.0411446178001253
"{'ar': '44100', 'sample_fmt': 's32p', 'compression_level': '7', 'reservoir': '1', 'b:a': '164k', 'abr': 'True'}",221.1787109375,-2.699,-0.824,0.462505803006934,1.9796096231091633
"{'ar': '44100', 'sample_fmt': 's32p', 'compression_level': '8', 'reservoir': '1', 'b:a': '148k'}",223.037109375,-2.692,-0.815,0.48493559600319713,1.9941350822273036
"{'ar': '44100', 'sample_fmt': 's32p', 'compression_level': '9', 'reservoir': '1', 'b:a': '148k'}",223.037109375,-2.692,-0.815,0.45614719099830836,1.9962629164174024
"{'ar': '44100', 'sample_fmt': 's16p', 'compression_level': '2', 'reservoir': '1', 'b:a': '167k'}",223.037109375,-2.688,-0.811,0.7383208959945478,1.9859882276003087
"{'ar': '44100', 'sample_fmt': 's32p', 'compression_level': '8', 'reservoir': '0', 'b:a': '122k'}",178.4443359375,-2.892,-1.051,0.4500686079845764,1.52743156053711
"{'ar': '48000', 'sample_fmt': 's32p', 'compression_level': '8', 'reservoir': '1', 'aq': '9'}",102.0546875,-3.349,-1.733,0.4467396299878601,0.36964564715181397
"{'ar': '44100', 'sample_fmt': 's32p', 'compression_level': '8', 'reservoir': '0', 'b:a': '136k'}",178.4443359375,-2.892,-1.051,0.45389644100214355,1.52714863433931
"{'ar': '44100', 'sample_fmt': 's32p', 'compression_level': '8', 'reservoir': '0', 'b:a': '122k'}",178.4443359375,-2.892,-1.051,0.45815975897130556,1.526833520190523
"{'ar': '44100', 'sample_fmt': 's16p', 'compression_level': '8', 'reservoir': '1', 'b:a': '295k'}",445.9951171875,-2.585,-0.699,0.47816195999621414,1.924766063203917
"{'ar': '44100', 'sample_fmt': 's32p', 'compression_level': '7', 'reservoir': '1', 'b:a': '168k', 'abr': 'True'}",226.8955078125,-2.684,-0.807,0.4545434860046953,2.0113879110243467
"{'ar': '44100', 'sample_fmt': 's32p', 'compression_level': '5', 'reservoir': '1', 'b:a': '165k'}",223.037109375,-2.652,-0.771,0.5720723089762032,2.094772239473206
"{'ar': '44100', 'sample_fmt': 's32p', 'compression_level': '9', 'reservoir': '1', 'b:a': '148k'}",223.037109375,-2.692,-0.815,0.4544231629988644,1.9963903443079465
"{'ar': '44100', 'sample_fmt': 's32p', 'compression_level': '6', 'reservoir': '1', 'b:a': '282k'}",356.8115234375,-2.592,-0.706,0.5595146140258294,2.0425423838816887
"{'ar': '44100', 'sample_fmt': 'fltp', 'compression_level': '7', 'reservoir': '0', 'b:a': '32k'}",44.771484375,-3.303,-1.649,0.4756839180190582,0.5925867178371355
"{'ar': '11025', 'sample_fmt': 's16p', 'compression_level': '3', 'reservoir': '0', 'aq': '9'}",51.2119140625,-3.834,-3.322,0.44526936797774397,-1.1804009294175535
"{'ar': '44100', 'sample_fmt': 's16p', 'compression_level': '8', 'reservoir': '0', 'b:a': '211k'}",312.220703125,-2.606,-0.722,0.46620406600413844,2.08292476561053
"{'ar': '44100', 'sample_fmt': 's16p', 'compression_level': '8', 'reservoir': '0', 'b:a': '32k'}",44.771484375,-3.305,-1.653,0.45878604601603,0.5879139790705761
"{'ar': '44100', 'sample_fmt': 's32p', 'compression_level': '7', 'reservoir': '1', 'b:a': '144k', 'abr': 'True'}",192.5791015625,-2.807,-0.948,0.46464543699403293,1.734336731979087
"{'ar': '44100', 'sample_fmt': 's32p', 'compression_level': '8', 'reservoir': '0', 'b:a': '164k'}",223.037109375,-2.706,-0.831,0.45976014199550264,1.9583294085147738
"{'ar': '44100', 'sample_fmt': 's32p', 'compression_level': '7', 'reservoir': '1', 'b:a': '170k', 'abr': 'True'}",229.6513671875,-2.677,-0.798,0.45589317500707693,2.0260394148794014
"{'ar': '44100', 'sample_fmt': 's32p', 'compression_level': '1', 'reservoir': '0', 'b:a': '136k'}",178.4443359375,-2.938,-1.109,0.9663292460027151,1.3637995169876176
"{'ar': '44100', 'sample_fmt': 's16p', 'compression_level': '8', 'reservoir': '1', 'b:a': '281k'}",356.8115234375,-2.595,-0.709,0.464692687994102,2.0416147576596653
"{'ar': '44100', 'sample_fmt': 's32p', 'compression_level': '8', 'reservoir': '0', 'b:a': '115k'}",156.1484375,-3.098,-1.324,0.4562531089759432,0.9964638822614417
"{'ar': '44100', 'sample_fmt': 's32p', 'compression_level': '8', 'reservoir': '1', 'b:a': '148k'}",223.037109375,-2.692,-0.815,0.4579776359896641,1.9961276229395233
"{'ar': '44100', 'sample_fmt': 's16p', 'compression_level': '2', 'reservoir': '1', 'b:a': '167k'}",223.037109375,-2.688,-0.811,0.7326610290328972,1.986406564720075
"{'ar': '44100', 'sample_fmt': 's16p', 'compression_level': '1', 'reservoir': '0', 'b:a': '32k'}",44.771484375,-3.131,-1.373,0.8495264789671637,1.0527707627651242
"{'ar': '44100', 'sample_fmt': 's32p', 'compression_level': '5', 'reservoir': '0', 'b:a': '159k'}",223.037109375,-2.67,-0.791,0.5655649419641122,2.0470051685319435
"{'ar': '44100', 'sample_fmt': 's16p', 'compression_level': '2', 'reservoir': '1', 'b:a': '167k'}",223.037109375,-2.688,-0.811,0.7403398210299201,1.9858390030178152
"{'ar': '44100', 'sample_fmt': 'fltp', 'compression_level': '8', 'reservoir': '0', 'b:a': '138k'}",178.4443359375,-2.892,-1.051,0.4610923310101498,1.5266167653182707
"{'ar': '44100', 'sample_fmt': 's32p', 'compression_level': '8', 'reservoir': '0', 'b:a': '173k'}",223.037109375,-2.706,-0.831,0.46744899000623263,1.9577611035434868
"{'ar': '44100', 'sample_fmt': 's16p', 'compression_level': '8', 'reservoir': '1', 'b:a': '109k'}",156.1484375,-3.065,-1.278,0.4722934390010778,1.0866773305404502
"{'ar': '44100', 'sample_fmt': 's32p', 'compression_level': '8', 'reservoir': '0', 'b:a': '148k'}",223.037109375,-2.706,-0.831,0.47026046400424093,1.9575532993773122
"{'ar': '44100', 'sample_fmt': 's16p', 'compression_level': '8', 'reservoir': '1', 'b:a': '282k'}",356.8115234375,-2.595,-0.709,0.5096903759986162,2.038288848530794
"{'ar': '44100', 'sample_fmt': 's32p', 'compression_level': '8', 'reservoir': '1', 'b:a': '143k'}",178.4443359375,-2.916,-1.081,0.45983031499781646,1.4613277842222023
"{'ar': '44100', 'sample_fmt': 's32p', 'compression_level': '7', 'reservoir': '1', 'b:a': '164k'}",223.037109375,-2.692,-0.815,0.4897799290192779,1.9937770235777157
"{'ar': '44100', 'sample_fmt': 'fltp', 'compression_level': '9', 'reservoir': '1', 'b:a': '148k'}",223.037109375,-2.691,-0.815,0.4707095719932113,1.9975165066013294
"{'ar': '44100', 'sample_fmt': 's16p', 'compression_level': '5', 'reservoir': '1', 'b:a': '173k'}",223.037109375,-2.666,-0.787,0.6652785160113126,2.0502166351617155
"{'ar': '44100', 'sample_fmt': 's16p', 'compression_level': '7', 'reservoir': '1', 'b:a': '282k'}",356.8115234375,-2.595,-0.709,0.4912394730199594,2.039652608078762
"{'ar': '44100', 'sample_fmt': 's32p', 'compression_level': '8', 'reservoir': '1', 'b:a': '295k'}",445.9951171875,-2.585,-0.698,0.472067677997984,1.925531967602546
"{'ar': '44100', 'sample_fmt': 's16p', 'compression_level': '2', 'reservoir': '1', 'b:a': '167k'}",223.037109375,-2.688,-0.811,0.7458340210141614,1.9854329108229984
"{'ar': '44100', 'sample_fmt': 's16p', 'compression_level': '8', 'reservoir': '1', 'b:a': '145k'}",223.037109375,-2.689,-0.812,0.49698656098917127,2.001180549324172
"{'ar': '44100', 'sample_fmt': 'fltp', 'compression_level': '7', 'reservoir': '0', 'b:a': '138k'}",178.4443359375,-2.892,-1.051,0.49209423700813204,1.5243253248744695
"{'ar': '44100', 'sample_fmt': 's32p', 'compression_level': '8', 'reservoir': '1', 'b:a': '211k'}",312.220703125,-2.6,-0.715,0.46381151699461043,2.0992894417026906
"{'ar': '44100', 'sample_fmt': 's16p', 'compression_level': '8', 'reservoir': '1', 'b:a': '115k'}",156.1484375,-3.065,-1.278,0.4631802660005633,1.087350911486928
"{'ar': '44100', 'sample_fmt': 's32p', 'compression_level': '6', 'reservoir': '1', 'b:a': '170k', 'abr': 'True'}",230.1552734375,-2.654,-0.773,0.5686420630081557,2.078376783908359
"{'ar': '44100', 'sample_fmt': 's16p', 'compression_level': '8', 'reservoir': '1', 'b:a': '212k'}",312.220703125,-2.602,-0.717,0.46636334000504576,2.093810036599909
"{'ar': '44100', 'sample_fmt': 's32p', 'compression_level': '7', 'reservoir': '0', 'b:a': '32k'}",44.771484375,-3.303,-1.649,0.4547157149936538,0.5941365383046052
"{'ar': '44100', 'sample_fmt': 's16p', 'compression_level': '9', 'reservoir': '1', 'b:a': '148k', 'abr': 'True'}",198.4150390625,-2.775,-0.911,0.4616484110301826,1.8114760238102872
"{'ar': '44100', 'sample_fmt': 's32p', 'compression_level': '9', 'reservoir': '1', 'b:a': '148k'}",223.037109375,-2.692,-0.815,0.4645316669775639,1.9956431955731357
"{'ar': '44100', 'sample_fmt': 's32p', 'compression_level': '7', 'reservoir': '1', 'b:a': '164k', 'abr': 'True'}",221.1787109375,-2.699,-0.824,0.4646039840299636,1.9794545404876336
"{'ar': '44100', 'sample_fmt': 's32p', 'compression_level': '1', 'reservoir': '0', 'b:a': '151k'}",223.037109375,-2.686,-0.81,1.0040803809824865,1.971320510308733
"{'ar': '44100', 'sample_fmt': 'fltp', 'compression_level': '1', 'reservoir': '0', 'b:a': '32k', 'abr': 'True'}",53.119140625,-3.132,-1.375,0.907175800006371,1.0322288205987975
"{'ar': '48000', 'sample_fmt': 's16p', 'compression_level': '8', 'reservoir': '0', 'b:a': '115k'}",156.265625,-3.691,-2.607,0.46555403000093065,-0.7907968430838619
"{'ar': '44100', 'sample_fmt': 's32p', 'compression_level': '7', 'reservoir': '1', 'b:a': '165k', 'abr': 'True'}",222.501953125,-2.697,-0.821,0.46745922198169865,1.98273830177533
"{'ar': '44100', 'sample_fmt': 's16p', 'compression_level': '8', 'reservoir': '1', 'b:a': '295k'}",445.9951171875,-2.585,-0.699,0.4817912660073489,1.9244978107107513
"{'ar': '44100', 'sample_fmt': 's16p', 'compression_level': '8', 'reservoir': '1', 'b:a': '281k'}",356.8115234375,-2.595,-0.709,0.4784989769977983,2.0405942949499227
"{'ar': '44100', 'sample_fmt': 's32p', 'compression_level': '8', 'reservoir': '1', 'b:a': '213k'}",312.220703125,-2.6,-0.715,0.470415856980253,2.098801295852926
"{'ar': '44100', 'sample_fmt': 's32p', 'compression_level': '7', 'reservoir': '1', 'b:a': '150k', 'abr': 'True'}",200.861328125,-2.772,-0.906,0.45637573100975715,1.816529391501896
"{'ar': '44100', 'sample_fmt': 's32p', 'compression_level': '9', 'reservoir': '1', 'b:a': '210k'}",312.220703125,-2.6,-0.715,0.4776308169821277,2.0982680173135426
"{'ar': '44100', 'sample_fmt': 's16p', 'compression_level': '8', 'reservoir': '1', 'b:a': '295k'}",445.9951171875,-2.585,-0.699,0.4718291350000072,1.9252341405963447
"{'ar': '44100', 'sample_fmt': 'fltp', 'compression_level': '1', 'reservoir': '0', 'b:a': '32k'}",44.771484375,-3.13,-1.371,0.8629654340038542,1.0547383054242245
"{'ar': '44100', 'sample_fmt': 's32p', 'compression_level': '8', 'reservoir': '0', 'b:a': '123k'}",178.4443359375,-2.892,-1.051,0.4570124359743204,1.5269183221481049
"{'ar': '44100', 'sample_fmt': 's16p', 'compression_level': '8', 'reservoir': '0', 'b:a': '32k'}",44.771484375,-3.305,-1.653,0.4473487760114949,0.5887593407414607
"{'ar': '44100', 'sample_fmt': 's32p', 'compression_level': '7', 'reservoir': '1', 'b:a': '164k', 'abr': 'True'}",221.1787109375,-2.699,-0.824,0.46129180397838354,1.9796993532848803
"{'ar': '48000', 'sample_fmt': 's32p', 'compression_level': '8', 'reservoir': '1', 'b:a': '162k', 'abr': 'True'}",217.390625,-3.6,-2.308,0.47559324200847186,-0.5827274620748994
"{'ar': '44100', 'sample_fmt': 's16p', 'compression_level': '2', 'reservoir': '1', 'b:a': '167k'}",223.037109375,-2.688,-0.811,0.7363367200014181,1.9861348837806925
"{'ar': '44100', 'sample_fmt': 's32p', 'compression_level': '9', 'reservoir': '1', 'b:a': '148k'}",223.037109375,-2.692,-0.815,0.4696961139852647,1.9952614763735457
"{'ar': '44100', 'sample_fmt': 's32p', 'compression_level': '7', 'reservoir': '1', 'b:a': '164k', 'abr': 'True'}",221.1787109375,-2.699,-0.824,0.4667302880261559,1.9792973792159039
"{'ar': '44100', 'sample_fmt': 's32p', 'compression_level': '8', 'reservoir': '0', 'b:a': '123k'}",178.4443359375,-2.892,-1.051,0.48309347304166295,1.524990597344466
"{'ar': '44100', 'sample_fmt': 's32p', 'compression_level': '9', 'reservoir': '1', 'b:a': '32k'}",44.771484375,-3.286,-1.619,0.47377969897934236,0.6418001596530574
"{'ar': '44100', 'sample_fmt': 's32p', 'compression_level': '8', 'reservoir': '0', 'b:a': '150k'}",223.037109375,-2.706,-0.831,0.4671536270179786,1.9577829346753188
"{'ar': '32000', 'sample_fmt': 's16p', 'compression_level': '9', 'reservoir': '1', 'b:a': '210k'}",313.109375,-3.179,-1.445,0.442366740986472,0.5201378189032013
"{'ar': '44100', 'sample_fmt': 's16p', 'compression_level': '2', 'reservoir': '1', 'b:a': '167k'}",223.037109375,-2.688,-0.811,0.7418375720153563,1.9857282999151415
"{'ar': '44100', 'sample_fmt': 's32p', 'compression_level': '9', 'reservoir': '1', 'b:a': '148k'}",223.037109375,-2.692,-0.815,0.46993276799912564,1.9952439845916345
"{'ar': '44100', 'sample_fmt': 's16p', 'compression_level': '8', 'reservoir': '1', 'b:a': '295k'}",445.9951171875,-2.585,-0.699,0.471162881993223,1.9252833852810312
"{'ar': '44100', 'sample_fmt': 's32p', 'compression_level': '8', 'reservoir': '1', 'b:a': '145k', 'abr': 'True'}",193.97265625,-2.802,-0.942,0.46468595499754883,1.7456525309197466
"{'ar': '44100', 'sample_fmt': 's16p', 'compression_level': '8', 'reservoir': '1', 'b:a': '211k'}",312.220703125,-2.602,-0.717,0.4692727660003584,2.093594992518608
"{'ar': '44100', 'sample_fmt': 's32p', 'compression_level': '8', 'reservoir': '0', 'b:a': '115k'}",156.1484375,-3.098,-1.324,0.4517911509901751,0.9967936784677717
"{'ar': '44100', 'sample_fmt': 's32p', 'compression_level': '7', 'reservoir': '1', 'b:a': '164k', 'abr': 'True'}",221.1787109375,-2.699,-0.824,0.4620669450087007,1.9796420603717724
"{'ar': '11025', 'sample_fmt': 'fltp', 'compression_level': '1', 'reservoir': '1', 'b:a': '32k', 'abr': 'True'}",44.53125,-3.818,-3.218,0.5495802319783252,-1.1073640676870289
"{'ar': '44100', 'sample_fmt': 's16p', 'compression_level': '8', 'reservoir': '1', 'b:a': '240k'}",312.220703125,-2.602,-0.717,0.46985899601713754,2.0935516625643174
"{'ar': '44100', 'sample_fmt': 's32p', 'compression_level': '7', 'reservoir': '1', 'b:a': '164k', 'abr': 'True'}",221.1787109375,-2.699,-0.824,0.46106771199265495,1.9797159165709977
"{'ar': '44100', 'sample_fmt': 's32p', 'compression_level': '7', 'reservoir': '1', 'b:a': '164k'}",223.037109375,-2.692,-0.815,0.4621090379951056,1.9958222590807502
"{'ar': '44100', 'sample_fmt': 's16p', 'compression_level': '9', 'reservoir': '1', 'b:a': '32k', 'abr': 'True'}",48.193359375,-3.355,-1.744,0.4470993129943963,0.4381140074194849
"{'ar': '44100', 'sample_fmt': 's16p', 'compression_level': '8', 'reservoir': '1', 'b:a': '240k'}",312.220703125,-2.602,-0.717,0.4686549680191092,2.09364065575236
"{'ar': '44100', 'sample_fmt': 's16p', 'compression_level': '8', 'reservoir': '1', 'aq': '9'}",97.146484375,-3.315,-1.67,0.5347263280127663,0.4700659082947436
"{'ar': '44100', 'sample_fmt': 's16p', 'compression_level': '8', 'reservoir': '1', 'b:a': '274k'}",356.8115234375,-2.595,-0.709,0.8445313499832992,2.013539784712581
"{'ar': '44100', 'sample_fmt': 's32p', 'compression_level': '8', 'reservoir': '1', 'b:a': '123k', 'abr': 'True'}",162.359375,-3.041,-1.245,0.6708943810081109,1.1284162235376107
"{'ar': '44100', 'sample_fmt': 's32p', 'compression_level': '9', 'reservoir': '1', 'b:a': '148k'}",223.037109375,-2.692,-0.815,0.6196602350100875,1.9841771949084723
"{'ar': '11025', 'sample_fmt': 'fltp', 'compression_level': '3', 'reservoir': '1', 'aq': '9'}",46.904296875,-3.834,-3.322,0.462655828014249,-1.174812500624164
"{'ar': '44100', 'sample_fmt': 's32p', 'compression_level': '8', 'reservoir': '0', 'b:a': '210k'}",312.220703125,-2.606,-0.721,0.47589758297544904,2.0825237481728123
"{'ar': '44100', 'sample_fmt': 's16p', 'compression_level': '7', 'reservoir': '1', 'aq': '9'}",97.146484375,-3.315,-1.67,0.45204402596573345,0.4761771961268366
"{'ar': '44100', 'sample_fmt': 'fltp', 'compression_level': '1', 'reservoir': '0', 'b:a': '32k'}",44.771484375,-3.13,-1.371,0.9591904800327029,1.0476260342563972
"{'ar': '44100', 'sample_fmt': 's16p', 'compression_level': '7', 'reservoir': '1', 'b:a': '282k'}",356.8115234375,-2.595,-0.709,0.47400095599005,2.0409267566784015
"{'ar': '44100', 'sample_fmt': 'fltp', 'compression_level': '5', 'reservoir': '1', 'b:a': '159k'}",223.037109375,-2.652,-0.771,0.6051601509971078,2.0923266214712117
"{'ar': '44100', 'sample_fmt': 's32p', 'compression_level': '8', 'reservoir': '1', 'b:a': '281k', 'abr': 'True'}",386.671875,-2.596,-0.711,0.4733658680052031,1.9903657370610668
"{'ar': '44100', 'sample_fmt': 's16p', 'compression_level': '2', 'reservoir': '1', 'b:a': '167k'}",223.037109375,-2.688,-0.811,0.7862155309994705,1.9824481967487049
"{'ar': '44100', 'sample_fmt': 's32p', 'compression_level': '6', 'reservoir': '1', 'b:a': '301k'}",445.9951171875,-2.592,-0.706,0.5689749120210763,1.8995360418211704
"{'ar': '44100', 'sample_fmt': 's16p', 'compression_level': '8', 'reservoir': '1', 'b:a': '301k'}",445.9951171875,-2.585,-0.699,0.47859744302695617,1.9247338753949064
"{'ar': '48000', 'sample_fmt': 's32p', 'compression_level': '8', 'reservoir': '0', 'b:a': '150k'}",223.203125,-3.592,-2.286,0.4618072430312168,-0.5654037119072666
"{'ar': '44100', 'sample_fmt': 's32p', 'compression_level': '8', 'reservoir': '0', 'b:a': '124k'}",178.4443359375,-2.892,-1.051,0.46341897000093013,1.526444796708278
"{'ar': '44100', 'sample_fmt': 's32p', 'compression_level': '7', 'reservoir': '1', 'b:a': '163k', 'abr': 'True'}",219.640625,-2.703,-0.829,0.4813555379805621,1.9697736106386918
"{'ar': '44100', 'sample_fmt': 's32p', 'compression_level': '8', 'reservoir': '0', 'b:a': '148k'}",223.037109375,-2.706,-0.831,0.46381197901791893,1.958029925533777
"{'ar': '44100', 'sample_fmt': 's32p', 'compression_level': '1', 'reservoir': '0', 'aq': '9'}",112.5185546875,-3.343,-1.721,0.4830691519891843,0.3680287326136501
"{'ar': '44100', 'sample_fmt': 's32p', 'compression_level': '7', 'reservoir': '1', 'b:a': '164k', 'abr': 'True'}",221.1787109375,-2.699,-0.824,0.4648427530191839,1.9794368923817829
"{'ar': '44100', 'sample_fmt': 's16p', 'compression_level': '1', 'reservoir': '0', 'aq': '2'}",284.2978515625,-2.636,-0.753,0.5338114479964133,2.042805868871242
"{'ar': '44100', 'sample_fmt': 's32p', 'compression_level': '7', 'reservoir': '1', 'b:a': '163k', 'abr': 'True'}",219.640625,-2.703,-0.829,0.45839359902311116,1.9714707938892515
"{'ar': '44100', 'sample_fmt': 's16p', 'compression_level': '6', 'reservoir': '1', 'b:a': '170k'}",223.037109375,-2.666,-0.787,0.5787122950132471,2.056614994664996
"{'ar': '44100', 'sample_fmt': 's16p', 'compression_level': '8', 'reservoir': '1', 'b:a': '295k'}",445.9951171875,-2.585,-0.699,0.4920640670170542,1.9237385183076878
"{'ar': '44100', 'sample_fmt': 'fltp', 'compression_level': '7', 'reservoir': '1', 'b:a': '164k'}",223.037109375,-2.691,-0.815,0.4896029749943409,1.9961200405982185
"{'ar': '44100', 'sample_fmt': 's32p', 'compression_level': '8', 'reservoir': '1', 'b:a': '148k'}",223.037109375,-2.692,-0.815,0.47205131402006373,1.9950873967342702
"{'ar': '44100', 'sample_fmt': 's32p', 'compression_level': '8', 'reservoir': '1', 'b:a': '146k', 'abr': 'True'}",195.5517578125,-2.795,-0.934,0.4733041079889517,1.76132905398558
"{'ar': '44100', 'sample_fmt': 'fltp', 'compression_level': '1', 'reservoir': '1', 'b:a': '32k'}",44.771484375,-3.12,-1.357,0.8709362730151042,1.0818649537733438
"{'ar': '44100', 'sample_fmt': 's32p', 'compression_level': '1', 'reservoir': '1', 'b:a': '136k'}",178.4443359375,-2.942,-1.114,0.9567203820042778,1.3536126924969498
"{'ar': '44100', 'sample_fmt': 's32p', 'compression_level': '7', 'reservoir': '1', 'b:a': '164k', 'abr': 'True'}",221.1787109375,-2.699,-0.824,0.46357889196951874,1.9795303080035431
"{'ar': '44100', 'sample_fmt': 's16p', 'compression_level': '1', 'reservoir': '0', 'b:a': '32k', 'abr': 'True'}",53.09375,-3.138,-1.383,0.863268415996572,1.0190113628403168
"{'ar': '44100', 'sample_fmt': 's16p', 'compression_level': '8', 'reservoir': '1', 'b:a': '163k'}",223.037109375,-2.689,-0.812,0.4591654120013118,2.0039760197196843
"{'ar': '44100', 'sample_fmt': 's16p', 'compression_level': '2', 'reservoir': '0', 'b:a': '167k'}",223.037109375,-2.701,-0.826,0.7185078700131271,1.9524315975847384
"{'ar': '44100', 'sample_fmt': 's32p', 'compression_level': '7', 'reservoir': '1', 'b:a': '164k', 'abr': 'True'}",221.1787109375,-2.699,-0.824,0.5010670569899958,1.9767594494151257
"{'ar': '44100', 'sample_fmt': 'fltp', 'compression_level': '1', 'reservoir': '0', 'b:a': '32k'}",44.771484375,-3.13,-1.371,0.8804657389991917,1.0534448073196956
"{'ar': '44100', 'sample_fmt': 's32p', 'compression_level': '8', 'reservoir': '0', 'b:a': '148k'}",223.037109375,-2.706,-0.831,0.4748485389864072,1.957214181499398
"{'ar': '44100', 'sample_fmt': 's32p', 'compression_level': '5', 'reservoir': '1', 'b:a': '159k'}",223.037109375,-2.652,-0.771,0.5794731130008586,2.094225224665154
"{'ar': '44100', 'sample_fmt': 's32p', 'compression_level': '7', 'reservoir': '1', 'b:a': '170k', 'abr': 'True'}",229.6513671875,-2.677,-0.798,0.4997075439605396,2.022800968280469
"{'ar': '44100', 'sample_fmt': 's32p', 'compression_level': '7', 'reservoir': '1', 'b:a': '281k', 'abr': 'True'}",386.671875,-2.596,-0.711,0.5150004999886733,1.9872884011193375
"{'ar': '44100', 'sample_fmt': 's16p', 'compression_level': '8', 'reservoir': '1', 'b:a': '285k'}",356.8115234375,-2.595,-0.709,0.47754123399499804,2.040665084502395
"{'ar': '44100', 'sample_fmt': 'fltp', 'compression_level': '8', 'reservoir': '0', 'aq': '9'}",103.8740234375,-3.314,-1.668,0.4718119480239693,0.466942050570997
"{'ar': '44100', 'sample_fmt': 's32p', 'compression_level': '5', 'reservoir': '1', 'b:a': '173k'}",223.037109375,-2.652,-0.771,0.5695758840010967,2.0949567574558503
"{'ar': '44100', 'sample_fmt': 's16p', 'compression_level': '8', 'reservoir': '1', 'b:a': '295k'}",445.9951171875,-2.585,-0.699,0.4787971779878717,1.9247191124068657
"{'ar': '44100', 'sample_fmt': 's16p', 'compression_level': '9', 'reservoir': '1', 'b:a': '170k'}",223.037109375,-2.689,-0.812,0.46198863702011295,2.0037673470016117
"{'ar': '44100', 'sample_fmt': 's16p', 'compression_level': '2', 'reservoir': '1', 'b:a': '167k'}",223.037109375,-2.688,-0.811,0.7448747160087805,1.9855038158275944
"{'ar': '44100', 'sample_fmt': 's32p', 'compression_level': '8', 'reservoir': '0', 'b:a': '123k'}",178.4443359375,-2.892,-1.051,0.45816590200411156,1.5268330661412197
"{'ar': '44100', 'sample_fmt': 's16p', 'compression_level': '2', 'reservoir': '0', 'b:a': '150k'}",223.037109375,-2.701,-0.826,0.762516015995061,1.949178828365766
"{'ar': '44100', 'sample_fmt': 's32p', 'compression_level': '8', 'reservoir': '1', 'b:a': '123k', 'abr': 'True'}",162.359375,-3.041,-1.245,0.4575267839827575,1.1441868391008088
"{'ar': '44100', 'sample_fmt': 's32p', 'compression_level': '8', 'reservoir': '0', 'b:a': '210k'}",312.220703125,-2.606,-0.721,0.47152037400519475,2.0828472803345464
"{'ar': '44100', 'sample_fmt': 's16p', 'compression_level': '8', 'reservoir': '1', 'b:a': '282k'}",356.8115234375,-2.595,-0.709,0.47242999900481664,2.041042870648029
"{'ar': '48000', 'sample_fmt': 's32p', 'compression_level': '7', 'reservoir': '1', 'b:a': '224k', 'abr': 'True'}",306.734375,-3.493,-2.032,0.46168663300340995,-0.38789237488530065
"{'ar': '32000', 'sample_fmt': 's16p', 'compression_level': '9', 'reservoir': '1', 'b:a': '210k'}",313.109375,-3.179,-1.445,0.4462999390088953,0.519847104873469
"{'ar': '44100', 'sample_fmt': 's16p', 'compression_level': '8', 'reservoir': '1', 'b:a': '115k'}",156.1484375,-3.065,-1.278,0.46744351799134165,1.0870358022147941
"{'ar': '44100', 'sample_fmt': 's16p', 'compression_level': '8', 'reservoir': '1', 'b:a': '211k'}",312.220703125,-2.602,-0.717,0.4819025480246637,2.0926614888389063
"{'ar': '44100', 'sample_fmt': 's16p', 'compression_level': '8', 'reservoir': '1', 'b:a': '295k'}",445.9951171875,-2.585,-0.699,0.5082617050211411,1.9225413040841806
"{'ar': '44100', 'sample_fmt': 's16p', 'compression_level': '2', 'reservoir': '0', 'b:a': '167k'}",223.037109375,-2.701,-0.826,0.7233782509865705,1.9520716136553635
"{'ar': '44100', 'sample_fmt': 's32p', 'compression_level': '8', 'reservoir': '0', 'b:a': '123k'}",178.4443359375,-2.892,-1.051,0.4673386499925982,1.5261550818352554
"{'ar': '44100', 'sample_fmt': 'fltp', 'compression_level': '5', 'reservoir': '1', 'b:a': '160k'}",223.037109375,-2.652,-0.771,0.5919592029822525,2.093302341679502
"{'ar': '44100', 'sample_fmt': 'fltp', 'compression_level': '1', 'reservoir': '0', 'b:a': '136k'}",178.4443359375,-2.938,-1.109,1.0033251469722018,1.3610650430574707
"{'ar': '44100', 'sample_fmt': 's32p', 'compression_level': '8', 'reservoir': '0', 'b:a': '122k'}",178.4443359375,-2.892,-1.051,0.4599172009911854,1.5267036225731878
"{'ar': '44100', 'sample_fmt': 's32p', 'compression_level': '8', 'reservoir': '1', 'b:a': '166k'}",223.037109375,-2.692,-0.815,0.500435947033111,1.9929894064986768
"{'ar': '44100', 'sample_fmt': 's16p', 'compression_level': '8', 'reservoir': '1', 'b:a': '147k'}",223.037109375,-2.689,-0.812,0.4957251570012886,2.0012737833373966
"{'ar': '44100', 'sample_fmt': 's32p', 'compression_level': '9', 'reservoir': '0', 'b:a': '150k'}",223.037109375,-2.706,-0.831,0.4653017219970934,1.9579198143259833
"{'ar': '44100', 'sample_fmt': 's32p', 'compression_level': '7', 'reservoir': '1', 'b:a': '164k', 'abr': 'True'}",221.1787109375,-2.699,-0.824,0.47967694798717275,1.978340454172368
"{'ar': '44100', 'sample_fmt': 'fltp', 'compression_level': '0', 'reservoir': '0', 'b:a': '32k'}",44.771484375,-3.13,-1.371,0.8938332139805425,1.0524567786221775
"{'ar': '44100', 'sample_fmt': 's32p', 'compression_level': '8', 'reservoir': '1', 'b:a': '281k', 'abr': 'True'}",386.671875,-2.596,-0.711,0.4935651210253127,1.988872751910158
"{'ar': '44100', 'sample_fmt': 's32p', 'compression_level': '7', 'reservoir': '1', 'b:a': '281k', 'abr': 'True'}",386.671875,-2.596,-0.711,0.47234970901627094,1.990440844307851
"{'ar': '44100', 'sample_fmt': 'fltp', 'compression_level': '8', 'reservoir': '0', 'b:a': '150k'}",223.037109375,-2.705,-0.83,0.4670295830001123,1.9604374993727147
"{'ar': '32000', 'sample_fmt': 's32p', 'compression_level': '8', 'reservoir': '1', 'b:a': '146k', 'abr': 'True'}",200.1171875,-3.24,-1.542,0.432583304005675,0.5284329018110807
"{'ar': '44100', 'sample_fmt': 's16p', 'compression_level': '8', 'reservoir': '1', 'b:a': '295k'}",445.9951171875,-2.585,-0.699,0.4763044230057858,1.9249033591297224
"{'ar': '44100', 'sample_fmt': 's32p', 'compression_level': '8', 'reservoir': '1', 'b:a': '145k', 'abr': 'True'}",193.97265625,-2.802,-0.942,0.46989269100595266,1.7452676860179321
"{'ar': '44100', 'sample_fmt': 'fltp', 'compression_level': '3', 'reservoir': '1', 'b:a': '32k'}",44.771484375,-3.302,-1.648,0.5070202400092967,0.5929159559867878
"{'ar': '11025', 'sample_fmt': 's32p', 'compression_level': '1', 'reservoir': '0', 'aq': '7'}",54.853515625,-3.839,-3.357,0.418516939971596,-1.2069250883769704
"{'ar': '44100', 'sample_fmt': 's16p', 'compression_level': '8', 'reservoir': '1', 'b:a': '282k'}",356.8115234375,-2.595,-0.709,0.4729869390139356,2.0410017056028296
"{'ar': '44100', 'sample_fmt': 's32p', 'compression_level': '8', 'reservoir': '0', 'b:a': '123k'}",178.4443359375,-2.892,-1.051,0.4606384570070077,1.5266503124571873
"{'ar': '44100', 'sample_fmt': 's32p', 'compression_level': '7', 'reservoir': '1', 'b:a': '148k', 'abr': 'True'}",198.2060546875,-2.779,-0.915,0.46638336399337277,1.8008779337445293
"{'ar': '32000', 'sample_fmt': 's16p', 'compression_level': '1', 'reservoir': '0', 'b:a': '32k'}",44.8671875,-3.326,-1.691,0.7061576770211104,0.5085612029201453
"{'ar': '44100', 'sample_fmt': 's32p', 'compression_level': '8', 'reservoir': '1', 'b:a': '148k', 'abr': 'True'}",198.2060546875,-2.779,-0.915,0.4723804790119175,1.8004346696464923
"{'ar': '44100', 'sample_fmt': 's16p', 'compression_level': '1', 'reservoir': '0', 'aq': '6'}",147.916015625,-3.069,-1.283,0.5076210539846215,1.0863053052752885
"{'ar': '44100', 'sample_fmt': 's32p', 'compression_level': '9', 'reservoir': '1', 'b:a': '148k', 'abr': 'True'}",198.2060546875,-2.779,-0.915,0.4763175440020859,1.8001436697980013
"{'ar': '44100', 'sample_fmt': 's16p', 'compression_level': '1', 'reservoir': '0', 'b:a': '32k'}",44.771484375,-3.131,-1.373,0.9000265819777269,1.0490381542454394
"{'ar': '44100', 'sample_fmt': 's32p', 'compression_level': '8', 'reservoir': '0', 'b:a': '150k'}",223.037109375,-2.706,-0.831,0.47022972398553975,1.9575555714609092
"{'ar': '44100', 'sample_fmt': 's32p', 'compression_level': '8', 'reservoir': '0', 'b:a': '123k', 'abr': 'True'}",173.904296875,-3.041,-1.245,0.4664870469714515,1.1251027369445894
"{'ar': '44100', 'sample_fmt': 's16p', 'compression_level': '8', 'reservoir': '1', 'b:a': '211k'}",312.220703125,-2.602,-0.717,0.4768683140282519,2.093033583618617
"{'ar': '44100', 'sample_fmt': 's16p', 'compression_level': '9', 'reservoir': '1', 'b:a': '32k', 'abr': 'True'}",48.193359375,-3.355,-1.744,0.45874742898740806,0.4372530615124103
"{'ar': '44100', 'sample_fmt': 's16p', 'compression_level': '7', 'reservoir': '1', 'b:a': '115k'}",156.1484375,-3.065,-1.278,0.4630066460231319,1.087363744241087
"{'ar': '44100', 'sample_fmt': 's32p', 'compression_level': '7', 'reservoir': '1', 'b:a': '163k', 'abr': 'True'}",219.640625,-2.703,-0.829,0.46433154100668617,1.9710319034411934
"{'ar': '44100', 'sample_fmt': 's32p', 'compression_level': '7', 'reservoir': '1', 'b:a': '164k', 'abr': 'True'}",221.1787109375,-2.699,-0.824,0.46633191499859095,1.9793268241173605
"{'ar': '44100', 'sample_fmt': 's16p', 'compression_level': '1', 'reservoir': '0', 'b:a': '136k'}",178.4443359375,-2.925,-1.092,0.9825940169976093,1.3982493255977233
"{'ar': '44100', 'sample_fmt': 's16p', 'compression_level': '1', 'reservoir': '0', 'b:a': '32k', 'abr': 'True'}",53.09375,-3.138,-1.383,0.8805276550119743,1.0177356826188588
"{'ar': '48000', 'sample_fmt': 'fltp', 'compression_level': '1', 'reservoir': '0', 'b:a': '32k'}",44.796875,-3.413,-1.858,0.9071494299860206,0.23843137087378455
"{'ar': '44100', 'sample_fmt': 's32p', 'compression_level': '9', 'reservoir': '1', 'b:a': '148k'}",223.037109375,-2.692,-0.815,0.4897130110184662,1.993781969680497
"{'ar': '44100', 'sample_fmt': 's32p', 'compression_level': '8', 'reservoir': '1', 'b:a': '295k'}",445.9951171875,-2.585,-0.698,0.5135346260212827,1.9224670256667897
"{'ar': '44100', 'sample_fmt': 's32p', 'compression_level': '8', 'reservoir': '0', 'b:a': '150k'}",223.037109375,-2.706,-0.831,0.5007875780283939,1.9552969521800776
"{'ar': '44100', 'sample_fmt': 's32p', 'compression_level': '5', 'reservoir': '1', 'b:a': '212k'}",312.220703125,-2.595,-0.709,0.5568714049877599,2.105953556146746
"{'ar': '44100', 'sample_fmt': 's32p', 'compression_level': '8', 'reservoir': '1', 'b:a': '148k'}",223.037109375,-2.692,-0.815,0.47243371899821796,1.9950591320774806
"{'ar': '44100', 'sample_fmt': 's16p', 'compression_level': '8', 'reservoir': '1', 'b:a': '170k', 'abr': 'True'}",229.55078125,-2.677,-0.799,0.4687299810175318,2.0249356524708237
"{'ar': '44100', 'sample_fmt': 's32p', 'compression_level': '8', 'reservoir': '1', 'b:a': '148k'}",223.037109375,-2.692,-0.815,0.4709104710200336,1.9951717197365548
"{'ar': '48000', 'sample_fmt': 's32p', 'compression_level': '8', 'reservoir': '1', 'b:a': '163k', 'abr': 'True'}",218.609375,-3.597,-2.298,0.47188456400181167,-0.5742536616127862
"{'ar': '8000', 'sample_fmt': 's32p', 'compression_level': '3', 'reservoir': '1', 'aq': '9'}",35.8671875,-3.85,-3.441,0.40902793398709036,-1.2280557392305482
"{'ar': '44100', 'sample_fmt': 's16p', 'compression_level': '8', 'reservoir': '1', 'b:a': '170k', 'abr': 'True'}",229.55078125,-2.677,-0.799,0.4697606400004588,2.0248594734875893
"{'ar': '44100', 'sample_fmt': 's32p', 'compression_level': '8', 'reservoir': '1', 'b:a': '177k'}",267.6279296875,-2.63,-0.747,0.4692870780127123,2.090047033299199
"{'ar': '44100', 'sample_fmt': 's16p', 'compression_level': '8', 'reservoir': '1', 'b:a': '281k'}",356.8115234375,-2.595,-0.709,0.4809727129759267,2.0404114539765987
"{'ar': '44100', 'sample_fmt': 's16p', 'compression_level': '1', 'reservoir': '1', 'b:a': '32k', 'abr': 'True'}",48.26953125,-3.138,-1.383,0.8863656469911803,1.0250020148818695
"{'ar': '44100', 'sample_fmt': 's16p', 'compression_level': '8', 'reservoir': '1', 'b:a': '149k'}",223.037109375,-2.689,-0.812,0.4703025539929513,2.00315284137737
"{'ar': '44100', 'sample_fmt': 's32p', 'compression_level': '8', 'reservoir': '0', 'b:a': '122k'}",178.4443359375,-2.892,-1.051,0.4656017840025015,1.5262834586187806
"{'ar': '48000', 'sample_fmt': 's32p', 'compression_level': '5', 'reservoir': '1', 'b:a': '164k', 'abr': 'True'}",222.875,-3.548,-2.167,0.5785914190055337,-0.4334551748827104
"{'ar': '44100', 'sample_fmt': 'fltp', 'compression_level': '3', 'reservoir': '0', 'b:a': '115k'}",156.1484375,-3.038,-1.241,0.5955011420010123,1.1521509759531827
"{'ar': '44100', 'sample_fmt': 's32p', 'compression_level': '1', 'reservoir': '0', 'b:a': '136k'}",178.4443359375,-2.938,-1.109,1.12458104302641,1.3521026694445046
"{'ar': '32000', 'sample_fmt': 's16p', 'compression_level': '7', 'reservoir': '1', 'aq': '9'}",81.7109375,-3.514,-2.081,0.4385152499889955,-0.09150393257072832
"{'ar': '44100', 'sample_fmt': 's32p', 'compression_level': '7', 'reservoir': '1', 'b:a': '150k', 'abr': 'True'}",200.861328125,-2.772,-0.906,0.5264283260330558,1.811351601805996
"{'ar': '44100', 'sample_fmt': 's16p', 'compression_level': '8', 'reservoir': '1', 'b:a': '298k'}",445.9951171875,-2.585,-0.699,0.5332718339923304,1.9206927331920232
"{'ar': '44100', 'sample_fmt': 's16p', 'compression_level': '9', 'reservoir': '0', 'b:a': '32k', 'abr': 'True'}",52.9921875,-3.355,-1.744,0.4844344680313952,0.4276971380452299
"{'ar': '44100', 'sample_fmt': 's16p', 'compression_level': '2', 'reservoir': '1', 'b:a': '168k'}",223.037109375,-2.688,-0.811,0.7507886359817348,1.9850667009157463
"{'ar': '44100', 'sample_fmt': 's16p', 'compression_level': '8', 'reservoir': '1', 'b:a': '211k'}",312.220703125,-2.602,-0.717,0.484084255003836,2.092500232572633
"{'ar': '44100', 'sample_fmt': 's32p', 'compression_level': '7', 'reservoir': '1', 'b:a': '164k', 'abr': 'True'}",221.1787109375,-2.699,-0.824,0.46999974400387146,1.979055724278396
"{'ar': '44100', 'sample_fmt': 'fltp', 'compression_level': '5', 'reservoir': '1', 'b:a': '160k'}",223.037109375,-2.652,-0.771,0.5868656350066885,2.0936788220050415
"{'ar': '44100', 'sample_fmt': 's32p', 'compression_level': '8', 'reservoir': '1', 'b:a': '282k'}",356.8115234375,-2.604,-0.719,0.4779198859760072,2.0165130726212803
"{'ar': '44100', 'sample_fmt': 's32p', 'compression_level': '8', 'reservoir': '0', 'b:a': '150k'}",223.037109375,-2.706,-0.831,0.47462042700499296,1.9572310419150112
"{'ar': '44100', 'sample_fmt': 's16p', 'compression_level': '7', 'reservoir': '0', 'b:a': '164k'}",223.037109375,-2.705,-0.83,0.49808938198839314,1.9581417798907346
"{'ar': '44100', 'sample_fmt': 's32p', 'compression_level': '7', 'reservoir': '1', 'b:a': '164k', 'abr': 'True'}",221.1787109375,-2.699,-0.824,0.5077777480182704,1.9762634428525279
"{'ar': '44100', 'sample_fmt': 's16p', 'compression_level': '8', 'reservoir': '0', 'b:a': '123k'}",178.4443359375,-2.885,-1.043,0.4731905850057956,1.5445557805387702
"{'ar': '32000', 'sample_fmt': 's16p', 'compression_level': '9', 'reservoir': '1', 'b:a': '210k'}",313.109375,-3.179,-1.445,0.44817172997863963,0.5197087553948694
"{'ar': '44100', 'sample_fmt': 's16p', 'compression_level': '9', 'reservoir': '1', 'b:a': '295k'}",445.9951171875,-2.585,-0.699,0.47502966297906823,1.924997580326366
"{'ar': '44100', 'sample_fmt': 's32p', 'compression_level': '7', 'reservoir': '1', 'b:a': '164k', 'abr': 'True'}",221.1787109375,-2.699,-0.824,0.4767951089888811,1.9785534592190137
"{'ar': '44100', 'sample_fmt': 's16p', 'compression_level': '1', 'reservoir': '0', 'aq': '6'}",147.916015625,-3.069,-1.283,0.5195491730119102,1.0854236635349586
"{'ar': '44100', 'sample_fmt': 's32p', 'compression_level': '9', 'reservoir': '1', 'b:a': '148k'}",223.037109375,-2.692,-0.815,0.475077375973342,1.9948637317523288
"{'ar': '44100', 'sample_fmt': 's32p', 'compression_level': '9', 'reservoir': '1', 'b:a': '148k', 'abr': 'True'}",198.2060546875,-2.779,-0.915,0.46786415902897716,1.8007684839050975
"{'ar': '44100', 'sample_fmt': 's16p', 'compression_level': '5', 'reservoir': '0', 'b:a': '149k'}",223.037109375,-2.671,-0.792,0.5898839329602197,2.0425622853987333
"{'ar': '44100', 'sample_fmt': 'fltp', 'compression_level': '1', 'reservoir': '0', 'b:a': '32k', 'abr': 'True'}",53.119140625,-3.132,-1.375,0.9202591679932084,1.031261791070093
"{'ar': '44100', 'sample_fmt': 's32p', 'compression_level': '8', 'reservoir': '0', 'b:a': '123k'}",178.4443359375,-2.892,-1.051,0.4758880530134775,1.5255231707568309
"{'ar': '44100', 'sample_fmt': 's32p', 'compression_level': '8', 'reservoir': '0', 'b:a': '163k'}",223.037109375,-2.706,-0.831,0.48620777000905946,1.9563745879151364
"{'ar': '44100', 'sample_fmt': 'fltp', 'compression_level': '5', 'reservoir': '1', 'b:a': '190k'}",267.6279296875,-2.616,-0.732,0.5499618849717081,2.1214351310765793
"{'ar': '44100', 'sample_fmt': 's16p', 'compression_level': '8', 'reservoir': '1', 'b:a': '282k'}",356.8115234375,-2.595,-0.709,0.4798585089738481,2.040493808013579
"{'ar': '44100', 'sample_fmt': 's32p', 'compression_level': '7', 'reservoir': '1', 'b:a': '123k', 'abr': 'True'}",162.359375,-3.041,-1.245,0.4724125929933507,1.14308658594838
"{'ar': '44100', 'sample_fmt': 's32p', 'compression_level': '7', 'reservoir': '1', 'b:a': '170k'}",223.037109375,-2.692,-0.815,0.5747249129926786,1.987498494387047
"{'ar': '44100', 'sample_fmt': 's32p', 'compression_level': '7', 'reservoir': '1', 'b:a': '150k', 'abr': 'True'}",200.861328125,-2.772,-0.906,0.5583986310521141,1.808988584192624
"{'ar': '44100', 'sample_fmt': 's32p', 'compression_level': '8', 'reservoir': '0', 'b:a': '138k'}",178.4443359375,-2.892,-1.051,0.5326362410269212,1.5213287482224582
"{'ar': '32000', 'sample_fmt': 's16p', 'compression_level': '7', 'reservoir': '1', 'aq': '9'}",81.7109375,-3.514,-2.081,0.4533331489947159,-0.09259916629848944
"{'ar': '44100', 'sample_fmt': 's32p', 'compression_level': '7', 'reservoir': '0', 'b:a': '124k', 'abr': 'True'}",176.3447265625,-3.027,-1.226,0.4919147390173748,1.1579420349610408
"{'ar': '44100', 'sample_fmt': 's16p', 'compression_level': '8', 'reservoir': '1', 'b:a': '295k'}",445.9951171875,-2.585,-0.699,0.5059726529871114,1.9227104945336027
"{'ar': '44100', 'sample_fmt': 's16p', 'compression_level': '8', 'reservoir': '1', 'b:a': '300k'}",445.9951171875,-2.585,-0.699,0.5199422330188099,1.9216779625121962
"{'ar': '44100', 'sample_fmt': 's32p', 'compression_level': '1', 'reservoir': '1', 'b:a': '170k', 'abr': 'True'}",226.2802734375,-2.682,-0.805,0.998958787007723,1.977421103397465
"{'ar': '44100', 'sample_fmt': 'fltp', 'compression_level': '1', 'reservoir': '0', 'aq': '9'}",112.5185546875,-3.343,-1.721,0.5044431670103222,0.3664489174090934
"{'ar': '44100', 'sample_fmt': 's16p', 'compression_level': '8', 'reservoir': '1', 'b:a': '295k'}",445.9951171875,-2.585,-0.699,0.5138120670162607,1.9221310607928752
"{'ar': '44100', 'sample_fmt': 's32p', 'compression_level': '9', 'reservoir': '1', 'b:a': '148k'}",223.037109375,-2.692,-0.815,0.4895848379819654,1.9937914433199455
"{'ar': '44100', 'sample_fmt': 's16p', 'compression_level': '2', 'reservoir': '1', 'b:a': '179k'}",267.6279296875,-2.624,-0.741,0.7104820539825596,2.0880919932325144
"{'ar': '44100', 'sample_fmt': 'fltp', 'compression_level': '1', 'reservoir': '0', 'b:a': '32k'}",44.771484375,-3.13,-1.371,0.9197410210035741,1.0505418577516143
"{'ar': '44100', 'sample_fmt': 's32p', 'compression_level': '8', 'reservoir': '1', 'b:a': '190k'}",267.6279296875,-2.63,-0.747,0.49839493597391993,2.0878955874181275
"{'ar': '44100', 'sample_fmt': 'fltp', 'compression_level': '5', 'reservoir': '1', 'b:a': '160k'}",223.037109375,-2.652,-0.771,0.6086052920145448,2.0920719811448243
"{'ar': '44100', 'sample_fmt': 's16p', 'compression_level': '8', 'reservoir': '1', 'b:a': '282k', 'abr': 'True'}",388.09375,-2.598,-0.712,0.4883166569925379,1.9820165113543435
"{'ar': '48000', 'sample_fmt': 's32p', 'compression_level': '1', 'reservoir': '0', 'b:a': '32k'}",44.796875,-3.414,-1.859,0.9199221740127541,0.2348419042137884
"{'ar': '44100', 'sample_fmt': 's32p', 'compression_level': '5', 'reservoir': '0', 'b:a': '146k'}",223.037109375,-2.67,-0.791,0.6013889129972085,2.0443573153293646
"{'ar': '44100', 'sample_fmt': 's32p', 'compression_level': '7', 'reservoir': '0', 'b:a': '164k'}",223.037109375,-2.706,-0.831,0.48497146798763424,1.956465966569495
"{'ar': '44100', 'sample_fmt': 'fltp', 'compression_level': '3', 'reservoir': '1', 'aq': '9'}",103.837890625,-3.343,-1.721,0.5090665430179797,0.37995861874318027
"{'ar': '44100', 'sample_fmt': 's32p', 'compression_level': '7', 'reservoir': '1', 'b:a': '163k', 'abr': 'True'}",219.640625,-2.703,-0.829,0.48498717401525937,1.9695051859267527
"{'ar': '44100', 'sample_fmt': 's32p', 'compression_level': '7', 'reservoir': '1', 'b:a': '123k'}",178.4443359375,-2.916,-1.081,0.47435612601111643,1.4602541395618691
"{'ar': '24000', 'sample_fmt': 'fltp', 'compression_level': '1', 'reservoir': '0', 'b:a': '32k'}",44.890625,-3.675,-2.548,0.6949569109710865,-0.5741444756789398
"{'ar': '44100', 'sample_fmt': 's32p', 'compression_level': '7', 'reservoir': '1', 'b:a': '292k'}",445.9951171875,-2.585,-0.698,0.4907052240159828,1.9241544127282868
"{'ar': '44100', 'sample_fmt': 's16p', 'compression_level': '1', 'reservoir': '0', 'b:a': '32k'}",44.771484375,-3.131,-1.373,0.8901188960007858,1.0497704599415318
"{'ar': '44100', 'sample_fmt': 's32p', 'compression_level': '7', 'reservoir': '1', 'b:a': '163k', 'abr': 'True'}",219.640625,-2.703,-0.829,0.494829353003297,1.9687777220414746
"{'ar': '44100', 'sample_fmt': 's16p', 'compression_level': '9', 'reservoir': '1', 'b:a': '211k'}",312.220703125,-2.602,-0.717,0.5715884590172209,2.0860325440346457
"{'ar': '44100', 'sample_fmt': 's32p', 'compression_level': '7', 'reservoir': '1', 'b:a': '164k', 'abr': 'True'}",221.1787109375,-2.699,-0.824,0.5102055939787533,1.9760839937429946
"{'ar': '44100', 'sample_fmt': 's32p', 'compression_level': '7', 'reservoir': '1', 'b:a': '115k'}",156.1484375,-3.068,-1.283,0.5071207710134331,1.0755360362537025
"{'ar': '44100', 'sample_fmt': 'fltp', 'compression_level': '7', 'reservoir': '1', 'b:a': '181k'}",267.6279296875,-2.63,-0.747,0.6129184490127955,2.079430823685196
"{'ar': '44100', 'sample_fmt': 's32p', 'compression_level': '8', 'reservoir': '1', 'b:a': '148k'}",223.037109375,-2.692,-0.815,0.5085395720088854,1.9923904441635192
"{'ar': '44100', 'sample_fmt': 'fltp', 'compression_level': '2', 'reservoir': '0', 'b:a': '32k'}",44.771484375,-3.284,-1.616,0.6336978850304149,0.6355863953820335
"{'ar': '44100', 'sample_fmt': 's32p', 'compression_level': '8', 'reservoir': '1', 'b:a': '173k'}",223.037109375,-2.692,-0.815,0.6806658299756236,1.9796680951256627
"{'ar': '44100', 'sample_fmt': 's32p', 'compression_level': '9', 'reservoir': '1', 'b:a': '148k'}",223.037109375,-2.692,-0.815,0.8227034160227049,1.9691696867623394
"{'ar': '44100', 'sample_fmt': 's32p', 'compression_level': '7', 'reservoir': '1', 'b:a': '163k', 'abr': 'True'}",219.640625,-2.703,-0.829,0.7797966159996577,1.9477149682987949
"{'ar': '44100', 'sample_fmt': 's16p', 'compression_level': '1', 'reservoir': '0', 'b:a': '32k'}",44.771484375,-3.131,-1.373,1.3379725180275273,1.0166683047875313
"{'ar': '44100', 'sample_fmt': 's32p', 'compression_level': '6', 'reservoir': '1', 'b:a': '170k'}",223.037109375,-2.652,-0.771,0.6094456140126567,2.0920098705180643
"{'ar': '44100', 'sample_fmt': 's32p', 'compression_level': '7', 'reservoir': '1', 'b:a': '145k'}",223.037109375,-2.692,-0.815,0.5115993969957344,1.9921642836582176
"{'ar': '44100', 'sample_fmt': 's32p', 'compression_level': '8', 'reservoir': '1', 'b:a': '209k'}",312.220703125,-2.6,-0.715,0.615913948015077,2.08804711156778
"{'ar': '44100', 'sample_fmt': 's16p', 'compression_level': '8', 'reservoir': '1', 'b:a': '241k'}",356.8115234375,-2.595,-0.709,0.5156486410123762,2.037848455948857
"{'ar': '44100', 'sample_fmt': 's16p', 'compression_level': '9', 'reservoir': '1', 'b:a': '295k'}",445.9951171875,-2.585,-0.699,0.5042495510133449,1.9228378539789135
"{'ar': '44100', 'sample_fmt': 's16p', 'compression_level': '8', 'reservoir': '1', 'b:a': '240k'}",312.220703125,-2.602,-0.717,0.518812917987816,2.089933336752556
"{'ar': '44100', 'sample_fmt': 's32p', 'compression_level': '8', 'reservoir': '0', 'b:a': '123k'}",178.4443359375,-2.892,-1.051,0.478943596011959,1.525297326745661
"{'ar': '44100', 'sample_fmt': 's32p', 'compression_level': '8', 'reservoir': '1', 'b:a': '148k'}",223.037109375,-2.692,-0.815,0.48190566603443585,1.994359033105445
"{'ar': '44100', 'sample_fmt': 's32p', 'compression_level': '7', 'reservoir': '1', 'b:a': '148k', 'abr': 'True'}",198.2060546875,-2.779,-0.915,0.48884924699086696,1.7992174154231877
"{'ar': '44100', 'sample_fmt': 's32p', 'compression_level': '8', 'reservoir': '1', 'b:a': '293k'}",445.9951171875,-2.585,-0.698,0.49803337699268013,1.9236127677690942
"{'ar': '44100', 'sample_fmt': 's16p', 'compression_level': '9', 'reservoir': '1', 'aq': '9'}",97.146484375,-3.315,-1.67,0.47167550498852506,0.47472617679249673
"{'ar': '44100', 'sample_fmt': 's16p', 'compression_level': '8', 'reservoir': '1', 'b:a': '295k'}",445.9951171875,-2.585,-0.699,0.5104519670130685,1.922379415492197
"{'ar': '44100', 'sample_fmt': 's32p', 'compression_level': '8', 'reservoir': '1', 'b:a': '123k'}",178.4443359375,-2.916,-1.081,0.49765259100240655,1.4585322305256274
"{'ar': '44100', 'sample_fmt': 's32p', 'compression_level': '7', 'reservoir': '1', 'b:a': '293k'}",445.9951171875,-2.585,-0.698,0.5091291279823054,1.9227926487553268
"{'ar': '32000', 'sample_fmt': 's16p', 'compression_level': '9', 'reservoir': '1', 'aq': '9'}",81.7109375,-3.514,-2.081,0.44284320797305554,-0.0918238244497758
"{'ar': '44100', 'sample_fmt': 's32p', 'compression_level': '7', 'reservoir': '1', 'b:a': '148k', 'abr': 'True'}",198.2060546875,-2.779,-0.915,0.4808818459860049,1.7998063090510734
"{'ar': '44100', 'sample_fmt': 's32p', 'compression_level': '7', 'reservoir': '1', 'b:a': '59k', 'abr': 'True'}",81.1845703125,-3.467,-1.973,0.47663739600102417,0.05009484142246931
"{'ar': '44100', 'sample_fmt': 's16p', 'compression_level': '8', 'reservoir': '1', 'b:a': '212k'}",312.220703125,-2.602,-0.717,0.49570168601348996,2.091641554681334
"{'ar': '44100', 'sample_fmt': 'fltp', 'compression_level': '1', 'reservoir': '0', 'b:a': '32k'}",44.771484375,-3.13,-1.371,0.8965463570202701,1.0522562423812296
"{'ar': '44100', 'sample_fmt': 's32p', 'compression_level': '8', 'reservoir': '1', 'b:a': '148k'}",223.037109375,-2.692,-0.815,0.5036777289933525,1.992749797027757
"{'ar': '44100', 'sample_fmt': 's32p', 'compression_level': '7', 'reservoir': '1', 'b:a': '151k', 'abr': 'True'}",202.6982421875,-2.762,-0.896,0.5045203330228105,1.8364937485666895
"{'ar': '44100', 'sample_fmt': 's16p', 'compression_level': '8', 'reservoir': '1', 'b:a': '295k'}",445.9951171875,-2.585,-0.699,0.5163507370161824,1.9219434203583914
"{'ar': '44100', 'sample_fmt': 's16p', 'compression_level': '8', 'reservoir': '1', 'b:a': '146k'}",223.037109375,-2.689,-0.812,0.5054796580225229,2.0005527999839665
"{'ar': '44100', 'sample_fmt': 's32p', 'compression_level': '8', 'reservoir': '0', 'b:a': '122k'}",178.4443359375,-2.892,-1.051,0.5022192749893293,1.5235769540637636
"{'ar': '44100', 'sample_fmt': 's16p', 'compression_level': '8', 'reservoir': '1', 'b:a': '170k', 'abr': 'True'}",229.55078125,-2.677,-0.799,0.5149466109869536,2.0215196478195283
"{'ar': '44100', 'sample_fmt': 's32p', 'compression_level': '7', 'reservoir': '1', 'b:a': '163k', 'abr': 'True'}",219.640625,-2.703,-0.829,0.5079571900132578,1.96780740567879
"{'ar': '44100', 'sample_fmt': 's16p', 'compression_level': '8', 'reservoir': '1', 'b:a': '240k'}",312.220703125,-2.602,-0.717,0.5670095520326868,2.0863709842793665
"{'ar': '44100', 'sample_fmt': 's16p', 'compression_level': '8', 'reservoir': '1', 'b:a': '212k', 'abr': 'True'}",290.791015625,-2.607,-0.722,0.5660643040027935,2.1074084629542917
"{'ar': '44100', 'sample_fmt': 'fltp', 'compression_level': '5', 'reservoir': '1', 'b:a': '190k'}",267.6279296875,-2.616,-0.732,0.5865549480076879,2.1187304320619873
"{'ar': '44100', 'sample_fmt': 's32p', 'compression_level': '5', 'reservoir': '0', 'b:a': '280k'}",356.8115234375,-2.583,-0.696,0.5740194190002512,2.065594316457568
"{'ar': '44100', 'sample_fmt': 's32p', 'compression_level': '7', 'reservoir': '1', 'b:a': '163k', 'abr': 'True'}",219.640625,-2.703,-0.829,0.48627339402446523,1.969410117689693
"{'ar': '44100', 'sample_fmt': 's32p', 'compression_level': '5', 'reservoir': '0', 'b:a': '159k'}",223.037109375,-2.67,-0.791,0.5995827590231784,2.044490813387971
"{'ar': '44100', 'sample_fmt': 's32p', 'compression_level': '9', 'reservoir': '0', 'b:a': '136k'}",178.4443359375,-2.892,-1.051,0.4794921859866008,1.5252567788756353
"{'ar': '44100', 'sample_fmt': 's16p', 'compression_level': '8', 'reservoir': '1', 'b:a': '295k'}",445.9951171875,-2.585,-0.699,0.5034857470018324,1.9228943089402064
"{'ar': '44100', 'sample_fmt': 's32p', 'compression_level': '8', 'reservoir': '1', 'b:a': '123k'}",178.4443359375,-2.916,-1.081,0.47860044200206175,1.4599404299041931
"{'ar': '44100', 'sample_fmt': 'fltp', 'compression_level': '1', 'reservoir': '0', 'b:a': '32k'}",44.771484375,-3.13,-1.371,0.8768184790096711,1.0537143868432768
"{'ar': '44100', 'sample_fmt': 's32p', 'compression_level': '9', 'reservoir': '1', 'b:a': '148k'}",223.037109375,-2.692,-0.815,0.49018509799498133,1.9937470763680971
"{'ar': '44100', 'sample_fmt': 'fltp', 'compression_level': '8', 'reservoir': '1', 'b:a': '113k'}",156.1484375,-3.068,-1.283,0.4994604630046524,1.0761022317509872
"{'ar': '44100', 'sample_fmt': 's32p', 'compression_level': '9', 'reservoir': '1', 'b:a': '148k'}",223.037109375,-2.692,-0.815,0.5398767130100168,1.9900742255320658
"{'ar': '44100', 'sample_fmt': 's16p', 'compression_level': '6', 'reservoir': '1', 'aq': '9'}",105.1748046875,-3.341,-1.719,0.4915671909984667,0.38440957244920765
"{'ar': '44100', 'sample_fmt': 's16p', 'compression_level': '8', 'reservoir': '1', 'b:a': '301k'}",445.9951171875,-2.585,-0.699,0.524540706013795,1.9213380760871124
"{'ar': '44100', 'sample_fmt': 'fltp', 'compression_level': '5', 'reservoir': '1', 'b:a': '160k'}",223.037109375,-2.652,-0.771,0.6564185500028543,2.088537965103635
"{'ar': '44100', 'sample_fmt': 'fltp', 'compression_level': '9', 'reservoir': '1', 'aq': '9'}",97.1474609375,-3.314,-1.668,0.5483619320148136,0.472017357794433
"{'ar': '44100', 'sample_fmt': 'fltp', 'compression_level': '1', 'reservoir': '0', 'b:a': '32k'}",44.771484375,-3.13,-1.371,0.9387057520216331,1.0491401196886894
"{'ar': '44100', 'sample_fmt': 'fltp', 'compression_level': '1', 'reservoir': '0', 'b:a': '32k'}",44.771484375,-3.13,-1.371,1.0961124839959666,1.037505733344958
"{'ar': '44100', 'sample_fmt': 's16p', 'compression_level': '2', 'reservoir': '1', 'b:a': '167k'}",223.037109375,-2.688,-0.811,0.8074133800109848,1.980881402482903
"{'ar': '44100', 'sample_fmt': 's16p', 'compression_level': '0', 'reservoir': '0', 'b:a': '124k'}",178.4443359375,-2.928,-1.096,1.1300509719876572,1.3790987088727271
"{'ar': '44100', 'sample_fmt': 's32p', 'compression_level': '7', 'reservoir': '0', 'b:a': '155k', 'abr': 'True'}",226.91796875,-2.74,-0.87,0.5213170299830381,1.8560662467272764
"{'ar': '44100', 'sample_fmt': 's32p', 'compression_level': '7', 'reservoir': '1', 'b:a': '163k', 'abr': 'True'}",219.640625,-2.703,-0.829,0.5432819419947919,1.9651964511986686
"{'ar': '44100', 'sample_fmt': 'fltp', 'compression_level': '1', 'reservoir': '0', 'b:a': '32k'}",44.771484375,-3.13,-1.371,1.0043377940019127,1.0442890658401724
"{'ar': '44100', 'sample_fmt': 's32p', 'compression_level': '5', 'reservoir': '1', 'b:a': '281k', 'abr': 'True'}",373.2119140625,-2.586,-0.7,0.6419768639898393,2.0261502153417466
"{'ar': '44100', 'sample_fmt': 's16p', 'compression_level': '2', 'reservoir': '1', 'b:a': '167k'}",223.037109375,-2.688,-0.811,0.7936549689911772,1.9818983263925256
"{'ar': '44100', 'sample_fmt': 's32p', 'compression_level': '7', 'reservoir': '1', 'b:a': '163k', 'abr': 'True'}",219.640625,-2.703,-0.829,0.49022541695740074,1.9691180122564351
"{'ar': '44100', 'sample_fmt': 's16p', 'compression_level': '5', 'reservoir': '0', 'b:a': '277k', 'abr': 'True'}",436.6328125,-2.587,-0.7,0.579474408965325,1.9272415315362472
"{'ar': '44100', 'sample_fmt': 's16p', 'compression_level': '8', 'reservoir': '1', 'b:a': '212k'}",312.220703125,-2.602,-0.717,0.4954601420031395,2.0916594078970143
"{'ar': '44100', 'sample_fmt': 's16p', 'compression_level': '8', 'reservoir': '1', 'b:a': '114k'}",156.1484375,-3.065,-1.278,0.4804522999911569,1.0860742855518861
"{'ar': '44100', 'sample_fmt': 'fltp', 'compression_level': '9', 'reservoir': '1', 'aq': '9'}",97.1474609375,-3.314,-1.668,0.4861614599649329,0.47661477439481564
"{'ar': '44100', 'sample_fmt': 's16p', 'compression_level': '2', 'reservoir': '1', 'b:a': '167k', 'abr': 'True'}",220.666015625,-2.699,-0.823,0.755857735988684,1.9590606823555576
"{'ar': '44100', 'sample_fmt': 'fltp', 'compression_level': '8', 'reservoir': '0', 'b:a': '32k'}",44.771484375,-3.303,-1.649,0.48561690995120443,0.5918525417047792
"{'ar': '44100', 'sample_fmt': 's16p', 'compression_level': '7', 'reservoir': '1', 'b:a': '170k', 'abr': 'True'}",229.55078125,-2.677,-0.799,0.5036582579778042,2.0223540026050295
"{'ar': '44100', 'sample_fmt': 'fltp', 'compression_level': '1', 'reservoir': '0', 'b:a': '32k'}",44.771484375,-3.13,-1.371,0.905675074987812,1.051581512461326
"{'ar': '44100', 'sample_fmt': 's16p', 'compression_level': '8', 'reservoir': '1', 'b:a': '240k'}",312.220703125,-2.602,-0.717,0.5134992149833124,2.090326087894104
"{'ar': '32000', 'sample_fmt': 's32p', 'compression_level': '8', 'reservoir': '0', 'b:a': '148k'}",223.671875,-3.202,-1.481,0.5377064049826004,0.5908581692401002
"{'ar': '44100', 'sample_fmt': 's32p', 'compression_level': '1', 'reservoir': '1', 'b:a': '181k'}",267.6279296875,-2.631,-0.749,0.8682445579906926,2.0575980786219614
"{'ar': '44100', 'sample_fmt': 's16p', 'compression_level': '8', 'reservoir': '1', 'b:a': '242k'}",356.8115234375,-2.595,-0.709,0.5101697759819217,2.0382534146929334
"{'ar': '44100', 'sample_fmt': 's32p', 'compression_level': '7', 'reservoir': '1', 'b:a': '163k', 'abr': 'True'}",219.640625,-2.703,-0.829,0.5100529310002457,1.9676525034073737
"{'ar': '44100', 'sample_fmt': 's16p', 'compression_level': '7', 'reservoir': '1', 'b:a': '211k'}",312.220703125,-2.602,-0.717,0.5007289790082723,2.0912699729311077
"{'ar': '44100', 'sample_fmt': 's16p', 'compression_level': '8', 'reservoir': '1', 'b:a': '254k'}",356.8115234375,-2.595,-0.709,0.5251624619704671,2.0371452619542727
"{'ar': '8000', 'sample_fmt': 's32p', 'compression_level': '0', 'reservoir': '0', 'aq': '9'}",40.578125,-3.85,-3.441,0.42985118200886063,-1.2371119218910585
"{'ar': '44100', 'sample_fmt': 's16p', 'compression_level': '2', 'reservoir': '1', 'b:a': '167k'}",223.037109375,-2.688,-0.811,0.784306692017708,1.982589284552913
"{'ar': '44100', 'sample_fmt': 's16p', 'compression_level': '1', 'reservoir': '0', 'b:a': '32k', 'abr': 'True'}",53.09375,-3.138,-1.383,0.9389640700246673,1.0134164783493034
"{'ar': '44100', 'sample_fmt': 's16p', 'compression_level': '8', 'reservoir': '1', 'b:a': '148k'}",223.037109375,-2.689,-0.812,0.5004764159966726,2.0009226040575903
"{'ar': '44100', 'sample_fmt': 's32p', 'compression_level': '9', 'reservoir': '1', 'b:a': '148k'}",223.037109375,-2.692,-0.815,0.5145000829943456,1.9919498855753248
"{'ar': '44100', 'sample_fmt': 'fltp', 'compression_level': '8', 'reservoir': '0', 'b:a': '138k'}",178.4443359375,-2.892,-1.051,0.49131193399080075,1.52438314715073
"{'ar': '44100', 'sample_fmt': 's32p', 'compression_level': '7', 'reservoir': '1', 'b:a': '150k', 'abr': 'True'}",200.861328125,-2.772,-0.906,0.5418395010055974,1.8102125173374193
"{'ar': '44100', 'sample_fmt': 's16p', 'compression_level': '8', 'reservoir': '1', 'b:a': '170k', 'abr': 'True'}",229.55078125,-2.677,-0.799,0.5573287400184199,2.018387062211294
"{'ar': '44100', 'sample_fmt': 's16p', 'compression_level': '9', 'reservoir': '1', 'b:a': '109k'}",156.1484375,-3.065,-1.278,0.5050027240358759,1.0842596927790351
"{'ar': '44100', 'sample_fmt': 's32p', 'compression_level': '7', 'reservoir': '1', 'b:a': '275k', 'abr': 'True'}",378.6396484375,-2.6,-0.715,0.4980751489929389,1.9907745573739675
"{'ar': '44100', 'sample_fmt': 's16p', 'compression_level': '8', 'reservoir': '1', 'b:a': '295k'}",445.9951171875,-2.585,-0.699,0.5150437589618377,1.922040022882542
"{'ar': '44100', 'sample_fmt': 's16p', 'compression_level': '8', 'reservoir': '1', 'b:a': '295k'}",445.9951171875,-2.585,-0.699,0.5007046929968055,1.9230998646768094
"{'ar': '44100', 'sample_fmt': 's32p', 'compression_level': '8', 'reservoir': '1', 'b:a': '153k'}",223.037109375,-2.692,-0.815,0.4990405029966496,1.993092547799164
"{'ar': '44100', 'sample_fmt': 's16p', 'compression_level': '1', 'reservoir': '0', 'aq': '6'}",147.916015625,-3.069,-1.283,0.5339815260376781,1.0843569266245048
"{'ar': '44100', 'sample_fmt': 'fltp', 'compression_level': '1', 'reservoir': '0', 'b:a': '32k', 'abr': 'True'}",53.119140625,-3.132,-1.375,0.9122609170153737,1.0318529649086137
"{'ar': '44100', 'sample_fmt': 's16p', 'compression_level': '8', 'reservoir': '1', 'b:a': '211k'}",312.220703125,-2.602,-0.717,0.49395015501067974,2.0917710153983196
"{'ar': '44100', 'sample_fmt': 's32p', 'compression_level': '8', 'reservoir': '1', 'b:a': '148k'}",223.037109375,-2.692,-0.815,0.6063385370071046,1.9851618400972593
"{'ar': '44100', 'sample_fmt': 'fltp', 'compression_level': '1', 'reservoir': '0', 'b:a': '32k'}",44.771484375,-3.13,-1.371,0.9501578249910381,1.048293663887902
"{'ar': '44100', 'sample_fmt': 's16p', 'compression_level': '8', 'reservoir': '0', 'aq': '7'}",119.9013671875,-3.33,-1.699,0.46139440400293097,0.3950795601204811
"{'ar': '44100', 'sample_fmt': 's16p', 'compression_level': '8', 'reservoir': '1', 'b:a': '282k'}",356.8115234375,-2.595,-0.709,0.47563761702622287,2.0408057863325353
"{'ar': '44100', 'sample_fmt': 's16p', 'compression_level': '8', 'reservoir': '1', 'b:a': '211k'}",312.220703125,-2.602,-0.717,0.5515140719944611,2.0875162999789243
"{'ar': '44100', 'sample_fmt': 's32p', 'compression_level': '8', 'reservoir': '0', 'b:a': '214k'}",312.220703125,-2.606,-0.721,0.6045228180009872,2.0730166854247947
"{'ar': '44100', 'sample_fmt': 's16p', 'compression_level': '1', 'reservoir': '0', 'b:a': '32k'}",44.771484375,-3.131,-1.373,1.0695358439988922,1.036509234939011
"{'ar': '44100', 'sample_fmt': 's16p', 'compression_level': '8', 'reservoir': '1', 'b:a': '240k'}",312.220703125,-2.602,-0.717,0.49484451598254964,2.091704910594878
"{'ar': '44100', 'sample_fmt': 's32p', 'compression_level': '8', 'reservoir': '0', 'b:a': '150k'}",223.037109375,-2.706,-0.831,0.4889816159848124,1.9561695649448028
"{'ar': '44100', 'sample_fmt': 's16p', 'compression_level': '8', 'reservoir': '1', 'b:a': '282k', 'abr': 'True'}",388.09375,-2.598,-0.712,0.6092323800257873,1.973079280912193
"{'ar': '44100', 'sample_fmt': 'fltp', 'compression_level': '3', 'reservoir': '1', 'b:a': '32k'}",44.771484375,-3.302,-1.648,0.5495378709747456,0.5897733550391175
"{'ar': '44100', 'sample_fmt': 's16p', 'compression_level': '8', 'reservoir': '1', 'b:a': '211k'}",312.220703125,-2.602,-0.717,0.4837698939954862,2.09252346790302
"{'ar': '44100', 'sample_fmt': 's32p', 'compression_level': '8', 'reservoir': '1', 'b:a': '122k'}",178.4443359375,-2.916,-1.081,0.5180950369685888,1.4570212702814351
"{'ar': '44100', 'sample_fmt': 's32p', 'compression_level': '9', 'reservoir': '1', 'b:a': '44k'}",55.8935546875,-3.279,-1.607,0.49532732195802964,0.6425554843861444
"{'ar': '44100', 'sample_fmt': 'fltp', 'compression_level': '8', 'reservoir': '1', 'b:a': '190k'}",267.6279296875,-2.63,-0.747,0.49606761999893934,2.0880676060659784
"{'ar': '44100', 'sample_fmt': 'fltp', 'compression_level': '8', 'reservoir': '1', 'b:a': '282k'}",356.8115234375,-2.605,-0.72,0.48364685600972734,2.013444379473937
"{'ar': '44100', 'sample_fmt': 's16p', 'compression_level': '7', 'reservoir': '1', 'b:a': '211k', 'abr': 'True'}",289.560546875,-2.609,-0.724,0.4936159609933384,2.109435952249235
"{'ar': '44100', 'sample_fmt': 's32p', 'compression_level': '9', 'reservoir': '1', 'b:a': '148k'}",223.037109375,-2.692,-0.815,0.49218788801226765,1.993599044371408
"{'ar': '44100', 'sample_fmt': 's32p', 'compression_level': '7', 'reservoir': '1', 'b:a': '164k', 'abr': 'True'}",221.1787109375,-2.699,-0.824,0.4679665819858201,1.9792060011574133
"{'ar': '44100', 'sample_fmt': 's16p', 'compression_level': '8', 'reservoir': '1', 'b:a': '180k'}",267.6279296875,-2.634,-0.752,0.4757461789995432,2.0786725790925
"{'ar': '44100', 'sample_fmt': 's16p', 'compression_level': '8', 'reservoir': '1', 'b:a': '295k'}",445.9951171875,-2.585,-0.699,0.4744226729962975,1.9250424447097234
"{'ar': '44100', 'sample_fmt': 's32p', 'compression_level': '7', 'reservoir': '0', 'b:a': '281k', 'abr': 'True'}",445.4091796875,-2.596,-0.711,0.47781209397362545,1.8963120654328773
"{'ar': '44100', 'sample_fmt': 's32p', 'compression_level': '8', 'reservoir': '0', 'b:a': '211k'}",312.220703125,-2.606,-0.721,0.4794437950185966,2.0822616373948977
"{'ar': '44100', 'sample_fmt': 'fltp', 'compression_level': '5', 'reservoir': '1', 'b:a': '160k'}",223.037109375,-2.652,-0.771,0.5841412570152897,2.0938801886537277
"{'ar': '32000', 'sample_fmt': 's16p', 'compression_level': '9', 'reservoir': '0', 'b:a': '32k'}",44.8671875,-3.413,-1.856,0.4309235619730316,0.27414932235150724
"{'ar': '44100', 'sample_fmt': 's32p', 'compression_level': '7', 'reservoir': '1', 'b:a': '164k', 'abr': 'True'}",221.1787109375,-2.699,-0.824,0.47380225401138887,1.9787746697774324
"{'ar': '44100', 'sample_fmt': 'fltp', 'compression_level': '5', 'reservoir': '1', 'b:a': '190k'}",267.6279296875,-2.616,-0.732,0.5533500649908092,2.1211847009021523
"{'ar': '44100', 'sample_fmt': 's32p', 'compression_level': '7', 'reservoir': '1', 'b:a': '281k', 'abr': 'True'}",386.671875,-2.596,-0.711,0.4814501709770411,1.9897682028710457
"{'ar': '44100', 'sample_fmt': 's16p', 'compression_level': '7', 'reservoir': '1', 'b:a': '211k'}",312.220703125,-2.602,-0.717,0.4792842530005146,2.0928550145889853
"{'ar': '44100', 'sample_fmt': 's16p', 'compression_level': '8', 'reservoir': '1', 'b:a': '240k'}",312.220703125,-2.602,-0.717,0.47931185000925325,2.0928529748143356
"{'ar': '44100', 'sample_fmt': 's16p', 'compression_level': '7', 'reservoir': '1', 'b:a': '115k'}",156.1484375,-3.065,-1.278,0.46136444903095253,1.0874851237654561
"{'ar': '44100', 'sample_fmt': 's32p', 'compression_level': '8', 'reservoir': '1', 'b:a': '164k', 'abr': 'True'}",221.1787109375,-2.699,-0.824,0.47845190099906176,1.978431000934696
"{'ar': '44100', 'sample_fmt': 's32p', 'compression_level': '8', 'reservoir': '0', 'b:a': '123k'}",178.4443359375,-2.892,-1.051,0.47119669400854036,1.5258699226552788
"{'ar': '44100', 'sample_fmt': 's32p', 'compression_level': '5', 'reservoir': '1', 'b:a': '165k'}",223.037109375,-2.652,-0.771,0.5751219179946929,2.094546834059642
"{'ar': '44100', 'sample_fmt': 's32p', 'compression_level': '7', 'reservoir': '1', 'b:a': '281k', 'abr': 'True'}",386.671875,-2.596,-0.711,0.47959890801575966,1.9899050350652299
"{'ar': '44100', 'sample_fmt': 's16p', 'compression_level': '8', 'reservoir': '1', 'b:a': '282k'}",356.8115234375,-2.595,-0.709,0.47093041701009497,2.0411537090858887
"{'ar': '44100', 'sample_fmt': 's16p', 'compression_level': '7', 'reservoir': '1', 'b:a': '295k'}",445.9951171875,-2.585,-0.699,0.4876664330076892,1.9240635601430753
"{'ar': '44100', 'sample_fmt': 's32p', 'compression_level': '7', 'reservoir': '1', 'b:a': '145k', 'abr': 'True'}",193.97265625,-2.802,-0.942,0.4935708919656463,1.7435175617733445
"{'ar': '44100', 'sample_fmt': 's32p', 'compression_level': '7', 'reservoir': '0', 'b:a': '163k'}",223.037109375,-2.706,-0.831,0.5340481919993181,1.9528385641040802
"{'ar': '44100', 'sample_fmt': 's32p', 'compression_level': '7', 'reservoir': '1', 'b:a': '146k', 'abr': 'True'}",195.5517578125,-2.795,-0.934,0.46940728402114473,1.7616170795038428
"{'ar': '44100', 'sample_fmt': 's16p', 'compression_level': '8', 'reservoir': '1', 'b:a': '211k', 'abr': 'True'}",289.560546875,-2.609,-0.724,0.4853775020164903,2.1100448805549776
"{'ar': '32000', 'sample_fmt': 's16p', 'compression_level': '7', 'reservoir': '1', 'aq': '9'}",81.7109375,-3.514,-2.081,0.43123458497575484,-0.09096579758411834
"{'ar': '44100', 'sample_fmt': 's32p', 'compression_level': '8', 'reservoir': '0', 'b:a': '123k'}",178.4443359375,-2.892,-1.051,0.45977846800815314,1.5267138767287944
"{'ar': '44100', 'sample_fmt': 's32p', 'compression_level': '7', 'reservoir': '1', 'b:a': '138k', 'abr': 'True'}",183.9091796875,-2.852,-1.002,0.47087394999107346,1.6258286953428025
"{'ar': '44100', 'sample_fmt': 's16p', 'compression_level': '7', 'reservoir': '1', 'aq': '9'}",97.146484375,-3.315,-1.67,0.46708396199392155,0.47506555100122994
"{'ar': '48000', 'sample_fmt': 'fltp', 'compression_level': '3', 'reservoir': '1', 'b:a': '32k'}",44.796875,-3.362,-1.757,0.5287097470136359,0.41709107018695424
"{'ar': '44100', 'sample_fmt': 's32p', 'compression_level': '8', 'reservoir': '0', 'b:a': '146k'}",223.037109375,-2.706,-0.831,0.48039227197295986,1.9568044281772685
"{'ar': '44100', 'sample_fmt': 's32p', 'compression_level': '7', 'reservoir': '1', 'b:a': '148k'}",223.037109375,-2.692,-0.815,0.5012804949656129,1.9929269835208963
"{'ar': '44100', 'sample_fmt': 'fltp', 'compression_level': '8', 'reservoir': '1', 'b:a': '114k'}",156.1484375,-3.068,-1.283,0.49132915199152194,1.076703240441157
"{'ar': '44100', 'sample_fmt': 'fltp', 'compression_level': '5', 'reservoir': '1', 'b:a': '190k'}",267.6279296875,-2.616,-0.732,0.5464857559709344,2.121692061814346
"{'ar': '44100', 'sample_fmt': 's32p', 'compression_level': '8', 'reservoir': '0', 'b:a': '123k'}",178.4443359375,-2.892,-1.051,0.4677026300050784,1.5261281790209127
"{'ar': '44100', 'sample_fmt': 's32p', 'compression_level': '7', 'reservoir': '1', 'b:a': '164k', 'abr': 'True'}",221.1787109375,-2.699,-0.824,0.4969873639929574,1.977060991311689
"{'ar': '44100', 'sample_fmt': 's16p', 'compression_level': '1', 'reservoir': '0', 'aq': '6'}",147.916015625,-3.069,-1.283,0.5199220330105163,1.085396104375185
"{'ar': '44100', 'sample_fmt': 's32p', 'compression_level': '5', 'reservoir': '1', 'b:a': '164k', 'abr': 'True'}",223.013671875,-2.665,-0.786,0.5866250159742776,2.058712937232012
"{'ar': '44100', 'sample_fmt': 's32p', 'compression_level': '9', 'reservoir': '1', 'b:a': '148k'}",223.037109375,-2.692,-0.815,0.47096772998338565,1.9951674875611396
"{'ar': '44100', 'sample_fmt': 's32p', 'compression_level': '8', 'reservoir': '1', 'b:a': '151k', 'abr': 'True'}",202.6982421875,-2.762,-0.896,0.47302312700776383,1.8388217980657853
"{'ar': '44100', 'sample_fmt': 's32p', 'compression_level': '8', 'reservoir': '1', 'b:a': '164k', 'abr': 'True'}",221.1787109375,-2.699,-0.824,0.46695936599280685,1.9792804474015309
"{'ar': '44100', 'sample_fmt': 's16p', 'compression_level': '1', 'reservoir': '0', 'b:a': '32k', 'abr': 'True'}",53.09375,-3.138,-1.383,0.8715963669819757,1.0183958199216592
"{'ar': '44100', 'sample_fmt': 's32p', 'compression_level': '7', 'reservoir': '1', 'b:a': '211k'}",312.220703125,-2.6,-0.715,0.47166319302050397,2.0987091016423562
"{'ar': '44100', 'sample_fmt': 's32p', 'compression_level': '1', 'reservoir': '0', 'b:a': '136k', 'abr': 'True'}",200.5908203125,-2.906,-1.068,0.985069223010214,1.4145678353847635
"{'ar': '44100', 'sample_fmt': 's32p', 'compression_level': '1', 'reservoir': '0', 'b:a': '122k'}",178.4443359375,-2.938,-1.109,0.9989854260056745,1.3613858043725382
"{'ar': '44100', 'sample_fmt': 's32p', 'compression_level': '7', 'reservoir': '1', 'b:a': '137k', 'abr': 'True'}",182.22265625,-2.864,-1.016,0.616545388038503,1.5853771524732858
"{'ar': '32000', 'sample_fmt': 's16p', 'compression_level': '9', 'reservoir': '1', 'b:a': '210k'}",313.109375,-3.179,-1.445,0.6304866730060894,0.5062333312067692
"{'ar': '44100', 'sample_fmt': 's16p', 'compression_level': '2', 'reservoir': '1', 'b:a': '167k'}",223.037109375,-2.688,-0.811,0.8246611960057635,1.9796065665699027
"{'ar': '44100', 'sample_fmt': 's32p', 'compression_level': '8', 'reservoir': '1', 'b:a': '146k'}",223.037109375,-2.692,-0.815,0.5660010990104638,1.9881432966835364
"{'ar': '44100', 'sample_fmt': 's16p', 'compression_level': '1', 'reservoir': '0', 'aq': '6'}",147.916015625,-3.069,-1.283,0.5729772649938241,1.0814746388907814
"{'ar': '44100', 'sample_fmt': 's32p', 'compression_level': '8', 'reservoir': '0', 'b:a': '66k'}",89.2607421875,-3.505,-2.06,0.49967493099393323,-0.0804773103186793
"{'ar': '44100', 'sample_fmt': 'fltp', 'compression_level': '5', 'reservoir': '1', 'b:a': '160k'}",223.037109375,-2.652,-0.771,0.6102027510059997,2.091953908335347
"{'ar': '44100', 'sample_fmt': 's32p', 'compression_level': '8', 'reservoir': '0', 'b:a': '138k'}",178.4443359375,-2.892,-1.051,0.5136401300260331,1.5227328056705778
"{'ar': '44100', 'sample_fmt': 's16p', 'compression_level': '8', 'reservoir': '1', 'b:a': '286k'}",356.8115234375,-2.595,-0.709,0.5095034170080908,2.0383026672099502
"{'ar': '44100', 'sample_fmt': 's32p', 'compression_level': '7', 'reservoir': '1', 'b:a': '164k', 'abr': 'True'}",221.1787109375,-2.699,-0.824,0.5328696480137296,1.9744088280277117
"{'ar': '44100', 'sample_fmt': 's32p', 'compression_level': '7', 'reservoir': '1', 'b:a': '145k', 'abr': 'True'}",193.97265625,-2.802,-0.942,0.505796352023026,1.7426139426983953
"{'ar': '44100', 'sample_fmt': 's16p', 'compression_level': '8', 'reservoir': '1', 'b:a': '211k'}",312.220703125,-2.602,-0.717,0.5117840419989079,2.0904528612849025
"{'ar': '44100', 'sample_fmt': 's32p', 'compression_level': '8', 'reservoir': '1', 'b:a': '164k'}",223.037109375,-2.692,-0.815,0.5141344669973478,1.99197690931001
"{'ar': '44100', 'sample_fmt': 's32p', 'compression_level': '8', 'reservoir': '1', 'b:a': '145k'}",223.037109375,-2.692,-0.815,0.4686855759937316,1.9953361681561719
"{'ar': '44100', 'sample_fmt': 's32p', 'compression_level': '7', 'reservoir': '1', 'b:a': '164k', 'abr': 'True'}",221.1787109375,-2.699,-0.824,0.47037392598576844,1.979028067407018
"{'ar': '44100', 'sample_fmt': 's32p', 'compression_level': '5', 'reservoir': '0', 'b:a': '159k'}",223.037109375,-2.67,-0.791,0.5683850970235653,2.046796722723436
"{'ar': '44100', 'sample_fmt': 's32p', 'compression_level': '7', 'reservoir': '1', 'b:a': '149k', 'abr': 'True'}",199.7421875,-2.772,-0.907,0.49018871900625527,1.8155004905433043
"{'ar': '44100', 'sample_fmt': 's32p', 'compression_level': '8', 'reservoir': '1', 'b:a': '153k'}",223.037109375,-2.692,-0.815,0.48358087000087835,1.9942352139402437
"{'ar': '44100', 'sample_fmt': 's32p', 'compression_level': '7', 'reservoir': '1', 'b:a': '148k', 'abr': 'True'}",198.2060546875,-2.779,-0.915,0.469349336985033,1.8006587101113516
"{'ar': '44100', 'sample_fmt': 's32p', 'compression_level': '8', 'reservoir': '0', 'b:a': '136k'}",178.4443359375,-2.892,-1.051,0.4767001129803248,1.525463149058457
"{'ar': '44100', 'sample_fmt': 's32p', 'compression_level': '7', 'reservoir': '1', 'b:a': '163k', 'abr': 'True'}",219.640625,-2.703,-0.829,0.46333331501227804,1.9711056852085398
"{'ar': '44100', 'sample_fmt': 'fltp', 'compression_level': '5', 'reservoir': '1', 'b:a': '160k'}",223.037109375,-2.652,-0.771,0.582988436013693,2.093965396984715
"{'ar': '44100', 'sample_fmt': 's16p', 'compression_level': '8', 'reservoir': '1', 'b:a': '170k', 'abr': 'True'}",229.55078125,-2.677,-0.799,0.47426937500131316,2.0245262198569254
"{'ar': '44100', 'sample_fmt': 's32p', 'compression_level': '7', 'reservoir': '1', 'b:a': '150k', 'abr': 'True'}",200.861328125,-2.772,-0.906,0.4739919150015339,1.81522732844594
"{'ar': '11025', 'sample_fmt': 'fltp', 'compression_level': '3', 'reservoir': '1', 'aq': '9'}",46.904296875,-3.834,-3.322,0.4355470369919203,-1.1728088115562996
"{'ar': '44100', 'sample_fmt': 's16p', 'compression_level': '5', 'reservoir': '1', 'b:a': '180k'}",267.6279296875,-2.629,-0.746,0.561565702984808,2.0858718497594206
"{'ar': '44100', 'sample_fmt': 's16p', 'compression_level': '8', 'reservoir': '1', 'b:a': '179k'}",267.6279296875,-2.634,-0.752,0.48781345499446616,2.077780651858636
"{'ar': '44100', 'sample_fmt': 's16p', 'compression_level': '3', 'reservoir': '1', 'b:a': '32k'}",44.771484375,-3.312,-1.666,0.5185849629924633,0.5630835441744769
"{'ar': '44100', 'sample_fmt': 's32p', 'compression_level': '8', 'reservoir': '1', 'b:a': '142k'}",178.4443359375,-2.916,-1.081,0.4798630610166583,1.4598471060848337
"{'ar': '44100', 'sample_fmt': 'fltp', 'compression_level': '5', 'reservoir': '1', 'b:a': '163k', 'abr': 'True'}",221.7890625,-2.673,-0.795,0.5735861670109443,2.0401521136950316
"{'ar': '44100', 'sample_fmt': 'fltp', 'compression_level': '1', 'reservoir': '0', 'b:a': '32k'}",44.771484375,-3.13,-1.371,0.8650610379991122,1.054583413278263
"{'ar': '44100', 'sample_fmt': 's32p', 'compression_level': '8', 'reservoir': '1', 'b:a': '148k'}",223.037109375,-2.692,-0.815,0.4841254100028891,1.9941949654153963
"{'ar': '44100', 'sample_fmt': 's32p', 'compression_level': '8', 'reservoir': '1', 'b:a': '150k', 'abr': 'True'}",200.861328125,-2.772,-0.906,0.4837895859964192,1.8145031542750292
"{'ar': '44100', 'sample_fmt': 's16p', 'compression_level': '1', 'reservoir': '1', 'aq': '9'}",103.81640625,-3.341,-1.719,0.48620901198592037,0.3869731592504034
"{'ar': '44100', 'sample_fmt': 's32p', 'compression_level': '8', 'reservoir': '1', 'b:a': '240k'}",312.220703125,-2.6,-0.715,0.4804380440036766,2.0980605270536685
"{'ar': '44100', 'sample_fmt': 's32p', 'compression_level': '1', 'reservoir': '0', 'b:a': '136k'}",178.4443359375,-2.938,-1.109,0.993486123974435,1.3617922736743895
"{'ar': '44100', 'sample_fmt': 's32p', 'compression_level': '8', 'reservoir': '0', 'b:a': '146k', 'abr': 'True'}",225.59765625,-2.795,-0.934,0.48001396397012286,1.7128899324111089
"{'ar': '44100', 'sample_fmt': 's32p', 'compression_level': '7', 'reservoir': '1', 'b:a': '281k'}",356.8115234375,-2.604,-0.719,0.49762980701052584,2.015056255411217
"{'ar': '44100', 'sample_fmt': 's32p', 'compression_level': '7', 'reservoir': '1', 'b:a': '162k', 'abr': 'True'}",218.001953125,-2.706,-0.832,0.4940982800035272,1.963510339736178
"{'ar': '44100', 'sample_fmt': 's32p', 'compression_level': '7', 'reservoir': '1', 'b:a': '150k', 'abr': 'True'}",200.861328125,-2.772,-0.906,0.4953788460115902,1.813646558583325
"{'ar': '44100', 'sample_fmt': 's16p', 'compression_level': '8', 'reservoir': '1', 'b:a': '211k'}",312.220703125,-2.602,-0.717,0.5094609980296809,2.090624564176465
"{'ar': '44100', 'sample_fmt': 's32p', 'compression_level': '7', 'reservoir': '1', 'b:a': '119k', 'abr': 'True'}",156.2568359375,-3.056,-1.266,0.4740032579866238,1.111132926764926
"{'ar': '44100', 'sample_fmt': 's32p', 'compression_level': '7', 'reservoir': '1', 'b:a': '163k', 'abr': 'True'}",219.640625,-2.703,-0.829,0.4785300579969771,1.9699824500277268
"{'ar': '44100', 'sample_fmt': 's32p', 'compression_level': '7', 'reservoir': '1', 'b:a': '165k'}",223.037109375,-2.692,-0.815,0.47143959600361995,1.9951326105802567
"{'ar': '44100', 'sample_fmt': 's32p', 'compression_level': '9', 'reservoir': '1', 'b:a': '148k'}",223.037109375,-2.692,-0.815,0.48208227899158373,1.9943459791315077
"{'ar': '44100', 'sample_fmt': 'fltp', 'compression_level': '5', 'reservoir': '1', 'b:a': '190k'}",267.6279296875,-2.616,-0.732,0.5601125539978966,2.1206848658012842
"{'ar': '44100', 'sample_fmt': 's32p', 'compression_level': '8', 'reservoir': '0', 'b:a': '123k', 'abr': 'True'}",173.904296875,-3.041,-1.245,0.47363563397084363,1.124574364225586
"{'ar': '44100', 'sample_fmt': 's32p', 'compression_level': '7', 'reservoir': '1', 'b:a': '164k', 'abr': 'True'}",221.1787109375,-2.699,-0.824,0.4838278359675314,1.978033650048889
"{'ar': '44100', 'sample_fmt': 's32p', 'compression_level': '8', 'reservoir': '1', 'b:a': '166k', 'abr': 'True'}",224.0419921875,-2.692,-0.815,0.47799221699824557,1.9930448314921096
"{'ar': '44100', 'sample_fmt': 's32p', 'compression_level': '9', 'reservoir': '1', 'b:a': '148k'}",223.037109375,-2.692,-0.815,0.4802447209949605,1.9944817983521572
"{'ar': '44100', 'sample_fmt': 's32p', 'compression_level': '7', 'reservoir': '1', 'b:a': '150k', 'abr': 'True'}",200.861328125,-2.772,-0.906,0.4844837059790734,1.8144518498616422
"{'ar': '44100', 'sample_fmt': 's32p', 'compression_level': '7', 'reservoir': '1', 'b:a': '170k'}",223.037109375,-2.692,-0.815,0.48656036698957905,1.9940149907093707
"{'ar': '44100', 'sample_fmt': 's16p', 'compression_level': '8', 'reservoir': '1', 'b:a': '168k', 'abr': 'True'}",226.796875,-2.686,-0.809,0.48506366700166836,2.0039986686639226
"{'ar': '44100', 'sample_fmt': 's16p', 'compression_level': '9', 'reservoir': '1', 'b:a': '160k'}",223.037109375,-2.689,-0.812,0.47137533099157736,2.003073549329907
"{'ar': '44100', 'sample_fmt': 's32p', 'compression_level': '1', 'reservoir': '0', 'b:a': '120k'}",156.1484375,-3.12,-1.357,0.9945056829601526,0.8950113194888972
"{'ar': '44100', 'sample_fmt': 's32p', 'compression_level': '9', 'reservoir': '1', 'b:a': '148k'}",223.037109375,-2.692,-0.815,0.4891603840223979,1.9938228159384404
"{'ar': '44100', 'sample_fmt': 's32p', 'compression_level': '8', 'reservoir': '0', 'b:a': '148k'}",223.037109375,-2.706,-0.831,0.48314999099238776,1.9566005971968712
"{'ar': '44100', 'sample_fmt': 's16p', 'compression_level': '1', 'reservoir': '0', 'b:a': '119k', 'abr': 'True'}",168.357421875,-3.051,-1.259,0.966431968001416,1.069285519406641
"{'ar': '44100', 'sample_fmt': 's16p', 'compression_level': '8', 'reservoir': '1', 'b:a': '287k'}",356.8115234375,-2.595,-0.709,0.5007888990221545,2.0389467824124967
"{'ar': '44100', 'sample_fmt': 'fltp', 'compression_level': '0', 'reservoir': '0', 'aq': '6'}",147.712890625,-3.079,-1.298,0.5313171339803375,1.0568467244144808
"{'ar': '48000', 'sample_fmt': 'fltp', 'compression_level': '8', 'reservoir': '0', 'b:a': '98k'}",133.953125,-3.705,-2.659,0.5343313199700788,-0.8093000717048677
"{'ar': '44100', 'sample_fmt': 's32p', 'compression_level': '7', 'reservoir': '1', 'b:a': '281k'}",356.8115234375,-2.604,-0.719,0.5313896549923811,2.012560967507072
"{'ar': '44100', 'sample_fmt': 's16p', 'compression_level': '8', 'reservoir': '1', 'b:a': '275k'}",356.8115234375,-2.595,-0.709,0.4997850799700245,2.039020977578899
"{'ar': '44100', 'sample_fmt': 's32p', 'compression_level': '8', 'reservoir': '1', 'b:a': '159k'}",223.037109375,-2.692,-0.815,0.5225304589839652,1.9913563372843668
"{'ar': '44100', 'sample_fmt': 's32p', 'compression_level': '7', 'reservoir': '1', 'b:a': '168k'}",223.037109375,-2.692,-0.815,0.49400310596683994,1.993464876367812
"{'ar': '44100', 'sample_fmt': 's32p', 'compression_level': '5', 'reservoir': '1', 'b:a': '164k', 'abr': 'True'}",223.013671875,-2.665,-0.786,0.5875587360060308,2.0586439232867373
"{'ar': '44100', 'sample_fmt': 's16p', 'compression_level': '8', 'reservoir': '1', 'b:a': '148k'}",223.037109375,-2.689,-0.812,0.4877588410163298,2.0018625967683263
"{'ar': '44100', 'sample_fmt': 's32p', 'compression_level': '7', 'reservoir': '1', 'b:a': '150k', 'abr': 'True'}",200.861328125,-2.772,-0.906,0.5086877110006753,1.8126628619196727
"{'ar': '44100', 'sample_fmt': 'fltp', 'compression_level': '1', 'reservoir': '0', 'b:a': '126k'}",178.4443359375,-2.938,-1.109,1.0260841330164112,1.3593828606431055
"{'ar': '44100', 'sample_fmt': 's16p', 'compression_level': '8', 'reservoir': '1', 'b:a': '295k'}",445.9951171875,-2.585,-0.699,0.4837234940205235,1.9243549941556557
"{'ar': '44100', 'sample_fmt': 's16p', 'compression_level': '8', 'reservoir': '1', 'b:a': '238k'}",312.220703125,-2.602,-0.717,0.47300600798917003,2.093319057817038
"{'ar': '44100', 'sample_fmt': 's32p', 'compression_level': '8', 'reservoir': '1', 'b:a': '174k'}",223.037109375,-2.692,-0.815,0.4716140600212384,1.9951197154406488
"{'ar': '44100', 'sample_fmt': 's16p', 'compression_level': '8', 'reservoir': '1', 'b:a': '145k'}",223.037109375,-2.689,-0.812,0.49181582397432067,2.0015627334363635
"{'ar': '44100', 'sample_fmt': 's32p', 'compression_level': '7', 'reservoir': '1', 'b:a': '150k', 'abr': 'True'}",200.861328125,-2.772,-0.906,0.4844458249863237,1.8144546497552632
"{'ar': '44100', 'sample_fmt': 's32p', 'compression_level': '8', 'reservoir': '1', 'b:a': '109k'}",156.1484375,-3.068,-1.283,0.4722220730036497,1.078115499853806
"{'ar': '44100', 'sample_fmt': 's32p', 'compression_level': '7', 'reservoir': '1', 'b:a': '163k', 'abr': 'True'}",219.640625,-2.703,-0.829,0.4860187050362583,1.9694289424886653
"{'ar': '44100', 'sample_fmt': 's32p', 'compression_level': '9', 'reservoir': '1', 'b:a': '138k'}",178.4443359375,-2.916,-1.081,0.4842656389810145,1.4595216988274486
"{'ar': '44100', 'sample_fmt': 's32p', 'compression_level': '7', 'reservoir': '0', 'b:a': '150k'}",223.037109375,-2.706,-0.831,0.47494365999591537,1.9572071508307594
"{'ar': '44100', 'sample_fmt': 's32p', 'compression_level': '9', 'reservoir': '1', 'b:a': '147k'}",223.037109375,-2.692,-0.815,0.4753758150036447,1.9948416732613414
"{'ar': '44100', 'sample_fmt': 's16p', 'compression_level': '8', 'reservoir': '1', 'b:a': '211k'}",312.220703125,-2.602,-0.717,0.4951877710118424,2.091679539623922
"{'ar': '44100', 'sample_fmt': 's16p', 'compression_level': '8', 'reservoir': '1', 'b:a': '311k'}",445.9951171875,-2.585,-0.699,0.49384593599825166,1.9236068152230665
"{'ar': '44100', 'sample_fmt': 's32p', 'compression_level': '9', 'reservoir': '1', 'b:a': '148k'}",223.037109375,-2.692,-0.815,0.4825482050073333,1.9943115411935184
"{'ar': '44100', 'sample_fmt': 's16p', 'compression_level': '8', 'reservoir': '1', 'b:a': '165k'}",223.037109375,-2.689,-0.812,0.47792674499214627,2.002589315392614
"{'ar': '44100', 'sample_fmt': 'fltp', 'compression_level': '5', 'reservoir': '1', 'b:a': '190k'}",267.6279296875,-2.616,-0.732,0.5497917070169933,2.121447709420895
"{'ar': '44100', 'sample_fmt': 's32p', 'compression_level': '7', 'reservoir': '1', 'b:a': '150k', 'abr': 'True'}",200.861328125,-2.772,-0.906,0.4720441209792625,1.8153712955297416
"{'ar': '44100', 'sample_fmt': 's32p', 'compression_level': '8', 'reservoir': '1', 'b:a': '150k'}",223.037109375,-2.692,-0.815,0.49039469097624533,1.9937315847452906
"{'ar': '44100', 'sample_fmt': 's16p', 'compression_level': '8', 'reservoir': '1', 'b:a': '211k'}",312.220703125,-2.602,-0.717,0.5024032650107983,2.0911462216152716
"{'ar': '44100', 'sample_fmt': 's32p', 'compression_level': '7', 'reservoir': '1', 'b:a': '138k', 'abr': 'True'}",183.9091796875,-2.852,-1.002,0.49399274101597257,1.6241199187027568
"{'ar': '44100', 'sample_fmt': 's16p', 'compression_level': '1', 'reservoir': '0', 'aq': '6'}",147.916015625,-3.069,-1.283,0.5285112710262183,1.084761248977201
"{'ar': '44100', 'sample_fmt': 's32p', 'compression_level': '1', 'reservoir': '0', 'b:a': '131k'}",178.4443359375,-2.938,-1.109,0.9860464139783289,1.3623421641351998
"{'ar': '44100', 'sample_fmt': 'fltp', 'compression_level': '5', 'reservoir': '1', 'b:a': '160k'}",223.037109375,-2.652,-0.771,0.5752151010092348,2.0945399466338106
"{'ar': '44100', 'sample_fmt': 's32p', 'compression_level': '1', 'reservoir': '0', 'b:a': '135k'}",178.4443359375,-2.938,-1.109,0.9976988690032158,1.3614808975177428
"{'ar': '44100', 'sample_fmt': 's32p', 'compression_level': '7', 'reservoir': '1', 'b:a': '281k', 'abr': 'True'}",386.671875,-2.596,-0.711,0.6009517249767669,1.9809354977480158
"{'ar': '44100', 'sample_fmt': 's32p', 'compression_level': '7', 'reservoir': '0', 'b:a': '123k'}",178.4443359375,-2.892,-1.051,0.4838698900130112,1.52493321012287
"{'ar': '44100', 'sample_fmt': 'fltp', 'compression_level': '5', 'reservoir': '1', 'b:a': '190k'}",267.6279296875,-2.616,-0.732,0.6358889609691687,2.115084012626927
"{'ar': '44100', 'sample_fmt': 'fltp', 'compression_level': '5', 'reservoir': '1', 'b:a': '190k'}",267.6279296875,-2.616,-0.732,0.5908326480130199,2.118414254895354
"{'ar': '44100', 'sample_fmt': 'fltp', 'compression_level': '5', 'reservoir': '1', 'b:a': '190k'}",267.6279296875,-2.616,-0.732,0.5638247370079625,2.120410487629677
"{'ar': '44100', 'sample_fmt': 's32p', 'compression_level': '9', 'reservoir': '1', 'b:a': '148k'}",223.037109375,-2.692,-0.815,0.47733415698166937,1.9946969265476546
"{'ar': '44100', 'sample_fmt': 's16p', 'compression_level': '8', 'reservoir': '1', 'b:a': '295k'}",445.9951171875,-2.585,-0.699,0.5020920039969496,1.9229973245125347
"{'ar': '44100', 'sample_fmt': 's32p', 'compression_level': '7', 'reservoir': '1', 'b:a': '150k', 'abr': 'True'}",200.861328125,-2.772,-0.906,0.4943871150026098,1.813719860287533
"{'ar': '44100', 'sample_fmt': 's32p', 'compression_level': '1', 'reservoir': '0', 'b:a': '136k'}",178.4443359375,-2.938,-1.109,0.989981009013718,1.362051346848203
"{'ar': '44100', 'sample_fmt': 's32p', 'compression_level': '7', 'reservoir': '1', 'b:a': '123k', 'abr': 'True'}",162.359375,-3.041,-1.245,0.48297888902015984,1.1423056004806291
"{'ar': '44100', 'sample_fmt': 's16p', 'compression_level': '8', 'reservoir': '1', 'b:a': '282k'}",356.8115234375,-2.595,-0.709,0.5112157090043183,2.038176106761312
"{'ar': '44100', 'sample_fmt': 's16p', 'compression_level': '7', 'reservoir': '1', 'b:a': '164k', 'abr': 'True'}",221.27734375,-2.7,-0.825,0.49372811798821203,1.974499110466921
"{'ar': '44100', 'sample_fmt': 's16p', 'compression_level': '6', 'reservoir': '1', 'b:a': '211k'}",312.220703125,-2.592,-0.706,0.5860985020117369,2.111729485698971
"{'ar': '44100', 'sample_fmt': 's32p', 'compression_level': '9', 'reservoir': '1', 'b:a': '148k'}",223.037109375,-2.692,-0.815,0.4882036600029096,1.9938935301749119
"{'ar': '44100', 'sample_fmt': 's32p', 'compression_level': '7', 'reservoir': '1', 'b:a': '138k', 'abr': 'True'}",183.9091796875,-2.852,-1.002,0.4817376999708358,1.6250257241939774
"{'ar': '32000', 'sample_fmt': 's32p', 'compression_level': '7', 'reservoir': '1', 'b:a': '137k', 'abr': 'True'}",186.4765625,-3.26,-1.576,0.45877135498449206,0.4909387872043323
"{'ar': '44100', 'sample_fmt': 's32p', 'compression_level': '8', 'reservoir': '1', 'b:a': '131k'}",178.4443359375,-2.916,-1.081,0.493972614989616,1.4588042281850124
"{'ar': '44100', 'sample_fmt': 's32p', 'compression_level': '7', 'reservoir': '1', 'b:a': '164k', 'abr': 'True'}",221.1787109375,-2.699,-0.824,0.5997782410122454,1.9694634206051935
"{'ar': '44100', 'sample_fmt': 'fltp', 'compression_level': '1', 'reservoir': '0', 'b:a': '32k'}",44.771484375,-3.13,-1.371,0.9459362509951461,1.0486056926190166
"{'ar': '44100', 'sample_fmt': 's32p', 'compression_level': '9', 'reservoir': '0', 'b:a': '136k'}",178.4443359375,-2.892,-1.051,0.5437204800255131,1.5205094800932089
"{'ar': '44100', 'sample_fmt': 'fltp', 'compression_level': '5', 'reservoir': '1', 'b:a': '189k', 'abr': 'True'}",260.5458984375,-2.625,-0.742,0.6391765410080552,2.102017540082246
"{'ar': '44100', 'sample_fmt': 'fltp', 'compression_level': '5', 'reservoir': '1', 'b:a': '163k', 'abr': 'True'}",221.7890625,-2.673,-0.795,0.6289143190078903,2.036062650125442
"{'ar': '44100', 'sample_fmt': 'fltp', 'compression_level': '5', 'reservoir': '1', 'b:a': '190k'}",267.6279296875,-2.616,-0.732,0.5829172859957907,2.1189993021713116
"{'ar': '44100', 'sample_fmt': 'fltp', 'compression_level': '3', 'reservoir': '1', 'b:a': '32k'}",44.771484375,-3.302,-1.648,0.5542121280159336,0.5894278671962218
"{'ar': '44100', 'sample_fmt': 's32p', 'compression_level': '9', 'reservoir': '1', 'b:a': '148k'}",223.037109375,-2.692,-0.815,0.5122934590035584,1.9921129835299178
"{'ar': '44100', 'sample_fmt': 's16p', 'compression_level': '9', 'reservoir': '1', 'b:a': '295k'}",445.9951171875,-2.585,-0.699,0.5263242139772046,1.9212062518605806
"{'ar': '44100', 'sample_fmt': 's32p', 'compression_level': '8', 'reservoir': '0', 'b:a': '122k'}",178.4443359375,-2.892,-1.051,0.5234464959939942,1.5220079888290854
"{'ar': '44100', 'sample_fmt': 's32p', 'compression_level': '7', 'reservoir': '0', 'b:a': '136k'}",178.4443359375,-2.892,-1.051,0.49499115100479685,1.524111205591139
"{'ar': '44100', 'sample_fmt': 'fltp', 'compression_level': '1', 'reservoir': '0', 'b:a': '32k'}",44.771484375,-3.13,-1.371,0.9684967990033329,1.046938177333226
"{'ar': '44100', 'sample_fmt': 's32p', 'compression_level': '7', 'reservoir': '0', 'b:a': '148k', 'abr': 'True'}",225.69921875,-2.779,-0.915,0.5086454429838341,1.7538843525432017
"{'ar': '44100', 'sample_fmt': 'fltp', 'compression_level': '3', 'reservoir': '1', 'b:a': '32k'}",44.771484375,-3.302,-1.648,0.5435529030219186,0.5902157213124316
"{'ar': '44100', 'sample_fmt': 'fltp', 'compression_level': '5', 'reservoir': '1', 'b:a': '159k'}",223.037109375,-2.652,-0.771,0.6143575859896373,2.0916468124774523
"{'ar': '44100', 'sample_fmt': 's16p', 'compression_level': '8', 'reservoir': '1', 'b:a': '240k'}",312.220703125,-2.602,-0.717,0.4955706460168585,2.091651240226089
"{'ar': '44100', 'sample_fmt': 's16p', 'compression_level': '8', 'reservoir': '1', 'b:a': '164k', 'abr': 'True'}",221.27734375,-2.7,-0.825,0.49081696700886823,1.9747142820467753
"{'ar': '44100', 'sample_fmt': 's16p', 'compression_level': '1', 'reservoir': '0', 'b:a': '32k', 'abr': 'True'}",53.09375,-3.138,-1.383,0.9129686469968874,1.01533787517192
"{'ar': '44100', 'sample_fmt': 'fltp', 'compression_level': '1', 'reservoir': '0', 'b:a': '32k'}",44.771484375,-3.13,-1.371,0.8856366440013517,1.0530626107910765
"{'ar': '44100', 'sample_fmt': 's32p', 'compression_level': '8', 'reservoir': '0', 'b:a': '148k', 'abr': 'True'}",225.69921875,-2.779,-0.915,0.48509529599687085,1.7556250119486883
"{'ar': '44100', 'sample_fmt': 's32p', 'compression_level': '8', 'reservoir': '1', 'b:a': '145k'}",223.037109375,-2.692,-0.815,0.48723642600816675,1.9939650212340203
"{'ar': '44100', 'sample_fmt': 's16p', 'compression_level': '1', 'reservoir': '0', 'aq': '6'}",147.916015625,-3.069,-1.283,0.5283474019961432,1.0847733610106682
"{'ar': '44100', 'sample_fmt': 's32p', 'compression_level': '7', 'reservoir': '1', 'b:a': '164k', 'abr': 'True'}",221.1787109375,-2.699,-0.824,0.4923993039992638,1.9774001080817618
"{'ar': '44100', 'sample_fmt': 's16p', 'compression_level': '8', 'reservoir': '1', 'b:a': '209k'}",312.220703125,-2.602,-0.717,0.5204430649755523,2.0898128478788305
"{'ar': '44100', 'sample_fmt': 's16p', 'compression_level': '8', 'reservoir': '1', 'b:a': '239k'}",312.220703125,-2.602,-0.717,0.5137134960095864,2.0903102497643458
"{'ar': '44100', 'sample_fmt': 's16p', 'compression_level': '3', 'reservoir': '1', 'aq': '9'}",103.81640625,-3.341,-1.719,0.5045977770059835,0.3856139924984858
"{'ar': '44100', 'sample_fmt': 's32p', 'compression_level': '9', 'reservoir': '1', 'b:a': '148k'}",223.037109375,-2.692,-0.815,0.4992996210057754,1.993073395638459
"{'ar': '44100', 'sample_fmt': 's16p', 'compression_level': '1', 'reservoir': '0', 'b:a': '123k'}",178.4443359375,-2.925,-1.092,0.9975604649807792,1.3971431121858475
"{'ar': '44100', 'sample_fmt': 's32p', 'compression_level': '8', 'reservoir': '1', 'b:a': '170k'}",223.037109375,-2.692,-0.815,0.5025713659997564,1.9928315715131455
"{'ar': '44100', 'sample_fmt': 's32p', 'compression_level': '8', 'reservoir': '1', 'b:a': '147k', 'abr': 'True'}",196.9267578125,-2.783,-0.92,0.507950285973493,1.7889498877995373
"{'ar': '44100', 'sample_fmt': 's16p', 'compression_level': '8', 'reservoir': '1', 'b:a': '282k'}",356.8115234375,-2.595,-0.709,0.5064580469916109,2.0385277593066284
"{'ar': '44100', 'sample_fmt': 's16p', 'compression_level': '1', 'reservoir': '0', 'b:a': '34k'}",44.771484375,-3.131,-1.373,0.8749474280048162,1.0508918269749028
"{'ar': '44100', 'sample_fmt': 's16p', 'compression_level': '8', 'reservoir': '1', 'b:a': '211k'}",312.220703125,-2.602,-0.717,0.5060057690134272,2.090879950135992
"{'ar': '44100', 'sample_fmt': 's32p', 'compression_level': '8', 'reservoir': '0', 'b:a': '138k'}",178.4443359375,-2.892,-1.051,0.5001325579942204,1.5237311893458676
"{'ar': '44100', 'sample_fmt': 's16p', 'compression_level': '7', 'reservoir': '1', 'b:a': '164k'}",223.037109375,-2.689,-0.812,0.5424048849963583,1.9978235497730312
"{'ar': '44100', 'sample_fmt': 's32p', 'compression_level': '8', 'reservoir': '1', 'b:a': '123k'}",178.4443359375,-2.916,-1.081,0.5631968819943722,1.453687662606189
"{'ar': '44100', 'sample_fmt': 's32p', 'compression_level': '7', 'reservoir': '1', 'b:a': '150k', 'abr': 'True'}",200.861328125,-2.772,-0.906,0.5322424120095093,1.8109218659132722
"{'ar': '44100', 'sample_fmt': 's16p', 'compression_level': '8', 'reservoir': '1', 'b:a': '295k'}",445.9951171875,-2.585,-0.699,0.5500389299704693,1.9194534286843616
"{'ar': '44100', 'sample_fmt': 's32p', 'compression_level': '7', 'reservoir': '1', 'b:a': '150k', 'abr': 'True'}",200.861328125,-2.772,-0.906,0.5032423780066893,1.813065342214052
"{'ar': '44100', 'sample_fmt': 's16p', 'compression_level': '1', 'reservoir': '0', 'aq': '6'}",147.916015625,-3.069,-1.283,0.5318871130002663,1.084511730743331
"{'ar': '44100', 'sample_fmt': 'fltp', 'compression_level': '1', 'reservoir': '0', 'b:a': '32k', 'abr': 'True'}",53.119140625,-3.132,-1.375,0.9005360960145481,1.0327195803044338
"{'ar': '44100', 'sample_fmt': 'fltp', 'compression_level': '7', 'reservoir': '1', 'b:a': '279k', 'abr': 'True'}",384.02734375,-2.599,-0.714,0.5209877770103049,1.9831294603577865
"{'ar': '44100', 'sample_fmt': 's32p', 'compression_level': '8', 'reservoir': '1', 'b:a': '164k', 'abr': 'True'}",221.1787109375,-2.699,-0.824,0.49440268499893136,1.9772520324038572
"{'ar': '44100', 'sample_fmt': 's16p', 'compression_level': '8', 'reservoir': '1', 'b:a': '240k'}",312.220703125,-2.602,-0.717,0.49383118699188344,2.091779808668314
"{'ar': '44100', 'sample_fmt': 'fltp', 'compression_level': '1', 'reservoir': '0', 'b:a': '32k'}",44.771484375,-3.13,-1.371,0.88229732302716,1.0533094296523295
"{'ar': '44100', 'sample_fmt': 's16p', 'compression_level': '9', 'reservoir': '1', 'b:a': '170k', 'abr': 'True'}",229.55078125,-2.677,-0.799,0.5059404099883977,2.022185322156275
"{'ar': '44100', 'sample_fmt': 's16p', 'compression_level': '8', 'reservoir': '1', 'b:a': '170k', 'abr': 'True'}",229.55078125,-2.677,-0.799,0.5080437130236533,2.022029860952023
"{'ar': '44100', 'sample_fmt': 's32p', 'compression_level': '7', 'reservoir': '1', 'b:a': '162k', 'abr': 'True'}",218.001953125,-2.706,-0.832,0.5007050849671941,1.9630220116927655
"{'ar': '44100', 'sample_fmt': 's32p', 'compression_level': '7', 'reservoir': '1', 'b:a': '163k', 'abr': 'True'}",219.640625,-2.703,-0.829,0.49855771000147797,1.9685021484036758
"{'ar': '44100', 'sample_fmt': 's32p', 'compression_level': '7', 'reservoir': '1', 'b:a': '163k', 'abr': 'True'}",219.640625,-2.703,-0.829,0.4998453129956033,1.9684069779462048
"{'ar': '44100', 'sample_fmt': 'fltp', 'compression_level': '8', 'reservoir': '0', 'aq': '9'}",103.8740234375,-3.314,-1.668,0.486365697986912,0.4658663408621737
"{'ar': '44100', 'sample_fmt': 's32p', 'compression_level': '9', 'reservoir': '1', 'b:a': '148k'}",223.037109375,-2.692,-0.815,0.5081528890004847,1.9924190250218845
"{'ar': '44100', 'sample_fmt': 's32p', 'compression_level': '7', 'reservoir': '1', 'b:a': '142k'}",178.4443359375,-2.916,-1.081,0.510585521988105,1.4575763202303234
"{'ar': '44100', 'sample_fmt': 'fltp', 'compression_level': '5', 'reservoir': '1', 'b:a': '162k'}",223.037109375,-2.652,-0.771,0.6035001050040592,2.092449320266805
"{'ar': '44100', 'sample_fmt': 's32p', 'compression_level': '7', 'reservoir': '1', 'b:a': '162k', 'abr': 'True'}",218.001953125,-2.706,-0.832,0.6778065100079402,1.9499319336820906
"{'ar': '44100', 'sample_fmt': 's32p', 'compression_level': '7', 'reservoir': '1', 'b:a': '160k', 'abr': 'True'}",215.2890625,-2.714,-0.84,0.8631802159943618,1.9193961210749926
"{'ar': '44100', 'sample_fmt': 's16p', 'compression_level': '8', 'reservoir': '1', 'b:a': '169k'}",223.037109375,-2.689,-0.812,0.7925041560083628,1.9793379900593988
"{'ar': '44100', 'sample_fmt': 's32p', 'compression_level': '8', 'reservoir': '1', 'b:a': '295k'}",445.9951171875,-2.585,-0.698,0.6031454829790164,1.9158436283230909
"{'ar': '44100', 'sample_fmt': 's16p', 'compression_level': '8', 'reservoir': '1', 'b:a': '109k'}",156.1484375,-3.065,-1.278,0.5836111280077603,1.0784495185240857
"{'ar': '44100', 'sample_fmt': 'fltp', 'compression_level': '1', 'reservoir': '0', 'b:a': '32k'}",44.771484375,-3.13,-1.371,1.0376717030012514,1.041825260316859
"{'ar': '44100', 'sample_fmt': 's32p', 'compression_level': '1', 'reservoir': '0', 'b:a': '168k'}",223.037109375,-2.686,-0.81,1.1358634470088873,1.9615800431477566
"{'ar': '44100', 'sample_fmt': 's32p', 'compression_level': '8', 'reservoir': '0', 'b:a': '212k'}",312.220703125,-2.606,-0.721,0.5091804500261787,2.080063715307392
"{'ar': '44100', 'sample_fmt': 's16p', 'compression_level': '2', 'reservoir': '1', 'b:a': '137k', 'abr': 'True'}",179.9287109375,-2.869,-1.023,0.7147708950215019,1.5679194907579013
"{'ar': '44100', 'sample_fmt': 's16p', 'compression_level': '7', 'reservoir': '1', 'b:a': '115k'}",156.1484375,-3.065,-1.278,0.4949266330222599,1.0850044457779484
"{'ar': '44100', 'sample_fmt': 'fltp', 'compression_level': '1', 'reservoir': '0', 'b:a': '32k', 'abr': 'True'}",53.119140625,-3.132,-1.375,0.893478532001609,1.0332412252515224
"{'ar': '44100', 'sample_fmt': 's32p', 'compression_level': '8', 'reservoir': '1', 'b:a': '145k'}",223.037109375,-2.692,-0.815,0.49763440401875414,1.9931964766371568
"{'ar': '48000', 'sample_fmt': 's16p', 'compression_level': '9', 'reservoir': '1', 'b:a': '211k'}",312.453125,-3.481,-2.003,0.49335983497439884,-0.36225109183694915
"{'ar': '44100', 'sample_fmt': 's16p', 'compression_level': '9', 'reservoir': '1', 'b:a': '148k'}",223.037109375,-2.689,-0.812,0.49232963897520676,2.001524755885121
"{'ar': '44100', 'sample_fmt': 's16p', 'compression_level': '7', 'reservoir': '1', 'b:a': '115k'}",156.1484375,-3.065,-1.278,0.4924854749988299,1.0851848788205156
"{'ar': '44100', 'sample_fmt': 's16p', 'compression_level': '8', 'reservoir': '1', 'b:a': '295k'}",445.9951171875,-2.585,-0.699,0.5119571120012552,1.9222681658774172
"{'ar': '44100', 'sample_fmt': 's32p', 'compression_level': '8', 'reservoir': '1', 'b:a': '148k'}",223.037109375,-2.692,-0.815,0.5102897090255283,1.9922610864800792
"{'ar': '44100', 'sample_fmt': 'fltp', 'compression_level': '8', 'reservoir': '1', 'b:a': '150k'}",223.037109375,-2.691,-0.815,0.4783916319720447,1.996948703353092
"{'ar': '44100', 'sample_fmt': 's32p', 'compression_level': '5', 'reservoir': '1', 'b:a': '162k', 'abr': 'True'}",220.3583984375,-2.674,-0.795,0.5953182280063629,2.0384987564503145
"{'ar': '44100', 'sample_fmt': 's32p', 'compression_level': '9', 'reservoir': '1', 'b:a': '148k'}",223.037109375,-2.692,-0.815,0.4933122530055698,1.9935159393062092
"{'ar': '44100', 'sample_fmt': 's16p', 'compression_level': '7', 'reservoir': '1', 'b:a': '164k', 'abr': 'True'}",221.27734375,-2.7,-0.825,0.48912702201050706,1.974839190764236
"{'ar': '44100', 'sample_fmt': 's32p', 'compression_level': '8', 'reservoir': '1', 'b:a': '147k', 'abr': 'True'}",196.9267578125,-2.783,-0.92,0.4900816689769272,1.7902706089082134
"{'ar': '44100', 'sample_fmt': 's16p', 'compression_level': '9', 'reservoir': '1', 'b:a': '148k'}",223.037109375,-2.689,-0.812,0.4881750310305506,2.0018318349619086
"{'ar': '44100', 'sample_fmt': 's16p', 'compression_level': '8', 'reservoir': '1', 'b:a': '211k'}",312.220703125,-2.602,-0.717,0.5017835379985627,2.091192027429277
"{'ar': '44100', 'sample_fmt': 's32p', 'compression_level': '7', 'reservoir': '1', 'b:a': '292k'}",445.9951171875,-2.585,-0.698,0.4995457499753684,1.9235009839123576
"{'ar': '44100', 'sample_fmt': 's32p', 'compression_level': '8', 'reservoir': '0', 'b:a': '136k'}",178.4443359375,-2.892,-1.051,0.4812032239860855,1.525130311113519
"{'ar': '11025', 'sample_fmt': 'fltp', 'compression_level': '3', 'reservoir': '1', 'aq': '9'}",46.904296875,-3.834,-3.322,0.4472956109966617,-1.173677182605267
"{'ar': '44100', 'sample_fmt': 's32p', 'compression_level': '8', 'reservoir': '0', 'b:a': '122k'}",178.4443359375,-2.892,-1.051,0.4893254409835208,1.524529974588324
"{'ar': '44100', 'sample_fmt': 's16p', 'compression_level': '9', 'reservoir': '1', 'b:a': '281k', 'abr': 'True'}",386.8759765625,-2.596,-0.71,0.515942397993058,1.987208563485279
"{'ar': '44100', 'sample_fmt': 's32p', 'compression_level': '8', 'reservoir': '1', 'b:a': '148k'}",223.037109375,-2.692,-0.815,0.49229528702562675,1.9935911062000307
"{'ar': '44100', 'sample_fmt': 's32p', 'compression_level': '5', 'reservoir': '1', 'b:a': '164k', 'abr': 'True'}",223.013671875,-2.665,-0.786,0.6005532580020372,2.057683460621911
"{'ar': '44100', 'sample_fmt': 's32p', 'compression_level': '7', 'reservoir': '1', 'b:a': '138k', 'abr': 'True'}",183.9091796875,-2.852,-1.002,0.5098432080121711,1.622948364891498
"{'ar': '44100', 'sample_fmt': 's16p', 'compression_level': '9', 'reservoir': '1', 'b:a': '149k'}",223.037109375,-2.689,-0.812,0.4935815339849796,2.001432224707942
"{'ar': '44100', 'sample_fmt': 's32p', 'compression_level': '5', 'reservoir': '1', 'b:a': '173k'}",223.037109375,-2.652,-0.771,0.6150507720012683,2.091595577096562
"{'ar': '11025', 'sample_fmt': 'fltp', 'compression_level': '3', 'reservoir': '1', 'aq': '9'}",46.904296875,-3.834,-3.322,0.48644042102387175,-1.1765704886125525
"{'ar': '44100', 'sample_fmt': 's32p', 'compression_level': '5', 'reservoir': '1', 'b:a': '168k', 'abr': 'True'}",228.119140625,-2.654,-0.773,0.5923107989947312,2.079876344312042
"{'ar': '44100', 'sample_fmt': 's16p', 'compression_level': '7', 'reservoir': '1', 'b:a': '211k'}",312.220703125,-2.602,-0.717,0.4991853729879949,2.091384065311892
"{'ar': '44100', 'sample_fmt': 's32p', 'compression_level': '9', 'reservoir': '1', 'b:a': '148k'}",223.037109375,-2.692,-0.815,0.5070769769663457,1.99249854878888
"{'ar': '44100', 'sample_fmt': 'fltp', 'compression_level': '5', 'reservoir': '1', 'b:a': '190k', 'abr': 'True'}",261.765625,-2.622,-0.738,0.5855798169795889,2.1122844014471
"{'ar': '44100', 'sample_fmt': 's16p', 'compression_level': '8', 'reservoir': '1', 'b:a': '168k', 'abr': 'True'}",226.796875,-2.686,-0.809,0.49553938099415973,2.0032243783760397
"{'ar': '44100', 'sample_fmt': 's16p', 'compression_level': '1', 'reservoir': '1', 'b:a': '136k', 'abr': 'True'}",180.43359375,-2.894,-1.054,0.9779490590153728,1.479633952049915
"{'ar': '44100', 'sample_fmt': 'fltp', 'compression_level': '1', 'reservoir': '0', 'b:a': '32k'}",44.771484375,-3.13,-1.371,0.8895874159934465,1.0527705978184705
"{'ar': '44100', 'sample_fmt': 's32p', 'compression_level': '7', 'reservoir': '1', 'b:a': '150k', 'abr': 'True'}",200.861328125,-2.772,-0.906,0.4834369180316571,1.814529220983242
"{'ar': '44100', 'sample_fmt': 's32p', 'compression_level': '9', 'reservoir': '1', 'b:a': '148k'}",223.037109375,-2.692,-0.815,0.48436219900031574,1.9941774636564598
"{'ar': '44100', 'sample_fmt': 's32p', 'compression_level': '8', 'reservoir': '0', 'b:a': '123k', 'abr': 'True'}",173.904296875,-3.041,-1.245,0.5019588430295698,1.122480914011924
"{'ar': '44100', 'sample_fmt': 'fltp', 'compression_level': '5', 'reservoir': '0', 'b:a': '159k'}",223.037109375,-2.67,-0.792,0.6015913900046144,2.0440268912603594
"{'ar': '44100', 'sample_fmt': 'fltp', 'compression_level': '1', 'reservoir': '0', 'b:a': '32k'}",44.771484375,-3.13,-1.371,0.8929497500066645,1.0525220779970133
"{'ar': '11025', 'sample_fmt': 's16p', 'compression_level': '7', 'reservoir': '1', 'b:a': '149k'}",90.7919921875,-3.849,-3.438,0.5436798880109563,-1.3223735080350743
"{'ar': '44100', 'sample_fmt': 's32p', 'compression_level': '8', 'reservoir': '0', 'b:a': '138k', 'abr': 'True'}",207.1474609375,-2.852,-1.002,0.48944339400622994,1.5873756711581688
"{'ar': '44100', 'sample_fmt': 's32p', 'compression_level': '7', 'reservoir': '1', 'b:a': '164k', 'abr': 'True'}",221.1787109375,-2.699,-0.824,0.500905642984435,1.9767713799906381
"{'ar': '44100', 'sample_fmt': 's32p', 'compression_level': '8', 'reservoir': '1', 'b:a': '148k'}",223.037109375,-2.692,-0.815,0.5413080120051745,1.9899684340879884
"{'ar': '11025', 'sample_fmt': 's16p', 'compression_level': '7', 'reservoir': '1', 'b:a': '100k', 'abr': 'True'}",88.5517578125,-3.849,-3.438,0.5277029130375013,-1.31761794094936
"{'ar': '32000', 'sample_fmt': 'fltp', 'compression_level': '5', 'reservoir': '1', 'b:a': '159k'}",223.671875,-3.192,-1.466,0.587023019004846,0.615244290309285
"{'ar': '44100', 'sample_fmt': 's16p', 'compression_level': '8', 'reservoir': '0', 'aq': '9'}",103.8486328125,-3.315,-1.67,0.507507414004067,0.4613833558158059
"{'ar': '44100', 'sample_fmt': 's16p', 'compression_level': '8', 'reservoir': '1', 'b:a': '295k'}",445.9951171875,-2.585,-0.699,0.5299131009960547,1.9209409868519143
"{'ar': '44100', 'sample_fmt': 'fltp', 'compression_level': '8', 'reservoir': '0', 'b:a': '109k'}",156.1484375,-3.098,-1.324,0.5078062250104267,0.9926534425067672
"{'ar': '44100', 'sample_fmt': 's32p', 'compression_level': '7', 'reservoir': '1', 'b:a': '170k'}",223.037109375,-2.692,-0.815,0.5366848620178644,1.9903101444608724
"{'ar': '44100', 'sample_fmt': 's32p', 'compression_level': '8', 'reservoir': '1', 'b:a': '164k', 'abr': 'True'}",221.1787109375,-2.699,-0.824,0.5507288159860764,1.973088805323716
"{'ar': '44100', 'sample_fmt': 's32p', 'compression_level': '1', 'reservoir': '0', 'b:a': '132k'}",178.4443359375,-2.938,-1.109,1.0878777440229896,1.3548155163179465
"{'ar': '44100', 'sample_fmt': 'fltp', 'compression_level': '1', 'reservoir': '0', 'b:a': '32k'}",44.771484375,-3.13,-1.371,0.9681898739654571,1.046960863049551
"{'ar': '44100', 'sample_fmt': 's16p', 'compression_level': '5', 'reservoir': '1', 'b:a': '312k'}",445.9951171875,-2.586,-0.699,0.5987500979972538,1.9135231076807058
"{'ar': '44100', 'sample_fmt': 's32p', 'compression_level': '8', 'reservoir': '0', 'b:a': '135k'}",178.4443359375,-2.892,-1.051,0.5914959099900443,1.5169782600305506
"{'ar': '44100', 'sample_fmt': 's32p', 'compression_level': '5', 'reservoir': '1', 'b:a': '221k'}",312.220703125,-2.595,-0.709,0.61596706500859,2.1015856251739318
"{'ar': '44100', 'sample_fmt': 's32p', 'compression_level': '7', 'reservoir': '1', 'b:a': '164k', 'abr': 'True'}",221.1787109375,-2.699,-0.824,0.5214561060129199,1.9752524358932857
"{'ar': '44100', 'sample_fmt': 's32p', 'compression_level': '7', 'reservoir': '1', 'b:a': '164k', 'abr': 'True'}",221.1787109375,-2.699,-0.824,0.5282019579899497,1.9747538304833774
"{'ar': '44100', 'sample_fmt': 's32p', 'compression_level': '7', 'reservoir': '1', 'b:a': '138k', 'abr': 'True'}",183.9091796875,-2.852,-1.002,0.5107090239762329,1.6228843699320568
"{'ar': '44100', 'sample_fmt': 's32p', 'compression_level': '8', 'reservoir': '1', 'b:a': '148k'}",223.037109375,-2.692,-0.815,0.5431852930341847,1.9898296788232466
"{'ar': '44100', 'sample_fmt': 's32p', 'compression_level': '8', 'reservoir': '0', 'b:a': '123k'}",178.4443359375,-2.892,-1.051,0.5208721630042419,1.522198265218186
"{'ar': '44100', 'sample_fmt': 's16p', 'compression_level': '8', 'reservoir': '1', 'b:a': '211k', 'abr': 'True'}",289.560546875,-2.609,-0.724,0.5266027089965064,2.1069978063981747
"{'ar': '44100', 'sample_fmt': 's32p', 'compression_level': '7', 'reservoir': '1', 'b:a': '162k', 'abr': 'True'}",218.001953125,-2.706,-0.832,0.5140321690123528,1.9620369684060397
"{'ar': '44100', 'sample_fmt': 's16p', 'compression_level': '8', 'reservoir': '1', 'b:a': '167k', 'abr': 'True'}",225.3603515625,-2.69,-0.813,0.5220026939932723,1.992979023078065
"{'ar': '44100', 'sample_fmt': 's16p', 'compression_level': '7', 'reservoir': '1', 'b:a': '295k', 'abr': 'True'}",405.4072265625,-2.591,-0.705,0.5467209900089074,1.9685909502964525
"{'ar': '44100', 'sample_fmt': 's32p', 'compression_level': '9', 'reservoir': '1', 'b:a': '148k'}",223.037109375,-2.692,-0.815,0.5316912260022946,1.9906792385265224
"{'ar': '44100', 'sample_fmt': 's16p', 'compression_level': '1', 'reservoir': '0', 'aq': '6'}",147.916015625,-3.069,-1.283,0.5945280349988025,1.079881759214684
"{'ar': '44100', 'sample_fmt': 's32p', 'compression_level': '8', 'reservoir': '1', 'b:a': '117k'}",156.1484375,-3.068,-1.283,0.5155970250198152,1.0749095318302837
"{'ar': '44100', 'sample_fmt': 's16p', 'compression_level': '2', 'reservoir': '0', 'aq': '9'}",112.5185546875,-3.341,-1.719,0.53673440698185,0.36935297105741993
"{'ar': '44100', 'sample_fmt': 's16p', 'compression_level': '8', 'reservoir': '1', 'aq': '9'}",97.146484375,-3.315,-1.67,0.5027912229998037,0.4724263241739642
"{'ar': '44100', 'sample_fmt': 's32p', 'compression_level': '7', 'reservoir': '1', 'b:a': '133k', 'abr': 'True'}",176.65625,-2.904,-1.066,0.5159452930092812,1.4927244796868173
"{'ar': '44100', 'sample_fmt': 's32p', 'compression_level': '1', 'reservoir': '0', 'b:a': '32k'}",44.771484375,-3.13,-1.371,0.9235473969893064,1.050260517505031
"{'ar': '44100', 'sample_fmt': 's32p', 'compression_level': '7', 'reservoir': '1', 'b:a': '272k', 'abr': 'True'}",374.34375,-2.599,-0.714,0.5345496769878082,1.9975788289658527
"{'ar': '44100', 'sample_fmt': 's16p', 'compression_level': '1', 'reservoir': '0', 'aq': '6'}",147.916015625,-3.069,-1.283,0.5691602999868337,1.08175676180252
"{'ar': '44100', 'sample_fmt': 's32p', 'compression_level': '7', 'reservoir': '0', 'b:a': '125k'}",178.4443359375,-2.892,-1.051,0.5324616779980715,1.5213416506802724
"{'ar': '44100', 'sample_fmt': 's16p', 'compression_level': '9', 'reservoir': '1', 'b:a': '148k'}",223.037109375,-2.689,-0.812,0.5563386580324732,1.9967936643501227
"{'ar': '44100', 'sample_fmt': 's16p', 'compression_level': '9', 'reservoir': '1', 'b:a': '210k'}",312.220703125,-2.602,-0.717,0.5456796150247101,2.0879475415506192
"{'ar': '44100', 'sample_fmt': 's16p', 'compression_level': '8', 'reservoir': '1', 'b:a': '213k'}",312.220703125,-2.602,-0.717,0.5827897900016978,2.0852046212984146
"{'ar': '44100', 'sample_fmt': 's32p', 'compression_level': '8', 'reservoir': '1', 'b:a': '295k'}",445.9951171875,-2.585,-0.698,0.588417633989593,1.9169322061939726
"{'ar': '44100', 'sample_fmt': 'fltp', 'compression_level': '1', 'reservoir': '0', 'aq': '9'}",112.5185546875,-3.343,-1.721,0.5486424370028544,0.36318202166229735
"{'ar': '48000', 'sample_fmt': 's32p', 'compression_level': '7', 'reservoir': '1', 'b:a': '163k', 'abr': 'True'}",218.609375,-3.597,-2.298,0.5208253520249855,-0.5778710166565407
"{'ar': '44100', 'sample_fmt': 's32p', 'compression_level': '8', 'reservoir': '1', 'b:a': '164k', 'abr': 'True'}",221.1787109375,-2.699,-0.824,0.5318318200006615,1.9744855368946765
"{'ar': '44100', 'sample_fmt': 's32p', 'compression_level': '1', 'reservoir': '0', 'aq': '6'}",147.712890625,-3.079,-1.298,0.5777334419835825,1.0534159609827909
"{'ar': '44100', 'sample_fmt': 'fltp', 'compression_level': '5', 'reservoir': '1', 'b:a': '189k', 'abr': 'True'}",260.5458984375,-2.625,-0.742,0.6129586810129695,2.1039553778637865
"{'ar': '44100', 'sample_fmt': 's16p', 'compression_level': '8', 'reservoir': '1', 'b:a': '168k', 'abr': 'True'}",226.796875,-2.686,-0.809,0.5242026180203538,2.001105795712885
"{'ar': '44100', 'sample_fmt': 's16p', 'compression_level': '8', 'reservoir': '1', 'b:a': '164k', 'abr': 'True'}",221.27734375,-2.7,-0.825,0.5329594549839385,1.9715994090013964
"{'ar': '44100', 'sample_fmt': 's32p', 'compression_level': '7', 'reservoir': '1', 'b:a': '170k'}",223.037109375,-2.692,-0.815,0.5445870740222745,1.9897260691403558
"{'ar': '44100', 'sample_fmt': 's16p', 'compression_level': '8', 'reservoir': '1', 'b:a': '212k'}",312.220703125,-2.602,-0.717,0.5216498809750192,2.089723648621547
"{'ar': '44100', 'sample_fmt': 's32p', 'compression_level': '7', 'reservoir': '1', 'b:a': '163k', 'abr': 'True'}",219.640625,-2.703,-0.829,0.5334176250325982,1.9659255513655782
"{'ar': '44100', 'sample_fmt': 's32p', 'compression_level': '7', 'reservoir': '1', 'b:a': '138k', 'abr': 'True'}",183.9091796875,-2.852,-1.002,0.5218577279883903,1.622060337007401
"{'ar': '44100', 'sample_fmt': 's32p', 'compression_level': '9', 'reservoir': '1', 'b:a': '148k'}",223.037109375,-2.692,-0.815,0.5297499049920589,1.9908227271713028
"{'ar': '44100', 'sample_fmt': 'fltp', 'compression_level': '7', 'reservoir': '0', 'b:a': '138k', 'abr': 'True'}",207.1474609375,-2.852,-1.002,0.5366695589909796,1.5838850488571166
"{'ar': '44100', 'sample_fmt': 's16p', 'compression_level': '7', 'reservoir': '1', 'b:a': '164k', 'abr': 'True'}",221.27734375,-2.7,-0.825,0.5837999519717414,1.967841640979379
"{'ar': '44100', 'sample_fmt': 's16p', 'compression_level': '8', 'reservoir': '1', 'b:a': '295k'}",445.9951171875,-2.585,-0.699,0.5549903540231753,1.9190874546268466
"{'ar': '44100', 'sample_fmt': 's32p', 'compression_level': '1', 'reservoir': '0', 'b:a': '136k'}",178.4443359375,-2.938,-1.109,1.0569935039966367,1.3570982597298211
"{'ar': '44100', 'sample_fmt': 's16p', 'compression_level': '8', 'reservoir': '1', 'b:a': '211k'}",312.220703125,-2.602,-0.717,0.5462370750319678,2.087906338070855
"{'ar': '44100', 'sample_fmt': 's32p', 'compression_level': '7', 'reservoir': '1', 'b:a': '123k', 'abr': 'True'}",162.359375,-3.041,-1.245,0.5237982359831221,1.1392885246103077
"{'ar': '44100', 'sample_fmt': 's32p', 'compression_level': '7', 'reservoir': '1', 'b:a': '164k', 'abr': 'True'}",221.1787109375,-2.699,-0.824,0.549158396985149,1.9732048795293688
"{'ar': '44100', 'sample_fmt': 's32p', 'compression_level': '8', 'reservoir': '0', 'b:a': '122k'}",178.4443359375,-2.892,-1.051,0.5181900989846326,1.5223965043189625
"{'ar': '44100', 'sample_fmt': 'fltp', 'compression_level': '1', 'reservoir': '0', 'b:a': '32k'}",44.771484375,-3.13,-1.371,1.0022196159989107,1.0444456264962676
"{'ar': '44100', 'sample_fmt': 'fltp', 'compression_level': '5', 'reservoir': '1', 'b:a': '163k', 'abr': 'True'}",221.7890625,-2.673,-0.795,0.6600894459988922,2.033758406417572
"{'ar': '44100', 'sample_fmt': 'fltp', 'compression_level': '4', 'reservoir': '1', 'b:a': '163k', 'abr': 'True'}",218.4130859375,-2.674,-0.795,0.6770060620037839,2.035565038931487
"{'ar': '44100', 'sample_fmt': 's16p', 'compression_level': '8', 'reservoir': '1', 'b:a': '169k', 'abr': 'True'}",228.224609375,-2.678,-0.8,0.5537009479885455,2.018125932080281
"{'ar': '44100', 'sample_fmt': 's16p', 'compression_level': '5', 'reservoir': '1', 'b:a': '164k'}",223.037109375,-2.666,-0.787,0.6574646330263931,2.050794181829199
"{'ar': '44100', 'sample_fmt': 's16p', 'compression_level': '7', 'reservoir': '1', 'b:a': '170k', 'abr': 'True'}",229.55078125,-2.677,-0.799,0.5129790259816218,2.021665077712069
"{'ar': '44100', 'sample_fmt': 's32p', 'compression_level': '8', 'reservoir': '0', 'b:a': '210k'}",312.220703125,-2.606,-0.721,0.5296512900094967,2.0785506563793565
"{'ar': '44100', 'sample_fmt': 's16p', 'compression_level': '7', 'reservoir': '1', 'b:a': '138k', 'abr': 'True'}",183.8095703125,-2.848,-0.997,0.5179347119992599,1.6334062849988467
"{'ar': '44100', 'sample_fmt': 's32p', 'compression_level': '8', 'reservoir': '1', 'b:a': '170k'}",223.037109375,-2.692,-0.815,0.5386682610260323,1.990163545709692
"{'ar': '44100', 'sample_fmt': 's32p', 'compression_level': '5', 'reservoir': '1', 'b:a': '164k', 'abr': 'True'}",223.013671875,-2.665,-0.786,0.6380864279926755,2.0549092755861196
"{'ar': '44100', 'sample_fmt': 's32p', 'compression_level': '6', 'reservoir': '1', 'b:a': '150k', 'abr': 'True'}",204.796875,-2.694,-0.818,0.6116266030294355,2.0082700293813347
"{'ar': '44100', 'sample_fmt': 's16p', 'compression_level': '8', 'reservoir': '1', 'b:a': '170k', 'abr': 'True'}",229.55078125,-2.677,-0.799,0.5344586610153783,2.020077455827219
"{'ar': '44100', 'sample_fmt': 's32p', 'compression_level': '7', 'reservoir': '1', 'b:a': '146k', 'abr': 'True'}",195.5517578125,-2.795,-0.934,0.5165813890052959,1.7581303051078478
"{'ar': '44100', 'sample_fmt': 's32p', 'compression_level': '7', 'reservoir': '1', 'b:a': '169k', 'abr': 'True'}",228.228515625,-2.681,-0.803,0.6741189860040322,2.00128306517391
"{'ar': '44100', 'sample_fmt': 's32p', 'compression_level': '9', 'reservoir': '1', 'b:a': '148k'}",223.037109375,-2.692,-0.815,0.5639023889962118,1.9882984184043357
"{'ar': '44100', 'sample_fmt': 's16p', 'compression_level': '8', 'reservoir': '1', 'b:a': '295k'}",445.9951171875,-2.585,-0.699,0.5604819870204665,1.9186815521654519
"{'ar': '44100', 'sample_fmt': 's16p', 'compression_level': '7', 'reservoir': '1', 'b:a': '115k'}",156.1484375,-3.065,-1.278,0.5260494370013475,1.082704069415062
"{'ar': '44100', 'sample_fmt': 's32p', 'compression_level': '8', 'reservoir': '1', 'b:a': '148k'}",223.037109375,-2.692,-0.815,0.5430475109897088,1.9898398626922371
"{'ar': '44100', 'sample_fmt': 's16p', 'compression_level': '8', 'reservoir': '1', 'b:a': '293k'}",445.9951171875,-2.585,-0.699,0.6246410850144457,1.9139393678626293
"{'ar': '44100', 'sample_fmt': 's32p', 'compression_level': '7', 'reservoir': '1', 'b:a': '162k', 'abr': 'True'}",218.001953125,-2.706,-0.832,0.5435031109955162,1.9598586859358738
"{'ar': '44100', 'sample_fmt': 's32p', 'compression_level': '6', 'reservoir': '1', 'b:a': '151k', 'abr': 'True'}",206.2265625,-2.695,-0.819,0.6246572929958347,2.002380195448361
"{'ar': '44100', 'sample_fmt': 's16p', 'compression_level': '7', 'reservoir': '1', 'b:a': '98k'}",133.853515625,-3.29,-1.627,0.5158009669976309,0.4847057832927185
"{'ar': '44100', 'sample_fmt': 'fltp', 'compression_level': '4', 'reservoir': '1', 'b:a': '188k', 'abr': 'True'}",254.955078125,-2.623,-0.739,0.6456383519980591,2.1160672539607073
"{'ar': '44100', 'sample_fmt': 's32p', 'compression_level': '5', 'reservoir': '1', 'b:a': '162k', 'abr': 'True'}",220.3583984375,-2.674,-0.795,0.6240334680187516,2.0363763300962017
"{'ar': '44100', 'sample_fmt': 's32p', 'compression_level': '3', 'reservoir': '1', 'b:a': '32k'}",44.771484375,-3.302,-1.648,0.574058961996343,0.5879609303547553
"{'ar': '44100', 'sample_fmt': 's32p', 'compression_level': '8', 'reservoir': '1', 'b:a': '295k'}",445.9951171875,-2.585,-0.698,0.5509442260081414,1.9197019740469992
"{'ar': '44100', 'sample_fmt': 's32p', 'compression_level': '9', 'reservoir': '0', 'b:a': '123k'}",178.4443359375,-2.892,-1.051,0.5272445300070103,1.5217272651618075
"{'ar': '44100', 'sample_fmt': 's32p', 'compression_level': '7', 'reservoir': '0', 'b:a': '164k', 'abr': 'True'}",235.7548828125,-2.699,-0.824,0.5706243620079476,1.9483595864630021
"{'ar': '44100', 'sample_fmt': 's16p', 'compression_level': '8', 'reservoir': '1', 'b:a': '185k'}",267.6279296875,-2.634,-0.752,0.6159578819933813,2.068309127021029
"{'ar': '44100', 'sample_fmt': 's32p', 'compression_level': '9', 'reservoir': '1', 'b:a': '148k'}",223.037109375,-2.692,-0.815,0.6392489150166512,1.9827293389730778
"{'ar': '44100', 'sample_fmt': 's32p', 'compression_level': '7', 'reservoir': '1', 'b:a': '168k'}",223.037109375,-2.692,-0.815,0.581024998013163,1.9870328369008181
"{'ar': '44100', 'sample_fmt': 's32p', 'compression_level': '7', 'reservoir': '1', 'b:a': '162k', 'abr': 'True'}",218.001953125,-2.706,-0.832,0.5169257659872528,1.9618230942933714
"{'ar': '44100', 'sample_fmt': 's32p', 'compression_level': '7', 'reservoir': '1', 'b:a': '115k'}",156.1484375,-3.068,-1.283,0.5299829770228826,1.0738462245534808
"{'ar': '44100', 'sample_fmt': 'fltp', 'compression_level': '5', 'reservoir': '1', 'b:a': '291k'}",445.9951171875,-2.592,-0.706,0.610766004974721,1.8964471413970845
"{'ar': '44100', 'sample_fmt': 's32p', 'compression_level': '1', 'reservoir': '1', 'b:a': '137k', 'abr': 'True'}",181.6083984375,-2.893,-1.053,1.0681307390041184,1.4737391655120156
"{'ar': '44100', 'sample_fmt': 's32p', 'compression_level': '9', 'reservoir': '1', 'b:a': '148k'}",223.037109375,-2.692,-0.815,0.5578893160272855,1.9887428620005916
"{'ar': '44100', 'sample_fmt': 's32p', 'compression_level': '1', 'reservoir': '0', 'aq': '6'}",147.712890625,-3.079,-1.298,0.5697367769898847,1.0540070175966416
"{'ar': '44100', 'sample_fmt': 's32p', 'compression_level': '5', 'reservoir': '1', 'b:a': '150k', 'abr': 'True'}",204.796875,-2.694,-0.818,0.6188255929737352,2.007737931235048
"{'ar': '44100', 'sample_fmt': 's32p', 'compression_level': '7', 'reservoir': '1', 'b:a': '182k', 'abr': 'True'}",247.7470703125,-2.65,-0.769,0.5340430960350204,2.063445070851082
"{'ar': '44100', 'sample_fmt': 's16p', 'compression_level': '8', 'reservoir': '1', 'b:a': '240k'}",312.220703125,-2.602,-0.717,0.5196764709835406,2.0898695090556427
"{'ar': '44100', 'sample_fmt': 's16p', 'compression_level': '8', 'reservoir': '1', 'b:a': '282k'}",356.8115234375,-2.595,-0.709,0.5478314250067342,2.035469733400521
"{'ar': '44100', 'sample_fmt': 's32p', 'compression_level': '7', 'reservoir': '1', 'b:a': '281k'}",356.8115234375,-2.604,-0.719,0.5397817680204753,2.0119406821864603
"{'ar': '44100', 'sample_fmt': 's32p', 'compression_level': '9', 'reservoir': '1', 'b:a': '148k'}",223.037109375,-2.692,-0.815,0.5320589169859886,1.9906520614235756
"{'ar': '44100', 'sample_fmt': 's32p', 'compression_level': '1', 'reservoir': '0', 'b:a': '159k', 'abr': 'True'}",229.1494140625,-2.709,-0.835,1.7626286989834625,1.844025793782553
"{'ar': '48000', 'sample_fmt': 's16p', 'compression_level': '7', 'reservoir': '0', 'b:a': '138k', 'abr': 'True'}",202.578125,-3.642,-2.437,0.7989838139910717,-0.7215459354487113
"{'ar': '44100', 'sample_fmt': 's16p', 'compression_level': '1', 'reservoir': '0', 'aq': '6'}",147.916015625,-3.069,-1.283,0.6514022799674422,1.075678019446546
"{'ar': '44100', 'sample_fmt': 's32p', 'compression_level': '4', 'reservoir': '1', 'b:a': '141k', 'abr': 'True'}",186.2802734375,-2.791,-0.929,0.6936882450245321,1.770731048543571
"{'ar': '44100', 'sample_fmt': 's32p', 'compression_level': '7', 'reservoir': '1', 'b:a': '164k', 'abr': 'True'}",221.1787109375,-2.699,-0.824,0.679417987994384,1.9635770168085738
"{'ar': '44100', 'sample_fmt': 'fltp', 'compression_level': '7', 'reservoir': '0', 'aq': '9'}",103.8740234375,-3.314,-1.668,0.512606753007276,0.4639267886692992
"{'ar': '44100', 'sample_fmt': 'fltp', 'compression_level': '4', 'reservoir': '1', 'b:a': '163k', 'abr': 'True'}",218.4130859375,-2.674,-0.795,0.675662812020164,2.0356643224187283
"{'ar': '11025', 'sample_fmt': 'fltp', 'compression_level': '1', 'reservoir': '1', 'b:a': '115k', 'abr': 'True'}",74.537109375,-3.845,-3.408,0.5740099620015826,-1.279894446633064
"{'ar': '44100', 'sample_fmt': 'fltp', 'compression_level': '4', 'reservoir': '1', 'b:a': '163k', 'abr': 'True'}",218.4130859375,-2.674,-0.795,0.6991664910165127,2.0339270975966848
"{'ar': '44100', 'sample_fmt': 'fltp', 'compression_level': '8', 'reservoir': '1', 'b:a': '192k'}",267.6279296875,-2.63,-0.747,0.5347715270181652,2.085206888473881
"{'ar': '44100', 'sample_fmt': 's16p', 'compression_level': '8', 'reservoir': '1', 'b:a': '297k'}",445.9951171875,-2.585,-0.699,0.5421525960264262,1.920036330411561
"{'ar': '44100', 'sample_fmt': 's32p', 'compression_level': '7', 'reservoir': '1', 'b:a': '150k', 'abr': 'True'}",200.861328125,-2.772,-0.906,0.4890441019961145,1.8141147778160114
"{'ar': '8000', 'sample_fmt': 's32p', 'compression_level': '0', 'reservoir': '1', 'aq': '9'}",35.8671875,-3.85,-3.441,0.4318474199681077,-1.2297423933700409
"{'ar': '44100', 'sample_fmt': 's16p', 'compression_level': '8', 'reservoir': '1', 'b:a': '149k'}",223.037109375,-2.689,-0.812,0.4988505189830903,2.001042778803447
"{'ar': '44100', 'sample_fmt': 's32p', 'compression_level': '7', 'reservoir': '1', 'b:a': '170k'}",223.037109375,-2.692,-0.815,0.4885503650002647,1.9938679042068486
"{'ar': '44100', 'sample_fmt': 's32p', 'compression_level': '8', 'reservoir': '1', 'b:a': '146k'}",223.037109375,-2.692,-0.815,0.49285156998666935,1.993549989719153
"{'ar': '32000', 'sample_fmt': 's32p', 'compression_level': '7', 'reservoir': '1', 'b:a': '163k', 'abr': 'True'}",224.5859375,-3.193,-1.466,0.46280300500802696,0.6206372754259839
"{'ar': '44100', 'sample_fmt': 's32p', 'compression_level': '1', 'reservoir': '0', 'aq': '1'}",317.8974609375,-2.609,-0.724,0.5761157749802805,2.058121941785989
"{'ar': '44100', 'sample_fmt': 'fltp', 'compression_level': '1', 'reservoir': '0', 'b:a': '32k'}",44.771484375,-3.13,-1.371,0.8829387349833269,1.0532620210414656
"{'ar': '44100', 'sample_fmt': 's32p', 'compression_level': '9', 'reservoir': '1', 'b:a': '156k'}",223.037109375,-2.692,-0.815,0.4861393040046096,1.9940461126911357
"{'ar': '44100', 'sample_fmt': 's16p', 'compression_level': '0', 'reservoir': '0', 'aq': '6'}",147.916015625,-3.069,-1.283,0.5443422139796894,1.0835911382443493
"{'ar': '44100', 'sample_fmt': 's16p', 'compression_level': '8', 'reservoir': '1', 'b:a': '151k', 'abr': 'True'}",202.5986328125,-2.761,-0.895,0.5017482449766248,1.839502981003262
"{'ar': '44100', 'sample_fmt': 'fltp', 'compression_level': '5', 'reservoir': '1', 'b:a': '189k', 'abr': 'True'}",260.5458984375,-2.625,-0.742,0.5633296989835799,2.107623599314888
"{'ar': '44100', 'sample_fmt': 's16p', 'compression_level': '1', 'reservoir': '0', 'aq': '6'}",147.916015625,-3.069,-1.283,0.5360121809935663,1.0842068350496956
"{'ar': '44100', 'sample_fmt': 'fltp', 'compression_level': '1', 'reservoir': '0', 'b:a': '32k'}",44.771484375,-3.13,-1.371,0.8804387890268117,1.0534467992700187
"{'ar': '44100', 'sample_fmt': 's32p', 'compression_level': '5', 'reservoir': '1', 'b:a': '159k', 'abr': 'True'}",216.72265625,-2.686,-0.809,0.5894013599900063,2.0123618426260865
"{'ar': '44100', 'sample_fmt': 's32p', 'compression_level': '7', 'reservoir': '1', 'b:a': '168k', 'abr': 'True'}",226.8955078125,-2.684,-0.807,0.5583822659973521,2.0037128867814618
"{'ar': '44100', 'sample_fmt': 's16p', 'compression_level': '8', 'reservoir': '1', 'b:a': '115k'}",156.1484375,-3.065,-1.278,0.534250141994562,1.0820979316153294
"{'ar': '44100', 'sample_fmt': 's32p', 'compression_level': '1', 'reservoir': '0', 'b:a': '136k'}",178.4443359375,-2.938,-1.109,1.0359312100044917,1.3586550347324926
"{'ar': '44100', 'sample_fmt': 's32p', 'compression_level': '1', 'reservoir': '0', 'aq': '9'}",112.5185546875,-3.343,-1.721,0.5403078210074455,0.36379805721110126
"{'ar': '44100', 'sample_fmt': 's32p', 'compression_level': '7', 'reservoir': '1', 'b:a': '150k', 'abr': 'True'}",200.861328125,-2.772,-0.906,0.4909123490215279,1.8139766902805765
"{'ar': '44100', 'sample_fmt': 's32p', 'compression_level': '8', 'reservoir': '1', 'b:a': '296k'}",445.9951171875,-2.585,-0.698,0.5096016190072987,1.9227577255785366
"{'ar': '44100', 'sample_fmt': 'fltp', 'compression_level': '0', 'reservoir': '0', 'b:a': '32k'}",44.771484375,-3.13,-1.371,0.9389899490051903,1.0491191138685254
"{'ar': '44100', 'sample_fmt': 's16p', 'compression_level': '5', 'reservoir': '1', 'b:a': '295k'}",445.9951171875,-2.586,-0.699,0.6490820560138673,1.9098029272433326
"{'ar': '44100', 'sample_fmt': 's32p', 'compression_level': '7', 'reservoir': '1', 'b:a': '164k', 'abr': 'True'}",221.1787109375,-2.699,-0.824,0.5500689010077622,1.9731375815464063
"{'ar': '44100', 'sample_fmt': 's32p', 'compression_level': '7', 'reservoir': '1', 'b:a': '138k', 'abr': 'True'}",183.9091796875,-2.852,-1.002,0.4895820429956075,1.6244459261369424
"{'ar': '44100', 'sample_fmt': 's32p', 'compression_level': '1', 'reservoir': '0', 'b:a': '136k'}",178.4443359375,-2.938,-1.109,0.9902666109846905,1.3620302371813597
"{'ar': '44100', 'sample_fmt': 's32p', 'compression_level': '8', 'reservoir': '1', 'b:a': '298k', 'abr': 'True'}",409.181640625,-2.592,-0.706,0.523950948001584,1.9616058547103516
"{'ar': '11025', 'sample_fmt': 'fltp', 'compression_level': '3', 'reservoir': '1', 'aq': '9'}",46.904296875,-3.834,-3.322,0.45121342298807576,-1.1739667594089938
"{'ar': '44100', 'sample_fmt': 's32p', 'compression_level': '7', 'reservoir': '1', 'b:a': '293k', 'abr': 'True'}",402.759765625,-2.591,-0.705,0.5131305289978627,1.975298178037486
"{'ar': '44100', 'sample_fmt': 's32p', 'compression_level': '7', 'reservoir': '1', 'b:a': '189k', 'abr': 'True'}",258.0068359375,-2.64,-0.758,0.49642889501410536,2.076623521101798
"{'ar': '44100', 'sample_fmt': 's32p', 'compression_level': '9', 'reservoir': '1', 'b:a': '278k'}",356.8115234375,-2.604,-0.719,0.5054123839945532,2.0144810226607093
"{'ar': '44100', 'sample_fmt': 's32p', 'compression_level': '2', 'reservoir': '1', 'b:a': '150k', 'abr': 'True'}",200.193359375,-2.791,-0.929,0.7185904129582923,1.746689838554188
"{'ar': '44100', 'sample_fmt': 's32p', 'compression_level': '0', 'reservoir': '0', 'b:a': '136k'}",178.4443359375,-2.937,-1.107,1.086047871998744,1.3579116221002023
"{'ar': '44100', 'sample_fmt': 's32p', 'compression_level': '1', 'reservoir': '0', 'aq': '6'}",147.712890625,-3.079,-1.298,0.5678351690003183,1.0541475709373243
"{'ar': '44100', 'sample_fmt': 's16p', 'compression_level': '8', 'reservoir': '1', 'b:a': '244k'}",356.8115234375,-2.595,-0.709,0.4971751649864018,2.039213883935971
"{'ar': '44100', 'sample_fmt': 's16p', 'compression_level': '8', 'reservoir': '1', 'b:a': '168k'}",223.037109375,-2.689,-0.812,0.5167484399862587,1.9997198917509769
"{'ar': '44100', 'sample_fmt': 's16p', 'compression_level': '8', 'reservoir': '1', 'b:a': '295k'}",445.9951171875,-2.585,-0.699,0.5614187039900571,1.918612316707843
"{'ar': '44100', 'sample_fmt': 's32p', 'compression_level': '5', 'reservoir': '1', 'b:a': '163k', 'abr': 'True'}",221.7880859375,-2.672,-0.794,0.6101176560041495,2.0400989203077047
"{'ar': '44100', 'sample_fmt': 's16p', 'compression_level': '8', 'reservoir': '1', 'b:a': '295k'}",445.9951171875,-2.585,-0.699,0.5174459599948023,1.9218624692636956
"{'ar': '44100', 'sample_fmt': 's16p', 'compression_level': '8', 'reservoir': '1', 'b:a': '150k', 'abr': 'True'}",200.8037109375,-2.767,-0.902,0.49816837802063674,1.8264438367396554
"{'ar': '44100', 'sample_fmt': 's32p', 'compression_level': '7', 'reservoir': '1', 'b:a': '162k', 'abr': 'True'}",218.001953125,-2.706,-0.832,0.5696090890269261,1.9579291176735207
"{'ar': '44100', 'sample_fmt': 's32p', 'compression_level': '8', 'reservoir': '1', 'b:a': '165k'}",223.037109375,-2.692,-0.815,0.5820779879868496,1.986955007369538
"{'ar': '44100', 'sample_fmt': 'fltp', 'compression_level': '4', 'reservoir': '1', 'b:a': '163k', 'abr': 'True'}",218.4130859375,-2.674,-0.795,0.6606191839964595,2.0367762404303904
"{'ar': '44100', 'sample_fmt': 's16p', 'compression_level': '8', 'reservoir': '1', 'b:a': '282k'}",356.8115234375,-2.595,-0.709,0.5558458379819058,2.0348773649820817
"{'ar': '44100', 'sample_fmt': 's16p', 'compression_level': '8', 'reservoir': '1', 'b:a': '240k'}",312.220703125,-2.602,-0.717,0.6678409909945913,2.07891824130095
"{'ar': '44100', 'sample_fmt': 's32p', 'compression_level': '8', 'reservoir': '1', 'b:a': '148k'}",223.037109375,-2.692,-0.815,0.5550429400173016,1.988953245875311
"{'ar': '44100', 'sample_fmt': 's32p', 'compression_level': '8', 'reservoir': '1', 'b:a': '142k'}",178.4443359375,-2.916,-1.081,0.5295290110225324,1.4561761522237815
"{'ar': '44100', 'sample_fmt': 'fltp', 'compression_level': '8', 'reservoir': '1', 'b:a': '139k'}",178.4443359375,-2.916,-1.081,0.5389298579830211,1.455481308463767
"{'ar': '44100', 'sample_fmt': 's16p', 'compression_level': '8', 'reservoir': '1', 'b:a': '211k'}",312.220703125,-2.602,-0.717,0.5396936509641819,2.0883899814491316
"{'ar': '44100', 'sample_fmt': 'fltp', 'compression_level': '8', 'reservoir': '1', 'b:a': '295k'}",445.9951171875,-2.585,-0.698,0.5189814589975867,1.9220644345043836
"{'ar': '44100', 'sample_fmt': 'fltp', 'compression_level': '0', 'reservoir': '0', 'aq': '6'}",147.712890625,-3.079,-1.298,0.5406934239726979,1.0561536957309314
"{'ar': '44100', 'sample_fmt': 's32p', 'compression_level': '4', 'reservoir': '1', 'b:a': '138k', 'abr': 'True'}",182.8359375,-2.806,-0.946,0.6150679860147648,1.741726243488457
"{'ar': '44100', 'sample_fmt': 's32p', 'compression_level': '9', 'reservoir': '1', 'b:a': '148k'}",223.037109375,-2.692,-0.815,0.5224524000077508,1.9913621068488288
"{'ar': '44100', 'sample_fmt': 's32p', 'compression_level': '9', 'reservoir': '1', 'aq': '9'}",97.1474609375,-3.314,-1.668,0.4772192950185854,0.47727571564192917
"{'ar': '44100', 'sample_fmt': 's16p', 'compression_level': '9', 'reservoir': '0', 'b:a': '32k'}",44.771484375,-3.305,-1.653,0.4782920620054938,0.5864722330715204
"{'ar': '44100', 'sample_fmt': 's32p', 'compression_level': '8', 'reservoir': '1', 'b:a': '146k', 'abr': 'True'}",195.5517578125,-2.795,-0.934,0.48620946702430956,1.760375181612787
"{'ar': '44100', 'sample_fmt': 's16p', 'compression_level': '8', 'reservoir': '1', 'b:a': '211k'}",312.220703125,-2.602,-0.717,0.5189569919893984,2.089922687826837
"{'ar': '44100', 'sample_fmt': 's32p', 'compression_level': '8', 'reservoir': '1', 'b:a': '154k', 'abr': 'True'}",206.7373046875,-2.747,-0.879,0.5035275770060252,1.870433997455522
"{'ar': '44100', 'sample_fmt': 's16p', 'compression_level': '8', 'reservoir': '0', 'b:a': '210k'}",312.220703125,-2.606,-0.722,0.5194322669995017,2.078990515486699
"{'ar': '44100', 'sample_fmt': 's16p', 'compression_level': '7', 'reservoir': '1', 'b:a': '117k'}",156.1484375,-3.065,-1.278,0.4923851320054382,1.0851922954610707
"{'ar': '44100', 'sample_fmt': 'fltp', 'compression_level': '1', 'reservoir': '0', 'b:a': '135k'}",178.4443359375,-2.938,-1.109,1.008662128006108,1.3606705713695142
"{'ar': '44100', 'sample_fmt': 'fltp', 'compression_level': '4', 'reservoir': '1', 'b:a': '163k', 'abr': 'True'}",218.4130859375,-2.674,-0.795,0.6279154020012356,2.039193471446251
"{'ar': '44100', 'sample_fmt': 's32p', 'compression_level': '8', 'reservoir': '1', 'b:a': '142k'}",178.4443359375,-2.916,-1.081,0.5162767879955936,1.4571556623163602
"{'ar': '44100', 'sample_fmt': 's16p', 'compression_level': '7', 'reservoir': '1', 'b:a': '189k'}",267.6279296875,-2.634,-0.752,0.6188444849976804,2.0680957698529348
"{'ar': '44100', 'sample_fmt': 's32p', 'compression_level': '0', 'reservoir': '0', 'b:a': '148k'}",223.037109375,-2.693,-0.817,1.1862913219956681,1.9393349994904798
"{'ar': '44100', 'sample_fmt': 's16p', 'compression_level': '9', 'reservoir': '0', 'b:a': '130k'}",178.4443359375,-2.885,-1.043,0.5752101000107359,1.5370152234273937
"{'ar': '44100', 'sample_fmt': 's16p', 'compression_level': '8', 'reservoir': '1', 'b:a': '240k', 'abr': 'True'}",330.533203125,-2.604,-0.719,0.5614950610033702,2.052267175630645
"{'ar': '44100', 'sample_fmt': 'fltp', 'compression_level': '8', 'reservoir': '0', 'b:a': '150k'}",223.037109375,-2.705,-0.83,0.5301536740153097,1.9557718154260622
"{'ar': '44100', 'sample_fmt': 's16p', 'compression_level': '7', 'reservoir': '1', 'b:a': '164k', 'abr': 'True'}",221.27734375,-2.7,-0.825,0.5472645590198226,1.9705420774314362
"{'ar': '44100', 'sample_fmt': 's32p', 'compression_level': '7', 'reservoir': '1', 'b:a': '162k', 'abr': 'True'}",218.001953125,-2.706,-0.832,0.7262592419865541,1.9463506522706933
"{'ar': '44100', 'sample_fmt': 's32p', 'compression_level': '1', 'reservoir': '1', 'aq': '9'}",103.837890625,-3.343,-1.721,0.8874107750016265,0.3519941034355514
"{'ar': '44100', 'sample_fmt': 'fltp', 'compression_level': '1', 'reservoir': '0', 'b:a': '32k', 'abr': 'True'}",53.119140625,-3.132,-1.375,1.3346658739901613,1.0006317941155292
"{'ar': '44100', 'sample_fmt': 's32p', 'compression_level': '8', 'reservoir': '0', 'b:a': '139k'}",178.4443359375,-2.892,-1.051,0.7064990809885785,1.5084780433919804
"{'ar': '44100', 'sample_fmt': 's16p', 'compression_level': '8', 'reservoir': '1', 'b:a': '138k'}",178.4443359375,-2.914,-1.079,0.5134606969950255,1.4626546002298222
"{'ar': '44100', 'sample_fmt': 's32p', 'compression_level': '9', 'reservoir': '1', 'b:a': '147k'}",223.037109375,-2.692,-0.815,0.4998493090097327,1.9930327666099141
"{'ar': '44100', 'sample_fmt': 's16p', 'compression_level': '9', 'reservoir': '1', 'b:a': '158k'}",223.037109375,-2.689,-0.812,0.5376780179794878,1.9981729261712318
"{'ar': '44100', 'sample_fmt': 's16p', 'compression_level': '8', 'reservoir': '1', 'b:a': '151k', 'abr': 'True'}",202.5986328125,-2.761,-0.895,0.5615214219724294,1.8350849727933283
"{'ar': '44100', 'sample_fmt': 'fltp', 'compression_level': '8', 'reservoir': '0', 'b:a': '138k'}",178.4443359375,-2.892,-1.051,0.6656610679638106,1.5114964989248605
"{'ar': '44100', 'sample_fmt': 's32p', 'compression_level': '7', 'reservoir': '1', 'b:a': '281k', 'abr': 'True'}",386.671875,-2.596,-0.711,0.5249236970266793,1.9865549489559067
"{'ar': '44100', 'sample_fmt': 's16p', 'compression_level': '8', 'reservoir': '1', 'b:a': '211k'}",312.220703125,-2.602,-0.717,0.522751228971174,2.0896422448091085
"{'ar': '44100', 'sample_fmt': 's32p', 'compression_level': '2', 'reservoir': '1', 'b:a': '150k', 'abr': 'True'}",200.193359375,-2.791,-0.929,0.7151582690130454,1.7469435182294182
"{'ar': '44100', 'sample_fmt': 'fltp', 'compression_level': '8', 'reservoir': '0', 'b:a': '138k'}",178.4443359375,-2.892,-1.051,0.49850092999986373,1.5238517876850712
"{'ar': '44100', 'sample_fmt': 's32p', 'compression_level': '8', 'reservoir': '0', 'b:a': '98k'}",133.853515625,-3.328,-1.693,0.48407458697329275,0.37769287893566805
"{'ar': '44100', 'sample_fmt': 's32p', 'compression_level': '7', 'reservoir': '1', 'b:a': '162k', 'abr': 'True'}",218.001953125,-2.706,-0.832,0.5033205620129593,1.9628286942276105
"{'ar': '44100', 'sample_fmt': 's32p', 'compression_level': '7', 'reservoir': '1', 'b:a': '138k', 'abr': 'True'}",183.9091796875,-2.852,-1.002,0.5044361430045683,1.6233480166884389
"{'ar': '44100', 'sample_fmt': 'fltp', 'compression_level': '4', 'reservoir': '1', 'b:a': '163k', 'abr': 'True'}",218.4130859375,-2.674,-0.795,0.690650339005515,2.034556550996899
"{'ar': '44100', 'sample_fmt': 's16p', 'compression_level': '5', 'reservoir': '1', 'b:a': '238k', 'abr': 'True'}",324.1298828125,-2.602,-0.717,0.606270873977337,2.0644660100097716
"{'ar': '44100', 'sample_fmt': 's32p', 'compression_level': '7', 'reservoir': '1', 'b:a': '281k', 'abr': 'True'}",386.671875,-2.596,-0.711,0.5099717620178126,1.9876600896719205
"{'ar': '44100', 'sample_fmt': 's16p', 'compression_level': '8', 'reservoir': '1', 'b:a': '32k'}",44.771484375,-3.291,-1.629,0.5077558819903061,0.6244846085317167
"{'ar': '44100', 'sample_fmt': 's16p', 'compression_level': '1', 'reservoir': '0', 'b:a': '32k', 'abr': 'True'}",53.09375,-3.138,-1.383,0.9265126509999391,1.0143367987043757
"{'ar': '44100', 'sample_fmt': 's32p', 'compression_level': '9', 'reservoir': '1', 'b:a': '148k'}",223.037109375,-2.692,-0.815,0.5239962080086116,1.9912479995390762
"{'ar': '44100', 'sample_fmt': 'fltp', 'compression_level': '8', 'reservoir': '1', 'b:a': '150k'}",223.037109375,-2.691,-0.815,0.5097227989754174,1.994632926277073
"{'ar': '44100', 'sample_fmt': 's32p', 'compression_level': '3', 'reservoir': '0', 'b:a': '136k'}",178.4443359375,-2.876,-1.031,0.6515067650179844,1.5561308579144153
"{'ar': '44100', 'sample_fmt': 's32p', 'compression_level': '7', 'reservoir': '1', 'b:a': '145k', 'abr': 'True'}",193.97265625,-2.802,-0.942,0.5013446049997583,1.742942984182985
"{'ar': '44100', 'sample_fmt': 's16p', 'compression_level': '8', 'reservoir': '1', 'b:a': '295k'}",445.9951171875,-2.585,-0.699,0.5191166080185212,1.9217389868413841
"{'ar': '44100', 'sample_fmt': 's32p', 'compression_level': '8', 'reservoir': '0', 'b:a': '122k'}",178.4443359375,-2.892,-1.051,0.5028139629866928,1.523532998955691
"{'ar': '44100', 'sample_fmt': 'fltp', 'compression_level': '1', 'reservoir': '0', 'b:a': '32k'}",44.771484375,-3.13,-1.371,0.9234981490008067,1.0502641575661495
"{'ar': '44100', 'sample_fmt': 's32p', 'compression_level': '8', 'reservoir': '1', 'b:a': '168k', 'abr': 'True'}",226.8955078125,-2.684,-0.807,0.5453584189817775,2.0046755169432107
"{'ar': '44100', 'sample_fmt': 's16p', 'compression_level': '9', 'reservoir': '1', 'b:a': '219k'}",312.220703125,-2.602,-0.717,0.5132652430038434,2.090343381439104
"{'ar': '44100', 'sample_fmt': 's16p', 'compression_level': '8', 'reservoir': '1', 'b:a': '109k'}",156.1484375,-3.065,-1.278,0.5050875470042229,1.084253423268372
"{'ar': '44100', 'sample_fmt': 's16p', 'compression_level': '7', 'reservoir': '1', 'b:a': '138k', 'abr': 'True'}",183.8095703125,-2.848,-0.997,0.49816746200667694,1.6348673395578368
"{'ar': '44100', 'sample_fmt': 'fltp', 'compression_level': '5', 'reservoir': '1', 'b:a': '292k', 'abr': 'True'}",396.7490234375,-2.588,-0.701,0.5912905830191448,1.9873639183405625
"{'ar': '44100', 'sample_fmt': 'fltp', 'compression_level': '8', 'reservoir': '1', 'b:a': '168k'}",223.037109375,-2.691,-0.815,0.5026474859914742,1.9951558831018894
"{'ar': '44100', 'sample_fmt': 'fltp', 'compression_level': '9', 'reservoir': '1', 'b:a': '183k', 'abr': 'True'}",249.677734375,-2.65,-0.769,0.5406129859911744,2.059878778989326
"{'ar': '44100', 'sample_fmt': 's32p', 'compression_level': '8', 'reservoir': '0', 'b:a': '137k'}",178.4443359375,-2.892,-1.051,0.577633391978452,1.5180028787887248
"{'ar': '44100', 'sample_fmt': 's32p', 'compression_level': '1', 'reservoir': '0', 'aq': '9'}",112.5185546875,-3.343,-1.721,0.603758053999627,0.35910826716863226
"{'ar': '44100', 'sample_fmt': 's32p', 'compression_level': '2', 'reservoir': '1', 'b:a': '151k', 'abr': 'True'}",201.6240234375,-2.778,-0.914,0.7958713519910816,1.773715989068852
"{'ar': '32000', 'sample_fmt': 's32p', 'compression_level': '7', 'reservoir': '1', 'b:a': '162k', 'abr': 'True'}",223.0390625,-3.194,-1.468,0.5056620700052008,0.616976877138006
"{'ar': '44100', 'sample_fmt': 'fltp', 'compression_level': '5', 'reservoir': '1', 'b:a': '165k', 'abr': 'True'}",224.1435546875,-2.657,-0.777,0.6429314549895935,2.074226880001592
"{'ar': '44100', 'sample_fmt': 's32p', 'compression_level': '5', 'reservoir': '1', 'b:a': '159k'}",223.037109375,-2.652,-0.771,0.6922121520037763,2.085892356563967
"{'ar': '44100', 'sample_fmt': 's32p', 'compression_level': '7', 'reservoir': '1', 'b:a': '164k', 'abr': 'True'}",221.1787109375,-2.699,-0.824,0.6783177360484842,1.963658339608771
"{'ar': '44100', 'sample_fmt': 's32p', 'compression_level': '7', 'reservoir': '1', 'b:a': '159k'}",223.037109375,-2.692,-0.815,0.8474617879837751,1.9673397239581827
"{'ar': '44100', 'sample_fmt': 's32p', 'compression_level': '1', 'reservoir': '1', 'b:a': '150k', 'abr': 'True'}",202.1875,-2.764,-0.898,1.1327936929883435,1.7855804300491493
"{'ar': '44100', 'sample_fmt': 's32p', 'compression_level': '9', 'reservoir': '1', 'b:a': '148k'}",223.037109375,-2.692,-0.815,0.504901495995,1.9926593448729266
"{'ar': '44100', 'sample_fmt': 's32p', 'compression_level': '7', 'reservoir': '1', 'b:a': '156k'}",223.037109375,-2.692,-0.815,0.5201456999930087,1.9915326017114943
"{'ar': '44100', 'sample_fmt': 's32p', 'compression_level': '7', 'reservoir': '1', 'b:a': '146k', 'abr': 'True'}",195.5517578125,-2.795,-0.934,0.5097578330314718,1.7586346538446636
"{'ar': '44100', 'sample_fmt': 'fltp', 'compression_level': '1', 'reservoir': '0', 'aq': '6'}",147.712890625,-3.079,-1.298,0.5465567779901903,1.055720318294948
"{'ar': '44100', 'sample_fmt': 'fltp', 'compression_level': '1', 'reservoir': '0', 'b:a': '32k'}",44.771484375,-3.13,-1.371,0.9204788429779001,1.0504873231977578
"{'ar': '44100', 'sample_fmt': 's32p', 'compression_level': '2', 'reservoir': '1', 'b:a': '150k', 'abr': 'True'}",200.193359375,-2.791,-0.929,0.7223254309792537,1.7464137725809503
"{'ar': '44100', 'sample_fmt': 's32p', 'compression_level': '8', 'reservoir': '1', 'b:a': '288k', 'abr': 'True'}",395.728515625,-2.594,-0.709,0.5428246380179189,1.9760712702719225
"{'ar': '44100', 'sample_fmt': 's16p', 'compression_level': '8', 'reservoir': '0', 'b:a': '138k'}",178.4443359375,-2.885,-1.043,0.523526430974016,1.5408353127316605
"{'ar': '44100', 'sample_fmt': 's16p', 'compression_level': '8', 'reservoir': '1', 'b:a': '211k'}",312.220703125,-2.602,-0.717,0.5753469789633527,2.0857547409662165
"{'ar': '44100', 'sample_fmt': 's32p', 'compression_level': '1', 'reservoir': '0', 'b:a': '32k', 'abr': 'True'}",53.119140625,-3.132,-1.375,0.8962782240123488,1.0330342919260678
"{'ar': '44100', 'sample_fmt': 's16p', 'compression_level': '8', 'reservoir': '1', 'b:a': '163k', 'abr': 'True'}",219.642578125,-2.703,-0.828,0.5006065639900044,1.9686630535617329
"{'ar': '44100', 'sample_fmt': 's16p', 'compression_level': '9', 'reservoir': '1', 'b:a': '214k'}",312.220703125,-2.602,-0.717,0.5068035470030736,2.0908209840598166
"{'ar': '8000', 'sample_fmt': 's32p', 'compression_level': '0', 'reservoir': '1', 'aq': '9'}",35.8671875,-3.85,-3.441,0.43932346897781827,-1.2302949697523384
"{'ar': '44100', 'sample_fmt': 's16p', 'compression_level': '9', 'reservoir': '1', 'b:a': '210k'}",312.220703125,-2.602,-0.717,0.513069862005068,2.0903578226132233
"{'ar': '44100', 'sample_fmt': 's32p', 'compression_level': '8', 'reservoir': '0', 'b:a': '122k'}",178.4443359375,-2.892,-1.051,0.5022079160262365,1.5235777936375443
"{'ar': '44100', 'sample_fmt': 's32p', 'compression_level': '7', 'reservoir': '1', 'b:a': '165k', 'abr': 'True'}",222.501953125,-2.697,-0.821,0.5038337400183082,1.9800497560530672
"{'ar': '44100', 'sample_fmt': 's16p', 'compression_level': '8', 'reservoir': '1', 'b:a': '240k'}",312.220703125,-2.602,-0.717,0.5141457970312331,2.090278297146821
"{'ar': '44100', 'sample_fmt': 's16p', 'compression_level': '8', 'reservoir': '1', 'b:a': '164k', 'abr': 'True'}",221.27734375,-2.7,-0.825,0.5022470120165963,1.9738694543962791
"{'ar': '44100', 'sample_fmt': 's16p', 'compression_level': '8', 'reservoir': '1', 'b:a': '212k'}",312.220703125,-2.602,-0.717,0.5104107400111388,2.090554366002597
"{'ar': '44100', 'sample_fmt': 's32p', 'compression_level': '7', 'reservoir': '1', 'b:a': '138k', 'abr': 'True'}",183.9091796875,-2.852,-1.002,0.49616564001189545,1.6239593134599735
"{'ar': '44100', 'sample_fmt': 's16p', 'compression_level': '7', 'reservoir': '1', 'b:a': '146k', 'abr': 'True'}",195.7080078125,-2.787,-0.925,0.4984532269882038,1.7806995157175207
"{'ar': '44100', 'sample_fmt': 's32p', 'compression_level': '8', 'reservoir': '1', 'b:a': '148k'}",223.037109375,-2.692,-0.815,0.4965090219920967,1.9932796568742293
"{'ar': '44100', 'sample_fmt': 's16p', 'compression_level': '8', 'reservoir': '1', 'b:a': '170k', 'abr': 'True'}",229.55078125,-2.677,-0.799,0.5171253400039859,2.0213586116630404
"{'ar': '44100', 'sample_fmt': 's32p', 'compression_level': '7', 'reservoir': '1', 'b:a': '162k', 'abr': 'True'}",218.001953125,-2.706,-0.832,0.537450127012562,1.9603060794704883
"{'ar': '44100', 'sample_fmt': 's32p', 'compression_level': '8', 'reservoir': '1', 'b:a': '146k', 'abr': 'True'}",195.5517578125,-2.795,-0.934,0.49545705199125223,1.7596916658895243
"{'ar': '44100', 'sample_fmt': 's16p', 'compression_level': '2', 'reservoir': '1', 'b:a': '150k', 'abr': 'True'}",200.14453125,-2.79,-0.929,0.7110954590025358,1.7496516634038322
"{'ar': '48000', 'sample_fmt': 's32p', 'compression_level': '9', 'reservoir': '1', 'b:a': '148k'}",223.203125,-3.589,-2.276,0.5361170870019123,-0.5607517695773827
"{'ar': '44100', 'sample_fmt': 's16p', 'compression_level': '1', 'reservoir': '0', 'aq': '9'}",112.5185546875,-3.341,-1.719,0.550573351996718,0.36833009464754135
"{'ar': '44100', 'sample_fmt': 's32p', 'compression_level': '7', 'reservoir': '1', 'b:a': '163k', 'abr': 'True'}",219.640625,-2.703,-0.829,0.5342699110333342,1.9658625564448176
"{'ar': '11025', 'sample_fmt': 'fltp', 'compression_level': '3', 'reservoir': '1', 'aq': '9'}",46.904296875,-3.834,-3.322,0.4590293199871667,-1.1745444549380837
"{'ar': '44100', 'sample_fmt': 's32p', 'compression_level': '9', 'reservoir': '1', 'b:a': '148k'}",223.037109375,-2.692,-0.815,0.5168782740074676,1.9917741066064154
"{'ar': '44100', 'sample_fmt': 's16p', 'compression_level': '8', 'reservoir': '1', 'b:a': '290k'}",445.9951171875,-2.585,-0.699,0.564691634994233,1.9183704049210895
"{'ar': '44100', 'sample_fmt': 's16p', 'compression_level': '8', 'reservoir': '1', 'b:a': '211k'}",312.220703125,-2.602,-0.717,0.5385663720080629,2.088473301893741
"{'ar': '44100', 'sample_fmt': 'fltp', 'compression_level': '8', 'reservoir': '0', 'b:a': '150k'}",223.037109375,-2.705,-0.83,0.5636076949886046,1.953299132079723
"{'ar': '44100', 'sample_fmt': 's16p', 'compression_level': '8', 'reservoir': '1', 'b:a': '295k'}",445.9951171875,-2.585,-0.699,0.5601864500204101,1.918703396158999
"{'ar': '44100', 'sample_fmt': 's32p', 'compression_level': '5', 'reservoir': '1', 'b:a': '162k', 'abr': 'True'}",220.3583984375,-2.674,-0.795,0.6319104289868847,2.035794121152732
"{'ar': '44100', 'sample_fmt': 's32p', 'compression_level': '8', 'reservoir': '1', 'b:a': '148k'}",223.037109375,-2.692,-0.815,0.4995830190018751,1.9930524488737666
"{'ar': '44100', 'sample_fmt': 's32p', 'compression_level': '4', 'reservoir': '1', 'b:a': '163k', 'abr': 'True'}",218.4130859375,-2.673,-0.794,0.6382327379833441,2.04107628358035
"{'ar': '11025', 'sample_fmt': 'fltp', 'compression_level': '7', 'reservoir': '1', 'aq': '9'}",47.0185546875,-3.841,-3.374,0.43732865899801254,-1.2058362156306854
"{'ar': '44100', 'sample_fmt': 's16p', 'compression_level': '8', 'reservoir': '1', 'b:a': '240k'}",312.220703125,-2.602,-0.717,0.526197962986771,2.0893874867396245
"{'ar': '44100', 'sample_fmt': 's16p', 'compression_level': '8', 'reservoir': '1', 'b:a': '300k'}",445.9951171875,-2.585,-0.699,0.5309294760227203,1.920865863637157
"{'ar': '48000', 'sample_fmt': 's16p', 'compression_level': '8', 'reservoir': '1', 'b:a': '240k'}",312.453125,-3.481,-2.003,0.5134228579991031,-0.36373400783529825
"{'ar': '44100', 'sample_fmt': 's32p', 'compression_level': '7', 'reservoir': '1', 'b:a': '145k', 'abr': 'True'}",193.97265625,-2.802,-0.942,0.5034361130092293,1.7427883947831673
"{'ar': '44100', 'sample_fmt': 'fltp', 'compression_level': '1', 'reservoir': '0', 'b:a': '32k'}",44.771484375,-3.13,-1.371,0.8913263269932941,1.0526420698823662
"{'ar': '44100', 'sample_fmt': 's32p', 'compression_level': '7', 'reservoir': '1', 'b:a': '146k', 'abr': 'True'}",195.5517578125,-2.795,-0.934,0.5087684089958202,1.7587077850338075
"{'ar': '11025', 'sample_fmt': 'fltp', 'compression_level': '3', 'reservoir': '0', 'aq': '9'}",51.1103515625,-3.834,-3.322,0.46006058299099095,-1.1813321311676512
"{'ar': '44100', 'sample_fmt': 's16p', 'compression_level': '8', 'reservoir': '1', 'b:a': '292k', 'abr': 'True'}",401.12890625,-2.592,-0.706,0.5124775689619128,1.9753033485388927
"{'ar': '44100', 'sample_fmt': 's32p', 'compression_level': '4', 'reservoir': '1', 'b:a': '141k', 'abr': 'True'}",186.2802734375,-2.791,-0.929,0.6262922020105179,1.7757124848050876
"{'ar': '44100', 'sample_fmt': 's16p', 'compression_level': '8', 'reservoir': '1', 'b:a': '211k'}",312.220703125,-2.602,-0.717,0.5145240699930582,2.0902503378992967
"{'ar': '44100', 'sample_fmt': 's16p', 'compression_level': '8', 'reservoir': '1', 'b:a': '168k', 'abr': 'True'}",226.796875,-2.686,-0.809,0.5481121869815979,1.9993385703908284
"{'ar': '44100', 'sample_fmt': 's32p', 'compression_level': '7', 'reservoir': '1', 'b:a': '164k', 'abr': 'True'}",221.1787109375,-2.699,-0.824,0.5189738299814053,1.9754359080866295
"{'ar': '44100', 'sample_fmt': 'fltp', 'compression_level': '4', 'reservoir': '1', 'b:a': '163k', 'abr': 'True'}",218.4130859375,-2.674,-0.795,0.6466792189748958,2.0378065835208337
"{'ar': '44100', 'sample_fmt': 'fltp', 'compression_level': '5', 'reservoir': '1', 'b:a': '284k', 'abr': 'True'}",375.6640625,-2.591,-0.705,0.597876969986828,2.012269978220137
"{'ar': '44100', 'sample_fmt': 's16p', 'compression_level': '8', 'reservoir': '1', 'b:a': '210k'}",312.220703125,-2.602,-0.717,0.5205909050127957,2.089801920594535
"{'ar': '44100', 'sample_fmt': 's32p', 'compression_level': '7', 'reservoir': '1', 'b:a': '162k', 'abr': 'True'}",218.001953125,-2.706,-0.832,0.5102253179938998,1.9623183437636638
"{'ar': '44100', 'sample_fmt': 's16p', 'compression_level': '8', 'reservoir': '1', 'b:a': '137k', 'abr': 'True'}",182.173828125,-2.862,-1.014,0.5015399990079459,1.5992462388552053
"{'ar': '44100', 'sample_fmt': 's32p', 'compression_level': '8', 'reservoir': '0', 'b:a': '123k', 'abr': 'True'}",173.904296875,-3.041,-1.245,0.5098488270014059,1.1218977425006247
"{'ar': '44100', 'sample_fmt': 's32p', 'compression_level': '7', 'reservoir': '1', 'b:a': '161k', 'abr': 'True'}",216.876953125,-2.712,-0.838,0.5216224080068059,1.9473986971214445
"{'ar': '44100', 'sample_fmt': 's32p', 'compression_level': '1', 'reservoir': '0', 'b:a': '137k'}",178.4443359375,-2.938,-1.109,1.0297990030085202,1.3591082838688924
"{'ar': '44100', 'sample_fmt': 'fltp', 'compression_level': '8', 'reservoir': '0', 'b:a': '138k'}",178.4443359375,-2.892,-1.051,0.5296324040100444,1.5215507704951374
"{'ar': '44100', 'sample_fmt': 's16p', 'compression_level': '8', 'reservoir': '1', 'b:a': '295k'}",445.9951171875,-2.585,-0.699,0.5989024179871194,1.9158417871074263
"{'ar': '44100', 'sample_fmt': 's32p', 'compression_level': '8', 'reservoir': '1', 'b:a': '240k'}",312.220703125,-2.6,-0.715,0.5655077420233283,2.0917727798875148
"{'ar': '44100', 'sample_fmt': 's16p', 'compression_level': '8', 'reservoir': '1', 'b:a': '211k'}",312.220703125,-2.602,-0.717,0.5125148470106069,2.0903988453750273
"{'ar': '44100', 'sample_fmt': 's32p', 'compression_level': '5', 'reservoir': '1', 'b:a': '150k', 'abr': 'True'}",204.796875,-2.694,-0.818,0.5976813449815381,2.0093007636946467
"{'ar': '44100', 'sample_fmt': 's32p', 'compression_level': '6', 'reservoir': '1', 'b:a': '145k', 'abr': 'True'}",197.703125,-2.722,-0.85,0.5959361619898118,1.945416072508555
"{'ar': '44100', 'sample_fmt': 's32p', 'compression_level': '9', 'reservoir': '1', 'b:a': '148k'}",223.037109375,-2.692,-0.815,0.5140694839938078,1.9919817123915522
"{'ar': '44100', 'sample_fmt': 'fltp', 'compression_level': '5', 'reservoir': '1', 'b:a': '189k', 'abr': 'True'}",260.5458984375,-2.625,-0.742,0.5754710639885161,2.1067261959482346
"{'ar': '44100', 'sample_fmt': 's32p', 'compression_level': '8', 'reservoir': '0', 'aq': '9'}",103.8740234375,-3.314,-1.668,0.48554843102465384,0.4659267474246226
"{'ar': '44100', 'sample_fmt': 's32p', 'compression_level': '7', 'reservoir': '1', 'b:a': '138k', 'abr': 'True'}",183.9091796875,-2.852,-1.002,0.5150056680140551,1.622566792557249
"{'ar': '44100', 'sample_fmt': 's16p', 'compression_level': '8', 'reservoir': '1', 'b:a': '210k'}",312.220703125,-2.602,-0.717,0.5317462399834767,2.088977397556576
"{'ar': '44100', 'sample_fmt': 'fltp', 'compression_level': '5', 'reservoir': '1', 'b:a': '295k'}",445.9951171875,-2.592,-0.706,0.5955837349756621,1.897569306837713
"{'ar': '44100', 'sample_fmt': 's16p', 'compression_level': '8', 'reservoir': '1', 'b:a': '211k'}",312.220703125,-2.602,-0.717,0.5074762649892364,2.0907712615298255
"{'ar': '44100', 'sample_fmt': 's32p', 'compression_level': '9', 'reservoir': '1', 'b:a': '162k'}",223.037109375,-2.692,-0.815,0.5106542529829312,1.9922341419829377
"{'ar': '44100', 'sample_fmt': 's32p', 'compression_level': '8', 'reservoir': '1', 'b:a': '146k', 'abr': 'True'}",195.5517578125,-2.795,-0.934,0.5382340019859839,1.7565298979231685
"{'ar': '44100', 'sample_fmt': 's16p', 'compression_level': '1', 'reservoir': '0', 'aq': '6'}",147.916015625,-3.069,-1.283,0.5476614749932196,1.0833458020727464
"{'ar': '44100', 'sample_fmt': 'fltp', 'compression_level': '1', 'reservoir': '0', 'b:a': '32k'}",44.771484375,-3.13,-1.371,0.9933281560079195,1.0451028199936327
"{'ar': '44100', 'sample_fmt': 'fltp', 'compression_level': '8', 'reservoir': '0', 'b:a': '150k'}",223.037109375,-2.705,-0.83,0.5220700410136487,1.9563693000966518
"{'ar': '44100', 'sample_fmt': 'fltp', 'compression_level': '7', 'reservoir': '0', 'b:a': '139k', 'abr': 'True'}",210.2236328125,-2.843,-0.992,0.5307321559812408,1.6035393855001996
"{'ar': '44100', 'sample_fmt': 's32p', 'compression_level': '8', 'reservoir': '1', 'b:a': '150k'}",223.037109375,-2.692,-0.815,0.5919908070063684,1.9862223222754378
"{'ar': '44100', 'sample_fmt': 's32p', 'compression_level': '9', 'reservoir': '1', 'b:a': '148k'}",223.037109375,-2.692,-0.815,0.5880363069882151,1.986514610797221
"{'ar': '44100', 'sample_fmt': 's16p', 'compression_level': '7', 'reservoir': '1', 'b:a': '138k', 'abr': 'True'}",183.8095703125,-2.848,-0.997,0.5653706589946523,1.6299001571032803
"{'ar': '8000', 'sample_fmt': 'fltp', 'compression_level': '0', 'reservoir': '1', 'aq': '9'}",35.8671875,-3.85,-3.441,0.47568795701954514,-1.2329827741287003
"{'ar': '44100', 'sample_fmt': 's16p', 'compression_level': '8', 'reservoir': '1', 'b:a': '151k', 'abr': 'True'}",202.5986328125,-2.761,-0.895,0.5405904999934137,1.836632037710946
"{'ar': '44100', 'sample_fmt': 's16p', 'compression_level': '8', 'reservoir': '1', 'b:a': '282k', 'abr': 'True'}",388.09375,-2.598,-0.712,0.5760144720261451,1.975534512466466
"{'ar': '11025', 'sample_fmt': 'fltp', 'compression_level': '1', 'reservoir': '1', 'b:a': '47k'}",67.73046875,-3.842,-3.382,0.5996794800157659,-1.255738907204464
"{'ar': '44100', 'sample_fmt': 's16p', 'compression_level': '8', 'reservoir': '1', 'b:a': '282k'}",356.8115234375,-2.595,-0.709,0.7997424980276264,2.0168502581657077
"{'ar': '44100', 'sample_fmt': 's32p', 'compression_level': '7', 'reservoir': '1', 'b:a': '135k'}",178.4443359375,-2.916,-1.081,0.8799716340145096,1.4302739254507608
"{'ar': '44100', 'sample_fmt': 's32p', 'compression_level': '1', 'reservoir': '0', 'aq': '9'}",112.5185546875,-3.343,-1.721,0.8847810449951794,0.33833704596542263
"{'ar': '44100', 'sample_fmt': 's32p', 'compression_level': '8', 'reservoir': '0', 'b:a': '136k'}",178.4443359375,-2.892,-1.051,0.5358866459864657,1.521088501400746
"{'ar': '44100', 'sample_fmt': 's32p', 'compression_level': '7', 'reservoir': '1', 'b:a': '148k', 'abr': 'True'}",198.2060546875,-2.779,-0.915,0.5699169549625367,1.7932254669041308
"{'ar': '44100', 'sample_fmt': 'fltp', 'compression_level': '5', 'reservoir': '1', 'b:a': '189k', 'abr': 'True'}",260.5458984375,-2.625,-0.742,0.6444741320156027,2.101625979824944
"{'ar': '44100', 'sample_fmt': 's16p', 'compression_level': '7', 'reservoir': '1', 'b:a': '138k', 'abr': 'True'}",183.8095703125,-2.848,-0.997,0.5109864879923407,1.6339198483101824
"{'ar': '44100', 'sample_fmt': 'fltp', 'compression_level': '5', 'reservoir': '1', 'b:a': '165k', 'abr': 'True'}",224.1435546875,-2.657,-0.777,0.6185036080132704,2.076032412749165
"{'ar': '44100', 'sample_fmt': 's32p', 'compression_level': '8', 'reservoir': '1', 'b:a': '295k'}",445.9951171875,-2.585,-0.698,0.5253458749793936,1.9215940221309367
"{'ar': '44100', 'sample_fmt': 's16p', 'compression_level': '5', 'reservoir': '1', 'b:a': '190k'}",267.6279296875,-2.629,-0.746,0.5821097350271884,2.084353380994832
"{'ar': '44100', 'sample_fmt': 's16p', 'compression_level': '7', 'reservoir': '0', 'b:a': '138k', 'abr': 'True'}",206.6357421875,-2.848,-0.997,0.4985643840045668,1.598415087324052
"{'ar': '44100', 'sample_fmt': 's32p', 'compression_level': '7', 'reservoir': '1', 'b:a': '164k', 'abr': 'True'}",221.1787109375,-2.699,-0.824,0.5030418639944401,1.976613485723765
"{'ar': '44100', 'sample_fmt': 's32p', 'compression_level': '9', 'reservoir': '1', 'b:a': '136k'}",178.4443359375,-2.916,-1.081,0.5006703200051561,1.4583091814561353
"{'ar': '44100', 'sample_fmt': 's32p', 'compression_level': '8', 'reservoir': '1', 'b:a': '163k', 'abr': 'True'}",219.640625,-2.703,-0.829,0.5024240300117526,1.9682163775210468
"{'ar': '11025', 'sample_fmt': 'fltp', 'compression_level': '3', 'reservoir': '1', 'aq': '9'}",46.904296875,-3.834,-3.322,0.46028306303196587,-1.174637122708871
"{'ar': '44100', 'sample_fmt': 's32p', 'compression_level': '7', 'reservoir': '1', 'b:a': '146k', 'abr': 'True'}",195.5517578125,-2.795,-0.934,0.5019095820025541,1.759214740753576
"{'ar': '44100', 'sample_fmt': 's16p', 'compression_level': '7', 'reservoir': '1', 'b:a': '138k', 'abr': 'True'}",183.8095703125,-2.848,-0.997,0.500536438979907,1.6346922416252372
"{'ar': '44100', 'sample_fmt': 's32p', 'compression_level': '7', 'reservoir': '1', 'b:a': '162k', 'abr': 'True'}",218.001953125,-2.706,-0.832,0.5501467879803386,1.9593676325748461
"{'ar': '44100', 'sample_fmt': 's16p', 'compression_level': '7', 'reservoir': '1', 'b:a': '138k', 'abr': 'True'}",183.8095703125,-2.848,-0.997,0.5100992510269862,1.6339854265577194
"{'ar': '44100', 'sample_fmt': 's32p', 'compression_level': '1', 'reservoir': '0', 'b:a': '32k'}",44.771484375,-3.13,-1.371,0.9093194250308443,1.0513121480202972
"{'ar': '44100', 'sample_fmt': 's16p', 'compression_level': '5', 'reservoir': '1', 'b:a': '173k'}",223.037109375,-2.666,-0.787,0.6014808419859037,2.054932105574786
"{'ar': '44100', 'sample_fmt': 'fltp', 'compression_level': '3', 'reservoir': '1', 'b:a': '32k'}",44.771484375,-3.302,-1.648,0.5502541349851526,0.5897204138966603
"{'ar': '44100', 'sample_fmt': 's32p', 'compression_level': '7', 'reservoir': '1', 'b:a': '165k', 'abr': 'True'}",222.501953125,-2.697,-0.821,0.4977041370002553,1.9805028127219355
"{'ar': '32000', 'sample_fmt': 's32p', 'compression_level': '8', 'reservoir': '1', 'aq': '9'}",81.7109375,-3.518,-2.09,0.46169509101309814,-0.1053760986171116
"{'ar': '8000', 'sample_fmt': 'fltp', 'compression_level': '3', 'reservoir': '1', 'aq': '8'}",36.2890625,-3.849,-3.433,0.47299895898322575,-1.2286035884165911
"{'ar': '11025', 'sample_fmt': 'fltp', 'compression_level': '3', 'reservoir': '1', 'b:a': '32k'}",45.1787109375,-3.833,-3.318,0.4705458280222956,-1.1690504454425414
"{'ar': '44100', 'sample_fmt': 's16p', 'compression_level': '7', 'reservoir': '1', 'b:a': '147k', 'abr': 'True'}",196.98046875,-2.784,-0.92,0.5035558049858082,1.7868590541067284
"{'ar': '44100', 'sample_fmt': 's16p', 'compression_level': '8', 'reservoir': '1', 'b:a': '296k'}",445.9951171875,-2.585,-0.699,0.5436680600105319,1.919924318089979
"{'ar': '44100', 'sample_fmt': 's32p', 'compression_level': '1', 'reservoir': '1', 'b:a': '137k', 'abr': 'True'}",181.6083984375,-2.893,-1.053,1.0337766419688705,1.4762783760806162
"{'ar': '44100', 'sample_fmt': 's32p', 'compression_level': '7', 'reservoir': '0', 'b:a': '159k'}",223.037109375,-2.706,-0.831,0.5232074039813597,1.953639838067966
"{'ar': '44100', 'sample_fmt': 's16p', 'compression_level': '7', 'reservoir': '1', 'b:a': '138k', 'abr': 'True'}",183.8095703125,-2.848,-0.997,0.5425844569981564,1.631584351127312
"{'ar': '44100', 'sample_fmt': 's32p', 'compression_level': '8', 'reservoir': '0', 'b:a': '136k'}",178.4443359375,-2.892,-1.051,0.5144831759971566,1.5226704937071023
"{'ar': '44100', 'sample_fmt': 's16p', 'compression_level': '1', 'reservoir': '0', 'b:a': '32k'}",44.771484375,-3.131,-1.373,0.8908801889920142,1.0497141905770033
"{'ar': '44100', 'sample_fmt': 's16p', 'compression_level': '2', 'reservoir': '1', 'b:a': '150k', 'abr': 'True'}",200.14453125,-2.79,-0.929,0.7662212869909126,1.7455771541862757
"{'ar': '44100', 'sample_fmt': 's16p', 'compression_level': '7', 'reservoir': '1', 'b:a': '110k'}",156.1484375,-3.065,-1.278,0.512995395984035,1.083668931302717
"{'ar': '44100', 'sample_fmt': 's16p', 'compression_level': '8', 'reservoir': '1', 'b:a': '151k', 'abr': 'True'}",202.5986328125,-2.761,-0.895,0.5045594639959745,1.8392951956832966
"{'ar': '44100', 'sample_fmt': 's32p', 'compression_level': '9', 'reservoir': '1', 'b:a': '189k', 'abr': 'True'}",258.0068359375,-2.64,-0.758,0.503482272994006,2.0761021855565054
"{'ar': '44100', 'sample_fmt': 'fltp', 'compression_level': '7', 'reservoir': '1', 'b:a': '160k'}",223.037109375,-2.691,-0.815,0.5119250160059892,1.9944701540536423
"{'ar': '44100', 'sample_fmt': 's32p', 'compression_level': '7', 'reservoir': '1', 'b:a': '125k', 'abr': 'True'}",165.30859375,-2.981,-1.164,0.5235089890193194,1.2999523410251954
"{'ar': '44100', 'sample_fmt': 's32p', 'compression_level': '7', 'reservoir': '1', 'b:a': '146k', 'abr': 'True'}",195.5517578125,-2.795,-0.934,0.5053257689869497,1.7589622405034255
"{'ar': '44100', 'sample_fmt': 's16p', 'compression_level': '8', 'reservoir': '1', 'b:a': '170k'}",223.037109375,-2.689,-0.812,0.5176032529852819,1.9996567100524718
"{'ar': '44100', 'sample_fmt': 's32p', 'compression_level': '5', 'reservoir': '0', 'b:a': '159k'}",223.037109375,-2.67,-0.791,0.6226527849794365,2.042785641115042
"{'ar': '44100', 'sample_fmt': 's16p', 'compression_level': '1', 'reservoir': '0', 'b:a': '138k', 'abr': 'True'}",205.87109375,-2.877,-1.033,0.9889714530145284,1.4844631064234102
"{'ar': '44100', 'sample_fmt': 's32p', 'compression_level': '7', 'reservoir': '1', 'b:a': '281k', 'abr': 'True'}",386.671875,-2.596,-0.711,0.514775984978769,1.9873049956723938
"{'ar': '44100', 'sample_fmt': 'fltp', 'compression_level': '1', 'reservoir': '0', 'b:a': '32k'}",44.771484375,-3.13,-1.371,0.9220419990015216,1.050371785819742
"{'ar': '44100', 'sample_fmt': 'fltp', 'compression_level': '9', 'reservoir': '1', 'aq': '9'}",97.1474609375,-3.314,-1.668,0.49987890201737173,0.4756008786199396
"{'ar': '44100', 'sample_fmt': 's16p', 'compression_level': '8', 'reservoir': '1', 'b:a': '295k'}",445.9951171875,-2.585,-0.699,0.5396376290009357,1.9202222188907214
"{'ar': '44100', 'sample_fmt': 's16p', 'compression_level': '7', 'reservoir': '0', 'b:a': '138k', 'abr': 'True'}",206.6357421875,-2.848,-0.997,0.5476607329910621,1.5947862343200476
"{'ar': '44100', 'sample_fmt': 's32p', 'compression_level': '8', 'reservoir': '0', 'b:a': '148k'}",223.037109375,-2.706,-0.831,0.7040398039971478,1.9402739929172585
"{'ar': '44100', 'sample_fmt': 's32p', 'compression_level': '8', 'reservoir': '0', 'b:a': '123k'}",178.4443359375,-2.892,-1.051,0.5283651149948128,1.5216444394877366
"{'ar': '44100', 'sample_fmt': 's32p', 'compression_level': '7', 'reservoir': '1', 'b:a': '161k', 'abr': 'True'}",216.876953125,-2.712,-0.838,0.5239927739894483,1.947223496523146
"{'ar': '44100', 'sample_fmt': 's32p', 'compression_level': '8', 'reservoir': '1', 'b:a': '142k'}",178.4443359375,-2.916,-1.081,0.5523416019859724,1.4544900077149592
"{'ar': '44100', 'sample_fmt': 's32p', 'compression_level': '9', 'reservoir': '1', 'b:a': '148k'}",223.037109375,-2.692,-0.815,0.5486771029827651,1.9894237632828708
"{'ar': '44100', 'sample_fmt': 's16p', 'compression_level': '8', 'reservoir': '1', 'b:a': '282k'}",356.8115234375,-2.595,-0.709,0.5418835880118422,2.0359093552174548
"{'ar': '44100', 'sample_fmt': 's16p', 'compression_level': '5', 'reservoir': '1', 'b:a': '168k'}",223.037109375,-2.666,-0.787,0.6026061369921081,2.054848931769646
"{'ar': '44100', 'sample_fmt': 's16p', 'compression_level': '8', 'reservoir': '1', 'b:a': '295k'}",445.9951171875,-2.585,-0.699,0.517065581982024,1.9218905841016178
"{'ar': '44100', 'sample_fmt': 's16p', 'compression_level': '1', 'reservoir': '0', 'aq': '6'}",147.916015625,-3.069,-1.283,0.5874260959972162,1.080406684045393
"{'ar': '44100', 'sample_fmt': 's32p', 'compression_level': '9', 'reservoir': '1', 'b:a': '148k'}",223.037109375,-2.692,-0.815,0.5590630699880421,1.9886561064541124
"{'ar': '44100', 'sample_fmt': 's32p', 'compression_level': '8', 'reservoir': '1', 'b:a': '163k', 'abr': 'True'}",219.640625,-2.703,-0.829,0.520023356017191,1.9669155604875674
"{'ar': '44100', 'sample_fmt': 's32p', 'compression_level': '7', 'reservoir': '1', 'b:a': '163k'}",223.037109375,-2.692,-0.815,0.5152028449811041,1.9918979424064458
"{'ar': '44100', 'sample_fmt': 's16p', 'compression_level': '8', 'reservoir': '0', 'b:a': '123k'}",178.4443359375,-2.885,-1.043,0.5144789800106082,1.54150403597249
"{'ar': '44100', 'sample_fmt': 's32p', 'compression_level': '8', 'reservoir': '0', 'b:a': '210k'}",312.220703125,-2.606,-0.721,0.5142420580086764,2.0796895972372798
"{'ar': '44100', 'sample_fmt': 's16p', 'compression_level': '8', 'reservoir': '1', 'b:a': '295k'}",445.9951171875,-2.585,-0.699,0.5255848320084624,1.9212609017181315
"{'ar': '44100', 'sample_fmt': 's16p', 'compression_level': '1', 'reservoir': '1', 'aq': '6'}",137.603515625,-3.069,-1.283,0.5465667460230179,1.0998820079171034
"{'ar': '44100', 'sample_fmt': 's16p', 'compression_level': '8', 'reservoir': '0', 'b:a': '138k'}",178.4443359375,-2.885,-1.043,0.5108750209910795,1.541770414996273
"{'ar': '44100', 'sample_fmt': 's32p', 'compression_level': '8', 'reservoir': '1', 'b:a': '148k'}",223.037109375,-2.692,-0.815,0.5195512589707505,1.9915765385649236
"{'ar': '11025', 'sample_fmt': 'fltp', 'compression_level': '3', 'reservoir': '1', 'aq': '9'}",46.904296875,-3.834,-3.322,0.4885126360168215,-1.1767236520097775
"{'ar': '44100', 'sample_fmt': 'fltp', 'compression_level': '4', 'reservoir': '1', 'b:a': '163k', 'abr': 'True'}",218.4130859375,-2.674,-0.795,0.6595569040218834,2.0368547566124775
"{'ar': '44100', 'sample_fmt': 's32p', 'compression_level': '8', 'reservoir': '1', 'b:a': '148k'}",223.037109375,-2.692,-0.815,0.7120701240201015,1.9773469130187553
"{'ar': '44100', 'sample_fmt': 's16p', 'compression_level': '9', 'reservoir': '1', 'b:a': '295k'}",445.9951171875,-2.585,-0.699,0.5621183699695393,1.9185606023738069
"{'ar': '44100', 'sample_fmt': 's16p', 'compression_level': '8', 'reservoir': '1', 'b:a': '149k'}",223.037109375,-2.689,-0.812,0.5116387779999059,2.0000975616313528
"{'ar': '44100', 'sample_fmt': 's16p', 'compression_level': '1', 'reservoir': '0', 'aq': '6'}",147.916015625,-3.069,-1.283,0.5481151399726514,1.0833122703833764
"{'ar': '44100', 'sample_fmt': 's16p', 'compression_level': '8', 'reservoir': '1', 'b:a': '149k', 'abr': 'True'}",199.6796875,-2.773,-0.908,0.515792110003531,1.8110624027330449
"{'ar': '44100', 'sample_fmt': 'fltp', 'compression_level': '7', 'reservoir': '1', 'b:a': '162k'}",223.037109375,-2.691,-0.815,0.5129131629946642,1.9943971172547301
"{'ar': '44100', 'sample_fmt': 's32p', 'compression_level': '1', 'reservoir': '0', 'aq': '9'}",112.5185546875,-3.343,-1.721,0.5372299349983223,0.3640255526587416
"{'ar': '44100', 'sample_fmt': 's32p', 'compression_level': '7', 'reservoir': '1', 'b:a': '159k', 'abr': 'True'}",214.0595703125,-2.719,-0.846,0.5461372419958934,1.931249100823785
"{'ar': '44100', 'sample_fmt': 'fltp', 'compression_level': '1', 'reservoir': '0', 'b:a': '32k'}",44.771484375,-3.13,-1.371,0.9415098870231304,1.048932857968951
"{'ar': '44100', 'sample_fmt': 's16p', 'compression_level': '8', 'reservoir': '1', 'b:a': '242k'}",356.8115234375,-2.595,-0.709,0.5693785600014962,2.0338771223985312
"{'ar': '44100', 'sample_fmt': 's32p', 'compression_level': '4', 'reservoir': '1', 'b:a': '142k'}",178.4443359375,-2.838,-0.985,0.697520090994658,1.6557786046502003
"{'ar': '44100', 'sample_fmt': 'fltp', 'compression_level': '1', 'reservoir': '0', 'b:a': '32k'}",44.771484375,-3.13,-1.371,0.9130315139773302,1.0510377768012011
"{'ar': '44100', 'sample_fmt': 'fltp', 'compression_level': '1', 'reservoir': '0', 'b:a': '32k'}",44.771484375,-3.13,-1.371,0.9100663079880178,1.0512569437430195
"{'ar': '44100', 'sample_fmt': 's16p', 'compression_level': '8', 'reservoir': '1', 'b:a': '168k', 'abr': 'True'}",226.796875,-2.686,-0.809,0.5315697309852112,2.0005612711084035
"{'ar': '44100', 'sample_fmt': 's32p', 'compression_level': '7', 'reservoir': '1', 'b:a': '162k', 'abr': 'True'}",218.001953125,-2.706,-0.832,0.5448578189534601,1.9597585555566457
"{'ar': '44100', 'sample_fmt': 's16p', 'compression_level': '8', 'reservoir': '1', 'b:a': '295k'}",445.9951171875,-2.585,-0.699,0.5253846210252959,1.9212756998903517
"{'ar': '44100', 'sample_fmt': 's16p', 'compression_level': '8', 'reservoir': '1', 'b:a': '211k'}",312.220703125,-2.602,-0.717,0.5302859299990814,2.089085333286687
"{'ar': '44100', 'sample_fmt': 's32p', 'compression_level': '8', 'reservoir': '1', 'b:a': '210k'}",312.220703125,-2.6,-0.715,0.5204184169997461,2.0951054621732252
"{'ar': '44100', 'sample_fmt': 's32p', 'compression_level': '7', 'reservoir': '1', 'b:a': '161k', 'abr': 'True'}",216.876953125,-2.712,-0.838,0.5181558040203527,1.947654923837883
"{'ar': '48000', 'sample_fmt': 's16p', 'compression_level': '8', 'reservoir': '1', 'b:a': '211k'}",312.453125,-3.481,-2.003,0.5142203989962582,-0.3637929563946736
"{'ar': '44100', 'sample_fmt': 's16p', 'compression_level': '1', 'reservoir': '0', 'b:a': '32k'}",44.771484375,-3.131,-1.373,0.9237101530015934,1.0472876330838934
"{'ar': '44100', 'sample_fmt': 's16p', 'compression_level': '8', 'reservoir': '1', 'b:a': '185k'}",267.6279296875,-2.634,-0.752,0.5381496630143374,2.074060157291243
"{'ar': '44100', 'sample_fmt': 's32p', 'compression_level': '9', 'reservoir': '1', 'b:a': '148k'}",223.037109375,-2.692,-0.815,0.5341812599799596,1.9904951929209642
"{'ar': '44100', 'sample_fmt': 'fltp', 'compression_level': '3', 'reservoir': '1', 'b:a': '32k'}",44.771484375,-3.302,-1.648,0.6727756999898702,0.5806644910347593
"{'ar': '44100', 'sample_fmt': 's32p', 'compression_level': '8', 'reservoir': '1', 'b:a': '137k'}",178.4443359375,-2.916,-1.081,0.5143688390380703,1.457296684336305
"{'ar': '44100', 'sample_fmt': 's16p', 'compression_level': '7', 'reservoir': '1', 'b:a': '195k', 'abr': 'True'}",266.853515625,-2.62,-0.736,0.5390070969879162,2.112898951235695
"{'ar': '44100', 'sample_fmt': 's32p', 'compression_level': '8', 'reservoir': '1', 'b:a': '146k'}",223.037109375,-2.692,-0.815,0.5550907720171381,1.9889497104740057
"{'ar': '44100', 'sample_fmt': 's32p', 'compression_level': '9', 'reservoir': '1', 'b:a': '148k'}",223.037109375,-2.692,-0.815,0.5578695199801587,1.9887443251836299
"{'ar': '44100', 'sample_fmt': 'fltp', 'compression_level': '8', 'reservoir': '0', 'aq': '9'}",103.8740234375,-3.314,-1.668,0.5344620399991982,0.4623114012628787
"{'ar': '44100', 'sample_fmt': 's32p', 'compression_level': '8', 'reservoir': '1', 'b:a': '164k', 'abr': 'True'}",221.1787109375,-2.699,-0.824,0.5308932049956638,1.974554912641566
"{'ar': '48000', 'sample_fmt': 's16p', 'compression_level': '8', 'reservoir': '1', 'b:a': '295k'}",446.328125,-3.279,-1.607,0.5409410989959724,0.016181413004973014
"{'ar': '44100', 'sample_fmt': 's32p', 'compression_level': '9', 'reservoir': '1', 'b:a': '148k'}",223.037109375,-2.692,-0.815,0.6572684110142291,1.9813974659615134
"{'ar': '44100', 'sample_fmt': 's32p', 'compression_level': '7', 'reservoir': '1', 'b:a': '138k', 'abr': 'True'}",183.9091796875,-2.852,-1.002,0.5642521140107419,1.6189268454495573
"{'ar': '44100', 'sample_fmt': 's32p', 'compression_level': '8', 'reservoir': '1', 'b:a': '148k'}",223.037109375,-2.692,-0.815,0.5206104080425575,1.991498253796906
"{'ar': '48000', 'sample_fmt': 's32p', 'compression_level': '0', 'reservoir': '1', 'aq': '9'}",109.1796875,-3.337,-1.711,0.5690374439873267,0.3841364910774384
"{'ar': '44100', 'sample_fmt': 's16p', 'compression_level': '2', 'reservoir': '1', 'b:a': '150k', 'abr': 'True'}",200.14453125,-2.79,-0.929,0.815504250000231,1.7419345080006747
"{'ar': '44100', 'sample_fmt': 's32p', 'compression_level': '7', 'reservoir': '1', 'b:a': '162k', 'abr': 'True'}",218.001953125,-2.706,-0.832,0.5289422770147212,1.960934919244924
"{'ar': '44100', 'sample_fmt': 's32p', 'compression_level': '1', 'reservoir': '0', 'aq': '6'}",147.712890625,-3.079,-1.298,0.5558906209771521,1.0550304269922066
"{'ar': '44100', 'sample_fmt': 's16p', 'compression_level': '8', 'reservoir': '1', 'b:a': '169k', 'abr': 'True'}",228.224609375,-2.678,-0.8,0.5216327900125179,2.0204961822884213
"{'ar': '44100', 'sample_fmt': 's32p', 'compression_level': '6', 'reservoir': '1', 'b:a': '151k', 'abr': 'True'}",206.2265625,-2.695,-0.819,0.608935847034445,2.0035422129421665
"{'ar': '44100', 'sample_fmt': 's32p', 'compression_level': '9', 'reservoir': '1', 'b:a': '147k'}",223.037109375,-2.692,-0.815,0.5240173919883091,1.9912464337699314
"{'ar': '44100', 'sample_fmt': 's16p', 'compression_level': '8', 'reservoir': '1', 'b:a': '282k'}",356.8115234375,-2.595,-0.709,0.5266915209940635,2.0370322447840428
"{'ar': '44100', 'sample_fmt': 's32p', 'compression_level': '9', 'reservoir': '1', 'b:a': '148k'}",223.037109375,-2.692,-0.815,0.5268872170126997,1.9910343167108076
"{'ar': '44100', 'sample_fmt': 'fltp', 'compression_level': '5', 'reservoir': '1', 'b:a': '163k', 'abr': 'True'}",221.7890625,-2.673,-0.795,0.6434094099968206,2.0349912760708673
"{'ar': '44100', 'sample_fmt': 's32p', 'compression_level': '7', 'reservoir': '1', 'b:a': '161k', 'abr': 'True'}",216.876953125,-2.712,-0.838,0.5417109639674891,1.9459138939100267
"{'ar': '44100', 'sample_fmt': 's16p', 'compression_level': '8', 'reservoir': '1', 'b:a': '295k'}",445.9951171875,-2.585,-0.699,0.5274852739821654,1.92112043456105
"{'ar': '11025', 'sample_fmt': 'fltp', 'compression_level': '3', 'reservoir': '0', 'aq': '9'}",51.1103515625,-3.834,-3.322,0.4745296290202532,-1.1824015801640075
"{'ar': '44100', 'sample_fmt': 'fltp', 'compression_level': '4', 'reservoir': '1', 'b:a': '162k', 'abr': 'True'}",217.083984375,-2.675,-0.796,0.7043432759819552,2.0330198705401954
"{'ar': '44100', 'sample_fmt': 's32p', 'compression_level': '8', 'reservoir': '1', 'b:a': '136k'}",178.4443359375,-2.916,-1.081,0.512509514024714,1.4574341124200512
"{'ar': '44100', 'sample_fmt': 'fltp', 'compression_level': '4', 'reservoir': '1', 'b:a': '163k', 'abr': 'True'}",218.4130859375,-2.674,-0.795,0.6530460299982224,2.037335994122948
"{'ar': '44100', 'sample_fmt': 's16p', 'compression_level': '7', 'reservoir': '1', 'b:a': '211k'}",312.220703125,-2.602,-0.717,0.565377613005694,2.086491605607891
"{'ar': '44100', 'sample_fmt': 's32p', 'compression_level': '8', 'reservoir': '1', 'b:a': '148k'}",223.037109375,-2.692,-0.815,0.5365257950033993,1.9903219015634919
"{'ar': '44100', 'sample_fmt': 's32p', 'compression_level': '7', 'reservoir': '1', 'b:a': '162k', 'abr': 'True'}",218.001953125,-2.706,-0.832,0.5145858980249614,1.96199604069487
"{'ar': '44100', 'sample_fmt': 's32p', 'compression_level': '7', 'reservoir': '1', 'b:a': '144k', 'abr': 'True'}",192.5791015625,-2.807,-0.948,0.5206155269988813,1.73019982091663
"{'ar': '44100', 'sample_fmt': 's32p', 'compression_level': '8', 'reservoir': '1', 'b:a': '211k'}",312.220703125,-2.6,-0.715,0.5266818460077047,2.094642514038789
"{'ar': '44100', 'sample_fmt': 's16p', 'compression_level': '8', 'reservoir': '1', 'b:a': '109k'}",156.1484375,-3.065,-1.278,0.5190938049927354,1.0832181802732064
"{'ar': '44100', 'sample_fmt': 's32p', 'compression_level': '7', 'reservoir': '1', 'b:a': '161k', 'abr': 'True'}",216.876953125,-2.712,-0.838,0.5207412389863748,1.9474638268696403
"{'ar': '44100', 'sample_fmt': 's32p', 'compression_level': '7', 'reservoir': '1', 'b:a': '281k', 'abr': 'True'}",386.671875,-2.596,-0.711,0.5499548950465396,1.9847048207894888
"{'ar': '44100', 'sample_fmt': 'fltp', 'compression_level': '8', 'reservoir': '0', 'b:a': '138k'}",178.4443359375,-2.892,-1.051,0.5391436289937701,1.5208477683765185
"{'ar': '44100', 'sample_fmt': 's16p', 'compression_level': '8', 'reservoir': '1', 'b:a': '240k'}",312.220703125,-2.602,-0.717,0.557496851979522,2.0870740954246294
"{'ar': '44100', 'sample_fmt': 's32p', 'compression_level': '7', 'reservoir': '1', 'b:a': '168k', 'abr': 'True'}",226.8955078125,-2.684,-0.807,0.5220377409714274,2.0063992156336483
"{'ar': '44100', 'sample_fmt': 's16p', 'compression_level': '8', 'reservoir': '1', 'b:a': '168k'}",223.037109375,-2.689,-0.812,0.5662363370065577,1.9960620983005237
"{'ar': '44100', 'sample_fmt': 's16p', 'compression_level': '8', 'reservoir': '1', 'b:a': '282k'}",356.8115234375,-2.595,-0.709,0.5583534550096374,2.034692019762492
"{'ar': '44100', 'sample_fmt': 's16p', 'compression_level': '8', 'reservoir': '1', 'b:a': '211k'}",312.220703125,-2.602,-0.717,0.5262261489988305,2.0893854034300374
"{'ar': '44100', 'sample_fmt': 's16p', 'compression_level': '3', 'reservoir': '0', 'aq': '6'}",147.916015625,-3.069,-1.283,0.5711752210045233,1.0816078331685417
"{'ar': '44100', 'sample_fmt': 's16p', 'compression_level': '8', 'reservoir': '1', 'b:a': '211k'}",312.220703125,-2.602,-0.717,0.5703571260091849,2.086123555414868
"{'ar': '44100', 'sample_fmt': 's16p', 'compression_level': '6', 'reservoir': '1', 'b:a': '243k', 'abr': 'True'}",338.2529296875,-2.59,-0.704,0.6089518069929909,2.0737924218145674
"{'ar': '44100', 'sample_fmt': 's32p', 'compression_level': '7', 'reservoir': '1', 'b:a': '161k', 'abr': 'True'}",216.876953125,-2.712,-0.838,0.5252509350248147,1.9471305022059116
"{'ar': '44100', 'sample_fmt': 'fltp', 'compression_level': '1', 'reservoir': '0', 'b:a': '32k'}",44.771484375,-3.13,-1.371,0.9162785570370033,1.050797778467222
"{'ar': '44100', 'sample_fmt': 's32p', 'compression_level': '7', 'reservoir': '0', 'b:a': '205k'}",267.6279296875,-2.62,-0.736,0.5302536269882694,2.1123102403831537
"{'ar': '44100', 'sample_fmt': 's32p', 'compression_level': '6', 'reservoir': '1', 'b:a': '156k', 'abr': 'True'}",212.626953125,-2.677,-0.799,0.6116188240121119,2.041379078806899
"{'ar': '44100', 'sample_fmt': 's32p', 'compression_level': '8', 'reservoir': '0', 'b:a': '148k'}",223.037109375,-2.706,-0.831,0.5537203699641395,1.9513845365933464
"{'ar': '44100', 'sample_fmt': 's16p', 'compression_level': '8', 'reservoir': '1', 'b:a': '164k', 'abr': 'True'}",221.27734375,-2.7,-0.825,0.5457430160022341,1.9706545390719465
"{'ar': '44100', 'sample_fmt': 's32p', 'compression_level': '7', 'reservoir': '1', 'b:a': '163k', 'abr': 'True'}",219.640625,-2.703,-0.829,0.5269543880131096,1.9664032678874364
"{'ar': '44100', 'sample_fmt': 's32p', 'compression_level': '5', 'reservoir': '0', 'b:a': '284k'}",356.8115234375,-2.583,-0.696,0.599127835012041,2.063738480886266
"{'ar': '44100', 'sample_fmt': 's16p', 'compression_level': '9', 'reservoir': '0', 'aq': '9'}",103.8486328125,-3.315,-1.67,0.5344124339753762,0.4593947280550627
"{'ar': '44100', 'sample_fmt': 's32p', 'compression_level': '8', 'reservoir': '1', 'b:a': '164k', 'abr': 'True'}",221.1787109375,-2.699,-0.824,0.5542448879859876,1.9728289222834785
"{'ar': '44100', 'sample_fmt': 's32p', 'compression_level': '3', 'reservoir': '1', 'b:a': '141k'}",178.4443359375,-2.873,-1.028,0.6619695999834221,1.5632937082895657
"{'ar': '44100', 'sample_fmt': 's32p', 'compression_level': '8', 'reservoir': '1', 'b:a': '292k'}",445.9951171875,-2.585,-0.698,0.5455147660104558,1.9201032811223613
"{'ar': '44100', 'sample_fmt': 'fltp', 'compression_level': '5', 'reservoir': '1', 'b:a': '159k'}",223.037109375,-2.652,-0.771,0.6937858599994797,2.085776039259208
"{'ar': '44100', 'sample_fmt': 's16p', 'compression_level': '8', 'reservoir': '1', 'b:a': '211k'}",312.220703125,-2.602,-0.717,0.5943652800051495,2.084349043388061
"{'ar': '44100', 'sample_fmt': 's32p', 'compression_level': '7', 'reservoir': '1', 'b:a': '32k', 'abr': 'True'}",48.16796875,-3.35,-1.734,0.5370419500104617,0.446310875444912
"{'ar': '44100', 'sample_fmt': 's32p', 'compression_level': '7', 'reservoir': '1', 'b:a': '146k', 'abr': 'True'}",195.5517578125,-2.795,-0.934,0.5175474160059821,1.7580589032611575
"{'ar': '44100', 'sample_fmt': 's32p', 'compression_level': '8', 'reservoir': '1', 'b:a': '295k'}",445.9951171875,-2.585,-0.698,0.5787711049779318,1.91764520902422
"{'ar': '48000', 'sample_fmt': 's32p', 'compression_level': '7', 'reservoir': '1', 'b:a': '170k'}",223.203125,-3.589,-2.276,0.5701263469818514,-0.5632654922429136
"{'ar': '44100', 'sample_fmt': 'fltp', 'compression_level': '1', 'reservoir': '0', 'b:a': '32k'}",44.771484375,-3.13,-1.371,0.9510126250097528,1.048230483148809
"{'ar': '44100', 'sample_fmt': 's32p', 'compression_level': '7', 'reservoir': '0', 'b:a': '210k'}",312.220703125,-2.606,-0.721,0.5803347559995018,2.0748044949720845
"{'ar': '44100', 'sample_fmt': 's16p', 'compression_level': '8', 'reservoir': '1', 'aq': '9'}",97.146484375,-3.315,-1.67,0.5248841849970631,0.47079336952120254
"{'ar': '44100', 'sample_fmt': 's32p', 'compression_level': '8', 'reservoir': '1', 'b:a': '164k'}",223.037109375,-2.692,-0.815,0.517735146015184,1.991710772720629
"{'ar': '44100', 'sample_fmt': 'fltp', 'compression_level': '4', 'reservoir': '1', 'b:a': '162k', 'abr': 'True'}",217.083984375,-2.675,-0.796,0.6478075710183475,2.0371985878384433
"{'ar': '44100', 'sample_fmt': 's32p', 'compression_level': '1', 'reservoir': '0', 'b:a': '138k'}",178.4443359375,-2.938,-1.109,1.0465817819931544,1.3578678201849088
"{'ar': '44100', 'sample_fmt': 's32p', 'compression_level': '5', 'reservoir': '1', 'b:a': '240k'}",312.220703125,-2.595,-0.709,0.6170598519966006,2.10150485413034
"{'ar': '44100', 'sample_fmt': 's32p', 'compression_level': '8', 'reservoir': '1', 'b:a': '148k'}",223.037109375,-2.692,-0.815,0.5352819259569515,1.9904138395185327
"{'ar': '44100', 'sample_fmt': 's16p', 'compression_level': '8', 'reservoir': '1', 'b:a': '211k', 'abr': 'True'}",289.560546875,-2.609,-0.724,0.538580713007832,2.1061124775145457
"{'ar': '44100', 'sample_fmt': 's16p', 'compression_level': '1', 'reservoir': '0', 'b:a': '123k'}",178.4443359375,-2.925,-1.092,1.0227964959922247,1.395277844221213
"{'ar': '44100', 'sample_fmt': 's32p', 'compression_level': '1', 'reservoir': '0', 'b:a': '136k', 'abr': 'True'}",200.5908203125,-2.906,-1.068,1.0097581990121398,1.4127430018364477
"{'ar': '44100', 'sample_fmt': 's32p', 'compression_level': '9', 'reservoir': '1', 'b:a': '148k'}",223.037109375,-2.692,-0.815,0.519331552030053,1.9915927777396933
"{'ar': '44100', 'sample_fmt': 's32p', 'compression_level': '7', 'reservoir': '1', 'b:a': '189k', 'abr': 'True'}",258.0068359375,-2.64,-0.758,0.5201000159722753,2.0748739201605786
"{'ar': '44100', 'sample_fmt': 's32p', 'compression_level': '6', 'reservoir': '1', 'b:a': '145k', 'abr': 'True'}",197.703125,-2.722,-0.85,0.6302776599768549,1.9428777931720087
"{'ar': '32000', 'sample_fmt': 's16p', 'compression_level': '9', 'reservoir': '1', 'b:a': '32k'}",44.8671875,-3.423,-1.878,0.4988522699859459,0.2388890519238519
"{'ar': '44100', 'sample_fmt': 's32p', 'compression_level': '5', 'reservoir': '1', 'b:a': '164k', 'abr': 'True'}",223.013671875,-2.665,-0.786,0.634602240024833,2.055166801985427
"{'ar': '44100', 'sample_fmt': 's32p', 'compression_level': '1', 'reservoir': '0', 'aq': '9'}",112.5185546875,-3.343,-1.721,0.533595440996578,0.36429418861128243
"{'ar': '44100', 'sample_fmt': 's16p', 'compression_level': '7', 'reservoir': '1', 'b:a': '103k'}",133.853515625,-3.29,-1.627,0.5217425789742265,0.4842666215848728
"{'ar': '44100', 'sample_fmt': 's16p', 'compression_level': '9', 'reservoir': '1', 'b:a': '189k', 'abr': 'True'}",257.90625,-2.639,-0.757,0.5285748810274526,2.077053416064667
"{'ar': '44100', 'sample_fmt': 's16p', 'compression_level': '1', 'reservoir': '0', 'aq': '9'}",112.5185546875,-3.341,-1.719,0.5643792540358845,0.36730966053946545
"{'ar': '44100', 'sample_fmt': 'fltp', 'compression_level': '8', 'reservoir': '0', 'b:a': '123k'}",178.4443359375,-2.892,-1.051,0.5152218609873671,1.5226158953652484
"{'ar': '44100', 'sample_fmt': 'fltp', 'compression_level': '1', 'reservoir': '0', 'b:a': '56k'}",78.1376953125,-3.415,-1.862,0.9815154779935256,0.1738122851446988
"{'ar': '44100', 'sample_fmt': 's16p', 'compression_level': '8', 'reservoir': '1', 'b:a': '294k', 'abr': 'True'}",404.1865234375,-2.593,-0.707,0.6667229119921103,1.9563783018114376
"{'ar': '44100', 'sample_fmt': 's32p', 'compression_level': '8', 'reservoir': '1', 'b:a': '284k'}",356.8115234375,-2.604,-0.719,0.5738676250330172,2.009421298012944
"{'ar': '44100', 'sample_fmt': 's32p', 'compression_level': '5', 'reservoir': '1', 'b:a': '164k'}",223.037109375,-2.652,-0.771,0.7030242659966461,2.085093201980121
"{'ar': '44100', 'sample_fmt': 's32p', 'compression_level': '7', 'reservoir': '1', 'b:a': '123k', 'abr': 'True'}",162.359375,-3.041,-1.245,0.5889754639938474,1.1344710873763404
"{'ar': '44100', 'sample_fmt': 's32p', 'compression_level': '8', 'reservoir': '1', 'b:a': '148k'}",223.037109375,-2.692,-0.815,0.552187128982041,1.9891643271200086
"{'ar': '44100', 'sample_fmt': 's16p', 'compression_level': '3', 'reservoir': '1', 'b:a': '32k'}",44.771484375,-3.312,-1.666,0.5585366129816975,0.5601306022944558
"{'ar': '44100', 'sample_fmt': 's16p', 'compression_level': '9', 'reservoir': '1', 'b:a': '211k'}",312.220703125,-2.602,-0.717,0.5804294559929986,2.0853790804045342
"{'ar': '44100', 'sample_fmt': 's32p', 'compression_level': '9', 'reservoir': '1', 'b:a': '148k'}",223.037109375,-2.692,-0.815,0.5339732870052103,1.9905105648044086
"{'ar': '44100', 'sample_fmt': 's32p', 'compression_level': '5', 'reservoir': '1', 'b:a': '163k', 'abr': 'True'}",221.7880859375,-2.672,-0.794,0.6336190590227488,2.0383618637097527
"{'ar': '44100', 'sample_fmt': 's32p', 'compression_level': '5', 'reservoir': '1', 'b:a': '163k', 'abr': 'True'}",221.7880859375,-2.672,-0.794,0.6270334169676062,2.0388486275414515
"{'ar': '44100', 'sample_fmt': 'fltp', 'compression_level': '1', 'reservoir': '0', 'aq': '9'}",112.5185546875,-3.343,-1.721,0.5323579820105806,0.36438565278023527
"{'ar': '44100', 'sample_fmt': 's32p', 'compression_level': '8', 'reservoir': '1', 'b:a': '160k'}",223.037109375,-2.692,-0.815,0.5244497779931407,1.9912144748710536
"{'ar': '44100', 'sample_fmt': 's32p', 'compression_level': '7', 'reservoir': '1', 'b:a': '164k', 'abr': 'True'}",221.1787109375,-2.699,-0.824,0.5256964679865632,1.9749390184884525
"{'ar': '44100', 'sample_fmt': 's16p', 'compression_level': '8', 'reservoir': '1', 'b:a': '281k'}",356.8115234375,-2.595,-0.709,0.5366297379950993,2.0362976824517482
"{'ar': '44100', 'sample_fmt': 's32p', 'compression_level': '8', 'reservoir': '1', 'b:a': '161k', 'abr': 'True'}",216.876953125,-2.712,-0.838,0.5376619629969355,1.9462131672702363
"{'ar': '44100', 'sample_fmt': 'fltp', 'compression_level': '8', 'reservoir': '0', 'b:a': '138k', 'abr': 'True'}",207.1474609375,-2.852,-1.002,0.5351000810042024,1.5840010535096947
"{'ar': '44100', 'sample_fmt': 's16p', 'compression_level': '7', 'reservoir': '1', 'b:a': '141k', 'abr': 'True'}",187.6083984375,-2.817,-0.96,0.5591583540081047,1.708197704990433
"{'ar': '44100', 'sample_fmt': 'fltp', 'compression_level': '8', 'reservoir': '1', 'b:a': '148k'}",223.037109375,-2.691,-0.815,1.0884716160071548,1.9518559290745474
"{'ar': '44100', 'sample_fmt': 's32p', 'compression_level': '7', 'reservoir': '1', 'b:a': '156k', 'abr': 'True'}",209.6552734375,-2.74,-0.87,0.689822621003259,1.8711569835819053
"{'ar': '44100', 'sample_fmt': 's16p', 'compression_level': '8', 'reservoir': '1', 'b:a': '138k'}",178.4443359375,-2.914,-1.079,0.6596724170085508,1.4518476695650255
"{'ar': '44100', 'sample_fmt': 's32p', 'compression_level': '7', 'reservoir': '1', 'b:a': '164k', 'abr': 'True'}",221.1787109375,-2.699,-0.824,0.5618665720103309,1.9722655815964771
"{'ar': '44100', 'sample_fmt': 's16p', 'compression_level': '8', 'reservoir': '1', 'b:a': '282k'}",356.8115234375,-2.595,-0.709,0.708212743018521,2.0236154868085126
"{'ar': '44100', 'sample_fmt': 's16p', 'compression_level': '7', 'reservoir': '1', 'b:a': '100k', 'abr': 'True'}",130.658203125,-3.334,-1.705,0.5566135260160081,0.3596648355111584
"{'ar': '44100', 'sample_fmt': 's16p', 'compression_level': '8', 'reservoir': '1', 'b:a': '146k', 'abr': 'True'}",195.7080078125,-2.787,-0.925,0.5366033309837803,1.777879731306963
"{'ar': '44100', 'sample_fmt': 's16p', 'compression_level': '1', 'reservoir': '0', 'b:a': '130k', 'abr': 'True'}",187.7236328125,-2.963,-1.142,1.0741328629665077,1.2723662211761941
"{'ar': '44100', 'sample_fmt': 's32p', 'compression_level': '7', 'reservoir': '1', 'b:a': '283k', 'abr': 'True'}",389.513671875,-2.598,-0.712,0.5332473829912487,1.9764298324996565
"{'ar': '44100', 'sample_fmt': 's32p', 'compression_level': '9', 'reservoir': '1', 'b:a': '145k'}",223.037109375,-2.692,-0.815,0.5435648839920759,1.989801622158825
"{'ar': '44100', 'sample_fmt': 's32p', 'compression_level': '5', 'reservoir': '1', 'b:a': '147k'}",223.037109375,-2.652,-0.771,0.6523398749995977,2.0888394317573367
"{'ar': '44100', 'sample_fmt': 's32p', 'compression_level': '9', 'reservoir': '1', 'b:a': '146k'}",223.037109375,-2.692,-0.815,0.5185162650304846,1.9916530379573791
"{'ar': '44100', 'sample_fmt': 'fltp', 'compression_level': '8', 'reservoir': '0', 'b:a': '138k'}",178.4443359375,-2.892,-1.051,0.5201115109957755,1.5222544872058268
"{'ar': '44100', 'sample_fmt': 's32p', 'compression_level': '7', 'reservoir': '1', 'b:a': '281k', 'abr': 'True'}",386.671875,-2.596,-0.711,0.5392454430402722,1.9854963873292915
"{'ar': '44100', 'sample_fmt': 's16p', 'compression_level': '8', 'reservoir': '1', 'b:a': '239k'}",312.220703125,-2.602,-0.717,0.5422642379999161,2.088199981934315
"{'ar': '44100', 'sample_fmt': 'fltp', 'compression_level': '4', 'reservoir': '1', 'b:a': '162k', 'abr': 'True'}",217.083984375,-2.675,-0.796,0.6746735380147584,2.0352128465959076
"{'ar': '44100', 'sample_fmt': 's32p', 'compression_level': '8', 'reservoir': '0', 'b:a': '122k', 'abr': 'True'}",171.8701171875,-3.058,-1.268,0.5314513259800151,1.0766824212926787
"{'ar': '44100', 'sample_fmt': 's32p', 'compression_level': '8', 'reservoir': '1', 'b:a': '170k', 'abr': 'True'}",229.6513671875,-2.677,-0.798,0.5249209449975751,2.020937372962626
"{'ar': '44100', 'sample_fmt': 's16p', 'compression_level': '8', 'reservoir': '1', 'b:a': '164k', 'abr': 'True'}",221.27734375,-2.7,-0.825,0.5179861239739694,1.9727061311576697
"{'ar': '44100', 'sample_fmt': 's32p', 'compression_level': '8', 'reservoir': '1', 'b:a': '295k'}",445.9951171875,-2.585,-0.698,0.528665377991274,1.9213486680725367
"{'ar': '44100', 'sample_fmt': 's32p', 'compression_level': '8', 'reservoir': '0', 'b:a': '160k', 'abr': 'True'}",230.1689453125,-2.714,-0.841,0.5193751929909922,1.9207489828815918
"{'ar': '44100', 'sample_fmt': 's16p', 'compression_level': '1', 'reservoir': '0', 'b:a': '32k', 'abr': 'True'}",53.09375,-3.138,-1.383,0.9197200770431664,1.0148388574707972
"{'ar': '44100', 'sample_fmt': 'fltp', 'compression_level': '4', 'reservoir': '1', 'b:a': '162k', 'abr': 'True'}",217.083984375,-2.675,-0.796,0.6448583089804742,2.037416576316745
"{'ar': '44100', 'sample_fmt': 's32p', 'compression_level': '1', 'reservoir': '0', 'aq': '6'}",147.712890625,-3.079,-1.298,0.5764620359695982,1.0535099342746628
"{'ar': '44100', 'sample_fmt': 's32p', 'compression_level': '7', 'reservoir': '1', 'b:a': '124k', 'abr': 'True'}",163.5791015625,-3.027,-1.226,0.5338069250283297,1.175215318460154
"{'ar': '44100', 'sample_fmt': 's16p', 'compression_level': '8', 'reservoir': '1', 'b:a': '295k'}",445.9951171875,-2.585,-0.699,0.5403312940034084,1.9201709481062341
"{'ar': '44100', 'sample_fmt': 's32p', 'compression_level': '7', 'reservoir': '1', 'b:a': '139k', 'abr': 'True'}",185.037109375,-2.844,-0.992,0.5282732830091845,1.641580434099842
"{'ar': '44100', 'sample_fmt': 's16p', 'compression_level': '8', 'reservoir': '1', 'b:a': '151k', 'abr': 'True'}",202.5986328125,-2.761,-0.895,0.5183160940068774,1.8382784034131876
"{'ar': '44100', 'sample_fmt': 's16p', 'compression_level': '9', 'reservoir': '1', 'b:a': '295k'}",445.9951171875,-2.585,-0.699,0.5355001619900577,1.9205280310315698
"{'ar': '44100', 'sample_fmt': 's32p', 'compression_level': '5', 'reservoir': '1', 'b:a': '163k'}",223.037109375,-2.652,-0.771,0.6122031300328672,2.0918060545419257
"{'ar': '44100', 'sample_fmt': 's32p', 'compression_level': '9', 'reservoir': '1', 'b:a': '211k'}",312.220703125,-2.6,-0.715,0.5258917440078221,2.0947009127603833
"{'ar': '44100', 'sample_fmt': 's16p', 'compression_level': '8', 'reservoir': '1', 'b:a': '295k'}",445.9951171875,-2.585,-0.699,0.5388471530168317,1.9202806452545698
"{'ar': '44100', 'sample_fmt': 's16p', 'compression_level': '9', 'reservoir': '1', 'b:a': '295k'}",445.9951171875,-2.585,-0.699,0.5336611179809552,1.920663960087695
"{'ar': '44100', 'sample_fmt': 's32p', 'compression_level': '7', 'reservoir': '1', 'b:a': '145k', 'abr': 'True'}",193.97265625,-2.802,-0.942,0.5206351860251743,1.7415171616045624
"{'ar': '44100', 'sample_fmt': 'fltp', 'compression_level': '5', 'reservoir': '1', 'b:a': '160k'}",223.037109375,-2.652,-0.771,0.6299153729924001,2.0904968914901265
"{'ar': '44100', 'sample_fmt': 'fltp', 'compression_level': '2', 'reservoir': '0', 'b:a': '32k'}",44.771484375,-3.284,-1.616,0.6666527670167852,0.6331506048403429
"{'ar': '44100', 'sample_fmt': 's16p', 'compression_level': '7', 'reservoir': '1', 'b:a': '211k'}",312.220703125,-2.602,-0.717,0.5552563239762094,2.087239699322744
"{'ar': '44100', 'sample_fmt': 's32p', 'compression_level': '1', 'reservoir': '0', 'b:a': '136k'}",178.4443359375,-2.938,-1.109,1.0218239670211915,1.3596977418203915
"{'ar': '44100', 'sample_fmt': 's16p', 'compression_level': '8', 'reservoir': '1', 'b:a': '211k'}",312.220703125,-2.602,-0.717,0.533728666981915,2.0888308706494434
"{'ar': '44100', 'sample_fmt': 's32p', 'compression_level': '7', 'reservoir': '1', 'b:a': '163k', 'abr': 'True'}",219.640625,-2.703,-0.829,0.5126169549766928,1.9674629889872317
"{'ar': '44100', 'sample_fmt': 's16p', 'compression_level': '6', 'reservoir': '1', 'b:a': '157k', 'abr': 'True'}",214.0615234375,-2.692,-0.816,0.6095282049791422,1.9989326489240478
"{'ar': '44100', 'sample_fmt': 's16p', 'compression_level': '8', 'reservoir': '1', 'b:a': '286k'}",356.8115234375,-2.595,-0.709,0.5294522709737066,2.0368281897766187
"{'ar': '44100', 'sample_fmt': 's32p', 'compression_level': '3', 'reservoir': '1', 'b:a': '138k', 'abr': 'True'}",184.119140625,-2.828,-0.973,0.6645384980074596,1.6762461637589132
"{'ar': '44100', 'sample_fmt': 's32p', 'compression_level': '8', 'reservoir': '1', 'b:a': '146k', 'abr': 'True'}",195.5517578125,-2.795,-0.934,0.5103149310161825,1.758593477123032
"{'ar': '11025', 'sample_fmt': 'fltp', 'compression_level': '3', 'reservoir': '1', 'aq': '9'}",46.904296875,-3.834,-3.322,0.4679269170155749,-1.1752021020416157
"{'ar': '44100', 'sample_fmt': 's32p', 'compression_level': '1', 'reservoir': '1', 'aq': '5'}",164.3330078125,-2.878,-1.033,0.569498881988693,1.5794184518487708
"{'ar': '44100', 'sample_fmt': 's16p', 'compression_level': '2', 'reservoir': '1', 'b:a': '104k', 'abr': 'True'}",136.2451171875,-3.332,-1.702,0.686763432022417,0.3467364897916904
"{'ar': '44100', 'sample_fmt': 's16p', 'compression_level': '8', 'reservoir': '1', 'b:a': '240k'}",312.220703125,-2.602,-0.717,0.5319412790122442,2.0889629816584483
"{'ar': '44100', 'sample_fmt': 's16p', 'compression_level': '8', 'reservoir': '1', 'b:a': '287k'}",356.8115234375,-2.595,-0.709,0.5352067739877384,2.036402857832796
"{'ar': '44100', 'sample_fmt': 's16p', 'compression_level': '8', 'reservoir': '1', 'b:a': '240k'}",312.220703125,-2.602,-0.717,0.6454036469804123,2.0805766502235796
"{'ar': '44100', 'sample_fmt': 's32p', 'compression_level': '7', 'reservoir': '1', 'b:a': '145k', 'abr': 'True'}",193.97265625,-2.802,-0.942,0.5351490760222077,1.7404443980609838
"{'ar': '44100', 'sample_fmt': 's16p', 'compression_level': '8', 'reservoir': '1', 'b:a': '211k'}",312.220703125,-2.602,-0.717,0.5330857500084676,2.088878390500483
"{'ar': '44100', 'sample_fmt': 's16p', 'compression_level': '8', 'reservoir': '1', 'b:a': '247k'}",356.8115234375,-2.595,-0.709,0.5346908939827699,2.0364409880144567
"{'ar': '44100', 'sample_fmt': 's32p', 'compression_level': '8', 'reservoir': '0', 'b:a': '117k'}",156.1484375,-3.098,-1.324,0.5583127950085327,0.9889203559933486
"{'ar': '44100', 'sample_fmt': 'fltp', 'compression_level': '8', 'reservoir': '1', 'b:a': '142k'}",178.4443359375,-2.916,-1.081,0.5213386020041071,1.45678152901827
"{'ar': '44100', 'sample_fmt': 's16p', 'compression_level': '9', 'reservoir': '1', 'b:a': '303k'}",445.9951171875,-2.585,-0.699,0.5360872299934272,1.920484639139269
"{'ar': '44100', 'sample_fmt': 's32p', 'compression_level': '9', 'reservoir': '1', 'b:a': '148k'}",223.037109375,-2.692,-0.815,0.51669238996692,1.9917878458329132
"{'ar': '44100', 'sample_fmt': 's16p', 'compression_level': '8', 'reservoir': '1', 'b:a': '244k'}",356.8115234375,-2.595,-0.709,0.5413092229573522,2.035951808198102
"{'ar': '44100', 'sample_fmt': 'fltp', 'compression_level': '3', 'reservoir': '1', 'b:a': '32k'}",44.771484375,-3.302,-1.648,0.6624944390205201,0.581424408737883
"{'ar': '44100', 'sample_fmt': 's16p', 'compression_level': '1', 'reservoir': '0', 'aq': '6'}",147.916015625,-3.069,-1.283,0.6716936989978421,1.0741782220395284
"{'ar': '44100', 'sample_fmt': 's32p', 'compression_level': '7', 'reservoir': '1', 'b:a': '196k', 'abr': 'True'}",268.0751953125,-2.617,-0.733,0.7026627000013832,2.1067894904771425
"{'ar': '44100', 'sample_fmt': 's16p', 'compression_level': '8', 'reservoir': '1', 'b:a': '282k'}",356.8115234375,-2.595,-0.709,0.6093603780027479,2.0309219507135796
"{'ar': '32000', 'sample_fmt': 's16p', 'compression_level': '9', 'reservoir': '0', 'b:a': '32k', 'abr': 'True'}",51.1953125,-3.437,-1.907,0.48197554200305603,0.18827147099156102
"{'ar': '44100', 'sample_fmt': 's16p', 'compression_level': '8', 'reservoir': '1', 'b:a': '295k', 'abr': 'True'}",405.4072265625,-2.591,-0.705,0.5665918209997471,1.9671222397666124
"{'ar': '44100', 'sample_fmt': 'fltp', 'compression_level': '8', 'reservoir': '0', 'b:a': '139k'}",178.4443359375,-2.892,-1.051,0.5769898770086002,1.5180504428394062
"{'ar': '44100', 'sample_fmt': 'fltp', 'compression_level': '5', 'reservoir': '1', 'b:a': '190k'}",267.6279296875,-2.616,-0.732,0.5940860319824424,2.1181737878864153
"{'ar': '44100', 'sample_fmt': 's32p', 'compression_level': '7', 'reservoir': '1', 'b:a': '292k', 'abr': 'True'}",401.3291015625,-2.593,-0.707,0.5274860179924872,1.9712291898878953
"{'ar': '44100', 'sample_fmt': 's16p', 'compression_level': '7', 'reservoir': '1', 'b:a': '295k'}",445.9951171875,-2.585,-0.699,0.5288033849792555,1.9210230091689355
"{'ar': '44100', 'sample_fmt': 's32p', 'compression_level': '7', 'reservoir': '1', 'b:a': '189k', 'abr': 'True'}",258.0068359375,-2.64,-0.758,0.5210627470223699,2.074802761927119
"{'ar': '44100', 'sample_fmt': 's32p', 'compression_level': '8', 'reservoir': '0', 'b:a': '148k'}",223.037109375,-2.706,-0.831,0.5132667729631066,1.9543745788272475
"{'ar': '44100', 'sample_fmt': 's32p', 'compression_level': '8', 'reservoir': '1', 'b:a': '289k'}",445.9951171875,-2.585,-0.698,0.5448378160072025,1.9201533164529627
"{'ar': '32000', 'sample_fmt': 's32p', 'compression_level': '9', 'reservoir': '1', 'b:a': '148k'}",223.671875,-3.202,-1.481,0.5071049559919629,0.593120010749478
"{'ar': '44100', 'sample_fmt': 's16p', 'compression_level': '9', 'reservoir': '0', 'b:a': '148k'}",223.037109375,-2.705,-0.83,0.5298339109867811,1.9557954500353683
"{'ar': '44100', 'sample_fmt': 's16p', 'compression_level': '1', 'reservoir': '0', 'aq': '6'}",147.916015625,-3.069,-1.283,0.5588694759935606,1.0825173863363715
"{'ar': '44100', 'sample_fmt': 's32p', 'compression_level': '8', 'reservoir': '1', 'b:a': '161k', 'abr': 'True'}",216.876953125,-2.712,-0.838,0.5237211000057869,1.9472435767322058
"{'ar': '11025', 'sample_fmt': 'fltp', 'compression_level': '3', 'reservoir': '1', 'aq': '9'}",46.904296875,-3.834,-3.322,0.47400980998645537,-1.1756517062359415
"{'ar': '44100', 'sample_fmt': 's32p', 'compression_level': '2', 'reservoir': '1', 'aq': '6'}",137.603515625,-3.079,-1.298,0.5645039530063514,1.0705249626259556
"{'ar': '44100', 'sample_fmt': 'fltp', 'compression_level': '1', 'reservoir': '0', 'b:a': '146k'}",223.037109375,-2.686,-0.809,1.033095951017458,1.969491344103316
"{'ar': '32000', 'sample_fmt': 's16p', 'compression_level': '9', 'reservoir': '1', 'b:a': '152k'}",223.671875,-3.204,-1.485,0.4926620960177388,0.5882658149507868
"{'ar': '44100', 'sample_fmt': 's32p', 'compression_level': '7', 'reservoir': '1', 'b:a': '146k'}",223.037109375,-2.692,-0.815,0.521273934020428,1.9914492106748056
"{'ar': '44100', 'sample_fmt': 's32p', 'compression_level': '5', 'reservoir': '1', 'b:a': '165k'}",223.037109375,-2.652,-0.771,0.6294022420188412,2.0905348184829333
"{'ar': '44100', 'sample_fmt': 's32p', 'compression_level': '8', 'reservoir': '1', 'b:a': '148k'}",223.037109375,-2.692,-0.815,0.5379567219933961,1.9902161376153908
"{'ar': '44100', 'sample_fmt': 's16p', 'compression_level': '7', 'reservoir': '1', 'b:a': '138k', 'abr': 'True'}",183.8095703125,-2.848,-0.997,0.5625589930277783,1.6301079754584282
"{'ar': '44100', 'sample_fmt': 's16p', 'compression_level': '8', 'reservoir': '1', 'b:a': '109k'}",156.1484375,-3.065,-1.278,0.5184337300015613,1.0832669683229095
"{'ar': '44100', 'sample_fmt': 's32p', 'compression_level': '8', 'reservoir': '1', 'b:a': '118k'}",156.1484375,-3.068,-1.283,0.5233124609803781,1.074339261666806
"{'ar': '44100', 'sample_fmt': 'fltp', 'compression_level': '7', 'reservoir': '0', 'b:a': '163k'}",223.037109375,-2.705,-0.83,0.5435599760094192,1.954780916911851
"{'ar': '44100', 'sample_fmt': 's16p', 'compression_level': '9', 'reservoir': '1', 'b:a': '160k'}",223.037109375,-2.689,-0.812,0.5416856999800075,1.9978767068154772
"{'ar': '44100', 'sample_fmt': 's32p', 'compression_level': '8', 'reservoir': '1', 'b:a': '146k', 'abr': 'True'}",195.5517578125,-2.795,-0.934,0.594118016975699,1.7523993489137701
"{'ar': '44100', 'sample_fmt': 'fltp', 'compression_level': '1', 'reservoir': '0', 'b:a': '32k'}",44.771484375,-3.13,-1.371,0.9730441940191668,1.046602066229157
"{'ar': '44100', 'sample_fmt': 's32p', 'compression_level': '9', 'reservoir': '1', 'b:a': '148k'}",223.037109375,-2.692,-0.815,0.5399229260219727,1.9900708097948323
"{'ar': '44100', 'sample_fmt': 's32p', 'compression_level': '7', 'reservoir': '1', 'b:a': '161k', 'abr': 'True'}",216.876953125,-2.712,-0.838,0.5409927589935251,1.9459669785147085
"{'ar': '44100', 'sample_fmt': 's16p', 'compression_level': '8', 'reservoir': '1', 'b:a': '151k', 'abr': 'True'}",202.5986328125,-2.761,-0.895,0.5290370279981289,1.8374859882067007
"{'ar': '11025', 'sample_fmt': 's16p', 'compression_level': '1', 'reservoir': '0', 'aq': '7'}",54.853515625,-3.839,-3.357,0.4835139360220637,-1.2117292041460241
"{'ar': '11025', 'sample_fmt': 'fltp', 'compression_level': '3', 'reservoir': '0', 'aq': '4'}",73.6708984375,-3.846,-3.414,0.4809328510018531,-1.275855354590443
"{'ar': '44100', 'sample_fmt': 's16p', 'compression_level': '8', 'reservoir': '1', 'b:a': '295k'}",445.9951171875,-2.585,-0.699,0.5459566210047342,1.9197551639347292
"{'ar': '48000', 'sample_fmt': 's32p', 'compression_level': '7', 'reservoir': '1', 'b:a': '281k', 'abr': 'True'}",387.078125,-3.394,-1.818,0.5226188550004736,-0.2224257844732112
"{'ar': '44100', 'sample_fmt': 's16p', 'compression_level': '8', 'reservoir': '1', 'b:a': '211k', 'abr': 'True'}",289.560546875,-2.609,-0.724,0.5280180799891241,2.106893192238785
"{'ar': '44100', 'sample_fmt': 's32p', 'compression_level': '7', 'reservoir': '1', 'b:a': '145k', 'abr': 'True'}",193.97265625,-2.802,-0.942,0.5169672839983832,1.7417882668407576
"{'ar': '44100', 'sample_fmt': 'fltp', 'compression_level': '8', 'reservoir': '1', 'b:a': '138k'}",178.4443359375,-2.916,-1.081,0.5390671850182116,1.4554711582258275
"{'ar': '44100', 'sample_fmt': 's32p', 'compression_level': '2', 'reservoir': '1', 'b:a': '146k', 'abr': 'True'}",194.990234375,-2.812,-0.954,0.7432522469898686,1.6963542987653326
"{'ar': '44100', 'sample_fmt': 'fltp', 'compression_level': '5', 'reservoir': '0', 'b:a': '162k'}",223.037109375,-2.67,-0.792,0.6356023910047952,2.0415130399109924
"{'ar': '44100', 'sample_fmt': 's16p', 'compression_level': '8', 'reservoir': '1', 'b:a': '297k'}",445.9951171875,-2.585,-0.699,0.699037014041096,1.9084405498016712
"{'ar': '44100', 'sample_fmt': 's32p', 'compression_level': '7', 'reservoir': '1', 'b:a': '138k', 'abr': 'True'}",183.9091796875,-2.852,-1.002,0.5262028030119836,1.6217391799585066
"{'ar': '44100', 'sample_fmt': 's16p', 'compression_level': '2', 'reservoir': '0', 'aq': '9'}",112.5185546875,-3.341,-1.719,0.5596059569797944,0.36766246871601155
"{'ar': '44100', 'sample_fmt': 's32p', 'compression_level': '7', 'reservoir': '1', 'b:a': '249k', 'abr': 'True'}",343.53515625,-2.603,-0.718,0.5751861539902166,2.0331538672090517
"{'ar': '44100', 'sample_fmt': 's16p', 'compression_level': '8', 'reservoir': '1', 'b:a': '240k'}",312.220703125,-2.602,-0.717,0.5676373400201555,2.086324582655392
"{'ar': '44100', 'sample_fmt': 's16p', 'compression_level': '8', 'reservoir': '1', 'b:a': '213k'}",312.220703125,-2.602,-0.717,0.5538641789753456,2.0873425967819785
"{'ar': '44100', 'sample_fmt': 'fltp', 'compression_level': '1', 'reservoir': '0', 'b:a': '32k'}",44.771484375,-3.13,-1.371,0.9402253059961367,1.0490278050641
"{'ar': '44100', 'sample_fmt': 's32p', 'compression_level': '8', 'reservoir': '0', 'b:a': '32k'}",44.771484375,-3.303,-1.649,0.5336052820202895,0.5883055824759357
"{'ar': '44100', 'sample_fmt': 's32p', 'compression_level': '8', 'reservoir': '1', 'b:a': '148k'}",223.037109375,-2.692,-0.815,0.5587112249922939,1.9886821123343077
"{'ar': '44100', 'sample_fmt': 's16p', 'compression_level': '1', 'reservoir': '0', 'aq': '6'}",147.916015625,-3.069,-1.283,0.5940560499730054,1.0799166449916118
"{'ar': '44100', 'sample_fmt': 's32p', 'compression_level': '8', 'reservoir': '1', 'b:a': '210k'}",312.220703125,-2.6,-0.715,0.5958565410110168,2.0895296124698173
"{'ar': '32000', 'sample_fmt': 's32p', 'compression_level': '8', 'reservoir': '0', 'b:a': '144k', 'abr': 'True'}",226.1328125,-3.249,-1.558,0.5689202089852188,0.4508268601360325
"{'ar': '44100', 'sample_fmt': 's16p', 'compression_level': '8', 'reservoir': '1', 'b:a': '295k'}",445.9951171875,-2.585,-0.699,0.5902719210134819,1.9164796920741978
"{'ar': '44100', 'sample_fmt': 's32p', 'compression_level': '8', 'reservoir': '1', 'b:a': '211k'}",312.220703125,-2.6,-0.715,0.5676566010224633,2.0916139515103507
"{'ar': '44100', 'sample_fmt': 's16p', 'compression_level': '7', 'reservoir': '1', 'b:a': '162k', 'abr': 'True'}",217.9013671875,-2.704,-0.829,0.5604311710048933,1.9643742364317422
"{'ar': '44100', 'sample_fmt': 's32p', 'compression_level': '7', 'reservoir': '1', 'b:a': '163k', 'abr': 'True'}",219.640625,-2.703,-0.829,0.5628074489650317,1.9637532645649098
"{'ar': '44100', 'sample_fmt': 's32p', 'compression_level': '8', 'reservoir': '1', 'b:a': '148k'}",223.037109375,-2.692,-0.815,0.5608884649991523,1.988521186234864
"{'ar': '44100', 'sample_fmt': 's32p', 'compression_level': '8', 'reservoir': '0', 'b:a': '256k'}",356.8115234375,-2.606,-0.721,0.5589171139872633,2.005235540988441
"{'ar': '44100', 'sample_fmt': 's16p', 'compression_level': '1', 'reservoir': '0', 'aq': '6'}",147.916015625,-3.069,-1.283,0.5954564219864551,1.0798131394501076
"{'ar': '44100', 'sample_fmt': 's32p', 'compression_level': '8', 'reservoir': '1', 'b:a': '148k'}",223.037109375,-2.692,-0.815,0.5608167209720705,1.9885264890431902
"{'ar': '44100', 'sample_fmt': 's32p', 'compression_level': '7', 'reservoir': '1', 'b:a': '145k', 'abr': 'True'}",193.97265625,-2.802,-0.942,0.5526314140006434,1.7391522279505849
"{'ar': '44100', 'sample_fmt': 's16p', 'compression_level': '7', 'reservoir': '1', 'b:a': '169k', 'abr': 'True'}",228.224609375,-2.678,-0.8,0.5517947580083273,2.018266824089131
"{'ar': '32000', 'sample_fmt': 's16p', 'compression_level': '8', 'reservoir': '1', 'b:a': '296k'}",447.265625,-3.176,-1.441,0.5391297879978083,0.30716904969447173
"{'ar': '44100', 'sample_fmt': 's32p', 'compression_level': '5', 'reservoir': '1', 'b:a': '163k'}",223.037109375,-2.652,-0.771,0.6478945609705988,2.0891679977607334
"{'ar': '44100', 'sample_fmt': 's32p', 'compression_level': '1', 'reservoir': '0', 'b:a': '136k'}",178.4443359375,-2.938,-1.109,1.0645649290236179,1.3565386338305243
"{'ar': '44100', 'sample_fmt': 's32p', 'compression_level': '8', 'reservoir': '1', 'b:a': '162k', 'abr': 'True'}",218.001953125,-2.706,-0.832,0.5454561469960026,1.9597143314023169
"{'ar': '44100', 'sample_fmt': 'fltp', 'compression_level': '1', 'reservoir': '0', 'aq': '9'}",112.5185546875,-3.343,-1.721,0.5587546890019439,0.3624345959004706
"{'ar': '44100', 'sample_fmt': 's16p', 'compression_level': '8', 'reservoir': '1', 'b:a': '211k'}",312.220703125,-2.602,-0.717,0.5530428759811912,2.0874033016592057
"{'ar': '44100', 'sample_fmt': 's32p', 'compression_level': '6', 'reservoir': '1', 'b:a': '156k', 'abr': 'True'}",212.626953125,-2.677,-0.799,0.6428451789543033,2.0390710486931476
"{'ar': '48000', 'sample_fmt': 's32p', 'compression_level': '7', 'reservoir': '1', 'b:a': '168k', 'abr': 'True'}",225.359375,-3.589,-2.276,0.5334241619857494,-0.56399337951856
"{'ar': '44100', 'sample_fmt': 'fltp', 'compression_level': '5', 'reservoir': '1', 'b:a': '162k', 'abr': 'True'}",220.3583984375,-2.675,-0.796,0.6271207210083958,2.033502746062323
"{'ar': '44100', 'sample_fmt': 's32p', 'compression_level': '8', 'reservoir': '1', 'b:a': '163k', 'abr': 'True'}",219.640625,-2.703,-0.829,0.5271893739991356,1.9663858993942815
"{'ar': '44100', 'sample_fmt': 'fltp', 'compression_level': '4', 'reservoir': '1', 'b:a': '162k', 'abr': 'True'}",217.083984375,-2.675,-0.796,0.6672805550333578,2.0357592833280562
"{'ar': '48000', 'sample_fmt': 's32p', 'compression_level': '1', 'reservoir': '0', 'aq': '9'}",119.6796875,-3.337,-1.711,0.5809903919871431,0.36649853577888436
"{'ar': '44100', 'sample_fmt': 'fltp', 'compression_level': '0', 'reservoir': '0', 'b:a': '32k'}",44.771484375,-3.13,-1.371,0.9424953309935518,1.0488600209579275
"{'ar': '44100', 'sample_fmt': 's32p', 'compression_level': '7', 'reservoir': '1', 'b:a': '123k', 'abr': 'True'}",162.359375,-3.041,-1.245,0.5891037309775129,1.1344616067929856
"{'ar': '44100', 'sample_fmt': 's32p', 'compression_level': '9', 'reservoir': '1', 'b:a': '148k'}",223.037109375,-2.692,-0.815,0.5597055800026283,1.9886086166825783
"{'ar': '44100', 'sample_fmt': 'fltp', 'compression_level': '7', 'reservoir': '1', 'b:a': '113k'}",156.1484375,-3.068,-1.283,0.5247839360090438,1.0742305006960142
"{'ar': '44100', 'sample_fmt': 's32p', 'compression_level': '8', 'reservoir': '0', 'b:a': '242k'}",356.8115234375,-2.606,-0.721,0.5371460079913959,2.006844706334225
"{'ar': '44100', 'sample_fmt': 's32p', 'compression_level': '9', 'reservoir': '1', 'b:a': '148k'}",223.037109375,-2.692,-0.815,0.5414818130084313,1.9899555879536874
"{'ar': '44100', 'sample_fmt': 's32p', 'compression_level': '9', 'reservoir': '1', 'b:a': '161k'}",223.037109375,-2.692,-0.815,0.5431883870041929,1.989829450138984
"{'ar': '44100', 'sample_fmt': 's16p', 'compression_level': '8', 'reservoir': '1', 'b:a': '211k'}",312.220703125,-2.602,-0.717,0.5629333480028436,2.086672268296284
"{'ar': '44100', 'sample_fmt': 's16p', 'compression_level': '8', 'reservoir': '1', 'b:a': '151k'}",223.037109375,-2.689,-0.812,0.5302961890120059,1.998718538477985
"{'ar': '32000', 'sample_fmt': 's16p', 'compression_level': '8', 'reservoir': '1', 'b:a': '210k'}",313.109375,-3.179,-1.445,0.5282858500140719,0.51378728931531
"{'ar': '48000', 'sample_fmt': 's32p', 'compression_level': '8', 'reservoir': '1', 'b:a': '176k'}",223.203125,-3.588,-2.274,0.5554080609872472,-0.559216766546578
"{'ar': '44100', 'sample_fmt': 'fltp', 'compression_level': '8', 'reservoir': '0', 'b:a': '142k', 'abr': 'True'}",221.7060546875,-2.809,-0.951,0.5462205699877813,1.676224179089532
"{'ar': '44100', 'sample_fmt': 's16p', 'compression_level': '1', 'reservoir': '0', 'aq': '6'}",147.916015625,-3.069,-1.283,0.5868681819993071,1.0804479210809177
"{'ar': '44100', 'sample_fmt': 's32p', 'compression_level': '7', 'reservoir': '0', 'b:a': '146k'}",223.037109375,-2.706,-0.831,0.5243829670071136,1.9535529488082664
"{'ar': '44100', 'sample_fmt': 'fltp', 'compression_level': '1', 'reservoir': '0', 'b:a': '32k'}",44.771484375,-3.13,-1.371,0.9195312000229023,1.0505573662265157
"{'ar': '44100', 'sample_fmt': 'fltp', 'compression_level': '4', 'reservoir': '1', 'b:a': '144k', 'abr': 'True'}",193.609375,-2.716,-0.843,0.6646638060046826,1.963056301638344
"{'ar': '44100', 'sample_fmt': 's16p', 'compression_level': '7', 'reservoir': '1', 'b:a': '138k', 'abr': 'True'}",183.8095703125,-2.848,-0.997,0.5437648340302985,1.6314971060504913
"{'ar': '44100', 'sample_fmt': 'fltp', 'compression_level': '5', 'reservoir': '1', 'b:a': '160k'}",223.037109375,-2.652,-0.771,0.6362506879959255,2.090028630054064
"{'ar': '44100', 'sample_fmt': 'fltp', 'compression_level': '1', 'reservoir': '1', 'b:a': '32k'}",44.771484375,-3.12,-1.357,1.1086472560127731,1.064295048219406
"{'ar': '44100', 'sample_fmt': 's16p', 'compression_level': '8', 'reservoir': '1', 'b:a': '295k'}",445.9951171875,-2.585,-0.699,0.6404333889950067,1.9127721130479023
"{'ar': '44100', 'sample_fmt': 's32p', 'compression_level': '8', 'reservoir': '1', 'b:a': '164k', 'abr': 'True'}",221.1787109375,-2.699,-0.824,0.537159537023399,1.9740917499365513
"{'ar': '44100', 'sample_fmt': 's32p', 'compression_level': '8', 'reservoir': '0', 'b:a': '136k'}",178.4443359375,-2.892,-1.051,0.5728199080331251,1.5183586572943633
"{'ar': '44100', 'sample_fmt': 's32p', 'compression_level': '8', 'reservoir': '1', 'b:a': '281k', 'abr': 'True'}",386.671875,-2.596,-0.711,0.5827968399971724,1.9822773777504101
"{'ar': '44100', 'sample_fmt': 'fltp', 'compression_level': '8', 'reservoir': '0', 'aq': '9'}",103.8740234375,-3.314,-1.668,0.5841851179720834,0.45863622490872913
"{'ar': '44100', 'sample_fmt': 's32p', 'compression_level': '7', 'reservoir': '1', 'b:a': '170k'}",223.037109375,-2.692,-0.815,0.5446721100306604,1.9897197838832879
"{'ar': '44100', 'sample_fmt': 's32p', 'compression_level': '1', 'reservoir': '1', 'b:a': '137k', 'abr': 'True'}",181.6083984375,-2.893,-1.053,1.0804398389882408,1.4728293643684263
"{'ar': '44100', 'sample_fmt': 's32p', 'compression_level': '7', 'reservoir': '1', 'b:a': '167k', 'abr': 'True'}",225.26171875,-2.687,-0.81,0.549600776983425,1.9990327426521473
"{'ar': '44100', 'sample_fmt': 's16p', 'compression_level': '8', 'reservoir': '1', 'b:a': '238k'}",312.220703125,-2.602,-0.717,0.5448308640043251,2.0880102751907685
"{'ar': '44100', 'sample_fmt': 's16p', 'compression_level': '7', 'reservoir': '1', 'b:a': '148k', 'abr': 'True'}",198.4150390625,-2.775,-0.911,0.5298726070031989,1.8064333763708502
"{'ar': '44100', 'sample_fmt': 's16p', 'compression_level': '8', 'reservoir': '1', 'b:a': '295k'}",445.9951171875,-2.585,-0.699,0.5482341829920188,1.9195868227478594
"{'ar': '44100', 'sample_fmt': 's16p', 'compression_level': '8', 'reservoir': '1', 'b:a': '239k'}",312.220703125,-2.602,-0.717,0.5427803499915171,2.0881618346058524
"{'ar': '44100', 'sample_fmt': 's32p', 'compression_level': '7', 'reservoir': '1', 'b:a': '145k', 'abr': 'True'}",193.97265625,-2.802,-0.942,0.5379235029686242,1.7402393321494296
"{'ar': '44100', 'sample_fmt': 'fltp', 'compression_level': '1', 'reservoir': '0', 'b:a': '32k'}",44.771484375,-3.13,-1.371,0.9300013649917673,1.0497834860830018
"{'ar': '44100', 'sample_fmt': 's32p', 'compression_level': '7', 'reservoir': '1', 'b:a': '281k', 'abr': 'True'}",386.671875,-2.596,-0.711,0.5535866979917046,1.9844363837407148
"{'ar': '44100', 'sample_fmt': 'fltp', 'compression_level': '1', 'reservoir': '0', 'b:a': '38k', 'abr': 'True'}",61.7548828125,-3.163,-1.421,0.9322323820088059,0.9298579083213576
"{'ar': '11025', 'sample_fmt': 's16p', 'compression_level': '7', 'reservoir': '1', 'b:a': '100k', 'abr': 'True'}",88.5517578125,-3.849,-3.438,0.47213821500190534,-1.3135109935786193
"{'ar': '44100', 'sample_fmt': 's32p', 'compression_level': '7', 'reservoir': '1', 'b:a': '215k'}",312.220703125,-2.6,-0.715,0.5361605900106952,2.0939419126833014
"{'ar': '44100', 'sample_fmt': 's16p', 'compression_level': '7', 'reservoir': '1', 'b:a': '295k'}",445.9951171875,-2.585,-0.699,0.5557191359985154,1.919033588245434
"{'ar': '44100', 'sample_fmt': 's16p', 'compression_level': '7', 'reservoir': '1', 'b:a': '138k', 'abr': 'True'}",183.8095703125,-2.848,-0.997,0.6042987270047888,1.627022871124693
"{'ar': '44100', 'sample_fmt': 's32p', 'compression_level': '1', 'reservoir': '1', 'aq': '6'}",137.603515625,-3.079,-1.298,0.5708879450103268,1.0700531033321508
"{'ar': '44100', 'sample_fmt': 's32p', 'compression_level': '7', 'reservoir': '1', 'b:a': '168k', 'abr': 'True'}",226.8955078125,-2.684,-0.807,0.5306576349830721,2.005762094362432
"{'ar': '44100', 'sample_fmt': 's16p', 'compression_level': '8', 'reservoir': '1', 'b:a': '100k'}",133.853515625,-3.29,-1.627,0.543302140024025,0.4826730921372535
"{'ar': '44100', 'sample_fmt': 's32p', 'compression_level': '9', 'reservoir': '1', 'b:a': '119k'}",156.1484375,-3.068,-1.283,0.5413834259961732,1.0730035844313996
"{'ar': '44100', 'sample_fmt': 's16p', 'compression_level': '8', 'reservoir': '1', 'b:a': '295k'}",445.9951171875,-2.585,-0.699,0.5670805730042048,1.9181938316105924
"{'ar': '44100', 'sample_fmt': 's16p', 'compression_level': '8', 'reservoir': '1', 'b:a': '148k'}",223.037109375,-2.689,-0.812,0.5272061410360038,1.9989469328517362
"{'ar': '44100', 'sample_fmt': 'fltp', 'compression_level': '1', 'reservoir': '1', 'b:a': '32k'}",44.771484375,-3.12,-1.357,0.9244139149668626,1.0779122667477345
"{'ar': '44100', 'sample_fmt': 's16p', 'compression_level': '8', 'reservoir': '1', 'b:a': '241k'}",356.8115234375,-2.595,-0.709,0.5558389789948706,2.0348778719496305
"{'ar': '44100', 'sample_fmt': 's16p', 'compression_level': '8', 'reservoir': '1', 'b:a': '211k'}",312.220703125,-2.602,-0.717,0.5544356999744195,2.087300354013684
"{'ar': '44100', 'sample_fmt': 's32p', 'compression_level': '1', 'reservoir': '1', 'aq': '9'}",103.837890625,-3.343,-1.721,0.5536471309897024,0.3766635386828287
"{'ar': '44100', 'sample_fmt': 'fltp', 'compression_level': '9', 'reservoir': '1', 'b:a': '32k'}",44.771484375,-3.286,-1.619,0.5951894960016944,0.6328264107748812
"{'ar': '44100', 'sample_fmt': 's16p', 'compression_level': '8', 'reservoir': '1', 'b:a': '223k'}",312.220703125,-2.602,-0.717,0.6091028320079204,2.0832597483394286
"{'ar': '44100', 'sample_fmt': 's32p', 'compression_level': '8', 'reservoir': '1', 'b:a': '147k'}",223.037109375,-2.692,-0.815,0.5557155149581376,1.9889035339182133
"{'ar': '44100', 'sample_fmt': 's16p', 'compression_level': '9', 'reservoir': '1', 'b:a': '295k'}",445.9951171875,-2.585,-0.699,0.5517482539871708,1.919327087607665
"{'ar': '44100', 'sample_fmt': 's16p', 'compression_level': '9', 'reservoir': '1', 'b:a': '211k'}",312.220703125,-2.602,-0.717,0.5547497519874014,2.0872771415220375
"{'ar': '44100', 'sample_fmt': 's32p', 'compression_level': '7', 'reservoir': '1', 'b:a': '189k', 'abr': 'True'}",258.0068359375,-2.64,-0.758,0.5346147289965302,2.07380109578468
"{'ar': '11025', 'sample_fmt': 'fltp', 'compression_level': '3', 'reservoir': '1', 'aq': '9'}",46.904296875,-3.834,-3.322,0.4858271180128213,-1.1765251576150353
"{'ar': '44100', 'sample_fmt': 'fltp', 'compression_level': '5', 'reservoir': '1', 'b:a': '190k', 'abr': 'True'}",261.765625,-2.622,-0.738,0.6154505520244129,2.110076569116654
"{'ar': '44100', 'sample_fmt': 's32p', 'compression_level': '5', 'reservoir': '1', 'b:a': '161k', 'abr': 'True'}",219.3369140625,-2.679,-0.801,0.672465816984186,2.0208840620797344
"{'ar': '44100', 'sample_fmt': 's32p', 'compression_level': '5', 'reservoir': '1', 'b:a': '189k', 'abr': 'True'}",260.5458984375,-2.625,-0.742,0.6331885260296986,2.1024601315700204
"{'ar': '44100', 'sample_fmt': 's32p', 'compression_level': '8', 'reservoir': '1', 'b:a': '146k'}",223.037109375,-2.692,-0.815,0.5415393030270934,1.9899513387003065
"{'ar': '44100', 'sample_fmt': 's32p', 'compression_level': '9', 'reservoir': '1', 'b:a': '125k'}",178.4443359375,-2.916,-1.081,0.5323701800080016,1.455966153215288
"{'ar': '44100', 'sample_fmt': 's16p', 'compression_level': '8', 'reservoir': '1', 'b:a': '211k'}",312.220703125,-2.602,-0.717,0.5451096220058389,2.0879896713814823
"{'ar': '44100', 'sample_fmt': 's16p', 'compression_level': '8', 'reservoir': '1', 'b:a': '145k', 'abr': 'True'}",194.01953125,-2.798,-0.938,0.5251451800286304,1.7516906031214874
"{'ar': '44100', 'sample_fmt': 's32p', 'compression_level': '9', 'reservoir': '1', 'b:a': '148k'}",223.037109375,-2.692,-0.815,0.5455177980184089,1.98965727664073
"{'ar': '44100', 'sample_fmt': 'fltp', 'compression_level': '4', 'reservoir': '1', 'b:a': '162k', 'abr': 'True'}",217.083984375,-2.675,-0.796,0.8758884530107025,2.0203404708733395
"{'ar': '44100', 'sample_fmt': 's32p', 'compression_level': '8', 'reservoir': '1', 'b:a': '295k'}",445.9951171875,-2.585,-0.698,0.5693572360032704,1.9183410152789253
"{'ar': '44100', 'sample_fmt': 's32p', 'compression_level': '7', 'reservoir': '0', 'b:a': '136k'}",178.4443359375,-2.892,-1.051,0.5702661730174441,1.518547411227688
"{'ar': '44100', 'sample_fmt': 's16p', 'compression_level': '8', 'reservoir': '1', 'b:a': '240k'}",312.220703125,-2.602,-0.717,0.5758280900190584,2.085719180658051
"{'ar': '44100', 'sample_fmt': 'fltp', 'compression_level': '8', 'reservoir': '1', 'b:a': '33k', 'abr': 'True'}",49.48828125,-3.376,-1.784,0.6479982289893087,0.359651696172986
"{'ar': '44100', 'sample_fmt': 's16p', 'compression_level': '8', 'reservoir': '0', 'b:a': '210k'}",312.220703125,-2.606,-0.722,0.5713061399874277,2.0751563676588565
"{'ar': '44100', 'sample_fmt': 's32p', 'compression_level': '1', 'reservoir': '0', 'b:a': '136k', 'abr': 'True'}",200.5908203125,-2.906,-1.068,1.1159285670146346,1.4048956431872728
"{'ar': '44100', 'sample_fmt': 's16p', 'compression_level': '5', 'reservoir': '1', 'b:a': '151k'}",223.037109375,-2.666,-0.787,0.720645067980513,2.0461243333392303
"{'ar': '44100', 'sample_fmt': 's16p', 'compression_level': '8', 'reservoir': '1', 'b:a': '281k'}",356.8115234375,-2.595,-0.709,0.6179165890207514,2.0302895364364177
"{'ar': '44100', 'sample_fmt': 's32p', 'compression_level': '8', 'reservoir': '1', 'b:a': '161k', 'abr': 'True'}",216.876953125,-2.712,-0.838,0.5988551840127911,1.9416901995039537
"{'ar': '44100', 'sample_fmt': 's32p', 'compression_level': '7', 'reservoir': '1', 'b:a': '165k', 'abr': 'True'}",222.501953125,-2.697,-0.821,0.5951257020060439,1.9733021033795097
"{'ar': '44100', 'sample_fmt': 'fltp', 'compression_level': '5', 'reservoir': '1', 'b:a': '162k', 'abr': 'True'}",220.3583984375,-2.675,-0.796,0.6605966269853525,2.0310284451321325
"{'ar': '8000', 'sample_fmt': 's32p', 'compression_level': '0', 'reservoir': '1', 'aq': '9'}",35.8671875,-3.85,-3.441,0.48308822698891163,-1.2335297494631832
"{'ar': '44100', 'sample_fmt': 's16p', 'compression_level': '8', 'reservoir': '1', 'b:a': '168k', 'abr': 'True'}",226.796875,-2.686,-0.809,0.5610549190023448,1.9983819356727066
"{'ar': '44100', 'sample_fmt': 's16p', 'compression_level': '7', 'reservoir': '1', 'b:a': '138k', 'abr': 'True'}",183.8095703125,-2.848,-0.997,0.5370271830179263,1.6319951053034072
"{'ar': '44100', 'sample_fmt': 's32p', 'compression_level': '7', 'reservoir': '1', 'b:a': '282k'}",356.8115234375,-2.604,-0.719,0.544715370022459,2.011576025408206
"{'ar': '44100', 'sample_fmt': 's32p', 'compression_level': '9', 'reservoir': '1', 'b:a': '148k'}",223.037109375,-2.692,-0.815,0.5481148849939927,1.9894653184387954
"{'ar': '44100', 'sample_fmt': 's32p', 'compression_level': '8', 'reservoir': '1', 'b:a': '298k', 'abr': 'True'}",409.181640625,-2.592,-0.706,0.604718838003464,1.9556360666036836
"{'ar': '44100', 'sample_fmt': 's32p', 'compression_level': '8', 'reservoir': '1', 'b:a': '148k'}",223.037109375,-2.692,-0.815,0.5408138470083941,1.9900049592506546
"{'ar': '44100', 'sample_fmt': 'fltp', 'compression_level': '4', 'reservoir': '1', 'b:a': '144k', 'abr': 'True'}",193.609375,-2.716,-0.843,0.6476899739645887,1.964310886605652
"{'ar': '44100', 'sample_fmt': 's32p', 'compression_level': '1', 'reservoir': '1', 'aq': '5'}",164.3330078125,-2.878,-1.033,0.5910825239843689,1.5778231425088665
"{'ar': '44100', 'sample_fmt': 's16p', 'compression_level': '8', 'reservoir': '1', 'b:a': '211k'}",312.220703125,-2.602,-0.717,0.5429215109907091,2.088151400988556
"{'ar': '48000', 'sample_fmt': 's32p', 'compression_level': '8', 'reservoir': '1', 'b:a': '211k'}",312.453125,-3.483,-2.009,0.5347229850012809,-0.37186098788772887
"{'ar': '44100', 'sample_fmt': 'fltp', 'compression_level': '0', 'reservoir': '0', 'b:a': '32k'}",44.771484375,-3.13,-1.371,0.9309467049897648,1.0497136132724496
"{'ar': '44100', 'sample_fmt': 's16p', 'compression_level': '8', 'reservoir': '1', 'b:a': '190k', 'abr': 'True'}",259.3291015625,-2.637,-0.755,0.5403066339786164,2.0792066869198704
"{'ar': '44100', 'sample_fmt': 'fltp', 'compression_level': '8', 'reservoir': '0', 'aq': '9'}",103.8740234375,-3.314,-1.668,0.5212754670064896,0.46328605897174974
"{'ar': '44100', 'sample_fmt': 's16p', 'compression_level': '8', 'reservoir': '1', 'b:a': '211k', 'abr': 'True'}",289.560546875,-2.609,-0.724,0.5561413510295097,2.1048145200217245
"{'ar': '44100', 'sample_fmt': 's32p', 'compression_level': '8', 'reservoir': '1', 'b:a': '123k', 'abr': 'True'}",162.359375,-3.041,-1.245,0.5399506940157153,1.1380946497690287
"{'ar': '44100', 'sample_fmt': 's32p', 'compression_level': '9', 'reservoir': '1', 'b:a': '148k'}",223.037109375,-2.692,-0.815,0.5369756040163338,1.9902886548797463
"{'ar': '44100', 'sample_fmt': 's32p', 'compression_level': '8', 'reservoir': '1', 'b:a': '214k', 'abr': 'True'}",293.6611328125,-2.607,-0.722,0.5344154729973525,2.1051679750794783
"{'ar': '44100', 'sample_fmt': 's16p', 'compression_level': '4', 'reservoir': '1', 'b:a': '189k', 'abr': 'True'}",256.07421875,-2.631,-0.748,0.6302790219779126,2.0939381049595633
"{'ar': '44100', 'sample_fmt': 'fltp', 'compression_level': '7', 'reservoir': '1', 'b:a': '138k', 'abr': 'True'}",183.9091796875,-2.852,-1.002,0.5337854550161865,1.6211787242408862
"{'ar': '44100', 'sample_fmt': 's16p', 'compression_level': '2', 'reservoir': '1', 'b:a': '136k'}",178.4443359375,-2.933,-1.102,0.8344117020023987,1.3874078218491794
"{'ar': '44100', 'sample_fmt': 's32p', 'compression_level': '8', 'reservoir': '1', 'b:a': '163k', 'abr': 'True'}",219.640625,-2.703,-0.829,0.5760133369767573,1.9627771792271778
"{'ar': '44100', 'sample_fmt': 's32p', 'compression_level': '7', 'reservoir': '0', 'b:a': '145k', 'abr': 'True'}",225.4951171875,-2.802,-0.942,0.5488672760257032,1.6891311710093544
"{'ar': '44100', 'sample_fmt': 's32p', 'compression_level': '7', 'reservoir': '1', 'b:a': '281k', 'abr': 'True'}",386.671875,-2.596,-0.711,0.6126815009920392,1.9800685161127618
"{'ar': '44100', 'sample_fmt': 's32p', 'compression_level': '1', 'reservoir': '1', 'aq': '6'}",137.603515625,-3.079,-1.298,0.6070166460121982,1.0673827266571463
"{'ar': '44100', 'sample_fmt': 's16p', 'compression_level': '8', 'reservoir': '1', 'b:a': '150k', 'abr': 'True'}",200.8037109375,-2.767,-0.902,0.5396994219627231,1.8233741572893538
"{'ar': '44100', 'sample_fmt': 's32p', 'compression_level': '8', 'reservoir': '1', 'b:a': '291k'}",445.9951171875,-2.585,-0.698,0.552651815029094,1.9195757612088513
"{'ar': '44100', 'sample_fmt': 's16p', 'compression_level': '8', 'reservoir': '1', 'b:a': '109k'}",156.1484375,-3.065,-1.278,0.5313578529749066,1.0823117090532468
"{'ar': '44100', 'sample_fmt': 's16p', 'compression_level': '8', 'reservoir': '1', 'b:a': '145k', 'abr': 'True'}",194.01953125,-2.798,-0.938,0.5324350390292238,1.7511517885807086
"{'ar': '44100', 'sample_fmt': 's16p', 'compression_level': '8', 'reservoir': '1', 'b:a': '211k'}",312.220703125,-2.602,-0.717,0.5640502700116485,2.0865897133635736
"{'ar': '44100', 'sample_fmt': 'fltp', 'compression_level': '9', 'reservoir': '1', 'b:a': '156k'}",223.037109375,-2.691,-0.815,0.5347308600030374,1.9927845082325997
"{'ar': '44100', 'sample_fmt': 's16p', 'compression_level': '8', 'reservoir': '1', 'b:a': '295k'}",445.9951171875,-2.585,-0.699,0.581479851010954,1.9171295393703556
"{'ar': '44100', 'sample_fmt': 's32p', 'compression_level': '7', 'reservoir': '1', 'b:a': '163k', 'abr': 'True'}",219.640625,-2.703,-0.829,0.5508627590024844,1.964636131110942
"{'ar': '44100', 'sample_fmt': 's32p', 'compression_level': '8', 'reservoir': '0', 'b:a': '146k', 'abr': 'True'}",225.59765625,-2.795,-0.934,0.538313894008752,1.7085808161403224
"{'ar': '44100', 'sample_fmt': 's32p', 'compression_level': '7', 'reservoir': '1', 'b:a': '283k', 'abr': 'True'}",389.513671875,-2.598,-0.712,0.5482389680109918,1.9753217611367808
"{'ar': '44100', 'sample_fmt': 's32p', 'compression_level': '5', 'reservoir': '1', 'b:a': '149k', 'abr': 'True'}",203.513671875,-2.7,-0.825,0.6350531839998439,1.9923982290254856
"{'ar': '44100', 'sample_fmt': 's32p', 'compression_level': '9', 'reservoir': '0', 'b:a': '148k'}",223.037109375,-2.706,-0.831,0.5313664260029327,1.953036781177099
"{'ar': '44100', 'sample_fmt': 's16p', 'compression_level': '1', 'reservoir': '1', 'b:a': '32k'}",44.771484375,-3.133,-1.376,0.9556730269978289,1.0393189138192123
"{'ar': '44100', 'sample_fmt': 's32p', 'compression_level': '4', 'reservoir': '1', 'b:a': '138k', 'abr': 'True'}",182.8359375,-2.806,-0.946,0.6623123310273513,1.7382342774490211
"{'ar': '44100', 'sample_fmt': 's16p', 'compression_level': '1', 'reservoir': '0', 'b:a': '32k', 'abr': 'True'}",53.09375,-3.138,-1.383,0.9749802560254466,1.010754417983111
"{'ar': '44100', 'sample_fmt': 's32p', 'compression_level': '8', 'reservoir': '1', 'b:a': '209k'}",312.220703125,-2.6,-0.715,0.5756480650161393,2.0910232793174384
"{'ar': '44100', 'sample_fmt': 's32p', 'compression_level': '8', 'reservoir': '1', 'b:a': '295k', 'abr': 'True'}",405.509765625,-2.589,-0.703,0.551609713002108,1.9733567851937912
"{'ar': '44100', 'sample_fmt': 'fltp', 'compression_level': '5', 'reservoir': '1', 'b:a': '189k', 'abr': 'True'}",260.5458984375,-2.625,-0.742,0.6382015749695711,2.102089602639047
"{'ar': '44100', 'sample_fmt': 's32p', 'compression_level': '4', 'reservoir': '1', 'b:a': '139k', 'abr': 'True'}",183.921875,-2.807,-0.948,0.7325803049898241,1.7283469217848786
"{'ar': '44100', 'sample_fmt': 's32p', 'compression_level': '8', 'reservoir': '0', 'b:a': '123k'}",178.4443359375,-2.892,-1.051,0.5502929069916718,1.5200236930269178
"{'ar': '44100', 'sample_fmt': 's32p', 'compression_level': '7', 'reservoir': '1', 'b:a': '146k', 'abr': 'True'}",195.5517578125,-2.795,-0.934,0.5927511189947836,1.7525003802928156
"{'ar': '44100', 'sample_fmt': 'fltp', 'compression_level': '5', 'reservoir': '1', 'b:a': '187k', 'abr': 'True'}",258.412109375,-2.623,-0.74,0.6476167229993735,2.1100893060235415
"{'ar': '44100', 'sample_fmt': 's32p', 'compression_level': '7', 'reservoir': '1', 'aq': '7'}",109.859375,-3.327,-1.692,0.5895705220173113,0.41082736679967147
"{'ar': '44100', 'sample_fmt': 's32p', 'compression_level': '1', 'reservoir': '1', 'aq': '6'}",137.603515625,-3.079,-1.298,0.6108498230169062,1.0670994054698166
"{'ar': '44100', 'sample_fmt': 's32p', 'compression_level': '8', 'reservoir': '1', 'b:a': '148k'}",223.037109375,-2.692,-0.815,0.5353904730000068,1.9904058164929637
"{'ar': '44100', 'sample_fmt': 's16p', 'compression_level': '8', 'reservoir': '1', 'b:a': '212k'}",312.220703125,-2.602,-0.717,0.5371351560170297,2.088579087202744
"{'ar': '44100', 'sample_fmt': 's32p', 'compression_level': '1', 'reservoir': '1', 'b:a': '155k', 'abr': 'True'}",208.8876953125,-2.718,-0.845,1.0721186839800794,1.9032702669046173
"{'ar': '44100', 'sample_fmt': 's32p', 'compression_level': '8', 'reservoir': '0', 'b:a': '136k', 'abr': 'True'}",199.4580078125,-2.873,-1.028,0.5517079250130337,1.5379126947761355
"{'ar': '44100', 'sample_fmt': 's32p', 'compression_level': '8', 'reservoir': '1', 'b:a': '148k'}",223.037109375,-2.692,-0.815,0.555297390994383,1.9889344386684287
"{'ar': '32000', 'sample_fmt': 's16p', 'compression_level': '9', 'reservoir': '0', 'b:a': '32k', 'abr': 'True'}",51.1953125,-3.437,-1.907,0.5172683649871033,0.1856628764758939
"{'ar': '44100', 'sample_fmt': 's16p', 'compression_level': '5', 'reservoir': '1', 'b:a': '164k', 'abr': 'True'}",223.0185546875,-2.655,-0.774,0.6489348169707227,2.081184527755441
"{'ar': '44100', 'sample_fmt': 's32p', 'compression_level': '7', 'reservoir': '1', 'b:a': '168k', 'abr': 'True'}",226.8955078125,-2.684,-0.807,0.5481843789748382,2.004466642075289
"{'ar': '44100', 'sample_fmt': 's32p', 'compression_level': '7', 'reservoir': '1', 'b:a': '123k', 'abr': 'True'}",162.359375,-3.041,-1.245,0.532377579016611,1.1386544005790478
"{'ar': '44100', 'sample_fmt': 's16p', 'compression_level': '1', 'reservoir': '0', 'b:a': '32k', 'abr': 'True'}",53.09375,-3.138,-1.383,0.9516391430224758,1.0124796270828942
"{'ar': '44100', 'sample_fmt': 's32p', 'compression_level': '7', 'reservoir': '1', 'b:a': '148k', 'abr': 'True'}",198.2060546875,-2.779,-0.915,0.532547284004977,1.7959875672540018
"{'ar': '44100', 'sample_fmt': 's32p', 'compression_level': '9', 'reservoir': '1', 'b:a': '211k'}",312.220703125,-2.6,-0.715,0.5433390050020535,2.0934113352912322
"{'ar': '44100', 'sample_fmt': 's32p', 'compression_level': '7', 'reservoir': '1', 'b:a': '170k'}",223.037109375,-2.692,-0.815,0.5868274240056053,1.9866039628312009
"{'ar': '44100', 'sample_fmt': 'fltp', 'compression_level': '8', 'reservoir': '0', 'b:a': '139k'}",178.4443359375,-2.892,-1.051,0.5563431569898967,1.519576501569014
"{'ar': '44100', 'sample_fmt': 'fltp', 'compression_level': '4', 'reservoir': '1', 'b:a': '162k', 'abr': 'True'}",217.083984375,-2.675,-0.796,0.6638413489854429,2.0360134849836986
"{'ar': '44100', 'sample_fmt': 's32p', 'compression_level': '1', 'reservoir': '1', 'aq': '2'}",260.9775390625,-2.64,-0.758,0.6126352770079393,2.0632941258267246
"{'ar': '44100', 'sample_fmt': 's16p', 'compression_level': '7', 'reservoir': '1', 'b:a': '128k', 'abr': 'True'}",169.376953125,-2.945,-1.117,0.533436302037444,1.391431154908587
"{'ar': '32000', 'sample_fmt': 's16p', 'compression_level': '3', 'reservoir': '1', 'b:a': '32k'}",44.8671875,-3.417,-1.865,0.5488575999916065,0.25327359983904163
"{'ar': '11025', 'sample_fmt': 's16p', 'compression_level': '7', 'reservoir': '1', 'b:a': '100k'}",90.4853515625,-3.849,-3.438,0.47163001098670065,-1.3165587978633992
"{'ar': '44100', 'sample_fmt': 'fltp', 'compression_level': '8', 'reservoir': '1', 'b:a': '271k'}",356.8115234375,-2.605,-0.72,0.5420394250249956,2.009128415988732
"{'ar': '44100', 'sample_fmt': 's32p', 'compression_level': '7', 'reservoir': '1', 'b:a': '151k'}",223.037109375,-2.692,-0.815,0.5700676859996747,1.987842723489878
"{'ar': '44100', 'sample_fmt': 's16p', 'compression_level': '7', 'reservoir': '0', 'b:a': '138k', 'abr': 'True'}",206.6357421875,-2.848,-0.997,0.5658167350338772,1.5934442717522832
"{'ar': '44100', 'sample_fmt': 'fltp', 'compression_level': '8', 'reservoir': '0', 'b:a': '139k'}",178.4443359375,-2.892,-1.051,0.5456147259974387,1.5203694709005204
"{'ar': '48000', 'sample_fmt': 's16p', 'compression_level': '8', 'reservoir': '1', 'b:a': '158k'}",223.203125,-3.588,-2.274,0.5894991409732029,-0.56173653676515
"{'ar': '8000', 'sample_fmt': 's32p', 'compression_level': '0', 'reservoir': '0', 'aq': '9'}",40.578125,-3.85,-3.441,0.521326087997295,-1.2438730964842741
"{'ar': '44100', 'sample_fmt': 'fltp', 'compression_level': '7', 'reservoir': '1', 'b:a': '281k'}",356.8115234375,-2.605,-0.72,0.5511878360121045,2.0084522305008545
"{'ar': '44100', 'sample_fmt': 's32p', 'compression_level': '8', 'reservoir': '1', 'b:a': '211k'}",312.220703125,-2.6,-0.715,0.544315388018731,2.0933391680014792
"{'ar': '44100', 'sample_fmt': 's32p', 'compression_level': '9', 'reservoir': '1', 'b:a': '148k'}",223.037109375,-2.692,-0.815,0.5419382520194631,1.989921851227627
"{'ar': '44100', 'sample_fmt': 's16p', 'compression_level': '4', 'reservoir': '1', 'b:a': '182k', 'abr': 'True'}",247.7451171875,-2.636,-0.754,0.664557288022479,2.0911525122162344
"{'ar': '44100', 'sample_fmt': 's16p', 'compression_level': '8', 'reservoir': '1', 'b:a': '240k'}",312.220703125,-2.602,-0.717,0.5639320960035548,2.0865984479459434
"{'ar': '44100', 'sample_fmt': 's16p', 'compression_level': '4', 'reservoir': '1', 'b:a': '189k'}",267.6279296875,-2.622,-0.738,0.6548535670153797,2.0978099063271656
"{'ar': '44100', 'sample_fmt': 's16p', 'compression_level': '8', 'reservoir': '1', 'b:a': '145k', 'abr': 'True'}",194.01953125,-2.798,-0.938,0.5326884310343303,1.7511330596455046
"{'ar': '32000', 'sample_fmt': 's32p', 'compression_level': '4', 'reservoir': '1', 'b:a': '32k', 'abr': 'True'}",46.34375,-3.435,-1.903,0.5545599200122524,0.19656972577991777
"{'ar': '44100', 'sample_fmt': 'fltp', 'compression_level': '1', 'reservoir': '1', 'b:a': '32k'}",44.771484375,-3.12,-1.357,0.9278802899934817,1.0776560569543787
"{'ar': '44100', 'sample_fmt': 's32p', 'compression_level': '1', 'reservoir': '1', 'aq': '5'}",164.3330078125,-2.878,-1.033,0.5852292680065148,1.5782557735695648
"{'ar': '44100', 'sample_fmt': 's32p', 'compression_level': '8', 'reservoir': '0', 'b:a': '125k'}",178.4443359375,-2.892,-1.051,0.553949538996676,1.5197534207905943
"{'ar': '44100', 'sample_fmt': 's16p', 'compression_level': '6', 'reservoir': '1', 'b:a': '137k', 'abr': 'True'}",183.759765625,-2.816,-0.959,0.656364045018563,1.7097994749299317
"{'ar': '44100', 'sample_fmt': 's16p', 'compression_level': '4', 'reservoir': '1', 'b:a': '189k'}",267.6279296875,-2.622,-0.738,0.76211143299588,2.0898821675604093
"{'ar': '44100', 'sample_fmt': 'fltp', 'compression_level': '3', 'reservoir': '1', 'b:a': '32k'}",44.771484375,-3.302,-1.648,0.5895588150306139,0.5868152914344252
"{'ar': '44100', 'sample_fmt': 'fltp', 'compression_level': '1', 'reservoir': '0', 'b:a': '32k', 'abr': 'True'}",53.119140625,-3.132,-1.375,0.9649140069959685,1.0279612229015096
"{'ar': '11025', 'sample_fmt': 'fltp', 'compression_level': '8', 'reservoir': '1', 'aq': '9'}",47.0185546875,-3.841,-3.374,0.5145350949896965,-1.211542766381617
"{'ar': '44100', 'sample_fmt': 's16p', 'compression_level': '5', 'reservoir': '0', 'b:a': '159k'}",223.037109375,-2.671,-0.792,0.6479883579886518,2.038267619468108
"{'ar': '44100', 'sample_fmt': 's16p', 'compression_level': '9', 'reservoir': '1', 'b:a': '287k'}",356.8115234375,-2.595,-0.709,0.5711005349876359,2.033749846252132
"{'ar': '44100', 'sample_fmt': 's32p', 'compression_level': '8', 'reservoir': '1', 'b:a': '146k', 'abr': 'True'}",195.5517578125,-2.795,-0.934,0.5658492960210424,1.754488771754232
"{'ar': '44100', 'sample_fmt': 's32p', 'compression_level': '5', 'reservoir': '1', 'b:a': '164k', 'abr': 'True'}",223.013671875,-2.665,-0.786,0.6615283439750783,2.0531766158468843
"{'ar': '44100', 'sample_fmt': 's32p', 'compression_level': '7', 'reservoir': '1', 'b:a': '140k', 'abr': 'True'}",186.3251953125,-2.834,-0.98,0.5530461879970971,1.6647789232492118
"{'ar': '44100', 'sample_fmt': 's32p', 'compression_level': '8', 'reservoir': '1', 'b:a': '137k', 'abr': 'True'}",182.22265625,-2.864,-1.016,0.5435913260153029,1.5907693979781405
"{'ar': '44100', 'sample_fmt': 's32p', 'compression_level': '8', 'reservoir': '1', 'b:a': '161k', 'abr': 'True'}",216.876953125,-2.712,-0.838,0.585622386977775,1.9426682737653433
"{'ar': '44100', 'sample_fmt': 's32p', 'compression_level': '8', 'reservoir': '0', 'b:a': '124k'}",178.4443359375,-2.892,-1.051,0.5794290590274613,1.5178701558490457
"{'ar': '44100', 'sample_fmt': 's32p', 'compression_level': '5', 'reservoir': '1', 'b:a': '165k', 'abr': 'True'}",224.142578125,-2.657,-0.777,0.638359334989218,2.074566376866923
"{'ar': '44100', 'sample_fmt': 's32p', 'compression_level': '8', 'reservoir': '1', 'b:a': '281k', 'abr': 'True'}",386.671875,-2.596,-0.711,0.5703226519981399,1.983199381026158
"{'ar': '44100', 'sample_fmt': 's32p', 'compression_level': '1', 'reservoir': '1', 'b:a': '32k'}",44.771484375,-3.12,-1.357,0.9546721510123461,1.0756757930987526
"{'ar': '44100', 'sample_fmt': 's32p', 'compression_level': '7', 'reservoir': '1', 'b:a': '240k'}",312.220703125,-2.6,-0.715,0.5459561969910283,2.09321789106967
"{'ar': '44100', 'sample_fmt': 's32p', 'compression_level': '7', 'reservoir': '1', 'b:a': '147k', 'abr': 'True'}",196.9267578125,-2.783,-0.92,0.536704808997456,1.7868245579245416
"{'ar': '44100', 'sample_fmt': 's16p', 'compression_level': '7', 'reservoir': '1', 'b:a': '147k', 'abr': 'True'}",196.98046875,-2.784,-0.92,0.5409986390150152,1.7840915460628473
"{'ar': '44100', 'sample_fmt': 's32p', 'compression_level': '9', 'reservoir': '1', 'b:a': '148k'}",223.037109375,-2.692,-0.815,0.5440254969871603,1.9897675769215435
"{'ar': '32000', 'sample_fmt': 's32p', 'compression_level': '8', 'reservoir': '1', 'b:a': '161k', 'abr': 'True'}",221.4921875,-3.197,-1.473,0.5092614640016109,0.6106120236640523
"{'ar': '44100', 'sample_fmt': 's32p', 'compression_level': '9', 'reservoir': '1', 'b:a': '148k'}",223.037109375,-2.692,-0.815,0.5411062889907043,1.9899833440188113
"{'ar': '44100', 'sample_fmt': 's16p', 'compression_level': '7', 'reservoir': '1', 'b:a': '148k', 'abr': 'True'}",198.4150390625,-2.775,-0.911,0.5645817920158152,1.803867920223913
"{'ar': '44100', 'sample_fmt': 's16p', 'compression_level': '8', 'reservoir': '1', 'b:a': '138k', 'abr': 'True'}",183.8095703125,-2.848,-0.997,0.550038521992974,1.631033399647072
"{'ar': '44100', 'sample_fmt': 'fltp', 'compression_level': '4', 'reservoir': '1', 'b:a': '162k', 'abr': 'True'}",217.083984375,-2.675,-0.796,0.6900327960029244,2.034077599461646
"{'ar': '44100', 'sample_fmt': 's32p', 'compression_level': '7', 'reservoir': '1', 'b:a': '148k'}",223.037109375,-2.692,-0.815,0.5683790740149561,1.987967533680449
"{'ar': '44100', 'sample_fmt': 'fltp', 'compression_level': '1', 'reservoir': '0', 'b:a': '32k'}",44.771484375,-3.13,-1.371,0.9386061190161854,1.049147483851984
"{'ar': '44100', 'sample_fmt': 's16p', 'compression_level': '8', 'reservoir': '1', 'b:a': '163k', 'abr': 'True'}",219.642578125,-2.703,-0.828,0.5415316919679753,1.965638159110967
"{'ar': '44100', 'sample_fmt': 's32p', 'compression_level': '7', 'reservoir': '1', 'b:a': '160k', 'abr': 'True'}",215.2890625,-2.714,-0.84,0.5491809880186338,1.9426047112291842
"{'ar': '44100', 'sample_fmt': 's32p', 'compression_level': '1', 'reservoir': '0', 'b:a': '32k', 'abr': 'True'}",53.119140625,-3.132,-1.375,0.9462349099921994,1.0293418489291772
"{'ar': '44100', 'sample_fmt': 's32p', 'compression_level': '8', 'reservoir': '0', 'b:a': '148k'}",223.037109375,-2.706,-0.831,0.5642443310352974,1.9506066802244828
"{'ar': '44100', 'sample_fmt': 's32p', 'compression_level': '8', 'reservoir': '1', 'b:a': '163k', 'abr': 'True'}",219.640625,-2.703,-0.829,0.5633420709928032,1.9637137491061938
"{'ar': '44100', 'sample_fmt': 's32p', 'compression_level': '5', 'reservoir': '1', 'b:a': '164k'}",223.037109375,-2.652,-0.771,0.6405476490035653,2.0897110292511005
"{'ar': '44100', 'sample_fmt': 's32p', 'compression_level': '7', 'reservoir': '1', 'b:a': '168k'}",223.037109375,-2.692,-0.815,0.5681843459897209,1.9879819265914072
"{'ar': '44100', 'sample_fmt': 'fltp', 'compression_level': '4', 'reservoir': '1', 'b:a': '162k', 'abr': 'True'}",217.083984375,-2.675,-0.796,0.6781653150101192,2.03495475926965
"{'ar': '44100', 'sample_fmt': 's16p', 'compression_level': '9', 'reservoir': '1', 'b:a': '219k'}",312.220703125,-2.602,-0.717,0.5961911670165136,2.084214086803652
"{'ar': '44100', 'sample_fmt': 's16p', 'compression_level': '8', 'reservoir': '1', 'b:a': '138k', 'abr': 'True'}",183.8095703125,-2.848,-0.997,0.5778439190180507,1.6289782224168927
"{'ar': '44100', 'sample_fmt': 's32p', 'compression_level': '7', 'reservoir': '1', 'b:a': '145k', 'abr': 'True'}",193.97265625,-2.802,-0.942,0.5419856900116429,1.7399390841685067
"{'ar': '44100', 'sample_fmt': 'fltp', 'compression_level': '4', 'reservoir': '1', 'b:a': '144k', 'abr': 'True'}",193.609375,-2.716,-0.843,0.6827115259948187,1.9617223425099444
"{'ar': '44100', 'sample_fmt': 's32p', 'compression_level': '1', 'reservoir': '1', 'b:a': '32k'}",44.771484375,-3.12,-1.357,0.9439118510344997,1.0764711179590458
"{'ar': '44100', 'sample_fmt': 's32p', 'compression_level': '9', 'reservoir': '1', 'b:a': '148k'}",223.037109375,-2.692,-0.815,0.5512233529880177,1.9892355625882927
"{'ar': '44100', 'sample_fmt': 's32p', 'compression_level': '1', 'reservoir': '1', 'b:a': '32k'}",44.771484375,-3.12,-1.357,0.9861928230093326,1.073346009161133
"{'ar': '44100', 'sample_fmt': 's16p', 'compression_level': '4', 'reservoir': '1', 'b:a': '144k', 'abr': 'True'}",193.607421875,-2.719,-0.846,0.6583538340055384,1.9555896176952345
"{'ar': '44100', 'sample_fmt': 's32p', 'compression_level': '8', 'reservoir': '1', 'b:a': '123k', 'abr': 'True'}",162.359375,-3.041,-1.245,0.537075003987411,1.138307200327537
"{'ar': '44100', 'sample_fmt': 's16p', 'compression_level': '8', 'reservoir': '0', 'b:a': '148k'}",223.037109375,-2.705,-0.83,0.5526199070154689,1.9541112712350122
"{'ar': '44100', 'sample_fmt': 's32p', 'compression_level': '0', 'reservoir': '0', 'aq': '5'}",179.8193359375,-2.878,-1.033,0.6147622930002399,1.551361916677914
"{'ar': '44100', 'sample_fmt': 's32p', 'compression_level': '9', 'reservoir': '1', 'b:a': '292k'}",445.9951171875,-2.585,-0.698,0.5696933300059754,1.9183161736001342
"{'ar': '44100', 'sample_fmt': 's32p', 'compression_level': '1', 'reservoir': '1', 'b:a': '146k', 'abr': 'True'}",197.033203125,-2.803,-0.944,1.1111475749930833,1.6900262238310348
"{'ar': '44100', 'sample_fmt': 'fltp', 'compression_level': '8', 'reservoir': '0', 'aq': '9'}",103.8740234375,-3.314,-1.668,0.5306868079933338,0.46259043956792784
"{'ar': '44100', 'sample_fmt': 's32p', 'compression_level': '9', 'reservoir': '1', 'b:a': '148k'}",223.037109375,-2.692,-0.815,0.5553825700189918,1.9889281428406185
"{'ar': '44100', 'sample_fmt': 's32p', 'compression_level': '8', 'reservoir': '0', 'b:a': '145k'}",223.037109375,-2.706,-0.831,0.554477166995639,1.951328599538191
"{'ar': '44100', 'sample_fmt': 'fltp', 'compression_level': '5', 'reservoir': '1', 'b:a': '160k', 'abr': 'True'}",217.8505859375,-2.68,-0.802,0.6758590780082159,2.020359541291872
"{'ar': '44100', 'sample_fmt': 's32p', 'compression_level': '1', 'reservoir': '1', 'aq': '5'}",164.3330078125,-2.878,-1.033,0.6392836029990576,1.574260461495115
"{'ar': '44100', 'sample_fmt': 's16p', 'compression_level': '1', 'reservoir': '0', 'b:a': '32k', 'abr': 'True'}",53.09375,-3.138,-1.383,0.9699253230064642,1.0111280426873843
"{'ar': '44100', 'sample_fmt': 's16p', 'compression_level': '8', 'reservoir': '1', 'b:a': '211k'}",312.220703125,-2.602,-0.717,0.5684034470177721,2.086267957473742
"{'ar': '44100', 'sample_fmt': 's32p', 'compression_level': '7', 'reservoir': '1', 'b:a': '295k'}",445.9951171875,-2.585,-0.698,0.6194547329796478,1.9146381645344468
"{'ar': '44100', 'sample_fmt': 's16p', 'compression_level': '8', 'reservoir': '1', 'b:a': '145k', 'abr': 'True'}",194.01953125,-2.798,-0.938,0.564063239027746,1.748814056937823
"{'ar': '44100', 'sample_fmt': 's32p', 'compression_level': '4', 'reservoir': '1', 'b:a': '161k', 'abr': 'True'}",216.009765625,-2.679,-0.801,0.7287131519988179,2.0220356720426844
"{'ar': '44100', 'sample_fmt': 's32p', 'compression_level': '1', 'reservoir': '1', 'aq': '5'}",164.3330078125,-2.878,-1.033,0.6548251549829729,1.573111740484939
"{'ar': '44100', 'sample_fmt': 's16p', 'compression_level': '8', 'reservoir': '1', 'b:a': '261k'}",356.8115234375,-2.595,-0.709,0.5906827420112677,2.032302468753608
"{'ar': '44100', 'sample_fmt': 's32p', 'compression_level': '9', 'reservoir': '0', 'b:a': '32k'}",44.771484375,-3.303,-1.649,0.5345023870177101,0.5882392748536378
"{'ar': '44100', 'sample_fmt': 'fltp', 'compression_level': '1', 'reservoir': '1', 'b:a': '32k'}",44.771484375,-3.12,-1.357,0.9479602519713808,1.0761718889490586
"{'ar': '44100', 'sample_fmt': 'fltp', 'compression_level': '8', 'reservoir': '1', 'b:a': '144k', 'abr': 'True'}",192.5791015625,-2.807,-0.948,0.5518936659791507,1.7278879632950086
"{'ar': '24000', 'sample_fmt': 's32p', 'compression_level': '7', 'reservoir': '1', 'b:a': '168k', 'abr': 'True'}",219.1953125,-3.661,-2.499,0.5166906430094969,-0.7910235297681264
"{'ar': '44100', 'sample_fmt': 's32p', 'compression_level': '7', 'reservoir': '1', 'b:a': '292k'}",445.9951171875,-2.585,-0.698,0.5661625700013246,1.918577142273239
"{'ar': '44100', 'sample_fmt': 's32p', 'compression_level': '9', 'reservoir': '1', 'b:a': '209k'}",312.220703125,-2.6,-0.715,0.6145759219944011,2.088146008936827
"{'ar': '44100', 'sample_fmt': 's32p', 'compression_level': '8', 'reservoir': '1', 'b:a': '145k', 'abr': 'True'}",193.97265625,-2.802,-0.942,0.5649589550157543,1.7382410637771148
"{'ar': '44100', 'sample_fmt': 's16p', 'compression_level': '5', 'reservoir': '1', 'b:a': '168k'}",223.037109375,-2.666,-0.787,0.6556706899718847,2.0509267773434634
"{'ar': '44100', 'sample_fmt': 's16p', 'compression_level': '8', 'reservoir': '1', 'b:a': '145k', 'abr': 'True'}",194.01953125,-2.798,-0.938,0.546270092978375,1.7501291997707393
"{'ar': '44100', 'sample_fmt': 's16p', 'compression_level': '7', 'reservoir': '1', 'b:a': '123k', 'abr': 'True'}",162.3076171875,-3.043,-1.248,0.5505886460014153,1.1317847052122099
"{'ar': '44100', 'sample_fmt': 's32p', 'compression_level': '4', 'reservoir': '1', 'b:a': '144k', 'abr': 'True'}",193.55859375,-2.716,-0.843,0.6611626179947052,1.9633961144032241
"{'ar': '8000', 'sample_fmt': 's16p', 'compression_level': '1', 'reservoir': '0', 'aq': '2'}",67.2265625,-3.859,-3.519,0.505585331004113,-1.3308068166055704
"{'ar': '11025', 'sample_fmt': 's32p', 'compression_level': '1', 'reservoir': '1', 'aq': '5'}",60.9462890625,-3.841,-3.378,0.5391461110266391,-1.2368476641199189
"{'ar': '44100', 'sample_fmt': 's16p', 'compression_level': '7', 'reservoir': '1', 'b:a': '100k', 'abr': 'True'}",130.658203125,-3.334,-1.705,0.5556075260101352,0.3597391918781531
"{'ar': '44100', 'sample_fmt': 's16p', 'compression_level': '1', 'reservoir': '0', 'aq': '6'}",147.916015625,-3.069,-1.283,0.6063262679963373,1.0790097177260833
"{'ar': '44100', 'sample_fmt': 's16p', 'compression_level': '4', 'reservoir': '1', 'b:a': '144k', 'abr': 'True'}",193.607421875,-2.719,-0.846,0.6605409559851978,1.9554279611906298
"{'ar': '44100', 'sample_fmt': 's16p', 'compression_level': '1', 'reservoir': '1', 'aq': '6'}",137.603515625,-3.069,-1.283,0.5902978680096567,1.096649714342008
"{'ar': '44100', 'sample_fmt': 's16p', 'compression_level': '9', 'reservoir': '0', 'b:a': '210k', 'abr': 'True'}",315.603515625,-2.607,-0.722,0.5524878860160243,2.0688195071632625
"{'ar': '44100', 'sample_fmt': 'fltp', 'compression_level': '1', 'reservoir': '1', 'aq': '9'}",103.837890625,-3.343,-1.721,0.578469852975104,0.37482881958245196
"{'ar': '8000', 'sample_fmt': 's16p', 'compression_level': '0', 'reservoir': '1', 'b:a': '32k', 'abr': 'True'}",41.9140625,-3.851,-3.456,0.5905239909770899,-1.2581812355712672
"{'ar': '44100', 'sample_fmt': 's32p', 'compression_level': '9', 'reservoir': '1', 'b:a': '149k'}",223.037109375,-2.692,-0.815,0.5795234199904371,1.987143822870875
"{'ar': '44100', 'sample_fmt': 's32p', 'compression_level': '8', 'reservoir': '1', 'b:a': '237k', 'abr': 'True'}",326.0634765625,-2.598,-0.712,0.5751289640320465,2.0745794748289264
"{'ar': '44100', 'sample_fmt': 's32p', 'compression_level': '7', 'reservoir': '1', 'b:a': '164k', 'abr': 'True'}",221.1787109375,-2.699,-0.824,0.6034469610021915,1.969192254910978
"{'ar': '44100', 'sample_fmt': 's16p', 'compression_level': '8', 'reservoir': '1', 'b:a': '186k'}",267.6279296875,-2.634,-0.752,0.5798063399852253,2.0709811919408008
"{'ar': '44100', 'sample_fmt': 's32p', 'compression_level': '1', 'reservoir': '1', 'b:a': '32k'}",44.771484375,-3.12,-1.357,0.9440086340182461,1.0764639644490892
"{'ar': '44100', 'sample_fmt': 's16p', 'compression_level': '9', 'reservoir': '1', 'b:a': '284k'}",356.8115234375,-2.595,-0.709,0.5639502970152535,2.034278340999319
"{'ar': '44100', 'sample_fmt': 'fltp', 'compression_level': '3', 'reservoir': '1', 'b:a': '32k'}",44.771484375,-3.302,-1.648,0.6003122800029814,0.5860204717691347
"{'ar': '44100', 'sample_fmt': 's16p', 'compression_level': '8', 'reservoir': '1', 'b:a': '211k', 'abr': 'True'}",289.560546875,-2.609,-0.724,0.5648953430063557,2.104167487182461
"{'ar': '44100', 'sample_fmt': 's32p', 'compression_level': '7', 'reservoir': '1', 'b:a': '189k', 'abr': 'True'}",258.0068359375,-2.64,-0.758,0.5892811310186516,2.069760544067675
"{'ar': '44100', 'sample_fmt': 's16p', 'compression_level': '9', 'reservoir': '1', 'b:a': '207k'}",267.6279296875,-2.634,-0.752,0.5619442189927213,2.0723014329110483
"{'ar': '44100', 'sample_fmt': 's32p', 'compression_level': '7', 'reservoir': '1', 'b:a': '189k', 'abr': 'True'}",258.0068359375,-2.64,-0.758,0.5513898989593145,2.072561194505486
"{'ar': '44100', 'sample_fmt': 's32p', 'compression_level': '4', 'reservoir': '1', 'b:a': '144k', 'abr': 'True'}",193.55859375,-2.716,-0.843,0.6576805819931906,1.9636534817444826
"{'ar': '44100', 'sample_fmt': 's16p', 'compression_level': '7', 'reservoir': '1', 'b:a': '282k'}",356.8115234375,-2.595,-0.709,0.5644804820185527,2.0342391534939015
"{'ar': '32000', 'sample_fmt': 's16p', 'compression_level': '9', 'reservoir': '1', 'b:a': '210k'}",313.109375,-3.179,-1.445,0.5262292260013055,0.5139393003381437
"{'ar': '44100', 'sample_fmt': 's16p', 'compression_level': '8', 'reservoir': '1', 'b:a': '240k'}",312.220703125,-2.602,-0.717,0.5522905309626367,2.0874589096532215
"{'ar': '44100', 'sample_fmt': 's16p', 'compression_level': '1', 'reservoir': '0', 'b:a': '32k', 'abr': 'True'}",53.09375,-3.138,-1.383,1.8820052560186014,0.9437135796340622
"{'ar': '44100', 'sample_fmt': 'fltp', 'compression_level': '4', 'reservoir': '1', 'b:a': '161k', 'abr': 'True'}",216.009765625,-2.679,-0.801,0.8732865889905952,2.0113498316093943
"{'ar': '44100', 'sample_fmt': 's16p', 'compression_level': '4', 'reservoir': '1', 'b:a': '295k'}",445.9951171875,-2.592,-0.706,0.7812587509979494,1.8838455299465569
"{'ar': '44100', 'sample_fmt': 's32p', 'compression_level': '8', 'reservoir': '1', 'b:a': '148k'}",223.037109375,-2.692,-0.815,0.6492713920015376,1.981988548741931
"{'ar': '44100', 'sample_fmt': 's32p', 'compression_level': '7', 'reservoir': '1', 'aq': '9'}",97.1474609375,-3.314,-1.668,0.5784666399995331,0.4697922318479992
"{'ar': '44100', 'sample_fmt': 's16p', 'compression_level': '8', 'reservoir': '1', 'b:a': '168k', 'abr': 'True'}",226.796875,-2.686,-0.809,0.559073078999063,1.9985284191933312
"{'ar': '44100', 'sample_fmt': 's16p', 'compression_level': '4', 'reservoir': '1', 'b:a': '292k', 'abr': 'True'}",390.640625,-2.588,-0.702,0.6906839449657127,1.9894489645751756
"{'ar': '44100', 'sample_fmt': 's32p', 'compression_level': '8', 'reservoir': '0', 'b:a': '148k'}",223.037109375,-2.706,-0.831,0.5874395599821582,1.9488922538367786
"{'ar': '44100', 'sample_fmt': 's16p', 'compression_level': '4', 'reservoir': '1', 'b:a': '199k', 'abr': 'True'}",267.8701171875,-2.615,-0.731,0.6761276350298431,2.1143688021920615
"{'ar': '11025', 'sample_fmt': 'fltp', 'compression_level': '3', 'reservoir': '1', 'aq': '9'}",46.904296875,-3.834,-3.322,0.5260398089885712,-1.179497393788576
"{'ar': '44100', 'sample_fmt': 's16p', 'compression_level': '1', 'reservoir': '1', 'b:a': '126k', 'abr': 'True'}",167.7470703125,-3.022,-1.219,1.0833813489880413,1.1418019027670747
"{'ar': '44100', 'sample_fmt': 's32p', 'compression_level': '8', 'reservoir': '1', 'b:a': '210k'}",312.220703125,-2.6,-0.715,0.5500113420130219,2.092918163584867
"{'ar': '44100', 'sample_fmt': 's32p', 'compression_level': '8', 'reservoir': '1', 'b:a': '295k'}",445.9951171875,-2.585,-0.698,0.7014318910078146,1.9085789959341082
"{'ar': '44100', 'sample_fmt': 's32p', 'compression_level': '8', 'reservoir': '1', 'b:a': '216k', 'abr': 'True'}",296.634765625,-2.606,-0.721,0.6570786269730888,2.0940020625791447
"{'ar': '44100', 'sample_fmt': 's32p', 'compression_level': '6', 'reservoir': '1', 'b:a': '151k', 'abr': 'True'}",206.2265625,-2.695,-0.819,0.6639853290107567,1.9994733466789425
"{'ar': '44100', 'sample_fmt': 'fltp', 'compression_level': '1', 'reservoir': '1', 'aq': '9'}",103.837890625,-3.343,-1.721,0.5676187890057918,0.37563085307159205
"{'ar': '44100', 'sample_fmt': 's16p', 'compression_level': '8', 'reservoir': '1', 'b:a': '214k'}",312.220703125,-2.602,-0.717,0.5558866409992334,2.0871931107704444
"{'ar': '44100', 'sample_fmt': 'fltp', 'compression_level': '1', 'reservoir': '0', 'b:a': '32k'}",44.771484375,-3.13,-1.371,0.9368446669832338,1.0492776778609714
"{'ar': '44100', 'sample_fmt': 's16p', 'compression_level': '8', 'reservoir': '1', 'b:a': '149k'}",223.037109375,-2.689,-0.812,0.5634944159828592,1.996264761605413
"{'ar': '44100', 'sample_fmt': 's16p', 'compression_level': '5', 'reservoir': '1', 'b:a': '211k', 'abr': 'True'}",293.4580078125,-2.603,-0.718,0.6207144620129839,2.1096950718200587
"{'ar': '44100', 'sample_fmt': 's16p', 'compression_level': '8', 'reservoir': '0', 'b:a': '137k', 'abr': 'True'}",202.5341796875,-2.862,-1.014,0.5399721509893425,1.5639173150817218
"{'ar': '44100', 'sample_fmt': 's16p', 'compression_level': '7', 'reservoir': '1', 'b:a': '281k', 'abr': 'True'}",386.8759765625,-2.596,-0.71,0.5506566940166522,1.9846427295687536
"{'ar': '44100', 'sample_fmt': 's16p', 'compression_level': '1', 'reservoir': '0', 'aq': '9'}",112.5185546875,-3.341,-1.719,0.5805610870011151,0.36611361451204444
"{'ar': '44100', 'sample_fmt': 's32p', 'compression_level': '1', 'reservoir': '1', 'b:a': '32k', 'abr': 'True'}",48.244140625,-3.132,-1.375,0.9593675000069197,1.0361500462189879
"{'ar': '44100', 'sample_fmt': 's16p', 'compression_level': '8', 'reservoir': '1', 'b:a': '210k'}",312.220703125,-2.602,-0.717,0.5579304519924335,2.087042046794907
"{'ar': '11025', 'sample_fmt': 's16p', 'compression_level': '7', 'reservoir': '1', 'b:a': '100k', 'abr': 'True'}",88.5517578125,-3.849,-3.438,0.4733339679951314,-1.3135993751371484
"{'ar': '44100', 'sample_fmt': 's32p', 'compression_level': '1', 'reservoir': '0', 'aq': '5'}",179.8193359375,-2.878,-1.033,0.5916347659949679,1.5530713390195092
"{'ar': '44100', 'sample_fmt': 's32p', 'compression_level': '9', 'reservoir': '1', 'b:a': '148k'}",223.037109375,-2.692,-0.815,0.5500771799706854,1.9893202795475557
"{'ar': '44100', 'sample_fmt': 's32p', 'compression_level': '7', 'reservoir': '1', 'b:a': '164k', 'abr': 'True'}",221.1787109375,-2.699,-0.824,0.6032903459854424,1.969203830779362
"{'ar': '44100', 'sample_fmt': 's16p', 'compression_level': '8', 'reservoir': '1', 'b:a': '239k'}",312.220703125,-2.602,-0.717,0.5519187490281183,2.0874863891301634
"{'ar': '44100', 'sample_fmt': 's32p', 'compression_level': '8', 'reservoir': '1', 'b:a': '139k'}",178.4443359375,-2.916,-1.081,0.5586528230051044,1.4540235271348958
"{'ar': '44100', 'sample_fmt': 's32p', 'compression_level': '4', 'reservoir': '1', 'b:a': '144k', 'abr': 'True'}",193.55859375,-2.716,-0.843,0.6596510480158031,1.963507838907631
"{'ar': '44100', 'sample_fmt': 's32p', 'compression_level': '8', 'reservoir': '1', 'b:a': '148k'}",223.037109375,-2.692,-0.815,0.5807025289977901,1.98705667151743
"{'ar': '44100', 'sample_fmt': 's32p', 'compression_level': '8', 'reservoir': '1', 'b:a': '163k'}",223.037109375,-2.692,-0.815,0.5970287800009828,1.985849951135567
"{'ar': '44100', 'sample_fmt': 's32p', 'compression_level': '7', 'reservoir': '1', 'b:a': '144k', 'abr': 'True'}",192.5791015625,-2.807,-0.948,0.5506734089867678,1.727978156014913
"{'ar': '44100', 'sample_fmt': 's32p', 'compression_level': '4', 'reservoir': '1', 'b:a': '148k', 'abr': 'True'}",199.1728515625,-2.703,-0.828,0.6678575440018903,1.988963868601118
"{'ar': '44100', 'sample_fmt': 's32p', 'compression_level': '7', 'reservoir': '1', 'b:a': '283k', 'abr': 'True'}",389.513671875,-2.598,-0.712,0.5417033359990455,1.9758048285816971
"{'ar': '44100', 'sample_fmt': 's32p', 'compression_level': '4', 'reservoir': '1', 'b:a': '161k', 'abr': 'True'}",216.009765625,-2.679,-0.801,0.6607577039976604,2.027058455543048
"{'ar': '44100', 'sample_fmt': 's32p', 'compression_level': '4', 'reservoir': '1', 'b:a': '159k', 'abr': 'True'}",213.396484375,-2.685,-0.808,0.6698598879738711,2.0143677713445163
"{'ar': '44100', 'sample_fmt': 's32p', 'compression_level': '5', 'reservoir': '1', 'b:a': '164k', 'abr': 'True'}",223.013671875,-2.665,-0.786,0.6488016179937404,2.0541172849345433
"{'ar': '44100', 'sample_fmt': 's32p', 'compression_level': '9', 'reservoir': '1', 'b:a': '148k'}",223.037109375,-2.692,-0.815,0.5484223089879379,1.9894425958431858
"{'ar': '44100', 'sample_fmt': 's16p', 'compression_level': '8', 'reservoir': '1', 'b:a': '138k', 'abr': 'True'}",183.8095703125,-2.848,-0.997,0.5360614320088644,1.6320664867507593
"{'ar': '44100', 'sample_fmt': 's32p', 'compression_level': '8', 'reservoir': '1', 'b:a': '144k'}",178.4443359375,-2.918,-1.084,0.5636344270315021,1.4480490714886527
"{'ar': '44100', 'sample_fmt': 's16p', 'compression_level': '8', 'reservoir': '1', 'b:a': '295k'}",445.9951171875,-2.585,-0.699,0.5536071160167921,1.9191896937443844
"{'ar': '44100', 'sample_fmt': 's32p', 'compression_level': '8', 'reservoir': '1', 'b:a': '148k'}",223.037109375,-2.692,-0.815,0.5492293540155515,1.98938294481346
"{'ar': '44100', 'sample_fmt': 's32p', 'compression_level': '7', 'reservoir': '1', 'b:a': '161k', 'abr': 'True'}",216.876953125,-2.712,-0.838,0.5528572759940289,1.9450900377839389
"{'ar': '44100', 'sample_fmt': 's32p', 'compression_level': '7', 'reservoir': '1', 'b:a': '158k', 'abr': 'True'}",212.5205078125,-2.731,-0.86,0.5583612229966093,1.900425746865422
"{'ar': '11025', 'sample_fmt': 's16p', 'compression_level': '7', 'reservoir': '1', 'b:a': '99k', 'abr': 'True'}",88.5517578125,-3.849,-3.438,0.5135695820208639,-1.3165733056195432
"{'ar': '44100', 'sample_fmt': 's16p', 'compression_level': '8', 'reservoir': '1', 'b:a': '216k'}",312.220703125,-2.602,-0.717,0.5527652209857479,2.0874238239421268
"{'ar': '32000', 'sample_fmt': 'fltp', 'compression_level': '1', 'reservoir': '1', 'b:a': '134k'}",178.953125,-3.29,-1.627,0.9301704259996768,0.38211468888636674
"{'ar': '44100', 'sample_fmt': 's32p', 'compression_level': '8', 'reservoir': '0', 'b:a': '147k'}",223.037109375,-2.706,-0.831,0.5611621580028441,1.9508344925384036
"{'ar': '44100', 'sample_fmt': 'fltp', 'compression_level': '3', 'reservoir': '1', 'b:a': '32k'}",44.771484375,-3.302,-1.648,0.6020348590100184,0.5858931509778058
"{'ar': '44100', 'sample_fmt': 's16p', 'compression_level': '8', 'reservoir': '1', 'b:a': '221k'}",312.220703125,-2.602,-0.717,0.5574651660281233,2.087076437424845
"{'ar': '44100', 'sample_fmt': 's32p', 'compression_level': '7', 'reservoir': '1', 'b:a': '148k'}",223.037109375,-2.692,-0.815,0.5596242179744877,1.9886146303851513
"{'ar': '32000', 'sample_fmt': 's32p', 'compression_level': '6', 'reservoir': '1', 'b:a': '106k'}",156.59375,-3.319,-1.678,0.6185458799882326,0.357169246657264
"{'ar': '44100', 'sample_fmt': 's32p', 'compression_level': '7', 'reservoir': '1', 'b:a': '164k', 'abr': 'True'}",221.1787109375,-2.699,-0.824,0.6310860380181111,1.9671493708732115
"{'ar': '44100', 'sample_fmt': 's32p', 'compression_level': '4', 'reservoir': '1', 'b:a': '161k', 'abr': 'True'}",216.009765625,-2.679,-0.801,0.704392266983632,2.0238332989226726
"{'ar': '44100', 'sample_fmt': 's16p', 'compression_level': '8', 'reservoir': '1', 'b:a': '149k'}",223.037109375,-2.689,-0.812,0.5812302790000103,1.9949538527269115
"{'ar': '44100', 'sample_fmt': 's16p', 'compression_level': '8', 'reservoir': '1', 'b:a': '295k'}",445.9951171875,-2.585,-0.699,0.561342741973931,1.9186179312799263
"{'ar': '44100', 'sample_fmt': 's16p', 'compression_level': '8', 'reservoir': '1', 'b:a': '240k'}",312.220703125,-2.602,-0.717,0.5607374899846036,2.0868345705067406
"{'ar': '32000', 'sample_fmt': 's32p', 'compression_level': '7', 'reservoir': '1', 'b:a': '136k'}",178.953125,-3.299,-1.642,0.5182738400180824,0.38685783895717474
"{'ar': '44100', 'sample_fmt': 's16p', 'compression_level': '8', 'reservoir': '1', 'b:a': '295k'}",445.9951171875,-2.585,-0.699,0.5580995580239687,1.918857644375957
"{'ar': '44100', 'sample_fmt': 's32p', 'compression_level': '4', 'reservoir': '1', 'b:a': '144k', 'abr': 'True'}",193.55859375,-2.716,-0.843,0.6633907339710277,1.9632314279138852
"{'ar': '44100', 'sample_fmt': 's32p', 'compression_level': '5', 'reservoir': '1', 'b:a': '293k', 'abr': 'True'}",397.35546875,-2.592,-0.706,0.6397110580001026,1.9719202944246483
"{'ar': '44100', 'sample_fmt': 's32p', 'compression_level': '5', 'reservoir': '1', 'b:a': '163k', 'abr': 'True'}",221.7880859375,-2.672,-0.794,0.6604492299957201,2.0363787682547323
"{'ar': '44100', 'sample_fmt': 's32p', 'compression_level': '1', 'reservoir': '1', 'b:a': '120k', 'abr': 'True'}",159.765625,-3.126,-1.366,1.0811147409840487,0.8660192230063632
"{'ar': '44100', 'sample_fmt': 's32p', 'compression_level': '1', 'reservoir': '1', 'aq': '5'}",164.3330078125,-2.878,-1.033,0.6063779630057979,1.5766926124188236
"{'ar': '44100', 'sample_fmt': 's32p', 'compression_level': '8', 'reservoir': '1', 'b:a': '164k', 'abr': 'True'}",221.1787109375,-2.699,-0.824,0.5455166000174358,1.9734740552652243
"{'ar': '44100', 'sample_fmt': 's16p', 'compression_level': '1', 'reservoir': '0', 'b:a': '32k', 'abr': 'True'}",53.09375,-3.138,-1.383,0.9448395579820499,1.012982204058765
"{'ar': '44100', 'sample_fmt': 's16p', 'compression_level': '1', 'reservoir': '1', 'b:a': '136k', 'abr': 'True'}",180.43359375,-2.894,-1.054,1.0436263359733857,1.4747795547534996
"{'ar': '44100', 'sample_fmt': 's16p', 'compression_level': '8', 'reservoir': '0', 'b:a': '123k'}",178.4443359375,-2.885,-1.043,0.5419343290268444,1.5394747318020117
"{'ar': '44100', 'sample_fmt': 'fltp', 'compression_level': '1', 'reservoir': '1', 'b:a': '152k', 'abr': 'True'}",204.8466796875,-2.753,-0.885,1.1078331120079383,1.8129124553130993
"{'ar': '44100', 'sample_fmt': 's16p', 'compression_level': '8', 'reservoir': '1', 'b:a': '295k'}",445.9951171875,-2.585,-0.699,0.5776693370135035,1.9174111854693405
"{'ar': '44100', 'sample_fmt': 's16p', 'compression_level': '8', 'reservoir': '1', 'b:a': '168k'}",223.037109375,-2.689,-0.812,0.5427589619939681,1.9977973789191297
"{'ar': '44100', 'sample_fmt': 's32p', 'compression_level': '9', 'reservoir': '1', 'b:a': '148k'}",223.037109375,-2.692,-0.815,0.5703841920185369,1.9878193296155666
"{'ar': '44100', 'sample_fmt': 's32p', 'compression_level': '5', 'reservoir': '0', 'b:a': '158k', 'abr': 'True'}",229.76171875,-2.681,-0.803,0.6594474879675545,1.9999210000206153
"{'ar': '48000', 'sample_fmt': 's32p', 'compression_level': '1', 'reservoir': '1', 'b:a': '32k', 'abr': 'True'}",49.2734375,-3.404,-1.84,0.9936544389929622,0.2515421352680797
"{'ar': '44100', 'sample_fmt': 's16p', 'compression_level': '5', 'reservoir': '1', 'b:a': '295k'}",445.9951171875,-2.586,-0.699,0.7958237580023706,1.898956824079528
"{'ar': '44100', 'sample_fmt': 's32p', 'compression_level': '9', 'reservoir': '1', 'b:a': '148k'}",223.037109375,-2.692,-0.815,0.9660400089924224,1.9585752650442403
"{'ar': '11025', 'sample_fmt': 'fltp', 'compression_level': '3', 'reservoir': '1', 'b:a': '115k'}",90.587890625,-3.848,-3.428,0.6922538650105707,-1.3275448403780994
"{'ar': '44100', 'sample_fmt': 's16p', 'compression_level': '8', 'reservoir': '1', 'b:a': '296k', 'abr': 'True'}",406.427734375,-2.592,-0.706,0.5570430919760838,1.9635542294736104
"{'ar': '44100', 'sample_fmt': 's16p', 'compression_level': '8', 'reservoir': '1', 'b:a': '295k', 'abr': 'True'}",405.4072265625,-2.591,-0.705,0.6116563230170868,1.9637913922210126
"{'ar': '44100', 'sample_fmt': 's16p', 'compression_level': '4', 'reservoir': '1', 'b:a': '187k', 'abr': 'True'}",253.8388671875,-2.624,-0.741,0.6988150679680984,2.1109570528771195
"{'ar': '44100', 'sample_fmt': 's32p', 'compression_level': '4', 'reservoir': '1', 'b:a': '144k', 'abr': 'True'}",193.55859375,-2.716,-0.843,0.682056384976022,1.9618517957188355
"{'ar': '44100', 'sample_fmt': 's32p', 'compression_level': '7', 'reservoir': '0', 'b:a': '115k'}",156.1484375,-3.098,-1.324,0.5460253940254916,0.9898285533010747
"{'ar': '44100', 'sample_fmt': 's16p', 'compression_level': '8', 'reservoir': '1', 'b:a': '295k'}",445.9951171875,-2.585,-0.699,0.581764322007075,1.9171085132971315
"{'ar': '44100', 'sample_fmt': 's32p', 'compression_level': '5', 'reservoir': '1', 'b:a': '164k', 'abr': 'True'}",223.013671875,-2.665,-0.786,0.6687760409840848,2.052640917620719
"{'ar': '44100', 'sample_fmt': 's16p', 'compression_level': '2', 'reservoir': '0', 'b:a': '136k'}",178.4443359375,-2.936,-1.106,0.7864938559941947,1.3826979211477772
"{'ar': '44100', 'sample_fmt': 's32p', 'compression_level': '7', 'reservoir': '1', 'b:a': '123k', 'abr': 'True'}",162.359375,-3.041,-1.245,0.5594816479715519,1.136651060532827
"{'ar': '44100', 'sample_fmt': 's32p', 'compression_level': '8', 'reservoir': '1', 'b:a': '211k', 'abr': 'True'}",289.4580078125,-2.611,-0.726,0.5550533260102384,2.0997677645560597
"{'ar': '44100', 'sample_fmt': 's16p', 'compression_level': '8', 'reservoir': '1', 'b:a': '150k', 'abr': 'True'}",200.8037109375,-2.767,-0.902,0.5438743889972102,1.8230655734134147
"{'ar': '44100', 'sample_fmt': 's32p', 'compression_level': '4', 'reservoir': '1', 'b:a': '163k'}",223.037109375,-2.656,-0.776,0.9908539130410645,2.0529218377714122
"{'ar': '44100', 'sample_fmt': 's32p', 'compression_level': '8', 'reservoir': '1', 'b:a': '211k'}",312.220703125,-2.6,-0.715,0.568598571990151,2.091544327714563
"{'ar': '44100', 'sample_fmt': 'fltp', 'compression_level': '7', 'reservoir': '1', 'b:a': '141k', 'abr': 'True'}",187.755859375,-2.823,-0.967,0.5964671819820069,1.6890169676400852
"{'ar': '44100', 'sample_fmt': 's16p', 'compression_level': '9', 'reservoir': '1', 'b:a': '211k'}",312.220703125,-2.602,-0.717,0.6181486409914214,2.082591146462078
"{'ar': '44100', 'sample_fmt': 's32p', 'compression_level': '8', 'reservoir': '1', 'b:a': '148k'}",223.037109375,-2.692,-0.815,0.6062374509929214,1.9851693116566278
"{'ar': '44100', 'sample_fmt': 's16p', 'compression_level': '8', 'reservoir': '1', 'aq': '9'}",97.146484375,-3.315,-1.67,0.5279406239860691,0.4705674592847844
"{'ar': '44100', 'sample_fmt': 's32p', 'compression_level': '8', 'reservoir': '1', 'b:a': '146k', 'abr': 'True'}",195.5517578125,-2.795,-0.934,0.5559842610091437,1.7552179249942697
"{'ar': '44100', 'sample_fmt': 's16p', 'compression_level': '8', 'reservoir': '1', 'b:a': '137k'}",178.4443359375,-2.914,-1.079,0.5437660249881446,1.460414645878931
"{'ar': '44100', 'sample_fmt': 's32p', 'compression_level': '7', 'reservoir': '1', 'b:a': '124k', 'abr': 'True'}",163.5791015625,-3.027,-1.226,0.5622602000366896,1.1731122546963648
"{'ar': '44100', 'sample_fmt': 's16p', 'compression_level': '8', 'reservoir': '1', 'b:a': '168k'}",223.037109375,-2.689,-0.812,0.5548330720048398,1.9969049465634023
"{'ar': '44100', 'sample_fmt': 'fltp', 'compression_level': '2', 'reservoir': '1', 'b:a': '32k'}",44.771484375,-3.268,-1.589,0.6609039549948648,0.6793718985690581
"{'ar': '44100', 'sample_fmt': 's16p', 'compression_level': '7', 'reservoir': '1', 'b:a': '138k', 'abr': 'True'}",183.8095703125,-2.848,-0.997,0.6064139079826418,1.6268665319873856
"{'ar': '32000', 'sample_fmt': 's16p', 'compression_level': '9', 'reservoir': '1', 'b:a': '212k'}",313.109375,-3.179,-1.445,0.5325832829985302,0.5134696536271768
"{'ar': '44100', 'sample_fmt': 's32p', 'compression_level': '4', 'reservoir': '1', 'b:a': '161k', 'abr': 'True'}",216.009765625,-2.679,-0.801,0.710598817007849,2.0233745548782616
"{'ar': '48000', 'sample_fmt': 's16p', 'compression_level': '8', 'reservoir': '1', 'b:a': '211k'}",312.453125,-3.481,-2.003,0.5614761520409957,-0.3672857656347262
"{'ar': '44100', 'sample_fmt': 's16p', 'compression_level': '1', 'reservoir': '0', 'aq': '6'}",147.916015625,-3.069,-1.283,0.5901985859673005,1.0802017613013561
"{'ar': '44100', 'sample_fmt': 's16p', 'compression_level': '7', 'reservoir': '1', 'b:a': '115k', 'abr': 'True'}",150.6689453125,-3.121,-1.359,0.5415874570026062,0.934270391247995
"{'ar': '44100', 'sample_fmt': 'fltp', 'compression_level': '1', 'reservoir': '1', 'b:a': '32k'}",44.771484375,-3.12,-1.357,0.9484448680013884,1.076136069578116
"{'ar': '44100', 'sample_fmt': 's32p', 'compression_level': '5', 'reservoir': '1', 'b:a': '163k', 'abr': 'True'}",221.7880859375,-2.672,-0.794,0.7110719690099359,2.0326370953536945
"{'ar': '44100', 'sample_fmt': 'fltp', 'compression_level': '1', 'reservoir': '1', 'b:a': '32k'}",44.771484375,-3.12,-1.357,0.9777641760010738,1.0739689948137734
"{'ar': '44100', 'sample_fmt': 's32p', 'compression_level': '7', 'reservoir': '1', 'b:a': '281k', 'abr': 'True'}",386.671875,-2.596,-0.711,0.5564848040230572,1.9842221763506565
"{'ar': '44100', 'sample_fmt': 's32p', 'compression_level': '8', 'reservoir': '1', 'b:a': '146k'}",223.037109375,-2.692,-0.815,0.5476871139835566,1.9894969362301036
"{'ar': '44100', 'sample_fmt': 's32p', 'compression_level': '7', 'reservoir': '1', 'b:a': '163k', 'abr': 'True'}",219.640625,-2.703,-0.829,0.5810183110006619,1.9624072471365734
"{'ar': '44100', 'sample_fmt': 's32p', 'compression_level': '4', 'reservoir': '1', 'b:a': '159k', 'abr': 'True'}",213.396484375,-2.685,-0.808,0.6852074390044436,2.0132333895053143
"{'ar': '11025', 'sample_fmt': 's16p', 'compression_level': '3', 'reservoir': '1', 'aq': '4'}",69.201171875,-3.846,-3.414,0.5063959360122681,-1.270605220291858
"{'ar': '44100', 'sample_fmt': 's16p', 'compression_level': '8', 'reservoir': '1', 'b:a': '211k'}",312.220703125,-2.602,-0.717,0.5549576260091271,2.087261776952497
"{'ar': '44100', 'sample_fmt': 'fltp', 'compression_level': '1', 'reservoir': '1', 'b:a': '32k'}",44.771484375,-3.12,-1.357,0.9793634839879815,1.0738507853397001
"{'ar': '44100', 'sample_fmt': 's32p', 'compression_level': '4', 'reservoir': '1', 'b:a': '187k', 'abr': 'True'}",254.04296875,-2.623,-0.739,0.6730919639812782,2.1154934988270733
"{'ar': '44100', 'sample_fmt': 's32p', 'compression_level': '4', 'reservoir': '1', 'b:a': '146k', 'abr': 'True'}",196.578125,-2.72,-0.848,0.6611363110132515,1.9476828562908666
"{'ar': '44100', 'sample_fmt': 's32p', 'compression_level': '4', 'reservoir': '1', 'b:a': '145k', 'abr': 'True'}",194.9853515625,-2.722,-0.85,0.6747409810195677,1.9439280355341935
"{'ar': '44100', 'sample_fmt': 's16p', 'compression_level': '8', 'reservoir': '1', 'b:a': '298k'}",445.9951171875,-2.585,-0.699,0.5742099479830358,1.9176668789075366
"{'ar': '44100', 'sample_fmt': 's32p', 'compression_level': '8', 'reservoir': '0', 'b:a': '148k'}",223.037109375,-2.706,-0.831,0.5750350169546437,1.9498091094514614
"{'ar': '44100', 'sample_fmt': 's32p', 'compression_level': '6', 'reservoir': '1', 'b:a': '150k', 'abr': 'True'}",204.796875,-2.694,-0.818,0.697064074978698,2.0019550989814614
"{'ar': '44100', 'sample_fmt': 's32p', 'compression_level': '4', 'reservoir': '1', 'b:a': '144k', 'abr': 'True'}",193.55859375,-2.716,-0.843,0.7837917180149816,1.9543322433176304
"{'ar': '44100', 'sample_fmt': 's32p', 'compression_level': '7', 'reservoir': '1', 'b:a': '148k'}",223.037109375,-2.692,-0.815,0.5680102279875427,1.9879947961560143
"{'ar': '44100', 'sample_fmt': 's16p', 'compression_level': '9', 'reservoir': '1', 'b:a': '210k'}",312.220703125,-2.602,-0.717,0.5614278249850031,2.0867835458523274
"{'ar': '44100', 'sample_fmt': 's32p', 'compression_level': '2', 'reservoir': '1', 'b:a': '175k', 'abr': 'True'}",228.66796875,-2.667,-0.788,0.8392237509833649,2.0257294810186894
"{'ar': '44100', 'sample_fmt': 's32p', 'compression_level': '4', 'reservoir': '1', 'b:a': '144k', 'abr': 'True'}",193.55859375,-2.716,-0.843,0.6802018269663677,1.9619888714595648
"{'ar': '44100', 'sample_fmt': 's32p', 'compression_level': '1', 'reservoir': '1', 'aq': '9'}",103.837890625,-3.343,-1.721,0.5681791240058374,0.3755894370928047
"{'ar': '11025', 'sample_fmt': 'fltp', 'compression_level': '3', 'reservoir': '1', 'aq': '8'}",47.9248046875,-3.835,-3.334,0.5393435989972204,-1.1882245422815794
"{'ar': '44100', 'sample_fmt': 'fltp', 'compression_level': '7', 'reservoir': '1', 'b:a': '161k', 'abr': 'True'}",216.876953125,-2.712,-0.838,0.5601671570329927,1.9445497433564558
"{'ar': '44100', 'sample_fmt': 's32p', 'compression_level': '7', 'reservoir': '1', 'b:a': '168k', 'abr': 'True'}",226.8955078125,-2.684,-0.807,0.5498008200083859,2.004347166248237
"{'ar': '44100', 'sample_fmt': 's16p', 'compression_level': '2', 'reservoir': '1', 'b:a': '137k', 'abr': 'True'}",179.9287109375,-2.869,-1.023,0.7804863729979843,1.5630622699138397
"{'ar': '44100', 'sample_fmt': 's32p', 'compression_level': '1', 'reservoir': '1', 'aq': '5'}",164.3330078125,-2.878,-1.033,0.6011824010056444,1.577076631417404
"{'ar': '44100', 'sample_fmt': 'fltp', 'compression_level': '1', 'reservoir': '1', 'b:a': '32k'}",44.771484375,-3.12,-1.357,0.9493390079878736,1.076069981108343
"{'ar': '44100', 'sample_fmt': 's16p', 'compression_level': '1', 'reservoir': '0', 'aq': '6'}",147.916015625,-3.069,-1.283,0.5998765099793673,1.0794864379759215
"{'ar': '44100', 'sample_fmt': 'fltp', 'compression_level': '4', 'reservoir': '0', 'b:a': '138k', 'abr': 'True'}",204.587890625,-2.806,-0.946,0.6995348340133205,1.7007742329669302
"{'ar': '44100', 'sample_fmt': 's32p', 'compression_level': '8', 'reservoir': '1', 'b:a': '148k'}",223.037109375,-2.692,-0.815,0.5506579980137758,1.9892773496078768
"{'ar': '44100', 'sample_fmt': 's32p', 'compression_level': '8', 'reservoir': '1', 'b:a': '148k'}",223.037109375,-2.692,-0.815,0.5515526709787082,1.989211221744127
"{'ar': '44100', 'sample_fmt': 's32p', 'compression_level': '1', 'reservoir': '0', 'aq': '9'}",112.5185546875,-3.343,-1.721,0.624356859974796,0.35758574990441666
"{'ar': '44100', 'sample_fmt': 's32p', 'compression_level': '1', 'reservoir': '1', 'aq': '6'}",137.603515625,-3.079,-1.298,0.6065021649992559,1.0674207534352644
"{'ar': '44100', 'sample_fmt': 's16p', 'compression_level': '1', 'reservoir': '0', 'aq': '9'}",112.5185546875,-3.341,-1.719,0.6430339310027193,0.361496066113766
"{'ar': '44100', 'sample_fmt': 's32p', 'compression_level': '5', 'reservoir': '1', 'b:a': '164k', 'abr': 'True'}",223.013671875,-2.665,-0.786,0.695853018987691,2.0506395799449835
"{'ar': '44100', 'sample_fmt': 's16p', 'compression_level': '8', 'reservoir': '1', 'b:a': '284k', 'abr': 'True'}",390.736328125,-2.596,-0.711,0.5737318469909951,1.9764618935745264
"{'ar': '44100', 'sample_fmt': 's32p', 'compression_level': '5', 'reservoir': '1', 'b:a': '173k'}",223.037109375,-2.652,-0.771,0.7022295339847915,2.085151942919277
"{'ar': '44100', 'sample_fmt': 's16p', 'compression_level': '7', 'reservoir': '1', 'b:a': '123k', 'abr': 'True'}",162.3076171875,-3.043,-1.248,0.5739592150202952,1.130057318933186
"{'ar': '44100', 'sample_fmt': 'fltp', 'compression_level': '1', 'reservoir': '1', 'b:a': '32k'}",44.771484375,-3.12,-1.357,1.2798065129900351,1.0516441730185653
"{'ar': '44100', 'sample_fmt': 'fltp', 'compression_level': '1', 'reservoir': '1', 'b:a': '32k'}",44.771484375,-3.12,-1.357,0.999167653004406,1.0723870019889905
"{'ar': '44100', 'sample_fmt': 's32p', 'compression_level': '4', 'reservoir': '1', 'b:a': '161k', 'abr': 'True'}",216.009765625,-2.679,-0.801,0.7215262319950853,2.0225668780647914
"{'ar': '44100', 'sample_fmt': 's32p', 'compression_level': '1', 'reservoir': '1', 'aq': '6'}",137.603515625,-3.079,-1.298,0.6219519959704485,1.0662788117901416
"{'ar': '44100', 'sample_fmt': 's32p', 'compression_level': '7', 'reservoir': '1', 'b:a': '277k', 'abr': 'True'}",381.2900390625,-2.598,-0.713,0.6063014279934578,1.9838368983782755
"{'ar': '44100', 'sample_fmt': 's32p', 'compression_level': '9', 'reservoir': '1', 'b:a': '132k'}",178.4443359375,-2.916,-1.081,0.5732230229768902,1.4529466015583912
"{'ar': '44100', 'sample_fmt': 's16p', 'compression_level': '8', 'reservoir': '1', 'b:a': '295k'}",445.9951171875,-2.585,-0.699,0.5819874980079476,1.9170920177141013
"{'ar': '32000', 'sample_fmt': 's16p', 'compression_level': '5', 'reservoir': '1', 'b:a': '212k'}",313.109375,-3.173,-1.436,0.6158099499880336,0.5241368829084186
"{'ar': '44100', 'sample_fmt': 'fltp', 'compression_level': '1', 'reservoir': '1', 'b:a': '32k'}",44.771484375,-3.12,-1.357,0.9497641710040625,1.0760385560814247
"{'ar': '44100', 'sample_fmt': 's32p', 'compression_level': '4', 'reservoir': '1', 'b:a': '182k', 'abr': 'True'}",247.744140625,-2.637,-0.755,0.6528360590164084,2.089375024137918
"{'ar': '32000', 'sample_fmt': 's16p', 'compression_level': '9', 'reservoir': '0', 'b:a': '109k', 'abr': 'True'}",159.96875,-3.455,-1.946,0.525111711001955,-0.04272453132503263
"{'ar': '44100', 'sample_fmt': 's32p', 'compression_level': '4', 'reservoir': '1', 'b:a': '145k', 'abr': 'True'}",194.9853515625,-2.722,-0.85,0.6726887580007315,1.9440797212668504
"{'ar': '44100', 'sample_fmt': 'fltp', 'compression_level': '5', 'reservoir': '1', 'b:a': '160k'}",223.037109375,-2.652,-0.771,0.6555701420002151,2.088600673390352
"{'ar': '44100', 'sample_fmt': 's32p', 'compression_level': '4', 'reservoir': '1', 'aq': '9'}",103.837890625,-3.343,-1.721,0.5740272889961489,0.37515718232170464
"{'ar': '48000', 'sample_fmt': 's32p', 'compression_level': '4', 'reservoir': '1', 'b:a': '32k', 'abr': 'True'}",48.6640625,-3.353,-1.741,0.6052288110076915,0.4312813659321254
"{'ar': '44100', 'sample_fmt': 's32p', 'compression_level': '7', 'reservoir': '1', 'b:a': '188k', 'abr': 'True'}",256.3818359375,-2.638,-0.756,0.5494638480013236,2.0805873019748122
"{'ar': '44100', 'sample_fmt': 's16p', 'compression_level': '8', 'reservoir': '1', 'b:a': '211k'}",312.220703125,-2.602,-0.717,0.5556311800028197,2.087211992630774
"{'ar': '44100', 'sample_fmt': 's32p', 'compression_level': '2', 'reservoir': '1', 'b:a': '164k', 'abr': 'True'}",217.8046875,-2.687,-0.81,0.7935950979881454,1.9928973382736241
"{'ar': '44100', 'sample_fmt': 's32p', 'compression_level': '6', 'reservoir': '1', 'b:a': '244k', 'abr': 'True'}",339.572265625,-2.592,-0.706,0.6287471349933185,2.064933281776944
"{'ar': '44100', 'sample_fmt': 's32p', 'compression_level': '8', 'reservoir': '1', 'b:a': '253k', 'abr': 'True'}",349.12109375,-2.602,-0.717,0.5586779919976834,2.02810614663577
"{'ar': '44100', 'sample_fmt': 's16p', 'compression_level': '1', 'reservoir': '0', 'b:a': '32k', 'abr': 'True'}",53.09375,-3.138,-1.383,0.9599107590038329,1.0118682480471501
"{'ar': '44100', 'sample_fmt': 's16p', 'compression_level': '7', 'reservoir': '1', 'b:a': '123k', 'abr': 'True'}",162.3076171875,-3.043,-1.248,0.5762739269994199,1.1298862318830845
"{'ar': '11025', 'sample_fmt': 's16p', 'compression_level': '7', 'reservoir': '1', 'b:a': '100k', 'abr': 'True'}",88.5517578125,-3.849,-3.438,0.5120072070276365,-1.3164578259697404
"{'ar': '44100', 'sample_fmt': 's32p', 'compression_level': '8', 'reservoir': '1', 'b:a': '295k'}",445.9951171875,-2.585,-0.698,0.56484493802418,1.9186745322596053
"{'ar': '44100', 'sample_fmt': 'fltp', 'compression_level': '5', 'reservoir': '1', 'b:a': '292k', 'abr': 'True'}",396.7490234375,-2.588,-0.701,0.6376871960237622,1.9839346106231242
"{'ar': '44100', 'sample_fmt': 's16p', 'compression_level': '8', 'reservoir': '1', 'b:a': '168k', 'abr': 'True'}",226.796875,-2.686,-0.809,0.5515178609930445,1.999086847184883
"{'ar': '44100', 'sample_fmt': 's32p', 'compression_level': '8', 'reservoir': '1', 'b:a': '148k'}",223.037109375,-2.692,-0.815,0.5555990650318563,1.9889121410687147
"{'ar': '44100', 'sample_fmt': 's32p', 'compression_level': '7', 'reservoir': '1', 'b:a': '168k', 'abr': 'True'}",226.8955078125,-2.684,-0.807,0.5448741060099564,2.0047113139142474
"{'ar': '44100', 'sample_fmt': 's32p', 'compression_level': '4', 'reservoir': '1', 'b:a': '163k', 'abr': 'True'}",218.4130859375,-2.673,-0.794,0.6877140300057363,2.0374189783243755
"{'ar': '44100', 'sample_fmt': 's32p', 'compression_level': '9', 'reservoir': '1', 'b:a': '148k'}",223.037109375,-2.692,-0.815,0.5492688420054037,1.9893800261420402
"{'ar': '44100', 'sample_fmt': 's16p', 'compression_level': '8', 'reservoir': '1', 'b:a': '211k'}",312.220703125,-2.602,-0.717,0.5547779089829419,2.0872750603571455
"{'ar': '44100', 'sample_fmt': 'fltp', 'compression_level': '3', 'reservoir': '0', 'b:a': '32k'}",44.771484375,-3.291,-1.628,0.5921819409995805,0.6185598929928238
"{'ar': '44100', 'sample_fmt': 's32p', 'compression_level': '4', 'reservoir': '1', 'b:a': '159k', 'abr': 'True'}",213.396484375,-2.685,-0.808,0.6855887440324295,2.0132052061490198
"{'ar': '32000', 'sample_fmt': 's32p', 'compression_level': '9', 'reservoir': '0', 'b:a': '148k'}",223.671875,-3.202,-1.481,0.5245402920118067,0.5918313146896378
"{'ar': '44100', 'sample_fmt': 's32p', 'compression_level': '4', 'reservoir': '1', 'b:a': '163k', 'abr': 'True'}",218.4130859375,-2.673,-0.794,0.6812035639886744,2.0379001856778998
"{'ar': '44100', 'sample_fmt': 's32p', 'compression_level': '4', 'reservoir': '1', 'b:a': '144k', 'abr': 'True'}",193.55859375,-2.716,-0.843,0.8888749690086115,1.9465652366275066
"{'ar': '44100', 'sample_fmt': 's32p', 'compression_level': '4', 'reservoir': '1', 'b:a': '122k', 'abr': 'True'}",162.0029296875,-2.913,-1.077,0.8964604259817861,1.46354180839006
"{'ar': '44100', 'sample_fmt': 's32p', 'compression_level': '8', 'reservoir': '1', 'b:a': '148k'}",223.037109375,-2.692,-0.815,0.7625917489640415,1.9736127137507928
"{'ar': '44100', 'sample_fmt': 's32p', 'compression_level': '5', 'reservoir': '1', 'b:a': '293k', 'abr': 'True'}",397.35546875,-2.592,-0.706,0.6853092630044557,1.96854999934929
"{'ar': '44100', 'sample_fmt': 's32p', 'compression_level': '9', 'reservoir': '1', 'b:a': '123k'}",178.4443359375,-2.916,-1.081,0.5577514930046163,1.4540901470393774
"{'ar': '44100', 'sample_fmt': 's32p', 'compression_level': '4', 'reservoir': '1', 'aq': '5'}",164.3330078125,-2.878,-1.033,0.6966437689843588,1.5700208059007001
"{'ar': '44100', 'sample_fmt': 's16p', 'compression_level': '4', 'reservoir': '1', 'b:a': '123k', 'abr': 'True'}",163.2724609375,-2.891,-1.049,0.6765346309985034,1.5378628810833943
"{'ar': '11025', 'sample_fmt': 'fltp', 'compression_level': '1', 'reservoir': '1', 'aq': '6'}",55.0498046875,-3.839,-3.362,0.5018299179791939,-1.2149734948432445
"{'ar': '44100', 'sample_fmt': 's16p', 'compression_level': '8', 'reservoir': '1', 'b:a': '295k'}",445.9951171875,-2.585,-0.699,0.6419397280260455,1.9126607751779654
"{'ar': '44100', 'sample_fmt': 's32p', 'compression_level': '4', 'reservoir': '1', 'b:a': '144k', 'abr': 'True'}",193.55859375,-2.716,-0.843,0.6812723849725444,1.9619097434242452
"{'ar': '44100', 'sample_fmt': 's32p', 'compression_level': '8', 'reservoir': '1', 'b:a': '291k'}",445.9951171875,-2.585,-0.698,0.6621189189900178,1.9114847312799759
"{'ar': '44100', 'sample_fmt': 's32p', 'compression_level': '5', 'reservoir': '1', 'b:a': '165k', 'abr': 'True'}",224.142578125,-2.657,-0.777,0.655590067995945,2.0732928036069262
"{'ar': '44100', 'sample_fmt': 's32p', 'compression_level': '8', 'reservoir': '1', 'b:a': '208k'}",267.6279296875,-2.627,-0.744,0.5666386189695913,2.0907876883734775
"{'ar': '44100', 'sample_fmt': 'fltp', 'compression_level': '9', 'reservoir': '1', 'aq': '9'}",97.1474609375,-3.314,-1.668,0.5344377769797575,0.4730465323230947
"{'ar': '44100', 'sample_fmt': 's32p', 'compression_level': '4', 'reservoir': '1', 'b:a': '144k', 'abr': 'True'}",193.55859375,-2.716,-0.843,0.6793123319803271,1.9620546166039345
"{'ar': '44100', 'sample_fmt': 'fltp', 'compression_level': '5', 'reservoir': '1', 'b:a': '187k', 'abr': 'True'}",258.412109375,-2.623,-0.74,0.61718256099266,2.112338782868608
"{'ar': '48000', 'sample_fmt': 'fltp', 'compression_level': '1', 'reservoir': '0', 'b:a': '32k'}",44.796875,-3.413,-1.858,0.9815506669983733,0.23293216048426713
"{'ar': '44100', 'sample_fmt': 's32p', 'compression_level': '8', 'reservoir': '1', 'b:a': '148k'}",223.037109375,-2.692,-0.815,0.5489758540061302,1.989401681731575
"{'ar': '44100', 'sample_fmt': 's32p', 'compression_level': '8', 'reservoir': '1', 'b:a': '164k', 'abr': 'True'}",221.1787109375,-2.699,-0.824,0.5447744129633065,1.9735289124547408
"{'ar': '44100', 'sample_fmt': 's32p', 'compression_level': '4', 'reservoir': '1', 'b:a': '188k', 'abr': 'True'}",254.955078125,-2.623,-0.739,0.647944777039811,2.1158967794220898
"{'ar': '44100', 'sample_fmt': 's32p', 'compression_level': '4', 'reservoir': '1', 'b:a': '144k', 'abr': 'True'}",193.55859375,-2.716,-0.843,0.6630019920121413,1.9632601609552296
"{'ar': '44100', 'sample_fmt': 's32p', 'compression_level': '7', 'reservoir': '1', 'b:a': '189k', 'abr': 'True'}",258.0068359375,-2.64,-0.758,0.5467790819820948,2.072901993309961
"{'ar': '44100', 'sample_fmt': 's32p', 'compression_level': '5', 'reservoir': '1', 'b:a': '164k', 'abr': 'True'}",223.013671875,-2.665,-0.786,0.6578492970147636,2.0534485448373165
"{'ar': '11025', 'sample_fmt': 'fltp', 'compression_level': '1', 'reservoir': '1', 'b:a': '142k'}",90.7919921875,-3.847,-3.42,0.586189014982665,-1.3151773534025293
"{'ar': '44100', 'sample_fmt': 's32p', 'compression_level': '9', 'reservoir': '1', 'b:a': '148k'}",223.037109375,-2.692,-0.815,0.5459170199756045,1.9896277689924315
"{'ar': '48000', 'sample_fmt': 's16p', 'compression_level': '8', 'reservoir': '1', 'b:a': '123k', 'abr': 'True'}",161.0234375,-3.676,-2.551,0.5496763870178256,-0.7519917041255558
"{'ar': '44100', 'sample_fmt': 's16p', 'compression_level': '8', 'reservoir': '1', 'b:a': '281k'}",356.8115234375,-2.595,-0.709,0.5774936759844422,2.0332773107298334
"{'ar': '44100', 'sample_fmt': 's32p', 'compression_level': '1', 'reservoir': '1', 'aq': '5'}",164.3330078125,-2.878,-1.033,0.5889531840221025,1.5779805281776205
"{'ar': '44100', 'sample_fmt': 's16p', 'compression_level': '8', 'reservoir': '1', 'b:a': '146k'}",223.037109375,-2.689,-0.812,0.5489273789862636,1.9973414533972826
"{'ar': '44100', 'sample_fmt': 's16p', 'compression_level': '7', 'reservoir': '1', 'b:a': '170k'}",223.037109375,-2.689,-0.812,0.5537418260064442,1.9969856037079992
"{'ar': '44100', 'sample_fmt': 's32p', 'compression_level': '8', 'reservoir': '1', 'b:a': '143k'}",178.4443359375,-2.916,-1.081,0.5520113419916015,1.4545144181853387
"{'ar': '44100', 'sample_fmt': 's32p', 'compression_level': '1', 'reservoir': '1', 'b:a': '32k'}",44.771484375,-3.12,-1.357,0.9506673739815596,1.075971797739801
"{'ar': '44100', 'sample_fmt': 's16p', 'compression_level': '8', 'reservoir': '1', 'b:a': '211k'}",312.220703125,-2.602,-0.717,0.5605203130107839,2.0868506226843486
"{'ar': '44100', 'sample_fmt': 's16p', 'compression_level': '1', 'reservoir': '0', 'aq': '8'}",120.8779296875,-3.358,-1.75,0.5910371190111618,0.3026123879981715
"{'ar': '44100', 'sample_fmt': 's32p', 'compression_level': '1', 'reservoir': '1', 'b:a': '144k', 'abr': 'True'}",194.173828125,-2.798,-0.937,1.108827457006555,1.7086182119863864
"{'ar': '44100', 'sample_fmt': 'fltp', 'compression_level': '4', 'reservoir': '1', 'b:a': '144k', 'abr': 'True'}",193.609375,-2.716,-0.843,0.6659659660072066,1.962960055230324
"{'ar': '44100', 'sample_fmt': 's16p', 'compression_level': '7', 'reservoir': '1', 'b:a': '124k', 'abr': 'True'}",163.5283203125,-3.024,-1.221,0.5531022069917526,1.1824372838188693
"{'ar': '44100', 'sample_fmt': 's16p', 'compression_level': '9', 'reservoir': '1', 'b:a': '213k'}",312.220703125,-2.602,-0.717,0.5521239880181383,2.0874712193234295
"{'ar': '44100', 'sample_fmt': 's32p', 'compression_level': '8', 'reservoir': '1', 'b:a': '148k'}",223.037109375,-2.692,-0.815,0.5451994040049613,1.9896808100621761
"{'ar': '44100', 'sample_fmt': 's16p', 'compression_level': '8', 'reservoir': '1', 'b:a': '239k'}",312.220703125,-2.602,-0.717,0.5704951899824664,2.0861133507077048
"{'ar': '44100', 'sample_fmt': 's32p', 'compression_level': '8', 'reservoir': '1', 'b:a': '208k'}",267.6279296875,-2.627,-0.744,0.5533950599783566,2.091766558082145
"{'ar': '44100', 'sample_fmt': 's16p', 'compression_level': '1', 'reservoir': '0', 'b:a': '32k', 'abr': 'True'}",53.09375,-3.138,-1.383,0.946084463968873,1.0128901894604652
"{'ar': '44100', 'sample_fmt': 's16p', 'compression_level': '8', 'reservoir': '1', 'b:a': '211k'}",312.220703125,-2.602,-0.717,0.5717541869962588,2.0860202946008894
"{'ar': '44100', 'sample_fmt': 's32p', 'compression_level': '8', 'reservoir': '1', 'b:a': '292k'}",445.9951171875,-2.585,-0.698,0.5609908270125743,1.918959400739868
"{'ar': '44100', 'sample_fmt': 's16p', 'compression_level': '8', 'reservoir': '1', 'b:a': '295k'}",445.9951171875,-2.585,-0.699,0.5585542250191793,1.9188240386247057
"{'ar': '44100', 'sample_fmt': 's32p', 'compression_level': '9', 'reservoir': '1', 'b:a': '148k'}",223.037109375,-2.692,-0.815,0.5550363210204523,1.988953735104492
"{'ar': '44100', 'sample_fmt': 's32p', 'compression_level': '1', 'reservoir': '0', 'b:a': '137k'}",178.4443359375,-2.938,-1.109,1.0903698939655442,1.3546313143153097
"{'ar': '44100', 'sample_fmt': 's16p', 'compression_level': '8', 'reservoir': '1', 'b:a': '240k'}",312.220703125,-2.602,-0.717,0.5599589930207003,2.0868921114665957
"{'ar': '44100', 'sample_fmt': 's16p', 'compression_level': '8', 'reservoir': '1', 'b:a': '295k'}",445.9951171875,-2.585,-0.699,0.5640221730282065,1.9184198867892248
"{'ar': '44100', 'sample_fmt': 's32p', 'compression_level': '8', 'reservoir': '1', 'b:a': '211k'}",312.220703125,-2.6,-0.715,0.5622064599883743,2.0920167871808655
"{'ar': '44100', 'sample_fmt': 's32p', 'compression_level': '7', 'reservoir': '1', 'b:a': '150k'}",223.037109375,-2.692,-0.815,0.6289973380044103,1.9834870626491679
"{'ar': '44100', 'sample_fmt': 's16p', 'compression_level': '8', 'reservoir': '1', 'b:a': '212k'}",312.220703125,-2.602,-0.717,0.57935951903346,2.0854581625365025
"{'ar': '44100', 'sample_fmt': 's32p', 'compression_level': '9', 'reservoir': '1', 'b:a': '190k'}",267.6279296875,-2.63,-0.747,0.5778448389610276,2.0820232155396825
"{'ar': '44100', 'sample_fmt': 's32p', 'compression_level': '1', 'reservoir': '1', 'b:a': '32k'}",44.771484375,-3.12,-1.357,1.1842915999877732,1.0587039562026632
"{'ar': '8000', 'sample_fmt': 's32p', 'compression_level': '1', 'reservoir': '1', 'aq': '2'}",62.09375,-3.859,-3.518,0.7807054810109548,-1.34263603612589
"{'ar': '44100', 'sample_fmt': 's32p', 'compression_level': '9', 'reservoir': '1', 'b:a': '145k'}",223.037109375,-2.692,-0.815,0.8008126269851346,1.9707876982275272
"{'ar': '44100', 'sample_fmt': 's16p', 'compression_level': '7', 'reservoir': '1', 'b:a': '115k'}",156.1484375,-3.065,-1.278,0.6101031919824891,1.0764914135341725
"{'ar': '44100', 'sample_fmt': 's16p', 'compression_level': '8', 'reservoir': '1', 'b:a': '212k'}",312.220703125,-2.602,-0.717,0.7091351360140834,2.075866071734472
"{'ar': '44100', 'sample_fmt': 's16p', 'compression_level': '5', 'reservoir': '1', 'b:a': '160k'}",223.037109375,-2.666,-0.787,0.6916032270237338,2.048270899712767
"{'ar': '44100', 'sample_fmt': 'fltp', 'compression_level': '4', 'reservoir': '1', 'b:a': '144k', 'abr': 'True'}",193.609375,-2.716,-0.843,0.6707304770243354,1.9626078964553022
"{'ar': '44100', 'sample_fmt': 's16p', 'compression_level': '8', 'reservoir': '1', 'b:a': '245k'}",356.8115234375,-2.595,-0.709,0.5584408860013355,2.0346855574852873
"{'ar': '44100', 'sample_fmt': 's32p', 'compression_level': '4', 'reservoir': '1', 'b:a': '144k', 'abr': 'True'}",193.55859375,-2.716,-0.843,0.6844685350079089,1.9616735067407338
"{'ar': '44100', 'sample_fmt': 's32p', 'compression_level': '4', 'reservoir': '1', 'b:a': '144k', 'abr': 'True'}",193.55859375,-2.716,-0.843,0.6888784490292892,1.9613475572541785
"{'ar': '44100', 'sample_fmt': 's32p', 'compression_level': '4', 'reservoir': '1', 'b:a': '161k', 'abr': 'True'}",216.009765625,-2.679,-0.801,0.6854702679556794,2.0252318785407466
"{'ar': '44100', 'sample_fmt': 's16p', 'compression_level': '7', 'reservoir': '1', 'b:a': '282k'}",356.8115234375,-2.595,-0.709,0.6053051520138979,2.031221684182877
"{'ar': '44100', 'sample_fmt': 's32p', 'compression_level': '7', 'reservoir': '1', 'b:a': '281k', 'abr': 'True'}",386.671875,-2.596,-0.711,0.5732863580051344,1.9829803249523668
"{'ar': '48000', 'sample_fmt': 's32p', 'compression_level': '8', 'reservoir': '1', 'b:a': '137k', 'abr': 'True'}",181.34375,-3.645,-2.444,0.5863557749835309,-0.6811450644792355
"{'ar': '44100', 'sample_fmt': 's32p', 'compression_level': '4', 'reservoir': '1', 'b:a': '165k'}",223.037109375,-2.656,-0.776,0.7372728080081288,2.071664749897334
"{'ar': '44100', 'sample_fmt': 'fltp', 'compression_level': '4', 'reservoir': '1', 'b:a': '144k', 'abr': 'True'}",193.609375,-2.716,-0.843,0.6767251430137549,1.9621648133720837
"{'ar': '44100', 'sample_fmt': 'fltp', 'compression_level': '4', 'reservoir': '1', 'b:a': '144k', 'abr': 'True'}",193.609375,-2.716,-0.843,0.6836841240001377,1.9616504549813165
"{'ar': '44100', 'sample_fmt': 's32p', 'compression_level': '7', 'reservoir': '1', 'b:a': '281k', 'abr': 'True'}",386.671875,-2.596,-0.711,0.5710694110020995,1.9831441859106202
"{'ar': '44100', 'sample_fmt': 's32p', 'compression_level': '9', 'reservoir': '1', 'b:a': '150k'}",223.037109375,-2.692,-0.815,0.5732477710116655,1.9876076742186597
"{'ar': '44100', 'sample_fmt': 's32p', 'compression_level': '7', 'reservoir': '1', 'b:a': '189k', 'abr': 'True'}",258.0068359375,-2.64,-0.758,0.5715247659827583,2.0710729683096165
"{'ar': '44100', 'sample_fmt': 'fltp', 'compression_level': '3', 'reservoir': '1', 'aq': '9'}",103.837890625,-3.343,-1.721,0.5932655459910166,0.3737352271635556
"{'ar': '44100', 'sample_fmt': 'fltp', 'compression_level': '1', 'reservoir': '1', 'b:a': '32k'}",44.771484375,-3.12,-1.357,0.9523820039757993,1.0758450644829745
"{'ar': '44100', 'sample_fmt': 's16p', 'compression_level': '8', 'reservoir': '1', 'b:a': '306k'}",445.9951171875,-2.585,-0.699,0.5621342970407568,1.9185594251579563
"{'ar': '44100', 'sample_fmt': 's32p', 'compression_level': '8', 'reservoir': '0', 'b:a': '138k'}",178.4443359375,-2.892,-1.051,0.578931382013252,1.517906940595067
"{'ar': '44100', 'sample_fmt': 's32p', 'compression_level': '8', 'reservoir': '0', 'b:a': '144k'}",178.4443359375,-2.892,-1.051,0.5554451540228911,1.5196428755628382
"{'ar': '44100', 'sample_fmt': 's32p', 'compression_level': '6', 'reservoir': '1', 'b:a': '159k'}",223.037109375,-2.652,-0.771,0.9266799899924081,2.068562161227824
"{'ar': '44100', 'sample_fmt': 'fltp', 'compression_level': '8', 'reservoir': '0', 'aq': '1'}",255.537109375,-2.671,-0.792,0.6293381330033299,1.987787011742745
"{'ar': '44100', 'sample_fmt': 's32p', 'compression_level': '9', 'reservoir': '1', 'b:a': '32k'}",44.771484375,-3.286,-1.619,0.5545690770086367,0.6358287833041993
"{'ar': '44100', 'sample_fmt': 's32p', 'compression_level': '7', 'reservoir': '1', 'b:a': '281k'}",356.8115234375,-2.604,-0.719,0.5789504569838755,2.0090456112180095
"{'ar': '44100', 'sample_fmt': 's16p', 'compression_level': '8', 'reservoir': '1', 'b:a': '244k'}",356.8115234375,-2.595,-0.709,0.5684029700059909,2.0339492310737985
"{'ar': '44100', 'sample_fmt': 'fltp', 'compression_level': '8', 'reservoir': '0', 'b:a': '292k'}",445.9951171875,-2.591,-0.705,0.5651105410070159,1.9024670648935023
"{'ar': '44100', 'sample_fmt': 's16p', 'compression_level': '8', 'reservoir': '1', 'b:a': '268k', 'abr': 'True'}",369.3251953125,-2.595,-0.709,0.5701090969669167,2.0138555029818583
"{'ar': '44100', 'sample_fmt': 's16p', 'compression_level': '2', 'reservoir': '1', 'b:a': '137k', 'abr': 'True'}",179.9287109375,-2.869,-1.023,0.7749702220025938,1.5634699845713118
"{'ar': '44100', 'sample_fmt': 'fltp', 'compression_level': '1', 'reservoir': '1', 'b:a': '32k'}",44.771484375,-3.12,-1.357,0.9507227620051708,1.0759677038509474
"{'ar': '44100', 'sample_fmt': 'fltp', 'compression_level': '3', 'reservoir': '1', 'b:a': '32k'}",44.771484375,-3.302,-1.648,0.6185478719708044,0.5846726264800597
"{'ar': '44100', 'sample_fmt': 's16p', 'compression_level': '9', 'reservoir': '1', 'b:a': '210k'}",312.220703125,-2.602,-0.717,0.6649002589983866,2.0791355992992266
"{'ar': '44100', 'sample_fmt': 's32p', 'compression_level': '4', 'reservoir': '1', 'b:a': '185k', 'abr': 'True'}",251.4013671875,-2.631,-0.748,0.6608925969921984,2.099131671034403
"{'ar': '44100', 'sample_fmt': 's32p', 'compression_level': '7', 'reservoir': '0', 'b:a': '164k', 'abr': 'True'}",235.7548828125,-2.699,-0.824,0.5805758989881724,1.9476240396125617
"{'ar': '44100', 'sample_fmt': 's32p', 'compression_level': '4', 'reservoir': '1', 'b:a': '142k'}",178.4443359375,-2.838,-0.985,0.9036173179920297,1.6405453631415072
"{'ar': '44100', 'sample_fmt': 's16p', 'compression_level': '8', 'reservoir': '1', 'b:a': '295k'}",445.9951171875,-2.585,-0.699,0.5984046240046155,1.9158785804989122
"{'ar': '32000', 'sample_fmt': 's32p', 'compression_level': '5', 'reservoir': '1', 'b:a': '150k', 'abr': 'True'}",204.6875,-3.209,-1.493,0.8574855829938315,0.5774199957978386
"{'ar': '44100', 'sample_fmt': 's32p', 'compression_level': '4', 'reservoir': '1', 'b:a': '182k', 'abr': 'True'}",247.744140625,-2.637,-0.755,0.8936046280432492,2.071579123566509
"{'ar': '44100', 'sample_fmt': 's32p', 'compression_level': '8', 'reservoir': '0', 'aq': '9'}",103.8740234375,-3.314,-1.668,0.5588996740116272,0.4605051451271902
"{'ar': '44100', 'sample_fmt': 's32p', 'compression_level': '9', 'reservoir': '1', 'b:a': '154k'}",223.037109375,-2.692,-0.815,0.5671486050123349,1.9880584811995348
"{'ar': '44100', 'sample_fmt': 's16p', 'compression_level': '1', 'reservoir': '0', 'aq': '6'}",147.916015625,-3.069,-1.283,0.6117243339831475,1.0786107310727695
"{'ar': '44100', 'sample_fmt': 's16p', 'compression_level': '7', 'reservoir': '1', 'b:a': '123k', 'abr': 'True'}",162.3076171875,-3.043,-1.248,0.6065283569914754,1.1276500395505078
"{'ar': '48000', 'sample_fmt': 'fltp', 'compression_level': '1', 'reservoir': '0', 'aq': '9'}",119.6796875,-3.337,-1.711,0.6058615399815608,0.36466023737226755
"{'ar': '44100', 'sample_fmt': 's32p', 'compression_level': '8', 'reservoir': '1', 'b:a': '211k'}",312.220703125,-2.6,-0.715,0.5963813599664718,2.0894908215844996
"{'ar': '44100', 'sample_fmt': 's32p', 'compression_level': '1', 'reservoir': '1', 'b:a': '32k'}",44.771484375,-3.12,-1.357,1.025310900004115,1.070454679069512
"{'ar': '44100', 'sample_fmt': 's32p', 'compression_level': '7', 'reservoir': '1', 'b:a': '188k', 'abr': 'True'}",256.3818359375,-2.638,-0.756,0.6357484190084506,2.074209760036112
"{'ar': '32000', 'sample_fmt': 's32p', 'compression_level': '8', 'reservoir': '1', 'b:a': '211k'}",313.109375,-3.175,-1.439,0.5446981110144407,0.5237867134854044
"{'ar': '44100', 'sample_fmt': 's32p', 'compression_level': '8', 'reservoir': '1', 'b:a': '163k', 'abr': 'True'}",219.640625,-2.703,-0.829,0.5681805790227372,1.9633561209981616
"{'ar': '44100', 'sample_fmt': 'fltp', 'compression_level': '4', 'reservoir': '1', 'b:a': '144k', 'abr': 'True'}",193.609375,-2.716,-0.843,0.6696391370205674,1.962688560548108
"{'ar': '44100', 'sample_fmt': 's32p', 'compression_level': '9', 'reservoir': '1', 'b:a': '148k'}",223.037109375,-2.692,-0.815,0.5720386650064029,1.9876970427368883
"{'ar': '44100', 'sample_fmt': 's16p', 'compression_level': '8', 'reservoir': '1', 'b:a': '168k', 'abr': 'True'}",226.796875,-2.686,-0.809,0.558373426028993,1.9985801325658041
"{'ar': '44100', 'sample_fmt': 's32p', 'compression_level': '6', 'reservoir': '1', 'b:a': '144k', 'abr': 'True'}",196.4228515625,-2.716,-0.843,0.6427348159777466,1.9601877716746499
"{'ar': '44100', 'sample_fmt': 's32p', 'compression_level': '4', 'reservoir': '1', 'b:a': '316k'}",445.9951171875,-2.593,-0.707,0.7224533640255686,1.8855466097540512
"{'ar': '44100', 'sample_fmt': 's32p', 'compression_level': '7', 'reservoir': '1', 'b:a': '153k', 'abr': 'True'}",205.6640625,-2.752,-0.884,0.5787202600040473,1.8533618423520184
"{'ar': '44100', 'sample_fmt': 's16p', 'compression_level': '8', 'reservoir': '1', 'b:a': '211k'}",312.220703125,-2.602,-0.717,0.5740281510225032,2.0858522193497153
"{'ar': '44100', 'sample_fmt': 's32p', 'compression_level': '7', 'reservoir': '0', 'b:a': '166k'}",223.037109375,-2.706,-0.831,0.5530602119979449,1.9514333307759728
"{'ar': '44100', 'sample_fmt': 's32p', 'compression_level': '1', 'reservoir': '0', 'aq': '5'}",179.8193359375,-2.878,-1.033,0.6280900479760021,1.550376823800769
"{'ar': '44100', 'sample_fmt': 's16p', 'compression_level': '1', 'reservoir': '1', 'b:a': '32k', 'abr': 'True'}",48.26953125,-3.138,-1.383,0.9650663679931313,1.019185017208503
"{'ar': '44100', 'sample_fmt': 's32p', 'compression_level': '9', 'reservoir': '1', 'b:a': '148k'}",223.037109375,-2.692,-0.815,0.5557304269750603,1.9889024317279584
"{'ar': '44100', 'sample_fmt': 's32p', 'compression_level': '9', 'reservoir': '0', 'b:a': '173k', 'abr': 'True'}",265.2109375,-2.664,-0.785,0.5624441860127263,1.9958129251994083
"{'ar': '44100', 'sample_fmt': 's16p', 'compression_level': '8', 'reservoir': '1', 'b:a': '288k'}",356.8115234375,-2.602,-0.717,0.5892710479965899,2.0135735790090368
"{'ar': '44100', 'sample_fmt': 's32p', 'compression_level': '8', 'reservoir': '1', 'b:a': '148k'}",223.037109375,-2.692,-0.815,0.5766156630124897,1.9873587435902802
"{'ar': '44100', 'sample_fmt': 'fltp', 'compression_level': '8', 'reservoir': '0', 'b:a': '150k'}",223.037109375,-2.705,-0.83,0.5655761120142415,1.953153640690158
"{'ar': '44100', 'sample_fmt': 's32p', 'compression_level': '4', 'reservoir': '0', 'b:a': '32k', 'abr': 'True'}",52.509765625,-3.348,-1.73,0.6063218049821444,0.44018385890118805
"{'ar': '44100', 'sample_fmt': 's32p', 'compression_level': '7', 'reservoir': '0', 'b:a': '109k', 'abr': 'True'}",154.8349609375,-3.23,-1.527,0.5658564119949006,0.6188688021095261
"{'ar': '44100', 'sample_fmt': 's32p', 'compression_level': '4', 'reservoir': '1', 'b:a': '122k', 'abr': 'True'}",162.0029296875,-2.913,-1.077,0.696332415973302,1.4783338478246917
"{'ar': '44100', 'sample_fmt': 's16p', 'compression_level': '8', 'reservoir': '1', 'b:a': '240k'}",312.220703125,-2.602,-0.717,0.5774138460110407,2.085601972851077
"{'ar': '44100', 'sample_fmt': 's32p', 'compression_level': '8', 'reservoir': '1', 'b:a': '295k'}",445.9951171875,-2.585,-0.698,0.6121564930072054,1.9151775985370694
"{'ar': '44100', 'sample_fmt': 's16p', 'compression_level': '5', 'reservoir': '1', 'b:a': '173k'}",223.037109375,-2.666,-0.787,0.7065638539788779,2.0471651165498908
"{'ar': '11025', 'sample_fmt': 'fltp', 'compression_level': '3', 'reservoir': '1', 'aq': '9'}",46.904296875,-3.834,-3.322,0.5468349059810862,-1.1810344194890128
"{'ar': '44100', 'sample_fmt': 's32p', 'compression_level': '4', 'reservoir': '1', 'b:a': '159k', 'abr': 'True'}",213.396484375,-2.685,-0.808,0.6943412719701882,2.012558281521115
"{'ar': '44100', 'sample_fmt': 'fltp', 'compression_level': '8', 'reservoir': '1', 'b:a': '150k'}",223.037109375,-2.691,-0.815,0.5685816210170742,1.9902825006835778
"{'ar': '44100', 'sample_fmt': 's32p', 'compression_level': '8', 'reservoir': '1', 'b:a': '209k'}",312.220703125,-2.6,-0.715,0.564736804983113,2.091829762071568
"{'ar': '44100', 'sample_fmt': 's32p', 'compression_level': '8', 'reservoir': '0', 'b:a': '123k', 'abr': 'True'}",173.904296875,-3.041,-1.245,0.5846880119934212,1.1163661621105998
"{'ar': '44100', 'sample_fmt': 's32p', 'compression_level': '7', 'reservoir': '1', 'b:a': '189k', 'abr': 'True'}",258.0068359375,-2.64,-0.758,0.5547019369842019,2.0723163922058423
"{'ar': '44100', 'sample_fmt': 's16p', 'compression_level': '8', 'reservoir': '1', 'b:a': '168k', 'abr': 'True'}",226.796875,-2.686,-0.809,0.5817049260367639,1.9968556339902703
"{'ar': '44100', 'sample_fmt': 's32p', 'compression_level': '7', 'reservoir': '1', 'b:a': '145k', 'abr': 'True'}",193.97265625,-2.802,-0.942,0.5817589100042824,1.7369993305650582
"{'ar': '44100', 'sample_fmt': 's32p', 'compression_level': '8', 'reservoir': '0', 'b:a': '207k'}",267.6279296875,-2.62,-0.736,0.5611670080106705,2.1100253430760665
"{'ar': '44100', 'sample_fmt': 'fltp', 'compression_level': '3', 'reservoir': '1', 'b:a': '32k'}",44.771484375,-3.302,-1.648,0.6030758460401557,0.5858162086187624
"{'ar': '44100', 'sample_fmt': 's32p', 'compression_level': '9', 'reservoir': '1', 'b:a': '148k'}",223.037109375,-2.692,-0.815,0.5624242690391839,1.9884076705209812
"{'ar': '44100', 'sample_fmt': 's32p', 'compression_level': '4', 'reservoir': '1', 'b:a': '182k', 'abr': 'True'}",247.744140625,-2.637,-0.755,0.6968249430065043,2.0861236786284145
"{'ar': '44100', 'sample_fmt': 's16p', 'compression_level': '8', 'reservoir': '1', 'b:a': '279k'}",356.8115234375,-2.595,-0.709,0.5892304579901975,2.032409811261581
"{'ar': '44100', 'sample_fmt': 'fltp', 'compression_level': '4', 'reservoir': '1', 'b:a': '161k', 'abr': 'True'}",216.009765625,-2.679,-0.801,0.7124713730299845,2.0232361488524293
"{'ar': '44100', 'sample_fmt': 's16p', 'compression_level': '4', 'reservoir': '1', 'b:a': '32k', 'abr': 'True'}",47.685546875,-3.352,-1.738,0.6252145259641111,0.4346418598094285
"{'ar': '44100', 'sample_fmt': 's32p', 'compression_level': '8', 'reservoir': '1', 'b:a': '148k'}",223.037109375,-2.692,-0.815,0.5936954590142705,1.9860963265204101
"{'ar': '44100', 'sample_fmt': 's16p', 'compression_level': '8', 'reservoir': '1', 'b:a': '282k'}",356.8115234375,-2.595,-0.709,0.5700085620046593,2.0338305571302597
"{'ar': '44100', 'sample_fmt': 'fltp', 'compression_level': '1', 'reservoir': '0', 'b:a': '138k'}",178.4443359375,-2.938,-1.109,1.1025669399823528,1.3537297954041938
"{'ar': '12000', 'sample_fmt': 's32p', 'compression_level': '0', 'reservoir': '1', 'b:a': '32k'}",45.078125,-3.755,-2.872,0.6862933280062862,-0.8624068636426374
"{'ar': '44100', 'sample_fmt': 's16p', 'compression_level': '8', 'reservoir': '1', 'b:a': '240k'}",312.220703125,-2.602,-0.717,0.603583999996772,2.0836676611585214
"{'ar': '44100', 'sample_fmt': 's16p', 'compression_level': '4', 'reservoir': '1', 'b:a': '182k', 'abr': 'True'}",247.7451171875,-2.636,-0.754,0.7795802099863067,2.0826508357267546
"{'ar': '44100', 'sample_fmt': 'fltp', 'compression_level': '4', 'reservoir': '1', 'b:a': '138k', 'abr': 'True'}",182.8359375,-2.805,-0.946,0.714786700962577,1.7366856829940909
"{'ar': '44100', 'sample_fmt': 's16p', 'compression_level': '2', 'reservoir': '1', 'b:a': '137k', 'abr': 'True'}",179.9287109375,-2.869,-1.023,0.8208240320091136,1.5600807969917432
"{'ar': '32000', 'sample_fmt': 's16p', 'compression_level': '7', 'reservoir': '1', 'aq': '9'}",81.7109375,-3.514,-2.081,0.6586745720123872,-0.10777654415135485
"{'ar': '44100', 'sample_fmt': 's16p', 'compression_level': '8', 'reservoir': '1', 'b:a': '285k'}",356.8115234375,-2.595,-0.709,0.5737735610164236,2.03355227517537
"{'ar': '44100', 'sample_fmt': 's32p', 'compression_level': '1', 'reservoir': '1', 'aq': '1'}",299.615234375,-2.609,-0.724,0.6548790450033266,2.081472622803009
"{'ar': '44100', 'sample_fmt': 's32p', 'compression_level': '7', 'reservoir': '1', 'b:a': '170k'}",223.037109375,-2.692,-0.815,0.5973166890034918,1.9858286709493576
"{'ar': '44100', 'sample_fmt': 's16p', 'compression_level': '8', 'reservoir': '1', 'b:a': '211k'}",312.220703125,-2.602,-0.717,0.6455536560097244,2.0805655626228132
"{'ar': '44100', 'sample_fmt': 's16p', 'compression_level': '1', 'reservoir': '0', 'b:a': '32k', 'abr': 'True'}",53.09375,-3.138,-1.383,0.9590197530051228,1.0119341048748318
"{'ar': '44100', 'sample_fmt': 's32p', 'compression_level': '6', 'reservoir': '0', 'b:a': '122k', 'abr': 'True'}",177.466796875,-2.913,-1.077,0.6535034230037127,1.4568243168738972
"{'ar': '48000', 'sample_fmt': 's32p', 'compression_level': '1', 'reservoir': '1', 'b:a': '32k', 'abr': 'True'}",49.2734375,-3.404,-1.84,0.9765143239928875,0.2528090106893887
"{'ar': '44100', 'sample_fmt': 's32p', 'compression_level': '8', 'reservoir': '1', 'b:a': '238k'}",312.220703125,-2.6,-0.715,0.6181696160347201,2.0878803886273154
"{'ar': '44100', 'sample_fmt': 'fltp', 'compression_level': '8', 'reservoir': '0', 'b:a': '138k'}",178.4443359375,-2.892,-1.051,0.5833550740208011,1.5175799727377464
"{'ar': '44100', 'sample_fmt': 's32p', 'compression_level': '4', 'reservoir': '1', 'b:a': '153k', 'abr': 'True'}",205.8154296875,-2.684,-0.806,0.7040946529596113,2.0268950562576973
"{'ar': '44100', 'sample_fmt': 's32p', 'compression_level': '8', 'reservoir': '1', 'b:a': '144k'}",178.4443359375,-2.918,-1.084,0.5739936369936913,1.447283392350256
"{'ar': '44100', 'sample_fmt': 'fltp', 'compression_level': '8', 'reservoir': '0', 'b:a': '138k'}",178.4443359375,-2.892,-1.051,0.5794184369733557,1.5178709409557543
"{'ar': '44100', 'sample_fmt': 'fltp', 'compression_level': '4', 'reservoir': '1', 'b:a': '187k', 'abr': 'True'}",254.04296875,-2.623,-0.739,0.673622736998368,2.115454267859857
"{'ar': '44100', 'sample_fmt': 's16p', 'compression_level': '9', 'reservoir': '1', 'b:a': '295k'}",445.9951171875,-2.585,-0.699,0.5918435420026071,1.9163635290261245
"{'ar': '48000', 'sample_fmt': 's32p', 'compression_level': '1', 'reservoir': '1', 'aq': '5'}",173.046875,-3.641,-2.434,0.6243671959964558,-0.6582412332078936
"{'ar': '44100', 'sample_fmt': 's32p', 'compression_level': '7', 'reservoir': '1', 'b:a': '168k', 'abr': 'True'}",226.8955078125,-2.684,-0.807,0.6284358639677521,1.9985350229548438
"{'ar': '44100', 'sample_fmt': 's32p', 'compression_level': '7', 'reservoir': '1', 'b:a': '164k', 'abr': 'True'}",221.1787109375,-2.699,-0.824,0.5973277500015683,1.9696445434758132
"{'ar': '44100', 'sample_fmt': 's32p', 'compression_level': '4', 'reservoir': '1', 'b:a': '123k', 'abr': 'True'}",163.2705078125,-2.897,-1.057,0.6889789449924137,1.5204429081234745
"{'ar': '44100', 'sample_fmt': 's32p', 'compression_level': '8', 'reservoir': '1', 'b:a': '293k', 'abr': 'True'}",402.759765625,-2.591,-0.705,0.6572361220023595,1.9646469173050023
"{'ar': '44100', 'sample_fmt': 's16p', 'compression_level': '8', 'reservoir': '1', 'b:a': '268k'}",356.8115234375,-2.595,-0.709,0.6114545479940716,2.030767164558992
"{'ar': '44100', 'sample_fmt': 's32p', 'compression_level': '9', 'reservoir': '1', 'b:a': '148k'}",223.037109375,-2.692,-0.815,0.633079417020781,1.983185344395022
"{'ar': '44100', 'sample_fmt': 's32p', 'compression_level': '4', 'reservoir': '1', 'b:a': '144k', 'abr': 'True'}",193.55859375,-2.716,-0.843,0.6962886509718373,1.9607998478188622
"{'ar': '44100', 'sample_fmt': 's16p', 'compression_level': '4', 'reservoir': '1', 'b:a': '144k', 'abr': 'True'}",193.607421875,-2.719,-0.846,0.773791688028723,1.9470572723784156
"{'ar': '44100', 'sample_fmt': 's32p', 'compression_level': '6', 'reservoir': '1', 'b:a': '156k', 'abr': 'True'}",212.626953125,-2.677,-0.799,0.6763936500065029,2.036591384268589
"{'ar': '11025', 'sample_fmt': 's16p', 'compression_level': '7', 'reservoir': '1', 'b:a': '210k', 'abr': 'True'}",88.9599609375,-3.849,-3.438,0.5524172239820473,-1.3200960023556536
"{'ar': '44100', 'sample_fmt': 's32p', 'compression_level': '4', 'reservoir': '1', 'b:a': '114k', 'abr': 'True'}",150.2119140625,-2.974,-1.155,0.6983326359768398,1.3302685481757255
"{'ar': '44100', 'sample_fmt': 'fltp', 'compression_level': '3', 'reservoir': '1', 'b:a': '119k', 'abr': 'True'}",157.3232421875,-2.992,-1.179,0.7142857390281279,1.2682322307648932
"{'ar': '44100', 'sample_fmt': 's32p', 'compression_level': '4', 'reservoir': '1', 'b:a': '122k', 'abr': 'True'}",162.0029296875,-2.913,-1.077,0.6714132729975972,1.4801756936790438
"{'ar': '48000', 'sample_fmt': 's16p', 'compression_level': '8', 'reservoir': '1', 'b:a': '295k'}",446.328125,-3.279,-1.607,0.5906612339895219,0.01250645417492909
"{'ar': '44100', 'sample_fmt': 's32p', 'compression_level': '7', 'reservoir': '1', 'b:a': '168k', 'abr': 'True'}",226.8955078125,-2.684,-0.807,0.6021298480045516,2.00047937659869
"{'ar': '44100', 'sample_fmt': 's16p', 'compression_level': '2', 'reservoir': '1', 'b:a': '137k', 'abr': 'True'}",179.9287109375,-2.869,-1.023,0.798103165026987,1.5617601619160952
"{'ar': '8000', 'sample_fmt': 's32p', 'compression_level': '1', 'reservoir': '1', 'aq': '9'}",35.8671875,-3.85,-3.441,0.5162436219688971,-1.2359803604995592
"{'ar': '44100', 'sample_fmt': 'fltp', 'compression_level': '3', 'reservoir': '0', 'b:a': '32k'}",44.771484375,-3.291,-1.628,1.0299411389860325,0.5862038458847061
"{'ar': '44100', 'sample_fmt': 's32p', 'compression_level': '3', 'reservoir': '1', 'b:a': '119k', 'abr': 'True'}",157.3232421875,-2.992,-1.179,0.9876908420119435,1.2480240696744256
"{'ar': '44100', 'sample_fmt': 's32p', 'compression_level': '1', 'reservoir': '1', 'b:a': '32k'}",44.771484375,-3.12,-1.357,1.048007511999458,1.068777106901311
"{'ar': '44100', 'sample_fmt': 's16p', 'compression_level': '7', 'reservoir': '1', 'b:a': '148k'}",223.037109375,-2.689,-0.812,0.6043884149985388,1.9932421679861885
"{'ar': '44100', 'sample_fmt': 's16p', 'compression_level': '7', 'reservoir': '1', 'b:a': '97k'}",133.853515625,-3.29,-1.627,0.6505578930373304,0.47474550954600764
"{'ar': '44100', 'sample_fmt': 's32p', 'compression_level': '8', 'reservoir': '1', 'b:a': '159k'}",223.037109375,-2.692,-0.815,0.5758084029657766,1.9874184105126889
"{'ar': '44100', 'sample_fmt': 's32p', 'compression_level': '8', 'reservoir': '1', 'b:a': '148k'}",223.037109375,-2.692,-0.815,0.595500705006998,1.9859628955733253
"{'ar': '44100', 'sample_fmt': 's32p', 'compression_level': '4', 'reservoir': '1', 'b:a': '144k', 'abr': 'True'}",193.55859375,-2.716,-0.843,0.7000758350186516,1.960519926103934
"{'ar': '44100', 'sample_fmt': 's16p', 'compression_level': '4', 'reservoir': '1', 'b:a': '140k', 'abr': 'True'}",185.0390625,-2.792,-0.931,0.7081328330095857,1.768683109021115
"{'ar': '44100', 'sample_fmt': 's32p', 'compression_level': '4', 'reservoir': '1', 'b:a': '138k', 'abr': 'True'}",182.8359375,-2.806,-0.946,0.7319692210003268,1.7330857354566713
"{'ar': '44100', 'sample_fmt': 's16p', 'compression_level': '8', 'reservoir': '1', 'b:a': '282k'}",356.8115234375,-2.595,-0.709,0.5897438979882281,2.0323718614278827
"{'ar': '44100', 'sample_fmt': 's16p', 'compression_level': '8', 'reservoir': '1', 'b:a': '168k', 'abr': 'True'}",226.796875,-2.686,-0.809,0.5866274310101289,1.9964917974254632
"{'ar': '44100', 'sample_fmt': 's32p', 'compression_level': '4', 'reservoir': '1', 'b:a': '144k', 'abr': 'True'}",193.55859375,-2.716,-0.843,0.6792847810138483,1.962056652975468
"{'ar': '44100', 'sample_fmt': 's32p', 'compression_level': '7', 'reservoir': '1', 'b:a': '148k', 'abr': 'True'}",198.2060546875,-2.779,-0.915,0.561551000981126,1.7938438187340224
"{'ar': '44100', 'sample_fmt': 's32p', 'compression_level': '1', 'reservoir': '0', 'aq': '6'}",147.712890625,-3.079,-1.298,0.6218178819690365,1.0501575526535876
"{'ar': '44100', 'sample_fmt': 's32p', 'compression_level': '5', 'reservoir': '1', 'b:a': '185k', 'abr': 'True'}",255.6669921875,-2.631,-0.748,0.6457146779866889,2.0934470080398193
"{'ar': '44100', 'sample_fmt': 's32p', 'compression_level': '4', 'reservoir': '1', 'b:a': '165k', 'abr': 'True'}",220.66796875,-2.657,-0.777,0.6983759680006187,2.0756746853235155
"{'ar': '44100', 'sample_fmt': 's32p', 'compression_level': '9', 'reservoir': '1', 'b:a': '148k'}",223.037109375,-2.692,-0.815,0.5645635149849113,1.9882495526723691
"{'ar': '44100', 'sample_fmt': 's32p', 'compression_level': '1', 'reservoir': '1', 'aq': '5'}",164.3330078125,-2.878,-1.033,0.6174880520266015,1.5758714336397461
"{'ar': '44100', 'sample_fmt': 's32p', 'compression_level': '3', 'reservoir': '1', 'b:a': '145k', 'abr': 'True'}",194.732421875,-2.778,-0.914,0.7113139769935515,1.790962553661433
"{'ar': '44100', 'sample_fmt': 's32p', 'compression_level': '7', 'reservoir': '1', 'b:a': '188k', 'abr': 'True'}",256.3818359375,-2.638,-0.756,0.5706946600403171,2.0790180713164115
"{'ar': '44100', 'sample_fmt': 's32p', 'compression_level': '8', 'reservoir': '1', 'b:a': '123k'}",178.4443359375,-2.916,-1.081,0.5715844740043394,1.4530677114470896
"{'ar': '44100', 'sample_fmt': 's32p', 'compression_level': '4', 'reservoir': '1', 'b:a': '195k', 'abr': 'True'}",263.2890625,-2.618,-0.734,0.6744423409982119,2.1138670052353583
"{'ar': '44100', 'sample_fmt': 's32p', 'compression_level': '4', 'reservoir': '1', 'b:a': '144k', 'abr': 'True'}",193.55859375,-2.716,-0.843,0.681953944003908,1.9618593674270595
"{'ar': '44100', 'sample_fmt': 's16p', 'compression_level': '8', 'reservoir': '1', 'b:a': '138k'}",178.4443359375,-2.914,-1.079,0.5589929859852418,1.459289177197515
"{'ar': '44100', 'sample_fmt': 's32p', 'compression_level': '5', 'reservoir': '1', 'b:a': '153k', 'abr': 'True'}",208.9404296875,-2.684,-0.806,0.6651325149869081,2.024788408547699
"{'ar': '44100', 'sample_fmt': 's32p', 'compression_level': '8', 'reservoir': '0', 'b:a': '138k'}",178.4443359375,-2.892,-1.051,0.5591037999838591,1.5193724544692107
"{'ar': '44100', 'sample_fmt': 's16p', 'compression_level': '8', 'reservoir': '1', 'b:a': '297k'}",445.9951171875,-2.585,-0.699,0.5834634310158435,1.9169829272411847
"{'ar': '44100', 'sample_fmt': 'fltp', 'compression_level': '8', 'reservoir': '0', 'b:a': '138k'}",178.4443359375,-2.892,-1.051,0.5809979439945891,1.5177541950282634
"{'ar': '48000', 'sample_fmt': 's32p', 'compression_level': '1', 'reservoir': '0', 'b:a': '138k', 'abr': 'True'}",204.359375,-3.61,-2.336,1.1013303569925483,-0.6403162095317855
"{'ar': '44100', 'sample_fmt': 's32p', 'compression_level': '1', 'reservoir': '1', 'b:a': '85k', 'abr': 'True'}",113.861328125,-3.481,-2.003,1.1023732819885481,-0.09037913370021669
"{'ar': '44100', 'sample_fmt': 'fltp', 'compression_level': '4', 'reservoir': '1', 'b:a': '187k', 'abr': 'True'}",254.04296875,-2.623,-0.739,0.7077618530311156,2.11293094715828
"{'ar': '44100', 'sample_fmt': 's16p', 'compression_level': '1', 'reservoir': '0', 'b:a': '32k'}",44.771484375,-3.131,-1.373,0.963615283020772,1.0443381296292658
"{'ar': '32000', 'sample_fmt': 's16p', 'compression_level': '8', 'reservoir': '1', 'b:a': '210k'}",313.109375,-3.179,-1.445,0.5405782129964791,0.5128787252518745
"{'ar': '44100', 'sample_fmt': 's32p', 'compression_level': '7', 'reservoir': '1', 'b:a': '282k', 'abr': 'True'}",387.9921875,-2.597,-0.711,0.572387202992104,1.978610070333097
"{'ar': '44100', 'sample_fmt': 's32p', 'compression_level': '0', 'reservoir': '1', 'aq': '5'}",164.3330078125,-2.878,-1.033,0.6036961920035537,1.57689082986184
"{'ar': '44100', 'sample_fmt': 's32p', 'compression_level': '4', 'reservoir': '1', 'b:a': '154k', 'abr': 'True'}",206.9423828125,-2.686,-0.809,0.6868220739997923,2.0207672323576142
"{'ar': '44100', 'sample_fmt': 's16p', 'compression_level': '8', 'reservoir': '1', 'b:a': '295k'}",445.9951171875,-2.585,-0.699,0.5963173769996502,1.9160328549555758
"{'ar': '44100', 'sample_fmt': 's32p', 'compression_level': '1', 'reservoir': '1', 'aq': '5'}",164.3330078125,-2.878,-1.033,0.6308581180055626,1.5748832134341084
"{'ar': '44100', 'sample_fmt': 's32p', 'compression_level': '7', 'reservoir': '1', 'b:a': '295k'}",445.9951171875,-2.585,-0.698,0.5817651049874257,1.9174239138331777
"{'ar': '44100', 'sample_fmt': 's32p', 'compression_level': '8', 'reservoir': '1', 'b:a': '148k'}",223.037109375,-2.692,-0.815,0.5619216490304098,1.9884448206180123
"{'ar': '44100', 'sample_fmt': 'fltp', 'compression_level': '1', 'reservoir': '0', 'b:a': '32k', 'abr': 'True'}",53.119140625,-3.132,-1.375,0.9525329030002467,1.028876346069632
"{'ar': '44100', 'sample_fmt': 's32p', 'compression_level': '8', 'reservoir': '1', 'b:a': '146k'}",223.037109375,-2.692,-0.815,0.5632245379965752,1.9883485203301832
"{'ar': '8000', 'sample_fmt': 's32p', 'compression_level': '1', 'reservoir': '1', 'aq': '9'}",35.8671875,-3.85,-3.441,0.50454377400456,-1.2351155909330185
"{'ar': '44100', 'sample_fmt': 's32p', 'compression_level': '4', 'reservoir': '1', 'b:a': '138k', 'abr': 'True'}",182.8359375,-2.806,-0.946,0.7201827619865071,1.733956906696118
"{'ar': '44100', 'sample_fmt': 's32p', 'compression_level': '5', 'reservoir': '1', 'b:a': '185k'}",267.6279296875,-2.616,-0.732,0.6510751550085843,2.113961557149138
"{'ar': '44100', 'sample_fmt': 'fltp', 'compression_level': '1', 'reservoir': '1', 'aq': '9'}",103.837890625,-3.343,-1.721,0.5786695230053738,0.374814061393623
"{'ar': '44100', 'sample_fmt': 's32p', 'compression_level': '3', 'reservoir': '1', 'b:a': '32k'}",44.771484375,-3.302,-1.648,0.6871810619777534,0.5795997491098989
"{'ar': '44100', 'sample_fmt': 's16p', 'compression_level': '8', 'reservoir': '1', 'b:a': '211k'}",312.220703125,-2.602,-0.717,0.604088545020204,2.0836303687780955
"{'ar': '44100', 'sample_fmt': 's16p', 'compression_level': '8', 'reservoir': '1', 'b:a': '211k', 'abr': 'True'}",289.560546875,-2.609,-0.724,0.5877978230128065,2.10247469871476
"{'ar': '44100', 'sample_fmt': 's16p', 'compression_level': '8', 'reservoir': '1', 'b:a': '109k'}",156.1484375,-3.065,-1.278,0.5721015920280479,1.0793002215819885
"{'ar': '44100', 'sample_fmt': 's16p', 'compression_level': '4', 'reservoir': '1', 'b:a': '145k', 'abr': 'True'}",194.9404296875,-2.717,-0.844,0.6841705579718109,1.9568451881401234
"{'ar': '44100', 'sample_fmt': 's32p', 'compression_level': '9', 'reservoir': '1', 'b:a': '138k'}",178.4443359375,-2.916,-1.081,0.6295967719925102,1.4487798548921862
"{'ar': '44100', 'sample_fmt': 's16p', 'compression_level': '8', 'reservoir': '1', 'b:a': '145k'}",223.037109375,-2.689,-0.812,0.6040810729900841,1.9932648845220136
"{'ar': '44100', 'sample_fmt': 'fltp', 'compression_level': '1', 'reservoir': '0', 'aq': '9'}",112.5185546875,-3.343,-1.721,0.607587863021763,0.35882519491862513
"{'ar': '44100', 'sample_fmt': 's32p', 'compression_level': '7', 'reservoir': '1', 'b:a': '164k'}",223.037109375,-2.692,-0.815,0.6032609909889288,1.9853893104151865
"{'ar': '44100', 'sample_fmt': 's32p', 'compression_level': '7', 'reservoir': '1', 'b:a': '160k'}",223.037109375,-2.692,-0.815,0.6095167570165358,1.9849269286737687
"{'ar': '44100', 'sample_fmt': 's16p', 'compression_level': '1', 'reservoir': '0', 'aq': '6'}",147.916015625,-3.069,-1.283,0.6078680829959922,1.078895757724808
"{'ar': '44100', 'sample_fmt': 's32p', 'compression_level': '5', 'reservoir': '1', 'b:a': '164k', 'abr': 'True'}",223.013671875,-2.665,-0.786,0.6792121600010432,2.0518695539118768
"{'ar': '44100', 'sample_fmt': 's32p', 'compression_level': '7', 'reservoir': '1', 'b:a': '188k', 'abr': 'True'}",256.3818359375,-2.638,-0.756,0.5731870189774781,2.0788338538663793
"{'ar': '44100', 'sample_fmt': 's16p', 'compression_level': '8', 'reservoir': '1', 'b:a': '114k'}",156.1484375,-3.065,-1.278,0.5912727620161604,1.077883225018338
"{'ar': '44100', 'sample_fmt': 's16p', 'compression_level': '8', 'reservoir': '1', 'b:a': '295k'}",445.9951171875,-2.585,-0.699,0.5762127070338465,1.917518849199669
"{'ar': '44100', 'sample_fmt': 's32p', 'compression_level': '5', 'reservoir': '1', 'b:a': '210k'}",312.220703125,-2.595,-0.709,0.6405927130253986,2.0997654723799646
"{'ar': '44100', 'sample_fmt': 's16p', 'compression_level': '4', 'reservoir': '1', 'b:a': '144k', 'abr': 'True'}",193.607421875,-2.719,-0.846,0.6862998960132245,1.9535240435097778
"{'ar': '44100', 'sample_fmt': 'fltp', 'compression_level': '8', 'reservoir': '0', 'aq': '9'}",103.8740234375,-3.314,-1.668,0.584067773015704,0.45864489821349114
"{'ar': '44100', 'sample_fmt': 's32p', 'compression_level': '7', 'reservoir': '1', 'b:a': '292k', 'abr': 'True'}",401.3291015625,-2.593,-0.707,0.5838866980047897,1.967060452673916
"{'ar': '44100', 'sample_fmt': 's16p', 'compression_level': '9', 'reservoir': '1', 'b:a': '210k'}",312.220703125,-2.602,-0.717,0.585324848012533,2.08501724783648
"{'ar': '44100', 'sample_fmt': 's16p', 'compression_level': '8', 'reservoir': '1', 'b:a': '211k'}",312.220703125,-2.602,-0.717,0.5757635550107807,2.085723950626969
"{'ar': '44100', 'sample_fmt': 's32p', 'compression_level': '7', 'reservoir': '1', 'b:a': '148k'}",223.037109375,-2.692,-0.815,0.5756939749699086,1.9874268682164717
"{'ar': '44100', 'sample_fmt': 's32p', 'compression_level': '8', 'reservoir': '1', 'b:a': '148k', 'abr': 'True'}",198.2060546875,-2.779,-0.915,0.5657706039783079,1.7935319356851172
"{'ar': '44100', 'sample_fmt': 's32p', 'compression_level': '7', 'reservoir': '1', 'b:a': '295k', 'abr': 'True'}",405.509765625,-2.589,-0.703,0.5869052699999884,1.9707479885992625
"{'ar': '44100', 'sample_fmt': 's32p', 'compression_level': '7', 'reservoir': '1', 'b:a': '33k', 'abr': 'True'}",49.48828125,-3.376,-1.784,0.559743792982772,0.36617483652517624
"{'ar': '44100', 'sample_fmt': 's32p', 'compression_level': '5', 'reservoir': '1', 'b:a': '194k'}",267.6279296875,-2.616,-0.732,0.6684638090082444,2.112676311492285
"{'ar': '44100', 'sample_fmt': 's32p', 'compression_level': '1', 'reservoir': '1', 'aq': '5'}",164.3330078125,-2.878,-1.033,0.6177126950060483,1.575854829628091
"{'ar': '44100', 'sample_fmt': 's32p', 'compression_level': '5', 'reservoir': '1', 'b:a': '185k', 'abr': 'True'}",255.6669921875,-2.631,-0.748,0.7196092550002504,2.0879852463546675
"{'ar': '44100', 'sample_fmt': 's32p', 'compression_level': '4', 'reservoir': '1', 'b:a': '153k', 'abr': 'True'}",205.8154296875,-2.684,-0.806,0.695970064989524,2.0274955680283315
"{'ar': '44100', 'sample_fmt': 's32p', 'compression_level': '7', 'reservoir': '1', 'b:a': '161k', 'abr': 'True'}",216.876953125,-2.712,-0.838,0.5953578519984148,1.9419486974177163
"{'ar': '44100', 'sample_fmt': 's32p', 'compression_level': '1', 'reservoir': '0', 'b:a': '32k', 'abr': 'True'}",53.119140625,-3.132,-1.375,1.0334085419599432,1.0228985939261805
"{'ar': '44100', 'sample_fmt': 's16p', 'compression_level': '8', 'reservoir': '1', 'b:a': '282k'}",356.8115234375,-2.595,-0.709,0.6452231610019226,2.0282712288064517
"{'ar': '44100', 'sample_fmt': 'fltp', 'compression_level': '4', 'reservoir': '1', 'b:a': '161k', 'abr': 'True'}",216.009765625,-2.679,-0.801,0.7270332309999503,2.0221598398573812
"{'ar': '44100', 'sample_fmt': 's32p', 'compression_level': '8', 'reservoir': '1', 'b:a': '109k'}",156.1484375,-3.068,-1.283,0.5746134550136048,1.0705474569776814
"{'ar': '44100', 'sample_fmt': 'fltp', 'compression_level': '6', 'reservoir': '1', 'b:a': '144k', 'abr': 'True'}",196.421875,-2.716,-0.843,0.705068070004927,1.9555820990409063
"{'ar': '44100', 'sample_fmt': 'fltp', 'compression_level': '1', 'reservoir': '1', 'b:a': '144k', 'abr': 'True'}",194.17578125,-2.798,-0.937,1.1633852689992636,1.7045825699397599
"{'ar': '48000', 'sample_fmt': 's16p', 'compression_level': '4', 'reservoir': '1', 'b:a': '32k', 'abr': 'True'}",48.6171875,-3.354,-1.741,0.6460486679861788,0.426009111306294
"{'ar': '44100', 'sample_fmt': 's32p', 'compression_level': '6', 'reservoir': '1', 'b:a': '156k'}",223.037109375,-2.652,-0.771,0.6875888640061021,2.086234077137596
"{'ar': '44100', 'sample_fmt': 's32p', 'compression_level': '4', 'reservoir': '1', 'b:a': '122k', 'abr': 'True'}",162.0029296875,-2.913,-1.077,0.6838565630023368,1.4792559741633253
"{'ar': '44100', 'sample_fmt': 's16p', 'compression_level': '1', 'reservoir': '0', 'b:a': '32k'}",44.771484375,-3.131,-1.373,0.9800974800018594,1.0431198828296135
"{'ar': '44100', 'sample_fmt': 's32p', 'compression_level': '7', 'reservoir': '1', 'b:a': '184k', 'abr': 'True'}",250.7939453125,-2.646,-0.764,0.5796540839946829,2.0661090837410234
"{'ar': '44100', 'sample_fmt': 'fltp', 'compression_level': '4', 'reservoir': '1', 'b:a': '144k', 'abr': 'True'}",193.609375,-2.716,-0.843,0.7055846530129202,1.9600317236064198
"{'ar': '44100', 'sample_fmt': 's32p', 'compression_level': '1', 'reservoir': '0', 'b:a': '124k'}",178.4443359375,-2.938,-1.109,1.716621040017344,1.3083432827299817
"{'ar': '44100', 'sample_fmt': 's32p', 'compression_level': '4', 'reservoir': '1', 'b:a': '173k', 'abr': 'True'}",230.46484375,-2.648,-0.767,0.9029628410062287,2.069044576361206
"{'ar': '44100', 'sample_fmt': 's32p', 'compression_level': '1', 'reservoir': '1', 'b:a': '32k', 'abr': 'True'}",48.244140625,-3.132,-1.375,1.0757529189868364,1.027547663638488
"{'ar': '32000', 'sample_fmt': 'fltp', 'compression_level': '3', 'reservoir': '1', 'b:a': '123k', 'abr': 'True'}",164.5390625,-3.304,-1.651,0.731391737004742,0.3796168739628252
"{'ar': '44100', 'sample_fmt': 'fltp', 'compression_level': '1', 'reservoir': '1', 'b:a': '32k'}",44.771484375,-3.12,-1.357,0.9882560620026197,1.073193509205977
"{'ar': '44100', 'sample_fmt': 's32p', 'compression_level': '5', 'reservoir': '1', 'b:a': '296k'}",445.9951171875,-2.592,-0.706,0.679275616974337,1.8913833980344903
"{'ar': '44100', 'sample_fmt': 's32p', 'compression_level': '2', 'reservoir': '1', 'b:a': '137k', 'abr': 'True'}",179.978515625,-2.874,-1.028,0.8326990559871774,1.5458966268545582
"{'ar': '44100', 'sample_fmt': 's16p', 'compression_level': '8', 'reservoir': '1', 'b:a': '240k'}",312.220703125,-2.602,-0.717,0.6229034049902111,2.082239708117343
"{'ar': '44100', 'sample_fmt': 'fltp', 'compression_level': '8', 'reservoir': '1', 'b:a': '162k'}",223.037109375,-2.691,-0.815,0.5852240980020724,1.9890524071257516
"{'ar': '44100', 'sample_fmt': 's32p', 'compression_level': '2', 'reservoir': '1', 'aq': '5'}",164.3330078125,-2.878,-1.033,0.6382868779764976,1.5743341323212956
"{'ar': '44100', 'sample_fmt': 'fltp', 'compression_level': '3', 'reservoir': '1', 'b:a': '32k'}",44.771484375,-3.302,-1.648,0.6349546860146802,0.5834599514510951
"{'ar': '32000', 'sample_fmt': 's16p', 'compression_level': '7', 'reservoir': '0', 'aq': '9'}",89.5859375,-3.514,-2.081,0.5317114199860953,-0.11095818954278996
"{'ar': '44100', 'sample_fmt': 's32p', 'compression_level': '4', 'reservoir': '1', 'b:a': '122k', 'abr': 'True'}",162.0029296875,-2.913,-1.077,0.6731077860167716,1.4800504473259666
"{'ar': '44100', 'sample_fmt': 's32p', 'compression_level': '7', 'reservoir': '1', 'b:a': '162k', 'abr': 'True'}",218.001953125,-2.706,-0.832,0.5972803009790368,1.9558838584497753
"{'ar': '44100', 'sample_fmt': 's32p', 'compression_level': '9', 'reservoir': '1', 'b:a': '146k'}",223.037109375,-2.692,-0.815,0.5720604230300523,1.9876954345384965
"{'ar': '44100', 'sample_fmt': 's32p', 'compression_level': '7', 'reservoir': '1', 'b:a': '163k', 'abr': 'True'}",219.640625,-2.703,-0.829,0.5755576090014074,1.9628108633985366
"{'ar': '44100', 'sample_fmt': 's32p', 'compression_level': '6', 'reservoir': '1', 'b:a': '156k', 'abr': 'True'}",212.626953125,-2.677,-0.799,0.6755392289778683,2.0366545369954303
"{'ar': '44100', 'sample_fmt': 's32p', 'compression_level': '4', 'reservoir': '1', 'b:a': '144k', 'abr': 'True'}",193.55859375,-2.716,-0.843,0.6907954990165308,1.9612058625508322
"{'ar': '44100', 'sample_fmt': 's16p', 'compression_level': '1', 'reservoir': '0', 'b:a': '32k'}",44.771484375,-3.131,-1.373,0.9981682290090248,1.041784221560029
"{'ar': '44100', 'sample_fmt': 's16p', 'compression_level': '1', 'reservoir': '0', 'aq': '6'}",147.916015625,-3.069,-1.283,0.6476073189696763,1.075958515978388
"{'ar': '32000', 'sample_fmt': 's16p', 'compression_level': '9', 'reservoir': '1', 'b:a': '210k'}",313.109375,-3.179,-1.445,0.6191038629913237,0.5070746675824629
"{'ar': '44100', 'sample_fmt': 'fltp', 'compression_level': '9', 'reservoir': '1', 'aq': '9'}",97.1474609375,-3.314,-1.668,0.5628143660142086,0.47094913664120014
"{'ar': '44100', 'sample_fmt': 'fltp', 'compression_level': '3', 'reservoir': '1', 'aq': '9'}",103.837890625,-3.343,-1.721,0.5924501760164276,0.373795493514165
"{'ar': '44100', 'sample_fmt': 's32p', 'compression_level': '8', 'reservoir': '0', 'b:a': '148k'}",223.037109375,-2.706,-0.831,0.5626888300175779,1.9507216517988952
"{'ar': '44100', 'sample_fmt': 's16p', 'compression_level': '9', 'reservoir': '1', 'b:a': '295k'}",445.9951171875,-2.585,-0.699,0.5801699150179047,1.917226360524302
"{'ar': '44100', 'sample_fmt': 's16p', 'compression_level': '4', 'reservoir': '1', 'b:a': '144k', 'abr': 'True'}",193.607421875,-2.719,-0.846,0.6924066299980041,1.9530726771572327
"{'ar': '44100', 'sample_fmt': 's16p', 'compression_level': '9', 'reservoir': '1', 'b:a': '295k'}",445.9951171875,-2.585,-0.699,0.5877131299930625,1.9166688197114408
"{'ar': '44100', 'sample_fmt': 's32p', 'compression_level': '1', 'reservoir': '1', 'aq': '5'}",164.3330078125,-2.878,-1.033,0.6234742529923096,1.5754289762308875
"{'ar': '44100', 'sample_fmt': 's32p', 'compression_level': '1', 'reservoir': '1', 'aq': '5'}",164.3330078125,-2.878,-1.033,0.6350052630004939,1.574576685965497
"{'ar': '44100', 'sample_fmt': 'fltp', 'compression_level': '1', 'reservoir': '1', 'b:a': '112k'}",156.1484375,-3.087,-1.31,1.0717304369900376,0.9810179086225167
"{'ar': '44100', 'sample_fmt': 's32p', 'compression_level': '8', 'reservoir': '1', 'b:a': '140k'}",178.4443359375,-2.916,-1.081,0.5895530709822197,1.4517396005291299
"{'ar': '44100', 'sample_fmt': 's16p', 'compression_level': '8', 'reservoir': '0', 'b:a': '209k'}",312.220703125,-2.606,-0.722,0.5789176929974928,2.074593775784391
"{'ar': '44100', 'sample_fmt': 's16p', 'compression_level': '9', 'reservoir': '1', 'b:a': '295k'}",445.9951171875,-2.585,-0.699,0.5741585310024675,1.9176706792851257
"{'ar': '44100', 'sample_fmt': 'fltp', 'compression_level': '0', 'reservoir': '1', 'aq': '5'}",164.33203125,-2.878,-1.033,0.6223815080011263,1.5755113024365905
"{'ar': '44100', 'sample_fmt': 's32p', 'compression_level': '4', 'reservoir': '1', 'b:a': '185k', 'abr': 'True'}",251.4013671875,-2.631,-0.748,0.6903240790124983,2.096956305164101
"{'ar': '44100', 'sample_fmt': 's16p', 'compression_level': '8', 'reservoir': '1', 'b:a': '211k'}",312.220703125,-2.602,-0.717,0.5915350149734877,2.0845582364538244
"{'ar': '44100', 'sample_fmt': 's32p', 'compression_level': '8', 'reservoir': '1', 'b:a': '209k'}",312.220703125,-2.6,-0.715,0.5849215810012538,2.090337846957702
"{'ar': '44100', 'sample_fmt': 's32p', 'compression_level': '4', 'reservoir': '1', 'b:a': '144k', 'abr': 'True'}",193.55859375,-2.716,-0.843,0.6767647469823714,1.9622429159716803
"{'ar': '11025', 'sample_fmt': 'fltp', 'compression_level': '3', 'reservoir': '1', 'b:a': '112k'}",90.587890625,-3.848,-3.428,0.5455214810208417,-1.3166994259345062
"{'ar': '44100', 'sample_fmt': 's32p', 'compression_level': '0', 'reservoir': '1', 'aq': '5'}",164.3330078125,-2.878,-1.033,0.6091024680354167,1.5764912363803758
"{'ar': '44100', 'sample_fmt': 'fltp', 'compression_level': '8', 'reservoir': '0', 'b:a': '148k'}",223.037109375,-2.705,-0.83,0.5760395740217064,1.9523802559818875
"{'ar': '44100', 'sample_fmt': 's32p', 'compression_level': '8', 'reservoir': '1', 'b:a': '295k'}",445.9951171875,-2.585,-0.698,0.5754425690101925,1.9178912307344858
"{'ar': '11025', 'sample_fmt': 'fltp', 'compression_level': '3', 'reservoir': '1', 'aq': '9'}",46.904296875,-3.834,-3.322,0.5322775510139763,-1.1799584433239156
"{'ar': '44100', 'sample_fmt': 's32p', 'compression_level': '9', 'reservoir': '1', 'b:a': '148k'}",223.037109375,-2.692,-0.815,0.5828777940187138,1.9868958913949029
"{'ar': '44100', 'sample_fmt': 's16p', 'compression_level': '5', 'reservoir': '1', 'b:a': '165k'}",223.037109375,-2.666,-0.787,0.6780113279819489,2.0492755162410035
"{'ar': '44100', 'sample_fmt': 's16p', 'compression_level': '9', 'reservoir': '0', 'b:a': '32k', 'abr': 'True'}",52.9921875,-3.355,-1.744,0.5799568069924135,0.42063680598706504
"{'ar': '44100', 'sample_fmt': 's16p', 'compression_level': '7', 'reservoir': '1', 'b:a': '115k'}",156.1484375,-3.065,-1.278,0.5859640300041065,1.0782756087394718
"{'ar': '44100', 'sample_fmt': 's16p', 'compression_level': '8', 'reservoir': '1', 'b:a': '297k'}",445.9951171875,-2.585,-0.699,0.6187327760271728,1.9143760680503144
"{'ar': '44100', 'sample_fmt': 'fltp', 'compression_level': '4', 'reservoir': '1', 'b:a': '144k', 'abr': 'True'}",193.609375,-2.716,-0.843,0.6961335480154958,1.960730282083151
"{'ar': '44100', 'sample_fmt': 's16p', 'compression_level': '0', 'reservoir': '1', 'aq': '5'}",164.283203125,-2.881,-1.037,0.6271195150038693,1.5669873688154343
"{'ar': '44100', 'sample_fmt': 's16p', 'compression_level': '8', 'reservoir': '1', 'b:a': '295k'}",445.9951171875,-2.585,-0.699,0.59726097699604,1.9159631107535697
"{'ar': '44100', 'sample_fmt': 's32p', 'compression_level': '9', 'reservoir': '1', 'b:a': '148k'}",223.037109375,-2.692,-0.815,0.5752797519962769,1.9874574846332362
"{'ar': '44100', 'sample_fmt': 's16p', 'compression_level': '7', 'reservoir': '1', 'b:a': '268k'}",356.8115234375,-2.595,-0.709,0.6031027549761347,2.0313844697111594
"{'ar': '44100', 'sample_fmt': 's32p', 'compression_level': '8', 'reservoir': '1', 'b:a': '170k', 'abr': 'True'}",229.6513671875,-2.677,-0.798,0.6007927460013889,2.015329468939709
"{'ar': '44100', 'sample_fmt': 's16p', 'compression_level': '2', 'reservoir': '1', 'b:a': '137k', 'abr': 'True'}",179.9287109375,-2.869,-1.023,0.8355589139973745,1.5589916992915973
"{'ar': '44100', 'sample_fmt': 's32p', 'compression_level': '8', 'reservoir': '1', 'b:a': '210k', 'abr': 'True'}",288.125,-2.608,-0.723,0.5970985589956399,2.106723302032615
"{'ar': '8000', 'sample_fmt': 's32p', 'compression_level': '0', 'reservoir': '1', 'aq': '9'}",35.8671875,-3.85,-3.441,0.5269326629932038,-1.2367704184047132
"{'ar': '44100', 'sample_fmt': 's32p', 'compression_level': '3', 'reservoir': '1', 'aq': '9'}",103.837890625,-3.343,-1.721,0.5932827449869365,0.3737339559360754
"{'ar': '44100', 'sample_fmt': 's32p', 'compression_level': '6', 'reservoir': '1', 'b:a': '236k', 'abr': 'True'}",322.197265625,-2.598,-0.713,0.657233969977824,2.074364574168731
"{'ar': '44100', 'sample_fmt': 's32p', 'compression_level': '8', 'reservoir': '0', 'b:a': '148k'}",223.037109375,-2.706,-0.831,0.5761128599988297,1.9497294429579342
"{'ar': '44100', 'sample_fmt': 's16p', 'compression_level': '8', 'reservoir': '1', 'b:a': '295k'}",445.9951171875,-2.585,-0.699,0.6008807370089926,1.9156955638327104
"{'ar': '44100', 'sample_fmt': 's32p', 'compression_level': '8', 'reservoir': '0', 'b:a': '123k', 'abr': 'True'}",173.904296875,-3.041,-1.245,0.5645560749981087,1.1178541717396246
"{'ar': '44100', 'sample_fmt': 's32p', 'compression_level': '6', 'reservoir': '1', 'b:a': '156k', 'abr': 'True'}",212.626953125,-2.677,-0.799,0.6859095079998951,2.03588803971084
"{'ar': '44100', 'sample_fmt': 's16p', 'compression_level': '2', 'reservoir': '1', 'b:a': '137k', 'abr': 'True'}",179.9287109375,-2.869,-1.023,0.7960927409876604,1.5619087581654099
"{'ar': '44100', 'sample_fmt': 's16p', 'compression_level': '8', 'reservoir': '1', 'b:a': '237k'}",312.220703125,-2.602,-0.717,0.6059401749807876,2.0834935094579325
"{'ar': '44100', 'sample_fmt': 's32p', 'compression_level': '4', 'reservoir': '1', 'b:a': '144k', 'abr': 'True'}",193.55859375,-2.716,-0.843,0.7142620969971176,1.9594713784937992
"{'ar': '44100', 'sample_fmt': 's32p', 'compression_level': '7', 'reservoir': '1', 'b:a': '115k', 'abr': 'True'}",150.6181640625,-3.119,-1.356,0.5796889089979231,0.9371414835903598
"{'ar': '44100', 'sample_fmt': 'fltp', 'compression_level': '1', 'reservoir': '1', 'b:a': '32k'}",44.771484375,-3.12,-1.357,1.0895838659780566,1.0657040784553002
"{'ar': '44100', 'sample_fmt': 'fltp', 'compression_level': '5', 'reservoir': '1', 'b:a': '150k', 'abr': 'True'}",204.7451171875,-2.693,-0.817,0.7269395549956243,2.002474900291623
"{'ar': '44100', 'sample_fmt': 'fltp', 'compression_level': '3', 'reservoir': '0', 'b:a': '32k', 'abr': 'True'}",52.6875,-3.333,-1.704,0.6738747140043415,0.47805820994500575
"{'ar': '44100', 'sample_fmt': 'fltp', 'compression_level': '4', 'reservoir': '1', 'b:a': '153k', 'abr': 'True'}",205.8154296875,-2.683,-0.806,0.7414137049927376,2.02646663513604
"{'ar': '44100', 'sample_fmt': 's32p', 'compression_level': '8', 'reservoir': '1', 'b:a': '148k'}",223.037109375,-2.692,-0.815,0.6271990799868945,1.983619977094815
"{'ar': '44100', 'sample_fmt': 'fltp', 'compression_level': '1', 'reservoir': '1', 'b:a': '32k'}",44.771484375,-3.12,-1.357,1.0177340089867357,1.0710147089759514
"{'ar': '44100', 'sample_fmt': 's16p', 'compression_level': '5', 'reservoir': '1', 'b:a': '170k', 'abr': 'True'}",230.3603515625,-2.645,-0.763,0.7165130220237188,2.091244002808391
"{'ar': '44100', 'sample_fmt': 's32p', 'compression_level': '8', 'reservoir': '1', 'b:a': '181k'}",267.6279296875,-2.63,-0.747,0.5988864779938012,2.080467967204735
"{'ar': '44100', 'sample_fmt': 's32p', 'compression_level': '7', 'reservoir': '1', 'b:a': '189k', 'abr': 'True'}",258.0068359375,-2.64,-0.758,0.6085920440091286,2.068333218694971
"{'ar': '32000', 'sample_fmt': 's16p', 'compression_level': '9', 'reservoir': '1', 'b:a': '32k', 'abr': 'True'}",46.73046875,-3.437,-1.907,0.5855054240382742,0.18774367143838913
"{'ar': '44100', 'sample_fmt': 's16p', 'compression_level': '4', 'reservoir': '1', 'b:a': '144k', 'abr': 'True'}",193.607421875,-2.719,-0.846,0.7122335159801878,1.9516072147299492
"{'ar': '44100', 'sample_fmt': 's32p', 'compression_level': '7', 'reservoir': '1', 'b:a': '188k', 'abr': 'True'}",256.3818359375,-2.638,-0.756,0.6004476110101677,2.076818944747252
"{'ar': '44100', 'sample_fmt': 's16p', 'compression_level': '4', 'reservoir': '1', 'b:a': '144k', 'abr': 'True'}",193.607421875,-2.719,-0.846,0.6967257570067886,1.9527534380010825
"{'ar': '44100', 'sample_fmt': 's32p', 'compression_level': '9', 'reservoir': '1', 'b:a': '148k'}",223.037109375,-2.692,-0.815,0.5985033220204059,1.9857409634746275
"{'ar': '44100', 'sample_fmt': 'fltp', 'compression_level': '4', 'reservoir': '1', 'b:a': '137k', 'abr': 'True'}",181.3046875,-2.816,-0.959,0.706378864008002,1.7100202164266738
"{'ar': '44100', 'sample_fmt': 'fltp', 'compression_level': '4', 'reservoir': '1', 'b:a': '187k', 'abr': 'True'}",254.04296875,-2.623,-0.739,0.6896257709886413,2.114271437381266
"{'ar': '44100', 'sample_fmt': 's32p', 'compression_level': '4', 'reservoir': '1', 'b:a': '153k', 'abr': 'True'}",205.8154296875,-2.684,-0.806,0.6998256590159144,2.0272105899341613
"{'ar': '44100', 'sample_fmt': 's32p', 'compression_level': '8', 'reservoir': '0', 'b:a': '150k'}",223.037109375,-2.706,-0.831,0.6231324410182424,1.9462540898746274
"{'ar': '44100', 'sample_fmt': 's16p', 'compression_level': '8', 'reservoir': '1', 'b:a': '211k'}",312.220703125,-2.602,-0.717,0.5899152630008757,2.0846779570019485
"{'ar': '44100', 'sample_fmt': 's16p', 'compression_level': '4', 'reservoir': '1', 'b:a': '140k', 'abr': 'True'}",185.0390625,-2.792,-0.931,0.7003348159778398,1.7692594829901593
"{'ar': '44100', 'sample_fmt': 'fltp', 'compression_level': '1', 'reservoir': '1', 'b:a': '32k'}",44.771484375,-3.12,-1.357,1.2702537229924928,1.052350247327446
"{'ar': '44100', 'sample_fmt': 'fltp', 'compression_level': '4', 'reservoir': '1', 'b:a': '144k', 'abr': 'True'}",193.609375,-2.716,-0.843,1.1253799320256803,1.9290034416514563
"{'ar': '44100', 'sample_fmt': 'fltp', 'compression_level': '1', 'reservoir': '1', 'b:a': '32k'}",44.771484375,-3.12,-1.357,1.1525867909949739,1.0610473502376565
"{'ar': '44100', 'sample_fmt': 's32p', 'compression_level': '5', 'reservoir': '0', 'b:a': '159k'}",223.037109375,-2.67,-0.791,0.696590841980651,2.037320665698379
"{'ar': '44100', 'sample_fmt': 's16p', 'compression_level': '9', 'reservoir': '1', 'b:a': '109k'}",156.1484375,-3.065,-1.278,0.6385497909795959,1.0743888432136637
"{'ar': '44100', 'sample_fmt': 's16p', 'compression_level': '7', 'reservoir': '1', 'b:a': '123k', 'abr': 'True'}",162.3076171875,-3.043,-1.248,0.6195562070060987,1.1266871135155334
"{'ar': '44100', 'sample_fmt': 's16p', 'compression_level': '1', 'reservoir': '0', 'aq': '6'}",147.916015625,-3.069,-1.283,0.6304261230106931,1.077228427812062
"{'ar': '44100', 'sample_fmt': 's32p', 'compression_level': '5', 'reservoir': '1', 'b:a': '291k', 'abr': 'True'}",396.2412109375,-2.586,-0.7,0.6826231940067373,1.9863988936983028
"{'ar': '44100', 'sample_fmt': 's32p', 'compression_level': '8', 'reservoir': '1', 'b:a': '148k'}",223.037109375,-2.692,-0.815,0.6186529000115115,1.984251649948635
"{'ar': '44100', 'sample_fmt': 's32p', 'compression_level': '1', 'reservoir': '1', 'b:a': '32k'}",44.771484375,-3.12,-1.357,1.0051666449871846,1.071943599159104
"{'ar': '44100', 'sample_fmt': 's32p', 'compression_level': '9', 'reservoir': '1', 'b:a': '148k'}",223.037109375,-2.692,-0.815,0.5834140710358042,1.9868562536111447
"{'ar': '44100', 'sample_fmt': 's32p', 'compression_level': '7', 'reservoir': '1', 'b:a': '170k'}",223.037109375,-2.692,-0.815,0.6010716210003011,1.9855511330766291
"{'ar': '44100', 'sample_fmt': 's32p', 'compression_level': '1', 'reservoir': '1', 'aq': '6'}",137.603515625,-3.079,-1.298,0.633039873035159,1.0654592747609142
"{'ar': '44100', 'sample_fmt': 's32p', 'compression_level': '4', 'reservoir': '1', 'aq': '9'}",103.837890625,-3.343,-1.721,0.6199761630268767,0.37176096828544536
"{'ar': '44100', 'sample_fmt': 'fltp', 'compression_level': '1', 'reservoir': '1', 'aq': '5'}",164.33203125,-2.878,-1.033,0.6432815499720164,1.5739665199495925
"{'ar': '44100', 'sample_fmt': 's16p', 'compression_level': '8', 'reservoir': '1', 'b:a': '260k'}",356.8115234375,-2.595,-0.709,0.6086695320263971,2.0309730131357013
"{'ar': '32000', 'sample_fmt': 'fltp', 'compression_level': '1', 'reservoir': '1', 'b:a': '32k'}",44.8671875,-3.314,-1.669,0.8383622030087281,0.5336889234673398
"{'ar': '44100', 'sample_fmt': 's16p', 'compression_level': '8', 'reservoir': '1', 'b:a': '168k', 'abr': 'True'}",226.796875,-2.686,-0.809,0.5901567949913442,1.996230931936484
"{'ar': '44100', 'sample_fmt': 's16p', 'compression_level': '8', 'reservoir': '1', 'b:a': '211k'}",312.220703125,-2.602,-0.717,0.5819644339790102,2.0852656257466906
"{'ar': '44100', 'sample_fmt': 's32p', 'compression_level': '8', 'reservoir': '0', 'b:a': '123k'}",178.4443359375,-2.892,-1.051,0.5795972889754921,1.5178577214875326
"{'ar': '44100', 'sample_fmt': 's16p', 'compression_level': '8', 'reservoir': '1', 'b:a': '295k', 'abr': 'True'}",405.4072265625,-2.591,-0.705,0.5920385969802737,1.9652413950324232
"{'ar': '8000', 'sample_fmt': 's32p', 'compression_level': '0', 'reservoir': '1', 'aq': '9'}",35.8671875,-3.85,-3.441,0.5149104970041662,-1.2358818253817176
"{'ar': '44100', 'sample_fmt': 's32p', 'compression_level': '5', 'reservoir': '1', 'b:a': '210k'}",312.220703125,-2.595,-0.709,0.6687131270009559,2.0976870113368205
"{'ar': '44100', 'sample_fmt': 's16p', 'compression_level': '9', 'reservoir': '1', 'b:a': '109k'}",156.1484375,-3.065,-1.278,0.5990863459883258,1.0773057004517512
"{'ar': '44100', 'sample_fmt': 's32p', 'compression_level': '1', 'reservoir': '1', 'aq': '5'}",164.3330078125,-2.878,-1.033,0.6330471379915252,1.5747214166423742
"{'ar': '44100', 'sample_fmt': 'fltp', 'compression_level': '8', 'reservoir': '0', 'b:a': '148k'}",223.037109375,-2.705,-0.83,0.5878911569889169,1.9515042712428878
"{'ar': '44100', 'sample_fmt': 's32p', 'compression_level': '1', 'reservoir': '1', 'b:a': '32k'}",44.771484375,-3.12,-1.357,0.9754859780077823,1.0741373830096848
"{'ar': '44100', 'sample_fmt': 's16p', 'compression_level': '8', 'reservoir': '1', 'b:a': '283k', 'abr': 'True'}",389.515625,-2.596,-0.71,0.5866763949743472,1.9777684158143862
"{'ar': '44100', 'sample_fmt': 's32p', 'compression_level': '5', 'reservoir': '0', 'b:a': '156k'}",223.037109375,-2.67,-0.791,0.6752975670387968,2.0388945131703995
"{'ar': '44100', 'sample_fmt': 's32p', 'compression_level': '4', 'reservoir': '1', 'b:a': '140k', 'abr': 'True'}",185.0439453125,-2.802,-0.942,0.7109954339975957,1.7416943137154688
"{'ar': '44100', 'sample_fmt': 's16p', 'compression_level': '4', 'reservoir': '0', 'aq': '6'}",147.916015625,-3.069,-1.283,0.6204772090131883,1.0779637807902716
"{'ar': '44100', 'sample_fmt': 's16p', 'compression_level': '4', 'reservoir': '1', 'b:a': '140k', 'abr': 'True'}",185.0390625,-2.792,-0.931,0.8019504609983414,1.7617487770762041
"{'ar': '44100', 'sample_fmt': 's32p', 'compression_level': '9', 'reservoir': '1', 'b:a': '133k'}",178.4443359375,-2.916,-1.081,0.5877224110008683,1.4518749098975405
"{'ar': '32000', 'sample_fmt': 's16p', 'compression_level': '7', 'reservoir': '1', 'aq': '9'}",81.7109375,-3.514,-2.081,0.559733613015851,-0.10046353200920143
"{'ar': '44100', 'sample_fmt': 's16p', 'compression_level': '8', 'reservoir': '1', 'b:a': '211k'}",312.220703125,-2.602,-0.717,0.5835108769824728,2.0851513236762824
"{'ar': '44100', 'sample_fmt': 's32p', 'compression_level': '4', 'reservoir': '1', 'b:a': '136k', 'abr': 'True'}",180.0263671875,-2.825,-0.969,0.691358605021378,1.6890461530256053
"{'ar': '44100', 'sample_fmt': 's32p', 'compression_level': '4', 'reservoir': '1', 'b:a': '153k', 'abr': 'True'}",205.8154296875,-2.684,-0.806,0.7080741920217406,2.0266009170278303
"{'ar': '44100', 'sample_fmt': 's32p', 'compression_level': '4', 'reservoir': '1', 'b:a': '176k', 'abr': 'True'}",240.0234375,-2.644,-0.763,0.7074878419807646,2.078821973550195
"{'ar': '44100', 'sample_fmt': 's16p', 'compression_level': '8', 'reservoir': '1', 'b:a': '282k'}",356.8115234375,-2.595,-0.709,0.5930335610173643,2.032128712928822
"{'ar': '44100', 'sample_fmt': 's16p', 'compression_level': '8', 'reservoir': '1', 'b:a': '150k'}",223.037109375,-2.689,-0.812,0.577309699030593,1.99524363411989
"{'ar': '44100', 'sample_fmt': 's32p', 'compression_level': '8', 'reservoir': '0', 'b:a': '160k'}",223.037109375,-2.706,-0.831,0.57475041699945,1.949830145056423
"{'ar': '44100', 'sample_fmt': 's32p', 'compression_level': '7', 'reservoir': '1', 'b:a': '281k', 'abr': 'True'}",386.671875,-2.596,-0.711,0.6008378010010347,1.9809439181982142
"{'ar': '44100', 'sample_fmt': 's16p', 'compression_level': '7', 'reservoir': '1', 'b:a': '211k'}",312.220703125,-2.602,-0.717,0.5953400879807305,2.084276992514146
"{'ar': '44100', 'sample_fmt': 's32p', 'compression_level': '7', 'reservoir': '1', 'b:a': '229k', 'abr': 'True'}",315.0693359375,-2.601,-0.716,0.5877378909790423,2.0829388265464157
"{'ar': '44100', 'sample_fmt': 's32p', 'compression_level': '5', 'reservoir': '1', 'b:a': '162k', 'abr': 'True'}",220.3583984375,-2.674,-0.795,0.6867175509978551,2.031743168414779
"{'ar': '44100', 'sample_fmt': 's16p', 'compression_level': '8', 'reservoir': '1', 'b:a': '165k', 'abr': 'True'}",222.40234375,-2.698,-0.822,0.6196931239974219,1.9689998011479133
"{'ar': '44100', 'sample_fmt': 's16p', 'compression_level': '8', 'reservoir': '1', 'b:a': '295k'}",445.9951171875,-2.585,-0.699,0.611227601999417,1.9149307971468443
"{'ar': '32000', 'sample_fmt': 's32p', 'compression_level': '8', 'reservoir': '1', 'b:a': '123k'}",178.953125,-3.299,-1.642,0.5567825830366928,0.3840115465002356
"{'ar': '44100', 'sample_fmt': 's32p', 'compression_level': '8', 'reservoir': '1', 'b:a': '164k', 'abr': 'True'}",221.1787109375,-2.699,-0.824,0.6098434540326707,1.968719471630186
"{'ar': '44100', 'sample_fmt': 'fltp', 'compression_level': '5', 'reservoir': '1', 'b:a': '191k', 'abr': 'True'}",262.986328125,-2.623,-0.739,0.667586665978888,2.101629809283017
"{'ar': '44100', 'sample_fmt': 'fltp', 'compression_level': '1', 'reservoir': '1', 'b:a': '32k'}",44.771484375,-3.12,-1.357,1.0017778949986678,1.0721940714616174
"{'ar': '44100', 'sample_fmt': 's32p', 'compression_level': '7', 'reservoir': '1', 'b:a': '169k', 'abr': 'True'}",228.228515625,-2.681,-0.803,0.5903424259740859,2.0074752327750782
"{'ar': '44100', 'sample_fmt': 'fltp', 'compression_level': '4', 'reservoir': '1', 'b:a': '279k', 'abr': 'True'}",365.3369140625,-2.586,-0.7,0.7239754490146879,2.0326553217930217
"{'ar': '11025', 'sample_fmt': 's16p', 'compression_level': '8', 'reservoir': '1', 'b:a': '100k', 'abr': 'True'}",88.5517578125,-3.849,-3.438,0.5384734350081999,-1.3184140213466786
"{'ar': '48000', 'sample_fmt': 's32p', 'compression_level': '8', 'reservoir': '1', 'b:a': '146k'}",223.203125,-3.589,-2.276,0.6361720800050534,-0.5681471231916595
"{'ar': '44100', 'sample_fmt': 's32p', 'compression_level': '4', 'reservoir': '1', 'b:a': '165k'}",223.037109375,-2.656,-0.776,0.7374318790098187,2.0716529925000073
"{'ar': '44100', 'sample_fmt': 's16p', 'compression_level': '8', 'reservoir': '1', 'b:a': '109k'}",156.1484375,-3.065,-1.278,0.5771778750058729,1.0789250188405723
"{'ar': '44100', 'sample_fmt': 's16p', 'compression_level': '8', 'reservoir': '1', 'b:a': '295k'}",445.9951171875,-2.585,-0.699,0.6078477620321792,1.9151806108839418
"{'ar': '44100', 'sample_fmt': 'fltp', 'compression_level': '0', 'reservoir': '1', 'b:a': '32k'}",44.771484375,-3.12,-1.357,1.0038490500010084,1.072040986411361
"{'ar': '44100', 'sample_fmt': 's32p', 'compression_level': '4', 'reservoir': '1', 'b:a': '185k', 'abr': 'True'}",251.4013671875,-2.631,-0.748,0.7027029410237446,2.096041347707529
"{'ar': '44100', 'sample_fmt': 's16p', 'compression_level': '8', 'reservoir': '1', 'b:a': '202k'}",267.6279296875,-2.634,-0.752,0.6850964530312922,2.06319889547871
"{'ar': '44100', 'sample_fmt': 's32p', 'compression_level': '9', 'reservoir': '1', 'aq': '9'}",97.1474609375,-3.314,-1.668,0.5743227860075422,0.47009851606907493
"{'ar': '44100', 'sample_fmt': 's32p', 'compression_level': '7', 'reservoir': '1', 'b:a': '278k', 'abr': 'True'}",382.6123046875,-2.597,-0.712,0.595411519985646,1.9851773067288525
"{'ar': '44100', 'sample_fmt': 's32p', 'compression_level': '6', 'reservoir': '1', 'b:a': '144k', 'abr': 'True'}",196.4228515625,-2.716,-0.843,0.6740948049991857,1.9578698642800023
"{'ar': '44100', 'sample_fmt': 's16p', 'compression_level': '1', 'reservoir': '0', 'b:a': '32k', 'abr': 'True'}",53.09375,-3.138,-1.383,0.9929451840289403,1.0094265782496488
"{'ar': '44100', 'sample_fmt': 's32p', 'compression_level': '7', 'reservoir': '1', 'b:a': '281k', 'abr': 'True'}",386.671875,-2.596,-0.711,0.6064142789982725,1.9805317445977373
"{'ar': '44100', 'sample_fmt': 'fltp', 'compression_level': '8', 'reservoir': '0', 'b:a': '150k'}",223.037109375,-2.705,-0.83,0.616625288996147,1.949380448526853
"{'ar': '44100', 'sample_fmt': 's16p', 'compression_level': '8', 'reservoir': '1', 'b:a': '294k'}",445.9951171875,-2.585,-0.699,0.6377843560185283,1.9129679107288469
"{'ar': '44100', 'sample_fmt': 's16p', 'compression_level': '8', 'reservoir': '1', 'b:a': '281k'}",356.8115234375,-2.595,-0.709,0.6591996380011551,2.027238187010248
"{'ar': '44100', 'sample_fmt': 's16p', 'compression_level': '8', 'reservoir': '1', 'b:a': '281k', 'abr': 'True'}",386.8759765625,-2.596,-0.71,0.6187876390176825,1.9796069745780793
"{'ar': '44100', 'sample_fmt': 's16p', 'compression_level': '8', 'reservoir': '1', 'b:a': '177k', 'abr': 'True'}",240.4326171875,-2.662,-0.783,0.6238189880095888,2.0361052175016083
"{'ar': '44100', 'sample_fmt': 's32p', 'compression_level': '4', 'reservoir': '1', 'b:a': '32k', 'abr': 'True'}",47.66015625,-3.348,-1.73,0.6648147779924329,0.44359882430576025
"{'ar': '44100', 'sample_fmt': 's32p', 'compression_level': '9', 'reservoir': '1', 'b:a': '148k'}",223.037109375,-2.692,-0.815,0.6204373579821549,1.9841197555043235
"{'ar': '44100', 'sample_fmt': 's16p', 'compression_level': '9', 'reservoir': '1', 'b:a': '295k'}",445.9951171875,-2.585,-0.699,0.6287637980130967,1.9136346462334524
"{'ar': '44100', 'sample_fmt': 's32p', 'compression_level': '8', 'reservoir': '0', 'b:a': '119k'}",156.1484375,-3.098,-1.324,0.6755003260041121,0.9802586869962889
"{'ar': '44100', 'sample_fmt': 's32p', 'compression_level': '8', 'reservoir': '1', 'b:a': '212k', 'abr': 'True'}",290.791015625,-2.61,-0.725,0.6430152669781819,2.0937846062151806
"{'ar': '44100', 'sample_fmt': 's32p', 'compression_level': '4', 'reservoir': '1', 'b:a': '32k', 'abr': 'True'}",47.66015625,-3.348,-1.73,0.7205497799732257,0.4394792892783835
"{'ar': '44100', 'sample_fmt': 's16p', 'compression_level': '8', 'reservoir': '1', 'b:a': '291k'}",445.9951171875,-2.585,-0.699,0.6722627739945892,1.9104195112403195
"{'ar': '44100', 'sample_fmt': 's32p', 'compression_level': '6', 'reservoir': '1', 'b:a': '156k', 'abr': 'True'}",212.626953125,-2.677,-0.799,0.7288957490236498,2.03271080243984
"{'ar': '44100', 'sample_fmt': 's32p', 'compression_level': '6', 'reservoir': '1', 'b:a': '156k', 'abr': 'True'}",212.626953125,-2.677,-0.799,0.7110647340014111,2.034028744277953
"{'ar': '44100', 'sample_fmt': 's32p', 'compression_level': '7', 'reservoir': '1', 'b:a': '281k'}",356.8115234375,-2.604,-0.719,0.6039395769766998,2.0071985931601426
"{'ar': '44100', 'sample_fmt': 's16p', 'compression_level': '4', 'reservoir': '1', 'b:a': '144k', 'abr': 'True'}",193.607421875,-2.719,-0.846,0.7037785510183312,1.9522321456185785
"{'ar': '44100', 'sample_fmt': 's32p', 'compression_level': '8', 'reservoir': '1', 'b:a': '294k'}",445.9951171875,-2.585,-0.698,0.6161375740193762,1.91488334533722
"{'ar': '32000', 'sample_fmt': 'fltp', 'compression_level': '3', 'reservoir': '1', 'b:a': '120k'}",156.59375,-3.336,-1.709,0.674037591990782,0.3036795400017338
"{'ar': '11025', 'sample_fmt': 'fltp', 'compression_level': '3', 'reservoir': '1', 'aq': '9'}",46.904296875,-3.834,-3.322,0.5528645040176343,-1.181480084500761
"{'ar': '44100', 'sample_fmt': 's32p', 'compression_level': '8', 'reservoir': '1', 'b:a': '148k'}",223.037109375,-2.692,-0.815,0.5784950320085045,1.9872198339978642
"{'ar': '44100', 'sample_fmt': 's16p', 'compression_level': '9', 'reservoir': '1', 'b:a': '295k'}",445.9951171875,-2.585,-0.699,0.6343273270176724,1.9132234297304356
"{'ar': '44100', 'sample_fmt': 's32p', 'compression_level': '8', 'reservoir': '1', 'b:a': '127k'}",178.4443359375,-2.916,-1.081,0.5937420070113149,1.4514299841644396
"{'ar': '44100', 'sample_fmt': 's16p', 'compression_level': '5', 'reservoir': '1', 'b:a': '164k', 'abr': 'True'}",223.0185546875,-2.655,-0.774,0.6939870429923758,2.0778545875641505
"{'ar': '44100', 'sample_fmt': 's16p', 'compression_level': '2', 'reservoir': '1', 'aq': '9'}",103.81640625,-3.341,-1.719,1.0608235480030999,0.344501738702533
"{'ar': '44100', 'sample_fmt': 's32p', 'compression_level': '4', 'reservoir': '1', 'b:a': '145k', 'abr': 'True'}",194.9853515625,-2.722,-0.85,1.1269226939766668,1.9105059786747005
"{'ar': '44100', 'sample_fmt': 's16p', 'compression_level': '8', 'reservoir': '1', 'b:a': '240k'}",312.220703125,-2.602,-0.717,0.8849157039949205,2.0628736220853483
"{'ar': '44100', 'sample_fmt': 's32p', 'compression_level': '4', 'reservoir': '1', 'b:a': '161k', 'abr': 'True'}",216.009765625,-2.679,-0.801,0.9579847360146232,2.005089546850821
"{'ar': '44100', 'sample_fmt': 's32p', 'compression_level': '4', 'reservoir': '1', 'b:a': '161k', 'abr': 'True'}",216.009765625,-2.679,-0.801,0.8318796009989455,2.014410341725973
"{'ar': '44100', 'sample_fmt': 's32p', 'compression_level': '4', 'reservoir': '1', 'b:a': '164k', 'abr': 'True'}",219.5390625,-2.666,-0.787,0.778243709995877,2.0474487608856955
"{'ar': '44100', 'sample_fmt': 's32p', 'compression_level': '9', 'reservoir': '1', 'b:a': '148k'}",223.037109375,-2.692,-0.815,0.6514224630373064,1.9818295568667486
"{'ar': '44100', 'sample_fmt': 'fltp', 'compression_level': '1', 'reservoir': '1', 'aq': '9'}",103.837890625,-3.343,-1.721,0.6417834890307859,0.37014912581421894
"{'ar': '44100', 'sample_fmt': 's16p', 'compression_level': '8', 'reservoir': '1', 'b:a': '163k'}",223.037109375,-2.689,-0.812,0.6273227690253407,1.9915470236175523
"{'ar': '44100', 'sample_fmt': 's32p', 'compression_level': '8', 'reservoir': '1', 'b:a': '148k'}",223.037109375,-2.692,-0.815,0.5854812960023992,1.986703459041185
"{'ar': '44100', 'sample_fmt': 's32p', 'compression_level': '7', 'reservoir': '1', 'b:a': '170k'}",223.037109375,-2.692,-0.815,0.5897475330275483,1.9863881291365364
"{'ar': '44100', 'sample_fmt': 's32p', 'compression_level': '9', 'reservoir': '1', 'b:a': '148k'}",223.037109375,-2.692,-0.815,0.6013341970101465,1.9855317253251001
"{'ar': '44100', 'sample_fmt': 's16p', 'compression_level': '8', 'reservoir': '1', 'b:a': '240k'}",312.220703125,-2.602,-0.717,0.5944385019829497,2.084343631340127
"{'ar': '44100', 'sample_fmt': 's16p', 'compression_level': '4', 'reservoir': '1', 'aq': '4'}",205.1201171875,-2.723,-0.85,0.6614736279880162,1.9264070392803143
"{'ar': '44100', 'sample_fmt': 'fltp', 'compression_level': '7', 'reservoir': '1', 'b:a': '142k', 'abr': 'True'}",189.2998046875,-2.81,-0.951,0.6077690410020296,1.721054522114004
"{'ar': '44100', 'sample_fmt': 's16p', 'compression_level': '4', 'reservoir': '1', 'b:a': '136k', 'abr': 'True'}",180.1279296875,-2.822,-0.966,0.7098455259983893,1.6954538603335656
"{'ar': '44100', 'sample_fmt': 's16p', 'compression_level': '7', 'reservoir': '1', 'b:a': '211k'}",312.220703125,-2.602,-0.717,0.6060649809951428,2.0834842846848187
"{'ar': '44100', 'sample_fmt': 's32p', 'compression_level': '4', 'reservoir': '1', 'b:a': '153k', 'abr': 'True'}",205.8154296875,-2.684,-0.806,0.7005805630178656,2.027154792798289
"{'ar': '32000', 'sample_fmt': 's16p', 'compression_level': '9', 'reservoir': '1', 'aq': '9'}",81.7109375,-3.514,-2.081,0.5529559569840785,-0.09996257586971802
"{'ar': '44100', 'sample_fmt': 's16p', 'compression_level': '4', 'reservoir': '1', 'b:a': '144k', 'abr': 'True'}",193.607421875,-2.719,-0.846,0.6986033410066739,1.9526146603428878
"{'ar': '44100', 'sample_fmt': 'fltp', 'compression_level': '6', 'reservoir': '1', 'b:a': '120k', 'abr': 'True'}",161.138671875,-2.937,-1.107,0.6640381049946882,1.4167176189119
"{'ar': '44100', 'sample_fmt': 's16p', 'compression_level': '8', 'reservoir': '1', 'b:a': '206k'}",267.6279296875,-2.634,-0.752,0.6132901060045697,2.068506310052168
"{'ar': '44100', 'sample_fmt': 'fltp', 'compression_level': '1', 'reservoir': '0', 'aq': '9'}",112.5185546875,-3.343,-1.721,0.6245297569548711,0.357572970589081
"{'ar': '44100', 'sample_fmt': 's32p', 'compression_level': '4', 'reservoir': '1', 'b:a': '155k', 'abr': 'True'}",208.224609375,-2.682,-0.805,0.7241529979801271,2.026543577346978
"{'ar': '32000', 'sample_fmt': 's32p', 'compression_level': '4', 'reservoir': '1', 'b:a': '144k', 'abr': 'True'}",194.0,-3.22,-1.51,0.6899748450086918,0.5758627547571754
"{'ar': '32000', 'sample_fmt': 's16p', 'compression_level': '7', 'reservoir': '1', 'aq': '9'}",81.7109375,-3.514,-2.081,0.5508001900161617,-0.09980323690462287
"{'ar': '44100', 'sample_fmt': 's32p', 'compression_level': '9', 'reservoir': '1', 'b:a': '148k'}",223.037109375,-2.692,-0.815,0.5904561599891167,1.986335752470424
"{'ar': '44100', 'sample_fmt': 'fltp', 'compression_level': '0', 'reservoir': '1', 'b:a': '32k'}",44.771484375,-3.12,-1.357,0.9827250179951079,1.0736023246490043
"{'ar': '44100', 'sample_fmt': 's32p', 'compression_level': '6', 'reservoir': '1', 'b:a': '150k', 'abr': 'True'}",204.796875,-2.694,-0.818,0.6948615500004962,2.002117893966191
"{'ar': '44100', 'sample_fmt': 's16p', 'compression_level': '8', 'reservoir': '1', 'b:a': '168k', 'abr': 'True'}",226.796875,-2.686,-0.809,0.5982096969673876,1.9956357186847866
"{'ar': '44100', 'sample_fmt': 's16p', 'compression_level': '8', 'reservoir': '1', 'b:a': '181k', 'abr': 'True'}",246.6298828125,-2.655,-0.775,0.6094811189977918,2.046109445533371
"{'ar': '44100', 'sample_fmt': 's32p', 'compression_level': '9', 'reservoir': '1', 'b:a': '148k'}",223.037109375,-2.692,-0.815,0.6212929339963011,1.984056517409166
"{'ar': '44100', 'sample_fmt': 's16p', 'compression_level': '7', 'reservoir': '1', 'b:a': '32k', 'abr': 'True'}",48.193359375,-3.355,-1.744,0.5634003300219774,0.4295178632311385
"{'ar': '44100', 'sample_fmt': 's16p', 'compression_level': '8', 'reservoir': '1', 'b:a': '237k'}",312.220703125,-2.602,-0.717,0.5865473029843997,2.0849268926575615
"{'ar': '44100', 'sample_fmt': 's32p', 'compression_level': '8', 'reservoir': '1', 'b:a': '163k', 'abr': 'True'}",219.640625,-2.703,-0.829,0.6039428929798305,1.9607128250482115
"{'ar': '44100', 'sample_fmt': 's16p', 'compression_level': '4', 'reservoir': '1', 'b:a': '302k'}",445.9951171875,-2.592,-0.706,0.7214465229772031,1.8882664245305711
"{'ar': '44100', 'sample_fmt': 's16p', 'compression_level': '8', 'reservoir': '0', 'b:a': '123k'}",178.4443359375,-2.885,-1.043,0.5795217650011182,1.536696535810583
"{'ar': '44100', 'sample_fmt': 's16p', 'compression_level': '8', 'reservoir': '1', 'b:a': '228k'}",312.220703125,-2.602,-0.717,0.5858743019925896,2.0849766361053175
"{'ar': '44100', 'sample_fmt': 's16p', 'compression_level': '8', 'reservoir': '1', 'b:a': '149k'}",223.037109375,-2.689,-0.812,0.5839982179750223,1.9947492663600692
"{'ar': '44100', 'sample_fmt': 's16p', 'compression_level': '1', 'reservoir': '0', 'aq': '5'}",179.666015625,-2.881,-1.037,0.623072245012736,1.5427407047662713
"{'ar': '11025', 'sample_fmt': 's16p', 'compression_level': '6', 'reservoir': '1', 'b:a': '100k', 'abr': 'True'}",82.8134765625,-3.848,-3.431,0.5332965819980018,-1.3043368661900188
"{'ar': '44100', 'sample_fmt': 's16p', 'compression_level': '7', 'reservoir': '0', 'b:a': '210k'}",312.220703125,-2.606,-0.722,0.5868158240045886,2.074010002102177
"{'ar': '44100', 'sample_fmt': 's32p', 'compression_level': '5', 'reservoir': '1', 'b:a': '202k', 'abr': 'True'}",276.3515625,-2.612,-0.728,0.66172883901163,2.1098357054397745
"{'ar': '44100', 'sample_fmt': 's32p', 'compression_level': '4', 'reservoir': '1', 'b:a': '144k', 'abr': 'True'}",193.55859375,-2.716,-0.843,0.6965314889966976,1.9607818989588308
"{'ar': '44100', 'sample_fmt': 's16p', 'compression_level': '2', 'reservoir': '1', 'b:a': '137k', 'abr': 'True'}",179.9287109375,-2.869,-1.023,0.8417701589933131,1.5585326082282613
"{'ar': '44100', 'sample_fmt': 's32p', 'compression_level': '4', 'reservoir': '1', 'b:a': '173k', 'abr': 'True'}",230.46484375,-2.648,-0.767,0.7632513800053857,2.079371054101663
"{'ar': '44100', 'sample_fmt': 's16p', 'compression_level': '9', 'reservoir': '1', 'b:a': '35k'}",44.771484375,-3.291,-1.629,0.5746970670006704,0.619536792139437
"{'ar': '44100', 'sample_fmt': 's32p', 'compression_level': '8', 'reservoir': '0', 'b:a': '160k'}",223.037109375,-2.706,-0.831,0.7144873370125424,1.9395017855668144
"{'ar': '44100', 'sample_fmt': 'fltp', 'compression_level': '5', 'reservoir': '1', 'b:a': '144k', 'abr': 'True'}",196.421875,-2.716,-0.843,0.6985991119872779,1.9560602384182677
"{'ar': '44100', 'sample_fmt': 's32p', 'compression_level': '8', 'reservoir': '1', 'b:a': '295k'}",445.9951171875,-2.585,-0.698,0.6033612299652305,1.9158276818399982
"{'ar': '44100', 'sample_fmt': 's16p', 'compression_level': '8', 'reservoir': '1', 'b:a': '295k'}",445.9951171875,-2.585,-0.699,0.6302384839800652,1.913525647932934
"{'ar': '44100', 'sample_fmt': 's16p', 'compression_level': '1', 'reservoir': '1', 'b:a': '32k', 'abr': 'True'}",48.26953125,-3.138,-1.383,1.026139535009861,1.0146709229801587
"{'ar': '44100', 'sample_fmt': 'fltp', 'compression_level': '8', 'reservoir': '0', 'b:a': '170k'}",223.037109375,-2.705,-0.83,0.5904721650003921,1.951313501483646
"{'ar': '44100', 'sample_fmt': 's16p', 'compression_level': '8', 'reservoir': '1', 'aq': '9'}",97.146484375,-3.315,-1.67,0.6018288059858605,0.4651061702735768
"{'ar': '44100', 'sample_fmt': 's16p', 'compression_level': '1', 'reservoir': '1', 'b:a': '32k'}",44.771484375,-3.133,-1.376,1.0876156770100351,1.029566651344771
"{'ar': '44100', 'sample_fmt': 's32p', 'compression_level': '9', 'reservoir': '1', 'b:a': '148k'}",223.037109375,-2.692,-0.815,0.5945403059886303,1.986033881439582
"{'ar': '44100', 'sample_fmt': 's16p', 'compression_level': '8', 'reservoir': '1', 'b:a': '282k'}",356.8115234375,-2.595,-0.709,0.6017837400140706,2.0314819619179367
"{'ar': '44100', 'sample_fmt': 's16p', 'compression_level': '2', 'reservoir': '1', 'b:a': '137k', 'abr': 'True'}",179.9287109375,-2.869,-1.023,0.8140473320090678,1.5605816824681593
"{'ar': '44100', 'sample_fmt': 'fltp', 'compression_level': '1', 'reservoir': '1', 'b:a': '32k'}",44.771484375,-3.12,-1.357,0.9944614380074199,1.072734851936733
"{'ar': '44100', 'sample_fmt': 's32p', 'compression_level': '4', 'reservoir': '1', 'b:a': '144k', 'abr': 'True'}",193.55859375,-2.716,-0.843,0.7189996730012354,1.9591212105634104
"{'ar': '44100', 'sample_fmt': 's16p', 'compression_level': '4', 'reservoir': '1', 'b:a': '114k', 'abr': 'True'}",150.3125,-2.974,-1.156,0.6856464640295599,1.3307302599687063
"{'ar': '44100', 'sample_fmt': 's32p', 'compression_level': '8', 'reservoir': '0', 'b:a': '151k'}",223.037109375,-2.706,-0.831,0.5737234780390281,1.949906049082046
"{'ar': '44100', 'sample_fmt': 's16p', 'compression_level': '8', 'reservoir': '1', 'b:a': '295k'}",445.9951171875,-2.585,-0.699,0.6008766730083153,1.9156958642147421
"{'ar': '11025', 'sample_fmt': 's16p', 'compression_level': '1', 'reservoir': '0', 'aq': '9'}",51.2119140625,-3.834,-3.322,0.5799148769874591,-1.1903529680096692
"{'ar': '44100', 'sample_fmt': 'fltp', 'compression_level': '1', 'reservoir': '1', 'b:a': '32k'}",44.771484375,-3.12,-1.357,0.9919125179876573,1.0729232499797978
"{'ar': '44100', 'sample_fmt': 's32p', 'compression_level': '1', 'reservoir': '1', 'aq': '5'}",164.3330078125,-2.878,-1.033,0.6365320269833319,1.5744638384283602
"{'ar': '44100', 'sample_fmt': 'fltp', 'compression_level': '1', 'reservoir': '1', 'aq': '6'}",137.603515625,-3.079,-1.298,0.6331027870182879,1.0654546246066483
"{'ar': '44100', 'sample_fmt': 's32p', 'compression_level': '8', 'reservoir': '1', 'b:a': '295k'}",445.9951171875,-2.585,-0.698,0.5906394899939187,1.9167679823972503
"{'ar': '44100', 'sample_fmt': 's16p', 'compression_level': '1', 'reservoir': '1', 'aq': '5'}",164.283203125,-2.881,-1.037,0.6269940760103054,1.5669966403738702
"{'ar': '44100', 'sample_fmt': 's16p', 'compression_level': '8', 'reservoir': '1', 'b:a': '211k'}",312.220703125,-2.602,-0.717,0.5881686490029097,2.0848070542888997
"{'ar': '48000', 'sample_fmt': 's16p', 'compression_level': '4', 'reservoir': '1', 'b:a': '114k', 'abr': 'True'}",149.421875,-3.671,-2.534,0.7011703199823387,-0.727664373611048
"{'ar': '44100', 'sample_fmt': 's32p', 'compression_level': '4', 'reservoir': '1', 'b:a': '141k'}",178.4443359375,-2.838,-0.985,0.7247168159810826,1.6537684161289883
"{'ar': '44100', 'sample_fmt': 's32p', 'compression_level': '7', 'reservoir': '1', 'b:a': '164k'}",223.037109375,-2.692,-0.815,0.5954416840104386,1.985967257985706
"{'ar': '44100', 'sample_fmt': 's16p', 'compression_level': '8', 'reservoir': '1', 'b:a': '240k'}",312.220703125,-2.602,-0.717,0.6135698489961214,2.082929578207612
"{'ar': '44100', 'sample_fmt': 's32p', 'compression_level': '8', 'reservoir': '0', 'b:a': '146k'}",223.037109375,-2.706,-0.831,0.6221682139730547,1.9463253586814064
"{'ar': '44100', 'sample_fmt': 's16p', 'compression_level': '7', 'reservoir': '1', 'b:a': '123k', 'abr': 'True'}",162.3076171875,-3.043,-1.248,0.6758489450148772,1.122526354606903
"{'ar': '44100', 'sample_fmt': 's32p', 'compression_level': '9', 'reservoir': '1', 'b:a': '150k'}",223.037109375,-2.692,-0.815,0.6053145570040215,1.985237525417796
"{'ar': '44100', 'sample_fmt': 's16p', 'compression_level': '1', 'reservoir': '1', 'aq': '4'}",205.1201171875,-2.723,-0.85,0.6653064620040823,1.926123743444266
"{'ar': '44100', 'sample_fmt': 's16p', 'compression_level': '1', 'reservoir': '0', 'b:a': '32k', 'abr': 'True'}",53.09375,-3.138,-1.383,0.9990958609851077,1.0089719639451271
"{'ar': '44100', 'sample_fmt': 's32p', 'compression_level': '7', 'reservoir': '1', 'b:a': '167k'}",223.037109375,-2.692,-0.815,0.6183880419994239,1.9842712263695426
"{'ar': '44100', 'sample_fmt': 's32p', 'compression_level': '5', 'reservoir': '0', 'b:a': '312k', 'abr': 'True'}",445.61328125,-2.59,-0.704,0.682350963994395,1.8970561648334385
"{'ar': '44100', 'sample_fmt': 's32p', 'compression_level': '8', 'reservoir': '0', 'aq': '9'}",103.8740234375,-3.314,-1.668,0.5734848190040793,0.4594271149210285
"{'ar': '44100', 'sample_fmt': 's32p', 'compression_level': '4', 'reservoir': '1', 'b:a': '163k', 'abr': 'True'}",218.4130859375,-2.673,-0.794,0.7276323989790399,2.034468496340398
"{'ar': '44100', 'sample_fmt': 's32p', 'compression_level': '7', 'reservoir': '1', 'b:a': '174k'}",223.037109375,-2.692,-0.815,0.594244448991958,1.9860557490850035
"{'ar': '44100', 'sample_fmt': 's32p', 'compression_level': '4', 'reservoir': '1', 'b:a': '145k', 'abr': 'True'}",194.9853515625,-2.722,-0.85,0.72386161700706,1.940297387407775
"{'ar': '44100', 'sample_fmt': 's32p', 'compression_level': '9', 'reservoir': '1', 'b:a': '148k'}",223.037109375,-2.692,-0.815,0.6092617179674562,1.9849457793467515
"{'ar': '44100', 'sample_fmt': 's32p', 'compression_level': '5', 'reservoir': '1', 'b:a': '238k'}",312.220703125,-2.595,-0.709,0.6664687850279734,2.097852897136453
"{'ar': '44100', 'sample_fmt': 's16p', 'compression_level': '1', 'reservoir': '1', 'aq': '4'}",205.1201171875,-2.723,-0.85,0.7735981210134923,1.9181195940478823
"{'ar': '32000', 'sample_fmt': 's16p', 'compression_level': '9', 'reservoir': '1', 'b:a': '210k'}",313.109375,-3.179,-1.445,0.5835161470167805,0.5097050584910698
"{'ar': '11025', 'sample_fmt': 's32p', 'compression_level': '7', 'reservoir': '1', 'b:a': '145k', 'abr': 'True'}",88.8076171875,-3.849,-3.439,0.5625014249817468,-1.3209137236654305
"{'ar': '44100', 'sample_fmt': 's32p', 'compression_level': '8', 'reservoir': '1', 'b:a': '168k', 'abr': 'True'}",226.8955078125,-2.684,-0.807,0.688409884023713,1.994102169854053
"{'ar': '44100', 'sample_fmt': 's32p', 'compression_level': '4', 'reservoir': '1', 'b:a': '160k', 'abr': 'True'}",214.5751953125,-2.68,-0.803,0.7659802830021363,2.018609389137466
"{'ar': '44100', 'sample_fmt': 'fltp', 'compression_level': '4', 'reservoir': '1', 'b:a': '187k'}",267.6279296875,-2.615,-0.731,0.7047023579943925,2.1126432118810317
"{'ar': '44100', 'sample_fmt': 's16p', 'compression_level': '4', 'reservoir': '1', 'b:a': '144k', 'abr': 'True'}",193.607421875,-2.719,-0.846,0.7262305460171774,1.9505726537993424
"{'ar': '44100', 'sample_fmt': 's32p', 'compression_level': '7', 'reservoir': '1', 'b:a': '189k', 'abr': 'True'}",258.0068359375,-2.64,-0.758,0.6176294829929247,2.0676652354684815
"{'ar': '44100', 'sample_fmt': 's32p', 'compression_level': '7', 'reservoir': '1', 'b:a': '148k'}",223.037109375,-2.692,-0.815,0.6238287540036254,1.9838690876258696
"{'ar': '44100', 'sample_fmt': 's32p', 'compression_level': '1', 'reservoir': '1', 'b:a': '138k', 'abr': 'True'}",183.09765625,-2.875,-1.03,1.14970887103118,1.514527558557209
"{'ar': '44100', 'sample_fmt': 's32p', 'compression_level': '5', 'reservoir': '0', 'b:a': '141k'}",178.4443359375,-2.841,-0.989,0.7253847419924568,1.6454674006423788
"{'ar': '44100', 'sample_fmt': 's32p', 'compression_level': '8', 'reservoir': '0', 'b:a': '123k'}",178.4443359375,-2.892,-1.051,0.6266712560027372,1.5143783485772535
"{'ar': '44100', 'sample_fmt': 's32p', 'compression_level': '8', 'reservoir': '1', 'b:a': '148k'}",223.037109375,-2.692,-0.815,0.6174751640064642,1.9843386998195125
"{'ar': '44100', 'sample_fmt': 's32p', 'compression_level': '4', 'reservoir': '1', 'b:a': '32k'}",44.771484375,-3.317,-1.675,0.6894254650105722,0.5359674142118535
"{'ar': '44100', 'sample_fmt': 's16p', 'compression_level': '7', 'reservoir': '1', 'b:a': '138k', 'abr': 'True'}",183.8095703125,-2.848,-0.997,0.6686662059801165,1.6222652847814796
"{'ar': '44100', 'sample_fmt': 's32p', 'compression_level': '4', 'reservoir': '1', 'b:a': '165k', 'abr': 'True'}",220.66796875,-2.657,-0.777,0.7516984050162137,2.0717334699431604
"{'ar': '44100', 'sample_fmt': 's16p', 'compression_level': '8', 'reservoir': '1', 'b:a': '282k'}",356.8115234375,-2.595,-0.709,0.604905277985381,2.031251240027651
"{'ar': '44100', 'sample_fmt': 's32p', 'compression_level': '9', 'reservoir': '1', 'b:a': '148k'}",223.037109375,-2.692,-0.815,0.603957728977548,1.9853378124974146
"{'ar': '44100', 'sample_fmt': 'fltp', 'compression_level': '8', 'reservoir': '0', 'b:a': '115k'}",156.1484375,-3.098,-1.324,0.5954527180292644,0.986175236977282
"{'ar': '44100', 'sample_fmt': 's32p', 'compression_level': '0', 'reservoir': '1', 'b:a': '32k'}",44.771484375,-3.12,-1.357,0.993040231987834,1.072839897379825
"{'ar': '44100', 'sample_fmt': 's32p', 'compression_level': '9', 'reservoir': '1', 'b:a': '148k', 'abr': 'True'}",198.2060546875,-2.779,-0.915,0.6186765220190864,1.7896215064256076
"{'ar': '44100', 'sample_fmt': 'fltp', 'compression_level': '1', 'reservoir': '1', 'b:a': '32k'}",44.771484375,-3.12,-1.357,0.9891383729991503,1.0731282950510281
"{'ar': '44100', 'sample_fmt': 's16p', 'compression_level': '7', 'reservoir': '1', 'b:a': '283k'}",356.8115234375,-2.595,-0.709,0.6208917690091766,2.0300696322875083
"{'ar': '44100', 'sample_fmt': 's32p', 'compression_level': '7', 'reservoir': '1', 'b:a': '188k'}",267.6279296875,-2.63,-0.747,0.6017007149639539,2.0802599588193065
"{'ar': '44100', 'sample_fmt': 's32p', 'compression_level': '7', 'reservoir': '1', 'b:a': '292k'}",445.9951171875,-2.585,-0.698,0.6132344369834755,1.9150979245833604
"{'ar': '44100', 'sample_fmt': 's16p', 'compression_level': '4', 'reservoir': '1', 'b:a': '182k'}",267.6279296875,-2.622,-0.738,0.727079345000675,2.092471490399729
"{'ar': '44100', 'sample_fmt': 's16p', 'compression_level': '8', 'reservoir': '1', 'b:a': '271k'}",356.8115234375,-2.595,-0.709,0.6368393510056194,2.0288909004259943
"{'ar': '44100', 'sample_fmt': 's32p', 'compression_level': '8', 'reservoir': '1', 'b:a': '163k'}",223.037109375,-2.692,-0.815,0.6229606879933272,1.9839332488927288
"{'ar': '32000', 'sample_fmt': 's32p', 'compression_level': '8', 'reservoir': '1', 'b:a': '189k'}",268.390625,-3.177,-1.443,0.5726448250352405,0.5871555084594458
"{'ar': '44100', 'sample_fmt': 's16p', 'compression_level': '2', 'reservoir': '1', 'b:a': '137k', 'abr': 'True'}",179.9287109375,-2.869,-1.023,0.840944366005715,1.5585936449738769
"{'ar': '44100', 'sample_fmt': 's32p', 'compression_level': '7', 'reservoir': '1', 'b:a': '188k', 'abr': 'True'}",256.3818359375,-2.638,-0.756,0.6201272819889709,2.0753643634062056
"{'ar': '24000', 'sample_fmt': 'fltp', 'compression_level': '4', 'reservoir': '1', 'b:a': '153k', 'abr': 'True'}",189.9921875,-3.661,-2.497,0.7061216459842399,-0.7577956127036711
"{'ar': '44100', 'sample_fmt': 's32p', 'compression_level': '5', 'reservoir': '1', 'b:a': '148k', 'abr': 'True'}",202.1337890625,-2.704,-0.829,0.7125215609848965,1.9782925626425396
"{'ar': '44100', 'sample_fmt': 's32p', 'compression_level': '5', 'reservoir': '1', 'b:a': '153k', 'abr': 'True'}",208.9404296875,-2.684,-0.806,0.7165193109831307,2.0209902619875884
"{'ar': '44100', 'sample_fmt': 's32p', 'compression_level': '1', 'reservoir': '1', 'b:a': '32k'}",44.771484375,-3.12,-1.357,0.9938116790144704,1.072782877501202
"{'ar': '44100', 'sample_fmt': 's32p', 'compression_level': '1', 'reservoir': '1', 'aq': '6'}",137.603515625,-3.079,-1.298,0.6473085829929914,1.0644046331824133
"{'ar': '44100', 'sample_fmt': 's16p', 'compression_level': '8', 'reservoir': '1', 'b:a': '240k'}",312.220703125,-2.602,-0.717,0.6177363070019055,2.082621623258569
"{'ar': '48000', 'sample_fmt': 's32p', 'compression_level': '9', 'reservoir': '1', 'b:a': '148k'}",223.203125,-3.589,-2.276,0.6175028810102958,-0.5667672287544354
"{'ar': '44100', 'sample_fmt': 's32p', 'compression_level': '1', 'reservoir': '1', 'b:a': '32k'}",44.771484375,-3.12,-1.357,0.9985258499800693,1.0724344395048326
"{'ar': '8000', 'sample_fmt': 's32p', 'compression_level': '0', 'reservoir': '1', 'b:a': '32k', 'abr': 'True'}",41.9140625,-3.851,-3.451,0.6593877359991893,-1.2616938618867923
"{'ar': '44100', 'sample_fmt': 'fltp', 'compression_level': '1', 'reservoir': '1', 'b:a': '32k'}",44.771484375,-3.12,-1.357,0.9825081390154082,1.073618354801006
"{'ar': '44100', 'sample_fmt': 's16p', 'compression_level': '3', 'reservoir': '1', 'b:a': '158k', 'abr': 'True'}",212.83203125,-2.701,-0.826,0.7590452629665378,1.9657192437291504
"{'ar': '44100', 'sample_fmt': 's16p', 'compression_level': '8', 'reservoir': '1', 'b:a': '211k'}",312.220703125,-2.602,-0.717,0.6239752999972552,2.082160481260426
"{'ar': '44100', 'sample_fmt': 'fltp', 'compression_level': '8', 'reservoir': '0', 'b:a': '139k', 'abr': 'True'}",210.2236328125,-2.843,-0.992,0.6253017179842573,1.596549475939788
"{'ar': '8000', 'sample_fmt': 's32p', 'compression_level': '0', 'reservoir': '1', 'aq': '9'}",35.8671875,-3.85,-3.441,0.5373685290105641,-1.237541763413624
"{'ar': '44100', 'sample_fmt': 's32p', 'compression_level': '4', 'reservoir': '1', 'b:a': '136k', 'abr': 'True'}",180.0263671875,-2.825,-0.969,0.7564357639930677,1.6842361121834353
"{'ar': '44100', 'sample_fmt': 'fltp', 'compression_level': '4', 'reservoir': '1', 'b:a': '143k', 'abr': 'True'}",188.7431640625,-2.772,-0.907,0.7289680149988271,1.815402375303899
"{'ar': '44100', 'sample_fmt': 's16p', 'compression_level': '7', 'reservoir': '1', 'b:a': '138k', 'abr': 'True'}",183.8095703125,-2.848,-0.997,0.6145213909912854,1.626267284493872
"{'ar': '44100', 'sample_fmt': 's32p', 'compression_level': '8', 'reservoir': '1', 'b:a': '211k'}",312.220703125,-2.6,-0.715,0.6021930790448096,2.089061260636054
"{'ar': '44100', 'sample_fmt': 's32p', 'compression_level': '8', 'reservoir': '0', 'b:a': '148k'}",223.037109375,-2.706,-0.831,0.6211983360117301,1.946397045163724
"{'ar': '44100', 'sample_fmt': 's16p', 'compression_level': '8', 'reservoir': '1', 'b:a': '282k'}",356.8115234375,-2.595,-0.709,0.6981776680331677,2.0243572081942722
"{'ar': '44100', 'sample_fmt': 's16p', 'compression_level': '8', 'reservoir': '1', 'b:a': '282k'}",356.8115234375,-2.595,-0.709,0.6193253349920269,2.0301854119514964
"{'ar': '44100', 'sample_fmt': 's16p', 'compression_level': '2', 'reservoir': '1', 'b:a': '137k', 'abr': 'True'}",179.9287109375,-2.869,-1.023,0.8619505359965842,1.5570410182582943
"{'ar': '44100', 'sample_fmt': 's32p', 'compression_level': '4', 'reservoir': '1', 'b:a': '145k', 'abr': 'True'}",194.9853515625,-2.722,-0.85,0.7024765319947619,1.941878020827362
"{'ar': '44100', 'sample_fmt': 's16p', 'compression_level': '8', 'reservoir': '1', 'b:a': '149k'}",223.037109375,-2.689,-0.812,0.6237535089894664,1.9918108379392
"{'ar': '44100', 'sample_fmt': 's32p', 'compression_level': '7', 'reservoir': '1', 'b:a': '168k', 'abr': 'True'}",226.8955078125,-2.684,-0.807,0.6133602320041973,1.999649306470167
"{'ar': '44100', 'sample_fmt': 's32p', 'compression_level': '9', 'reservoir': '1', 'b:a': '148k'}",223.037109375,-2.692,-0.815,0.6099867259617895,1.9848921919111788
"{'ar': '44100', 'sample_fmt': 's16p', 'compression_level': '1', 'reservoir': '1', 'b:a': '110k'}",156.1484375,-3.105,-1.336,1.0932937570032664,0.9292833016503574
"{'ar': '44100', 'sample_fmt': 'fltp', 'compression_level': '4', 'reservoir': '1', 'b:a': '143k', 'abr': 'True'}",188.7431640625,-2.772,-0.907,0.7224473539972678,1.815884336198183
"{'ar': '44100', 'sample_fmt': 's16p', 'compression_level': '0', 'reservoir': '1', 'aq': '8'}",109.3564453125,-3.358,-1.75,0.626783321989933,0.31835470769844953
"{'ar': '44100', 'sample_fmt': 'fltp', 'compression_level': '3', 'reservoir': '1', 'b:a': '119k', 'abr': 'True'}",157.3232421875,-2.992,-1.179,0.7179064700030722,1.2679646120774275
"{'ar': '44100', 'sample_fmt': 's32p', 'compression_level': '7', 'reservoir': '1', 'b:a': '159k', 'abr': 'True'}",214.0595703125,-2.719,-0.846,0.6129221150185913,1.9263128379021346
"{'ar': '44100', 'sample_fmt': 's16p', 'compression_level': '8', 'reservoir': '1', 'b:a': '295k'}",445.9951171875,-2.585,-0.699,0.6143526009691413,1.914699819444166
"{'ar': '44100', 'sample_fmt': 's16p', 'compression_level': '8', 'reservoir': '1', 'b:a': '211k'}",312.220703125,-2.602,-0.717,0.6025443999969866,2.083744500998144
"{'ar': '44100', 'sample_fmt': 's16p', 'compression_level': '0', 'reservoir': '1', 'aq': '5'}",164.283203125,-2.881,-1.037,0.8148276150168385,1.553113320812489
"{'ar': '44100', 'sample_fmt': 's16p', 'compression_level': '8', 'reservoir': '1', 'b:a': '143k'}",178.4443359375,-2.914,-1.079,0.6585465590178501,1.4519308849819756
"{'ar': '44100', 'sample_fmt': 's32p', 'compression_level': '8', 'reservoir': '1', 'b:a': '150k'}",223.037109375,-2.692,-0.815,0.599043210997479,1.985701058720471
"{'ar': '44100', 'sample_fmt': 's32p', 'compression_level': '9', 'reservoir': '1', 'b:a': '148k'}",223.037109375,-2.692,-0.815,0.588381028996082,1.98648913139764
"{'ar': '44100', 'sample_fmt': 's16p', 'compression_level': '8', 'reservoir': '1', 'b:a': '164k', 'abr': 'True'}",221.27734375,-2.7,-0.825,0.5959759000106715,1.966941681480765
"{'ar': '44100', 'sample_fmt': 's16p', 'compression_level': '8', 'reservoir': '1', 'b:a': '234k', 'abr': 'True'}",322.40625,-2.597,-0.711,0.6081785709830001,2.080617786123892
"{'ar': '44100', 'sample_fmt': 's32p', 'compression_level': '3', 'reservoir': '1', 'b:a': '182k', 'abr': 'True'}",247.3388671875,-2.646,-0.765,0.702502653002739,2.0622266785397376
"{'ar': '44100', 'sample_fmt': 's32p', 'compression_level': '6', 'reservoir': '1', 'b:a': '155k', 'abr': 'True'}",211.294921875,-2.682,-0.804,0.7019531390396878,2.023600702480305
"{'ar': '44100', 'sample_fmt': 's32p', 'compression_level': '7', 'reservoir': '1', 'b:a': '281k', 'abr': 'True'}",386.671875,-2.596,-0.711,0.614582406997215,1.9799280146577736
"{'ar': '44100', 'sample_fmt': 's32p', 'compression_level': '9', 'reservoir': '1', 'b:a': '192k'}",267.6279296875,-2.63,-0.747,0.6316822989901993,2.078043933320376
"{'ar': '44100', 'sample_fmt': 's32p', 'compression_level': '4', 'reservoir': '1', 'b:a': '32k', 'abr': 'True'}",47.66015625,-3.348,-1.73,0.6895308660168666,0.4417719868295282
"{'ar': '44100', 'sample_fmt': 's16p', 'compression_level': '1', 'reservoir': '1', 'aq': '9'}",103.81640625,-3.341,-1.719,0.6129426169791259,0.37760591234342084
"{'ar': '44100', 'sample_fmt': 's16p', 'compression_level': '1', 'reservoir': '1', 'aq': '5'}",164.283203125,-2.881,-1.037,0.6616476050112396,1.5644352979235592
"{'ar': '44100', 'sample_fmt': 's16p', 'compression_level': '8', 'reservoir': '1', 'b:a': '211k'}",312.220703125,-2.602,-0.717,0.6059524389856961,2.0834926029898964
"{'ar': '44100', 'sample_fmt': 's32p', 'compression_level': '7', 'reservoir': '1', 'b:a': '295k'}",445.9951171875,-2.585,-0.698,0.6186022980255075,1.914701170464784
"{'ar': '44100', 'sample_fmt': 's32p', 'compression_level': '6', 'reservoir': '1', 'b:a': '156k', 'abr': 'True'}",212.626953125,-2.677,-0.799,0.6943958690098953,2.035260788249582
"{'ar': '44100', 'sample_fmt': 's32p', 'compression_level': '1', 'reservoir': '1', 'b:a': '32k'}",44.771484375,-3.12,-1.357,0.988184066984104,1.0731988305658053
"{'ar': '44100', 'sample_fmt': 's16p', 'compression_level': '5', 'reservoir': '1', 'b:a': '170k', 'abr': 'True'}",230.3603515625,-2.645,-0.763,0.7006136619893368,2.092419170445365
"{'ar': '44100', 'sample_fmt': 'fltp', 'compression_level': '4', 'reservoir': '1', 'b:a': '144k', 'abr': 'True'}",193.609375,-2.716,-0.843,0.707735578995198,1.95987274245256
"{'ar': '44100', 'sample_fmt': 'fltp', 'compression_level': '4', 'reservoir': '1', 'b:a': '144k', 'abr': 'True'}",193.609375,-2.716,-0.843,0.7291517360135913,1.9582898124112282
"{'ar': '44100', 'sample_fmt': 'fltp', 'compression_level': '3', 'reservoir': '1', 'b:a': '32k'}",44.771484375,-3.302,-1.648,0.6503433530160692,0.5823225306116968
"{'ar': '44100', 'sample_fmt': 'fltp', 'compression_level': '8', 'reservoir': '0', 'b:a': '150k'}",223.037109375,-2.705,-0.83,0.77874309301842,1.93739785323671
"{'ar': '44100', 'sample_fmt': 's32p', 'compression_level': '4', 'reservoir': '1', 'b:a': '153k', 'abr': 'True'}",205.8154296875,-2.684,-0.806,1.0648307009832934,2.0002320127005593
"{'ar': '44100', 'sample_fmt': 's16p', 'compression_level': '7', 'reservoir': '0', 'b:a': '138k', 'abr': 'True'}",206.6357421875,-2.848,-0.997,0.9148708680295385,1.5676446722865507
"{'ar': '44100', 'sample_fmt': 's32p', 'compression_level': '7', 'reservoir': '1', 'b:a': '170k'}",223.037109375,-2.692,-0.815,0.6944988450268283,1.9786456570165314
"{'ar': '44100', 'sample_fmt': 's32p', 'compression_level': '1', 'reservoir': '1', 'aq': '6'}",137.603515625,-3.079,-1.298,0.7433689419995062,1.0573045345082246
"{'ar': '44100', 'sample_fmt': 's32p', 'compression_level': '7', 'reservoir': '1', 'b:a': '145k'}",223.037109375,-2.692,-0.815,0.7228356820414774,1.976551199521273
"{'ar': '44100', 'sample_fmt': 's32p', 'compression_level': '7', 'reservoir': '1', 'b:a': '196k'}",267.6279296875,-2.63,-0.747,0.6426388340187259,2.07723410416052
"{'ar': '44100', 'sample_fmt': 's32p', 'compression_level': '7', 'reservoir': '1', 'b:a': '145k'}",223.037109375,-2.692,-0.815,0.6750705099839251,1.980081661392389
"{'ar': '44100', 'sample_fmt': 's32p', 'compression_level': '9', 'reservoir': '1', 'b:a': '148k'}",223.037109375,-2.692,-0.815,0.6718082459992729,1.9803227847489102
"{'ar': '44100', 'sample_fmt': 's32p', 'compression_level': '4', 'reservoir': '1', 'b:a': '150k', 'abr': 'True'}",201.830078125,-2.693,-0.817,0.76844119298039,2.0040588189816484
"{'ar': '44100', 'sample_fmt': 's16p', 'compression_level': '8', 'reservoir': '1', 'b:a': '148k'}",223.037109375,-2.689,-0.812,0.5904319350083824,1.9942737317456756
"{'ar': '44100', 'sample_fmt': 's32p', 'compression_level': '5', 'reservoir': '1', 'b:a': '145k', 'abr': 'True'}",197.703125,-2.722,-0.85,0.68469696099055,1.9388555054044667
"{'ar': '44100', 'sample_fmt': 's32p', 'compression_level': '6', 'reservoir': '1', 'b:a': '156k', 'abr': 'True'}",212.626953125,-2.677,-0.799,0.7004619220388122,2.0348124287440212
"{'ar': '44100', 'sample_fmt': 's16p', 'compression_level': '4', 'reservoir': '1', 'b:a': '140k'}",178.4443359375,-2.832,-0.978,0.713115311024012,1.6708137527619815
"{'ar': '44100', 'sample_fmt': 's16p', 'compression_level': '8', 'reservoir': '1', 'b:a': '240k'}",312.220703125,-2.602,-0.717,0.6089150159968995,2.083273630363446
"{'ar': '44100', 'sample_fmt': 's32p', 'compression_level': '5', 'reservoir': '1', 'b:a': '165k'}",223.037109375,-2.652,-0.771,0.7070039339596406,2.084799053222819
"{'ar': '44100', 'sample_fmt': 's16p', 'compression_level': '8', 'reservoir': '1', 'b:a': '209k'}",312.220703125,-2.602,-0.717,0.6047484040318523,2.083581596692063
"{'ar': '44100', 'sample_fmt': 'fltp', 'compression_level': '5', 'reservoir': '1', 'b:a': '160k'}",223.037109375,-2.652,-0.771,0.6909588020062074,2.085984995283498
"{'ar': '44100', 'sample_fmt': 's16p', 'compression_level': '1', 'reservoir': '1', 'b:a': '32k', 'abr': 'True'}",48.26953125,-3.138,-1.383,0.9868764530110639,1.0175729708105787
"{'ar': '44100', 'sample_fmt': 's16p', 'compression_level': '0', 'reservoir': '1', 'aq': '6'}",137.603515625,-3.069,-1.283,0.641933698032517,1.0928331609574733
"{'ar': '44100', 'sample_fmt': 's16p', 'compression_level': '8', 'reservoir': '1', 'b:a': '156k'}",223.037109375,-2.689,-0.812,0.5892883409978822,1.9943582580830925
"{'ar': '44100', 'sample_fmt': 'fltp', 'compression_level': '4', 'reservoir': '1', 'b:a': '122k', 'abr': 'True'}",162.0,-2.913,-1.077,0.6976510400127154,1.478241059310791
"{'ar': '44100', 'sample_fmt': 'fltp', 'compression_level': '1', 'reservoir': '1', 'b:a': '54k'}",78.1376953125,-3.423,-1.877,1.027482222969411,0.1470433713913895
"{'ar': '44100', 'sample_fmt': 's16p', 'compression_level': '9', 'reservoir': '1', 'b:a': '210k'}",312.220703125,-2.602,-0.717,0.6247248009894975,2.0821050834766126
"{'ar': '44100', 'sample_fmt': 's32p', 'compression_level': '4', 'reservoir': '1', 'b:a': '168k', 'abr': 'True'}",224.5458984375,-2.653,-0.773,0.7200075649889186,2.0784695413220136
"{'ar': '44100', 'sample_fmt': 's16p', 'compression_level': '3', 'reservoir': '1', 'b:a': '144k', 'abr': 'True'}",193.1982421875,-2.779,-0.915,0.7314644580183085,1.7892758133726223
"{'ar': '32000', 'sample_fmt': 'fltp', 'compression_level': '3', 'reservoir': '0', 'aq': '1'}",288.21875,-3.175,-1.44,0.623273323988542,0.5573806234318213
"{'ar': '32000', 'sample_fmt': 's16p', 'compression_level': '7', 'reservoir': '1', 'aq': '9'}",81.7109375,-3.514,-2.081,0.5486468060407788,-0.09964407407339092
"{'ar': '44100', 'sample_fmt': 's32p', 'compression_level': '4', 'reservoir': '1', 'b:a': '144k', 'abr': 'True'}",193.55859375,-2.716,-0.843,0.7151476919825654,1.9594059216097413
"{'ar': '44100', 'sample_fmt': 's16p', 'compression_level': '8', 'reservoir': '1', 'b:a': '295k'}",445.9951171875,-2.585,-0.699,0.6255789819988422,1.913870045186717
"{'ar': '44100', 'sample_fmt': 's16p', 'compression_level': '8', 'reservoir': '1', 'b:a': '294k'}",445.9951171875,-2.585,-0.699,0.6466787680110428,1.9123104990405202
"{'ar': '44100', 'sample_fmt': 's32p', 'compression_level': '4', 'reservoir': '1', 'b:a': '122k', 'abr': 'True'}",162.0029296875,-2.913,-1.077,0.735301345033804,1.4754535416878152
"{'ar': '44100', 'sample_fmt': 's16p', 'compression_level': '4', 'reservoir': '1', 'b:a': '140k', 'abr': 'True'}",185.0390625,-2.792,-0.931,0.714174124004785,1.7682365797490094
"{'ar': '44100', 'sample_fmt': 's16p', 'compression_level': '8', 'reservoir': '1', 'b:a': '295k'}",445.9951171875,-2.585,-0.699,0.6272512589930557,1.9137464423624897
"{'ar': '44100', 'sample_fmt': 's16p', 'compression_level': '4', 'reservoir': '1', 'b:a': '189k', 'abr': 'True'}",256.07421875,-2.631,-0.748,0.6925411059928592,2.0893361344408317
"{'ar': '44100', 'sample_fmt': 's16p', 'compression_level': '8', 'reservoir': '1', 'b:a': '109k'}",156.1484375,-3.065,-1.278,0.5827337350056041,1.078514369175861
"{'ar': '44100', 'sample_fmt': 's32p', 'compression_level': '9', 'reservoir': '1', 'b:a': '286k'}",356.8115234375,-2.604,-0.719,0.5937936369737145,2.00794850889967
"{'ar': '48000', 'sample_fmt': 's32p', 'compression_level': '8', 'reservoir': '1', 'b:a': '148k'}",223.203125,-3.589,-2.276,0.6109017739654519,-0.5662793218606657
"{'ar': '44100', 'sample_fmt': 's32p', 'compression_level': '1', 'reservoir': '1', 'aq': '6'}",137.603515625,-3.079,-1.298,0.6249965009919833,1.066053783627739
"{'ar': '44100', 'sample_fmt': 's16p', 'compression_level': '8', 'reservoir': '1', 'b:a': '295k'}",445.9951171875,-2.585,-0.699,0.6022665070195217,1.9155931375674304
"{'ar': '44100', 'sample_fmt': 's32p', 'compression_level': '8', 'reservoir': '1', 'b:a': '295k'}",445.9951171875,-2.585,-0.698,0.6084581320174038,1.9154509550832237
"{'ar': '44100', 'sample_fmt': 'fltp', 'compression_level': '6', 'reservoir': '0', 'b:a': '139k', 'abr': 'True'}",215.662109375,-2.807,-0.948,0.6853038859844673,1.6811944898847493
"{'ar': '44100', 'sample_fmt': 's16p', 'compression_level': '8', 'reservoir': '1', 'b:a': '295k'}",445.9951171875,-2.585,-0.699,0.61095704199397,1.9149507950185556
"{'ar': '44100', 'sample_fmt': 's32p', 'compression_level': '7', 'reservoir': '1', 'b:a': '161k', 'abr': 'True'}",216.876953125,-2.712,-0.838,0.60364421599661,1.9413362283134372
"{'ar': '44100', 'sample_fmt': 's16p', 'compression_level': '8', 'reservoir': '1', 'aq': '9'}",97.146484375,-3.315,-1.67,0.6036420709860977,0.46497214661847824
"{'ar': '44100', 'sample_fmt': 's32p', 'compression_level': '7', 'reservoir': '1', 'b:a': '164k'}",223.037109375,-2.692,-0.815,0.6932346820249222,1.978739094956454
"{'ar': '44100', 'sample_fmt': 's32p', 'compression_level': '9', 'reservoir': '1', 'b:a': '148k'}",223.037109375,-2.692,-0.815,0.5953242349787615,1.985975938982974
"{'ar': '44100', 'sample_fmt': 's16p', 'compression_level': '2', 'reservoir': '1', 'b:a': '139k'}",178.4443359375,-2.933,-1.102,0.8266167240217328,1.3879839711931778
"{'ar': '44100', 'sample_fmt': 's32p', 'compression_level': '5', 'reservoir': '1', 'b:a': '164k'}",223.037109375,-2.652,-0.771,0.7130251369671896,2.084354008711919
"{'ar': '44100', 'sample_fmt': 's16p', 'compression_level': '8', 'reservoir': '1', 'b:a': '298k'}",445.9951171875,-2.585,-0.699,0.6328628289920744,1.9133316750107723
"{'ar': '44100', 'sample_fmt': 's32p', 'compression_level': '4', 'reservoir': '1', 'b:a': '144k', 'abr': 'True'}",193.55859375,-2.716,-0.843,0.7120235240145121,1.959636837890685
"{'ar': '44100', 'sample_fmt': 'fltp', 'compression_level': '1', 'reservoir': '1', 'b:a': '32k'}",44.771484375,-3.12,-1.357,1.0012048900243826,1.0722364239148072
"{'ar': '44100', 'sample_fmt': 's32p', 'compression_level': '6', 'reservoir': '1', 'b:a': '156k'}",223.037109375,-2.652,-0.771,0.7237400359590538,2.0835620395696735
"{'ar': '48000', 'sample_fmt': 's16p', 'compression_level': '1', 'reservoir': '1', 'aq': '6'}",144.4765625,-3.631,-2.402,0.6837479650275782,-0.5836475534934085
"{'ar': '44100', 'sample_fmt': 's32p', 'compression_level': '1', 'reservoir': '1', 'b:a': '135k', 'abr': 'True'}",179.255859375,-2.906,-1.068,1.0875697719748132,1.4410351657306817
"{'ar': '44100', 'sample_fmt': 's32p', 'compression_level': '4', 'reservoir': '1', 'b:a': '122k', 'abr': 'True'}",162.0029296875,-2.913,-1.077,0.693748547026189,1.478524829043952
"{'ar': '44100', 'sample_fmt': 's32p', 'compression_level': '4', 'reservoir': '1', 'b:a': '149k', 'abr': 'True'}",200.5498046875,-2.7,-0.825,0.7216371660178993,1.9907278947258682
"{'ar': '44100', 'sample_fmt': 's32p', 'compression_level': '7', 'reservoir': '1', 'b:a': '281k', 'abr': 'True'}",386.671875,-2.596,-0.711,0.6177292310167104,1.979695423802609
"{'ar': '44100', 'sample_fmt': 's16p', 'compression_level': '8', 'reservoir': '1', 'b:a': '109k'}",156.1484375,-3.065,-1.278,0.6144996770017315,1.0761664566239648
"{'ar': '32000', 'sample_fmt': 's16p', 'compression_level': '7', 'reservoir': '1', 'aq': '9'}",81.7109375,-3.514,-2.081,0.5513103840057738,-0.09984094681646047
"{'ar': '44100', 'sample_fmt': 'fltp', 'compression_level': '8', 'reservoir': '0', 'aq': '9'}",103.8740234375,-3.314,-1.668,0.5892505570373032,0.4582618236722241
"{'ar': '44100', 'sample_fmt': 's16p', 'compression_level': '8', 'reservoir': '1', 'b:a': '295k'}",445.9951171875,-2.585,-0.699,0.6273683619801886,1.9137377869423737
"{'ar': '44100', 'sample_fmt': 's16p', 'compression_level': '1', 'reservoir': '1', 'b:a': '136k'}",178.4443359375,-2.93,-1.099,1.0897427049931139,1.3764717584462818
"{'ar': '44100', 'sample_fmt': 's32p', 'compression_level': '5', 'reservoir': '1', 'b:a': '273k'}",356.8115234375,-2.592,-0.706,0.6900669649767224,2.0328928824277566
"{'ar': '44100', 'sample_fmt': 's16p', 'compression_level': '4', 'reservoir': '1', 'b:a': '208k'}",267.6279296875,-2.623,-0.74,0.7067600110021885,2.0910124964286587
"{'ar': '44100', 'sample_fmt': 'fltp', 'compression_level': '1', 'reservoir': '1', 'b:a': '32k'}",44.771484375,-3.12,-1.357,1.0096329299849458,1.071613483130816
"{'ar': '44100', 'sample_fmt': 's16p', 'compression_level': '7', 'reservoir': '1', 'b:a': '123k', 'abr': 'True'}",162.3076171875,-3.043,-1.248,0.5938536540197674,1.128586863467219
"{'ar': '44100', 'sample_fmt': 's32p', 'compression_level': '9', 'reservoir': '1', 'b:a': '155k'}",223.037109375,-2.692,-0.815,0.6025088960013818,1.985444899928688
"{'ar': '44100', 'sample_fmt': 's32p', 'compression_level': '4', 'reservoir': '1', 'b:a': '122k', 'abr': 'True'}",162.0029296875,-2.913,-1.077,0.707387913018465,1.4775167040962622
"{'ar': '44100', 'sample_fmt': 's32p', 'compression_level': '4', 'reservoir': '1', 'b:a': '153k', 'abr': 'True'}",205.8154296875,-2.684,-0.806,0.7261371850036085,2.0252658290284846
"{'ar': '44100', 'sample_fmt': 's16p', 'compression_level': '1', 'reservoir': '0', 'b:a': '32k', 'abr': 'True'}",53.09375,-3.138,-1.383,1.0052658900094684,1.0085159192733328
"{'ar': '44100', 'sample_fmt': 's32p', 'compression_level': '8', 'reservoir': '1', 'b:a': '210k'}",312.220703125,-2.6,-0.715,0.6359760689665563,2.0865642622442695
"{'ar': '44100', 'sample_fmt': 's32p', 'compression_level': '7', 'reservoir': '1', 'b:a': '164k', 'abr': 'True'}",221.1787109375,-2.699,-0.824,0.6554680000117514,1.9653472296172807
"{'ar': '44100', 'sample_fmt': 's32p', 'compression_level': '7', 'reservoir': '1', 'b:a': '188k', 'abr': 'True'}",256.3818359375,-2.638,-0.756,0.660303290002048,2.0723948385764213
"{'ar': '44100', 'sample_fmt': 's16p', 'compression_level': '4', 'reservoir': '1', 'b:a': '183k', 'abr': 'True'}",249.064453125,-2.636,-0.754,0.7380062880110927,2.0836184667557007
"{'ar': '44100', 'sample_fmt': 's16p', 'compression_level': '4', 'reservoir': '1', 'b:a': '144k', 'abr': 'True'}",193.607421875,-2.719,-0.846,0.7459034389758017,1.949118573441351
"{'ar': '44100', 'sample_fmt': 's32p', 'compression_level': '0', 'reservoir': '1', 'aq': '9'}",103.837890625,-3.343,-1.721,0.6296151540009305,0.3710485226133367
"{'ar': '32000', 'sample_fmt': 'fltp', 'compression_level': '3', 'reservoir': '1', 'b:a': '119k'}",156.59375,-3.336,-1.709,0.702556846983498,0.30157159946666984
"{'ar': '44100', 'sample_fmt': 's32p', 'compression_level': '7', 'reservoir': '1', 'b:a': '281k', 'abr': 'True'}",386.671875,-2.596,-0.711,0.6225831419869792,1.9793366572187543
"{'ar': '44100', 'sample_fmt': 's32p', 'compression_level': '7', 'reservoir': '1', 'b:a': '292k'}",445.9951171875,-2.585,-0.698,0.6259253510215785,1.9141599024598945
"{'ar': '44100', 'sample_fmt': 's16p', 'compression_level': '4', 'reservoir': '1', 'b:a': '294k'}",445.9951171875,-2.592,-0.706,0.7324406809930224,1.8874538145470225
"{'ar': '44100', 'sample_fmt': 's32p', 'compression_level': '7', 'reservoir': '1', 'b:a': '265k', 'abr': 'True'}",365.73828125,-2.598,-0.713,0.6060767540184315,2.008668894204319
"{'ar': '44100', 'sample_fmt': 's32p', 'compression_level': '9', 'reservoir': '1', 'b:a': '295k'}",445.9951171875,-2.585,-0.698,0.6439812699682079,1.9128253373229318
"{'ar': '44100', 'sample_fmt': 's32p', 'compression_level': '9', 'reservoir': '1', 'b:a': '148k'}",223.037109375,-2.692,-0.815,0.6133104719920084,1.9846465242390343
"{'ar': '44100', 'sample_fmt': 's32p', 'compression_level': '0', 'reservoir': '0', 'b:a': '137k'}",178.4443359375,-2.937,-1.107,1.4531560549803544,1.3307775956377907
"{'ar': '44100', 'sample_fmt': 's32p', 'compression_level': '4', 'reservoir': '1', 'b:a': '136k', 'abr': 'True'}",180.0263671875,-2.825,-0.969,1.2701470750034787,1.6462662249589521
"{'ar': '44100', 'sample_fmt': 's32p', 'compression_level': '5', 'reservoir': '1', 'b:a': '144k', 'abr': 'True'}",196.4228515625,-2.716,-0.843,0.8452418739907444,1.9452198899283988
"{'ar': '44100', 'sample_fmt': 'fltp', 'compression_level': '1', 'reservoir': '1', 'b:a': '32k'}",44.771484375,-3.12,-1.357,1.184969327005092,1.0586538634407072
"{'ar': '44100', 'sample_fmt': 's32p', 'compression_level': '8', 'reservoir': '1', 'b:a': '210k'}",312.220703125,-2.6,-0.715,0.6516480239806697,2.085405902769368
"{'ar': '44100', 'sample_fmt': 's32p', 'compression_level': '9', 'reservoir': '1', 'b:a': '148k'}",223.037109375,-2.692,-0.815,0.6328225890174508,1.9832043272947821
"{'ar': '44100', 'sample_fmt': 's32p', 'compression_level': '7', 'reservoir': '1', 'b:a': '163k'}",223.037109375,-2.692,-0.815,0.6598880120145623,1.9812038436829615
"{'ar': '44100', 'sample_fmt': 's32p', 'compression_level': '4', 'reservoir': '1', 'b:a': '161k', 'abr': 'True'}",216.009765625,-2.679,-0.801,0.83381180500146,2.0142675269455745
"{'ar': '44100', 'sample_fmt': 's16p', 'compression_level': '8', 'reservoir': '1', 'b:a': '211k'}",312.220703125,-2.602,-0.717,0.7192022970120888,2.0751219787788133
"{'ar': '44100', 'sample_fmt': 's16p', 'compression_level': '8', 'reservoir': '1', 'b:a': '73k'}",111.5576171875,-3.461,-1.958,0.646535875974223,0.00778346112632695
"{'ar': '11025', 'sample_fmt': 'fltp', 'compression_level': '0', 'reservoir': '1', 'b:a': '32k'}",45.1787109375,-3.819,-3.222,0.7161183339776471,-1.1242982819453025
"{'ar': '44100', 'sample_fmt': 's32p', 'compression_level': '7', 'reservoir': '1', 'b:a': '292k', 'abr': 'True'}",401.3291015625,-2.593,-0.707,0.6239280829904601,1.9641008782210434
"{'ar': '44100', 'sample_fmt': 's16p', 'compression_level': '2', 'reservoir': '1', 'b:a': '137k', 'abr': 'True'}",179.9287109375,-2.869,-1.023,0.8446687760006171,1.558318363070494
"{'ar': '44100', 'sample_fmt': 'fltp', 'compression_level': '8', 'reservoir': '1', 'b:a': '150k'}",223.037109375,-2.691,-0.815,0.621346487023402,1.9863824969874657
"{'ar': '44100', 'sample_fmt': 's32p', 'compression_level': '4', 'reservoir': '1', 'b:a': '144k', 'abr': 'True'}",193.55859375,-2.716,-0.843,0.733277459978126,1.9580658980762053
"{'ar': '44100', 'sample_fmt': 's32p', 'compression_level': '4', 'reservoir': '1', 'b:a': '136k', 'abr': 'True'}",180.0263671875,-2.825,-0.969,0.7241671010269783,1.6866211822946957
"{'ar': '44100', 'sample_fmt': 's32p', 'compression_level': '6', 'reservoir': '1', 'b:a': '150k', 'abr': 'True'}",204.796875,-2.694,-0.818,0.6864558360248338,2.0027391845721336
"{'ar': '44100', 'sample_fmt': 's16p', 'compression_level': '8', 'reservoir': '1', 'b:a': '295k'}",445.9951171875,-2.585,-0.699,0.609509166009957,1.915057811715774
"{'ar': '44100', 'sample_fmt': 's16p', 'compression_level': '8', 'reservoir': '1', 'b:a': '186k'}",267.6279296875,-2.634,-0.752,0.7014349580276757,2.061991269368806
"{'ar': '44100', 'sample_fmt': 'fltp', 'compression_level': '1', 'reservoir': '1', 'aq': '7'}",117.0146484375,-3.312,-1.665,0.7056653840118088,0.43429548813065394
"{'ar': '44100', 'sample_fmt': 's16p', 'compression_level': '8', 'reservoir': '1', 'b:a': '295k'}",445.9951171875,-2.585,-0.699,0.8726246599981096,1.8956101853551741
"{'ar': '44100', 'sample_fmt': 'fltp', 'compression_level': '3', 'reservoir': '1', 'b:a': '117k', 'abr': 'True'}",154.630859375,-3.023,-1.22,1.5137655439903028,1.1282746407673654
"{'ar': '44100', 'sample_fmt': 's32p', 'compression_level': '7', 'reservoir': '1', 'b:a': '161k', 'abr': 'True'}",216.876953125,-2.712,-0.838,1.0046717840305064,1.9116951221010667
"{'ar': '44100', 'sample_fmt': 's32p', 'compression_level': '9', 'reservoir': '1', 'b:a': '148k'}",223.037109375,-2.692,-0.815,0.7551312680006959,1.9741641394538039
"{'ar': '44100', 'sample_fmt': 's32p', 'compression_level': '7', 'reservoir': '1', 'b:a': '188k', 'abr': 'True'}",256.3818359375,-2.638,-0.756,0.8877550470060669,2.0555832220568893
"{'ar': '44100', 'sample_fmt': 'fltp', 'compression_level': '4', 'reservoir': '1', 'b:a': '144k', 'abr': 'True'}",193.609375,-2.716,-0.843,0.8868400929786731,1.9466346103507526
"{'ar': '44100', 'sample_fmt': 's32p', 'compression_level': '7', 'reservoir': '1', 'b:a': '285k', 'abr': 'True'}",392.2646484375,-2.595,-0.71,0.7338255209906492,1.9648356171968238
"{'ar': '32000', 'sample_fmt': 's16p', 'compression_level': '2', 'reservoir': '1', 'b:a': '137k', 'abr': 'True'}",167.140625,-3.298,-1.64,1.0318297700432595,0.37070907921854057
"{'ar': '44100', 'sample_fmt': 's32p', 'compression_level': '9', 'reservoir': '1', 'b:a': '123k'}",178.4443359375,-2.916,-1.081,0.7004532559949439,1.443542647439222
"{'ar': '44100', 'sample_fmt': 's32p', 'compression_level': '1', 'reservoir': '0', 'b:a': '32k', 'abr': 'True'}",53.119140625,-3.132,-1.375,1.2308601140102837,1.0083043777538674
"{'ar': '11025', 'sample_fmt': 'fltp', 'compression_level': '3', 'reservoir': '1', 'aq': '9'}",46.904296875,-3.834,-3.322,0.6625130050233565,-1.1895845220093144
"{'ar': '44100', 'sample_fmt': 's32p', 'compression_level': '8', 'reservoir': '1', 'b:a': '164k', 'abr': 'True'}",221.1787109375,-2.699,-0.824,0.8319357160071377,1.9523039908730766
"{'ar': '44100', 'sample_fmt': 's32p', 'compression_level': '8', 'reservoir': '1', 'b:a': '211k'}",312.220703125,-2.6,-0.715,0.7075926740071736,2.081270872049212
"{'ar': '44100', 'sample_fmt': 'fltp', 'compression_level': '1', 'reservoir': '0', 'b:a': '32k', 'abr': 'True'}",53.119140625,-3.132,-1.375,1.1219971789978445,1.01635075181018
"{'ar': '48000', 'sample_fmt': 's32p', 'compression_level': '4', 'reservoir': '1', 'b:a': '144k', 'abr': 'True'}",192.4765625,-3.582,-2.257,0.7927941769885365,-0.5083909519894428
"{'ar': '44100', 'sample_fmt': 'fltp', 'compression_level': '0', 'reservoir': '1', 'aq': '5'}",164.33203125,-2.878,-1.033,0.662454709992744,1.572549376296882
"{'ar': '44100', 'sample_fmt': 's32p', 'compression_level': '0', 'reservoir': '1', 'aq': '9'}",103.837890625,-3.343,-1.721,0.7222988830180839,0.36419800041750644
"{'ar': '44100', 'sample_fmt': 's16p', 'compression_level': '7', 'reservoir': '1', 'b:a': '138k', 'abr': 'True'}",183.8095703125,-2.848,-0.997,0.6164880949654616,1.6261219197208898
"{'ar': '32000', 'sample_fmt': 's32p', 'compression_level': '9', 'reservoir': '1', 'b:a': '133k'}",178.953125,-3.299,-1.642,0.5962189369893167,0.3810966916390866
"{'ar': '44100', 'sample_fmt': 's16p', 'compression_level': '8', 'reservoir': '1', 'b:a': '240k'}",312.220703125,-2.602,-0.717,0.6191003080166411,2.0825208060026634
"{'ar': '44100', 'sample_fmt': 's32p', 'compression_level': '7', 'reservoir': '1', 'b:a': '164k', 'abr': 'True'}",221.1787109375,-2.699,-0.824,0.6377061920065898,1.9666600561648069
"{'ar': '44100', 'sample_fmt': 's32p', 'compression_level': '7', 'reservoir': '0', 'b:a': '148k'}",223.037109375,-2.706,-0.831,0.6058792120020371,1.9475293258796806
"{'ar': '44100', 'sample_fmt': 's16p', 'compression_level': '4', 'reservoir': '1', 'b:a': '173k', 'abr': 'True'}",230.6689453125,-2.646,-0.765,0.738546125969151,2.08616220565823
"{'ar': '44100', 'sample_fmt': 'fltp', 'compression_level': '1', 'reservoir': '1', 'b:a': '32k'}",44.771484375,-3.12,-1.357,0.9871363620040938,1.0732762694679336
"{'ar': '8000', 'sample_fmt': 's32p', 'compression_level': '0', 'reservoir': '0', 'aq': '6'}",46.4140625,-3.851,-3.454,0.5565302809991408,-1.2622182361675935
"{'ar': '44100', 'sample_fmt': 'fltp', 'compression_level': '1', 'reservoir': '1', 'b:a': '32k'}",44.771484375,-3.12,-1.357,1.0010523840319365,1.0722476960733331
"{'ar': '44100', 'sample_fmt': 's16p', 'compression_level': '1', 'reservoir': '0', 'aq': '6'}",147.916015625,-3.069,-1.283,0.6932978819822893,1.0725813944557965
"{'ar': '44100', 'sample_fmt': 's16p', 'compression_level': '9', 'reservoir': '1', 'b:a': '148k'}",223.037109375,-2.689,-0.812,0.586479269026313,1.9945658847085528
"{'ar': '44100', 'sample_fmt': 's32p', 'compression_level': '7', 'reservoir': '1', 'b:a': '164k', 'abr': 'True'}",221.1787109375,-2.699,-0.824,0.5887832529842854,1.9702760919373372
"{'ar': '44100', 'sample_fmt': 's16p', 'compression_level': '7', 'reservoir': '1', 'b:a': '138k', 'abr': 'True'}",183.8095703125,-2.848,-0.997,0.5905145980068482,1.6280416959243849
"{'ar': '44100', 'sample_fmt': 's16p', 'compression_level': '8', 'reservoir': '1', 'b:a': '207k'}",267.6279296875,-2.634,-0.752,0.5910448950016871,2.070150517868817
"{'ar': '44100', 'sample_fmt': 's16p', 'compression_level': '4', 'reservoir': '1', 'b:a': '144k', 'abr': 'True'}",193.607421875,-2.719,-0.846,0.703262982016895,1.9522702528130698
"{'ar': '44100', 'sample_fmt': 's32p', 'compression_level': '7', 'reservoir': '1', 'b:a': '136k', 'abr': 'True'}",180.99609375,-2.873,-1.028,0.5976337350148242,1.563977208322278
"{'ar': '44100', 'sample_fmt': 's16p', 'compression_level': '4', 'reservoir': '1', 'b:a': '40k', 'abr': 'True'}",57.615234375,-3.307,-1.656,0.6500166110054124,0.54767900730376
"{'ar': '44100', 'sample_fmt': 'fltp', 'compression_level': '4', 'reservoir': '1', 'b:a': '276k', 'abr': 'True'}",362.982421875,-2.589,-0.703,0.7222276510146912,2.0286052977079145
"{'ar': '44100', 'sample_fmt': 's16p', 'compression_level': '8', 'reservoir': '1', 'b:a': '211k'}",312.220703125,-2.602,-0.717,0.5920586279826239,2.084519534703483
"{'ar': '44100', 'sample_fmt': 's32p', 'compression_level': '4', 'reservoir': '1', 'b:a': '122k', 'abr': 'True'}",162.0029296875,-2.913,-1.077,0.704091483989032,1.4777603526899536
"{'ar': '44100', 'sample_fmt': 's16p', 'compression_level': '5', 'reservoir': '1', 'b:a': '301k', 'abr': 'True'}",403.7802734375,-2.587,-0.701,0.6810569489898626,1.9718394479432733
"{'ar': '44100', 'sample_fmt': 's32p', 'compression_level': '4', 'reservoir': '1', 'b:a': '141k'}",178.4443359375,-2.838,-0.985,0.7102130599960219,1.6548404306384625
"{'ar': '44100', 'sample_fmt': 'fltp', 'compression_level': '4', 'reservoir': '1', 'b:a': '144k', 'abr': 'True'}",193.609375,-2.716,-0.843,0.7126508109795395,1.9595094434553848
"{'ar': '44100', 'sample_fmt': 's32p', 'compression_level': '4', 'reservoir': '1', 'b:a': '189k', 'abr': 'True'}",256.0732421875,-2.625,-0.742,0.6929124970047269,2.1051826195981977
"{'ar': '44100', 'sample_fmt': 's32p', 'compression_level': '9', 'reservoir': '1', 'b:a': '149k'}",223.037109375,-2.692,-0.815,0.6014838549890555,1.9855206636714833
"{'ar': '44100', 'sample_fmt': 's32p', 'compression_level': '5', 'reservoir': '1', 'b:a': '164k', 'abr': 'True'}",223.013671875,-2.665,-0.786,0.6926893820345867,2.050873413492647
"{'ar': '44100', 'sample_fmt': 'fltp', 'compression_level': '5', 'reservoir': '1', 'b:a': '160k', 'abr': 'True'}",217.8505859375,-2.68,-0.802,0.6888208769960329,2.019401497279125
"{'ar': '44100', 'sample_fmt': 's16p', 'compression_level': '8', 'reservoir': '1', 'b:a': '295k'}",445.9951171875,-2.585,-0.699,0.6154943639994599,1.9146154284397845
"{'ar': '44100', 'sample_fmt': 's32p', 'compression_level': '1', 'reservoir': '1', 'b:a': '32k'}",44.771484375,-3.12,-1.357,0.9851849309925456,1.0734205053721209
"{'ar': '44100', 'sample_fmt': 's32p', 'compression_level': '4', 'reservoir': '1', 'b:a': '141k'}",178.4443359375,-2.838,-0.985,0.7184458250121679,1.6542319231898064
"{'ar': '44100', 'sample_fmt': 's32p', 'compression_level': '8', 'reservoir': '1', 'b:a': '189k', 'abr': 'True'}",258.0068359375,-2.64,-0.758,0.6120820970099885,2.068075258794128
"{'ar': '32000', 'sample_fmt': 's16p', 'compression_level': '8', 'reservoir': '0', 'b:a': '32k', 'abr': 'True'}",51.1953125,-3.437,-1.907,0.5848306779807899,0.18066915071978823
"{'ar': '44100', 'sample_fmt': 's32p', 'compression_level': '4', 'reservoir': '1', 'b:a': '136k', 'abr': 'True'}",180.0263671875,-2.825,-0.969,0.7041929809784051,1.6880975272172183
"{'ar': '44100', 'sample_fmt': 's32p', 'compression_level': '8', 'reservoir': '1', 'b:a': '146k'}",223.037109375,-2.692,-0.815,0.6052139280072879,1.9852449631976845
"{'ar': '8000', 'sample_fmt': 's32p', 'compression_level': '0', 'reservoir': '1', 'aq': '5'}",44.1640625,-3.854,-3.477,0.5385423620173242,-1.271543808642627
"{'ar': '44100', 'sample_fmt': 's32p', 'compression_level': '4', 'reservoir': '1', 'b:a': '161k', 'abr': 'True'}",216.009765625,-2.679,-0.801,0.7180861510278191,2.0228211443882507
"{'ar': '44100', 'sample_fmt': 's16p', 'compression_level': '8', 'reservoir': '1', 'b:a': '240k'}",312.220703125,-2.602,-0.717,0.5951835669984575,2.08428856143217
"{'ar': '44100', 'sample_fmt': 's32p', 'compression_level': '7', 'reservoir': '1', 'b:a': '188k', 'abr': 'True'}",256.3818359375,-2.638,-0.756,0.6003031540312804,2.07682962197993
"{'ar': '44100', 'sample_fmt': 's32p', 'compression_level': '7', 'reservoir': '1', 'b:a': '281k'}",356.8115234375,-2.604,-0.719,0.6067257279937621,2.0069926606886535
"{'ar': '44100', 'sample_fmt': 's32p', 'compression_level': '1', 'reservoir': '1', 'b:a': '32k'}",44.771484375,-3.12,-1.357,0.9711730140261352,1.074456166638693
"{'ar': '44100', 'sample_fmt': 'fltp', 'compression_level': '1', 'reservoir': '1', 'b:a': '32k', 'abr': 'True'}",48.244140625,-3.132,-1.375,0.9796103950066026,1.0346538353632773
"{'ar': '44100', 'sample_fmt': 's32p', 'compression_level': '9', 'reservoir': '1', 'b:a': '148k'}",223.037109375,-2.692,-0.815,0.5971368000318762,1.9858419670629894
"{'ar': '44100', 'sample_fmt': 'fltp', 'compression_level': '4', 'reservoir': '1', 'b:a': '144k', 'abr': 'True'}",193.609375,-2.716,-0.843,0.7689853020128794,1.9553455984600754
"{'ar': '44100', 'sample_fmt': 's32p', 'compression_level': '8', 'reservoir': '0', 'b:a': '148k'}",223.037109375,-2.706,-0.831,1.0884676149871666,1.9118598227084385
"{'ar': '44100', 'sample_fmt': 'fltp', 'compression_level': '1', 'reservoir': '1', 'b:a': '32k'}",44.771484375,-3.12,-1.357,1.2054912089952268,1.057137031850476
"{'ar': '44100', 'sample_fmt': 'fltp', 'compression_level': '4', 'reservoir': '1', 'b:a': '141k', 'abr': 'True'}",186.2705078125,-2.791,-0.929,0.7399414479732513,1.767327923339889
"{'ar': '44100', 'sample_fmt': 's16p', 'compression_level': '7', 'reservoir': '1', 'b:a': '138k', 'abr': 'True'}",183.8095703125,-2.848,-0.997,0.6825561979785562,1.6212386353415589
"{'ar': '44100', 'sample_fmt': 's32p', 'compression_level': '4', 'reservoir': '1', 'b:a': '144k', 'abr': 'True'}",193.55859375,-2.716,-0.843,0.7198885440011509,1.9590555115396582
"{'ar': '44100', 'sample_fmt': 's32p', 'compression_level': '9', 'reservoir': '1', 'b:a': '149k'}",223.037109375,-2.692,-0.815,0.6025751639681403,1.9854400018718017
"{'ar': '44100', 'sample_fmt': 's16p', 'compression_level': '8', 'reservoir': '1', 'b:a': '209k'}",312.220703125,-2.602,-0.717,0.7121793979895301,2.075641061536308
"{'ar': '44100', 'sample_fmt': 'fltp', 'compression_level': '4', 'reservoir': '1', 'b:a': '143k', 'abr': 'True'}",188.7431640625,-2.772,-0.907,0.7277544779644813,1.8154920713322893
"{'ar': '44100', 'sample_fmt': 'fltp', 'compression_level': '8', 'reservoir': '1', 'b:a': '187k'}",267.6279296875,-2.63,-0.747,0.6306627989979461,2.078119287510369
"{'ar': '44100', 'sample_fmt': 's32p', 'compression_level': '7', 'reservoir': '1', 'b:a': '125k', 'abr': 'True'}",165.30859375,-2.981,-1.164,0.5985418580530677,1.2944064448880495
"{'ar': '44100', 'sample_fmt': 'fltp', 'compression_level': '0', 'reservoir': '1', 'b:a': '129k'}",178.4443359375,-2.946,-1.119,1.190542672004085,1.3254331680868294
"{'ar': '44100', 'sample_fmt': 's32p', 'compression_level': '8', 'reservoir': '1', 'b:a': '282k'}",356.8115234375,-2.604,-0.719,0.6044712330040056,2.0071592969270906
"{'ar': '11025', 'sample_fmt': 's16p', 'compression_level': '7', 'reservoir': '1', 'b:a': '100k', 'abr': 'True'}",88.5517578125,-3.849,-3.438,0.5270864920166787,-1.317572379490732
"{'ar': '44100', 'sample_fmt': 's32p', 'compression_level': '5', 'reservoir': '1', 'b:a': '144k'}",178.4443359375,-2.832,-0.978,0.685046094993595,1.672888429617078
"{'ar': '44100', 'sample_fmt': 's32p', 'compression_level': '7', 'reservoir': '1', 'b:a': '189k', 'abr': 'True'}",258.0068359375,-2.64,-0.758,0.6016401990200393,2.0688470496435607
"{'ar': '44100', 'sample_fmt': 's16p', 'compression_level': '8', 'reservoir': '1', 'b:a': '295k'}",445.9951171875,-2.585,-0.699,0.6105999549909029,1.9149771883506572
"{'ar': '44100', 'sample_fmt': 'fltp', 'compression_level': '4', 'reservoir': '1', 'b:a': '264k'}",356.8115234375,-2.589,-0.703,0.7120999220060185,2.0392005516524794
"{'ar': '44100', 'sample_fmt': 's16p', 'compression_level': '9', 'reservoir': '1', 'b:a': '211k'}",312.220703125,-2.602,-0.717,0.598438504996011,2.084047979560522
"{'ar': '44100', 'sample_fmt': 's16p', 'compression_level': '8', 'reservoir': '1', 'b:a': '295k', 'abr': 'True'}",405.4072265625,-2.591,-0.705,0.6165142039826605,1.9634323322033345
"{'ar': '44100', 'sample_fmt': 's16p', 'compression_level': '8', 'reservoir': '1', 'b:a': '184k'}",267.6279296875,-2.634,-0.752,0.5992682689975481,2.0695427045376027
"{'ar': '44100', 'sample_fmt': 's32p', 'compression_level': '8', 'reservoir': '0', 'b:a': '124k'}",178.4443359375,-2.892,-1.051,0.6094223669788335,1.5156532638009366
"{'ar': '44100', 'sample_fmt': 's16p', 'compression_level': '8', 'reservoir': '0', 'b:a': '240k'}",312.220703125,-2.606,-0.722,0.5991960419923998,2.073094944421459
"{'ar': '44100', 'sample_fmt': 's32p', 'compression_level': '5', 'reservoir': '1', 'b:a': '164k', 'abr': 'True'}",223.013671875,-2.665,-0.786,0.8275510169914924,2.040905400407338
"{'ar': '44100', 'sample_fmt': 's16p', 'compression_level': '5', 'reservoir': '1', 'b:a': '240k'}",312.220703125,-2.592,-0.706,0.6803648879867978,2.104761984754729
"{'ar': '44100', 'sample_fmt': 's32p', 'compression_level': '8', 'reservoir': '1', 'b:a': '210k'}",312.220703125,-2.6,-0.715,0.6232952900172677,2.0875015352540385
"{'ar': '44100', 'sample_fmt': 's32p', 'compression_level': '7', 'reservoir': '1', 'b:a': '278k', 'abr': 'True'}",382.6123046875,-2.597,-0.712,0.6143011859676335,1.9837811169396236
"{'ar': '44100', 'sample_fmt': 's32p', 'compression_level': '5', 'reservoir': '1', 'b:a': '141k'}",178.4443359375,-2.832,-0.978,1.2290620259882417,1.632678640372686
"{'ar': '44100', 'sample_fmt': 's32p', 'compression_level': '9', 'reservoir': '1', 'b:a': '148k'}",223.037109375,-2.692,-0.815,0.7160021330055315,1.9770562868741823
"{'ar': '44100', 'sample_fmt': 's16p', 'compression_level': '4', 'reservoir': '1', 'b:a': '144k', 'abr': 'True'}",193.607421875,-2.719,-0.846,0.7584144120046403,1.9481938512777701
"{'ar': '44100', 'sample_fmt': 's16p', 'compression_level': '0', 'reservoir': '1', 'aq': '5'}",164.283203125,-2.881,-1.037,0.7081148690194823,1.5610007681863165
"{'ar': '44100', 'sample_fmt': 's32p', 'compression_level': '7', 'reservoir': '1', 'b:a': '149k', 'abr': 'True'}",199.7421875,-2.772,-0.907,0.6625647220062092,1.802759682128473
"{'ar': '32000', 'sample_fmt': 'fltp', 'compression_level': '3', 'reservoir': '0', 'b:a': '115k'}",156.59375,-3.35,-1.735,0.7070627920038532,0.2604175037118658
"{'ar': '32000', 'sample_fmt': 's32p', 'compression_level': '5', 'reservoir': '0', 'b:a': '141k', 'abr': 'True'}",208.90625,-3.258,-1.573,0.6678135660185944,0.4453038658188666
"{'ar': '44100', 'sample_fmt': 'fltp', 'compression_level': '4', 'reservoir': '1', 'b:a': '136k', 'abr': 'True'}",180.126953125,-2.825,-0.97,0.7806437390099745,1.6819708709787908
"{'ar': '44100', 'sample_fmt': 's32p', 'compression_level': '4', 'reservoir': '1', 'b:a': '144k', 'abr': 'True'}",193.55859375,-2.716,-0.843,0.7325107439828571,1.958122568270631
"{'ar': '44100', 'sample_fmt': 's32p', 'compression_level': '8', 'reservoir': '1', 'b:a': '148k'}",223.037109375,-2.692,-0.815,0.6307740480115172,1.9833557408792273
"{'ar': '44100', 'sample_fmt': 's16p', 'compression_level': '8', 'reservoir': '1', 'b:a': '209k'}",312.220703125,-2.602,-0.717,0.6263196450017858,2.0819872039478007
"{'ar': '11025', 'sample_fmt': 'fltp', 'compression_level': '3', 'reservoir': '0', 'b:a': '115k'}",90.587890625,-3.848,-3.428,0.5910999229818117,-1.320068260266228
"{'ar': '44100', 'sample_fmt': 'fltp', 'compression_level': '6', 'reservoir': '1', 'b:a': '211k'}",312.220703125,-2.595,-0.709,0.6970820940041449,2.0955901790212783
"{'ar': '44100', 'sample_fmt': 's32p', 'compression_level': '7', 'reservoir': '1', 'b:a': '281k', 'abr': 'True'}",386.671875,-2.596,-0.711,0.6344283949874807,1.978461140345883
"{'ar': '44100', 'sample_fmt': 's32p', 'compression_level': '9', 'reservoir': '1', 'b:a': '148k'}",223.037109375,-2.692,-0.815,0.6529898990120273,1.9817137031451812
"{'ar': '44100', 'sample_fmt': 's16p', 'compression_level': '8', 'reservoir': '1', 'b:a': '295k'}",445.9951171875,-2.585,-0.699,0.6395434550067876,1.9128378906401913
"{'ar': '44100', 'sample_fmt': 'fltp', 'compression_level': '1', 'reservoir': '1', 'b:a': '32k'}",44.771484375,-3.12,-1.357,1.0774362290103454,1.0666019454008435
"{'ar': '44100', 'sample_fmt': 's32p', 'compression_level': '1', 'reservoir': '1', 'b:a': '32k'}",44.771484375,-3.12,-1.357,1.016415939986473,1.071112131263959
"{'ar': '44100', 'sample_fmt': 's32p', 'compression_level': '4', 'reservoir': '1', 'b:a': '144k', 'abr': 'True'}",193.55859375,-2.716,-0.843,0.7677621509938035,1.955517034929196
"{'ar': '44100', 'sample_fmt': 's32p', 'compression_level': '8', 'reservoir': '0', 'b:a': '148k'}",223.037109375,-2.706,-0.831,0.6279080940003041,1.945901107564786
"{'ar': '44100', 'sample_fmt': 's32p', 'compression_level': '4', 'reservoir': '1', 'b:a': '145k', 'abr': 'True'}",194.9853515625,-2.722,-0.85,0.7438545789627824,1.9388196498254564
"{'ar': '44100', 'sample_fmt': 's16p', 'compression_level': '7', 'reservoir': '1', 'b:a': '231k', 'abr': 'True'}",317.9287109375,-2.602,-0.717,0.6416819359874353,2.071743666591074
"{'ar': '44100', 'sample_fmt': 'fltp', 'compression_level': '1', 'reservoir': '1', 'b:a': '32k'}",44.771484375,-3.12,-1.357,1.0436576640058775,1.0690986167342074
"{'ar': '11025', 'sample_fmt': 'fltp', 'compression_level': '3', 'reservoir': '1', 'aq': '9'}",46.904296875,-3.834,-3.322,0.6336552450084127,-1.1874515615900403
"{'ar': '44100', 'sample_fmt': 's32p', 'compression_level': '4', 'reservoir': '1', 'b:a': '145k', 'abr': 'True'}",194.9853515625,-2.722,-0.85,0.776950214029057,1.9363734558169627
"{'ar': '44100', 'sample_fmt': 's16p', 'compression_level': '4', 'reservoir': '1', 'b:a': '150k', 'abr': 'True'}",201.67578125,-2.695,-0.819,0.7375916000455618,2.001294415098058
"{'ar': '44100', 'sample_fmt': 's16p', 'compression_level': '8', 'reservoir': '1', 'b:a': '211k'}",312.220703125,-2.602,-0.717,0.6209117629914545,2.0823869161317736
"{'ar': '44100', 'sample_fmt': 'fltp', 'compression_level': '4', 'reservoir': '1', 'b:a': '187k', 'abr': 'True'}",254.04296875,-2.623,-0.739,0.732414013997186,2.111108834715631
"{'ar': '11025', 'sample_fmt': 's16p', 'compression_level': '7', 'reservoir': '1', 'b:a': '100k', 'abr': 'True'}",88.5517578125,-3.849,-3.438,0.5497225460130721,-1.3192454756422647
"{'ar': '44100', 'sample_fmt': 's32p', 'compression_level': '4', 'reservoir': '1', 'b:a': '182k', 'abr': 'True'}",247.744140625,-2.637,-0.755,0.7243054110149387,2.084092517840648
"{'ar': '44100', 'sample_fmt': 's32p', 'compression_level': '8', 'reservoir': '1', 'b:a': '109k'}",156.1484375,-3.068,-1.283,0.6254309400101192,1.0667913898384271
"{'ar': '44100', 'sample_fmt': 's32p', 'compression_level': '0', 'reservoir': '0', 'aq': '5'}",179.8193359375,-2.878,-1.033,0.666414873994654,1.5475441251806745
"{'ar': '44100', 'sample_fmt': 's32p', 'compression_level': '9', 'reservoir': '1', 'b:a': '148k'}",223.037109375,-2.692,-0.815,0.634514818986645,1.9830792496885254
"{'ar': '44100', 'sample_fmt': 's32p', 'compression_level': '4', 'reservoir': '1', 'b:a': '166k', 'abr': 'True'}",222.095703125,-2.661,-0.781,0.7609365789976437,2.0581908796195703
"{'ar': '44100', 'sample_fmt': 's32p', 'compression_level': '4', 'reservoir': '1', 'b:a': '144k', 'abr': 'True'}",193.55859375,-2.716,-0.843,0.7366035309969448,1.9578200585574361
"{'ar': '44100', 'sample_fmt': 's32p', 'compression_level': '8', 'reservoir': '1', 'b:a': '211k', 'abr': 'True'}",289.4580078125,-2.611,-0.726,0.6275771659857128,2.0944073180057607
"{'ar': '48000', 'sample_fmt': 'fltp', 'compression_level': '3', 'reservoir': '1', 'aq': '6'}",144.4765625,-3.631,-2.402,0.6624822220182978,-0.5820757409860704
"{'ar': '44100', 'sample_fmt': 'fltp', 'compression_level': '4', 'reservoir': '1', 'b:a': '144k', 'abr': 'True'}",193.609375,-2.716,-0.843,0.7481110459775664,1.9568884750340734
"{'ar': '44100', 'sample_fmt': 's16p', 'compression_level': '7', 'reservoir': '1', 'b:a': '282k', 'abr': 'True'}",388.09375,-2.598,-0.712,0.6248577820078935,1.9719243623063893
"{'ar': '44100', 'sample_fmt': 's16p', 'compression_level': '0', 'reservoir': '1', 'b:a': '115k'}",156.1484375,-3.099,-1.326,1.1546235620044172,0.9418844496745115
"{'ar': '44100', 'sample_fmt': 'fltp', 'compression_level': '4', 'reservoir': '1', 'b:a': '186k', 'abr': 'True'}",252.51953125,-2.629,-0.747,0.7216404440114275,2.0978327414101625
"{'ar': '44100', 'sample_fmt': 's32p', 'compression_level': '9', 'reservoir': '1', 'b:a': '149k'}",223.037109375,-2.692,-0.815,0.687382385978708,1.9791716550658314
"{'ar': '44100', 'sample_fmt': 's32p', 'compression_level': '9', 'reservoir': '1', 'b:a': '148k'}",223.037109375,-2.692,-0.815,0.6426865399989765,1.982475254178561
"{'ar': '44100', 'sample_fmt': 's32p', 'compression_level': '1', 'reservoir': '1', 'aq': '6'}",137.603515625,-3.079,-1.298,0.6583228509989567,1.063590536811391
"{'ar': '44100', 'sample_fmt': 's32p', 'compression_level': '7', 'reservoir': '1', 'b:a': '163k', 'abr': 'True'}",219.640625,-2.703,-0.829,0.6556875020032749,1.9568882314934566
"{'ar': '44100', 'sample_fmt': 's32p', 'compression_level': '8', 'reservoir': '1', 'b:a': '295k', 'abr': 'True'}",405.509765625,-2.589,-0.703,0.6781936639745254,1.9640005996478693
"{'ar': '44100', 'sample_fmt': 's32p', 'compression_level': '4', 'reservoir': '1', 'b:a': '137k', 'abr': 'True'}",181.30078125,-2.816,-0.959,0.7467201789841056,1.7070447063465155
"{'ar': '44100', 'sample_fmt': 's32p', 'compression_level': '8', 'reservoir': '1', 'b:a': '146k'}",223.037109375,-2.692,-0.815,0.6265948620275594,1.9836646365899113
"{'ar': '44100', 'sample_fmt': 's16p', 'compression_level': '8', 'reservoir': '1', 'b:a': '109k'}",156.1484375,-3.065,-1.278,0.6227630029898137,1.0755556903255754
"{'ar': '44100', 'sample_fmt': 'fltp', 'compression_level': '8', 'reservoir': '1', 'b:a': '186k', 'abr': 'True'}",253.537109375,-2.645,-0.764,0.6241216240159702,2.0607751274118944
"{'ar': '44100', 'sample_fmt': 's16p', 'compression_level': '9', 'reservoir': '1', 'b:a': '151k'}",223.037109375,-2.689,-0.812,0.6329886750027072,1.9911282401366863
"{'ar': '44100', 'sample_fmt': 's32p', 'compression_level': '8', 'reservoir': '1', 'b:a': '139k', 'abr': 'True'}",185.037109375,-2.844,-0.992,0.6376342950097751,1.6334972457342782
"{'ar': '44100', 'sample_fmt': 's32p', 'compression_level': '4', 'reservoir': '1', 'b:a': '144k', 'abr': 'True'}",193.55859375,-2.716,-0.843,0.7421441280166619,1.9574105370236758
"{'ar': '32000', 'sample_fmt': 'fltp', 'compression_level': '9', 'reservoir': '0', 'b:a': '137k', 'abr': 'True'}",217.34375,-3.26,-1.576,0.5963411870179698,0.4315169248264536
"{'ar': '44100', 'sample_fmt': 's32p', 'compression_level': '7', 'reservoir': '1', 'b:a': '189k', 'abr': 'True'}",258.0068359375,-2.64,-0.758,0.6239702150051016,2.067196573645658
"{'ar': '44100', 'sample_fmt': 's32p', 'compression_level': '8', 'reservoir': '1', 'b:a': '148k'}",223.037109375,-2.692,-0.815,0.622483318002196,1.9839685326880028
"{'ar': '44100', 'sample_fmt': 's32p', 'compression_level': '7', 'reservoir': '1', 'b:a': '259k', 'abr': 'True'}",357.66796875,-2.602,-0.717,0.6323506650223862,2.009022840574658
"{'ar': '44100', 'sample_fmt': 'fltp', 'compression_level': '0', 'reservoir': '1', 'aq': '9'}",103.837890625,-3.343,-1.721,0.764537161012413,0.3610760472550453
"{'ar': '44100', 'sample_fmt': 's16p', 'compression_level': '1', 'reservoir': '0', 'aq': '6'}",147.916015625,-3.069,-1.283,0.6816860369872302,1.0734396594686173
"{'ar': '44100', 'sample_fmt': 'fltp', 'compression_level': '8', 'reservoir': '0', 'b:a': '160k'}",223.037109375,-2.705,-0.83,0.6311414199590217,1.9483075193470145
"{'ar': '44100', 'sample_fmt': 's16p', 'compression_level': '8', 'reservoir': '1', 'b:a': '211k'}",312.220703125,-2.602,-0.717,0.6877631200186443,2.0774457391852637
"{'ar': '48000', 'sample_fmt': 's32p', 'compression_level': '0', 'reservoir': '0', 'aq': '9'}",119.6796875,-3.337,-1.711,0.6657007899775635,0.3602373455159895
"{'ar': '44100', 'sample_fmt': 'fltp', 'compression_level': '4', 'reservoir': '1', 'b:a': '186k'}",267.6279296875,-2.615,-0.731,0.7824403810082003,2.10689736999742
"{'ar': '44100', 'sample_fmt': 's32p', 'compression_level': '7', 'reservoir': '1', 'b:a': '186k', 'abr': 'True'}",253.537109375,-2.645,-0.764,0.6294094600016251,2.060384288176445
"{'ar': '44100', 'sample_fmt': 's32p', 'compression_level': '7', 'reservoir': '1', 'b:a': '168k', 'abr': 'True'}",226.8955078125,-2.684,-0.807,0.623155007022433,1.9989253463492576
"{'ar': '44100', 'sample_fmt': 's32p', 'compression_level': '4', 'reservoir': '1', 'b:a': '182k'}",267.6279296875,-2.615,-0.731,0.7483156340022106,2.1094196286427143
"{'ar': '44100', 'sample_fmt': 'fltp', 'compression_level': '4', 'reservoir': '1', 'b:a': '150k', 'abr': 'True'}",201.830078125,-2.693,-0.817,0.7711351580219343,2.0038597002419563
"{'ar': '44100', 'sample_fmt': 'fltp', 'compression_level': '8', 'reservoir': '0', 'b:a': '146k'}",223.037109375,-2.705,-0.83,0.682506923971232,1.9445109465389596
"{'ar': '44100', 'sample_fmt': 's32p', 'compression_level': '8', 'reservoir': '0', 'b:a': '159k'}",223.037109375,-2.706,-0.831,0.6354687080020085,1.945342280739603
"{'ar': '44100', 'sample_fmt': 'fltp', 'compression_level': '1', 'reservoir': '1', 'b:a': '32k'}",44.771484375,-3.12,-1.357,1.0192799800133798,1.0709004417907138
"{'ar': '44100', 'sample_fmt': 's16p', 'compression_level': '1', 'reservoir': '1', 'aq': '9'}",103.81640625,-3.341,-1.719,0.6503073489875533,0.37484417704554984
"{'ar': '44100', 'sample_fmt': 's32p', 'compression_level': '7', 'reservoir': '1', 'b:a': '168k', 'abr': 'True'}",226.8955078125,-2.684,-0.807,0.6300725549808703,1.998414050393295
"{'ar': '44100', 'sample_fmt': 's32p', 'compression_level': '8', 'reservoir': '0', 'b:a': '210k'}",312.220703125,-2.606,-0.721,0.6308841730060522,2.071068241512477
"{'ar': '44100', 'sample_fmt': 's16p', 'compression_level': '5', 'reservoir': '1', 'b:a': '169k', 'abr': 'True'}",229.2353515625,-2.654,-0.774,0.7447690440167207,2.0665111582405653
"{'ar': '44100', 'sample_fmt': 's16p', 'compression_level': '8', 'reservoir': '1', 'b:a': '295k'}",445.9951171875,-2.585,-0.699,0.6358899309998378,1.9131079331553988
"{'ar': '44100', 'sample_fmt': 's16p', 'compression_level': '7', 'reservoir': '1', 'b:a': '295k', 'abr': 'True'}",405.4072265625,-2.591,-0.705,0.6277878149994649,1.9625990670410807
"{'ar': '44100', 'sample_fmt': 's32p', 'compression_level': '8', 'reservoir': '0', 'b:a': '123k'}",178.4443359375,-2.892,-1.051,0.645422500994755,1.5129923898833226
"{'ar': '48000', 'sample_fmt': 's32p', 'compression_level': '8', 'reservoir': '1', 'b:a': '148k'}",223.203125,-3.589,-2.276,0.6207357030070852,-0.5670061759685692
"{'ar': '44100', 'sample_fmt': 's16p', 'compression_level': '8', 'reservoir': '1', 'b:a': '240k'}",312.220703125,-2.602,-0.717,0.6343122019898146,2.081396450968518
"{'ar': '44100', 'sample_fmt': 's16p', 'compression_level': '7', 'reservoir': '1', 'b:a': '138k', 'abr': 'True'}",183.8095703125,-2.848,-0.997,0.6247379110136535,1.6255121519811908
"{'ar': '48000', 'sample_fmt': 's16p', 'compression_level': '1', 'reservoir': '0', 'b:a': '32k', 'abr': 'True'}",54.125,-3.402,-1.834,1.0300688729912508,0.2476617987950217
"{'ar': '44100', 'sample_fmt': 'fltp', 'compression_level': '1', 'reservoir': '1', 'b:a': '32k'}",44.771484375,-3.12,-1.357,1.0376984190079384,1.0695390817496064
"{'ar': '44100', 'sample_fmt': 'fltp', 'compression_level': '4', 'reservoir': '1', 'b:a': '202k', 'abr': 'True'}",271.13671875,-2.612,-0.727,0.7464754380343948,2.112208439467084
"{'ar': '48000', 'sample_fmt': 's32p', 'compression_level': '1', 'reservoir': '1', 'aq': '6'}",144.4765625,-3.631,-2.402,0.6624468379886821,-0.5820731256502091
"{'ar': '44100', 'sample_fmt': 's16p', 'compression_level': '8', 'reservoir': '0', 'b:a': '210k'}",312.220703125,-2.606,-0.722,0.6322547919990029,2.070651476694295
"{'ar': '44100', 'sample_fmt': 's32p', 'compression_level': '4', 'reservoir': '1', 'b:a': '181k', 'abr': 'True'}",246.6259765625,-2.643,-0.761,0.7463294549961574,2.068376494463441
"{'ar': '44100', 'sample_fmt': 's32p', 'compression_level': '1', 'reservoir': '1', 'b:a': '32k', 'abr': 'True'}",48.244140625,-3.132,-1.375,1.0360519849928096,1.0304820743749286
"{'ar': '44100', 'sample_fmt': 's32p', 'compression_level': '4', 'reservoir': '1', 'b:a': '141k'}",178.4443359375,-2.838,-0.985,0.8028245080204215,1.647995250939643
"{'ar': '44100', 'sample_fmt': 's16p', 'compression_level': '8', 'reservoir': '1', 'b:a': '282k', 'abr': 'True'}",388.09375,-2.598,-0.712,0.6455998260353226,1.970391257903884
"{'ar': '11025', 'sample_fmt': 'fltp', 'compression_level': '3', 'reservoir': '1', 'aq': '9'}",46.904296875,-3.834,-3.322,0.5779265009914525,-1.183332489106851
"{'ar': '44100', 'sample_fmt': 's32p', 'compression_level': '5', 'reservoir': '1', 'b:a': '171k'}",223.037109375,-2.652,-0.771,0.7447474360233173,2.0820093219358125
"{'ar': '44100', 'sample_fmt': 's16p', 'compression_level': '8', 'reservoir': '1', 'b:a': '163k'}",223.037109375,-2.689,-0.812,0.6496499380155001,1.9898967580492686
"{'ar': '44100', 'sample_fmt': 's32p', 'compression_level': '5', 'reservoir': '1', 'b:a': '164k', 'abr': 'True'}",223.013671875,-2.665,-0.786,0.7295068870007526,2.048152125326532
"{'ar': '44100', 'sample_fmt': 's32p', 'compression_level': '8', 'reservoir': '0', 'b:a': '106k'}",156.1484375,-3.098,-1.324,0.6306728789932095,0.9835720131214576
"{'ar': '44100', 'sample_fmt': 's16p', 'compression_level': '1', 'reservoir': '1', 'aq': '6'}",137.603515625,-3.069,-1.283,0.6639328509918414,1.091207140001741
"{'ar': '44100', 'sample_fmt': 's16p', 'compression_level': '1', 'reservoir': '1', 'aq': '5'}",164.283203125,-2.881,-1.037,0.6728407669870649,1.5636079789823596
"{'ar': '44100', 'sample_fmt': 's16p', 'compression_level': '4', 'reservoir': '1', 'b:a': '207k'}",267.6279296875,-2.622,-0.738,0.7435882220161147,2.0912512716016534
"{'ar': '24000', 'sample_fmt': 'fltp', 'compression_level': '3', 'reservoir': '1', 'aq': '9'}",71.046875,-3.735,-2.782,0.6024105089891236,-0.8226542439047994
"{'ar': '44100', 'sample_fmt': 's16p', 'compression_level': '6', 'reservoir': '1', 'b:a': '211k'}",312.220703125,-2.592,-0.706,0.7068999600014649,2.1028007009163243
"{'ar': '44100', 'sample_fmt': 'fltp', 'compression_level': '7', 'reservoir': '1', 'b:a': '138k', 'abr': 'True'}",183.9091796875,-2.852,-1.002,0.649433020997094,1.6126308785073666
"{'ar': '44100', 'sample_fmt': 's32p', 'compression_level': '9', 'reservoir': '1', 'b:a': '148k'}",223.037109375,-2.692,-0.815,0.6400584730145056,1.982669502202461
"{'ar': '11025', 'sample_fmt': 's16p', 'compression_level': '8', 'reservoir': '1', 'b:a': '100k', 'abr': 'True'}",88.5517578125,-3.849,-3.438,0.5611364110081922,-1.3200891073812813
"{'ar': '44100', 'sample_fmt': 's32p', 'compression_level': '9', 'reservoir': '1', 'b:a': '148k'}",223.037109375,-2.692,-0.815,0.6367566519766115,1.9829135493350765
"{'ar': '44100', 'sample_fmt': 's32p', 'compression_level': '1', 'reservoir': '1', 'aq': '7'}",117.0146484375,-3.312,-1.665,0.7851317349995952,0.42842190053295687
"{'ar': '44100', 'sample_fmt': 's32p', 'compression_level': '4', 'reservoir': '1', 'b:a': '161k', 'abr': 'True'}",216.009765625,-2.679,-0.801,0.7733445760095492,2.0187368345438133
"{'ar': '44100', 'sample_fmt': 's16p', 'compression_level': '5', 'reservoir': '0', 'b:a': '148k', 'abr': 'True'}",225.1875,-2.698,-0.822,0.8750256330240518,1.9456832624385645
"{'ar': '44100', 'sample_fmt': 's16p', 'compression_level': '1', 'reservoir': '0', 'aq': '6'}",147.916015625,-3.069,-1.283,1.4869122469972353,1.01392306380686
"{'ar': '44100', 'sample_fmt': 'fltp', 'compression_level': '8', 'reservoir': '0', 'aq': '9'}",103.8740234375,-3.314,-1.668,1.1483353399962652,0.41693825204184165
"{'ar': '44100', 'sample_fmt': 's16p', 'compression_level': '4', 'reservoir': '1', 'b:a': '144k', 'abr': 'True'}",193.607421875,-2.719,-0.846,0.7927801240293775,1.945653782211738
"{'ar': '44100', 'sample_fmt': 's32p', 'compression_level': '1', 'reservoir': '1', 'aq': '6'}",137.603515625,-3.079,-1.298,0.7652303020004183,1.0556886982281632
"{'ar': '44100', 'sample_fmt': 'fltp', 'compression_level': '5', 'reservoir': '1', 'b:a': '150k', 'abr': 'True'}",204.7451171875,-2.693,-0.817,0.8872827610175591,1.9906234706668984
"{'ar': '44100', 'sample_fmt': 's32p', 'compression_level': '7', 'reservoir': '1', 'b:a': '164k', 'abr': 'True'}",221.1787109375,-2.699,-0.824,0.6754293900157791,1.9638718256091305
"{'ar': '44100', 'sample_fmt': 's16p', 'compression_level': '1', 'reservoir': '1', 'b:a': '32k'}",44.771484375,-3.133,-1.376,1.0577495230245404,1.031774145075886
"{'ar': '44100', 'sample_fmt': 's32p', 'compression_level': '8', 'reservoir': '1', 'b:a': '148k'}",223.037109375,-2.692,-0.815,0.7108371530193835,1.9774380454677492
"{'ar': '44100', 'sample_fmt': 's32p', 'compression_level': '7', 'reservoir': '1', 'b:a': '170k'}",223.037109375,-2.692,-0.815,0.6908140899904538,1.9789180079073572
"{'ar': '44100', 'sample_fmt': 's32p', 'compression_level': '8', 'reservoir': '1', 'b:a': '148k'}",223.037109375,-2.692,-0.815,0.6565319009823725,1.9814519035459115
"{'ar': '44100', 'sample_fmt': 's16p', 'compression_level': '1', 'reservoir': '0', 'b:a': '32k', 'abr': 'True'}",53.09375,-3.138,-1.383,1.1011151559941936,1.0014314230942798
"{'ar': '44100', 'sample_fmt': 's16p', 'compression_level': '8', 'reservoir': '1', 'b:a': '240k'}",312.220703125,-2.602,-0.717,0.6608930670190603,2.079431782436099
"{'ar': '44100', 'sample_fmt': 's16p', 'compression_level': '7', 'reservoir': '1', 'b:a': '211k'}",312.220703125,-2.602,-0.717,0.640244084992446,2.080958008357247
"{'ar': '44100', 'sample_fmt': 's16p', 'compression_level': '8', 'reservoir': '1', 'b:a': '295k'}",445.9951171875,-2.585,-0.699,0.6378852519846987,1.912960453216476
"{'ar': '44100', 'sample_fmt': 'fltp', 'compression_level': '1', 'reservoir': '1', 'b:a': '32k'}",44.771484375,-3.12,-1.357,1.0306194209842943,1.0700623109463538
"{'ar': '44100', 'sample_fmt': 'fltp', 'compression_level': '4', 'reservoir': '1', 'b:a': '127k', 'abr': 'True'}",168.4091796875,-2.86,-1.011,0.7351633509679232,1.609548475165299
"{'ar': '44100', 'sample_fmt': 's16p', 'compression_level': '5', 'reservoir': '1', 'b:a': '170k', 'abr': 'True'}",230.3603515625,-2.645,-0.763,0.7220519440015778,2.090834605081814
"{'ar': '44100', 'sample_fmt': 's32p', 'compression_level': '5', 'reservoir': '1', 'b:a': '164k', 'abr': 'True'}",223.013671875,-2.665,-0.786,0.7869385410158429,2.04390718584529
"{'ar': '44100', 'sample_fmt': 's32p', 'compression_level': '4', 'reservoir': '1', 'b:a': '144k', 'abr': 'True'}",193.55859375,-2.716,-0.843,0.7547266379697248,1.956480527359339
"{'ar': '44100', 'sample_fmt': 's16p', 'compression_level': '8', 'reservoir': '1', 'b:a': '138k'}",178.4443359375,-2.914,-1.079,0.6482689060212579,1.4526905360094085
"{'ar': '44100', 'sample_fmt': 's16p', 'compression_level': '7', 'reservoir': '1', 'b:a': '123k', 'abr': 'True'}",162.3076171875,-3.043,-1.248,0.7119594639807474,1.1198573218187116
"{'ar': '44100', 'sample_fmt': 's16p', 'compression_level': '8', 'reservoir': '1', 'b:a': '240k'}",312.220703125,-2.602,-0.717,0.6464641640195623,2.0804982643451435
"{'ar': '48000', 'sample_fmt': 'fltp', 'compression_level': '4', 'reservoir': '1', 'b:a': '141k', 'abr': 'True'}",186.03125,-3.581,-2.254,0.7443681790027767,-0.49125077646274956
"{'ar': '44100', 'sample_fmt': 's32p', 'compression_level': '9', 'reservoir': '1', 'b:a': '148k'}",223.037109375,-2.692,-0.815,0.6253260740195401,1.9837584163773985
"{'ar': '44100', 'sample_fmt': 's32p', 'compression_level': '7', 'reservoir': '1', 'b:a': '188k', 'abr': 'True'}",256.3818359375,-2.638,-0.756,0.6317276769841556,2.074506944695957
"{'ar': '44100', 'sample_fmt': 's32p', 'compression_level': '5', 'reservoir': '1', 'b:a': '211k', 'abr': 'True'}",293.3564453125,-2.599,-0.714,0.7023902530199848,2.114401822796233
"{'ar': '44100', 'sample_fmt': 's32p', 'compression_level': '1', 'reservoir': '1', 'aq': '5'}",164.3330078125,-2.878,-1.033,0.6873695490357932,1.5707062902924094
"{'ar': '44100', 'sample_fmt': 's32p', 'compression_level': '8', 'reservoir': '1', 'b:a': '130k'}",178.4443359375,-2.916,-1.081,0.626055165019352,1.4490416252960727
"{'ar': '44100', 'sample_fmt': 's32p', 'compression_level': '7', 'reservoir': '1', 'b:a': '281k', 'abr': 'True'}",386.671875,-2.596,-0.711,0.6314453260274604,1.9786816275914763
"{'ar': '44100', 'sample_fmt': 's32p', 'compression_level': '9', 'reservoir': '1', 'b:a': '148k'}",223.037109375,-2.692,-0.815,0.6257966090051923,1.9837236377771272
"{'ar': '44100', 'sample_fmt': 's16p', 'compression_level': '6', 'reservoir': '1', 'b:a': '156k', 'abr': 'True'}",212.6796875,-2.689,-0.812,1.0878324779623654,1.9740363920230106
"{'ar': '44100', 'sample_fmt': 's32p', 'compression_level': '7', 'reservoir': '1', 'b:a': '123k'}",178.4443359375,-2.916,-1.081,0.6699096169904806,1.4458002160454955
"{'ar': '44100', 'sample_fmt': 's32p', 'compression_level': '7', 'reservoir': '1', 'b:a': '280k', 'abr': 'True'}",385.3515625,-2.597,-0.711,0.7098575270210858,1.9726627933551522
"{'ar': '44100', 'sample_fmt': 's16p', 'compression_level': '4', 'reservoir': '1', 'b:a': '140k', 'abr': 'True'}",185.0390625,-2.792,-0.931,0.7597305449889973,1.7648693730513032
"{'ar': '44100', 'sample_fmt': 'fltp', 'compression_level': '1', 'reservoir': '1', 'b:a': '32k'}",44.771484375,-3.12,-1.357,1.1037645009928383,1.0646559467503085
"{'ar': '44100', 'sample_fmt': 's32p', 'compression_level': '8', 'reservoir': '1', 'b:a': '209k'}",312.220703125,-2.6,-0.715,0.6426822159846779,2.0860685915425905
"{'ar': '44100', 'sample_fmt': 's32p', 'compression_level': '0', 'reservoir': '1', 'b:a': '32k', 'abr': 'True'}",48.244140625,-3.132,-1.375,1.077020096970955,1.0274540028525192
"{'ar': '44100', 'sample_fmt': 's32p', 'compression_level': '4', 'reservoir': '1', 'b:a': '143k', 'abr': 'True'}",188.6884765625,-2.772,-0.907,0.7857204050233122,1.8112949050949638
"{'ar': '44100', 'sample_fmt': 's16p', 'compression_level': '8', 'reservoir': '1', 'b:a': '295k'}",445.9951171875,-2.585,-0.699,0.6577596899878699,1.911491476081933
"{'ar': '44100', 'sample_fmt': 's16p', 'compression_level': '7', 'reservoir': '1', 'b:a': '138k', 'abr': 'True'}",183.8095703125,-2.848,-0.997,0.6624549349944573,1.6227243777657907
"{'ar': '44100', 'sample_fmt': 's16p', 'compression_level': '3', 'reservoir': '0', 'b:a': '32k'}",44.771484375,-3.298,-1.641,0.7439106800011359,0.5869346593448815
"{'ar': '44100', 'sample_fmt': 'fltp', 'compression_level': '3', 'reservoir': '1', 'aq': '0'}",336.51171875,-2.594,-0.708,0.732134115009103,2.056884465211972
"{'ar': '44100', 'sample_fmt': 's32p', 'compression_level': '8', 'reservoir': '1', 'b:a': '151k'}",223.037109375,-2.692,-0.815,0.628491845971439,1.9835244250258053
"{'ar': '44100', 'sample_fmt': 's32p', 'compression_level': '5', 'reservoir': '1', 'b:a': '164k'}",223.037109375,-2.652,-0.771,0.7590718179999385,2.080950565477554
"{'ar': '44100', 'sample_fmt': 's32p', 'compression_level': '8', 'reservoir': '1', 'b:a': '295k'}",445.9951171875,-2.585,-0.698,0.6366744389815722,1.9133654063122347
"{'ar': '44100', 'sample_fmt': 's32p', 'compression_level': '4', 'reservoir': '1', 'b:a': '141k'}",178.4443359375,-2.838,-0.985,0.7508599719731137,1.6518360999361503
"{'ar': '44100', 'sample_fmt': 's32p', 'compression_level': '4', 'reservoir': '1', 'b:a': '153k', 'abr': 'True'}",205.8154296875,-2.684,-0.806,0.7652094360091724,2.0223778860681283
"{'ar': '44100', 'sample_fmt': 's32p', 'compression_level': '4', 'reservoir': '1', 'b:a': '180k', 'abr': 'True'}",245.408203125,-2.636,-0.754,0.738739971013274,2.0893983868458412
"{'ar': '44100', 'sample_fmt': 's16p', 'compression_level': '8', 'reservoir': '1', 'b:a': '140k', 'abr': 'True'}",186.3251953125,-2.828,-0.973,0.6280947089835536,1.6754197061132738
"{'ar': '44100', 'sample_fmt': 's32p', 'compression_level': '7', 'reservoir': '1', 'b:a': '187k', 'abr': 'True'}",255.162109375,-2.644,-0.763,0.6364366409834474,2.0599173301856775
"{'ar': '44100', 'sample_fmt': 's32p', 'compression_level': '8', 'reservoir': '1', 'b:a': '284k', 'abr': 'True'}",390.736328125,-2.595,-0.709,0.6327197989739943,1.9750627782680117
"{'ar': '44100', 'sample_fmt': 's32p', 'compression_level': '5', 'reservoir': '0', 'b:a': '141k'}",178.4443359375,-2.841,-0.989,0.7297551980300341,1.6451443676094093
"{'ar': '44100', 'sample_fmt': 'fltp', 'compression_level': '1', 'reservoir': '0', 'b:a': '32k'}",44.771484375,-3.13,-1.371,1.0311336600279901,1.0423085059628916
"{'ar': '44100', 'sample_fmt': 's16p', 'compression_level': '4', 'reservoir': '1', 'b:a': '183k', 'abr': 'True'}",249.064453125,-2.636,-0.754,0.7603936110099312,2.081963755030837
"{'ar': '44100', 'sample_fmt': 's16p', 'compression_level': '9', 'reservoir': '1', 'b:a': '280k'}",356.8115234375,-2.595,-0.709,0.6569309289916418,2.027405873847952
"{'ar': '44100', 'sample_fmt': 's16p', 'compression_level': '4', 'reservoir': '1', 'b:a': '144k', 'abr': 'True'}",193.607421875,-2.719,-0.846,0.7383502339944243,1.9496768526444352
"{'ar': '44100', 'sample_fmt': 's32p', 'compression_level': '4', 'reservoir': '1', 'b:a': '141k'}",178.4443359375,-2.838,-0.985,0.7454747509909794,1.6522341371780565
"{'ar': '44100', 'sample_fmt': 's16p', 'compression_level': '9', 'reservoir': '1', 'b:a': '213k'}",312.220703125,-2.602,-0.717,0.6349402009800542,2.0813500337487185
"{'ar': '44100', 'sample_fmt': 's32p', 'compression_level': '4', 'reservoir': '1', 'b:a': '122k', 'abr': 'True'}",162.0029296875,-2.913,-1.077,0.7443049349822104,1.4747880603413288
"{'ar': '44100', 'sample_fmt': 's16p', 'compression_level': '7', 'reservoir': '1', 'b:a': '163k'}",223.037109375,-2.689,-0.812,0.6399326730170287,1.9906149891806733
"{'ar': '44100', 'sample_fmt': 's16p', 'compression_level': '5', 'reservoir': '1', 'b:a': '169k', 'abr': 'True'}",229.2353515625,-2.654,-0.774,0.785054587002378,2.0635335373644863
"{'ar': '44100', 'sample_fmt': 's32p', 'compression_level': '7', 'reservoir': '1', 'b:a': '292k'}",445.9951171875,-2.585,-0.698,0.7088061230315361,1.9080339451394173
"{'ar': '44100', 'sample_fmt': 's16p', 'compression_level': '1', 'reservoir': '1', 'aq': '9'}",103.81640625,-3.341,-1.719,0.6471548249828629,0.3750771892030886
"{'ar': '44100', 'sample_fmt': 's16p', 'compression_level': '8', 'reservoir': '1', 'b:a': '211k'}",312.220703125,-2.602,-0.717,0.6345806859899312,2.0813766065403585
"{'ar': '44100', 'sample_fmt': 'fltp', 'compression_level': '4', 'reservoir': '1', 'b:a': '161k', 'abr': 'True'}",216.009765625,-2.679,-0.801,0.775307020987384,2.018591784565556
"{'ar': '44100', 'sample_fmt': 's16p', 'compression_level': '4', 'reservoir': '1', 'b:a': '144k', 'abr': 'True'}",193.607421875,-2.719,-0.846,0.7488607779960148,1.9488999879699485
"{'ar': '44100', 'sample_fmt': 's16p', 'compression_level': '8', 'reservoir': '1', 'b:a': '240k'}",312.220703125,-2.602,-0.717,0.6397715269995388,2.0809929364838293
"{'ar': '44100', 'sample_fmt': 's32p', 'compression_level': '7', 'reservoir': '1', 'b:a': '164k', 'abr': 'True'}",221.1787109375,-2.699,-0.824,0.6318401840107981,1.9670936297639943
"{'ar': '44100', 'sample_fmt': 's32p', 'compression_level': '8', 'reservoir': '1', 'b:a': '303k'}",445.9951171875,-2.585,-0.698,0.643037275003735,1.9128951107181702
"{'ar': '44100', 'sample_fmt': 's32p', 'compression_level': '4', 'reservoir': '1', 'b:a': '144k', 'abr': 'True'}",193.55859375,-2.716,-0.843,0.7486127790180035,1.9569324203387768
"{'ar': '44100', 'sample_fmt': 'fltp', 'compression_level': '7', 'reservoir': '1', 'b:a': '161k', 'abr': 'True'}",216.876953125,-2.712,-0.838,0.6502259449916892,1.9378932381383023
"{'ar': '44100', 'sample_fmt': 's16p', 'compression_level': '9', 'reservoir': '1', 'b:a': '295k'}",445.9951171875,-2.585,-0.699,0.6418894460075535,1.9126644916672282
"{'ar': '44100', 'sample_fmt': 's32p', 'compression_level': '1', 'reservoir': '1', 'aq': '9'}",103.837890625,-3.343,-1.721,0.6631183590216096,0.36857220393195156
"{'ar': '44100', 'sample_fmt': 's32p', 'compression_level': '8', 'reservoir': '1', 'b:a': '157k', 'abr': 'True'}",211.0380859375,-2.734,-0.863,0.6375230680278037,1.8890039255649211
"{'ar': '44100', 'sample_fmt': 'fltp', 'compression_level': '8', 'reservoir': '0', 'b:a': '148k'}",223.037109375,-2.705,-0.83,0.6362545290321577,1.947929594682495
"{'ar': '44100', 'sample_fmt': 's32p', 'compression_level': '4', 'reservoir': '1', 'b:a': '150k'}",223.037109375,-2.656,-0.776,0.7643412650213577,2.0696640420326164
"{'ar': '44100', 'sample_fmt': 's16p', 'compression_level': '0', 'reservoir': '1', 'aq': '5'}",164.283203125,-2.881,-1.037,0.895802551007364,1.5471282293385975
"{'ar': '44100', 'sample_fmt': 's32p', 'compression_level': '9', 'reservoir': '1', 'b:a': '295k'}",445.9951171875,-2.585,-0.698,0.6720076500205323,1.910753826598739
"{'ar': '44100', 'sample_fmt': 's16p', 'compression_level': '4', 'reservoir': '1', 'b:a': '143k', 'abr': 'True'}",188.6884765625,-2.768,-0.902,0.7163179380004294,1.8273216853429517
"{'ar': '44100', 'sample_fmt': 's32p', 'compression_level': '8', 'reservoir': '1', 'b:a': '148k'}",223.037109375,-2.692,-0.815,0.6125503339862917,1.9847027082352469
"{'ar': '44100', 'sample_fmt': 's16p', 'compression_level': '8', 'reservoir': '1', 'b:a': '295k'}",445.9951171875,-2.585,-0.699,0.6751771069830284,1.9102041044689795
"{'ar': '44100', 'sample_fmt': 'fltp', 'compression_level': '7', 'reservoir': '1', 'b:a': '187k', 'abr': 'True'}",255.162109375,-2.644,-0.763,0.6373770609789062,2.059847821026728
"{'ar': '48000', 'sample_fmt': 's16p', 'compression_level': '4', 'reservoir': '1', 'b:a': '143k', 'abr': 'True'}",188.28125,-3.578,-2.247,0.7766922249866184,-0.48803216308891456
"{'ar': '44100', 'sample_fmt': 's32p', 'compression_level': '4', 'reservoir': '1', 'b:a': '169k', 'abr': 'True'}",225.57421875,-2.65,-0.769,0.7771228979690932,2.080858774860035
"{'ar': '44100', 'sample_fmt': 's32p', 'compression_level': '4', 'reservoir': '1', 'b:a': '144k', 'abr': 'True'}",193.55859375,-2.716,-0.843,0.7406245749734808,1.9575228515794285
"{'ar': '44100', 'sample_fmt': 'fltp', 'compression_level': '8', 'reservoir': '0', 'b:a': '145k'}",223.037109375,-2.705,-0.83,0.6247470720263664,1.9487801440774286
"{'ar': '44100', 'sample_fmt': 's32p', 'compression_level': '7', 'reservoir': '1', 'b:a': '164k', 'abr': 'True'}",221.1787109375,-2.699,-0.824,0.6177554110181518,1.968134676029963
"{'ar': '11025', 'sample_fmt': 'fltp', 'compression_level': '3', 'reservoir': '1', 'aq': '9'}",46.904296875,-3.834,-3.322,0.5862650339840911,-1.1839488141722372
"{'ar': '48000', 'sample_fmt': 's32p', 'compression_level': '0', 'reservoir': '1', 'aq': '6'}",144.4765625,-3.631,-2.402,0.6602659130003303,-0.5819119271831363
"{'ar': '44100', 'sample_fmt': 's32p', 'compression_level': '9', 'reservoir': '1', 'b:a': '148k', 'abr': 'True'}",198.2060546875,-2.779,-0.915,0.6245455500029493,1.7891877096103763
"{'ar': '44100', 'sample_fmt': 's32p', 'compression_level': '8', 'reservoir': '0', 'aq': '9'}",103.8740234375,-3.314,-1.668,0.6047553249809425,0.45711582147674235
"{'ar': '44100', 'sample_fmt': 's16p', 'compression_level': '8', 'reservoir': '0', 'b:a': '210k'}",312.220703125,-2.606,-0.722,0.6240050430060364,2.0712612394777485
"{'ar': '44100', 'sample_fmt': 's32p', 'compression_level': '8', 'reservoir': '1', 'b:a': '295k'}",445.9951171875,-2.585,-0.698,0.6214997390052304,1.914487012230613
"{'ar': '44100', 'sample_fmt': 's32p', 'compression_level': '8', 'reservoir': '1', 'b:a': '148k', 'abr': 'True'}",198.2060546875,-2.779,-0.915,0.6010421539831441,1.790924913516806
"{'ar': '44100', 'sample_fmt': 's32p', 'compression_level': '6', 'reservoir': '1', 'b:a': '156k'}",223.037109375,-2.652,-0.771,0.7326170699670911,2.0829059123383886
"{'ar': '44100', 'sample_fmt': 's32p', 'compression_level': '9', 'reservoir': '1', 'b:a': '148k'}",223.037109375,-2.692,-0.815,0.635457864991622,1.9830095464336253
"{'ar': '44100', 'sample_fmt': 's32p', 'compression_level': '4', 'reservoir': '1', 'b:a': '143k', 'abr': 'True'}",188.6884765625,-2.772,-0.907,0.7460116800211836,1.8142298916873232
"{'ar': '44100', 'sample_fmt': 'fltp', 'compression_level': '4', 'reservoir': '1', 'b:a': '127k', 'abr': 'True'}",168.4091796875,-2.86,-1.011,0.7047925789956935,1.6117932666697685
"{'ar': '44100', 'sample_fmt': 's16p', 'compression_level': '8', 'reservoir': '1', 'b:a': '213k'}",312.220703125,-2.602,-0.717,0.6049726000055671,2.083565025719893
"{'ar': '32000', 'sample_fmt': 's16p', 'compression_level': '9', 'reservoir': '0', 'b:a': '137k', 'abr': 'True'}",216.5,-3.266,-1.586,0.5641090839926619,0.4181114235918956
"{'ar': '44100', 'sample_fmt': 's32p', 'compression_level': '1', 'reservoir': '1', 'aq': '3'}",239.4560546875,-2.652,-0.771,0.6634725030162372,2.0618174571308585
"{'ar': '44100', 'sample_fmt': 'fltp', 'compression_level': '4', 'reservoir': '1', 'b:a': '122k', 'abr': 'True'}",162.0,-2.913,-1.077,0.7026406899967697,1.4778722598642469
"{'ar': '44100', 'sample_fmt': 's16p', 'compression_level': '4', 'reservoir': '1', 'b:a': '168k', 'abr': 'True'}",224.548828125,-2.652,-0.771,0.8422557830053847,2.0723900021811517
"{'ar': '44100', 'sample_fmt': 's32p', 'compression_level': '4', 'reservoir': '1', 'b:a': '144k', 'abr': 'True'}",193.55859375,-2.716,-0.843,0.7410021699906792,1.9574949424407502
"{'ar': '44100', 'sample_fmt': 's16p', 'compression_level': '8', 'reservoir': '1', 'b:a': '149k', 'abr': 'True'}",199.6796875,-2.773,-0.908,0.6544906499912031,1.8008107929112287
"{'ar': '44100', 'sample_fmt': 's16p', 'compression_level': '8', 'reservoir': '1', 'b:a': '295k'}",445.9951171875,-2.585,-0.699,0.7291399099922273,1.9062155577878752
"{'ar': '44100', 'sample_fmt': 'fltp', 'compression_level': '1', 'reservoir': '1', 'b:a': '32k'}",44.771484375,-3.12,-1.357,1.012458974000765,1.071404602052529
"{'ar': '44100', 'sample_fmt': 's32p', 'compression_level': '7', 'reservoir': '1', 'b:a': '148k', 'abr': 'True'}",198.2060546875,-2.779,-0.915,0.6084373619814869,1.7903783123272266
"{'ar': '44100', 'sample_fmt': 's16p', 'compression_level': '8', 'reservoir': '1', 'b:a': '294k'}",445.9951171875,-2.585,-0.699,0.6171015290019568,1.9144966382309883
"{'ar': '44100', 'sample_fmt': 's32p', 'compression_level': '8', 'reservoir': '1', 'b:a': '148k'}",223.037109375,-2.692,-0.815,0.6036259889951907,1.985362332357982
"{'ar': '44100', 'sample_fmt': 's16p', 'compression_level': '8', 'reservoir': '1', 'b:a': '149k'}",223.037109375,-2.689,-0.812,0.6186558680201415,1.992187619311476
"{'ar': '44100', 'sample_fmt': 's32p', 'compression_level': '4', 'reservoir': '1', 'b:a': '136k', 'abr': 'True'}",180.0263671875,-2.825,-0.969,0.7143870079889894,1.6873440572280254
"{'ar': '44100', 'sample_fmt': 's16p', 'compression_level': '8', 'reservoir': '1', 'b:a': '295k'}",445.9951171875,-2.585,-0.699,0.6155629690329079,1.914610357643547
"{'ar': '44100', 'sample_fmt': 's32p', 'compression_level': '7', 'reservoir': '1', 'b:a': '305k', 'abr': 'True'}",418.0595703125,-2.592,-0.706,0.6083524150017183,1.941201300240674
"{'ar': '44100', 'sample_fmt': 'fltp', 'compression_level': '1', 'reservoir': '1', 'b:a': '32k'}",44.771484375,-3.12,-1.357,0.9953826800046954,1.0726667602790387
"{'ar': '44100', 'sample_fmt': 's16p', 'compression_level': '4', 'reservoir': '1', 'b:a': '144k', 'abr': 'True'}",193.607421875,-2.719,-0.846,0.7308028470142744,1.9502347018222395
"{'ar': '44100', 'sample_fmt': 's16p', 'compression_level': '7', 'reservoir': '1', 'b:a': '115k'}",156.1484375,-3.065,-1.278,1.051242988993181,1.0438854965848612
"{'ar': '44100', 'sample_fmt': 'fltp', 'compression_level': '4', 'reservoir': '1', 'b:a': '186k', 'abr': 'True'}",252.51953125,-2.629,-0.747,1.0171579000016209,2.0759901924214246
"{'ar': '44100', 'sample_fmt': 's32p', 'compression_level': '8', 'reservoir': '1', 'b:a': '148k'}",223.037109375,-2.692,-0.815,0.6728900589805562,1.9802428248258621
"{'ar': '44100', 'sample_fmt': 'fltp', 'compression_level': '4', 'reservoir': '1', 'b:a': '186k'}",267.6279296875,-2.615,-0.731,0.7149896199989598,2.1118828506240566
"{'ar': '48000', 'sample_fmt': 's32p', 'compression_level': '8', 'reservoir': '1', 'b:a': '210k', 'abr': 'True'}",286.484375,-3.52,-2.095,0.6962677990086377,-0.45570093965814074
"{'ar': '44100', 'sample_fmt': 'fltp', 'compression_level': '1', 'reservoir': '1', 'b:a': '32k'}",44.771484375,-3.12,-1.357,1.0068752030201722,1.0718173146984769
"{'ar': '44100', 'sample_fmt': 'fltp', 'compression_level': '3', 'reservoir': '1', 'b:a': '119k', 'abr': 'True'}",157.3232421875,-2.992,-1.179,0.7926078639866319,1.2624432162189472
"{'ar': '44100', 'sample_fmt': 's16p', 'compression_level': '1', 'reservoir': '0', 'aq': '4'}",220.4267578125,-2.723,-0.85,0.7275046479771845,1.8971022311117531
"{'ar': '44100', 'sample_fmt': 's32p', 'compression_level': '9', 'reservoir': '1', 'b:a': '148k'}",223.037109375,-2.692,-0.815,0.6631124510022346,1.980965516081252
"{'ar': '44100', 'sample_fmt': 's32p', 'compression_level': '4', 'reservoir': '1', 'b:a': '153k', 'abr': 'True'}",205.8154296875,-2.684,-0.806,0.7357294899993576,2.0245568340519187
"{'ar': '44100', 'sample_fmt': 's16p', 'compression_level': '5', 'reservoir': '1', 'b:a': '164k', 'abr': 'True'}",223.0185546875,-2.655,-0.774,0.7087923469662201,2.076760284771585
"{'ar': '44100', 'sample_fmt': 'fltp', 'compression_level': '5', 'reservoir': '1', 'b:a': '127k', 'abr': 'True'}",170.6982421875,-2.86,-1.011,0.6958701109688263,1.6088001760454027
"{'ar': '44100', 'sample_fmt': 's16p', 'compression_level': '2', 'reservoir': '1', 'aq': '5'}",164.283203125,-2.881,-1.037,0.6417125670122914,1.5659087541788772
"{'ar': '11025', 'sample_fmt': 'fltp', 'compression_level': '1', 'reservoir': '1', 'aq': '9'}",46.904296875,-3.834,-3.322,0.5551238309999462,-1.1816470778857282
"{'ar': '44100', 'sample_fmt': 'fltp', 'compression_level': '7', 'reservoir': '1', 'b:a': '186k', 'abr': 'True'}",253.537109375,-2.645,-0.764,0.6228980919986498,2.060865562198354
"{'ar': '44100', 'sample_fmt': 's32p', 'compression_level': '6', 'reservoir': '1', 'b:a': '156k', 'abr': 'True'}",212.626953125,-2.677,-0.799,0.7060417020402383,2.0344000110828744
"{'ar': '44100', 'sample_fmt': 's32p', 'compression_level': '8', 'reservoir': '1', 'b:a': '148k'}",223.037109375,-2.692,-0.815,0.6060695520136505,1.9851817215552838
"{'ar': '44100', 'sample_fmt': 'fltp', 'compression_level': '7', 'reservoir': '1', 'b:a': '163k'}",223.037109375,-2.691,-0.815,0.6134724819858093,1.9869644874495687
"{'ar': '44100', 'sample_fmt': 's32p', 'compression_level': '7', 'reservoir': '1', 'b:a': '164k', 'abr': 'True'}",221.1787109375,-2.699,-0.824,0.5853987479931675,1.9705262504798282
"{'ar': '44100', 'sample_fmt': 's16p', 'compression_level': '4', 'reservoir': '1', 'b:a': '140k', 'abr': 'True'}",185.0390625,-2.792,-0.931,0.7213234660157468,1.7677081512249195
"{'ar': '44100', 'sample_fmt': 's32p', 'compression_level': '8', 'reservoir': '1', 'b:a': '166k'}",223.037109375,-2.692,-0.815,0.594767286995193,1.9860171046175876
"{'ar': '44100', 'sample_fmt': 'fltp', 'compression_level': '4', 'reservoir': '1', 'b:a': '144k', 'abr': 'True'}",193.609375,-2.716,-0.843,0.7086274759785738,1.9598068197696272
"{'ar': '44100', 'sample_fmt': 'fltp', 'compression_level': '5', 'reservoir': '1', 'aq': '8'}",110.8330078125,-3.357,-1.748,0.6198569669795688,0.3194714107413124
"{'ar': '44100', 'sample_fmt': 'fltp', 'compression_level': '1', 'reservoir': '1', 'b:a': '32k'}",44.771484375,-3.12,-1.357,0.9809110990026966,1.073736396642554
"{'ar': '44100', 'sample_fmt': 's32p', 'compression_level': '5', 'reservoir': '1', 'b:a': '239k'}",312.220703125,-2.595,-0.709,0.6678487480094191,2.0977509000854706
"{'ar': '44100', 'sample_fmt': 's16p', 'compression_level': '8', 'reservoir': '1', 'b:a': '241k'}",356.8115234375,-2.595,-0.709,0.608483171032276,2.0309867876152157
"{'ar': '44100', 'sample_fmt': 's32p', 'compression_level': '7', 'reservoir': '1', 'b:a': '282k', 'abr': 'True'}",387.9921875,-2.597,-0.711,0.6016563560115173,1.9764467026682555
"{'ar': '44100', 'sample_fmt': 's32p', 'compression_level': '4', 'reservoir': '1', 'b:a': '164k', 'abr': 'True'}",219.5390625,-2.666,-0.787,0.7299563720298465,2.0510178175477622
"{'ar': '44100', 'sample_fmt': 's32p', 'compression_level': '8', 'reservoir': '1', 'b:a': '293k'}",445.9951171875,-2.585,-0.698,0.63659280599677,1.9133714400419977
"{'ar': '44100', 'sample_fmt': 's32p', 'compression_level': '9', 'reservoir': '1', 'b:a': '148k'}",223.037109375,-2.692,-0.815,0.6314150500111282,1.9833083625694368
"{'ar': '44100', 'sample_fmt': 'fltp', 'compression_level': '0', 'reservoir': '1', 'aq': '9'}",103.837890625,-3.343,-1.721,0.7166815589880571,0.3646131930662803
"{'ar': '11025', 'sample_fmt': 's16p', 'compression_level': '7', 'reservoir': '1', 'b:a': '123k', 'abr': 'True'}",88.755859375,-3.849,-3.438,0.5690637340012472,-1.3210007163671051
"{'ar': '44100', 'sample_fmt': 's32p', 'compression_level': '8', 'reservoir': '1', 'b:a': '138k'}",178.4443359375,-2.916,-1.081,0.6066003620217089,1.450479585994937
"{'ar': '44100', 'sample_fmt': 'fltp', 'compression_level': '8', 'reservoir': '0', 'b:a': '138k'}",178.4443359375,-2.892,-1.051,0.606409548985539,1.5158759498835308
"{'ar': '44100', 'sample_fmt': 's32p', 'compression_level': '1', 'reservoir': '1', 'aq': '6'}",137.603515625,-3.079,-1.298,0.6443453919491731,1.0646236511937883
"{'ar': '44100', 'sample_fmt': 'fltp', 'compression_level': '4', 'reservoir': '1', 'b:a': '144k', 'abr': 'True'}",193.609375,-2.716,-0.843,0.725590113986982,1.9585530621855434
"{'ar': '44100', 'sample_fmt': 'fltp', 'compression_level': '1', 'reservoir': '0', 'aq': '9'}",112.5185546875,-3.343,-1.721,0.6396781640069094,0.35645330805670433
"{'ar': '44100', 'sample_fmt': 's16p', 'compression_level': '4', 'reservoir': '1', 'b:a': '140k', 'abr': 'True'}",185.0390625,-2.792,-0.931,0.7140609119960573,1.7682449475756694
"{'ar': '44100', 'sample_fmt': 'fltp', 'compression_level': '1', 'reservoir': '1', 'b:a': '135k'}",178.4443359375,-2.941,-1.113,1.0760903479822446,1.3474351096704411
"{'ar': '44100', 'sample_fmt': 's16p', 'compression_level': '8', 'reservoir': '1', 'b:a': '299k'}",445.9951171875,-2.585,-0.699,0.6115699889778625,1.9149054903360343
"{'ar': '44100', 'sample_fmt': 's16p', 'compression_level': '8', 'reservoir': '1', 'b:a': '211k'}",312.220703125,-2.602,-0.717,0.6108381599769928,2.083131485235481
"{'ar': '44100', 'sample_fmt': 's16p', 'compression_level': '8', 'reservoir': '1', 'b:a': '295k'}",445.9951171875,-2.585,-0.699,0.6013735879969317,1.9156591357922343
"{'ar': '44100', 'sample_fmt': 's16p', 'compression_level': '8', 'reservoir': '1', 'b:a': '169k'}",223.037109375,-2.689,-0.812,0.6055984050035477,1.9931527341289845
"{'ar': '44100', 'sample_fmt': 's32p', 'compression_level': '4', 'reservoir': '1', 'aq': '9'}",103.837890625,-3.343,-1.721,0.6215102849819232,0.37164757689932393
"{'ar': '11025', 'sample_fmt': 's16p', 'compression_level': '7', 'reservoir': '1', 'b:a': '98k'}",90.4853515625,-3.849,-3.438,0.5471455359656829,-1.3221403684959592
"{'ar': '44100', 'sample_fmt': 'fltp', 'compression_level': '5', 'reservoir': '1', 'b:a': '123k'}",178.4443359375,-2.833,-0.979,0.7983051759947557,1.6618717274636372
"{'ar': '44100', 'sample_fmt': 's16p', 'compression_level': '1', 'reservoir': '1', 'aq': '5'}",164.283203125,-2.881,-1.037,0.703599080996355,1.5613345431262347
"{'ar': '44100', 'sample_fmt': 's16p', 'compression_level': '8', 'reservoir': '1', 'b:a': '169k'}",223.037109375,-2.689,-0.812,0.6010595519910567,1.9934882138689067
"{'ar': '44100', 'sample_fmt': 's16p', 'compression_level': '8', 'reservoir': '1', 'b:a': '294k'}",445.9951171875,-2.585,-0.699,0.6105035280052107,1.9149843155477688
"{'ar': '11025', 'sample_fmt': 'fltp', 'compression_level': '3', 'reservoir': '1', 'aq': '9'}",46.904296875,-3.834,-3.322,0.5475402069860138,-1.1810865503240604
"{'ar': '44100', 'sample_fmt': 's32p', 'compression_level': '4', 'reservoir': '1', 'b:a': '144k', 'abr': 'True'}",193.55859375,-2.716,-0.843,0.739826957025798,1.9575818058264396
"{'ar': '44100', 'sample_fmt': 's16p', 'compression_level': '9', 'reservoir': '0', 'b:a': '32k', 'abr': 'True'}",52.9921875,-3.355,-1.744,0.5883861660258844,0.420013767706584
"{'ar': '44100', 'sample_fmt': 's16p', 'compression_level': '4', 'reservoir': '1', 'b:a': '140k', 'abr': 'True'}",185.0390625,-2.792,-0.931,0.7526754959835671,1.7653908321069205
"{'ar': '44100', 'sample_fmt': 'fltp', 'compression_level': '0', 'reservoir': '0', 'b:a': '150k'}",223.037109375,-2.693,-0.817,1.2808982389979064,1.9323423289141486
"{'ar': '44100', 'sample_fmt': 'fltp', 'compression_level': '7', 'reservoir': '0', 'b:a': '150k'}",223.037109375,-2.705,-0.83,0.5978332420054357,1.9507694230143937
"{'ar': '44100', 'sample_fmt': 'fltp', 'compression_level': '4', 'reservoir': '1', 'b:a': '127k', 'abr': 'True'}",168.4091796875,-2.86,-1.011,0.7096787769696675,1.6114321136601855
"{'ar': '44100', 'sample_fmt': 's32p', 'compression_level': '8', 'reservoir': '1', 'b:a': '180k'}",267.6279296875,-2.63,-0.747,0.6045350349741057,2.080050466038367
"{'ar': '44100', 'sample_fmt': 's32p', 'compression_level': '9', 'reservoir': '1', 'b:a': '148k'}",223.037109375,-2.692,-0.815,0.5944952610007022,1.986037210844785
"{'ar': '44100', 'sample_fmt': 's16p', 'compression_level': '7', 'reservoir': '1', 'b:a': '115k'}",156.1484375,-3.065,-1.278,0.6023744030098896,1.0770626706573498
"{'ar': '44100', 'sample_fmt': 's16p', 'compression_level': '8', 'reservoir': '1', 'b:a': '208k'}",267.6279296875,-2.632,-0.749,0.5952193510020152,2.075448222664564
"{'ar': '44100', 'sample_fmt': 's32p', 'compression_level': '7', 'reservoir': '1', 'b:a': '281k', 'abr': 'True'}",386.671875,-2.596,-0.711,0.6187699280271772,1.9796185028797573
"{'ar': '44100', 'sample_fmt': 's32p', 'compression_level': '8', 'reservoir': '1', 'b:a': '163k', 'abr': 'True'}",219.640625,-2.703,-0.829,0.6514007720106747,1.9572050760925384
"{'ar': '44100', 'sample_fmt': 's16p', 'compression_level': '8', 'reservoir': '1', 'b:a': '281k', 'abr': 'True'}",386.8759765625,-2.596,-0.71,0.6021957540069707,1.9808333287369144
"{'ar': '44100', 'sample_fmt': 's32p', 'compression_level': '8', 'reservoir': '1', 'b:a': '148k', 'abr': 'True'}",198.2060546875,-2.779,-0.915,0.6012470010318793,1.7909097726795846
"{'ar': '44100', 'sample_fmt': 's32p', 'compression_level': '4', 'reservoir': '1', 'b:a': '122k', 'abr': 'True'}",162.0029296875,-2.913,-1.077,0.714862925990019,1.4769642042905382
"{'ar': '44100', 'sample_fmt': 's32p', 'compression_level': '8', 'reservoir': '1', 'b:a': '146k'}",223.037109375,-2.692,-0.815,0.6514120349893346,1.981830327633903
"{'ar': '44100', 'sample_fmt': 's32p', 'compression_level': '8', 'reservoir': '1', 'b:a': '164k', 'abr': 'True'}",221.1787109375,-2.699,-0.824,0.6121311500028241,1.968550381411363
"{'ar': '44100', 'sample_fmt': 'fltp', 'compression_level': '1', 'reservoir': '1', 'b:a': '32k'}",44.771484375,-3.12,-1.357,1.015631337009836,1.0711701235368571
"{'ar': '44100', 'sample_fmt': 's16p', 'compression_level': '8', 'reservoir': '1', 'b:a': '109k'}",156.1484375,-3.065,-1.278,0.6175931429897901,1.0759378096150674
"{'ar': '44100', 'sample_fmt': 's16p', 'compression_level': '8', 'reservoir': '1', 'b:a': '295k'}",445.9951171875,-2.585,-0.699,0.6280311800073832,1.913688796146953
"{'ar': '44100', 'sample_fmt': 's32p', 'compression_level': '4', 'reservoir': '1', 'b:a': '144k', 'abr': 'True'}",193.55859375,-2.716,-0.843,0.7369313280214556,1.957795830132275
"{'ar': '44100', 'sample_fmt': 's16p', 'compression_level': '4', 'reservoir': '1', 'b:a': '140k', 'abr': 'True'}",185.0390625,-2.792,-0.931,0.7528410570230335,1.7653785950121503
"{'ar': '44100', 'sample_fmt': 'fltp', 'compression_level': '4', 'reservoir': '1', 'b:a': '143k', 'abr': 'True'}",188.7431640625,-2.772,-0.907,0.7327427419950254,1.8151233743255732
"{'ar': '44100', 'sample_fmt': 's16p', 'compression_level': '1', 'reservoir': '1', 'aq': '5'}",164.283203125,-2.881,-1.037,0.7024277150339913,1.561421122168853
"{'ar': '44100', 'sample_fmt': 's32p', 'compression_level': '8', 'reservoir': '1', 'b:a': '146k'}",223.037109375,-2.692,-0.815,0.6441413240099791,1.9823677268891091
"{'ar': '44100', 'sample_fmt': 's32p', 'compression_level': '7', 'reservoir': '1', 'b:a': '188k', 'abr': 'True'}",256.3818359375,-2.638,-0.756,0.6058404039940797,2.076420347836817
"{'ar': '44100', 'sample_fmt': 's32p', 'compression_level': '7', 'reservoir': '1', 'b:a': '281k', 'abr': 'True'}",386.671875,-2.596,-0.711,0.6324701629928313,1.9786058789303806
"{'ar': '44100', 'sample_fmt': 's32p', 'compression_level': '7', 'reservoir': '1', 'b:a': '188k', 'abr': 'True'}",256.3818359375,-2.638,-0.756,0.6624913379782811,2.072233113628734
"{'ar': '44100', 'sample_fmt': 's32p', 'compression_level': '7', 'reservoir': '1', 'b:a': '190k', 'abr': 'True'}",259.3271484375,-2.638,-0.756,0.6652782430173829,2.0673273945114756
"{'ar': '44100', 'sample_fmt': 's32p', 'compression_level': '4', 'reservoir': '1', 'b:a': '144k', 'abr': 'True'}",193.55859375,-2.716,-0.843,0.7492677010013722,1.9568840131627687
"{'ar': '44100', 'sample_fmt': 's16p', 'compression_level': '8', 'reservoir': '1', 'b:a': '300k'}",445.9951171875,-2.585,-0.699,0.6868522180011496,1.9093411632816042
"{'ar': '44100', 'sample_fmt': 'fltp', 'compression_level': '4', 'reservoir': '1', 'b:a': '206k', 'abr': 'True'}",275.8369140625,-2.606,-0.722,0.707752182992408,2.1231275708851594
"{'ar': '44100', 'sample_fmt': 's32p', 'compression_level': '8', 'reservoir': '0', 'b:a': '123k'}",178.4443359375,-2.892,-1.051,0.5916502089821734,1.5169668553462377
"{'ar': '44100', 'sample_fmt': 'fltp', 'compression_level': '4', 'reservoir': '1', 'b:a': '132k', 'abr': 'True'}",175.125,-2.843,-0.991,0.71215861098608,1.6464507365824017
"{'ar': '8000', 'sample_fmt': 'fltp', 'compression_level': '1', 'reservoir': '1', 'b:a': '32k'}",45.359375,-3.853,-3.465,0.6065400569932535,-1.2723615938520323
"{'ar': '44100', 'sample_fmt': 'fltp', 'compression_level': '8', 'reservoir': '0', 'aq': '9'}",103.8740234375,-3.314,-1.668,0.5916475789854303,0.4580846528545017
"{'ar': '44100', 'sample_fmt': 's16p', 'compression_level': '8', 'reservoir': '1', 'b:a': '298k'}",445.9951171875,-2.585,-0.699,0.9769345680251718,1.8879003386780713
"{'ar': '44100', 'sample_fmt': 's32p', 'compression_level': '4', 'reservoir': '1', 'b:a': '32k', 'abr': 'True'}",47.66015625,-3.348,-1.73,1.183497637975961,0.4052614755327491
"{'ar': '44100', 'sample_fmt': 's16p', 'compression_level': '1', 'reservoir': '0', 'b:a': '32k'}",44.771484375,-3.131,-1.373,1.184795712993946,1.0279900450098598
"{'ar': '44100', 'sample_fmt': 's32p', 'compression_level': '7', 'reservoir': '1', 'b:a': '293k'}",445.9951171875,-2.585,-0.698,0.7365394659864251,1.905984093633746
"{'ar': '44100', 'sample_fmt': 's32p', 'compression_level': '5', 'reservoir': '1', 'b:a': '293k'}",445.9951171875,-2.592,-0.706,0.7139088129915763,1.888823558453751
"{'ar': '44100', 'sample_fmt': 's32p', 'compression_level': '4', 'reservoir': '1', 'b:a': '143k', 'abr': 'True'}",188.6884765625,-2.772,-0.907,0.8354502319998574,1.8076192299024545
"{'ar': '11025', 'sample_fmt': 'fltp', 'compression_level': '1', 'reservoir': '1', 'aq': '9'}",46.904296875,-3.834,-3.322,0.5828309209900908,-1.1836949889589246
"{'ar': '44100', 'sample_fmt': 's16p', 'compression_level': '1', 'reservoir': '0', 'aq': '9'}",112.5185546875,-3.341,-1.719,0.6569581219810061,0.3604668889284363
"{'ar': '44100', 'sample_fmt': 's16p', 'compression_level': '4', 'reservoir': '1', 'b:a': '153k', 'abr': 'True'}",205.8154296875,-2.685,-0.808,0.8180434599635191,2.0155119160542347
"{'ar': '44100', 'sample_fmt': 's16p', 'compression_level': '5', 'reservoir': '1', 'b:a': '295k'}",445.9951171875,-2.586,-0.699,0.7068643100210465,1.9055320739037134
"{'ar': '44100', 'sample_fmt': 's32p', 'compression_level': '4', 'reservoir': '1', 'b:a': '143k', 'abr': 'True'}",188.6884765625,-2.772,-0.907,0.7576058419945184,1.8133729336777282
"{'ar': '44100', 'sample_fmt': 's32p', 'compression_level': '4', 'reservoir': '1', 'b:a': '162k', 'abr': 'True'}",217.033203125,-2.674,-0.796,0.7496885909931734,2.032079234975486
"{'ar': '44100', 'sample_fmt': 's16p', 'compression_level': '5', 'reservoir': '1', 'b:a': '176k'}",223.037109375,-2.666,-0.787,0.7250753479893319,2.0457968785437015
"{'ar': '44100', 'sample_fmt': 'fltp', 'compression_level': '8', 'reservoir': '0', 'b:a': '142k'}",178.4443359375,-2.892,-1.051,0.6267634829855524,1.5143715318144892
"{'ar': '44100', 'sample_fmt': 's32p', 'compression_level': '3', 'reservoir': '1', 'b:a': '144k', 'abr': 'True'}",193.251953125,-2.791,-0.929,0.7638135770102963,1.754423420117528
"{'ar': '44100', 'sample_fmt': 's32p', 'compression_level': '8', 'reservoir': '0', 'b:a': '210k'}",312.220703125,-2.606,-0.721,0.6166700799949467,2.0721188461946447
"{'ar': '44100', 'sample_fmt': 's16p', 'compression_level': '8', 'reservoir': '1', 'b:a': '211k'}",312.220703125,-2.602,-0.717,0.6261452010076027,2.082000097607419
"{'ar': '44100', 'sample_fmt': 's16p', 'compression_level': '9', 'reservoir': '1', 'b:a': '149k'}",223.037109375,-2.689,-0.812,0.6368954519857652,1.9908394789623096
"{'ar': '44100', 'sample_fmt': 's16p', 'compression_level': '8', 'reservoir': '1', 'b:a': '143k'}",178.4443359375,-2.914,-1.079,0.618274095992092,1.4549075390804274
"{'ar': '44100', 'sample_fmt': 's32p', 'compression_level': '8', 'reservoir': '1', 'b:a': '147k'}",223.037109375,-2.692,-0.815,0.6235447920043953,1.9838900760776628
"{'ar': '44100', 'sample_fmt': 'fltp', 'compression_level': '7', 'reservoir': '1', 'b:a': '138k', 'abr': 'True'}",183.9091796875,-2.852,-1.002,0.6253424170135986,1.6144114846509687
"{'ar': '44100', 'sample_fmt': 's32p', 'compression_level': '4', 'reservoir': '1', 'b:a': '122k', 'abr': 'True'}",162.0029296875,-2.913,-1.077,0.7255097079905681,1.476177269871926
"{'ar': '44100', 'sample_fmt': 's32p', 'compression_level': '6', 'reservoir': '1', 'b:a': '156k', 'abr': 'True'}",212.626953125,-2.677,-0.799,0.7291270170244388,2.0326937087537167
"{'ar': '44100', 'sample_fmt': 's32p', 'compression_level': '4', 'reservoir': '1', 'b:a': '145k', 'abr': 'True'}",194.9853515625,-2.722,-0.85,0.7477208999916911,1.9385338788675375
"{'ar': '44100', 'sample_fmt': 's16p', 'compression_level': '7', 'reservoir': '1', 'b:a': '295k'}",445.9951171875,-2.585,-0.699,0.6294815309811383,1.9135815965160923
"{'ar': '44100', 'sample_fmt': 's32p', 'compression_level': '5', 'reservoir': '1', 'b:a': '160k', 'abr': 'True'}",217.8505859375,-2.68,-0.802,0.7178397729876451,2.017256626834257
"{'ar': '8000', 'sample_fmt': 'fltp', 'compression_level': '3', 'reservoir': '1', 'aq': '9'}",35.8671875,-3.85,-3.441,0.5729044019826688,-1.2401683224561346
"{'ar': '44100', 'sample_fmt': 'fltp', 'compression_level': '3', 'reservoir': '1', 'aq': '9'}",103.837890625,-3.343,-1.721,0.6414042399846949,0.3701771572069515
"{'ar': '44100', 'sample_fmt': 's32p', 'compression_level': '4', 'reservoir': '1', 'b:a': '242k'}",356.8115234375,-2.589,-0.702,0.7578795980371069,2.0361323019376103
"{'ar': '44100', 'sample_fmt': 's32p', 'compression_level': '9', 'reservoir': '1', 'b:a': '146k'}",223.037109375,-2.692,-0.815,0.6685804000298958,1.9805613641704811
"{'ar': '44100', 'sample_fmt': 's32p', 'compression_level': '8', 'reservoir': '0', 'b:a': '114k'}",156.1484375,-3.098,-1.324,0.6500683169870172,0.9821384402615456
"{'ar': '11025', 'sample_fmt': 's16p', 'compression_level': '7', 'reservoir': '1', 'b:a': '100k'}",90.4853515625,-3.849,-3.438,0.5704578039876651,-1.323863445579858
"{'ar': '44100', 'sample_fmt': 's32p', 'compression_level': '4', 'reservoir': '1', 'b:a': '144k', 'abr': 'True'}",193.55859375,-2.716,-0.843,0.7394024659879506,1.957613181185497
"{'ar': '44100', 'sample_fmt': 's16p', 'compression_level': '4', 'reservoir': '1', 'b:a': '294k'}",445.9951171875,-2.592,-0.706,0.7423836279776879,1.8867189026079723
"{'ar': '44100', 'sample_fmt': 's16p', 'compression_level': '8', 'reservoir': '1', 'b:a': '291k'}",445.9951171875,-2.585,-0.699,0.6343704710016027,1.9132202408339307
"{'ar': '44100', 'sample_fmt': 's32p', 'compression_level': '7', 'reservoir': '1', 'b:a': '291k'}",445.9951171875,-2.585,-0.698,0.6322037529898807,1.9136958476306998
"{'ar': '44100', 'sample_fmt': 's32p', 'compression_level': '4', 'reservoir': '1', 'b:a': '144k', 'abr': 'True'}",193.55859375,-2.716,-0.843,0.7555219320347533,1.9564217448772092
"{'ar': '44100', 'sample_fmt': 's32p', 'compression_level': '4', 'reservoir': '1', 'b:a': '164k', 'abr': 'True'}",219.5390625,-2.666,-0.787,0.7492698209825903,2.04959030473476
"{'ar': '44100', 'sample_fmt': 's32p', 'compression_level': '4', 'reservoir': '1', 'b:a': '121k', 'abr': 'True'}",160.4765625,-2.926,-1.093,0.7310668040299788,1.4428655725283182
"{'ar': '44100', 'sample_fmt': 'fltp', 'compression_level': '8', 'reservoir': '1', 'b:a': '144k', 'abr': 'True'}",192.5791015625,-2.807,-0.948,0.619524827983696,1.72288914870959
"{'ar': '44100', 'sample_fmt': 's32p', 'compression_level': '9', 'reservoir': '1', 'b:a': '149k'}",223.037109375,-2.692,-0.815,0.6213925019837916,1.9840491580515363
"{'ar': '44100', 'sample_fmt': 's32p', 'compression_level': '9', 'reservoir': '1', 'b:a': '148k'}",223.037109375,-2.692,-0.815,0.6183868779917248,1.9842713124047149
"{'ar': '44100', 'sample_fmt': 's32p', 'compression_level': '7', 'reservoir': '1', 'b:a': '189k', 'abr': 'True'}",258.0068359375,-2.64,-0.758,0.656827515020268,2.0647679956693956
"{'ar': '44100', 'sample_fmt': 's32p', 'compression_level': '7', 'reservoir': '1', 'b:a': '281k', 'abr': 'True'}",386.671875,-2.596,-0.711,0.6384820280072745,1.9781615246175308
"{'ar': '44100', 'sample_fmt': 's32p', 'compression_level': '4', 'reservoir': '1', 'b:a': '165k'}",223.037109375,-2.656,-0.776,0.7672960039926693,2.0694456487383404
"{'ar': '44100', 'sample_fmt': 's16p', 'compression_level': '1', 'reservoir': '1', 'b:a': '32k'}",44.771484375,-3.133,-1.376,1.020308988983743,1.0345414831209785
"{'ar': '44100', 'sample_fmt': 's16p', 'compression_level': '1', 'reservoir': '0', 'b:a': '32k'}",44.771484375,-3.131,-1.373,1.0277405329979956,1.0395984471311561
"{'ar': '44100', 'sample_fmt': 's16p', 'compression_level': '1', 'reservoir': '1', 'aq': '6'}",137.603515625,-3.069,-1.283,0.6791996549582109,1.0900787264113505
"{'ar': '44100', 'sample_fmt': 's32p', 'compression_level': '4', 'reservoir': '1', 'b:a': '122k', 'abr': 'True'}",162.0029296875,-2.913,-1.077,0.7422138779948,1.474942616404803
"{'ar': '44100', 'sample_fmt': 's32p', 'compression_level': '4', 'reservoir': '1', 'b:a': '136k', 'abr': 'True'}",180.0263671875,-2.825,-0.969,0.74422135198256,1.68513891466532
"{'ar': '44100', 'sample_fmt': 's32p', 'compression_level': '4', 'reservoir': '1', 'b:a': '165k', 'abr': 'True'}",220.66796875,-2.657,-0.777,0.804812549991766,2.067807650029287
"{'ar': '44100', 'sample_fmt': 's32p', 'compression_level': '3', 'reservoir': '1', 'b:a': '161k', 'abr': 'True'}",216.982421875,-2.684,-0.807,0.8127022399858106,2.0007333230963216
"{'ar': '44100', 'sample_fmt': 's32p', 'compression_level': '9', 'reservoir': '1', 'b:a': '148k'}",223.037109375,-2.692,-0.815,0.6307149200001732,1.98336011120138
"{'ar': '44100', 'sample_fmt': 's32p', 'compression_level': '7', 'reservoir': '1', 'b:a': '164k', 'abr': 'True'}",221.1787109375,-2.699,-0.824,0.6310368900012691,1.9671530035451361
"{'ar': '44100', 'sample_fmt': 's16p', 'compression_level': '0', 'reservoir': '1', 'aq': '3'}",239.55859375,-2.651,-0.77,0.6980380410095677,2.061744396642889
"{'ar': '44100', 'sample_fmt': 's16p', 'compression_level': '8', 'reservoir': '1', 'b:a': '145k'}",223.037109375,-2.689,-0.812,0.6333790999779012,1.991099382698744
"{'ar': '44100', 'sample_fmt': 's16p', 'compression_level': '8', 'reservoir': '1', 'b:a': '211k'}",312.220703125,-2.602,-0.717,0.6994199199834839,2.0765841514207413
"{'ar': '44100', 'sample_fmt': 'fltp', 'compression_level': '3', 'reservoir': '1', 'b:a': '119k', 'abr': 'True'}",157.3232421875,-2.992,-1.179,0.771107512031449,1.264032369351315
"{'ar': '44100', 'sample_fmt': 's16p', 'compression_level': '8', 'reservoir': '1', 'b:a': '295k'}",445.9951171875,-2.585,-0.699,0.6370545879763085,1.9130218499933116
"{'ar': '44100', 'sample_fmt': 's32p', 'compression_level': '8', 'reservoir': '1', 'b:a': '209k', 'abr': 'True'}",286.587890625,-2.611,-0.727,0.6379699720127974,2.097903441691783
"{'ar': '44100', 'sample_fmt': 's32p', 'compression_level': '3', 'reservoir': '1', 'b:a': '119k', 'abr': 'True'}",157.3232421875,-2.992,-1.179,0.7398898549727164,1.2663397565793697
"{'ar': '44100', 'sample_fmt': 's32p', 'compression_level': '7', 'reservoir': '1', 'b:a': '164k', 'abr': 'True'}",221.1787109375,-2.699,-0.824,0.6350674479617737,1.966855093361085
"{'ar': '44100', 'sample_fmt': 'fltp', 'compression_level': '4', 'reservoir': '1', 'b:a': '140k', 'abr': 'True'}",185.0947265625,-2.802,-0.942,0.7526643500023056,1.7385334138993336
"{'ar': '44100', 'sample_fmt': 's16p', 'compression_level': '8', 'reservoir': '1', 'b:a': '240k'}",312.220703125,-2.602,-0.717,0.6341016730002593,2.0814120117744017
"{'ar': '44100', 'sample_fmt': 's32p', 'compression_level': '9', 'reservoir': '1', 'b:a': '148k'}",223.037109375,-2.692,-0.815,0.6334852169966325,1.9831553505463593
"{'ar': '44100', 'sample_fmt': 's32p', 'compression_level': '7', 'reservoir': '1', 'b:a': '151k'}",223.037109375,-2.692,-0.815,0.6198654650070239,1.984162025766443
"{'ar': '44100', 'sample_fmt': 's16p', 'compression_level': '8', 'reservoir': '1', 'b:a': '295k'}",445.9951171875,-2.585,-0.699,0.6427099069987889,1.9126038490248694
"{'ar': '44100', 'sample_fmt': 's32p', 'compression_level': '4', 'reservoir': '1', 'b:a': '153k', 'abr': 'True'}",205.8154296875,-2.684,-0.806,0.7500546450028196,2.023498020457013
"{'ar': '44100', 'sample_fmt': 's16p', 'compression_level': '8', 'reservoir': '1', 'b:a': '295k'}",445.9951171875,-2.585,-0.699,0.6394825650204439,1.9128423911950068
"{'ar': '44100', 'sample_fmt': 's32p', 'compression_level': '1', 'reservoir': '1', 'aq': '3'}",239.4560546875,-2.652,-0.771,0.6968917149933986,2.0593473466179946
"{'ar': '44100', 'sample_fmt': 's32p', 'compression_level': '8', 'reservoir': '1', 'b:a': '148k'}",223.037109375,-2.692,-0.815,0.6421077470004093,1.9825180344413487
"{'ar': '44100', 'sample_fmt': 's16p', 'compression_level': '4', 'reservoir': '1', 'b:a': '140k', 'abr': 'True'}",185.0390625,-2.792,-0.931,0.7749146560090594,1.763747071535493
"{'ar': '44100', 'sample_fmt': 's16p', 'compression_level': '8', 'reservoir': '1', 'b:a': '295k'}",445.9951171875,-2.585,-0.699,0.6964470240054652,1.9086319834482692
"{'ar': '44100', 'sample_fmt': 's32p', 'compression_level': '4', 'reservoir': '1', 'b:a': '161k', 'abr': 'True'}",216.009765625,-2.679,-0.801,0.7744873859919608,2.0186523661561777
"{'ar': '44100', 'sample_fmt': 's16p', 'compression_level': '4', 'reservoir': '1', 'b:a': '144k', 'abr': 'True'}",193.607421875,-2.719,-0.846,0.7523618800041731,1.948641211405053
"{'ar': '44100', 'sample_fmt': 's32p', 'compression_level': '8', 'reservoir': '1', 'b:a': '295k'}",445.9951171875,-2.585,-0.698,0.6389829799882136,1.9131947753765388
"{'ar': '44100', 'sample_fmt': 's32p', 'compression_level': '4', 'reservoir': '1', 'b:a': '136k'}",178.4443359375,-2.838,-0.985,0.749929569021333,1.6519048687064601
"{'ar': '44100', 'sample_fmt': 's16p', 'compression_level': '4', 'reservoir': '1', 'b:a': '140k', 'abr': 'True'}",185.0390625,-2.792,-0.931,0.7528827899950556,1.7653755104076123
"{'ar': '44100', 'sample_fmt': 's32p', 'compression_level': '8', 'reservoir': '1', 'b:a': '290k'}",445.9951171875,-2.585,-0.698,0.6461535499838647,1.9126647778307684
"{'ar': '44100', 'sample_fmt': 's32p', 'compression_level': '5', 'reservoir': '1', 'b:a': '148k', 'abr': 'True'}",202.1337890625,-2.704,-0.829,0.7340651059930678,1.9767002169868308
"{'ar': '44100', 'sample_fmt': 's32p', 'compression_level': '1', 'reservoir': '1', 'aq': '6'}",137.603515625,-3.079,-1.298,0.688791114022024,1.0613385394616803
"{'ar': '44100', 'sample_fmt': 's16p', 'compression_level': '8', 'reservoir': '1', 'b:a': '149k'}",223.037109375,-2.689,-0.812,0.6452032489760313,1.990225425683662
"{'ar': '44100', 'sample_fmt': 's32p', 'compression_level': '1', 'reservoir': '0', 'aq': '6'}",147.712890625,-3.079,-1.298,0.6629840149835218,1.047114844824255
"{'ar': '44100', 'sample_fmt': 's16p', 'compression_level': '4', 'reservoir': '1', 'b:a': '169k', 'abr': 'True'}",225.6767578125,-2.654,-0.774,0.8485734920250252,2.0645169936726324
"{'ar': '44100', 'sample_fmt': 's16p', 'compression_level': '8', 'reservoir': '1', 'b:a': '289k'}",445.9951171875,-2.585,-0.699,1.1343841770139989,1.8762627831703174
"{'ar': '44100', 'sample_fmt': 's16p', 'compression_level': '1', 'reservoir': '0', 'aq': '6'}",147.916015625,-3.069,-1.283,0.9251767569803633,1.0554425568543824
"{'ar': '44100', 'sample_fmt': 's32p', 'compression_level': '1', 'reservoir': '1', 'b:a': '32k', 'abr': 'True'}",48.244140625,-3.132,-1.375,1.0778148359968327,1.0273952613949364
"{'ar': '11025', 'sample_fmt': 's16p', 'compression_level': '7', 'reservoir': '1', 'b:a': '100k', 'abr': 'True'}",88.5517578125,-3.849,-3.438,0.6015731980151031,-1.323077907139949
"{'ar': '44100', 'sample_fmt': 'fltp', 'compression_level': '8', 'reservoir': '0', 'aq': '6'}",135.4453125,-3.162,-1.419,0.7418785669724457,0.8293031528673501
"{'ar': '44100', 'sample_fmt': 's32p', 'compression_level': '4', 'reservoir': '1', 'b:a': '161k', 'abr': 'True'}",216.009765625,-2.679,-0.801,0.8137486120103858,2.0157504555066295
"{'ar': '44100', 'sample_fmt': 'fltp', 'compression_level': '8', 'reservoir': '1', 'b:a': '184k'}",267.6279296875,-2.63,-0.747,0.6799796640116256,2.074474135529675
"{'ar': '44100', 'sample_fmt': 's32p', 'compression_level': '3', 'reservoir': '1', 'b:a': '119k', 'abr': 'True'}",157.3232421875,-2.992,-1.179,0.82830245202058,1.259804926087652
"{'ar': '44100', 'sample_fmt': 's32p', 'compression_level': '9', 'reservoir': '1', 'b:a': '147k'}",223.037109375,-2.692,-0.815,0.6670875280105975,1.980671706654671
"{'ar': '44100', 'sample_fmt': 's16p', 'compression_level': '6', 'reservoir': '1', 'b:a': '239k'}",312.220703125,-2.592,-0.706,0.7392079120036215,2.1004127268388935
"{'ar': '44100', 'sample_fmt': 's16p', 'compression_level': '1', 'reservoir': '0', 'b:a': '37k', 'abr': 'True'}",60.7646484375,-3.124,-1.363,1.0683155349688604,1.0305438545958368
"{'ar': '44100', 'sample_fmt': 'fltp', 'compression_level': '1', 'reservoir': '1', 'b:a': '42k'}",55.8935546875,-3.225,-1.517,1.0179399010085035,0.7581355786897634
"{'ar': '11025', 'sample_fmt': 's16p', 'compression_level': '7', 'reservoir': '1', 'b:a': '96k', 'abr': 'True'}",88.5517578125,-3.849,-3.438,0.5491234769870061,-1.3192011967197028
"{'ar': '44100', 'sample_fmt': 's32p', 'compression_level': '9', 'reservoir': '1', 'b:a': '148k'}",223.037109375,-2.692,-0.815,0.6301445369899739,1.9834022698576286
"{'ar': '44100', 'sample_fmt': 's16p', 'compression_level': '0', 'reservoir': '1', 'aq': '5'}",164.283203125,-2.881,-1.037,0.6564628870110027,1.564818515410775
"{'ar': '44100', 'sample_fmt': 's16p', 'compression_level': '8', 'reservoir': '1', 'b:a': '147k'}",223.037109375,-2.689,-0.812,0.6238331279892009,1.9918049530688924
"{'ar': '44100', 'sample_fmt': 's32p', 'compression_level': '7', 'reservoir': '1', 'b:a': '164k', 'abr': 'True'}",221.1787109375,-2.699,-0.824,0.6145983860187698,1.9683680208690237
"{'ar': '44100', 'sample_fmt': 's16p', 'compression_level': '8', 'reservoir': '1', 'b:a': '211k'}",312.220703125,-2.602,-0.717,0.6150350399839226,2.082821281708437
"{'ar': '44100', 'sample_fmt': 's16p', 'compression_level': '8', 'reservoir': '1', 'b:a': '218k', 'abr': 'True'}",299.505859375,-2.603,-0.718,0.6188765600090846,2.100180573778519
"{'ar': '44100', 'sample_fmt': 's32p', 'compression_level': '7', 'reservoir': '1', 'b:a': '164k'}",223.037109375,-2.692,-0.815,0.6261628400243353,1.9836965685843786
"{'ar': '44100', 'sample_fmt': 's16p', 'compression_level': '8', 'reservoir': '1', 'b:a': '167k', 'abr': 'True'}",225.3603515625,-2.69,-0.813,0.6160515579977073,1.9860275998111423
"{'ar': '44100', 'sample_fmt': 'fltp', 'compression_level': '4', 'reservoir': '1', 'b:a': '145k', 'abr': 'True'}",194.986328125,-2.722,-0.85,0.7404989390051924,1.9390661166037035
"{'ar': '44100', 'sample_fmt': 's16p', 'compression_level': '5', 'reservoir': '1', 'b:a': '295k'}",445.9951171875,-2.586,-0.699,0.7005628549959511,1.9059978326509412
"{'ar': '44100', 'sample_fmt': 's16p', 'compression_level': '0', 'reservoir': '1', 'aq': '5'}",164.283203125,-2.881,-1.037,0.6734524710045662,1.5635627661710754
"{'ar': '44100', 'sample_fmt': 's32p', 'compression_level': '8', 'reservoir': '1', 'b:a': '148k'}",223.037109375,-2.692,-0.815,0.6133162199985236,1.9846460993872654
"{'ar': '44100', 'sample_fmt': 's16p', 'compression_level': '8', 'reservoir': '1', 'b:a': '282k'}",356.8115234375,-2.595,-0.709,0.6377431199653074,2.0288241002509917
"{'ar': '44100', 'sample_fmt': 's32p', 'compression_level': '9', 'reservoir': '1', 'b:a': '145k', 'abr': 'True'}",193.97265625,-2.802,-0.942,0.6153671120118815,1.73451525125301
"{'ar': '44100', 'sample_fmt': 's32p', 'compression_level': '9', 'reservoir': '1', 'b:a': '148k'}",223.037109375,-2.692,-0.815,0.6212668140069582,1.984058448013045
"{'ar': '44100', 'sample_fmt': 's16p', 'compression_level': '8', 'reservoir': '1', 'b:a': '166k', 'abr': 'True'}",224.13671875,-2.693,-0.816,0.6879923430096824,1.9747265673721317
"{'ar': '44100', 'sample_fmt': 's32p', 'compression_level': '4', 'reservoir': '1', 'b:a': '144k', 'abr': 'True'}",193.55859375,-2.716,-0.843,0.8307850410055835,1.9508588310410984
"{'ar': '44100', 'sample_fmt': 's32p', 'compression_level': '9', 'reservoir': '1', 'b:a': '148k'}",223.037109375,-2.692,-0.815,0.6146803849842399,1.9845452700117912
"{'ar': '44100', 'sample_fmt': 'fltp', 'compression_level': '9', 'reservoir': '1', 'b:a': '187k', 'abr': 'True'}",255.162109375,-2.644,-0.763,0.6217889319814276,2.060999984678548
"{'ar': '44100', 'sample_fmt': 's16p', 'compression_level': '0', 'reservoir': '1', 'aq': '9'}",103.81640625,-3.341,-1.719,0.6328893889731262,0.3761315887946265
"{'ar': '44100', 'sample_fmt': 's32p', 'compression_level': '7', 'reservoir': '0', 'b:a': '144k', 'abr': 'True'}",224.6748046875,-2.807,-0.948,0.6290822579758242,1.6709687539208713
"{'ar': '44100', 'sample_fmt': 's32p', 'compression_level': '9', 'reservoir': '1', 'b:a': '148k'}",223.037109375,-2.692,-0.815,0.6486947909870651,1.9820311669888409
"{'ar': '44100', 'sample_fmt': 's16p', 'compression_level': '8', 'reservoir': '1', 'b:a': '152k', 'abr': 'True'}",204.1826171875,-2.757,-0.89,0.6485679720062762,1.837020646368423
"{'ar': '44100', 'sample_fmt': 's16p', 'compression_level': '1', 'reservoir': '0', 'aq': '6'}",147.916015625,-3.069,-1.283,0.6977942090015858,1.0722490579348984
"{'ar': '44100', 'sample_fmt': 's16p', 'compression_level': '8', 'reservoir': '1', 'b:a': '295k'}",445.9951171875,-2.585,-0.699,0.6688356049708091,1.9106728232047305
"{'ar': '44100', 'sample_fmt': 's32p', 'compression_level': '4', 'reservoir': '1', 'b:a': '174k', 'abr': 'True'}",231.7841796875,-2.656,-0.775,0.788433253968833,2.054241401415092
"{'ar': '32000', 'sample_fmt': 's16p', 'compression_level': '7', 'reservoir': '0', 'b:a': '98k', 'abr': 'True'}",140.140625,-3.556,-2.188,0.6134657670045272,-0.3292806539789873
"{'ar': '44100', 'sample_fmt': 's16p', 'compression_level': '8', 'reservoir': '1', 'b:a': '239k'}",312.220703125,-2.602,-0.717,0.6226735259988345,2.082256699137768
"{'ar': '44100', 'sample_fmt': 's32p', 'compression_level': '8', 'reservoir': '1', 'b:a': '148k'}",223.037109375,-2.692,-0.815,0.7042598719708622,1.9779241913132921
"{'ar': '44100', 'sample_fmt': 's32p', 'compression_level': '8', 'reservoir': '1', 'b:a': '287k'}",356.8115234375,-2.604,-0.719,0.6843728160019964,2.001253540074036
"{'ar': '44100', 'sample_fmt': 'fltp', 'compression_level': '4', 'reservoir': '1', 'b:a': '142k', 'abr': 'True'}",187.453125,-2.785,-0.922,0.7755957459739875,1.778993386653477
"{'ar': '44100', 'sample_fmt': 's16p', 'compression_level': '8', 'reservoir': '1', 'b:a': '145k', 'abr': 'True'}",194.01953125,-2.798,-0.938,0.678230870020343,1.7403755974751551
"{'ar': '44100', 'sample_fmt': 'fltp', 'compression_level': '4', 'reservoir': '1', 'b:a': '147k', 'abr': 'True'}",197.951171875,-2.707,-0.832,0.7671609110257123,1.9729918758908676
"{'ar': '44100', 'sample_fmt': 's32p', 'compression_level': '4', 'reservoir': '1', 'b:a': '164k', 'abr': 'True'}",219.5390625,-2.666,-0.787,0.7786860049818642,2.0474160695853914
"{'ar': '44100', 'sample_fmt': 's32p', 'compression_level': '4', 'reservoir': '1', 'b:a': '144k', 'abr': 'True'}",193.55859375,-2.716,-0.843,0.8132713759841863,1.9521533166237535
"{'ar': '44100', 'sample_fmt': 's16p', 'compression_level': '9', 'reservoir': '1', 'b:a': '149k'}",223.037109375,-2.689,-0.812,0.7440675480174832,1.9829180797002768
"{'ar': '44100', 'sample_fmt': 's32p', 'compression_level': '0', 'reservoir': '1', 'aq': '5'}",164.3330078125,-2.878,-1.033,0.7025305010029115,1.569585700529114
"{'ar': '44100', 'sample_fmt': 's16p', 'compression_level': '8', 'reservoir': '1', 'b:a': '296k'}",445.9951171875,-2.585,-0.699,0.7010538440081291,1.9082914800717317
"{'ar': '44100', 'sample_fmt': 'fltp', 'compression_level': '4', 'reservoir': '1', 'b:a': '295k'}",445.9951171875,-2.592,-0.706,0.8073496040015016,1.8819170796187124
"{'ar': '44100', 'sample_fmt': 's32p', 'compression_level': '9', 'reservoir': '1', 'b:a': '148k'}",223.037109375,-2.692,-0.815,0.6717484779946972,1.9803272023748117
"{'ar': '44100', 'sample_fmt': 'fltp', 'compression_level': '8', 'reservoir': '0', 'b:a': '150k'}",223.037109375,-2.705,-0.83,0.6606013040000107,1.9461300542013034
"{'ar': '44100', 'sample_fmt': 's16p', 'compression_level': '7', 'reservoir': '1', 'b:a': '296k', 'abr': 'True'}",406.427734375,-2.592,-0.706,0.6444965449918527,1.957090292088488
"{'ar': '44100', 'sample_fmt': 's16p', 'compression_level': '1', 'reservoir': '1', 'b:a': '32k', 'abr': 'True'}",48.26953125,-3.138,-1.383,1.036540613975376,1.0139021491827573
"{'ar': '44100', 'sample_fmt': 's32p', 'compression_level': '7', 'reservoir': '1', 'b:a': '149k', 'abr': 'True'}",199.7421875,-2.772,-0.907,0.6579879989731126,1.8030979609510331
"{'ar': '44100', 'sample_fmt': 's16p', 'compression_level': '4', 'reservoir': '1', 'b:a': '144k'}",178.4443359375,-2.83,-0.976,0.7692166700144298,1.671957931720824
"{'ar': '48000', 'sample_fmt': 's32p', 'compression_level': '5', 'reservoir': '1', 'b:a': '164k', 'abr': 'True'}",222.875,-3.548,-2.167,0.74710759401205,-0.445910692258634
"{'ar': '44100', 'sample_fmt': 'fltp', 'compression_level': '5', 'reservoir': '1', 'b:a': '160k'}",223.037109375,-2.652,-0.771,0.7749587080033962,2.0797763195365944
"{'ar': '44100', 'sample_fmt': 'fltp', 'compression_level': '5', 'reservoir': '1', 'b:a': '187k', 'abr': 'True'}",258.412109375,-2.623,-0.74,0.7224533499975223,2.104557914702234
"{'ar': '44100', 'sample_fmt': 's32p', 'compression_level': '9', 'reservoir': '1', 'b:a': '148k'}",223.037109375,-2.692,-0.815,0.6619573969801422,1.9810508894612362
"{'ar': '44100', 'sample_fmt': 'fltp', 'compression_level': '4', 'reservoir': '1', 'b:a': '142k'}",178.4443359375,-2.838,-0.985,0.7606978590192739,1.6511089532806966
"{'ar': '44100', 'sample_fmt': 's32p', 'compression_level': '4', 'reservoir': '1', 'b:a': '124k', 'abr': 'True'}",164.44140625,-2.894,-1.054,0.7603006919962354,1.5212391392792461
"{'ar': '44100', 'sample_fmt': 's32p', 'compression_level': '4', 'reservoir': '1', 'b:a': '143k', 'abr': 'True'}",188.6884765625,-2.772,-0.907,0.7548475470102858,1.8135768072293483
"{'ar': '44100', 'sample_fmt': 'fltp', 'compression_level': '3', 'reservoir': '1', 'aq': '9'}",103.837890625,-3.343,-1.721,0.6501137099694461,0.3695334151167577
"{'ar': '44100', 'sample_fmt': 's32p', 'compression_level': '8', 'reservoir': '1', 'b:a': '148k'}",223.037109375,-2.692,-0.815,0.6521230090002064,1.9817777774905956
"{'ar': '44100', 'sample_fmt': 'fltp', 'compression_level': '1', 'reservoir': '1', 'aq': '6'}",137.603515625,-3.079,-1.298,0.6877634710108396,1.0614144955257292
"{'ar': '44100', 'sample_fmt': 'fltp', 'compression_level': '4', 'reservoir': '1', 'b:a': '143k', 'abr': 'True'}",188.7431640625,-2.772,-0.907,0.776592366019031,1.811882321922517
"{'ar': '44100', 'sample_fmt': 's32p', 'compression_level': '4', 'reservoir': '1', 'b:a': '144k', 'abr': 'True'}",193.55859375,-2.716,-0.843,0.7558165919908788,1.956399965708513
"{'ar': '32000', 'sample_fmt': 's32p', 'compression_level': '4', 'reservoir': '1', 'b:a': '158k', 'abr': 'True'}",210.03125,-3.206,-1.488,0.8121241799963173,0.5808130609609007
"{'ar': '11025', 'sample_fmt': 'fltp', 'compression_level': '3', 'reservoir': '1', 'aq': '9'}",46.904296875,-3.834,-3.322,0.628806459979387,-1.1870931738793127
"{'ar': '44100', 'sample_fmt': 's32p', 'compression_level': '8', 'reservoir': '1', 'b:a': '148k'}",223.037109375,-2.692,-0.815,0.6372516940173227,1.9828769593475595
"{'ar': '44100', 'sample_fmt': 's32p', 'compression_level': '4', 'reservoir': '1', 'b:a': '144k', 'abr': 'True'}",193.55859375,-2.716,-0.843,0.8245494700095151,1.9513197201093873
"{'ar': '44100', 'sample_fmt': 's32p', 'compression_level': '8', 'reservoir': '1', 'b:a': '148k'}",223.037109375,-2.692,-0.815,0.6627681289974134,1.980990965915452
"{'ar': '44100', 'sample_fmt': 's16p', 'compression_level': '1', 'reservoir': '0', 'b:a': '32k', 'abr': 'True'}",53.09375,-3.138,-1.383,1.0477348109998275,1.0053769186206554
"{'ar': '44100', 'sample_fmt': 'fltp', 'compression_level': '1', 'reservoir': '1', 'b:a': '32k'}",44.771484375,-3.12,-1.357,1.0278280079946853,1.070268632345437
"{'ar': '44100', 'sample_fmt': 's16p', 'compression_level': '8', 'reservoir': '1', 'b:a': '211k'}",312.220703125,-2.602,-0.717,0.6472603779984638,2.080439413869521
"{'ar': '44100', 'sample_fmt': 's32p', 'compression_level': '7', 'reservoir': '1', 'b:a': '281k', 'abr': 'True'}",386.671875,-2.596,-0.711,0.6529739419929683,1.9770903853844441
"{'ar': '44100', 'sample_fmt': 'fltp', 'compression_level': '1', 'reservoir': '1', 'b:a': '32k'}",44.771484375,-3.12,-1.357,1.0370557330024894,1.0695865845291337
"{'ar': '44100', 'sample_fmt': 's16p', 'compression_level': '8', 'reservoir': '1', 'b:a': '295k'}",445.9951171875,-2.585,-0.699,0.7004016360151581,1.908339686648868
"{'ar': '44100', 'sample_fmt': 's16p', 'compression_level': '0', 'reservoir': '1', 'aq': '5'}",164.283203125,-2.881,-1.037,1.1602438859990798,1.5275826062387712
"{'ar': '44100', 'sample_fmt': 's16p', 'compression_level': '8', 'reservoir': '1', 'b:a': '240k'}",312.220703125,-2.602,-0.717,0.8819180989812594,2.0630951837326643
"{'ar': '44100', 'sample_fmt': 's32p', 'compression_level': '7', 'reservoir': '1', 'b:a': '161k'}",223.037109375,-2.692,-0.815,0.7313013440289069,1.9759254779845774
"{'ar': '44100', 'sample_fmt': 's16p', 'compression_level': '8', 'reservoir': '1', 'b:a': '295k'}",445.9951171875,-2.585,-0.699,0.6687045719882008,1.9106825082310588
"{'ar': '44100', 'sample_fmt': 's32p', 'compression_level': '8', 'reservoir': '1', 'b:a': '143k'}",178.4443359375,-2.916,-1.081,0.7632210290175863,1.438903299984882
"{'ar': '44100', 'sample_fmt': 's32p', 'compression_level': '4', 'reservoir': '1', 'b:a': '136k', 'abr': 'True'}",180.0263671875,-2.825,-0.969,0.7853494090086315,1.682099021142301
"{'ar': '44100', 'sample_fmt': 's16p', 'compression_level': '8', 'reservoir': '1', 'b:a': '208k'}",267.6279296875,-2.632,-0.749,0.7230502069869544,2.065999874766577
"{'ar': '44100', 'sample_fmt': 's32p', 'compression_level': '7', 'reservoir': '1', 'b:a': '200k'}",267.6279296875,-2.63,-0.747,0.6690883170231245,2.07527914645315
"{'ar': '44100', 'sample_fmt': 'fltp', 'compression_level': '4', 'reservoir': '1', 'b:a': '144k', 'abr': 'True'}",193.609375,-2.716,-0.843,0.8054240350029431,1.9526523064250714
"{'ar': '44100', 'sample_fmt': 's32p', 'compression_level': '8', 'reservoir': '1', 'b:a': '148k'}",223.037109375,-2.692,-0.815,0.6764759769721422,1.9799777792665791
"{'ar': '44100', 'sample_fmt': 's32p', 'compression_level': '7', 'reservoir': '1', 'b:a': '145k', 'abr': 'True'}",193.97265625,-2.802,-0.942,0.7058522609586362,1.727827232462376
"{'ar': '44100', 'sample_fmt': 's32p', 'compression_level': '8', 'reservoir': '1', 'b:a': '295k'}",445.9951171875,-2.585,-0.698,0.6489779749826994,1.9124560164187043
"{'ar': '44100', 'sample_fmt': 's32p', 'compression_level': '7', 'reservoir': '1', 'b:a': '163k', 'abr': 'True'}",219.640625,-2.703,-0.829,0.6374940250243526,1.9582329639420222
"{'ar': '44100', 'sample_fmt': 's32p', 'compression_level': '8', 'reservoir': '1', 'b:a': '148k'}",223.037109375,-2.692,-0.815,0.646089135989314,1.9822237584780489
"{'ar': '44100', 'sample_fmt': 'fltp', 'compression_level': '8', 'reservoir': '1', 'b:a': '113k'}",156.1484375,-3.068,-1.283,0.6524820520135108,1.0647919639935
"{'ar': '44100', 'sample_fmt': 'fltp', 'compression_level': '1', 'reservoir': '1', 'b:a': '32k'}",44.771484375,-3.12,-1.357,1.0271775679721031,1.0703167082467737
"{'ar': '44100', 'sample_fmt': 's16p', 'compression_level': '8', 'reservoir': '1', 'b:a': '255k'}",356.8115234375,-2.595,-0.709,0.6859477119869553,2.025261159580746
"{'ar': '44100', 'sample_fmt': 's16p', 'compression_level': '1', 'reservoir': '0', 'aq': '6'}",147.916015625,-3.069,-1.283,0.6662470260052942,1.0745808013770728
"{'ar': '44100', 'sample_fmt': 's16p', 'compression_level': '8', 'reservoir': '1', 'b:a': '109k'}",156.1484375,-3.065,-1.278,0.6363543519983068,1.0745511144518884
"{'ar': '44100', 'sample_fmt': 's32p', 'compression_level': '8', 'reservoir': '1', 'b:a': '110k'}",156.1484375,-3.068,-1.283,0.6412965490017086,1.0656187168385403
"{'ar': '44100', 'sample_fmt': 's32p', 'compression_level': '4', 'reservoir': '1', 'b:a': '294k', 'abr': 'True'}",392.0634765625,-2.591,-0.705,0.7841926219989546,1.972330885471294
"{'ar': '44100', 'sample_fmt': 's32p', 'compression_level': '4', 'reservoir': '1', 'b:a': '136k', 'abr': 'True'}",180.0263671875,-2.825,-0.969,0.7950566200015601,1.6813815331314943
"{'ar': '44100', 'sample_fmt': 's16p', 'compression_level': '7', 'reservoir': '1', 'b:a': '138k', 'abr': 'True'}",183.8095703125,-2.848,-0.997,0.6658864140044898,1.6224707472378432
"{'ar': '44100', 'sample_fmt': 's16p', 'compression_level': '8', 'reservoir': '1', 'b:a': '295k'}",445.9951171875,-2.585,-0.699,0.6447081539954524,1.9124561528159603
"{'ar': '44100', 'sample_fmt': 's32p', 'compression_level': '5', 'reservoir': '1', 'b:a': '165k', 'abr': 'True'}",224.142578125,-2.657,-0.777,0.7346994500258006,2.067445600616274
"{'ar': '44100', 'sample_fmt': 's16p', 'compression_level': '9', 'reservoir': '1', 'b:a': '210k'}",312.220703125,-2.602,-0.717,0.6433605029596947,2.080727664901254
"{'ar': '44100', 'sample_fmt': 's16p', 'compression_level': '8', 'reservoir': '1', 'b:a': '109k'}",156.1484375,-3.065,-1.278,0.6475661549775396,1.0737224177002689
"{'ar': '44100', 'sample_fmt': 's16p', 'compression_level': '1', 'reservoir': '0', 'b:a': '32k', 'abr': 'True'}",53.09375,-3.138,-1.383,1.0425177429860923,1.0057625271908353
"{'ar': '44100', 'sample_fmt': 's32p', 'compression_level': '7', 'reservoir': '0', 'b:a': '189k'}",267.6279296875,-2.62,-0.736,0.703416128992103,2.099511299554573
"{'ar': '32000', 'sample_fmt': 's16p', 'compression_level': '9', 'reservoir': '1', 'b:a': '210k'}",313.109375,-3.179,-1.445,0.6767875239893328,0.5028111015370088
"{'ar': '44100', 'sample_fmt': 's32p', 'compression_level': '0', 'reservoir': '1', 'aq': '5'}",164.3330078125,-2.878,-1.033,0.6979635199822951,1.5699232592913848
"{'ar': '44100', 'sample_fmt': 's32p', 'compression_level': '8', 'reservoir': '1', 'b:a': '247k'}",356.8115234375,-2.604,-0.719,0.6582598280219827,2.0031836264619436
"{'ar': '44100', 'sample_fmt': 's32p', 'compression_level': '3', 'reservoir': '1', 'aq': '9'}",103.837890625,-3.343,-1.721,0.6573165189765859,0.3690010346925022
"{'ar': '44100', 'sample_fmt': 'fltp', 'compression_level': '4', 'reservoir': '1', 'b:a': '186k', 'abr': 'True'}",252.51953125,-2.629,-0.747,0.7453503310389351,2.096080275156755
"{'ar': '44100', 'sample_fmt': 's16p', 'compression_level': '8', 'reservoir': '1', 'b:a': '288k'}",356.8115234375,-2.602,-0.717,0.6442537060356699,2.009509651896083
"{'ar': '44100', 'sample_fmt': 's32p', 'compression_level': '6', 'reservoir': '1', 'b:a': '156k', 'abr': 'True'}",212.626953125,-2.677,-0.799,0.7570167779922485,2.0306322959407836
"{'ar': '44100', 'sample_fmt': 's16p', 'compression_level': '8', 'reservoir': '1', 'b:a': '211k'}",312.220703125,-2.602,-0.717,0.6567655120161362,2.0797368619518015
"{'ar': '44100', 'sample_fmt': 's32p', 'compression_level': '4', 'reservoir': '1', 'b:a': '141k'}",178.4443359375,-2.838,-0.985,0.7533082319714595,1.6516551419660979
"{'ar': '44100', 'sample_fmt': 's16p', 'compression_level': '8', 'reservoir': '1', 'b:a': '282k', 'abr': 'True'}",388.09375,-2.598,-0.712,0.654343129019253,1.96974501511897
"{'ar': '44100', 'sample_fmt': 'fltp', 'compression_level': '8', 'reservoir': '0', 'b:a': '152k'}",223.037109375,-2.705,-0.83,0.6444793139817193,1.9473216770636164
"{'ar': '44100', 'sample_fmt': 's32p', 'compression_level': '4', 'reservoir': '0', 'b:a': '114k', 'abr': 'True'}",160.77734375,-2.974,-1.155,0.8346722550340928,1.3033324108015891
"{'ar': '44100', 'sample_fmt': 's16p', 'compression_level': '4', 'reservoir': '1', 'b:a': '144k', 'abr': 'True'}",193.607421875,-2.719,-0.846,0.7709938150073867,1.9472640712571079
"{'ar': '44100', 'sample_fmt': 's32p', 'compression_level': '8', 'reservoir': '1', 'b:a': '161k'}",223.037109375,-2.692,-0.815,0.6848781979933847,1.9793567468349897
"{'ar': '44100', 'sample_fmt': 's16p', 'compression_level': '0', 'reservoir': '1', 'aq': '5'}",164.283203125,-2.881,-1.037,0.6999095409992151,1.5616072476873355
"{'ar': '44100', 'sample_fmt': 's16p', 'compression_level': '8', 'reservoir': '0', 'b:a': '209k'}",312.220703125,-2.606,-0.722,0.7268636820081156,2.0636586602873255
"{'ar': '44100', 'sample_fmt': 's16p', 'compression_level': '8', 'reservoir': '1', 'b:a': '211k'}",312.220703125,-2.602,-0.717,0.6673212609894108,2.07895665604725
"{'ar': '44100', 'sample_fmt': 's32p', 'compression_level': '5', 'reservoir': '1', 'b:a': '106k', 'abr': 'True'}",140.9169921875,-3.135,-1.378,0.7445707939914428,0.8962153133196624
"{'ar': '44100', 'sample_fmt': 's32p', 'compression_level': '9', 'reservoir': '1', 'b:a': '146k'}",223.037109375,-2.692,-0.815,0.7317488190019503,1.9758924038164638
"{'ar': '44100', 'sample_fmt': 's32p', 'compression_level': '7', 'reservoir': '1', 'b:a': '168k', 'abr': 'True'}",226.8955078125,-2.684,-0.807,0.6540309569681995,1.996643215681191
"{'ar': '44100', 'sample_fmt': 's32p', 'compression_level': '8', 'reservoir': '1', 'b:a': '148k'}",223.037109375,-2.692,-0.815,0.6684699719771743,1.9805695262269092
"{'ar': '44100', 'sample_fmt': 's32p', 'compression_level': '6', 'reservoir': '1', 'b:a': '143k', 'abr': 'True'}",191.4091796875,-2.771,-0.906,0.8153287069872022,1.8074105365137458
"{'ar': '44100', 'sample_fmt': 's32p', 'compression_level': '3', 'reservoir': '1', 'b:a': '107k'}",156.1484375,-3.034,-1.236,0.7659058719873428,1.1504529134132049
"{'ar': '44100', 'sample_fmt': 'fltp', 'compression_level': '8', 'reservoir': '0', 'b:a': '138k'}",178.4443359375,-2.892,-1.051,0.6605773649935145,1.5118722500993582
"{'ar': '44100', 'sample_fmt': 'fltp', 'compression_level': '4', 'reservoir': '1', 'b:a': '143k', 'abr': 'True'}",188.7431640625,-2.772,-0.907,0.7921534989727661,1.810732153626288
"{'ar': '44100', 'sample_fmt': 's32p', 'compression_level': '4', 'reservoir': '1', 'b:a': '165k', 'abr': 'True'}",220.66796875,-2.657,-0.777,0.7781845559948124,2.0697758019998753
"{'ar': '44100', 'sample_fmt': 's16p', 'compression_level': '8', 'reservoir': '1', 'b:a': '295k'}",445.9951171875,-2.585,-0.699,0.6562221419881098,1.9116051206969178
"{'ar': '44100', 'sample_fmt': 's32p', 'compression_level': '7', 'reservoir': '1', 'b:a': '170k', 'abr': 'True'}",229.6513671875,-2.677,-0.798,0.6717795260192361,2.010082630931791
"{'ar': '44100', 'sample_fmt': 'fltp', 'compression_level': '1', 'reservoir': '1', 'b:a': '32k'}",44.771484375,-3.12,-1.357,1.0462356040079612,1.068908073740404
"{'ar': '44100', 'sample_fmt': 's32p', 'compression_level': '4', 'reservoir': '1', 'b:a': '122k', 'abr': 'True'}",162.0029296875,-2.913,-1.077,0.7492712749808561,1.474420983803154
"{'ar': '44100', 'sample_fmt': 's32p', 'compression_level': '7', 'reservoir': '1', 'b:a': '186k', 'abr': 'True'}",253.537109375,-2.645,-0.764,0.668426107004052,2.057500455068613
"{'ar': '44100', 'sample_fmt': 's32p', 'compression_level': '4', 'reservoir': '1', 'b:a': '144k', 'abr': 'True'}",193.55859375,-2.716,-0.843,0.7909725369827356,1.95380148824072
"{'ar': '44100', 'sample_fmt': 's32p', 'compression_level': '1', 'reservoir': '1', 'b:a': '32k'}",44.771484375,-3.12,-1.357,1.0626365770003758,1.067695830440429
"{'ar': '44100', 'sample_fmt': 's32p', 'compression_level': '8', 'reservoir': '1', 'b:a': '123k', 'abr': 'True'}",162.359375,-3.041,-1.245,0.665794548986014,1.1287931668569275
"{'ar': '11025', 'sample_fmt': 's32p', 'compression_level': '8', 'reservoir': '1', 'b:a': '123k'}",90.689453125,-3.849,-3.437,0.5799447909812443,-1.3245748754297946
"{'ar': '44100', 'sample_fmt': 's16p', 'compression_level': '9', 'reservoir': '1', 'b:a': '148k'}",223.037109375,-2.689,-0.812,0.6515040470112581,1.9897597154964535
"{'ar': '44100', 'sample_fmt': 'fltp', 'compression_level': '4', 'reservoir': '1', 'b:a': '278k'}",356.8115234375,-2.589,-0.703,0.7584886130061932,2.0357718294732776
"{'ar': '44100', 'sample_fmt': 's16p', 'compression_level': '4', 'reservoir': '1', 'b:a': '144k', 'abr': 'True'}",193.607421875,-2.719,-0.846,0.7539368589932565,1.9485248001575008
"{'ar': '44100', 'sample_fmt': 's32p', 'compression_level': '1', 'reservoir': '1', 'aq': '9'}",103.837890625,-3.343,-1.721,0.6649524350068532,0.36843664207682353
"{'ar': '44100', 'sample_fmt': 'fltp', 'compression_level': '3', 'reservoir': '1', 'b:a': '122k', 'abr': 'True'}",162.0029296875,-3.01,-1.203,0.8053004660177976,1.2045279747419295
"{'ar': '44100', 'sample_fmt': 's16p', 'compression_level': '8', 'reservoir': '1', 'b:a': '295k'}",445.9951171875,-2.585,-0.699,0.7386048629996367,1.9055159757647162
"{'ar': '44100', 'sample_fmt': 's32p', 'compression_level': '7', 'reservoir': '1', 'b:a': '188k', 'abr': 'True'}",256.3818359375,-2.638,-0.756,0.7122668899828568,2.068554058767293
"{'ar': '44100', 'sample_fmt': 'fltp', 'compression_level': '4', 'reservoir': '1', 'b:a': '149k', 'abr': 'True'}",200.552734375,-2.7,-0.825,0.7739106439985335,1.9868595361398116
"{'ar': '44100', 'sample_fmt': 's32p', 'compression_level': '1', 'reservoir': '1', 'b:a': '119k', 'abr': 'True'}",157.7802734375,-3.046,-1.252,1.2479184539988637,1.079215519402055
"{'ar': '44100', 'sample_fmt': 's32p', 'compression_level': '7', 'reservoir': '1', 'b:a': '189k', 'abr': 'True'}",258.0068359375,-2.64,-0.758,0.6987355379969813,2.0616704526094676
"{'ar': '44100', 'sample_fmt': 's32p', 'compression_level': '8', 'reservoir': '0', 'b:a': '158k'}",223.037109375,-2.706,-0.831,0.7120365890150424,1.9396829274320726
"{'ar': '44100', 'sample_fmt': 's32p', 'compression_level': '4', 'reservoir': '1', 'b:a': '142k', 'abr': 'True'}",187.455078125,-2.785,-0.922,0.8327654479944613,1.7747646922685596
"{'ar': '44100', 'sample_fmt': 's32p', 'compression_level': '8', 'reservoir': '1', 'b:a': '163k'}",223.037109375,-2.692,-0.815,0.7076807419944089,1.9776713449261876
"{'ar': '44100', 'sample_fmt': 's16p', 'compression_level': '8', 'reservoir': '1', 'b:a': '282k'}",356.8115234375,-2.595,-0.709,0.7183032730245031,2.022869666581956
"{'ar': '44100', 'sample_fmt': 's32p', 'compression_level': '4', 'reservoir': '1', 'b:a': '136k', 'abr': 'True'}",180.0263671875,-2.825,-0.969,0.809432993963128,1.6803189337954119
"{'ar': '44100', 'sample_fmt': 's32p', 'compression_level': '5', 'reservoir': '1', 'b:a': '150k', 'abr': 'True'}",204.796875,-2.694,-0.818,0.7553386280196719,1.9976478583978916
"{'ar': '44100', 'sample_fmt': 's16p', 'compression_level': '8', 'reservoir': '1', 'b:a': '149k'}",223.037109375,-2.689,-0.812,0.8919954739685636,1.97198429929613
"{'ar': '44100', 'sample_fmt': 's16p', 'compression_level': '7', 'reservoir': '1', 'b:a': '138k', 'abr': 'True'}",183.8095703125,-2.848,-0.997,1.0217766030109487,1.596165875121447
"{'ar': '44100', 'sample_fmt': 's16p', 'compression_level': '4', 'reservoir': '1', 'b:a': '294k'}",445.9951171875,-2.592,-0.706,0.9240238509955816,1.8732933489251966
"{'ar': '44100', 'sample_fmt': 's16p', 'compression_level': '8', 'reservoir': '1', 'b:a': '159k', 'abr': 'True'}",214.109375,-2.715,-0.841,0.7059484950150363,1.93025456119627
"{'ar': '44100', 'sample_fmt': 's32p', 'compression_level': '8', 'reservoir': '1', 'b:a': '146k'}",223.037109375,-2.692,-0.815,0.6692660950066056,1.9805106824736252
"{'ar': '44100', 'sample_fmt': 'fltp', 'compression_level': '1', 'reservoir': '1', 'b:a': '39k'}",55.8935546875,-3.225,-1.517,1.0113548430381343,0.7586222993500694
"{'ar': '44100', 'sample_fmt': 's16p', 'compression_level': '1', 'reservoir': '0', 'aq': '9'}",112.5185546875,-3.341,-1.719,0.6629912619828247,0.36002096211980134
"{'ar': '44100', 'sample_fmt': 's16p', 'compression_level': '9', 'reservoir': '1', 'b:a': '209k'}",312.220703125,-2.602,-0.717,0.6888107380073052,2.077368306712917
"{'ar': '44100', 'sample_fmt': 'fltp', 'compression_level': '1', 'reservoir': '1', 'b:a': '32k'}",44.771484375,-3.12,-1.357,1.080293500010157,1.0663907562459478
"{'ar': '44100', 'sample_fmt': 's16p', 'compression_level': '8', 'reservoir': '1', 'b:a': '295k'}",445.9951171875,-2.585,-0.699,0.6691926650237292,1.9106464318645922
"{'ar': '44100', 'sample_fmt': 's16p', 'compression_level': '5', 'reservoir': '1', 'b:a': '164k'}",223.037109375,-2.666,-0.787,0.8011497039988171,2.0401740030950886
"{'ar': '44100', 'sample_fmt': 's32p', 'compression_level': '4', 'reservoir': '1', 'b:a': '161k', 'abr': 'True'}",216.009765625,-2.679,-0.801,0.7844600249954965,2.0179152595942256
"{'ar': '11025', 'sample_fmt': 'fltp', 'compression_level': '3', 'reservoir': '1', 'aq': '9'}",46.904296875,-3.834,-3.322,0.608686924999347,-1.185606080919069
"{'ar': '44100', 'sample_fmt': 'fltp', 'compression_level': '1', 'reservoir': '1', 'b:a': '32k'}",44.771484375,-3.12,-1.357,1.0366249149956275,1.0696184275327512
"{'ar': '44100', 'sample_fmt': 's16p', 'compression_level': '4', 'reservoir': '1', 'aq': '1'}",299.5126953125,-2.614,-0.73,0.7171962559805252,2.063487756007516
"{'ar': '44100', 'sample_fmt': 'fltp', 'compression_level': '1', 'reservoir': '0', 'b:a': '32k'}",44.771484375,-3.13,-1.371,1.0441810289921705,1.0413441372259609
"{'ar': '44100', 'sample_fmt': 's32p', 'compression_level': '8', 'reservoir': '1', 'b:a': '148k'}",223.037109375,-2.692,-0.815,0.6446544420032296,1.9823298008557146
"{'ar': '44100', 'sample_fmt': 's32p', 'compression_level': '4', 'reservoir': '1', 'b:a': '136k', 'abr': 'True'}",180.0263671875,-2.825,-0.969,0.797959698975319,1.6811669581768947
"{'ar': '44100', 'sample_fmt': 's16p', 'compression_level': '4', 'reservoir': '1', 'b:a': '151k', 'abr': 'True'}",203.2119140625,-2.694,-0.818,0.7661527229938656,1.9993776234659866
"{'ar': '11025', 'sample_fmt': 's32p', 'compression_level': '9', 'reservoir': '1', 'b:a': '148k'}",90.7919921875,-3.849,-3.437,0.5894760260125622,-1.3254429745017462
"{'ar': '44100', 'sample_fmt': 's32p', 'compression_level': '9', 'reservoir': '0', 'b:a': '209k'}",312.220703125,-2.606,-0.721,0.6930436870025005,2.066473852240161
"{'ar': '44100', 'sample_fmt': 's32p', 'compression_level': '4', 'reservoir': '1', 'b:a': '148k'}",223.037109375,-2.656,-0.776,0.7797483619942795,2.068525258980774
"{'ar': '44100', 'sample_fmt': 's16p', 'compression_level': '7', 'reservoir': '1', 'b:a': '163k', 'abr': 'True'}",219.642578125,-2.703,-0.828,0.6492108499805909,1.9576792814329096
"{'ar': '44100', 'sample_fmt': 's32p', 'compression_level': '8', 'reservoir': '1', 'b:a': '123k', 'abr': 'True'}",162.359375,-3.041,-1.245,0.6355972570017911,1.1310251359542605
"{'ar': '44100', 'sample_fmt': 's32p', 'compression_level': '9', 'reservoir': '1', 'b:a': '146k'}",223.037109375,-2.692,-0.815,0.6460614679963328,1.9822258034993492
"{'ar': '44100', 'sample_fmt': 's16p', 'compression_level': '6', 'reservoir': '1', 'b:a': '156k'}",223.037109375,-2.666,-0.787,0.7494735090003815,2.0439935399715914
"{'ar': '44100', 'sample_fmt': 'fltp', 'compression_level': '5', 'reservoir': '1', 'b:a': '127k', 'abr': 'True'}",170.6982421875,-2.86,-1.011,0.7387660939712077,1.6056296100055385
"{'ar': '44100', 'sample_fmt': 'fltp', 'compression_level': '8', 'reservoir': '0', 'b:a': '150k'}",223.037109375,-2.705,-0.83,0.6798781249963213,1.9447052486663876
"{'ar': '44100', 'sample_fmt': 's16p', 'compression_level': '9', 'reservoir': '1', 'b:a': '210k'}",312.220703125,-2.602,-0.717,0.6857106669922359,2.077597441918445
"{'ar': '44100', 'sample_fmt': 's32p', 'compression_level': '4', 'reservoir': '1', 'b:a': '160k', 'abr': 'True'}",214.5751953125,-2.68,-0.803,0.7646132770169061,2.0187104284994226
"{'ar': '44100', 'sample_fmt': 'fltp', 'compression_level': '0', 'reservoir': '1', 'aq': '9'}",103.837890625,-3.343,-1.721,0.6860413070244249,0.36687790261550274
"{'ar': '44100', 'sample_fmt': 's16p', 'compression_level': '8', 'reservoir': '1', 'b:a': '186k'}",267.6279296875,-2.634,-0.752,0.6537755899771582,2.06551391096007
"{'ar': '44100', 'sample_fmt': 's32p', 'compression_level': '7', 'reservoir': '1', 'b:a': '281k', 'abr': 'True'}",386.671875,-2.596,-0.711,0.6422994859749451,1.9778793652696443
"{'ar': '44100', 'sample_fmt': 's16p', 'compression_level': '7', 'reservoir': '1', 'b:a': '282k'}",356.8115234375,-2.595,-0.709,0.6390405900019687,2.0287282004918987
"{'ar': '44100', 'sample_fmt': 's32p', 'compression_level': '4', 'reservoir': '1', 'b:a': '136k', 'abr': 'True'}",180.0263671875,-2.825,-0.969,0.8296815860085189,1.6788223018545931
"{'ar': '44100', 'sample_fmt': 's32p', 'compression_level': '7', 'reservoir': '1', 'b:a': '188k', 'abr': 'True'}",256.3818359375,-2.638,-0.756,0.6385107159730978,2.0740055906865567
"{'ar': '44100', 'sample_fmt': 's32p', 'compression_level': '4', 'reservoir': '1', 'b:a': '181k', 'abr': 'True'}",246.6259765625,-2.643,-0.761,0.7455488739942666,2.0684341894605653
"{'ar': '44100', 'sample_fmt': 's32p', 'compression_level': '5', 'reservoir': '1', 'b:a': '143k', 'abr': 'True'}",191.4091796875,-2.771,-0.906,0.7285345539858099,1.8138257431299392
"{'ar': '44100', 'sample_fmt': 's16p', 'compression_level': '1', 'reservoir': '0', 'aq': '6'}",147.916015625,-3.069,-1.283,0.664905027981149,1.074679992328372
"{'ar': '44100', 'sample_fmt': 's16p', 'compression_level': '9', 'reservoir': '1', 'b:a': '295k'}",445.9951171875,-2.585,-0.699,0.6715179110469762,1.9104745662128544
"{'ar': '44100', 'sample_fmt': 'fltp', 'compression_level': '8', 'reservoir': '1', 'b:a': '138k'}",178.4443359375,-2.916,-1.081,0.6543088570178952,1.4469533132891794
"{'ar': '44100', 'sample_fmt': 's16p', 'compression_level': '8', 'reservoir': '1', 'b:a': '295k'}",445.9951171875,-2.585,-0.699,0.6802547650004271,1.9098288000944157
"{'ar': '44100', 'sample_fmt': 'fltp', 'compression_level': '0', 'reservoir': '1', 'aq': '6'}",137.603515625,-3.079,-1.298,0.6850303689716384,1.061616506993994
"{'ar': '44100', 'sample_fmt': 's16p', 'compression_level': '1', 'reservoir': '0', 'aq': '9'}",112.5185546875,-3.341,-1.719,0.6743074239930138,0.359184551890687
"{'ar': '44100', 'sample_fmt': 's32p', 'compression_level': '7', 'reservoir': '1', 'b:a': '164k', 'abr': 'True'}",221.1787109375,-2.699,-0.824,0.6426212310034316,1.9662967714318953
"{'ar': '44100', 'sample_fmt': 's32p', 'compression_level': '9', 'reservoir': '1', 'b:a': '168k', 'abr': 'True'}",226.8955078125,-2.684,-0.807,0.6515404430101626,1.9968272967634855
"{'ar': '44100', 'sample_fmt': 'fltp', 'compression_level': '1', 'reservoir': '1', 'aq': '6'}",137.603515625,-3.079,-1.298,0.681254736991832,1.061895574862273
"{'ar': '44100', 'sample_fmt': 's32p', 'compression_level': '8', 'reservoir': '1', 'b:a': '211k', 'abr': 'True'}",289.4580078125,-2.611,-0.726,0.6704002509941347,2.0912421400672487
"{'ar': '44100', 'sample_fmt': 's16p', 'compression_level': '4', 'reservoir': '1', 'b:a': '295k'}",445.9951171875,-2.592,-0.706,0.7748482690076344,1.8843193471917876
"{'ar': '44100', 'sample_fmt': 's16p', 'compression_level': '9', 'reservoir': '1', 'b:a': '149k'}",223.037109375,-2.689,-0.812,0.7354162339761388,1.9835575233166678
"{'ar': '44100', 'sample_fmt': 's32p', 'compression_level': '9', 'reservoir': '1', 'b:a': '148k'}",223.037109375,-2.692,-0.815,0.6936880660068709,1.9787055840364196
"{'ar': '44100', 'sample_fmt': 's32p', 'compression_level': '3', 'reservoir': '1', 'b:a': '119k', 'abr': 'True'}",157.3232421875,-2.992,-1.179,0.7950526159838773,1.2622625175353914
"{'ar': '44100', 'sample_fmt': 's32p', 'compression_level': '7', 'reservoir': '1', 'b:a': '144k', 'abr': 'True'}",192.5791015625,-2.807,-0.948,0.6526559189951513,1.7204403340497478
"{'ar': '44100', 'sample_fmt': 'fltp', 'compression_level': '4', 'reservoir': '1', 'b:a': '311k', 'abr': 'True'}",405.4091796875,-2.59,-0.704,0.7845788089907728,1.9536524713838894
"{'ar': '44100', 'sample_fmt': 's32p', 'compression_level': '4', 'reservoir': '1', 'b:a': '141k'}",178.4443359375,-2.838,-0.985,0.7635486490034964,1.6508982431563883
"{'ar': '44100', 'sample_fmt': 'fltp', 'compression_level': '1', 'reservoir': '0', 'b:a': '32k'}",44.771484375,-3.13,-1.371,1.052970305987401,1.040694496369042
"{'ar': '44100', 'sample_fmt': 's32p', 'compression_level': '4', 'reservoir': '1', 'b:a': '114k', 'abr': 'True'}",150.2119140625,-2.974,-1.155,0.7743394529970828,1.3246506647289427
"{'ar': '44100', 'sample_fmt': 'fltp', 'compression_level': '4', 'reservoir': '1', 'b:a': '186k', 'abr': 'True'}",252.51953125,-2.629,-0.747,0.762263926997548,2.0948301424122646
"{'ar': '44100', 'sample_fmt': 's32p', 'compression_level': '8', 'reservoir': '1', 'b:a': '163k', 'abr': 'True'}",219.640625,-2.703,-0.829,0.6653454810148105,1.9561743823606368
"{'ar': '44100', 'sample_fmt': 'fltp', 'compression_level': '4', 'reservoir': '1', 'b:a': '186k', 'abr': 'True'}",252.51953125,-2.629,-0.747,0.7613171909761149,2.0949001184069425
"{'ar': '44100', 'sample_fmt': 'fltp', 'compression_level': '4', 'reservoir': '1', 'b:a': '127k', 'abr': 'True'}",168.4091796875,-2.86,-1.011,0.7804657539818436,1.6062000436696924
"{'ar': '44100', 'sample_fmt': 's32p', 'compression_level': '4', 'reservoir': '1', 'b:a': '141k', 'abr': 'True'}",186.2802734375,-2.791,-0.929,0.7693001840088982,1.7651423516733111
"{'ar': '32000', 'sample_fmt': 's16p', 'compression_level': '9', 'reservoir': '0', 'b:a': '32k', 'abr': 'True'}",51.1953125,-3.437,-1.907,0.6308259520155843,0.1772695071251683
"{'ar': '44100', 'sample_fmt': 's32p', 'compression_level': '0', 'reservoir': '1', 'aq': '4'}",205.0185546875,-2.721,-0.849,0.7106655079987831,1.9279085190718814
"{'ar': '32000', 'sample_fmt': 's16p', 'compression_level': '9', 'reservoir': '1', 'aq': '9'}",81.7109375,-3.514,-2.081,0.607394807972014,-0.10398630863234053
"{'ar': '44100', 'sample_fmt': 's16p', 'compression_level': '8', 'reservoir': '1', 'b:a': '295k'}",445.9951171875,-2.585,-0.699,0.6834703789791092,1.909591124774618
"{'ar': '8000', 'sample_fmt': 's32p', 'compression_level': '0', 'reservoir': '1', 'aq': '9'}",35.8671875,-3.85,-3.441,0.612097970006289,-1.2430652323078077
"{'ar': '44100', 'sample_fmt': 'fltp', 'compression_level': '1', 'reservoir': '1', 'b:a': '32k'}",44.771484375,-3.12,-1.357,1.0799910099885892,1.0664131141574036
"{'ar': '44100', 'sample_fmt': 's32p', 'compression_level': '4', 'reservoir': '1', 'b:a': '114k', 'abr': 'True'}",150.2119140625,-2.974,-1.155,0.7994303800223861,1.322796121819162
"{'ar': '44100', 'sample_fmt': 's16p', 'compression_level': '8', 'reservoir': '1', 'b:a': '240k'}",312.220703125,-2.602,-0.717,0.7240582620142959,2.0747630603755236
"{'ar': '44100', 'sample_fmt': 's16p', 'compression_level': '7', 'reservoir': '1', 'b:a': '278k'}",356.8115234375,-2.595,-0.709,0.7142607930290978,2.023168457958052
"{'ar': '44100', 'sample_fmt': 's32p', 'compression_level': '9', 'reservoir': '1', 'b:a': '145k'}",223.037109375,-2.692,-0.815,0.8341399079654366,1.9683243826002506
"{'ar': '44100', 'sample_fmt': 's32p', 'compression_level': '6', 'reservoir': '1', 'b:a': '164k', 'abr': 'True'}",223.013671875,-2.665,-0.786,0.8026843719999306,2.0427433659840033
"{'ar': '44100', 'sample_fmt': 'fltp', 'compression_level': '8', 'reservoir': '1', 'b:a': '36k'}",44.771484375,-3.207,-1.49,0.6968083039973862,0.8500746949015261
"{'ar': '44100', 'sample_fmt': 'fltp', 'compression_level': '8', 'reservoir': '0', 'b:a': '138k', 'abr': 'True'}",207.1474609375,-2.852,-1.002,0.6843633069947828,1.5729685772216457
"{'ar': '44100', 'sample_fmt': 's32p', 'compression_level': '5', 'reservoir': '1', 'b:a': '165k', 'abr': 'True'}",224.142578125,-2.657,-0.777,0.8036738660302944,2.0623475022467552
"{'ar': '44100', 'sample_fmt': 'fltp', 'compression_level': '9', 'reservoir': '1', 'aq': '9'}",97.1474609375,-3.314,-1.668,0.6837703390337992,0.4620089312062678
"{'ar': '44100', 'sample_fmt': 's32p', 'compression_level': '8', 'reservoir': '1', 'b:a': '163k', 'abr': 'True'}",219.640625,-2.703,-0.829,0.6894704620353878,1.9543912353109012
"{'ar': '44100', 'sample_fmt': 's16p', 'compression_level': '8', 'reservoir': '1', 'b:a': '263k'}",356.8115234375,-2.595,-0.709,0.7001031480031088,2.0242148904065487
"{'ar': '44100', 'sample_fmt': 's16p', 'compression_level': '4', 'reservoir': '1', 'b:a': '211k', 'abr': 'True'}",287.51171875,-2.603,-0.718,0.7755595009948593,2.107738310608785
"{'ar': '44100', 'sample_fmt': 's16p', 'compression_level': '8', 'reservoir': '1', 'b:a': '211k', 'abr': 'True'}",289.560546875,-2.609,-0.724,1.0745359730208293,2.066498475751502
"{'ar': '11025', 'sample_fmt': 's32p', 'compression_level': '8', 'reservoir': '0', 'b:a': '99k'}",90.4853515625,-3.85,-3.442,0.9668517500103917,-1.3567538388726081
"{'ar': '44100', 'sample_fmt': 's32p', 'compression_level': '4', 'reservoir': '1', 'b:a': '145k', 'abr': 'True'}",194.9853515625,-2.722,-0.85,0.8512728459900245,1.930880055353901
"{'ar': '44100', 'sample_fmt': 's32p', 'compression_level': '4', 'reservoir': '1', 'b:a': '122k', 'abr': 'True'}",162.0029296875,-2.913,-1.077,0.7992265000066254,1.4707286487896005
"{'ar': '44100', 'sample_fmt': 's16p', 'compression_level': '9', 'reservoir': '1', 'b:a': '295k'}",445.9951171875,-2.585,-0.699,0.7969305499864276,1.9012049557234734
"{'ar': '44100', 'sample_fmt': 's32p', 'compression_level': '5', 'reservoir': '1', 'b:a': '182k', 'abr': 'True'}",251.7060546875,-2.637,-0.755,0.7602340140147135,2.075115044940231
"{'ar': '44100', 'sample_fmt': 'fltp', 'compression_level': '4', 'reservoir': '1', 'b:a': '127k', 'abr': 'True'}",168.4091796875,-2.86,-1.011,0.7698633159743622,1.6069837004956573
"{'ar': '44100', 'sample_fmt': 's32p', 'compression_level': '1', 'reservoir': '0', 'aq': '9'}",112.5185546875,-3.343,-1.721,0.7217046509904321,0.35039049341075273
"{'ar': '44100', 'sample_fmt': 's16p', 'compression_level': '4', 'reservoir': '1', 'b:a': '186k'}",267.6279296875,-2.622,-0.738,0.8453316950181033,2.0837311175522624
"{'ar': '44100', 'sample_fmt': 's16p', 'compression_level': '8', 'reservoir': '1', 'b:a': '240k'}",312.220703125,-2.602,-0.717,0.6630017739662435,2.0792759218131036
"{'ar': '44100', 'sample_fmt': 's16p', 'compression_level': '7', 'reservoir': '1', 'b:a': '145k', 'abr': 'True'}",194.01953125,-2.798,-0.938,0.7017343849875033,1.7386383847769828
"{'ar': '44100', 'sample_fmt': 's32p', 'compression_level': '4', 'reservoir': '1', 'b:a': '144k', 'abr': 'True'}",193.55859375,-2.716,-0.843,0.796258547983598,1.9534107838951698
"{'ar': '44100', 'sample_fmt': 'fltp', 'compression_level': '1', 'reservoir': '1', 'b:a': '32k'}",44.771484375,-3.12,-1.357,1.0421916820050683,1.0692069716994395
"{'ar': '44100', 'sample_fmt': 's16p', 'compression_level': '7', 'reservoir': '1', 'b:a': '138k', 'abr': 'True'}",183.8095703125,-2.848,-0.997,0.633362036984181,1.6248747179136664
"{'ar': '44100', 'sample_fmt': 'fltp', 'compression_level': '1', 'reservoir': '1', 'b:a': '32k'}",44.771484375,-3.12,-1.357,1.0389133070129901,1.069449285867068
"{'ar': '44100', 'sample_fmt': 's32p', 'compression_level': '8', 'reservoir': '0', 'b:a': '123k'}",178.4443359375,-2.892,-1.051,0.6481236029940192,1.512792743630465
"{'ar': '8000', 'sample_fmt': 's32p', 'compression_level': '0', 'reservoir': '1', 'aq': '9'}",35.8671875,-3.85,-3.441,0.6037304280034732,-1.2424467631026659
"{'ar': '44100', 'sample_fmt': 's32p', 'compression_level': '7', 'reservoir': '1', 'b:a': '281k'}",356.8115234375,-2.604,-0.719,0.6770177860453259,2.0017971715884717
"{'ar': '44100', 'sample_fmt': 's32p', 'compression_level': '8', 'reservoir': '1', 'b:a': '156k', 'abr': 'True'}",209.6552734375,-2.74,-0.87,0.66080314698047,1.8733018967507273
"{'ar': '44100', 'sample_fmt': 's32p', 'compression_level': '7', 'reservoir': '1', 'b:a': '163k', 'abr': 'True'}",219.640625,-2.703,-0.829,0.6539123399998061,1.9570194388459758
"{'ar': '44100', 'sample_fmt': 'fltp', 'compression_level': '4', 'reservoir': '1', 'b:a': '161k', 'abr': 'True'}",216.009765625,-2.679,-0.801,0.7869614139781334,2.0177303747074427
"{'ar': '44100', 'sample_fmt': 'fltp', 'compression_level': '1', 'reservoir': '1', 'b:a': '32k'}",44.771484375,-3.12,-1.357,1.0360612210060935,1.0696600917841566
"{'ar': '44100', 'sample_fmt': 's16p', 'compression_level': '8', 'reservoir': '1', 'b:a': '211k'}",312.220703125,-2.602,-0.717,0.6460710770043079,2.0805273185421576
"{'ar': '44100', 'sample_fmt': 's32p', 'compression_level': '7', 'reservoir': '1', 'b:a': '149k', 'abr': 'True'}",199.7421875,-2.772,-0.907,0.6538240560039412,1.8034057300064537
"{'ar': '44100', 'sample_fmt': 's32p', 'compression_level': '4', 'reservoir': '1', 'b:a': '121k', 'abr': 'True'}",160.4765625,-2.926,-1.093,0.747007391997613,1.4416873576156808
"{'ar': '44100', 'sample_fmt': 's32p', 'compression_level': '7', 'reservoir': '1', 'b:a': '168k', 'abr': 'True'}",226.8955078125,-2.684,-0.807,0.6409906420158222,1.9976070630357288
"{'ar': '44100', 'sample_fmt': 's16p', 'compression_level': '2', 'reservoir': '0', 'b:a': '32k', 'abr': 'True'}",52.712890625,-3.293,-1.632,0.742838453996228,0.5888309046428967
"{'ar': '44100', 'sample_fmt': 's32p', 'compression_level': '0', 'reservoir': '1', 'aq': '6'}",137.603515625,-3.079,-1.298,0.8332328780088574,1.0506624313606183
"{'ar': '44100', 'sample_fmt': 's32p', 'compression_level': '4', 'reservoir': '1', 'b:a': '145k', 'abr': 'True'}",194.9853515625,-2.722,-0.85,0.792317912040744,1.9352375848561776
"{'ar': '44100', 'sample_fmt': 's32p', 'compression_level': '4', 'reservoir': '1', 'b:a': '143k', 'abr': 'True'}",188.6884765625,-2.772,-0.907,0.8015791100042406,1.8101227423904522
"{'ar': '44100', 'sample_fmt': 's16p', 'compression_level': '4', 'reservoir': '1', 'b:a': '153k', 'abr': 'True'}",205.8154296875,-2.685,-0.808,0.7812869359913748,2.018228696938894
"{'ar': '44100', 'sample_fmt': 's32p', 'compression_level': '7', 'reservoir': '1', 'b:a': '163k', 'abr': 'True'}",219.640625,-2.703,-0.829,0.6615144319657702,1.9564575462646152
"{'ar': '44100', 'sample_fmt': 's32p', 'compression_level': '7', 'reservoir': '1', 'b:a': '163k', 'abr': 'True'}",219.640625,-2.703,-0.829,0.6534544890164398,1.9570532799349911
"{'ar': '44100', 'sample_fmt': 's16p', 'compression_level': '8', 'reservoir': '1', 'b:a': '282k'}",356.8115234375,-2.595,-0.709,0.6459768679633271,2.028215520147305
"{'ar': '44100', 'sample_fmt': 's32p', 'compression_level': '7', 'reservoir': '1', 'b:a': '171k'}",223.037109375,-2.692,-0.815,0.6520908770035021,1.9817801524593086
"{'ar': '44100', 'sample_fmt': 's32p', 'compression_level': '9', 'reservoir': '1', 'b:a': '213k'}",312.220703125,-2.6,-0.715,0.6489297169900965,2.0856068206928424
"{'ar': '44100', 'sample_fmt': 's16p', 'compression_level': '7', 'reservoir': '1', 'b:a': '115k'}",156.1484375,-3.065,-1.278,0.6350701969931833,1.0746460300585303
"{'ar': '44100', 'sample_fmt': 's16p', 'compression_level': '8', 'reservoir': '1', 'b:a': '295k'}",445.9951171875,-2.585,-0.699,0.6820025510387495,1.9096996161785755
"{'ar': '44100', 'sample_fmt': 's16p', 'compression_level': '8', 'reservoir': '1', 'b:a': '300k'}",445.9951171875,-2.585,-0.699,0.6629016680235509,1.911111417628983
"{'ar': '44100', 'sample_fmt': 's16p', 'compression_level': '7', 'reservoir': '1', 'aq': '7'}",109.8359375,-3.33,-1.699,0.659017276018858,0.3965337325828561
"{'ar': '44100', 'sample_fmt': 's32p', 'compression_level': '7', 'reservoir': '1', 'b:a': '164k', 'abr': 'True'}",221.1787109375,-2.699,-0.824,0.6802449070091825,1.9635158968350346
"{'ar': '44100', 'sample_fmt': 's32p', 'compression_level': '4', 'reservoir': '1', 'b:a': '160k'}",223.037109375,-2.656,-0.776,0.8436082469997928,2.0638051903744223
"{'ar': '44100', 'sample_fmt': 's32p', 'compression_level': '7', 'reservoir': '1', 'b:a': '292k'}",445.9951171875,-2.585,-0.698,0.6600020159967244,1.9116411976964198
"{'ar': '44100', 'sample_fmt': 's32p', 'compression_level': '4', 'reservoir': '1', 'b:a': '164k', 'abr': 'True'}",219.5390625,-2.666,-0.787,0.8021612329757772,2.045680947659139
"{'ar': '44100', 'sample_fmt': 's16p', 'compression_level': '0', 'reservoir': '1', 'b:a': '32k', 'abr': 'True'}",48.26953125,-3.138,-1.383,1.0551605300279334,1.0125258973901807
"{'ar': '44100', 'sample_fmt': 's32p', 'compression_level': '6', 'reservoir': '1', 'b:a': '144k', 'abr': 'True'}",196.4228515625,-2.716,-0.843,0.7377426069870126,1.953165471342244
"{'ar': '44100', 'sample_fmt': 's32p', 'compression_level': '4', 'reservoir': '1', 'b:a': '165k', 'abr': 'True'}",220.66796875,-2.657,-0.777,0.7762794090085663,2.0699166169180274
"{'ar': '44100', 'sample_fmt': 'fltp', 'compression_level': '5', 'reservoir': '1', 'b:a': '160k', 'abr': 'True'}",217.8505859375,-2.68,-0.802,0.7809719709912315,2.01259034367667
"{'ar': '44100', 'sample_fmt': 's32p', 'compression_level': '7', 'reservoir': '1', 'b:a': '192k', 'abr': 'True'}",262.2744140625,-2.63,-0.747,0.7129468989733141,2.0805798473515718
"{'ar': '44100', 'sample_fmt': 'fltp', 'compression_level': '4', 'reservoir': '1', 'b:a': '144k', 'abr': 'True'}",193.609375,-2.716,-0.843,0.7729735089815222,1.9550508185601945
"{'ar': '44100', 'sample_fmt': 's32p', 'compression_level': '7', 'reservoir': '1', 'b:a': '216k', 'abr': 'True'}",296.634765625,-2.606,-0.721,0.6446297399816103,2.094922195784324
"{'ar': '11025', 'sample_fmt': 's16p', 'compression_level': '7', 'reservoir': '1', 'b:a': '101k', 'abr': 'True'}",88.5517578125,-3.849,-3.438,0.5782052080030553,-1.3213507114827712
"{'ar': '44100', 'sample_fmt': 's16p', 'compression_level': '8', 'reservoir': '1', 'b:a': '282k', 'abr': 'True'}",388.09375,-2.598,-0.712,0.6549618639983237,1.969699282629002
"{'ar': '44100', 'sample_fmt': 's32p', 'compression_level': '9', 'reservoir': '1', 'b:a': '148k'}",223.037109375,-2.692,-0.815,0.6448688890086487,1.9823139504579583
"{'ar': '44100', 'sample_fmt': 's32p', 'compression_level': '8', 'reservoir': '0', 'b:a': '148k'}",223.037109375,-2.706,-0.831,0.6452920089650434,1.9446162121836956
"{'ar': '48000', 'sample_fmt': 'fltp', 'compression_level': '1', 'reservoir': '0', 'b:a': '32k'}",44.796875,-3.413,-1.858,1.0960976269852836,0.22446566371966264
"{'ar': '44100', 'sample_fmt': 's16p', 'compression_level': '8', 'reservoir': '1', 'b:a': '211k'}",312.220703125,-2.602,-0.717,0.6433144189941231,2.0807310711002964
"{'ar': '44100', 'sample_fmt': 's32p', 'compression_level': '8', 'reservoir': '1', 'b:a': '148k'}",223.037109375,-2.692,-0.815,0.6380056989728473,1.9828212286628066
"{'ar': '44100', 'sample_fmt': 's16p', 'compression_level': '1', 'reservoir': '0', 'aq': '6'}",147.916015625,-3.069,-1.283,0.690339605032932,1.0728000492522518
"{'ar': '44100', 'sample_fmt': 's32p', 'compression_level': '4', 'reservoir': '1', 'b:a': '155k', 'abr': 'True'}",208.224609375,-2.682,-0.805,0.7838069430144969,2.022134381915802
"{'ar': '44100', 'sample_fmt': 's16p', 'compression_level': '9', 'reservoir': '1', 'b:a': '148k'}",223.037109375,-2.689,-0.812,0.675696241989499,1.9879716004689105
"{'ar': '44100', 'sample_fmt': 's32p', 'compression_level': '4', 'reservoir': '1', 'b:a': '240k', 'abr': 'True'}",327.1806640625,-2.599,-0.714,0.7639073699829169,2.0558828062142056
"{'ar': '44100', 'sample_fmt': 's32p', 'compression_level': '4', 'reservoir': '1', 'b:a': '122k', 'abr': 'True'}",162.0029296875,-2.913,-1.077,0.7497559310286306,1.4743851614743824
"{'ar': '44100', 'sample_fmt': 'fltp', 'compression_level': '4', 'reservoir': '1', 'b:a': '186k', 'abr': 'True'}",252.51953125,-2.629,-0.747,0.7414832150097936,2.096366104875438
"{'ar': '44100', 'sample_fmt': 's32p', 'compression_level': '7', 'reservoir': '1', 'b:a': '163k', 'abr': 'True'}",219.640625,-2.703,-0.829,0.6446560329932254,1.9577035992403884
"{'ar': '44100', 'sample_fmt': 'fltp', 'compression_level': '8', 'reservoir': '0', 'b:a': '150k'}",223.037109375,-2.705,-0.83,0.6419467540108599,1.947508865888199
"{'ar': '44100', 'sample_fmt': 'fltp', 'compression_level': '1', 'reservoir': '1', 'b:a': '32k'}",44.771484375,-3.12,-1.357,1.0383764879661612,1.06948896371381
"{'ar': '44100', 'sample_fmt': 's32p', 'compression_level': '9', 'reservoir': '1', 'b:a': '148k'}",223.037109375,-2.692,-0.815,0.6719543789804447,1.9803119836380607
"{'ar': '44100', 'sample_fmt': 's32p', 'compression_level': '8', 'reservoir': '1', 'b:a': '240k'}",312.220703125,-2.6,-0.715,0.7291609860258177,2.0796766957922017
"{'ar': '48000', 'sample_fmt': 'fltp', 'compression_level': '9', 'reservoir': '1', 'aq': '9'}",102.0546875,-3.349,-1.733,0.6794316719751805,0.3524467060288022
"{'ar': '44100', 'sample_fmt': 's32p', 'compression_level': '6', 'reservoir': '1', 'b:a': '156k'}",223.037109375,-2.652,-0.771,0.7668069660139736,2.0803788383392514
"{'ar': '44100', 'sample_fmt': 'fltp', 'compression_level': '8', 'reservoir': '0', 'b:a': '197k'}",267.6279296875,-2.62,-0.736,0.6960504110029433,2.1000557210523705
"{'ar': '44100', 'sample_fmt': 's32p', 'compression_level': '8', 'reservoir': '0', 'b:a': '148k'}",223.037109375,-2.706,-0.831,0.6422411130333785,1.9448417127167308
"{'ar': '44100', 'sample_fmt': 's16p', 'compression_level': '0', 'reservoir': '1', 'aq': '6'}",137.603515625,-3.069,-1.283,0.6969913189823274,1.0887636931192028
"{'ar': '44100', 'sample_fmt': 's16p', 'compression_level': '1', 'reservoir': '0', 'aq': '9'}",112.5185546875,-3.341,-1.719,0.6637892029830255,0.3599619839950452
"{'ar': '44100', 'sample_fmt': 's16p', 'compression_level': '8', 'reservoir': '1', 'b:a': '240k', 'abr': 'True'}",330.533203125,-2.604,-0.719,0.6570467980054673,2.0452046706783267
"{'ar': '44100', 'sample_fmt': 's32p', 'compression_level': '8', 'reservoir': '1', 'b:a': '195k'}",267.6279296875,-2.63,-0.747,0.6599370659678243,2.075955541858673
"{'ar': '44100', 'sample_fmt': 's32p', 'compression_level': '4', 'reservoir': '1', 'aq': '6'}",137.603515625,-3.079,-1.298,0.6787044340162538,1.0620840751235976
"{'ar': '44100', 'sample_fmt': 's32p', 'compression_level': '0', 'reservoir': '1', 'aq': '9'}",103.837890625,-3.343,-1.721,0.6658888550009578,0.3683674285695309
"{'ar': '44100', 'sample_fmt': 'fltp', 'compression_level': '4', 'reservoir': '1', 'b:a': '133k', 'abr': 'True'}",176.296875,-2.833,-0.979,0.7701732059940696,1.6673776700596123
"{'ar': '44100', 'sample_fmt': 's32p', 'compression_level': '1', 'reservoir': '1', 'aq': '5'}",164.3330078125,-2.878,-1.033,0.9350987729849294,1.5523959076047935
"{'ar': '44100', 'sample_fmt': 's32p', 'compression_level': '4', 'reservoir': '1', 'b:a': '142k', 'abr': 'True'}",187.455078125,-2.785,-0.922,0.8175685310270637,1.7758879403089365
"{'ar': '44100', 'sample_fmt': 's32p', 'compression_level': '8', 'reservoir': '0', 'b:a': '210k'}",312.220703125,-2.606,-0.721,0.7187281250080559,2.0645754412190427
"{'ar': '44100', 'sample_fmt': 's32p', 'compression_level': '8', 'reservoir': '1', 'b:a': '295k'}",445.9951171875,-2.585,-0.698,0.7051837730105035,1.908301683495257
"{'ar': '8000', 'sample_fmt': 'fltp', 'compression_level': '1', 'reservoir': '0', 'aq': '9'}",40.578125,-3.85,-3.441,0.6177866350044496,-1.2510027742098233
"{'ar': '44100', 'sample_fmt': 's32p', 'compression_level': '8', 'reservoir': '1', 'b:a': '295k'}",445.9951171875,-2.585,-0.698,0.6779026169970166,1.9103181125576194
"{'ar': '44100', 'sample_fmt': 's32p', 'compression_level': '4', 'reservoir': '1', 'b:a': '143k', 'abr': 'True'}",188.6884765625,-2.772,-0.907,0.7685428510012571,1.8125645477425572
"{'ar': '44100', 'sample_fmt': 's32p', 'compression_level': '7', 'reservoir': '1', 'b:a': '178k', 'abr': 'True'}",242.26171875,-2.656,-0.776,0.6665973579802085,2.0462125478364643
"{'ar': '44100', 'sample_fmt': 's32p', 'compression_level': '1', 'reservoir': '1', 'b:a': '32k'}",44.771484375,-3.12,-1.357,1.1159498259657994,1.063755294175408
"{'ar': '44100', 'sample_fmt': 's32p', 'compression_level': '7', 'reservoir': '1', 'b:a': '292k'}",445.9951171875,-2.585,-0.698,0.7322874139645137,1.9062983750838216
"{'ar': '44100', 'sample_fmt': 's32p', 'compression_level': '8', 'reservoir': '1', 'b:a': '148k'}",223.037109375,-2.692,-0.815,0.6676317300007213,1.9806314831132588
"{'ar': '44100', 'sample_fmt': 's16p', 'compression_level': '1', 'reservoir': '0', 'b:a': '32k', 'abr': 'True'}",53.09375,-3.138,-1.383,1.051121198979672,1.0051266209010274
"{'ar': '44100', 'sample_fmt': 's32p', 'compression_level': '7', 'reservoir': '1', 'b:a': '160k', 'abr': 'True'}",215.2890625,-2.714,-0.84,0.6536234870145563,1.9348850643704878
"{'ar': '44100', 'sample_fmt': 's16p', 'compression_level': '8', 'reservoir': '1', 'b:a': '145k', 'abr': 'True'}",194.01953125,-2.798,-0.938,0.6613150309713092,1.7416258960129392
"{'ar': '44100', 'sample_fmt': 's32p', 'compression_level': '4', 'reservoir': '1', 'b:a': '182k', 'abr': 'True'}",247.744140625,-2.637,-0.755,0.7624064789852127,2.0812763578243967
"{'ar': '44100', 'sample_fmt': 's32p', 'compression_level': '8', 'reservoir': '1', 'b:a': '148k'}",223.037109375,-2.692,-0.815,0.6732937410124578,1.980212987520556
"{'ar': '44100', 'sample_fmt': 's16p', 'compression_level': '8', 'reservoir': '1', 'b:a': '305k'}",445.9951171875,-2.585,-0.699,0.6995961840148084,1.908399219933346
"{'ar': '44100', 'sample_fmt': 's16p', 'compression_level': '4', 'reservoir': '1', 'b:a': '165k', 'abr': 'True'}",220.66796875,-2.653,-0.773,0.7914400300069246,2.079377636600168
"{'ar': '44100', 'sample_fmt': 's32p', 'compression_level': '4', 'reservoir': '1', 'b:a': '144k', 'abr': 'True'}",193.55859375,-2.716,-0.843,0.7671820030082017,1.95555991534299
"{'ar': '44100', 'sample_fmt': 'fltp', 'compression_level': '4', 'reservoir': '1', 'b:a': '142k', 'abr': 'True'}",187.453125,-2.785,-0.922,0.7863124569703359,1.7782012835807448
"{'ar': '44100', 'sample_fmt': 's32p', 'compression_level': '4', 'reservoir': '1', 'b:a': '143k', 'abr': 'True'}",188.6884765625,-2.772,-0.907,0.7709713070071302,1.8123850535428068
"{'ar': '44100', 'sample_fmt': 's32p', 'compression_level': '7', 'reservoir': '1', 'b:a': '161k', 'abr': 'True'}",216.876953125,-2.712,-0.838,0.6587429269857239,1.9372637233916434
"{'ar': '44100', 'sample_fmt': 's16p', 'compression_level': '1', 'reservoir': '1', 'aq': '6'}",137.603515625,-3.069,-1.283,0.7368366179871373,1.0858186119477122
"{'ar': '44100', 'sample_fmt': 's32p', 'compression_level': '8', 'reservoir': '1', 'b:a': '295k'}",445.9951171875,-2.585,-0.698,0.7382570530171506,1.9058571418138093
"{'ar': '44100', 'sample_fmt': 's32p', 'compression_level': '9', 'reservoir': '1', 'b:a': '148k'}",223.037109375,-2.692,-0.815,0.6730259430187289,1.9802327812440013
"{'ar': '11025', 'sample_fmt': 's16p', 'compression_level': '7', 'reservoir': '1', 'b:a': '100k', 'abr': 'True'}",88.5517578125,-3.849,-3.438,0.598465747985756,-1.3228482265301569
"{'ar': '44100', 'sample_fmt': 's16p', 'compression_level': '4', 'reservoir': '1', 'b:a': '281k'}",356.8115234375,-2.594,-0.708,0.7804221099650022,2.0209236801140156
"{'ar': '44100', 'sample_fmt': 's16p', 'compression_level': '8', 'reservoir': '1', 'b:a': '240k'}",312.220703125,-2.602,-0.717,0.6876692739897408,2.0774526756164025
"{'ar': '44100', 'sample_fmt': 's32p', 'compression_level': '8', 'reservoir': '1', 'b:a': '163k', 'abr': 'True'}",219.640625,-2.703,-0.829,0.6697791560145561,1.95584667663152
"{'ar': '44100', 'sample_fmt': 's32p', 'compression_level': '7', 'reservoir': '1', 'b:a': '164k', 'abr': 'True'}",221.1787109375,-2.699,-0.824,0.7553635479998775,1.9579636610447362
"{'ar': '44100', 'sample_fmt': 's32p', 'compression_level': '9', 'reservoir': '1', 'b:a': '148k'}",223.037109375,-2.692,-0.815,0.7122445419954602,1.9773340212822637
"{'ar': '44100', 'sample_fmt': 'fltp', 'compression_level': '3', 'reservoir': '1', 'b:a': '32k'}",44.771484375,-3.302,-1.648,0.7166976389999036,0.5774180936221514
"{'ar': '44100', 'sample_fmt': 's16p', 'compression_level': '8', 'reservoir': '1', 'b:a': '169k', 'abr': 'True'}",228.224609375,-2.678,-0.8,0.6934925530222245,2.007793530662803
"{'ar': '44100', 'sample_fmt': 's32p', 'compression_level': '8', 'reservoir': '0', 'b:a': '210k'}",312.220703125,-2.606,-0.721,0.6675646739895456,2.0683570797065567
"{'ar': '44100', 'sample_fmt': 's32p', 'compression_level': '4', 'reservoir': '1', 'b:a': '161k', 'abr': 'True'}",216.009765625,-2.679,-0.801,0.8000223700073548,2.0167650017112786
"{'ar': '44100', 'sample_fmt': 's16p', 'compression_level': '8', 'reservoir': '1', 'b:a': '298k'}",445.9951171875,-2.585,-0.699,0.686709071014775,1.909351743688951
"{'ar': '44100', 'sample_fmt': 's32p', 'compression_level': '1', 'reservoir': '1', 'aq': '6'}",137.603515625,-3.079,-1.298,0.7541810960101429,1.0565053769665498
"{'ar': '48000', 'sample_fmt': 'fltp', 'compression_level': '4', 'reservoir': '1', 'b:a': '114k', 'abr': 'True'}",149.375,-3.672,-2.538,0.7725666399928741,-0.7364584565954134
"{'ar': '44100', 'sample_fmt': 's32p', 'compression_level': '8', 'reservoir': '1', 'b:a': '164k'}",223.037109375,-2.692,-0.815,0.6680529250006657,1.9806003513738857
"{'ar': '44100', 'sample_fmt': 's32p', 'compression_level': '0', 'reservoir': '1', 'b:a': '32k'}",44.771484375,-3.12,-1.357,1.0767206739692483,1.0666548341413307
"{'ar': '48000', 'sample_fmt': 's32p', 'compression_level': '7', 'reservoir': '1', 'aq': '9'}",102.0546875,-3.349,-1.733,0.6752955160045531,0.35275242126687767
"{'ar': '44100', 'sample_fmt': 's32p', 'compression_level': '4', 'reservoir': '1', 'b:a': '141k'}",178.4443359375,-2.838,-0.985,0.8174958720046561,1.6469108480386925
"{'ar': '44100', 'sample_fmt': 's32p', 'compression_level': '9', 'reservoir': '1', 'b:a': '148k'}",223.037109375,-2.692,-0.815,0.6950955639767926,1.978601551794884
"{'ar': '32000', 'sample_fmt': 's16p', 'compression_level': '7', 'reservoir': '1', 'aq': '9'}",81.7109375,-3.514,-2.081,0.6436463840072975,-0.10666576735607805
"{'ar': '44100', 'sample_fmt': 'fltp', 'compression_level': '5', 'reservoir': '1', 'b:a': '127k', 'abr': 'True'}",170.6982421875,-2.86,-1.011,0.7809804789721966,1.6025094228432473
"{'ar': '44100', 'sample_fmt': 's32p', 'compression_level': '8', 'reservoir': '1', 'b:a': '228k', 'abr': 'True'}",313.541015625,-2.6,-0.714,0.7090596219932195,2.0793711281667204
"{'ar': '44100', 'sample_fmt': 's32p', 'compression_level': '4', 'reservoir': '1', 'b:a': '159k', 'abr': 'True'}",213.396484375,-2.685,-0.808,0.8145494069904089,2.0036733509533886
"{'ar': '44100', 'sample_fmt': 's32p', 'compression_level': '5', 'reservoir': '1', 'b:a': '170k', 'abr': 'True'}",230.1552734375,-2.654,-0.773,0.800668083014898,2.0612270703942195
"{'ar': '32000', 'sample_fmt': 's16p', 'compression_level': '9', 'reservoir': '1', 'b:a': '210k'}",313.109375,-3.179,-1.445,0.6985288830182981,0.501204134875494
"{'ar': '44100', 'sample_fmt': 's32p', 'compression_level': '7', 'reservoir': '1', 'b:a': '182k', 'abr': 'True'}",247.7470703125,-2.65,-0.769,0.75989105401095,2.046751995751453
"{'ar': '44100', 'sample_fmt': 's32p', 'compression_level': '8', 'reservoir': '0', 'b:a': '145k'}",223.037109375,-2.706,-0.831,0.6688208999985363,1.9428771238671436
"{'ar': '44100', 'sample_fmt': 's32p', 'compression_level': '7', 'reservoir': '1', 'b:a': '188k', 'abr': 'True'}",256.3818359375,-2.638,-0.756,0.6763050539884716,2.071212101967484
"{'ar': '44100', 'sample_fmt': 's32p', 'compression_level': '1', 'reservoir': '1', 'aq': '3'}",239.4560546875,-2.652,-0.771,0.7320518020133022,2.0567485630009417
"{'ar': '44100', 'sample_fmt': 's32p', 'compression_level': '4', 'reservoir': '1', 'b:a': '143k', 'abr': 'True'}",188.6884765625,-2.772,-0.907,0.8064756479870994,1.8097608251209378
"{'ar': '44100', 'sample_fmt': 's16p', 'compression_level': '9', 'reservoir': '1', 'b:a': '240k'}",312.220703125,-2.602,-0.717,0.6959135840006638,2.076843314843826
"{'ar': '44100', 'sample_fmt': 's32p', 'compression_level': '8', 'reservoir': '1', 'b:a': '163k', 'abr': 'True'}",219.640625,-2.703,-0.829,0.6614153439877555,1.9564648701433578
"{'ar': '44100', 'sample_fmt': 's16p', 'compression_level': '9', 'reservoir': '1', 'b:a': '210k'}",312.220703125,-2.602,-0.717,0.7291595640417654,2.0743860084038626
"{'ar': '44100', 'sample_fmt': 's32p', 'compression_level': '8', 'reservoir': '1', 'b:a': '109k'}",156.1484375,-3.068,-1.283,0.657781702990178,1.064400251477929
"{'ar': '44100', 'sample_fmt': 's32p', 'compression_level': '4', 'reservoir': '1', 'b:a': '122k', 'abr': 'True'}",162.0029296875,-2.913,-1.077,0.7648799729940947,1.4732672998359506
"{'ar': '44100', 'sample_fmt': 's32p', 'compression_level': '4', 'reservoir': '1', 'b:a': '133k', 'abr': 'True'}",176.2958984375,-2.833,-0.979,0.7903384079982061,1.6658887599838936
"{'ar': '44100', 'sample_fmt': 's16p', 'compression_level': '7', 'reservoir': '1', 'aq': '9'}",97.146484375,-3.315,-1.67,0.6739671750110574,0.4597742149949255
"{'ar': '44100', 'sample_fmt': 's32p', 'compression_level': '8', 'reservoir': '1', 'b:a': '294k'}",445.9951171875,-2.585,-0.698,0.6894567139679566,1.9094641158681083
"{'ar': '44100', 'sample_fmt': 's32p', 'compression_level': '8', 'reservoir': '1', 'b:a': '148k', 'abr': 'True'}",198.2060546875,-2.779,-0.915,0.6742737110180315,1.785512157553892
"{'ar': '44100', 'sample_fmt': 's16p', 'compression_level': '7', 'reservoir': '1', 'b:a': '139k'}",178.4443359375,-2.914,-1.079,0.6686412619892508,1.4511847563194884
"{'ar': '44100', 'sample_fmt': 's32p', 'compression_level': '8', 'reservoir': '0', 'b:a': '169k'}",223.037109375,-2.706,-0.831,0.6606042880157474,1.9434844373984346
"{'ar': '44100', 'sample_fmt': 's32p', 'compression_level': '8', 'reservoir': '1', 'b:a': '148k'}",223.037109375,-2.692,-0.815,0.6546098940016236,1.9815939646349698
"{'ar': '44100', 'sample_fmt': 's32p', 'compression_level': '4', 'reservoir': '1', 'b:a': '143k', 'abr': 'True'}",188.6884765625,-2.772,-0.907,0.7802561710122973,1.811698782418121
"{'ar': '32000', 'sample_fmt': 's32p', 'compression_level': '4', 'reservoir': '1', 'b:a': '144k', 'abr': 'True'}",194.0,-3.22,-1.51,0.7583288570167497,0.5708105122395207
"{'ar': '44100', 'sample_fmt': 's32p', 'compression_level': '4', 'reservoir': '1', 'b:a': '144k', 'abr': 'True'}",193.55859375,-2.716,-0.843,0.7995998150145169,1.9531638211952413
"{'ar': '44100', 'sample_fmt': 's32p', 'compression_level': '4', 'reservoir': '1', 'b:a': '143k', 'abr': 'True'}",188.6884765625,-2.772,-0.907,0.8407571550051216,1.8072269798902394
"{'ar': '44100', 'sample_fmt': 'fltp', 'compression_level': '4', 'reservoir': '1', 'b:a': '147k', 'abr': 'True'}",197.951171875,-2.707,-0.832,0.7979637430107687,1.9707151495825315
"{'ar': '44100', 'sample_fmt': 's32p', 'compression_level': '4', 'reservoir': '1', 'b:a': '143k', 'abr': 'True'}",188.6884765625,-2.772,-0.907,0.7980894659704063,1.8103806720633606
"{'ar': '44100', 'sample_fmt': 'fltp', 'compression_level': '1', 'reservoir': '0', 'b:a': '32k', 'abr': 'True'}",53.119140625,-3.132,-1.375,1.0631758729869034,1.0206984044854528
"{'ar': '44100', 'sample_fmt': 'fltp', 'compression_level': '8', 'reservoir': '1', 'b:a': '187k', 'abr': 'True'}",255.162109375,-2.644,-0.763,0.6693753080035094,2.0574827381389955
"{'ar': '44100', 'sample_fmt': 'fltp', 'compression_level': '4', 'reservoir': '1', 'b:a': '127k', 'abr': 'True'}",168.4091796875,-2.86,-1.011,0.7852782819827553,1.6058443358206675
"{'ar': '44100', 'sample_fmt': 's16p', 'compression_level': '1', 'reservoir': '1', 'aq': '5'}",164.283203125,-2.881,-1.037,0.7311410029942635,1.559298840096552
"{'ar': '44100', 'sample_fmt': 's32p', 'compression_level': '4', 'reservoir': '0', 'b:a': '122k', 'abr': 'True'}",173.59765625,-2.913,-1.077,0.7780688059865497,1.4537911802763381
"{'ar': '44100', 'sample_fmt': 'fltp', 'compression_level': '5', 'reservoir': '1', 'b:a': '127k', 'abr': 'True'}",170.6982421875,-2.86,-1.011,0.7550671739736572,1.604424750085065
"{'ar': '44100', 'sample_fmt': 's32p', 'compression_level': '8', 'reservoir': '1', 'b:a': '149k'}",223.037109375,-2.692,-0.815,0.6542957769997884,1.9816171819301303
"{'ar': '44100', 'sample_fmt': 's16p', 'compression_level': '9', 'reservoir': '1', 'b:a': '295k'}",445.9951171875,-2.585,-0.699,0.6741417709854431,1.9102806291438799
"{'ar': '44100', 'sample_fmt': 's16p', 'compression_level': '5', 'reservoir': '1', 'b:a': '166k', 'abr': 'True'}",225.568359375,-2.657,-0.777,1.450945659977151,2.0122307051636747
"{'ar': '44100', 'sample_fmt': 's16p', 'compression_level': '5', 'reservoir': '0', 'b:a': '297k'}",445.9951171875,-2.59,-0.704,1.098494732985273,1.8656884944429462
"{'ar': '44100', 'sample_fmt': 's32p', 'compression_level': '7', 'reservoir': '1', 'b:a': '281k', 'abr': 'True'}",386.671875,-2.596,-0.711,0.7699416549876332,1.9684449637709358
"{'ar': '44100', 'sample_fmt': 's16p', 'compression_level': '8', 'reservoir': '0', 'b:a': '210k'}",312.220703125,-2.606,-0.722,0.7798095309990458,2.0597452796159206
"{'ar': '44100', 'sample_fmt': 's32p', 'compression_level': '7', 'reservoir': '1', 'b:a': '274k', 'abr': 'True'}",377.00390625,-2.6,-0.714,0.6758189460088033,1.980562554118376
"{'ar': '44100', 'sample_fmt': 's32p', 'compression_level': '4', 'reservoir': '1', 'b:a': '146k', 'abr': 'True'}",196.578125,-2.72,-0.848,0.7703314890095498,1.939611925195692
"{'ar': '44100', 'sample_fmt': 'fltp', 'compression_level': '1', 'reservoir': '1', 'b:a': '32k'}",44.771484375,-3.12,-1.357,1.0623464930104092,1.0677172713862453
"{'ar': '48000', 'sample_fmt': 's32p', 'compression_level': '1', 'reservoir': '1', 'aq': '5'}",173.046875,-3.641,-2.434,0.7667983960127458,-0.6687687347169207
"{'ar': '44100', 'sample_fmt': 's16p', 'compression_level': '7', 'reservoir': '1', 'b:a': '123k', 'abr': 'True'}",162.3076171875,-3.043,-1.248,0.6726355479913764,1.122763866065138
"{'ar': '44100', 'sample_fmt': 's32p', 'compression_level': '9', 'reservoir': '1', 'b:a': '144k'}",178.4443359375,-2.918,-1.084,0.6764032209757715,1.439714004113782
"{'ar': '44100', 'sample_fmt': 's32p', 'compression_level': '7', 'reservoir': '1', 'b:a': '143k', 'abr': 'True'}",190.841796875,-2.805,-0.945,0.6818535460042767,1.7266606595806757
"{'ar': '44100', 'sample_fmt': 's32p', 'compression_level': '4', 'reservoir': '1', 'b:a': '136k', 'abr': 'True'}",180.0263671875,-2.825,-0.969,0.8144969809800386,1.6799446398839928
"{'ar': '44100', 'sample_fmt': 's32p', 'compression_level': '6', 'reservoir': '1', 'b:a': '164k', 'abr': 'True'}",223.013671875,-2.665,-0.786,0.7600053799687885,2.0458978935942476
"{'ar': '44100', 'sample_fmt': 's32p', 'compression_level': '9', 'reservoir': '1', 'b:a': '148k'}",223.037109375,-2.692,-0.815,0.6518833109876141,1.9817954942632479
"{'ar': '44100', 'sample_fmt': 's32p', 'compression_level': '7', 'reservoir': '1', 'b:a': '181k'}",267.6279296875,-2.63,-0.747,0.7452931599982549,2.0696466263358997
"{'ar': '44100', 'sample_fmt': 's16p', 'compression_level': '7', 'reservoir': '1', 'b:a': '115k'}",156.1484375,-3.065,-1.278,0.65509614101029,1.0731658546767624
"{'ar': '44100', 'sample_fmt': 's32p', 'compression_level': '4', 'reservoir': '1', 'b:a': '171k', 'abr': 'True'}",227.91796875,-2.645,-0.764,0.7821536569681484,2.0899740792321757
"{'ar': '44100', 'sample_fmt': 's32p', 'compression_level': '4', 'reservoir': '1', 'b:a': '165k', 'abr': 'True'}",220.66796875,-2.657,-0.777,0.8065472950111143,2.067679430012838
"{'ar': '44100', 'sample_fmt': 's32p', 'compression_level': '8', 'reservoir': '0', 'b:a': '210k'}",312.220703125,-2.606,-0.721,0.6713238669908606,2.068079226890674
"{'ar': '44100', 'sample_fmt': 's32p', 'compression_level': '8', 'reservoir': '1', 'b:a': '246k', 'abr': 'True'}",339.4716796875,-2.605,-0.72,0.6654073229874484,2.027678513181455
"{'ar': '44100', 'sample_fmt': 's16p', 'compression_level': '5', 'reservoir': '1', 'b:a': '295k'}",445.9951171875,-2.586,-0.699,0.7615912939945702,1.9014870443996448
"{'ar': '44100', 'sample_fmt': 'fltp', 'compression_level': '8', 'reservoir': '0', 'b:a': '112k'}",156.1484375,-3.098,-1.324,0.660025457968004,0.9814024792032175
"{'ar': '44100', 'sample_fmt': 's16p', 'compression_level': '5', 'reservoir': '1', 'aq': '7'}",118.6162109375,-3.311,-1.664,0.6796198209922295,0.4363104305928726
"{'ar': '44100', 'sample_fmt': 'fltp', 'compression_level': '8', 'reservoir': '1', 'aq': '9'}",97.1474609375,-3.314,-1.668,0.63187457100139,0.4658446973601078
"{'ar': '44100', 'sample_fmt': 's16p', 'compression_level': '8', 'reservoir': '1', 'b:a': '292k'}",445.9951171875,-2.585,-0.699,0.6661560389911756,1.9108708776681549
"{'ar': '44100', 'sample_fmt': 's16p', 'compression_level': '9', 'reservoir': '1', 'b:a': '210k'}",312.220703125,-2.602,-0.717,0.6611689170240425,2.079411393565238
"{'ar': '44100', 'sample_fmt': 's32p', 'compression_level': '4', 'reservoir': '1', 'b:a': '130k', 'abr': 'True'}",172.4765625,-2.854,-1.004,0.7858734680048656,1.6154980009859685
"{'ar': '44100', 'sample_fmt': 's32p', 'compression_level': '4', 'reservoir': '1', 'b:a': '142k', 'abr': 'True'}",187.455078125,-2.785,-0.922,0.786220473004505,1.7782049658489854
"{'ar': '44100', 'sample_fmt': 's32p', 'compression_level': '7', 'reservoir': '1', 'b:a': '289k'}",445.9951171875,-2.585,-0.698,0.7283222140104044,1.9065914544687859
"{'ar': '44100', 'sample_fmt': 'fltp', 'compression_level': '3', 'reservoir': '1', 'b:a': '111k'}",156.1484375,-3.034,-1.236,0.7793587060004938,1.1494585755830249
"{'ar': '44100', 'sample_fmt': 's16p', 'compression_level': '4', 'reservoir': '1', 'b:a': '153k', 'abr': 'True'}",205.8154296875,-2.685,-0.808,0.7754921159648802,2.0186570088295928
"{'ar': '44100', 'sample_fmt': 's32p', 'compression_level': '9', 'reservoir': '1', 'b:a': '146k'}",223.037109375,-2.692,-0.815,0.6658173380128574,1.980765590067269
"{'ar': '44100', 'sample_fmt': 's32p', 'compression_level': '8', 'reservoir': '1', 'b:a': '148k'}",223.037109375,-2.692,-0.815,0.674849020986585,1.980098032284114
"{'ar': '44100', 'sample_fmt': 'fltp', 'compression_level': '8', 'reservoir': '0', 'b:a': '184k'}",267.6279296875,-2.62,-0.736,0.6508809089718852,2.1033943294523527
"{'ar': '44100', 'sample_fmt': 's16p', 'compression_level': '4', 'reservoir': '1', 'b:a': '144k', 'abr': 'True'}",193.607421875,-2.719,-0.846,0.7622656090243254,1.9479091981790693
"{'ar': '44100', 'sample_fmt': 's16p', 'compression_level': '7', 'reservoir': '1', 'aq': '9'}",97.146484375,-3.315,-1.67,0.6562496370170265,0.46108376941802287
"{'ar': '44100', 'sample_fmt': 's32p', 'compression_level': '5', 'reservoir': '1', 'b:a': '156k'}",223.037109375,-2.652,-0.771,0.7558940190356225,2.081185445780384
"{'ar': '44100', 'sample_fmt': 's16p', 'compression_level': '8', 'reservoir': '1', 'b:a': '295k'}",445.9951171875,-2.585,-0.699,0.6801488709752448,1.9098366270277685
"{'ar': '44100', 'sample_fmt': 'fltp', 'compression_level': '1', 'reservoir': '1', 'b:a': '32k'}",44.771484375,-3.12,-1.357,1.0547801100183278,1.068276524614175
"{'ar': '44100', 'sample_fmt': 's32p', 'compression_level': '8', 'reservoir': '1', 'b:a': '163k'}",223.037109375,-2.692,-0.815,0.6962984940037131,1.9785126397610586
"{'ar': '44100', 'sample_fmt': 's16p', 'compression_level': '6', 'reservoir': '1', 'b:a': '295k'}",445.9951171875,-2.586,-0.699,0.747563020006055,1.9025239146609798
"{'ar': '44100', 'sample_fmt': 's32p', 'compression_level': '8', 'reservoir': '1', 'b:a': '145k'}",223.037109375,-2.692,-0.815,0.6694697479833849,1.9804956298937122
"{'ar': '44100', 'sample_fmt': 's16p', 'compression_level': '5', 'reservoir': '1', 'b:a': '163k'}",223.037109375,-2.666,-0.787,0.8019894630124327,2.040111934080139
"{'ar': '44100', 'sample_fmt': 'fltp', 'compression_level': '4', 'reservoir': '1', 'b:a': '128k', 'abr': 'True'}",169.6787109375,-2.859,-1.01,0.7937634410045575,1.6058368233639302
"{'ar': '44100', 'sample_fmt': 's16p', 'compression_level': '8', 'reservoir': '1', 'b:a': '164k'}",223.037109375,-2.689,-0.812,0.6996183690207545,1.9862034469436165
"{'ar': '32000', 'sample_fmt': 's16p', 'compression_level': '9', 'reservoir': '1', 'b:a': '210k'}",313.109375,-3.179,-1.445,0.6269541289948393,0.5064944317409561
"{'ar': '44100', 'sample_fmt': 's32p', 'compression_level': '5', 'reservoir': '1', 'b:a': '143k', 'abr': 'True'}",191.4091796875,-2.771,-0.906,0.7628152270044666,1.8112919595425434
"{'ar': '44100', 'sample_fmt': 's32p', 'compression_level': '8', 'reservoir': '1', 'b:a': '148k'}",223.037109375,-2.692,-0.815,0.6522597790171858,1.9817676684234813
"{'ar': '44100', 'sample_fmt': 'fltp', 'compression_level': '1', 'reservoir': '1', 'b:a': '32k'}",44.771484375,-3.12,-1.357,1.0881089759932365,1.0658130918353677
"{'ar': '44100', 'sample_fmt': 's32p', 'compression_level': '7', 'reservoir': '1', 'b:a': '292k'}",445.9951171875,-2.585,-0.698,0.7026478050102014,1.9084891242171422
"{'ar': '44100', 'sample_fmt': 's32p', 'compression_level': '8', 'reservoir': '1', 'b:a': '296k'}",445.9951171875,-2.585,-0.698,0.6600088770210277,1.9116406905782906
"{'ar': '44100', 'sample_fmt': 's32p', 'compression_level': '7', 'reservoir': '1', 'b:a': '168k', 'abr': 'True'}",226.8955078125,-2.684,-0.807,0.6623451060149819,1.9960286929036937
"{'ar': '44100', 'sample_fmt': 's32p', 'compression_level': '7', 'reservoir': '1', 'b:a': '275k', 'abr': 'True'}",378.6396484375,-2.6,-0.715,0.6644144080055412,1.9784799421487547
"{'ar': '44100', 'sample_fmt': 'fltp', 'compression_level': '1', 'reservoir': '0', 'b:a': '32k'}",44.771484375,-3.13,-1.371,1.0942406989925075,1.037644082382572
"{'ar': '11025', 'sample_fmt': 'fltp', 'compression_level': '3', 'reservoir': '1', 'aq': '0'}",89.5146484375,-3.851,-3.449,0.6398502399970312,-1.3355734425616517
"{'ar': '44100', 'sample_fmt': 's32p', 'compression_level': '8', 'reservoir': '1', 'b:a': '146k'}",223.037109375,-2.692,-0.815,0.7284718129667453,1.9761346168005345
"{'ar': '44100', 'sample_fmt': 's16p', 'compression_level': '9', 'reservoir': '1', 'b:a': '310k'}",445.9951171875,-2.585,-0.699,0.8184572999889497,1.8996138514351568
"{'ar': '44100', 'sample_fmt': 'fltp', 'compression_level': '1', 'reservoir': '1', 'b:a': '32k'}",44.771484375,-3.12,-1.357,1.084095427999273,1.0661097447636458
"{'ar': '44100', 'sample_fmt': 's16p', 'compression_level': '8', 'reservoir': '1', 'b:a': '295k', 'abr': 'True'}",405.4072265625,-2.591,-0.705,0.7401612999965437,1.9542932180926336
"{'ar': '44100', 'sample_fmt': 's32p', 'compression_level': '4', 'reservoir': '1', 'b:a': '163k'}",223.037109375,-2.656,-0.776,0.8263208050047979,2.065082955159587
"{'ar': '44100', 'sample_fmt': 'fltp', 'compression_level': '5', 'reservoir': '1', 'b:a': '160k', 'abr': 'True'}",217.8505859375,-2.68,-0.802,0.7943517130042892,2.011601408287396
"{'ar': '44100', 'sample_fmt': 'fltp', 'compression_level': '7', 'reservoir': '1', 'aq': '9'}",97.1474609375,-3.314,-1.668,0.6531772130110767,0.4642701575410402
"{'ar': '44100', 'sample_fmt': 's32p', 'compression_level': '7', 'reservoir': '1', 'b:a': '144k', 'abr': 'True'}",192.5791015625,-2.807,-0.948,0.6798845159937628,1.7184277897760298
"{'ar': '44100', 'sample_fmt': 's32p', 'compression_level': '4', 'reservoir': '1', 'b:a': '182k', 'abr': 'True'}",247.744140625,-2.637,-0.755,0.8177438270067796,2.0771862145500584
"{'ar': '44100', 'sample_fmt': 's32p', 'compression_level': '7', 'reservoir': '1', 'b:a': '145k', 'abr': 'True'}",193.97265625,-2.802,-0.942,0.6868500949640293,1.7292317374525756
"{'ar': '44100', 'sample_fmt': 'fltp', 'compression_level': '1', 'reservoir': '1', 'aq': '9'}",103.837890625,-3.343,-1.721,0.7183355650049634,0.36449094070277477
"{'ar': '44100', 'sample_fmt': 's32p', 'compression_level': '4', 'reservoir': '1', 'b:a': '141k', 'abr': 'True'}",186.2802734375,-2.791,-0.929,0.8127200720191468,1.761933062300636
"{'ar': '44100', 'sample_fmt': 'fltp', 'compression_level': '1', 'reservoir': '0', 'b:a': '32k'}",44.771484375,-3.13,-1.371,1.1684578329732176,1.0321584795800385
"{'ar': '44100', 'sample_fmt': 's32p', 'compression_level': '8', 'reservoir': '1', 'b:a': '148k'}",223.037109375,-2.692,-0.815,0.6694517779978923,1.9804969581072591
"{'ar': '44100', 'sample_fmt': 's32p', 'compression_level': '5', 'reservoir': '1', 'b:a': '144k', 'abr': 'True'}",196.4228515625,-2.716,-0.843,0.7434171969944146,1.952746045999628
"{'ar': '44100', 'sample_fmt': 's16p', 'compression_level': '1', 'reservoir': '0', 'b:a': '32k'}",44.771484375,-3.131,-1.373,1.0497418790182564,1.0379722640799536
"{'ar': '44100', 'sample_fmt': 'fltp', 'compression_level': '4', 'reservoir': '1', 'b:a': '159k', 'abr': 'True'}",213.396484375,-2.685,-0.808,0.8053290999960154,2.0043548504828883
"{'ar': '44100', 'sample_fmt': 's16p', 'compression_level': '8', 'reservoir': '1', 'b:a': '282k'}",356.8115234375,-2.595,-0.709,0.6960349400178529,2.024515583412708
"{'ar': '44100', 'sample_fmt': 's16p', 'compression_level': '8', 'reservoir': '1', 'aq': '5'}",141.7314453125,-3.0,-1.189,0.6664974810264539,1.2748495906412682
"{'ar': '44100', 'sample_fmt': 's32p', 'compression_level': '8', 'reservoir': '1', 'b:a': '148k', 'abr': 'True'}",198.2060546875,-2.779,-0.915,0.6646154800255317,1.7862260253113527
"{'ar': '44100', 'sample_fmt': 's16p', 'compression_level': '1', 'reservoir': '1', 'aq': '5'}",164.283203125,-2.881,-1.037,0.7151591109868605,1.5604801079101056
"{'ar': '44100', 'sample_fmt': 'fltp', 'compression_level': '3', 'reservoir': '1', 'b:a': '32k'}",44.771484375,-3.302,-1.648,0.7004639529623091,0.578617972259966
"{'ar': '44100', 'sample_fmt': 's16p', 'compression_level': '1', 'reservoir': '1', 'b:a': '32k', 'abr': 'True'}",48.26953125,-3.138,-1.383,1.2013467380020302,1.0017208523939283
"{'ar': '44100', 'sample_fmt': 's32p', 'compression_level': '7', 'reservoir': '1', 'b:a': '282k', 'abr': 'True'}",387.9921875,-2.597,-0.711,0.6872456390119623,1.970120551474973
"{'ar': '44100', 'sample_fmt': 's32p', 'compression_level': '6', 'reservoir': '1', 'b:a': '150k', 'abr': 'True'}",204.796875,-2.694,-0.818,0.8493906020303257,1.9906962052614237
"{'ar': '44100', 'sample_fmt': 's16p', 'compression_level': '8', 'reservoir': '1', 'b:a': '295k'}",445.9951171875,-2.585,-0.699,0.7450014800124336,1.9050431833200328
"{'ar': '44100', 'sample_fmt': 's32p', 'compression_level': '9', 'reservoir': '1', 'b:a': '149k'}",223.037109375,-2.692,-0.815,0.6965347990044393,1.9784951737757166
"{'ar': '44100', 'sample_fmt': 'fltp', 'compression_level': '4', 'reservoir': '1', 'b:a': '160k', 'abr': 'True'}",214.5751953125,-2.681,-0.803,0.8103493210219312,2.0130000075080186
"{'ar': '44100', 'sample_fmt': 's16p', 'compression_level': '8', 'reservoir': '1', 'b:a': '211k'}",312.220703125,-2.602,-0.717,0.6898205379839055,2.0772936694791073
"{'ar': '44100', 'sample_fmt': 's16p', 'compression_level': '1', 'reservoir': '0', 'aq': '5'}",179.666015625,-2.881,-1.037,0.7402502839977387,1.534079737351138
"{'ar': '44100', 'sample_fmt': 's32p', 'compression_level': '4', 'reservoir': '1', 'b:a': '80k', 'abr': 'True'}",106.5419921875,-3.451,-1.938,0.7352105340105481,0.03884106278632387
"{'ar': '44100', 'sample_fmt': 's32p', 'compression_level': '9', 'reservoir': '1', 'b:a': '148k'}",223.037109375,-2.692,-0.815,0.7704194959951565,1.9730341423515987
"{'ar': '44100', 'sample_fmt': 's32p', 'compression_level': '7', 'reservoir': '1', 'b:a': '281k'}",356.8115234375,-2.604,-0.719,0.7606112209905405,1.995618539291406
"{'ar': '44100', 'sample_fmt': 's32p', 'compression_level': '1', 'reservoir': '0', 'b:a': '32k'}",44.771484375,-3.13,-1.371,1.0853517249925062,1.0383010921331606
"{'ar': '44100', 'sample_fmt': 's16p', 'compression_level': '8', 'reservoir': '1', 'b:a': '296k'}",445.9951171875,-2.585,-0.699,0.6815680849831551,1.9097317288200149
"{'ar': '44100', 'sample_fmt': 'fltp', 'compression_level': '4', 'reservoir': '1', 'b:a': '128k', 'abr': 'True'}",169.6787109375,-2.859,-1.01,0.7825276800140273,1.606667290921385
"{'ar': '44100', 'sample_fmt': 's32p', 'compression_level': '8', 'reservoir': '1', 'b:a': '148k'}",223.037109375,-2.692,-0.815,0.6792724160186481,1.9797710863771096
"{'ar': '44100', 'sample_fmt': 's16p', 'compression_level': '4', 'reservoir': '1', 'b:a': '180k', 'abr': 'True'}",245.3056640625,-2.633,-0.751,0.8167253009742126,2.091734072481078
"{'ar': '44100', 'sample_fmt': 's32p', 'compression_level': '6', 'reservoir': '1', 'b:a': '293k'}",445.9951171875,-2.592,-0.706,0.7775300689972937,1.8841211276062275
"{'ar': '44100', 'sample_fmt': 's32p', 'compression_level': '7', 'reservoir': '1', 'b:a': '295k'}",445.9951171875,-2.585,-0.698,0.6714771900151391,1.9107930344303559
"{'ar': '44100', 'sample_fmt': 's16p', 'compression_level': '8', 'reservoir': '1', 'b:a': '211k'}",312.220703125,-2.602,-0.717,0.6749450460192747,2.0783931600688605
"{'ar': '44100', 'sample_fmt': 's16p', 'compression_level': '1', 'reservoir': '1', 'aq': '6'}",137.603515625,-3.069,-1.283,0.7035360689915251,1.0882799517367658
"{'ar': '11025', 'sample_fmt': 'fltp', 'compression_level': '3', 'reservoir': '1', 'b:a': '137k'}",90.7919921875,-3.848,-3.428,0.6312948980194051,-1.3233648646431793
"{'ar': '44100', 'sample_fmt': 's32p', 'compression_level': '8', 'reservoir': '1', 'b:a': '148k'}",223.037109375,-2.692,-0.815,0.667510911996942,1.9806404131209885
"{'ar': '44100', 'sample_fmt': 's32p', 'compression_level': '4', 'reservoir': '1', 'aq': '9'}",103.837890625,-3.343,-1.721,0.7366876730229706,0.3631344833757895
"{'ar': '44100', 'sample_fmt': 's32p', 'compression_level': '4', 'reservoir': '1', 'b:a': '188k', 'abr': 'True'}",254.955078125,-2.623,-0.739,0.7941352440102492,2.105091419631113
"{'ar': '44100', 'sample_fmt': 's16p', 'compression_level': '5', 'reservoir': '1', 'b:a': '169k', 'abr': 'True'}",229.2353515625,-2.654,-0.774,0.7986886020225938,2.062525807922601
"{'ar': '48000', 'sample_fmt': 's32p', 'compression_level': '8', 'reservoir': '1', 'b:a': '155k'}",223.203125,-3.589,-2.276,0.6780590970010962,-0.5712431136388653
"{'ar': '44100', 'sample_fmt': 's16p', 'compression_level': '9', 'reservoir': '1', 'b:a': '213k'}",312.220703125,-2.602,-0.717,0.684145368024474,2.0777131376876534
"{'ar': '44100', 'sample_fmt': 's32p', 'compression_level': '8', 'reservoir': '1', 'b:a': '240k'}",312.220703125,-2.6,-0.715,0.8267891530122142,2.0724607159004695
"{'ar': '44100', 'sample_fmt': 's32p', 'compression_level': '4', 'reservoir': '1', 'b:a': '142k', 'abr': 'True'}",187.455078125,-2.785,-0.922,0.9507422059832606,1.7660446892241763
"{'ar': '44100', 'sample_fmt': 's16p', 'compression_level': '8', 'reservoir': '1', 'b:a': '139k', 'abr': 'True'}",185.0380859375,-2.836,-0.983,0.8138617719814647,1.6419488338577453
"{'ar': '44100', 'sample_fmt': 's32p', 'compression_level': '9', 'reservoir': '1', 'b:a': '148k'}",223.037109375,-2.692,-0.815,0.7319731799943838,1.9758758206472837
"{'ar': '44100', 'sample_fmt': 'fltp', 'compression_level': '4', 'reservoir': '1', 'b:a': '142k', 'abr': 'True'}",187.453125,-2.785,-0.922,0.8181203210260719,1.7758502724483005
"{'ar': '44100', 'sample_fmt': 's32p', 'compression_level': '7', 'reservoir': '1', 'b:a': '188k', 'abr': 'True'}",256.3818359375,-2.638,-0.756,0.6897598300129175,2.070217620597638
"{'ar': '44100', 'sample_fmt': 's16p', 'compression_level': '8', 'reservoir': '1', 'b:a': '211k'}",312.220703125,-2.602,-0.717,0.699396626005182,2.076585873145979
"{'ar': '44100', 'sample_fmt': 's16p', 'compression_level': '9', 'reservoir': '1', 'b:a': '295k'}",445.9951171875,-2.585,-0.699,0.6884893619862851,1.909220157239585
"{'ar': '44100', 'sample_fmt': 's32p', 'compression_level': '8', 'reservoir': '1', 'b:a': '148k'}",223.037109375,-2.692,-0.815,0.6904801700438838,1.978942688895378
"{'ar': '44100', 'sample_fmt': 's32p', 'compression_level': '1', 'reservoir': '1', 'aq': '5'}",164.3330078125,-2.878,-1.033,0.7216194340144284,1.568174782338005
"{'ar': '44100', 'sample_fmt': 's32p', 'compression_level': '1', 'reservoir': '1', 'aq': '6'}",137.603515625,-3.079,-1.298,0.706072592001874,1.0600612154941067
"{'ar': '44100', 'sample_fmt': 's32p', 'compression_level': '0', 'reservoir': '1', 'aq': '9'}",103.837890625,-3.343,-1.721,0.6919058009807486,0.3664444409233467
"{'ar': '44100', 'sample_fmt': 's32p', 'compression_level': '7', 'reservoir': '1', 'b:a': '170k', 'abr': 'True'}",229.6513671875,-2.677,-0.798,0.666142985020997,2.0104992439622076
"{'ar': '44100', 'sample_fmt': 'fltp', 'compression_level': '4', 'reservoir': '1', 'b:a': '145k', 'abr': 'True'}",194.986328125,-2.722,-0.85,0.8156812720117159,1.9335091731524945
"{'ar': '44100', 'sample_fmt': 'fltp', 'compression_level': '4', 'reservoir': '1', 'b:a': '32k', 'abr': 'True'}",47.66015625,-3.348,-1.73,0.7424821010208689,0.4378582080623359
"{'ar': '44100', 'sample_fmt': 'fltp', 'compression_level': '8', 'reservoir': '1', 'b:a': '161k', 'abr': 'True'}",216.876953125,-2.712,-0.838,0.7263702249911148,1.9322651944055664
"{'ar': '44100', 'sample_fmt': 's32p', 'compression_level': '8', 'reservoir': '0', 'b:a': '148k', 'abr': 'True'}",225.69921875,-2.779,-0.915,0.8319564849953167,1.729987499309699
"{'ar': '44100', 'sample_fmt': 'fltp', 'compression_level': '3', 'reservoir': '1', 'b:a': '32k'}",44.771484375,-3.302,-1.648,0.7206023079925217,0.5771294882554386
"{'ar': '44100', 'sample_fmt': 's32p', 'compression_level': '7', 'reservoir': '1', 'b:a': '165k'}",223.037109375,-2.692,-0.815,0.7003529529902153,1.9782129629831209
"{'ar': '44100', 'sample_fmt': 's32p', 'compression_level': '4', 'reservoir': '1', 'b:a': '144k', 'abr': 'True'}",193.55859375,-2.716,-0.843,1.4371928220207337,1.906037479897581
"{'ar': '44100', 'sample_fmt': 's32p', 'compression_level': '9', 'reservoir': '1', 'b:a': '148k'}",223.037109375,-2.692,-0.815,1.0897950640064664,1.9494281713719195
"{'ar': '44100', 'sample_fmt': 's32p', 'compression_level': '9', 'reservoir': '1', 'aq': '9'}",97.1474609375,-3.314,-1.668,0.6894223609706387,0.46159117393495136
"{'ar': '44100', 'sample_fmt': 's32p', 'compression_level': '7', 'reservoir': '1', 'b:a': '158k', 'abr': 'True'}",212.5205078125,-2.731,-0.86,0.6665944639826193,1.8924259153139305
"{'ar': '44100', 'sample_fmt': 'fltp', 'compression_level': '1', 'reservoir': '1', 'aq': '9'}",103.837890625,-3.343,-1.721,0.7928846169961616,0.35898080488110007
"{'ar': '44100', 'sample_fmt': 's16p', 'compression_level': '8', 'reservoir': '1', 'b:a': '295k'}",445.9951171875,-2.585,-0.699,0.6775230930070393,1.9100307058638626
"{'ar': '44100', 'sample_fmt': 's32p', 'compression_level': '5', 'reservoir': '1', 'b:a': '150k', 'abr': 'True'}",204.796875,-2.694,-0.818,0.7723260890052188,1.9963922660758482
"{'ar': '44100', 'sample_fmt': 's32p', 'compression_level': '4', 'reservoir': '1', 'b:a': '144k', 'abr': 'True'}",193.55859375,-2.716,-0.843,0.8056285789934918,1.952718217831098
"{'ar': '48000', 'sample_fmt': 's32p', 'compression_level': '1', 'reservoir': '1', 'aq': '6'}",144.4765625,-3.631,-2.402,0.7297394579800311,-0.5870469176173081
"{'ar': '44100', 'sample_fmt': 'fltp', 'compression_level': '4', 'reservoir': '1', 'b:a': '144k', 'abr': 'True'}",193.609375,-2.716,-0.843,0.7971417400112841,1.953264474777321
"{'ar': '44100', 'sample_fmt': 's16p', 'compression_level': '8', 'reservoir': '1', 'b:a': '299k'}",445.9951171875,-2.585,-0.699,0.6828452770132571,1.9096373278669745
"{'ar': '44100', 'sample_fmt': 's16p', 'compression_level': '1', 'reservoir': '1', 'b:a': '32k'}",44.771484375,-3.133,-1.376,1.0809518790338188,1.0300591919064066
"{'ar': '11025', 'sample_fmt': 'fltp', 'compression_level': '3', 'reservoir': '1', 'b:a': '116k'}",90.587890625,-3.848,-3.428,0.6330931280099321,-1.3231720993776857
"{'ar': '44100', 'sample_fmt': 's16p', 'compression_level': '8', 'reservoir': '1', 'b:a': '282k'}",356.8115234375,-2.595,-0.709,0.6963882900017779,2.0244894662944883
"{'ar': '44100', 'sample_fmt': 'fltp', 'compression_level': '4', 'reservoir': '1', 'b:a': '144k', 'abr': 'True'}",193.609375,-2.716,-0.843,0.7948260810226202,1.9534356318236334
"{'ar': '44100', 'sample_fmt': 's32p', 'compression_level': '4', 'reservoir': '1', 'b:a': '144k', 'abr': 'True'}",193.55859375,-2.716,-0.843,0.800421997992089,1.9531030512758971
"{'ar': '44100', 'sample_fmt': 'fltp', 'compression_level': '5', 'reservoir': '1', 'b:a': '161k', 'abr': 'True'}",219.3876953125,-2.679,-0.802,0.7633125750289764,2.0137728274641664
"{'ar': '44100', 'sample_fmt': 's16p', 'compression_level': '8', 'reservoir': '0', 'b:a': '282k'}",356.8115234375,-2.602,-0.717,0.6655470709956717,2.007935797770561
"{'ar': '44100', 'sample_fmt': 's32p', 'compression_level': '8', 'reservoir': '1', 'b:a': '146k'}",223.037109375,-2.692,-0.815,0.6669236729794648,1.980683817653436
"{'ar': '44100', 'sample_fmt': 's32p', 'compression_level': '7', 'reservoir': '1', 'b:a': '188k', 'abr': 'True'}",256.3818359375,-2.638,-0.756,0.6880547709879465,2.070343646436473
"{'ar': '44100', 'sample_fmt': 's32p', 'compression_level': '4', 'reservoir': '1', 'b:a': '146k', 'abr': 'True'}",196.578125,-2.72,-0.848,0.7729306629917119,1.9394198127370712
"{'ar': '44100', 'sample_fmt': 'fltp', 'compression_level': '3', 'reservoir': '1', 'b:a': '119k', 'abr': 'True'}",157.3232421875,-2.992,-1.179,0.8547039330005646,1.2578535163485953
"{'ar': '44100', 'sample_fmt': 's32p', 'compression_level': '6', 'reservoir': '1', 'b:a': '164k', 'abr': 'True'}",223.013671875,-2.665,-0.786,0.7959764100087341,2.0432391708355864
"{'ar': '44100', 'sample_fmt': 's16p', 'compression_level': '8', 'reservoir': '1', 'b:a': '284k', 'abr': 'True'}",390.736328125,-2.596,-0.711,0.7257685310032684,1.965224422990949
"{'ar': '44100', 'sample_fmt': 's32p', 'compression_level': '8', 'reservoir': '1', 'b:a': '211k'}",312.220703125,-2.6,-0.715,0.7398017380328383,2.078890207067833
"{'ar': '44100', 'sample_fmt': 's16p', 'compression_level': '0', 'reservoir': '0', 'aq': '5'}",179.666015625,-2.881,-1.037,0.7737358139711432,1.531604725083564
"{'ar': '48000', 'sample_fmt': 's16p', 'compression_level': '8', 'reservoir': '1', 'b:a': '213k', 'abr': 'True'}",290.890625,-3.515,-2.083,0.7177573140361346,-0.4488849988910633
"{'ar': '44100', 'sample_fmt': 's16p', 'compression_level': '8', 'reservoir': '1', 'b:a': '211k', 'abr': 'True'}",289.560546875,-2.609,-0.724,0.7251545920153148,2.092322263063136
"{'ar': '44100', 'sample_fmt': 's32p', 'compression_level': '9', 'reservoir': '1', 'b:a': '148k'}",223.037109375,-2.692,-0.815,0.7531181649828795,1.974312933714159
"{'ar': '44100', 'sample_fmt': 's32p', 'compression_level': '1', 'reservoir': '1', 'b:a': '122k', 'abr': 'True'}",162.765625,-3.082,-1.302,1.242938998999307,0.9719779337037701
"{'ar': '44100', 'sample_fmt': 's32p', 'compression_level': '4', 'reservoir': '1', 'b:a': '165k', 'abr': 'True'}",220.66796875,-2.657,-0.777,0.8199362299637869,2.0666898151468365
"{'ar': '44100', 'sample_fmt': 's16p', 'compression_level': '8', 'reservoir': '1', 'b:a': '295k'}",445.9951171875,-2.585,-0.699,0.770893676992273,1.903129416232863
"{'ar': '44100', 'sample_fmt': 'fltp', 'compression_level': '5', 'reservoir': '1', 'b:a': '182k', 'abr': 'True'}",251.7060546875,-2.637,-0.755,0.7756576839892659,2.0739750369299546
"{'ar': '44100', 'sample_fmt': 's16p', 'compression_level': '5', 'reservoir': '1', 'b:a': '295k'}",445.9951171875,-2.586,-0.699,0.7777916670020204,1.900289628024137
"{'ar': '44100', 'sample_fmt': 'fltp', 'compression_level': '4', 'reservoir': '1', 'b:a': '292k'}",445.9951171875,-2.592,-0.706,0.847842609975487,1.8789241245537587
"{'ar': '44100', 'sample_fmt': 's32p', 'compression_level': '4', 'reservoir': '1', 'b:a': '143k'}",178.4443359375,-2.838,-0.985,0.7967309369705617,1.6484456443816375
"{'ar': '44100', 'sample_fmt': 's32p', 'compression_level': '9', 'reservoir': '1', 'b:a': '145k'}",223.037109375,-2.692,-0.815,0.6824645290034823,1.979535148083667
"{'ar': '44100', 'sample_fmt': 'fltp', 'compression_level': '4', 'reservoir': '1', 'b:a': '144k', 'abr': 'True'}",193.609375,-2.716,-0.843,0.8451634579978418,1.949715050855373
"{'ar': '44100', 'sample_fmt': 's32p', 'compression_level': '4', 'reservoir': '1', 'b:a': '32k'}",44.771484375,-3.317,-1.675,0.7236837700183969,0.5334352839087645
"{'ar': '8000', 'sample_fmt': 's32p', 'compression_level': '0', 'reservoir': '1', 'b:a': '32k'}",45.359375,-3.851,-3.451,0.7552610600250773,-1.2742776994826719
"{'ar': '44100', 'sample_fmt': 's32p', 'compression_level': '7', 'reservoir': '1', 'b:a': '189k', 'abr': 'True'}",258.0068359375,-2.64,-0.758,0.7097382549836766,2.0608572100076525
"{'ar': '44100', 'sample_fmt': 's32p', 'compression_level': '8', 'reservoir': '1', 'b:a': '147k'}",223.037109375,-2.692,-0.815,0.694490332971327,1.9786462861671468
"{'ar': '44100', 'sample_fmt': 'fltp', 'compression_level': '8', 'reservoir': '0', 'b:a': '127k'}",178.4443359375,-2.892,-1.051,0.7178282019740436,1.5076406753275622
"{'ar': '44100', 'sample_fmt': 's32p', 'compression_level': '1', 'reservoir': '1', 'aq': '6'}",137.603515625,-3.079,-1.298,0.7134735789732076,1.0595141871639369
"{'ar': '48000', 'sample_fmt': 's16p', 'compression_level': '1', 'reservoir': '1', 'b:a': '32k', 'abr': 'True'}",49.2734375,-3.402,-1.834,1.073444034991553,0.25219728182253986
"{'ar': '44100', 'sample_fmt': 'fltp', 'compression_level': '3', 'reservoir': '1', 'b:a': '117k'}",156.1484375,-3.034,-1.236,0.7726663319917861,1.1499532282817846
"{'ar': '44100', 'sample_fmt': 's32p', 'compression_level': '8', 'reservoir': '1', 'b:a': '265k'}",356.8115234375,-2.604,-0.719,0.6764530639629811,2.001838911829187
"{'ar': '32000', 'sample_fmt': 's16p', 'compression_level': '9', 'reservoir': '1', 'b:a': '209k', 'abr': 'True'}",291.2421875,-3.175,-1.44,0.6277586659707595,0.5522247066354808
"{'ar': '44100', 'sample_fmt': 's16p', 'compression_level': '8', 'reservoir': '1', 'b:a': '168k'}",223.037109375,-2.689,-0.812,0.6738886300299782,1.9881052062914368
"{'ar': '44100', 'sample_fmt': 'fltp', 'compression_level': '4', 'reservoir': '1', 'b:a': '142k', 'abr': 'True'}",187.453125,-2.785,-0.922,0.7878145950089674,1.7780902562182943
"{'ar': '48000', 'sample_fmt': 'fltp', 'compression_level': '4', 'reservoir': '1', 'b:a': '122k', 'abr': 'True'}",161.0234375,-3.646,-2.448,0.7579991709790193,-0.6649990917980517
"{'ar': '44100', 'sample_fmt': 's32p', 'compression_level': '7', 'reservoir': '1', 'b:a': '189k', 'abr': 'True'}",258.0068359375,-2.64,-0.758,0.6584113720164169,2.0646509282226906
"{'ar': '44100', 'sample_fmt': 's32p', 'compression_level': '4', 'reservoir': '1', 'b:a': '128k', 'abr': 'True'}",169.6787109375,-2.859,-1.011,0.7781212039699312,1.6066775278887202
"{'ar': '44100', 'sample_fmt': 's16p', 'compression_level': '8', 'reservoir': '1', 'b:a': '295k'}",445.9951171875,-2.585,-0.699,0.7025884040049277,1.9081780563086788
"{'ar': '44100', 'sample_fmt': 's32p', 'compression_level': '4', 'reservoir': '1', 'b:a': '32k'}",44.771484375,-3.317,-1.675,0.7100425690005068,0.5344435444884995
"{'ar': '44100', 'sample_fmt': 'fltp', 'compression_level': '4', 'reservoir': '1', 'b:a': '142k', 'abr': 'True'}",187.453125,-2.785,-0.922,0.8198234050069004,1.7757243925906843
"{'ar': '44100', 'sample_fmt': 's16p', 'compression_level': '8', 'reservoir': '1', 'b:a': '211k'}",312.220703125,-2.602,-0.717,0.6609155859914608,2.0794301179937866
"{'ar': '44100', 'sample_fmt': 's16p', 'compression_level': '5', 'reservoir': '1', 'b:a': '150k', 'abr': 'True'}",204.6416015625,-2.695,-0.819,0.759991283994168,1.9949063352352805
"{'ar': '44100', 'sample_fmt': 's32p', 'compression_level': '7', 'reservoir': '1', 'aq': '5'}",141.6572265625,-3.004,-1.195,0.6955430019879714,1.2616086787011749
"{'ar': '44100', 'sample_fmt': 's32p', 'compression_level': '5', 'reservoir': '1', 'b:a': '164k'}",223.037109375,-2.652,-0.771,0.782446766999783,2.0792228554614822
"{'ar': '44100', 'sample_fmt': 's16p', 'compression_level': '1', 'reservoir': '1', 'b:a': '142k', 'abr': 'True'}",187.41015625,-2.837,-0.984,1.1749932809907477,1.608826135747149
"{'ar': '44100', 'sample_fmt': 'fltp', 'compression_level': '4', 'reservoir': '1', 'b:a': '186k'}",267.6279296875,-2.615,-0.731,0.7745286870049313,2.107482146159868
"{'ar': '44100', 'sample_fmt': 'fltp', 'compression_level': '4', 'reservoir': '1', 'b:a': '145k', 'abr': 'True'}",194.986328125,-2.722,-0.85,0.773310930992011,1.9366408874747212
"{'ar': '44100', 'sample_fmt': 's32p', 'compression_level': '4', 'reservoir': '1', 'b:a': '164k', 'abr': 'True'}",219.5390625,-2.666,-0.787,0.8195728660211898,2.0443940035546224
"{'ar': '44100', 'sample_fmt': 's32p', 'compression_level': '4', 'reservoir': '1', 'b:a': '144k', 'abr': 'True'}",193.55859375,-2.716,-0.843,0.7864944500324782,1.9541324765854156
"{'ar': '44100', 'sample_fmt': 'fltp', 'compression_level': '3', 'reservoir': '1', 'b:a': '33k', 'abr': 'True'}",49.005859375,-3.35,-1.735,0.6964249199954793,0.4328779688164888
"{'ar': '44100', 'sample_fmt': 's16p', 'compression_level': '8', 'reservoir': '1', 'b:a': '148k'}",223.037109375,-2.689,-0.812,0.6673567410034593,1.9885879970814857
"{'ar': '44100', 'sample_fmt': 's32p', 'compression_level': '7', 'reservoir': '0', 'b:a': '210k'}",312.220703125,-2.606,-0.721,0.6717152630153578,2.068050297679672
"{'ar': '44100', 'sample_fmt': 'fltp', 'compression_level': '4', 'reservoir': '1', 'b:a': '128k', 'abr': 'True'}",169.6787109375,-2.859,-1.01,0.7729418349917978,1.6073758084226437
"{'ar': '44100', 'sample_fmt': 's32p', 'compression_level': '9', 'reservoir': '1', 'b:a': '148k', 'abr': 'True'}",198.2060546875,-2.779,-0.915,0.685580150980968,1.7846764659093792
"{'ar': '44100', 'sample_fmt': 's32p', 'compression_level': '8', 'reservoir': '1', 'b:a': '211k'}",312.220703125,-2.6,-0.715,0.6797634049726184,2.0833278137285833
"{'ar': '44100', 'sample_fmt': 's32p', 'compression_level': '8', 'reservoir': '1', 'b:a': '145k', 'abr': 'True'}",193.97265625,-2.802,-0.942,0.6603723279840779,1.7311887857102974
"{'ar': '44100', 'sample_fmt': 's16p', 'compression_level': '1', 'reservoir': '0', 'aq': '6'}",147.916015625,-3.069,-1.283,0.7158834049769212,1.0709120331965993
"{'ar': '44100', 'sample_fmt': 's32p', 'compression_level': '4', 'reservoir': '1', 'b:a': '165k', 'abr': 'True'}",220.66796875,-2.657,-0.777,0.838953190977918,2.065284216613998
"{'ar': '44100', 'sample_fmt': 's16p', 'compression_level': '8', 'reservoir': '1', 'b:a': '295k'}",445.9951171875,-2.585,-0.699,0.7601811559870839,1.9039212096112428
"{'ar': '44100', 'sample_fmt': 's16p', 'compression_level': '8', 'reservoir': '1', 'b:a': '210k'}",312.220703125,-2.602,-0.717,0.6888533020101022,2.0773651606844936
"{'ar': '44100', 'sample_fmt': 'fltp', 'compression_level': '5', 'reservoir': '1', 'b:a': '186k'}",267.6279296875,-2.616,-0.732,0.754887053015409,2.1062885198314945
"{'ar': '44100', 'sample_fmt': 'fltp', 'compression_level': '5', 'reservoir': '1', 'b:a': '127k', 'abr': 'True'}",170.6982421875,-2.86,-1.011,0.7482124409871176,1.604931403204968
"{'ar': '44100', 'sample_fmt': 's32p', 'compression_level': '7', 'reservoir': '1', 'b:a': '163k', 'abr': 'True'}",219.640625,-2.703,-0.829,0.6931468670081813,1.9541195015973998
"{'ar': '44100', 'sample_fmt': 's16p', 'compression_level': '8', 'reservoir': '1', 'b:a': '149k'}",223.037109375,-2.689,-0.812,0.7030226079805288,1.9859518298064862
"{'ar': '44100', 'sample_fmt': 's16p', 'compression_level': '7', 'reservoir': '1', 'b:a': '115k'}",156.1484375,-3.065,-1.278,0.759959639981389,1.0654150904935369
"{'ar': '44100', 'sample_fmt': 'fltp', 'compression_level': '3', 'reservoir': '1', 'b:a': '149k'}",223.037109375,-2.667,-0.788,0.8160352070117369,2.0364283763141877
"{'ar': '44100', 'sample_fmt': 's32p', 'compression_level': '4', 'reservoir': '1', 'b:a': '143k', 'abr': 'True'}",188.6884765625,-2.772,-0.907,0.7927801009791438,1.8107731025698164
"{'ar': '44100', 'sample_fmt': 's32p', 'compression_level': '8', 'reservoir': '1', 'b:a': '292k'}",445.9951171875,-2.585,-0.698,0.6821773780102376,1.9100021526203845
"{'ar': '44100', 'sample_fmt': 's16p', 'compression_level': '4', 'reservoir': '1', 'b:a': '144k', 'abr': 'True'}",193.607421875,-2.719,-0.846,0.7884847419918515,1.9459712663084578
"{'ar': '32000', 'sample_fmt': 's16p', 'compression_level': '9', 'reservoir': '0', 'b:a': '32k', 'abr': 'True'}",51.1953125,-3.437,-1.907,0.6361188919981942,0.17687829063855764
"{'ar': '44100', 'sample_fmt': 's32p', 'compression_level': '9', 'reservoir': '1', 'b:a': '148k'}",223.037109375,-2.692,-0.815,0.6980283889861312,1.9783847782248518
"{'ar': '44100', 'sample_fmt': 'fltp', 'compression_level': '4', 'reservoir': '1', 'b:a': '161k', 'abr': 'True'}",216.009765625,-2.679,-0.801,0.8173920279950835,2.015481160104551
"{'ar': '44100', 'sample_fmt': 's32p', 'compression_level': '4', 'reservoir': '1', 'b:a': '122k', 'abr': 'True'}",162.0029296875,-2.913,-1.077,0.7654367170180194,1.4732261492765835
"{'ar': '44100', 'sample_fmt': 's32p', 'compression_level': '8', 'reservoir': '1', 'b:a': '148k'}",223.037109375,-2.692,-0.815,0.6638387299899478,1.9809118347028865
"{'ar': '44100', 'sample_fmt': 'fltp', 'compression_level': '1', 'reservoir': '1', 'b:a': '32k'}",44.771484375,-3.12,-1.357,1.0668720790126827,1.0673827722493798
"{'ar': '44100', 'sample_fmt': 'fltp', 'compression_level': '3', 'reservoir': '1', 'b:a': '32k'}",44.771484375,-3.302,-1.648,0.70977073800168,0.5779300808883076
"{'ar': '11025', 'sample_fmt': 'fltp', 'compression_level': '4', 'reservoir': '1', 'aq': '9'}",46.904296875,-3.834,-3.322,0.6163817420019768,-1.186174827075793
"{'ar': '44100', 'sample_fmt': 's32p', 'compression_level': '4', 'reservoir': '1', 'b:a': '144k', 'abr': 'True'}",193.55859375,-2.716,-0.843,0.784911700990051,1.95424946214006
"{'ar': '44100', 'sample_fmt': 's16p', 'compression_level': '7', 'reservoir': '1', 'b:a': '123k', 'abr': 'True'}",162.3076171875,-3.043,-1.248,0.7164285489998292,1.1195269988327579
"{'ar': '44100', 'sample_fmt': 's32p', 'compression_level': '1', 'reservoir': '1', 'aq': '6'}",137.603515625,-3.079,-1.298,0.7182918940088712,1.0591580515784533
"{'ar': '44100', 'sample_fmt': 's32p', 'compression_level': '1', 'reservoir': '1', 'aq': '6'}",137.603515625,-3.079,-1.298,0.7121416720037814,1.0596126322562265
"{'ar': '44100', 'sample_fmt': 's16p', 'compression_level': '5', 'reservoir': '1', 'b:a': '170k', 'abr': 'True'}",230.3603515625,-2.645,-0.763,0.796898319007596,2.085302493257081
"{'ar': '44100', 'sample_fmt': 's32p', 'compression_level': '4', 'reservoir': '1', 'b:a': '144k', 'abr': 'True'}",193.55859375,-2.716,-0.843,0.7972747900057584,1.9533356705111597
"{'ar': '32000', 'sample_fmt': 's16p', 'compression_level': '8', 'reservoir': '1', 'b:a': '210k'}",313.109375,-3.179,-1.445,0.7216055799799506,0.49949846952928206
"{'ar': '44100', 'sample_fmt': 's32p', 'compression_level': '9', 'reservoir': '1', 'b:a': '145k', 'abr': 'True'}",193.97265625,-2.802,-0.942,0.7272920740069821,1.726242553935523
"{'ar': '44100', 'sample_fmt': 's32p', 'compression_level': '9', 'reservoir': '1', 'b:a': '148k'}",223.037109375,-2.692,-0.815,0.6751664379844442,1.9800745710767131
"{'ar': '44100', 'sample_fmt': 's16p', 'compression_level': '0', 'reservoir': '1', 'aq': '4'}",205.1201171875,-2.723,-0.85,0.8522536490054335,1.9123059367204585
"{'ar': '44100', 'sample_fmt': 's32p', 'compression_level': '5', 'reservoir': '1', 'b:a': '150k', 'abr': 'True'}",204.796875,-2.694,-0.818,0.844932461011922,1.9910257193446677
"{'ar': '44100', 'sample_fmt': 's16p', 'compression_level': '8', 'reservoir': '1', 'b:a': '295k'}",445.9951171875,-2.585,-0.699,0.6809640770079568,1.909776372794577
"{'ar': '44100', 'sample_fmt': 's32p', 'compression_level': '6', 'reservoir': '1', 'b:a': '156k', 'abr': 'True'}",212.626953125,-2.677,-0.799,0.7681991319986992,2.029805775847827
"{'ar': '44100', 'sample_fmt': 's32p', 'compression_level': '4', 'reservoir': '1', 'b:a': '114k', 'abr': 'True'}",150.2119140625,-2.974,-1.155,0.7862991299771238,1.3237666904491467
"{'ar': '44100', 'sample_fmt': 's16p', 'compression_level': '8', 'reservoir': '1', 'b:a': '266k'}",356.8115234375,-2.595,-0.709,0.6737759570241906,2.026160809156986
"{'ar': '44100', 'sample_fmt': 's32p', 'compression_level': '8', 'reservoir': '1', 'b:a': '163k', 'abr': 'True'}",219.640625,-2.703,-0.829,0.6841024929599371,1.9547879974145397
"{'ar': '44100', 'sample_fmt': 'fltp', 'compression_level': '4', 'reservoir': '1', 'b:a': '141k', 'abr': 'True'}",186.2705078125,-2.791,-0.929,0.8788619350234512,1.7570599087694265
"{'ar': '44100', 'sample_fmt': 's32p', 'compression_level': '7', 'reservoir': '1', 'b:a': '164k', 'abr': 'True'}",221.1787109375,-2.699,-0.824,0.8390159220143687,1.951780672390772
"{'ar': '44100', 'sample_fmt': 's32p', 'compression_level': '7', 'reservoir': '1', 'b:a': '163k', 'abr': 'True'}",219.640625,-2.703,-0.829,0.7075167649891227,1.953057380919756
"{'ar': '44100', 'sample_fmt': 'fltp', 'compression_level': '1', 'reservoir': '1', 'b:a': '32k'}",44.771484375,-3.12,-1.357,1.1256694000039715,1.063036892376208
"{'ar': '44100', 'sample_fmt': 'fltp', 'compression_level': '3', 'reservoir': '0', 'aq': '9'}",112.5185546875,-3.343,-1.721,0.7210859130136669,0.35043622612228886
"{'ar': '44100', 'sample_fmt': 's16p', 'compression_level': '8', 'reservoir': '1', 'b:a': '211k'}",312.220703125,-2.602,-0.717,0.7141482759907376,2.075495536074707
"{'ar': '44100', 'sample_fmt': 's32p', 'compression_level': '1', 'reservoir': '1', 'aq': '6'}",137.603515625,-3.079,-1.298,0.7090708040050231,1.059839608982444
"{'ar': '11025', 'sample_fmt': 'fltp', 'compression_level': '1', 'reservoir': '1', 'aq': '9'}",46.904296875,-3.834,-3.322,0.6525879650143906,-1.1888509336265753
"{'ar': '44100', 'sample_fmt': 's32p', 'compression_level': '8', 'reservoir': '1', 'b:a': '279k', 'abr': 'True'}",384.02734375,-2.599,-0.714,0.7193616279982962,1.96846707588452
"{'ar': '44100', 'sample_fmt': 's32p', 'compression_level': '8', 'reservoir': '0', 'b:a': '210k'}",312.220703125,-2.606,-0.721,0.7168963860021904,2.064710830341273
"{'ar': '44100', 'sample_fmt': 's16p', 'compression_level': '1', 'reservoir': '0', 'aq': '6'}",147.916015625,-3.069,-1.283,0.7929624779790174,1.0652148962122086
"{'ar': '32000', 'sample_fmt': 's16p', 'compression_level': '9', 'reservoir': '1', 'b:a': '148k'}",223.671875,-3.204,-1.485,0.6655955789901782,0.5754838015805039
"{'ar': '44100', 'sample_fmt': 's32p', 'compression_level': '7', 'reservoir': '1', 'b:a': '164k', 'abr': 'True'}",221.1787109375,-2.699,-0.824,0.6864305000053719,1.9630587017851147
"{'ar': '44100', 'sample_fmt': 's16p', 'compression_level': '8', 'reservoir': '1', 'b:a': '163k', 'abr': 'True'}",219.642578125,-2.703,-0.828,0.7061359460058156,1.9534717831162591
"{'ar': '44100', 'sample_fmt': 's32p', 'compression_level': '1', 'reservoir': '1', 'aq': '9'}",103.837890625,-3.343,-1.721,0.7289378569985274,0.36370729466912044
"{'ar': '44100', 'sample_fmt': 's16p', 'compression_level': '8', 'reservoir': '1', 'b:a': '109k'}",156.1484375,-3.065,-1.278,0.6996038619836327,1.0698761604267901
"{'ar': '44100', 'sample_fmt': 'fltp', 'compression_level': '4', 'reservoir': '1', 'b:a': '127k', 'abr': 'True'}",168.4091796875,-2.86,-1.011,0.9382169449818321,1.594540197364155
"{'ar': '44100', 'sample_fmt': 's32p', 'compression_level': '7', 'reservoir': '1', 'b:a': '170k'}",223.037109375,-2.692,-0.815,0.7137740020116325,1.9772209744735139
"{'ar': '44100', 'sample_fmt': 's32p', 'compression_level': '7', 'reservoir': '1', 'b:a': '155k'}",223.037109375,-2.692,-0.815,0.7213938160275575,1.9766577720042375
"{'ar': '44100', 'sample_fmt': 's32p', 'compression_level': '8', 'reservoir': '1', 'b:a': '110k'}",156.1484375,-3.068,-1.283,0.7244781169865746,1.05947052681849
"{'ar': '44100', 'sample_fmt': 'fltp', 'compression_level': '4', 'reservoir': '1', 'b:a': '186k', 'abr': 'True'}",252.51953125,-2.629,-0.747,0.8508297149965074,2.0882839891347484
"{'ar': '44100', 'sample_fmt': 's32p', 'compression_level': '8', 'reservoir': '1', 'b:a': '148k'}",223.037109375,-2.692,-0.815,0.7753470870084129,1.9726699298628882
"{'ar': '44100', 'sample_fmt': 's16p', 'compression_level': '8', 'reservoir': '1', 'b:a': '265k'}",356.8115234375,-2.595,-0.709,0.816199617984239,2.0156338648813876
"{'ar': '44100', 'sample_fmt': 'fltp', 'compression_level': '1', 'reservoir': '1', 'b:a': '32k'}",44.771484375,-3.12,-1.357,1.1364570550213102,1.0622395456259108
"{'ar': '44100', 'sample_fmt': 'fltp', 'compression_level': '9', 'reservoir': '1', 'b:a': '34k'}",44.771484375,-3.286,-1.619,0.6800671039964072,0.6265528615374617
"{'ar': '44100', 'sample_fmt': 's32p', 'compression_level': '8', 'reservoir': '1', 'b:a': '295k'}",445.9951171875,-2.585,-0.698,0.6983237590175122,1.9088087269496048
"{'ar': '44100', 'sample_fmt': 's16p', 'compression_level': '1', 'reservoir': '0', 'b:a': '32k', 'abr': 'True'}",53.09375,-3.138,-1.383,1.1032185209915042,1.0012759573102334
"{'ar': '44100', 'sample_fmt': 's16p', 'compression_level': '1', 'reservoir': '1', 'aq': '9'}",103.81640625,-3.341,-1.719,0.7062059359741397,0.3707125509777609
"{'ar': '44100', 'sample_fmt': 's32p', 'compression_level': '9', 'reservoir': '1', 'b:a': '108k'}",156.1484375,-3.068,-1.283,0.7174639430013485,1.059988964683267
"{'ar': '44100', 'sample_fmt': 's16p', 'compression_level': '8', 'reservoir': '1', 'b:a': '240k'}",312.220703125,-2.602,-0.717,0.7899641050025821,2.0698917691034318
"{'ar': '44100', 'sample_fmt': 's32p', 'compression_level': '8', 'reservoir': '1', 'aq': '5'}",141.6572265625,-3.004,-1.195,0.6677370360121131,1.2636638979841501
"{'ar': '44100', 'sample_fmt': 's16p', 'compression_level': '4', 'reservoir': '1', 'b:a': '164k', 'abr': 'True'}",219.6435546875,-2.655,-0.775,0.8395475900033489,2.0721656966187636
"{'ar': '44100', 'sample_fmt': 's32p', 'compression_level': '8', 'reservoir': '0', 'b:a': '139k', 'abr': 'True'}",210.2236328125,-2.843,-0.992,0.7047102659998927,1.5906801607267684
"{'ar': '44100', 'sample_fmt': 's32p', 'compression_level': '4', 'reservoir': '1', 'b:a': '153k', 'abr': 'True'}",205.8154296875,-2.684,-0.806,0.8127331290161237,2.0188652726113294
"{'ar': '44100', 'sample_fmt': 'fltp', 'compression_level': '9', 'reservoir': '1', 'b:a': '150k'}",223.037109375,-2.691,-0.815,0.6710008140071295,1.982712402217562
"{'ar': '44100', 'sample_fmt': 's32p', 'compression_level': '6', 'reservoir': '1', 'b:a': '156k', 'abr': 'True'}",212.626953125,-2.677,-0.799,0.7851571760256775,2.0285523578181834
"{'ar': '44100', 'sample_fmt': 's32p', 'compression_level': '4', 'reservoir': '1', 'b:a': '122k', 'abr': 'True'}",162.0029296875,-2.913,-1.077,0.8050885580014437,1.4702953671463974
"{'ar': '44100', 'sample_fmt': 's32p', 'compression_level': '7', 'reservoir': '1', 'b:a': '175k', 'abr': 'True'}",236.87109375,-2.661,-0.781,0.6861083910043817,2.0401450793096267
"{'ar': '44100', 'sample_fmt': 's16p', 'compression_level': '8', 'reservoir': '1', 'b:a': '282k'}",356.8115234375,-2.595,-0.709,0.6913297290157061,2.0248633591522913
"{'ar': '48000', 'sample_fmt': 's16p', 'compression_level': '8', 'reservoir': '1', 'b:a': '211k'}",312.453125,-3.481,-2.003,0.6831114589876961,-0.37627618260296
"{'ar': '44100', 'sample_fmt': 's32p', 'compression_level': '7', 'reservoir': '1', 'b:a': '279k'}",356.8115234375,-2.604,-0.719,0.6928834430000279,2.0006244950434926
"{'ar': '44100', 'sample_fmt': 's32p', 'compression_level': '7', 'reservoir': '1', 'b:a': '189k', 'abr': 'True'}",258.0068359375,-2.64,-0.758,0.6932860830274876,2.062073237570966
"{'ar': '44100', 'sample_fmt': 's16p', 'compression_level': '9', 'reservoir': '1', 'b:a': '210k'}",312.220703125,-2.602,-0.717,0.694000587973278,2.0769847099072867
"{'ar': '44100', 'sample_fmt': 'fltp', 'compression_level': '5', 'reservoir': '1', 'b:a': '153k', 'abr': 'True'}",208.8876953125,-2.683,-0.806,0.8942809910222422,2.010265466835396
"{'ar': '44100', 'sample_fmt': 's16p', 'compression_level': '8', 'reservoir': '1', 'b:a': '295k'}",445.9951171875,-2.585,-0.699,0.7120116149890237,1.9074815595590648
"{'ar': '44100', 'sample_fmt': 'fltp', 'compression_level': '7', 'reservoir': '0', 'aq': '9'}",103.8740234375,-3.314,-1.668,0.6965331730025355,0.45033225556258827
"{'ar': '44100', 'sample_fmt': 's16p', 'compression_level': '5', 'reservoir': '1', 'b:a': '297k', 'abr': 'True'}",400.41796875,-2.588,-0.702,0.7662602000054903,1.9682615438326332
"{'ar': '44100', 'sample_fmt': 's32p', 'compression_level': '4', 'reservoir': '1', 'b:a': '142k', 'abr': 'True'}",187.455078125,-2.785,-0.922,0.8158286840189248,1.776016537428118
"{'ar': '44100', 'sample_fmt': 's32p', 'compression_level': '1', 'reservoir': '1', 'aq': '6'}",137.603515625,-3.079,-1.298,0.7465499439858831,1.0570694174607802
"{'ar': '44100', 'sample_fmt': 's32p', 'compression_level': '8', 'reservoir': '1', 'b:a': '151k'}",223.037109375,-2.692,-0.815,0.7184101799794007,1.9768783011649536
"{'ar': '44100', 'sample_fmt': 's32p', 'compression_level': '7', 'reservoir': '0', 'b:a': '159k'}",223.037109375,-2.706,-0.831,0.674877137033036,1.9424294898900907
"{'ar': '44100', 'sample_fmt': 's32p', 'compression_level': '4', 'reservoir': '1', 'b:a': '144k', 'abr': 'True'}",193.55859375,-2.716,-0.843,0.7904085359768942,1.9538431751845877
"{'ar': '32000', 'sample_fmt': 's16p', 'compression_level': '9', 'reservoir': '1', 'b:a': '210k'}",313.109375,-3.179,-1.445,0.6768147030088585,0.5028090926571493
"{'ar': '44100', 'sample_fmt': 's32p', 'compression_level': '7', 'reservoir': '1', 'b:a': '148k'}",223.037109375,-2.692,-0.815,0.6950058650108986,1.9786081817046137
"{'ar': '44100', 'sample_fmt': 's32p', 'compression_level': '8', 'reservoir': '1', 'b:a': '160k'}",223.037109375,-2.692,-0.815,0.6706690480059478,1.9804069861639966
"{'ar': '44100', 'sample_fmt': 's32p', 'compression_level': '6', 'reservoir': '1', 'b:a': '239k'}",312.220703125,-2.595,-0.709,0.759109527018154,2.091005552235986
"{'ar': '44100', 'sample_fmt': 's32p', 'compression_level': '8', 'reservoir': '1', 'b:a': '295k'}",445.9951171875,-2.585,-0.698,0.6878857229894493,1.9095802323502764
"{'ar': '44100', 'sample_fmt': 's16p', 'compression_level': '8', 'reservoir': '1', 'b:a': '211k'}",312.220703125,-2.602,-0.717,0.6812521510291845,2.077926983714931
"{'ar': '44100', 'sample_fmt': 'fltp', 'compression_level': '1', 'reservoir': '1', 'b:a': '32k'}",44.771484375,-3.12,-1.357,1.071419923013309,1.0670466279595479
"{'ar': '44100', 'sample_fmt': 's16p', 'compression_level': '7', 'reservoir': '1', 'b:a': '109k'}",156.1484375,-3.065,-1.278,0.668295984971337,1.0721902160722785
"{'ar': '44100', 'sample_fmt': 'fltp', 'compression_level': '4', 'reservoir': '1', 'b:a': '128k', 'abr': 'True'}",169.6787109375,-2.859,-1.01,0.7867595860152505,1.606354498521905
"{'ar': '44100', 'sample_fmt': 's32p', 'compression_level': '8', 'reservoir': '1', 'b:a': '295k', 'abr': 'True'}",405.509765625,-2.589,-0.703,0.7247143010026775,1.9605621249565184
"{'ar': '44100', 'sample_fmt': 's32p', 'compression_level': '4', 'reservoir': '1', 'b:a': '144k', 'abr': 'True'}",193.55859375,-2.716,-0.843,0.8095839259913191,1.9524258667066001
"{'ar': '44100', 'sample_fmt': 'fltp', 'compression_level': '4', 'reservoir': '1', 'b:a': '147k', 'abr': 'True'}",197.951171875,-2.707,-0.832,0.8157597910030745,1.9693997922586284
"{'ar': '44100', 'sample_fmt': 's32p', 'compression_level': '4', 'reservoir': '1', 'b:a': '188k', 'abr': 'True'}",254.955078125,-2.623,-0.739,0.7728080859815236,2.1066677714999797
"{'ar': '44100', 'sample_fmt': 's16p', 'compression_level': '1', 'reservoir': '1', 'aq': '5'}",164.283203125,-2.881,-1.037,0.7373173510131892,1.5588423283696125
