2025-06-16 17:44:33 - SPEA2 - INFO - GENETIC ALGORITHM STARTED
2025-06-16 17:44:33 - SPEA2 - INFO -  Input: ./media/4test.wav
2025-06-16 17:44:33 - SPEA2 - INFO -  Strategy: Exploring different algorithms.
2025-06-16 17:44:33 - SPEA2 - INFO -  Population Size: 50, Max Generations: 100
2025-06-16 17:44:33 - SPEA2 - INFO -  Crossover Probability: 0.95, Mutation Probability: 0.01
2025-06-16 17:44:33 - SPEA2 - INFO - 1º Individual: {'ar': '32000', 'sample_fmt': 's32p', 'compression_level': '2', 'reservoir': '0', 'aq': '9'}
2025-06-16 17:44:34 - SPEA2 - INFO -  >> Metrics: {'time': 0.8623664639890194, 'size': 93068, 'peaq': -3.54, 'im': -2.146}
2025-06-16 17:44:34 - SPEA2 - INFO - 2º Individual: {'ar': '48000', 'sample_fmt': 'fltp', 'compression_level': '2', 'reservoir': '0', 'b:a': '253k'}
2025-06-16 17:44:34 - SPEA2 - INFO -  >> Metrics: {'time': 0.8082584970106836, 'size': 365648, 'peaq': -3.519, 'im': -2.093}
2025-06-16 17:44:34 - SPEA2 - INFO - 3º Individual: {'ar': '48000', 'sample_fmt': 's32p', 'compression_level': '6', 'reservoir': '1', 'b:a': '133k', 'abr': 'True'}
2025-06-16 17:44:35 - SPEA2 - INFO -  >> Metrics: {'time': 0.6148235500149895, 'size': 182744, 'peaq': -3.601, 'im': -2.31}
2025-06-16 17:44:35 - SPEA2 - INFO - 4º Individual: {'ar': '22050', 'sample_fmt': 'fltp', 'compression_level': '1', 'reservoir': '1', 'b:a': '40k', 'abr': 'True'}
2025-06-16 17:44:36 - SPEA2 - INFO -  >> Metrics: {'time': 0.6977987749851309, 'size': 56660, 'peaq': -3.678, 'im': -2.559}
2025-06-16 17:44:36 - SPEA2 - INFO - 5º Individual: {'ar': '11025', 'sample_fmt': 's32p', 'compression_level': '3', 'reservoir': '0', 'aq': '9'}
2025-06-16 17:44:36 - SPEA2 - INFO -  >> Metrics: {'time': 0.4905916400020942, 'size': 52337, 'peaq': -3.834, 'im': -3.322}
2025-06-16 17:44:36 - SPEA2 - INFO - 6º Individual: {'ar': '12000', 'sample_fmt': 'fltp', 'compression_level': '2', 'reservoir': '1', 'b:a': '77k', 'abr': 'True'}
2025-06-16 17:44:37 - SPEA2 - INFO -  >> Metrics: {'time': 0.5861705770075787, 'size': 72992, 'peaq': -3.768, 'im': -2.934}
2025-06-16 17:44:37 - SPEA2 - INFO - 7º Individual: {'ar': '8000', 'sample_fmt': 'fltp', 'compression_level': '1', 'reservoir': '0', 'b:a': '260k'}
2025-06-16 17:44:37 - SPEA2 - INFO -  >> Metrics: {'time': 0.4659508419863414, 'size': 93680, 'peaq': -3.858, 'im': -3.508}
2025-06-16 17:44:37 - SPEA2 - INFO - 8º Individual: {'ar': '44100', 'sample_fmt': 's16p', 'compression_level': '4', 'reservoir': '0', 'aq': '9'}
2025-06-16 17:44:38 - SPEA2 - INFO -  >> Metrics: {'time': 0.49840778001816943, 'size': 115219, 'peaq': -3.341, 'im': -1.719}
2025-06-16 17:44:38 - SPEA2 - INFO - 9º Individual: {'ar': '48000', 'sample_fmt': 'fltp', 'compression_level': '9', 'reservoir': '0', 'b:a': '300k'}
2025-06-16 17:44:38 - SPEA2 - INFO -  >> Metrics: {'time': 0.46031349600525573, 'size': 457040, 'peaq': -3.307, 'im': -1.657}
2025-06-16 17:44:38 - SPEA2 - INFO - 10º Individual: {'ar': '8000', 'sample_fmt': 'fltp', 'compression_level': '9', 'reservoir': '0', 'b:a': '196k'}
2025-06-16 17:44:39 - SPEA2 - INFO -  >> Metrics: {'time': 0.4307598560117185, 'size': 93680, 'peaq': -3.858, 'im': -3.509}
2025-06-16 17:44:39 - SPEA2 - INFO - 11º Individual: {'ar': '16000', 'sample_fmt': 's32p', 'compression_level': '8', 'reservoir': '1', 'b:a': '223k', 'abr': 'True'}
2025-06-16 17:44:39 - SPEA2 - INFO -  >> Metrics: {'time': 0.42892298998776823, 'size': 225980, 'peaq': -3.766, 'im': -2.924}
2025-06-16 17:44:39 - SPEA2 - INFO - 12º Individual: {'ar': '44100', 'sample_fmt': 'fltp', 'compression_level': '9', 'reservoir': '1', 'b:a': '269k'}
2025-06-16 17:44:40 - SPEA2 - INFO -  >> Metrics: {'time': 0.5208731290185824, 'size': 365375, 'peaq': -2.605, 'im': -0.72}
2025-06-16 17:44:40 - SPEA2 - INFO - 13º Individual: {'ar': '11025', 'sample_fmt': 's32p', 'compression_level': '4', 'reservoir': '0', 'b:a': '108k', 'abr': 'True'}
2025-06-16 17:44:40 - SPEA2 - INFO -  >> Metrics: {'time': 0.4570207739889156, 'size': 88130, 'peaq': -3.848, 'im': -3.431}
2025-06-16 17:44:40 - SPEA2 - INFO - 14º Individual: {'ar': '8000', 'sample_fmt': 'fltp', 'compression_level': '6', 'reservoir': '0', 'b:a': '128k'}
2025-06-16 17:44:40 - SPEA2 - INFO -  >> Metrics: {'time': 0.4025506000034511, 'size': 93392, 'peaq': -3.858, 'im': -3.51}
2025-06-16 17:44:40 - SPEA2 - INFO - 15º Individual: {'ar': '48000', 'sample_fmt': 'fltp', 'compression_level': '4', 'reservoir': '0', 'aq': '9'}
2025-06-16 17:44:41 - SPEA2 - INFO -  >> Metrics: {'time': 0.6614403290150221, 'size': 122552, 'peaq': -3.337, 'im': -1.711}
2025-06-16 17:44:41 - SPEA2 - INFO - 16º Individual: {'ar': '12000', 'sample_fmt': 's16p', 'compression_level': '2', 'reservoir': '0', 'aq': '9'}
2025-06-16 17:44:42 - SPEA2 - INFO -  >> Metrics: {'time': 0.4664737730345223, 'size': 56480, 'peaq': -3.768, 'im': -2.936}
2025-06-16 17:44:42 - SPEA2 - INFO - 17º Individual: {'ar': '11025', 'sample_fmt': 's32p', 'compression_level': '9', 'reservoir': '0', 'b:a': '47k'}
2025-06-16 17:44:42 - SPEA2 - INFO -  >> Metrics: {'time': 0.5193506430077832, 'size': 69356, 'peaq': -3.85, 'im': -3.44}
2025-06-16 17:44:42 - SPEA2 - INFO - 18º Individual: {'ar': '22050', 'sample_fmt': 's16p', 'compression_level': '1', 'reservoir': '1', 'aq': '9'}
2025-06-16 17:44:43 - SPEA2 - INFO -  >> Metrics: {'time': 0.4501428850053344, 'size': 71635, 'peaq': -3.731, 'im': -2.762}
2025-06-16 17:44:43 - SPEA2 - INFO - 19º Individual: {'ar': '16000', 'sample_fmt': 'fltp', 'compression_level': '4', 'reservoir': '1', 'b:a': '46k', 'abr': 'True'}
2025-06-16 17:44:43 - SPEA2 - INFO -  >> Metrics: {'time': 0.4525171789864544, 'size': 63404, 'peaq': -3.798, 'im': -3.093}
2025-06-16 17:44:43 - SPEA2 - INFO - 20º Individual: {'ar': '48000', 'sample_fmt': 's16p', 'compression_level': '2', 'reservoir': '1', 'aq': '9'}
2025-06-16 17:44:44 - SPEA2 - INFO -  >> Metrics: {'time': 0.5256287640077062, 'size': 111824, 'peaq': -3.336, 'im': -1.708}
2025-06-16 17:44:44 - SPEA2 - INFO - 21º Individual: {'ar': '8000', 'sample_fmt': 'fltp', 'compression_level': '8', 'reservoir': '1', 'aq': '9'}
2025-06-16 17:44:44 - SPEA2 - INFO -  >> Metrics: {'time': 0.4347576680011116, 'size': 37736, 'peaq': -3.855, 'im': -3.486}
2025-06-16 17:44:44 - SPEA2 - INFO - 22º Individual: {'ar': '24000', 'sample_fmt': 'fltp', 'compression_level': '3', 'reservoir': '0', 'b:a': '311k', 'abr': 'True'}
2025-06-16 17:44:45 - SPEA2 - INFO -  >> Metrics: {'time': 0.7875545900315046, 'size': 210584, 'peaq': -3.66, 'im': -2.496}
2025-06-16 17:44:45 - SPEA2 - INFO - 23º Individual: {'ar': '16000', 'sample_fmt': 'fltp', 'compression_level': '8', 'reservoir': '0', 'b:a': '75k', 'abr': 'True'}
2025-06-16 17:44:45 - SPEA2 - INFO -  >> Metrics: {'time': 0.4145009769999888, 'size': 116756, 'peaq': -3.759, 'im': -2.892}
2025-06-16 17:44:45 - SPEA2 - INFO - 24º Individual: {'ar': '24000', 'sample_fmt': 's32p', 'compression_level': '6', 'reservoir': '1', 'aq': '9'}
2025-06-16 17:44:46 - SPEA2 - INFO -  >> Metrics: {'time': 0.6961257119837683, 'size': 73760, 'peaq': -3.735, 'im': -2.782}
2025-06-16 17:44:46 - SPEA2 - INFO - 25º Individual: {'ar': '8000', 'sample_fmt': 'fltp', 'compression_level': '2', 'reservoir': '1', 'aq': '9'}
2025-06-16 17:44:46 - SPEA2 - INFO -  >> Metrics: {'time': 0.4030246729962528, 'size': 36728, 'peaq': -3.85, 'im': -3.441}
2025-06-16 17:44:46 - SPEA2 - INFO - 26º Individual: {'ar': '16000', 'sample_fmt': 'fltp', 'compression_level': '0', 'reservoir': '0', 'aq': '9'}
2025-06-16 17:44:47 - SPEA2 - INFO -  >> Metrics: {'time': 1.1179519619909115, 'size': 66644, 'peaq': -3.818, 'im': -3.218}
2025-06-16 17:44:47 - SPEA2 - INFO - 27º Individual: {'ar': '8000', 'sample_fmt': 's16p', 'compression_level': '9', 'reservoir': '1', 'b:a': '43k'}
2025-06-16 17:44:48 - SPEA2 - INFO -  >> Metrics: {'time': 0.9057456839946099, 'size': 58040, 'peaq': -3.858, 'im': -3.51}
2025-06-16 17:44:48 - SPEA2 - INFO - 28º Individual: {'ar': '44100', 'sample_fmt': 's32p', 'compression_level': '4', 'reservoir': '0', 'b:a': '32k'}
2025-06-16 17:44:49 - SPEA2 - INFO -  >> Metrics: {'time': 1.10708575299941, 'size': 45846, 'peaq': -3.302, 'im': -1.648}
2025-06-16 17:44:49 - SPEA2 - INFO - 29º Individual: {'ar': '11025', 'sample_fmt': 's32p', 'compression_level': '4', 'reservoir': '1', 'b:a': '221k', 'abr': 'True'}
2025-06-16 17:44:50 - SPEA2 - INFO -  >> Metrics: {'time': 0.5299128440092318, 'size': 83451, 'peaq': -3.848, 'im': -3.429}
2025-06-16 17:44:50 - SPEA2 - INFO - 30º Individual: {'ar': '12000', 'sample_fmt': 'fltp', 'compression_level': '7', 'reservoir': '0', 'b:a': '108k'}
2025-06-16 17:44:50 - SPEA2 - INFO -  >> Metrics: {'time': 0.4035152730066329, 'size': 92528, 'peaq': -3.74, 'im': -2.803}
2025-06-16 17:44:50 - SPEA2 - INFO - 31º Individual: {'ar': '22050', 'sample_fmt': 'fltp', 'compression_level': '1', 'reservoir': '0', 'aq': '9'}
2025-06-16 17:44:51 - SPEA2 - INFO -  >> Metrics: {'time': 0.5960364280035719, 'size': 76891, 'peaq': -3.731, 'im': -2.763}
2025-06-16 17:44:51 - SPEA2 - INFO - 32º Individual: {'ar': '44100', 'sample_fmt': 'fltp', 'compression_level': '7', 'reservoir': '1', 'b:a': '169k', 'abr': 'True'}
2025-06-16 17:44:52 - SPEA2 - INFO -  >> Metrics: {'time': 0.5908527800056618, 'size': 233706, 'peaq': -2.681, 'im': -0.803}
2025-06-16 17:44:52 - SPEA2 - INFO - 33º Individual: {'ar': '48000', 'sample_fmt': 's16p', 'compression_level': '2', 'reservoir': '1', 'b:a': '64k'}
2025-06-16 17:44:52 - SPEA2 - INFO -  >> Metrics: {'time': 0.8507073159853462, 'size': 91472, 'peaq': -3.673, 'im': -2.54}
2025-06-16 17:44:52 - SPEA2 - INFO - 34º Individual: {'ar': '32000', 'sample_fmt': 's16p', 'compression_level': '7', 'reservoir': '1', 'b:a': '185k'}
2025-06-16 17:44:53 - SPEA2 - INFO -  >> Metrics: {'time': 0.5016580739757046, 'size': 274832, 'peaq': -3.178, 'im': -1.444}
2025-06-16 17:44:53 - SPEA2 - INFO - 35º Individual: {'ar': '32000', 'sample_fmt': 's32p', 'compression_level': '6', 'reservoir': '0', 'b:a': '142k', 'abr': 'True'}
2025-06-16 17:44:54 - SPEA2 - INFO -  >> Metrics: {'time': 0.5717407649790403, 'size': 215504, 'peaq': -3.257, 'im': -1.57}
2025-06-16 17:44:54 - SPEA2 - INFO - 36º Individual: {'ar': '8000', 'sample_fmt': 's32p', 'compression_level': '0', 'reservoir': '1', 'b:a': '244k', 'abr': 'True'}
2025-06-16 17:44:54 - SPEA2 - INFO -  >> Metrics: {'time': 0.7519409130036365, 'size': 67256, 'peaq': -3.857, 'im': -3.5}
2025-06-16 17:44:54 - SPEA2 - INFO - 37º Individual: {'ar': '16000', 'sample_fmt': 'fltp', 'compression_level': '0', 'reservoir': '0', 'b:a': '166k'}
2025-06-16 17:44:55 - SPEA2 - INFO -  >> Metrics: {'time': 1.0230450970411766, 'size': 229760, 'peaq': -3.739, 'im': -2.8}
2025-06-16 17:44:55 - SPEA2 - INFO - 38º Individual: {'ar': '24000', 'sample_fmt': 'fltp', 'compression_level': '5', 'reservoir': '1', 'b:a': '161k', 'abr': 'True'}
2025-06-16 17:44:56 - SPEA2 - INFO -  >> Metrics: {'time': 0.5597259860078339, 'size': 204584, 'peaq': -3.659, 'im': -2.49}
2025-06-16 17:44:56 - SPEA2 - INFO - 39º Individual: {'ar': '16000', 'sample_fmt': 's32p', 'compression_level': '9', 'reservoir': '1', 'aq': '9'}
2025-06-16 17:44:56 - SPEA2 - INFO -  >> Metrics: {'time': 0.5644141090160701, 'size': 63224, 'peaq': -3.805, 'im': -3.135}
2025-06-16 17:44:56 - SPEA2 - INFO - 40º Individual: {'ar': '12000', 'sample_fmt': 's16p', 'compression_level': '4', 'reservoir': '1', 'aq': '9'}
2025-06-16 17:44:57 - SPEA2 - INFO -  >> Metrics: {'time': 0.6178683309699409, 'size': 50960, 'peaq': -3.768, 'im': -2.936}
2025-06-16 17:44:57 - SPEA2 - INFO - 41º Individual: {'ar': '16000', 'sample_fmt': 's32p', 'compression_level': '8', 'reservoir': '1', 'b:a': '206k', 'abr': 'True'}
2025-06-16 17:44:58 - SPEA2 - INFO -  >> Metrics: {'time': 0.540310122014489, 'size': 225980, 'peaq': -3.766, 'im': -2.924}
2025-06-16 17:44:58 - SPEA2 - INFO - 42º Individual: {'ar': '11025', 'sample_fmt': 'fltp', 'compression_level': '6', 'reservoir': '0', 'aq': '9'}
2025-06-16 17:44:58 - SPEA2 - INFO -  >> Metrics: {'time': 0.4660578540060669, 'size': 53286, 'peaq': -3.834, 'im': -3.322}
2025-06-16 17:44:58 - SPEA2 - INFO - 43º Individual: {'ar': '44100', 'sample_fmt': 's16p', 'compression_level': '8', 'reservoir': '0', 'b:a': '102k'}
2025-06-16 17:44:59 - SPEA2 - INFO -  >> Metrics: {'time': 0.7673070289893076, 'size': 137066, 'peaq': -3.33, 'im': -1.697}
2025-06-16 17:44:59 - SPEA2 - INFO - 44º Individual: {'ar': '22050', 'sample_fmt': 'fltp', 'compression_level': '2', 'reservoir': '0', 'b:a': '256k'}
2025-06-16 17:45:00 - SPEA2 - INFO -  >> Metrics: {'time': 0.8051458539848682, 'size': 228912, 'peaq': -3.673, 'im': -2.541}
2025-06-16 17:45:00 - SPEA2 - INFO - 45º Individual: {'ar': '8000', 'sample_fmt': 's32p', 'compression_level': '6', 'reservoir': '0', 'b:a': '108k', 'abr': 'True'}
2025-06-16 17:45:00 - SPEA2 - INFO -  >> Metrics: {'time': 0.45919003698509187, 'size': 91808, 'peaq': -3.858, 'im': -3.509}
2025-06-16 17:45:00 - SPEA2 - INFO - 46º Individual: {'ar': '44100', 'sample_fmt': 's32p', 'compression_level': '5', 'reservoir': '1', 'b:a': '195k', 'abr': 'True'}
2025-06-16 17:45:01 - SPEA2 - INFO -  >> Metrics: {'time': 0.642390195018379, 'size': 274510, 'peaq': -2.618, 'im': -0.735}
2025-06-16 17:45:01 - SPEA2 - INFO - 47º Individual: {'ar': '44100', 'sample_fmt': 'fltp', 'compression_level': '8', 'reservoir': '0', 'aq': '9'}
2025-06-16 17:45:01 - SPEA2 - INFO -  >> Metrics: {'time': 0.537915818975307, 'size': 106367, 'peaq': -3.314, 'im': -1.668}
2025-06-16 17:45:01 - SPEA2 - INFO - 48º Individual: {'ar': '11025', 'sample_fmt': 'fltp', 'compression_level': '0', 'reservoir': '1', 'aq': '9'}
2025-06-16 17:45:02 - SPEA2 - INFO -  >> Metrics: {'time': 0.5367940589785576, 'size': 48030, 'peaq': -3.834, 'im': -3.322}
2025-06-16 17:45:02 - SPEA2 - INFO - 49º Individual: {'ar': '12000', 'sample_fmt': 'fltp', 'compression_level': '2', 'reservoir': '1', 'b:a': '269k'}
2025-06-16 17:45:03 - SPEA2 - INFO -  >> Metrics: {'time': 0.7193944500177167, 'size': 92816, 'peaq': -3.765, 'im': -2.919}
2025-06-16 17:45:03 - SPEA2 - INFO - 50º Individual: {'ar': '16000', 'sample_fmt': 's16p', 'compression_level': '9', 'reservoir': '0', 'b:a': '265k', 'abr': 'True'}
2025-06-16 17:45:03 - SPEA2 - INFO -  >> Metrics: {'time': 0.44805576201179065, 'size': 229076, 'peaq': -3.768, 'im': -2.933}
2025-06-16 17:45:03 - SPEA2 - INFO - 51º Individual: {'ar': '16000', 'sample_fmt': 'fltp', 'compression_level': '8', 'reservoir': '0', 'b:a': '75k', 'abr': 'True'}
2025-06-16 17:45:04 - SPEA2 - INFO -  >> Metrics: {'time': 0.6947854649915826, 'size': 116756, 'peaq': -3.759, 'im': -2.892}
2025-06-16 17:45:04 - SPEA2 - INFO - 52º Individual: {'ar': '48000', 'sample_fmt': 's16p', 'compression_level': '2', 'reservoir': '1', 'b:a': '64k'}
2025-06-16 17:45:05 - SPEA2 - INFO -  >> Metrics: {'time': 0.7956750419980381, 'size': 91472, 'peaq': -3.673, 'im': -2.54}
2025-06-16 17:45:05 - SPEA2 - INFO - 53º Individual: {'ar': '16000', 'sample_fmt': 's16p', 'compression_level': '9', 'reservoir': '1', 'b:a': '265k', 'abr': 'True'}
2025-06-16 17:45:05 - SPEA2 - INFO -  >> Metrics: {'time': 0.6596973020059522, 'size': 225980, 'peaq': -3.766, 'im': -2.926}
2025-06-16 17:45:05 - SPEA2 - INFO - 54º Individual: {'ar': '44100', 'sample_fmt': 's32p', 'compression_level': '5', 'reservoir': '1', 'b:a': '194k', 'abr': 'True'}
2025-06-16 17:45:06 - SPEA2 - INFO -  >> Metrics: {'time': 0.7443880520004313, 'size': 273152, 'peaq': -2.623, 'im': -0.74}
2025-06-16 17:45:06 - SPEA2 - INFO - 55º Individual: {'ar': '16000', 'sample_fmt': 'fltp', 'compression_level': '0', 'reservoir': '0', 'aq': '9'}
2025-06-16 17:45:07 - SPEA2 - INFO -  >> Metrics: {'time': 0.5765008900198154, 'size': 66644, 'peaq': -3.818, 'im': -3.218}
2025-06-16 17:45:07 - SPEA2 - INFO - 56º Individual: {'ar': '8000', 'sample_fmt': 's32p', 'compression_level': '0', 'reservoir': '1', 'b:a': '243k', 'abr': 'True'}
2025-06-16 17:45:07 - SPEA2 - INFO -  >> Metrics: {'time': 0.6495265589910559, 'size': 67256, 'peaq': -3.857, 'im': -3.5}
2025-06-16 17:45:07 - SPEA2 - INFO - 57º Individual: {'ar': '8000', 'sample_fmt': 's16p', 'compression_level': '6', 'reservoir': '0', 'aq': '9'}
2025-06-16 17:45:08 - SPEA2 - INFO -  >> Metrics: {'time': 0.5914118159853388, 'size': 42056, 'peaq': -3.85, 'im': -3.44}
2025-06-16 17:45:08 - SPEA2 - INFO - 58º Individual: {'ar': '48000', 'sample_fmt': 's16p', 'compression_level': '2', 'reservoir': '1', 'aq': '9'}
2025-06-16 17:45:09 - SPEA2 - INFO -  >> Metrics: {'time': 0.5853783600323368, 'size': 111824, 'peaq': -3.336, 'im': -1.708}
2025-06-16 17:45:09 - SPEA2 - INFO - 59º Individual: {'ar': '32000', 'sample_fmt': 's32p', 'compression_level': '8', 'reservoir': '1', 'b:a': '186k', 'abr': 'True'}
2025-06-16 17:45:09 - SPEA2 - INFO -  >> Metrics: {'time': 0.7326315159734804, 'size': 265184, 'peaq': -3.178, 'im': -1.444}
2025-06-16 17:45:09 - SPEA2 - INFO - 60º Individual: {'ar': '22050', 'sample_fmt': 's16p', 'compression_level': '1', 'reservoir': '1', 'aq': '9'}
2025-06-16 17:45:10 - SPEA2 - INFO -  >> Metrics: {'time': 0.5304651219921652, 'size': 71635, 'peaq': -3.731, 'im': -2.762}
2025-06-16 17:45:10 - SPEA2 - INFO - 61º Individual: {'ar': '8000', 'sample_fmt': 's32p', 'compression_level': '2', 'reservoir': '1', 'aq': '9'}
2025-06-16 17:45:10 - SPEA2 - INFO -  >> Metrics: {'time': 0.6076686999876983, 'size': 36728, 'peaq': -3.85, 'im': -3.441}
2025-06-16 17:45:10 - SPEA2 - INFO - 62º Individual: {'ar': '44100', 'sample_fmt': 's16p', 'compression_level': '7', 'reservoir': '1', 'b:a': '169k', 'abr': 'True'}
2025-06-16 17:45:11 - SPEA2 - INFO -  >> Metrics: {'time': 0.47782357601681724, 'size': 233702, 'peaq': -2.678, 'im': -0.8}
2025-06-16 17:45:11 - SPEA2 - INFO - 63º Individual: {'ar': '16000', 'sample_fmt': 's32p', 'compression_level': '0', 'reservoir': '0', 'b:a': '166k', 'abr': 'True'}
2025-06-16 17:45:12 - SPEA2 - INFO -  >> Metrics: {'time': 0.8570376690186094, 'size': 145844, 'peaq': -3.738, 'im': -2.794}
2025-06-16 17:45:12 - SPEA2 - INFO - 64º Individual: {'ar': '32000', 'sample_fmt': 's16p', 'compression_level': '7', 'reservoir': '1', 'b:a': '185k'}
2025-06-16 17:45:12 - SPEA2 - INFO -  >> Metrics: {'time': 0.515232906996971, 'size': 274832, 'peaq': -3.178, 'im': -1.444}
2025-06-16 17:45:12 - SPEA2 - INFO - 65º Individual: {'ar': '16000', 'sample_fmt': 'fltp', 'compression_level': '8', 'reservoir': '1', 'b:a': '75k', 'abr': 'True'}
2025-06-16 17:45:13 - SPEA2 - INFO -  >> Metrics: {'time': 0.44247126003028825, 'size': 106244, 'peaq': -3.759, 'im': -2.892}
2025-06-16 17:45:13 - SPEA2 - INFO - 66º Individual: {'ar': '22050', 'sample_fmt': 'fltp', 'compression_level': '8', 'reservoir': '1', 'b:a': '40k', 'abr': 'True'}
2025-06-16 17:45:14 - SPEA2 - INFO -  >> Metrics: {'time': 0.8115994279796723, 'size': 55336, 'peaq': -3.687, 'im': -2.591}
2025-06-16 17:45:14 - SPEA2 - INFO - 67º Individual: {'ar': '44100', 'sample_fmt': 'fltp', 'compression_level': '8', 'reservoir': '0', 'aq': '9'}
2025-06-16 17:45:14 - SPEA2 - INFO -  >> Metrics: {'time': 0.7093673839990515, 'size': 106367, 'peaq': -3.314, 'im': -1.668}
2025-06-16 17:45:14 - SPEA2 - INFO - 68º Individual: {'ar': '44100', 'sample_fmt': 'fltp', 'compression_level': '9', 'reservoir': '1', 'b:a': '208k'}
2025-06-16 17:45:15 - SPEA2 - INFO -  >> Metrics: {'time': 0.6937145870178938, 'size': 274051, 'peaq': -2.627, 'im': -0.744}
2025-06-16 17:45:15 - SPEA2 - INFO - 69º Individual: {'ar': '44100', 'sample_fmt': 's16p', 'compression_level': '4', 'reservoir': '0', 'aq': '9'}
2025-06-16 17:45:16 - SPEA2 - INFO -  >> Metrics: {'time': 0.7827286259853281, 'size': 115219, 'peaq': -3.341, 'im': -1.719}
2025-06-16 17:45:16 - SPEA2 - INFO - 70º Individual: {'ar': '32000', 'sample_fmt': 's32p', 'compression_level': '9', 'reservoir': '1', 'b:a': '143k', 'abr': 'True'}
2025-06-16 17:45:16 - SPEA2 - INFO -  >> Metrics: {'time': 0.5127886989794206, 'size': 199808, 'peaq': -3.239, 'im': -1.541}
2025-06-16 17:45:16 - SPEA2 - INFO - 71º Individual: {'ar': '44100', 'sample_fmt': 's16p', 'compression_level': '7', 'reservoir': '0', 'aq': '9'}
2025-06-16 17:45:17 - SPEA2 - INFO -  >> Metrics: {'time': 0.7505063449789304, 'size': 106341, 'peaq': -3.315, 'im': -1.67}
2025-06-16 17:45:17 - SPEA2 - INFO - 72º Individual: {'ar': '11025', 'sample_fmt': 'fltp', 'compression_level': '4', 'reservoir': '0', 'aq': '9'}
2025-06-16 17:45:18 - SPEA2 - INFO -  >> Metrics: {'time': 0.4850402540178038, 'size': 52337, 'peaq': -3.834, 'im': -3.322}
2025-06-16 17:45:18 - SPEA2 - INFO - 73º Individual: {'ar': '12000', 'sample_fmt': 'fltp', 'compression_level': '2', 'reservoir': '1', 'b:a': '263k'}
2025-06-16 17:45:18 - SPEA2 - INFO -  >> Metrics: {'time': 0.6469199319835752, 'size': 92816, 'peaq': -3.765, 'im': -2.919}
2025-06-16 17:45:18 - SPEA2 - INFO - 74º Individual: {'ar': '8000', 'sample_fmt': 'fltp', 'compression_level': '2', 'reservoir': '1', 'aq': '9'}
2025-06-16 17:45:19 - SPEA2 - INFO -  >> Metrics: {'time': 0.5781355070066638, 'size': 36728, 'peaq': -3.85, 'im': -3.441}
2025-06-16 17:45:19 - SPEA2 - INFO - 75º Individual: {'ar': '48000', 'sample_fmt': 's16p', 'compression_level': '2', 'reservoir': '0', 'b:a': '64k'}
2025-06-16 17:45:20 - SPEA2 - INFO -  >> Metrics: {'time': 0.9096253440075088, 'size': 91472, 'peaq': -3.648, 'im': -2.455}
2025-06-16 17:45:20 - SPEA2 - INFO - 76º Individual: {'ar': '8000', 'sample_fmt': 's32p', 'compression_level': '6', 'reservoir': '0', 'b:a': '109k', 'abr': 'True'}
2025-06-16 17:45:20 - SPEA2 - INFO -  >> Metrics: {'time': 0.4863799929735251, 'size': 91808, 'peaq': -3.858, 'im': -3.509}
2025-06-16 17:45:20 - SPEA2 - INFO - 77º Individual: {'ar': '12000', 'sample_fmt': 's16p', 'compression_level': '4', 'reservoir': '1', 'aq': '9'}
2025-06-16 17:45:21 - SPEA2 - INFO -  >> Metrics: {'time': 0.7348118799855001, 'size': 50960, 'peaq': -3.768, 'im': -2.936}
2025-06-16 17:45:21 - SPEA2 - INFO - 78º Individual: {'ar': '8000', 'sample_fmt': 's16p', 'compression_level': '9', 'reservoir': '1', 'b:a': '43k'}
2025-06-16 17:45:21 - SPEA2 - INFO -  >> Metrics: {'time': 0.4730878440022934, 'size': 58040, 'peaq': -3.858, 'im': -3.51}
2025-06-16 17:45:21 - SPEA2 - INFO - 79º Individual: {'ar': '12000', 'sample_fmt': 'fltp', 'compression_level': '2', 'reservoir': '1', 'aq': '9'}
2025-06-16 17:45:22 - SPEA2 - INFO -  >> Metrics: {'time': 0.6693520940025337, 'size': 50960, 'peaq': -3.769, 'im': -2.94}
2025-06-16 17:45:22 - SPEA2 - INFO - 80º Individual: {'ar': '16000', 'sample_fmt': 's32p', 'compression_level': '8', 'reservoir': '1', 'b:a': '207k', 'abr': 'True'}
2025-06-16 17:45:23 - SPEA2 - INFO -  >> Metrics: {'time': 0.4620240629592445, 'size': 225980, 'peaq': -3.766, 'im': -2.924}
2025-06-16 17:45:23 - SPEA2 - INFO - 81º Individual: {'ar': '44100', 'sample_fmt': 's32p', 'compression_level': '8', 'reservoir': '0', 'b:a': '32k'}
2025-06-16 17:45:23 - SPEA2 - INFO -  >> Metrics: {'time': 0.5901293579663616, 'size': 45846, 'peaq': -3.303, 'im': -1.649}
2025-06-16 17:45:23 - SPEA2 - INFO - 82º Individual: {'ar': '44100', 'sample_fmt': 's32p', 'compression_level': '0', 'reservoir': '1', 'b:a': '245k', 'abr': 'True'}
2025-06-16 17:45:24 - SPEA2 - INFO -  >> Metrics: {'time': 1.2723550020018592, 'size': 342206, 'peaq': -2.595, 'im': -0.709}
2025-06-16 17:45:24 - SPEA2 - INFO - 83º Individual: {'ar': '12000', 'sample_fmt': 'fltp', 'compression_level': '2', 'reservoir': '1', 'b:a': '270k'}
2025-06-16 17:45:25 - SPEA2 - INFO -  >> Metrics: {'time': 0.6007242570049129, 'size': 92816, 'peaq': -3.765, 'im': -2.919}
2025-06-16 17:45:25 - SPEA2 - INFO - 84º Individual: {'ar': '48000', 'sample_fmt': 's32p', 'compression_level': '6', 'reservoir': '0', 'b:a': '133k', 'abr': 'True'}
2025-06-16 17:45:26 - SPEA2 - INFO -  >> Metrics: {'time': 0.9290724330057856, 'size': 199784, 'peaq': -3.601, 'im': -2.31}
2025-06-16 17:45:26 - SPEA2 - INFO - 85º Individual: {'ar': '24000', 'sample_fmt': 'fltp', 'compression_level': '5', 'reservoir': '1', 'b:a': '161k', 'abr': 'True'}
2025-06-16 17:45:27 - SPEA2 - INFO -  >> Metrics: {'time': 0.897969990997808, 'size': 204584, 'peaq': -3.659, 'im': -2.49}
2025-06-16 17:45:27 - SPEA2 - INFO - 86º Individual: {'ar': '48000', 'sample_fmt': 's16p', 'compression_level': '2', 'reservoir': '1', 'aq': '9'}
2025-06-16 17:45:28 - SPEA2 - INFO -  >> Metrics: {'time': 1.0354817200277466, 'size': 111824, 'peaq': -3.336, 'im': -1.708}
2025-06-16 17:45:28 - SPEA2 - INFO - 87º Individual: {'ar': '48000', 'sample_fmt': 's32p', 'compression_level': '5', 'reservoir': '1', 'b:a': '32k', 'abr': 'True'}
2025-06-16 17:45:29 - SPEA2 - INFO -  >> Metrics: {'time': 1.1307796129840426, 'size': 50480, 'peaq': -3.353, 'im': -1.741}
2025-06-16 17:45:29 - SPEA2 - INFO - 88º Individual: {'ar': '8000', 'sample_fmt': 'fltp', 'compression_level': '8', 'reservoir': '1', 'b:a': '75k', 'abr': 'True'}
2025-06-16 17:45:30 - SPEA2 - INFO -  >> Metrics: {'time': 0.5234091960010119, 'size': 91664, 'peaq': -3.858, 'im': -3.51}
2025-06-16 17:45:30 - SPEA2 - INFO - 89º Individual: {'ar': '22050', 'sample_fmt': 'fltp', 'compression_level': '1', 'reservoir': '0', 'aq': '9'}
2025-06-16 17:45:30 - SPEA2 - INFO -  >> Metrics: {'time': 0.6547823110013269, 'size': 76891, 'peaq': -3.731, 'im': -2.763}
2025-06-16 17:45:30 - SPEA2 - INFO - 90º Individual: {'ar': '48000', 'sample_fmt': 's32p', 'compression_level': '1', 'reservoir': '1', 'b:a': '38k', 'abr': 'True'}
2025-06-16 17:45:31 - SPEA2 - INFO -  >> Metrics: {'time': 1.1526917530281935, 'size': 58064, 'peaq': -3.48, 'im': -2.002}
2025-06-16 17:45:31 - SPEA2 - INFO - 91º Individual: {'ar': '16000', 'sample_fmt': 'fltp', 'compression_level': '4', 'reservoir': '0', 'b:a': '75k', 'abr': 'True'}
2025-06-16 17:45:32 - SPEA2 - INFO -  >> Metrics: {'time': 0.7257508710026741, 'size': 111860, 'peaq': -3.807, 'im': -3.147}
2025-06-16 17:45:32 - SPEA2 - INFO - 92º Individual: {'ar': '12000', 'sample_fmt': 'fltp', 'compression_level': '4', 'reservoir': '1', 'aq': '9'}
2025-06-16 17:45:33 - SPEA2 - INFO -  >> Metrics: {'time': 0.5889405430061743, 'size': 50960, 'peaq': -3.769, 'im': -2.94}
2025-06-16 17:45:33 - SPEA2 - INFO - 93º Individual: {'ar': '44100', 'sample_fmt': 's32p', 'compression_level': '5', 'reservoir': '1', 'b:a': '195k', 'abr': 'True'}
2025-06-16 17:45:34 - SPEA2 - INFO -  >> Metrics: {'time': 0.941349613975035, 'size': 274510, 'peaq': -2.618, 'im': -0.735}
2025-06-16 17:45:34 - SPEA2 - INFO - 94º Individual: {'ar': '12000', 'sample_fmt': 'fltp', 'compression_level': '7', 'reservoir': '0', 'b:a': '108k'}
2025-06-16 17:45:34 - SPEA2 - INFO -  >> Metrics: {'time': 0.7217415180348326, 'size': 92528, 'peaq': -3.74, 'im': -2.803}
2025-06-16 17:45:34 - SPEA2 - INFO - 95º Individual: {'ar': '11025', 'sample_fmt': 'fltp', 'compression_level': '6', 'reservoir': '0', 'aq': '9'}
2025-06-16 17:45:35 - SPEA2 - INFO -  >> Metrics: {'time': 0.6395441579807084, 'size': 53286, 'peaq': -3.834, 'im': -3.322}
2025-06-16 17:45:35 - SPEA2 - INFO - 96º Individual: {'ar': '22050', 'sample_fmt': 'fltp', 'compression_level': '2', 'reservoir': '0', 'b:a': '80k'}
2025-06-16 17:45:36 - SPEA2 - INFO -  >> Metrics: {'time': 0.791056597023271, 'size': 114496, 'peaq': -3.734, 'im': -2.777}
2025-06-16 17:45:36 - SPEA2 - INFO - 97º Individual: {'ar': '24000', 'sample_fmt': 's16p', 'compression_level': '6', 'reservoir': '1', 'aq': '9'}
2025-06-16 17:45:36 - SPEA2 - INFO -  >> Metrics: {'time': 0.6316715209686663, 'size': 73760, 'peaq': -3.735, 'im': -2.784}
2025-06-16 17:45:36 - SPEA2 - INFO - 98º Individual: {'ar': '22050', 'sample_fmt': 'fltp', 'compression_level': '1', 'reservoir': '1', 'b:a': '46k', 'abr': 'True'}
2025-06-16 17:45:37 - SPEA2 - INFO -  >> Metrics: {'time': 0.9691572559531778, 'size': 64333, 'peaq': -3.712, 'im': -2.685}
2025-06-16 17:45:37 - SPEA2 - INFO - 99º Individual: {'ar': '44100', 'sample_fmt': 's32p', 'compression_level': '5', 'reservoir': '1', 'b:a': '195k'}
2025-06-16 17:45:38 - SPEA2 - INFO -  >> Metrics: {'time': 0.9230098640255164, 'size': 274051, 'peaq': -2.616, 'im': -0.732}
2025-06-16 17:45:38 - SPEA2 - INFO - 100º Individual: {'ar': '8000', 'sample_fmt': 'fltp', 'compression_level': '9', 'reservoir': '1', 'b:a': '256k'}
2025-06-16 17:45:39 - SPEA2 - INFO -  >> Metrics: {'time': 0.5074256960360799, 'size': 93680, 'peaq': -3.858, 'im': -3.511}
2025-06-16 17:45:39 - SPEA2 - INFO - 101º Individual: {'ar': '44100', 'sample_fmt': 's32p', 'compression_level': '5', 'reservoir': '1', 'b:a': '194k', 'abr': 'True'}
2025-06-16 17:45:40 - SPEA2 - INFO -  >> Metrics: {'time': 0.5940178590244614, 'size': 273152, 'peaq': -2.623, 'im': -0.74}
2025-06-16 17:45:40 - SPEA2 - INFO - 102º Individual: {'ar': '8000', 'sample_fmt': 'fltp', 'compression_level': '0', 'reservoir': '1', 'aq': '9'}
2025-06-16 17:45:40 - SPEA2 - INFO -  >> Metrics: {'time': 0.47632369797793217, 'size': 36728, 'peaq': -3.85, 'im': -3.441}
2025-06-16 17:45:40 - SPEA2 - INFO - 103º Individual: {'ar': '8000', 'sample_fmt': 'fltp', 'compression_level': '2', 'reservoir': '1', 'b:a': '75k', 'abr': 'True'}
2025-06-16 17:45:41 - SPEA2 - INFO -  >> Metrics: {'time': 0.4946485959808342, 'size': 76328, 'peaq': -3.858, 'im': -3.512}
2025-06-16 17:45:41 - SPEA2 - INFO - 104º Individual: {'ar': '44100', 'sample_fmt': 's32p', 'compression_level': '5', 'reservoir': '1', 'aq': '9'}
2025-06-16 17:45:41 - SPEA2 - INFO -  >> Metrics: {'time': 0.5000382819853257, 'size': 107722, 'peaq': -3.343, 'im': -1.721}
2025-06-16 17:45:41 - SPEA2 - INFO - 105º Individual: {'ar': '44100', 'sample_fmt': 's16p', 'compression_level': '4', 'reservoir': '1', 'aq': '9'}
2025-06-16 17:45:42 - SPEA2 - INFO -  >> Metrics: {'time': 0.513109955994878, 'size': 106308, 'peaq': -3.341, 'im': -1.719}
2025-06-16 17:45:42 - SPEA2 - INFO - 106º Individual: {'ar': '32000', 'sample_fmt': 's16p', 'compression_level': '7', 'reservoir': '1', 'aq': '9'}
2025-06-16 17:45:42 - SPEA2 - INFO -  >> Metrics: {'time': 0.4594574070069939, 'size': 83672, 'peaq': -3.514, 'im': -2.081}
2025-06-16 17:45:42 - SPEA2 - INFO - 107º Individual: {'ar': '44100', 'sample_fmt': 's32p', 'compression_level': '5', 'reservoir': '1', 'b:a': '195k'}
2025-06-16 17:45:43 - SPEA2 - INFO -  >> Metrics: {'time': 0.8500555979844648, 'size': 274051, 'peaq': -2.616, 'im': -0.732}
2025-06-16 17:45:43 - SPEA2 - INFO - 108º Individual: {'ar': '22050', 'sample_fmt': 's32p', 'compression_level': '1', 'reservoir': '1', 'b:a': '162k', 'abr': 'True'}
2025-06-16 17:45:44 - SPEA2 - INFO -  >> Metrics: {'time': 0.9547610319859814, 'size': 178120, 'peaq': -3.673, 'im': -2.542}
2025-06-16 17:45:44 - SPEA2 - INFO - 109º Individual: {'ar': '16000', 'sample_fmt': 'fltp', 'compression_level': '8', 'reservoir': '1', 'b:a': '75k', 'abr': 'True'}
2025-06-16 17:45:45 - SPEA2 - INFO -  >> Metrics: {'time': 0.7120019330468494, 'size': 106244, 'peaq': -3.759, 'im': -2.892}
2025-06-16 17:45:45 - SPEA2 - INFO - 110º Individual: {'ar': '32000', 'sample_fmt': 's32p', 'compression_level': '9', 'reservoir': '1', 'b:a': '77k', 'abr': 'True'}
2025-06-16 17:45:45 - SPEA2 - INFO -  >> Metrics: {'time': 0.48950982801034115, 'size': 103220, 'peaq': -3.645, 'im': -2.447}
2025-06-16 17:45:45 - SPEA2 - INFO - 111º Individual: {'ar': '48000', 'sample_fmt': 's16p', 'compression_level': '2', 'reservoir': '1', 'aq': '9'}
2025-06-16 17:45:46 - SPEA2 - INFO -  >> Metrics: {'time': 0.6848288479959592, 'size': 111824, 'peaq': -3.336, 'im': -1.708}
2025-06-16 17:45:46 - SPEA2 - INFO - 112º Individual: {'ar': '12000', 'sample_fmt': 'fltp', 'compression_level': '1', 'reservoir': '1', 'b:a': '39k', 'abr': 'True'}
2025-06-16 17:45:47 - SPEA2 - INFO -  >> Metrics: {'time': 0.7417878379928879, 'size': 54944, 'peaq': -3.759, 'im': -2.889}
2025-06-16 17:45:47 - SPEA2 - INFO - 113º Individual: {'ar': '8000', 'sample_fmt': 's32p', 'compression_level': '2', 'reservoir': '1', 'aq': '9'}
2025-06-16 17:45:47 - SPEA2 - INFO -  >> Metrics: {'time': 0.4291677519795485, 'size': 36728, 'peaq': -3.85, 'im': -3.441}
2025-06-16 17:45:47 - SPEA2 - INFO - 114º Individual: {'ar': '11025', 'sample_fmt': 'fltp', 'compression_level': '0', 'reservoir': '1', 'aq': '9'}
2025-06-16 17:45:47 - SPEA2 - INFO -  >> Metrics: {'time': 0.4419663189910352, 'size': 48030, 'peaq': -3.834, 'im': -3.322}
2025-06-16 17:45:47 - SPEA2 - INFO - 115º Individual: {'ar': '44100', 'sample_fmt': 'fltp', 'compression_level': '7', 'reservoir': '1', 'b:a': '32k', 'abr': 'True'}
2025-06-16 17:45:48 - SPEA2 - INFO -  >> Metrics: {'time': 0.4826984249812085, 'size': 49324, 'peaq': -3.35, 'im': -1.734}
2025-06-16 17:45:48 - SPEA2 - INFO - 116º Individual: {'ar': '8000', 'sample_fmt': 'fltp', 'compression_level': '9', 'reservoir': '0', 'b:a': '196k'}
2025-06-16 17:45:48 - SPEA2 - INFO -  >> Metrics: {'time': 0.4339309810020495, 'size': 93680, 'peaq': -3.858, 'im': -3.509}
2025-06-16 17:45:48 - SPEA2 - INFO - 117º Individual: {'ar': '12000', 'sample_fmt': 'fltp', 'compression_level': '2', 'reservoir': '1', 'b:a': '77k', 'abr': 'True'}
2025-06-16 17:45:49 - SPEA2 - INFO -  >> Metrics: {'time': 0.7186209599894937, 'size': 72992, 'peaq': -3.768, 'im': -2.934}
2025-06-16 17:45:49 - SPEA2 - INFO - 118º Individual: {'ar': '16000', 'sample_fmt': 's32p', 'compression_level': '8', 'reservoir': '1', 'b:a': '223k', 'abr': 'True'}
2025-06-16 17:45:50 - SPEA2 - INFO -  >> Metrics: {'time': 0.5064276209741365, 'size': 225980, 'peaq': -3.766, 'im': -2.924}
2025-06-16 17:45:50 - SPEA2 - INFO - 119º Individual: {'ar': '11025', 'sample_fmt': 'fltp', 'compression_level': '7', 'reservoir': '0', 'b:a': '108k'}
2025-06-16 17:45:50 - SPEA2 - INFO -  >> Metrics: {'time': 0.53672479299712, 'size': 92762, 'peaq': -3.85, 'im': -3.442}
2025-06-16 17:45:50 - SPEA2 - INFO - 120º Individual: {'ar': '12000', 'sample_fmt': 's16p', 'compression_level': '0', 'reservoir': '0', 'b:a': '169k', 'abr': 'True'}
2025-06-16 17:45:51 - SPEA2 - INFO -  >> Metrics: {'time': 1.0346632350119762, 'size': 74816, 'peaq': -3.768, 'im': -2.934}
2025-06-16 17:45:51 - SPEA2 - INFO - 121º Individual: {'ar': '44100', 'sample_fmt': 's32p', 'compression_level': '3', 'reservoir': '0', 'aq': '9'}
2025-06-16 17:45:52 - SPEA2 - INFO -  >> Metrics: {'time': 0.6474340789718553, 'size': 115219, 'peaq': -3.343, 'im': -1.721}
2025-06-16 17:45:52 - SPEA2 - INFO - 122º Individual: {'ar': '44100', 'sample_fmt': 's32p', 'compression_level': '5', 'reservoir': '1', 'b:a': '195k'}
2025-06-16 17:45:53 - SPEA2 - INFO -  >> Metrics: {'time': 1.0384384189965203, 'size': 274051, 'peaq': -2.616, 'im': -0.732}
2025-06-16 17:45:53 - SPEA2 - INFO - 123º Individual: {'ar': '12000', 'sample_fmt': 'fltp', 'compression_level': '2', 'reservoir': '0', 'b:a': '32k', 'abr': 'True'}
2025-06-16 17:45:53 - SPEA2 - INFO -  >> Metrics: {'time': 0.6137213420006447, 'size': 48752, 'peaq': -3.766, 'im': -2.923}
2025-06-16 17:45:53 - SPEA2 - INFO - 124º Individual: {'ar': '44100', 'sample_fmt': 's32p', 'compression_level': '8', 'reservoir': '1', 'b:a': '185k'}
2025-06-16 17:45:54 - SPEA2 - INFO -  >> Metrics: {'time': 0.5854340549849439, 'size': 274051, 'peaq': -2.63, 'im': -0.747}
2025-06-16 17:45:54 - SPEA2 - INFO - 125º Individual: {'ar': '11025', 'sample_fmt': 'fltp', 'compression_level': '0', 'reservoir': '1', 'b:a': '122k', 'abr': 'True'}
2025-06-16 17:45:55 - SPEA2 - INFO -  >> Metrics: {'time': 0.8791112160251942, 'size': 68993, 'peaq': -3.841, 'im': -3.373}
2025-06-16 17:45:55 - SPEA2 - INFO - 126º Individual: {'ar': '44100', 'sample_fmt': 's32p', 'compression_level': '5', 'reservoir': '1', 'b:a': '195k', 'abr': 'True'}
2025-06-16 17:45:56 - SPEA2 - INFO -  >> Metrics: {'time': 0.64245707297232, 'size': 274510, 'peaq': -2.618, 'im': -0.735}
2025-06-16 17:45:56 - SPEA2 - INFO - 127º Individual: {'ar': '16000', 'sample_fmt': 'fltp', 'compression_level': '4', 'reservoir': '1', 'b:a': '127k', 'abr': 'True'}
2025-06-16 17:45:56 - SPEA2 - INFO -  >> Metrics: {'time': 0.5565163479768671, 'size': 166292, 'peaq': -3.769, 'im': -2.939}
2025-06-16 17:45:56 - SPEA2 - INFO - 128º Individual: {'ar': '11025', 'sample_fmt': 'fltp', 'compression_level': '2', 'reservoir': '1', 'aq': '9'}
2025-06-16 17:45:57 - SPEA2 - INFO -  >> Metrics: {'time': 0.666168464027578, 'size': 48030, 'peaq': -3.834, 'im': -3.322}
2025-06-16 17:45:57 - SPEA2 - INFO - 129º Individual: {'ar': '11025', 'sample_fmt': 's32p', 'compression_level': '5', 'reservoir': '0', 'b:a': '195k'}
2025-06-16 17:45:57 - SPEA2 - INFO -  >> Metrics: {'time': 0.5131986860069446, 'size': 93075, 'peaq': -3.848, 'im': -3.431}
2025-06-16 17:45:57 - SPEA2 - INFO - 130º Individual: {'ar': '44100', 'sample_fmt': 's32p', 'compression_level': '5', 'reservoir': '1', 'b:a': '58k', 'abr': 'True'}
2025-06-16 17:45:58 - SPEA2 - INFO -  >> Metrics: {'time': 0.6230146250163671, 'size': 81932, 'peaq': -3.442, 'im': -1.918}
2025-06-16 17:45:58 - SPEA2 - INFO - 131º Individual: {'ar': '16000', 'sample_fmt': 'fltp', 'compression_level': '1', 'reservoir': '1', 'b:a': '40k', 'abr': 'True'}
2025-06-16 17:45:59 - SPEA2 - INFO -  >> Metrics: {'time': 1.048342764028348, 'size': 55592, 'peaq': -3.806, 'im': -3.143}
2025-06-16 17:45:59 - SPEA2 - INFO - 132º Individual: {'ar': '32000', 'sample_fmt': 's32p', 'compression_level': '6', 'reservoir': '0', 'b:a': '142k'}
2025-06-16 17:46:00 - SPEA2 - INFO -  >> Metrics: {'time': 0.8632307850057259, 'size': 183248, 'peaq': -3.276, 'im': -1.603}
2025-06-16 17:46:00 - SPEA2 - INFO - 133º Individual: {'ar': '12000', 'sample_fmt': 's32p', 'compression_level': '4', 'reservoir': '1', 'aq': '9'}
2025-06-16 17:46:00 - SPEA2 - INFO -  >> Metrics: {'time': 0.5300112289842218, 'size': 50960, 'peaq': -3.769, 'im': -2.94}
2025-06-16 17:46:00 - SPEA2 - INFO - 134º Individual: {'ar': '44100', 'sample_fmt': 's32p', 'compression_level': '0', 'reservoir': '1', 'b:a': '245k', 'abr': 'True'}
2025-06-16 17:46:02 - SPEA2 - INFO -  >> Metrics: {'time': 1.340012350003235, 'size': 342206, 'peaq': -2.595, 'im': -0.709}
2025-06-16 17:46:02 - SPEA2 - INFO - 135º Individual: {'ar': '44100', 'sample_fmt': 'fltp', 'compression_level': '9', 'reservoir': '1', 'b:a': '208k'}
2025-06-16 17:46:02 - SPEA2 - INFO -  >> Metrics: {'time': 0.6692980140214786, 'size': 274051, 'peaq': -2.627, 'im': -0.744}
2025-06-16 17:46:02 - SPEA2 - INFO - 136º Individual: {'ar': '48000', 'sample_fmt': 'fltp', 'compression_level': '9', 'reservoir': '1', 'b:a': '77k'}
2025-06-16 17:46:03 - SPEA2 - INFO -  >> Metrics: {'time': 0.5931408969918266, 'size': 114320, 'peaq': -3.687, 'im': -2.59}
2025-06-16 17:46:03 - SPEA2 - INFO - 137º Individual: {'ar': '44100', 'sample_fmt': 's32p', 'compression_level': '7', 'reservoir': '1', 'b:a': '246k', 'abr': 'True'}
2025-06-16 17:46:04 - SPEA2 - INFO -  >> Metrics: {'time': 0.6965740080049727, 'size': 347619, 'peaq': -2.605, 'im': -0.72}
2025-06-16 17:46:04 - SPEA2 - INFO - 138º Individual: {'ar': '16000', 'sample_fmt': 's16p', 'compression_level': '8', 'reservoir': '0', 'b:a': '267k', 'abr': 'True'}
2025-06-16 17:46:04 - SPEA2 - INFO -  >> Metrics: {'time': 0.47277045299415477, 'size': 229076, 'peaq': -3.768, 'im': -2.933}
2025-06-16 17:46:04 - SPEA2 - INFO - 139º Individual: {'ar': '44100', 'sample_fmt': 's32p', 'compression_level': '5', 'reservoir': '0', 'b:a': '32k'}
2025-06-16 17:46:05 - SPEA2 - INFO -  >> Metrics: {'time': 0.9981865140143782, 'size': 45846, 'peaq': -3.299, 'im': -1.643}
2025-06-16 17:46:05 - SPEA2 - INFO - 140º Individual: {'ar': '22050', 'sample_fmt': 'fltp', 'compression_level': '1', 'reservoir': '1', 'b:a': '143k', 'abr': 'True'}
2025-06-16 17:46:06 - SPEA2 - INFO -  >> Metrics: {'time': 0.925826908001909, 'size': 157343, 'peaq': -3.683, 'im': -2.575}
2025-06-16 17:46:06 - SPEA2 - INFO - 141º Individual: {'ar': '11025', 'sample_fmt': 'fltp', 'compression_level': '4', 'reservoir': '0', 'aq': '9'}
2025-06-16 17:46:07 - SPEA2 - INFO -  >> Metrics: {'time': 0.6191265870002098, 'size': 52337, 'peaq': -3.834, 'im': -3.322}
2025-06-16 17:46:07 - SPEA2 - INFO - 142º Individual: {'ar': '16000', 'sample_fmt': 'fltp', 'compression_level': '9', 'reservoir': '1', 'b:a': '208k', 'abr': 'True'}
2025-06-16 17:46:07 - SPEA2 - INFO -  >> Metrics: {'time': 0.6976361830020323, 'size': 226052, 'peaq': -3.766, 'im': -2.925}
2025-06-16 17:46:07 - SPEA2 - INFO - 143º Individual: {'ar': '8000', 'sample_fmt': 'fltp', 'compression_level': '9', 'reservoir': '0', 'b:a': '196k'}
2025-06-16 17:46:08 - SPEA2 - INFO -  >> Metrics: {'time': 0.5696184480038937, 'size': 93680, 'peaq': -3.858, 'im': -3.509}
2025-06-16 17:46:08 - SPEA2 - INFO - 144º Individual: {'ar': '12000', 'sample_fmt': 'fltp', 'compression_level': '4', 'reservoir': '1', 'aq': '9'}
2025-06-16 17:46:09 - SPEA2 - INFO -  >> Metrics: {'time': 0.5165610279946122, 'size': 50960, 'peaq': -3.769, 'im': -2.94}
2025-06-16 17:46:09 - SPEA2 - INFO - 145º Individual: {'ar': '32000', 'sample_fmt': 's16p', 'compression_level': '7', 'reservoir': '1', 'b:a': '185k'}
2025-06-16 17:46:09 - SPEA2 - INFO -  >> Metrics: {'time': 0.7354769480007235, 'size': 274832, 'peaq': -3.178, 'im': -1.444}
2025-06-16 17:46:09 - SPEA2 - INFO - 146º Individual: {'ar': '44100', 'sample_fmt': 's32p', 'compression_level': '5', 'reservoir': '1', 'b:a': '195k'}
2025-06-16 17:46:10 - SPEA2 - INFO -  >> Metrics: {'time': 0.8540338239981793, 'size': 274051, 'peaq': -2.616, 'im': -0.732}
2025-06-16 17:46:10 - SPEA2 - INFO - 147º Individual: {'ar': '44100', 'sample_fmt': 's16p', 'compression_level': '9', 'reservoir': '1', 'b:a': '184k'}
2025-06-16 17:46:11 - SPEA2 - INFO -  >> Metrics: {'time': 0.6170620799821336, 'size': 274051, 'peaq': -2.634, 'im': -0.752}
2025-06-16 17:46:11 - SPEA2 - INFO - 148º Individual: {'ar': '48000', 'sample_fmt': 's32p', 'compression_level': '9', 'reservoir': '0', 'b:a': '195k'}
2025-06-16 17:46:12 - SPEA2 - INFO -  >> Metrics: {'time': 0.7309574300015811, 'size': 274256, 'peaq': -3.544, 'im': -2.154}
2025-06-16 17:46:12 - SPEA2 - INFO - 149º Individual: {'ar': '44100', 'sample_fmt': 'fltp', 'compression_level': '9', 'reservoir': '0', 'b:a': '208k'}
2025-06-16 17:46:12 - SPEA2 - INFO -  >> Metrics: {'time': 0.59848030100693, 'size': 274051, 'peaq': -2.62, 'im': -0.736}
2025-06-16 17:46:12 - SPEA2 - INFO - 150º Individual: {'ar': '44100', 'sample_fmt': 's32p', 'compression_level': '7', 'reservoir': '1', 'b:a': '246k', 'abr': 'True'}
2025-06-16 17:46:13 - SPEA2 - INFO -  >> Metrics: {'time': 0.5962577810278162, 'size': 347619, 'peaq': -2.605, 'im': -0.72}
2025-06-16 17:46:13 - SPEA2 - INFO - 151º Individual: {'ar': '44100', 'sample_fmt': 's32p', 'compression_level': '5', 'reservoir': '1', 'b:a': '195k'}
2025-06-16 17:46:13 - SPEA2 - INFO -  >> Metrics: {'time': 0.6436026540177409, 'size': 274051, 'peaq': -2.616, 'im': -0.732}
2025-06-16 17:46:13 - SPEA2 - INFO - 152º Individual: {'ar': '8000', 'sample_fmt': 's32p', 'compression_level': '2', 'reservoir': '0', 'aq': '9'}
2025-06-16 17:46:14 - SPEA2 - INFO -  >> Metrics: {'time': 0.43656375296995975, 'size': 41552, 'peaq': -3.85, 'im': -3.441}
2025-06-16 17:46:14 - SPEA2 - INFO - 153º Individual: {'ar': '11025', 'sample_fmt': 'fltp', 'compression_level': '6', 'reservoir': '0', 'aq': '9'}
2025-06-16 17:46:14 - SPEA2 - INFO -  >> Metrics: {'time': 0.46913564996793866, 'size': 53286, 'peaq': -3.834, 'im': -3.322}
2025-06-16 17:46:14 - SPEA2 - INFO - 154º Individual: {'ar': '16000', 'sample_fmt': 's32p', 'compression_level': '5', 'reservoir': '1', 'b:a': '204k', 'abr': 'True'}
2025-06-16 17:46:15 - SPEA2 - INFO -  >> Metrics: {'time': 0.5558552619768307, 'size': 215756, 'peaq': -3.762, 'im': -2.907}
2025-06-16 17:46:15 - SPEA2 - INFO - 155º Individual: {'ar': '32000', 'sample_fmt': 's32p', 'compression_level': '6', 'reservoir': '0', 'b:a': '142k', 'abr': 'True'}
2025-06-16 17:46:16 - SPEA2 - INFO -  >> Metrics: {'time': 0.6212524489674252, 'size': 215504, 'peaq': -3.257, 'im': -1.57}
2025-06-16 17:46:16 - SPEA2 - INFO - 156º Individual: {'ar': '44100', 'sample_fmt': 's32p', 'compression_level': '4', 'reservoir': '0', 'b:a': '32k'}
2025-06-16 17:46:16 - SPEA2 - INFO -  >> Metrics: {'time': 0.6045550329727121, 'size': 45846, 'peaq': -3.302, 'im': -1.648}
2025-06-16 17:46:16 - SPEA2 - INFO - 157º Individual: {'ar': '44100', 'sample_fmt': 'fltp', 'compression_level': '7', 'reservoir': '1', 'b:a': '32k', 'abr': 'True'}
2025-06-16 17:46:17 - SPEA2 - INFO -  >> Metrics: {'time': 0.5237134239869192, 'size': 49324, 'peaq': -3.35, 'im': -1.734}
2025-06-16 17:46:17 - SPEA2 - INFO - 158º Individual: {'ar': '32000', 'sample_fmt': 's16p', 'compression_level': '2', 'reservoir': '1', 'aq': '9'}
2025-06-16 17:46:17 - SPEA2 - INFO -  >> Metrics: {'time': 0.6908465950400569, 'size': 84968, 'peaq': -3.544, 'im': -2.157}
2025-06-16 17:46:17 - SPEA2 - INFO - 159º Individual: {'ar': '8000', 'sample_fmt': 's16p', 'compression_level': '6', 'reservoir': '1', 'aq': '9'}
2025-06-16 17:46:18 - SPEA2 - INFO -  >> Metrics: {'time': 0.4713606889999937, 'size': 37232, 'peaq': -3.85, 'im': -3.44}
2025-06-16 17:46:18 - SPEA2 - INFO - 160º Individual: {'ar': '44100', 'sample_fmt': 's32p', 'compression_level': '5', 'reservoir': '1', 'b:a': '195k'}
2025-06-16 17:46:19 - SPEA2 - INFO -  >> Metrics: {'time': 0.6174464920186438, 'size': 274051, 'peaq': -2.616, 'im': -0.732}
2025-06-16 17:46:19 - SPEA2 - INFO - 161º Individual: {'ar': '12000', 'sample_fmt': 's32p', 'compression_level': '5', 'reservoir': '0', 'b:a': '195k'}
2025-06-16 17:46:19 - SPEA2 - INFO -  >> Metrics: {'time': 0.6107862330100033, 'size': 92816, 'peaq': -3.761, 'im': -2.898}
2025-06-16 17:46:19 - SPEA2 - INFO - 162º Individual: {'ar': '11025', 'sample_fmt': 'fltp', 'compression_level': '0', 'reservoir': '1', 'b:a': '168k', 'abr': 'True'}
2025-06-16 17:46:20 - SPEA2 - INFO -  >> Metrics: {'time': 0.80893395098974, 'size': 69202, 'peaq': -3.841, 'im': -3.373}
2025-06-16 17:46:20 - SPEA2 - INFO - 163º Individual: {'ar': '16000', 'sample_fmt': 'fltp', 'compression_level': '4', 'reservoir': '1', 'b:a': '46k', 'abr': 'True'}
2025-06-16 17:46:21 - SPEA2 - INFO -  >> Metrics: {'time': 0.5865722669987008, 'size': 63404, 'peaq': -3.798, 'im': -3.093}
2025-06-16 17:46:21 - SPEA2 - INFO - 164º Individual: {'ar': '44100', 'sample_fmt': 's32p', 'compression_level': '0', 'reservoir': '1', 'b:a': '245k', 'abr': 'True'}
2025-06-16 17:46:22 - SPEA2 - INFO -  >> Metrics: {'time': 1.310011138994014, 'size': 342206, 'peaq': -2.595, 'im': -0.709}
2025-06-16 17:46:22 - SPEA2 - INFO - 165º Individual: {'ar': '16000', 'sample_fmt': 'fltp', 'compression_level': '8', 'reservoir': '1', 'b:a': '293k', 'abr': 'True'}
2025-06-16 17:46:22 - SPEA2 - INFO -  >> Metrics: {'time': 0.47830251400591806, 'size': 226052, 'peaq': -3.766, 'im': -2.925}
2025-06-16 17:46:22 - SPEA2 - INFO - 166º Individual: {'ar': '8000', 'sample_fmt': 's16p', 'compression_level': '5', 'reservoir': '0', 'aq': '9'}
2025-06-16 17:46:23 - SPEA2 - INFO -  >> Metrics: {'time': 0.4796827980026137, 'size': 42056, 'peaq': -3.85, 'im': -3.44}
2025-06-16 17:46:23 - SPEA2 - INFO - 167º Individual: {'ar': '8000', 'sample_fmt': 's16p', 'compression_level': '5', 'reservoir': '1', 'b:a': '32k'}
2025-06-16 17:46:23 - SPEA2 - INFO -  >> Metrics: {'time': 0.45351990801282227, 'size': 46448, 'peaq': -3.855, 'im': -3.485}
2025-06-16 17:46:23 - SPEA2 - INFO - 168º Individual: {'ar': '12000', 'sample_fmt': 'fltp', 'compression_level': '8', 'reservoir': '0', 'b:a': '32k'}
2025-06-16 17:46:24 - SPEA2 - INFO -  >> Metrics: {'time': 0.4966315890196711, 'size': 46160, 'peaq': -3.773, 'im': -2.962}
2025-06-16 17:46:24 - SPEA2 - INFO - 169º Individual: {'ar': '44100', 'sample_fmt': 's32p', 'compression_level': '5', 'reservoir': '1', 'b:a': '32k'}
2025-06-16 17:46:24 - SPEA2 - INFO -  >> Metrics: {'time': 0.5844720689638052, 'size': 45846, 'peaq': -3.292, 'im': -1.63}
2025-06-16 17:46:24 - SPEA2 - INFO - 170º Individual: {'ar': '44100', 'sample_fmt': 's32p', 'compression_level': '2', 'reservoir': '0', 'b:a': '194k', 'abr': 'True'}
2025-06-16 17:46:25 - SPEA2 - INFO -  >> Metrics: {'time': 0.8953130820009392, 'size': 281188, 'peaq': -2.62, 'im': -0.736}
2025-06-16 17:46:25 - SPEA2 - INFO - 171º Individual: {'ar': '44100', 'sample_fmt': 's32p', 'compression_level': '5', 'reservoir': '1', 'b:a': '143k', 'abr': 'True'}
2025-06-16 17:46:26 - SPEA2 - INFO -  >> Metrics: {'time': 0.6558519420213997, 'size': 196003, 'peaq': -2.771, 'im': -0.906}
2025-06-16 17:46:26 - SPEA2 - INFO - 172º Individual: {'ar': '44100', 'sample_fmt': 's32p', 'compression_level': '5', 'reservoir': '1', 'aq': '9'}
2025-06-16 17:46:26 - SPEA2 - INFO -  >> Metrics: {'time': 0.5533226469997317, 'size': 107722, 'peaq': -3.343, 'im': -1.721}
2025-06-16 17:46:26 - SPEA2 - INFO - 173º Individual: {'ar': '16000', 'sample_fmt': 'fltp', 'compression_level': '8', 'reservoir': '1', 'b:a': '75k', 'abr': 'True'}
2025-06-16 17:46:27 - SPEA2 - INFO -  >> Metrics: {'time': 0.49037380499066785, 'size': 106244, 'peaq': -3.759, 'im': -2.892}
2025-06-16 17:46:27 - SPEA2 - INFO - 174º Individual: {'ar': '32000', 'sample_fmt': 's32p', 'compression_level': '7', 'reservoir': '0', 'b:a': '32k'}
2025-06-16 17:46:27 - SPEA2 - INFO -  >> Metrics: {'time': 0.4939338050025981, 'size': 45944, 'peaq': -3.413, 'im': -1.857}
2025-06-16 17:46:27 - SPEA2 - INFO - 175º Individual: {'ar': '44100', 'sample_fmt': 's32p', 'compression_level': '5', 'reservoir': '1', 'b:a': '269k'}
2025-06-16 17:46:28 - SPEA2 - INFO -  >> Metrics: {'time': 0.9829967350233346, 'size': 365375, 'peaq': -2.592, 'im': -0.706}
2025-06-16 17:46:28 - SPEA2 - INFO - 176º Individual: {'ar': '44100', 'sample_fmt': 's32p', 'compression_level': '5', 'reservoir': '1', 'b:a': '195k'}
2025-06-16 17:46:30 - SPEA2 - INFO -  >> Metrics: {'time': 1.4278772590041626, 'size': 274051, 'peaq': -2.616, 'im': -0.732}
2025-06-16 17:46:30 - SPEA2 - INFO - 177º Individual: {'ar': '16000', 'sample_fmt': 'fltp', 'compression_level': '8', 'reservoir': '0', 'b:a': '78k', 'abr': 'True'}
2025-06-16 17:46:31 - SPEA2 - INFO -  >> Metrics: {'time': 1.1131136970070656, 'size': 117836, 'peaq': -3.741, 'im': -2.807}
2025-06-16 17:46:31 - SPEA2 - INFO - 178º Individual: {'ar': '44100', 'sample_fmt': 's32p', 'compression_level': '7', 'reservoir': '1', 'b:a': '195k'}
2025-06-16 17:46:32 - SPEA2 - INFO -  >> Metrics: {'time': 0.7850880350160878, 'size': 274051, 'peaq': -2.63, 'im': -0.747}
2025-06-16 17:46:32 - SPEA2 - INFO - 179º Individual: {'ar': '44100', 'sample_fmt': 'fltp', 'compression_level': '5', 'reservoir': '0', 'b:a': '82k'}
2025-06-16 17:46:33 - SPEA2 - INFO -  >> Metrics: {'time': 0.8759786320151761, 'size': 114235, 'peaq': -3.464, 'im': -1.965}
2025-06-16 17:46:33 - SPEA2 - INFO - 180º Individual: {'ar': '44100', 'sample_fmt': 's32p', 'compression_level': '5', 'reservoir': '0', 'b:a': '32k'}
2025-06-16 17:46:34 - SPEA2 - INFO -  >> Metrics: {'time': 1.2131967839959543, 'size': 45846, 'peaq': -3.299, 'im': -1.643}
2025-06-16 17:46:34 - SPEA2 - INFO - 181º Individual: {'ar': '48000', 'sample_fmt': 'fltp', 'compression_level': '9', 'reservoir': '0', 'b:a': '300k'}
2025-06-16 17:46:35 - SPEA2 - INFO -  >> Metrics: {'time': 0.7024919939867686, 'size': 457040, 'peaq': -3.307, 'im': -1.657}
2025-06-16 17:46:35 - SPEA2 - INFO - 182º Individual: {'ar': '32000', 'sample_fmt': 's32p', 'compression_level': '7', 'reservoir': '1', 'b:a': '185k'}
2025-06-16 17:46:35 - SPEA2 - INFO -  >> Metrics: {'time': 0.7197817929845769, 'size': 274832, 'peaq': -3.177, 'im': -1.443}
2025-06-16 17:46:35 - SPEA2 - INFO - 183º Individual: {'ar': '11025', 'sample_fmt': 'fltp', 'compression_level': '0', 'reservoir': '1', 'aq': '9'}
2025-06-16 17:46:36 - SPEA2 - INFO -  >> Metrics: {'time': 0.6809768039966002, 'size': 48030, 'peaq': -3.834, 'im': -3.322}
2025-06-16 17:46:36 - SPEA2 - INFO - 184º Individual: {'ar': '48000', 'sample_fmt': 'fltp', 'compression_level': '9', 'reservoir': '0', 'b:a': '296k'}
2025-06-16 17:46:37 - SPEA2 - INFO -  >> Metrics: {'time': 0.6649979760113638, 'size': 457040, 'peaq': -3.307, 'im': -1.657}
2025-06-16 17:46:37 - SPEA2 - INFO - 185º Individual: {'ar': '44100', 'sample_fmt': 'fltp', 'compression_level': '9', 'reservoir': '1', 'b:a': '209k'}
2025-06-16 17:46:37 - SPEA2 - INFO -  >> Metrics: {'time': 0.5891936720290687, 'size': 319714, 'peaq': -2.6, 'im': -0.715}
2025-06-16 17:46:37 - SPEA2 - INFO - 186º Individual: {'ar': '44100', 'sample_fmt': 'fltp', 'compression_level': '7', 'reservoir': '1', 'b:a': '32k', 'abr': 'True'}
2025-06-16 17:46:38 - SPEA2 - INFO -  >> Metrics: {'time': 0.8652372210053727, 'size': 49324, 'peaq': -3.35, 'im': -1.734}
2025-06-16 17:46:38 - SPEA2 - INFO - 187º Individual: {'ar': '12000', 'sample_fmt': 'fltp', 'compression_level': '7', 'reservoir': '0', 'b:a': '108k'}
2025-06-16 17:46:39 - SPEA2 - INFO -  >> Metrics: {'time': 0.6057541450136341, 'size': 92528, 'peaq': -3.74, 'im': -2.803}
2025-06-16 17:46:39 - SPEA2 - INFO - 188º Individual: {'ar': '12000', 'sample_fmt': 'fltp', 'compression_level': '2', 'reservoir': '0', 'b:a': '155k', 'abr': 'True'}
2025-06-16 17:46:39 - SPEA2 - INFO -  >> Metrics: {'time': 0.6026627699902747, 'size': 78416, 'peaq': -3.769, 'im': -2.938}
2025-06-16 17:46:40 - SPEA2 - INFO - 189º Individual: {'ar': '32000', 'sample_fmt': 's16p', 'compression_level': '7', 'reservoir': '1', 'b:a': '32k'}
2025-06-16 17:46:40 - SPEA2 - INFO -  >> Metrics: {'time': 0.47081053600413725, 'size': 45944, 'peaq': -3.423, 'im': -1.878}
2025-06-16 17:46:40 - SPEA2 - INFO - 190º Individual: {'ar': '44100', 'sample_fmt': 's16p', 'compression_level': '4', 'reservoir': '1', 'aq': '9'}
2025-06-16 17:46:41 - SPEA2 - INFO -  >> Metrics: {'time': 0.7935660229995847, 'size': 106308, 'peaq': -3.341, 'im': -1.719}
2025-06-16 17:46:41 - SPEA2 - INFO - 191º Individual: {'ar': '44100', 'sample_fmt': 's32p', 'compression_level': '5', 'reservoir': '1', 'b:a': '32k'}
2025-06-16 17:46:41 - SPEA2 - INFO -  >> Metrics: {'time': 0.6641259930038359, 'size': 45846, 'peaq': -3.292, 'im': -1.63}
2025-06-16 17:46:41 - SPEA2 - INFO - 192º Individual: {'ar': '44100', 'sample_fmt': 's32p', 'compression_level': '5', 'reservoir': '1', 'b:a': '194k', 'abr': 'True'}
2025-06-16 17:46:42 - SPEA2 - INFO -  >> Metrics: {'time': 0.6387530310021248, 'size': 273152, 'peaq': -2.623, 'im': -0.74}
2025-06-16 17:46:42 - SPEA2 - INFO - 193º Individual: {'ar': '44100', 'sample_fmt': 's32p', 'compression_level': '7', 'reservoir': '1', 'b:a': '246k', 'abr': 'True'}
2025-06-16 17:46:43 - SPEA2 - INFO -  >> Metrics: {'time': 0.5312853749783244, 'size': 347619, 'peaq': -2.605, 'im': -0.72}
2025-06-16 17:46:43 - SPEA2 - INFO - 194º Individual: {'ar': '44100', 'sample_fmt': 's32p', 'compression_level': '0', 'reservoir': '1', 'aq': '9'}
2025-06-16 17:46:43 - SPEA2 - INFO -  >> Metrics: {'time': 0.5428762220253702, 'size': 106330, 'peaq': -3.343, 'im': -1.721}
2025-06-16 17:46:43 - SPEA2 - INFO - 195º Individual: {'ar': '48000', 'sample_fmt': 's16p', 'compression_level': '6', 'reservoir': '0', 'aq': '9'}
2025-06-16 17:46:44 - SPEA2 - INFO -  >> Metrics: {'time': 0.528928118001204, 'size': 124184, 'peaq': -3.336, 'im': -1.708}
2025-06-16 17:46:44 - SPEA2 - INFO - 196º Individual: {'ar': '44100', 'sample_fmt': 's32p', 'compression_level': '7', 'reservoir': '1', 'aq': '9'}
2025-06-16 17:46:44 - SPEA2 - INFO -  >> Metrics: {'time': 0.5228205939929467, 'size': 99479, 'peaq': -3.314, 'im': -1.668}
2025-06-16 17:46:44 - SPEA2 - INFO - 197º Individual: {'ar': '8000', 'sample_fmt': 's16p', 'compression_level': '5', 'reservoir': '1', 'b:a': '32k'}
2025-06-16 17:46:45 - SPEA2 - INFO -  >> Metrics: {'time': 0.46429237702977844, 'size': 46448, 'peaq': -3.855, 'im': -3.485}
2025-06-16 17:46:45 - SPEA2 - INFO - 198º Individual: {'ar': '44100', 'sample_fmt': 's16p', 'compression_level': '4', 'reservoir': '1', 'aq': '9'}
2025-06-16 17:46:45 - SPEA2 - INFO -  >> Metrics: {'time': 0.5523318710038438, 'size': 106308, 'peaq': -3.341, 'im': -1.719}
2025-06-16 17:46:45 - SPEA2 - INFO - 199º Individual: {'ar': '11025', 'sample_fmt': 'fltp', 'compression_level': '8', 'reservoir': '1', 'b:a': '75k', 'abr': 'True'}
2025-06-16 17:46:46 - SPEA2 - INFO -  >> Metrics: {'time': 0.4586509159998968, 'size': 90521, 'peaq': -3.849, 'im': -3.439}
2025-06-16 17:46:46 - SPEA2 - INFO - 200º Individual: {'ar': '8000', 'sample_fmt': 's32p', 'compression_level': '2', 'reservoir': '0', 'aq': '9'}
2025-06-16 17:46:46 - SPEA2 - INFO -  >> Metrics: {'time': 0.6381363619875629, 'size': 41552, 'peaq': -3.85, 'im': -3.441}
2025-06-16 17:46:46 - SPEA2 - INFO - 201º Individual: {'ar': '44100', 'sample_fmt': 's32p', 'compression_level': '2', 'reservoir': '1', 'b:a': '32k', 'abr': 'True'}
2025-06-16 17:46:47 - SPEA2 - INFO -  >> Metrics: {'time': 0.9535610680177342, 'size': 48908, 'peaq': -3.294, 'im': -1.634}
2025-06-16 17:46:47 - SPEA2 - INFO - 202º Individual: {'ar': '44100', 'sample_fmt': 's32p', 'compression_level': '0', 'reservoir': '1', 'aq': '9'}
2025-06-16 17:46:48 - SPEA2 - INFO -  >> Metrics: {'time': 0.660509939014446, 'size': 106330, 'peaq': -3.343, 'im': -1.721}
2025-06-16 17:46:48 - SPEA2 - INFO - 203º Individual: {'ar': '44100', 'sample_fmt': 's32p', 'compression_level': '0', 'reservoir': '1', 'b:a': '245k', 'abr': 'True'}
2025-06-16 17:46:49 - SPEA2 - INFO -  >> Metrics: {'time': 1.2673336949956138, 'size': 342206, 'peaq': -2.595, 'im': -0.709}
2025-06-16 17:46:49 - SPEA2 - INFO - 204º Individual: {'ar': '48000', 'sample_fmt': 'fltp', 'compression_level': '9', 'reservoir': '0', 'b:a': '300k', 'abr': 'True'}
2025-06-16 17:46:50 - SPEA2 - INFO -  >> Metrics: {'time': 0.5324873799982015, 'size': 456560, 'peaq': -3.348, 'im': -1.731}
2025-06-16 17:46:50 - SPEA2 - INFO - 205º Individual: {'ar': '8000', 'sample_fmt': 's32p', 'compression_level': '7', 'reservoir': '1', 'aq': '9'}
2025-06-16 17:46:50 - SPEA2 - INFO -  >> Metrics: {'time': 0.42542818500078283, 'size': 37736, 'peaq': -3.855, 'im': -3.486}
2025-06-16 17:46:50 - SPEA2 - INFO - 206º Individual: {'ar': '8000', 'sample_fmt': 's32p', 'compression_level': '2', 'reservoir': '1', 'b:a': '168k', 'abr': 'True'}
2025-06-16 17:46:51 - SPEA2 - INFO -  >> Metrics: {'time': 0.560077651985921, 'size': 77048, 'peaq': -3.858, 'im': -3.512}
2025-06-16 17:46:51 - SPEA2 - INFO - 207º Individual: {'ar': '32000', 'sample_fmt': 's16p', 'compression_level': '7', 'reservoir': '1', 'b:a': '32k'}
2025-06-16 17:46:51 - SPEA2 - INFO -  >> Metrics: {'time': 0.533553657005541, 'size': 45944, 'peaq': -3.423, 'im': -1.878}
2025-06-16 17:46:51 - SPEA2 - INFO - 208º Individual: {'ar': '8000', 'sample_fmt': 's16p', 'compression_level': '2', 'reservoir': '1', 'aq': '9'}
2025-06-16 17:46:52 - SPEA2 - INFO -  >> Metrics: {'time': 0.5064036510302685, 'size': 36728, 'peaq': -3.85, 'im': -3.44}
2025-06-16 17:46:52 - SPEA2 - INFO - 209º Individual: {'ar': '32000', 'sample_fmt': 's32p', 'compression_level': '5', 'reservoir': '1', 'b:a': '143k', 'abr': 'True'}
2025-06-16 17:46:53 - SPEA2 - INFO -  >> Metrics: {'time': 0.578468775987858, 'size': 190016, 'peaq': -3.257, 'im': -1.571}
2025-06-16 17:46:53 - SPEA2 - INFO - 210º Individual: {'ar': '8000', 'sample_fmt': 's16p', 'compression_level': '6', 'reservoir': '1', 'aq': '9'}
2025-06-16 17:46:53 - SPEA2 - INFO -  >> Metrics: {'time': 0.4757356269983575, 'size': 37232, 'peaq': -3.85, 'im': -3.44}
2025-06-16 17:46:53 - SPEA2 - INFO - 211º Individual: {'ar': '44100', 'sample_fmt': 'fltp', 'compression_level': '9', 'reservoir': '1', 'b:a': '270k'}
2025-06-16 17:46:54 - SPEA2 - INFO -  >> Metrics: {'time': 0.5372917310160119, 'size': 365375, 'peaq': -2.605, 'im': -0.72}
2025-06-16 17:46:54 - SPEA2 - INFO - 212º Individual: {'ar': '32000', 'sample_fmt': 's32p', 'compression_level': '7', 'reservoir': '1', 'b:a': '32k'}
2025-06-16 17:46:54 - SPEA2 - INFO -  >> Metrics: {'time': 0.675449275993742, 'size': 45944, 'peaq': -3.434, 'im': -1.9}
2025-06-16 17:46:54 - SPEA2 - INFO - 213º Individual: {'ar': '44100', 'sample_fmt': 's32p', 'compression_level': '5', 'reservoir': '1', 'b:a': '194k', 'abr': 'True'}
2025-06-16 17:46:55 - SPEA2 - INFO -  >> Metrics: {'time': 0.8257567299879156, 'size': 273152, 'peaq': -2.623, 'im': -0.74}
2025-06-16 17:46:55 - SPEA2 - INFO - 214º Individual: {'ar': '44100', 'sample_fmt': 's16p', 'compression_level': '4', 'reservoir': '1', 'aq': '9'}
2025-06-16 17:46:56 - SPEA2 - INFO -  >> Metrics: {'time': 0.6804344920092262, 'size': 106308, 'peaq': -3.341, 'im': -1.719}
2025-06-16 17:46:56 - SPEA2 - INFO - 215º Individual: {'ar': '8000', 'sample_fmt': 's16p', 'compression_level': '5', 'reservoir': '1', 'aq': '9'}
2025-06-16 17:46:56 - SPEA2 - INFO -  >> Metrics: {'time': 0.4489027370000258, 'size': 37232, 'peaq': -3.85, 'im': -3.44}
2025-06-16 17:46:56 - SPEA2 - INFO - 216º Individual: {'ar': '44100', 'sample_fmt': 's32p', 'compression_level': '0', 'reservoir': '1', 'b:a': '244k'}
2025-06-16 17:46:57 - SPEA2 - INFO -  >> Metrics: {'time': 1.154409451992251, 'size': 365375, 'peaq': -2.591, 'im': -0.705}
2025-06-16 17:46:57 - SPEA2 - INFO - 217º Individual: {'ar': '44100', 'sample_fmt': 'fltp', 'compression_level': '7', 'reservoir': '1', 'b:a': '254k', 'abr': 'True'}
2025-06-16 17:46:58 - SPEA2 - INFO -  >> Metrics: {'time': 0.5124153130163904, 'size': 358959, 'peaq': -2.6, 'im': -0.714}
2025-06-16 17:46:58 - SPEA2 - INFO - 218º Individual: {'ar': '8000', 'sample_fmt': 's16p', 'compression_level': '5', 'reservoir': '0', 'b:a': '32k'}
2025-06-16 17:46:58 - SPEA2 - INFO -  >> Metrics: {'time': 0.45244800599175505, 'size': 46448, 'peaq': -3.853, 'im': -3.472}
2025-06-16 17:46:58 - SPEA2 - INFO - 219º Individual: {'ar': '32000', 'sample_fmt': 's32p', 'compression_level': '7', 'reservoir': '1', 'aq': '9'}
2025-06-16 17:46:59 - SPEA2 - INFO -  >> Metrics: {'time': 0.9296686980233062, 'size': 83672, 'peaq': -3.518, 'im': -2.09}
2025-06-16 17:46:59 - SPEA2 - INFO - 220º Individual: {'ar': '8000', 'sample_fmt': 'fltp', 'compression_level': '6', 'reservoir': '0', 'aq': '9'}
2025-06-16 17:47:00 - SPEA2 - INFO -  >> Metrics: {'time': 0.6448012010077946, 'size': 42128, 'peaq': -3.85, 'im': -3.441}
2025-06-16 17:47:00 - SPEA2 - INFO - 221º Individual: {'ar': '44100', 'sample_fmt': 'fltp', 'compression_level': '9', 'reservoir': '1', 'aq': '9'}
2025-06-16 17:47:01 - SPEA2 - INFO -  >> Metrics: {'time': 0.5451008940290194, 'size': 99479, 'peaq': -3.314, 'im': -1.668}
2025-06-16 17:47:01 - SPEA2 - INFO - 222º Individual: {'ar': '44100', 'sample_fmt': 's32p', 'compression_level': '2', 'reservoir': '1', 'b:a': '195k'}
2025-06-16 17:47:01 - SPEA2 - INFO -  >> Metrics: {'time': 0.8336201310157776, 'size': 274051, 'peaq': -2.626, 'im': -0.742}
2025-06-16 17:47:01 - SPEA2 - INFO - 223º Individual: {'ar': '44100', 'sample_fmt': 's32p', 'compression_level': '8', 'reservoir': '1', 'b:a': '187k'}
2025-06-16 17:47:02 - SPEA2 - INFO -  >> Metrics: {'time': 0.9579928549937904, 'size': 274051, 'peaq': -2.63, 'im': -0.747}
2025-06-16 17:47:02 - SPEA2 - INFO - 224º Individual: {'ar': '44100', 'sample_fmt': 's32p', 'compression_level': '7', 'reservoir': '1', 'b:a': '32k', 'abr': 'True'}
2025-06-16 17:47:03 - SPEA2 - INFO -  >> Metrics: {'time': 0.8543855390162207, 'size': 49324, 'peaq': -3.35, 'im': -1.734}
2025-06-16 17:47:03 - SPEA2 - INFO - 225º Individual: {'ar': '44100', 'sample_fmt': 's32p', 'compression_level': '0', 'reservoir': '1', 'b:a': '245k', 'abr': 'True'}
2025-06-16 17:47:04 - SPEA2 - INFO -  >> Metrics: {'time': 1.1828055250225589, 'size': 342206, 'peaq': -2.595, 'im': -0.709}
2025-06-16 17:47:04 - SPEA2 - INFO - 226º Individual: {'ar': '44100', 'sample_fmt': 'fltp', 'compression_level': '5', 'reservoir': '0', 'b:a': '108k', 'abr': 'True'}
2025-06-16 17:47:05 - SPEA2 - INFO -  >> Metrics: {'time': 0.606134503002977, 'size': 161306, 'peaq': -3.086, 'im': -1.308}
2025-06-16 17:47:05 - SPEA2 - INFO - 227º Individual: {'ar': '11025', 'sample_fmt': 'fltp', 'compression_level': '6', 'reservoir': '0', 'aq': '9'}
2025-06-16 17:47:06 - SPEA2 - INFO -  >> Metrics: {'time': 0.4985510589904152, 'size': 53286, 'peaq': -3.834, 'im': -3.322}
2025-06-16 17:47:06 - SPEA2 - INFO - 228º Individual: {'ar': '44100', 'sample_fmt': 's16p', 'compression_level': '7', 'reservoir': '1', 'b:a': '32k', 'abr': 'True'}
2025-06-16 17:47:06 - SPEA2 - INFO -  >> Metrics: {'time': 0.6296120059560053, 'size': 49350, 'peaq': -3.355, 'im': -1.744}
2025-06-16 17:47:06 - SPEA2 - INFO - 229º Individual: {'ar': '11025', 'sample_fmt': 'fltp', 'compression_level': '4', 'reservoir': '0', 'aq': '9'}
2025-06-16 17:47:07 - SPEA2 - INFO -  >> Metrics: {'time': 0.5585170980193652, 'size': 52337, 'peaq': -3.834, 'im': -3.322}
2025-06-16 17:47:07 - SPEA2 - INFO - 230º Individual: {'ar': '32000', 'sample_fmt': 's32p', 'compression_level': '2', 'reservoir': '1', 'aq': '9'}
2025-06-16 17:47:07 - SPEA2 - INFO -  >> Metrics: {'time': 0.5336787469859701, 'size': 85040, 'peaq': -3.54, 'im': -2.146}
2025-06-16 17:47:07 - SPEA2 - INFO - 231º Individual: {'ar': '44100', 'sample_fmt': 's32p', 'compression_level': '5', 'reservoir': '1', 'b:a': '192k'}
2025-06-16 17:47:08 - SPEA2 - INFO -  >> Metrics: {'time': 0.6434407389897387, 'size': 274051, 'peaq': -2.616, 'im': -0.732}
2025-06-16 17:47:08 - SPEA2 - INFO - 232º Individual: {'ar': '32000', 'sample_fmt': 's32p', 'compression_level': '9', 'reservoir': '1', 'b:a': '194k', 'abr': 'True'}
2025-06-16 17:47:09 - SPEA2 - INFO -  >> Metrics: {'time': 0.5314938410010654, 'size': 276344, 'peaq': -3.176, 'im': -1.441}
2025-06-16 17:47:09 - SPEA2 - INFO - 233º Individual: {'ar': '8000', 'sample_fmt': 's16p', 'compression_level': '5', 'reservoir': '1', 'aq': '9'}
2025-06-16 17:47:09 - SPEA2 - INFO -  >> Metrics: {'time': 0.4600549240130931, 'size': 37232, 'peaq': -3.85, 'im': -3.44}
2025-06-16 17:47:09 - SPEA2 - INFO - 234º Individual: {'ar': '44100', 'sample_fmt': 'fltp', 'compression_level': '9', 'reservoir': '1', 'b:a': '266k'}
2025-06-16 17:47:10 - SPEA2 - INFO -  >> Metrics: {'time': 0.8150882250047289, 'size': 365375, 'peaq': -2.605, 'im': -0.72}
2025-06-16 17:47:10 - SPEA2 - INFO - 235º Individual: {'ar': '44100', 'sample_fmt': 'fltp', 'compression_level': '5', 'reservoir': '1', 'b:a': '169k', 'abr': 'True'}
2025-06-16 17:47:10 - SPEA2 - INFO -  >> Metrics: {'time': 0.6757471720047761, 'size': 234638, 'peaq': -2.651, 'im': -0.77}
2025-06-16 17:47:10 - SPEA2 - INFO - 236º Individual: {'ar': '16000', 'sample_fmt': 'fltp', 'compression_level': '9', 'reservoir': '0', 'b:a': '75k', 'abr': 'True'}
2025-06-16 17:47:11 - SPEA2 - INFO -  >> Metrics: {'time': 0.43617065603029914, 'size': 116756, 'peaq': -3.759, 'im': -2.892}
2025-06-16 17:47:11 - SPEA2 - INFO - 237º Individual: {'ar': '44100', 'sample_fmt': 's32p', 'compression_level': '9', 'reservoir': '1', 'b:a': '194k'}
2025-06-16 17:47:11 - SPEA2 - INFO -  >> Metrics: {'time': 0.5329854429874104, 'size': 274051, 'peaq': -2.63, 'im': -0.747}
2025-06-16 17:47:11 - SPEA2 - INFO - 238º Individual: {'ar': '44100', 'sample_fmt': 's32p', 'compression_level': '7', 'reservoir': '1', 'b:a': '167k', 'abr': 'True'}
2025-06-16 17:47:12 - SPEA2 - INFO -  >> Metrics: {'time': 0.5318067350017373, 'size': 230668, 'peaq': -2.687, 'im': -0.81}
2025-06-16 17:47:12 - SPEA2 - INFO - 239º Individual: {'ar': '32000', 'sample_fmt': 's16p', 'compression_level': '9', 'reservoir': '1', 'b:a': '169k', 'abr': 'True'}
2025-06-16 17:47:12 - SPEA2 - INFO -  >> Metrics: {'time': 0.48283067700685933, 'size': 238688, 'peaq': -3.192, 'im': -1.465}
2025-06-16 17:47:12 - SPEA2 - INFO - 240º Individual: {'ar': '44100', 'sample_fmt': 's32p', 'compression_level': '5', 'reservoir': '1', 'b:a': '32k'}
2025-06-16 17:47:13 - SPEA2 - INFO -  >> Metrics: {'time': 0.5390438929898664, 'size': 45846, 'peaq': -3.292, 'im': -1.63}
2025-06-16 17:47:13 - SPEA2 - INFO - 241º Individual: {'ar': '44100', 'sample_fmt': 'fltp', 'compression_level': '8', 'reservoir': '0', 'aq': '9'}
2025-06-16 17:47:14 - SPEA2 - INFO -  >> Metrics: {'time': 0.49007262400118634, 'size': 106367, 'peaq': -3.314, 'im': -1.668}
2025-06-16 17:47:14 - SPEA2 - INFO - 242º Individual: {'ar': '44100', 'sample_fmt': 'fltp', 'compression_level': '7', 'reservoir': '1', 'b:a': '169k', 'abr': 'True'}
2025-06-16 17:47:14 - SPEA2 - INFO -  >> Metrics: {'time': 0.48309102398343384, 'size': 233706, 'peaq': -2.681, 'im': -0.803}
2025-06-16 17:47:14 - SPEA2 - INFO - 243º Individual: {'ar': '44100', 'sample_fmt': 's32p', 'compression_level': '9', 'reservoir': '1', 'b:a': '194k', 'abr': 'True'}
2025-06-16 17:47:15 - SPEA2 - INFO -  >> Metrics: {'time': 0.48344813199946657, 'size': 271799, 'peaq': -2.623, 'im': -0.74}
2025-06-16 17:47:15 - SPEA2 - INFO - 244º Individual: {'ar': '16000', 'sample_fmt': 'fltp', 'compression_level': '4', 'reservoir': '1', 'b:a': '46k', 'abr': 'True'}
2025-06-16 17:47:15 - SPEA2 - INFO -  >> Metrics: {'time': 0.4621180859976448, 'size': 63404, 'peaq': -3.798, 'im': -3.093}
2025-06-16 17:47:15 - SPEA2 - INFO - 245º Individual: {'ar': '32000', 'sample_fmt': 'fltp', 'compression_level': '6', 'reservoir': '0', 'b:a': '128k'}
2025-06-16 17:47:16 - SPEA2 - INFO -  >> Metrics: {'time': 0.5405600230151322, 'size': 183248, 'peaq': -3.276, 'im': -1.603}
2025-06-16 17:47:16 - SPEA2 - INFO - 246º Individual: {'ar': '44100', 'sample_fmt': 's32p', 'compression_level': '7', 'reservoir': '1', 'b:a': '167k', 'abr': 'True'}
2025-06-16 17:47:16 - SPEA2 - INFO -  >> Metrics: {'time': 0.4657309899921529, 'size': 230668, 'peaq': -2.687, 'im': -0.81}
2025-06-16 17:47:16 - SPEA2 - INFO - 247º Individual: {'ar': '8000', 'sample_fmt': 's16p', 'compression_level': '7', 'reservoir': '1', 'b:a': '169k', 'abr': 'True'}
2025-06-16 17:47:16 - SPEA2 - INFO -  >> Metrics: {'time': 0.3933372749888804, 'size': 92384, 'peaq': -3.858, 'im': -3.51}
2025-06-16 17:47:16 - SPEA2 - INFO - 248º Individual: {'ar': '44100', 'sample_fmt': 'fltp', 'compression_level': '0', 'reservoir': '0', 'b:a': '210k'}
2025-06-16 17:47:17 - SPEA2 - INFO -  >> Metrics: {'time': 0.9491376780206338, 'size': 319714, 'peaq': -2.6, 'im': -0.715}
2025-06-16 17:47:17 - SPEA2 - INFO - 249º Individual: {'ar': '44100', 'sample_fmt': 's32p', 'compression_level': '9', 'reservoir': '1', 'b:a': '246k', 'abr': 'True'}
2025-06-16 17:47:18 - SPEA2 - INFO -  >> Metrics: {'time': 0.4710982830147259, 'size': 347619, 'peaq': -2.605, 'im': -0.72}
2025-06-16 17:47:18 - SPEA2 - INFO - 250º Individual: {'ar': '32000', 'sample_fmt': 'fltp', 'compression_level': '7', 'reservoir': '1', 'b:a': '32k'}
2025-06-16 17:47:18 - SPEA2 - INFO -  >> Metrics: {'time': 0.41992307297186926, 'size': 45944, 'peaq': -3.434, 'im': -1.9}
2025-06-16 17:47:18 - SPEA2 - INFO - 251º Individual: {'ar': '12000', 'sample_fmt': 'fltp', 'compression_level': '7', 'reservoir': '0', 'b:a': '108k'}
2025-06-16 17:47:19 - SPEA2 - INFO -  >> Metrics: {'time': 0.3957190530200023, 'size': 92528, 'peaq': -3.74, 'im': -2.803}
2025-06-16 17:47:19 - SPEA2 - INFO - 252º Individual: {'ar': '8000', 'sample_fmt': 'fltp', 'compression_level': '9', 'reservoir': '1', 'b:a': '128k', 'abr': 'True'}
2025-06-16 17:47:19 - SPEA2 - INFO -  >> Metrics: {'time': 0.3781342720030807, 'size': 92096, 'peaq': -3.858, 'im': -3.51}
2025-06-16 17:47:19 - SPEA2 - INFO - 253º Individual: {'ar': '16000', 'sample_fmt': 's32p', 'compression_level': '8', 'reservoir': '1', 'b:a': '86k', 'abr': 'True'}
2025-06-16 17:47:19 - SPEA2 - INFO -  >> Metrics: {'time': 0.4036926980188582, 'size': 122588, 'peaq': -3.714, 'im': -2.693}
2025-06-16 17:47:19 - SPEA2 - INFO - 254º Individual: {'ar': '12000', 'sample_fmt': 's16p', 'compression_level': '2', 'reservoir': '0', 'aq': '9'}
2025-06-16 17:47:20 - SPEA2 - INFO -  >> Metrics: {'time': 0.43803352597751655, 'size': 56480, 'peaq': -3.768, 'im': -2.936}
2025-06-16 17:47:20 - SPEA2 - INFO - 255º Individual: {'ar': '44100', 'sample_fmt': 's32p', 'compression_level': '7', 'reservoir': '1', 'b:a': '248k', 'abr': 'True'}
2025-06-16 17:47:20 - SPEA2 - INFO -  >> Metrics: {'time': 0.5793796590005513, 'size': 350323, 'peaq': -2.603, 'im': -0.718}
2025-06-16 17:47:20 - SPEA2 - INFO - 256º Individual: {'ar': '44100', 'sample_fmt': 'fltp', 'compression_level': '7', 'reservoir': '1', 'b:a': '32k', 'abr': 'True'}
2025-06-16 17:47:21 - SPEA2 - INFO -  >> Metrics: {'time': 0.5520369840087369, 'size': 49324, 'peaq': -3.35, 'im': -1.734}
2025-06-16 17:47:21 - SPEA2 - INFO - 257º Individual: {'ar': '44100', 'sample_fmt': 's32p', 'compression_level': '7', 'reservoir': '1', 'b:a': '245k', 'abr': 'True'}
2025-06-16 17:47:22 - SPEA2 - INFO -  >> Metrics: {'time': 0.5405206250143237, 'size': 346059, 'peaq': -2.601, 'im': -0.716}
2025-06-16 17:47:22 - SPEA2 - INFO - 258º Individual: {'ar': '8000', 'sample_fmt': 'fltp', 'compression_level': '6', 'reservoir': '0', 'b:a': '128k'}
2025-06-16 17:47:22 - SPEA2 - INFO -  >> Metrics: {'time': 0.5132380579889286, 'size': 93392, 'peaq': -3.858, 'im': -3.51}
2025-06-16 17:47:22 - SPEA2 - INFO - 259º Individual: {'ar': '44100', 'sample_fmt': 's32p', 'compression_level': '0', 'reservoir': '1', 'b:a': '194k', 'abr': 'True'}
2025-06-16 17:47:23 - SPEA2 - INFO -  >> Metrics: {'time': 1.0050318560388405, 'size': 268043, 'peaq': -2.621, 'im': -0.737}
2025-06-16 17:47:23 - SPEA2 - INFO - 260º Individual: {'ar': '32000', 'sample_fmt': 's32p', 'compression_level': '5', 'reservoir': '0', 'b:a': '143k'}
2025-06-16 17:47:24 - SPEA2 - INFO -  >> Metrics: {'time': 0.5929280720301904, 'size': 183248, 'peaq': -3.276, 'im': -1.603}
2025-06-16 17:47:24 - SPEA2 - INFO - 261º Individual: {'ar': '32000', 'sample_fmt': 'fltp', 'compression_level': '6', 'reservoir': '0', 'b:a': '127k'}
2025-06-16 17:47:24 - SPEA2 - INFO -  >> Metrics: {'time': 0.5758332779805642, 'size': 183248, 'peaq': -3.276, 'im': -1.603}
2025-06-16 17:47:24 - SPEA2 - INFO - 262º Individual: {'ar': '32000', 'sample_fmt': 'fltp', 'compression_level': '0', 'reservoir': '1', 'aq': '9'}
2025-06-16 17:47:25 - SPEA2 - INFO -  >> Metrics: {'time': 0.4807034539990127, 'size': 85040, 'peaq': -3.54, 'im': -2.146}
2025-06-16 17:47:25 - SPEA2 - INFO - 263º Individual: {'ar': '8000', 'sample_fmt': 'fltp', 'compression_level': '6', 'reservoir': '0', 'b:a': '128k'}
2025-06-16 17:47:25 - SPEA2 - INFO -  >> Metrics: {'time': 0.4753189039765857, 'size': 93392, 'peaq': -3.858, 'im': -3.51}
2025-06-16 17:47:25 - SPEA2 - INFO - 264º Individual: {'ar': '44100', 'sample_fmt': 's32p', 'compression_level': '7', 'reservoir': '1', 'b:a': '267k'}
2025-06-16 17:47:26 - SPEA2 - INFO -  >> Metrics: {'time': 0.48893085098825395, 'size': 365375, 'peaq': -2.604, 'im': -0.719}
2025-06-16 17:47:26 - SPEA2 - INFO - 265º Individual: {'ar': '44100', 'sample_fmt': 's16p', 'compression_level': '1', 'reservoir': '1', 'aq': '9'}
2025-06-16 17:47:26 - SPEA2 - INFO -  >> Metrics: {'time': 0.5201706900261343, 'size': 106308, 'peaq': -3.341, 'im': -1.719}
2025-06-16 17:47:26 - SPEA2 - INFO - 266º Individual: {'ar': '44100', 'sample_fmt': 's32p', 'compression_level': '5', 'reservoir': '1', 'b:a': '143k'}
2025-06-16 17:47:27 - SPEA2 - INFO -  >> Metrics: {'time': 0.5827309350133874, 'size': 182727, 'peaq': -2.832, 'im': -0.978}
2025-06-16 17:47:27 - SPEA2 - INFO - 267º Individual: {'ar': '16000', 'sample_fmt': 'fltp', 'compression_level': '1', 'reservoir': '1', 'b:a': '75k', 'abr': 'True'}
2025-06-16 17:47:27 - SPEA2 - INFO -  >> Metrics: {'time': 0.5811514419619925, 'size': 92204, 'peaq': -3.822, 'im': -3.243}
2025-06-16 17:47:27 - SPEA2 - INFO - 268º Individual: {'ar': '44100', 'sample_fmt': 's16p', 'compression_level': '4', 'reservoir': '1', 'b:a': '32k', 'abr': 'True'}
2025-06-16 17:47:28 - SPEA2 - INFO -  >> Metrics: {'time': 0.527957057027379, 'size': 48830, 'peaq': -3.352, 'im': -1.738}
2025-06-16 17:47:28 - SPEA2 - INFO - 269º Individual: {'ar': '44100', 'sample_fmt': 'fltp', 'compression_level': '7', 'reservoir': '1', 'b:a': '32k', 'abr': 'True'}
2025-06-16 17:47:28 - SPEA2 - INFO -  >> Metrics: {'time': 0.45389211998553947, 'size': 49324, 'peaq': -3.35, 'im': -1.734}
2025-06-16 17:47:28 - SPEA2 - INFO - 270º Individual: {'ar': '44100', 'sample_fmt': 's32p', 'compression_level': '7', 'reservoir': '0', 'b:a': '167k', 'abr': 'True'}
2025-06-16 17:47:29 - SPEA2 - INFO -  >> Metrics: {'time': 0.4723647240025457, 'size': 249629, 'peaq': -2.687, 'im': -0.81}
2025-06-16 17:47:29 - SPEA2 - INFO - 271º Individual: {'ar': '16000', 'sample_fmt': 'fltp', 'compression_level': '8', 'reservoir': '0', 'aq': '9'}
2025-06-16 17:47:29 - SPEA2 - INFO -  >> Metrics: {'time': 0.4026877220021561, 'size': 68300, 'peaq': -3.805, 'im': -3.135}
2025-06-16 17:47:29 - SPEA2 - INFO - 272º Individual: {'ar': '32000', 'sample_fmt': 's16p', 'compression_level': '7', 'reservoir': '1', 'b:a': '254k', 'abr': 'True'}
2025-06-16 17:47:30 - SPEA2 - INFO -  >> Metrics: {'time': 0.45097378798527643, 'size': 360512, 'peaq': -3.172, 'im': -1.435}
2025-06-16 17:47:30 - SPEA2 - INFO - 273º Individual: {'ar': '44100', 'sample_fmt': 's32p', 'compression_level': '5', 'reservoir': '1', 'b:a': '107k'}
2025-06-16 17:47:30 - SPEA2 - INFO -  >> Metrics: {'time': 0.5537845270009711, 'size': 159896, 'peaq': -2.963, 'im': -1.14}
2025-06-16 17:47:30 - SPEA2 - INFO - 274º Individual: {'ar': '16000', 'sample_fmt': 's32p', 'compression_level': '4', 'reservoir': '1', 'b:a': '46k', 'abr': 'True'}
2025-06-16 17:47:31 - SPEA2 - INFO -  >> Metrics: {'time': 0.447836995968828, 'size': 63404, 'peaq': -3.798, 'im': -3.093}
2025-06-16 17:47:31 - SPEA2 - INFO - 275º Individual: {'ar': '11025', 'sample_fmt': 'fltp', 'compression_level': '0', 'reservoir': '1', 'aq': '9'}
2025-06-16 17:47:31 - SPEA2 - INFO -  >> Metrics: {'time': 0.456598593009403, 'size': 48030, 'peaq': -3.834, 'im': -3.322}
2025-06-16 17:47:31 - SPEA2 - INFO - 276º Individual: {'ar': '16000', 'sample_fmt': 'fltp', 'compression_level': '8', 'reservoir': '0', 'aq': '9'}
2025-06-16 17:47:32 - SPEA2 - INFO -  >> Metrics: {'time': 0.43471843999577686, 'size': 68300, 'peaq': -3.805, 'im': -3.135}
2025-06-16 17:47:32 - SPEA2 - INFO - 277º Individual: {'ar': '44100', 'sample_fmt': 's16p', 'compression_level': '7', 'reservoir': '1', 'aq': '9'}
2025-06-16 17:47:32 - SPEA2 - INFO -  >> Metrics: {'time': 0.5708185720141046, 'size': 99478, 'peaq': -3.315, 'im': -1.67}
2025-06-16 17:47:32 - SPEA2 - INFO - 278º Individual: {'ar': '44100', 'sample_fmt': 'fltp', 'compression_level': '9', 'reservoir': '0', 'b:a': '208k'}
2025-06-16 17:47:34 - SPEA2 - INFO -  >> Metrics: {'time': 1.2882082510332111, 'size': 274051, 'peaq': -2.62, 'im': -0.736}
2025-06-16 17:47:34 - SPEA2 - INFO - 279º Individual: {'ar': '44100', 'sample_fmt': 'fltp', 'compression_level': '5', 'reservoir': '1', 'b:a': '196k', 'abr': 'True'}
2025-06-16 17:47:34 - SPEA2 - INFO -  >> Metrics: {'time': 0.6836773869872559, 'size': 275657, 'peaq': -2.619, 'im': -0.736}
2025-06-16 17:47:34 - SPEA2 - INFO - 280º Individual: {'ar': '44100', 'sample_fmt': 'fltp', 'compression_level': '7', 'reservoir': '1', 'b:a': '169k', 'abr': 'True'}
2025-06-16 17:47:35 - SPEA2 - INFO -  >> Metrics: {'time': 0.7148720969853457, 'size': 233706, 'peaq': -2.681, 'im': -0.803}
2025-06-16 17:47:35 - SPEA2 - INFO - 281º Individual: {'ar': '16000', 'sample_fmt': 'fltp', 'compression_level': '8', 'reservoir': '1', 'b:a': '75k', 'abr': 'True'}
2025-06-16 17:47:36 - SPEA2 - INFO -  >> Metrics: {'time': 0.5595295210077893, 'size': 106244, 'peaq': -3.759, 'im': -2.892}
2025-06-16 17:47:36 - SPEA2 - INFO - 282º Individual: {'ar': '44100', 'sample_fmt': 's32p', 'compression_level': '5', 'reservoir': '1', 'b:a': '169k', 'abr': 'True'}
2025-06-16 17:47:36 - SPEA2 - INFO -  >> Metrics: {'time': 0.9001921509916428, 'size': 234637, 'peaq': -2.65, 'im': -0.769}
2025-06-16 17:47:36 - SPEA2 - INFO - 283º Individual: {'ar': '32000', 'sample_fmt': 's16p', 'compression_level': '7', 'reservoir': '1', 'aq': '9'}
2025-06-16 17:47:37 - SPEA2 - INFO -  >> Metrics: {'time': 0.7635963250068016, 'size': 83672, 'peaq': -3.514, 'im': -2.081}
2025-06-16 17:47:37 - SPEA2 - INFO - 284º Individual: {'ar': '8000', 'sample_fmt': 'fltp', 'compression_level': '2', 'reservoir': '1', 'aq': '9'}
2025-06-16 17:47:38 - SPEA2 - INFO -  >> Metrics: {'time': 0.6948785560089163, 'size': 36728, 'peaq': -3.85, 'im': -3.441}
2025-06-16 17:47:38 - SPEA2 - INFO - 285º Individual: {'ar': '44100', 'sample_fmt': 'fltp', 'compression_level': '7', 'reservoir': '1', 'b:a': '169k'}
2025-06-16 17:47:38 - SPEA2 - INFO -  >> Metrics: {'time': 0.5343756820075214, 'size': 228390, 'peaq': -2.691, 'im': -0.815}
2025-06-16 17:47:38 - SPEA2 - INFO - 286º Individual: {'ar': '16000', 'sample_fmt': 'fltp', 'compression_level': '8', 'reservoir': '0', 'aq': '9'}
2025-06-16 17:47:39 - SPEA2 - INFO -  >> Metrics: {'time': 0.4618198630050756, 'size': 68300, 'peaq': -3.805, 'im': -3.135}
2025-06-16 17:47:39 - SPEA2 - INFO - 287º Individual: {'ar': '32000', 'sample_fmt': 's16p', 'compression_level': '7', 'reservoir': '1', 'b:a': '186k'}
2025-06-16 17:47:39 - SPEA2 - INFO -  >> Metrics: {'time': 0.4817618430242874, 'size': 274832, 'peaq': -3.178, 'im': -1.444}
2025-06-16 17:47:39 - SPEA2 - INFO - 288º Individual: {'ar': '44100', 'sample_fmt': 's32p', 'compression_level': '5', 'reservoir': '1', 'aq': '7'}
2025-06-16 17:47:40 - SPEA2 - INFO -  >> Metrics: {'time': 0.5556493509793654, 'size': 121514, 'peaq': -3.312, 'im': -1.665}
2025-06-16 17:47:40 - SPEA2 - INFO - 289º Individual: {'ar': '8000', 'sample_fmt': 'fltp', 'compression_level': '2', 'reservoir': '1', 'aq': '9'}
2025-06-16 17:47:41 - SPEA2 - INFO -  >> Metrics: {'time': 0.7826518439978827, 'size': 36728, 'peaq': -3.85, 'im': -3.441}
2025-06-16 17:47:41 - SPEA2 - INFO - 290º Individual: {'ar': '44100', 'sample_fmt': 's32p', 'compression_level': '9', 'reservoir': '1', 'b:a': '143k', 'abr': 'True'}
2025-06-16 17:47:41 - SPEA2 - INFO -  >> Metrics: {'time': 0.5635581270034891, 'size': 195422, 'peaq': -2.805, 'im': -0.945}
2025-06-16 17:47:41 - SPEA2 - INFO - 291º Individual: {'ar': '44100', 'sample_fmt': 's32p', 'compression_level': '9', 'reservoir': '1', 'b:a': '248k', 'abr': 'True'}
2025-06-16 17:47:42 - SPEA2 - INFO -  >> Metrics: {'time': 0.7049860959814396, 'size': 350323, 'peaq': -2.603, 'im': -0.718}
2025-06-16 17:47:42 - SPEA2 - INFO - 292º Individual: {'ar': '16000', 'sample_fmt': 'fltp', 'compression_level': '4', 'reservoir': '0', 'aq': '9'}
2025-06-16 17:47:43 - SPEA2 - INFO -  >> Metrics: {'time': 0.4736578459851444, 'size': 66644, 'peaq': -3.818, 'im': -3.218}
2025-06-16 17:47:43 - SPEA2 - INFO - 293º Individual: {'ar': '8000', 'sample_fmt': 's16p', 'compression_level': '5', 'reservoir': '1', 'b:a': '32k'}
2025-06-16 17:47:43 - SPEA2 - INFO -  >> Metrics: {'time': 0.44743701798142865, 'size': 46448, 'peaq': -3.855, 'im': -3.485}
2025-06-16 17:47:43 - SPEA2 - INFO - 294º Individual: {'ar': '44100', 'sample_fmt': 's32p', 'compression_level': '9', 'reservoir': '1', 'b:a': '195k', 'abr': 'True'}
2025-06-16 17:47:44 - SPEA2 - INFO -  >> Metrics: {'time': 0.5134961929870769, 'size': 273256, 'peaq': -2.621, 'im': -0.737}
2025-06-16 17:47:44 - SPEA2 - INFO - 295º Individual: {'ar': '44100', 'sample_fmt': 'fltp', 'compression_level': '7', 'reservoir': '1', 'b:a': '32k'}
2025-06-16 17:47:44 - SPEA2 - INFO -  >> Metrics: {'time': 0.48378520301776007, 'size': 45846, 'peaq': -3.286, 'im': -1.619}
2025-06-16 17:47:44 - SPEA2 - INFO - 296º Individual: {'ar': '44100', 'sample_fmt': 'fltp', 'compression_level': '7', 'reservoir': '1', 'b:a': '32k', 'abr': 'True'}
2025-06-16 17:47:45 - SPEA2 - INFO -  >> Metrics: {'time': 0.47946537801180966, 'size': 49324, 'peaq': -3.35, 'im': -1.734}
2025-06-16 17:47:45 - SPEA2 - INFO - 297º Individual: {'ar': '44100', 'sample_fmt': 's32p', 'compression_level': '0', 'reservoir': '1', 'b:a': '194k', 'abr': 'True'}
2025-06-16 17:47:45 - SPEA2 - INFO -  >> Metrics: {'time': 0.95149101500283, 'size': 268043, 'peaq': -2.621, 'im': -0.737}
2025-06-16 17:47:45 - SPEA2 - INFO - 298º Individual: {'ar': '12000', 'sample_fmt': 's32p', 'compression_level': '7', 'reservoir': '0', 'b:a': '108k', 'abr': 'True'}
2025-06-16 17:47:46 - SPEA2 - INFO -  >> Metrics: {'time': 0.4559751999913715, 'size': 92528, 'peaq': -3.74, 'im': -2.804}
2025-06-16 17:47:46 - SPEA2 - INFO - 299º Individual: {'ar': '44100', 'sample_fmt': 's32p', 'compression_level': '0', 'reservoir': '1', 'b:a': '245k'}
2025-06-16 17:47:48 - SPEA2 - INFO -  >> Metrics: {'time': 1.8129328040231485, 'size': 365375, 'peaq': -2.591, 'im': -0.705}
2025-06-16 17:47:48 - SPEA2 - INFO - 300º Individual: {'ar': '44100', 'sample_fmt': 's32p', 'compression_level': '7', 'reservoir': '1', 'aq': '9'}
2025-06-16 17:47:48 - SPEA2 - INFO -  >> Metrics: {'time': 0.609145262016682, 'size': 99479, 'peaq': -3.314, 'im': -1.668}
2025-06-16 17:47:48 - SPEA2 - INFO - 301º Individual: {'ar': '32000', 'sample_fmt': 's16p', 'compression_level': '7', 'reservoir': '1', 'b:a': '254k', 'abr': 'True'}
2025-06-16 17:47:49 - SPEA2 - INFO -  >> Metrics: {'time': 0.5743325199873652, 'size': 360512, 'peaq': -3.172, 'im': -1.435}
2025-06-16 17:47:49 - SPEA2 - INFO - 302º Individual: {'ar': '8000', 'sample_fmt': 'fltp', 'compression_level': '2', 'reservoir': '1', 'aq': '9'}
2025-06-16 17:47:50 - SPEA2 - INFO -  >> Metrics: {'time': 0.5693863250198774, 'size': 36728, 'peaq': -3.85, 'im': -3.441}
2025-06-16 17:47:50 - SPEA2 - INFO - 303º Individual: {'ar': '44100', 'sample_fmt': 's32p', 'compression_level': '7', 'reservoir': '1', 'b:a': '32k', 'abr': 'True'}
2025-06-16 17:47:50 - SPEA2 - INFO -  >> Metrics: {'time': 0.9605873849941418, 'size': 49324, 'peaq': -3.35, 'im': -1.734}
2025-06-16 17:47:50 - SPEA2 - INFO - 304º Individual: {'ar': '44100', 'sample_fmt': 'fltp', 'compression_level': '0', 'reservoir': '0', 'aq': '9'}
2025-06-16 17:47:52 - SPEA2 - INFO -  >> Metrics: {'time': 1.1825467749731615, 'size': 115219, 'peaq': -3.343, 'im': -1.721}
2025-06-16 17:47:52 - SPEA2 - INFO - 305º Individual: {'ar': '44100', 'sample_fmt': 's32p', 'compression_level': '0', 'reservoir': '1', 'b:a': '169k', 'abr': 'True'}
2025-06-16 17:47:54 - SPEA2 - INFO -  >> Metrics: {'time': 2.270799976977287, 'size': 227998, 'peaq': -2.692, 'im': -0.816}
2025-06-16 17:47:54 - SPEA2 - INFO - 306º Individual: {'ar': '44100', 'sample_fmt': 'fltp', 'compression_level': '7', 'reservoir': '0', 'b:a': '32k'}
2025-06-16 17:47:55 - SPEA2 - INFO -  >> Metrics: {'time': 0.7158967749855947, 'size': 45846, 'peaq': -3.303, 'im': -1.649}
2025-06-16 17:47:55 - SPEA2 - INFO - 307º Individual: {'ar': '44100', 'sample_fmt': 's32p', 'compression_level': '2', 'reservoir': '1', 'b:a': '245k', 'abr': 'True'}
2025-06-16 17:47:56 - SPEA2 - INFO -  >> Metrics: {'time': 1.384544304019073, 'size': 341791, 'peaq': -2.596, 'im': -0.71}
2025-06-16 17:47:56 - SPEA2 - INFO - 308º Individual: {'ar': '44100', 'sample_fmt': 's32p', 'compression_level': '7', 'reservoir': '1', 'b:a': '107k'}
2025-06-16 17:47:57 - SPEA2 - INFO -  >> Metrics: {'time': 1.2192074159684125, 'size': 159896, 'peaq': -3.068, 'im': -1.283}
2025-06-16 17:47:57 - SPEA2 - INFO - 309º Individual: {'ar': '44100', 'sample_fmt': 's32p', 'compression_level': '5', 'reservoir': '1', 'b:a': '194k'}
2025-06-16 17:47:58 - SPEA2 - INFO -  >> Metrics: {'time': 0.9255206419911701, 'size': 274051, 'peaq': -2.616, 'im': -0.732}
2025-06-16 17:47:58 - SPEA2 - INFO - 310º Individual: {'ar': '44100', 'sample_fmt': 'fltp', 'compression_level': '9', 'reservoir': '1', 'b:a': '186k', 'abr': 'True'}
2025-06-16 17:48:00 - SPEA2 - INFO -  >> Metrics: {'time': 1.3145992390054744, 'size': 259622, 'peaq': -2.645, 'im': -0.764}
2025-06-16 17:48:00 - SPEA2 - INFO - 311º Individual: {'ar': '32000', 'sample_fmt': 'fltp', 'compression_level': '9', 'reservoir': '1', 'b:a': '143k', 'abr': 'True'}
2025-06-16 17:48:00 - SPEA2 - INFO -  >> Metrics: {'time': 0.8206268719804939, 'size': 199808, 'peaq': -3.239, 'im': -1.541}
2025-06-16 17:48:00 - SPEA2 - INFO - 312º Individual: {'ar': '44100', 'sample_fmt': 'fltp', 'compression_level': '2', 'reservoir': '1', 'aq': '9'}
2025-06-16 17:48:01 - SPEA2 - INFO -  >> Metrics: {'time': 0.7932923649786972, 'size': 106330, 'peaq': -3.343, 'im': -1.721}
2025-06-16 17:48:01 - SPEA2 - INFO - 313º Individual: {'ar': '44100', 'sample_fmt': 'fltp', 'compression_level': '0', 'reservoir': '0', 'aq': '9'}
2025-06-16 17:48:02 - SPEA2 - INFO -  >> Metrics: {'time': 0.9457920639833901, 'size': 115219, 'peaq': -3.343, 'im': -1.721}
2025-06-16 17:48:02 - SPEA2 - INFO - 314º Individual: {'ar': '44100', 'sample_fmt': 'fltp', 'compression_level': '9', 'reservoir': '1', 'b:a': '209k'}
2025-06-16 17:48:03 - SPEA2 - INFO -  >> Metrics: {'time': 0.8482574170047883, 'size': 319714, 'peaq': -2.6, 'im': -0.715}
2025-06-16 17:48:03 - SPEA2 - INFO - 315º Individual: {'ar': '44100', 'sample_fmt': 's32p', 'compression_level': '0', 'reservoir': '1', 'b:a': '247k', 'abr': 'True'}
2025-06-16 17:48:04 - SPEA2 - INFO -  >> Metrics: {'time': 1.2255482189939357, 'size': 344182, 'peaq': -2.596, 'im': -0.711}
2025-06-16 17:48:04 - SPEA2 - INFO - 316º Individual: {'ar': '44100', 'sample_fmt': 'fltp', 'compression_level': '9', 'reservoir': '1', 'b:a': '209k'}
2025-06-16 17:48:05 - SPEA2 - INFO -  >> Metrics: {'time': 0.6214713669614866, 'size': 319714, 'peaq': -2.6, 'im': -0.715}
2025-06-16 17:48:05 - SPEA2 - INFO - 317º Individual: {'ar': '44100', 'sample_fmt': 'fltp', 'compression_level': '9', 'reservoir': '0', 'b:a': '211k'}
2025-06-16 17:48:05 - SPEA2 - INFO -  >> Metrics: {'time': 0.6296320380060934, 'size': 319714, 'peaq': -2.606, 'im': -0.721}
2025-06-16 17:48:05 - SPEA2 - INFO - 318º Individual: {'ar': '44100', 'sample_fmt': 's32p', 'compression_level': '7', 'reservoir': '1', 'b:a': '107k', 'abr': 'True'}
2025-06-16 17:48:06 - SPEA2 - INFO -  >> Metrics: {'time': 0.7925533509987872, 'size': 142584, 'peaq': -3.248, 'im': -1.556}
2025-06-16 17:48:06 - SPEA2 - INFO - 319º Individual: {'ar': '44100', 'sample_fmt': 's16p', 'compression_level': '7', 'reservoir': '1', 'aq': '9'}
2025-06-16 17:48:07 - SPEA2 - INFO -  >> Metrics: {'time': 0.8179809160064906, 'size': 99478, 'peaq': -3.315, 'im': -1.67}
2025-06-16 17:48:07 - SPEA2 - INFO - 320º Individual: {'ar': '44100', 'sample_fmt': 's16p', 'compression_level': '7', 'reservoir': '1', 'aq': '9'}
2025-06-16 17:48:08 - SPEA2 - INFO -  >> Metrics: {'time': 0.6882643409771845, 'size': 99478, 'peaq': -3.315, 'im': -1.67}
2025-06-16 17:48:08 - SPEA2 - INFO - 321º Individual: {'ar': '44100', 'sample_fmt': 's32p', 'compression_level': '5', 'reservoir': '1', 'b:a': '169k', 'abr': 'True'}
2025-06-16 17:48:09 - SPEA2 - INFO -  >> Metrics: {'time': 0.7694832320266869, 'size': 234637, 'peaq': -2.65, 'im': -0.769}
2025-06-16 17:48:09 - SPEA2 - INFO - 322º Individual: {'ar': '44100', 'sample_fmt': 's32p', 'compression_level': '7', 'reservoir': '1', 'b:a': '169k', 'abr': 'True'}
2025-06-16 17:48:09 - SPEA2 - INFO -  >> Metrics: {'time': 0.8334662919805851, 'size': 233706, 'peaq': -2.681, 'im': -0.803}
2025-06-16 17:48:09 - SPEA2 - INFO - 323º Individual: {'ar': '8000', 'sample_fmt': 's32p', 'compression_level': '7', 'reservoir': '1', 'aq': '9'}
2025-06-16 17:48:10 - SPEA2 - INFO -  >> Metrics: {'time': 0.49959412598400377, 'size': 37736, 'peaq': -3.855, 'im': -3.486}
2025-06-16 17:48:10 - SPEA2 - INFO - 324º Individual: {'ar': '44100', 'sample_fmt': 's16p', 'compression_level': '7', 'reservoir': '1', 'b:a': '169k', 'abr': 'True'}
2025-06-16 17:48:11 - SPEA2 - INFO -  >> Metrics: {'time': 0.620478594006272, 'size': 233702, 'peaq': -2.678, 'im': -0.8}
2025-06-16 17:48:11 - SPEA2 - INFO - 325º Individual: {'ar': '44100', 'sample_fmt': 'fltp', 'compression_level': '0', 'reservoir': '1', 'b:a': '245k', 'abr': 'True'}
2025-06-16 17:48:12 - SPEA2 - INFO -  >> Metrics: {'time': 1.2861510669754352, 'size': 342206, 'peaq': -2.595, 'im': -0.709}
2025-06-16 17:48:12 - SPEA2 - INFO - 326º Individual: {'ar': '44100', 'sample_fmt': 's16p', 'compression_level': '4', 'reservoir': '1', 'b:a': '32k'}
2025-06-16 17:48:13 - SPEA2 - INFO -  >> Metrics: {'time': 0.6503491399926133, 'size': 45846, 'peaq': -3.322, 'im': -1.684}
2025-06-16 17:48:13 - SPEA2 - INFO - 327º Individual: {'ar': '12000', 'sample_fmt': 'fltp', 'compression_level': '7', 'reservoir': '0', 'b:a': '103k'}
2025-06-16 17:48:13 - SPEA2 - INFO -  >> Metrics: {'time': 0.46865136502310634, 'size': 92432, 'peaq': -3.74, 'im': -2.803}
2025-06-16 17:48:13 - SPEA2 - INFO - 328º Individual: {'ar': '16000', 'sample_fmt': 's16p', 'compression_level': '8', 'reservoir': '0', 'aq': '9'}
2025-06-16 17:48:13 - SPEA2 - INFO -  >> Metrics: {'time': 0.490303295024205, 'size': 68300, 'peaq': -3.805, 'im': -3.137}
2025-06-16 17:48:13 - SPEA2 - INFO - 329º Individual: {'ar': '44100', 'sample_fmt': 's32p', 'compression_level': '0', 'reservoir': '1', 'b:a': '242k'}
2025-06-16 17:48:15 - SPEA2 - INFO -  >> Metrics: {'time': 1.234946995973587, 'size': 365375, 'peaq': -2.591, 'im': -0.705}
2025-06-16 17:48:15 - SPEA2 - INFO - 330º Individual: {'ar': '44100', 'sample_fmt': 'fltp', 'compression_level': '9', 'reservoir': '0', 'b:a': '208k'}
2025-06-16 17:48:15 - SPEA2 - INFO -  >> Metrics: {'time': 0.6360819269903004, 'size': 274051, 'peaq': -2.62, 'im': -0.736}
2025-06-16 17:48:15 - SPEA2 - INFO - 331º Individual: {'ar': '44100', 'sample_fmt': 's32p', 'compression_level': '9', 'reservoir': '1', 'b:a': '194k'}
2025-06-16 17:48:16 - SPEA2 - INFO -  >> Metrics: {'time': 0.5767101490346249, 'size': 274051, 'peaq': -2.63, 'im': -0.747}
2025-06-16 17:48:16 - SPEA2 - INFO - 332º Individual: {'ar': '32000', 'sample_fmt': 'fltp', 'compression_level': '7', 'reservoir': '1', 'b:a': '32k'}
2025-06-16 17:48:16 - SPEA2 - INFO -  >> Metrics: {'time': 0.47254927598987706, 'size': 45944, 'peaq': -3.434, 'im': -1.9}
2025-06-16 17:48:16 - SPEA2 - INFO - 333º Individual: {'ar': '32000', 'sample_fmt': 's32p', 'compression_level': '9', 'reservoir': '1', 'b:a': '107k', 'abr': 'True'}
2025-06-16 17:48:17 - SPEA2 - INFO -  >> Metrics: {'time': 0.4685436229920015, 'size': 146816, 'peaq': -3.494, 'im': -2.033}
2025-06-16 17:48:17 - SPEA2 - INFO - 334º Individual: {'ar': '44100', 'sample_fmt': 'fltp', 'compression_level': '1', 'reservoir': '1', 'aq': '9'}
2025-06-16 17:48:17 - SPEA2 - INFO -  >> Metrics: {'time': 0.559629611991113, 'size': 106330, 'peaq': -3.343, 'im': -1.721}
2025-06-16 17:48:17 - SPEA2 - INFO - 335º Individual: {'ar': '44100', 'sample_fmt': 'fltp', 'compression_level': '2', 'reservoir': '1', 'aq': '9'}
2025-06-16 17:48:18 - SPEA2 - INFO -  >> Metrics: {'time': 0.609790554997744, 'size': 106330, 'peaq': -3.343, 'im': -1.721}
2025-06-16 17:48:18 - SPEA2 - INFO - 336º Individual: {'ar': '44100', 'sample_fmt': 's32p', 'compression_level': '5', 'reservoir': '1', 'b:a': '245k'}
2025-06-16 17:48:19 - SPEA2 - INFO -  >> Metrics: {'time': 0.6270355860178825, 'size': 365375, 'peaq': -2.592, 'im': -0.706}
2025-06-16 17:48:19 - SPEA2 - INFO - 337º Individual: {'ar': '44100', 'sample_fmt': 's16p', 'compression_level': '9', 'reservoir': '1', 'b:a': '246k', 'abr': 'True'}
2025-06-16 17:48:19 - SPEA2 - INFO -  >> Metrics: {'time': 0.5471625119971577, 'size': 347515, 'peaq': -2.606, 'im': -0.721}
2025-06-16 17:48:19 - SPEA2 - INFO - 338º Individual: {'ar': '44100', 'sample_fmt': 's32p', 'compression_level': '9', 'reservoir': '1', 'b:a': '143k'}
2025-06-16 17:48:20 - SPEA2 - INFO -  >> Metrics: {'time': 0.8500019779894501, 'size': 182727, 'peaq': -2.916, 'im': -1.081}
2025-06-16 17:48:20 - SPEA2 - INFO - 339º Individual: {'ar': '44100', 'sample_fmt': 's32p', 'compression_level': '0', 'reservoir': '1', 'b:a': '244k', 'abr': 'True'}
2025-06-16 17:48:21 - SPEA2 - INFO -  >> Metrics: {'time': 1.2690348719770554, 'size': 340957, 'peaq': -2.594, 'im': -0.708}
2025-06-16 17:48:21 - SPEA2 - INFO - 340º Individual: {'ar': '44100', 'sample_fmt': 's32p', 'compression_level': '7', 'reservoir': '1', 'b:a': '168k', 'abr': 'True'}
2025-06-16 17:48:22 - SPEA2 - INFO -  >> Metrics: {'time': 0.7678745939920191, 'size': 232341, 'peaq': -2.684, 'im': -0.807}
2025-06-16 17:48:22 - SPEA2 - INFO - 341º Individual: {'ar': '44100', 'sample_fmt': 's32p', 'compression_level': '0', 'reservoir': '1', 'b:a': '245k', 'abr': 'True'}
2025-06-16 17:48:23 - SPEA2 - INFO -  >> Metrics: {'time': 1.1274057890113909, 'size': 342206, 'peaq': -2.595, 'im': -0.709}
2025-06-16 17:48:23 - SPEA2 - INFO - 342º Individual: {'ar': '44100', 'sample_fmt': 's32p', 'compression_level': '1', 'reservoir': '1', 'b:a': '107k', 'abr': 'True'}
2025-06-16 17:48:24 - SPEA2 - INFO -  >> Metrics: {'time': 1.114595492981607, 'size': 144507, 'peaq': -3.267, 'im': -1.587}
2025-06-16 17:48:24 - SPEA2 - INFO - 343º Individual: {'ar': '44100', 'sample_fmt': 's32p', 'compression_level': '9', 'reservoir': '1', 'b:a': '143k', 'abr': 'True'}
2025-06-16 17:48:25 - SPEA2 - INFO -  >> Metrics: {'time': 0.5496870880306233, 'size': 195422, 'peaq': -2.805, 'im': -0.945}
2025-06-16 17:48:25 - SPEA2 - INFO - 344º Individual: {'ar': '44100', 'sample_fmt': 's32p', 'compression_level': '0', 'reservoir': '1', 'b:a': '245k', 'abr': 'True'}
2025-06-16 17:48:26 - SPEA2 - INFO -  >> Metrics: {'time': 1.0190483369806316, 'size': 342206, 'peaq': -2.595, 'im': -0.709}
2025-06-16 17:48:26 - SPEA2 - INFO - 345º Individual: {'ar': '44100', 'sample_fmt': 's32p', 'compression_level': '9', 'reservoir': '1', 'b:a': '143k', 'abr': 'True'}
2025-06-16 17:48:27 - SPEA2 - INFO -  >> Metrics: {'time': 0.5064561710169073, 'size': 195422, 'peaq': -2.805, 'im': -0.945}
2025-06-16 17:48:27 - SPEA2 - INFO - 346º Individual: {'ar': '44100', 'sample_fmt': 'fltp', 'compression_level': '7', 'reservoir': '1', 'b:a': '32k'}
2025-06-16 17:48:27 - SPEA2 - INFO -  >> Metrics: {'time': 0.5150351900083479, 'size': 45846, 'peaq': -3.286, 'im': -1.619}
2025-06-16 17:48:27 - SPEA2 - INFO - 347º Individual: {'ar': '16000', 'sample_fmt': 's32p', 'compression_level': '5', 'reservoir': '1', 'b:a': '192k', 'abr': 'True'}
2025-06-16 17:48:28 - SPEA2 - INFO -  >> Metrics: {'time': 0.49458621299709193, 'size': 215756, 'peaq': -3.762, 'im': -2.907}
2025-06-16 17:48:28 - SPEA2 - INFO - 348º Individual: {'ar': '44100', 'sample_fmt': 's32p', 'compression_level': '7', 'reservoir': '1', 'b:a': '246k', 'abr': 'True'}
2025-06-16 17:48:28 - SPEA2 - INFO -  >> Metrics: {'time': 0.5374156340258196, 'size': 347619, 'peaq': -2.605, 'im': -0.72}
2025-06-16 17:48:28 - SPEA2 - INFO - 349º Individual: {'ar': '44100', 'sample_fmt': 'fltp', 'compression_level': '7', 'reservoir': '1', 'b:a': '143k', 'abr': 'True'}
2025-06-16 17:48:29 - SPEA2 - INFO -  >> Metrics: {'time': 0.6480759409896564, 'size': 195422, 'peaq': -2.805, 'im': -0.945}
2025-06-16 17:48:29 - SPEA2 - INFO - 350º Individual: {'ar': '44100', 'sample_fmt': 's16p', 'compression_level': '9', 'reservoir': '1', 'b:a': '85k', 'abr': 'True'}
2025-06-16 17:48:29 - SPEA2 - INFO -  >> Metrics: {'time': 0.6522997050196864, 'size': 115275, 'peaq': -3.47, 'im': -1.98}
2025-06-16 17:48:29 - SPEA2 - INFO - 351º Individual: {'ar': '44100', 'sample_fmt': 'fltp', 'compression_level': '9', 'reservoir': '0', 'b:a': '208k'}
2025-06-16 17:48:30 - SPEA2 - INFO -  >> Metrics: {'time': 0.9466855459904764, 'size': 274051, 'peaq': -2.62, 'im': -0.736}
2025-06-16 17:48:30 - SPEA2 - INFO - 352º Individual: {'ar': '44100', 'sample_fmt': 's32p', 'compression_level': '5', 'reservoir': '1', 'b:a': '169k'}
2025-06-16 17:48:31 - SPEA2 - INFO -  >> Metrics: {'time': 0.8147134559985716, 'size': 228390, 'peaq': -2.652, 'im': -0.771}
2025-06-16 17:48:31 - SPEA2 - INFO - 353º Individual: {'ar': '44100', 'sample_fmt': 's32p', 'compression_level': '9', 'reservoir': '1', 'b:a': '195k', 'abr': 'True'}
2025-06-16 17:48:32 - SPEA2 - INFO -  >> Metrics: {'time': 0.9672452640370466, 'size': 273256, 'peaq': -2.621, 'im': -0.737}
2025-06-16 17:48:32 - SPEA2 - INFO - 354º Individual: {'ar': '44100', 'sample_fmt': 's32p', 'compression_level': '9', 'reservoir': '1', 'b:a': '195k', 'abr': 'True'}
2025-06-16 17:48:33 - SPEA2 - INFO -  >> Metrics: {'time': 0.9640872169984505, 'size': 273256, 'peaq': -2.621, 'im': -0.737}
2025-06-16 17:48:33 - SPEA2 - INFO - 355º Individual: {'ar': '44100', 'sample_fmt': 'fltp', 'compression_level': '5', 'reservoir': '1', 'b:a': '169k', 'abr': 'True'}
2025-06-16 17:48:35 - SPEA2 - INFO -  >> Metrics: {'time': 2.1191453979699872, 'size': 234638, 'peaq': -2.651, 'im': -0.77}
2025-06-16 17:48:35 - SPEA2 - INFO - 356º Individual: {'ar': '44100', 'sample_fmt': 's32p', 'compression_level': '7', 'reservoir': '1', 'b:a': '107k', 'abr': 'True'}
2025-06-16 17:48:37 - SPEA2 - INFO -  >> Metrics: {'time': 1.2336047319986392, 'size': 142584, 'peaq': -3.248, 'im': -1.556}
2025-06-16 17:48:37 - SPEA2 - INFO - 357º Individual: {'ar': '44100', 'sample_fmt': 's32p', 'compression_level': '5', 'reservoir': '1', 'b:a': '143k'}
2025-06-16 17:48:39 - SPEA2 - INFO -  >> Metrics: {'time': 2.030038222030271, 'size': 182727, 'peaq': -2.832, 'im': -0.978}
2025-06-16 17:48:39 - SPEA2 - INFO - 358º Individual: {'ar': '44100', 'sample_fmt': 'fltp', 'compression_level': '9', 'reservoir': '1', 'b:a': '186k', 'abr': 'True'}
2025-06-16 17:48:40 - SPEA2 - INFO -  >> Metrics: {'time': 1.679110585973831, 'size': 259622, 'peaq': -2.645, 'im': -0.764}
2025-06-16 17:48:40 - SPEA2 - INFO - 359º Individual: {'ar': '8000', 'sample_fmt': 's16p', 'compression_level': '2', 'reservoir': '1', 'aq': '9'}
2025-06-16 17:48:41 - SPEA2 - INFO -  >> Metrics: {'time': 0.6036435270216316, 'size': 36728, 'peaq': -3.85, 'im': -3.44}
2025-06-16 17:48:41 - SPEA2 - INFO - 360º Individual: {'ar': '8000', 'sample_fmt': 's16p', 'compression_level': '7', 'reservoir': '1', 'b:a': '245k', 'abr': 'True'}
2025-06-16 17:48:42 - SPEA2 - INFO -  >> Metrics: {'time': 0.5851215640141163, 'size': 92384, 'peaq': -3.858, 'im': -3.51}
2025-06-16 17:48:42 - SPEA2 - INFO - 361º Individual: {'ar': '44100', 'sample_fmt': 's32p', 'compression_level': '5', 'reservoir': '1', 'b:a': '169k', 'abr': 'True'}
2025-06-16 17:48:43 - SPEA2 - INFO -  >> Metrics: {'time': 1.1566883400082588, 'size': 234637, 'peaq': -2.65, 'im': -0.769}
2025-06-16 17:48:43 - SPEA2 - INFO - 362º Individual: {'ar': '44100', 'sample_fmt': 's32p', 'compression_level': '0', 'reservoir': '1', 'b:a': '169k', 'abr': 'True'}
2025-06-16 17:48:44 - SPEA2 - INFO -  >> Metrics: {'time': 1.5749915729975328, 'size': 227998, 'peaq': -2.692, 'im': -0.816}
2025-06-16 17:48:44 - SPEA2 - INFO - 363º Individual: {'ar': '44100', 'sample_fmt': 's32p', 'compression_level': '0', 'reservoir': '1', 'b:a': '245k', 'abr': 'True'}
2025-06-16 17:48:46 - SPEA2 - INFO -  >> Metrics: {'time': 1.5247140669962391, 'size': 342206, 'peaq': -2.595, 'im': -0.709}
2025-06-16 17:48:46 - SPEA2 - INFO - 364º Individual: {'ar': '44100', 'sample_fmt': 's32p', 'compression_level': '6', 'reservoir': '1', 'b:a': '246k', 'abr': 'True'}
2025-06-16 17:48:47 - SPEA2 - INFO -  >> Metrics: {'time': 0.884765750990482, 'size': 350219, 'peaq': -2.591, 'im': -0.704}
2025-06-16 17:48:47 - SPEA2 - INFO - 365º Individual: {'ar': '44100', 'sample_fmt': 's32p', 'compression_level': '7', 'reservoir': '1', 'b:a': '249k', 'abr': 'True'}
2025-06-16 17:48:47 - SPEA2 - INFO -  >> Metrics: {'time': 0.6702828900015447, 'size': 351780, 'peaq': -2.603, 'im': -0.718}
2025-06-16 17:48:47 - SPEA2 - INFO - 366º Individual: {'ar': '8000', 'sample_fmt': 's16p', 'compression_level': '2', 'reservoir': '1', 'aq': '9'}
2025-06-16 17:48:48 - SPEA2 - INFO -  >> Metrics: {'time': 0.5578849769954104, 'size': 36728, 'peaq': -3.85, 'im': -3.44}
2025-06-16 17:48:48 - SPEA2 - INFO - 367º Individual: {'ar': '8000', 'sample_fmt': 'fltp', 'compression_level': '2', 'reservoir': '1', 'aq': '9'}
2025-06-16 17:48:49 - SPEA2 - INFO -  >> Metrics: {'time': 0.5763061890029348, 'size': 36728, 'peaq': -3.85, 'im': -3.441}
2025-06-16 17:48:49 - SPEA2 - INFO - 368º Individual: {'ar': '8000', 'sample_fmt': 's16p', 'compression_level': '0', 'reservoir': '1', 'b:a': '32k', 'abr': 'True'}
2025-06-16 17:48:49 - SPEA2 - INFO -  >> Metrics: {'time': 0.6527364799985662, 'size': 42920, 'peaq': -3.851, 'im': -3.456}
2025-06-16 17:48:49 - SPEA2 - INFO - 369º Individual: {'ar': '44100', 'sample_fmt': 's32p', 'compression_level': '9', 'reservoir': '1', 'b:a': '128k', 'abr': 'True'}
2025-06-16 17:48:50 - SPEA2 - INFO -  >> Metrics: {'time': 0.6697043869644403, 'size': 173388, 'peaq': -2.937, 'im': -1.108}
2025-06-16 17:48:50 - SPEA2 - INFO - 370º Individual: {'ar': '44100', 'sample_fmt': 'fltp', 'compression_level': '5', 'reservoir': '1', 'b:a': '169k', 'abr': 'True'}
2025-06-16 17:48:51 - SPEA2 - INFO -  >> Metrics: {'time': 0.7462233899859712, 'size': 234638, 'peaq': -2.651, 'im': -0.77}
2025-06-16 17:48:51 - SPEA2 - INFO - 371º Individual: {'ar': '12000', 'sample_fmt': 'fltp', 'compression_level': '2', 'reservoir': '1', 'b:a': '109k'}
2025-06-16 17:48:51 - SPEA2 - INFO -  >> Metrics: {'time': 0.6819257389870472, 'size': 92528, 'peaq': -3.765, 'im': -2.919}
2025-06-16 17:48:51 - SPEA2 - INFO - 372º Individual: {'ar': '44100', 'sample_fmt': 's32p', 'compression_level': '7', 'reservoir': '1', 'b:a': '246k', 'abr': 'True'}
2025-06-16 17:48:52 - SPEA2 - INFO -  >> Metrics: {'time': 0.8800810370012186, 'size': 347619, 'peaq': -2.605, 'im': -0.72}
2025-06-16 17:48:52 - SPEA2 - INFO - 373º Individual: {'ar': '44100', 'sample_fmt': 's32p', 'compression_level': '6', 'reservoir': '1', 'b:a': '246k', 'abr': 'True'}
2025-06-16 17:48:53 - SPEA2 - INFO -  >> Metrics: {'time': 0.6233340960170608, 'size': 350219, 'peaq': -2.591, 'im': -0.704}
2025-06-16 17:48:53 - SPEA2 - INFO - 374º Individual: {'ar': '44100', 'sample_fmt': 'fltp', 'compression_level': '7', 'reservoir': '0', 'b:a': '85k', 'abr': 'True'}
2025-06-16 17:48:53 - SPEA2 - INFO -  >> Metrics: {'time': 0.5060147019976284, 'size': 125057, 'peaq': -3.475, 'im': -1.991}
2025-06-16 17:48:53 - SPEA2 - INFO - 375º Individual: {'ar': '44100', 'sample_fmt': 's32p', 'compression_level': '0', 'reservoir': '1', 'b:a': '244k'}
2025-06-16 17:48:54 - SPEA2 - INFO -  >> Metrics: {'time': 1.1606865900103003, 'size': 365375, 'peaq': -2.591, 'im': -0.705}
2025-06-16 17:48:54 - SPEA2 - INFO - 376º Individual: {'ar': '44100', 'sample_fmt': 's32p', 'compression_level': '7', 'reservoir': '1', 'b:a': '169k', 'abr': 'True'}
2025-06-16 17:48:55 - SPEA2 - INFO -  >> Metrics: {'time': 0.5767277079867199, 'size': 233706, 'peaq': -2.681, 'im': -0.803}
2025-06-16 17:48:55 - SPEA2 - INFO - 377º Individual: {'ar': '44100', 'sample_fmt': 's32p', 'compression_level': '0', 'reservoir': '1', 'b:a': '195k', 'abr': 'True'}
2025-06-16 17:48:56 - SPEA2 - INFO -  >> Metrics: {'time': 1.0814461279951502, 'size': 269192, 'peaq': -2.615, 'im': -0.73}
2025-06-16 17:48:56 - SPEA2 - INFO - 378º Individual: {'ar': '44100', 'sample_fmt': 's32p', 'compression_level': '5', 'reservoir': '1', 'b:a': '169k', 'abr': 'True'}
2025-06-16 17:48:57 - SPEA2 - INFO -  >> Metrics: {'time': 0.7313949980016332, 'size': 234637, 'peaq': -2.65, 'im': -0.769}
2025-06-16 17:48:57 - SPEA2 - INFO - 379º Individual: {'ar': '44100', 'sample_fmt': 's32p', 'compression_level': '0', 'reservoir': '1', 'b:a': '194k', 'abr': 'True'}
2025-06-16 17:48:58 - SPEA2 - INFO -  >> Metrics: {'time': 1.0710498210100923, 'size': 268043, 'peaq': -2.621, 'im': -0.737}
2025-06-16 17:48:58 - SPEA2 - INFO - 380º Individual: {'ar': '44100', 'sample_fmt': 'fltp', 'compression_level': '2', 'reservoir': '1', 'aq': '9'}
2025-06-16 17:48:59 - SPEA2 - INFO -  >> Metrics: {'time': 0.7210927670239471, 'size': 106330, 'peaq': -3.343, 'im': -1.721}
2025-06-16 17:48:59 - SPEA2 - INFO - 381º Individual: {'ar': '8000', 'sample_fmt': 's16p', 'compression_level': '2', 'reservoir': '1', 'aq': '9'}
2025-06-16 17:48:59 - SPEA2 - INFO -  >> Metrics: {'time': 0.43185645301127806, 'size': 36728, 'peaq': -3.85, 'im': -3.44}
2025-06-16 17:48:59 - SPEA2 - INFO - 382º Individual: {'ar': '44100', 'sample_fmt': 's32p', 'compression_level': '9', 'reservoir': '1', 'b:a': '245k'}
2025-06-16 17:49:00 - SPEA2 - INFO -  >> Metrics: {'time': 0.5964265849615913, 'size': 365375, 'peaq': -2.604, 'im': -0.719}
2025-06-16 17:49:00 - SPEA2 - INFO - 383º Individual: {'ar': '32000', 'sample_fmt': 'fltp', 'compression_level': '9', 'reservoir': '0', 'b:a': '127k', 'abr': 'True'}
2025-06-16 17:49:00 - SPEA2 - INFO -  >> Metrics: {'time': 0.5304939670022577, 'size': 190088, 'peaq': -3.324, 'im': -1.686}
2025-06-16 17:49:00 - SPEA2 - INFO - 384º Individual: {'ar': '44100', 'sample_fmt': 's32p', 'compression_level': '7', 'reservoir': '1', 'b:a': '245k', 'abr': 'True'}
2025-06-16 17:49:01 - SPEA2 - INFO -  >> Metrics: {'time': 0.5528561800019816, 'size': 346059, 'peaq': -2.601, 'im': -0.716}
2025-06-16 17:49:01 - SPEA2 - INFO - 385º Individual: {'ar': '44100', 'sample_fmt': 's32p', 'compression_level': '0', 'reservoir': '1', 'b:a': '245k', 'abr': 'True'}
2025-06-16 17:49:02 - SPEA2 - INFO -  >> Metrics: {'time': 1.1435778900340665, 'size': 342206, 'peaq': -2.595, 'im': -0.709}
2025-06-16 17:49:02 - SPEA2 - INFO - 386º Individual: {'ar': '8000', 'sample_fmt': 's16p', 'compression_level': '7', 'reservoir': '1', 'b:a': '169k'}
2025-06-16 17:49:02 - SPEA2 - INFO -  >> Metrics: {'time': 0.44424362800782546, 'size': 93680, 'peaq': -3.858, 'im': -3.512}
2025-06-16 17:49:02 - SPEA2 - INFO - 387º Individual: {'ar': '44100', 'sample_fmt': 's16p', 'compression_level': '7', 'reservoir': '1', 'b:a': '169k', 'abr': 'True'}
2025-06-16 17:49:03 - SPEA2 - INFO -  >> Metrics: {'time': 0.5001518780190963, 'size': 233702, 'peaq': -2.678, 'im': -0.8}
2025-06-16 17:49:03 - SPEA2 - INFO - 388º Individual: {'ar': '44100', 'sample_fmt': 's32p', 'compression_level': '7', 'reservoir': '1', 'b:a': '165k', 'abr': 'True'}
2025-06-16 17:49:03 - SPEA2 - INFO -  >> Metrics: {'time': 0.5114995129988529, 'size': 227842, 'peaq': -2.697, 'im': -0.821}
2025-06-16 17:49:03 - SPEA2 - INFO - 389º Individual: {'ar': '44100', 'sample_fmt': 's32p', 'compression_level': '0', 'reservoir': '1', 'b:a': '195k', 'abr': 'True'}
2025-06-16 17:49:04 - SPEA2 - INFO -  >> Metrics: {'time': 0.9850319859979209, 'size': 269192, 'peaq': -2.615, 'im': -0.73}
2025-06-16 17:49:04 - SPEA2 - INFO - 390º Individual: {'ar': '44100', 'sample_fmt': 's32p', 'compression_level': '7', 'reservoir': '1', 'b:a': '168k', 'abr': 'True'}
2025-06-16 17:49:05 - SPEA2 - INFO -  >> Metrics: {'time': 0.5353655730141327, 'size': 232341, 'peaq': -2.684, 'im': -0.807}
2025-06-16 17:49:05 - SPEA2 - INFO - 391º Individual: {'ar': '32000', 'sample_fmt': 's32p', 'compression_level': '7', 'reservoir': '1', 'b:a': '32k'}
2025-06-16 17:49:05 - SPEA2 - INFO -  >> Metrics: {'time': 0.47505852801259607, 'size': 45944, 'peaq': -3.434, 'im': -1.9}
2025-06-16 17:49:05 - SPEA2 - INFO - 392º Individual: {'ar': '44100', 'sample_fmt': 's32p', 'compression_level': '5', 'reservoir': '1', 'b:a': '110k', 'abr': 'True'}
2025-06-16 17:49:06 - SPEA2 - INFO -  >> Metrics: {'time': 0.653553260024637, 'size': 150176, 'peaq': -3.064, 'im': -1.277}
2025-06-16 17:49:06 - SPEA2 - INFO - 393º Individual: {'ar': '44100', 'sample_fmt': 's32p', 'compression_level': '2', 'reservoir': '1', 'b:a': '244k', 'abr': 'True'}
2025-06-16 17:49:07 - SPEA2 - INFO -  >> Metrics: {'time': 0.8185162199952174, 'size': 340542, 'peaq': -2.595, 'im': -0.709}
2025-06-16 17:49:07 - SPEA2 - INFO - 394º Individual: {'ar': '32000', 'sample_fmt': 'fltp', 'compression_level': '7', 'reservoir': '1', 'b:a': '252k', 'abr': 'True'}
2025-06-16 17:49:08 - SPEA2 - INFO -  >> Metrics: {'time': 0.5310798949794844, 'size': 357776, 'peaq': -3.173, 'im': -1.437}
2025-06-16 17:49:08 - SPEA2 - INFO - 395º Individual: {'ar': '44100', 'sample_fmt': 's32p', 'compression_level': '5', 'reservoir': '1', 'b:a': '169k'}
2025-06-16 17:49:08 - SPEA2 - INFO -  >> Metrics: {'time': 0.6730245459766593, 'size': 228390, 'peaq': -2.652, 'im': -0.771}
2025-06-16 17:49:08 - SPEA2 - INFO - 396º Individual: {'ar': '44100', 'sample_fmt': 's32p', 'compression_level': '7', 'reservoir': '1', 'b:a': '232k', 'abr': 'True'}
2025-06-16 17:49:09 - SPEA2 - INFO -  >> Metrics: {'time': 0.550490230001742, 'size': 327121, 'peaq': -2.6, 'im': -0.714}
2025-06-16 17:49:09 - SPEA2 - INFO - 397º Individual: {'ar': '16000', 'sample_fmt': 's32p', 'compression_level': '8', 'reservoir': '1', 'b:a': '89k'}
2025-06-16 17:49:09 - SPEA2 - INFO -  >> Metrics: {'time': 0.4277153669972904, 'size': 137888, 'peaq': -3.738, 'im': -2.795}
2025-06-16 17:49:09 - SPEA2 - INFO - 398º Individual: {'ar': '44100', 'sample_fmt': 's32p', 'compression_level': '9', 'reservoir': '1', 'b:a': '195k', 'abr': 'True'}
2025-06-16 17:49:10 - SPEA2 - INFO -  >> Metrics: {'time': 0.560998495988315, 'size': 273256, 'peaq': -2.621, 'im': -0.737}
2025-06-16 17:49:10 - SPEA2 - INFO - 399º Individual: {'ar': '44100', 'sample_fmt': 's32p', 'compression_level': '2', 'reservoir': '1', 'b:a': '169k', 'abr': 'True'}
2025-06-16 17:49:11 - SPEA2 - INFO -  >> Metrics: {'time': 0.8193310100177769, 'size': 228257, 'peaq': -2.665, 'im': -0.786}
2025-06-16 17:49:11 - SPEA2 - INFO - 400º Individual: {'ar': '44100', 'sample_fmt': 's32p', 'compression_level': '5', 'reservoir': '1', 'b:a': '143k'}
2025-06-16 17:49:11 - SPEA2 - INFO -  >> Metrics: {'time': 0.6084261889918707, 'size': 182727, 'peaq': -2.832, 'im': -0.978}
2025-06-16 17:49:11 - SPEA2 - INFO - 401º Individual: {'ar': '44100', 'sample_fmt': 's32p', 'compression_level': '0', 'reservoir': '1', 'b:a': '165k', 'abr': 'True'}
2025-06-16 17:49:13 - SPEA2 - INFO -  >> Metrics: {'time': 1.3158660129993223, 'size': 224025, 'peaq': -2.701, 'im': -0.826}
2025-06-16 17:49:13 - SPEA2 - INFO - 402º Individual: {'ar': '44100', 'sample_fmt': 's32p', 'compression_level': '7', 'reservoir': '1', 'b:a': '254k'}
2025-06-16 17:49:13 - SPEA2 - INFO -  >> Metrics: {'time': 0.5462848510069307, 'size': 365375, 'peaq': -2.604, 'im': -0.719}
2025-06-16 17:49:13 - SPEA2 - INFO - 403º Individual: {'ar': '44100', 'sample_fmt': 's32p', 'compression_level': '5', 'reservoir': '1', 'b:a': '192k'}
2025-06-16 17:49:14 - SPEA2 - INFO -  >> Metrics: {'time': 0.6579424430383369, 'size': 274051, 'peaq': -2.616, 'im': -0.732}
2025-06-16 17:49:14 - SPEA2 - INFO - 404º Individual: {'ar': '44100', 'sample_fmt': 's32p', 'compression_level': '7', 'reservoir': '1', 'b:a': '107k', 'abr': 'True'}
2025-06-16 17:49:14 - SPEA2 - INFO -  >> Metrics: {'time': 0.5160546379629523, 'size': 142584, 'peaq': -3.248, 'im': -1.556}
2025-06-16 17:49:14 - SPEA2 - INFO - 405º Individual: {'ar': '44100', 'sample_fmt': 's32p', 'compression_level': '5', 'reservoir': '1', 'b:a': '169k', 'abr': 'True'}
2025-06-16 17:49:15 - SPEA2 - INFO -  >> Metrics: {'time': 0.6615341480064671, 'size': 234637, 'peaq': -2.65, 'im': -0.769}
2025-06-16 17:49:15 - SPEA2 - INFO - 406º Individual: {'ar': '16000', 'sample_fmt': 'fltp', 'compression_level': '8', 'reservoir': '1', 'aq': '9'}
2025-06-16 17:49:15 - SPEA2 - INFO -  >> Metrics: {'time': 0.4512999090075027, 'size': 63224, 'peaq': -3.805, 'im': -3.135}
2025-06-16 17:49:15 - SPEA2 - INFO - 407º Individual: {'ar': '32000', 'sample_fmt': 's32p', 'compression_level': '9', 'reservoir': '1', 'b:a': '128k'}
2025-06-16 17:49:16 - SPEA2 - INFO -  >> Metrics: {'time': 0.48640285298461094, 'size': 183248, 'peaq': -3.299, 'im': -1.642}
2025-06-16 17:49:16 - SPEA2 - INFO - 408º Individual: {'ar': '44100', 'sample_fmt': 's32p', 'compression_level': '9', 'reservoir': '1', 'b:a': '246k', 'abr': 'True'}
2025-06-16 17:49:16 - SPEA2 - INFO -  >> Metrics: {'time': 0.5364119110163301, 'size': 347619, 'peaq': -2.605, 'im': -0.72}
2025-06-16 17:49:16 - SPEA2 - INFO - 409º Individual: {'ar': '44100', 'sample_fmt': 'fltp', 'compression_level': '9', 'reservoir': '1', 'b:a': '186k', 'abr': 'True'}
2025-06-16 17:49:17 - SPEA2 - INFO -  >> Metrics: {'time': 0.5224770919885486, 'size': 259622, 'peaq': -2.645, 'im': -0.764}
2025-06-16 17:49:17 - SPEA2 - INFO - 410º Individual: {'ar': '44100', 'sample_fmt': 's16p', 'compression_level': '7', 'reservoir': '1', 'b:a': '169k', 'abr': 'True'}
2025-06-16 17:49:18 - SPEA2 - INFO -  >> Metrics: {'time': 0.6380830120178871, 'size': 233702, 'peaq': -2.678, 'im': -0.8}
2025-06-16 17:49:18 - SPEA2 - INFO - 411º Individual: {'ar': '44100', 'sample_fmt': 's32p', 'compression_level': '9', 'reservoir': '1', 'b:a': '246k'}
2025-06-16 17:49:18 - SPEA2 - INFO -  >> Metrics: {'time': 0.5422603479819372, 'size': 365375, 'peaq': -2.604, 'im': -0.719}
2025-06-16 17:49:18 - SPEA2 - INFO - 412º Individual: {'ar': '44100', 'sample_fmt': 's32p', 'compression_level': '7', 'reservoir': '1', 'b:a': '267k'}
2025-06-16 17:49:19 - SPEA2 - INFO -  >> Metrics: {'time': 0.7184301330125891, 'size': 365375, 'peaq': -2.604, 'im': -0.719}
2025-06-16 17:49:19 - SPEA2 - INFO - 413º Individual: {'ar': '44100', 'sample_fmt': 's32p', 'compression_level': '2', 'reservoir': '1', 'b:a': '169k', 'abr': 'True'}
2025-06-16 17:49:20 - SPEA2 - INFO -  >> Metrics: {'time': 0.9999389099830296, 'size': 228257, 'peaq': -2.665, 'im': -0.786}
2025-06-16 17:49:20 - SPEA2 - INFO - 414º Individual: {'ar': '44100', 'sample_fmt': 's32p', 'compression_level': '7', 'reservoir': '1', 'b:a': '194k', 'abr': 'True'}
2025-06-16 17:49:20 - SPEA2 - INFO -  >> Metrics: {'time': 0.5690642460249364, 'size': 271799, 'peaq': -2.623, 'im': -0.74}
2025-06-16 17:49:20 - SPEA2 - INFO - 415º Individual: {'ar': '44100', 'sample_fmt': 's16p', 'compression_level': '7', 'reservoir': '1', 'b:a': '169k', 'abr': 'True'}
2025-06-16 17:49:21 - SPEA2 - INFO -  >> Metrics: {'time': 0.6669690109847579, 'size': 233702, 'peaq': -2.678, 'im': -0.8}
2025-06-16 17:49:21 - SPEA2 - INFO - 416º Individual: {'ar': '44100', 'sample_fmt': 's32p', 'compression_level': '5', 'reservoir': '1', 'b:a': '192k'}
2025-06-16 17:49:22 - SPEA2 - INFO -  >> Metrics: {'time': 0.6767014889919665, 'size': 274051, 'peaq': -2.616, 'im': -0.732}
2025-06-16 17:49:22 - SPEA2 - INFO - 417º Individual: {'ar': '44100', 'sample_fmt': 's32p', 'compression_level': '5', 'reservoir': '1', 'b:a': '107k'}
2025-06-16 17:49:22 - SPEA2 - INFO -  >> Metrics: {'time': 0.6341374490002636, 'size': 159896, 'peaq': -2.963, 'im': -1.14}
2025-06-16 17:49:22 - SPEA2 - INFO - 418º Individual: {'ar': '44100', 'sample_fmt': 'fltp', 'compression_level': '7', 'reservoir': '1', 'b:a': '32k'}
2025-06-16 17:49:23 - SPEA2 - INFO -  >> Metrics: {'time': 0.5800804979808163, 'size': 45846, 'peaq': -3.286, 'im': -1.619}
2025-06-16 17:49:23 - SPEA2 - INFO - 419º Individual: {'ar': '44100', 'sample_fmt': 's32p', 'compression_level': '5', 'reservoir': '1', 'b:a': '167k', 'abr': 'True'}
2025-06-16 17:49:24 - SPEA2 - INFO -  >> Metrics: {'time': 0.6617460030247457, 'size': 232028, 'peaq': -2.66, 'im': -0.78}
2025-06-16 17:49:24 - SPEA2 - INFO - 420º Individual: {'ar': '32000', 'sample_fmt': 's32p', 'compression_level': '7', 'reservoir': '1', 'b:a': '192k'}
2025-06-16 17:49:24 - SPEA2 - INFO -  >> Metrics: {'time': 0.50120955996681, 'size': 274832, 'peaq': -3.177, 'im': -1.443}
2025-06-16 17:49:24 - SPEA2 - INFO - 421º Individual: {'ar': '44100', 'sample_fmt': 's32p', 'compression_level': '0', 'reservoir': '1', 'b:a': '244k', 'abr': 'True'}
2025-06-16 17:49:25 - SPEA2 - INFO -  >> Metrics: {'time': 1.0383588170225266, 'size': 340957, 'peaq': -2.594, 'im': -0.708}
2025-06-16 17:49:25 - SPEA2 - INFO - 422º Individual: {'ar': '16000', 'sample_fmt': 'fltp', 'compression_level': '5', 'reservoir': '1', 'b:a': '169k'}
2025-06-16 17:49:26 - SPEA2 - INFO -  >> Metrics: {'time': 0.4834668249823153, 'size': 229760, 'peaq': -3.762, 'im': -2.903}
2025-06-16 17:49:26 - SPEA2 - INFO - 423º Individual: {'ar': '8000', 'sample_fmt': 's16p', 'compression_level': '7', 'reservoir': '1', 'b:a': '169k', 'abr': 'True'}
2025-06-16 17:49:26 - SPEA2 - INFO -  >> Metrics: {'time': 0.42273088000365533, 'size': 92384, 'peaq': -3.858, 'im': -3.51}
2025-06-16 17:49:26 - SPEA2 - INFO - 424º Individual: {'ar': '8000', 'sample_fmt': 'fltp', 'compression_level': '7', 'reservoir': '0', 'b:a': '169k', 'abr': 'True'}
2025-06-16 17:49:27 - SPEA2 - INFO -  >> Metrics: {'time': 0.7422111489868257, 'size': 93680, 'peaq': -3.858, 'im': -3.51}
2025-06-16 17:49:27 - SPEA2 - INFO - 425º Individual: {'ar': '44100', 'sample_fmt': 's16p', 'compression_level': '7', 'reservoir': '1', 'b:a': '169k', 'abr': 'True'}
2025-06-16 17:49:27 - SPEA2 - INFO -  >> Metrics: {'time': 0.4979027249792125, 'size': 233702, 'peaq': -2.678, 'im': -0.8}
2025-06-16 17:49:27 - SPEA2 - INFO - 426º Individual: {'ar': '44100', 'sample_fmt': 's16p', 'compression_level': '7', 'reservoir': '1', 'b:a': '32k', 'abr': 'True'}
2025-06-16 17:49:28 - SPEA2 - INFO -  >> Metrics: {'time': 0.4825507150089834, 'size': 49350, 'peaq': -3.355, 'im': -1.744}
2025-06-16 17:49:28 - SPEA2 - INFO - 427º Individual: {'ar': '32000', 'sample_fmt': 's16p', 'compression_level': '7', 'reservoir': '1', 'b:a': '195k', 'abr': 'True'}
2025-06-16 17:49:28 - SPEA2 - INFO -  >> Metrics: {'time': 0.45930482202675194, 'size': 277784, 'peaq': -3.18, 'im': -1.447}
2025-06-16 17:49:28 - SPEA2 - INFO - 428º Individual: {'ar': '44100', 'sample_fmt': 's32p', 'compression_level': '7', 'reservoir': '1', 'b:a': '267k'}
2025-06-16 17:49:29 - SPEA2 - INFO -  >> Metrics: {'time': 0.5174444839940406, 'size': 365375, 'peaq': -2.604, 'im': -0.719}
2025-06-16 17:49:29 - SPEA2 - INFO - 429º Individual: {'ar': '32000', 'sample_fmt': 's16p', 'compression_level': '7', 'reservoir': '1', 'b:a': '253k'}
2025-06-16 17:49:29 - SPEA2 - INFO -  >> Metrics: {'time': 0.49497261599753983, 'size': 366416, 'peaq': -3.175, 'im': -1.439}
2025-06-16 17:49:29 - SPEA2 - INFO - 430º Individual: {'ar': '44100', 'sample_fmt': 's32p', 'compression_level': '0', 'reservoir': '1', 'b:a': '195k', 'abr': 'True'}
2025-06-16 17:49:30 - SPEA2 - INFO -  >> Metrics: {'time': 1.0313118239864707, 'size': 269192, 'peaq': -2.615, 'im': -0.73}
2025-06-16 17:49:30 - SPEA2 - INFO - 431º Individual: {'ar': '44100', 'sample_fmt': 's32p', 'compression_level': '0', 'reservoir': '1', 'b:a': '194k', 'abr': 'True'}
2025-06-16 17:49:31 - SPEA2 - INFO -  >> Metrics: {'time': 0.9554351530096028, 'size': 268043, 'peaq': -2.621, 'im': -0.737}
2025-06-16 17:49:31 - SPEA2 - INFO - 432º Individual: {'ar': '44100', 'sample_fmt': 's32p', 'compression_level': '9', 'reservoir': '1', 'b:a': '194k', 'abr': 'True'}
2025-06-16 17:49:32 - SPEA2 - INFO -  >> Metrics: {'time': 0.5703522349940613, 'size': 271799, 'peaq': -2.623, 'im': -0.74}
2025-06-16 17:49:32 - SPEA2 - INFO - 433º Individual: {'ar': '44100', 'sample_fmt': 's32p', 'compression_level': '0', 'reservoir': '1', 'b:a': '167k', 'abr': 'True'}
2025-06-16 17:49:33 - SPEA2 - INFO -  >> Metrics: {'time': 1.2661400669894647, 'size': 226117, 'peaq': -2.696, 'im': -0.82}
2025-06-16 17:49:33 - SPEA2 - INFO - 434º Individual: {'ar': '44100', 'sample_fmt': 's32p', 'compression_level': '9', 'reservoir': '1', 'b:a': '143k', 'abr': 'True'}
2025-06-16 17:49:34 - SPEA2 - INFO -  >> Metrics: {'time': 0.6108343400119338, 'size': 195422, 'peaq': -2.805, 'im': -0.945}
2025-06-16 17:49:34 - SPEA2 - INFO - 435º Individual: {'ar': '44100', 'sample_fmt': 'fltp', 'compression_level': '5', 'reservoir': '0', 'b:a': '208k', 'abr': 'True'}
2025-06-16 17:49:35 - SPEA2 - INFO -  >> Metrics: {'time': 0.7708784549904522, 'size': 322967, 'peaq': -2.604, 'im': -0.719}
2025-06-16 17:49:35 - SPEA2 - INFO - 436º Individual: {'ar': '44100', 'sample_fmt': 's32p', 'compression_level': '5', 'reservoir': '1', 'b:a': '168k', 'abr': 'True'}
2025-06-16 17:49:35 - SPEA2 - INFO -  >> Metrics: {'time': 0.6607292909757234, 'size': 233594, 'peaq': -2.654, 'im': -0.773}
2025-06-16 17:49:35 - SPEA2 - INFO - 437º Individual: {'ar': '44100', 'sample_fmt': 'fltp', 'compression_level': '7', 'reservoir': '1', 'b:a': '126k'}
2025-06-16 17:49:36 - SPEA2 - INFO -  >> Metrics: {'time': 0.5737253620172851, 'size': 182727, 'peaq': -2.916, 'im': -1.081}
2025-06-16 17:49:36 - SPEA2 - INFO - 438º Individual: {'ar': '44100', 'sample_fmt': 's32p', 'compression_level': '5', 'reservoir': '1', 'b:a': '107k'}
2025-06-16 17:49:37 - SPEA2 - INFO -  >> Metrics: {'time': 0.8148040430096444, 'size': 159896, 'peaq': -2.963, 'im': -1.14}
2025-06-16 17:49:37 - SPEA2 - INFO - 439º Individual: {'ar': '44100', 'sample_fmt': 'fltp', 'compression_level': '9', 'reservoir': '1', 'b:a': '208k'}
2025-06-16 17:49:37 - SPEA2 - INFO -  >> Metrics: {'time': 0.5582698450307362, 'size': 274051, 'peaq': -2.627, 'im': -0.744}
2025-06-16 17:49:37 - SPEA2 - INFO - 440º Individual: {'ar': '44100', 'sample_fmt': 's32p', 'compression_level': '0', 'reservoir': '1', 'b:a': '165k', 'abr': 'True'}
2025-06-16 17:49:39 - SPEA2 - INFO -  >> Metrics: {'time': 1.2701530960039236, 'size': 224025, 'peaq': -2.701, 'im': -0.826}
2025-06-16 17:49:39 - SPEA2 - INFO - 441º Individual: {'ar': '44100', 'sample_fmt': 's32p', 'compression_level': '5', 'reservoir': '1', 'b:a': '143k', 'abr': 'True'}
2025-06-16 17:49:39 - SPEA2 - INFO -  >> Metrics: {'time': 0.676940677978564, 'size': 196003, 'peaq': -2.771, 'im': -0.906}
2025-06-16 17:49:39 - SPEA2 - INFO - 442º Individual: {'ar': '44100', 'sample_fmt': 'fltp', 'compression_level': '9', 'reservoir': '1', 'b:a': '126k'}
2025-06-16 17:49:40 - SPEA2 - INFO -  >> Metrics: {'time': 0.5215072309947573, 'size': 182727, 'peaq': -2.916, 'im': -1.081}
2025-06-16 17:49:40 - SPEA2 - INFO - 443º Individual: {'ar': '44100', 'sample_fmt': 's16p', 'compression_level': '7', 'reservoir': '1', 'b:a': '195k', 'abr': 'True'}
2025-06-16 17:49:40 - SPEA2 - INFO -  >> Metrics: {'time': 0.5339969670458231, 'size': 273258, 'peaq': -2.62, 'im': -0.736}
2025-06-16 17:49:40 - SPEA2 - INFO - 444º Individual: {'ar': '32000', 'sample_fmt': 's32p', 'compression_level': '7', 'reservoir': '1', 'b:a': '256k', 'abr': 'True'}
2025-06-16 17:49:41 - SPEA2 - INFO -  >> Metrics: {'time': 0.5038807230303064, 'size': 362960, 'peaq': -3.174, 'im': -1.437}
2025-06-16 17:49:41 - SPEA2 - INFO - 445º Individual: {'ar': '44100', 'sample_fmt': 's32p', 'compression_level': '5', 'reservoir': '1', 'b:a': '143k', 'abr': 'True'}
2025-06-16 17:49:41 - SPEA2 - INFO -  >> Metrics: {'time': 0.6090619660099037, 'size': 196003, 'peaq': -2.771, 'im': -0.906}
2025-06-16 17:49:41 - SPEA2 - INFO - 446º Individual: {'ar': '16000', 'sample_fmt': 'fltp', 'compression_level': '0', 'reservoir': '0', 'aq': '9'}
2025-06-16 17:49:42 - SPEA2 - INFO -  >> Metrics: {'time': 0.4565873919927981, 'size': 66644, 'peaq': -3.818, 'im': -3.218}
2025-06-16 17:49:42 - SPEA2 - INFO - 447º Individual: {'ar': '8000', 'sample_fmt': 'fltp', 'compression_level': '9', 'reservoir': '1', 'b:a': '128k', 'abr': 'True'}
2025-06-16 17:49:42 - SPEA2 - INFO -  >> Metrics: {'time': 0.4320167119731195, 'size': 92096, 'peaq': -3.858, 'im': -3.51}
2025-06-16 17:49:42 - SPEA2 - INFO - 448º Individual: {'ar': '44100', 'sample_fmt': 'fltp', 'compression_level': '7', 'reservoir': '1', 'b:a': '169k'}
2025-06-16 17:49:43 - SPEA2 - INFO -  >> Metrics: {'time': 0.4939232870237902, 'size': 228390, 'peaq': -2.691, 'im': -0.815}
2025-06-16 17:49:43 - SPEA2 - INFO - 449º Individual: {'ar': '44100', 'sample_fmt': 's32p', 'compression_level': '0', 'reservoir': '1', 'b:a': '234k'}
2025-06-16 17:49:44 - SPEA2 - INFO -  >> Metrics: {'time': 1.060394476982765, 'size': 319714, 'peaq': -2.594, 'im': -0.708}
2025-06-16 17:49:44 - SPEA2 - INFO - 450º Individual: {'ar': '16000', 'sample_fmt': 's16p', 'compression_level': '8', 'reservoir': '0', 'aq': '9'}
2025-06-16 17:49:44 - SPEA2 - INFO -  >> Metrics: {'time': 0.4452603179961443, 'size': 68300, 'peaq': -3.805, 'im': -3.137}
2025-06-16 17:49:44 - SPEA2 - INFO - 451º Individual: {'ar': '44100', 'sample_fmt': 'fltp', 'compression_level': '7', 'reservoir': '1', 'b:a': '32k'}
2025-06-16 17:49:45 - SPEA2 - INFO -  >> Metrics: {'time': 0.511945559992455, 'size': 45846, 'peaq': -3.286, 'im': -1.619}
2025-06-16 17:49:45 - SPEA2 - INFO - 452º Individual: {'ar': '44100', 'sample_fmt': 's32p', 'compression_level': '9', 'reservoir': '1', 'b:a': '195k', 'abr': 'True'}
2025-06-16 17:49:45 - SPEA2 - INFO -  >> Metrics: {'time': 0.5744489530043211, 'size': 273256, 'peaq': -2.621, 'im': -0.737}
2025-06-16 17:49:45 - SPEA2 - INFO - 453º Individual: {'ar': '44100', 'sample_fmt': 's32p', 'compression_level': '2', 'reservoir': '1', 'b:a': '245k', 'abr': 'True'}
2025-06-16 17:49:46 - SPEA2 - INFO -  >> Metrics: {'time': 0.902865970012499, 'size': 341791, 'peaq': -2.596, 'im': -0.71}
2025-06-16 17:49:46 - SPEA2 - INFO - 454º Individual: {'ar': '44100', 'sample_fmt': 's32p', 'compression_level': '2', 'reservoir': '1', 'aq': '9'}
2025-06-16 17:49:47 - SPEA2 - INFO -  >> Metrics: {'time': 0.5482578220253345, 'size': 106330, 'peaq': -3.343, 'im': -1.721}
2025-06-16 17:49:47 - SPEA2 - INFO - 455º Individual: {'ar': '44100', 'sample_fmt': 'fltp', 'compression_level': '7', 'reservoir': '1', 'b:a': '254k', 'abr': 'True'}
2025-06-16 17:49:48 - SPEA2 - INFO -  >> Metrics: {'time': 0.6094792440126184, 'size': 358959, 'peaq': -2.6, 'im': -0.714}
2025-06-16 17:49:48 - SPEA2 - INFO - 456º Individual: {'ar': '44100', 'sample_fmt': 's32p', 'compression_level': '7', 'reservoir': '1', 'b:a': '245k', 'abr': 'True'}
2025-06-16 17:49:48 - SPEA2 - INFO -  >> Metrics: {'time': 0.5599602319998667, 'size': 346059, 'peaq': -2.601, 'im': -0.716}
2025-06-16 17:49:48 - SPEA2 - INFO - 457º Individual: {'ar': '44100', 'sample_fmt': 's32p', 'compression_level': '5', 'reservoir': '1', 'b:a': '169k'}
2025-06-16 17:49:49 - SPEA2 - INFO -  >> Metrics: {'time': 0.6327573180315085, 'size': 228390, 'peaq': -2.652, 'im': -0.771}
2025-06-16 17:49:49 - SPEA2 - INFO - 458º Individual: {'ar': '44100', 'sample_fmt': 's16p', 'compression_level': '7', 'reservoir': '1', 'b:a': '169k', 'abr': 'True'}
2025-06-16 17:49:49 - SPEA2 - INFO -  >> Metrics: {'time': 0.5031174800242297, 'size': 233702, 'peaq': -2.678, 'im': -0.8}
2025-06-16 17:49:49 - SPEA2 - INFO - 459º Individual: {'ar': '44100', 'sample_fmt': 'fltp', 'compression_level': '9', 'reservoir': '1', 'b:a': '124k'}
2025-06-16 17:49:50 - SPEA2 - INFO -  >> Metrics: {'time': 0.5484362109855283, 'size': 182727, 'peaq': -2.916, 'im': -1.081}
2025-06-16 17:49:50 - SPEA2 - INFO - 460º Individual: {'ar': '8000', 'sample_fmt': 'fltp', 'compression_level': '9', 'reservoir': '1', 'b:a': '128k', 'abr': 'True'}
2025-06-16 17:49:50 - SPEA2 - INFO -  >> Metrics: {'time': 0.462859186984133, 'size': 92096, 'peaq': -3.858, 'im': -3.51}
2025-06-16 17:49:50 - SPEA2 - INFO - 461º Individual: {'ar': '44100', 'sample_fmt': 'fltp', 'compression_level': '7', 'reservoir': '1', 'b:a': '169k', 'abr': 'True'}
2025-06-16 17:49:51 - SPEA2 - INFO -  >> Metrics: {'time': 0.5816212499921676, 'size': 233706, 'peaq': -2.681, 'im': -0.803}
2025-06-16 17:49:51 - SPEA2 - INFO - 462º Individual: {'ar': '44100', 'sample_fmt': 'fltp', 'compression_level': '7', 'reservoir': '1', 'b:a': '169k'}
2025-06-16 17:49:51 - SPEA2 - INFO -  >> Metrics: {'time': 0.5576223809912335, 'size': 228390, 'peaq': -2.691, 'im': -0.815}
2025-06-16 17:49:51 - SPEA2 - INFO - 463º Individual: {'ar': '44100', 'sample_fmt': 's32p', 'compression_level': '0', 'reservoir': '0', 'b:a': '209k'}
2025-06-16 17:49:52 - SPEA2 - INFO -  >> Metrics: {'time': 1.0480397409992293, 'size': 319714, 'peaq': -2.6, 'im': -0.715}
2025-06-16 17:49:52 - SPEA2 - INFO - 464º Individual: {'ar': '44100', 'sample_fmt': 's32p', 'compression_level': '5', 'reservoir': '1', 'b:a': '143k', 'abr': 'True'}
2025-06-16 17:49:53 - SPEA2 - INFO -  >> Metrics: {'time': 0.5988112509949133, 'size': 196003, 'peaq': -2.771, 'im': -0.906}
2025-06-16 17:49:53 - SPEA2 - INFO - 465º Individual: {'ar': '44100', 'sample_fmt': 'fltp', 'compression_level': '7', 'reservoir': '1', 'b:a': '112k', 'abr': 'True'}
2025-06-16 17:49:54 - SPEA2 - INFO -  >> Metrics: {'time': 0.5490003720042296, 'size': 149760, 'peaq': -3.181, 'im': -1.449}
2025-06-16 17:49:54 - SPEA2 - INFO - 466º Individual: {'ar': '8000', 'sample_fmt': 's16p', 'compression_level': '7', 'reservoir': '1', 'b:a': '167k', 'abr': 'True'}
2025-06-16 17:49:54 - SPEA2 - INFO -  >> Metrics: {'time': 0.40579270099988207, 'size': 92384, 'peaq': -3.858, 'im': -3.51}
2025-06-16 17:49:54 - SPEA2 - INFO - 467º Individual: {'ar': '44100', 'sample_fmt': 's32p', 'compression_level': '7', 'reservoir': '1', 'b:a': '248k'}
2025-06-16 17:49:55 - SPEA2 - INFO -  >> Metrics: {'time': 0.5053967660351191, 'size': 365375, 'peaq': -2.604, 'im': -0.719}
2025-06-16 17:49:55 - SPEA2 - INFO - 468º Individual: {'ar': '32000', 'sample_fmt': 'fltp', 'compression_level': '7', 'reservoir': '0', 'b:a': '210k'}
2025-06-16 17:49:55 - SPEA2 - INFO -  >> Metrics: {'time': 0.4539197529666126, 'size': 320624, 'peaq': -3.178, 'im': -1.444}
2025-06-16 17:49:55 - SPEA2 - INFO - 469º Individual: {'ar': '44100', 'sample_fmt': 's32p', 'compression_level': '5', 'reservoir': '1', 'b:a': '169k', 'abr': 'True'}
2025-06-16 17:49:56 - SPEA2 - INFO -  >> Metrics: {'time': 0.5909515579696745, 'size': 234637, 'peaq': -2.65, 'im': -0.769}
2025-06-16 17:49:56 - SPEA2 - INFO - 470º Individual: {'ar': '44100', 'sample_fmt': 's32p', 'compression_level': '7', 'reservoir': '1', 'b:a': '105k', 'abr': 'True'}
2025-06-16 17:49:56 - SPEA2 - INFO -  >> Metrics: {'time': 0.48508206199039705, 'size': 139931, 'peaq': -3.279, 'im': -1.608}
2025-06-16 17:49:56 - SPEA2 - INFO - 471º Individual: {'ar': '44100', 'sample_fmt': 's32p', 'compression_level': '7', 'reservoir': '1', 'b:a': '107k', 'abr': 'True'}
2025-06-16 17:49:57 - SPEA2 - INFO -  >> Metrics: {'time': 0.47365995397558436, 'size': 142584, 'peaq': -3.248, 'im': -1.556}
2025-06-16 17:49:57 - SPEA2 - INFO - 472º Individual: {'ar': '44100', 'sample_fmt': 's16p', 'compression_level': '7', 'reservoir': '1', 'b:a': '32k', 'abr': 'True'}
2025-06-16 17:49:57 - SPEA2 - INFO -  >> Metrics: {'time': 0.5720475819834974, 'size': 49350, 'peaq': -3.355, 'im': -1.744}
2025-06-16 17:49:57 - SPEA2 - INFO - 473º Individual: {'ar': '44100', 'sample_fmt': 'fltp', 'compression_level': '0', 'reservoir': '1', 'b:a': '165k', 'abr': 'True'}
2025-06-16 17:49:59 - SPEA2 - INFO -  >> Metrics: {'time': 1.4262543529912364, 'size': 224024, 'peaq': -2.701, 'im': -0.826}
2025-06-16 17:49:59 - SPEA2 - INFO - 474º Individual: {'ar': '44100', 'sample_fmt': 'fltp', 'compression_level': '7', 'reservoir': '1', 'b:a': '168k', 'abr': 'True'}
2025-06-16 17:49:59 - SPEA2 - INFO -  >> Metrics: {'time': 0.521767831989564, 'size': 232341, 'peaq': -2.683, 'im': -0.806}
2025-06-16 17:49:59 - SPEA2 - INFO - 475º Individual: {'ar': '44100', 'sample_fmt': 's32p', 'compression_level': '5', 'reservoir': '1', 'b:a': '169k'}
2025-06-16 17:50:00 - SPEA2 - INFO -  >> Metrics: {'time': 0.7821685620001517, 'size': 228390, 'peaq': -2.652, 'im': -0.771}
2025-06-16 17:50:00 - SPEA2 - INFO - 476º Individual: {'ar': '32000', 'sample_fmt': 's16p', 'compression_level': '7', 'reservoir': '1', 'b:a': '32k'}
2025-06-16 17:50:00 - SPEA2 - INFO -  >> Metrics: {'time': 0.4764124250214081, 'size': 45944, 'peaq': -3.423, 'im': -1.878}
2025-06-16 17:50:00 - SPEA2 - INFO - 477º Individual: {'ar': '8000', 'sample_fmt': 's16p', 'compression_level': '7', 'reservoir': '1', 'aq': '9'}
2025-06-16 17:50:01 - SPEA2 - INFO -  >> Metrics: {'time': 0.41832629300188273, 'size': 37736, 'peaq': -3.855, 'im': -3.486}
2025-06-16 17:50:01 - SPEA2 - INFO - 478º Individual: {'ar': '44100', 'sample_fmt': 's32p', 'compression_level': '7', 'reservoir': '1', 'b:a': '249k', 'abr': 'True'}
2025-06-16 17:50:02 - SPEA2 - INFO -  >> Metrics: {'time': 0.9054490600246936, 'size': 351780, 'peaq': -2.603, 'im': -0.718}
2025-06-16 17:50:02 - SPEA2 - INFO - 479º Individual: {'ar': '12000', 'sample_fmt': 'fltp', 'compression_level': '7', 'reservoir': '0', 'b:a': '75k'}
2025-06-16 17:50:03 - SPEA2 - INFO -  >> Metrics: {'time': 1.3936945120221935, 'size': 92336, 'peaq': -3.74, 'im': -2.803}
2025-06-16 17:50:03 - SPEA2 - INFO - 480º Individual: {'ar': '44100', 'sample_fmt': 'fltp', 'compression_level': '9', 'reservoir': '1', 'b:a': '254k', 'abr': 'True'}
2025-06-16 17:50:04 - SPEA2 - INFO -  >> Metrics: {'time': 0.8234481320250779, 'size': 358959, 'peaq': -2.6, 'im': -0.714}
2025-06-16 17:50:04 - SPEA2 - INFO - 481º Individual: {'ar': '44100', 'sample_fmt': 's32p', 'compression_level': '0', 'reservoir': '1', 'b:a': '194k', 'abr': 'True'}
2025-06-16 17:50:05 - SPEA2 - INFO -  >> Metrics: {'time': 1.2814372119901236, 'size': 268043, 'peaq': -2.621, 'im': -0.737}
2025-06-16 17:50:05 - SPEA2 - INFO - 482º Individual: {'ar': '44100', 'sample_fmt': 's32p', 'compression_level': '9', 'reservoir': '1', 'b:a': '195k'}
2025-06-16 17:50:06 - SPEA2 - INFO -  >> Metrics: {'time': 0.9301681759825442, 'size': 274051, 'peaq': -2.63, 'im': -0.747}
2025-06-16 17:50:06 - SPEA2 - INFO - 483º Individual: {'ar': '44100', 'sample_fmt': 's32p', 'compression_level': '7', 'reservoir': '1', 'b:a': '253k', 'abr': 'True'}
2025-06-16 17:50:07 - SPEA2 - INFO -  >> Metrics: {'time': 0.9064819129998796, 'size': 357500, 'peaq': -2.602, 'im': -0.717}
2025-06-16 17:50:07 - SPEA2 - INFO - 484º Individual: {'ar': '32000', 'sample_fmt': 's16p', 'compression_level': '7', 'reservoir': '1', 'b:a': '195k', 'abr': 'True'}
2025-06-16 17:50:08 - SPEA2 - INFO -  >> Metrics: {'time': 0.8051007100148126, 'size': 277784, 'peaq': -3.18, 'im': -1.447}
2025-06-16 17:50:08 - SPEA2 - INFO - 485º Individual: {'ar': '44100', 'sample_fmt': 'fltp', 'compression_level': '7', 'reservoir': '1', 'b:a': '253k'}
2025-06-16 17:50:09 - SPEA2 - INFO -  >> Metrics: {'time': 0.6688400970015209, 'size': 365375, 'peaq': -2.605, 'im': -0.72}
2025-06-16 17:50:09 - SPEA2 - INFO - 486º Individual: {'ar': '44100', 'sample_fmt': 's32p', 'compression_level': '7', 'reservoir': '1', 'b:a': '107k', 'abr': 'True'}
2025-06-16 17:50:09 - SPEA2 - INFO -  >> Metrics: {'time': 0.6700828839966562, 'size': 142584, 'peaq': -3.248, 'im': -1.556}
2025-06-16 17:50:09 - SPEA2 - INFO - 487º Individual: {'ar': '44100', 'sample_fmt': 'fltp', 'compression_level': '5', 'reservoir': '1', 'b:a': '143k', 'abr': 'True'}
2025-06-16 17:50:10 - SPEA2 - INFO -  >> Metrics: {'time': 0.6789899349969346, 'size': 196055, 'peaq': -2.772, 'im': -0.907}
2025-06-16 17:50:10 - SPEA2 - INFO - 488º Individual: {'ar': '44100', 'sample_fmt': 's16p', 'compression_level': '9', 'reservoir': '1', 'b:a': '196k', 'abr': 'True'}
2025-06-16 17:50:11 - SPEA2 - INFO -  >> Metrics: {'time': 0.5404654740123078, 'size': 274609, 'peaq': -2.616, 'im': -0.733}
2025-06-16 17:50:11 - SPEA2 - INFO - 489º Individual: {'ar': '44100', 'sample_fmt': 'fltp', 'compression_level': '7', 'reservoir': '1', 'b:a': '32k'}
2025-06-16 17:50:11 - SPEA2 - INFO -  >> Metrics: {'time': 0.602371368004242, 'size': 45846, 'peaq': -3.286, 'im': -1.619}
2025-06-16 17:50:11 - SPEA2 - INFO - 490º Individual: {'ar': '44100', 'sample_fmt': 'fltp', 'compression_level': '7', 'reservoir': '1', 'b:a': '168k', 'abr': 'True'}
2025-06-16 17:50:12 - SPEA2 - INFO -  >> Metrics: {'time': 0.8365640429838095, 'size': 232341, 'peaq': -2.683, 'im': -0.806}
2025-06-16 17:50:12 - SPEA2 - INFO - 491º Individual: {'ar': '44100', 'sample_fmt': 's32p', 'compression_level': '9', 'reservoir': '1', 'b:a': '128k', 'abr': 'True'}
2025-06-16 17:50:13 - SPEA2 - INFO -  >> Metrics: {'time': 0.8972529479651712, 'size': 173388, 'peaq': -2.937, 'im': -1.108}
2025-06-16 17:50:13 - SPEA2 - INFO - 492º Individual: {'ar': '44100', 'sample_fmt': 's32p', 'compression_level': '0', 'reservoir': '1', 'b:a': '234k'}
2025-06-16 17:50:15 - SPEA2 - INFO -  >> Metrics: {'time': 2.1064167779986747, 'size': 319714, 'peaq': -2.594, 'im': -0.708}
2025-06-16 17:50:15 - SPEA2 - INFO - 493º Individual: {'ar': '44100', 'sample_fmt': 's32p', 'compression_level': '7', 'reservoir': '1', 'b:a': '234k', 'abr': 'True'}
2025-06-16 17:50:16 - SPEA2 - INFO -  >> Metrics: {'time': 1.0507810880080797, 'size': 330145, 'peaq': -2.599, 'im': -0.714}
2025-06-16 17:50:16 - SPEA2 - INFO - 494º Individual: {'ar': '44100', 'sample_fmt': 's16p', 'compression_level': '7', 'reservoir': '1', 'b:a': '168k', 'abr': 'True'}
2025-06-16 17:50:17 - SPEA2 - INFO -  >> Metrics: {'time': 1.2611414009879809, 'size': 232240, 'peaq': -2.686, 'im': -0.809}
2025-06-16 17:50:17 - SPEA2 - INFO - 495º Individual: {'ar': '44100', 'sample_fmt': 's32p', 'compression_level': '7', 'reservoir': '1', 'b:a': '167k', 'abr': 'True'}
2025-06-16 17:50:18 - SPEA2 - INFO -  >> Metrics: {'time': 0.8373495319974609, 'size': 230668, 'peaq': -2.687, 'im': -0.81}
2025-06-16 17:50:18 - SPEA2 - INFO - 496º Individual: {'ar': '44100', 'sample_fmt': 's32p', 'compression_level': '5', 'reservoir': '1', 'b:a': '244k', 'abr': 'True'}
2025-06-16 17:50:19 - SPEA2 - INFO -  >> Metrics: {'time': 0.8125367080210708, 'size': 347722, 'peaq': -2.592, 'im': -0.706}
2025-06-16 17:50:19 - SPEA2 - INFO - 497º Individual: {'ar': '44100', 'sample_fmt': 'fltp', 'compression_level': '9', 'reservoir': '1', 'b:a': '209k'}
2025-06-16 17:50:20 - SPEA2 - INFO -  >> Metrics: {'time': 1.1832341940316837, 'size': 319714, 'peaq': -2.6, 'im': -0.715}
2025-06-16 17:50:20 - SPEA2 - INFO - 498º Individual: {'ar': '44100', 'sample_fmt': 's32p', 'compression_level': '5', 'reservoir': '1', 'b:a': '167k', 'abr': 'True'}
2025-06-16 17:50:21 - SPEA2 - INFO -  >> Metrics: {'time': 0.7983041259867605, 'size': 232028, 'peaq': -2.66, 'im': -0.78}
2025-06-16 17:50:21 - SPEA2 - INFO - 499º Individual: {'ar': '44100', 'sample_fmt': 'fltp', 'compression_level': '9', 'reservoir': '1', 'b:a': '186k', 'abr': 'True'}
2025-06-16 17:50:22 - SPEA2 - INFO -  >> Metrics: {'time': 0.690182131016627, 'size': 259622, 'peaq': -2.645, 'im': -0.764}
2025-06-16 17:50:22 - SPEA2 - INFO - 500º Individual: {'ar': '44100', 'sample_fmt': 'fltp', 'compression_level': '7', 'reservoir': '1', 'b:a': '169k'}
2025-06-16 17:50:22 - SPEA2 - INFO -  >> Metrics: {'time': 0.5581518069666345, 'size': 228390, 'peaq': -2.691, 'im': -0.815}
2025-06-16 17:50:22 - SPEA2 - INFO - 501º Individual: {'ar': '44100', 'sample_fmt': 's32p', 'compression_level': '0', 'reservoir': '1', 'b:a': '244k', 'abr': 'True'}
2025-06-16 17:50:23 - SPEA2 - INFO -  >> Metrics: {'time': 1.031667566014221, 'size': 340957, 'peaq': -2.594, 'im': -0.708}
2025-06-16 17:50:23 - SPEA2 - INFO - 502º Individual: {'ar': '32000', 'sample_fmt': 'fltp', 'compression_level': '7', 'reservoir': '0', 'b:a': '187k', 'abr': 'True'}
2025-06-16 17:50:24 - SPEA2 - INFO -  >> Metrics: {'time': 0.5071714220102876, 'size': 282320, 'peaq': -3.178, 'im': -1.444}
2025-06-16 17:50:24 - SPEA2 - INFO - 503º Individual: {'ar': '8000', 'sample_fmt': 's16p', 'compression_level': '2', 'reservoir': '1', 'aq': '9'}
2025-06-16 17:50:24 - SPEA2 - INFO -  >> Metrics: {'time': 0.5558166189875919, 'size': 36728, 'peaq': -3.85, 'im': -3.44}
2025-06-16 17:50:24 - SPEA2 - INFO - 504º Individual: {'ar': '44100', 'sample_fmt': 's32p', 'compression_level': '2', 'reservoir': '1', 'b:a': '245k', 'abr': 'True'}
2025-06-16 17:50:25 - SPEA2 - INFO -  >> Metrics: {'time': 0.9058267220389098, 'size': 341791, 'peaq': -2.596, 'im': -0.71}
2025-06-16 17:50:25 - SPEA2 - INFO - 505º Individual: {'ar': '44100', 'sample_fmt': 's32p', 'compression_level': '9', 'reservoir': '1', 'b:a': '195k', 'abr': 'True'}
2025-06-16 17:50:26 - SPEA2 - INFO -  >> Metrics: {'time': 0.5804202709987294, 'size': 273256, 'peaq': -2.621, 'im': -0.737}
2025-06-16 17:50:26 - SPEA2 - INFO - 506º Individual: {'ar': '32000', 'sample_fmt': 's32p', 'compression_level': '5', 'reservoir': '1', 'b:a': '169k', 'abr': 'True'}
2025-06-16 17:50:27 - SPEA2 - INFO -  >> Metrics: {'time': 0.7062020089942962, 'size': 228608, 'peaq': -3.194, 'im': -1.469}
2025-06-16 17:50:27 - SPEA2 - INFO - 507º Individual: {'ar': '16000', 'sample_fmt': 's32p', 'compression_level': '7', 'reservoir': '1', 'b:a': '86k', 'abr': 'True'}
2025-06-16 17:50:27 - SPEA2 - INFO -  >> Metrics: {'time': 0.46837380999932066, 'size': 122588, 'peaq': -3.714, 'im': -2.693}
2025-06-16 17:50:27 - SPEA2 - INFO - 508º Individual: {'ar': '16000', 'sample_fmt': 'fltp', 'compression_level': '8', 'reservoir': '0', 'aq': '9'}
2025-06-16 17:50:28 - SPEA2 - INFO -  >> Metrics: {'time': 0.910837030998664, 'size': 68300, 'peaq': -3.805, 'im': -3.135}
2025-06-16 17:50:28 - SPEA2 - INFO - 509º Individual: {'ar': '44100', 'sample_fmt': 's32p', 'compression_level': '9', 'reservoir': '1', 'b:a': '143k', 'abr': 'True'}
2025-06-16 17:50:29 - SPEA2 - INFO -  >> Metrics: {'time': 1.0589596549980342, 'size': 195422, 'peaq': -2.805, 'im': -0.945}
2025-06-16 17:50:29 - SPEA2 - INFO - 510º Individual: {'ar': '44100', 'sample_fmt': 's32p', 'compression_level': '9', 'reservoir': '1', 'b:a': '195k'}
2025-06-16 17:50:30 - SPEA2 - INFO -  >> Metrics: {'time': 1.2596564120030962, 'size': 274051, 'peaq': -2.63, 'im': -0.747}
2025-06-16 17:50:30 - SPEA2 - INFO - 511º Individual: {'ar': '44100', 'sample_fmt': 's32p', 'compression_level': '2', 'reservoir': '1', 'b:a': '244k', 'abr': 'True'}
2025-06-16 17:50:32 - SPEA2 - INFO -  >> Metrics: {'time': 1.4442254289751872, 'size': 340542, 'peaq': -2.595, 'im': -0.709}
2025-06-16 17:50:32 - SPEA2 - INFO - 512º Individual: {'ar': '32000', 'sample_fmt': 's16p', 'compression_level': '7', 'reservoir': '1', 'b:a': '32k', 'abr': 'True'}
2025-06-16 17:50:33 - SPEA2 - INFO -  >> Metrics: {'time': 1.2430352579976898, 'size': 47852, 'peaq': -3.437, 'im': -1.907}
2025-06-16 17:50:33 - SPEA2 - INFO - 513º Individual: {'ar': '44100', 'sample_fmt': 's32p', 'compression_level': '0', 'reservoir': '1', 'b:a': '169k', 'abr': 'True'}
2025-06-16 17:50:36 - SPEA2 - INFO -  >> Metrics: {'time': 2.905945642007282, 'size': 227998, 'peaq': -2.692, 'im': -0.816}
2025-06-16 17:50:36 - SPEA2 - INFO - 514º Individual: {'ar': '44100', 'sample_fmt': 's32p', 'compression_level': '9', 'reservoir': '1', 'b:a': '194k', 'abr': 'True'}
2025-06-16 17:50:37 - SPEA2 - INFO -  >> Metrics: {'time': 1.334845517994836, 'size': 271799, 'peaq': -2.623, 'im': -0.74}
2025-06-16 17:50:37 - SPEA2 - INFO - 515º Individual: {'ar': '44100', 'sample_fmt': 's32p', 'compression_level': '5', 'reservoir': '1', 'b:a': '105k', 'abr': 'True'}
2025-06-16 17:50:38 - SPEA2 - INFO -  >> Metrics: {'time': 1.036811546975514, 'size': 142895, 'peaq': -3.13, 'im': -1.371}
2025-06-16 17:50:38 - SPEA2 - INFO - 516º Individual: {'ar': '16000', 'sample_fmt': 's32p', 'compression_level': '8', 'reservoir': '1', 'b:a': '86k', 'abr': 'True'}
2025-06-16 17:50:39 - SPEA2 - INFO -  >> Metrics: {'time': 0.6984602049924433, 'size': 122588, 'peaq': -3.714, 'im': -2.693}
2025-06-16 17:50:39 - SPEA2 - INFO - 517º Individual: {'ar': '44100', 'sample_fmt': 'fltp', 'compression_level': '9', 'reservoir': '1', 'b:a': '212k'}
2025-06-16 17:50:40 - SPEA2 - INFO -  >> Metrics: {'time': 0.7123673140013125, 'size': 319714, 'peaq': -2.6, 'im': -0.715}
2025-06-16 17:50:40 - SPEA2 - INFO - 518º Individual: {'ar': '44100', 'sample_fmt': 's32p', 'compression_level': '9', 'reservoir': '1', 'b:a': '164k', 'abr': 'True'}
2025-06-16 17:50:41 - SPEA2 - INFO -  >> Metrics: {'time': 1.0208240750071127, 'size': 226487, 'peaq': -2.699, 'im': -0.824}
2025-06-16 17:50:41 - SPEA2 - INFO - 519º Individual: {'ar': '44100', 'sample_fmt': 's32p', 'compression_level': '7', 'reservoir': '1', 'b:a': '267k'}
2025-06-16 17:50:42 - SPEA2 - INFO -  >> Metrics: {'time': 1.0984832870017271, 'size': 365375, 'peaq': -2.604, 'im': -0.719}
2025-06-16 17:50:42 - SPEA2 - INFO - 520º Individual: {'ar': '32000', 'sample_fmt': 's16p', 'compression_level': '7', 'reservoir': '1', 'b:a': '32k'}
2025-06-16 17:50:43 - SPEA2 - INFO -  >> Metrics: {'time': 0.699183423013892, 'size': 45944, 'peaq': -3.423, 'im': -1.878}
2025-06-16 17:50:43 - SPEA2 - INFO - 521º Individual: {'ar': '44100', 'sample_fmt': 's32p', 'compression_level': '9', 'reservoir': '1', 'b:a': '246k', 'abr': 'True'}
2025-06-16 17:50:43 - SPEA2 - INFO -  >> Metrics: {'time': 0.6103743020212278, 'size': 347619, 'peaq': -2.605, 'im': -0.72}
2025-06-16 17:50:43 - SPEA2 - INFO - 522º Individual: {'ar': '32000', 'sample_fmt': 's16p', 'compression_level': '7', 'reservoir': '1', 'b:a': '254k', 'abr': 'True'}
2025-06-16 17:50:44 - SPEA2 - INFO -  >> Metrics: {'time': 0.49893115600571036, 'size': 360512, 'peaq': -3.172, 'im': -1.435}
2025-06-16 17:50:44 - SPEA2 - INFO - 523º Individual: {'ar': '44100', 'sample_fmt': 's16p', 'compression_level': '7', 'reservoir': '1', 'b:a': '194k', 'abr': 'True'}
2025-06-16 17:50:44 - SPEA2 - INFO -  >> Metrics: {'time': 0.5501442110107746, 'size': 271695, 'peaq': -2.62, 'im': -0.736}
2025-06-16 17:50:44 - SPEA2 - INFO - 524º Individual: {'ar': '44100', 'sample_fmt': 's32p', 'compression_level': '2', 'reservoir': '1', 'b:a': '244k', 'abr': 'True'}
2025-06-16 17:50:45 - SPEA2 - INFO -  >> Metrics: {'time': 0.8573734480014537, 'size': 340542, 'peaq': -2.595, 'im': -0.709}
2025-06-16 17:50:45 - SPEA2 - INFO - 525º Individual: {'ar': '44100', 'sample_fmt': 's32p', 'compression_level': '9', 'reservoir': '1', 'b:a': '194k', 'abr': 'True'}
2025-06-16 17:50:46 - SPEA2 - INFO -  >> Metrics: {'time': 0.7775918100087438, 'size': 271799, 'peaq': -2.623, 'im': -0.74}
2025-06-16 17:50:46 - SPEA2 - INFO - 526º Individual: {'ar': '44100', 'sample_fmt': 's32p', 'compression_level': '0', 'reservoir': '1', 'b:a': '194k', 'abr': 'True'}
2025-06-16 17:50:47 - SPEA2 - INFO -  >> Metrics: {'time': 1.0091635810094886, 'size': 268043, 'peaq': -2.621, 'im': -0.737}
2025-06-16 17:50:47 - SPEA2 - INFO - 527º Individual: {'ar': '44100', 'sample_fmt': 's32p', 'compression_level': '7', 'reservoir': '1', 'b:a': '32k', 'abr': 'True'}
2025-06-16 17:50:48 - SPEA2 - INFO -  >> Metrics: {'time': 0.5411138560157269, 'size': 49324, 'peaq': -3.35, 'im': -1.734}
2025-06-16 17:50:48 - SPEA2 - INFO - 528º Individual: {'ar': '44100', 'sample_fmt': 's32p', 'compression_level': '0', 'reservoir': '1', 'b:a': '110k', 'abr': 'True'}
2025-06-16 17:50:49 - SPEA2 - INFO -  >> Metrics: {'time': 1.1186011969984975, 'size': 148719, 'peaq': -3.218, 'im': -1.507}
2025-06-16 17:50:49 - SPEA2 - INFO - 529º Individual: {'ar': '32000', 'sample_fmt': 's32p', 'compression_level': '7', 'reservoir': '0', 'b:a': '110k', 'abr': 'True'}
2025-06-16 17:50:49 - SPEA2 - INFO -  >> Metrics: {'time': 0.5320180560229346, 'size': 164168, 'peaq': -3.445, 'im': -1.925}
2025-06-16 17:50:49 - SPEA2 - INFO - 530º Individual: {'ar': '44100', 'sample_fmt': 's16p', 'compression_level': '5', 'reservoir': '1', 'b:a': '143k', 'abr': 'True'}
2025-06-16 17:50:50 - SPEA2 - INFO -  >> Metrics: {'time': 0.6789904580218717, 'size': 196054, 'peaq': -2.768, 'im': -0.902}
2025-06-16 17:50:50 - SPEA2 - INFO - 531º Individual: {'ar': '44100', 'sample_fmt': 's32p', 'compression_level': '0', 'reservoir': '1', 'b:a': '244k', 'abr': 'True'}
2025-06-16 17:50:51 - SPEA2 - INFO -  >> Metrics: {'time': 1.1100364140002057, 'size': 340957, 'peaq': -2.594, 'im': -0.708}
2025-06-16 17:50:51 - SPEA2 - INFO - 532º Individual: {'ar': '32000', 'sample_fmt': 'fltp', 'compression_level': '7', 'reservoir': '1', 'b:a': '32k'}
2025-06-16 17:50:52 - SPEA2 - INFO -  >> Metrics: {'time': 0.5838290430256166, 'size': 45944, 'peaq': -3.434, 'im': -1.9}
2025-06-16 17:50:52 - SPEA2 - INFO - 533º Individual: {'ar': '44100', 'sample_fmt': 's32p', 'compression_level': '9', 'reservoir': '1', 'b:a': '170k', 'abr': 'True'}
2025-06-16 17:50:52 - SPEA2 - INFO -  >> Metrics: {'time': 0.5405229899915867, 'size': 235163, 'peaq': -2.677, 'im': -0.798}
2025-06-16 17:50:52 - SPEA2 - INFO - 534º Individual: {'ar': '44100', 'sample_fmt': 's32p', 'compression_level': '9', 'reservoir': '1', 'b:a': '246k', 'abr': 'True'}
2025-06-16 17:50:53 - SPEA2 - INFO -  >> Metrics: {'time': 0.6266721459978726, 'size': 347619, 'peaq': -2.605, 'im': -0.72}
2025-06-16 17:50:53 - SPEA2 - INFO - 535º Individual: {'ar': '44100', 'sample_fmt': 's32p', 'compression_level': '9', 'reservoir': '1', 'b:a': '110k', 'abr': 'True'}
2025-06-16 17:50:53 - SPEA2 - INFO -  >> Metrics: {'time': 0.5217173029959667, 'size': 147056, 'peaq': -3.215, 'im': -1.502}
2025-06-16 17:50:53 - SPEA2 - INFO - 536º Individual: {'ar': '44100', 'sample_fmt': 's32p', 'compression_level': '5', 'reservoir': '1', 'b:a': '195k', 'abr': 'True'}
2025-06-16 17:50:54 - SPEA2 - INFO -  >> Metrics: {'time': 0.706012359005399, 'size': 274510, 'peaq': -2.618, 'im': -0.735}
2025-06-16 17:50:54 - SPEA2 - INFO - 537º Individual: {'ar': '44100', 'sample_fmt': 's32p', 'compression_level': '6', 'reservoir': '1', 'b:a': '246k', 'abr': 'True'}
2025-06-16 17:50:55 - SPEA2 - INFO -  >> Metrics: {'time': 0.7686387849971652, 'size': 350219, 'peaq': -2.591, 'im': -0.704}
2025-06-16 17:50:55 - SPEA2 - INFO - 538º Individual: {'ar': '44100', 'sample_fmt': 's32p', 'compression_level': '5', 'reservoir': '1', 'b:a': '107k'}
2025-06-16 17:50:56 - SPEA2 - INFO -  >> Metrics: {'time': 0.8485036460042465, 'size': 159896, 'peaq': -2.963, 'im': -1.14}
2025-06-16 17:50:56 - SPEA2 - INFO - 539º Individual: {'ar': '44100', 'sample_fmt': 's32p', 'compression_level': '0', 'reservoir': '1', 'b:a': '143k', 'abr': 'True'}
2025-06-16 17:50:57 - SPEA2 - INFO -  >> Metrics: {'time': 1.29304242998478, 'size': 190598, 'peaq': -2.849, 'im': -0.999}
2025-06-16 17:50:57 - SPEA2 - INFO - 540º Individual: {'ar': '44100', 'sample_fmt': 's32p', 'compression_level': '7', 'reservoir': '1', 'b:a': '106k', 'abr': 'True'}
2025-06-16 17:50:58 - SPEA2 - INFO -  >> Metrics: {'time': 0.5898452809778973, 'size': 141335, 'peaq': -3.264, 'im': -1.582}
2025-06-16 17:50:58 - SPEA2 - INFO - 541º Individual: {'ar': '44100', 'sample_fmt': 's32p', 'compression_level': '7', 'reservoir': '1', 'b:a': '171k'}
2025-06-16 17:50:58 - SPEA2 - INFO -  >> Metrics: {'time': 0.5773844619980082, 'size': 228390, 'peaq': -2.692, 'im': -0.815}
2025-06-16 17:50:58 - SPEA2 - INFO - 542º Individual: {'ar': '44100', 'sample_fmt': 's32p', 'compression_level': '5', 'reservoir': '1', 'b:a': '169k', 'abr': 'True'}
2025-06-16 17:50:59 - SPEA2 - INFO -  >> Metrics: {'time': 0.7757488860224839, 'size': 234637, 'peaq': -2.65, 'im': -0.769}
2025-06-16 17:50:59 - SPEA2 - INFO - 543º Individual: {'ar': '44100', 'sample_fmt': 'fltp', 'compression_level': '2', 'reservoir': '1', 'b:a': '169k', 'abr': 'True'}
2025-06-16 17:51:00 - SPEA2 - INFO -  >> Metrics: {'time': 1.004170150961727, 'size': 228256, 'peaq': -2.666, 'im': -0.786}
2025-06-16 17:51:00 - SPEA2 - INFO - 544º Individual: {'ar': '44100', 'sample_fmt': 's32p', 'compression_level': '9', 'reservoir': '1', 'b:a': '143k', 'abr': 'True'}
2025-06-16 17:51:01 - SPEA2 - INFO -  >> Metrics: {'time': 0.5961386480194051, 'size': 195422, 'peaq': -2.805, 'im': -0.945}
2025-06-16 17:51:01 - SPEA2 - INFO - 545º Individual: {'ar': '44100', 'sample_fmt': 's32p', 'compression_level': '2', 'reservoir': '1', 'b:a': '169k', 'abr': 'True'}
2025-06-16 17:51:02 - SPEA2 - INFO -  >> Metrics: {'time': 1.0858183369855396, 'size': 228257, 'peaq': -2.665, 'im': -0.786}
2025-06-16 17:51:02 - SPEA2 - INFO - 546º Individual: {'ar': '44100', 'sample_fmt': 'fltp', 'compression_level': '9', 'reservoir': '1', 'b:a': '186k', 'abr': 'True'}
2025-06-16 17:51:02 - SPEA2 - INFO -  >> Metrics: {'time': 0.6875333100033458, 'size': 259622, 'peaq': -2.645, 'im': -0.764}
2025-06-16 17:51:02 - SPEA2 - INFO - 547º Individual: {'ar': '44100', 'sample_fmt': 's32p', 'compression_level': '5', 'reservoir': '1', 'b:a': '105k', 'abr': 'True'}
2025-06-16 17:51:03 - SPEA2 - INFO -  >> Metrics: {'time': 0.6303608599992003, 'size': 142895, 'peaq': -3.13, 'im': -1.371}
2025-06-16 17:51:03 - SPEA2 - INFO - 548º Individual: {'ar': '44100', 'sample_fmt': 's32p', 'compression_level': '5', 'reservoir': '1', 'b:a': '168k', 'abr': 'True'}
2025-06-16 17:51:04 - SPEA2 - INFO -  >> Metrics: {'time': 0.6525260210037231, 'size': 233594, 'peaq': -2.654, 'im': -0.773}
2025-06-16 17:51:04 - SPEA2 - INFO - 549º Individual: {'ar': '44100', 'sample_fmt': 's32p', 'compression_level': '2', 'reservoir': '1', 'b:a': '244k', 'abr': 'True'}
2025-06-16 17:51:04 - SPEA2 - INFO -  >> Metrics: {'time': 0.7388948000152595, 'size': 340542, 'peaq': -2.595, 'im': -0.709}
2025-06-16 17:51:04 - SPEA2 - INFO - 550º Individual: {'ar': '44100', 'sample_fmt': 's32p', 'compression_level': '7', 'reservoir': '1', 'b:a': '246k', 'abr': 'True'}
2025-06-16 17:51:05 - SPEA2 - INFO -  >> Metrics: {'time': 0.969836837000912, 'size': 347619, 'peaq': -2.605, 'im': -0.72}
2025-06-16 17:51:05 - SPEA2 - INFO - 551º Individual: {'ar': '44100', 'sample_fmt': 's32p', 'compression_level': '5', 'reservoir': '1', 'b:a': '143k', 'abr': 'True'}
2025-06-16 17:51:07 - SPEA2 - INFO -  >> Metrics: {'time': 1.7918949440063443, 'size': 196003, 'peaq': -2.771, 'im': -0.906}
2025-06-16 17:51:07 - SPEA2 - INFO - 552º Individual: {'ar': '8000', 'sample_fmt': 'fltp', 'compression_level': '2', 'reservoir': '1', 'aq': '9'}
2025-06-16 17:51:08 - SPEA2 - INFO -  >> Metrics: {'time': 0.8075778429629281, 'size': 36728, 'peaq': -3.85, 'im': -3.441}
2025-06-16 17:51:08 - SPEA2 - INFO - 553º Individual: {'ar': '44100', 'sample_fmt': 's32p', 'compression_level': '2', 'reservoir': '1', 'b:a': '246k', 'abr': 'True'}
2025-06-16 17:51:10 - SPEA2 - INFO -  >> Metrics: {'time': 1.6012206169834826, 'size': 342517, 'peaq': -2.593, 'im': -0.707}
2025-06-16 17:51:10 - SPEA2 - INFO - 554º Individual: {'ar': '44100', 'sample_fmt': 's32p', 'compression_level': '0', 'reservoir': '1', 'b:a': '90k', 'abr': 'True'}
2025-06-16 17:51:11 - SPEA2 - INFO -  >> Metrics: {'time': 1.7547831530100666, 'size': 122974, 'peaq': -3.494, 'im': -2.033}
2025-06-16 17:51:11 - SPEA2 - INFO - 555º Individual: {'ar': '44100', 'sample_fmt': 's16p', 'compression_level': '2', 'reservoir': '1', 'b:a': '194k', 'abr': 'True'}
2025-06-16 17:51:13 - SPEA2 - INFO -  >> Metrics: {'time': 1.3081204509944655, 'size': 267733, 'peaq': -2.624, 'im': -0.741}
2025-06-16 17:51:13 - SPEA2 - INFO - 556º Individual: {'ar': '44100', 'sample_fmt': 's16p', 'compression_level': '7', 'reservoir': '1', 'b:a': '169k', 'abr': 'True'}
2025-06-16 17:51:13 - SPEA2 - INFO -  >> Metrics: {'time': 0.543513922020793, 'size': 233702, 'peaq': -2.678, 'im': -0.8}
2025-06-16 17:51:13 - SPEA2 - INFO - 557º Individual: {'ar': '8000', 'sample_fmt': 'fltp', 'compression_level': '2', 'reservoir': '1', 'aq': '9'}
2025-06-16 17:51:14 - SPEA2 - INFO -  >> Metrics: {'time': 0.48790257101063617, 'size': 36728, 'peaq': -3.85, 'im': -3.441}
2025-06-16 17:51:14 - SPEA2 - INFO - 558º Individual: {'ar': '44100', 'sample_fmt': 'fltp', 'compression_level': '7', 'reservoir': '1', 'b:a': '189k', 'abr': 'True'}
2025-06-16 17:51:14 - SPEA2 - INFO -  >> Metrics: {'time': 0.7463099749875255, 'size': 264199, 'peaq': -2.64, 'im': -0.758}
2025-06-16 17:51:14 - SPEA2 - INFO - 559º Individual: {'ar': '44100', 'sample_fmt': 'fltp', 'compression_level': '7', 'reservoir': '1', 'b:a': '32k'}
2025-06-16 17:51:15 - SPEA2 - INFO -  >> Metrics: {'time': 0.53441373896203, 'size': 45846, 'peaq': -3.286, 'im': -1.619}
2025-06-16 17:51:15 - SPEA2 - INFO - 560º Individual: {'ar': '44100', 'sample_fmt': 's32p', 'compression_level': '5', 'reservoir': '1', 'b:a': '144k', 'abr': 'True'}
2025-06-16 17:51:16 - SPEA2 - INFO -  >> Metrics: {'time': 0.6326402949634939, 'size': 201137, 'peaq': -2.716, 'im': -0.843}
2025-06-16 17:51:16 - SPEA2 - INFO - 561º Individual: {'ar': '8000', 'sample_fmt': 's16p', 'compression_level': '2', 'reservoir': '1', 'aq': '9'}
2025-06-16 17:51:16 - SPEA2 - INFO -  >> Metrics: {'time': 0.46355507598491386, 'size': 36728, 'peaq': -3.85, 'im': -3.44}
2025-06-16 17:51:16 - SPEA2 - INFO - 562º Individual: {'ar': '44100', 'sample_fmt': 's32p', 'compression_level': '2', 'reservoir': '1', 'b:a': '169k', 'abr': 'True'}
2025-06-16 17:51:17 - SPEA2 - INFO -  >> Metrics: {'time': 0.8621629909903277, 'size': 228257, 'peaq': -2.665, 'im': -0.786}
2025-06-16 17:51:17 - SPEA2 - INFO - 563º Individual: {'ar': '44100', 'sample_fmt': 's32p', 'compression_level': '9', 'reservoir': '1', 'b:a': '126k'}
2025-06-16 17:51:17 - SPEA2 - INFO -  >> Metrics: {'time': 0.509111776977079, 'size': 182727, 'peaq': -2.916, 'im': -1.081}
2025-06-16 17:51:17 - SPEA2 - INFO - 564º Individual: {'ar': '44100', 'sample_fmt': 'fltp', 'compression_level': '7', 'reservoir': '1', 'b:a': '126k'}
2025-06-16 17:51:18 - SPEA2 - INFO -  >> Metrics: {'time': 0.5049862209998537, 'size': 182727, 'peaq': -2.916, 'im': -1.081}
2025-06-16 17:51:18 - SPEA2 - INFO - 565º Individual: {'ar': '44100', 'sample_fmt': 's32p', 'compression_level': '9', 'reservoir': '1', 'b:a': '231k', 'abr': 'True'}
2025-06-16 17:51:18 - SPEA2 - INFO -  >> Metrics: {'time': 0.5338203060091473, 'size': 325450, 'peaq': -2.6, 'im': -0.715}
2025-06-16 17:51:18 - SPEA2 - INFO - 566º Individual: {'ar': '12000', 'sample_fmt': 'fltp', 'compression_level': '7', 'reservoir': '0', 'b:a': '165k'}
2025-06-16 17:51:19 - SPEA2 - INFO -  >> Metrics: {'time': 0.47473741599242203, 'size': 92816, 'peaq': -3.74, 'im': -2.803}
2025-06-16 17:51:19 - SPEA2 - INFO - 567º Individual: {'ar': '44100', 'sample_fmt': 'fltp', 'compression_level': '7', 'reservoir': '1', 'b:a': '113k', 'abr': 'True'}
2025-06-16 17:51:19 - SPEA2 - INFO -  >> Metrics: {'time': 0.4867621640150901, 'size': 151164, 'peaq': -3.164, 'im': -1.423}
2025-06-16 17:51:19 - SPEA2 - INFO - 568º Individual: {'ar': '44100', 'sample_fmt': 's32p', 'compression_level': '0', 'reservoir': '1', 'b:a': '143k', 'abr': 'True'}
2025-06-16 17:51:21 - SPEA2 - INFO -  >> Metrics: {'time': 1.3695811129873618, 'size': 190598, 'peaq': -2.849, 'im': -0.999}
2025-06-16 17:51:21 - SPEA2 - INFO - 569º Individual: {'ar': '16000', 'sample_fmt': 'fltp', 'compression_level': '7', 'reservoir': '1', 'b:a': '108k'}
2025-06-16 17:51:22 - SPEA2 - INFO -  >> Metrics: {'time': 0.7144959350116551, 'size': 160856, 'peaq': -3.762, 'im': -2.907}
2025-06-16 17:51:22 - SPEA2 - INFO - 570º Individual: {'ar': '44100', 'sample_fmt': 's32p', 'compression_level': '9', 'reservoir': '1', 'b:a': '143k', 'abr': 'True'}
2025-06-16 17:51:22 - SPEA2 - INFO -  >> Metrics: {'time': 0.5729428379854653, 'size': 195422, 'peaq': -2.805, 'im': -0.945}
2025-06-16 17:51:22 - SPEA2 - INFO - 571º Individual: {'ar': '32000', 'sample_fmt': 'fltp', 'compression_level': '7', 'reservoir': '0', 'b:a': '168k'}
2025-06-16 17:51:23 - SPEA2 - INFO -  >> Metrics: {'time': 0.483512062986847, 'size': 229040, 'peaq': -3.202, 'im': -1.481}
2025-06-16 17:51:23 - SPEA2 - INFO - 572º Individual: {'ar': '44100', 'sample_fmt': 'fltp', 'compression_level': '5', 'reservoir': '1', 'b:a': '168k'}
2025-06-16 17:51:23 - SPEA2 - INFO -  >> Metrics: {'time': 0.6969890559848864, 'size': 228390, 'peaq': -2.652, 'im': -0.771}
2025-06-16 17:51:23 - SPEA2 - INFO - 573º Individual: {'ar': '44100', 'sample_fmt': 's32p', 'compression_level': '0', 'reservoir': '1', 'b:a': '234k'}
2025-06-16 17:51:24 - SPEA2 - INFO -  >> Metrics: {'time': 1.0423695309727918, 'size': 319714, 'peaq': -2.594, 'im': -0.708}
2025-06-16 17:51:24 - SPEA2 - INFO - 574º Individual: {'ar': '44100', 'sample_fmt': 's32p', 'compression_level': '5', 'reservoir': '1', 'b:a': '171k'}
2025-06-16 17:51:25 - SPEA2 - INFO -  >> Metrics: {'time': 0.6291803659987636, 'size': 228390, 'peaq': -2.652, 'im': -0.771}
2025-06-16 17:51:25 - SPEA2 - INFO - 575º Individual: {'ar': '8000', 'sample_fmt': 's32p', 'compression_level': '0', 'reservoir': '1', 'b:a': '166k', 'abr': 'True'}
2025-06-16 17:51:26 - SPEA2 - INFO -  >> Metrics: {'time': 0.5639165079919621, 'size': 67256, 'peaq': -3.857, 'im': -3.5}
2025-06-16 17:51:26 - SPEA2 - INFO - 576º Individual: {'ar': '44100', 'sample_fmt': 's32p', 'compression_level': '5', 'reservoir': '1', 'b:a': '194k', 'abr': 'True'}
2025-06-16 17:51:26 - SPEA2 - INFO -  >> Metrics: {'time': 0.6099336399929598, 'size': 273152, 'peaq': -2.623, 'im': -0.74}
2025-06-16 17:51:26 - SPEA2 - INFO - 577º Individual: {'ar': '44100', 'sample_fmt': 'fltp', 'compression_level': '0', 'reservoir': '1', 'b:a': '167k', 'abr': 'True'}
2025-06-16 17:51:28 - SPEA2 - INFO -  >> Metrics: {'time': 1.313931039039744, 'size': 226117, 'peaq': -2.696, 'im': -0.82}
2025-06-16 17:51:28 - SPEA2 - INFO - 578º Individual: {'ar': '44100', 'sample_fmt': 'fltp', 'compression_level': '9', 'reservoir': '1', 'b:a': '209k'}
2025-06-16 17:51:28 - SPEA2 - INFO -  >> Metrics: {'time': 0.5712731129897293, 'size': 319714, 'peaq': -2.6, 'im': -0.715}
2025-06-16 17:51:28 - SPEA2 - INFO - 579º Individual: {'ar': '8000', 'sample_fmt': 'fltp', 'compression_level': '7', 'reservoir': '0', 'aq': '9'}
2025-06-16 17:51:29 - SPEA2 - INFO -  >> Metrics: {'time': 0.6747965979739092, 'size': 44504, 'peaq': -3.855, 'im': -3.486}
2025-06-16 17:51:29 - SPEA2 - INFO - 580º Individual: {'ar': '44100', 'sample_fmt': 's16p', 'compression_level': '0', 'reservoir': '1', 'b:a': '194k', 'abr': 'True'}
2025-06-16 17:51:31 - SPEA2 - INFO -  >> Metrics: {'time': 1.8028403270000126, 'size': 268151, 'peaq': -2.619, 'im': -0.735}
2025-06-16 17:51:31 - SPEA2 - INFO - 581º Individual: {'ar': '12000', 'sample_fmt': 'fltp', 'compression_level': '7', 'reservoir': '0', 'b:a': '108k'}
2025-06-16 17:51:31 - SPEA2 - INFO -  >> Metrics: {'time': 0.7668338769581169, 'size': 92528, 'peaq': -3.74, 'im': -2.803}
2025-06-16 17:51:31 - SPEA2 - INFO - 582º Individual: {'ar': '44100', 'sample_fmt': 's16p', 'compression_level': '5', 'reservoir': '1', 'b:a': '143k', 'abr': 'True'}
2025-06-16 17:51:32 - SPEA2 - INFO -  >> Metrics: {'time': 0.8497488140128553, 'size': 196054, 'peaq': -2.768, 'im': -0.902}
2025-06-16 17:51:32 - SPEA2 - INFO - 583º Individual: {'ar': '32000', 'sample_fmt': 's16p', 'compression_level': '9', 'reservoir': '1', 'b:a': '187k', 'abr': 'True'}
2025-06-16 17:51:33 - SPEA2 - INFO -  >> Metrics: {'time': 0.6199856199964415, 'size': 266840, 'peaq': -3.176, 'im': -1.441}
2025-06-16 17:51:33 - SPEA2 - INFO - 584º Individual: {'ar': '44100', 'sample_fmt': 's32p', 'compression_level': '5', 'reservoir': '0', 'b:a': '111k'}
2025-06-16 17:51:34 - SPEA2 - INFO -  >> Metrics: {'time': 0.7825643629767001, 'size': 159896, 'peaq': -2.947, 'im': -1.12}
2025-06-16 17:51:34 - SPEA2 - INFO - 585º Individual: {'ar': '44100', 'sample_fmt': 's32p', 'compression_level': '2', 'reservoir': '1', 'b:a': '144k', 'abr': 'True'}
2025-06-16 17:51:35 - SPEA2 - INFO -  >> Metrics: {'time': 1.0044048569980077, 'size': 196788, 'peaq': -2.802, 'im': -0.942}
2025-06-16 17:51:35 - SPEA2 - INFO - 586º Individual: {'ar': '32000', 'sample_fmt': 'fltp', 'compression_level': '7', 'reservoir': '1', 'b:a': '195k', 'abr': 'True'}
2025-06-16 17:51:36 - SPEA2 - INFO -  >> Metrics: {'time': 0.8128835029783659, 'size': 277856, 'peaq': -3.179, 'im': -1.446}
2025-06-16 17:51:36 - SPEA2 - INFO - 587º Individual: {'ar': '44100', 'sample_fmt': 's32p', 'compression_level': '1', 'reservoir': '1', 'b:a': '189k', 'abr': 'True'}
2025-06-16 17:51:37 - SPEA2 - INFO -  >> Metrics: {'time': 1.2912621579889674, 'size': 263779, 'peaq': -2.631, 'im': -0.749}
2025-06-16 17:51:37 - SPEA2 - INFO - 588º Individual: {'ar': '44100', 'sample_fmt': 's32p', 'compression_level': '7', 'reservoir': '1', 'aq': '9'}
2025-06-16 17:51:38 - SPEA2 - INFO -  >> Metrics: {'time': 0.6035165789944585, 'size': 99479, 'peaq': -3.314, 'im': -1.668}
2025-06-16 17:51:38 - SPEA2 - INFO - 589º Individual: {'ar': '44100', 'sample_fmt': 's32p', 'compression_level': '5', 'reservoir': '1', 'b:a': '144k', 'abr': 'True'}
2025-06-16 17:51:38 - SPEA2 - INFO -  >> Metrics: {'time': 0.6759661760006566, 'size': 201137, 'peaq': -2.716, 'im': -0.843}
2025-06-16 17:51:38 - SPEA2 - INFO - 590º Individual: {'ar': '44100', 'sample_fmt': 's32p', 'compression_level': '5', 'reservoir': '1', 'b:a': '205k'}
2025-06-16 17:51:39 - SPEA2 - INFO -  >> Metrics: {'time': 0.9930679050157778, 'size': 274051, 'peaq': -2.616, 'im': -0.732}
2025-06-16 17:51:39 - SPEA2 - INFO - 591º Individual: {'ar': '44100', 'sample_fmt': 's32p', 'compression_level': '2', 'reservoir': '1', 'b:a': '246k', 'abr': 'True'}
2025-06-16 17:51:40 - SPEA2 - INFO -  >> Metrics: {'time': 0.8307227960322052, 'size': 342517, 'peaq': -2.593, 'im': -0.707}
2025-06-16 17:51:40 - SPEA2 - INFO - 592º Individual: {'ar': '44100', 'sample_fmt': 'fltp', 'compression_level': '9', 'reservoir': '1', 'b:a': '110k', 'abr': 'True'}
2025-06-16 17:51:41 - SPEA2 - INFO -  >> Metrics: {'time': 0.8107435719866771, 'size': 147056, 'peaq': -3.215, 'im': -1.502}
2025-06-16 17:51:41 - SPEA2 - INFO - 593º Individual: {'ar': '44100', 'sample_fmt': 's16p', 'compression_level': '2', 'reservoir': '1', 'b:a': '244k', 'abr': 'True'}
2025-06-16 17:51:42 - SPEA2 - INFO -  >> Metrics: {'time': 1.12015385000268, 'size': 340334, 'peaq': -2.599, 'im': -0.714}
2025-06-16 17:51:42 - SPEA2 - INFO - 594º Individual: {'ar': '44100', 'sample_fmt': 's32p', 'compression_level': '2', 'reservoir': '1', 'b:a': '169k', 'abr': 'True'}
2025-06-16 17:51:44 - SPEA2 - INFO -  >> Metrics: {'time': 1.6902681649662554, 'size': 228257, 'peaq': -2.665, 'im': -0.786}
2025-06-16 17:51:44 - SPEA2 - INFO - 595º Individual: {'ar': '8000', 'sample_fmt': 'fltp', 'compression_level': '9', 'reservoir': '1', 'b:a': '128k', 'abr': 'True'}
2025-06-16 17:51:45 - SPEA2 - INFO -  >> Metrics: {'time': 1.1186255189822987, 'size': 92096, 'peaq': -3.858, 'im': -3.51}
2025-06-16 17:51:45 - SPEA2 - INFO - 596º Individual: {'ar': '44100', 'sample_fmt': 's32p', 'compression_level': '7', 'reservoir': '1', 'b:a': '102k', 'abr': 'True'}
2025-06-16 17:51:45 - SPEA2 - INFO -  >> Metrics: {'time': 0.6677264430036303, 'size': 136239, 'peaq': -3.288, 'im': -1.623}
2025-06-16 17:51:45 - SPEA2 - INFO - 597º Individual: {'ar': '44100', 'sample_fmt': 's32p', 'compression_level': '7', 'reservoir': '1', 'b:a': '167k'}
2025-06-16 17:51:46 - SPEA2 - INFO -  >> Metrics: {'time': 0.7442845960031264, 'size': 228390, 'peaq': -2.692, 'im': -0.815}
2025-06-16 17:51:46 - SPEA2 - INFO - 598º Individual: {'ar': '44100', 'sample_fmt': 's32p', 'compression_level': '5', 'reservoir': '1', 'b:a': '107k', 'abr': 'True'}
2025-06-16 17:51:47 - SPEA2 - INFO -  >> Metrics: {'time': 0.6759104579978157, 'size': 145599, 'peaq': -3.107, 'im': -1.339}
2025-06-16 17:51:47 - SPEA2 - INFO - 599º Individual: {'ar': '8000', 'sample_fmt': 's32p', 'compression_level': '9', 'reservoir': '1', 'b:a': '166k', 'abr': 'True'}
2025-06-16 17:51:47 - SPEA2 - INFO -  >> Metrics: {'time': 0.5402218350209296, 'size': 92384, 'peaq': -3.858, 'im': -3.51}
2025-06-16 17:51:47 - SPEA2 - INFO - 600º Individual: {'ar': '44100', 'sample_fmt': 'fltp', 'compression_level': '9', 'reservoir': '1', 'b:a': '209k'}
2025-06-16 17:51:48 - SPEA2 - INFO -  >> Metrics: {'time': 0.7926359040138777, 'size': 319714, 'peaq': -2.6, 'im': -0.715}
2025-06-16 17:51:48 - SPEA2 - INFO - 601º Individual: {'ar': '44100', 'sample_fmt': 's32p', 'compression_level': '5', 'reservoir': '1', 'b:a': '170k'}
2025-06-16 17:51:50 - SPEA2 - INFO -  >> Metrics: {'time': 1.5769014849793166, 'size': 228390, 'peaq': -2.652, 'im': -0.771}
2025-06-16 17:51:50 - SPEA2 - INFO - 602º Individual: {'ar': '44100', 'sample_fmt': 's32p', 'compression_level': '5', 'reservoir': '1', 'b:a': '128k', 'abr': 'True'}
2025-06-16 17:51:51 - SPEA2 - INFO -  >> Metrics: {'time': 1.1637839309696574, 'size': 176147, 'peaq': -2.859, 'im': -1.011}
2025-06-16 17:51:51 - SPEA2 - INFO - 603º Individual: {'ar': '44100', 'sample_fmt': 's16p', 'compression_level': '7', 'reservoir': '1', 'b:a': '32k', 'abr': 'True'}
2025-06-16 17:51:52 - SPEA2 - INFO -  >> Metrics: {'time': 1.388063669000985, 'size': 49350, 'peaq': -3.355, 'im': -1.744}
2025-06-16 17:51:52 - SPEA2 - INFO - 604º Individual: {'ar': '44100', 'sample_fmt': 'fltp', 'compression_level': '7', 'reservoir': '1', 'b:a': '189k', 'abr': 'True'}
2025-06-16 17:51:54 - SPEA2 - INFO -  >> Metrics: {'time': 1.3032717460009735, 'size': 264199, 'peaq': -2.64, 'im': -0.758}
2025-06-16 17:51:54 - SPEA2 - INFO - 605º Individual: {'ar': '44100', 'sample_fmt': 'fltp', 'compression_level': '9', 'reservoir': '1', 'b:a': '128k', 'abr': 'True'}
2025-06-16 17:51:56 - SPEA2 - INFO -  >> Metrics: {'time': 2.424287921981886, 'size': 173388, 'peaq': -2.937, 'im': -1.108}
2025-06-16 17:51:56 - SPEA2 - INFO - 606º Individual: {'ar': '44100', 'sample_fmt': 's32p', 'compression_level': '2', 'reservoir': '1', 'b:a': '105k', 'abr': 'True'}
2025-06-16 17:51:59 - SPEA2 - INFO -  >> Metrics: {'time': 2.582897461979883, 'size': 140763, 'peaq': -3.304, 'im': -1.652}
2025-06-16 17:51:59 - SPEA2 - INFO - 607º Individual: {'ar': '44100', 'sample_fmt': 's32p', 'compression_level': '2', 'reservoir': '1', 'b:a': '169k', 'abr': 'True'}
2025-06-16 17:52:00 - SPEA2 - INFO -  >> Metrics: {'time': 1.6769377469900064, 'size': 228257, 'peaq': -2.665, 'im': -0.786}
2025-06-16 17:52:00 - SPEA2 - INFO - 608º Individual: {'ar': '44100', 'sample_fmt': 'fltp', 'compression_level': '0', 'reservoir': '1', 'b:a': '166k', 'abr': 'True'}
2025-06-16 17:52:03 - SPEA2 - INFO -  >> Metrics: {'time': 2.0682605290203355, 'size': 225282, 'peaq': -2.702, 'im': -0.827}
2025-06-16 17:52:03 - SPEA2 - INFO - 609º Individual: {'ar': '32000', 'sample_fmt': 'fltp', 'compression_level': '5', 'reservoir': '1', 'b:a': '171k'}
2025-06-16 17:52:03 - SPEA2 - INFO -  >> Metrics: {'time': 0.9156475219933782, 'size': 229040, 'peaq': -3.192, 'im': -1.466}
2025-06-16 17:52:03 - SPEA2 - INFO - 610º Individual: {'ar': '44100', 'sample_fmt': 's32p', 'compression_level': '7', 'reservoir': '1', 'b:a': '246k', 'abr': 'True'}
2025-06-16 17:52:04 - SPEA2 - INFO -  >> Metrics: {'time': 0.6460826820111834, 'size': 347619, 'peaq': -2.605, 'im': -0.72}
2025-06-16 17:52:04 - SPEA2 - INFO - 611º Individual: {'ar': '16000', 'sample_fmt': 'fltp', 'compression_level': '8', 'reservoir': '1', 'b:a': '75k', 'abr': 'True'}
2025-06-16 17:52:05 - SPEA2 - INFO -  >> Metrics: {'time': 0.5523888320021797, 'size': 106244, 'peaq': -3.759, 'im': -2.892}
2025-06-16 17:52:05 - SPEA2 - INFO - 612º Individual: {'ar': '44100', 'sample_fmt': 's32p', 'compression_level': '5', 'reservoir': '1', 'b:a': '246k', 'abr': 'True'}
2025-06-16 17:52:05 - SPEA2 - INFO -  >> Metrics: {'time': 0.7232298750022892, 'size': 350219, 'peaq': -2.591, 'im': -0.704}
2025-06-16 17:52:05 - SPEA2 - INFO - 613º Individual: {'ar': '32000', 'sample_fmt': 's16p', 'compression_level': '7', 'reservoir': '1', 'b:a': '32k', 'abr': 'True'}
2025-06-16 17:52:06 - SPEA2 - INFO -  >> Metrics: {'time': 0.7067357499909122, 'size': 47852, 'peaq': -3.437, 'im': -1.907}
2025-06-16 17:52:06 - SPEA2 - INFO - 614º Individual: {'ar': '44100', 'sample_fmt': 's32p', 'compression_level': '5', 'reservoir': '1', 'b:a': '104k', 'abr': 'True'}
2025-06-16 17:52:07 - SPEA2 - INFO -  >> Metrics: {'time': 0.8995923709881026, 'size': 141699, 'peaq': -3.169, 'im': -1.431}
2025-06-16 17:52:07 - SPEA2 - INFO - 615º Individual: {'ar': '44100', 'sample_fmt': 's32p', 'compression_level': '0', 'reservoir': '1', 'b:a': '169k', 'abr': 'True'}
2025-06-16 17:52:08 - SPEA2 - INFO -  >> Metrics: {'time': 1.4435332069988362, 'size': 227998, 'peaq': -2.692, 'im': -0.816}
2025-06-16 17:52:08 - SPEA2 - INFO - 616º Individual: {'ar': '44100', 'sample_fmt': 's32p', 'compression_level': '0', 'reservoir': '1', 'b:a': '244k', 'abr': 'True'}
2025-06-16 17:52:10 - SPEA2 - INFO -  >> Metrics: {'time': 1.1834948270116001, 'size': 340957, 'peaq': -2.594, 'im': -0.708}
2025-06-16 17:52:10 - SPEA2 - INFO - 617º Individual: {'ar': '44100', 'sample_fmt': 'fltp', 'compression_level': '0', 'reservoir': '1', 'b:a': '164k', 'abr': 'True'}
2025-06-16 17:52:11 - SPEA2 - INFO -  >> Metrics: {'time': 1.3838899130059872, 'size': 223238, 'peaq': -2.703, 'im': -0.828}
2025-06-16 17:52:11 - SPEA2 - INFO - 618º Individual: {'ar': '44100', 'sample_fmt': 'fltp', 'compression_level': '0', 'reservoir': '1', 'b:a': '167k', 'abr': 'True'}
2025-06-16 17:52:12 - SPEA2 - INFO -  >> Metrics: {'time': 1.4396281410299707, 'size': 226117, 'peaq': -2.696, 'im': -0.82}
2025-06-16 17:52:12 - SPEA2 - INFO - 619º Individual: {'ar': '44100', 'sample_fmt': 'fltp', 'compression_level': '7', 'reservoir': '1', 'b:a': '250k', 'abr': 'True'}
2025-06-16 17:52:13 - SPEA2 - INFO -  >> Metrics: {'time': 0.6233465469849762, 'size': 353340, 'peaq': -2.606, 'im': -0.721}
2025-06-16 17:52:13 - SPEA2 - INFO - 620º Individual: {'ar': '44100', 'sample_fmt': 's32p', 'compression_level': '9', 'reservoir': '1', 'b:a': '165k', 'abr': 'True'}
2025-06-16 17:52:14 - SPEA2 - INFO -  >> Metrics: {'time': 0.6534004710265435, 'size': 227842, 'peaq': -2.697, 'im': -0.821}
2025-06-16 17:52:14 - SPEA2 - INFO - 621º Individual: {'ar': '44100', 'sample_fmt': 'fltp', 'compression_level': '0', 'reservoir': '1', 'b:a': '246k', 'abr': 'True'}
2025-06-16 17:52:15 - SPEA2 - INFO -  >> Metrics: {'time': 1.1428975849994458, 'size': 343142, 'peaq': -2.595, 'im': -0.709}
2025-06-16 17:52:15 - SPEA2 - INFO - 622º Individual: {'ar': '44100', 'sample_fmt': 's32p', 'compression_level': '7', 'reservoir': '1', 'b:a': '267k'}
2025-06-16 17:52:16 - SPEA2 - INFO -  >> Metrics: {'time': 0.6136341489909682, 'size': 365375, 'peaq': -2.604, 'im': -0.719}
2025-06-16 17:52:16 - SPEA2 - INFO - 623º Individual: {'ar': '44100', 'sample_fmt': 's32p', 'compression_level': '6', 'reservoir': '1', 'b:a': '246k'}
2025-06-16 17:52:16 - SPEA2 - INFO -  >> Metrics: {'time': 0.6691323620034382, 'size': 365375, 'peaq': -2.592, 'im': -0.706}
2025-06-16 17:52:16 - SPEA2 - INFO - 624º Individual: {'ar': '44100', 'sample_fmt': 's32p', 'compression_level': '9', 'reservoir': '1', 'b:a': '142k', 'abr': 'True'}
2025-06-16 17:52:17 - SPEA2 - INFO -  >> Metrics: {'time': 0.5274049790168647, 'size': 193843, 'peaq': -2.81, 'im': -0.951}
2025-06-16 17:52:17 - SPEA2 - INFO - 625º Individual: {'ar': '44100', 'sample_fmt': 's16p', 'compression_level': '2', 'reservoir': '1', 'b:a': '194k', 'abr': 'True'}
2025-06-16 17:52:18 - SPEA2 - INFO -  >> Metrics: {'time': 0.7637704049702734, 'size': 267733, 'peaq': -2.624, 'im': -0.741}
2025-06-16 17:52:18 - SPEA2 - INFO - 626º Individual: {'ar': '44100', 'sample_fmt': 's32p', 'compression_level': '9', 'reservoir': '1', 'b:a': '170k', 'abr': 'True'}
2025-06-16 17:52:18 - SPEA2 - INFO -  >> Metrics: {'time': 0.5802283319935668, 'size': 235163, 'peaq': -2.677, 'im': -0.798}
2025-06-16 17:52:18 - SPEA2 - INFO - 627º Individual: {'ar': '44100', 'sample_fmt': 's32p', 'compression_level': '7', 'reservoir': '1', 'b:a': '166k', 'abr': 'True'}
2025-06-16 17:52:19 - SPEA2 - INFO -  >> Metrics: {'time': 0.5450759120285511, 'size': 229419, 'peaq': -2.692, 'im': -0.815}
2025-06-16 17:52:19 - SPEA2 - INFO - 628º Individual: {'ar': '44100', 'sample_fmt': 's32p', 'compression_level': '7', 'reservoir': '1', 'b:a': '107k'}
2025-06-16 17:52:19 - SPEA2 - INFO -  >> Metrics: {'time': 0.5328229570004623, 'size': 159896, 'peaq': -3.068, 'im': -1.283}
2025-06-16 17:52:19 - SPEA2 - INFO - 629º Individual: {'ar': '8000', 'sample_fmt': 's16p', 'compression_level': '2', 'reservoir': '1', 'aq': '9'}
2025-06-16 17:52:20 - SPEA2 - INFO -  >> Metrics: {'time': 0.5229322999948636, 'size': 36728, 'peaq': -3.85, 'im': -3.44}
2025-06-16 17:52:20 - SPEA2 - INFO - 630º Individual: {'ar': '44100', 'sample_fmt': 's32p', 'compression_level': '7', 'reservoir': '1', 'b:a': '110k', 'abr': 'True'}
2025-06-16 17:52:20 - SPEA2 - INFO -  >> Metrics: {'time': 0.5761421819915995, 'size': 147056, 'peaq': -3.215, 'im': -1.502}
2025-06-16 17:52:20 - SPEA2 - INFO - 631º Individual: {'ar': '44100', 'sample_fmt': 's32p', 'compression_level': '5', 'reservoir': '0', 'b:a': '107k'}
2025-06-16 17:52:21 - SPEA2 - INFO -  >> Metrics: {'time': 0.783180168014951, 'size': 159896, 'peaq': -2.947, 'im': -1.12}
2025-06-16 17:52:21 - SPEA2 - INFO - 632º Individual: {'ar': '8000', 'sample_fmt': 'fltp', 'compression_level': '2', 'reservoir': '1', 'b:a': '32k'}
2025-06-16 17:52:22 - SPEA2 - INFO -  >> Metrics: {'time': 0.5858482689945959, 'size': 46448, 'peaq': -3.853, 'im': -3.465}
2025-06-16 17:52:22 - SPEA2 - INFO - 633º Individual: {'ar': '44100', 'sample_fmt': 's32p', 'compression_level': '5', 'reservoir': '1', 'b:a': '195k'}
2025-06-16 17:52:22 - SPEA2 - INFO -  >> Metrics: {'time': 0.6251962729729712, 'size': 274051, 'peaq': -2.616, 'im': -0.732}
2025-06-16 17:52:22 - SPEA2 - INFO - 634º Individual: {'ar': '44100', 'sample_fmt': 'fltp', 'compression_level': '7', 'reservoir': '1', 'b:a': '32k'}
2025-06-16 17:52:23 - SPEA2 - INFO -  >> Metrics: {'time': 0.5097810470033437, 'size': 45846, 'peaq': -3.286, 'im': -1.619}
2025-06-16 17:52:23 - SPEA2 - INFO - 635º Individual: {'ar': '44100', 'sample_fmt': 's32p', 'compression_level': '2', 'reservoir': '1', 'b:a': '170k', 'abr': 'True'}
2025-06-16 17:52:24 - SPEA2 - INFO -  >> Metrics: {'time': 0.8419132170383818, 'size': 229205, 'peaq': -2.679, 'im': -0.801}
2025-06-16 17:52:24 - SPEA2 - INFO - 636º Individual: {'ar': '44100', 'sample_fmt': 'fltp', 'compression_level': '5', 'reservoir': '1', 'b:a': '209k'}
2025-06-16 17:52:24 - SPEA2 - INFO -  >> Metrics: {'time': 0.6534073849907145, 'size': 319714, 'peaq': -2.595, 'im': -0.709}
2025-06-16 17:52:24 - SPEA2 - INFO - 637º Individual: {'ar': '44100', 'sample_fmt': 's32p', 'compression_level': '5', 'reservoir': '1', 'b:a': '107k'}
2025-06-16 17:52:25 - SPEA2 - INFO -  >> Metrics: {'time': 0.5798674290126655, 'size': 159896, 'peaq': -2.963, 'im': -1.14}
2025-06-16 17:52:25 - SPEA2 - INFO - 638º Individual: {'ar': '44100', 'sample_fmt': 's32p', 'compression_level': '7', 'reservoir': '1', 'b:a': '167k', 'abr': 'True'}
2025-06-16 17:52:26 - SPEA2 - INFO -  >> Metrics: {'time': 0.5068884830106981, 'size': 230668, 'peaq': -2.687, 'im': -0.81}
2025-06-16 17:52:26 - SPEA2 - INFO - 639º Individual: {'ar': '44100', 'sample_fmt': 's16p', 'compression_level': '0', 'reservoir': '1', 'b:a': '194k', 'abr': 'True'}
2025-06-16 17:52:26 - SPEA2 - INFO -  >> Metrics: {'time': 0.9866824100026861, 'size': 268151, 'peaq': -2.619, 'im': -0.735}
2025-06-16 17:52:27 - SPEA2 - INFO - 640º Individual: {'ar': '44100', 'sample_fmt': 's16p', 'compression_level': '0', 'reservoir': '1', 'b:a': '194k', 'abr': 'True'}
2025-06-16 17:52:27 - SPEA2 - INFO -  >> Metrics: {'time': 0.9510946470254567, 'size': 268151, 'peaq': -2.619, 'im': -0.735}
2025-06-16 17:52:27 - SPEA2 - INFO - 641º Individual: {'ar': '44100', 'sample_fmt': 'fltp', 'compression_level': '7', 'reservoir': '1', 'b:a': '126k'}
2025-06-16 17:52:28 - SPEA2 - INFO -  >> Metrics: {'time': 0.541985782008851, 'size': 182727, 'peaq': -2.916, 'im': -1.081}
2025-06-16 17:52:28 - SPEA2 - INFO - 642º Individual: {'ar': '44100', 'sample_fmt': 'fltp', 'compression_level': '7', 'reservoir': '1', 'b:a': '32k'}
2025-06-16 17:52:29 - SPEA2 - INFO -  >> Metrics: {'time': 0.5102256269892678, 'size': 45846, 'peaq': -3.286, 'im': -1.619}
2025-06-16 17:52:29 - SPEA2 - INFO - 643º Individual: {'ar': '8000', 'sample_fmt': 's16p', 'compression_level': '2', 'reservoir': '1', 'aq': '9'}
2025-06-16 17:52:29 - SPEA2 - INFO -  >> Metrics: {'time': 0.47892098999000154, 'size': 36728, 'peaq': -3.85, 'im': -3.44}
2025-06-16 17:52:29 - SPEA2 - INFO - 644º Individual: {'ar': '32000', 'sample_fmt': 's16p', 'compression_level': '7', 'reservoir': '1', 'b:a': '105k', 'abr': 'True'}
2025-06-16 17:52:30 - SPEA2 - INFO -  >> Metrics: {'time': 0.5274695090192836, 'size': 143792, 'peaq': -3.5, 'im': -2.047}
2025-06-16 17:52:30 - SPEA2 - INFO - 645º Individual: {'ar': '44100', 'sample_fmt': 'fltp', 'compression_level': '7', 'reservoir': '1', 'b:a': '32k'}
2025-06-16 17:52:30 - SPEA2 - INFO -  >> Metrics: {'time': 0.5657817519968376, 'size': 45846, 'peaq': -3.286, 'im': -1.619}
2025-06-16 17:52:30 - SPEA2 - INFO - 646º Individual: {'ar': '44100', 'sample_fmt': 's32p', 'compression_level': '9', 'reservoir': '1', 'b:a': '195k', 'abr': 'True'}
2025-06-16 17:52:31 - SPEA2 - INFO -  >> Metrics: {'time': 0.5367389459861442, 'size': 273256, 'peaq': -2.621, 'im': -0.737}
2025-06-16 17:52:31 - SPEA2 - INFO - 647º Individual: {'ar': '44100', 'sample_fmt': 's32p', 'compression_level': '5', 'reservoir': '1', 'b:a': '144k', 'abr': 'True'}
2025-06-16 17:52:31 - SPEA2 - INFO -  >> Metrics: {'time': 0.6402857450011652, 'size': 201137, 'peaq': -2.716, 'im': -0.843}
2025-06-16 17:52:31 - SPEA2 - INFO - 648º Individual: {'ar': '44100', 'sample_fmt': 'fltp', 'compression_level': '7', 'reservoir': '1', 'b:a': '169k', 'abr': 'True'}
2025-06-16 17:52:32 - SPEA2 - INFO -  >> Metrics: {'time': 0.5676798849890474, 'size': 233706, 'peaq': -2.681, 'im': -0.803}
2025-06-16 17:52:32 - SPEA2 - INFO - 649º Individual: {'ar': '44100', 'sample_fmt': 's32p', 'compression_level': '9', 'reservoir': '1', 'b:a': '110k', 'abr': 'True'}
2025-06-16 17:52:32 - SPEA2 - INFO -  >> Metrics: {'time': 0.5546353780082427, 'size': 147056, 'peaq': -3.215, 'im': -1.502}
2025-06-16 17:52:32 - SPEA2 - INFO - 650º Individual: {'ar': '44100', 'sample_fmt': 's32p', 'compression_level': '0', 'reservoir': '1', 'b:a': '194k', 'abr': 'True'}
2025-06-16 17:52:34 - SPEA2 - INFO -  >> Metrics: {'time': 1.1973972270207014, 'size': 268043, 'peaq': -2.621, 'im': -0.737}
2025-06-16 17:52:34 - SPEA2 - INFO - 651º Individual: {'ar': '44100', 'sample_fmt': 's32p', 'compression_level': '5', 'reservoir': '1', 'b:a': '192k'}
2025-06-16 17:52:34 - SPEA2 - INFO -  >> Metrics: {'time': 0.6748320360202342, 'size': 274051, 'peaq': -2.616, 'im': -0.732}
2025-06-16 17:52:34 - SPEA2 - INFO - 652º Individual: {'ar': '44100', 'sample_fmt': 's32p', 'compression_level': '2', 'reservoir': '1', 'b:a': '269k', 'abr': 'True'}
2025-06-16 17:52:35 - SPEA2 - INFO -  >> Metrics: {'time': 1.127041044033831, 'size': 359692, 'peaq': -2.587, 'im': -0.701}
2025-06-16 17:52:35 - SPEA2 - INFO - 653º Individual: {'ar': '44100', 'sample_fmt': 's16p', 'compression_level': '0', 'reservoir': '1', 'b:a': '194k', 'abr': 'True'}
2025-06-16 17:52:37 - SPEA2 - INFO -  >> Metrics: {'time': 1.2519007010268979, 'size': 268151, 'peaq': -2.619, 'im': -0.735}
2025-06-16 17:52:37 - SPEA2 - INFO - 654º Individual: {'ar': '44100', 'sample_fmt': 's32p', 'compression_level': '5', 'reservoir': '1', 'b:a': '169k', 'abr': 'True'}
2025-06-16 17:52:37 - SPEA2 - INFO -  >> Metrics: {'time': 0.7423117690195795, 'size': 234637, 'peaq': -2.65, 'im': -0.769}
2025-06-16 17:52:37 - SPEA2 - INFO - 655º Individual: {'ar': '44100', 'sample_fmt': 's32p', 'compression_level': '5', 'reservoir': '1', 'b:a': '171k'}
2025-06-16 17:52:38 - SPEA2 - INFO -  >> Metrics: {'time': 0.833135944994865, 'size': 228390, 'peaq': -2.652, 'im': -0.771}
2025-06-16 17:52:38 - SPEA2 - INFO - 656º Individual: {'ar': '16000', 'sample_fmt': 's32p', 'compression_level': '8', 'reservoir': '1', 'b:a': '86k', 'abr': 'True'}
2025-06-16 17:52:39 - SPEA2 - INFO -  >> Metrics: {'time': 0.558439444983378, 'size': 122588, 'peaq': -3.714, 'im': -2.693}
2025-06-16 17:52:39 - SPEA2 - INFO - 657º Individual: {'ar': '44100', 'sample_fmt': 's32p', 'compression_level': '9', 'reservoir': '1', 'b:a': '143k'}
2025-06-16 17:52:40 - SPEA2 - INFO -  >> Metrics: {'time': 0.6639901000016835, 'size': 182727, 'peaq': -2.916, 'im': -1.081}
2025-06-16 17:52:40 - SPEA2 - INFO - 658º Individual: {'ar': '44100', 'sample_fmt': 's32p', 'compression_level': '9', 'reservoir': '1', 'b:a': '108k'}
2025-06-16 17:52:40 - SPEA2 - INFO -  >> Metrics: {'time': 0.703821411007084, 'size': 159896, 'peaq': -3.068, 'im': -1.283}
2025-06-16 17:52:40 - SPEA2 - INFO - 659º Individual: {'ar': '32000', 'sample_fmt': 's16p', 'compression_level': '7', 'reservoir': '1', 'b:a': '195k', 'abr': 'True'}
2025-06-16 17:52:41 - SPEA2 - INFO -  >> Metrics: {'time': 0.6149994080187753, 'size': 277784, 'peaq': -3.18, 'im': -1.447}
2025-06-16 17:52:41 - SPEA2 - INFO - 660º Individual: {'ar': '8000', 'sample_fmt': 's16p', 'compression_level': '2', 'reservoir': '1', 'aq': '9'}
2025-06-16 17:52:41 - SPEA2 - INFO -  >> Metrics: {'time': 0.48543533697375096, 'size': 36728, 'peaq': -3.85, 'im': -3.44}
2025-06-16 17:52:41 - SPEA2 - INFO - 661º Individual: {'ar': '44100', 'sample_fmt': 'fltp', 'compression_level': '7', 'reservoir': '1', 'b:a': '104k', 'abr': 'True'}
2025-06-16 17:52:42 - SPEA2 - INFO -  >> Metrics: {'time': 0.5449498020170722, 'size': 138683, 'peaq': -3.291, 'im': -1.628}
2025-06-16 17:52:42 - SPEA2 - INFO - 662º Individual: {'ar': '44100', 'sample_fmt': 's32p', 'compression_level': '7', 'reservoir': '1', 'b:a': '267k'}
2025-06-16 17:52:42 - SPEA2 - INFO -  >> Metrics: {'time': 0.5809452070097905, 'size': 365375, 'peaq': -2.604, 'im': -0.719}
2025-06-16 17:52:42 - SPEA2 - INFO - 663º Individual: {'ar': '44100', 'sample_fmt': 's32p', 'compression_level': '5', 'reservoir': '1', 'b:a': '169k', 'abr': 'True'}
2025-06-16 17:52:43 - SPEA2 - INFO -  >> Metrics: {'time': 0.68952483398607, 'size': 234637, 'peaq': -2.65, 'im': -0.769}
2025-06-16 17:52:43 - SPEA2 - INFO - 664º Individual: {'ar': '44100', 'sample_fmt': 'fltp', 'compression_level': '7', 'reservoir': '1', 'b:a': '32k', 'abr': 'True'}
2025-06-16 17:52:44 - SPEA2 - INFO -  >> Metrics: {'time': 0.5049020790029317, 'size': 49324, 'peaq': -3.35, 'im': -1.734}
2025-06-16 17:52:44 - SPEA2 - INFO - 665º Individual: {'ar': '44100', 'sample_fmt': 's32p', 'compression_level': '6', 'reservoir': '1', 'b:a': '101k', 'abr': 'True'}
2025-06-16 17:52:44 - SPEA2 - INFO -  >> Metrics: {'time': 0.6276616209943313, 'size': 137694, 'peaq': -3.21, 'im': -1.494}
2025-06-16 17:52:44 - SPEA2 - INFO - 666º Individual: {'ar': '44100', 'sample_fmt': 'fltp', 'compression_level': '7', 'reservoir': '1', 'b:a': '113k', 'abr': 'True'}
2025-06-16 17:52:45 - SPEA2 - INFO -  >> Metrics: {'time': 0.5757858649885748, 'size': 151164, 'peaq': -3.164, 'im': -1.423}
2025-06-16 17:52:45 - SPEA2 - INFO - 667º Individual: {'ar': '16000', 'sample_fmt': 's32p', 'compression_level': '8', 'reservoir': '1', 'b:a': '86k', 'abr': 'True'}
2025-06-16 17:52:45 - SPEA2 - INFO -  >> Metrics: {'time': 0.455959459010046, 'size': 122588, 'peaq': -3.714, 'im': -2.693}
2025-06-16 17:52:45 - SPEA2 - INFO - 668º Individual: {'ar': '44100', 'sample_fmt': 'fltp', 'compression_level': '7', 'reservoir': '1', 'b:a': '32k'}
2025-06-16 17:52:46 - SPEA2 - INFO -  >> Metrics: {'time': 0.5048614520346746, 'size': 45846, 'peaq': -3.286, 'im': -1.619}
2025-06-16 17:52:46 - SPEA2 - INFO - 669º Individual: {'ar': '44100', 'sample_fmt': 's32p', 'compression_level': '5', 'reservoir': '1', 'b:a': '143k', 'abr': 'True'}
2025-06-16 17:52:47 - SPEA2 - INFO -  >> Metrics: {'time': 0.7972003190079704, 'size': 196003, 'peaq': -2.771, 'im': -0.906}
2025-06-16 17:52:47 - SPEA2 - INFO - 670º Individual: {'ar': '44100', 'sample_fmt': 's32p', 'compression_level': '9', 'reservoir': '1', 'b:a': '164k', 'abr': 'True'}
2025-06-16 17:52:47 - SPEA2 - INFO -  >> Metrics: {'time': 0.6622544529964216, 'size': 226487, 'peaq': -2.699, 'im': -0.824}
2025-06-16 17:52:47 - SPEA2 - INFO - 671º Individual: {'ar': '12000', 'sample_fmt': 'fltp', 'compression_level': '2', 'reservoir': '1', 'aq': '9'}
2025-06-16 17:52:48 - SPEA2 - INFO -  >> Metrics: {'time': 0.597474735986907, 'size': 50960, 'peaq': -3.769, 'im': -2.94}
2025-06-16 17:52:48 - SPEA2 - INFO - 672º Individual: {'ar': '44100', 'sample_fmt': 's16p', 'compression_level': '5', 'reservoir': '1', 'b:a': '143k', 'abr': 'True'}
2025-06-16 17:52:49 - SPEA2 - INFO -  >> Metrics: {'time': 0.7441044659644831, 'size': 196054, 'peaq': -2.768, 'im': -0.902}
2025-06-16 17:52:49 - SPEA2 - INFO - 673º Individual: {'ar': '44100', 'sample_fmt': 'fltp', 'compression_level': '7', 'reservoir': '1', 'b:a': '193k', 'abr': 'True'}
2025-06-16 17:52:49 - SPEA2 - INFO -  >> Metrics: {'time': 0.5293120899877977, 'size': 270137, 'peaq': -2.63, 'im': -0.747}
2025-06-16 17:52:49 - SPEA2 - INFO - 674º Individual: {'ar': '44100', 'sample_fmt': 's32p', 'compression_level': '5', 'reservoir': '0', 'b:a': '110k', 'abr': 'True'}
2025-06-16 17:52:50 - SPEA2 - INFO -  >> Metrics: {'time': 0.6380420920322649, 'size': 162970, 'peaq': -3.064, 'im': -1.277}
2025-06-16 17:52:50 - SPEA2 - INFO - 675º Individual: {'ar': '12000', 'sample_fmt': 'fltp', 'compression_level': '5', 'reservoir': '0', 'b:a': '108k', 'abr': 'True'}
2025-06-16 17:52:50 - SPEA2 - INFO -  >> Metrics: {'time': 0.5102632160123903, 'size': 89936, 'peaq': -3.76, 'im': -2.894}
2025-06-16 17:52:50 - SPEA2 - INFO - 676º Individual: {'ar': '44100', 'sample_fmt': 's32p', 'compression_level': '5', 'reservoir': '0', 'b:a': '161k'}
2025-06-16 17:52:51 - SPEA2 - INFO -  >> Metrics: {'time': 0.9791340190276969, 'size': 228390, 'peaq': -2.67, 'im': -0.791}
2025-06-16 17:52:51 - SPEA2 - INFO - 677º Individual: {'ar': '44100', 'sample_fmt': 's32p', 'compression_level': '0', 'reservoir': '1', 'b:a': '244k', 'abr': 'True'}
2025-06-16 17:52:53 - SPEA2 - INFO -  >> Metrics: {'time': 1.126482905994635, 'size': 340957, 'peaq': -2.594, 'im': -0.708}
2025-06-16 17:52:53 - SPEA2 - INFO - 678º Individual: {'ar': '8000', 'sample_fmt': 's16p', 'compression_level': '2', 'reservoir': '1', 'b:a': '105k', 'abr': 'True'}
2025-06-16 17:52:53 - SPEA2 - INFO -  >> Metrics: {'time': 0.6105666939984076, 'size': 76184, 'peaq': -3.858, 'im': -3.512}
2025-06-16 17:52:53 - SPEA2 - INFO - 679º Individual: {'ar': '44100', 'sample_fmt': 's32p', 'compression_level': '2', 'reservoir': '1', 'b:a': '196k', 'abr': 'True'}
2025-06-16 17:52:54 - SPEA2 - INFO -  >> Metrics: {'time': 0.7720693239825778, 'size': 269923, 'peaq': -2.618, 'im': -0.734}
2025-06-16 17:52:54 - SPEA2 - INFO - 680º Individual: {'ar': '32000', 'sample_fmt': 'fltp', 'compression_level': '7', 'reservoir': '1', 'b:a': '195k', 'abr': 'True'}
2025-06-16 17:52:54 - SPEA2 - INFO -  >> Metrics: {'time': 0.49511983699630946, 'size': 277856, 'peaq': -3.179, 'im': -1.446}
2025-06-16 17:52:54 - SPEA2 - INFO - 681º Individual: {'ar': '44100', 'sample_fmt': 's32p', 'compression_level': '2', 'reservoir': '1', 'b:a': '269k', 'abr': 'True'}
2025-06-16 17:52:55 - SPEA2 - INFO -  >> Metrics: {'time': 0.940013830026146, 'size': 359692, 'peaq': -2.587, 'im': -0.701}
2025-06-16 17:52:55 - SPEA2 - INFO - 682º Individual: {'ar': '44100', 'sample_fmt': 's32p', 'compression_level': '1', 'reservoir': '1', 'b:a': '244k', 'abr': 'True'}
2025-06-16 17:52:56 - SPEA2 - INFO -  >> Metrics: {'time': 1.0047147050208878, 'size': 343041, 'peaq': -2.593, 'im': -0.707}
2025-06-16 17:52:56 - SPEA2 - INFO - 683º Individual: {'ar': '44100', 'sample_fmt': 's32p', 'compression_level': '5', 'reservoir': '1', 'b:a': '105k', 'abr': 'True'}
2025-06-16 17:52:57 - SPEA2 - INFO -  >> Metrics: {'time': 0.6069493840041105, 'size': 142895, 'peaq': -3.13, 'im': -1.371}
2025-06-16 17:52:57 - SPEA2 - INFO - 684º Individual: {'ar': '32000', 'sample_fmt': 'fltp', 'compression_level': '7', 'reservoir': '1', 'b:a': '140k'}
2025-06-16 17:52:58 - SPEA2 - INFO -  >> Metrics: {'time': 0.6592939059773926, 'size': 183248, 'peaq': -3.299, 'im': -1.642}
2025-06-16 17:52:58 - SPEA2 - INFO - 685º Individual: {'ar': '44100', 'sample_fmt': 's32p', 'compression_level': '5', 'reservoir': '1', 'b:a': '107k'}
2025-06-16 17:52:59 - SPEA2 - INFO -  >> Metrics: {'time': 0.9201865449722391, 'size': 159896, 'peaq': -2.963, 'im': -1.14}
2025-06-16 17:52:59 - SPEA2 - INFO - 686º Individual: {'ar': '44100', 'sample_fmt': 's32p', 'compression_level': '5', 'reservoir': '1', 'b:a': '193k', 'abr': 'True'}
2025-06-16 17:53:00 - SPEA2 - INFO -  >> Metrics: {'time': 0.9791968339995947, 'size': 271798, 'peaq': -2.62, 'im': -0.736}
2025-06-16 17:53:00 - SPEA2 - INFO - 687º Individual: {'ar': '44100', 'sample_fmt': 's32p', 'compression_level': '0', 'reservoir': '1', 'b:a': '169k', 'abr': 'True'}
2025-06-16 17:53:02 - SPEA2 - INFO -  >> Metrics: {'time': 1.9459919609653298, 'size': 227998, 'peaq': -2.692, 'im': -0.816}
2025-06-16 17:53:02 - SPEA2 - INFO - 688º Individual: {'ar': '44100', 'sample_fmt': 'fltp', 'compression_level': '7', 'reservoir': '0', 'b:a': '112k'}
2025-06-16 17:53:02 - SPEA2 - INFO -  >> Metrics: {'time': 0.8678855720208958, 'size': 159896, 'peaq': -3.098, 'im': -1.324}
2025-06-16 17:53:02 - SPEA2 - INFO - 689º Individual: {'ar': '44100', 'sample_fmt': 's32p', 'compression_level': '9', 'reservoir': '0', 'b:a': '128k'}
2025-06-16 17:53:03 - SPEA2 - INFO -  >> Metrics: {'time': 0.6200969340279698, 'size': 182727, 'peaq': -2.892, 'im': -1.051}
2025-06-16 17:53:03 - SPEA2 - INFO - 690º Individual: {'ar': '12000', 'sample_fmt': 'fltp', 'compression_level': '7', 'reservoir': '0', 'b:a': '108k'}
2025-06-16 17:53:04 - SPEA2 - INFO -  >> Metrics: {'time': 0.6867196030216292, 'size': 92528, 'peaq': -3.74, 'im': -2.803}
2025-06-16 17:53:04 - SPEA2 - INFO - 691º Individual: {'ar': '44100', 'sample_fmt': 's32p', 'compression_level': '7', 'reservoir': '1', 'b:a': '113k', 'abr': 'True'}
2025-06-16 17:53:04 - SPEA2 - INFO -  >> Metrics: {'time': 0.6510378240200225, 'size': 151164, 'peaq': -3.164, 'im': -1.423}
2025-06-16 17:53:04 - SPEA2 - INFO - 692º Individual: {'ar': '44100', 'sample_fmt': 's16p', 'compression_level': '7', 'reservoir': '1', 'b:a': '194k', 'abr': 'True'}
2025-06-16 17:53:05 - SPEA2 - INFO -  >> Metrics: {'time': 0.5887680269952398, 'size': 271695, 'peaq': -2.62, 'im': -0.736}
2025-06-16 17:53:05 - SPEA2 - INFO - 693º Individual: {'ar': '44100', 'sample_fmt': 's16p', 'compression_level': '0', 'reservoir': '1', 'b:a': '144k', 'abr': 'True'}
2025-06-16 17:53:07 - SPEA2 - INFO -  >> Metrics: {'time': 1.7636777580191847, 'size': 198153, 'peaq': -2.802, 'im': -0.943}
2025-06-16 17:53:07 - SPEA2 - INFO - 694º Individual: {'ar': '44100', 'sample_fmt': 's32p', 'compression_level': '2', 'reservoir': '1', 'b:a': '108k', 'abr': 'True'}
2025-06-16 17:53:08 - SPEA2 - INFO -  >> Metrics: {'time': 1.3484487179957796, 'size': 145027, 'peaq': -3.263, 'im': -1.581}
2025-06-16 17:53:08 - SPEA2 - INFO - 695º Individual: {'ar': '44100', 'sample_fmt': 'fltp', 'compression_level': '7', 'reservoir': '1', 'b:a': '112k'}
2025-06-16 17:53:10 - SPEA2 - INFO -  >> Metrics: {'time': 1.3970338080252986, 'size': 159896, 'peaq': -3.068, 'im': -1.283}
2025-06-16 17:53:10 - SPEA2 - INFO - 696º Individual: {'ar': '44100', 'sample_fmt': 's16p', 'compression_level': '2', 'reservoir': '1', 'b:a': '194k', 'abr': 'True'}
2025-06-16 17:53:11 - SPEA2 - INFO -  >> Metrics: {'time': 1.6342309530009516, 'size': 267733, 'peaq': -2.624, 'im': -0.741}
2025-06-16 17:53:11 - SPEA2 - INFO - 697º Individual: {'ar': '44100', 'sample_fmt': 's16p', 'compression_level': '7', 'reservoir': '1', 'b:a': '195k', 'abr': 'True'}
2025-06-16 17:53:12 - SPEA2 - INFO -  >> Metrics: {'time': 0.8467292629939038, 'size': 273258, 'peaq': -2.62, 'im': -0.736}
2025-06-16 17:53:12 - SPEA2 - INFO - 698º Individual: {'ar': '8000', 'sample_fmt': 'fltp', 'compression_level': '9', 'reservoir': '1', 'b:a': '131k', 'abr': 'True'}
2025-06-16 17:53:13 - SPEA2 - INFO -  >> Metrics: {'time': 1.1580197499715723, 'size': 92096, 'peaq': -3.858, 'im': -3.51}
2025-06-16 17:53:13 - SPEA2 - INFO - 699º Individual: {'ar': '12000', 'sample_fmt': 'fltp', 'compression_level': '5', 'reservoir': '0', 'b:a': '108k'}
2025-06-16 17:53:14 - SPEA2 - INFO -  >> Metrics: {'time': 0.8633130559755955, 'size': 92528, 'peaq': -3.761, 'im': -2.898}
2025-06-16 17:53:14 - SPEA2 - INFO - 700º Individual: {'ar': '44100', 'sample_fmt': 'fltp', 'compression_level': '5', 'reservoir': '1', 'b:a': '105k', 'abr': 'True'}
2025-06-16 17:53:15 - SPEA2 - INFO -  >> Metrics: {'time': 1.184808926016558, 'size': 142843, 'peaq': -3.13, 'im': -1.371}
2025-06-16 17:53:15 - SPEA2 - INFO - 701º Individual: {'ar': '44100', 'sample_fmt': 'fltp', 'compression_level': '7', 'reservoir': '1', 'b:a': '114k', 'abr': 'True'}
2025-06-16 17:53:16 - SPEA2 - INFO -  >> Metrics: {'time': 0.7853965680114925, 'size': 153037, 'peaq': -3.139, 'im': -1.384}
2025-06-16 17:53:16 - SPEA2 - INFO - 702º Individual: {'ar': '44100', 'sample_fmt': 'fltp', 'compression_level': '5', 'reservoir': '1', 'b:a': '128k', 'abr': 'True'}
2025-06-16 17:53:17 - SPEA2 - INFO -  >> Metrics: {'time': 0.8465618009795435, 'size': 176147, 'peaq': -2.859, 'im': -1.01}
2025-06-16 17:53:17 - SPEA2 - INFO - 703º Individual: {'ar': '44100', 'sample_fmt': 's32p', 'compression_level': '6', 'reservoir': '1', 'b:a': '101k', 'abr': 'True'}
2025-06-16 17:53:18 - SPEA2 - INFO -  >> Metrics: {'time': 0.8083140359958634, 'size': 137694, 'peaq': -3.21, 'im': -1.494}
2025-06-16 17:53:18 - SPEA2 - INFO - 704º Individual: {'ar': '44100', 'sample_fmt': 'fltp', 'compression_level': '7', 'reservoir': '1', 'b:a': '254k', 'abr': 'True'}
2025-06-16 17:53:18 - SPEA2 - INFO -  >> Metrics: {'time': 0.6397131950070616, 'size': 358959, 'peaq': -2.6, 'im': -0.714}
2025-06-16 17:53:18 - SPEA2 - INFO - 705º Individual: {'ar': '44100', 'sample_fmt': 'fltp', 'compression_level': '7', 'reservoir': '1', 'b:a': '142k', 'abr': 'True'}
2025-06-16 17:53:19 - SPEA2 - INFO -  >> Metrics: {'time': 0.8847019289969467, 'size': 193843, 'peaq': -2.81, 'im': -0.951}
2025-06-16 17:53:19 - SPEA2 - INFO - 706º Individual: {'ar': '44100', 'sample_fmt': 's32p', 'compression_level': '1', 'reservoir': '1', 'b:a': '191k', 'abr': 'True'}
2025-06-16 17:53:21 - SPEA2 - INFO -  >> Metrics: {'time': 1.638092992012389, 'size': 266173, 'peaq': -2.627, 'im': -0.743}
2025-06-16 17:53:21 - SPEA2 - INFO - 707º Individual: {'ar': '44100', 'sample_fmt': 'fltp', 'compression_level': '7', 'reservoir': '1', 'b:a': '269k'}
2025-06-16 17:53:22 - SPEA2 - INFO -  >> Metrics: {'time': 0.9457893909711856, 'size': 365375, 'peaq': -2.605, 'im': -0.72}
2025-06-16 17:53:22 - SPEA2 - INFO - 708º Individual: {'ar': '44100', 'sample_fmt': 'fltp', 'compression_level': '7', 'reservoir': '0', 'b:a': '168k'}
2025-06-16 17:53:23 - SPEA2 - INFO -  >> Metrics: {'time': 0.850873100978788, 'size': 228390, 'peaq': -2.705, 'im': -0.83}
2025-06-16 17:53:23 - SPEA2 - INFO - 709º Individual: {'ar': '44100', 'sample_fmt': 's32p', 'compression_level': '7', 'reservoir': '1', 'b:a': '166k', 'abr': 'True'}
2025-06-16 17:53:24 - SPEA2 - INFO -  >> Metrics: {'time': 0.8059284269984346, 'size': 229419, 'peaq': -2.692, 'im': -0.815}
2025-06-16 17:53:24 - SPEA2 - INFO - 710º Individual: {'ar': '44100', 'sample_fmt': 's16p', 'compression_level': '5', 'reservoir': '1', 'b:a': '143k', 'abr': 'True'}
2025-06-16 17:53:25 - SPEA2 - INFO -  >> Metrics: {'time': 1.018310062965611, 'size': 196054, 'peaq': -2.768, 'im': -0.902}
2025-06-16 17:53:25 - SPEA2 - INFO - 711º Individual: {'ar': '8000', 'sample_fmt': 'fltp', 'compression_level': '7', 'reservoir': '1', 'aq': '9'}
2025-06-16 17:53:25 - SPEA2 - INFO -  >> Metrics: {'time': 0.5641047199897002, 'size': 37736, 'peaq': -3.855, 'im': -3.486}
2025-06-16 17:53:25 - SPEA2 - INFO - 712º Individual: {'ar': '44100', 'sample_fmt': 's32p', 'compression_level': '7', 'reservoir': '1', 'b:a': '107k'}
2025-06-16 17:53:26 - SPEA2 - INFO -  >> Metrics: {'time': 0.782954891998088, 'size': 159896, 'peaq': -3.068, 'im': -1.283}
2025-06-16 17:53:26 - SPEA2 - INFO - 713º Individual: {'ar': '44100', 'sample_fmt': 's32p', 'compression_level': '7', 'reservoir': '1', 'b:a': '195k', 'abr': 'True'}
2025-06-16 17:53:27 - SPEA2 - INFO -  >> Metrics: {'time': 0.6871898160025012, 'size': 273256, 'peaq': -2.621, 'im': -0.737}
2025-06-16 17:53:27 - SPEA2 - INFO - 714º Individual: {'ar': '44100', 'sample_fmt': 's32p', 'compression_level': '5', 'reservoir': '1', 'b:a': '111k'}
2025-06-16 17:53:28 - SPEA2 - INFO -  >> Metrics: {'time': 0.8804442260006908, 'size': 159896, 'peaq': -2.963, 'im': -1.14}
2025-06-16 17:53:28 - SPEA2 - INFO - 715º Individual: {'ar': '44100', 'sample_fmt': 'fltp', 'compression_level': '7', 'reservoir': '1', 'b:a': '113k', 'abr': 'True'}
2025-06-16 17:53:29 - SPEA2 - INFO -  >> Metrics: {'time': 1.2951594139740337, 'size': 151164, 'peaq': -3.164, 'im': -1.423}
2025-06-16 17:53:29 - SPEA2 - INFO - 716º Individual: {'ar': '44100', 'sample_fmt': 's16p', 'compression_level': '0', 'reservoir': '1', 'b:a': '111k', 'abr': 'True'}
2025-06-16 17:53:30 - SPEA2 - INFO -  >> Metrics: {'time': 1.4956698429887183, 'size': 150175, 'peaq': -3.195, 'im': -1.471}
2025-06-16 17:53:30 - SPEA2 - INFO - 717º Individual: {'ar': '44100', 'sample_fmt': 's32p', 'compression_level': '9', 'reservoir': '1', 'b:a': '110k', 'abr': 'True'}
2025-06-16 17:53:31 - SPEA2 - INFO -  >> Metrics: {'time': 0.6542578050284646, 'size': 147056, 'peaq': -3.215, 'im': -1.502}
2025-06-16 17:53:31 - SPEA2 - INFO - 718º Individual: {'ar': '44100', 'sample_fmt': 's32p', 'compression_level': '7', 'reservoir': '1', 'b:a': '194k'}
2025-06-16 17:53:32 - SPEA2 - INFO -  >> Metrics: {'time': 0.6002462219912559, 'size': 274051, 'peaq': -2.63, 'im': -0.747}
2025-06-16 17:53:32 - SPEA2 - INFO - 719º Individual: {'ar': '44100', 'sample_fmt': 's32p', 'compression_level': '2', 'reservoir': '1', 'b:a': '169k', 'abr': 'True'}
2025-06-16 17:53:33 - SPEA2 - INFO -  >> Metrics: {'time': 0.9537520210142247, 'size': 228257, 'peaq': -2.665, 'im': -0.786}
2025-06-16 17:53:33 - SPEA2 - INFO - 720º Individual: {'ar': '32000', 'sample_fmt': 'fltp', 'compression_level': '1', 'reservoir': '0', 'b:a': '168k'}
2025-06-16 17:53:34 - SPEA2 - INFO -  >> Metrics: {'time': 1.1624153709854, 'size': 229040, 'peaq': -3.224, 'im': -1.516}
2025-06-16 17:53:34 - SPEA2 - INFO - 721º Individual: {'ar': '44100', 'sample_fmt': 's16p', 'compression_level': '7', 'reservoir': '1', 'b:a': '169k', 'abr': 'True'}
2025-06-16 17:53:35 - SPEA2 - INFO -  >> Metrics: {'time': 1.1890753080078866, 'size': 233702, 'peaq': -2.678, 'im': -0.8}
2025-06-16 17:53:35 - SPEA2 - INFO - 722º Individual: {'ar': '44100', 'sample_fmt': 's32p', 'compression_level': '2', 'reservoir': '1', 'b:a': '246k', 'abr': 'True'}
2025-06-16 17:53:36 - SPEA2 - INFO -  >> Metrics: {'time': 1.2773111219867133, 'size': 342517, 'peaq': -2.593, 'im': -0.707}
2025-06-16 17:53:36 - SPEA2 - INFO - 723º Individual: {'ar': '8000', 'sample_fmt': 's16p', 'compression_level': '5', 'reservoir': '1', 'aq': '9'}
2025-06-16 17:53:37 - SPEA2 - INFO -  >> Metrics: {'time': 0.6755585419887211, 'size': 37232, 'peaq': -3.85, 'im': -3.44}
2025-06-16 17:53:37 - SPEA2 - INFO - 724º Individual: {'ar': '44100', 'sample_fmt': 's32p', 'compression_level': '5', 'reservoir': '0', 'b:a': '111k'}
2025-06-16 17:53:38 - SPEA2 - INFO -  >> Metrics: {'time': 1.1003049540449865, 'size': 159896, 'peaq': -2.947, 'im': -1.12}
2025-06-16 17:53:38 - SPEA2 - INFO - 725º Individual: {'ar': '44100', 'sample_fmt': 's32p', 'compression_level': '9', 'reservoir': '1', 'b:a': '194k', 'abr': 'True'}
2025-06-16 17:53:39 - SPEA2 - INFO -  >> Metrics: {'time': 1.0447572269767988, 'size': 271799, 'peaq': -2.623, 'im': -0.74}
2025-06-16 17:53:39 - SPEA2 - INFO - 726º Individual: {'ar': '44100', 'sample_fmt': 's32p', 'compression_level': '5', 'reservoir': '1', 'b:a': '107k'}
2025-06-16 17:53:40 - SPEA2 - INFO -  >> Metrics: {'time': 0.9005502879736014, 'size': 159896, 'peaq': -2.963, 'im': -1.14}
2025-06-16 17:53:40 - SPEA2 - INFO - 727º Individual: {'ar': '44100', 'sample_fmt': 's16p', 'compression_level': '7', 'reservoir': '1', 'b:a': '32k'}
2025-06-16 17:53:41 - SPEA2 - INFO -  >> Metrics: {'time': 0.6144864529778715, 'size': 45846, 'peaq': -3.291, 'im': -1.629}
2025-06-16 17:53:41 - SPEA2 - INFO - 728º Individual: {'ar': '44100', 'sample_fmt': 'fltp', 'compression_level': '7', 'reservoir': '1', 'b:a': '32k'}
2025-06-16 17:53:41 - SPEA2 - INFO -  >> Metrics: {'time': 0.6644354779855348, 'size': 45846, 'peaq': -3.286, 'im': -1.619}
2025-06-16 17:53:41 - SPEA2 - INFO - 729º Individual: {'ar': '44100', 'sample_fmt': 'fltp', 'compression_level': '7', 'reservoir': '1', 'b:a': '32k'}
2025-06-16 17:53:42 - SPEA2 - INFO -  >> Metrics: {'time': 0.6574436780356336, 'size': 45846, 'peaq': -3.286, 'im': -1.619}
2025-06-16 17:53:42 - SPEA2 - INFO - 730º Individual: {'ar': '32000', 'sample_fmt': 's32p', 'compression_level': '7', 'reservoir': '1', 'b:a': '168k', 'abr': 'True'}
2025-06-16 17:53:43 - SPEA2 - INFO -  >> Metrics: {'time': 1.0134079699928407, 'size': 237536, 'peaq': -3.19, 'im': -1.463}
2025-06-16 17:53:43 - SPEA2 - INFO - 731º Individual: {'ar': '44100', 'sample_fmt': 's32p', 'compression_level': '5', 'reservoir': '1', 'b:a': '110k', 'abr': 'True'}
2025-06-16 17:53:44 - SPEA2 - INFO -  >> Metrics: {'time': 0.7754212699946947, 'size': 150176, 'peaq': -3.064, 'im': -1.277}
2025-06-16 17:53:44 - SPEA2 - INFO - 732º Individual: {'ar': '44100', 'sample_fmt': 's32p', 'compression_level': '7', 'reservoir': '1', 'b:a': '106k', 'abr': 'True'}
2025-06-16 17:53:44 - SPEA2 - INFO -  >> Metrics: {'time': 0.6578298220119905, 'size': 141335, 'peaq': -3.264, 'im': -1.582}
2025-06-16 17:53:44 - SPEA2 - INFO - 733º Individual: {'ar': '44100', 'sample_fmt': 's32p', 'compression_level': '9', 'reservoir': '1', 'b:a': '127k', 'abr': 'True'}
2025-06-16 17:53:45 - SPEA2 - INFO -  >> Metrics: {'time': 0.6471770369971637, 'size': 171880, 'peaq': -2.955, 'im': -1.131}
2025-06-16 17:53:45 - SPEA2 - INFO - 734º Individual: {'ar': '44100', 'sample_fmt': 's32p', 'compression_level': '2', 'reservoir': '1', 'b:a': '169k', 'abr': 'True'}
2025-06-16 17:53:46 - SPEA2 - INFO -  >> Metrics: {'time': 0.9813592330028769, 'size': 228257, 'peaq': -2.665, 'im': -0.786}
2025-06-16 17:53:46 - SPEA2 - INFO - 735º Individual: {'ar': '44100', 'sample_fmt': 's32p', 'compression_level': '5', 'reservoir': '1', 'b:a': '104k', 'abr': 'True'}
2025-06-16 17:53:47 - SPEA2 - INFO -  >> Metrics: {'time': 0.9367848379770294, 'size': 141699, 'peaq': -3.169, 'im': -1.431}
2025-06-16 17:53:47 - SPEA2 - INFO - 736º Individual: {'ar': '44100', 'sample_fmt': 's32p', 'compression_level': '7', 'reservoir': '1', 'b:a': '265k'}
2025-06-16 17:53:48 - SPEA2 - INFO -  >> Metrics: {'time': 0.8635125260043424, 'size': 365375, 'peaq': -2.604, 'im': -0.719}
2025-06-16 17:53:48 - SPEA2 - INFO - 737º Individual: {'ar': '44100', 'sample_fmt': 'fltp', 'compression_level': '7', 'reservoir': '1', 'b:a': '128k', 'abr': 'True'}
2025-06-16 17:53:49 - SPEA2 - INFO -  >> Metrics: {'time': 0.6876977069769055, 'size': 173388, 'peaq': -2.937, 'im': -1.108}
2025-06-16 17:53:49 - SPEA2 - INFO - 738º Individual: {'ar': '44100', 'sample_fmt': 's32p', 'compression_level': '5', 'reservoir': '1', 'b:a': '195k'}
2025-06-16 17:53:49 - SPEA2 - INFO -  >> Metrics: {'time': 0.764169382979162, 'size': 274051, 'peaq': -2.616, 'im': -0.732}
2025-06-16 17:53:49 - SPEA2 - INFO - 739º Individual: {'ar': '44100', 'sample_fmt': 'fltp', 'compression_level': '9', 'reservoir': '1', 'b:a': '194k', 'abr': 'True'}
2025-06-16 17:53:50 - SPEA2 - INFO -  >> Metrics: {'time': 0.7025914729747456, 'size': 271799, 'peaq': -2.623, 'im': -0.74}
2025-06-16 17:53:50 - SPEA2 - INFO - 740º Individual: {'ar': '32000', 'sample_fmt': 's16p', 'compression_level': '7', 'reservoir': '1', 'b:a': '256k', 'abr': 'True'}
2025-06-16 17:53:51 - SPEA2 - INFO -  >> Metrics: {'time': 0.7001240800018422, 'size': 362960, 'peaq': -3.17, 'im': -1.432}
2025-06-16 17:53:51 - SPEA2 - INFO - 741º Individual: {'ar': '44100', 'sample_fmt': 's32p', 'compression_level': '9', 'reservoir': '0', 'aq': '9'}
2025-06-16 17:53:52 - SPEA2 - INFO -  >> Metrics: {'time': 0.7668409709876869, 'size': 106367, 'peaq': -3.314, 'im': -1.668}
2025-06-16 17:53:52 - SPEA2 - INFO - 742º Individual: {'ar': '32000', 'sample_fmt': 'fltp', 'compression_level': '7', 'reservoir': '1', 'b:a': '32k'}
2025-06-16 17:53:52 - SPEA2 - INFO -  >> Metrics: {'time': 0.8767685989732854, 'size': 45944, 'peaq': -3.434, 'im': -1.9}
2025-06-16 17:53:52 - SPEA2 - INFO - 743º Individual: {'ar': '44100', 'sample_fmt': 's32p', 'compression_level': '0', 'reservoir': '1', 'b:a': '167k'}
2025-06-16 17:53:55 - SPEA2 - INFO -  >> Metrics: {'time': 2.5763345769955777, 'size': 228390, 'peaq': -2.7, 'im': -0.824}
2025-06-16 17:53:55 - SPEA2 - INFO - 744º Individual: {'ar': '44100', 'sample_fmt': 's32p', 'compression_level': '2', 'reservoir': '1', 'b:a': '112k', 'abr': 'True'}
2025-06-16 17:53:56 - SPEA2 - INFO -  >> Metrics: {'time': 0.9541157950006891, 'size': 150696, 'peaq': -3.163, 'im': -1.42}
2025-06-16 17:53:56 - SPEA2 - INFO - 745º Individual: {'ar': '16000', 'sample_fmt': 's32p', 'compression_level': '8', 'reservoir': '1', 'aq': '9'}
2025-06-16 17:53:57 - SPEA2 - INFO -  >> Metrics: {'time': 0.558968344994355, 'size': 63224, 'peaq': -3.805, 'im': -3.135}
2025-06-16 17:53:57 - SPEA2 - INFO - 746º Individual: {'ar': '44100', 'sample_fmt': 's32p', 'compression_level': '2', 'reservoir': '1', 'b:a': '143k', 'abr': 'True'}
2025-06-16 17:53:58 - SPEA2 - INFO -  >> Metrics: {'time': 0.9876891160092782, 'size': 190907, 'peaq': -2.837, 'im': -0.984}
2025-06-16 17:53:58 - SPEA2 - INFO - 747º Individual: {'ar': '44100', 'sample_fmt': 's32p', 'compression_level': '6', 'reservoir': '1', 'b:a': '245k', 'abr': 'True'}
2025-06-16 17:53:59 - SPEA2 - INFO -  >> Metrics: {'time': 1.2992252630065195, 'size': 348865, 'peaq': -2.589, 'im': -0.702}
2025-06-16 17:53:59 - SPEA2 - INFO - 748º Individual: {'ar': '44100', 'sample_fmt': 's32p', 'compression_level': '2', 'reservoir': '1', 'b:a': '269k'}
2025-06-16 17:54:00 - SPEA2 - INFO -  >> Metrics: {'time': 1.4800706389942206, 'size': 365375, 'peaq': -2.595, 'im': -0.71}
2025-06-16 17:54:00 - SPEA2 - INFO - 749º Individual: {'ar': '44100', 'sample_fmt': 's32p', 'compression_level': '7', 'reservoir': '0', 'b:a': '168k'}
2025-06-16 17:54:01 - SPEA2 - INFO -  >> Metrics: {'time': 0.8386644179990981, 'size': 228390, 'peaq': -2.706, 'im': -0.831}
2025-06-16 17:54:01 - SPEA2 - INFO - 750º Individual: {'ar': '44100', 'sample_fmt': 's32p', 'compression_level': '5', 'reservoir': '1', 'b:a': '107k', 'abr': 'True'}
2025-06-16 17:54:02 - SPEA2 - INFO -  >> Metrics: {'time': 1.1507677189947572, 'size': 145599, 'peaq': -3.107, 'im': -1.339}
2025-06-16 17:54:02 - SPEA2 - INFO - 751º Individual: {'ar': '16000', 'sample_fmt': 'fltp', 'compression_level': '9', 'reservoir': '1', 'b:a': '86k', 'abr': 'True'}
2025-06-16 17:54:03 - SPEA2 - INFO -  >> Metrics: {'time': 0.7046688179834746, 'size': 122588, 'peaq': -3.714, 'im': -2.693}
2025-06-16 17:54:03 - SPEA2 - INFO - 752º Individual: {'ar': '44100', 'sample_fmt': 'fltp', 'compression_level': '7', 'reservoir': '1', 'b:a': '126k'}
2025-06-16 17:54:04 - SPEA2 - INFO -  >> Metrics: {'time': 0.6996883600077126, 'size': 182727, 'peaq': -2.916, 'im': -1.081}
2025-06-16 17:54:04 - SPEA2 - INFO - 753º Individual: {'ar': '44100', 'sample_fmt': 'fltp', 'compression_level': '5', 'reservoir': '1', 'b:a': '114k', 'abr': 'True'}
2025-06-16 17:54:05 - SPEA2 - INFO -  >> Metrics: {'time': 0.7794198160117958, 'size': 155793, 'peaq': -2.973, 'im': -1.155}
2025-06-16 17:54:05 - SPEA2 - INFO - 754º Individual: {'ar': '44100', 'sample_fmt': 's32p', 'compression_level': '7', 'reservoir': '1', 'b:a': '167k'}
2025-06-16 17:54:05 - SPEA2 - INFO -  >> Metrics: {'time': 0.6381753829773515, 'size': 228390, 'peaq': -2.692, 'im': -0.815}
2025-06-16 17:54:05 - SPEA2 - INFO - 755º Individual: {'ar': '44100', 'sample_fmt': 's32p', 'compression_level': '5', 'reservoir': '0', 'b:a': '193k', 'abr': 'True'}
2025-06-16 17:54:06 - SPEA2 - INFO -  >> Metrics: {'time': 0.7552989940159023, 'size': 285383, 'peaq': -2.621, 'im': -0.737}
2025-06-16 17:54:06 - SPEA2 - INFO - 756º Individual: {'ar': '44100', 'sample_fmt': 's32p', 'compression_level': '0', 'reservoir': '1', 'b:a': '244k', 'abr': 'True'}
2025-06-16 17:54:07 - SPEA2 - INFO -  >> Metrics: {'time': 1.1161571380216628, 'size': 340957, 'peaq': -2.594, 'im': -0.708}
2025-06-16 17:54:07 - SPEA2 - INFO - 757º Individual: {'ar': '44100', 'sample_fmt': 's32p', 'compression_level': '5', 'reservoir': '1', 'b:a': '143k'}
2025-06-16 17:54:08 - SPEA2 - INFO -  >> Metrics: {'time': 0.7003226990054827, 'size': 182727, 'peaq': -2.832, 'im': -0.978}
2025-06-16 17:54:08 - SPEA2 - INFO - 758º Individual: {'ar': '44100', 'sample_fmt': 's16p', 'compression_level': '0', 'reservoir': '1', 'b:a': '110k', 'abr': 'True'}
2025-06-16 17:54:09 - SPEA2 - INFO -  >> Metrics: {'time': 1.2196834580099676, 'size': 148719, 'peaq': -3.229, 'im': -1.525}
2025-06-16 17:54:09 - SPEA2 - INFO - 759º Individual: {'ar': '44100', 'sample_fmt': 's32p', 'compression_level': '7', 'reservoir': '1', 'b:a': '195k'}
2025-06-16 17:54:10 - SPEA2 - INFO -  >> Metrics: {'time': 0.5760564730153419, 'size': 274051, 'peaq': -2.63, 'im': -0.747}
2025-06-16 17:54:10 - SPEA2 - INFO - 760º Individual: {'ar': '44100', 'sample_fmt': 's32p', 'compression_level': '1', 'reservoir': '1', 'b:a': '191k', 'abr': 'True'}
2025-06-16 17:54:11 - SPEA2 - INFO -  >> Metrics: {'time': 1.1366930120275356, 'size': 266173, 'peaq': -2.627, 'im': -0.743}
2025-06-16 17:54:11 - SPEA2 - INFO - 761º Individual: {'ar': '32000', 'sample_fmt': 's32p', 'compression_level': '7', 'reservoir': '1', 'b:a': '106k'}
2025-06-16 17:54:11 - SPEA2 - INFO -  >> Metrics: {'time': 0.532023717998527, 'size': 160352, 'peaq': -3.405, 'im': -1.841}
2025-06-16 17:54:11 - SPEA2 - INFO - 762º Individual: {'ar': '44100', 'sample_fmt': 'fltp', 'compression_level': '7', 'reservoir': '1', 'b:a': '32k', 'abr': 'True'}
2025-06-16 17:54:12 - SPEA2 - INFO -  >> Metrics: {'time': 0.5401614379661623, 'size': 49324, 'peaq': -3.35, 'im': -1.734}
2025-06-16 17:54:12 - SPEA2 - INFO - 763º Individual: {'ar': '44100', 'sample_fmt': 'fltp', 'compression_level': '8', 'reservoir': '0', 'aq': '9'}
2025-06-16 17:54:12 - SPEA2 - INFO -  >> Metrics: {'time': 0.5458289990201592, 'size': 106367, 'peaq': -3.314, 'im': -1.668}
2025-06-16 17:54:12 - SPEA2 - INFO - 764º Individual: {'ar': '44100', 'sample_fmt': 'fltp', 'compression_level': '5', 'reservoir': '1', 'b:a': '128k', 'abr': 'True'}
2025-06-16 17:54:13 - SPEA2 - INFO -  >> Metrics: {'time': 0.7126068380021024, 'size': 176147, 'peaq': -2.859, 'im': -1.01}
2025-06-16 17:54:13 - SPEA2 - INFO - 765º Individual: {'ar': '8000', 'sample_fmt': 's16p', 'compression_level': '2', 'reservoir': '1', 'aq': '9'}
2025-06-16 17:54:14 - SPEA2 - INFO -  >> Metrics: {'time': 0.527388615970267, 'size': 36728, 'peaq': -3.85, 'im': -3.44}
2025-06-16 17:54:14 - SPEA2 - INFO - 766º Individual: {'ar': '44100', 'sample_fmt': 's32p', 'compression_level': '1', 'reservoir': '1', 'b:a': '189k', 'abr': 'True'}
2025-06-16 17:54:15 - SPEA2 - INFO -  >> Metrics: {'time': 1.00314993300708, 'size': 263779, 'peaq': -2.631, 'im': -0.749}
2025-06-16 17:54:15 - SPEA2 - INFO - 767º Individual: {'ar': '44100', 'sample_fmt': 's32p', 'compression_level': '9', 'reservoir': '1', 'b:a': '143k', 'abr': 'True'}
2025-06-16 17:54:15 - SPEA2 - INFO -  >> Metrics: {'time': 0.5624106529867277, 'size': 195422, 'peaq': -2.805, 'im': -0.945}
2025-06-16 17:54:15 - SPEA2 - INFO - 768º Individual: {'ar': '44100', 'sample_fmt': 'fltp', 'compression_level': '5', 'reservoir': '1', 'b:a': '105k', 'abr': 'True'}
2025-06-16 17:54:16 - SPEA2 - INFO -  >> Metrics: {'time': 0.7292157839983702, 'size': 142843, 'peaq': -3.13, 'im': -1.371}
2025-06-16 17:54:16 - SPEA2 - INFO - 769º Individual: {'ar': '44100', 'sample_fmt': 'fltp', 'compression_level': '5', 'reservoir': '1', 'b:a': '105k', 'abr': 'True'}
2025-06-16 17:54:17 - SPEA2 - INFO -  >> Metrics: {'time': 0.6531565129989758, 'size': 142843, 'peaq': -3.13, 'im': -1.371}
2025-06-16 17:54:17 - SPEA2 - INFO - 770º Individual: {'ar': '44100', 'sample_fmt': 's32p', 'compression_level': '5', 'reservoir': '1', 'b:a': '195k', 'abr': 'True'}
2025-06-16 17:54:17 - SPEA2 - INFO -  >> Metrics: {'time': 0.7082832779560704, 'size': 274510, 'peaq': -2.618, 'im': -0.735}
2025-06-16 17:54:17 - SPEA2 - INFO - 771º Individual: {'ar': '44100', 'sample_fmt': 's32p', 'compression_level': '1', 'reservoir': '1', 'b:a': '189k', 'abr': 'True'}
2025-06-16 17:54:18 - SPEA2 - INFO -  >> Metrics: {'time': 0.9658313750114758, 'size': 263779, 'peaq': -2.631, 'im': -0.749}
2025-06-16 17:54:18 - SPEA2 - INFO - 772º Individual: {'ar': '44100', 'sample_fmt': 's32p', 'compression_level': '6', 'reservoir': '1', 'b:a': '246k', 'abr': 'True'}
2025-06-16 17:54:19 - SPEA2 - INFO -  >> Metrics: {'time': 0.6336405909678433, 'size': 350219, 'peaq': -2.591, 'im': -0.704}
2025-06-16 17:54:19 - SPEA2 - INFO - 773º Individual: {'ar': '44100', 'sample_fmt': 's32p', 'compression_level': '0', 'reservoir': '1', 'b:a': '244k', 'abr': 'True'}
2025-06-16 17:54:20 - SPEA2 - INFO -  >> Metrics: {'time': 1.0915434079652186, 'size': 340957, 'peaq': -2.594, 'im': -0.708}
2025-06-16 17:54:20 - SPEA2 - INFO - 774º Individual: {'ar': '44100', 'sample_fmt': 's32p', 'compression_level': '0', 'reservoir': '1', 'b:a': '107k', 'abr': 'True'}
2025-06-16 17:54:21 - SPEA2 - INFO -  >> Metrics: {'time': 1.3146385709696915, 'size': 144455, 'peaq': -3.267, 'im': -1.587}
2025-06-16 17:54:21 - SPEA2 - INFO - 775º Individual: {'ar': '44100', 'sample_fmt': 's32p', 'compression_level': '5', 'reservoir': '1', 'b:a': '101k', 'abr': 'True'}
2025-06-16 17:54:22 - SPEA2 - INFO -  >> Metrics: {'time': 0.696649121993687, 'size': 137694, 'peaq': -3.21, 'im': -1.494}
2025-06-16 17:54:22 - SPEA2 - INFO - 776º Individual: {'ar': '44100', 'sample_fmt': 's32p', 'compression_level': '7', 'reservoir': '1', 'b:a': '246k', 'abr': 'True'}
2025-06-16 17:54:23 - SPEA2 - INFO -  >> Metrics: {'time': 0.5391598680289462, 'size': 347619, 'peaq': -2.605, 'im': -0.72}
2025-06-16 17:54:23 - SPEA2 - INFO - 777º Individual: {'ar': '44100', 'sample_fmt': 's32p', 'compression_level': '7', 'reservoir': '1', 'b:a': '113k', 'abr': 'True'}
2025-06-16 17:54:23 - SPEA2 - INFO -  >> Metrics: {'time': 0.5452652319800109, 'size': 151164, 'peaq': -3.164, 'im': -1.423}
2025-06-16 17:54:23 - SPEA2 - INFO - 778º Individual: {'ar': '44100', 'sample_fmt': 's32p', 'compression_level': '0', 'reservoir': '1', 'b:a': '246k', 'abr': 'True'}
2025-06-16 17:54:24 - SPEA2 - INFO -  >> Metrics: {'time': 1.1720623179862741, 'size': 343142, 'peaq': -2.595, 'im': -0.709}
2025-06-16 17:54:24 - SPEA2 - INFO - 779º Individual: {'ar': '44100', 'sample_fmt': 's32p', 'compression_level': '6', 'reservoir': '1', 'b:a': '245k', 'abr': 'True'}
2025-06-16 17:54:25 - SPEA2 - INFO -  >> Metrics: {'time': 0.6420703539915849, 'size': 348865, 'peaq': -2.589, 'im': -0.702}
2025-06-16 17:54:25 - SPEA2 - INFO - 780º Individual: {'ar': '44100', 'sample_fmt': 'fltp', 'compression_level': '7', 'reservoir': '1', 'b:a': '110k', 'abr': 'True'}
2025-06-16 17:54:26 - SPEA2 - INFO -  >> Metrics: {'time': 0.5356424399942625, 'size': 147056, 'peaq': -3.215, 'im': -1.502}
2025-06-16 17:54:26 - SPEA2 - INFO - 781º Individual: {'ar': '44100', 'sample_fmt': 's32p', 'compression_level': '6', 'reservoir': '1', 'b:a': '197k', 'abr': 'True'}
2025-06-16 17:54:26 - SPEA2 - INFO -  >> Metrics: {'time': 0.6199230620113667, 'size': 276907, 'peaq': -2.616, 'im': -0.732}
2025-06-16 17:54:26 - SPEA2 - INFO - 782º Individual: {'ar': '44100', 'sample_fmt': 's32p', 'compression_level': '5', 'reservoir': '1', 'b:a': '142k', 'abr': 'True'}
2025-06-16 17:54:27 - SPEA2 - INFO -  >> Metrics: {'time': 0.6753203090338502, 'size': 194742, 'peaq': -2.785, 'im': -0.922}
2025-06-16 17:54:27 - SPEA2 - INFO - 783º Individual: {'ar': '8000', 'sample_fmt': 's16p', 'compression_level': '2', 'reservoir': '1', 'aq': '9'}
2025-06-16 17:54:27 - SPEA2 - INFO -  >> Metrics: {'time': 0.46667253799387254, 'size': 36728, 'peaq': -3.85, 'im': -3.44}
2025-06-16 17:54:27 - SPEA2 - INFO - 784º Individual: {'ar': '8000', 'sample_fmt': 's32p', 'compression_level': '2', 'reservoir': '1', 'b:a': '165k', 'abr': 'True'}
2025-06-16 17:54:28 - SPEA2 - INFO -  >> Metrics: {'time': 0.566693678003503, 'size': 77048, 'peaq': -3.858, 'im': -3.512}
2025-06-16 17:54:28 - SPEA2 - INFO - 785º Individual: {'ar': '44100', 'sample_fmt': 's16p', 'compression_level': '7', 'reservoir': '1', 'b:a': '143k', 'abr': 'True'}
2025-06-16 17:54:29 - SPEA2 - INFO -  >> Metrics: {'time': 0.5777196569833905, 'size': 195471, 'peaq': -2.799, 'im': -0.939}
2025-06-16 17:54:29 - SPEA2 - INFO - 786º Individual: {'ar': '44100', 'sample_fmt': 's32p', 'compression_level': '0', 'reservoir': '1', 'b:a': '254k', 'abr': 'True'}
2025-06-16 17:54:30 - SPEA2 - INFO -  >> Metrics: {'time': 1.0995809239975642, 'size': 349694, 'peaq': -2.59, 'im': -0.704}
2025-06-16 17:54:30 - SPEA2 - INFO - 787º Individual: {'ar': '44100', 'sample_fmt': 's32p', 'compression_level': '0', 'reservoir': '1', 'b:a': '244k', 'abr': 'True'}
2025-06-16 17:54:31 - SPEA2 - INFO -  >> Metrics: {'time': 1.0831747999764048, 'size': 340957, 'peaq': -2.594, 'im': -0.708}
2025-06-16 17:54:31 - SPEA2 - INFO - 788º Individual: {'ar': '44100', 'sample_fmt': 's16p', 'compression_level': '5', 'reservoir': '1', 'b:a': '143k', 'abr': 'True'}
2025-06-16 17:54:31 - SPEA2 - INFO -  >> Metrics: {'time': 0.7416430570010561, 'size': 196054, 'peaq': -2.768, 'im': -0.902}
2025-06-16 17:54:31 - SPEA2 - INFO - 789º Individual: {'ar': '44100', 'sample_fmt': 'fltp', 'compression_level': '5', 'reservoir': '1', 'b:a': '168k'}
2025-06-16 17:54:32 - SPEA2 - INFO -  >> Metrics: {'time': 0.6943874460121151, 'size': 228390, 'peaq': -2.652, 'im': -0.771}
2025-06-16 17:54:32 - SPEA2 - INFO - 790º Individual: {'ar': '44100', 'sample_fmt': 's32p', 'compression_level': '6', 'reservoir': '1', 'b:a': '101k', 'abr': 'True'}
2025-06-16 17:54:33 - SPEA2 - INFO -  >> Metrics: {'time': 0.6083869500143919, 'size': 137694, 'peaq': -3.21, 'im': -1.494}
2025-06-16 17:54:33 - SPEA2 - INFO - 791º Individual: {'ar': '44100', 'sample_fmt': 's32p', 'compression_level': '9', 'reservoir': '1', 'b:a': '127k', 'abr': 'True'}
2025-06-16 17:54:33 - SPEA2 - INFO -  >> Metrics: {'time': 0.5508764460100792, 'size': 171880, 'peaq': -2.955, 'im': -1.131}
2025-06-16 17:54:33 - SPEA2 - INFO - 792º Individual: {'ar': '32000', 'sample_fmt': 'fltp', 'compression_level': '7', 'reservoir': '1', 'b:a': '32k'}
2025-06-16 17:54:34 - SPEA2 - INFO -  >> Metrics: {'time': 0.49130632501328364, 'size': 45944, 'peaq': -3.434, 'im': -1.9}
2025-06-16 17:54:34 - SPEA2 - INFO - 793º Individual: {'ar': '44100', 'sample_fmt': 's32p', 'compression_level': '5', 'reservoir': '1', 'b:a': '110k'}
2025-06-16 17:54:35 - SPEA2 - INFO -  >> Metrics: {'time': 0.6624126140377484, 'size': 159896, 'peaq': -2.963, 'im': -1.14}
2025-06-16 17:54:35 - SPEA2 - INFO - 794º Individual: {'ar': '32000', 'sample_fmt': 'fltp', 'compression_level': '7', 'reservoir': '0', 'b:a': '212k'}
2025-06-16 17:54:35 - SPEA2 - INFO -  >> Metrics: {'time': 0.6178497780056205, 'size': 320624, 'peaq': -3.178, 'im': -1.444}
2025-06-16 17:54:35 - SPEA2 - INFO - 795º Individual: {'ar': '44100', 'sample_fmt': 's32p', 'compression_level': '6', 'reservoir': '1', 'b:a': '246k', 'abr': 'True'}
2025-06-16 17:54:36 - SPEA2 - INFO -  >> Metrics: {'time': 0.6458103469922207, 'size': 350219, 'peaq': -2.591, 'im': -0.704}
2025-06-16 17:54:36 - SPEA2 - INFO - 796º Individual: {'ar': '32000', 'sample_fmt': 'fltp', 'compression_level': '7', 'reservoir': '0', 'b:a': '114k'}
2025-06-16 17:54:36 - SPEA2 - INFO -  >> Metrics: {'time': 0.5644717210088857, 'size': 160352, 'peaq': -3.396, 'im': -1.823}
2025-06-16 17:54:36 - SPEA2 - INFO - 797º Individual: {'ar': '44100', 'sample_fmt': 's32p', 'compression_level': '5', 'reservoir': '1', 'b:a': '112k', 'abr': 'True'}
2025-06-16 17:54:37 - SPEA2 - INFO -  >> Metrics: {'time': 0.7328215049928986, 'size': 152985, 'peaq': -3.013, 'im': -1.207}
2025-06-16 17:54:37 - SPEA2 - INFO - 798º Individual: {'ar': '44100', 'sample_fmt': 's32p', 'compression_level': '9', 'reservoir': '1', 'b:a': '107k', 'abr': 'True'}
2025-06-16 17:54:38 - SPEA2 - INFO -  >> Metrics: {'time': 0.5492720850161277, 'size': 142584, 'peaq': -3.248, 'im': -1.556}
2025-06-16 17:54:38 - SPEA2 - INFO - 799º Individual: {'ar': '44100', 'sample_fmt': 'fltp', 'compression_level': '9', 'reservoir': '1', 'b:a': '209k'}
2025-06-16 17:54:38 - SPEA2 - INFO -  >> Metrics: {'time': 0.595500205992721, 'size': 319714, 'peaq': -2.6, 'im': -0.715}
2025-06-16 17:54:38 - SPEA2 - INFO - 800º Individual: {'ar': '44100', 'sample_fmt': 's32p', 'compression_level': '5', 'reservoir': '1', 'b:a': '107k'}
2025-06-16 17:54:39 - SPEA2 - INFO -  >> Metrics: {'time': 0.8400309749995358, 'size': 159896, 'peaq': -2.963, 'im': -1.14}
2025-06-16 17:54:39 - SPEA2 - INFO - 801º Individual: {'ar': '32000', 'sample_fmt': 's16p', 'compression_level': '7', 'reservoir': '1', 'b:a': '102k', 'abr': 'True'}
2025-06-16 17:54:40 - SPEA2 - INFO -  >> Metrics: {'time': 0.5670173219696153, 'size': 139436, 'peaq': -3.523, 'im': -2.102}
2025-06-16 17:54:40 - SPEA2 - INFO - 802º Individual: {'ar': '44100', 'sample_fmt': 's32p', 'compression_level': '5', 'reservoir': '1', 'b:a': '105k', 'abr': 'True'}
2025-06-16 17:54:40 - SPEA2 - INFO -  >> Metrics: {'time': 0.74415760699776, 'size': 142895, 'peaq': -3.13, 'im': -1.371}
2025-06-16 17:54:40 - SPEA2 - INFO - 803º Individual: {'ar': '44100', 'sample_fmt': 's32p', 'compression_level': '7', 'reservoir': '1', 'b:a': '105k', 'abr': 'True'}
2025-06-16 17:54:41 - SPEA2 - INFO -  >> Metrics: {'time': 0.6934901410131715, 'size': 139931, 'peaq': -3.279, 'im': -1.608}
2025-06-16 17:54:41 - SPEA2 - INFO - 804º Individual: {'ar': '44100', 'sample_fmt': 's16p', 'compression_level': '7', 'reservoir': '1', 'b:a': '194k', 'abr': 'True'}
2025-06-16 17:54:42 - SPEA2 - INFO -  >> Metrics: {'time': 0.7299269420327619, 'size': 271695, 'peaq': -2.62, 'im': -0.736}
2025-06-16 17:54:42 - SPEA2 - INFO - 805º Individual: {'ar': '44100', 'sample_fmt': 's32p', 'compression_level': '6', 'reservoir': '1', 'b:a': '196k', 'abr': 'True'}
2025-06-16 17:54:43 - SPEA2 - INFO -  >> Metrics: {'time': 0.8009914130088873, 'size': 275657, 'peaq': -2.619, 'im': -0.736}
2025-06-16 17:54:43 - SPEA2 - INFO - 806º Individual: {'ar': '44100', 'sample_fmt': 's32p', 'compression_level': '5', 'reservoir': '1', 'b:a': '196k', 'abr': 'True'}
2025-06-16 17:54:44 - SPEA2 - INFO -  >> Metrics: {'time': 0.8838024330034386, 'size': 275657, 'peaq': -2.619, 'im': -0.736}
2025-06-16 17:54:44 - SPEA2 - INFO - 807º Individual: {'ar': '44100', 'sample_fmt': 'fltp', 'compression_level': '5', 'reservoir': '1', 'b:a': '143k', 'abr': 'True'}
2025-06-16 17:54:45 - SPEA2 - INFO -  >> Metrics: {'time': 0.9146661589911673, 'size': 196055, 'peaq': -2.772, 'im': -0.907}
2025-06-16 17:54:45 - SPEA2 - INFO - 808º Individual: {'ar': '44100', 'sample_fmt': 's32p', 'compression_level': '9', 'reservoir': '1', 'b:a': '193k', 'abr': 'True'}
2025-06-16 17:54:45 - SPEA2 - INFO -  >> Metrics: {'time': 0.6701113999879453, 'size': 270137, 'peaq': -2.63, 'im': -0.747}
2025-06-16 17:54:45 - SPEA2 - INFO - 809º Individual: {'ar': '44100', 'sample_fmt': 'fltp', 'compression_level': '7', 'reservoir': '0', 'b:a': '108k', 'abr': 'True'}
2025-06-16 17:54:46 - SPEA2 - INFO -  >> Metrics: {'time': 0.6978430820163339, 'size': 155533, 'peaq': -3.236, 'im': -1.536}
2025-06-16 17:54:46 - SPEA2 - INFO - 810º Individual: {'ar': '44100', 'sample_fmt': 's32p', 'compression_level': '6', 'reservoir': '1', 'b:a': '101k', 'abr': 'True'}
2025-06-16 17:54:47 - SPEA2 - INFO -  >> Metrics: {'time': 0.708871203038143, 'size': 137694, 'peaq': -3.21, 'im': -1.494}
2025-06-16 17:54:47 - SPEA2 - INFO - 811º Individual: {'ar': '44100', 'sample_fmt': 's32p', 'compression_level': '5', 'reservoir': '1', 'b:a': '145k', 'abr': 'True'}
2025-06-16 17:54:47 - SPEA2 - INFO -  >> Metrics: {'time': 0.8168423449678812, 'size': 202448, 'peaq': -2.722, 'im': -0.85}
2025-06-16 17:54:47 - SPEA2 - INFO - 812º Individual: {'ar': '44100', 'sample_fmt': 's32p', 'compression_level': '5', 'reservoir': '1', 'b:a': '105k', 'abr': 'True'}
2025-06-16 17:54:48 - SPEA2 - INFO -  >> Metrics: {'time': 0.7014430200215429, 'size': 142895, 'peaq': -3.13, 'im': -1.371}
2025-06-16 17:54:48 - SPEA2 - INFO - 813º Individual: {'ar': '44100', 'sample_fmt': 's32p', 'compression_level': '5', 'reservoir': '1', 'b:a': '169k'}
2025-06-16 17:54:49 - SPEA2 - INFO -  >> Metrics: {'time': 0.6428657780052163, 'size': 228390, 'peaq': -2.652, 'im': -0.771}
2025-06-16 17:54:49 - SPEA2 - INFO - 814º Individual: {'ar': '44100', 'sample_fmt': 's32p', 'compression_level': '9', 'reservoir': '1', 'b:a': '194k', 'abr': 'True'}
2025-06-16 17:54:49 - SPEA2 - INFO -  >> Metrics: {'time': 0.5277296729909722, 'size': 271799, 'peaq': -2.623, 'im': -0.74}
2025-06-16 17:54:49 - SPEA2 - INFO - 815º Individual: {'ar': '44100', 'sample_fmt': 's32p', 'compression_level': '5', 'reservoir': '1', 'b:a': '195k'}
2025-06-16 17:54:50 - SPEA2 - INFO -  >> Metrics: {'time': 0.6274820490216371, 'size': 274051, 'peaq': -2.616, 'im': -0.732}
2025-06-16 17:54:50 - SPEA2 - INFO - 816º Individual: {'ar': '32000', 'sample_fmt': 'fltp', 'compression_level': '7', 'reservoir': '0', 'b:a': '126k'}
2025-06-16 17:54:50 - SPEA2 - INFO -  >> Metrics: {'time': 0.5001617869711481, 'size': 183248, 'peaq': -3.286, 'im': -1.619}
2025-06-16 17:54:50 - SPEA2 - INFO - 817º Individual: {'ar': '44100', 'sample_fmt': 'fltp', 'compression_level': '5', 'reservoir': '1', 'b:a': '242k', 'abr': 'True'}
2025-06-16 17:54:51 - SPEA2 - INFO -  >> Metrics: {'time': 0.8038090170011856, 'size': 345226, 'peaq': -2.596, 'im': -0.71}
2025-06-16 17:54:51 - SPEA2 - INFO - 818º Individual: {'ar': '8000', 'sample_fmt': 's32p', 'compression_level': '9', 'reservoir': '1', 'b:a': '142k', 'abr': 'True'}
2025-06-16 17:54:52 - SPEA2 - INFO -  >> Metrics: {'time': 0.5069937000225764, 'size': 92240, 'peaq': -3.858, 'im': -3.51}
2025-06-16 17:54:52 - SPEA2 - INFO - 819º Individual: {'ar': '44100', 'sample_fmt': 's32p', 'compression_level': '5', 'reservoir': '1', 'b:a': '195k'}
2025-06-16 17:54:52 - SPEA2 - INFO -  >> Metrics: {'time': 0.600419647002127, 'size': 274051, 'peaq': -2.616, 'im': -0.732}
2025-06-16 17:54:52 - SPEA2 - INFO - 820º Individual: {'ar': '32000', 'sample_fmt': 's16p', 'compression_level': '7', 'reservoir': '1', 'b:a': '195k', 'abr': 'True'}
2025-06-16 17:54:53 - SPEA2 - INFO -  >> Metrics: {'time': 0.5188813570130151, 'size': 277784, 'peaq': -3.18, 'im': -1.447}
2025-06-16 17:54:53 - SPEA2 - INFO - 821º Individual: {'ar': '32000', 'sample_fmt': 'fltp', 'compression_level': '7', 'reservoir': '0', 'b:a': '167k'}
2025-06-16 17:54:53 - SPEA2 - INFO -  >> Metrics: {'time': 0.48400671099079773, 'size': 229040, 'peaq': -3.202, 'im': -1.481}
2025-06-16 17:54:53 - SPEA2 - INFO - 822º Individual: {'ar': '44100', 'sample_fmt': 'fltp', 'compression_level': '5', 'reservoir': '1', 'b:a': '104k', 'abr': 'True'}
2025-06-16 17:54:54 - SPEA2 - INFO -  >> Metrics: {'time': 0.5962451369850896, 'size': 141699, 'peaq': -3.17, 'im': -1.431}
2025-06-16 17:54:54 - SPEA2 - INFO - 823º Individual: {'ar': '44100', 'sample_fmt': 's32p', 'compression_level': '5', 'reservoir': '1', 'b:a': '104k', 'abr': 'True'}
2025-06-16 17:54:55 - SPEA2 - INFO -  >> Metrics: {'time': 0.5846280120022129, 'size': 141699, 'peaq': -3.169, 'im': -1.431}
2025-06-16 17:54:55 - SPEA2 - INFO - 824º Individual: {'ar': '44100', 'sample_fmt': 's32p', 'compression_level': '9', 'reservoir': '1', 'b:a': '143k'}
2025-06-16 17:54:55 - SPEA2 - INFO -  >> Metrics: {'time': 0.5103551180218346, 'size': 182727, 'peaq': -2.916, 'im': -1.081}
2025-06-16 17:54:55 - SPEA2 - INFO - 825º Individual: {'ar': '44100', 'sample_fmt': 's32p', 'compression_level': '7', 'reservoir': '1', 'b:a': '106k', 'abr': 'True'}
2025-06-16 17:54:56 - SPEA2 - INFO -  >> Metrics: {'time': 0.5091673769929912, 'size': 141335, 'peaq': -3.264, 'im': -1.582}
2025-06-16 17:54:56 - SPEA2 - INFO - 826º Individual: {'ar': '32000', 'sample_fmt': 's16p', 'compression_level': '7', 'reservoir': '1', 'b:a': '195k'}
2025-06-16 17:54:56 - SPEA2 - INFO -  >> Metrics: {'time': 0.4854266420006752, 'size': 274832, 'peaq': -3.178, 'im': -1.444}
2025-06-16 17:54:56 - SPEA2 - INFO - 827º Individual: {'ar': '32000', 'sample_fmt': 'fltp', 'compression_level': '7', 'reservoir': '1', 'b:a': '32k'}
2025-06-16 17:54:57 - SPEA2 - INFO -  >> Metrics: {'time': 0.513656847004313, 'size': 45944, 'peaq': -3.434, 'im': -1.9}
2025-06-16 17:54:57 - SPEA2 - INFO - 828º Individual: {'ar': '44100', 'sample_fmt': 's32p', 'compression_level': '6', 'reservoir': '1', 'b:a': '101k', 'abr': 'True'}
2025-06-16 17:54:57 - SPEA2 - INFO -  >> Metrics: {'time': 0.744773915008409, 'size': 137694, 'peaq': -3.21, 'im': -1.494}
2025-06-16 17:54:57 - SPEA2 - INFO - 829º Individual: {'ar': '44100', 'sample_fmt': 'fltp', 'compression_level': '9', 'reservoir': '1', 'b:a': '209k'}
2025-06-16 17:54:58 - SPEA2 - INFO -  >> Metrics: {'time': 0.8308824590058066, 'size': 319714, 'peaq': -2.6, 'im': -0.715}
2025-06-16 17:54:58 - SPEA2 - INFO - 830º Individual: {'ar': '32000', 'sample_fmt': 'fltp', 'compression_level': '9', 'reservoir': '1', 'b:a': '32k'}
2025-06-16 17:54:59 - SPEA2 - INFO -  >> Metrics: {'time': 0.8188395650067832, 'size': 45944, 'peaq': -3.434, 'im': -1.9}
2025-06-16 17:54:59 - SPEA2 - INFO - 831º Individual: {'ar': '44100', 'sample_fmt': 'fltp', 'compression_level': '7', 'reservoir': '0', 'b:a': '267k'}
2025-06-16 17:55:00 - SPEA2 - INFO -  >> Metrics: {'time': 0.9636320529971272, 'size': 365375, 'peaq': -2.606, 'im': -0.721}
2025-06-16 17:55:00 - SPEA2 - INFO - 832º Individual: {'ar': '44100', 'sample_fmt': 's16p', 'compression_level': '0', 'reservoir': '1', 'b:a': '194k', 'abr': 'True'}
2025-06-16 17:55:01 - SPEA2 - INFO -  >> Metrics: {'time': 1.088258517003851, 'size': 268151, 'peaq': -2.619, 'im': -0.735}
2025-06-16 17:55:01 - SPEA2 - INFO - 833º Individual: {'ar': '12000', 'sample_fmt': 'fltp', 'compression_level': '7', 'reservoir': '0', 'b:a': '141k', 'abr': 'True'}
2025-06-16 17:55:02 - SPEA2 - INFO -  >> Metrics: {'time': 0.7352234430145472, 'size': 92720, 'peaq': -3.74, 'im': -2.804}
2025-06-16 17:55:02 - SPEA2 - INFO - 834º Individual: {'ar': '44100', 'sample_fmt': 's32p', 'compression_level': '2', 'reservoir': '1', 'b:a': '169k', 'abr': 'True'}
2025-06-16 17:55:04 - SPEA2 - INFO -  >> Metrics: {'time': 1.5988513840420637, 'size': 228257, 'peaq': -2.665, 'im': -0.786}
2025-06-16 17:55:04 - SPEA2 - INFO - 835º Individual: {'ar': '44100', 'sample_fmt': 's32p', 'compression_level': '7', 'reservoir': '1', 'b:a': '105k'}
2025-06-16 17:55:04 - SPEA2 - INFO -  >> Metrics: {'time': 0.6021866099908948, 'size': 159896, 'peaq': -3.068, 'im': -1.283}
2025-06-16 17:55:04 - SPEA2 - INFO - 836º Individual: {'ar': '44100', 'sample_fmt': 's32p', 'compression_level': '5', 'reservoir': '1', 'b:a': '107k'}
2025-06-16 17:55:05 - SPEA2 - INFO -  >> Metrics: {'time': 0.7793403189862147, 'size': 159896, 'peaq': -2.963, 'im': -1.14}
2025-06-16 17:55:05 - SPEA2 - INFO - 837º Individual: {'ar': '44100', 'sample_fmt': 's32p', 'compression_level': '5', 'reservoir': '1', 'b:a': '113k', 'abr': 'True'}
2025-06-16 17:55:06 - SPEA2 - INFO -  >> Metrics: {'time': 0.7772472019714769, 'size': 154181, 'peaq': -2.991, 'im': -1.178}
2025-06-16 17:55:06 - SPEA2 - INFO - 838º Individual: {'ar': '44100', 'sample_fmt': 's32p', 'compression_level': '7', 'reservoir': '1', 'b:a': '105k', 'abr': 'True'}
2025-06-16 17:55:06 - SPEA2 - INFO -  >> Metrics: {'time': 0.719991577003384, 'size': 139931, 'peaq': -3.279, 'im': -1.608}
2025-06-16 17:55:06 - SPEA2 - INFO - 839º Individual: {'ar': '44100', 'sample_fmt': 'fltp', 'compression_level': '7', 'reservoir': '0', 'b:a': '107k'}
2025-06-16 17:55:07 - SPEA2 - INFO -  >> Metrics: {'time': 0.9205534030043054, 'size': 159896, 'peaq': -3.098, 'im': -1.324}
2025-06-16 17:55:07 - SPEA2 - INFO - 840º Individual: {'ar': '44100', 'sample_fmt': 's32p', 'compression_level': '5', 'reservoir': '1', 'b:a': '104k', 'abr': 'True'}
2025-06-16 17:55:08 - SPEA2 - INFO -  >> Metrics: {'time': 0.7398894589859992, 'size': 141699, 'peaq': -3.169, 'im': -1.431}
2025-06-16 17:55:08 - SPEA2 - INFO - 841º Individual: {'ar': '44100', 'sample_fmt': 's32p', 'compression_level': '7', 'reservoir': '1', 'b:a': '106k', 'abr': 'True'}
2025-06-16 17:55:09 - SPEA2 - INFO -  >> Metrics: {'time': 0.7363196240330581, 'size': 141335, 'peaq': -3.264, 'im': -1.582}
2025-06-16 17:55:09 - SPEA2 - INFO - 842º Individual: {'ar': '44100', 'sample_fmt': 's32p', 'compression_level': '5', 'reservoir': '1', 'b:a': '169k', 'abr': 'True'}
2025-06-16 17:55:10 - SPEA2 - INFO -  >> Metrics: {'time': 0.7080509219958913, 'size': 234637, 'peaq': -2.65, 'im': -0.769}
2025-06-16 17:55:10 - SPEA2 - INFO - 843º Individual: {'ar': '44100', 'sample_fmt': 'fltp', 'compression_level': '7', 'reservoir': '0', 'b:a': '108k', 'abr': 'True'}
2025-06-16 17:55:10 - SPEA2 - INFO -  >> Metrics: {'time': 0.5836794240458403, 'size': 155533, 'peaq': -3.236, 'im': -1.536}
2025-06-16 17:55:10 - SPEA2 - INFO - 844º Individual: {'ar': '44100', 'sample_fmt': 's32p', 'compression_level': '5', 'reservoir': '1', 'b:a': '110k'}
2025-06-16 17:55:11 - SPEA2 - INFO -  >> Metrics: {'time': 0.8932253099628724, 'size': 159896, 'peaq': -2.963, 'im': -1.14}
2025-06-16 17:55:11 - SPEA2 - INFO - 845º Individual: {'ar': '44100', 'sample_fmt': 'fltp', 'compression_level': '7', 'reservoir': '1', 'b:a': '104k', 'abr': 'True'}
2025-06-16 17:55:12 - SPEA2 - INFO -  >> Metrics: {'time': 0.5713624839845579, 'size': 138683, 'peaq': -3.291, 'im': -1.628}
2025-06-16 17:55:12 - SPEA2 - INFO - 846º Individual: {'ar': '44100', 'sample_fmt': 's32p', 'compression_level': '6', 'reservoir': '1', 'b:a': '245k'}
2025-06-16 17:55:13 - SPEA2 - INFO -  >> Metrics: {'time': 0.9076874619931914, 'size': 365375, 'peaq': -2.592, 'im': -0.706}
2025-06-16 17:55:13 - SPEA2 - INFO - 847º Individual: {'ar': '44100', 'sample_fmt': 'fltp', 'compression_level': '0', 'reservoir': '1', 'b:a': '32k', 'abr': 'True'}
2025-06-16 17:55:14 - SPEA2 - INFO -  >> Metrics: {'time': 1.297183872986352, 'size': 49402, 'peaq': -3.132, 'im': -1.375}
2025-06-16 17:55:14 - SPEA2 - INFO - 848º Individual: {'ar': '32000', 'sample_fmt': 's32p', 'compression_level': '7', 'reservoir': '1', 'b:a': '211k'}
2025-06-16 17:55:15 - SPEA2 - INFO -  >> Metrics: {'time': 0.851199530006852, 'size': 320624, 'peaq': -3.175, 'im': -1.439}
2025-06-16 17:55:15 - SPEA2 - INFO - 849º Individual: {'ar': '44100', 'sample_fmt': 's32p', 'compression_level': '5', 'reservoir': '1', 'b:a': '195k', 'abr': 'True'}
2025-06-16 17:55:16 - SPEA2 - INFO -  >> Metrics: {'time': 1.2900998659897596, 'size': 274510, 'peaq': -2.618, 'im': -0.735}
2025-06-16 17:55:16 - SPEA2 - INFO - 850º Individual: {'ar': '12000', 'sample_fmt': 'fltp', 'compression_level': '7', 'reservoir': '0', 'b:a': '110k'}
2025-06-16 17:55:17 - SPEA2 - INFO -  >> Metrics: {'time': 0.605710645992076, 'size': 92528, 'peaq': -3.74, 'im': -2.803}
2025-06-16 17:55:17 - SPEA2 - INFO - 851º Individual: {'ar': '44100', 'sample_fmt': 'fltp', 'compression_level': '5', 'reservoir': '1', 'b:a': '242k', 'abr': 'True'}
2025-06-16 17:55:17 - SPEA2 - INFO -  >> Metrics: {'time': 0.7205500669952016, 'size': 345226, 'peaq': -2.596, 'im': -0.71}
2025-06-16 17:55:17 - SPEA2 - INFO - 852º Individual: {'ar': '44100', 'sample_fmt': 's32p', 'compression_level': '9', 'reservoir': '1', 'b:a': '197k', 'abr': 'True'}
2025-06-16 17:55:18 - SPEA2 - INFO -  >> Metrics: {'time': 0.7654199849930592, 'size': 275860, 'peaq': -2.617, 'im': -0.733}
2025-06-16 17:55:18 - SPEA2 - INFO - 853º Individual: {'ar': '44100', 'sample_fmt': 's32p', 'compression_level': '9', 'reservoir': '1', 'b:a': '105k', 'abr': 'True'}
2025-06-16 17:55:19 - SPEA2 - INFO -  >> Metrics: {'time': 0.9748372810136061, 'size': 139931, 'peaq': -3.279, 'im': -1.608}
2025-06-16 17:55:19 - SPEA2 - INFO - 854º Individual: {'ar': '44100', 'sample_fmt': 's32p', 'compression_level': '5', 'reservoir': '1', 'b:a': '128k', 'abr': 'True'}
2025-06-16 17:55:20 - SPEA2 - INFO -  >> Metrics: {'time': 0.8477530809759628, 'size': 176147, 'peaq': -2.859, 'im': -1.011}
2025-06-16 17:55:20 - SPEA2 - INFO - 855º Individual: {'ar': '44100', 'sample_fmt': 's32p', 'compression_level': '5', 'reservoir': '1', 'b:a': '170k'}
2025-06-16 17:55:21 - SPEA2 - INFO -  >> Metrics: {'time': 1.1965054319880437, 'size': 228390, 'peaq': -2.652, 'im': -0.771}
2025-06-16 17:55:21 - SPEA2 - INFO - 856º Individual: {'ar': '44100', 'sample_fmt': 's16p', 'compression_level': '9', 'reservoir': '1', 'b:a': '169k', 'abr': 'True'}
2025-06-16 17:55:22 - SPEA2 - INFO -  >> Metrics: {'time': 0.8404938910098281, 'size': 233702, 'peaq': -2.678, 'im': -0.8}
2025-06-16 17:55:22 - SPEA2 - INFO - 857º Individual: {'ar': '44100', 'sample_fmt': 's32p', 'compression_level': '5', 'reservoir': '1', 'b:a': '107k'}
2025-06-16 17:55:23 - SPEA2 - INFO -  >> Metrics: {'time': 1.1699841659865342, 'size': 159896, 'peaq': -2.963, 'im': -1.14}
2025-06-16 17:55:23 - SPEA2 - INFO - 858º Individual: {'ar': '44100', 'sample_fmt': 's32p', 'compression_level': '2', 'reservoir': '1', 'b:a': '271k', 'abr': 'True'}
2025-06-16 17:55:24 - SPEA2 - INFO -  >> Metrics: {'time': 1.051917742996011, 'size': 360321, 'peaq': -2.585, 'im': -0.698}
2025-06-16 17:55:24 - SPEA2 - INFO - 859º Individual: {'ar': '44100', 'sample_fmt': 's32p', 'compression_level': '9', 'reservoir': '1', 'b:a': '144k'}
2025-06-16 17:55:25 - SPEA2 - INFO -  >> Metrics: {'time': 0.7060361619805917, 'size': 182727, 'peaq': -2.918, 'im': -1.084}
2025-06-16 17:55:25 - SPEA2 - INFO - 860º Individual: {'ar': '44100', 'sample_fmt': 's32p', 'compression_level': '5', 'reservoir': '1', 'b:a': '110k', 'abr': 'True'}
2025-06-16 17:55:26 - SPEA2 - INFO -  >> Metrics: {'time': 0.726023956987774, 'size': 150176, 'peaq': -3.064, 'im': -1.277}
2025-06-16 17:55:26 - SPEA2 - INFO - 861º Individual: {'ar': '32000', 'sample_fmt': 'fltp', 'compression_level': '7', 'reservoir': '1', 'b:a': '168k'}
2025-06-16 17:55:26 - SPEA2 - INFO -  >> Metrics: {'time': 0.6499182240222581, 'size': 229040, 'peaq': -3.202, 'im': -1.481}
2025-06-16 17:55:26 - SPEA2 - INFO - 862º Individual: {'ar': '44100', 'sample_fmt': 's32p', 'compression_level': '7', 'reservoir': '1', 'b:a': '106k', 'abr': 'True'}
2025-06-16 17:55:27 - SPEA2 - INFO -  >> Metrics: {'time': 0.6396628429938573, 'size': 141335, 'peaq': -3.264, 'im': -1.582}
2025-06-16 17:55:27 - SPEA2 - INFO - 863º Individual: {'ar': '32000', 'sample_fmt': 's16p', 'compression_level': '7', 'reservoir': '1', 'b:a': '195k', 'abr': 'True'}
2025-06-16 17:55:28 - SPEA2 - INFO -  >> Metrics: {'time': 0.5822081649967004, 'size': 277784, 'peaq': -3.18, 'im': -1.447}
2025-06-16 17:55:28 - SPEA2 - INFO - 864º Individual: {'ar': '44100', 'sample_fmt': 's16p', 'compression_level': '7', 'reservoir': '1', 'b:a': '169k', 'abr': 'True'}
2025-06-16 17:55:28 - SPEA2 - INFO -  >> Metrics: {'time': 0.7697874729929026, 'size': 233702, 'peaq': -2.678, 'im': -0.8}
2025-06-16 17:55:28 - SPEA2 - INFO - 865º Individual: {'ar': '44100', 'sample_fmt': 's32p', 'compression_level': '6', 'reservoir': '1', 'b:a': '245k', 'abr': 'True'}
2025-06-16 17:55:29 - SPEA2 - INFO -  >> Metrics: {'time': 0.8957424740074202, 'size': 348865, 'peaq': -2.589, 'im': -0.702}
2025-06-16 17:55:29 - SPEA2 - INFO - 866º Individual: {'ar': '44100', 'sample_fmt': 's32p', 'compression_level': '5', 'reservoir': '1', 'b:a': '169k', 'abr': 'True'}
2025-06-16 17:55:30 - SPEA2 - INFO -  >> Metrics: {'time': 0.8992362480203155, 'size': 234637, 'peaq': -2.65, 'im': -0.769}
2025-06-16 17:55:30 - SPEA2 - INFO - 867º Individual: {'ar': '44100', 'sample_fmt': 's16p', 'compression_level': '7', 'reservoir': '1', 'b:a': '193k', 'abr': 'True'}
2025-06-16 17:55:31 - SPEA2 - INFO -  >> Metrics: {'time': 0.7716349480033386, 'size': 270133, 'peaq': -2.627, 'im': -0.744}
2025-06-16 17:55:31 - SPEA2 - INFO - 868º Individual: {'ar': '44100', 'sample_fmt': 'fltp', 'compression_level': '7', 'reservoir': '1', 'b:a': '32k'}
2025-06-16 17:55:32 - SPEA2 - INFO -  >> Metrics: {'time': 0.6910978530358989, 'size': 45846, 'peaq': -3.286, 'im': -1.619}
2025-06-16 17:55:32 - SPEA2 - INFO - 869º Individual: {'ar': '44100', 'sample_fmt': 's32p', 'compression_level': '5', 'reservoir': '1', 'b:a': '195k'}
2025-06-16 17:55:32 - SPEA2 - INFO -  >> Metrics: {'time': 0.676661780977156, 'size': 274051, 'peaq': -2.616, 'im': -0.732}
2025-06-16 17:55:32 - SPEA2 - INFO - 870º Individual: {'ar': '44100', 'sample_fmt': 's32p', 'compression_level': '7', 'reservoir': '1', 'b:a': '105k', 'abr': 'True'}
2025-06-16 17:55:33 - SPEA2 - INFO -  >> Metrics: {'time': 0.6243286799872294, 'size': 139931, 'peaq': -3.279, 'im': -1.608}
2025-06-16 17:55:33 - SPEA2 - INFO - 871º Individual: {'ar': '44100', 'sample_fmt': 'fltp', 'compression_level': '0', 'reservoir': '1', 'b:a': '169k', 'abr': 'True'}
2025-06-16 17:55:37 - SPEA2 - INFO -  >> Metrics: {'time': 3.6965362270129845, 'size': 227998, 'peaq': -2.693, 'im': -0.816}
2025-06-16 17:55:37 - SPEA2 - INFO - 872º Individual: {'ar': '44100', 'sample_fmt': 'fltp', 'compression_level': '2', 'reservoir': '1', 'b:a': '196k'}
2025-06-16 17:55:38 - SPEA2 - INFO -  >> Metrics: {'time': 1.308289527980378, 'size': 274051, 'peaq': -2.626, 'im': -0.742}
2025-06-16 17:55:38 - SPEA2 - INFO - 873º Individual: {'ar': '32000', 'sample_fmt': 'fltp', 'compression_level': '7', 'reservoir': '1', 'b:a': '32k'}
2025-06-16 17:55:39 - SPEA2 - INFO -  >> Metrics: {'time': 0.8558507459820248, 'size': 45944, 'peaq': -3.434, 'im': -1.9}
2025-06-16 17:55:39 - SPEA2 - INFO - 874º Individual: {'ar': '44100', 'sample_fmt': 's32p', 'compression_level': '5', 'reservoir': '1', 'b:a': '104k', 'abr': 'True'}
2025-06-16 17:55:40 - SPEA2 - INFO -  >> Metrics: {'time': 0.8770238799625076, 'size': 141699, 'peaq': -3.169, 'im': -1.431}
2025-06-16 17:55:40 - SPEA2 - INFO - 875º Individual: {'ar': '8000', 'sample_fmt': 's32p', 'compression_level': '5', 'reservoir': '1', 'aq': '9'}
2025-06-16 17:55:40 - SPEA2 - INFO -  >> Metrics: {'time': 0.6864536939829122, 'size': 37232, 'peaq': -3.85, 'im': -3.441}
2025-06-16 17:55:40 - SPEA2 - INFO - 876º Individual: {'ar': '44100', 'sample_fmt': 's32p', 'compression_level': '0', 'reservoir': '1', 'b:a': '167k', 'abr': 'True'}
2025-06-16 17:55:42 - SPEA2 - INFO -  >> Metrics: {'time': 1.7729641739861108, 'size': 226117, 'peaq': -2.696, 'im': -0.82}
2025-06-16 17:55:42 - SPEA2 - INFO - 877º Individual: {'ar': '44100', 'sample_fmt': 's32p', 'compression_level': '2', 'reservoir': '1', 'b:a': '145k', 'abr': 'True'}
2025-06-16 17:55:43 - SPEA2 - INFO -  >> Metrics: {'time': 1.0546254640212283, 'size': 198203, 'peaq': -2.8, 'im': -0.939}
2025-06-16 17:55:43 - SPEA2 - INFO - 878º Individual: {'ar': '44100', 'sample_fmt': 's32p', 'compression_level': '0', 'reservoir': '1', 'b:a': '105k', 'abr': 'True'}
2025-06-16 17:55:45 - SPEA2 - INFO -  >> Metrics: {'time': 1.613257752993377, 'size': 141752, 'peaq': -3.301, 'im': -1.646}
2025-06-16 17:55:45 - SPEA2 - INFO - 879º Individual: {'ar': '44100', 'sample_fmt': 's32p', 'compression_level': '7', 'reservoir': '1', 'b:a': '267k'}
2025-06-16 17:55:46 - SPEA2 - INFO -  >> Metrics: {'time': 0.7903887090214994, 'size': 365375, 'peaq': -2.604, 'im': -0.719}
2025-06-16 17:55:46 - SPEA2 - INFO - 880º Individual: {'ar': '44100', 'sample_fmt': 's32p', 'compression_level': '0', 'reservoir': '1', 'b:a': '191k', 'abr': 'True'}
2025-06-16 17:55:47 - SPEA2 - INFO -  >> Metrics: {'time': 1.288195414992515, 'size': 264713, 'peaq': -2.628, 'im': -0.745}
2025-06-16 17:55:47 - SPEA2 - INFO - 881º Individual: {'ar': '16000', 'sample_fmt': 'fltp', 'compression_level': '0', 'reservoir': '1', 'b:a': '32k', 'abr': 'True'}
2025-06-16 17:55:48 - SPEA2 - INFO -  >> Metrics: {'time': 1.295389064005576, 'size': 44972, 'peaq': -3.277, 'im': -1.605}
2025-06-16 17:55:48 - SPEA2 - INFO - 882º Individual: {'ar': '44100', 'sample_fmt': 's32p', 'compression_level': '2', 'reservoir': '1', 'b:a': '271k', 'abr': 'True'}
2025-06-16 17:55:50 - SPEA2 - INFO -  >> Metrics: {'time': 1.6985194369917735, 'size': 360321, 'peaq': -2.585, 'im': -0.698}
2025-06-16 17:55:50 - SPEA2 - INFO - 883º Individual: {'ar': '32000', 'sample_fmt': 's32p', 'compression_level': '9', 'reservoir': '1', 'b:a': '125k'}
2025-06-16 17:55:51 - SPEA2 - INFO -  >> Metrics: {'time': 0.7698402559908573, 'size': 183248, 'peaq': -3.299, 'im': -1.642}
2025-06-16 17:55:51 - SPEA2 - INFO - 884º Individual: {'ar': '44100', 'sample_fmt': 's32p', 'compression_level': '2', 'reservoir': '1', 'b:a': '196k', 'abr': 'True'}
2025-06-16 17:55:52 - SPEA2 - INFO -  >> Metrics: {'time': 1.3814324449922424, 'size': 269923, 'peaq': -2.618, 'im': -0.734}
2025-06-16 17:55:52 - SPEA2 - INFO - 885º Individual: {'ar': '44100', 'sample_fmt': 's32p', 'compression_level': '9', 'reservoir': '1', 'b:a': '195k'}
2025-06-16 17:55:53 - SPEA2 - INFO -  >> Metrics: {'time': 0.8025020269851666, 'size': 274051, 'peaq': -2.63, 'im': -0.747}
2025-06-16 17:55:53 - SPEA2 - INFO - 886º Individual: {'ar': '32000', 'sample_fmt': 'fltp', 'compression_level': '7', 'reservoir': '0', 'b:a': '210k'}
2025-06-16 17:55:54 - SPEA2 - INFO -  >> Metrics: {'time': 0.6545722830342129, 'size': 320624, 'peaq': -3.178, 'im': -1.444}
2025-06-16 17:55:54 - SPEA2 - INFO - 887º Individual: {'ar': '32000', 'sample_fmt': 'fltp', 'compression_level': '9', 'reservoir': '1', 'b:a': '168k'}
2025-06-16 17:55:54 - SPEA2 - INFO -  >> Metrics: {'time': 0.7518959090230055, 'size': 229040, 'peaq': -3.202, 'im': -1.481}
2025-06-16 17:55:54 - SPEA2 - INFO - 888º Individual: {'ar': '44100', 'sample_fmt': 's32p', 'compression_level': '9', 'reservoir': '1', 'b:a': '198k', 'abr': 'True'}
2025-06-16 17:55:55 - SPEA2 - INFO -  >> Metrics: {'time': 0.6343218920228537, 'size': 277531, 'peaq': -2.616, 'im': -0.732}
2025-06-16 17:55:55 - SPEA2 - INFO - 889º Individual: {'ar': '44100', 'sample_fmt': 's32p', 'compression_level': '5', 'reservoir': '1', 'b:a': '85k', 'abr': 'True'}
2025-06-16 17:55:56 - SPEA2 - INFO -  >> Metrics: {'time': 0.752137733012205, 'size': 117059, 'peaq': -3.418, 'im': -1.867}
2025-06-16 17:55:56 - SPEA2 - INFO - 890º Individual: {'ar': '44100', 'sample_fmt': 'fltp', 'compression_level': '9', 'reservoir': '1', 'b:a': '110k', 'abr': 'True'}
2025-06-16 17:55:57 - SPEA2 - INFO -  >> Metrics: {'time': 0.7805956969968975, 'size': 147056, 'peaq': -3.215, 'im': -1.502}
2025-06-16 17:55:57 - SPEA2 - INFO - 891º Individual: {'ar': '44100', 'sample_fmt': 's32p', 'compression_level': '2', 'reservoir': '1', 'b:a': '271k', 'abr': 'True'}
2025-06-16 17:55:58 - SPEA2 - INFO -  >> Metrics: {'time': 0.9702292359725107, 'size': 360321, 'peaq': -2.585, 'im': -0.698}
2025-06-16 17:55:58 - SPEA2 - INFO - 892º Individual: {'ar': '8000', 'sample_fmt': 's16p', 'compression_level': '9', 'reservoir': '1', 'b:a': '109k', 'abr': 'True'}
2025-06-16 17:55:58 - SPEA2 - INFO -  >> Metrics: {'time': 0.5729242119996343, 'size': 91952, 'peaq': -3.858, 'im': -3.51}
2025-06-16 17:55:58 - SPEA2 - INFO - 893º Individual: {'ar': '32000', 'sample_fmt': 's16p', 'compression_level': '7', 'reservoir': '1', 'b:a': '248k', 'abr': 'True'}
2025-06-16 17:56:00 - SPEA2 - INFO -  >> Metrics: {'time': 1.8341069059970323, 'size': 351872, 'peaq': -3.17, 'im': -1.431}
2025-06-16 17:56:00 - SPEA2 - INFO - 894º Individual: {'ar': '12000', 'sample_fmt': 'fltp', 'compression_level': '7', 'reservoir': '0', 'b:a': '108k'}
2025-06-16 17:56:01 - SPEA2 - INFO -  >> Metrics: {'time': 0.6742113979707938, 'size': 92528, 'peaq': -3.74, 'im': -2.803}
2025-06-16 17:56:01 - SPEA2 - INFO - 895º Individual: {'ar': '44100', 'sample_fmt': 'fltp', 'compression_level': '7', 'reservoir': '1', 'b:a': '126k'}
2025-06-16 17:56:02 - SPEA2 - INFO -  >> Metrics: {'time': 0.7977717210014816, 'size': 182727, 'peaq': -2.916, 'im': -1.081}
2025-06-16 17:56:02 - SPEA2 - INFO - 896º Individual: {'ar': '16000', 'sample_fmt': 's32p', 'compression_level': '9', 'reservoir': '1', 'b:a': '143k', 'abr': 'True'}
2025-06-16 17:56:03 - SPEA2 - INFO -  >> Metrics: {'time': 0.9830164509767201, 'size': 203588, 'peaq': -3.765, 'im': -2.921}
2025-06-16 17:56:03 - SPEA2 - INFO - 897º Individual: {'ar': '44100', 'sample_fmt': 's32p', 'compression_level': '7', 'reservoir': '1', 'b:a': '105k', 'abr': 'True'}
2025-06-16 17:56:04 - SPEA2 - INFO -  >> Metrics: {'time': 1.0582725860003848, 'size': 139931, 'peaq': -3.279, 'im': -1.608}
2025-06-16 17:56:04 - SPEA2 - INFO - 898º Individual: {'ar': '44100', 'sample_fmt': 'fltp', 'compression_level': '5', 'reservoir': '1', 'b:a': '242k', 'abr': 'True'}
2025-06-16 17:56:04 - SPEA2 - INFO -  >> Metrics: {'time': 0.7678621509985533, 'size': 345226, 'peaq': -2.596, 'im': -0.71}
2025-06-16 17:56:04 - SPEA2 - INFO - 899º Individual: {'ar': '44100', 'sample_fmt': 's32p', 'compression_level': '5', 'reservoir': '1', 'b:a': '107k', 'abr': 'True'}
2025-06-16 17:56:05 - SPEA2 - INFO -  >> Metrics: {'time': 0.7359016099944711, 'size': 145599, 'peaq': -3.107, 'im': -1.339}
2025-06-16 17:56:05 - SPEA2 - INFO - 900º Individual: {'ar': '8000', 'sample_fmt': 'fltp', 'compression_level': '9', 'reservoir': '1', 'b:a': '208k'}
2025-06-16 17:56:06 - SPEA2 - INFO -  >> Metrics: {'time': 0.995169119007187, 'size': 93680, 'peaq': -3.858, 'im': -3.511}
2025-06-16 17:56:06 - SPEA2 - INFO - 901º Individual: {'ar': '44100', 'sample_fmt': 's32p', 'compression_level': '7', 'reservoir': '1', 'b:a': '267k'}
2025-06-16 17:56:07 - SPEA2 - INFO -  >> Metrics: {'time': 1.3059196510002948, 'size': 365375, 'peaq': -2.604, 'im': -0.719}
2025-06-16 17:56:07 - SPEA2 - INFO - 902º Individual: {'ar': '32000', 'sample_fmt': 's32p', 'compression_level': '9', 'reservoir': '1', 'b:a': '32k'}
2025-06-16 17:56:08 - SPEA2 - INFO -  >> Metrics: {'time': 0.8470034760248382, 'size': 45944, 'peaq': -3.434, 'im': -1.9}
2025-06-16 17:56:08 - SPEA2 - INFO - 903º Individual: {'ar': '32000', 'sample_fmt': 's16p', 'compression_level': '9', 'reservoir': '1', 'b:a': '254k', 'abr': 'True'}
2025-06-16 17:56:09 - SPEA2 - INFO -  >> Metrics: {'time': 0.6363124290073756, 'size': 360512, 'peaq': -3.172, 'im': -1.435}
2025-06-16 17:56:09 - SPEA2 - INFO - 904º Individual: {'ar': '44100', 'sample_fmt': 'fltp', 'compression_level': '7', 'reservoir': '1', 'b:a': '113k', 'abr': 'True'}
2025-06-16 17:56:10 - SPEA2 - INFO -  >> Metrics: {'time': 0.8490111679711845, 'size': 151164, 'peaq': -3.164, 'im': -1.423}
2025-06-16 17:56:10 - SPEA2 - INFO - 905º Individual: {'ar': '44100', 'sample_fmt': 'fltp', 'compression_level': '7', 'reservoir': '1', 'b:a': '127k'}
2025-06-16 17:56:11 - SPEA2 - INFO -  >> Metrics: {'time': 0.7332907780073583, 'size': 182727, 'peaq': -2.916, 'im': -1.081}
2025-06-16 17:56:11 - SPEA2 - INFO - 906º Individual: {'ar': '32000', 'sample_fmt': 'fltp', 'compression_level': '7', 'reservoir': '0', 'b:a': '168k'}
2025-06-16 17:56:11 - SPEA2 - INFO -  >> Metrics: {'time': 0.5024182819761336, 'size': 229040, 'peaq': -3.202, 'im': -1.481}
2025-06-16 17:56:11 - SPEA2 - INFO - 907º Individual: {'ar': '44100', 'sample_fmt': 'fltp', 'compression_level': '5', 'reservoir': '1', 'b:a': '74k', 'abr': 'True'}
2025-06-16 17:56:12 - SPEA2 - INFO -  >> Metrics: {'time': 0.9438486800063401, 'size': 102512, 'peaq': -3.476, 'im': -1.992}
2025-06-16 17:56:12 - SPEA2 - INFO - 908º Individual: {'ar': '44100', 'sample_fmt': 'fltp', 'compression_level': '2', 'reservoir': '1', 'b:a': '169k', 'abr': 'True'}
2025-06-16 17:56:13 - SPEA2 - INFO -  >> Metrics: {'time': 1.0484584030054975, 'size': 228256, 'peaq': -2.666, 'im': -0.786}
2025-06-16 17:56:13 - SPEA2 - INFO - 909º Individual: {'ar': '44100', 'sample_fmt': 'fltp', 'compression_level': '7', 'reservoir': '1', 'b:a': '114k', 'abr': 'True'}
2025-06-16 17:56:14 - SPEA2 - INFO -  >> Metrics: {'time': 0.6242766130308155, 'size': 153037, 'peaq': -3.139, 'im': -1.384}
2025-06-16 17:56:14 - SPEA2 - INFO - 910º Individual: {'ar': '44100', 'sample_fmt': 's32p', 'compression_level': '1', 'reservoir': '1', 'b:a': '191k', 'abr': 'True'}
2025-06-16 17:56:15 - SPEA2 - INFO -  >> Metrics: {'time': 1.0392754029890057, 'size': 266173, 'peaq': -2.627, 'im': -0.743}
2025-06-16 17:56:15 - SPEA2 - INFO - 911º Individual: {'ar': '32000', 'sample_fmt': 's32p', 'compression_level': '5', 'reservoir': '1', 'b:a': '107k', 'abr': 'True'}
2025-06-16 17:56:15 - SPEA2 - INFO -  >> Metrics: {'time': 0.6761979440052528, 'size': 148400, 'peaq': -3.362, 'im': -1.758}
2025-06-16 17:56:15 - SPEA2 - INFO - 912º Individual: {'ar': '44100', 'sample_fmt': 's32p', 'compression_level': '2', 'reservoir': '1', 'b:a': '169k', 'abr': 'True'}
2025-06-16 17:56:16 - SPEA2 - INFO -  >> Metrics: {'time': 0.9399770259915385, 'size': 228257, 'peaq': -2.665, 'im': -0.786}
2025-06-16 17:56:16 - SPEA2 - INFO - 913º Individual: {'ar': '44100', 'sample_fmt': 'fltp', 'compression_level': '7', 'reservoir': '1', 'b:a': '113k', 'abr': 'True'}
2025-06-16 17:56:17 - SPEA2 - INFO -  >> Metrics: {'time': 0.5776735830295365, 'size': 151164, 'peaq': -3.164, 'im': -1.423}
2025-06-16 17:56:17 - SPEA2 - INFO - 914º Individual: {'ar': '44100', 'sample_fmt': 'fltp', 'compression_level': '7', 'reservoir': '1', 'b:a': '32k'}
2025-06-16 17:56:18 - SPEA2 - INFO -  >> Metrics: {'time': 0.573720409971429, 'size': 45846, 'peaq': -3.286, 'im': -1.619}
2025-06-16 17:56:18 - SPEA2 - INFO - 915º Individual: {'ar': '44100', 'sample_fmt': 's32p', 'compression_level': '5', 'reservoir': '1', 'b:a': '144k', 'abr': 'True'}
2025-06-16 17:56:18 - SPEA2 - INFO -  >> Metrics: {'time': 0.6799451500119176, 'size': 201137, 'peaq': -2.716, 'im': -0.843}
2025-06-16 17:56:18 - SPEA2 - INFO - 916º Individual: {'ar': '44100', 'sample_fmt': 's32p', 'compression_level': '7', 'reservoir': '1', 'b:a': '267k', 'abr': 'True'}
2025-06-16 17:56:19 - SPEA2 - INFO -  >> Metrics: {'time': 0.5938128950365353, 'size': 376720, 'peaq': -2.601, 'im': -0.716}
2025-06-16 17:56:19 - SPEA2 - INFO - 917º Individual: {'ar': '32000', 'sample_fmt': 's16p', 'compression_level': '0', 'reservoir': '1', 'b:a': '196k', 'abr': 'True'}
2025-06-16 17:56:20 - SPEA2 - INFO -  >> Metrics: {'time': 1.1899460679851472, 'size': 255032, 'peaq': -3.193, 'im': -1.466}
2025-06-16 17:56:20 - SPEA2 - INFO - 918º Individual: {'ar': '44100', 'sample_fmt': 'fltp', 'compression_level': '2', 'reservoir': '1', 'b:a': '271k', 'abr': 'True'}
2025-06-16 17:56:22 - SPEA2 - INFO -  >> Metrics: {'time': 1.7347764400183223, 'size': 360426, 'peaq': -2.585, 'im': -0.698}
2025-06-16 17:56:22 - SPEA2 - INFO - 919º Individual: {'ar': '44100', 'sample_fmt': 's32p', 'compression_level': '7', 'reservoir': '1', 'b:a': '145k', 'abr': 'True'}
2025-06-16 17:56:23 - SPEA2 - INFO -  >> Metrics: {'time': 0.7947895389806945, 'size': 198628, 'peaq': -2.802, 'im': -0.942}
2025-06-16 17:56:23 - SPEA2 - INFO - 920º Individual: {'ar': '44100', 'sample_fmt': 's32p', 'compression_level': '9', 'reservoir': '1', 'b:a': '128k', 'abr': 'True'}
2025-06-16 17:56:23 - SPEA2 - INFO -  >> Metrics: {'time': 0.6490610439796001, 'size': 173388, 'peaq': -2.937, 'im': -1.108}
2025-06-16 17:56:23 - SPEA2 - INFO - 921º Individual: {'ar': '32000', 'sample_fmt': 's16p', 'compression_level': '0', 'reservoir': '1', 'b:a': '195k', 'abr': 'True'}
2025-06-16 17:56:24 - SPEA2 - INFO -  >> Metrics: {'time': 0.9953907310264185, 'size': 254600, 'peaq': -3.191, 'im': -1.464}
2025-06-16 17:56:24 - SPEA2 - INFO - 922º Individual: {'ar': '44100', 'sample_fmt': 'fltp', 'compression_level': '9', 'reservoir': '1', 'b:a': '209k'}
2025-06-16 17:56:25 - SPEA2 - INFO -  >> Metrics: {'time': 0.5985936189827044, 'size': 319714, 'peaq': -2.6, 'im': -0.715}
2025-06-16 17:56:25 - SPEA2 - INFO - 923º Individual: {'ar': '32000', 'sample_fmt': 's32p', 'compression_level': '5', 'reservoir': '1', 'b:a': '32k', 'abr': 'True'}
2025-06-16 17:56:26 - SPEA2 - INFO -  >> Metrics: {'time': 0.6800061649992131, 'size': 47888, 'peaq': -3.435, 'im': -1.903}
2025-06-16 17:56:26 - SPEA2 - INFO - 924º Individual: {'ar': '44100', 'sample_fmt': 's32p', 'compression_level': '9', 'reservoir': '1', 'b:a': '128k', 'abr': 'True'}
2025-06-16 17:56:26 - SPEA2 - INFO -  >> Metrics: {'time': 0.9026711079932284, 'size': 173388, 'peaq': -2.937, 'im': -1.108}
2025-06-16 17:56:26 - SPEA2 - INFO - 925º Individual: {'ar': '44100', 'sample_fmt': 's32p', 'compression_level': '0', 'reservoir': '1', 'b:a': '167k', 'abr': 'True'}
2025-06-16 17:56:28 - SPEA2 - INFO -  >> Metrics: {'time': 1.679355974018108, 'size': 226117, 'peaq': -2.696, 'im': -0.82}
2025-06-16 17:56:28 - SPEA2 - INFO - 926º Individual: {'ar': '44100', 'sample_fmt': 'fltp', 'compression_level': '5', 'reservoir': '1', 'b:a': '242k', 'abr': 'True'}
2025-06-16 17:56:29 - SPEA2 - INFO -  >> Metrics: {'time': 0.8110694119823165, 'size': 345226, 'peaq': -2.596, 'im': -0.71}
2025-06-16 17:56:29 - SPEA2 - INFO - 927º Individual: {'ar': '44100', 'sample_fmt': 's16p', 'compression_level': '2', 'reservoir': '1', 'b:a': '195k'}
2025-06-16 17:56:30 - SPEA2 - INFO -  >> Metrics: {'time': 1.2467089430138003, 'size': 274051, 'peaq': -2.624, 'im': -0.741}
2025-06-16 17:56:30 - SPEA2 - INFO - 928º Individual: {'ar': '44100', 'sample_fmt': 's32p', 'compression_level': '5', 'reservoir': '1', 'b:a': '111k', 'abr': 'True'}
2025-06-16 17:56:31 - SPEA2 - INFO -  >> Metrics: {'time': 0.7798893099825364, 'size': 151475, 'peaq': -3.03, 'im': -1.23}
2025-06-16 17:56:31 - SPEA2 - INFO - 929º Individual: {'ar': '44100', 'sample_fmt': 's32p', 'compression_level': '5', 'reservoir': '1', 'b:a': '169k'}
2025-06-16 17:56:32 - SPEA2 - INFO -  >> Metrics: {'time': 1.1782216879946645, 'size': 228390, 'peaq': -2.652, 'im': -0.771}
2025-06-16 17:56:32 - SPEA2 - INFO - 930º Individual: {'ar': '44100', 'sample_fmt': 's32p', 'compression_level': '2', 'reservoir': '1', 'b:a': '271k', 'abr': 'True'}
2025-06-16 17:56:33 - SPEA2 - INFO -  >> Metrics: {'time': 1.2554269040119834, 'size': 360321, 'peaq': -2.585, 'im': -0.698}
2025-06-16 17:56:33 - SPEA2 - INFO - 931º Individual: {'ar': '44100', 'sample_fmt': 'fltp', 'compression_level': '7', 'reservoir': '0', 'b:a': '144k'}
2025-06-16 17:56:34 - SPEA2 - INFO -  >> Metrics: {'time': 0.7711926469637547, 'size': 182727, 'peaq': -2.892, 'im': -1.051}
2025-06-16 17:56:34 - SPEA2 - INFO - 932º Individual: {'ar': '16000', 'sample_fmt': 's32p', 'compression_level': '0', 'reservoir': '1', 'b:a': '86k', 'abr': 'True'}
2025-06-16 17:56:35 - SPEA2 - INFO -  >> Metrics: {'time': 1.1601087470189668, 'size': 89252, 'peaq': -3.815, 'im': -3.194}
2025-06-16 17:56:35 - SPEA2 - INFO - 933º Individual: {'ar': '44100', 'sample_fmt': 'fltp', 'compression_level': '9', 'reservoir': '1', 'b:a': '105k'}
2025-06-16 17:56:36 - SPEA2 - INFO -  >> Metrics: {'time': 0.7965238640026655, 'size': 159896, 'peaq': -3.068, 'im': -1.283}
2025-06-16 17:56:36 - SPEA2 - INFO - 934º Individual: {'ar': '44100', 'sample_fmt': 'fltp', 'compression_level': '7', 'reservoir': '0', 'b:a': '108k'}
2025-06-16 17:56:37 - SPEA2 - INFO -  >> Metrics: {'time': 0.857357114990009, 'size': 159896, 'peaq': -3.098, 'im': -1.324}
2025-06-16 17:56:37 - SPEA2 - INFO - 935º Individual: {'ar': '44100', 'sample_fmt': 's32p', 'compression_level': '2', 'reservoir': '1', 'b:a': '196k', 'abr': 'True'}
2025-06-16 17:56:38 - SPEA2 - INFO -  >> Metrics: {'time': 0.9519748309685383, 'size': 269923, 'peaq': -2.618, 'im': -0.734}
2025-06-16 17:56:38 - SPEA2 - INFO - 936º Individual: {'ar': '44100', 'sample_fmt': 'fltp', 'compression_level': '9', 'reservoir': '1', 'b:a': '194k', 'abr': 'True'}
2025-06-16 17:56:39 - SPEA2 - INFO -  >> Metrics: {'time': 0.8469442999921739, 'size': 271799, 'peaq': -2.623, 'im': -0.74}
2025-06-16 17:56:39 - SPEA2 - INFO - 937º Individual: {'ar': '12000', 'sample_fmt': 'fltp', 'compression_level': '7', 'reservoir': '0', 'b:a': '108k'}
2025-06-16 17:56:40 - SPEA2 - INFO -  >> Metrics: {'time': 0.8129705989849754, 'size': 92528, 'peaq': -3.74, 'im': -2.803}
2025-06-16 17:56:40 - SPEA2 - INFO - 938º Individual: {'ar': '44100', 'sample_fmt': 'fltp', 'compression_level': '5', 'reservoir': '1', 'b:a': '242k'}
2025-06-16 17:56:41 - SPEA2 - INFO -  >> Metrics: {'time': 1.1716845339688007, 'size': 365375, 'peaq': -2.593, 'im': -0.707}
2025-06-16 17:56:41 - SPEA2 - INFO - 939º Individual: {'ar': '8000', 'sample_fmt': 'fltp', 'compression_level': '1', 'reservoir': '1', 'aq': '9'}
2025-06-16 17:56:42 - SPEA2 - INFO -  >> Metrics: {'time': 0.6472202599979937, 'size': 36728, 'peaq': -3.85, 'im': -3.441}
2025-06-16 17:56:42 - SPEA2 - INFO - 940º Individual: {'ar': '44100', 'sample_fmt': 's16p', 'compression_level': '2', 'reservoir': '1', 'aq': '9'}
2025-06-16 17:56:43 - SPEA2 - INFO -  >> Metrics: {'time': 1.1565551510138903, 'size': 106308, 'peaq': -3.341, 'im': -1.719}
2025-06-16 17:56:43 - SPEA2 - INFO - 941º Individual: {'ar': '44100', 'sample_fmt': 'fltp', 'compression_level': '0', 'reservoir': '1', 'b:a': '114k', 'abr': 'True'}
2025-06-16 17:56:45 - SPEA2 - INFO -  >> Metrics: {'time': 2.054888771031983, 'size': 154544, 'peaq': -3.129, 'im': -1.369}
2025-06-16 17:56:45 - SPEA2 - INFO - 942º Individual: {'ar': '44100', 'sample_fmt': 'fltp', 'compression_level': '9', 'reservoir': '1', 'b:a': '142k', 'abr': 'True'}
2025-06-16 17:56:46 - SPEA2 - INFO -  >> Metrics: {'time': 0.8334128290007357, 'size': 193843, 'peaq': -2.81, 'im': -0.951}
2025-06-16 17:56:46 - SPEA2 - INFO - 943º Individual: {'ar': '44100', 'sample_fmt': 'fltp', 'compression_level': '2', 'reservoir': '1', 'b:a': '169k', 'abr': 'True'}
2025-06-16 17:56:47 - SPEA2 - INFO -  >> Metrics: {'time': 1.7178550960088614, 'size': 228256, 'peaq': -2.666, 'im': -0.786}
2025-06-16 17:56:47 - SPEA2 - INFO - 944º Individual: {'ar': '44100', 'sample_fmt': 's32p', 'compression_level': '5', 'reservoir': '1', 'b:a': '143k', 'abr': 'True'}
2025-06-16 17:56:48 - SPEA2 - INFO -  >> Metrics: {'time': 0.8472480240161531, 'size': 196003, 'peaq': -2.771, 'im': -0.906}
2025-06-16 17:56:48 - SPEA2 - INFO - 945º Individual: {'ar': '44100', 'sample_fmt': 's32p', 'compression_level': '7', 'reservoir': '1', 'b:a': '103k'}
2025-06-16 17:56:49 - SPEA2 - INFO -  >> Metrics: {'time': 0.6804796800133772, 'size': 137066, 'peaq': -3.284, 'im': -1.617}
2025-06-16 17:56:49 - SPEA2 - INFO - 946º Individual: {'ar': '44100', 'sample_fmt': 's16p', 'compression_level': '9', 'reservoir': '1', 'b:a': '128k', 'abr': 'True'}
2025-06-16 17:56:50 - SPEA2 - INFO -  >> Metrics: {'time': 0.7533909789926838, 'size': 173442, 'peaq': -2.945, 'im': -1.117}
2025-06-16 17:56:50 - SPEA2 - INFO - 947º Individual: {'ar': '44100', 'sample_fmt': 'fltp', 'compression_level': '5', 'reservoir': '1', 'b:a': '243k', 'abr': 'True'}
2025-06-16 17:56:50 - SPEA2 - INFO -  >> Metrics: {'time': 0.7218071599781979, 'size': 346266, 'peaq': -2.592, 'im': -0.707}
2025-06-16 17:56:50 - SPEA2 - INFO - 948º Individual: {'ar': '44100', 'sample_fmt': 's32p', 'compression_level': '9', 'reservoir': '1', 'b:a': '194k', 'abr': 'True'}
2025-06-16 17:56:51 - SPEA2 - INFO -  >> Metrics: {'time': 0.6906048709643073, 'size': 271799, 'peaq': -2.623, 'im': -0.74}
2025-06-16 17:56:51 - SPEA2 - INFO - 949º Individual: {'ar': '44100', 'sample_fmt': 's32p', 'compression_level': '0', 'reservoir': '1', 'b:a': '167k', 'abr': 'True'}
2025-06-16 17:56:53 - SPEA2 - INFO -  >> Metrics: {'time': 1.5360194769746158, 'size': 226117, 'peaq': -2.696, 'im': -0.82}
2025-06-16 17:56:53 - SPEA2 - INFO - 950º Individual: {'ar': '32000', 'sample_fmt': 'fltp', 'compression_level': '5', 'reservoir': '1', 'b:a': '165k'}
2025-06-16 17:56:53 - SPEA2 - INFO -  >> Metrics: {'time': 0.718398413999239, 'size': 229040, 'peaq': -3.192, 'im': -1.466}
2025-06-16 17:56:53 - SPEA2 - INFO - 951º Individual: {'ar': '44100', 'sample_fmt': 's32p', 'compression_level': '0', 'reservoir': '1', 'b:a': '169k', 'abr': 'True'}
2025-06-16 17:56:55 - SPEA2 - INFO -  >> Metrics: {'time': 1.8962257940147538, 'size': 227998, 'peaq': -2.692, 'im': -0.816}
2025-06-16 17:56:55 - SPEA2 - INFO - 952º Individual: {'ar': '44100', 'sample_fmt': 's32p', 'compression_level': '5', 'reservoir': '1', 'b:a': '195k'}
2025-06-16 17:56:56 - SPEA2 - INFO -  >> Metrics: {'time': 0.8589449659921229, 'size': 274051, 'peaq': -2.616, 'im': -0.732}
2025-06-16 17:56:56 - SPEA2 - INFO - 953º Individual: {'ar': '44100', 'sample_fmt': 's32p', 'compression_level': '5', 'reservoir': '1', 'b:a': '105k'}
2025-06-16 17:56:57 - SPEA2 - INFO -  >> Metrics: {'time': 0.7431888839928433, 'size': 159896, 'peaq': -2.963, 'im': -1.14}
2025-06-16 17:56:57 - SPEA2 - INFO - 954º Individual: {'ar': '44100', 'sample_fmt': 's32p', 'compression_level': '0', 'reservoir': '1', 'b:a': '169k', 'abr': 'True'}
2025-06-16 17:56:59 - SPEA2 - INFO -  >> Metrics: {'time': 1.6468263489950914, 'size': 227998, 'peaq': -2.692, 'im': -0.816}
2025-06-16 17:56:59 - SPEA2 - INFO - 955º Individual: {'ar': '44100', 'sample_fmt': 's32p', 'compression_level': '5', 'reservoir': '1', 'b:a': '169k'}
2025-06-16 17:56:59 - SPEA2 - INFO -  >> Metrics: {'time': 0.7063523319957312, 'size': 228390, 'peaq': -2.652, 'im': -0.771}
2025-06-16 17:56:59 - SPEA2 - INFO - 956º Individual: {'ar': '12000', 'sample_fmt': 'fltp', 'compression_level': '7', 'reservoir': '0', 'b:a': '108k'}
2025-06-16 17:57:00 - SPEA2 - INFO -  >> Metrics: {'time': 0.62666832699324, 'size': 92528, 'peaq': -3.74, 'im': -2.803}
2025-06-16 17:57:00 - SPEA2 - INFO - 957º Individual: {'ar': '44100', 'sample_fmt': 's32p', 'compression_level': '5', 'reservoir': '1', 'b:a': '74k', 'abr': 'True'}
2025-06-16 17:57:00 - SPEA2 - INFO -  >> Metrics: {'time': 0.6162047409743536, 'size': 102537, 'peaq': -3.473, 'im': -1.986}
2025-06-16 17:57:00 - SPEA2 - INFO - 958º Individual: {'ar': '44100', 'sample_fmt': 's32p', 'compression_level': '5', 'reservoir': '1', 'b:a': '142k'}
2025-06-16 17:57:01 - SPEA2 - INFO -  >> Metrics: {'time': 0.7774935970082879, 'size': 182727, 'peaq': -2.832, 'im': -0.978}
2025-06-16 17:57:01 - SPEA2 - INFO - 959º Individual: {'ar': '44100', 'sample_fmt': 's32p', 'compression_level': '7', 'reservoir': '1', 'b:a': '143k', 'abr': 'True'}
2025-06-16 17:57:02 - SPEA2 - INFO -  >> Metrics: {'time': 0.7477543090062682, 'size': 195422, 'peaq': -2.805, 'im': -0.945}
2025-06-16 17:57:02 - SPEA2 - INFO - 960º Individual: {'ar': '16000', 'sample_fmt': 'fltp', 'compression_level': '0', 'reservoir': '1', 'b:a': '32k', 'abr': 'True'}
2025-06-16 17:57:03 - SPEA2 - INFO -  >> Metrics: {'time': 0.7488680009846576, 'size': 44972, 'peaq': -3.277, 'im': -1.605}
2025-06-16 17:57:03 - SPEA2 - INFO - 961º Individual: {'ar': '44100', 'sample_fmt': 'fltp', 'compression_level': '9', 'reservoir': '1', 'b:a': '209k', 'abr': 'True'}
2025-06-16 17:57:03 - SPEA2 - INFO -  >> Metrics: {'time': 0.6594241500133649, 'size': 293466, 'peaq': -2.611, 'im': -0.727}
2025-06-16 17:57:03 - SPEA2 - INFO - 962º Individual: {'ar': '44100', 'sample_fmt': 's32p', 'compression_level': '2', 'reservoir': '1', 'b:a': '169k', 'abr': 'True'}
2025-06-16 17:57:04 - SPEA2 - INFO -  >> Metrics: {'time': 0.8639005499717314, 'size': 228257, 'peaq': -2.665, 'im': -0.786}
2025-06-16 17:57:04 - SPEA2 - INFO - 963º Individual: {'ar': '44100', 'sample_fmt': 'fltp', 'compression_level': '5', 'reservoir': '1', 'b:a': '169k'}
2025-06-16 17:57:05 - SPEA2 - INFO -  >> Metrics: {'time': 0.8930403309932444, 'size': 228390, 'peaq': -2.652, 'im': -0.771}
2025-06-16 17:57:05 - SPEA2 - INFO - 964º Individual: {'ar': '12000', 'sample_fmt': 's32p', 'compression_level': '7', 'reservoir': '0', 'b:a': '195k'}
2025-06-16 17:57:06 - SPEA2 - INFO -  >> Metrics: {'time': 0.49711428899900056, 'size': 92816, 'peaq': -3.74, 'im': -2.803}
2025-06-16 17:57:06 - SPEA2 - INFO - 965º Individual: {'ar': '44100', 'sample_fmt': 's32p', 'compression_level': '7', 'reservoir': '1', 'b:a': '32k', 'abr': 'True'}
2025-06-16 17:57:06 - SPEA2 - INFO -  >> Metrics: {'time': 0.7619725579861552, 'size': 49324, 'peaq': -3.35, 'im': -1.734}
2025-06-16 17:57:07 - SPEA2 - INFO - 966º Individual: {'ar': '44100', 'sample_fmt': 's32p', 'compression_level': '7', 'reservoir': '1', 'b:a': '267k', 'abr': 'True'}
2025-06-16 17:57:07 - SPEA2 - INFO -  >> Metrics: {'time': 0.92778685700614, 'size': 376720, 'peaq': -2.601, 'im': -0.716}
2025-06-16 17:57:07 - SPEA2 - INFO - 967º Individual: {'ar': '32000', 'sample_fmt': 'fltp', 'compression_level': '7', 'reservoir': '0', 'b:a': '168k', 'abr': 'True'}
2025-06-16 17:57:08 - SPEA2 - INFO -  >> Metrics: {'time': 0.6915121090132743, 'size': 269360, 'peaq': -3.19, 'im': -1.463}
2025-06-16 17:57:08 - SPEA2 - INFO - 968º Individual: {'ar': '8000', 'sample_fmt': 'fltp', 'compression_level': '9', 'reservoir': '1', 'b:a': '128k', 'abr': 'True'}
2025-06-16 17:57:09 - SPEA2 - INFO -  >> Metrics: {'time': 0.8442498859658372, 'size': 92096, 'peaq': -3.858, 'im': -3.51}
2025-06-16 17:57:09 - SPEA2 - INFO - 969º Individual: {'ar': '44100', 'sample_fmt': 's16p', 'compression_level': '7', 'reservoir': '1', 'b:a': '169k', 'abr': 'True'}
2025-06-16 17:57:10 - SPEA2 - INFO -  >> Metrics: {'time': 0.6774947680241894, 'size': 233702, 'peaq': -2.678, 'im': -0.8}
2025-06-16 17:57:10 - SPEA2 - INFO - 970º Individual: {'ar': '44100', 'sample_fmt': 's32p', 'compression_level': '5', 'reservoir': '0', 'b:a': '169k'}
2025-06-16 17:57:11 - SPEA2 - INFO -  >> Metrics: {'time': 0.8014292560110334, 'size': 228390, 'peaq': -2.67, 'im': -0.791}
2025-06-16 17:57:11 - SPEA2 - INFO - 971º Individual: {'ar': '44100', 'sample_fmt': 's32p', 'compression_level': '5', 'reservoir': '1', 'b:a': '144k', 'abr': 'True'}
2025-06-16 17:57:11 - SPEA2 - INFO -  >> Metrics: {'time': 0.6688401980209164, 'size': 201137, 'peaq': -2.716, 'im': -0.843}
2025-06-16 17:57:11 - SPEA2 - INFO - 972º Individual: {'ar': '44100', 'sample_fmt': 's32p', 'compression_level': '0', 'reservoir': '1', 'b:a': '170k', 'abr': 'True'}
2025-06-16 17:57:13 - SPEA2 - INFO -  >> Metrics: {'time': 1.2867787720169872, 'size': 228836, 'peaq': -2.678, 'im': -0.8}
2025-06-16 17:57:13 - SPEA2 - INFO - 973º Individual: {'ar': '32000', 'sample_fmt': 'fltp', 'compression_level': '7', 'reservoir': '0', 'b:a': '108k'}
2025-06-16 17:57:13 - SPEA2 - INFO -  >> Metrics: {'time': 0.5150951520190574, 'size': 160352, 'peaq': -3.396, 'im': -1.823}
2025-06-16 17:57:13 - SPEA2 - INFO - 974º Individual: {'ar': '44100', 'sample_fmt': 's32p', 'compression_level': '9', 'reservoir': '1', 'b:a': '101k', 'abr': 'True'}
2025-06-16 17:57:14 - SPEA2 - INFO -  >> Metrics: {'time': 0.5464210959908087, 'size': 134938, 'peaq': -3.317, 'im': -1.674}
2025-06-16 17:57:14 - SPEA2 - INFO - 975º Individual: {'ar': '44100', 'sample_fmt': 's32p', 'compression_level': '2', 'reservoir': '1', 'b:a': '105k', 'abr': 'True'}
2025-06-16 17:57:14 - SPEA2 - INFO -  >> Metrics: {'time': 0.7497640660149045, 'size': 140763, 'peaq': -3.304, 'im': -1.652}
2025-06-16 17:57:14 - SPEA2 - INFO - 976º Individual: {'ar': '44100', 'sample_fmt': 's32p', 'compression_level': '7', 'reservoir': '1', 'b:a': '32k', 'abr': 'True'}
2025-06-16 17:57:15 - SPEA2 - INFO -  >> Metrics: {'time': 0.5300135659927037, 'size': 49324, 'peaq': -3.35, 'im': -1.734}
2025-06-16 17:57:15 - SPEA2 - INFO - 977º Individual: {'ar': '16000', 'sample_fmt': 's32p', 'compression_level': '1', 'reservoir': '1', 'b:a': '86k', 'abr': 'True'}
2025-06-16 17:57:16 - SPEA2 - INFO -  >> Metrics: {'time': 0.7122850349987857, 'size': 98432, 'peaq': -3.803, 'im': -3.121}
2025-06-16 17:57:16 - SPEA2 - INFO - 978º Individual: {'ar': '44100', 'sample_fmt': 's32p', 'compression_level': '7', 'reservoir': '1', 'b:a': '107k'}
2025-06-16 17:57:16 - SPEA2 - INFO -  >> Metrics: {'time': 0.6690388040151447, 'size': 159896, 'peaq': -3.068, 'im': -1.283}
2025-06-16 17:57:16 - SPEA2 - INFO - 979º Individual: {'ar': '32000', 'sample_fmt': 's16p', 'compression_level': '7', 'reservoir': '1', 'aq': '9'}
2025-06-16 17:57:17 - SPEA2 - INFO -  >> Metrics: {'time': 0.5948238220298663, 'size': 83672, 'peaq': -3.514, 'im': -2.081}
2025-06-16 17:57:17 - SPEA2 - INFO - 980º Individual: {'ar': '44100', 'sample_fmt': 's32p', 'compression_level': '7', 'reservoir': '1', 'b:a': '191k', 'abr': 'True'}
2025-06-16 17:57:18 - SPEA2 - INFO -  >> Metrics: {'time': 0.6072361189872026, 'size': 267011, 'peaq': -2.631, 'im': -0.749}
2025-06-16 17:57:18 - SPEA2 - INFO - 981º Individual: {'ar': '44100', 'sample_fmt': 's16p', 'compression_level': '7', 'reservoir': '1', 'b:a': '254k', 'abr': 'True'}
2025-06-16 17:57:18 - SPEA2 - INFO -  >> Metrics: {'time': 0.6167916060367133, 'size': 358855, 'peaq': -2.599, 'im': -0.714}
2025-06-16 17:57:18 - SPEA2 - INFO - 982º Individual: {'ar': '32000', 'sample_fmt': 'fltp', 'compression_level': '7', 'reservoir': '1', 'b:a': '105k', 'abr': 'True'}
2025-06-16 17:57:19 - SPEA2 - INFO -  >> Metrics: {'time': 0.5168900279968511, 'size': 143864, 'peaq': -3.508, 'im': -2.066}
2025-06-16 17:57:19 - SPEA2 - INFO - 983º Individual: {'ar': '44100', 'sample_fmt': 'fltp', 'compression_level': '8', 'reservoir': '1', 'b:a': '113k', 'abr': 'True'}
2025-06-16 17:57:19 - SPEA2 - INFO -  >> Metrics: {'time': 0.5741074860270601, 'size': 151164, 'peaq': -3.164, 'im': -1.423}
2025-06-16 17:57:19 - SPEA2 - INFO - 984º Individual: {'ar': '8000', 'sample_fmt': 's16p', 'compression_level': '2', 'reservoir': '1', 'aq': '9'}
2025-06-16 17:57:20 - SPEA2 - INFO -  >> Metrics: {'time': 0.5440174239920452, 'size': 36728, 'peaq': -3.85, 'im': -3.44}
2025-06-16 17:57:20 - SPEA2 - INFO - 985º Individual: {'ar': '44100', 'sample_fmt': 's32p', 'compression_level': '5', 'reservoir': '1', 'b:a': '111k', 'abr': 'True'}
2025-06-16 17:57:20 - SPEA2 - INFO -  >> Metrics: {'time': 0.6738173739868216, 'size': 151475, 'peaq': -3.03, 'im': -1.23}
2025-06-16 17:57:20 - SPEA2 - INFO - 986º Individual: {'ar': '44100', 'sample_fmt': 's32p', 'compression_level': '3', 'reservoir': '1', 'b:a': '169k', 'abr': 'True'}
2025-06-16 17:57:21 - SPEA2 - INFO -  >> Metrics: {'time': 1.018900688010035, 'size': 232972, 'peaq': -2.66, 'im': -0.78}
2025-06-16 17:57:21 - SPEA2 - INFO - 987º Individual: {'ar': '44100', 'sample_fmt': 's32p', 'compression_level': '7', 'reservoir': '1', 'b:a': '101k', 'abr': 'True'}
2025-06-16 17:57:22 - SPEA2 - INFO -  >> Metrics: {'time': 0.7030048000160605, 'size': 134938, 'peaq': -3.317, 'im': -1.674}
2025-06-16 17:57:22 - SPEA2 - INFO - 988º Individual: {'ar': '44100', 'sample_fmt': 's32p', 'compression_level': '9', 'reservoir': '1', 'b:a': '194k'}
2025-06-16 17:57:23 - SPEA2 - INFO -  >> Metrics: {'time': 0.6534890700422693, 'size': 274051, 'peaq': -2.63, 'im': -0.747}
2025-06-16 17:57:23 - SPEA2 - INFO - 989º Individual: {'ar': '44100', 'sample_fmt': 's32p', 'compression_level': '0', 'reservoir': '1', 'b:a': '169k', 'abr': 'True'}
2025-06-16 17:57:24 - SPEA2 - INFO -  >> Metrics: {'time': 1.3810039139934815, 'size': 227998, 'peaq': -2.692, 'im': -0.816}
2025-06-16 17:57:24 - SPEA2 - INFO - 990º Individual: {'ar': '44100', 'sample_fmt': 's32p', 'compression_level': '5', 'reservoir': '1', 'b:a': '105k', 'abr': 'True'}
2025-06-16 17:57:25 - SPEA2 - INFO -  >> Metrics: {'time': 0.6262815199734177, 'size': 142895, 'peaq': -3.13, 'im': -1.371}
2025-06-16 17:57:25 - SPEA2 - INFO - 991º Individual: {'ar': '44100', 'sample_fmt': 's16p', 'compression_level': '0', 'reservoir': '1', 'b:a': '194k', 'abr': 'True'}
2025-06-16 17:57:26 - SPEA2 - INFO -  >> Metrics: {'time': 1.0319867549987976, 'size': 268151, 'peaq': -2.619, 'im': -0.735}
2025-06-16 17:57:26 - SPEA2 - INFO - 992º Individual: {'ar': '44100', 'sample_fmt': 'fltp', 'compression_level': '5', 'reservoir': '1', 'b:a': '107k'}
2025-06-16 17:57:27 - SPEA2 - INFO -  >> Metrics: {'time': 0.6648974309791811, 'size': 159896, 'peaq': -2.958, 'im': -1.135}
2025-06-16 17:57:27 - SPEA2 - INFO - 993º Individual: {'ar': '44100', 'sample_fmt': 'fltp', 'compression_level': '7', 'reservoir': '1', 'b:a': '113k'}
2025-06-16 17:57:27 - SPEA2 - INFO -  >> Metrics: {'time': 0.6058681010035798, 'size': 159896, 'peaq': -3.068, 'im': -1.283}
2025-06-16 17:57:27 - SPEA2 - INFO - 994º Individual: {'ar': '32000', 'sample_fmt': 'fltp', 'compression_level': '7', 'reservoir': '1', 'b:a': '32k'}
2025-06-16 17:57:28 - SPEA2 - INFO -  >> Metrics: {'time': 0.5592867800150998, 'size': 45944, 'peaq': -3.434, 'im': -1.9}
2025-06-16 17:57:28 - SPEA2 - INFO - 995º Individual: {'ar': '44100', 'sample_fmt': 's32p', 'compression_level': '0', 'reservoir': '1', 'b:a': '191k', 'abr': 'True'}
2025-06-16 17:57:29 - SPEA2 - INFO -  >> Metrics: {'time': 1.2110154099937063, 'size': 264713, 'peaq': -2.628, 'im': -0.745}
2025-06-16 17:57:29 - SPEA2 - INFO - 996º Individual: {'ar': '8000', 'sample_fmt': 's16p', 'compression_level': '2', 'reservoir': '1', 'aq': '9'}
2025-06-16 17:57:29 - SPEA2 - INFO -  >> Metrics: {'time': 0.4938753359892871, 'size': 36728, 'peaq': -3.85, 'im': -3.44}
2025-06-16 17:57:29 - SPEA2 - INFO - 997º Individual: {'ar': '44100', 'sample_fmt': 'fltp', 'compression_level': '2', 'reservoir': '1', 'b:a': '169k', 'abr': 'True'}
2025-06-16 17:57:30 - SPEA2 - INFO -  >> Metrics: {'time': 0.88560757500818, 'size': 228256, 'peaq': -2.666, 'im': -0.786}
2025-06-16 17:57:30 - SPEA2 - INFO - 998º Individual: {'ar': '44100', 'sample_fmt': 's32p', 'compression_level': '1', 'reservoir': '1', 'b:a': '191k', 'abr': 'True'}
2025-06-16 17:57:31 - SPEA2 - INFO -  >> Metrics: {'time': 0.9471880189958028, 'size': 266173, 'peaq': -2.627, 'im': -0.743}
2025-06-16 17:57:31 - SPEA2 - INFO - 999º Individual: {'ar': '44100', 'sample_fmt': 's32p', 'compression_level': '5', 'reservoir': '1', 'b:a': '142k', 'abr': 'True'}
2025-06-16 17:57:32 - SPEA2 - INFO -  >> Metrics: {'time': 0.6859363670228049, 'size': 194742, 'peaq': -2.785, 'im': -0.922}
2025-06-16 17:57:32 - SPEA2 - INFO - 1000º Individual: {'ar': '16000', 'sample_fmt': 's32p', 'compression_level': '8', 'reservoir': '0', 'aq': '9'}
2025-06-16 17:57:33 - SPEA2 - INFO -  >> Metrics: {'time': 0.63331506200484, 'size': 68300, 'peaq': -3.805, 'im': -3.135}
2025-06-16 17:57:33 - SPEA2 - INFO - 1001º Individual: {'ar': '32000', 'sample_fmt': 's32p', 'compression_level': '2', 'reservoir': '1', 'b:a': '213k'}
2025-06-16 17:57:33 - SPEA2 - INFO -  >> Metrics: {'time': 0.7463648940029088, 'size': 320624, 'peaq': -3.175, 'im': -1.438}
2025-06-16 17:57:33 - SPEA2 - INFO - 1002º Individual: {'ar': '44100', 'sample_fmt': 's16p', 'compression_level': '7', 'reservoir': '1', 'b:a': '168k', 'abr': 'True'}
2025-06-16 17:57:34 - SPEA2 - INFO -  >> Metrics: {'time': 0.689226073998725, 'size': 232240, 'peaq': -2.686, 'im': -0.809}
2025-06-16 17:57:34 - SPEA2 - INFO - 1003º Individual: {'ar': '44100', 'sample_fmt': 'fltp', 'compression_level': '8', 'reservoir': '1', 'aq': '9'}
2025-06-16 17:57:35 - SPEA2 - INFO -  >> Metrics: {'time': 0.7239952480013017, 'size': 99479, 'peaq': -3.314, 'im': -1.668}
2025-06-16 17:57:35 - SPEA2 - INFO - 1004º Individual: {'ar': '44100', 'sample_fmt': 's32p', 'compression_level': '7', 'reservoir': '1', 'b:a': '32k', 'abr': 'True'}
2025-06-16 17:57:36 - SPEA2 - INFO -  >> Metrics: {'time': 0.7573571029934101, 'size': 49324, 'peaq': -3.35, 'im': -1.734}
2025-06-16 17:57:36 - SPEA2 - INFO - 1005º Individual: {'ar': '44100', 'sample_fmt': 's32p', 'compression_level': '5', 'reservoir': '1', 'b:a': '169k'}
2025-06-16 17:57:36 - SPEA2 - INFO -  >> Metrics: {'time': 0.868948357005138, 'size': 228390, 'peaq': -2.652, 'im': -0.771}
2025-06-16 17:57:36 - SPEA2 - INFO - 1006º Individual: {'ar': '32000', 'sample_fmt': 's32p', 'compression_level': '5', 'reservoir': '1', 'b:a': '195k', 'abr': 'True'}
2025-06-16 17:57:37 - SPEA2 - INFO -  >> Metrics: {'time': 0.7252355339878704, 'size': 268280, 'peaq': -3.181, 'im': -1.449}
2025-06-16 17:57:37 - SPEA2 - INFO - 1007º Individual: {'ar': '44100', 'sample_fmt': 'fltp', 'compression_level': '0', 'reservoir': '1', 'b:a': '32k', 'abr': 'True'}
2025-06-16 17:57:38 - SPEA2 - INFO -  >> Metrics: {'time': 0.982628009020118, 'size': 49402, 'peaq': -3.132, 'im': -1.375}
2025-06-16 17:57:38 - SPEA2 - INFO - 1008º Individual: {'ar': '32000', 'sample_fmt': 's16p', 'compression_level': '7', 'reservoir': '1', 'b:a': '195k', 'abr': 'True'}
2025-06-16 17:57:39 - SPEA2 - INFO -  >> Metrics: {'time': 0.505472260992974, 'size': 277784, 'peaq': -3.18, 'im': -1.447}
2025-06-16 17:57:39 - SPEA2 - INFO - 1009º Individual: {'ar': '44100', 'sample_fmt': 'fltp', 'compression_level': '7', 'reservoir': '1', 'b:a': '114k', 'abr': 'True'}
2025-06-16 17:57:39 - SPEA2 - INFO -  >> Metrics: {'time': 0.5243710829818156, 'size': 153037, 'peaq': -3.139, 'im': -1.384}
2025-06-16 17:57:39 - SPEA2 - INFO - 1010º Individual: {'ar': '44100', 'sample_fmt': 's32p', 'compression_level': '5', 'reservoir': '1', 'b:a': '166k'}
2025-06-16 17:57:40 - SPEA2 - INFO -  >> Metrics: {'time': 0.6652472069836222, 'size': 228390, 'peaq': -2.652, 'im': -0.771}
2025-06-16 17:57:40 - SPEA2 - INFO - 1011º Individual: {'ar': '44100', 'sample_fmt': 's32p', 'compression_level': '7', 'reservoir': '1', 'b:a': '167k'}
2025-06-16 17:57:41 - SPEA2 - INFO -  >> Metrics: {'time': 0.6066335280193016, 'size': 228390, 'peaq': -2.692, 'im': -0.815}
2025-06-16 17:57:41 - SPEA2 - INFO - 1012º Individual: {'ar': '44100', 'sample_fmt': 'fltp', 'compression_level': '7', 'reservoir': '1', 'b:a': '142k'}
2025-06-16 17:57:41 - SPEA2 - INFO -  >> Metrics: {'time': 0.6050462060084101, 'size': 182727, 'peaq': -2.916, 'im': -1.081}
2025-06-16 17:57:41 - SPEA2 - INFO - 1013º Individual: {'ar': '44100', 'sample_fmt': 's32p', 'compression_level': '5', 'reservoir': '1', 'b:a': '126k'}
2025-06-16 17:57:42 - SPEA2 - INFO -  >> Metrics: {'time': 0.6796350370277651, 'size': 182727, 'peaq': -2.832, 'im': -0.978}
2025-06-16 17:57:42 - SPEA2 - INFO - 1014º Individual: {'ar': '44100', 'sample_fmt': 's32p', 'compression_level': '6', 'reservoir': '1', 'b:a': '101k', 'abr': 'True'}
2025-06-16 17:57:43 - SPEA2 - INFO -  >> Metrics: {'time': 0.6603483099897858, 'size': 137694, 'peaq': -3.21, 'im': -1.494}
2025-06-16 17:57:43 - SPEA2 - INFO - 1015º Individual: {'ar': '44100', 'sample_fmt': 's32p', 'compression_level': '5', 'reservoir': '1', 'b:a': '143k'}
2025-06-16 17:57:43 - SPEA2 - INFO -  >> Metrics: {'time': 0.6593163479992654, 'size': 182727, 'peaq': -2.832, 'im': -0.978}
2025-06-16 17:57:43 - SPEA2 - INFO - 1016º Individual: {'ar': '44100', 'sample_fmt': 's32p', 'compression_level': '0', 'reservoir': '1', 'b:a': '169k', 'abr': 'True'}
2025-06-16 17:57:44 - SPEA2 - INFO -  >> Metrics: {'time': 1.2975474459817633, 'size': 227998, 'peaq': -2.692, 'im': -0.816}
2025-06-16 17:57:45 - SPEA2 - INFO - 1017º Individual: {'ar': '44100', 'sample_fmt': 'fltp', 'compression_level': '5', 'reservoir': '1', 'b:a': '243k', 'abr': 'True'}
2025-06-16 17:57:45 - SPEA2 - INFO -  >> Metrics: {'time': 0.61389709400828, 'size': 346266, 'peaq': -2.592, 'im': -0.707}
2025-06-16 17:57:45 - SPEA2 - INFO - 1018º Individual: {'ar': '44100', 'sample_fmt': 'fltp', 'compression_level': '7', 'reservoir': '1', 'b:a': '128k'}
2025-06-16 17:57:46 - SPEA2 - INFO -  >> Metrics: {'time': 0.5378200069826562, 'size': 182727, 'peaq': -2.916, 'im': -1.081}
2025-06-16 17:57:46 - SPEA2 - INFO - 1019º Individual: {'ar': '44100', 'sample_fmt': 's32p', 'compression_level': '7', 'reservoir': '1', 'b:a': '107k'}
2025-06-16 17:57:46 - SPEA2 - INFO -  >> Metrics: {'time': 0.5348291029804386, 'size': 159896, 'peaq': -3.068, 'im': -1.283}
2025-06-16 17:57:46 - SPEA2 - INFO - 1020º Individual: {'ar': '44100', 'sample_fmt': 's32p', 'compression_level': '0', 'reservoir': '1', 'b:a': '189k', 'abr': 'True'}
2025-06-16 17:57:47 - SPEA2 - INFO -  >> Metrics: {'time': 1.0329164660070091, 'size': 262528, 'peaq': -2.631, 'im': -0.748}
2025-06-16 17:57:47 - SPEA2 - INFO - 1021º Individual: {'ar': '44100', 'sample_fmt': 's32p', 'compression_level': '0', 'reservoir': '1', 'b:a': '169k', 'abr': 'True'}
2025-06-16 17:57:49 - SPEA2 - INFO -  >> Metrics: {'time': 1.3167128460190725, 'size': 227998, 'peaq': -2.692, 'im': -0.816}
2025-06-16 17:57:49 - SPEA2 - INFO - 1022º Individual: {'ar': '44100', 'sample_fmt': 'fltp', 'compression_level': '7', 'reservoir': '1', 'b:a': '113k', 'abr': 'True'}
2025-06-16 17:57:49 - SPEA2 - INFO -  >> Metrics: {'time': 0.6278721299895551, 'size': 151164, 'peaq': -3.164, 'im': -1.423}
2025-06-16 17:57:49 - SPEA2 - INFO - 1023º Individual: {'ar': '44100', 'sample_fmt': 'fltp', 'compression_level': '0', 'reservoir': '1', 'b:a': '32k', 'abr': 'True'}
2025-06-16 17:57:50 - SPEA2 - INFO -  >> Metrics: {'time': 1.017987393977819, 'size': 49402, 'peaq': -3.132, 'im': -1.375}
2025-06-16 17:57:50 - SPEA2 - INFO - 1024º Individual: {'ar': '32000', 'sample_fmt': 's16p', 'compression_level': '9', 'reservoir': '1', 'b:a': '195k', 'abr': 'True'}
2025-06-16 17:57:51 - SPEA2 - INFO -  >> Metrics: {'time': 0.5956015230331104, 'size': 277784, 'peaq': -3.18, 'im': -1.447}
2025-06-16 17:57:51 - SPEA2 - INFO - 1025º Individual: {'ar': '44100', 'sample_fmt': 's32p', 'compression_level': '7', 'reservoir': '1', 'b:a': '107k'}
2025-06-16 17:57:52 - SPEA2 - INFO -  >> Metrics: {'time': 0.6783150809933431, 'size': 159896, 'peaq': -3.068, 'im': -1.283}
2025-06-16 17:57:52 - SPEA2 - INFO - 1026º Individual: {'ar': '44100', 'sample_fmt': 's32p', 'compression_level': '5', 'reservoir': '1', 'b:a': '105k', 'abr': 'True'}
2025-06-16 17:57:52 - SPEA2 - INFO -  >> Metrics: {'time': 0.6734764469729271, 'size': 142895, 'peaq': -3.13, 'im': -1.371}
2025-06-16 17:57:52 - SPEA2 - INFO - 1027º Individual: {'ar': '44100', 'sample_fmt': 's32p', 'compression_level': '2', 'reservoir': '1', 'b:a': '270k', 'abr': 'True'}
2025-06-16 17:57:53 - SPEA2 - INFO -  >> Metrics: {'time': 1.1091002179600764, 'size': 360216, 'peaq': -2.586, 'im': -0.699}
2025-06-16 17:57:53 - SPEA2 - INFO - 1028º Individual: {'ar': '44100', 'sample_fmt': 's32p', 'compression_level': '9', 'reservoir': '1', 'b:a': '111k', 'abr': 'True'}
2025-06-16 17:57:54 - SPEA2 - INFO -  >> Metrics: {'time': 0.6897204949927982, 'size': 148409, 'peaq': -3.189, 'im': -1.462}
2025-06-16 17:57:54 - SPEA2 - INFO - 1029º Individual: {'ar': '44100', 'sample_fmt': 'fltp', 'compression_level': '0', 'reservoir': '1', 'b:a': '32k', 'abr': 'True'}
2025-06-16 17:57:56 - SPEA2 - INFO -  >> Metrics: {'time': 1.5837416689901147, 'size': 49402, 'peaq': -3.132, 'im': -1.375}
2025-06-16 17:57:56 - SPEA2 - INFO - 1030º Individual: {'ar': '44100', 'sample_fmt': 's32p', 'compression_level': '5', 'reservoir': '1', 'b:a': '144k', 'abr': 'True'}
2025-06-16 17:57:57 - SPEA2 - INFO -  >> Metrics: {'time': 0.9106556749611627, 'size': 201137, 'peaq': -2.716, 'im': -0.843}
2025-06-16 17:57:57 - SPEA2 - INFO - 1031º Individual: {'ar': '8000', 'sample_fmt': 'fltp', 'compression_level': '9', 'reservoir': '1', 'b:a': '128k', 'abr': 'True'}
2025-06-16 17:57:57 - SPEA2 - INFO -  >> Metrics: {'time': 0.5342448430019431, 'size': 92096, 'peaq': -3.858, 'im': -3.51}
2025-06-16 17:57:57 - SPEA2 - INFO - 1032º Individual: {'ar': '32000', 'sample_fmt': 'fltp', 'compression_level': '7', 'reservoir': '1', 'b:a': '32k', 'abr': 'True'}
2025-06-16 17:57:58 - SPEA2 - INFO -  >> Metrics: {'time': 0.5416000800032634, 'size': 47852, 'peaq': -3.442, 'im': -1.918}
2025-06-16 17:57:58 - SPEA2 - INFO - 1033º Individual: {'ar': '44100', 'sample_fmt': 's32p', 'compression_level': '7', 'reservoir': '1', 'b:a': '107k', 'abr': 'True'}
2025-06-16 17:57:58 - SPEA2 - INFO -  >> Metrics: {'time': 0.5224805949837901, 'size': 142584, 'peaq': -3.248, 'im': -1.556}
2025-06-16 17:57:58 - SPEA2 - INFO - 1034º Individual: {'ar': '44100', 'sample_fmt': 's32p', 'compression_level': '5', 'reservoir': '1', 'b:a': '144k', 'abr': 'True'}
2025-06-16 17:57:59 - SPEA2 - INFO -  >> Metrics: {'time': 0.9827560349949636, 'size': 201137, 'peaq': -2.716, 'im': -0.843}
2025-06-16 17:57:59 - SPEA2 - INFO - 1035º Individual: {'ar': '44100', 'sample_fmt': 'fltp', 'compression_level': '9', 'reservoir': '1', 'b:a': '107k'}
2025-06-16 17:58:00 - SPEA2 - INFO -  >> Metrics: {'time': 0.6354085700004362, 'size': 159896, 'peaq': -3.068, 'im': -1.283}
2025-06-16 17:58:00 - SPEA2 - INFO - 1036º Individual: {'ar': '44100', 'sample_fmt': 's32p', 'compression_level': '5', 'reservoir': '1', 'b:a': '141k', 'abr': 'True'}
2025-06-16 17:58:00 - SPEA2 - INFO -  >> Metrics: {'time': 0.6940414610144217, 'size': 193481, 'peaq': -2.791, 'im': -0.929}
2025-06-16 17:58:00 - SPEA2 - INFO - 1037º Individual: {'ar': '16000', 'sample_fmt': 'fltp', 'compression_level': '2', 'reservoir': '1', 'b:a': '170k', 'abr': 'True'}
2025-06-16 17:58:02 - SPEA2 - INFO -  >> Metrics: {'time': 1.189757707004901, 'size': 184724, 'peaq': -3.756, 'im': -2.875}
2025-06-16 17:58:02 - SPEA2 - INFO - 1038º Individual: {'ar': '44100', 'sample_fmt': 'fltp', 'compression_level': '5', 'reservoir': '1', 'b:a': '86k'}
2025-06-16 17:58:02 - SPEA2 - INFO -  >> Metrics: {'time': 0.8126314019900747, 'size': 114235, 'peaq': -3.416, 'im': -1.864}
2025-06-16 17:58:02 - SPEA2 - INFO - 1039º Individual: {'ar': '32000', 'sample_fmt': 'fltp', 'compression_level': '7', 'reservoir': '1', 'b:a': '39k'}
2025-06-16 17:58:03 - SPEA2 - INFO -  >> Metrics: {'time': 0.8232239259814378, 'size': 57356, 'peaq': -3.401, 'im': -1.833}
2025-06-16 17:58:03 - SPEA2 - INFO - 1040º Individual: {'ar': '44100', 'sample_fmt': 's32p', 'compression_level': '0', 'reservoir': '1', 'b:a': '167k', 'abr': 'True'}
2025-06-16 17:58:06 - SPEA2 - INFO -  >> Metrics: {'time': 2.500323752989061, 'size': 226117, 'peaq': -2.696, 'im': -0.82}
2025-06-16 17:58:06 - SPEA2 - INFO - 1041º Individual: {'ar': '44100', 'sample_fmt': 'fltp', 'compression_level': '6', 'reservoir': '1', 'b:a': '101k', 'abr': 'True'}
2025-06-16 17:58:07 - SPEA2 - INFO -  >> Metrics: {'time': 0.8714636100048665, 'size': 137694, 'peaq': -3.21, 'im': -1.494}
2025-06-16 17:58:07 - SPEA2 - INFO - 1042º Individual: {'ar': '44100', 'sample_fmt': 's16p', 'compression_level': '0', 'reservoir': '1', 'b:a': '194k', 'abr': 'True'}
2025-06-16 17:58:08 - SPEA2 - INFO -  >> Metrics: {'time': 1.371021652012132, 'size': 268151, 'peaq': -2.619, 'im': -0.735}
2025-06-16 17:58:08 - SPEA2 - INFO - 1043º Individual: {'ar': '44100', 'sample_fmt': 'fltp', 'compression_level': '6', 'reservoir': '1', 'b:a': '32k'}
2025-06-16 17:58:09 - SPEA2 - INFO -  >> Metrics: {'time': 0.8434459120035172, 'size': 45846, 'peaq': -3.292, 'im': -1.63}
2025-06-16 17:58:09 - SPEA2 - INFO - 1044º Individual: {'ar': '32000', 'sample_fmt': 's16p', 'compression_level': '7', 'reservoir': '1', 'b:a': '254k', 'abr': 'True'}
2025-06-16 17:58:10 - SPEA2 - INFO -  >> Metrics: {'time': 0.6725144719821401, 'size': 360512, 'peaq': -3.172, 'im': -1.435}
2025-06-16 17:58:10 - SPEA2 - INFO - 1045º Individual: {'ar': '44100', 'sample_fmt': 's32p', 'compression_level': '5', 'reservoir': '1', 'b:a': '143k', 'abr': 'True'}
2025-06-16 17:58:10 - SPEA2 - INFO -  >> Metrics: {'time': 0.801846802001819, 'size': 196003, 'peaq': -2.771, 'im': -0.906}
2025-06-16 17:58:10 - SPEA2 - INFO - 1046º Individual: {'ar': '44100', 'sample_fmt': 's32p', 'compression_level': '5', 'reservoir': '1', 'b:a': '142k', 'abr': 'True'}
2025-06-16 17:58:11 - SPEA2 - INFO -  >> Metrics: {'time': 0.6606584949768148, 'size': 194742, 'peaq': -2.785, 'im': -0.922}
2025-06-16 17:58:11 - SPEA2 - INFO - 1047º Individual: {'ar': '44100', 'sample_fmt': 's32p', 'compression_level': '5', 'reservoir': '1', 'b:a': '142k', 'abr': 'True'}
2025-06-16 17:58:12 - SPEA2 - INFO -  >> Metrics: {'time': 0.7985524830000941, 'size': 194742, 'peaq': -2.785, 'im': -0.922}
2025-06-16 17:58:12 - SPEA2 - INFO - 1048º Individual: {'ar': '16000', 'sample_fmt': 's32p', 'compression_level': '5', 'reservoir': '1', 'b:a': '111k', 'abr': 'True'}
2025-06-16 17:58:13 - SPEA2 - INFO -  >> Metrics: {'time': 0.6409438679984305, 'size': 146132, 'peaq': -3.766, 'im': -2.925}
2025-06-16 17:58:13 - SPEA2 - INFO - 1049º Individual: {'ar': '44100', 'sample_fmt': 's32p', 'compression_level': '5', 'reservoir': '1', 'b:a': '254k', 'abr': 'True'}
2025-06-16 17:58:13 - SPEA2 - INFO -  >> Metrics: {'time': 0.8981763289775699, 'size': 359167, 'peaq': -2.589, 'im': -0.703}
2025-06-16 17:58:13 - SPEA2 - INFO - 1050º Individual: {'ar': '44100', 'sample_fmt': 'fltp', 'compression_level': '5', 'reservoir': '1', 'b:a': '108k'}
2025-06-16 17:58:14 - SPEA2 - INFO -  >> Metrics: {'time': 0.8125714829948265, 'size': 159896, 'peaq': -2.958, 'im': -1.135}
2025-06-16 17:58:14 - SPEA2 - INFO - 1051º Individual: {'ar': '44100', 'sample_fmt': 's32p', 'compression_level': '7', 'reservoir': '1', 'b:a': '191k', 'abr': 'True'}
2025-06-16 17:58:15 - SPEA2 - INFO -  >> Metrics: {'time': 0.6182187379745301, 'size': 267011, 'peaq': -2.631, 'im': -0.749}
2025-06-16 17:58:15 - SPEA2 - INFO - 1052º Individual: {'ar': '32000', 'sample_fmt': 's16p', 'compression_level': '7', 'reservoir': '1', 'b:a': '195k', 'abr': 'True'}
2025-06-16 17:58:16 - SPEA2 - INFO -  >> Metrics: {'time': 0.6130859029944986, 'size': 277784, 'peaq': -3.18, 'im': -1.447}
2025-06-16 17:58:16 - SPEA2 - INFO - 1053º Individual: {'ar': '44100', 'sample_fmt': 's32p', 'compression_level': '5', 'reservoir': '1', 'b:a': '169k'}
2025-06-16 17:58:16 - SPEA2 - INFO -  >> Metrics: {'time': 0.7304685979906935, 'size': 228390, 'peaq': -2.652, 'im': -0.771}
2025-06-16 17:58:16 - SPEA2 - INFO - 1054º Individual: {'ar': '44100', 'sample_fmt': 's16p', 'compression_level': '7', 'reservoir': '1', 'b:a': '195k', 'abr': 'True'}
2025-06-16 17:58:17 - SPEA2 - INFO -  >> Metrics: {'time': 0.5657743430056144, 'size': 273258, 'peaq': -2.62, 'im': -0.736}
2025-06-16 17:58:17 - SPEA2 - INFO - 1055º Individual: {'ar': '12000', 'sample_fmt': 'fltp', 'compression_level': '5', 'reservoir': '0', 'b:a': '108k'}
2025-06-16 17:58:17 - SPEA2 - INFO -  >> Metrics: {'time': 0.49324930299189873, 'size': 92528, 'peaq': -3.761, 'im': -2.898}
2025-06-16 17:58:17 - SPEA2 - INFO - 1056º Individual: {'ar': '44100', 'sample_fmt': 's32p', 'compression_level': '7', 'reservoir': '1', 'b:a': '113k', 'abr': 'True'}
2025-06-16 17:58:18 - SPEA2 - INFO -  >> Metrics: {'time': 0.6938353800214827, 'size': 151164, 'peaq': -3.164, 'im': -1.423}
2025-06-16 17:58:18 - SPEA2 - INFO - 1057º Individual: {'ar': '8000', 'sample_fmt': 'fltp', 'compression_level': '2', 'reservoir': '1', 'b:a': '169k', 'abr': 'True'}
2025-06-16 17:58:19 - SPEA2 - INFO -  >> Metrics: {'time': 0.6032658689946402, 'size': 77048, 'peaq': -3.858, 'im': -3.512}
2025-06-16 17:58:19 - SPEA2 - INFO - 1058º Individual: {'ar': '44100', 'sample_fmt': 'fltp', 'compression_level': '7', 'reservoir': '1', 'b:a': '114k', 'abr': 'True'}
2025-06-16 17:58:19 - SPEA2 - INFO -  >> Metrics: {'time': 0.626884508994408, 'size': 153037, 'peaq': -3.139, 'im': -1.384}
2025-06-16 17:58:19 - SPEA2 - INFO - 1059º Individual: {'ar': '32000', 'sample_fmt': 'fltp', 'compression_level': '7', 'reservoir': '1', 'b:a': '32k'}
2025-06-16 17:58:20 - SPEA2 - INFO -  >> Metrics: {'time': 1.0723103419877589, 'size': 45944, 'peaq': -3.434, 'im': -1.9}
2025-06-16 17:58:20 - SPEA2 - INFO - 1060º Individual: {'ar': '44100', 'sample_fmt': 's32p', 'compression_level': '7', 'reservoir': '1', 'b:a': '107k'}
2025-06-16 17:58:21 - SPEA2 - INFO -  >> Metrics: {'time': 0.8230237219831906, 'size': 159896, 'peaq': -3.068, 'im': -1.283}
2025-06-16 17:58:21 - SPEA2 - INFO - 1061º Individual: {'ar': '44100', 'sample_fmt': 'fltp', 'compression_level': '2', 'reservoir': '1', 'b:a': '169k', 'abr': 'True'}
2025-06-16 17:58:22 - SPEA2 - INFO -  >> Metrics: {'time': 1.0996546329988632, 'size': 228256, 'peaq': -2.666, 'im': -0.786}
2025-06-16 17:58:22 - SPEA2 - INFO - 1062º Individual: {'ar': '44100', 'sample_fmt': 's32p', 'compression_level': '5', 'reservoir': '1', 'b:a': '107k', 'abr': 'True'}
2025-06-16 17:58:23 - SPEA2 - INFO -  >> Metrics: {'time': 0.7421550129947718, 'size': 145599, 'peaq': -3.107, 'im': -1.339}
2025-06-16 17:58:23 - SPEA2 - INFO - 1063º Individual: {'ar': '44100', 'sample_fmt': 's32p', 'compression_level': '9', 'reservoir': '1', 'b:a': '126k', 'abr': 'True'}
2025-06-16 17:58:24 - SPEA2 - INFO -  >> Metrics: {'time': 0.7935264880361501, 'size': 170628, 'peaq': -2.967, 'im': -1.147}
2025-06-16 17:58:24 - SPEA2 - INFO - 1064º Individual: {'ar': '44100', 'sample_fmt': 's32p', 'compression_level': '5', 'reservoir': '1', 'b:a': '165k'}
2025-06-16 17:58:25 - SPEA2 - INFO -  >> Metrics: {'time': 0.9949062139785383, 'size': 228390, 'peaq': -2.652, 'im': -0.771}
2025-06-16 17:58:25 - SPEA2 - INFO - 1065º Individual: {'ar': '44100', 'sample_fmt': 'fltp', 'compression_level': '5', 'reservoir': '1', 'b:a': '194k', 'abr': 'True'}
2025-06-16 17:58:26 - SPEA2 - INFO -  >> Metrics: {'time': 0.8126407619856764, 'size': 273152, 'peaq': -2.623, 'im': -0.74}
2025-06-16 17:58:26 - SPEA2 - INFO - 1066º Individual: {'ar': '8000', 'sample_fmt': 's32p', 'compression_level': '2', 'reservoir': '1', 'b:a': '166k', 'abr': 'True'}
2025-06-16 17:58:26 - SPEA2 - INFO -  >> Metrics: {'time': 0.5747459869890008, 'size': 77048, 'peaq': -3.858, 'im': -3.512}
2025-06-16 17:58:26 - SPEA2 - INFO - 1067º Individual: {'ar': '44100', 'sample_fmt': 's32p', 'compression_level': '5', 'reservoir': '1', 'b:a': '254k', 'abr': 'True'}
2025-06-16 17:58:27 - SPEA2 - INFO -  >> Metrics: {'time': 0.7802396719926037, 'size': 359167, 'peaq': -2.589, 'im': -0.703}
2025-06-16 17:58:27 - SPEA2 - INFO - 1068º Individual: {'ar': '44100', 'sample_fmt': 's32p', 'compression_level': '9', 'reservoir': '1', 'b:a': '110k'}
2025-06-16 17:58:28 - SPEA2 - INFO -  >> Metrics: {'time': 0.8740218279708643, 'size': 159896, 'peaq': -3.068, 'im': -1.283}
2025-06-16 17:58:28 - SPEA2 - INFO - 1069º Individual: {'ar': '44100', 'sample_fmt': 's32p', 'compression_level': '7', 'reservoir': '1', 'b:a': '107k', 'abr': 'True'}
2025-06-16 17:58:29 - SPEA2 - INFO -  >> Metrics: {'time': 0.6133477650000714, 'size': 142584, 'peaq': -3.248, 'im': -1.556}
2025-06-16 17:58:29 - SPEA2 - INFO - 1070º Individual: {'ar': '8000', 'sample_fmt': 's32p', 'compression_level': '7', 'reservoir': '1', 'b:a': '103k'}
2025-06-16 17:58:29 - SPEA2 - INFO -  >> Metrics: {'time': 0.5284935050003696, 'size': 93104, 'peaq': -3.858, 'im': -3.511}
2025-06-16 17:58:29 - SPEA2 - INFO - 1071º Individual: {'ar': '44100', 'sample_fmt': 's32p', 'compression_level': '5', 'reservoir': '1', 'b:a': '32k', 'abr': 'True'}
2025-06-16 17:58:30 - SPEA2 - INFO -  >> Metrics: {'time': 0.6606185080017895, 'size': 49350, 'peaq': -3.348, 'im': -1.73}
2025-06-16 17:58:30 - SPEA2 - INFO - 1072º Individual: {'ar': '44100', 'sample_fmt': 's32p', 'compression_level': '7', 'reservoir': '1', 'b:a': '169k', 'abr': 'True'}
2025-06-16 17:58:30 - SPEA2 - INFO -  >> Metrics: {'time': 0.5842047960322816, 'size': 233706, 'peaq': -2.681, 'im': -0.803}
2025-06-16 17:58:30 - SPEA2 - INFO - 1073º Individual: {'ar': '44100', 'sample_fmt': 's32p', 'compression_level': '8', 'reservoir': '1', 'b:a': '184k', 'abr': 'True'}
2025-06-16 17:58:31 - SPEA2 - INFO -  >> Metrics: {'time': 0.5320905619882978, 'size': 256813, 'peaq': -2.646, 'im': -0.764}
2025-06-16 17:58:31 - SPEA2 - INFO - 1074º Individual: {'ar': '44100', 'sample_fmt': 'fltp', 'compression_level': '7', 'reservoir': '0', 'b:a': '32k'}
2025-06-16 17:58:31 - SPEA2 - INFO -  >> Metrics: {'time': 0.5176926689746324, 'size': 45846, 'peaq': -3.303, 'im': -1.649}
2025-06-16 17:58:31 - SPEA2 - INFO - 1075º Individual: {'ar': '16000', 'sample_fmt': 's16p', 'compression_level': '7', 'reservoir': '1', 'b:a': '195k', 'abr': 'True'}
2025-06-16 17:58:32 - SPEA2 - INFO -  >> Metrics: {'time': 0.46419741300633177, 'size': 225980, 'peaq': -3.766, 'im': -2.926}
2025-06-16 17:58:32 - SPEA2 - INFO - 1076º Individual: {'ar': '44100', 'sample_fmt': 's32p', 'compression_level': '2', 'reservoir': '1', 'b:a': '267k'}
2025-06-16 17:58:33 - SPEA2 - INFO -  >> Metrics: {'time': 0.8394242509675678, 'size': 365375, 'peaq': -2.595, 'im': -0.71}
2025-06-16 17:58:33 - SPEA2 - INFO - 1077º Individual: {'ar': '44100', 'sample_fmt': 's32p', 'compression_level': '7', 'reservoir': '1', 'b:a': '32k'}
2025-06-16 17:58:33 - SPEA2 - INFO -  >> Metrics: {'time': 0.5596954209904652, 'size': 45846, 'peaq': -3.286, 'im': -1.619}
2025-06-16 17:58:33 - SPEA2 - INFO - 1078º Individual: {'ar': '44100', 'sample_fmt': 's32p', 'compression_level': '5', 'reservoir': '1', 'b:a': '169k', 'abr': 'True'}
2025-06-16 17:58:34 - SPEA2 - INFO -  >> Metrics: {'time': 0.709952155011706, 'size': 234637, 'peaq': -2.65, 'im': -0.769}
2025-06-16 17:58:34 - SPEA2 - INFO - 1079º Individual: {'ar': '44100', 'sample_fmt': 's32p', 'compression_level': '5', 'reservoir': '1', 'b:a': '141k', 'abr': 'True'}
2025-06-16 17:58:35 - SPEA2 - INFO -  >> Metrics: {'time': 0.7135159040044528, 'size': 193481, 'peaq': -2.791, 'im': -0.929}
2025-06-16 17:58:35 - SPEA2 - INFO - 1080º Individual: {'ar': '44100', 'sample_fmt': 's32p', 'compression_level': '5', 'reservoir': '1', 'b:a': '114k', 'abr': 'True'}
2025-06-16 17:58:35 - SPEA2 - INFO -  >> Metrics: {'time': 0.7181595120055135, 'size': 155897, 'peaq': -2.974, 'im': -1.155}
2025-06-16 17:58:35 - SPEA2 - INFO - 1081º Individual: {'ar': '44100', 'sample_fmt': 's32p', 'compression_level': '6', 'reservoir': '1', 'b:a': '75k', 'abr': 'True'}
2025-06-16 17:58:36 - SPEA2 - INFO -  >> Metrics: {'time': 0.7919262369978242, 'size': 103807, 'peaq': -3.459, 'im': -1.954}
2025-06-16 17:58:36 - SPEA2 - INFO - 1082º Individual: {'ar': '44100', 'sample_fmt': 's32p', 'compression_level': '5', 'reservoir': '1', 'b:a': '251k', 'abr': 'True'}
2025-06-16 17:58:37 - SPEA2 - INFO -  >> Metrics: {'time': 0.8688986820052378, 'size': 356044, 'peaq': -2.585, 'im': -0.698}
2025-06-16 17:58:37 - SPEA2 - INFO - 1083º Individual: {'ar': '44100', 'sample_fmt': 'fltp', 'compression_level': '7', 'reservoir': '1', 'b:a': '235k', 'abr': 'True'}
2025-06-16 17:58:38 - SPEA2 - INFO -  >> Metrics: {'time': 0.6785891669860575, 'size': 331287, 'peaq': -2.6, 'im': -0.715}
2025-06-16 17:58:38 - SPEA2 - INFO - 1084º Individual: {'ar': '44100', 'sample_fmt': 'fltp', 'compression_level': '5', 'reservoir': '1', 'b:a': '105k'}
2025-06-16 17:58:39 - SPEA2 - INFO -  >> Metrics: {'time': 0.6684114669915289, 'size': 159896, 'peaq': -2.958, 'im': -1.135}
2025-06-16 17:58:39 - SPEA2 - INFO - 1085º Individual: {'ar': '44100', 'sample_fmt': 'fltp', 'compression_level': '0', 'reservoir': '1', 'b:a': '32k', 'abr': 'True'}
2025-06-16 17:58:40 - SPEA2 - INFO -  >> Metrics: {'time': 1.0192462959967088, 'size': 49402, 'peaq': -3.132, 'im': -1.375}
2025-06-16 17:58:40 - SPEA2 - INFO - 1086º Individual: {'ar': '44100', 'sample_fmt': 's32p', 'compression_level': '0', 'reservoir': '0', 'b:a': '189k', 'abr': 'True'}
2025-06-16 17:58:41 - SPEA2 - INFO -  >> Metrics: {'time': 0.9947635369899217, 'size': 277833, 'peaq': -2.631, 'im': -0.748}
2025-06-16 17:58:41 - SPEA2 - INFO - 1087º Individual: {'ar': '44100', 'sample_fmt': 'fltp', 'compression_level': '5', 'reservoir': '1', 'b:a': '32k'}
2025-06-16 17:58:41 - SPEA2 - INFO -  >> Metrics: {'time': 0.5995974670222495, 'size': 45846, 'peaq': -3.292, 'im': -1.63}
2025-06-16 17:58:41 - SPEA2 - INFO - 1088º Individual: {'ar': '12000', 'sample_fmt': 'fltp', 'compression_level': '7', 'reservoir': '1', 'b:a': '264k'}
2025-06-16 17:58:42 - SPEA2 - INFO -  >> Metrics: {'time': 0.5281452240305953, 'size': 92816, 'peaq': -3.742, 'im': -2.811}
2025-06-16 17:58:42 - SPEA2 - INFO - 1089º Individual: {'ar': '44100', 'sample_fmt': 'fltp', 'compression_level': '9', 'reservoir': '1', 'b:a': '32k'}
2025-06-16 17:58:42 - SPEA2 - INFO -  >> Metrics: {'time': 0.6316117529931944, 'size': 45846, 'peaq': -3.286, 'im': -1.619}
2025-06-16 17:58:42 - SPEA2 - INFO - 1090º Individual: {'ar': '44100', 'sample_fmt': 's32p', 'compression_level': '5', 'reservoir': '1', 'aq': '9'}
2025-06-16 17:58:43 - SPEA2 - INFO -  >> Metrics: {'time': 0.6231693069858011, 'size': 107722, 'peaq': -3.343, 'im': -1.721}
2025-06-16 17:58:43 - SPEA2 - INFO - 1091º Individual: {'ar': '44100', 'sample_fmt': 's32p', 'compression_level': '5', 'reservoir': '1', 'b:a': '245k', 'abr': 'True'}
2025-06-16 17:58:44 - SPEA2 - INFO -  >> Metrics: {'time': 0.937932220986113, 'size': 348865, 'peaq': -2.589, 'im': -0.702}
2025-06-16 17:58:44 - SPEA2 - INFO - 1092º Individual: {'ar': '44100', 'sample_fmt': 's16p', 'compression_level': '5', 'reservoir': '1', 'b:a': '143k', 'abr': 'True'}
2025-06-16 17:58:45 - SPEA2 - INFO -  >> Metrics: {'time': 0.8468948210065719, 'size': 196054, 'peaq': -2.768, 'im': -0.902}
2025-06-16 17:58:45 - SPEA2 - INFO - 1093º Individual: {'ar': '44100', 'sample_fmt': 's32p', 'compression_level': '5', 'reservoir': '1', 'b:a': '143k', 'abr': 'True'}
2025-06-16 17:58:45 - SPEA2 - INFO -  >> Metrics: {'time': 0.6780609179986641, 'size': 196003, 'peaq': -2.771, 'im': -0.906}
2025-06-16 17:58:45 - SPEA2 - INFO - 1094º Individual: {'ar': '44100', 'sample_fmt': 's32p', 'compression_level': '9', 'reservoir': '1', 'b:a': '194k', 'abr': 'True'}
2025-06-16 17:58:46 - SPEA2 - INFO -  >> Metrics: {'time': 0.5455297800072003, 'size': 271799, 'peaq': -2.623, 'im': -0.74}
2025-06-16 17:58:46 - SPEA2 - INFO - 1095º Individual: {'ar': '44100', 'sample_fmt': 's32p', 'compression_level': '5', 'reservoir': '1', 'b:a': '111k', 'abr': 'True'}
2025-06-16 17:58:47 - SPEA2 - INFO -  >> Metrics: {'time': 0.6680601589905564, 'size': 151475, 'peaq': -3.03, 'im': -1.23}
2025-06-16 17:58:47 - SPEA2 - INFO - 1096º Individual: {'ar': '44100', 'sample_fmt': 's32p', 'compression_level': '2', 'reservoir': '1', 'b:a': '269k', 'abr': 'True'}
2025-06-16 17:58:48 - SPEA2 - INFO -  >> Metrics: {'time': 0.8887238660245202, 'size': 359692, 'peaq': -2.587, 'im': -0.701}
2025-06-16 17:58:48 - SPEA2 - INFO - 1097º Individual: {'ar': '44100', 'sample_fmt': 's32p', 'compression_level': '7', 'reservoir': '1', 'b:a': '108k', 'abr': 'True'}
2025-06-16 17:58:48 - SPEA2 - INFO -  >> Metrics: {'time': 0.6299195649917237, 'size': 144195, 'peaq': -3.236, 'im': -1.536}
2025-06-16 17:58:48 - SPEA2 - INFO - 1098º Individual: {'ar': '12000', 'sample_fmt': 'fltp', 'compression_level': '7', 'reservoir': '1', 'b:a': '108k', 'abr': 'True'}
2025-06-16 17:58:49 - SPEA2 - INFO -  >> Metrics: {'time': 0.48531644002650864, 'size': 90368, 'peaq': -3.742, 'im': -2.811}
2025-06-16 17:58:49 - SPEA2 - INFO - 1099º Individual: {'ar': '44100', 'sample_fmt': 's32p', 'compression_level': '9', 'reservoir': '1', 'b:a': '194k', 'abr': 'True'}
2025-06-16 17:58:49 - SPEA2 - INFO -  >> Metrics: {'time': 0.5889825689664576, 'size': 271799, 'peaq': -2.623, 'im': -0.74}
2025-06-16 17:58:49 - SPEA2 - INFO - 1100º Individual: {'ar': '44100', 'sample_fmt': 's32p', 'compression_level': '5', 'reservoir': '1', 'b:a': '147k'}
2025-06-16 17:58:50 - SPEA2 - INFO -  >> Metrics: {'time': 0.7429952589736786, 'size': 228390, 'peaq': -2.652, 'im': -0.771}
2025-06-16 17:58:50 - SPEA2 - INFO - 1101º Individual: {'ar': '44100', 'sample_fmt': 's32p', 'compression_level': '7', 'reservoir': '1', 'b:a': '32k'}
2025-06-16 17:58:51 - SPEA2 - INFO -  >> Metrics: {'time': 0.835386227001436, 'size': 45846, 'peaq': -3.286, 'im': -1.619}
2025-06-16 17:58:51 - SPEA2 - INFO - 1102º Individual: {'ar': '44100', 'sample_fmt': 'fltp', 'compression_level': '7', 'reservoir': '1', 'b:a': '108k'}
2025-06-16 17:58:52 - SPEA2 - INFO -  >> Metrics: {'time': 0.7563541689887643, 'size': 159896, 'peaq': -3.068, 'im': -1.283}
2025-06-16 17:58:52 - SPEA2 - INFO - 1103º Individual: {'ar': '44100', 'sample_fmt': 's32p', 'compression_level': '5', 'reservoir': '1', 'b:a': '32k', 'abr': 'True'}
2025-06-16 17:58:53 - SPEA2 - INFO -  >> Metrics: {'time': 0.966418010997586, 'size': 49350, 'peaq': -3.348, 'im': -1.73}
2025-06-16 17:58:53 - SPEA2 - INFO - 1104º Individual: {'ar': '44100', 'sample_fmt': 'fltp', 'compression_level': '0', 'reservoir': '1', 'b:a': '32k', 'abr': 'True'}
2025-06-16 17:58:54 - SPEA2 - INFO -  >> Metrics: {'time': 1.219877877010731, 'size': 49402, 'peaq': -3.132, 'im': -1.375}
2025-06-16 17:58:54 - SPEA2 - INFO - 1105º Individual: {'ar': '32000', 'sample_fmt': 'fltp', 'compression_level': '7', 'reservoir': '1', 'b:a': '32k'}
2025-06-16 17:58:54 - SPEA2 - INFO -  >> Metrics: {'time': 0.539956603985047, 'size': 45944, 'peaq': -3.434, 'im': -1.9}
2025-06-16 17:58:54 - SPEA2 - INFO - 1106º Individual: {'ar': '44100', 'sample_fmt': 's32p', 'compression_level': '7', 'reservoir': '1', 'b:a': '194k', 'abr': 'True'}
2025-06-16 17:58:55 - SPEA2 - INFO -  >> Metrics: {'time': 0.6027831529791001, 'size': 271799, 'peaq': -2.623, 'im': -0.74}
2025-06-16 17:58:55 - SPEA2 - INFO - 1107º Individual: {'ar': '32000', 'sample_fmt': 's16p', 'compression_level': '7', 'reservoir': '1', 'b:a': '271k', 'abr': 'True'}
2025-06-16 17:58:56 - SPEA2 - INFO -  >> Metrics: {'time': 0.5784614850126673, 'size': 383408, 'peaq': -3.175, 'im': -1.44}
2025-06-16 17:58:56 - SPEA2 - INFO - 1108º Individual: {'ar': '44100', 'sample_fmt': 's32p', 'compression_level': '5', 'reservoir': '1', 'b:a': '143k', 'abr': 'True'}
2025-06-16 17:58:56 - SPEA2 - INFO -  >> Metrics: {'time': 0.7298391569929663, 'size': 196003, 'peaq': -2.771, 'im': -0.906}
2025-06-16 17:58:56 - SPEA2 - INFO - 1109º Individual: {'ar': '44100', 'sample_fmt': 's32p', 'compression_level': '5', 'reservoir': '1', 'b:a': '143k', 'abr': 'True'}
2025-06-16 17:58:57 - SPEA2 - INFO -  >> Metrics: {'time': 0.7033459369849879, 'size': 196003, 'peaq': -2.771, 'im': -0.906}
2025-06-16 17:58:57 - SPEA2 - INFO - 1110º Individual: {'ar': '44100', 'sample_fmt': 's32p', 'compression_level': '7', 'reservoir': '1', 'b:a': '247k'}
2025-06-16 17:58:58 - SPEA2 - INFO -  >> Metrics: {'time': 0.7211666969815269, 'size': 365375, 'peaq': -2.604, 'im': -0.719}
2025-06-16 17:58:58 - SPEA2 - INFO - 1111º Individual: {'ar': '44100', 'sample_fmt': 'fltp', 'compression_level': '2', 'reservoir': '1', 'b:a': '32k'}
2025-06-16 17:58:59 - SPEA2 - INFO -  >> Metrics: {'time': 1.1333218030049466, 'size': 45846, 'peaq': -3.268, 'im': -1.589}
2025-06-16 17:58:59 - SPEA2 - INFO - 1112º Individual: {'ar': '44100', 'sample_fmt': 's32p', 'compression_level': '7', 'reservoir': '1', 'b:a': '103k'}
2025-06-16 17:59:00 - SPEA2 - INFO -  >> Metrics: {'time': 0.86597891402198, 'size': 137066, 'peaq': -3.284, 'im': -1.617}
2025-06-16 17:59:00 - SPEA2 - INFO - 1113º Individual: {'ar': '44100', 'sample_fmt': 's16p', 'compression_level': '7', 'reservoir': '1', 'b:a': '137k', 'abr': 'True'}
2025-06-16 17:59:00 - SPEA2 - INFO -  >> Metrics: {'time': 0.6563078040198889, 'size': 186546, 'peaq': -2.862, 'im': -1.014}
2025-06-16 17:59:00 - SPEA2 - INFO - 1114º Individual: {'ar': '32000', 'sample_fmt': 's32p', 'compression_level': '6', 'reservoir': '1', 'b:a': '101k'}
2025-06-16 17:59:01 - SPEA2 - INFO -  >> Metrics: {'time': 0.7848059769894462, 'size': 137456, 'peaq': -3.42, 'im': -1.872}
2025-06-16 17:59:01 - SPEA2 - INFO - 1115º Individual: {'ar': '44100', 'sample_fmt': 's32p', 'compression_level': '7', 'reservoir': '1', 'b:a': '266k'}
2025-06-16 17:59:02 - SPEA2 - INFO -  >> Metrics: {'time': 1.0568346049985848, 'size': 365375, 'peaq': -2.604, 'im': -0.719}
2025-06-16 17:59:02 - SPEA2 - INFO - 1116º Individual: {'ar': '44100', 'sample_fmt': 's32p', 'compression_level': '6', 'reservoir': '1', 'b:a': '100k', 'abr': 'True'}
2025-06-16 17:59:03 - SPEA2 - INFO -  >> Metrics: {'time': 0.8263434809923638, 'size': 136394, 'peaq': -3.231, 'im': -1.527}
2025-06-16 17:59:03 - SPEA2 - INFO - 1117º Individual: {'ar': '44100', 'sample_fmt': 's32p', 'compression_level': '0', 'reservoir': '1', 'b:a': '189k', 'abr': 'True'}
2025-06-16 17:59:05 - SPEA2 - INFO -  >> Metrics: {'time': 1.567003019998083, 'size': 262528, 'peaq': -2.631, 'im': -0.748}
2025-06-16 17:59:05 - SPEA2 - INFO - 1118º Individual: {'ar': '44100', 'sample_fmt': 'fltp', 'compression_level': '8', 'reservoir': '0', 'aq': '9'}
2025-06-16 17:59:06 - SPEA2 - INFO -  >> Metrics: {'time': 1.0028596550109796, 'size': 106367, 'peaq': -3.314, 'im': -1.668}
2025-06-16 17:59:06 - SPEA2 - INFO - 1119º Individual: {'ar': '44100', 'sample_fmt': 's16p', 'compression_level': '9', 'reservoir': '1', 'b:a': '248k', 'abr': 'True'}
2025-06-16 17:59:07 - SPEA2 - INFO -  >> Metrics: {'time': 0.9623455590044614, 'size': 350324, 'peaq': -2.604, 'im': -0.719}
2025-06-16 17:59:07 - SPEA2 - INFO - 1120º Individual: {'ar': '44100', 'sample_fmt': 's32p', 'compression_level': '9', 'reservoir': '1', 'b:a': '107k', 'abr': 'True'}
2025-06-16 17:59:08 - SPEA2 - INFO -  >> Metrics: {'time': 0.9505692590028048, 'size': 142584, 'peaq': -3.248, 'im': -1.556}
2025-06-16 17:59:08 - SPEA2 - INFO - 1121º Individual: {'ar': '44100', 'sample_fmt': 's32p', 'compression_level': '9', 'reservoir': '1', 'b:a': '110k', 'abr': 'True'}
2025-06-16 17:59:09 - SPEA2 - INFO -  >> Metrics: {'time': 1.0718811940168962, 'size': 147056, 'peaq': -3.215, 'im': -1.502}
2025-06-16 17:59:09 - SPEA2 - INFO - 1122º Individual: {'ar': '44100', 'sample_fmt': 's32p', 'compression_level': '7', 'reservoir': '1', 'b:a': '106k', 'abr': 'True'}
2025-06-16 17:59:10 - SPEA2 - INFO -  >> Metrics: {'time': 0.8982308840204496, 'size': 141335, 'peaq': -3.264, 'im': -1.582}
2025-06-16 17:59:10 - SPEA2 - INFO - 1123º Individual: {'ar': '44100', 'sample_fmt': 's32p', 'compression_level': '7', 'reservoir': '1', 'b:a': '254k', 'abr': 'True'}
2025-06-16 17:59:10 - SPEA2 - INFO -  >> Metrics: {'time': 0.6352515960170422, 'size': 358959, 'peaq': -2.6, 'im': -0.714}
2025-06-16 17:59:10 - SPEA2 - INFO - 1124º Individual: {'ar': '44100', 'sample_fmt': 'fltp', 'compression_level': '7', 'reservoir': '1', 'b:a': '32k', 'abr': 'True'}
2025-06-16 17:59:11 - SPEA2 - INFO -  >> Metrics: {'time': 0.561645370995393, 'size': 49324, 'peaq': -3.35, 'im': -1.734}
2025-06-16 17:59:11 - SPEA2 - INFO - 1125º Individual: {'ar': '44100', 'sample_fmt': 'fltp', 'compression_level': '7', 'reservoir': '1', 'b:a': '32k'}
2025-06-16 17:59:12 - SPEA2 - INFO -  >> Metrics: {'time': 0.6030151589948218, 'size': 45846, 'peaq': -3.286, 'im': -1.619}
2025-06-16 17:59:12 - SPEA2 - INFO - 1126º Individual: {'ar': '12000', 'sample_fmt': 'fltp', 'compression_level': '7', 'reservoir': '0', 'b:a': '108k'}
2025-06-16 17:59:12 - SPEA2 - INFO -  >> Metrics: {'time': 0.5199021330336109, 'size': 92528, 'peaq': -3.74, 'im': -2.803}
2025-06-16 17:59:12 - SPEA2 - INFO - 1127º Individual: {'ar': '44100', 'sample_fmt': 's32p', 'compression_level': '5', 'reservoir': '1', 'b:a': '80k', 'abr': 'True'}
2025-06-16 17:59:13 - SPEA2 - INFO -  >> Metrics: {'time': 0.6437162889924366, 'size': 110437, 'peaq': -3.451, 'im': -1.938}
2025-06-16 17:59:13 - SPEA2 - INFO - 1128º Individual: {'ar': '44100', 'sample_fmt': 's32p', 'compression_level': '2', 'reservoir': '1', 'b:a': '169k', 'abr': 'True'}
2025-06-16 17:59:14 - SPEA2 - INFO -  >> Metrics: {'time': 0.874609074962791, 'size': 228257, 'peaq': -2.665, 'im': -0.786}
2025-06-16 17:59:14 - SPEA2 - INFO - 1129º Individual: {'ar': '16000', 'sample_fmt': 'fltp', 'compression_level': '5', 'reservoir': '1', 'b:a': '170k', 'abr': 'True'}
2025-06-16 17:59:14 - SPEA2 - INFO -  >> Metrics: {'time': 0.482255728013115, 'size': 215684, 'peaq': -3.763, 'im': -2.909}
2025-06-16 17:59:14 - SPEA2 - INFO - 1130º Individual: {'ar': '44100', 'sample_fmt': 's32p', 'compression_level': '0', 'reservoir': '1', 'b:a': '191k', 'abr': 'True'}
2025-06-16 17:59:15 - SPEA2 - INFO -  >> Metrics: {'time': 1.059210756997345, 'size': 264713, 'peaq': -2.628, 'im': -0.745}
2025-06-16 17:59:15 - SPEA2 - INFO - 1131º Individual: {'ar': '44100', 'sample_fmt': 's32p', 'compression_level': '7', 'reservoir': '1', 'b:a': '111k', 'abr': 'True'}
2025-06-16 17:59:16 - SPEA2 - INFO -  >> Metrics: {'time': 0.6272054810251575, 'size': 148409, 'peaq': -3.189, 'im': -1.462}
2025-06-16 17:59:16 - SPEA2 - INFO - 1132º Individual: {'ar': '44100', 'sample_fmt': 's32p', 'compression_level': '7', 'reservoir': '1', 'b:a': '103k'}
2025-06-16 17:59:16 - SPEA2 - INFO -  >> Metrics: {'time': 0.5719111660146154, 'size': 137066, 'peaq': -3.284, 'im': -1.617}
2025-06-16 17:59:16 - SPEA2 - INFO - 1133º Individual: {'ar': '16000', 'sample_fmt': 'fltp', 'compression_level': '9', 'reservoir': '1', 'b:a': '87k', 'abr': 'True'}
2025-06-16 17:59:17 - SPEA2 - INFO -  >> Metrics: {'time': 0.495301079005003, 'size': 124100, 'peaq': -3.713, 'im': -2.69}
2025-06-16 17:59:17 - SPEA2 - INFO - 1134º Individual: {'ar': '44100', 'sample_fmt': 's32p', 'compression_level': '5', 'reservoir': '1', 'b:a': '245k', 'abr': 'True'}
2025-06-16 17:59:18 - SPEA2 - INFO -  >> Metrics: {'time': 0.774167961004423, 'size': 348865, 'peaq': -2.589, 'im': -0.702}
2025-06-16 17:59:18 - SPEA2 - INFO - 1135º Individual: {'ar': '44100', 'sample_fmt': 's16p', 'compression_level': '7', 'reservoir': '1', 'b:a': '169k', 'abr': 'True'}
2025-06-16 17:59:18 - SPEA2 - INFO -  >> Metrics: {'time': 0.6246930210036226, 'size': 233702, 'peaq': -2.678, 'im': -0.8}
2025-06-16 17:59:18 - SPEA2 - INFO - 1136º Individual: {'ar': '32000', 'sample_fmt': 'fltp', 'compression_level': '7', 'reservoir': '1', 'b:a': '32k', 'abr': 'True'}
2025-06-16 17:59:19 - SPEA2 - INFO -  >> Metrics: {'time': 0.4991101180203259, 'size': 47852, 'peaq': -3.442, 'im': -1.918}
2025-06-16 17:59:19 - SPEA2 - INFO - 1137º Individual: {'ar': '44100', 'sample_fmt': 's32p', 'compression_level': '5', 'reservoir': '1', 'b:a': '143k'}
2025-06-16 17:59:19 - SPEA2 - INFO -  >> Metrics: {'time': 0.6796197279763874, 'size': 182727, 'peaq': -2.832, 'im': -0.978}
2025-06-16 17:59:19 - SPEA2 - INFO - 1138º Individual: {'ar': '44100', 'sample_fmt': 's32p', 'compression_level': '5', 'reservoir': '1', 'b:a': '105k', 'abr': 'True'}
2025-06-16 17:59:20 - SPEA2 - INFO -  >> Metrics: {'time': 0.6779659120074939, 'size': 142895, 'peaq': -3.13, 'im': -1.371}
2025-06-16 17:59:20 - SPEA2 - INFO - 1139º Individual: {'ar': '44100', 'sample_fmt': 'fltp', 'compression_level': '2', 'reservoir': '1', 'b:a': '263k', 'abr': 'True'}
2025-06-16 17:59:21 - SPEA2 - INFO -  >> Metrics: {'time': 0.9289976329891942, 'size': 356357, 'peaq': -2.587, 'im': -0.701}
2025-06-16 17:59:21 - SPEA2 - INFO - 1140º Individual: {'ar': '44100', 'sample_fmt': 's16p', 'compression_level': '6', 'reservoir': '1', 'b:a': '101k', 'abr': 'True'}
2025-06-16 17:59:22 - SPEA2 - INFO -  >> Metrics: {'time': 0.7103847130201757, 'size': 137903, 'peaq': -3.214, 'im': -1.501}
2025-06-16 17:59:22 - SPEA2 - INFO - 1141º Individual: {'ar': '16000', 'sample_fmt': 'fltp', 'compression_level': '0', 'reservoir': '1', 'b:a': '32k', 'abr': 'True'}
2025-06-16 17:59:23 - SPEA2 - INFO -  >> Metrics: {'time': 0.7816339510027319, 'size': 44972, 'peaq': -3.277, 'im': -1.605}
2025-06-16 17:59:23 - SPEA2 - INFO - 1142º Individual: {'ar': '44100', 'sample_fmt': 's32p', 'compression_level': '5', 'reservoir': '1', 'b:a': '258k', 'abr': 'True'}
2025-06-16 17:59:23 - SPEA2 - INFO -  >> Metrics: {'time': 0.650667425012216, 'size': 363124, 'peaq': -2.581, 'im': -0.695}
2025-06-16 17:59:23 - SPEA2 - INFO - 1143º Individual: {'ar': '44100', 'sample_fmt': 's16p', 'compression_level': '5', 'reservoir': '1', 'b:a': '105k', 'abr': 'True'}
2025-06-16 17:59:24 - SPEA2 - INFO -  >> Metrics: {'time': 0.621648586995434, 'size': 142895, 'peaq': -3.123, 'im': -1.361}
2025-06-16 17:59:24 - SPEA2 - INFO - 1144º Individual: {'ar': '16000', 'sample_fmt': 'fltp', 'compression_level': '0', 'reservoir': '1', 'b:a': '32k', 'abr': 'True'}
2025-06-16 17:59:25 - SPEA2 - INFO -  >> Metrics: {'time': 0.753670145990327, 'size': 44972, 'peaq': -3.277, 'im': -1.605}
2025-06-16 17:59:25 - SPEA2 - INFO - 1145º Individual: {'ar': '44100', 'sample_fmt': 's16p', 'compression_level': '5', 'reservoir': '1', 'b:a': '143k', 'abr': 'True'}
2025-06-16 17:59:25 - SPEA2 - INFO -  >> Metrics: {'time': 0.7004428880172782, 'size': 196054, 'peaq': -2.768, 'im': -0.902}
2025-06-16 17:59:25 - SPEA2 - INFO - 1146º Individual: {'ar': '44100', 'sample_fmt': 's16p', 'compression_level': '2', 'reservoir': '1', 'aq': '9'}
2025-06-16 17:59:26 - SPEA2 - INFO -  >> Metrics: {'time': 0.5791381299786735, 'size': 106308, 'peaq': -3.341, 'im': -1.719}
2025-06-16 17:59:26 - SPEA2 - INFO - 1147º Individual: {'ar': '44100', 'sample_fmt': 's16p', 'compression_level': '5', 'reservoir': '1', 'b:a': '195k', 'abr': 'True'}
2025-06-16 17:59:27 - SPEA2 - INFO -  >> Metrics: {'time': 0.6547478610009421, 'size': 274509, 'peaq': -2.615, 'im': -0.731}
2025-06-16 17:59:27 - SPEA2 - INFO - 1148º Individual: {'ar': '44100', 'sample_fmt': 's32p', 'compression_level': '5', 'reservoir': '1', 'b:a': '243k', 'abr': 'True'}
2025-06-16 17:59:27 - SPEA2 - INFO -  >> Metrics: {'time': 0.6610758150054608, 'size': 346266, 'peaq': -2.592, 'im': -0.706}
2025-06-16 17:59:27 - SPEA2 - INFO - 1149º Individual: {'ar': '44100', 'sample_fmt': 's32p', 'compression_level': '2', 'reservoir': '1', 'b:a': '194k', 'abr': 'True'}
2025-06-16 17:59:28 - SPEA2 - INFO -  >> Metrics: {'time': 0.7888048810127657, 'size': 267730, 'peaq': -2.62, 'im': -0.736}
2025-06-16 17:59:28 - SPEA2 - INFO - 1150º Individual: {'ar': '44100', 'sample_fmt': 'fltp', 'compression_level': '5', 'reservoir': '1', 'b:a': '182k', 'abr': 'True'}
2025-06-16 17:59:29 - SPEA2 - INFO -  >> Metrics: {'time': 0.6337238700070884, 'size': 257747, 'peaq': -2.637, 'im': -0.755}
2025-06-16 17:59:29 - SPEA2 - INFO - 1151º Individual: {'ar': '44100', 'sample_fmt': 'fltp', 'compression_level': '9', 'reservoir': '1', 'b:a': '169k', 'abr': 'True'}
2025-06-16 17:59:29 - SPEA2 - INFO -  >> Metrics: {'time': 0.5526518189872149, 'size': 233706, 'peaq': -2.681, 'im': -0.803}
2025-06-16 17:59:29 - SPEA2 - INFO - 1152º Individual: {'ar': '32000', 'sample_fmt': 'fltp', 'compression_level': '7', 'reservoir': '0', 'b:a': '210k', 'abr': 'True'}
2025-06-16 17:59:30 - SPEA2 - INFO -  >> Metrics: {'time': 0.5530243570101447, 'size': 324800, 'peaq': -3.176, 'im': -1.441}
2025-06-16 17:59:30 - SPEA2 - INFO - 1153º Individual: {'ar': '44100', 'sample_fmt': 's32p', 'compression_level': '7', 'reservoir': '1', 'b:a': '105k', 'abr': 'True'}
2025-06-16 17:59:30 - SPEA2 - INFO -  >> Metrics: {'time': 0.6003985209972598, 'size': 139931, 'peaq': -3.279, 'im': -1.608}
2025-06-16 17:59:30 - SPEA2 - INFO - 1154º Individual: {'ar': '44100', 'sample_fmt': 's16p', 'compression_level': '5', 'reservoir': '1', 'b:a': '144k', 'abr': 'True'}
2025-06-16 17:59:31 - SPEA2 - INFO -  >> Metrics: {'time': 0.8072790970036294, 'size': 201084, 'peaq': -2.719, 'im': -0.846}
2025-06-16 17:59:31 - SPEA2 - INFO - 1155º Individual: {'ar': '44100', 'sample_fmt': 's32p', 'compression_level': '6', 'reservoir': '1', 'b:a': '101k', 'abr': 'True'}
2025-06-16 17:59:33 - SPEA2 - INFO -  >> Metrics: {'time': 1.3201139630109537, 'size': 137694, 'peaq': -3.21, 'im': -1.494}
2025-06-16 17:59:33 - SPEA2 - INFO - 1156º Individual: {'ar': '44100', 'sample_fmt': 's32p', 'compression_level': '0', 'reservoir': '1', 'b:a': '245k', 'abr': 'True'}
2025-06-16 17:59:35 - SPEA2 - INFO -  >> Metrics: {'time': 2.389390625001397, 'size': 342206, 'peaq': -2.595, 'im': -0.709}
2025-06-16 17:59:35 - SPEA2 - INFO - 1157º Individual: {'ar': '44100', 'sample_fmt': 's16p', 'compression_level': '0', 'reservoir': '1', 'b:a': '191k', 'abr': 'True'}
2025-06-16 17:59:36 - SPEA2 - INFO -  >> Metrics: {'time': 1.4231862160086166, 'size': 264609, 'peaq': -2.629, 'im': -0.746}
2025-06-16 17:59:36 - SPEA2 - INFO - 1158º Individual: {'ar': '8000', 'sample_fmt': 'fltp', 'compression_level': '7', 'reservoir': '1', 'b:a': '128k', 'abr': 'True'}
2025-06-16 17:59:37 - SPEA2 - INFO -  >> Metrics: {'time': 0.6774725029827096, 'size': 92096, 'peaq': -3.858, 'im': -3.51}
2025-06-16 17:59:37 - SPEA2 - INFO - 1159º Individual: {'ar': '32000', 'sample_fmt': 'fltp', 'compression_level': '7', 'reservoir': '0', 'b:a': '168k'}
2025-06-16 17:59:38 - SPEA2 - INFO -  >> Metrics: {'time': 0.8350296590069775, 'size': 229040, 'peaq': -3.202, 'im': -1.481}
2025-06-16 17:59:38 - SPEA2 - INFO - 1160º Individual: {'ar': '44100', 'sample_fmt': 's32p', 'compression_level': '6', 'reservoir': '1', 'b:a': '101k', 'abr': 'True'}
2025-06-16 17:59:39 - SPEA2 - INFO -  >> Metrics: {'time': 0.6555070079921279, 'size': 137694, 'peaq': -3.21, 'im': -1.494}
2025-06-16 17:59:39 - SPEA2 - INFO - 1161º Individual: {'ar': '44100', 'sample_fmt': 'fltp', 'compression_level': '9', 'reservoir': '1', 'b:a': '128k', 'abr': 'True'}
2025-06-16 17:59:39 - SPEA2 - INFO -  >> Metrics: {'time': 0.6320133369590621, 'size': 173388, 'peaq': -2.937, 'im': -1.108}
2025-06-16 17:59:39 - SPEA2 - INFO - 1162º Individual: {'ar': '44100', 'sample_fmt': 's16p', 'compression_level': '0', 'reservoir': '1', 'b:a': '191k'}
2025-06-16 17:59:41 - SPEA2 - INFO -  >> Metrics: {'time': 1.3141324950265698, 'size': 274051, 'peaq': -2.633, 'im': -0.751}
2025-06-16 17:59:41 - SPEA2 - INFO - 1163º Individual: {'ar': '44100', 'sample_fmt': 's32p', 'compression_level': '7', 'reservoir': '1', 'b:a': '104k'}
2025-06-16 17:59:41 - SPEA2 - INFO -  >> Metrics: {'time': 0.7185901250049938, 'size': 137066, 'peaq': -3.284, 'im': -1.617}
2025-06-16 17:59:41 - SPEA2 - INFO - 1164º Individual: {'ar': '44100', 'sample_fmt': 's32p', 'compression_level': '5', 'reservoir': '1', 'b:a': '106k'}
2025-06-16 17:59:42 - SPEA2 - INFO -  >> Metrics: {'time': 0.7436076469894033, 'size': 159896, 'peaq': -2.963, 'im': -1.14}
2025-06-16 17:59:42 - SPEA2 - INFO - 1165º Individual: {'ar': '44100', 'sample_fmt': 's16p', 'compression_level': '0', 'reservoir': '1', 'b:a': '245k', 'abr': 'True'}
2025-06-16 17:59:44 - SPEA2 - INFO -  >> Metrics: {'time': 1.5396927499677986, 'size': 341475, 'peaq': -2.598, 'im': -0.713}
2025-06-16 17:59:44 - SPEA2 - INFO - 1166º Individual: {'ar': '8000', 'sample_fmt': 's16p', 'compression_level': '2', 'reservoir': '1', 'aq': '9'}
2025-06-16 17:59:44 - SPEA2 - INFO -  >> Metrics: {'time': 0.6387626359937713, 'size': 36728, 'peaq': -3.85, 'im': -3.44}
2025-06-16 17:59:44 - SPEA2 - INFO - 1167º Individual: {'ar': '44100', 'sample_fmt': 'fltp', 'compression_level': '7', 'reservoir': '1', 'b:a': '107k'}
2025-06-16 17:59:45 - SPEA2 - INFO -  >> Metrics: {'time': 0.6691104960045777, 'size': 159896, 'peaq': -3.068, 'im': -1.283}
2025-06-16 17:59:45 - SPEA2 - INFO - 1168º Individual: {'ar': '44100', 'sample_fmt': 's32p', 'compression_level': '5', 'reservoir': '1', 'b:a': '148k', 'abr': 'True'}
2025-06-16 17:59:46 - SPEA2 - INFO -  >> Metrics: {'time': 1.2484815130010247, 'size': 206985, 'peaq': -2.704, 'im': -0.829}
2025-06-16 17:59:46 - SPEA2 - INFO - 1169º Individual: {'ar': '44100', 'sample_fmt': 'fltp', 'compression_level': '1', 'reservoir': '1', 'b:a': '194k', 'abr': 'True'}
2025-06-16 17:59:47 - SPEA2 - INFO -  >> Metrics: {'time': 1.1335323590028565, 'size': 269818, 'peaq': -2.619, 'im': -0.735}
2025-06-16 17:59:47 - SPEA2 - INFO - 1170º Individual: {'ar': '44100', 'sample_fmt': 's32p', 'compression_level': '7', 'reservoir': '1', 'b:a': '267k'}
2025-06-16 17:59:48 - SPEA2 - INFO -  >> Metrics: {'time': 0.8938438329787459, 'size': 365375, 'peaq': -2.604, 'im': -0.719}
2025-06-16 17:59:48 - SPEA2 - INFO - 1171º Individual: {'ar': '16000', 'sample_fmt': 's32p', 'compression_level': '8', 'reservoir': '1', 'b:a': '87k', 'abr': 'True'}
2025-06-16 17:59:49 - SPEA2 - INFO -  >> Metrics: {'time': 0.702640164992772, 'size': 124100, 'peaq': -3.713, 'im': -2.69}
2025-06-16 17:59:49 - SPEA2 - INFO - 1172º Individual: {'ar': '44100', 'sample_fmt': 'fltp', 'compression_level': '9', 'reservoir': '1', 'b:a': '194k', 'abr': 'True'}
2025-06-16 17:59:50 - SPEA2 - INFO -  >> Metrics: {'time': 0.8033101559849456, 'size': 271799, 'peaq': -2.623, 'im': -0.74}
2025-06-16 17:59:50 - SPEA2 - INFO - 1173º Individual: {'ar': '44100', 'sample_fmt': 's32p', 'compression_level': '5', 'reservoir': '1', 'b:a': '249k', 'abr': 'True'}
2025-06-16 17:59:50 - SPEA2 - INFO -  >> Metrics: {'time': 0.7161661599820945, 'size': 353652, 'peaq': -2.589, 'im': -0.703}
2025-06-16 17:59:50 - SPEA2 - INFO - 1174º Individual: {'ar': '44100', 'sample_fmt': 's32p', 'compression_level': '0', 'reservoir': '1', 'b:a': '191k', 'abr': 'True'}
2025-06-16 17:59:52 - SPEA2 - INFO -  >> Metrics: {'time': 1.2796015530184377, 'size': 264713, 'peaq': -2.628, 'im': -0.745}
2025-06-16 17:59:52 - SPEA2 - INFO - 1175º Individual: {'ar': '44100', 'sample_fmt': 's32p', 'compression_level': '5', 'reservoir': '1', 'b:a': '169k', 'abr': 'True'}
2025-06-16 17:59:53 - SPEA2 - INFO -  >> Metrics: {'time': 0.7552492709946819, 'size': 234637, 'peaq': -2.65, 'im': -0.769}
2025-06-16 17:59:53 - SPEA2 - INFO - 1176º Individual: {'ar': '44100', 'sample_fmt': 'fltp', 'compression_level': '5', 'reservoir': '1', 'b:a': '107k'}
2025-06-16 17:59:53 - SPEA2 - INFO -  >> Metrics: {'time': 0.6987817629997153, 'size': 159896, 'peaq': -2.958, 'im': -1.135}
2025-06-16 17:59:53 - SPEA2 - INFO - 1177º Individual: {'ar': '44100', 'sample_fmt': 'fltp', 'compression_level': '2', 'reservoir': '1', 'b:a': '167k', 'abr': 'True'}
2025-06-16 17:59:54 - SPEA2 - INFO -  >> Metrics: {'time': 0.9148402809805702, 'size': 226174, 'peaq': -2.698, 'im': -0.822}
2025-06-16 17:59:54 - SPEA2 - INFO - 1178º Individual: {'ar': '8000', 'sample_fmt': 's16p', 'compression_level': '2', 'reservoir': '1', 'aq': '9'}
2025-06-16 17:59:55 - SPEA2 - INFO -  >> Metrics: {'time': 0.5578791069856379, 'size': 36728, 'peaq': -3.85, 'im': -3.44}
2025-06-16 17:59:55 - SPEA2 - INFO - 1179º Individual: {'ar': '44100', 'sample_fmt': 's16p', 'compression_level': '0', 'reservoir': '1', 'b:a': '32k', 'abr': 'True'}
2025-06-16 17:59:56 - SPEA2 - INFO -  >> Metrics: {'time': 1.0723972719861194, 'size': 49428, 'peaq': -3.138, 'im': -1.383}
2025-06-16 17:59:56 - SPEA2 - INFO - 1180º Individual: {'ar': '44100', 'sample_fmt': 's32p', 'compression_level': '5', 'reservoir': '1', 'b:a': '191k', 'abr': 'True'}
2025-06-16 17:59:56 - SPEA2 - INFO -  >> Metrics: {'time': 0.6819980630243663, 'size': 269298, 'peaq': -2.623, 'im': -0.739}
2025-06-16 17:59:56 - SPEA2 - INFO - 1181º Individual: {'ar': '44100', 'sample_fmt': 'fltp', 'compression_level': '2', 'reservoir': '1', 'aq': '9'}
2025-06-16 17:59:57 - SPEA2 - INFO -  >> Metrics: {'time': 0.5641467350069433, 'size': 106330, 'peaq': -3.343, 'im': -1.721}
2025-06-16 17:59:57 - SPEA2 - INFO - 1182º Individual: {'ar': '44100', 'sample_fmt': 's32p', 'compression_level': '5', 'reservoir': '1', 'b:a': '144k', 'abr': 'True'}
2025-06-16 17:59:58 - SPEA2 - INFO -  >> Metrics: {'time': 0.7282915130199399, 'size': 201137, 'peaq': -2.716, 'im': -0.843}
2025-06-16 17:59:58 - SPEA2 - INFO - 1183º Individual: {'ar': '44100', 'sample_fmt': 's32p', 'compression_level': '0', 'reservoir': '1', 'b:a': '245k', 'abr': 'True'}
2025-06-16 17:59:59 - SPEA2 - INFO -  >> Metrics: {'time': 1.1607072289916687, 'size': 342206, 'peaq': -2.595, 'im': -0.709}
2025-06-16 17:59:59 - SPEA2 - INFO - 1184º Individual: {'ar': '44100', 'sample_fmt': 'fltp', 'compression_level': '5', 'reservoir': '1', 'b:a': '107k'}
2025-06-16 18:00:00 - SPEA2 - INFO -  >> Metrics: {'time': 0.8887622229813132, 'size': 159896, 'peaq': -2.958, 'im': -1.135}
2025-06-16 18:00:00 - SPEA2 - INFO - 1185º Individual: {'ar': '44100', 'sample_fmt': 's32p', 'compression_level': '5', 'reservoir': '1', 'b:a': '111k', 'abr': 'True'}
2025-06-16 18:00:01 - SPEA2 - INFO -  >> Metrics: {'time': 0.7371681819786318, 'size': 151475, 'peaq': -3.03, 'im': -1.23}
2025-06-16 18:00:01 - SPEA2 - INFO - 1186º Individual: {'ar': '44100', 'sample_fmt': 'fltp', 'compression_level': '5', 'reservoir': '1', 'b:a': '142k', 'abr': 'True'}
2025-06-16 18:00:01 - SPEA2 - INFO -  >> Metrics: {'time': 0.7890904399973806, 'size': 194742, 'peaq': -2.785, 'im': -0.922}
2025-06-16 18:00:01 - SPEA2 - INFO - 1187º Individual: {'ar': '44100', 'sample_fmt': 'fltp', 'compression_level': '5', 'reservoir': '1', 'b:a': '107k', 'abr': 'True'}
2025-06-16 18:00:02 - SPEA2 - INFO -  >> Metrics: {'time': 0.8036090380046517, 'size': 145599, 'peaq': -3.108, 'im': -1.339}
2025-06-16 18:00:02 - SPEA2 - INFO - 1188º Individual: {'ar': '44100', 'sample_fmt': 's32p', 'compression_level': '5', 'reservoir': '1', 'b:a': '266k'}
2025-06-16 18:00:03 - SPEA2 - INFO -  >> Metrics: {'time': 0.716522832022747, 'size': 365375, 'peaq': -2.592, 'im': -0.706}
2025-06-16 18:00:03 - SPEA2 - INFO - 1189º Individual: {'ar': '32000', 'sample_fmt': 'fltp', 'compression_level': '0', 'reservoir': '1', 'b:a': '32k', 'abr': 'True'}
2025-06-16 18:00:04 - SPEA2 - INFO -  >> Metrics: {'time': 1.3292655109835323, 'size': 48140, 'peaq': -3.291, 'im': -1.628}
2025-06-16 18:00:04 - SPEA2 - INFO - 1190º Individual: {'ar': '44100', 'sample_fmt': 'fltp', 'compression_level': '7', 'reservoir': '1', 'b:a': '254k'}
2025-06-16 18:00:05 - SPEA2 - INFO -  >> Metrics: {'time': 0.6153369550011121, 'size': 365375, 'peaq': -2.605, 'im': -0.72}
2025-06-16 18:00:05 - SPEA2 - INFO - 1191º Individual: {'ar': '44100', 'sample_fmt': 's32p', 'compression_level': '6', 'reservoir': '1', 'b:a': '101k', 'abr': 'True'}
2025-06-16 18:00:06 - SPEA2 - INFO -  >> Metrics: {'time': 0.7468609269999433, 'size': 137694, 'peaq': -3.21, 'im': -1.494}
2025-06-16 18:00:06 - SPEA2 - INFO - 1192º Individual: {'ar': '44100', 'sample_fmt': 's32p', 'compression_level': '9', 'reservoir': '1', 'b:a': '276k', 'abr': 'True'}
2025-06-16 18:00:07 - SPEA2 - INFO -  >> Metrics: {'time': 0.9346118300163653, 'size': 388982, 'peaq': -2.599, 'im': -0.714}
2025-06-16 18:00:07 - SPEA2 - INFO - 1193º Individual: {'ar': '44100', 'sample_fmt': 'fltp', 'compression_level': '7', 'reservoir': '1', 'b:a': '126k'}
2025-06-16 18:00:08 - SPEA2 - INFO -  >> Metrics: {'time': 1.523059817001922, 'size': 182727, 'peaq': -2.916, 'im': -1.081}
2025-06-16 18:00:08 - SPEA2 - INFO - 1194º Individual: {'ar': '32000', 'sample_fmt': 's16p', 'compression_level': '7', 'reservoir': '1', 'b:a': '190k', 'abr': 'True'}
2025-06-16 18:00:09 - SPEA2 - INFO -  >> Metrics: {'time': 0.9329955510038417, 'size': 271016, 'peaq': -3.179, 'im': -1.446}
2025-06-16 18:00:09 - SPEA2 - INFO - 1195º Individual: {'ar': '32000', 'sample_fmt': 's16p', 'compression_level': '7', 'reservoir': '1', 'b:a': '195k', 'abr': 'True'}
2025-06-16 18:00:10 - SPEA2 - INFO -  >> Metrics: {'time': 0.8829553640389349, 'size': 277784, 'peaq': -3.18, 'im': -1.447}
2025-06-16 18:00:10 - SPEA2 - INFO - 1196º Individual: {'ar': '44100', 'sample_fmt': 's16p', 'compression_level': '5', 'reservoir': '1', 'b:a': '191k', 'abr': 'True'}
2025-06-16 18:00:11 - SPEA2 - INFO -  >> Metrics: {'time': 0.8936349670111667, 'size': 269407, 'peaq': -2.629, 'im': -0.746}
2025-06-16 18:00:11 - SPEA2 - INFO - 1197º Individual: {'ar': '44100', 'sample_fmt': 'fltp', 'compression_level': '5', 'reservoir': '1', 'b:a': '114k', 'abr': 'True'}
2025-06-16 18:00:12 - SPEA2 - INFO -  >> Metrics: {'time': 0.7670399320195429, 'size': 155793, 'peaq': -2.973, 'im': -1.155}
2025-06-16 18:00:12 - SPEA2 - INFO - 1198º Individual: {'ar': '8000', 'sample_fmt': 's16p', 'compression_level': '2', 'reservoir': '1', 'aq': '9'}
2025-06-16 18:00:12 - SPEA2 - INFO -  >> Metrics: {'time': 0.4955587750009727, 'size': 36728, 'peaq': -3.85, 'im': -3.44}
2025-06-16 18:00:12 - SPEA2 - INFO - 1199º Individual: {'ar': '44100', 'sample_fmt': 'fltp', 'compression_level': '7', 'reservoir': '1', 'b:a': '103k'}
2025-06-16 18:00:13 - SPEA2 - INFO -  >> Metrics: {'time': 0.6315827179932967, 'size': 137066, 'peaq': -3.284, 'im': -1.617}
2025-06-16 18:00:13 - SPEA2 - INFO - 1200º Individual: {'ar': '44100', 'sample_fmt': 's32p', 'compression_level': '9', 'reservoir': '1', 'b:a': '194k', 'abr': 'True'}
2025-06-16 18:00:13 - SPEA2 - INFO -  >> Metrics: {'time': 0.5868965089612175, 'size': 271799, 'peaq': -2.623, 'im': -0.74}
2025-06-16 18:00:13 - SPEA2 - INFO - 1201º Individual: {'ar': '44100', 'sample_fmt': 's32p', 'compression_level': '0', 'reservoir': '1', 'b:a': '169k', 'abr': 'True'}
2025-06-16 18:00:15 - SPEA2 - INFO -  >> Metrics: {'time': 1.346867910004221, 'size': 227998, 'peaq': -2.692, 'im': -0.816}
2025-06-16 18:00:15 - SPEA2 - INFO - 1202º Individual: {'ar': '44100', 'sample_fmt': 'fltp', 'compression_level': '9', 'reservoir': '1', 'b:a': '210k', 'abr': 'True'}
2025-06-16 18:00:15 - SPEA2 - INFO -  >> Metrics: {'time': 0.5686800480179954, 'size': 295040, 'peaq': -2.608, 'im': -0.723}
2025-06-16 18:00:15 - SPEA2 - INFO - 1203º Individual: {'ar': '44100', 'sample_fmt': 'fltp', 'compression_level': '5', 'reservoir': '1', 'b:a': '128k', 'abr': 'True'}
2025-06-16 18:00:16 - SPEA2 - INFO -  >> Metrics: {'time': 0.7501428670075256, 'size': 176147, 'peaq': -2.859, 'im': -1.01}
2025-06-16 18:00:16 - SPEA2 - INFO - 1204º Individual: {'ar': '16000', 'sample_fmt': 's32p', 'compression_level': '5', 'reservoir': '1', 'b:a': '86k', 'abr': 'True'}
2025-06-16 18:00:17 - SPEA2 - INFO -  >> Metrics: {'time': 0.5184831689985003, 'size': 111752, 'peaq': -3.766, 'im': -2.922}
2025-06-16 18:00:17 - SPEA2 - INFO - 1205º Individual: {'ar': '16000', 'sample_fmt': 'fltp', 'compression_level': '2', 'reservoir': '1', 'b:a': '32k'}
2025-06-16 18:00:17 - SPEA2 - INFO -  >> Metrics: {'time': 0.5802342589886393, 'size': 46052, 'peaq': -3.297, 'im': -1.638}
2025-06-16 18:00:17 - SPEA2 - INFO - 1206º Individual: {'ar': '16000', 'sample_fmt': 'fltp', 'compression_level': '8', 'reservoir': '1', 'b:a': '128k', 'abr': 'True'}
2025-06-16 18:00:18 - SPEA2 - INFO -  >> Metrics: {'time': 0.520314279012382, 'size': 182204, 'peaq': -3.768, 'im': -2.932}
2025-06-16 18:00:18 - SPEA2 - INFO - 1207º Individual: {'ar': '44100', 'sample_fmt': 'fltp', 'compression_level': '7', 'reservoir': '1', 'b:a': '32k'}
2025-06-16 18:00:18 - SPEA2 - INFO -  >> Metrics: {'time': 0.5546519350027665, 'size': 45846, 'peaq': -3.286, 'im': -1.619}
2025-06-16 18:00:18 - SPEA2 - INFO - 1208º Individual: {'ar': '44100', 'sample_fmt': 's32p', 'compression_level': '9', 'reservoir': '1', 'b:a': '143k', 'abr': 'True'}
2025-06-16 18:00:19 - SPEA2 - INFO -  >> Metrics: {'time': 0.5882539529993664, 'size': 195422, 'peaq': -2.805, 'im': -0.945}
2025-06-16 18:00:19 - SPEA2 - INFO - 1209º Individual: {'ar': '44100', 'sample_fmt': 'fltp', 'compression_level': '5', 'reservoir': '1', 'b:a': '128k', 'abr': 'True'}
2025-06-16 18:00:20 - SPEA2 - INFO -  >> Metrics: {'time': 0.7018253699934576, 'size': 176147, 'peaq': -2.859, 'im': -1.01}
2025-06-16 18:00:20 - SPEA2 - INFO - 1210º Individual: {'ar': '44100', 'sample_fmt': 's32p', 'compression_level': '9', 'reservoir': '1', 'b:a': '99k', 'abr': 'True'}
2025-06-16 18:00:20 - SPEA2 - INFO -  >> Metrics: {'time': 0.5944055750151165, 'size': 132650, 'peaq': -3.348, 'im': -1.731}
2025-06-16 18:00:20 - SPEA2 - INFO - 1211º Individual: {'ar': '16000', 'sample_fmt': 's32p', 'compression_level': '5', 'reservoir': '1', 'b:a': '75k', 'abr': 'True'}
2025-06-16 18:00:21 - SPEA2 - INFO -  >> Metrics: {'time': 0.5416213409916963, 'size': 99512, 'peaq': -3.807, 'im': -3.147}
2025-06-16 18:00:21 - SPEA2 - INFO - 1212º Individual: {'ar': '32000', 'sample_fmt': 'fltp', 'compression_level': '7', 'reservoir': '1', 'b:a': '32k'}
2025-06-16 18:00:21 - SPEA2 - INFO -  >> Metrics: {'time': 0.6481405300146434, 'size': 45944, 'peaq': -3.434, 'im': -1.9}
2025-06-16 18:00:21 - SPEA2 - INFO - 1213º Individual: {'ar': '44100', 'sample_fmt': 'fltp', 'compression_level': '9', 'reservoir': '1', 'b:a': '210k', 'abr': 'True'}
2025-06-16 18:00:22 - SPEA2 - INFO -  >> Metrics: {'time': 0.6472492159809917, 'size': 295040, 'peaq': -2.608, 'im': -0.723}
2025-06-16 18:00:22 - SPEA2 - INFO - 1214º Individual: {'ar': '16000', 'sample_fmt': 's32p', 'compression_level': '0', 'reservoir': '1', 'b:a': '86k', 'abr': 'True'}
2025-06-16 18:00:23 - SPEA2 - INFO -  >> Metrics: {'time': 0.8423146139830351, 'size': 89252, 'peaq': -3.815, 'im': -3.194}
2025-06-16 18:00:23 - SPEA2 - INFO - 1215º Individual: {'ar': '44100', 'sample_fmt': 'fltp', 'compression_level': '2', 'reservoir': '1', 'b:a': '104k', 'abr': 'True'}
2025-06-16 18:00:24 - SPEA2 - INFO -  >> Metrics: {'time': 0.7091151119966526, 'size': 139671, 'peaq': -3.312, 'im': -1.666}
2025-06-16 18:00:24 - SPEA2 - INFO - 1216º Individual: {'ar': '16000', 'sample_fmt': 'fltp', 'compression_level': '0', 'reservoir': '1', 'b:a': '32k', 'abr': 'True'}
2025-06-16 18:00:24 - SPEA2 - INFO -  >> Metrics: {'time': 0.7653403560107108, 'size': 44972, 'peaq': -3.277, 'im': -1.605}
2025-06-16 18:00:24 - SPEA2 - INFO - 1217º Individual: {'ar': '44100', 'sample_fmt': 's32p', 'compression_level': '0', 'reservoir': '1', 'b:a': '245k', 'abr': 'True'}
2025-06-16 18:00:25 - SPEA2 - INFO -  >> Metrics: {'time': 1.029011035017902, 'size': 342206, 'peaq': -2.595, 'im': -0.709}
2025-06-16 18:00:25 - SPEA2 - INFO - 1218º Individual: {'ar': '44100', 'sample_fmt': 's32p', 'compression_level': '7', 'reservoir': '1', 'b:a': '103k'}
2025-06-16 18:00:26 - SPEA2 - INFO -  >> Metrics: {'time': 0.5552097320032772, 'size': 137066, 'peaq': -3.284, 'im': -1.617}
2025-06-16 18:00:26 - SPEA2 - INFO - 1219º Individual: {'ar': '16000', 'sample_fmt': 'fltp', 'compression_level': '8', 'reservoir': '1', 'aq': '9'}
2025-06-16 18:00:27 - SPEA2 - INFO -  >> Metrics: {'time': 0.48798718699254096, 'size': 63224, 'peaq': -3.805, 'im': -3.135}
2025-06-16 18:00:27 - SPEA2 - INFO - 1220º Individual: {'ar': '32000', 'sample_fmt': 's32p', 'compression_level': '5', 'reservoir': '1', 'b:a': '144k', 'abr': 'True'}
2025-06-16 18:00:27 - SPEA2 - INFO -  >> Metrics: {'time': 0.6159700209682342, 'size': 201968, 'peaq': -3.22, 'im': -1.51}
2025-06-16 18:00:27 - SPEA2 - INFO - 1221º Individual: {'ar': '44100', 'sample_fmt': 'fltp', 'compression_level': '7', 'reservoir': '1', 'b:a': '170k', 'abr': 'True'}
2025-06-16 18:00:28 - SPEA2 - INFO -  >> Metrics: {'time': 0.5945328850066289, 'size': 235163, 'peaq': -2.676, 'im': -0.798}
2025-06-16 18:00:28 - SPEA2 - INFO - 1222º Individual: {'ar': '44100', 'sample_fmt': 's16p', 'compression_level': '7', 'reservoir': '1', 'b:a': '169k', 'abr': 'True'}
2025-06-16 18:00:28 - SPEA2 - INFO -  >> Metrics: {'time': 0.5378236440010369, 'size': 233702, 'peaq': -2.678, 'im': -0.8}
2025-06-16 18:00:28 - SPEA2 - INFO - 1223º Individual: {'ar': '44100', 'sample_fmt': 's32p', 'compression_level': '5', 'reservoir': '1', 'b:a': '191k', 'abr': 'True'}
2025-06-16 18:00:29 - SPEA2 - INFO -  >> Metrics: {'time': 0.6417819169873837, 'size': 269298, 'peaq': -2.623, 'im': -0.739}
2025-06-16 18:00:29 - SPEA2 - INFO - 1224º Individual: {'ar': '44100', 'sample_fmt': 's16p', 'compression_level': '0', 'reservoir': '1', 'b:a': '191k', 'abr': 'True'}
2025-06-16 18:00:30 - SPEA2 - INFO -  >> Metrics: {'time': 0.9772945009754039, 'size': 264609, 'peaq': -2.629, 'im': -0.746}
2025-06-16 18:00:30 - SPEA2 - INFO - 1225º Individual: {'ar': '44100', 'sample_fmt': 's32p', 'compression_level': '9', 'reservoir': '1', 'b:a': '32k', 'abr': 'True'}
2025-06-16 18:00:30 - SPEA2 - INFO -  >> Metrics: {'time': 0.5418535229982808, 'size': 49324, 'peaq': -3.35, 'im': -1.734}
2025-06-16 18:00:30 - SPEA2 - INFO - 1226º Individual: {'ar': '44100', 'sample_fmt': 's32p', 'compression_level': '5', 'reservoir': '1', 'b:a': '107k'}
2025-06-16 18:00:31 - SPEA2 - INFO -  >> Metrics: {'time': 0.6562108390207868, 'size': 159896, 'peaq': -2.963, 'im': -1.14}
2025-06-16 18:00:31 - SPEA2 - INFO - 1227º Individual: {'ar': '44100', 'sample_fmt': 's32p', 'compression_level': '9', 'reservoir': '1', 'b:a': '194k', 'abr': 'True'}
2025-06-16 18:00:32 - SPEA2 - INFO -  >> Metrics: {'time': 0.590581224008929, 'size': 271799, 'peaq': -2.623, 'im': -0.74}
2025-06-16 18:00:32 - SPEA2 - INFO - 1228º Individual: {'ar': '44100', 'sample_fmt': 's32p', 'compression_level': '5', 'reservoir': '1', 'b:a': '191k', 'abr': 'True'}
2025-06-16 18:00:32 - SPEA2 - INFO -  >> Metrics: {'time': 0.629385614010971, 'size': 269298, 'peaq': -2.623, 'im': -0.739}
2025-06-16 18:00:32 - SPEA2 - INFO - 1229º Individual: {'ar': '44100', 'sample_fmt': 's32p', 'compression_level': '6', 'reservoir': '1', 'b:a': '100k', 'abr': 'True'}
2025-06-16 18:00:33 - SPEA2 - INFO -  >> Metrics: {'time': 0.6460764069925062, 'size': 136394, 'peaq': -3.231, 'im': -1.527}
2025-06-16 18:00:33 - SPEA2 - INFO - 1230º Individual: {'ar': '44100', 'sample_fmt': 'fltp', 'compression_level': '0', 'reservoir': '1', 'b:a': '245k', 'abr': 'True'}
2025-06-16 18:00:34 - SPEA2 - INFO -  >> Metrics: {'time': 0.9994378359988332, 'size': 342206, 'peaq': -2.595, 'im': -0.709}
2025-06-16 18:00:34 - SPEA2 - INFO - 1231º Individual: {'ar': '44100', 'sample_fmt': 's16p', 'compression_level': '5', 'reservoir': '1', 'b:a': '144k', 'abr': 'True'}
2025-06-16 18:00:35 - SPEA2 - INFO -  >> Metrics: {'time': 0.6553361999976914, 'size': 201084, 'peaq': -2.719, 'im': -0.846}
2025-06-16 18:00:35 - SPEA2 - INFO - 1232º Individual: {'ar': '44100', 'sample_fmt': 's32p', 'compression_level': '5', 'reservoir': '1', 'b:a': '191k', 'abr': 'True'}
2025-06-16 18:00:35 - SPEA2 - INFO -  >> Metrics: {'time': 0.6750199059897568, 'size': 269298, 'peaq': -2.623, 'im': -0.739}
2025-06-16 18:00:35 - SPEA2 - INFO - 1233º Individual: {'ar': '8000', 'sample_fmt': 'fltp', 'compression_level': '9', 'reservoir': '1', 'b:a': '262k', 'abr': 'True'}
2025-06-16 18:00:36 - SPEA2 - INFO -  >> Metrics: {'time': 0.5251802499988116, 'size': 92384, 'peaq': -3.858, 'im': -3.51}
2025-06-16 18:00:36 - SPEA2 - INFO - 1234º Individual: {'ar': '32000', 'sample_fmt': 's16p', 'compression_level': '7', 'reservoir': '1', 'aq': '9'}
2025-06-16 18:00:37 - SPEA2 - INFO -  >> Metrics: {'time': 0.6121826349699404, 'size': 83672, 'peaq': -3.514, 'im': -2.081}
2025-06-16 18:00:37 - SPEA2 - INFO - 1235º Individual: {'ar': '44100', 'sample_fmt': 'fltp', 'compression_level': '2', 'reservoir': '1', 'b:a': '175k', 'abr': 'True'}
2025-06-16 18:00:38 - SPEA2 - INFO -  >> Metrics: {'time': 1.0771731529966928, 'size': 234155, 'peaq': -2.667, 'im': -0.788}
2025-06-16 18:00:38 - SPEA2 - INFO - 1236º Individual: {'ar': '44100', 'sample_fmt': 's32p', 'compression_level': '5', 'reservoir': '1', 'b:a': '111k', 'abr': 'True'}
2025-06-16 18:00:38 - SPEA2 - INFO -  >> Metrics: {'time': 0.6736123930022586, 'size': 151475, 'peaq': -3.03, 'im': -1.23}
2025-06-16 18:00:38 - SPEA2 - INFO - 1237º Individual: {'ar': '44100', 'sample_fmt': 's32p', 'compression_level': '0', 'reservoir': '1', 'b:a': '143k'}
2025-06-16 18:00:40 - SPEA2 - INFO -  >> Metrics: {'time': 1.4560034209862351, 'size': 182727, 'peaq': -2.948, 'im': -1.121}
2025-06-16 18:00:40 - SPEA2 - INFO - 1238º Individual: {'ar': '44100', 'sample_fmt': 'fltp', 'compression_level': '7', 'reservoir': '1', 'b:a': '160k', 'abr': 'True'}
2025-06-16 18:00:40 - SPEA2 - INFO -  >> Metrics: {'time': 0.5600532709795516, 'size': 220456, 'peaq': -2.714, 'im': -0.84}
2025-06-16 18:00:40 - SPEA2 - INFO - 1239º Individual: {'ar': '8000', 'sample_fmt': 's32p', 'compression_level': '5', 'reservoir': '1', 'aq': '9'}
2025-06-16 18:00:41 - SPEA2 - INFO -  >> Metrics: {'time': 0.4870661119930446, 'size': 37232, 'peaq': -3.85, 'im': -3.441}
2025-06-16 18:00:41 - SPEA2 - INFO - 1240º Individual: {'ar': '44100', 'sample_fmt': 'fltp', 'compression_level': '5', 'reservoir': '1', 'b:a': '128k', 'abr': 'True'}
2025-06-16 18:00:42 - SPEA2 - INFO -  >> Metrics: {'time': 0.6922832060081419, 'size': 176147, 'peaq': -2.859, 'im': -1.01}
2025-06-16 18:00:42 - SPEA2 - INFO - 1241º Individual: {'ar': '44100', 'sample_fmt': 'fltp', 'compression_level': '0', 'reservoir': '1', 'b:a': '113k', 'abr': 'True'}
2025-06-16 18:00:43 - SPEA2 - INFO -  >> Metrics: {'time': 1.1357831030036323, 'size': 152880, 'peaq': -3.158, 'im': -1.414}
2025-06-16 18:00:43 - SPEA2 - INFO - 1242º Individual: {'ar': '44100', 'sample_fmt': 'fltp', 'compression_level': '2', 'reservoir': '1', 'b:a': '168k', 'abr': 'True'}
2025-06-16 18:00:44 - SPEA2 - INFO -  >> Metrics: {'time': 1.001200881000841, 'size': 227529, 'peaq': -2.678, 'im': -0.8}
2025-06-16 18:00:44 - SPEA2 - INFO - 1243º Individual: {'ar': '44100', 'sample_fmt': 's32p', 'compression_level': '0', 'reservoir': '1', 'b:a': '105k', 'abr': 'True'}
2025-06-16 18:00:45 - SPEA2 - INFO -  >> Metrics: {'time': 1.1732703619927634, 'size': 141752, 'peaq': -3.301, 'im': -1.646}
2025-06-16 18:00:45 - SPEA2 - INFO - 1244º Individual: {'ar': '44100', 'sample_fmt': 's32p', 'compression_level': '7', 'reservoir': '1', 'b:a': '111k'}
2025-06-16 18:00:46 - SPEA2 - INFO -  >> Metrics: {'time': 0.7987201029900461, 'size': 159896, 'peaq': -3.068, 'im': -1.283}
2025-06-16 18:00:46 - SPEA2 - INFO - 1245º Individual: {'ar': '44100', 'sample_fmt': 's32p', 'compression_level': '0', 'reservoir': '1', 'b:a': '107k', 'abr': 'True'}
2025-06-16 18:00:47 - SPEA2 - INFO -  >> Metrics: {'time': 1.2852369509928394, 'size': 144455, 'peaq': -3.267, 'im': -1.587}
2025-06-16 18:00:47 - SPEA2 - INFO - 1246º Individual: {'ar': '44100', 'sample_fmt': 'fltp', 'compression_level': '5', 'reservoir': '1', 'b:a': '144k', 'abr': 'True'}
2025-06-16 18:00:48 - SPEA2 - INFO -  >> Metrics: {'time': 0.9675125429930631, 'size': 201136, 'peaq': -2.716, 'im': -0.843}
2025-06-16 18:00:48 - SPEA2 - INFO - 1247º Individual: {'ar': '44100', 'sample_fmt': 's32p', 'compression_level': '9', 'reservoir': '1', 'b:a': '103k'}
2025-06-16 18:00:49 - SPEA2 - INFO -  >> Metrics: {'time': 0.6759174010076094, 'size': 137066, 'peaq': -3.284, 'im': -1.617}
2025-06-16 18:00:49 - SPEA2 - INFO - 1248º Individual: {'ar': '44100', 'sample_fmt': 's32p', 'compression_level': '5', 'reservoir': '1', 'b:a': '111k', 'abr': 'True'}
2025-06-16 18:00:49 - SPEA2 - INFO -  >> Metrics: {'time': 0.8180066650093067, 'size': 151475, 'peaq': -3.03, 'im': -1.23}
2025-06-16 18:00:49 - SPEA2 - INFO - 1249º Individual: {'ar': '44100', 'sample_fmt': 's16p', 'compression_level': '5', 'reservoir': '1', 'b:a': '244k', 'abr': 'True'}
2025-06-16 18:00:50 - SPEA2 - INFO -  >> Metrics: {'time': 0.901582327001961, 'size': 347618, 'peaq': -2.594, 'im': -0.708}
2025-06-16 18:00:50 - SPEA2 - INFO - 1250º Individual: {'ar': '44100', 'sample_fmt': 's16p', 'compression_level': '6', 'reservoir': '1', 'b:a': '193k', 'abr': 'True'}
2025-06-16 18:00:51 - SPEA2 - INFO -  >> Metrics: {'time': 0.9031110480136704, 'size': 271902, 'peaq': -2.617, 'im': -0.733}
2025-06-16 18:00:51 - SPEA2 - INFO - 1251º Individual: {'ar': '44100', 'sample_fmt': 's32p', 'compression_level': '0', 'reservoir': '1', 'b:a': '192k', 'abr': 'True'}
2025-06-16 18:00:52 - SPEA2 - INFO -  >> Metrics: {'time': 1.213245025021024, 'size': 265650, 'peaq': -2.623, 'im': -0.74}
2025-06-16 18:00:52 - SPEA2 - INFO - 1252º Individual: {'ar': '12000', 'sample_fmt': 'fltp', 'compression_level': '7', 'reservoir': '0', 'b:a': '108k'}
2025-06-16 18:00:53 - SPEA2 - INFO -  >> Metrics: {'time': 0.5040138220065273, 'size': 92528, 'peaq': -3.74, 'im': -2.803}
2025-06-16 18:00:53 - SPEA2 - INFO - 1253º Individual: {'ar': '32000', 'sample_fmt': 'fltp', 'compression_level': '7', 'reservoir': '1', 'b:a': '107k'}
2025-06-16 18:00:54 - SPEA2 - INFO -  >> Metrics: {'time': 0.5786015309859067, 'size': 160352, 'peaq': -3.405, 'im': -1.841}
2025-06-16 18:00:54 - SPEA2 - INFO - 1254º Individual: {'ar': '44100', 'sample_fmt': 'fltp', 'compression_level': '7', 'reservoir': '1', 'b:a': '210k', 'abr': 'True'}
2025-06-16 18:00:54 - SPEA2 - INFO -  >> Metrics: {'time': 0.5853669609932695, 'size': 295040, 'peaq': -2.608, 'im': -0.723}
2025-06-16 18:00:54 - SPEA2 - INFO - 1255º Individual: {'ar': '44100', 'sample_fmt': 'fltp', 'compression_level': '5', 'reservoir': '1', 'b:a': '144k', 'abr': 'True'}
2025-06-16 18:00:55 - SPEA2 - INFO -  >> Metrics: {'time': 0.7127037770114839, 'size': 201136, 'peaq': -2.716, 'im': -0.843}
2025-06-16 18:00:55 - SPEA2 - INFO - 1256º Individual: {'ar': '44100', 'sample_fmt': 'fltp', 'compression_level': '2', 'reservoir': '1', 'b:a': '168k', 'abr': 'True'}
2025-06-16 18:00:56 - SPEA2 - INFO -  >> Metrics: {'time': 0.9320015269913711, 'size': 227529, 'peaq': -2.678, 'im': -0.8}
2025-06-16 18:00:56 - SPEA2 - INFO - 1257º Individual: {'ar': '44100', 'sample_fmt': 's32p', 'compression_level': '5', 'reservoir': '1', 'b:a': '107k', 'abr': 'True'}
2025-06-16 18:00:57 - SPEA2 - INFO -  >> Metrics: {'time': 0.6642759159731213, 'size': 145599, 'peaq': -3.107, 'im': -1.339}
2025-06-16 18:00:57 - SPEA2 - INFO - 1258º Individual: {'ar': '44100', 'sample_fmt': 's16p', 'compression_level': '0', 'reservoir': '1', 'b:a': '247k', 'abr': 'True'}
2025-06-16 18:00:58 - SPEA2 - INFO -  >> Metrics: {'time': 1.2404212240071502, 'size': 343764, 'peaq': -2.596, 'im': -0.71}
2025-06-16 18:00:58 - SPEA2 - INFO - 1259º Individual: {'ar': '44100', 'sample_fmt': 's32p', 'compression_level': '7', 'reservoir': '1', 'b:a': '267k'}
2025-06-16 18:00:59 - SPEA2 - INFO -  >> Metrics: {'time': 0.7296994799980894, 'size': 365375, 'peaq': -2.604, 'im': -0.719}
2025-06-16 18:00:59 - SPEA2 - INFO - 1260º Individual: {'ar': '44100', 'sample_fmt': 's32p', 'compression_level': '5', 'reservoir': '1', 'b:a': '196k', 'abr': 'True'}
2025-06-16 18:00:59 - SPEA2 - INFO -  >> Metrics: {'time': 0.8091290379816201, 'size': 275657, 'peaq': -2.619, 'im': -0.736}
2025-06-16 18:00:59 - SPEA2 - INFO - 1261º Individual: {'ar': '44100', 'sample_fmt': 's32p', 'compression_level': '7', 'reservoir': '1', 'b:a': '107k'}
2025-06-16 18:01:01 - SPEA2 - INFO -  >> Metrics: {'time': 1.2277673869975843, 'size': 159896, 'peaq': -3.068, 'im': -1.283}
2025-06-16 18:01:01 - SPEA2 - INFO - 1262º Individual: {'ar': '44100', 'sample_fmt': 's32p', 'compression_level': '5', 'reservoir': '1', 'b:a': '258k', 'abr': 'True'}
2025-06-16 18:01:02 - SPEA2 - INFO -  >> Metrics: {'time': 0.9471540579688735, 'size': 363124, 'peaq': -2.581, 'im': -0.695}
2025-06-16 18:01:02 - SPEA2 - INFO - 1263º Individual: {'ar': '44100', 'sample_fmt': 's32p', 'compression_level': '5', 'reservoir': '1', 'b:a': '169k', 'abr': 'True'}
2025-06-16 18:01:02 - SPEA2 - INFO -  >> Metrics: {'time': 0.7579737080377527, 'size': 234637, 'peaq': -2.65, 'im': -0.769}
2025-06-16 18:01:02 - SPEA2 - INFO - 1264º Individual: {'ar': '44100', 'sample_fmt': 's32p', 'compression_level': '9', 'reservoir': '1', 'b:a': '194k', 'abr': 'True'}
2025-06-16 18:01:03 - SPEA2 - INFO -  >> Metrics: {'time': 0.6094782979926094, 'size': 271799, 'peaq': -2.623, 'im': -0.74}
2025-06-16 18:01:03 - SPEA2 - INFO - 1265º Individual: {'ar': '12000', 'sample_fmt': 'fltp', 'compression_level': '5', 'reservoir': '0', 'b:a': '108k'}
2025-06-16 18:01:03 - SPEA2 - INFO -  >> Metrics: {'time': 0.5279810109932441, 'size': 92528, 'peaq': -3.761, 'im': -2.898}
2025-06-16 18:01:03 - SPEA2 - INFO - 1266º Individual: {'ar': '44100', 'sample_fmt': 'fltp', 'compression_level': '5', 'reservoir': '1', 'b:a': '114k', 'abr': 'True'}
2025-06-16 18:01:04 - SPEA2 - INFO -  >> Metrics: {'time': 0.6881019250140525, 'size': 155793, 'peaq': -2.973, 'im': -1.155}
2025-06-16 18:01:04 - SPEA2 - INFO - 1267º Individual: {'ar': '32000', 'sample_fmt': 's16p', 'compression_level': '7', 'reservoir': '1', 'b:a': '194k', 'abr': 'True'}
2025-06-16 18:01:05 - SPEA2 - INFO -  >> Metrics: {'time': 0.7850963190139737, 'size': 276272, 'peaq': -3.179, 'im': -1.445}
2025-06-16 18:01:05 - SPEA2 - INFO - 1268º Individual: {'ar': '44100', 'sample_fmt': 'fltp', 'compression_level': '5', 'reservoir': '1', 'b:a': '141k', 'abr': 'True'}
2025-06-16 18:01:06 - SPEA2 - INFO -  >> Metrics: {'time': 0.8193961309734732, 'size': 193478, 'peaq': -2.791, 'im': -0.929}
2025-06-16 18:01:06 - SPEA2 - INFO - 1269º Individual: {'ar': '44100', 'sample_fmt': 's32p', 'compression_level': '0', 'reservoir': '1', 'b:a': '103k'}
2025-06-16 18:01:07 - SPEA2 - INFO -  >> Metrics: {'time': 1.646083297993755, 'size': 137066, 'peaq': -3.353, 'im': -1.74}
2025-06-16 18:01:07 - SPEA2 - INFO - 1270º Individual: {'ar': '44100', 'sample_fmt': 's16p', 'compression_level': '5', 'reservoir': '1', 'b:a': '169k', 'abr': 'True'}
2025-06-16 18:01:08 - SPEA2 - INFO -  >> Metrics: {'time': 0.8239390260132495, 'size': 234737, 'peaq': -2.654, 'im': -0.774}
2025-06-16 18:01:08 - SPEA2 - INFO - 1271º Individual: {'ar': '32000', 'sample_fmt': 'fltp', 'compression_level': '5', 'reservoir': '0', 'b:a': '174k', 'abr': 'True'}
2025-06-16 18:01:09 - SPEA2 - INFO -  >> Metrics: {'time': 0.7760031709913164, 'size': 256976, 'peaq': -3.192, 'im': -1.466}
2025-06-16 18:01:09 - SPEA2 - INFO - 1272º Individual: {'ar': '44100', 'sample_fmt': 's16p', 'compression_level': '5', 'reservoir': '1', 'b:a': '244k', 'abr': 'True'}
2025-06-16 18:01:10 - SPEA2 - INFO -  >> Metrics: {'time': 0.8547887459862977, 'size': 347618, 'peaq': -2.594, 'im': -0.708}
2025-06-16 18:01:10 - SPEA2 - INFO - 1273º Individual: {'ar': '44100', 'sample_fmt': 's32p', 'compression_level': '9', 'reservoir': '1', 'b:a': '194k', 'abr': 'True'}
2025-06-16 18:01:11 - SPEA2 - INFO -  >> Metrics: {'time': 0.6706702130031772, 'size': 271799, 'peaq': -2.623, 'im': -0.74}
2025-06-16 18:01:11 - SPEA2 - INFO - 1274º Individual: {'ar': '44100', 'sample_fmt': 'fltp', 'compression_level': '7', 'reservoir': '1', 'b:a': '32k'}
2025-06-16 18:01:11 - SPEA2 - INFO -  >> Metrics: {'time': 0.6920127690245863, 'size': 45846, 'peaq': -3.286, 'im': -1.619}
2025-06-16 18:01:11 - SPEA2 - INFO - 1275º Individual: {'ar': '44100', 'sample_fmt': 's32p', 'compression_level': '7', 'reservoir': '1', 'b:a': '107k'}
2025-06-16 18:01:12 - SPEA2 - INFO -  >> Metrics: {'time': 0.5812074929999653, 'size': 159896, 'peaq': -3.068, 'im': -1.283}
2025-06-16 18:01:12 - SPEA2 - INFO - 1276º Individual: {'ar': '44100', 'sample_fmt': 's32p', 'compression_level': '5', 'reservoir': '1', 'b:a': '193k', 'abr': 'True'}
2025-06-16 18:01:13 - SPEA2 - INFO -  >> Metrics: {'time': 0.6569456080032978, 'size': 271798, 'peaq': -2.62, 'im': -0.736}
2025-06-16 18:01:13 - SPEA2 - INFO - 1277º Individual: {'ar': '44100', 'sample_fmt': 's32p', 'compression_level': '9', 'reservoir': '1', 'b:a': '130k', 'abr': 'True'}
2025-06-16 18:01:13 - SPEA2 - INFO -  >> Metrics: {'time': 0.5496362010017037, 'size': 176514, 'peaq': -2.918, 'im': -1.084}
2025-06-16 18:01:13 - SPEA2 - INFO - 1278º Individual: {'ar': '44100', 'sample_fmt': 'fltp', 'compression_level': '5', 'reservoir': '1', 'b:a': '112k', 'abr': 'True'}
2025-06-16 18:01:14 - SPEA2 - INFO -  >> Metrics: {'time': 0.7208787680137902, 'size': 152985, 'peaq': -3.014, 'im': -1.208}
2025-06-16 18:01:14 - SPEA2 - INFO - 1279º Individual: {'ar': '44100', 'sample_fmt': 'fltp', 'compression_level': '7', 'reservoir': '1', 'b:a': '144k'}
2025-06-16 18:01:14 - SPEA2 - INFO -  >> Metrics: {'time': 0.554701039014617, 'size': 182727, 'peaq': -2.918, 'im': -1.084}
2025-06-16 18:01:14 - SPEA2 - INFO - 1280º Individual: {'ar': '44100', 'sample_fmt': 's16p', 'compression_level': '6', 'reservoir': '1', 'b:a': '193k', 'abr': 'True'}
2025-06-16 18:01:16 - SPEA2 - INFO -  >> Metrics: {'time': 1.1311169699765742, 'size': 271902, 'peaq': -2.617, 'im': -0.733}
2025-06-16 18:01:16 - SPEA2 - INFO - 1281º Individual: {'ar': '16000', 'sample_fmt': 'fltp', 'compression_level': '0', 'reservoir': '1', 'b:a': '32k', 'abr': 'True'}
2025-06-16 18:01:16 - SPEA2 - INFO -  >> Metrics: {'time': 0.7456697220040951, 'size': 44972, 'peaq': -3.277, 'im': -1.605}
2025-06-16 18:01:16 - SPEA2 - INFO - 1282º Individual: {'ar': '44100', 'sample_fmt': 'fltp', 'compression_level': '9', 'reservoir': '1', 'b:a': '144k', 'abr': 'True'}
2025-06-16 18:01:17 - SPEA2 - INFO -  >> Metrics: {'time': 0.5680690100125503, 'size': 197201, 'peaq': -2.807, 'im': -0.948}
2025-06-16 18:01:17 - SPEA2 - INFO - 1283º Individual: {'ar': '44100', 'sample_fmt': 'fltp', 'compression_level': '7', 'reservoir': '1', 'b:a': '32k'}
2025-06-16 18:01:17 - SPEA2 - INFO -  >> Metrics: {'time': 0.5521369469934143, 'size': 45846, 'peaq': -3.286, 'im': -1.619}
2025-06-16 18:01:17 - SPEA2 - INFO - 1284º Individual: {'ar': '44100', 'sample_fmt': 'fltp', 'compression_level': '6', 'reservoir': '1', 'b:a': '32k', 'abr': 'True'}
2025-06-16 18:01:18 - SPEA2 - INFO -  >> Metrics: {'time': 0.6607969170145225, 'size': 49350, 'peaq': -3.348, 'im': -1.73}
2025-06-16 18:01:18 - SPEA2 - INFO - 1285º Individual: {'ar': '44100', 'sample_fmt': 'fltp', 'compression_level': '5', 'reservoir': '1', 'b:a': '193k', 'abr': 'True'}
2025-06-16 18:01:19 - SPEA2 - INFO -  >> Metrics: {'time': 0.6514772830123547, 'size': 271798, 'peaq': -2.62, 'im': -0.736}
2025-06-16 18:01:19 - SPEA2 - INFO - 1286º Individual: {'ar': '44100', 'sample_fmt': 'fltp', 'compression_level': '6', 'reservoir': '1', 'b:a': '99k', 'abr': 'True'}
2025-06-16 18:01:19 - SPEA2 - INFO -  >> Metrics: {'time': 0.6211569260049146, 'size': 135199, 'peaq': -3.242, 'im': -1.545}
2025-06-16 18:01:19 - SPEA2 - INFO - 1287º Individual: {'ar': '44100', 'sample_fmt': 's32p', 'compression_level': '5', 'reservoir': '1', 'b:a': '103k'}
2025-06-16 18:01:20 - SPEA2 - INFO -  >> Metrics: {'time': 0.641252594999969, 'size': 137066, 'peaq': -3.226, 'im': -1.519}
2025-06-16 18:01:20 - SPEA2 - INFO - 1288º Individual: {'ar': '44100', 'sample_fmt': 's16p', 'compression_level': '0', 'reservoir': '1', 'b:a': '118k', 'abr': 'True'}
2025-06-16 18:01:22 - SPEA2 - INFO -  >> Metrics: {'time': 1.554338189016562, 'size': 159800, 'peaq': -3.069, 'im': -1.283}
2025-06-16 18:01:22 - SPEA2 - INFO - 1289º Individual: {'ar': '44100', 'sample_fmt': 'fltp', 'compression_level': '2', 'reservoir': '1', 'b:a': '167k', 'abr': 'True'}
2025-06-16 18:01:23 - SPEA2 - INFO -  >> Metrics: {'time': 1.76986307601328, 'size': 226174, 'peaq': -2.698, 'im': -0.822}
2025-06-16 18:01:23 - SPEA2 - INFO - 1290º Individual: {'ar': '44100', 'sample_fmt': 'fltp', 'compression_level': '7', 'reservoir': '1', 'b:a': '144k', 'abr': 'True'}
2025-06-16 18:01:24 - SPEA2 - INFO -  >> Metrics: {'time': 0.7634572130045854, 'size': 197201, 'peaq': -2.807, 'im': -0.948}
2025-06-16 18:01:24 - SPEA2 - INFO - 1291º Individual: {'ar': '44100', 'sample_fmt': 's32p', 'compression_level': '7', 'reservoir': '1', 'b:a': '101k', 'abr': 'True'}
2025-06-16 18:01:25 - SPEA2 - INFO -  >> Metrics: {'time': 0.5963511309819296, 'size': 134938, 'peaq': -3.317, 'im': -1.674}
2025-06-16 18:01:25 - SPEA2 - INFO - 1292º Individual: {'ar': '44100', 'sample_fmt': 'fltp', 'compression_level': '5', 'reservoir': '1', 'b:a': '128k', 'abr': 'True'}
2025-06-16 18:01:26 - SPEA2 - INFO -  >> Metrics: {'time': 1.1472330700198654, 'size': 176147, 'peaq': -2.859, 'im': -1.01}
2025-06-16 18:01:26 - SPEA2 - INFO - 1293º Individual: {'ar': '12000', 'sample_fmt': 'fltp', 'compression_level': '7', 'reservoir': '0', 'b:a': '108k'}
2025-06-16 18:01:26 - SPEA2 - INFO -  >> Metrics: {'time': 0.6142511860234663, 'size': 92528, 'peaq': -3.74, 'im': -2.803}
2025-06-16 18:01:26 - SPEA2 - INFO - 1294º Individual: {'ar': '44100', 'sample_fmt': 'fltp', 'compression_level': '7', 'reservoir': '1', 'b:a': '32k'}
2025-06-16 18:01:27 - SPEA2 - INFO -  >> Metrics: {'time': 0.5560165429778863, 'size': 45846, 'peaq': -3.286, 'im': -1.619}
2025-06-16 18:01:27 - SPEA2 - INFO - 1295º Individual: {'ar': '44100', 'sample_fmt': 's32p', 'compression_level': '5', 'reservoir': '1', 'b:a': '107k', 'abr': 'True'}
2025-06-16 18:01:28 - SPEA2 - INFO -  >> Metrics: {'time': 0.8187519499915652, 'size': 145599, 'peaq': -3.107, 'im': -1.339}
2025-06-16 18:01:28 - SPEA2 - INFO - 1296º Individual: {'ar': '44100', 'sample_fmt': 'fltp', 'compression_level': '7', 'reservoir': '0', 'aq': '9'}
2025-06-16 18:01:29 - SPEA2 - INFO -  >> Metrics: {'time': 0.6784504349925555, 'size': 106367, 'peaq': -3.314, 'im': -1.668}
2025-06-16 18:01:29 - SPEA2 - INFO - 1297º Individual: {'ar': '12000', 'sample_fmt': 's32p', 'compression_level': '7', 'reservoir': '1', 'b:a': '108k'}
2025-06-16 18:01:29 - SPEA2 - INFO -  >> Metrics: {'time': 0.8066196489962749, 'size': 92528, 'peaq': -3.742, 'im': -2.811}
2025-06-16 18:01:29 - SPEA2 - INFO - 1298º Individual: {'ar': '44100', 'sample_fmt': 's32p', 'compression_level': '5', 'reservoir': '1', 'b:a': '111k', 'abr': 'True'}
2025-06-16 18:01:30 - SPEA2 - INFO -  >> Metrics: {'time': 0.7133141389931552, 'size': 151475, 'peaq': -3.03, 'im': -1.23}
2025-06-16 18:01:30 - SPEA2 - INFO - 1299º Individual: {'ar': '44100', 'sample_fmt': 's32p', 'compression_level': '5', 'reservoir': '0', 'b:a': '108k'}
2025-06-16 18:01:31 - SPEA2 - INFO -  >> Metrics: {'time': 0.7096198439830914, 'size': 159896, 'peaq': -2.947, 'im': -1.12}
2025-06-16 18:01:31 - SPEA2 - INFO - 1300º Individual: {'ar': '44100', 'sample_fmt': 's32p', 'compression_level': '7', 'reservoir': '1', 'b:a': '168k'}
2025-06-16 18:01:31 - SPEA2 - INFO -  >> Metrics: {'time': 0.603344314993592, 'size': 228390, 'peaq': -2.692, 'im': -0.815}
2025-06-16 18:01:31 - SPEA2 - INFO - 1301º Individual: {'ar': '32000', 'sample_fmt': 'fltp', 'compression_level': '7', 'reservoir': '0', 'b:a': '104k'}
2025-06-16 18:01:32 - SPEA2 - INFO -  >> Metrics: {'time': 0.5804688640055247, 'size': 137456, 'peaq': -3.553, 'im': -2.178}
2025-06-16 18:01:32 - SPEA2 - INFO - 1302º Individual: {'ar': '44100', 'sample_fmt': 'fltp', 'compression_level': '0', 'reservoir': '1', 'b:a': '245k', 'abr': 'True'}
2025-06-16 18:01:33 - SPEA2 - INFO -  >> Metrics: {'time': 1.06674483497045, 'size': 342206, 'peaq': -2.595, 'im': -0.709}
2025-06-16 18:01:33 - SPEA2 - INFO - 1303º Individual: {'ar': '44100', 'sample_fmt': 's32p', 'compression_level': '2', 'reservoir': '1', 'b:a': '194k', 'abr': 'True'}
2025-06-16 18:01:34 - SPEA2 - INFO -  >> Metrics: {'time': 0.8991190959932283, 'size': 267730, 'peaq': -2.62, 'im': -0.736}
2025-06-16 18:01:34 - SPEA2 - INFO - 1304º Individual: {'ar': '44100', 'sample_fmt': 'fltp', 'compression_level': '5', 'reservoir': '1', 'b:a': '193k', 'abr': 'True'}
2025-06-16 18:01:35 - SPEA2 - INFO -  >> Metrics: {'time': 0.7162223939958494, 'size': 271798, 'peaq': -2.62, 'im': -0.736}
2025-06-16 18:01:35 - SPEA2 - INFO - 1305º Individual: {'ar': '44100', 'sample_fmt': 'fltp', 'compression_level': '7', 'reservoir': '1', 'b:a': '32k'}
2025-06-16 18:01:35 - SPEA2 - INFO -  >> Metrics: {'time': 0.5653910659893882, 'size': 45846, 'peaq': -3.286, 'im': -1.619}
2025-06-16 18:01:35 - SPEA2 - INFO - 1306º Individual: {'ar': '44100', 'sample_fmt': 's32p', 'compression_level': '2', 'reservoir': '1', 'b:a': '32k'}
2025-06-16 18:01:36 - SPEA2 - INFO -  >> Metrics: {'time': 0.752103274979163, 'size': 45846, 'peaq': -3.268, 'im': -1.589}
2025-06-16 18:01:36 - SPEA2 - INFO - 1307º Individual: {'ar': '44100', 'sample_fmt': 'fltp', 'compression_level': '2', 'reservoir': '1', 'b:a': '168k', 'abr': 'True'}
2025-06-16 18:01:37 - SPEA2 - INFO -  >> Metrics: {'time': 1.0927373689773958, 'size': 227529, 'peaq': -2.678, 'im': -0.8}
2025-06-16 18:01:37 - SPEA2 - INFO - 1308º Individual: {'ar': '16000', 'sample_fmt': 'fltp', 'compression_level': '0', 'reservoir': '1', 'b:a': '149k', 'abr': 'True'}
2025-06-16 18:01:38 - SPEA2 - INFO -  >> Metrics: {'time': 1.0800881080213003, 'size': 130220, 'peaq': -3.735, 'im': -2.779}
2025-06-16 18:01:38 - SPEA2 - INFO - 1309º Individual: {'ar': '8000', 'sample_fmt': 'fltp', 'compression_level': '0', 'reservoir': '1', 'b:a': '128k', 'abr': 'True'}
2025-06-16 18:01:39 - SPEA2 - INFO -  >> Metrics: {'time': 0.7514564589946531, 'size': 66968, 'peaq': -3.857, 'im': -3.5}
2025-06-16 18:01:39 - SPEA2 - INFO - 1310º Individual: {'ar': '8000', 'sample_fmt': 's16p', 'compression_level': '9', 'reservoir': '1', 'b:a': '192k', 'abr': 'True'}
2025-06-16 18:01:40 - SPEA2 - INFO -  >> Metrics: {'time': 0.6645817969692871, 'size': 92384, 'peaq': -3.858, 'im': -3.51}
2025-06-16 18:01:40 - SPEA2 - INFO - 1311º Individual: {'ar': '44100', 'sample_fmt': 's32p', 'compression_level': '5', 'reservoir': '1', 'b:a': '111k', 'abr': 'True'}
2025-06-16 18:01:40 - SPEA2 - INFO -  >> Metrics: {'time': 0.6891916180029511, 'size': 151475, 'peaq': -3.03, 'im': -1.23}
2025-06-16 18:01:40 - SPEA2 - INFO - 1312º Individual: {'ar': '44100', 'sample_fmt': 'fltp', 'compression_level': '5', 'reservoir': '1', 'b:a': '144k'}
2025-06-16 18:01:41 - SPEA2 - INFO -  >> Metrics: {'time': 0.7402159780322108, 'size': 182727, 'peaq': -2.834, 'im': -0.98}
2025-06-16 18:01:41 - SPEA2 - INFO - 1313º Individual: {'ar': '32000', 'sample_fmt': 'fltp', 'compression_level': '7', 'reservoir': '1', 'b:a': '168k'}
2025-06-16 18:01:42 - SPEA2 - INFO -  >> Metrics: {'time': 0.6427313240128569, 'size': 229040, 'peaq': -3.202, 'im': -1.481}
2025-06-16 18:01:42 - SPEA2 - INFO - 1314º Individual: {'ar': '44100', 'sample_fmt': 'fltp', 'compression_level': '7', 'reservoir': '1', 'b:a': '128k'}
2025-06-16 18:01:42 - SPEA2 - INFO -  >> Metrics: {'time': 0.6131768310151529, 'size': 182727, 'peaq': -2.916, 'im': -1.081}
2025-06-16 18:01:42 - SPEA2 - INFO - 1315º Individual: {'ar': '44100', 'sample_fmt': 's32p', 'compression_level': '7', 'reservoir': '1', 'b:a': '110k', 'abr': 'True'}
2025-06-16 18:01:43 - SPEA2 - INFO -  >> Metrics: {'time': 0.6339088749955408, 'size': 147056, 'peaq': -3.215, 'im': -1.502}
2025-06-16 18:01:43 - SPEA2 - INFO - 1316º Individual: {'ar': '44100', 'sample_fmt': 's32p', 'compression_level': '9', 'reservoir': '1', 'b:a': '194k', 'abr': 'True'}
2025-06-16 18:01:44 - SPEA2 - INFO -  >> Metrics: {'time': 0.6499025280063506, 'size': 271799, 'peaq': -2.623, 'im': -0.74}
2025-06-16 18:01:44 - SPEA2 - INFO - 1317º Individual: {'ar': '44100', 'sample_fmt': 's32p', 'compression_level': '0', 'reservoir': '1', 'b:a': '80k', 'abr': 'True'}
2025-06-16 18:01:45 - SPEA2 - INFO -  >> Metrics: {'time': 1.2637391200114507, 'size': 110407, 'peaq': -3.528, 'im': -2.116}
2025-06-16 18:01:45 - SPEA2 - INFO - 1318º Individual: {'ar': '44100', 'sample_fmt': 's32p', 'compression_level': '5', 'reservoir': '1', 'b:a': '169k', 'abr': 'True'}
2025-06-16 18:01:46 - SPEA2 - INFO -  >> Metrics: {'time': 0.7509746899595484, 'size': 234637, 'peaq': -2.65, 'im': -0.769}
2025-06-16 18:01:46 - SPEA2 - INFO - 1319º Individual: {'ar': '44100', 'sample_fmt': 's32p', 'compression_level': '9', 'reservoir': '1', 'b:a': '194k', 'abr': 'True'}
2025-06-16 18:01:46 - SPEA2 - INFO -  >> Metrics: {'time': 0.5977870509959757, 'size': 271799, 'peaq': -2.623, 'im': -0.74}
2025-06-16 18:01:46 - SPEA2 - INFO - 1320º Individual: {'ar': '44100', 'sample_fmt': 's32p', 'compression_level': '7', 'reservoir': '0', 'b:a': '107k'}
2025-06-16 18:01:47 - SPEA2 - INFO -  >> Metrics: {'time': 0.5753557150019333, 'size': 159896, 'peaq': -3.098, 'im': -1.324}
2025-06-16 18:01:47 - SPEA2 - INFO - 1321º Individual: {'ar': '44100', 'sample_fmt': 's32p', 'compression_level': '5', 'reservoir': '1', 'b:a': '128k', 'abr': 'True'}
2025-06-16 18:01:48 - SPEA2 - INFO -  >> Metrics: {'time': 0.675255467009265, 'size': 176147, 'peaq': -2.859, 'im': -1.011}
2025-06-16 18:01:48 - SPEA2 - INFO - 1322º Individual: {'ar': '44100', 'sample_fmt': 's32p', 'compression_level': '5', 'reservoir': '1', 'b:a': '245k', 'abr': 'True'}
2025-06-16 18:01:48 - SPEA2 - INFO -  >> Metrics: {'time': 0.6806606439931784, 'size': 348865, 'peaq': -2.589, 'im': -0.702}
2025-06-16 18:01:48 - SPEA2 - INFO - 1323º Individual: {'ar': '44100', 'sample_fmt': 's32p', 'compression_level': '2', 'reservoir': '1', 'b:a': '194k', 'abr': 'True'}
2025-06-16 18:01:49 - SPEA2 - INFO -  >> Metrics: {'time': 0.7959651389974169, 'size': 267730, 'peaq': -2.62, 'im': -0.736}
2025-06-16 18:01:49 - SPEA2 - INFO - 1324º Individual: {'ar': '44100', 'sample_fmt': 's32p', 'compression_level': '9', 'reservoir': '1', 'b:a': '193k', 'abr': 'True'}
2025-06-16 18:01:50 - SPEA2 - INFO -  >> Metrics: {'time': 0.7736100110050756, 'size': 270137, 'peaq': -2.63, 'im': -0.747}
2025-06-16 18:01:50 - SPEA2 - INFO - 1325º Individual: {'ar': '44100', 'sample_fmt': 's16p', 'compression_level': '7', 'reservoir': '1', 'b:a': '107k'}
2025-06-16 18:01:51 - SPEA2 - INFO -  >> Metrics: {'time': 0.6413363979954738, 'size': 159896, 'peaq': -3.065, 'im': -1.278}
2025-06-16 18:01:51 - SPEA2 - INFO - 1326º Individual: {'ar': '44100', 'sample_fmt': 's32p', 'compression_level': '5', 'reservoir': '1', 'b:a': '103k'}
2025-06-16 18:01:52 - SPEA2 - INFO -  >> Metrics: {'time': 0.9586137100122869, 'size': 137066, 'peaq': -3.226, 'im': -1.519}
2025-06-16 18:01:52 - SPEA2 - INFO - 1327º Individual: {'ar': '44100', 'sample_fmt': 'fltp', 'compression_level': '7', 'reservoir': '1', 'b:a': '245k'}
2025-06-16 18:01:52 - SPEA2 - INFO -  >> Metrics: {'time': 0.6267336549935862, 'size': 365375, 'peaq': -2.605, 'im': -0.72}
2025-06-16 18:01:52 - SPEA2 - INFO - 1328º Individual: {'ar': '44100', 'sample_fmt': 's32p', 'compression_level': '5', 'reservoir': '1', 'b:a': '141k'}
2025-06-16 18:01:53 - SPEA2 - INFO -  >> Metrics: {'time': 0.7658212380192708, 'size': 182727, 'peaq': -2.832, 'im': -0.978}
2025-06-16 18:01:53 - SPEA2 - INFO - 1329º Individual: {'ar': '44100', 'sample_fmt': 's32p', 'compression_level': '5', 'reservoir': '1', 'b:a': '167k', 'abr': 'True'}
2025-06-16 18:01:54 - SPEA2 - INFO -  >> Metrics: {'time': 0.8112291640136391, 'size': 232028, 'peaq': -2.66, 'im': -0.78}
2025-06-16 18:01:54 - SPEA2 - INFO - 1330º Individual: {'ar': '48000', 'sample_fmt': 's32p', 'compression_level': '5', 'reservoir': '1', 'b:a': '143k', 'abr': 'True'}
2025-06-16 18:01:55 - SPEA2 - INFO -  >> Metrics: {'time': 0.796511807013303, 'size': 195848, 'peaq': -3.576, 'im': -2.24}
2025-06-16 18:01:55 - SPEA2 - INFO - 1331º Individual: {'ar': '44100', 'sample_fmt': 'fltp', 'compression_level': '0', 'reservoir': '1', 'b:a': '32k', 'abr': 'True'}
2025-06-16 18:01:56 - SPEA2 - INFO -  >> Metrics: {'time': 1.1877137839910574, 'size': 49402, 'peaq': -3.132, 'im': -1.375}
2025-06-16 18:01:56 - SPEA2 - INFO - 1332º Individual: {'ar': '16000', 'sample_fmt': 'fltp', 'compression_level': '0', 'reservoir': '1', 'b:a': '32k', 'abr': 'True'}
2025-06-16 18:01:57 - SPEA2 - INFO -  >> Metrics: {'time': 0.7870465320011135, 'size': 44972, 'peaq': -3.277, 'im': -1.605}
2025-06-16 18:01:57 - SPEA2 - INFO - 1333º Individual: {'ar': '44100', 'sample_fmt': 's32p', 'compression_level': '5', 'reservoir': '1', 'b:a': '141k', 'abr': 'True'}
2025-06-16 18:01:57 - SPEA2 - INFO -  >> Metrics: {'time': 0.7883417609846219, 'size': 193481, 'peaq': -2.791, 'im': -0.929}
2025-06-16 18:01:57 - SPEA2 - INFO - 1334º Individual: {'ar': '44100', 'sample_fmt': 's32p', 'compression_level': '5', 'reservoir': '1', 'b:a': '135k', 'abr': 'True'}
2025-06-16 18:01:58 - SPEA2 - INFO -  >> Metrics: {'time': 1.1096212769916747, 'size': 185603, 'peaq': -2.826, 'im': -0.971}
2025-06-16 18:01:58 - SPEA2 - INFO - 1335º Individual: {'ar': '44100', 'sample_fmt': 's32p', 'compression_level': '0', 'reservoir': '1', 'b:a': '190k', 'abr': 'True'}
2025-06-16 18:02:00 - SPEA2 - INFO -  >> Metrics: {'time': 1.2053643540129997, 'size': 263462, 'peaq': -2.633, 'im': -0.75}
2025-06-16 18:02:00 - SPEA2 - INFO - 1336º Individual: {'ar': '44100', 'sample_fmt': 's32p', 'compression_level': '5', 'reservoir': '1', 'b:a': '148k', 'abr': 'True'}
2025-06-16 18:02:01 - SPEA2 - INFO -  >> Metrics: {'time': 0.8235327909933403, 'size': 206985, 'peaq': -2.704, 'im': -0.829}
2025-06-16 18:02:01 - SPEA2 - INFO - 1337º Individual: {'ar': '44100', 'sample_fmt': 's32p', 'compression_level': '5', 'reservoir': '0', 'b:a': '108k'}
2025-06-16 18:02:02 - SPEA2 - INFO -  >> Metrics: {'time': 1.0887977090023924, 'size': 159896, 'peaq': -2.947, 'im': -1.12}
2025-06-16 18:02:02 - SPEA2 - INFO - 1338º Individual: {'ar': '32000', 'sample_fmt': 'fltp', 'compression_level': '7', 'reservoir': '1', 'b:a': '32k'}
2025-06-16 18:02:02 - SPEA2 - INFO -  >> Metrics: {'time': 0.8074290420045145, 'size': 45944, 'peaq': -3.434, 'im': -1.9}
2025-06-16 18:02:02 - SPEA2 - INFO - 1339º Individual: {'ar': '44100', 'sample_fmt': 's32p', 'compression_level': '9', 'reservoir': '1', 'b:a': '169k', 'abr': 'True'}
2025-06-16 18:02:03 - SPEA2 - INFO -  >> Metrics: {'time': 0.5758714459952898, 'size': 233706, 'peaq': -2.681, 'im': -0.803}
2025-06-16 18:02:03 - SPEA2 - INFO - 1340º Individual: {'ar': '16000', 'sample_fmt': 'fltp', 'compression_level': '5', 'reservoir': '1', 'b:a': '32k', 'abr': 'True'}
2025-06-16 18:02:04 - SPEA2 - INFO -  >> Metrics: {'time': 0.580042620014865, 'size': 44468, 'peaq': -3.404, 'im': -1.84}
2025-06-16 18:02:04 - SPEA2 - INFO - 1341º Individual: {'ar': '32000', 'sample_fmt': 'fltp', 'compression_level': '7', 'reservoir': '1', 'b:a': '32k'}
2025-06-16 18:02:04 - SPEA2 - INFO -  >> Metrics: {'time': 0.5611359089671168, 'size': 45944, 'peaq': -3.434, 'im': -1.9}
2025-06-16 18:02:04 - SPEA2 - INFO - 1342º Individual: {'ar': '44100', 'sample_fmt': 'fltp', 'compression_level': '7', 'reservoir': '1', 'b:a': '169k'}
2025-06-16 18:02:05 - SPEA2 - INFO -  >> Metrics: {'time': 0.638301822997164, 'size': 228390, 'peaq': -2.691, 'im': -0.815}
2025-06-16 18:02:05 - SPEA2 - INFO - 1343º Individual: {'ar': '44100', 'sample_fmt': 's32p', 'compression_level': '5', 'reservoir': '1', 'b:a': '245k', 'abr': 'True'}
2025-06-16 18:02:06 - SPEA2 - INFO -  >> Metrics: {'time': 0.6764132140087895, 'size': 348865, 'peaq': -2.589, 'im': -0.702}
2025-06-16 18:02:06 - SPEA2 - INFO - 1344º Individual: {'ar': '44100', 'sample_fmt': 'fltp', 'compression_level': '9', 'reservoir': '1', 'b:a': '210k', 'abr': 'True'}
2025-06-16 18:02:06 - SPEA2 - INFO -  >> Metrics: {'time': 0.7594170689990278, 'size': 295040, 'peaq': -2.608, 'im': -0.723}
2025-06-16 18:02:06 - SPEA2 - INFO - 1345º Individual: {'ar': '32000', 'sample_fmt': 'fltp', 'compression_level': '7', 'reservoir': '1', 'b:a': '32k'}
2025-06-16 18:02:07 - SPEA2 - INFO -  >> Metrics: {'time': 0.6260196909715887, 'size': 45944, 'peaq': -3.434, 'im': -1.9}
2025-06-16 18:02:07 - SPEA2 - INFO - 1346º Individual: {'ar': '44100', 'sample_fmt': 's32p', 'compression_level': '5', 'reservoir': '1', 'b:a': '194k', 'abr': 'True'}
2025-06-16 18:02:08 - SPEA2 - INFO -  >> Metrics: {'time': 0.6662645779724699, 'size': 273152, 'peaq': -2.623, 'im': -0.74}
2025-06-16 18:02:08 - SPEA2 - INFO - 1347º Individual: {'ar': '44100', 'sample_fmt': 'fltp', 'compression_level': '5', 'reservoir': '1', 'b:a': '143k', 'abr': 'True'}
2025-06-16 18:02:08 - SPEA2 - INFO -  >> Metrics: {'time': 0.7446934669860639, 'size': 196055, 'peaq': -2.772, 'im': -0.907}
2025-06-16 18:02:08 - SPEA2 - INFO - 1348º Individual: {'ar': '44100', 'sample_fmt': 'fltp', 'compression_level': '0', 'reservoir': '1', 'b:a': '192k', 'abr': 'True'}
2025-06-16 18:02:09 - SPEA2 - INFO -  >> Metrics: {'time': 1.0309708729910199, 'size': 265651, 'peaq': -2.623, 'im': -0.74}
2025-06-16 18:02:09 - SPEA2 - INFO - 1349º Individual: {'ar': '44100', 'sample_fmt': 'fltp', 'compression_level': '7', 'reservoir': '1', 'b:a': '113k', 'abr': 'True'}
2025-06-16 18:02:10 - SPEA2 - INFO -  >> Metrics: {'time': 0.5659903289924841, 'size': 151164, 'peaq': -3.164, 'im': -1.423}
2025-06-16 18:02:10 - SPEA2 - INFO - 1350º Individual: {'ar': '44100', 'sample_fmt': 's32p', 'compression_level': '6', 'reservoir': '1', 'b:a': '192k', 'abr': 'True'}
2025-06-16 18:02:11 - SPEA2 - INFO -  >> Metrics: {'time': 0.6694792030320968, 'size': 270655, 'peaq': -2.626, 'im': -0.742}
2025-06-16 18:02:11 - SPEA2 - INFO - 1351º Individual: {'ar': '44100', 'sample_fmt': 'fltp', 'compression_level': '5', 'reservoir': '1', 'b:a': '128k', 'abr': 'True'}
2025-06-16 18:02:11 - SPEA2 - INFO -  >> Metrics: {'time': 0.6970418980054092, 'size': 176147, 'peaq': -2.859, 'im': -1.01}
2025-06-16 18:02:11 - SPEA2 - INFO - 1352º Individual: {'ar': '44100', 'sample_fmt': 's32p', 'compression_level': '5', 'reservoir': '1', 'b:a': '141k', 'abr': 'True'}
2025-06-16 18:02:12 - SPEA2 - INFO -  >> Metrics: {'time': 0.8858845779905096, 'size': 193481, 'peaq': -2.791, 'im': -0.929}
2025-06-16 18:02:12 - SPEA2 - INFO - 1353º Individual: {'ar': '44100', 'sample_fmt': 's16p', 'compression_level': '7', 'reservoir': '1', 'b:a': '171k', 'abr': 'True'}
2025-06-16 18:02:13 - SPEA2 - INFO -  >> Metrics: {'time': 0.7763476100226399, 'size': 236623, 'peaq': -2.671, 'im': -0.792}
2025-06-16 18:02:13 - SPEA2 - INFO - 1354º Individual: {'ar': '44100', 'sample_fmt': 'fltp', 'compression_level': '7', 'reservoir': '1', 'b:a': '192k', 'abr': 'True'}
2025-06-16 18:02:14 - SPEA2 - INFO -  >> Metrics: {'time': 0.6243126679910347, 'size': 268569, 'peaq': -2.63, 'im': -0.747}
2025-06-16 18:02:14 - SPEA2 - INFO - 1355º Individual: {'ar': '44100', 'sample_fmt': 'fltp', 'compression_level': '5', 'reservoir': '1', 'b:a': '134k', 'abr': 'True'}
2025-06-16 18:02:14 - SPEA2 - INFO -  >> Metrics: {'time': 0.7071899159927852, 'size': 184452, 'peaq': -2.828, 'im': -0.973}
2025-06-16 18:02:14 - SPEA2 - INFO - 1356º Individual: {'ar': '16000', 'sample_fmt': 'fltp', 'compression_level': '0', 'reservoir': '1', 'b:a': '32k', 'abr': 'True'}
2025-06-16 18:02:15 - SPEA2 - INFO -  >> Metrics: {'time': 0.8107495470030699, 'size': 44972, 'peaq': -3.277, 'im': -1.605}
2025-06-16 18:02:15 - SPEA2 - INFO - 1357º Individual: {'ar': '44100', 'sample_fmt': 's32p', 'compression_level': '5', 'reservoir': '0', 'b:a': '108k'}
2025-06-16 18:02:16 - SPEA2 - INFO -  >> Metrics: {'time': 0.6582098949875217, 'size': 159896, 'peaq': -2.947, 'im': -1.12}
2025-06-16 18:02:16 - SPEA2 - INFO - 1358º Individual: {'ar': '44100', 'sample_fmt': 's32p', 'compression_level': '7', 'reservoir': '1', 'b:a': '103k'}
2025-06-16 18:02:16 - SPEA2 - INFO -  >> Metrics: {'time': 0.5388375199981965, 'size': 137066, 'peaq': -3.284, 'im': -1.617}
2025-06-16 18:02:16 - SPEA2 - INFO - 1359º Individual: {'ar': '16000', 'sample_fmt': 's32p', 'compression_level': '8', 'reservoir': '1', 'b:a': '190k', 'abr': 'True'}
2025-06-16 18:02:17 - SPEA2 - INFO -  >> Metrics: {'time': 0.4781860650109593, 'size': 225980, 'peaq': -3.766, 'im': -2.924}
2025-06-16 18:02:17 - SPEA2 - INFO - 1360º Individual: {'ar': '44100', 'sample_fmt': 's32p', 'compression_level': '5', 'reservoir': '1', 'b:a': '107k'}
2025-06-16 18:02:18 - SPEA2 - INFO -  >> Metrics: {'time': 0.6522511409712024, 'size': 159896, 'peaq': -2.963, 'im': -1.14}
2025-06-16 18:02:18 - SPEA2 - INFO - 1361º Individual: {'ar': '32000', 'sample_fmt': 'fltp', 'compression_level': '3', 'reservoir': '1', 'b:a': '32k'}
2025-06-16 18:02:18 - SPEA2 - INFO -  >> Metrics: {'time': 0.5814822769898456, 'size': 45944, 'peaq': -3.422, 'im': -1.876}
2025-06-16 18:02:18 - SPEA2 - INFO - 1362º Individual: {'ar': '44100', 'sample_fmt': 's16p', 'compression_level': '0', 'reservoir': '1', 'b:a': '192k', 'abr': 'True'}
2025-06-16 18:02:19 - SPEA2 - INFO -  >> Metrics: {'time': 1.1007458959938958, 'size': 265859, 'peaq': -2.626, 'im': -0.743}
2025-06-16 18:02:19 - SPEA2 - INFO - 1363º Individual: {'ar': '44100', 'sample_fmt': 's32p', 'compression_level': '9', 'reservoir': '1', 'b:a': '111k', 'abr': 'True'}
2025-06-16 18:02:20 - SPEA2 - INFO -  >> Metrics: {'time': 0.6440073330013547, 'size': 148409, 'peaq': -3.189, 'im': -1.462}
2025-06-16 18:02:20 - SPEA2 - INFO - 1364º Individual: {'ar': '44100', 'sample_fmt': 's32p', 'compression_level': '5', 'reservoir': '0', 'b:a': '108k'}
2025-06-16 18:02:21 - SPEA2 - INFO -  >> Metrics: {'time': 0.7508409940055571, 'size': 159896, 'peaq': -2.947, 'im': -1.12}
2025-06-16 18:02:21 - SPEA2 - INFO - 1365º Individual: {'ar': '8000', 'sample_fmt': 'fltp', 'compression_level': '9', 'reservoir': '1', 'b:a': '32k'}
2025-06-16 18:02:22 - SPEA2 - INFO -  >> Metrics: {'time': 1.4363075250003021, 'size': 46448, 'peaq': -3.857, 'im': -3.498}
2025-06-16 18:02:22 - SPEA2 - INFO - 1366º Individual: {'ar': '32000', 'sample_fmt': 's32p', 'compression_level': '7', 'reservoir': '1', 'b:a': '267k'}
2025-06-16 18:02:24 - SPEA2 - INFO -  >> Metrics: {'time': 1.6946432139957324, 'size': 366416, 'peaq': -3.178, 'im': -1.444}
2025-06-16 18:02:24 - SPEA2 - INFO - 1367º Individual: {'ar': '16000', 'sample_fmt': 'fltp', 'compression_level': '0', 'reservoir': '1', 'b:a': '32k', 'abr': 'True'}
2025-06-16 18:02:25 - SPEA2 - INFO -  >> Metrics: {'time': 1.0840246099687647, 'size': 44972, 'peaq': -3.277, 'im': -1.605}
2025-06-16 18:02:25 - SPEA2 - INFO - 1368º Individual: {'ar': '32000', 'sample_fmt': 's16p', 'compression_level': '7', 'reservoir': '1', 'b:a': '130k', 'abr': 'True'}
2025-06-16 18:02:26 - SPEA2 - INFO -  >> Metrics: {'time': 0.6591495079628658, 'size': 180584, 'peaq': -3.293, 'im': -1.632}
2025-06-16 18:02:26 - SPEA2 - INFO - 1369º Individual: {'ar': '8000', 'sample_fmt': 'fltp', 'compression_level': '9', 'reservoir': '1', 'b:a': '128k', 'abr': 'True'}
2025-06-16 18:02:26 - SPEA2 - INFO -  >> Metrics: {'time': 0.5509853350231424, 'size': 92096, 'peaq': -3.858, 'im': -3.51}
2025-06-16 18:02:26 - SPEA2 - INFO - 1370º Individual: {'ar': '8000', 'sample_fmt': 'fltp', 'compression_level': '7', 'reservoir': '0', 'aq': '9'}
2025-06-16 18:02:27 - SPEA2 - INFO -  >> Metrics: {'time': 0.5647751440119464, 'size': 44504, 'peaq': -3.855, 'im': -3.486}
2025-06-16 18:02:27 - SPEA2 - INFO - 1371º Individual: {'ar': '12000', 'sample_fmt': 'fltp', 'compression_level': '7', 'reservoir': '1', 'b:a': '32k', 'abr': 'True'}
2025-06-16 18:02:27 - SPEA2 - INFO -  >> Metrics: {'time': 0.5441915369883645, 'size': 43808, 'peaq': -3.777, 'im': -2.982}
2025-06-16 18:02:27 - SPEA2 - INFO - 1372º Individual: {'ar': '44100', 'sample_fmt': 'fltp', 'compression_level': '5', 'reservoir': '0', 'b:a': '103k'}
2025-06-16 18:02:28 - SPEA2 - INFO -  >> Metrics: {'time': 0.6699186249752529, 'size': 137066, 'peaq': -3.241, 'im': -1.544}
2025-06-16 18:02:28 - SPEA2 - INFO - 1373º Individual: {'ar': '32000', 'sample_fmt': 's16p', 'compression_level': '7', 'reservoir': '1', 'b:a': '254k', 'abr': 'True'}
2025-06-16 18:02:29 - SPEA2 - INFO -  >> Metrics: {'time': 0.5898587879783008, 'size': 360512, 'peaq': -3.172, 'im': -1.435}
2025-06-16 18:02:29 - SPEA2 - INFO - 1374º Individual: {'ar': '44100', 'sample_fmt': 's16p', 'compression_level': '3', 'reservoir': '1', 'b:a': '126k'}
2025-06-16 18:02:29 - SPEA2 - INFO -  >> Metrics: {'time': 0.7285777479992248, 'size': 182727, 'peaq': -2.886, 'im': -1.044}
2025-06-16 18:02:29 - SPEA2 - INFO - 1375º Individual: {'ar': '44100', 'sample_fmt': 's32p', 'compression_level': '5', 'reservoir': '1', 'b:a': '111k', 'abr': 'True'}
2025-06-16 18:02:30 - SPEA2 - INFO -  >> Metrics: {'time': 0.6952537410252262, 'size': 151475, 'peaq': -3.03, 'im': -1.23}
2025-06-16 18:02:30 - SPEA2 - INFO - 1376º Individual: {'ar': '44100', 'sample_fmt': 's32p', 'compression_level': '5', 'reservoir': '1', 'b:a': '107k'}
2025-06-16 18:02:31 - SPEA2 - INFO -  >> Metrics: {'time': 0.7180491710023489, 'size': 159896, 'peaq': -2.963, 'im': -1.14}
2025-06-16 18:02:31 - SPEA2 - INFO - 1377º Individual: {'ar': '8000', 'sample_fmt': 'fltp', 'compression_level': '5', 'reservoir': '1', 'b:a': '125k', 'abr': 'True'}
2025-06-16 18:02:31 - SPEA2 - INFO -  >> Metrics: {'time': 0.543493302015122, 'size': 87272, 'peaq': -3.858, 'im': -3.508}
2025-06-16 18:02:31 - SPEA2 - INFO - 1378º Individual: {'ar': '44100', 'sample_fmt': 'fltp', 'compression_level': '5', 'reservoir': '0', 'b:a': '108k'}
2025-06-16 18:02:32 - SPEA2 - INFO -  >> Metrics: {'time': 0.7128601449949201, 'size': 159896, 'peaq': -2.949, 'im': -1.123}
2025-06-16 18:02:32 - SPEA2 - INFO - 1379º Individual: {'ar': '44100', 'sample_fmt': 's32p', 'compression_level': '5', 'reservoir': '1', 'b:a': '143k', 'abr': 'True'}
2025-06-16 18:02:33 - SPEA2 - INFO -  >> Metrics: {'time': 0.9608605490066111, 'size': 196003, 'peaq': -2.771, 'im': -0.906}
2025-06-16 18:02:33 - SPEA2 - INFO - 1380º Individual: {'ar': '44100', 'sample_fmt': 's16p', 'compression_level': '0', 'reservoir': '1', 'b:a': '245k', 'abr': 'True'}
2025-06-16 18:02:34 - SPEA2 - INFO -  >> Metrics: {'time': 1.305809932993725, 'size': 341475, 'peaq': -2.598, 'im': -0.713}
2025-06-16 18:02:34 - SPEA2 - INFO - 1381º Individual: {'ar': '44100', 'sample_fmt': 'fltp', 'compression_level': '7', 'reservoir': '1', 'b:a': '112k'}
2025-06-16 18:02:35 - SPEA2 - INFO -  >> Metrics: {'time': 0.7717086149787065, 'size': 159896, 'peaq': -3.068, 'im': -1.283}
2025-06-16 18:02:35 - SPEA2 - INFO - 1382º Individual: {'ar': '44100', 'sample_fmt': 's32p', 'compression_level': '7', 'reservoir': '1', 'b:a': '135k', 'abr': 'True'}
2025-06-16 18:02:36 - SPEA2 - INFO -  >> Metrics: {'time': 0.623504213988781, 'size': 183714, 'peaq': -2.879, 'im': -1.035}
2025-06-16 18:02:36 - SPEA2 - INFO - 1383º Individual: {'ar': '16000', 'sample_fmt': 's32p', 'compression_level': '7', 'reservoir': '1', 'b:a': '86k', 'abr': 'True'}
2025-06-16 18:02:36 - SPEA2 - INFO -  >> Metrics: {'time': 0.6925399039755575, 'size': 122588, 'peaq': -3.714, 'im': -2.693}
2025-06-16 18:02:36 - SPEA2 - INFO - 1384º Individual: {'ar': '44100', 'sample_fmt': 's32p', 'compression_level': '2', 'reservoir': '1', 'b:a': '169k', 'abr': 'True'}
2025-06-16 18:02:37 - SPEA2 - INFO -  >> Metrics: {'time': 1.1059387210116256, 'size': 228257, 'peaq': -2.665, 'im': -0.786}
2025-06-16 18:02:38 - SPEA2 - INFO - 1385º Individual: {'ar': '44100', 'sample_fmt': 's32p', 'compression_level': '5', 'reservoir': '1', 'b:a': '167k', 'abr': 'True'}
2025-06-16 18:02:38 - SPEA2 - INFO -  >> Metrics: {'time': 0.7508514250221197, 'size': 232028, 'peaq': -2.66, 'im': -0.78}
2025-06-16 18:02:38 - SPEA2 - INFO - 1386º Individual: {'ar': '44100', 'sample_fmt': 's16p', 'compression_level': '5', 'reservoir': '1', 'b:a': '244k', 'abr': 'True'}
2025-06-16 18:02:39 - SPEA2 - INFO -  >> Metrics: {'time': 0.7410646790231112, 'size': 347618, 'peaq': -2.594, 'im': -0.708}
2025-06-16 18:02:39 - SPEA2 - INFO - 1387º Individual: {'ar': '44100', 'sample_fmt': 's32p', 'compression_level': '7', 'reservoir': '1', 'b:a': '274k', 'abr': 'True'}
2025-06-16 18:02:40 - SPEA2 - INFO -  >> Metrics: {'time': 0.6129071080067661, 'size': 386052, 'peaq': -2.6, 'im': -0.714}
2025-06-16 18:02:40 - SPEA2 - INFO - 1388º Individual: {'ar': '44100', 'sample_fmt': 's16p', 'compression_level': '5', 'reservoir': '1', 'b:a': '254k', 'abr': 'True'}
2025-06-16 18:02:40 - SPEA2 - INFO -  >> Metrics: {'time': 0.6699557259853464, 'size': 358958, 'peaq': -2.585, 'im': -0.699}
2025-06-16 18:02:40 - SPEA2 - INFO - 1389º Individual: {'ar': '44100', 'sample_fmt': 'fltp', 'compression_level': '0', 'reservoir': '1', 'b:a': '241k', 'abr': 'True'}
2025-06-16 18:02:41 - SPEA2 - INFO -  >> Metrics: {'time': 1.0231845560192596, 'size': 337629, 'peaq': -2.593, 'im': -0.707}
2025-06-16 18:02:41 - SPEA2 - INFO - 1390º Individual: {'ar': '16000', 'sample_fmt': 'fltp', 'compression_level': '5', 'reservoir': '1', 'b:a': '32k', 'abr': 'True'}
2025-06-16 18:02:42 - SPEA2 - INFO -  >> Metrics: {'time': 0.5490066180063877, 'size': 44468, 'peaq': -3.404, 'im': -1.84}
2025-06-16 18:02:42 - SPEA2 - INFO - 1391º Individual: {'ar': '44100', 'sample_fmt': 's32p', 'compression_level': '7', 'reservoir': '1', 'b:a': '168k'}
2025-06-16 18:02:42 - SPEA2 - INFO -  >> Metrics: {'time': 0.5482053560263012, 'size': 228390, 'peaq': -2.692, 'im': -0.815}
2025-06-16 18:02:42 - SPEA2 - INFO - 1392º Individual: {'ar': '44100', 'sample_fmt': 'fltp', 'compression_level': '7', 'reservoir': '1', 'b:a': '111k', 'abr': 'True'}
2025-06-16 18:02:43 - SPEA2 - INFO -  >> Metrics: {'time': 0.55480763502419, 'size': 148409, 'peaq': -3.189, 'im': -1.462}
2025-06-16 18:02:43 - SPEA2 - INFO - 1393º Individual: {'ar': '44100', 'sample_fmt': 's16p', 'compression_level': '7', 'reservoir': '1', 'b:a': '245k', 'abr': 'True'}
2025-06-16 18:02:44 - SPEA2 - INFO -  >> Metrics: {'time': 0.5530075760034379, 'size': 345955, 'peaq': -2.604, 'im': -0.719}
2025-06-16 18:02:44 - SPEA2 - INFO - 1394º Individual: {'ar': '8000', 'sample_fmt': 's16p', 'compression_level': '5', 'reservoir': '1', 'aq': '9'}
2025-06-16 18:02:44 - SPEA2 - INFO -  >> Metrics: {'time': 0.48082752199843526, 'size': 37232, 'peaq': -3.85, 'im': -3.44}
2025-06-16 18:02:44 - SPEA2 - INFO - 1395º Individual: {'ar': '44100', 'sample_fmt': 's16p', 'compression_level': '0', 'reservoir': '1', 'b:a': '245k', 'abr': 'True'}
2025-06-16 18:02:45 - SPEA2 - INFO -  >> Metrics: {'time': 1.0224669850140344, 'size': 341475, 'peaq': -2.598, 'im': -0.713}
2025-06-16 18:02:45 - SPEA2 - INFO - 1396º Individual: {'ar': '44100', 'sample_fmt': 'fltp', 'compression_level': '8', 'reservoir': '1', 'b:a': '194k', 'abr': 'True'}
2025-06-16 18:02:46 - SPEA2 - INFO -  >> Metrics: {'time': 0.5786205629701726, 'size': 271799, 'peaq': -2.623, 'im': -0.74}
2025-06-16 18:02:46 - SPEA2 - INFO - 1397º Individual: {'ar': '32000', 'sample_fmt': 's16p', 'compression_level': '7', 'reservoir': '1', 'b:a': '254k', 'abr': 'True'}
2025-06-16 18:02:46 - SPEA2 - INFO -  >> Metrics: {'time': 0.5264297040121164, 'size': 360512, 'peaq': -3.172, 'im': -1.435}
2025-06-16 18:02:46 - SPEA2 - INFO - 1398º Individual: {'ar': '48000', 'sample_fmt': 'fltp', 'compression_level': '0', 'reservoir': '1', 'b:a': '32k', 'abr': 'True'}
2025-06-16 18:02:47 - SPEA2 - INFO -  >> Metrics: {'time': 1.0045315790048335, 'size': 50456, 'peaq': -3.404, 'im': -1.84}
2025-06-16 18:02:47 - SPEA2 - INFO - 1399º Individual: {'ar': '44100', 'sample_fmt': 'fltp', 'compression_level': '7', 'reservoir': '1', 'b:a': '32k', 'abr': 'True'}
2025-06-16 18:02:48 - SPEA2 - INFO -  >> Metrics: {'time': 0.5788354730175342, 'size': 49324, 'peaq': -3.35, 'im': -1.734}
2025-06-16 18:02:48 - SPEA2 - INFO - 1400º Individual: {'ar': '44100', 'sample_fmt': 's32p', 'compression_level': '0', 'reservoir': '1', 'b:a': '141k', 'abr': 'True'}
2025-06-16 18:02:49 - SPEA2 - INFO -  >> Metrics: {'time': 1.249297664995538, 'size': 188650, 'peaq': -2.851, 'im': -1.001}
2025-06-16 18:02:49 - SPEA2 - INFO - 1401º Individual: {'ar': '44100', 'sample_fmt': 'fltp', 'compression_level': '8', 'reservoir': '1', 'b:a': '168k', 'abr': 'True'}
2025-06-16 18:02:50 - SPEA2 - INFO -  >> Metrics: {'time': 0.6078551720129326, 'size': 232341, 'peaq': -2.683, 'im': -0.806}
2025-06-16 18:02:50 - SPEA2 - INFO - 1402º Individual: {'ar': '44100', 'sample_fmt': 's32p', 'compression_level': '5', 'reservoir': '1', 'b:a': '189k', 'abr': 'True'}
2025-06-16 18:02:50 - SPEA2 - INFO -  >> Metrics: {'time': 0.6724954420060385, 'size': 266799, 'peaq': -2.625, 'im': -0.742}
2025-06-16 18:02:50 - SPEA2 - INFO - 1403º Individual: {'ar': '44100', 'sample_fmt': 's32p', 'compression_level': '7', 'reservoir': '1', 'b:a': '168k', 'abr': 'True'}
2025-06-16 18:02:51 - SPEA2 - INFO -  >> Metrics: {'time': 0.6363185360096395, 'size': 232341, 'peaq': -2.684, 'im': -0.807}
2025-06-16 18:02:51 - SPEA2 - INFO - 1404º Individual: {'ar': '44100', 'sample_fmt': 'fltp', 'compression_level': '7', 'reservoir': '1', 'b:a': '106k'}
2025-06-16 18:02:52 - SPEA2 - INFO -  >> Metrics: {'time': 0.6778245999885257, 'size': 159896, 'peaq': -3.068, 'im': -1.283}
2025-06-16 18:02:52 - SPEA2 - INFO - 1405º Individual: {'ar': '44100', 'sample_fmt': 's32p', 'compression_level': '0', 'reservoir': '1', 'b:a': '191k'}
2025-06-16 18:02:53 - SPEA2 - INFO -  >> Metrics: {'time': 1.0669510050211102, 'size': 274051, 'peaq': -2.627, 'im': -0.744}
2025-06-16 18:02:53 - SPEA2 - INFO - 1406º Individual: {'ar': '16000', 'sample_fmt': 'fltp', 'compression_level': '0', 'reservoir': '1', 'b:a': '32k', 'abr': 'True'}
2025-06-16 18:02:54 - SPEA2 - INFO -  >> Metrics: {'time': 0.7675969119882211, 'size': 44972, 'peaq': -3.277, 'im': -1.605}
2025-06-16 18:02:54 - SPEA2 - INFO - 1407º Individual: {'ar': '44100', 'sample_fmt': 's16p', 'compression_level': '2', 'reservoir': '1', 'b:a': '166k'}
2025-06-16 18:02:54 - SPEA2 - INFO -  >> Metrics: {'time': 0.8729322060244158, 'size': 228390, 'peaq': -2.688, 'im': -0.811}
2025-06-16 18:02:54 - SPEA2 - INFO - 1408º Individual: {'ar': '44100', 'sample_fmt': 'fltp', 'compression_level': '0', 'reservoir': '1', 'b:a': '245k', 'abr': 'True'}
2025-06-16 18:02:55 - SPEA2 - INFO -  >> Metrics: {'time': 1.0104538589948788, 'size': 342206, 'peaq': -2.595, 'im': -0.709}
2025-06-16 18:02:55 - SPEA2 - INFO - 1409º Individual: {'ar': '44100', 'sample_fmt': 'fltp', 'compression_level': '5', 'reservoir': '1', 'b:a': '135k', 'abr': 'True'}
2025-06-16 18:02:56 - SPEA2 - INFO -  >> Metrics: {'time': 0.6616293189872522, 'size': 185606, 'peaq': -2.827, 'im': -0.972}
2025-06-16 18:02:56 - SPEA2 - INFO - 1410º Individual: {'ar': '16000', 'sample_fmt': 'fltp', 'compression_level': '5', 'reservoir': '1', 'b:a': '32k', 'abr': 'True'}
2025-06-16 18:02:57 - SPEA2 - INFO -  >> Metrics: {'time': 0.5375137210066896, 'size': 44468, 'peaq': -3.404, 'im': -1.84}
2025-06-16 18:02:57 - SPEA2 - INFO - 1411º Individual: {'ar': '44100', 'sample_fmt': 's32p', 'compression_level': '5', 'reservoir': '1', 'b:a': '135k', 'abr': 'True'}
2025-06-16 18:02:57 - SPEA2 - INFO -  >> Metrics: {'time': 0.6799725590099115, 'size': 185603, 'peaq': -2.826, 'im': -0.971}
2025-06-16 18:02:57 - SPEA2 - INFO - 1412º Individual: {'ar': '44100', 'sample_fmt': 'fltp', 'compression_level': '3', 'reservoir': '1', 'b:a': '194k', 'abr': 'True'}
2025-06-16 18:02:58 - SPEA2 - INFO -  >> Metrics: {'time': 0.6855326119984966, 'size': 270129, 'peaq': -2.621, 'im': -0.738}
2025-06-16 18:02:58 - SPEA2 - INFO - 1413º Individual: {'ar': '44100', 'sample_fmt': 's32p', 'compression_level': '7', 'reservoir': '1', 'b:a': '88k', 'abr': 'True'}
2025-06-16 18:02:59 - SPEA2 - INFO -  >> Metrics: {'time': 0.7048738349985797, 'size': 118848, 'peaq': -3.455, 'im': -1.947}
2025-06-16 18:02:59 - SPEA2 - INFO - 1414º Individual: {'ar': '44100', 'sample_fmt': 'fltp', 'compression_level': '5', 'reservoir': '1', 'b:a': '141k', 'abr': 'True'}
2025-06-16 18:03:00 - SPEA2 - INFO -  >> Metrics: {'time': 1.0229836399958003, 'size': 193478, 'peaq': -2.791, 'im': -0.929}
2025-06-16 18:03:00 - SPEA2 - INFO - 1415º Individual: {'ar': '44100', 'sample_fmt': 's32p', 'compression_level': '7', 'reservoir': '1', 'b:a': '274k', 'abr': 'True'}
2025-06-16 18:03:00 - SPEA2 - INFO -  >> Metrics: {'time': 0.6022318419709336, 'size': 386052, 'peaq': -2.6, 'im': -0.714}
2025-06-16 18:03:00 - SPEA2 - INFO - 1416º Individual: {'ar': '12000', 'sample_fmt': 'fltp', 'compression_level': '7', 'reservoir': '0', 'b:a': '114k', 'abr': 'True'}
2025-06-16 18:03:01 - SPEA2 - INFO -  >> Metrics: {'time': 0.5238613300025463, 'size': 92528, 'peaq': -3.74, 'im': -2.804}
2025-06-16 18:03:01 - SPEA2 - INFO - 1417º Individual: {'ar': '16000', 'sample_fmt': 's32p', 'compression_level': '8', 'reservoir': '1', 'b:a': '187k', 'abr': 'True'}
2025-06-16 18:03:02 - SPEA2 - INFO -  >> Metrics: {'time': 0.5936755559814628, 'size': 225980, 'peaq': -3.766, 'im': -2.924}
2025-06-16 18:03:02 - SPEA2 - INFO - 1418º Individual: {'ar': '44100', 'sample_fmt': 's32p', 'compression_level': '7', 'reservoir': '1', 'b:a': '113k'}
2025-06-16 18:03:02 - SPEA2 - INFO -  >> Metrics: {'time': 0.6195508840028197, 'size': 159896, 'peaq': -3.068, 'im': -1.283}
2025-06-16 18:03:02 - SPEA2 - INFO - 1419º Individual: {'ar': '32000', 'sample_fmt': 's16p', 'compression_level': '7', 'reservoir': '1', 'b:a': '195k'}
2025-06-16 18:03:03 - SPEA2 - INFO -  >> Metrics: {'time': 0.5526277600147296, 'size': 274832, 'peaq': -3.178, 'im': -1.444}
2025-06-16 18:03:03 - SPEA2 - INFO - 1420º Individual: {'ar': '44100', 'sample_fmt': 's32p', 'compression_level': '5', 'reservoir': '1', 'b:a': '193k', 'abr': 'True'}
2025-06-16 18:03:03 - SPEA2 - INFO -  >> Metrics: {'time': 0.6727856770157814, 'size': 271798, 'peaq': -2.62, 'im': -0.736}
2025-06-16 18:03:03 - SPEA2 - INFO - 1421º Individual: {'ar': '44100', 'sample_fmt': 's32p', 'compression_level': '5', 'reservoir': '1', 'b:a': '107k'}
2025-06-16 18:03:04 - SPEA2 - INFO -  >> Metrics: {'time': 0.8002588179951999, 'size': 159896, 'peaq': -2.963, 'im': -1.14}
2025-06-16 18:03:04 - SPEA2 - INFO - 1422º Individual: {'ar': '44100', 'sample_fmt': 's32p', 'compression_level': '9', 'reservoir': '1', 'b:a': '125k', 'abr': 'True'}
2025-06-16 18:03:05 - SPEA2 - INFO -  >> Metrics: {'time': 0.5841359960031696, 'size': 169276, 'peaq': -2.981, 'im': -1.164}
2025-06-16 18:03:05 - SPEA2 - INFO - 1423º Individual: {'ar': '44100', 'sample_fmt': 's32p', 'compression_level': '5', 'reservoir': '1', 'b:a': '142k'}
2025-06-16 18:03:05 - SPEA2 - INFO -  >> Metrics: {'time': 0.6904154240037315, 'size': 182727, 'peaq': -2.832, 'im': -0.978}
2025-06-16 18:03:05 - SPEA2 - INFO - 1424º Individual: {'ar': '44100', 'sample_fmt': 's32p', 'compression_level': '7', 'reservoir': '1', 'b:a': '141k', 'abr': 'True'}
2025-06-16 18:03:06 - SPEA2 - INFO -  >> Metrics: {'time': 0.8356990249885712, 'size': 192262, 'peaq': -2.823, 'im': -0.967}
2025-06-16 18:03:06 - SPEA2 - INFO - 1425º Individual: {'ar': '44100', 'sample_fmt': 'fltp', 'compression_level': '5', 'reservoir': '1', 'b:a': '114k', 'abr': 'True'}
2025-06-16 18:03:07 - SPEA2 - INFO -  >> Metrics: {'time': 0.9573647869983688, 'size': 155793, 'peaq': -2.973, 'im': -1.155}
2025-06-16 18:03:07 - SPEA2 - INFO - 1426º Individual: {'ar': '44100', 'sample_fmt': 's32p', 'compression_level': '2', 'reservoir': '1', 'b:a': '169k', 'abr': 'True'}
2025-06-16 18:03:08 - SPEA2 - INFO -  >> Metrics: {'time': 1.0366001339862123, 'size': 228257, 'peaq': -2.665, 'im': -0.786}
2025-06-16 18:03:08 - SPEA2 - INFO - 1427º Individual: {'ar': '12000', 'sample_fmt': 's32p', 'compression_level': '7', 'reservoir': '1', 'b:a': '32k', 'abr': 'True'}
2025-06-16 18:03:09 - SPEA2 - INFO -  >> Metrics: {'time': 0.5676682060002349, 'size': 43808, 'peaq': -3.777, 'im': -2.982}
2025-06-16 18:03:09 - SPEA2 - INFO - 1428º Individual: {'ar': '44100', 'sample_fmt': 's32p', 'compression_level': '5', 'reservoir': '1', 'b:a': '190k', 'abr': 'True'}
2025-06-16 18:03:10 - SPEA2 - INFO -  >> Metrics: {'time': 0.7471493319899309, 'size': 268048, 'peaq': -2.622, 'im': -0.738}
2025-06-16 18:03:10 - SPEA2 - INFO - 1429º Individual: {'ar': '12000', 'sample_fmt': 'fltp', 'compression_level': '7', 'reservoir': '0', 'b:a': '111k'}
2025-06-16 18:03:10 - SPEA2 - INFO -  >> Metrics: {'time': 0.5119294240139425, 'size': 92528, 'peaq': -3.74, 'im': -2.803}
2025-06-16 18:03:10 - SPEA2 - INFO - 1430º Individual: {'ar': '44100', 'sample_fmt': 's32p', 'compression_level': '5', 'reservoir': '1', 'b:a': '136k', 'abr': 'True'}
2025-06-16 18:03:11 - SPEA2 - INFO -  >> Metrics: {'time': 0.6881354619981721, 'size': 186962, 'peaq': -2.825, 'im': -0.969}
2025-06-16 18:03:11 - SPEA2 - INFO - 1431º Individual: {'ar': '44100', 'sample_fmt': 's32p', 'compression_level': '7', 'reservoir': '1', 'b:a': '274k', 'abr': 'True'}
2025-06-16 18:03:11 - SPEA2 - INFO -  >> Metrics: {'time': 0.5791742090077605, 'size': 386052, 'peaq': -2.6, 'im': -0.714}
2025-06-16 18:03:11 - SPEA2 - INFO - 1432º Individual: {'ar': '44100', 'sample_fmt': 's32p', 'compression_level': '9', 'reservoir': '1', 'b:a': '191k', 'abr': 'True'}
2025-06-16 18:03:12 - SPEA2 - INFO -  >> Metrics: {'time': 0.7145234799827449, 'size': 267011, 'peaq': -2.631, 'im': -0.749}
2025-06-16 18:03:12 - SPEA2 - INFO - 1433º Individual: {'ar': '44100', 'sample_fmt': 's32p', 'compression_level': '7', 'reservoir': '1', 'b:a': '168k'}
2025-06-16 18:03:13 - SPEA2 - INFO -  >> Metrics: {'time': 0.7023798460140824, 'size': 228390, 'peaq': -2.692, 'im': -0.815}
2025-06-16 18:03:13 - SPEA2 - INFO - 1434º Individual: {'ar': '44100', 'sample_fmt': 'fltp', 'compression_level': '7', 'reservoir': '1', 'b:a': '32k', 'abr': 'True'}
2025-06-16 18:03:13 - SPEA2 - INFO -  >> Metrics: {'time': 0.5905023210216314, 'size': 49324, 'peaq': -3.35, 'im': -1.734}
2025-06-16 18:03:13 - SPEA2 - INFO - 1435º Individual: {'ar': '44100', 'sample_fmt': 's32p', 'compression_level': '7', 'reservoir': '1', 'b:a': '168k'}
2025-06-16 18:03:14 - SPEA2 - INFO -  >> Metrics: {'time': 0.6052706259943079, 'size': 228390, 'peaq': -2.692, 'im': -0.815}
2025-06-16 18:03:14 - SPEA2 - INFO - 1436º Individual: {'ar': '44100', 'sample_fmt': 'fltp', 'compression_level': '2', 'reservoir': '1', 'b:a': '143k', 'abr': 'True'}
2025-06-16 18:03:15 - SPEA2 - INFO -  >> Metrics: {'time': 0.8344629720086232, 'size': 190907, 'peaq': -2.837, 'im': -0.983}
2025-06-16 18:03:15 - SPEA2 - INFO - 1437º Individual: {'ar': '44100', 'sample_fmt': 'fltp', 'compression_level': '9', 'reservoir': '1', 'b:a': '141k', 'abr': 'True'}
2025-06-16 18:03:16 - SPEA2 - INFO -  >> Metrics: {'time': 0.6128125570248812, 'size': 192262, 'peaq': -2.823, 'im': -0.967}
2025-06-16 18:03:16 - SPEA2 - INFO - 1438º Individual: {'ar': '44100', 'sample_fmt': 's32p', 'compression_level': '0', 'reservoir': '1', 'b:a': '194k', 'abr': 'True'}
2025-06-16 18:03:17 - SPEA2 - INFO -  >> Metrics: {'time': 1.0291302849946078, 'size': 268043, 'peaq': -2.621, 'im': -0.737}
2025-06-16 18:03:17 - SPEA2 - INFO - 1439º Individual: {'ar': '8000', 'sample_fmt': 'fltp', 'compression_level': '9', 'reservoir': '1', 'b:a': '128k', 'abr': 'True'}
2025-06-16 18:03:17 - SPEA2 - INFO -  >> Metrics: {'time': 0.4948997040046379, 'size': 92096, 'peaq': -3.858, 'im': -3.51}
2025-06-16 18:03:17 - SPEA2 - INFO - 1440º Individual: {'ar': '44100', 'sample_fmt': 'fltp', 'compression_level': '6', 'reservoir': '0', 'b:a': '108k'}
2025-06-16 18:03:18 - SPEA2 - INFO -  >> Metrics: {'time': 0.7261060879682191, 'size': 159896, 'peaq': -2.949, 'im': -1.123}
2025-06-16 18:03:18 - SPEA2 - INFO - 1441º Individual: {'ar': '44100', 'sample_fmt': 's32p', 'compression_level': '0', 'reservoir': '1', 'b:a': '245k', 'abr': 'True'}
2025-06-16 18:03:19 - SPEA2 - INFO -  >> Metrics: {'time': 1.0563535829714965, 'size': 342206, 'peaq': -2.595, 'im': -0.709}
2025-06-16 18:03:19 - SPEA2 - INFO - 1442º Individual: {'ar': '44100', 'sample_fmt': 's32p', 'compression_level': '5', 'reservoir': '1', 'b:a': '194k', 'abr': 'True'}
2025-06-16 18:03:20 - SPEA2 - INFO -  >> Metrics: {'time': 0.6890554540150333, 'size': 273152, 'peaq': -2.623, 'im': -0.74}
2025-06-16 18:03:20 - SPEA2 - INFO - 1443º Individual: {'ar': '32000', 'sample_fmt': 'fltp', 'compression_level': '7', 'reservoir': '1', 'b:a': '196k', 'abr': 'True'}
2025-06-16 18:03:20 - SPEA2 - INFO -  >> Metrics: {'time': 0.60310971798026, 'size': 279080, 'peaq': -3.177, 'im': -1.443}
2025-06-16 18:03:20 - SPEA2 - INFO - 1444º Individual: {'ar': '44100', 'sample_fmt': 's16p', 'compression_level': '9', 'reservoir': '1', 'b:a': '209k', 'abr': 'True'}
2025-06-16 18:03:21 - SPEA2 - INFO -  >> Metrics: {'time': 0.6336155039898586, 'size': 293570, 'peaq': -2.609, 'im': -0.724}
2025-06-16 18:03:21 - SPEA2 - INFO - 1445º Individual: {'ar': '44100', 'sample_fmt': 'fltp', 'compression_level': '9', 'reservoir': '1', 'b:a': '110k', 'abr': 'True'}
2025-06-16 18:03:22 - SPEA2 - INFO -  >> Metrics: {'time': 0.7732980749860872, 'size': 147056, 'peaq': -3.215, 'im': -1.502}
2025-06-16 18:03:22 - SPEA2 - INFO - 1446º Individual: {'ar': '44100', 'sample_fmt': 's16p', 'compression_level': '5', 'reservoir': '1', 'b:a': '244k', 'abr': 'True'}
2025-06-16 18:03:22 - SPEA2 - INFO -  >> Metrics: {'time': 0.8495739780191798, 'size': 347618, 'peaq': -2.594, 'im': -0.708}
2025-06-16 18:03:22 - SPEA2 - INFO - 1447º Individual: {'ar': '44100', 'sample_fmt': 's32p', 'compression_level': '6', 'reservoir': '1', 'b:a': '193k', 'abr': 'True'}
2025-06-16 18:03:23 - SPEA2 - INFO -  >> Metrics: {'time': 0.7900290340185165, 'size': 271798, 'peaq': -2.62, 'im': -0.736}
2025-06-16 18:03:23 - SPEA2 - INFO - 1448º Individual: {'ar': '16000', 'sample_fmt': 's32p', 'compression_level': '5', 'reservoir': '1', 'b:a': '148k', 'abr': 'True'}
2025-06-16 18:03:24 - SPEA2 - INFO -  >> Metrics: {'time': 0.5677975059952587, 'size': 199628, 'peaq': -3.764, 'im': -2.914}
2025-06-16 18:03:24 - SPEA2 - INFO - 1449º Individual: {'ar': '44100', 'sample_fmt': 'fltp', 'compression_level': '5', 'reservoir': '1', 'b:a': '141k', 'abr': 'True'}
2025-06-16 18:03:25 - SPEA2 - INFO -  >> Metrics: {'time': 0.7299960299860686, 'size': 193478, 'peaq': -2.791, 'im': -0.929}
2025-06-16 18:03:25 - SPEA2 - INFO - 1450º Individual: {'ar': '44100', 'sample_fmt': 's32p', 'compression_level': '7', 'reservoir': '1', 'b:a': '267k', 'abr': 'True'}
2025-06-16 18:03:25 - SPEA2 - INFO -  >> Metrics: {'time': 0.6039459349995013, 'size': 376720, 'peaq': -2.601, 'im': -0.716}
2025-06-16 18:03:25 - SPEA2 - INFO - 1451º Individual: {'ar': '44100', 'sample_fmt': 's32p', 'compression_level': '5', 'reservoir': '1', 'b:a': '253k'}
2025-06-16 18:03:26 - SPEA2 - INFO -  >> Metrics: {'time': 0.6633426300249994, 'size': 365375, 'peaq': -2.592, 'im': -0.706}
2025-06-16 18:03:26 - SPEA2 - INFO - 1452º Individual: {'ar': '44100', 'sample_fmt': 'fltp', 'compression_level': '3', 'reservoir': '1', 'b:a': '106k', 'abr': 'True'}
2025-06-16 18:03:27 - SPEA2 - INFO -  >> Metrics: {'time': 0.6932069169997703, 'size': 142375, 'peaq': -3.25, 'im': -1.559}
2025-06-16 18:03:27 - SPEA2 - INFO - 1453º Individual: {'ar': '44100', 'sample_fmt': 'fltp', 'compression_level': '5', 'reservoir': '1', 'b:a': '141k', 'abr': 'True'}
2025-06-16 18:03:27 - SPEA2 - INFO -  >> Metrics: {'time': 0.6908376940118615, 'size': 193478, 'peaq': -2.791, 'im': -0.929}
2025-06-16 18:03:27 - SPEA2 - INFO - 1454º Individual: {'ar': '44100', 'sample_fmt': 'fltp', 'compression_level': '2', 'reservoir': '1', 'b:a': '257k', 'abr': 'True'}
2025-06-16 18:03:28 - SPEA2 - INFO -  >> Metrics: {'time': 0.9072544889932033, 'size': 352713, 'peaq': -2.589, 'im': -0.703}
2025-06-16 18:03:28 - SPEA2 - INFO - 1455º Individual: {'ar': '44100', 'sample_fmt': 's32p', 'compression_level': '7', 'reservoir': '1', 'b:a': '32k'}
2025-06-16 18:03:29 - SPEA2 - INFO -  >> Metrics: {'time': 0.5841518720262684, 'size': 45846, 'peaq': -3.286, 'im': -1.619}
2025-06-16 18:03:29 - SPEA2 - INFO - 1456º Individual: {'ar': '44100', 'sample_fmt': 'fltp', 'compression_level': '5', 'reservoir': '1', 'b:a': '32k', 'abr': 'True'}
2025-06-16 18:03:29 - SPEA2 - INFO -  >> Metrics: {'time': 0.6174019110039808, 'size': 49350, 'peaq': -3.348, 'im': -1.73}
2025-06-16 18:03:29 - SPEA2 - INFO - 1457º Individual: {'ar': '44100', 'sample_fmt': 'fltp', 'compression_level': '2', 'reservoir': '1', 'aq': '9'}
2025-06-16 18:03:30 - SPEA2 - INFO -  >> Metrics: {'time': 0.6418617400049698, 'size': 106330, 'peaq': -3.343, 'im': -1.721}
2025-06-16 18:03:30 - SPEA2 - INFO - 1458º Individual: {'ar': '44100', 'sample_fmt': 'fltp', 'compression_level': '7', 'reservoir': '1', 'b:a': '101k'}
2025-06-16 18:03:31 - SPEA2 - INFO -  >> Metrics: {'time': 0.5892614409967791, 'size': 137066, 'peaq': -3.284, 'im': -1.617}
2025-06-16 18:03:31 - SPEA2 - INFO - 1459º Individual: {'ar': '44100', 'sample_fmt': 's32p', 'compression_level': '5', 'reservoir': '1', 'b:a': '143k', 'abr': 'True'}
2025-06-16 18:03:31 - SPEA2 - INFO -  >> Metrics: {'time': 0.8065162219863851, 'size': 196003, 'peaq': -2.771, 'im': -0.906}
2025-06-16 18:03:31 - SPEA2 - INFO - 1460º Individual: {'ar': '32000', 'sample_fmt': 'fltp', 'compression_level': '7', 'reservoir': '1', 'b:a': '254k', 'abr': 'True'}
2025-06-16 18:03:32 - SPEA2 - INFO -  >> Metrics: {'time': 1.004890317999525, 'size': 360512, 'peaq': -3.174, 'im': -1.437}
2025-06-16 18:03:33 - SPEA2 - INFO - 1461º Individual: {'ar': '44100', 'sample_fmt': 's32p', 'compression_level': '9', 'reservoir': '1', 'b:a': '192k', 'abr': 'True'}
2025-06-16 18:03:33 - SPEA2 - INFO -  >> Metrics: {'time': 0.8401449709781446, 'size': 268569, 'peaq': -2.63, 'im': -0.747}
2025-06-16 18:03:33 - SPEA2 - INFO - 1462º Individual: {'ar': '44100', 'sample_fmt': 's32p', 'compression_level': '2', 'reservoir': '1', 'b:a': '194k', 'abr': 'True'}
2025-06-16 18:03:34 - SPEA2 - INFO -  >> Metrics: {'time': 0.778742925991537, 'size': 267730, 'peaq': -2.62, 'im': -0.736}
2025-06-16 18:03:34 - SPEA2 - INFO - 1463º Individual: {'ar': '32000', 'sample_fmt': 'fltp', 'compression_level': '7', 'reservoir': '0', 'b:a': '168k'}
2025-06-16 18:03:35 - SPEA2 - INFO -  >> Metrics: {'time': 0.565694946970325, 'size': 229040, 'peaq': -3.202, 'im': -1.481}
2025-06-16 18:03:35 - SPEA2 - INFO - 1464º Individual: {'ar': '44100', 'sample_fmt': 's32p', 'compression_level': '5', 'reservoir': '1', 'b:a': '111k', 'abr': 'True'}
2025-06-16 18:03:36 - SPEA2 - INFO -  >> Metrics: {'time': 1.6221065200224984, 'size': 151475, 'peaq': -3.03, 'im': -1.23}
2025-06-16 18:03:36 - SPEA2 - INFO - 1465º Individual: {'ar': '16000', 'sample_fmt': 's32p', 'compression_level': '7', 'reservoir': '1', 'b:a': '173k'}
2025-06-16 18:03:37 - SPEA2 - INFO -  >> Metrics: {'time': 1.0156686900008935, 'size': 229760, 'peaq': -3.762, 'im': -2.907}
2025-06-16 18:03:37 - SPEA2 - INFO - 1466º Individual: {'ar': '44100', 'sample_fmt': 's32p', 'compression_level': '5', 'reservoir': '1', 'b:a': '141k', 'abr': 'True'}
2025-06-16 18:03:38 - SPEA2 - INFO -  >> Metrics: {'time': 1.0889940719644073, 'size': 193481, 'peaq': -2.791, 'im': -0.929}
2025-06-16 18:03:38 - SPEA2 - INFO - 1467º Individual: {'ar': '44100', 'sample_fmt': 's32p', 'compression_level': '0', 'reservoir': '1', 'b:a': '191k', 'abr': 'True'}
2025-06-16 18:03:40 - SPEA2 - INFO -  >> Metrics: {'time': 1.2432389659807086, 'size': 264713, 'peaq': -2.628, 'im': -0.745}
2025-06-16 18:03:40 - SPEA2 - INFO - 1468º Individual: {'ar': '44100', 'sample_fmt': 's32p', 'compression_level': '5', 'reservoir': '1', 'b:a': '167k', 'abr': 'True'}
2025-06-16 18:03:40 - SPEA2 - INFO -  >> Metrics: {'time': 0.7723199109896086, 'size': 232028, 'peaq': -2.66, 'im': -0.78}
2025-06-16 18:03:40 - SPEA2 - INFO - 1469º Individual: {'ar': '44100', 'sample_fmt': 's32p', 'compression_level': '0', 'reservoir': '1', 'b:a': '192k', 'abr': 'True'}
2025-06-16 18:03:42 - SPEA2 - INFO -  >> Metrics: {'time': 1.2064946169848554, 'size': 265650, 'peaq': -2.623, 'im': -0.74}
2025-06-16 18:03:42 - SPEA2 - INFO - 1470º Individual: {'ar': '44100', 'sample_fmt': 'fltp', 'compression_level': '2', 'reservoir': '1', 'b:a': '113k', 'abr': 'True'}
2025-06-16 18:03:43 - SPEA2 - INFO -  >> Metrics: {'time': 0.8020745230023749, 'size': 151736, 'peaq': -3.165, 'im': -1.424}
2025-06-16 18:03:43 - SPEA2 - INFO - 1471º Individual: {'ar': '44100', 'sample_fmt': 's32p', 'compression_level': '2', 'reservoir': '1', 'b:a': '194k', 'abr': 'True'}
2025-06-16 18:03:44 - SPEA2 - INFO -  >> Metrics: {'time': 1.1608505779586267, 'size': 267730, 'peaq': -2.62, 'im': -0.736}
2025-06-16 18:03:44 - SPEA2 - INFO - 1472º Individual: {'ar': '44100', 'sample_fmt': 'fltp', 'compression_level': '5', 'reservoir': '1', 'b:a': '114k', 'abr': 'True'}
2025-06-16 18:03:45 - SPEA2 - INFO -  >> Metrics: {'time': 0.8934950190305244, 'size': 155793, 'peaq': -2.973, 'im': -1.155}
2025-06-16 18:03:45 - SPEA2 - INFO - 1473º Individual: {'ar': '44100', 'sample_fmt': 'fltp', 'compression_level': '0', 'reservoir': '1', 'b:a': '253k', 'abr': 'True'}
2025-06-16 18:03:46 - SPEA2 - INFO -  >> Metrics: {'time': 1.6238322000135668, 'size': 348756, 'peaq': -2.593, 'im': -0.707}
2025-06-16 18:03:46 - SPEA2 - INFO - 1474º Individual: {'ar': '44100', 'sample_fmt': 'fltp', 'compression_level': '5', 'reservoir': '1', 'b:a': '128k', 'abr': 'True'}
2025-06-16 18:03:47 - SPEA2 - INFO -  >> Metrics: {'time': 0.9046067020390183, 'size': 176147, 'peaq': -2.859, 'im': -1.01}
2025-06-16 18:03:47 - SPEA2 - INFO - 1475º Individual: {'ar': '44100', 'sample_fmt': 's32p', 'compression_level': '8', 'reservoir': '1', 'b:a': '114k', 'abr': 'True'}
2025-06-16 18:03:48 - SPEA2 - INFO -  >> Metrics: {'time': 0.7937991079816129, 'size': 153037, 'peaq': -3.139, 'im': -1.384}
2025-06-16 18:03:48 - SPEA2 - INFO - 1476º Individual: {'ar': '44100', 'sample_fmt': 'fltp', 'compression_level': '7', 'reservoir': '1', 'b:a': '126k'}
2025-06-16 18:03:49 - SPEA2 - INFO -  >> Metrics: {'time': 0.6312698750116397, 'size': 182727, 'peaq': -2.916, 'im': -1.081}
2025-06-16 18:03:49 - SPEA2 - INFO - 1477º Individual: {'ar': '44100', 'sample_fmt': 's32p', 'compression_level': '5', 'reservoir': '0', 'b:a': '106k'}
2025-06-16 18:03:49 - SPEA2 - INFO -  >> Metrics: {'time': 0.7169484710029792, 'size': 159896, 'peaq': -2.947, 'im': -1.12}
2025-06-16 18:03:49 - SPEA2 - INFO - 1478º Individual: {'ar': '44100', 'sample_fmt': 's16p', 'compression_level': '2', 'reservoir': '1', 'b:a': '193k', 'abr': 'True'}
2025-06-16 18:03:50 - SPEA2 - INFO -  >> Metrics: {'time': 0.8389413279946893, 'size': 266379, 'peaq': -2.623, 'im': -0.74}
2025-06-16 18:03:50 - SPEA2 - INFO - 1479º Individual: {'ar': '44100', 'sample_fmt': 'fltp', 'compression_level': '0', 'reservoir': '1', 'b:a': '191k', 'abr': 'True'}
2025-06-16 18:03:51 - SPEA2 - INFO -  >> Metrics: {'time': 1.1582724459876772, 'size': 264712, 'peaq': -2.628, 'im': -0.745}
2025-06-16 18:03:51 - SPEA2 - INFO - 1480º Individual: {'ar': '8000', 'sample_fmt': 's16p', 'compression_level': '2', 'reservoir': '1', 'b:a': '102k'}
2025-06-16 18:03:52 - SPEA2 - INFO -  >> Metrics: {'time': 0.6537202699983027, 'size': 93104, 'peaq': -3.858, 'im': -3.514}
2025-06-16 18:03:52 - SPEA2 - INFO - 1481º Individual: {'ar': '44100', 'sample_fmt': 's16p', 'compression_level': '5', 'reservoir': '1', 'b:a': '190k', 'abr': 'True'}
2025-06-16 18:03:53 - SPEA2 - INFO -  >> Metrics: {'time': 0.7055303289962467, 'size': 268155, 'peaq': -2.623, 'im': -0.74}
2025-06-16 18:03:53 - SPEA2 - INFO - 1482º Individual: {'ar': '44100', 'sample_fmt': 'fltp', 'compression_level': '0', 'reservoir': '1', 'b:a': '103k'}
2025-06-16 18:03:54 - SPEA2 - INFO -  >> Metrics: {'time': 1.3542582000081893, 'size': 137066, 'peaq': -3.344, 'im': -1.723}
2025-06-16 18:03:54 - SPEA2 - INFO - 1483º Individual: {'ar': '44100', 'sample_fmt': 's32p', 'compression_level': '5', 'reservoir': '1', 'b:a': '270k', 'abr': 'True'}
2025-06-16 18:03:55 - SPEA2 - INFO -  >> Metrics: {'time': 1.0614434879971668, 'size': 373165, 'peaq': -2.583, 'im': -0.696}
2025-06-16 18:03:55 - SPEA2 - INFO - 1484º Individual: {'ar': '44100', 'sample_fmt': 'fltp', 'compression_level': '2', 'reservoir': '1', 'b:a': '32k', 'abr': 'True'}
2025-06-16 18:03:56 - SPEA2 - INFO -  >> Metrics: {'time': 0.7497746860026382, 'size': 48908, 'peaq': -3.294, 'im': -1.634}
2025-06-16 18:03:56 - SPEA2 - INFO - 1485º Individual: {'ar': '44100', 'sample_fmt': 's16p', 'compression_level': '5', 'reservoir': '1', 'b:a': '244k', 'abr': 'True'}
2025-06-16 18:03:57 - SPEA2 - INFO -  >> Metrics: {'time': 0.7579834540083539, 'size': 347618, 'peaq': -2.594, 'im': -0.708}
2025-06-16 18:03:57 - SPEA2 - INFO - 1486º Individual: {'ar': '8000', 'sample_fmt': 's16p', 'compression_level': '9', 'reservoir': '1', 'aq': '9'}
2025-06-16 18:03:57 - SPEA2 - INFO -  >> Metrics: {'time': 0.5469658040092327, 'size': 37736, 'peaq': -3.855, 'im': -3.486}
2025-06-16 18:03:57 - SPEA2 - INFO - 1487º Individual: {'ar': '44100', 'sample_fmt': 's32p', 'compression_level': '5', 'reservoir': '1', 'b:a': '107k', 'abr': 'True'}
2025-06-16 18:03:58 - SPEA2 - INFO -  >> Metrics: {'time': 1.0672771459794603, 'size': 145599, 'peaq': -3.107, 'im': -1.339}
2025-06-16 18:03:58 - SPEA2 - INFO - 1488º Individual: {'ar': '44100', 'sample_fmt': 's32p', 'compression_level': '0', 'reservoir': '1', 'b:a': '123k', 'abr': 'True'}
2025-06-16 18:04:01 - SPEA2 - INFO -  >> Metrics: {'time': 2.908515347982757, 'size': 167502, 'peaq': -3.072, 'im': -1.289}
2025-06-16 18:04:01 - SPEA2 - INFO - 1489º Individual: {'ar': '44100', 'sample_fmt': 'fltp', 'compression_level': '0', 'reservoir': '1', 'b:a': '103k'}
2025-06-16 18:04:03 - SPEA2 - INFO -  >> Metrics: {'time': 1.8287172020063736, 'size': 137066, 'peaq': -3.344, 'im': -1.723}
2025-06-16 18:04:03 - SPEA2 - INFO - 1490º Individual: {'ar': '44100', 'sample_fmt': 'fltp', 'compression_level': '9', 'reservoir': '1', 'b:a': '114k', 'abr': 'True'}
2025-06-16 18:04:04 - SPEA2 - INFO -  >> Metrics: {'time': 1.091556461993605, 'size': 153037, 'peaq': -3.139, 'im': -1.384}
2025-06-16 18:04:04 - SPEA2 - INFO - 1491º Individual: {'ar': '44100', 'sample_fmt': 's32p', 'compression_level': '9', 'reservoir': '1', 'b:a': '148k', 'abr': 'True'}
2025-06-16 18:04:05 - SPEA2 - INFO -  >> Metrics: {'time': 0.7577112820290495, 'size': 202963, 'peaq': -2.779, 'im': -0.915}
2025-06-16 18:04:05 - SPEA2 - INFO - 1492º Individual: {'ar': '44100', 'sample_fmt': 's32p', 'compression_level': '9', 'reservoir': '1', 'b:a': '110k', 'abr': 'True'}
2025-06-16 18:04:06 - SPEA2 - INFO -  >> Metrics: {'time': 0.7553977830102667, 'size': 147056, 'peaq': -3.215, 'im': -1.502}
2025-06-16 18:04:06 - SPEA2 - INFO - 1493º Individual: {'ar': '44100', 'sample_fmt': 'fltp', 'compression_level': '5', 'reservoir': '1', 'b:a': '104k', 'abr': 'True'}
2025-06-16 18:04:07 - SPEA2 - INFO -  >> Metrics: {'time': 1.0082826930156443, 'size': 141699, 'peaq': -3.17, 'im': -1.431}
2025-06-16 18:04:07 - SPEA2 - INFO - 1494º Individual: {'ar': '44100', 'sample_fmt': 's32p', 'compression_level': '7', 'reservoir': '1', 'b:a': '270k', 'abr': 'True'}
2025-06-16 18:04:08 - SPEA2 - INFO -  >> Metrics: {'time': 0.8123613019706681, 'size': 380812, 'peaq': -2.6, 'im': -0.715}
2025-06-16 18:04:08 - SPEA2 - INFO - 1495º Individual: {'ar': '44100', 'sample_fmt': 's32p', 'compression_level': '2', 'reservoir': '1', 'b:a': '192k'}
2025-06-16 18:04:09 - SPEA2 - INFO -  >> Metrics: {'time': 1.1655160899972543, 'size': 274051, 'peaq': -2.626, 'im': -0.742}
2025-06-16 18:04:09 - SPEA2 - INFO - 1496º Individual: {'ar': '44100', 'sample_fmt': 's32p', 'compression_level': '5', 'reservoir': '1', 'b:a': '108k', 'abr': 'True'}
2025-06-16 18:04:10 - SPEA2 - INFO -  >> Metrics: {'time': 1.303814331011381, 'size': 147315, 'peaq': -3.086, 'im': -1.308}
2025-06-16 18:04:10 - SPEA2 - INFO - 1497º Individual: {'ar': '32000', 'sample_fmt': 's32p', 'compression_level': '9', 'reservoir': '0', 'b:a': '166k'}
2025-06-16 18:04:11 - SPEA2 - INFO -  >> Metrics: {'time': 0.6776754459715448, 'size': 229040, 'peaq': -3.202, 'im': -1.481}
2025-06-16 18:04:11 - SPEA2 - INFO - 1498º Individual: {'ar': '16000', 'sample_fmt': 'fltp', 'compression_level': '9', 'reservoir': '0', 'aq': '9'}
2025-06-16 18:04:11 - SPEA2 - INFO -  >> Metrics: {'time': 0.6219126629875973, 'size': 68300, 'peaq': -3.805, 'im': -3.135}
2025-06-16 18:04:11 - SPEA2 - INFO - 1499º Individual: {'ar': '16000', 'sample_fmt': 'fltp', 'compression_level': '5', 'reservoir': '1', 'b:a': '125k', 'abr': 'True'}
2025-06-16 18:04:12 - SPEA2 - INFO -  >> Metrics: {'time': 0.6635458250239026, 'size': 166364, 'peaq': -3.767, 'im': -2.93}
2025-06-16 18:04:12 - SPEA2 - INFO - 1500º Individual: {'ar': '44100', 'sample_fmt': 's32p', 'compression_level': '5', 'reservoir': '1', 'b:a': '148k', 'abr': 'True'}
2025-06-16 18:04:13 - SPEA2 - INFO -  >> Metrics: {'time': 0.8649034200061578, 'size': 206985, 'peaq': -2.704, 'im': -0.829}
2025-06-16 18:04:13 - SPEA2 - INFO - 1501º Individual: {'ar': '44100', 'sample_fmt': 's16p', 'compression_level': '0', 'reservoir': '1', 'b:a': '191k', 'abr': 'True'}
2025-06-16 18:04:14 - SPEA2 - INFO -  >> Metrics: {'time': 1.1664430620148778, 'size': 264609, 'peaq': -2.629, 'im': -0.746}
2025-06-16 18:04:14 - SPEA2 - INFO - 1502º Individual: {'ar': '44100', 'sample_fmt': 's32p', 'compression_level': '9', 'reservoir': '1', 'b:a': '110k', 'abr': 'True'}
2025-06-16 18:04:15 - SPEA2 - INFO -  >> Metrics: {'time': 0.6690902460250072, 'size': 147056, 'peaq': -3.215, 'im': -1.502}
2025-06-16 18:04:15 - SPEA2 - INFO - 1503º Individual: {'ar': '44100', 'sample_fmt': 's32p', 'compression_level': '5', 'reservoir': '1', 'b:a': '107k', 'abr': 'True'}
2025-06-16 18:04:16 - SPEA2 - INFO -  >> Metrics: {'time': 0.8144015900033992, 'size': 145599, 'peaq': -3.107, 'im': -1.339}
2025-06-16 18:04:16 - SPEA2 - INFO - 1504º Individual: {'ar': '12000', 'sample_fmt': 's32p', 'compression_level': '7', 'reservoir': '1', 'b:a': '168k'}
2025-06-16 18:04:16 - SPEA2 - INFO -  >> Metrics: {'time': 0.5255042100034188, 'size': 92816, 'peaq': -3.742, 'im': -2.811}
2025-06-16 18:04:16 - SPEA2 - INFO - 1505º Individual: {'ar': '32000', 'sample_fmt': 's16p', 'compression_level': '7', 'reservoir': '1', 'b:a': '254k', 'abr': 'True'}
2025-06-16 18:04:17 - SPEA2 - INFO -  >> Metrics: {'time': 0.6165325270267203, 'size': 360512, 'peaq': -3.172, 'im': -1.435}
2025-06-16 18:04:17 - SPEA2 - INFO - 1506º Individual: {'ar': '44100', 'sample_fmt': 'fltp', 'compression_level': '8', 'reservoir': '0', 'aq': '9'}
2025-06-16 18:04:18 - SPEA2 - INFO -  >> Metrics: {'time': 0.9600079420197289, 'size': 106367, 'peaq': -3.314, 'im': -1.668}
2025-06-16 18:04:18 - SPEA2 - INFO - 1507º Individual: {'ar': '44100', 'sample_fmt': 's32p', 'compression_level': '7', 'reservoir': '1', 'b:a': '274k', 'abr': 'True'}
2025-06-16 18:04:19 - SPEA2 - INFO -  >> Metrics: {'time': 1.0536326600122266, 'size': 386052, 'peaq': -2.6, 'im': -0.714}
2025-06-16 18:04:19 - SPEA2 - INFO - 1508º Individual: {'ar': '44100', 'sample_fmt': 'fltp', 'compression_level': '7', 'reservoir': '1', 'b:a': '32k', 'abr': 'True'}
2025-06-16 18:04:20 - SPEA2 - INFO -  >> Metrics: {'time': 0.6733546910108998, 'size': 49324, 'peaq': -3.35, 'im': -1.734}
2025-06-16 18:04:20 - SPEA2 - INFO - 1509º Individual: {'ar': '44100', 'sample_fmt': 'fltp', 'compression_level': '2', 'reservoir': '1', 'b:a': '142k', 'abr': 'True'}
2025-06-16 18:04:20 - SPEA2 - INFO -  >> Metrics: {'time': 0.9138486470037606, 'size': 189797, 'peaq': -2.846, 'im': -0.995}
2025-06-16 18:04:20 - SPEA2 - INFO - 1510º Individual: {'ar': '32000', 'sample_fmt': 'fltp', 'compression_level': '7', 'reservoir': '1', 'b:a': '252k', 'abr': 'True'}
2025-06-16 18:04:21 - SPEA2 - INFO -  >> Metrics: {'time': 0.6757363670039922, 'size': 357776, 'peaq': -3.173, 'im': -1.437}
2025-06-16 18:04:21 - SPEA2 - INFO - 1511º Individual: {'ar': '44100', 'sample_fmt': 'fltp', 'compression_level': '5', 'reservoir': '1', 'b:a': '32k', 'abr': 'True'}
2025-06-16 18:04:22 - SPEA2 - INFO -  >> Metrics: {'time': 0.7390182910021394, 'size': 49350, 'peaq': -3.348, 'im': -1.73}
2025-06-16 18:04:22 - SPEA2 - INFO - 1512º Individual: {'ar': '44100', 'sample_fmt': 'fltp', 'compression_level': '5', 'reservoir': '1', 'b:a': '167k', 'abr': 'True'}
2025-06-16 18:04:23 - SPEA2 - INFO -  >> Metrics: {'time': 0.7360554550250527, 'size': 232028, 'peaq': -2.66, 'im': -0.78}
2025-06-16 18:04:23 - SPEA2 - INFO - 1513º Individual: {'ar': '44100', 'sample_fmt': 'fltp', 'compression_level': '2', 'reservoir': '1', 'b:a': '272k', 'abr': 'True'}
2025-06-16 18:04:24 - SPEA2 - INFO -  >> Metrics: {'time': 0.8852035790041555, 'size': 360840, 'peaq': -2.583, 'im': -0.696}
2025-06-16 18:04:24 - SPEA2 - INFO - 1514º Individual: {'ar': '16000', 'sample_fmt': 'fltp', 'compression_level': '5', 'reservoir': '1', 'b:a': '111k', 'abr': 'True'}
2025-06-16 18:04:24 - SPEA2 - INFO -  >> Metrics: {'time': 0.5737341449712403, 'size': 146204, 'peaq': -3.766, 'im': -2.925}
2025-06-16 18:04:24 - SPEA2 - INFO - 1515º Individual: {'ar': '44100', 'sample_fmt': 's32p', 'compression_level': '0', 'reservoir': '1', 'aq': '9'}
2025-06-16 18:04:25 - SPEA2 - INFO -  >> Metrics: {'time': 0.6217089679848868, 'size': 106330, 'peaq': -3.343, 'im': -1.721}
2025-06-16 18:04:25 - SPEA2 - INFO - 1516º Individual: {'ar': '44100', 'sample_fmt': 's32p', 'compression_level': '9', 'reservoir': '1', 'b:a': '107k', 'abr': 'True'}
2025-06-16 18:04:25 - SPEA2 - INFO -  >> Metrics: {'time': 0.5829634270339739, 'size': 142584, 'peaq': -3.248, 'im': -1.556}
2025-06-16 18:04:25 - SPEA2 - INFO - 1517º Individual: {'ar': '32000', 'sample_fmt': 's16p', 'compression_level': '7', 'reservoir': '1', 'b:a': '254k', 'abr': 'True'}
2025-06-16 18:04:26 - SPEA2 - INFO -  >> Metrics: {'time': 0.5610098200268112, 'size': 360512, 'peaq': -3.172, 'im': -1.435}
2025-06-16 18:04:26 - SPEA2 - INFO - 1518º Individual: {'ar': '8000', 'sample_fmt': 'fltp', 'compression_level': '9', 'reservoir': '1', 'b:a': '128k', 'abr': 'True'}
2025-06-16 18:04:26 - SPEA2 - INFO -  >> Metrics: {'time': 0.5017183929739986, 'size': 92096, 'peaq': -3.858, 'im': -3.51}
2025-06-16 18:04:26 - SPEA2 - INFO - 1519º Individual: {'ar': '44100', 'sample_fmt': 's32p', 'compression_level': '5', 'reservoir': '1', 'b:a': '110k', 'abr': 'True'}
2025-06-16 18:04:27 - SPEA2 - INFO -  >> Metrics: {'time': 0.6855074299674015, 'size': 150176, 'peaq': -3.064, 'im': -1.277}
2025-06-16 18:04:27 - SPEA2 - INFO - 1520º Individual: {'ar': '16000', 'sample_fmt': 'fltp', 'compression_level': '0', 'reservoir': '1', 'b:a': '32k', 'abr': 'True'}
2025-06-16 18:04:28 - SPEA2 - INFO -  >> Metrics: {'time': 0.8188502429693472, 'size': 44972, 'peaq': -3.277, 'im': -1.605}
2025-06-16 18:04:28 - SPEA2 - INFO - 1521º Individual: {'ar': '32000', 'sample_fmt': 'fltp', 'compression_level': '2', 'reservoir': '1', 'b:a': '195k', 'abr': 'True'}
2025-06-16 18:04:29 - SPEA2 - INFO -  >> Metrics: {'time': 0.77721213400946, 'size': 258200, 'peaq': -3.185, 'im': -1.455}
2025-06-16 18:04:29 - SPEA2 - INFO - 1522º Individual: {'ar': '32000', 'sample_fmt': 'fltp', 'compression_level': '7', 'reservoir': '1', 'b:a': '32k', 'abr': 'True'}
2025-06-16 18:04:29 - SPEA2 - INFO -  >> Metrics: {'time': 0.5415488540020306, 'size': 47852, 'peaq': -3.442, 'im': -1.918}
2025-06-16 18:04:29 - SPEA2 - INFO - 1523º Individual: {'ar': '44100', 'sample_fmt': 'fltp', 'compression_level': '5', 'reservoir': '1', 'b:a': '259k', 'abr': 'True'}
2025-06-16 18:04:30 - SPEA2 - INFO -  >> Metrics: {'time': 1.0306363429699559, 'size': 364064, 'peaq': -2.582, 'im': -0.695}
2025-06-16 18:04:30 - SPEA2 - INFO - 1524º Individual: {'ar': '44100', 'sample_fmt': 's32p', 'compression_level': '5', 'reservoir': '1', 'b:a': '167k', 'abr': 'True'}
2025-06-16 18:04:31 - SPEA2 - INFO -  >> Metrics: {'time': 0.7358231040125247, 'size': 232028, 'peaq': -2.66, 'im': -0.78}
2025-06-16 18:04:31 - SPEA2 - INFO - 1525º Individual: {'ar': '44100', 'sample_fmt': 'fltp', 'compression_level': '5', 'reservoir': '1', 'b:a': '148k', 'abr': 'True'}
2025-06-16 18:04:32 - SPEA2 - INFO -  >> Metrics: {'time': 0.7657502150104847, 'size': 206986, 'peaq': -2.704, 'im': -0.829}
2025-06-16 18:04:32 - SPEA2 - INFO - 1526º Individual: {'ar': '44100', 'sample_fmt': 's16p', 'compression_level': '5', 'reservoir': '1', 'b:a': '113k', 'abr': 'True'}
2025-06-16 18:04:32 - SPEA2 - INFO -  >> Metrics: {'time': 0.6909528510004748, 'size': 154180, 'peaq': -2.997, 'im': -1.185}
2025-06-16 18:04:32 - SPEA2 - INFO - 1527º Individual: {'ar': '44100', 'sample_fmt': 'fltp', 'compression_level': '5', 'reservoir': '1', 'b:a': '128k', 'abr': 'True'}
2025-06-16 18:04:33 - SPEA2 - INFO -  >> Metrics: {'time': 0.6997347279975656, 'size': 176147, 'peaq': -2.859, 'im': -1.01}
2025-06-16 18:04:33 - SPEA2 - INFO - 1528º Individual: {'ar': '44100', 'sample_fmt': 'fltp', 'compression_level': '7', 'reservoir': '1', 'b:a': '126k'}
2025-06-16 18:04:34 - SPEA2 - INFO -  >> Metrics: {'time': 0.6101731039816514, 'size': 182727, 'peaq': -2.916, 'im': -1.081}
2025-06-16 18:04:34 - SPEA2 - INFO - 1529º Individual: {'ar': '44100', 'sample_fmt': 's32p', 'compression_level': '8', 'reservoir': '1', 'b:a': '86k', 'abr': 'True'}
2025-06-16 18:04:34 - SPEA2 - INFO -  >> Metrics: {'time': 0.6472654800163582, 'size': 116376, 'peaq': -3.472, 'im': -1.982}
2025-06-16 18:04:34 - SPEA2 - INFO - 1530º Individual: {'ar': '44100', 'sample_fmt': 'fltp', 'compression_level': '2', 'reservoir': '1', 'b:a': '168k', 'abr': 'True'}
2025-06-16 18:04:35 - SPEA2 - INFO -  >> Metrics: {'time': 1.022518662008224, 'size': 227529, 'peaq': -2.678, 'im': -0.8}
2025-06-16 18:04:35 - SPEA2 - INFO - 1531º Individual: {'ar': '44100', 'sample_fmt': 'fltp', 'compression_level': '5', 'reservoir': '1', 'b:a': '253k', 'abr': 'True'}
2025-06-16 18:04:36 - SPEA2 - INFO -  >> Metrics: {'time': 0.8047595770040061, 'size': 358334, 'peaq': -2.586, 'im': -0.699}
2025-06-16 18:04:36 - SPEA2 - INFO - 1532º Individual: {'ar': '8000', 'sample_fmt': 's16p', 'compression_level': '2', 'reservoir': '1', 'b:a': '167k', 'abr': 'True'}
2025-06-16 18:04:37 - SPEA2 - INFO -  >> Metrics: {'time': 0.6965816360025201, 'size': 76616, 'peaq': -3.858, 'im': -3.512}
2025-06-16 18:04:37 - SPEA2 - INFO - 1533º Individual: {'ar': '16000', 'sample_fmt': 's32p', 'compression_level': '9', 'reservoir': '1', 'b:a': '86k', 'abr': 'True'}
2025-06-16 18:04:38 - SPEA2 - INFO -  >> Metrics: {'time': 0.5365194260084536, 'size': 122588, 'peaq': -3.714, 'im': -2.693}
2025-06-16 18:04:38 - SPEA2 - INFO - 1534º Individual: {'ar': '44100', 'sample_fmt': 'fltp', 'compression_level': '5', 'reservoir': '0', 'b:a': '143k', 'abr': 'True'}
2025-06-16 18:04:38 - SPEA2 - INFO -  >> Metrics: {'time': 0.7372579540242441, 'size': 227765, 'peaq': -2.772, 'im': -0.907}
2025-06-16 18:04:38 - SPEA2 - INFO - 1535º Individual: {'ar': '32000', 'sample_fmt': 's16p', 'compression_level': '3', 'reservoir': '1', 'b:a': '195k', 'abr': 'True'}
2025-06-16 18:04:39 - SPEA2 - INFO -  >> Metrics: {'time': 0.7102938930038363, 'size': 265400, 'peaq': -3.179, 'im': -1.445}
2025-06-16 18:04:39 - SPEA2 - INFO - 1536º Individual: {'ar': '44100', 'sample_fmt': 's32p', 'compression_level': '5', 'reservoir': '0', 'b:a': '143k', 'abr': 'True'}
2025-06-16 18:04:40 - SPEA2 - INFO -  >> Metrics: {'time': 0.7083953309920616, 'size': 227660, 'peaq': -2.772, 'im': -0.906}
2025-06-16 18:04:40 - SPEA2 - INFO - 1537º Individual: {'ar': '44100', 'sample_fmt': 'fltp', 'compression_level': '5', 'reservoir': '1', 'b:a': '128k', 'abr': 'True'}
2025-06-16 18:04:40 - SPEA2 - INFO -  >> Metrics: {'time': 0.6922729520010762, 'size': 176147, 'peaq': -2.859, 'im': -1.01}
2025-06-16 18:04:40 - SPEA2 - INFO - 1538º Individual: {'ar': '44100', 'sample_fmt': 's32p', 'compression_level': '5', 'reservoir': '1', 'b:a': '127k', 'abr': 'True'}
2025-06-16 18:04:41 - SPEA2 - INFO -  >> Metrics: {'time': 0.749754913005745, 'size': 174795, 'peaq': -2.86, 'im': -1.012}
2025-06-16 18:04:41 - SPEA2 - INFO - 1539º Individual: {'ar': '44100', 'sample_fmt': 's32p', 'compression_level': '7', 'reservoir': '1', 'b:a': '273k'}
2025-06-16 18:04:42 - SPEA2 - INFO -  >> Metrics: {'time': 0.6920338689815253, 'size': 365375, 'peaq': -2.604, 'im': -0.719}
2025-06-16 18:04:42 - SPEA2 - INFO - 1540º Individual: {'ar': '44100', 'sample_fmt': 's32p', 'compression_level': '1', 'reservoir': '1', 'b:a': '110k', 'abr': 'True'}
2025-06-16 18:04:43 - SPEA2 - INFO -  >> Metrics: {'time': 1.2294257979956456, 'size': 148824, 'peaq': -3.218, 'im': -1.507}
2025-06-16 18:04:43 - SPEA2 - INFO - 1541º Individual: {'ar': '44100', 'sample_fmt': 's32p', 'compression_level': '5', 'reservoir': '1', 'b:a': '108k', 'abr': 'True'}
2025-06-16 18:04:44 - SPEA2 - INFO -  >> Metrics: {'time': 0.7070597899728455, 'size': 147315, 'peaq': -3.086, 'im': -1.308}
2025-06-16 18:04:44 - SPEA2 - INFO - 1542º Individual: {'ar': '32000', 'sample_fmt': 'fltp', 'compression_level': '7', 'reservoir': '0', 'b:a': '32k'}
2025-06-16 18:04:44 - SPEA2 - INFO -  >> Metrics: {'time': 0.5458086029975675, 'size': 45944, 'peaq': -3.413, 'im': -1.857}
2025-06-16 18:04:44 - SPEA2 - INFO - 1543º Individual: {'ar': '12000', 'sample_fmt': 'fltp', 'compression_level': '5', 'reservoir': '1', 'b:a': '32k', 'abr': 'True'}
2025-06-16 18:04:45 - SPEA2 - INFO -  >> Metrics: {'time': 0.5246037919714581, 'size': 44720, 'peaq': -3.78, 'im': -2.995}
2025-06-16 18:04:45 - SPEA2 - INFO - 1544º Individual: {'ar': '44100', 'sample_fmt': 's32p', 'compression_level': '5', 'reservoir': '1', 'b:a': '103k'}
2025-06-16 18:04:46 - SPEA2 - INFO -  >> Metrics: {'time': 0.671841586008668, 'size': 137066, 'peaq': -3.226, 'im': -1.519}
2025-06-16 18:04:46 - SPEA2 - INFO - 1545º Individual: {'ar': '44100', 'sample_fmt': 'fltp', 'compression_level': '6', 'reservoir': '1', 'b:a': '168k', 'abr': 'True'}
2025-06-16 18:04:46 - SPEA2 - INFO -  >> Metrics: {'time': 0.7334610440011602, 'size': 233596, 'peaq': -2.654, 'im': -0.773}
2025-06-16 18:04:46 - SPEA2 - INFO - 1546º Individual: {'ar': '44100', 'sample_fmt': 's32p', 'compression_level': '5', 'reservoir': '1', 'b:a': '265k', 'abr': 'True'}
2025-06-16 18:04:47 - SPEA2 - INFO -  >> Metrics: {'time': 0.6788207869976759, 'size': 369077, 'peaq': -2.586, 'im': -0.699}
2025-06-16 18:04:47 - SPEA2 - INFO - 1547º Individual: {'ar': '16000', 'sample_fmt': 's32p', 'compression_level': '8', 'reservoir': '1', 'b:a': '87k', 'abr': 'True'}
2025-06-16 18:04:48 - SPEA2 - INFO -  >> Metrics: {'time': 0.5254544719937257, 'size': 124100, 'peaq': -3.713, 'im': -2.69}
2025-06-16 18:04:48 - SPEA2 - INFO - 1548º Individual: {'ar': '44100', 'sample_fmt': 'fltp', 'compression_level': '9', 'reservoir': '1', 'b:a': '210k', 'abr': 'True'}
2025-06-16 18:04:48 - SPEA2 - INFO -  >> Metrics: {'time': 0.710484756011283, 'size': 295040, 'peaq': -2.608, 'im': -0.723}
2025-06-16 18:04:48 - SPEA2 - INFO - 1549º Individual: {'ar': '32000', 'sample_fmt': 's16p', 'compression_level': '7', 'reservoir': '1', 'aq': '9'}
2025-06-16 18:04:49 - SPEA2 - INFO -  >> Metrics: {'time': 0.609448937990237, 'size': 83672, 'peaq': -3.514, 'im': -2.081}
2025-06-16 18:04:49 - SPEA2 - INFO - 1550º Individual: {'ar': '16000', 'sample_fmt': 'fltp', 'compression_level': '7', 'reservoir': '1', 'b:a': '86k', 'abr': 'True'}
2025-06-16 18:04:49 - SPEA2 - INFO -  >> Metrics: {'time': 0.5348123500007205, 'size': 122588, 'peaq': -3.714, 'im': -2.693}
2025-06-16 18:04:49 - SPEA2 - INFO - 1551º Individual: {'ar': '44100', 'sample_fmt': 'fltp', 'compression_level': '0', 'reservoir': '1', 'b:a': '192k', 'abr': 'True'}
2025-06-16 18:04:51 - SPEA2 - INFO -  >> Metrics: {'time': 1.081239043007372, 'size': 265651, 'peaq': -2.623, 'im': -0.74}
2025-06-16 18:04:51 - SPEA2 - INFO - 1552º Individual: {'ar': '8000', 'sample_fmt': 's32p', 'compression_level': '5', 'reservoir': '1', 'b:a': '143k', 'abr': 'True'}
2025-06-16 18:04:51 - SPEA2 - INFO -  >> Metrics: {'time': 0.5851870049955323, 'size': 87416, 'peaq': -3.858, 'im': -3.508}
2025-06-16 18:04:51 - SPEA2 - INFO - 1553º Individual: {'ar': '32000', 'sample_fmt': 's16p', 'compression_level': '7', 'reservoir': '1', 'b:a': '194k', 'abr': 'True'}
2025-06-16 18:04:52 - SPEA2 - INFO -  >> Metrics: {'time': 0.6464055489923339, 'size': 276272, 'peaq': -3.179, 'im': -1.445}
2025-06-16 18:04:52 - SPEA2 - INFO - 1554º Individual: {'ar': '44100', 'sample_fmt': 'fltp', 'compression_level': '7', 'reservoir': '1', 'b:a': '167k'}
2025-06-16 18:04:52 - SPEA2 - INFO -  >> Metrics: {'time': 0.5805766140110791, 'size': 228390, 'peaq': -2.691, 'im': -0.815}
2025-06-16 18:04:52 - SPEA2 - INFO - 1555º Individual: {'ar': '44100', 'sample_fmt': 'fltp', 'compression_level': '5', 'reservoir': '1', 'b:a': '107k', 'abr': 'True'}
2025-06-16 18:04:53 - SPEA2 - INFO -  >> Metrics: {'time': 0.6758866609889083, 'size': 145599, 'peaq': -3.108, 'im': -1.339}
2025-06-16 18:04:53 - SPEA2 - INFO - 1556º Individual: {'ar': '8000', 'sample_fmt': 's32p', 'compression_level': '7', 'reservoir': '1', 'b:a': '267k'}
2025-06-16 18:04:54 - SPEA2 - INFO -  >> Metrics: {'time': 0.5133380599727388, 'size': 93680, 'peaq': -3.858, 'im': -3.511}
2025-06-16 18:04:54 - SPEA2 - INFO - 1557º Individual: {'ar': '44100', 'sample_fmt': 's32p', 'compression_level': '7', 'reservoir': '1', 'b:a': '32k', 'abr': 'True'}
2025-06-16 18:04:54 - SPEA2 - INFO -  >> Metrics: {'time': 0.5739624889974948, 'size': 49324, 'peaq': -3.35, 'im': -1.734}
2025-06-16 18:04:54 - SPEA2 - INFO - 1558º Individual: {'ar': '32000', 'sample_fmt': 'fltp', 'compression_level': '7', 'reservoir': '1', 'b:a': '195k', 'abr': 'True'}
2025-06-16 18:04:55 - SPEA2 - INFO -  >> Metrics: {'time': 0.5650430700043216, 'size': 277856, 'peaq': -3.179, 'im': -1.446}
2025-06-16 18:04:55 - SPEA2 - INFO - 1559º Individual: {'ar': '44100', 'sample_fmt': 'fltp', 'compression_level': '7', 'reservoir': '1', 'b:a': '106k', 'abr': 'True'}
2025-06-16 18:04:55 - SPEA2 - INFO -  >> Metrics: {'time': 0.5853298050060403, 'size': 141335, 'peaq': -3.264, 'im': -1.582}
2025-06-16 18:04:55 - SPEA2 - INFO - 1560º Individual: {'ar': '44100', 'sample_fmt': 'fltp', 'compression_level': '2', 'reservoir': '1', 'b:a': '275k', 'abr': 'True'}
2025-06-16 18:04:56 - SPEA2 - INFO -  >> Metrics: {'time': 0.8520267639833037, 'size': 362618, 'peaq': -2.586, 'im': -0.7}
2025-06-16 18:04:56 - SPEA2 - INFO - 1561º Individual: {'ar': '44100', 'sample_fmt': 'fltp', 'compression_level': '5', 'reservoir': '1', 'b:a': '32k', 'abr': 'True'}
2025-06-16 18:04:57 - SPEA2 - INFO -  >> Metrics: {'time': 0.762057380983606, 'size': 49350, 'peaq': -3.348, 'im': -1.73}
2025-06-16 18:04:57 - SPEA2 - INFO - 1562º Individual: {'ar': '44100', 'sample_fmt': 'fltp', 'compression_level': '6', 'reservoir': '1', 'b:a': '274k', 'abr': 'True'}
2025-06-16 18:04:58 - SPEA2 - INFO -  >> Metrics: {'time': 0.7172477720014285, 'size': 376405, 'peaq': -2.588, 'im': -0.702}
2025-06-16 18:04:58 - SPEA2 - INFO - 1563º Individual: {'ar': '44100', 'sample_fmt': 's32p', 'compression_level': '7', 'reservoir': '1', 'b:a': '267k'}
2025-06-16 18:04:58 - SPEA2 - INFO -  >> Metrics: {'time': 0.6652247339952737, 'size': 365375, 'peaq': -2.604, 'im': -0.719}
2025-06-16 18:04:58 - SPEA2 - INFO - 1564º Individual: {'ar': '44100', 'sample_fmt': 's32p', 'compression_level': '5', 'reservoir': '1', 'b:a': '143k', 'abr': 'True'}
2025-06-16 18:04:59 - SPEA2 - INFO -  >> Metrics: {'time': 0.747348251985386, 'size': 196003, 'peaq': -2.771, 'im': -0.906}
2025-06-16 18:04:59 - SPEA2 - INFO - 1565º Individual: {'ar': '44100', 'sample_fmt': 's16p', 'compression_level': '0', 'reservoir': '1', 'b:a': '193k', 'abr': 'True'}
2025-06-16 18:05:00 - SPEA2 - INFO -  >> Metrics: {'time': 1.1453707159962505, 'size': 267108, 'peaq': -2.625, 'im': -0.742}
2025-06-16 18:05:00 - SPEA2 - INFO - 1566º Individual: {'ar': '12000', 'sample_fmt': 'fltp', 'compression_level': '7', 'reservoir': '1', 'b:a': '32k', 'abr': 'True'}
2025-06-16 18:05:01 - SPEA2 - INFO -  >> Metrics: {'time': 0.5665793649968691, 'size': 43808, 'peaq': -3.777, 'im': -2.982}
2025-06-16 18:05:01 - SPEA2 - INFO - 1567º Individual: {'ar': '44100', 'sample_fmt': 'fltp', 'compression_level': '3', 'reservoir': '1', 'b:a': '194k', 'abr': 'True'}
2025-06-16 18:05:02 - SPEA2 - INFO -  >> Metrics: {'time': 0.8354876560042612, 'size': 270129, 'peaq': -2.621, 'im': -0.738}
2025-06-16 18:05:02 - SPEA2 - INFO - 1568º Individual: {'ar': '44100', 'sample_fmt': 'fltp', 'compression_level': '2', 'reservoir': '1', 'b:a': '32k', 'abr': 'True'}
2025-06-16 18:05:02 - SPEA2 - INFO -  >> Metrics: {'time': 0.7350978059985209, 'size': 48908, 'peaq': -3.294, 'im': -1.634}
2025-06-16 18:05:02 - SPEA2 - INFO - 1569º Individual: {'ar': '44100', 'sample_fmt': 's16p', 'compression_level': '6', 'reservoir': '1', 'b:a': '193k', 'abr': 'True'}
2025-06-16 18:05:03 - SPEA2 - INFO -  >> Metrics: {'time': 0.7265211130143143, 'size': 271902, 'peaq': -2.617, 'im': -0.733}
2025-06-16 18:05:03 - SPEA2 - INFO - 1570º Individual: {'ar': '44100', 'sample_fmt': 's32p', 'compression_level': '5', 'reservoir': '1', 'b:a': '113k', 'abr': 'True'}
2025-06-16 18:05:04 - SPEA2 - INFO -  >> Metrics: {'time': 0.6840949980251025, 'size': 154181, 'peaq': -2.991, 'im': -1.178}
2025-06-16 18:05:04 - SPEA2 - INFO - 1571º Individual: {'ar': '44100', 'sample_fmt': 's32p', 'compression_level': '9', 'reservoir': '1', 'b:a': '194k', 'abr': 'True'}
2025-06-16 18:05:04 - SPEA2 - INFO -  >> Metrics: {'time': 0.5918269180110656, 'size': 271799, 'peaq': -2.623, 'im': -0.74}
2025-06-16 18:05:04 - SPEA2 - INFO - 1572º Individual: {'ar': '44100', 'sample_fmt': 'fltp', 'compression_level': '5', 'reservoir': '1', 'b:a': '32k', 'abr': 'True'}
2025-06-16 18:05:05 - SPEA2 - INFO -  >> Metrics: {'time': 0.8211389000061899, 'size': 49350, 'peaq': -3.348, 'im': -1.73}
2025-06-16 18:05:05 - SPEA2 - INFO - 1573º Individual: {'ar': '44100', 'sample_fmt': 'fltp', 'compression_level': '5', 'reservoir': '1', 'b:a': '128k', 'abr': 'True'}
2025-06-16 18:05:06 - SPEA2 - INFO -  >> Metrics: {'time': 0.9124979900079779, 'size': 176147, 'peaq': -2.859, 'im': -1.01}
2025-06-16 18:05:06 - SPEA2 - INFO - 1574º Individual: {'ar': '44100', 'sample_fmt': 'fltp', 'compression_level': '7', 'reservoir': '1', 'b:a': '144k'}
2025-06-16 18:05:07 - SPEA2 - INFO -  >> Metrics: {'time': 0.7961102169938385, 'size': 182727, 'peaq': -2.918, 'im': -1.084}
2025-06-16 18:05:07 - SPEA2 - INFO - 1575º Individual: {'ar': '44100', 'sample_fmt': 'fltp', 'compression_level': '5', 'reservoir': '0', 'b:a': '169k'}
2025-06-16 18:05:08 - SPEA2 - INFO -  >> Metrics: {'time': 0.761953649984207, 'size': 228390, 'peaq': -2.67, 'im': -0.792}
2025-06-16 18:05:08 - SPEA2 - INFO - 1576º Individual: {'ar': '44100', 'sample_fmt': 's32p', 'compression_level': '7', 'reservoir': '1', 'b:a': '267k'}
2025-06-16 18:05:08 - SPEA2 - INFO -  >> Metrics: {'time': 0.6050567650236189, 'size': 365375, 'peaq': -2.604, 'im': -0.719}
2025-06-16 18:05:08 - SPEA2 - INFO - 1577º Individual: {'ar': '44100', 'sample_fmt': 'fltp', 'compression_level': '5', 'reservoir': '1', 'b:a': '114k', 'abr': 'True'}
2025-06-16 18:05:09 - SPEA2 - INFO -  >> Metrics: {'time': 0.7120656610059086, 'size': 155793, 'peaq': -2.973, 'im': -1.155}
2025-06-16 18:05:09 - SPEA2 - INFO - 1578º Individual: {'ar': '44100', 'sample_fmt': 'fltp', 'compression_level': '0', 'reservoir': '1', 'b:a': '126k'}
2025-06-16 18:05:10 - SPEA2 - INFO -  >> Metrics: {'time': 1.3351126369962003, 'size': 182727, 'peaq': -2.946, 'im': -1.119}
2025-06-16 18:05:10 - SPEA2 - INFO - 1579º Individual: {'ar': '44100', 'sample_fmt': 's32p', 'compression_level': '7', 'reservoir': '1', 'b:a': '168k', 'abr': 'True'}
2025-06-16 18:05:11 - SPEA2 - INFO -  >> Metrics: {'time': 0.6125473479623906, 'size': 232341, 'peaq': -2.684, 'im': -0.807}
2025-06-16 18:05:11 - SPEA2 - INFO - 1580º Individual: {'ar': '8000', 'sample_fmt': 'fltp', 'compression_level': '9', 'reservoir': '1', 'b:a': '128k', 'abr': 'True'}
2025-06-16 18:05:12 - SPEA2 - INFO -  >> Metrics: {'time': 0.521824388008099, 'size': 92096, 'peaq': -3.858, 'im': -3.51}
2025-06-16 18:05:12 - SPEA2 - INFO - 1581º Individual: {'ar': '32000', 'sample_fmt': 's16p', 'compression_level': '7', 'reservoir': '1', 'b:a': '256k', 'abr': 'True'}
2025-06-16 18:05:12 - SPEA2 - INFO -  >> Metrics: {'time': 0.8385138609737623, 'size': 362960, 'peaq': -3.17, 'im': -1.432}
2025-06-16 18:05:12 - SPEA2 - INFO - 1582º Individual: {'ar': '44100', 'sample_fmt': 's32p', 'compression_level': '7', 'reservoir': '1', 'b:a': '269k', 'abr': 'True'}
2025-06-16 18:05:13 - SPEA2 - INFO -  >> Metrics: {'time': 0.6401363430195488, 'size': 379341, 'peaq': -2.599, 'im': -0.713}
2025-06-16 18:05:13 - SPEA2 - INFO - 1583º Individual: {'ar': '44100', 'sample_fmt': 's32p', 'compression_level': '7', 'reservoir': '1', 'b:a': '139k', 'abr': 'True'}
2025-06-16 18:05:14 - SPEA2 - INFO -  >> Metrics: {'time': 0.6761323739774525, 'size': 189478, 'peaq': -2.844, 'im': -0.992}
2025-06-16 18:05:14 - SPEA2 - INFO - 1584º Individual: {'ar': '44100', 'sample_fmt': 'fltp', 'compression_level': '7', 'reservoir': '1', 'b:a': '32k', 'abr': 'True'}
2025-06-16 18:05:14 - SPEA2 - INFO -  >> Metrics: {'time': 0.6490682449948508, 'size': 49324, 'peaq': -3.35, 'im': -1.734}
2025-06-16 18:05:14 - SPEA2 - INFO - 1585º Individual: {'ar': '44100', 'sample_fmt': 'fltp', 'compression_level': '0', 'reservoir': '1', 'b:a': '253k', 'abr': 'True'}
2025-06-16 18:05:16 - SPEA2 - INFO -  >> Metrics: {'time': 1.1193481930240523, 'size': 348756, 'peaq': -2.593, 'im': -0.707}
2025-06-16 18:05:16 - SPEA2 - INFO - 1586º Individual: {'ar': '44100', 'sample_fmt': 's16p', 'compression_level': '5', 'reservoir': '1', 'b:a': '113k', 'abr': 'True'}
2025-06-16 18:05:16 - SPEA2 - INFO -  >> Metrics: {'time': 0.6911047190078534, 'size': 154180, 'peaq': -2.997, 'im': -1.185}
2025-06-16 18:05:16 - SPEA2 - INFO - 1587º Individual: {'ar': '44100', 'sample_fmt': 'fltp', 'compression_level': '3', 'reservoir': '1', 'b:a': '193k', 'abr': 'True'}
2025-06-16 18:05:17 - SPEA2 - INFO -  >> Metrics: {'time': 0.7274003099882975, 'size': 268673, 'peaq': -2.622, 'im': -0.739}
2025-06-16 18:05:17 - SPEA2 - INFO - 1588º Individual: {'ar': '44100', 'sample_fmt': 's32p', 'compression_level': '5', 'reservoir': '1', 'b:a': '259k', 'abr': 'True'}
2025-06-16 18:05:18 - SPEA2 - INFO -  >> Metrics: {'time': 0.7149270579975564, 'size': 364064, 'peaq': -2.582, 'im': -0.695}
2025-06-16 18:05:18 - SPEA2 - INFO - 1589º Individual: {'ar': '44100', 'sample_fmt': 's16p', 'compression_level': '5', 'reservoir': '1', 'b:a': '107k', 'abr': 'True'}
2025-06-16 18:05:18 - SPEA2 - INFO -  >> Metrics: {'time': 0.6884950420062523, 'size': 145652, 'peaq': -3.095, 'im': -1.321}
2025-06-16 18:05:18 - SPEA2 - INFO - 1590º Individual: {'ar': '44100', 'sample_fmt': 'fltp', 'compression_level': '7', 'reservoir': '1', 'b:a': '32k', 'abr': 'True'}
2025-06-16 18:05:19 - SPEA2 - INFO -  >> Metrics: {'time': 0.5978220069955569, 'size': 49324, 'peaq': -3.35, 'im': -1.734}
2025-06-16 18:05:19 - SPEA2 - INFO - 1591º Individual: {'ar': '44100', 'sample_fmt': 'fltp', 'compression_level': '5', 'reservoir': '1', 'b:a': '144k', 'abr': 'True'}
2025-06-16 18:05:20 - SPEA2 - INFO -  >> Metrics: {'time': 0.7094738369924016, 'size': 201136, 'peaq': -2.716, 'im': -0.843}
2025-06-16 18:05:20 - SPEA2 - INFO - 1592º Individual: {'ar': '44100', 'sample_fmt': 's32p', 'compression_level': '7', 'reservoir': '1', 'b:a': '191k'}
2025-06-16 18:05:20 - SPEA2 - INFO -  >> Metrics: {'time': 0.6188284659874626, 'size': 274051, 'peaq': -2.63, 'im': -0.747}
2025-06-16 18:05:20 - SPEA2 - INFO - 1593º Individual: {'ar': '44100', 'sample_fmt': 's32p', 'compression_level': '6', 'reservoir': '1', 'b:a': '168k', 'abr': 'True'}
2025-06-16 18:05:21 - SPEA2 - INFO -  >> Metrics: {'time': 1.0399507450056262, 'size': 233594, 'peaq': -2.654, 'im': -0.773}
2025-06-16 18:05:21 - SPEA2 - INFO - 1594º Individual: {'ar': '44100', 'sample_fmt': 'fltp', 'compression_level': '5', 'reservoir': '1', 'b:a': '141k', 'abr': 'True'}
2025-06-16 18:05:22 - SPEA2 - INFO -  >> Metrics: {'time': 0.8414063889940735, 'size': 193478, 'peaq': -2.791, 'im': -0.929}
2025-06-16 18:05:22 - SPEA2 - INFO - 1595º Individual: {'ar': '44100', 'sample_fmt': 's32p', 'compression_level': '7', 'reservoir': '1', 'b:a': '168k', 'abr': 'True'}
2025-06-16 18:05:23 - SPEA2 - INFO -  >> Metrics: {'time': 0.6201700199744664, 'size': 232341, 'peaq': -2.684, 'im': -0.807}
2025-06-16 18:05:23 - SPEA2 - INFO - 1596º Individual: {'ar': '44100', 'sample_fmt': 's32p', 'compression_level': '2', 'reservoir': '1', 'b:a': '168k', 'abr': 'True'}
2025-06-16 18:05:24 - SPEA2 - INFO -  >> Metrics: {'time': 0.9178354719770141, 'size': 227484, 'peaq': -2.678, 'im': -0.8}
2025-06-16 18:05:24 - SPEA2 - INFO - 1597º Individual: {'ar': '44100', 'sample_fmt': 'fltp', 'compression_level': '7', 'reservoir': '1', 'b:a': '168k'}
2025-06-16 18:05:24 - SPEA2 - INFO -  >> Metrics: {'time': 0.6064880309859291, 'size': 228390, 'peaq': -2.691, 'im': -0.815}
2025-06-16 18:05:24 - SPEA2 - INFO - 1598º Individual: {'ar': '32000', 'sample_fmt': 's32p', 'compression_level': '7', 'reservoir': '1', 'b:a': '32k'}
2025-06-16 18:05:25 - SPEA2 - INFO -  >> Metrics: {'time': 0.5952544669853523, 'size': 45944, 'peaq': -3.434, 'im': -1.9}
2025-06-16 18:05:25 - SPEA2 - INFO - 1599º Individual: {'ar': '44100', 'sample_fmt': 's32p', 'compression_level': '7', 'reservoir': '1', 'b:a': '210k', 'abr': 'True'}
2025-06-16 18:05:26 - SPEA2 - INFO -  >> Metrics: {'time': 0.6142584570043255, 'size': 295040, 'peaq': -2.608, 'im': -0.723}
2025-06-16 18:05:26 - SPEA2 - INFO - 1600º Individual: {'ar': '32000', 'sample_fmt': 's16p', 'compression_level': '7', 'reservoir': '1', 'b:a': '263k', 'abr': 'True'}
2025-06-16 18:05:26 - SPEA2 - INFO -  >> Metrics: {'time': 0.5923828709928785, 'size': 372176, 'peaq': -3.178, 'im': -1.443}
2025-06-16 18:05:26 - SPEA2 - INFO - 1601º Individual: {'ar': '44100', 'sample_fmt': 'fltp', 'compression_level': '0', 'reservoir': '1', 'b:a': '37k', 'abr': 'True'}
2025-06-16 18:05:27 - SPEA2 - INFO -  >> Metrics: {'time': 1.0837823059700895, 'size': 55903, 'peaq': -3.124, 'im': -1.362}
2025-06-16 18:05:27 - SPEA2 - INFO - 1602º Individual: {'ar': '44100', 'sample_fmt': 's32p', 'compression_level': '5', 'reservoir': '1', 'b:a': '103k'}
2025-06-16 18:05:28 - SPEA2 - INFO -  >> Metrics: {'time': 0.7086833979992662, 'size': 137066, 'peaq': -3.226, 'im': -1.519}
2025-06-16 18:05:28 - SPEA2 - INFO - 1603º Individual: {'ar': '32000', 'sample_fmt': 's16p', 'compression_level': '7', 'reservoir': '1', 'b:a': '254k', 'abr': 'True'}
2025-06-16 18:05:29 - SPEA2 - INFO -  >> Metrics: {'time': 0.6760847810073756, 'size': 360512, 'peaq': -3.172, 'im': -1.435}
2025-06-16 18:05:29 - SPEA2 - INFO - 1604º Individual: {'ar': '44100', 'sample_fmt': 's32p', 'compression_level': '7', 'reservoir': '1', 'b:a': '141k', 'abr': 'True'}
2025-06-16 18:05:29 - SPEA2 - INFO -  >> Metrics: {'time': 0.632939791015815, 'size': 192262, 'peaq': -2.823, 'im': -0.967}
2025-06-16 18:05:29 - SPEA2 - INFO - 1605º Individual: {'ar': '44100', 'sample_fmt': 'fltp', 'compression_level': '2', 'reservoir': '1', 'b:a': '257k', 'abr': 'True'}
2025-06-16 18:05:30 - SPEA2 - INFO -  >> Metrics: {'time': 0.8555967930005863, 'size': 352713, 'peaq': -2.589, 'im': -0.703}
2025-06-16 18:05:30 - SPEA2 - INFO - 1606º Individual: {'ar': '44100', 'sample_fmt': 's32p', 'compression_level': '7', 'reservoir': '1', 'b:a': '168k', 'abr': 'True'}
2025-06-16 18:05:31 - SPEA2 - INFO -  >> Metrics: {'time': 0.6252812409948092, 'size': 232341, 'peaq': -2.684, 'im': -0.807}
2025-06-16 18:05:31 - SPEA2 - INFO - 1607º Individual: {'ar': '44100', 'sample_fmt': 'fltp', 'compression_level': '7', 'reservoir': '1', 'b:a': '32k', 'abr': 'True'}
2025-06-16 18:05:32 - SPEA2 - INFO -  >> Metrics: {'time': 0.6584641090012155, 'size': 49324, 'peaq': -3.35, 'im': -1.734}
2025-06-16 18:05:32 - SPEA2 - INFO - 1608º Individual: {'ar': '44100', 'sample_fmt': 's32p', 'compression_level': '5', 'reservoir': '1', 'b:a': '259k', 'abr': 'True'}
2025-06-16 18:05:32 - SPEA2 - INFO -  >> Metrics: {'time': 0.711622307979269, 'size': 364064, 'peaq': -2.582, 'im': -0.695}
2025-06-16 18:05:32 - SPEA2 - INFO - 1609º Individual: {'ar': '44100', 'sample_fmt': 's32p', 'compression_level': '9', 'reservoir': '1', 'b:a': '143k', 'abr': 'True'}
2025-06-16 18:05:33 - SPEA2 - INFO -  >> Metrics: {'time': 0.7842829659639392, 'size': 195422, 'peaq': -2.805, 'im': -0.945}
2025-06-16 18:05:33 - SPEA2 - INFO - 1610º Individual: {'ar': '44100', 'sample_fmt': 's16p', 'compression_level': '5', 'reservoir': '1', 'b:a': '113k', 'abr': 'True'}
2025-06-16 18:05:34 - SPEA2 - INFO -  >> Metrics: {'time': 0.7577629239822272, 'size': 154180, 'peaq': -2.997, 'im': -1.185}
2025-06-16 18:05:34 - SPEA2 - INFO - 1611º Individual: {'ar': '44100', 'sample_fmt': 's32p', 'compression_level': '9', 'reservoir': '1', 'b:a': '32k', 'abr': 'True'}
2025-06-16 18:05:35 - SPEA2 - INFO -  >> Metrics: {'time': 0.6699692869733553, 'size': 49324, 'peaq': -3.35, 'im': -1.734}
2025-06-16 18:05:35 - SPEA2 - INFO - 1612º Individual: {'ar': '12000', 'sample_fmt': 'fltp', 'compression_level': '7', 'reservoir': '1', 'b:a': '32k', 'abr': 'True'}
2025-06-16 18:05:35 - SPEA2 - INFO -  >> Metrics: {'time': 0.5524942449992523, 'size': 43808, 'peaq': -3.777, 'im': -2.982}
2025-06-16 18:05:35 - SPEA2 - INFO - 1613º Individual: {'ar': '44100', 'sample_fmt': 'fltp', 'compression_level': '0', 'reservoir': '1', 'b:a': '192k', 'abr': 'True'}
2025-06-16 18:05:36 - SPEA2 - INFO -  >> Metrics: {'time': 1.198067479999736, 'size': 265651, 'peaq': -2.623, 'im': -0.74}
2025-06-16 18:05:36 - SPEA2 - INFO - 1614º Individual: {'ar': '44100', 'sample_fmt': 'fltp', 'compression_level': '0', 'reservoir': '1', 'b:a': '254k', 'abr': 'True'}
2025-06-16 18:05:38 - SPEA2 - INFO -  >> Metrics: {'time': 1.2199178879964165, 'size': 349694, 'peaq': -2.59, 'im': -0.704}
2025-06-16 18:05:38 - SPEA2 - INFO - 1615º Individual: {'ar': '44100', 'sample_fmt': 's32p', 'compression_level': '7', 'reservoir': '1', 'b:a': '103k'}
2025-06-16 18:05:38 - SPEA2 - INFO -  >> Metrics: {'time': 0.6558134299993981, 'size': 137066, 'peaq': -3.284, 'im': -1.617}
2025-06-16 18:05:38 - SPEA2 - INFO - 1616º Individual: {'ar': '32000', 'sample_fmt': 'fltp', 'compression_level': '7', 'reservoir': '1', 'b:a': '32k'}
2025-06-16 18:05:39 - SPEA2 - INFO -  >> Metrics: {'time': 0.6080110330076423, 'size': 45944, 'peaq': -3.434, 'im': -1.9}
2025-06-16 18:05:39 - SPEA2 - INFO - 1617º Individual: {'ar': '12000', 'sample_fmt': 's16p', 'compression_level': '7', 'reservoir': '1', 'b:a': '261k', 'abr': 'True'}
2025-06-16 18:05:39 - SPEA2 - INFO -  >> Metrics: {'time': 0.5465804979903623, 'size': 90704, 'peaq': -3.74, 'im': -2.803}
2025-06-16 18:05:39 - SPEA2 - INFO - 1618º Individual: {'ar': '44100', 'sample_fmt': 'fltp', 'compression_level': '5', 'reservoir': '1', 'b:a': '141k', 'abr': 'True'}
2025-06-16 18:05:40 - SPEA2 - INFO -  >> Metrics: {'time': 0.7488128039694857, 'size': 193478, 'peaq': -2.791, 'im': -0.929}
2025-06-16 18:05:40 - SPEA2 - INFO - 1619º Individual: {'ar': '44100', 'sample_fmt': 'fltp', 'compression_level': '0', 'reservoir': '1', 'b:a': '192k', 'abr': 'True'}
2025-06-16 18:05:41 - SPEA2 - INFO -  >> Metrics: {'time': 1.0516168359899893, 'size': 265651, 'peaq': -2.623, 'im': -0.74}
2025-06-16 18:05:41 - SPEA2 - INFO - 1620º Individual: {'ar': '44100', 'sample_fmt': 's32p', 'compression_level': '7', 'reservoir': '1', 'b:a': '168k'}
2025-06-16 18:05:42 - SPEA2 - INFO -  >> Metrics: {'time': 0.6771031660027802, 'size': 228390, 'peaq': -2.692, 'im': -0.815}
2025-06-16 18:05:42 - SPEA2 - INFO - 1621º Individual: {'ar': '44100', 'sample_fmt': 's32p', 'compression_level': '5', 'reservoir': '1', 'b:a': '105k'}
2025-06-16 18:05:43 - SPEA2 - INFO -  >> Metrics: {'time': 0.6866007930075284, 'size': 159896, 'peaq': -2.963, 'im': -1.14}
2025-06-16 18:05:43 - SPEA2 - INFO - 1622º Individual: {'ar': '44100', 'sample_fmt': 's32p', 'compression_level': '5', 'reservoir': '1', 'b:a': '260k', 'abr': 'True'}
2025-06-16 18:05:43 - SPEA2 - INFO -  >> Metrics: {'time': 0.7212458199937828, 'size': 365003, 'peaq': -2.585, 'im': -0.698}
2025-06-16 18:05:43 - SPEA2 - INFO - 1623º Individual: {'ar': '44100', 'sample_fmt': 's32p', 'compression_level': '5', 'reservoir': '1', 'b:a': '139k', 'abr': 'True'}
2025-06-16 18:05:44 - SPEA2 - INFO -  >> Metrics: {'time': 0.731657909025671, 'size': 191054, 'peaq': -2.807, 'im': -0.948}
2025-06-16 18:05:44 - SPEA2 - INFO - 1624º Individual: {'ar': '44100', 'sample_fmt': 'fltp', 'compression_level': '5', 'reservoir': '1', 'b:a': '253k', 'abr': 'True'}
2025-06-16 18:05:45 - SPEA2 - INFO -  >> Metrics: {'time': 0.7487164009944536, 'size': 358334, 'peaq': -2.586, 'im': -0.699}
2025-06-16 18:05:45 - SPEA2 - INFO - 1625º Individual: {'ar': '44100', 'sample_fmt': 's32p', 'compression_level': '5', 'reservoir': '1', 'b:a': '143k', 'abr': 'True'}
2025-06-16 18:05:45 - SPEA2 - INFO -  >> Metrics: {'time': 0.7497812150104437, 'size': 196003, 'peaq': -2.771, 'im': -0.906}
2025-06-16 18:05:46 - SPEA2 - INFO - 1626º Individual: {'ar': '16000', 'sample_fmt': 's32p', 'compression_level': '8', 'reservoir': '1', 'b:a': '86k', 'abr': 'True'}
2025-06-16 18:05:46 - SPEA2 - INFO -  >> Metrics: {'time': 0.5672911549918354, 'size': 122588, 'peaq': -3.714, 'im': -2.693}
2025-06-16 18:05:46 - SPEA2 - INFO - 1627º Individual: {'ar': '8000', 'sample_fmt': 's32p', 'compression_level': '5', 'reservoir': '1', 'b:a': '127k', 'abr': 'True'}
2025-06-16 18:05:47 - SPEA2 - INFO -  >> Metrics: {'time': 0.5468599620216992, 'size': 87272, 'peaq': -3.858, 'im': -3.508}
2025-06-16 18:05:47 - SPEA2 - INFO - 1628º Individual: {'ar': '44100', 'sample_fmt': 'fltp', 'compression_level': '5', 'reservoir': '1', 'b:a': '143k', 'abr': 'True'}
2025-06-16 18:05:47 - SPEA2 - INFO -  >> Metrics: {'time': 0.7272158949926961, 'size': 196055, 'peaq': -2.772, 'im': -0.907}
2025-06-16 18:05:47 - SPEA2 - INFO - 1629º Individual: {'ar': '16000', 'sample_fmt': 'fltp', 'compression_level': '2', 'reservoir': '1', 'b:a': '76k', 'abr': 'True'}
2025-06-16 18:05:48 - SPEA2 - INFO -  >> Metrics: {'time': 0.7306106640317012, 'size': 89648, 'peaq': -3.819, 'im': -3.221}
2025-06-16 18:05:48 - SPEA2 - INFO - 1630º Individual: {'ar': '44100', 'sample_fmt': 'fltp', 'compression_level': '7', 'reservoir': '1', 'b:a': '210k', 'abr': 'True'}
2025-06-16 18:05:49 - SPEA2 - INFO -  >> Metrics: {'time': 0.721346767997602, 'size': 295040, 'peaq': -2.608, 'im': -0.723}
2025-06-16 18:05:49 - SPEA2 - INFO - 1631º Individual: {'ar': '32000', 'sample_fmt': 'fltp', 'compression_level': '7', 'reservoir': '1', 'b:a': '32k', 'abr': 'True'}
2025-06-16 18:05:49 - SPEA2 - INFO -  >> Metrics: {'time': 0.5755288549698889, 'size': 47852, 'peaq': -3.442, 'im': -1.918}
2025-06-16 18:05:49 - SPEA2 - INFO - 1632º Individual: {'ar': '44100', 'sample_fmt': 'fltp', 'compression_level': '7', 'reservoir': '1', 'b:a': '168k'}
2025-06-16 18:05:50 - SPEA2 - INFO -  >> Metrics: {'time': 0.6873818300082348, 'size': 228390, 'peaq': -2.691, 'im': -0.815}
2025-06-16 18:05:50 - SPEA2 - INFO - 1633º Individual: {'ar': '44100', 'sample_fmt': 's32p', 'compression_level': '5', 'reservoir': '1', 'b:a': '260k', 'abr': 'True'}
2025-06-16 18:05:51 - SPEA2 - INFO -  >> Metrics: {'time': 0.8347352079872508, 'size': 365003, 'peaq': -2.585, 'im': -0.698}
2025-06-16 18:05:51 - SPEA2 - INFO - 1634º Individual: {'ar': '44100', 'sample_fmt': 's32p', 'compression_level': '5', 'reservoir': '1', 'b:a': '141k', 'abr': 'True'}
2025-06-16 18:05:52 - SPEA2 - INFO -  >> Metrics: {'time': 0.9119087610160932, 'size': 193481, 'peaq': -2.791, 'im': -0.929}
2025-06-16 18:05:52 - SPEA2 - INFO - 1635º Individual: {'ar': '44100', 'sample_fmt': 's32p', 'compression_level': '0', 'reservoir': '1', 'b:a': '249k', 'abr': 'True'}
2025-06-16 18:05:53 - SPEA2 - INFO -  >> Metrics: {'time': 1.1882678110268898, 'size': 345636, 'peaq': -2.592, 'im': -0.706}
2025-06-16 18:05:53 - SPEA2 - INFO - 1636º Individual: {'ar': '44100', 'sample_fmt': 'fltp', 'compression_level': '5', 'reservoir': '0', 'b:a': '168k'}
2025-06-16 18:05:54 - SPEA2 - INFO -  >> Metrics: {'time': 0.7666815479751676, 'size': 228390, 'peaq': -2.67, 'im': -0.792}
2025-06-16 18:05:54 - SPEA2 - INFO - 1637º Individual: {'ar': '44100', 'sample_fmt': 's32p', 'compression_level': '7', 'reservoir': '1', 'b:a': '139k'}
2025-06-16 18:05:54 - SPEA2 - INFO -  >> Metrics: {'time': 0.6607675940031186, 'size': 182727, 'peaq': -2.916, 'im': -1.081}
2025-06-16 18:05:55 - SPEA2 - INFO - 1638º Individual: {'ar': '44100', 'sample_fmt': 'fltp', 'compression_level': '5', 'reservoir': '1', 'b:a': '141k', 'abr': 'True'}
2025-06-16 18:05:55 - SPEA2 - INFO -  >> Metrics: {'time': 0.9104747630190104, 'size': 193478, 'peaq': -2.791, 'im': -0.929}
2025-06-16 18:05:55 - SPEA2 - INFO - 1639º Individual: {'ar': '44100', 'sample_fmt': 's32p', 'compression_level': '7', 'reservoir': '1', 'b:a': '168k'}
2025-06-16 18:05:56 - SPEA2 - INFO -  >> Metrics: {'time': 0.6528164179762825, 'size': 228390, 'peaq': -2.692, 'im': -0.815}
2025-06-16 18:05:56 - SPEA2 - INFO - 1640º Individual: {'ar': '44100', 'sample_fmt': 'fltp', 'compression_level': '5', 'reservoir': '1', 'b:a': '144k', 'abr': 'True'}
2025-06-16 18:05:57 - SPEA2 - INFO -  >> Metrics: {'time': 0.7824270199926104, 'size': 201136, 'peaq': -2.716, 'im': -0.843}
2025-06-16 18:05:57 - SPEA2 - INFO - 1641º Individual: {'ar': '32000', 'sample_fmt': 'fltp', 'compression_level': '7', 'reservoir': '1', 'b:a': '113k', 'abr': 'True'}
2025-06-16 18:05:57 - SPEA2 - INFO -  >> Metrics: {'time': 0.5876547699735966, 'size': 155816, 'peaq': -3.41, 'im': -1.851}
2025-06-16 18:05:58 - SPEA2 - INFO - 1642º Individual: {'ar': '44100', 'sample_fmt': 's32p', 'compression_level': '7', 'reservoir': '1', 'b:a': '168k'}
2025-06-16 18:05:58 - SPEA2 - INFO -  >> Metrics: {'time': 0.689338044001488, 'size': 228390, 'peaq': -2.692, 'im': -0.815}
2025-06-16 18:05:58 - SPEA2 - INFO - 1643º Individual: {'ar': '44100', 'sample_fmt': 's32p', 'compression_level': '8', 'reservoir': '1', 'b:a': '86k', 'abr': 'True'}
2025-06-16 18:05:59 - SPEA2 - INFO -  >> Metrics: {'time': 0.821407139999792, 'size': 116376, 'peaq': -3.472, 'im': -1.982}
2025-06-16 18:05:59 - SPEA2 - INFO - 1644º Individual: {'ar': '44100', 'sample_fmt': 's32p', 'compression_level': '7', 'reservoir': '1', 'b:a': '254k'}
2025-06-16 18:06:00 - SPEA2 - INFO -  >> Metrics: {'time': 0.7451594530139118, 'size': 365375, 'peaq': -2.604, 'im': -0.719}
2025-06-16 18:06:00 - SPEA2 - INFO - 1645º Individual: {'ar': '32000', 'sample_fmt': 's32p', 'compression_level': '7', 'reservoir': '0', 'b:a': '168k'}
2025-06-16 18:06:00 - SPEA2 - INFO -  >> Metrics: {'time': 0.65704143900075, 'size': 229040, 'peaq': -3.202, 'im': -1.481}
2025-06-16 18:06:00 - SPEA2 - INFO - 1646º Individual: {'ar': '44100', 'sample_fmt': 'fltp', 'compression_level': '0', 'reservoir': '1', 'b:a': '257k', 'abr': 'True'}
2025-06-16 18:06:02 - SPEA2 - INFO -  >> Metrics: {'time': 1.5065689950133674, 'size': 351775, 'peaq': -2.587, 'im': -0.7}
2025-06-16 18:06:02 - SPEA2 - INFO - 1647º Individual: {'ar': '44100', 'sample_fmt': 'fltp', 'compression_level': '5', 'reservoir': '1', 'b:a': '141k'}
2025-06-16 18:06:03 - SPEA2 - INFO -  >> Metrics: {'time': 1.0713064829760697, 'size': 182727, 'peaq': -2.833, 'im': -0.979}
2025-06-16 18:06:03 - SPEA2 - INFO - 1648º Individual: {'ar': '44100', 'sample_fmt': 's16p', 'compression_level': '2', 'reservoir': '1', 'b:a': '254k', 'abr': 'True'}
2025-06-16 18:06:04 - SPEA2 - INFO -  >> Metrics: {'time': 0.9950119849818293, 'size': 350007, 'peaq': -2.59, 'im': -0.703}
2025-06-16 18:06:04 - SPEA2 - INFO - 1649º Individual: {'ar': '44100', 'sample_fmt': 's32p', 'compression_level': '2', 'reservoir': '1', 'b:a': '169k', 'abr': 'True'}
2025-06-16 18:06:05 - SPEA2 - INFO -  >> Metrics: {'time': 0.9410665769828483, 'size': 228257, 'peaq': -2.665, 'im': -0.786}
2025-06-16 18:06:05 - SPEA2 - INFO - 1650º Individual: {'ar': '44100', 'sample_fmt': 'fltp', 'compression_level': '0', 'reservoir': '1', 'b:a': '254k', 'abr': 'True'}
2025-06-16 18:06:07 - SPEA2 - INFO -  >> Metrics: {'time': 1.7555749310122337, 'size': 349694, 'peaq': -2.59, 'im': -0.704}
2025-06-16 18:06:07 - SPEA2 - INFO - 1651º Individual: {'ar': '32000', 'sample_fmt': 's16p', 'compression_level': '5', 'reservoir': '1', 'b:a': '133k', 'abr': 'True'}
2025-06-16 18:06:08 - SPEA2 - INFO -  >> Metrics: {'time': 1.2944110259995796, 'size': 181088, 'peaq': -3.273, 'im': -1.597}
2025-06-16 18:06:08 - SPEA2 - INFO - 1652º Individual: {'ar': '44100', 'sample_fmt': 's32p', 'compression_level': '7', 'reservoir': '1', 'b:a': '270k', 'abr': 'True'}
2025-06-16 18:06:09 - SPEA2 - INFO -  >> Metrics: {'time': 0.747018542024307, 'size': 380812, 'peaq': -2.6, 'im': -0.715}
2025-06-16 18:06:09 - SPEA2 - INFO - 1653º Individual: {'ar': '44100', 'sample_fmt': 'fltp', 'compression_level': '0', 'reservoir': '1', 'b:a': '32k', 'abr': 'True'}
2025-06-16 18:06:10 - SPEA2 - INFO -  >> Metrics: {'time': 1.4874550130043644, 'size': 49402, 'peaq': -3.132, 'im': -1.375}
2025-06-16 18:06:10 - SPEA2 - INFO - 1654º Individual: {'ar': '44100', 'sample_fmt': 'fltp', 'compression_level': '7', 'reservoir': '1', 'b:a': '194k', 'abr': 'True'}
2025-06-16 18:06:12 - SPEA2 - INFO -  >> Metrics: {'time': 1.5272839320241474, 'size': 271799, 'peaq': -2.623, 'im': -0.74}
2025-06-16 18:06:12 - SPEA2 - INFO - 1655º Individual: {'ar': '32000', 'sample_fmt': 'fltp', 'compression_level': '7', 'reservoir': '1', 'b:a': '253k'}
2025-06-16 18:06:13 - SPEA2 - INFO -  >> Metrics: {'time': 0.8051588410162367, 'size': 366416, 'peaq': -3.177, 'im': -1.443}
2025-06-16 18:06:13 - SPEA2 - INFO - 1656º Individual: {'ar': '32000', 'sample_fmt': 'fltp', 'compression_level': '7', 'reservoir': '1', 'b:a': '32k'}
2025-06-16 18:06:14 - SPEA2 - INFO -  >> Metrics: {'time': 0.8056273990077898, 'size': 45944, 'peaq': -3.434, 'im': -1.9}
2025-06-16 18:06:14 - SPEA2 - INFO - 1657º Individual: {'ar': '44100', 'sample_fmt': 'fltp', 'compression_level': '0', 'reservoir': '1', 'b:a': '253k', 'abr': 'True'}
2025-06-16 18:06:15 - SPEA2 - INFO -  >> Metrics: {'time': 1.2643206760112662, 'size': 348756, 'peaq': -2.593, 'im': -0.707}
2025-06-16 18:06:15 - SPEA2 - INFO - 1658º Individual: {'ar': '44100', 'sample_fmt': 'fltp', 'compression_level': '2', 'reservoir': '1', 'b:a': '122k', 'abr': 'True'}
2025-06-16 18:06:17 - SPEA2 - INFO -  >> Metrics: {'time': 2.016152360010892, 'size': 165162, 'peaq': -3.076, 'im': -1.293}
2025-06-16 18:06:17 - SPEA2 - INFO - 1659º Individual: {'ar': '44100', 'sample_fmt': 's32p', 'compression_level': '5', 'reservoir': '1', 'b:a': '107k', 'abr': 'True'}
2025-06-16 18:06:18 - SPEA2 - INFO -  >> Metrics: {'time': 0.9484746450325474, 'size': 145599, 'peaq': -3.107, 'im': -1.339}
2025-06-16 18:06:18 - SPEA2 - INFO - 1660º Individual: {'ar': '44100', 'sample_fmt': 'fltp', 'compression_level': '2', 'reservoir': '1', 'b:a': '128k', 'abr': 'True'}
2025-06-16 18:06:19 - SPEA2 - INFO -  >> Metrics: {'time': 1.3628584200050682, 'size': 172917, 'peaq': -2.985, 'im': -1.17}
2025-06-16 18:06:19 - SPEA2 - INFO - 1661º Individual: {'ar': '44100', 'sample_fmt': 's32p', 'compression_level': '1', 'reservoir': '1', 'b:a': '254k', 'abr': 'True'}
2025-06-16 18:06:21 - SPEA2 - INFO -  >> Metrics: {'time': 2.069762280007126, 'size': 353130, 'peaq': -2.588, 'im': -0.702}
2025-06-16 18:06:21 - SPEA2 - INFO - 1662º Individual: {'ar': '44100', 'sample_fmt': 'fltp', 'compression_level': '0', 'reservoir': '0', 'b:a': '169k', 'abr': 'True'}
2025-06-16 18:06:24 - SPEA2 - INFO -  >> Metrics: {'time': 2.496251003991347, 'size': 249519, 'peaq': -2.693, 'im': -0.816}
2025-06-16 18:06:24 - SPEA2 - INFO - 1663º Individual: {'ar': '44100', 'sample_fmt': 's32p', 'compression_level': '9', 'reservoir': '1', 'b:a': '141k', 'abr': 'True'}
2025-06-16 18:06:25 - SPEA2 - INFO -  >> Metrics: {'time': 0.8458077110117301, 'size': 192262, 'peaq': -2.823, 'im': -0.967}
2025-06-16 18:06:25 - SPEA2 - INFO - 1664º Individual: {'ar': '44100', 'sample_fmt': 'fltp', 'compression_level': '0', 'reservoir': '1', 'b:a': '192k', 'abr': 'True'}
2025-06-16 18:06:26 - SPEA2 - INFO -  >> Metrics: {'time': 1.5465320690127555, 'size': 265651, 'peaq': -2.623, 'im': -0.74}
2025-06-16 18:06:26 - SPEA2 - INFO - 1665º Individual: {'ar': '44100', 'sample_fmt': 'fltp', 'compression_level': '7', 'reservoir': '1', 'b:a': '32k'}
2025-06-16 18:06:27 - SPEA2 - INFO -  >> Metrics: {'time': 0.6685128539975267, 'size': 45846, 'peaq': -3.286, 'im': -1.619}
2025-06-16 18:06:27 - SPEA2 - INFO - 1666º Individual: {'ar': '44100', 'sample_fmt': 's32p', 'compression_level': '0', 'reservoir': '1', 'b:a': '253k', 'abr': 'True'}
2025-06-16 18:06:28 - SPEA2 - INFO -  >> Metrics: {'time': 1.5981051390408538, 'size': 348756, 'peaq': -2.593, 'im': -0.707}
2025-06-16 18:06:28 - SPEA2 - INFO - 1667º Individual: {'ar': '16000', 'sample_fmt': 'fltp', 'compression_level': '8', 'reservoir': '0', 'aq': '9'}
2025-06-16 18:06:29 - SPEA2 - INFO -  >> Metrics: {'time': 0.6115498699946329, 'size': 68300, 'peaq': -3.805, 'im': -3.135}
2025-06-16 18:06:29 - SPEA2 - INFO - 1668º Individual: {'ar': '12000', 'sample_fmt': 'fltp', 'compression_level': '7', 'reservoir': '1', 'b:a': '126k', 'abr': 'True'}
2025-06-16 18:06:30 - SPEA2 - INFO -  >> Metrics: {'time': 0.7264776960073505, 'size': 90464, 'peaq': -3.742, 'im': -2.811}
2025-06-16 18:06:30 - SPEA2 - INFO - 1669º Individual: {'ar': '44100', 'sample_fmt': 's32p', 'compression_level': '7', 'reservoir': '1', 'b:a': '108k'}
2025-06-16 18:06:31 - SPEA2 - INFO -  >> Metrics: {'time': 0.9553513839782681, 'size': 159896, 'peaq': -3.068, 'im': -1.283}
2025-06-16 18:06:31 - SPEA2 - INFO - 1670º Individual: {'ar': '44100', 'sample_fmt': 's32p', 'compression_level': '9', 'reservoir': '1', 'b:a': '194k', 'abr': 'True'}
2025-06-16 18:06:32 - SPEA2 - INFO -  >> Metrics: {'time': 0.783014253975125, 'size': 271799, 'peaq': -2.623, 'im': -0.74}
2025-06-16 18:06:32 - SPEA2 - INFO - 1671º Individual: {'ar': '44100', 'sample_fmt': 'fltp', 'compression_level': '9', 'reservoir': '1', 'b:a': '165k'}
2025-06-16 18:06:32 - SPEA2 - INFO -  >> Metrics: {'time': 0.6480045010102913, 'size': 228390, 'peaq': -2.691, 'im': -0.815}
2025-06-16 18:06:32 - SPEA2 - INFO - 1672º Individual: {'ar': '44100', 'sample_fmt': 'fltp', 'compression_level': '2', 'reservoir': '1', 'b:a': '32k', 'abr': 'True'}
2025-06-16 18:06:33 - SPEA2 - INFO -  >> Metrics: {'time': 0.9520589930179995, 'size': 48908, 'peaq': -3.294, 'im': -1.634}
2025-06-16 18:06:33 - SPEA2 - INFO - 1673º Individual: {'ar': '44100', 'sample_fmt': 's32p', 'compression_level': '7', 'reservoir': '1', 'b:a': '110k'}
2025-06-16 18:06:34 - SPEA2 - INFO -  >> Metrics: {'time': 0.7975291030015796, 'size': 159896, 'peaq': -3.068, 'im': -1.283}
2025-06-16 18:06:34 - SPEA2 - INFO - 1674º Individual: {'ar': '12000', 'sample_fmt': 's16p', 'compression_level': '7', 'reservoir': '0', 'b:a': '108k'}
2025-06-16 18:06:35 - SPEA2 - INFO -  >> Metrics: {'time': 0.5787957910215482, 'size': 92528, 'peaq': -3.74, 'im': -2.801}
2025-06-16 18:06:35 - SPEA2 - INFO - 1675º Individual: {'ar': '44100', 'sample_fmt': 's32p', 'compression_level': '9', 'reservoir': '1', 'b:a': '110k', 'abr': 'True'}
2025-06-16 18:06:35 - SPEA2 - INFO -  >> Metrics: {'time': 0.7645075320033357, 'size': 147056, 'peaq': -3.215, 'im': -1.502}
2025-06-16 18:06:35 - SPEA2 - INFO - 1676º Individual: {'ar': '44100', 'sample_fmt': 'fltp', 'compression_level': '7', 'reservoir': '1', 'b:a': '32k', 'abr': 'True'}
2025-06-16 18:06:36 - SPEA2 - INFO -  >> Metrics: {'time': 0.7196718619961757, 'size': 49324, 'peaq': -3.35, 'im': -1.734}
2025-06-16 18:06:36 - SPEA2 - INFO - 1677º Individual: {'ar': '32000', 'sample_fmt': 's16p', 'compression_level': '5', 'reservoir': '1', 'b:a': '101k'}
2025-06-16 18:06:37 - SPEA2 - INFO -  >> Metrics: {'time': 0.7568953250010964, 'size': 137456, 'peaq': -3.43, 'im': -1.893}
2025-06-16 18:06:37 - SPEA2 - INFO - 1678º Individual: {'ar': '16000', 'sample_fmt': 'fltp', 'compression_level': '0', 'reservoir': '1', 'b:a': '32k', 'abr': 'True'}
2025-06-16 18:06:38 - SPEA2 - INFO -  >> Metrics: {'time': 0.8836012059764471, 'size': 44972, 'peaq': -3.277, 'im': -1.605}
2025-06-16 18:06:38 - SPEA2 - INFO - 1679º Individual: {'ar': '32000', 'sample_fmt': 's16p', 'compression_level': '5', 'reservoir': '1', 'b:a': '113k', 'abr': 'True'}
2025-06-16 18:06:39 - SPEA2 - INFO -  >> Metrics: {'time': 0.7723843639832921, 'size': 156464, 'peaq': -3.325, 'im': -1.689}
2025-06-16 18:06:39 - SPEA2 - INFO - 1680º Individual: {'ar': '32000', 'sample_fmt': 'fltp', 'compression_level': '7', 'reservoir': '0', 'b:a': '138k'}
2025-06-16 18:06:39 - SPEA2 - INFO -  >> Metrics: {'time': 0.6514578739879653, 'size': 183248, 'peaq': -3.286, 'im': -1.619}
2025-06-16 18:06:39 - SPEA2 - INFO - 1681º Individual: {'ar': '44100', 'sample_fmt': 'fltp', 'compression_level': '5', 'reservoir': '1', 'b:a': '144k', 'abr': 'True'}
2025-06-16 18:06:40 - SPEA2 - INFO -  >> Metrics: {'time': 0.8134098689770326, 'size': 201136, 'peaq': -2.716, 'im': -0.843}
2025-06-16 18:06:40 - SPEA2 - INFO - 1682º Individual: {'ar': '8000', 'sample_fmt': 's32p', 'compression_level': '2', 'reservoir': '1', 'aq': '9'}
2025-06-16 18:06:41 - SPEA2 - INFO -  >> Metrics: {'time': 0.5396502049698029, 'size': 36728, 'peaq': -3.85, 'im': -3.441}
2025-06-16 18:06:41 - SPEA2 - INFO - 1683º Individual: {'ar': '12000', 'sample_fmt': 's32p', 'compression_level': '7', 'reservoir': '0', 'b:a': '108k', 'abr': 'True'}
2025-06-16 18:06:41 - SPEA2 - INFO -  >> Metrics: {'time': 0.5903723879600875, 'size': 92528, 'peaq': -3.74, 'im': -2.804}
2025-06-16 18:06:41 - SPEA2 - INFO - 1684º Individual: {'ar': '44100', 'sample_fmt': 's32p', 'compression_level': '5', 'reservoir': '1', 'b:a': '107k', 'abr': 'True'}
2025-06-16 18:06:42 - SPEA2 - INFO -  >> Metrics: {'time': 0.922965940029826, 'size': 145599, 'peaq': -3.107, 'im': -1.339}
2025-06-16 18:06:42 - SPEA2 - INFO - 1685º Individual: {'ar': '16000', 'sample_fmt': 's32p', 'compression_level': '0', 'reservoir': '1', 'b:a': '32k', 'abr': 'True'}
2025-06-16 18:06:43 - SPEA2 - INFO -  >> Metrics: {'time': 0.9454322969831992, 'size': 44972, 'peaq': -3.277, 'im': -1.605}
2025-06-16 18:06:43 - SPEA2 - INFO - 1686º Individual: {'ar': '44100', 'sample_fmt': 'fltp', 'compression_level': '5', 'reservoir': '1', 'b:a': '132k', 'abr': 'True'}
2025-06-16 18:06:44 - SPEA2 - INFO -  >> Metrics: {'time': 0.9474495990143623, 'size': 181731, 'peaq': -2.843, 'im': -0.991}
2025-06-16 18:06:44 - SPEA2 - INFO - 1687º Individual: {'ar': '16000', 'sample_fmt': 's16p', 'compression_level': '5', 'reservoir': '1', 'b:a': '108k', 'abr': 'True'}
2025-06-16 18:06:45 - SPEA2 - INFO -  >> Metrics: {'time': 0.5893890179868322, 'size': 142964, 'peaq': -3.758, 'im': -2.885}
2025-06-16 18:06:45 - SPEA2 - INFO - 1688º Individual: {'ar': '16000', 'sample_fmt': 'fltp', 'compression_level': '0', 'reservoir': '1', 'b:a': '32k', 'abr': 'True'}
2025-06-16 18:06:45 - SPEA2 - INFO -  >> Metrics: {'time': 0.8389208429725841, 'size': 44972, 'peaq': -3.277, 'im': -1.605}
2025-06-16 18:06:45 - SPEA2 - INFO - 1689º Individual: {'ar': '44100', 'sample_fmt': 's32p', 'compression_level': '0', 'reservoir': '1', 'b:a': '32k', 'abr': 'True'}
2025-06-16 18:06:47 - SPEA2 - INFO -  >> Metrics: {'time': 1.1281168480054475, 'size': 49402, 'peaq': -3.132, 'im': -1.375}
2025-06-16 18:06:47 - SPEA2 - INFO - 1690º Individual: {'ar': '44100', 'sample_fmt': 'fltp', 'compression_level': '2', 'reservoir': '1', 'b:a': '118k', 'abr': 'True'}
2025-06-16 18:06:47 - SPEA2 - INFO -  >> Metrics: {'time': 0.7717056990077253, 'size': 158859, 'peaq': -3.059, 'im': -1.27}
2025-06-16 18:06:47 - SPEA2 - INFO - 1691º Individual: {'ar': '44100', 'sample_fmt': 's32p', 'compression_level': '7', 'reservoir': '1', 'b:a': '103k'}
2025-06-16 18:06:48 - SPEA2 - INFO -  >> Metrics: {'time': 0.6326989090011921, 'size': 137066, 'peaq': -3.284, 'im': -1.617}
2025-06-16 18:06:48 - SPEA2 - INFO - 1692º Individual: {'ar': '16000', 'sample_fmt': 'fltp', 'compression_level': '5', 'reservoir': '1', 'b:a': '32k', 'abr': 'True'}
2025-06-16 18:06:49 - SPEA2 - INFO -  >> Metrics: {'time': 0.5609519929566886, 'size': 44468, 'peaq': -3.404, 'im': -1.84}
2025-06-16 18:06:49 - SPEA2 - INFO - 1693º Individual: {'ar': '44100', 'sample_fmt': 'fltp', 'compression_level': '0', 'reservoir': '1', 'b:a': '254k', 'abr': 'True'}
2025-06-16 18:06:50 - SPEA2 - INFO -  >> Metrics: {'time': 1.0968781980336644, 'size': 349694, 'peaq': -2.59, 'im': -0.704}
2025-06-16 18:06:50 - SPEA2 - INFO - 1694º Individual: {'ar': '44100', 'sample_fmt': 's32p', 'compression_level': '5', 'reservoir': '1', 'b:a': '148k', 'abr': 'True'}
2025-06-16 18:06:50 - SPEA2 - INFO -  >> Metrics: {'time': 0.7536434119974729, 'size': 206985, 'peaq': -2.704, 'im': -0.829}
2025-06-16 18:06:50 - SPEA2 - INFO - 1695º Individual: {'ar': '44100', 'sample_fmt': 'fltp', 'compression_level': '5', 'reservoir': '1', 'b:a': '132k', 'abr': 'True'}
2025-06-16 18:06:51 - SPEA2 - INFO -  >> Metrics: {'time': 0.7781886690063402, 'size': 181731, 'peaq': -2.843, 'im': -0.991}
2025-06-16 18:06:51 - SPEA2 - INFO - 1696º Individual: {'ar': '44100', 'sample_fmt': 'fltp', 'compression_level': '7', 'reservoir': '1', 'b:a': '132k', 'abr': 'True'}
2025-06-16 18:06:52 - SPEA2 - INFO -  >> Metrics: {'time': 0.6980996720085386, 'size': 179332, 'peaq': -2.907, 'im': -1.07}
2025-06-16 18:06:52 - SPEA2 - INFO - 1697º Individual: {'ar': '16000', 'sample_fmt': 's16p', 'compression_level': '0', 'reservoir': '1', 'aq': '9'}
2025-06-16 18:06:52 - SPEA2 - INFO -  >> Metrics: {'time': 0.5428785950061865, 'size': 61172, 'peaq': -3.818, 'im': -3.217}
2025-06-16 18:06:52 - SPEA2 - INFO - 1698º Individual: {'ar': '44100', 'sample_fmt': 's32p', 'compression_level': '5', 'reservoir': '1', 'b:a': '103k'}
2025-06-16 18:06:53 - SPEA2 - INFO -  >> Metrics: {'time': 0.7043951119994745, 'size': 137066, 'peaq': -3.226, 'im': -1.519}
2025-06-16 18:06:53 - SPEA2 - INFO - 1699º Individual: {'ar': '44100', 'sample_fmt': 'fltp', 'compression_level': '7', 'reservoir': '1', 'b:a': '111k', 'abr': 'True'}
2025-06-16 18:06:54 - SPEA2 - INFO -  >> Metrics: {'time': 0.6350557359983213, 'size': 148409, 'peaq': -3.189, 'im': -1.462}
2025-06-16 18:06:54 - SPEA2 - INFO - 1700º Individual: {'ar': '44100', 'sample_fmt': 'fltp', 'compression_level': '7', 'reservoir': '1', 'b:a': '169k', 'abr': 'True'}
2025-06-16 18:06:55 - SPEA2 - INFO -  >> Metrics: {'time': 0.7312482730194461, 'size': 233706, 'peaq': -2.681, 'im': -0.803}
2025-06-16 18:06:55 - SPEA2 - INFO - 1701º Individual: {'ar': '44100', 'sample_fmt': 'fltp', 'compression_level': '7', 'reservoir': '1', 'b:a': '169k'}
2025-06-16 18:06:55 - SPEA2 - INFO -  >> Metrics: {'time': 0.6112419670098461, 'size': 228390, 'peaq': -2.691, 'im': -0.815}
2025-06-16 18:06:55 - SPEA2 - INFO - 1702º Individual: {'ar': '44100', 'sample_fmt': 'fltp', 'compression_level': '5', 'reservoir': '1', 'b:a': '253k'}
2025-06-16 18:06:56 - SPEA2 - INFO -  >> Metrics: {'time': 0.7150476330134552, 'size': 365375, 'peaq': -2.593, 'im': -0.707}
2025-06-16 18:06:56 - SPEA2 - INFO - 1703º Individual: {'ar': '44100', 'sample_fmt': 'fltp', 'compression_level': '0', 'reservoir': '1', 'b:a': '192k'}
2025-06-16 18:06:57 - SPEA2 - INFO -  >> Metrics: {'time': 1.1217500900093, 'size': 274051, 'peaq': -2.627, 'im': -0.744}
2025-06-16 18:06:57 - SPEA2 - INFO - 1704º Individual: {'ar': '44100', 'sample_fmt': 'fltp', 'compression_level': '7', 'reservoir': '1', 'b:a': '269k', 'abr': 'True'}
2025-06-16 18:06:58 - SPEA2 - INFO -  >> Metrics: {'time': 0.6929481419792864, 'size': 379341, 'peaq': -2.598, 'im': -0.713}
2025-06-16 18:06:58 - SPEA2 - INFO - 1705º Individual: {'ar': '44100', 'sample_fmt': 'fltp', 'compression_level': '7', 'reservoir': '1', 'b:a': '168k'}
2025-06-16 18:06:59 - SPEA2 - INFO -  >> Metrics: {'time': 1.0810463519883342, 'size': 228390, 'peaq': -2.691, 'im': -0.815}
2025-06-16 18:06:59 - SPEA2 - INFO - 1706º Individual: {'ar': '8000', 'sample_fmt': 's32p', 'compression_level': '9', 'reservoir': '1', 'b:a': '194k', 'abr': 'True'}
2025-06-16 18:07:00 - SPEA2 - INFO -  >> Metrics: {'time': 0.7205134050163906, 'size': 92384, 'peaq': -3.858, 'im': -3.51}
2025-06-16 18:07:00 - SPEA2 - INFO - 1707º Individual: {'ar': '44100', 'sample_fmt': 's32p', 'compression_level': '0', 'reservoir': '1', 'b:a': '267k'}
2025-06-16 18:07:01 - SPEA2 - INFO -  >> Metrics: {'time': 1.5588056650012732, 'size': 365375, 'peaq': -2.591, 'im': -0.705}
2025-06-16 18:07:01 - SPEA2 - INFO - 1708º Individual: {'ar': '44100', 'sample_fmt': 'fltp', 'compression_level': '5', 'reservoir': '1', 'b:a': '144k', 'abr': 'True'}
2025-06-16 18:07:02 - SPEA2 - INFO -  >> Metrics: {'time': 1.0640845040034037, 'size': 201136, 'peaq': -2.716, 'im': -0.843}
2025-06-16 18:07:02 - SPEA2 - INFO - 1709º Individual: {'ar': '12000', 'sample_fmt': 'fltp', 'compression_level': '7', 'reservoir': '1', 'b:a': '32k', 'abr': 'True'}
2025-06-16 18:07:03 - SPEA2 - INFO -  >> Metrics: {'time': 0.6700536810094491, 'size': 43808, 'peaq': -3.777, 'im': -2.982}
2025-06-16 18:07:03 - SPEA2 - INFO - 1710º Individual: {'ar': '32000', 'sample_fmt': 'fltp', 'compression_level': '2', 'reservoir': '1', 'b:a': '32k'}
2025-06-16 18:07:04 - SPEA2 - INFO -  >> Metrics: {'time': 0.6863317279785406, 'size': 45944, 'peaq': -3.392, 'im': -1.815}
2025-06-16 18:07:04 - SPEA2 - INFO - 1711º Individual: {'ar': '44100', 'sample_fmt': 'fltp', 'compression_level': '5', 'reservoir': '1', 'b:a': '213k', 'abr': 'True'}
2025-06-16 18:07:04 - SPEA2 - INFO -  >> Metrics: {'time': 0.6840010140149388, 'size': 303127, 'peaq': -2.6, 'im': -0.714}
2025-06-16 18:07:04 - SPEA2 - INFO - 1712º Individual: {'ar': '32000', 'sample_fmt': 'fltp', 'compression_level': '2', 'reservoir': '1', 'b:a': '32k'}
2025-06-16 18:07:05 - SPEA2 - INFO -  >> Metrics: {'time': 0.6477086650265846, 'size': 45944, 'peaq': -3.392, 'im': -1.815}
2025-06-16 18:07:05 - SPEA2 - INFO - 1713º Individual: {'ar': '44100', 'sample_fmt': 's32p', 'compression_level': '9', 'reservoir': '1', 'b:a': '103k'}
2025-06-16 18:07:06 - SPEA2 - INFO -  >> Metrics: {'time': 0.6289906849851832, 'size': 137066, 'peaq': -3.284, 'im': -1.617}
2025-06-16 18:07:06 - SPEA2 - INFO - 1714º Individual: {'ar': '44100', 'sample_fmt': 'fltp', 'compression_level': '0', 'reservoir': '1', 'b:a': '261k', 'abr': 'True'}
2025-06-16 18:07:07 - SPEA2 - INFO -  >> Metrics: {'time': 1.3203353489807341, 'size': 353754, 'peaq': -2.583, 'im': -0.697}
2025-06-16 18:07:07 - SPEA2 - INFO - 1715º Individual: {'ar': '32000', 'sample_fmt': 's32p', 'compression_level': '8', 'reservoir': '1', 'b:a': '198k', 'abr': 'True'}
2025-06-16 18:07:08 - SPEA2 - INFO -  >> Metrics: {'time': 0.6143657580250874, 'size': 281960, 'peaq': -3.177, 'im': -1.443}
2025-06-16 18:07:08 - SPEA2 - INFO - 1716º Individual: {'ar': '16000', 'sample_fmt': 's32p', 'compression_level': '0', 'reservoir': '1', 'b:a': '194k', 'abr': 'True'}
2025-06-16 18:07:09 - SPEA2 - INFO -  >> Metrics: {'time': 1.044547664001584, 'size': 135656, 'peaq': -3.738, 'im': -2.795}
2025-06-16 18:07:09 - SPEA2 - INFO - 1717º Individual: {'ar': '44100', 'sample_fmt': 'fltp', 'compression_level': '5', 'reservoir': '1', 'b:a': '141k'}
2025-06-16 18:07:09 - SPEA2 - INFO -  >> Metrics: {'time': 0.7413433479960077, 'size': 182727, 'peaq': -2.833, 'im': -0.979}
2025-06-16 18:07:09 - SPEA2 - INFO - 1718º Individual: {'ar': '44100', 'sample_fmt': 'fltp', 'compression_level': '7', 'reservoir': '1', 'b:a': '126k'}
2025-06-16 18:07:10 - SPEA2 - INFO -  >> Metrics: {'time': 0.7834757920063566, 'size': 182727, 'peaq': -2.916, 'im': -1.081}
2025-06-16 18:07:10 - SPEA2 - INFO - 1719º Individual: {'ar': '44100', 'sample_fmt': 's32p', 'compression_level': '0', 'reservoir': '1', 'b:a': '144k', 'abr': 'True'}
2025-06-16 18:07:12 - SPEA2 - INFO -  >> Metrics: {'time': 1.2810594059992582, 'size': 198255, 'peaq': -2.798, 'im': -0.938}
2025-06-16 18:07:12 - SPEA2 - INFO - 1720º Individual: {'ar': '44100', 'sample_fmt': 'fltp', 'compression_level': '3', 'reservoir': '1', 'b:a': '194k', 'abr': 'True'}
2025-06-16 18:07:12 - SPEA2 - INFO -  >> Metrics: {'time': 0.7100098369992338, 'size': 270129, 'peaq': -2.621, 'im': -0.738}
2025-06-16 18:07:12 - SPEA2 - INFO - 1721º Individual: {'ar': '44100', 'sample_fmt': 's32p', 'compression_level': '7', 'reservoir': '1', 'b:a': '107k'}
2025-06-16 18:07:13 - SPEA2 - INFO -  >> Metrics: {'time': 0.6073450809926726, 'size': 159896, 'peaq': -3.068, 'im': -1.283}
2025-06-16 18:07:13 - SPEA2 - INFO - 1722º Individual: {'ar': '44100', 'sample_fmt': 's32p', 'compression_level': '5', 'reservoir': '1', 'b:a': '143k', 'abr': 'True'}
2025-06-16 18:07:14 - SPEA2 - INFO -  >> Metrics: {'time': 0.7073019760136958, 'size': 196003, 'peaq': -2.771, 'im': -0.906}
2025-06-16 18:07:14 - SPEA2 - INFO - 1723º Individual: {'ar': '32000', 'sample_fmt': 'fltp', 'compression_level': '7', 'reservoir': '1', 'b:a': '275k'}
2025-06-16 18:07:14 - SPEA2 - INFO -  >> Metrics: {'time': 0.5815969209943432, 'size': 366416, 'peaq': -3.177, 'im': -1.443}
2025-06-16 18:07:14 - SPEA2 - INFO - 1724º Individual: {'ar': '44100', 'sample_fmt': 'fltp', 'compression_level': '9', 'reservoir': '1', 'b:a': '143k', 'abr': 'True'}
2025-06-16 18:07:15 - SPEA2 - INFO -  >> Metrics: {'time': 0.6357838389812969, 'size': 195422, 'peaq': -2.805, 'im': -0.945}
2025-06-16 18:07:15 - SPEA2 - INFO - 1725º Individual: {'ar': '44100', 'sample_fmt': 'fltp', 'compression_level': '0', 'reservoir': '1', 'b:a': '106k', 'abr': 'True'}
2025-06-16 18:07:16 - SPEA2 - INFO -  >> Metrics: {'time': 1.1505984730029013, 'size': 143103, 'peaq': -3.291, 'im': -1.628}
2025-06-16 18:07:16 - SPEA2 - INFO - 1726º Individual: {'ar': '44100', 'sample_fmt': 's16p', 'compression_level': '7', 'reservoir': '1', 'b:a': '266k', 'abr': 'True'}
2025-06-16 18:07:17 - SPEA2 - INFO -  >> Metrics: {'time': 0.6251632570056245, 'size': 375879, 'peaq': -2.595, 'im': -0.709}
2025-06-16 18:07:17 - SPEA2 - INFO - 1727º Individual: {'ar': '44100', 'sample_fmt': 'fltp', 'compression_level': '2', 'reservoir': '1', 'b:a': '167k', 'abr': 'True'}
2025-06-16 18:07:18 - SPEA2 - INFO -  >> Metrics: {'time': 1.0091584619949572, 'size': 226174, 'peaq': -2.698, 'im': -0.822}
2025-06-16 18:07:18 - SPEA2 - INFO - 1728º Individual: {'ar': '44100', 'sample_fmt': 's32p', 'compression_level': '7', 'reservoir': '1', 'b:a': '269k', 'abr': 'True'}
2025-06-16 18:07:18 - SPEA2 - INFO -  >> Metrics: {'time': 0.6596452019875869, 'size': 379341, 'peaq': -2.599, 'im': -0.713}
2025-06-16 18:07:18 - SPEA2 - INFO - 1729º Individual: {'ar': '44100', 'sample_fmt': 's32p', 'compression_level': '7', 'reservoir': '1', 'b:a': '104k'}
2025-06-16 18:07:19 - SPEA2 - INFO -  >> Metrics: {'time': 0.6234074429958127, 'size': 137066, 'peaq': -3.284, 'im': -1.617}
2025-06-16 18:07:19 - SPEA2 - INFO - 1730º Individual: {'ar': '44100', 'sample_fmt': 'fltp', 'compression_level': '7', 'reservoir': '1', 'b:a': '113k', 'abr': 'True'}
2025-06-16 18:07:20 - SPEA2 - INFO -  >> Metrics: {'time': 0.6085495119914412, 'size': 151164, 'peaq': -3.164, 'im': -1.423}
2025-06-16 18:07:20 - SPEA2 - INFO - 1731º Individual: {'ar': '44100', 'sample_fmt': 'fltp', 'compression_level': '7', 'reservoir': '1', 'b:a': '113k', 'abr': 'True'}
2025-06-16 18:07:20 - SPEA2 - INFO -  >> Metrics: {'time': 0.7335359089775011, 'size': 151164, 'peaq': -3.164, 'im': -1.423}
2025-06-16 18:07:20 - SPEA2 - INFO - 1732º Individual: {'ar': '12000', 'sample_fmt': 'fltp', 'compression_level': '7', 'reservoir': '0', 'b:a': '168k'}
2025-06-16 18:07:21 - SPEA2 - INFO -  >> Metrics: {'time': 0.8005292919988278, 'size': 92816, 'peaq': -3.74, 'im': -2.803}
2025-06-16 18:07:21 - SPEA2 - INFO - 1733º Individual: {'ar': '44100', 'sample_fmt': 'fltp', 'compression_level': '7', 'reservoir': '0', 'b:a': '108k'}
2025-06-16 18:07:22 - SPEA2 - INFO -  >> Metrics: {'time': 1.0385323079535738, 'size': 159896, 'peaq': -3.098, 'im': -1.324}
2025-06-16 18:07:22 - SPEA2 - INFO - 1734º Individual: {'ar': '44100', 'sample_fmt': 'fltp', 'compression_level': '5', 'reservoir': '0', 'b:a': '107k'}
2025-06-16 18:07:23 - SPEA2 - INFO -  >> Metrics: {'time': 0.8998361909762025, 'size': 159896, 'peaq': -2.949, 'im': -1.123}
2025-06-16 18:07:23 - SPEA2 - INFO - 1735º Individual: {'ar': '16000', 'sample_fmt': 's32p', 'compression_level': '8', 'reservoir': '1', 'b:a': '32k', 'abr': 'True'}
2025-06-16 18:07:24 - SPEA2 - INFO -  >> Metrics: {'time': 0.6487491739972029, 'size': 43856, 'peaq': -3.448, 'im': -1.93}
2025-06-16 18:07:24 - SPEA2 - INFO - 1736º Individual: {'ar': '44100', 'sample_fmt': 'fltp', 'compression_level': '0', 'reservoir': '1', 'b:a': '106k', 'abr': 'True'}
2025-06-16 18:07:26 - SPEA2 - INFO -  >> Metrics: {'time': 1.8813512380002066, 'size': 143103, 'peaq': -3.291, 'im': -1.628}
2025-06-16 18:07:26 - SPEA2 - INFO - 1737º Individual: {'ar': '8000', 'sample_fmt': 's16p', 'compression_level': '2', 'reservoir': '1', 'aq': '9'}
2025-06-16 18:07:26 - SPEA2 - INFO -  >> Metrics: {'time': 0.6304497109958902, 'size': 36728, 'peaq': -3.85, 'im': -3.44}
2025-06-16 18:07:26 - SPEA2 - INFO - 1738º Individual: {'ar': '44100', 'sample_fmt': 'fltp', 'compression_level': '0', 'reservoir': '1', 'b:a': '191k', 'abr': 'True'}
2025-06-16 18:07:28 - SPEA2 - INFO -  >> Metrics: {'time': 1.257658755988814, 'size': 264712, 'peaq': -2.628, 'im': -0.745}
2025-06-16 18:07:28 - SPEA2 - INFO - 1739º Individual: {'ar': '44100', 'sample_fmt': 's32p', 'compression_level': '5', 'reservoir': '1', 'b:a': '108k', 'abr': 'True'}
2025-06-16 18:07:29 - SPEA2 - INFO -  >> Metrics: {'time': 1.1004681490012445, 'size': 147315, 'peaq': -3.086, 'im': -1.308}
2025-06-16 18:07:29 - SPEA2 - INFO - 1740º Individual: {'ar': '44100', 'sample_fmt': 'fltp', 'compression_level': '5', 'reservoir': '1', 'b:a': '32k', 'abr': 'True'}
2025-06-16 18:07:30 - SPEA2 - INFO -  >> Metrics: {'time': 0.9323135359736625, 'size': 49350, 'peaq': -3.348, 'im': -1.73}
2025-06-16 18:07:30 - SPEA2 - INFO - 1741º Individual: {'ar': '44100', 'sample_fmt': 's32p', 'compression_level': '7', 'reservoir': '1', 'b:a': '169k'}
2025-06-16 18:07:30 - SPEA2 - INFO -  >> Metrics: {'time': 0.604747737001162, 'size': 228390, 'peaq': -2.692, 'im': -0.815}
2025-06-16 18:07:30 - SPEA2 - INFO - 1742º Individual: {'ar': '44100', 'sample_fmt': 's32p', 'compression_level': '5', 'reservoir': '1', 'b:a': '196k', 'abr': 'True'}
2025-06-16 18:07:31 - SPEA2 - INFO -  >> Metrics: {'time': 0.7118469820125028, 'size': 275657, 'peaq': -2.619, 'im': -0.736}
2025-06-16 18:07:31 - SPEA2 - INFO - 1743º Individual: {'ar': '44100', 'sample_fmt': 'fltp', 'compression_level': '7', 'reservoir': '1', 'b:a': '32k'}
2025-06-16 18:07:32 - SPEA2 - INFO -  >> Metrics: {'time': 0.6083283569896594, 'size': 45846, 'peaq': -3.286, 'im': -1.619}
2025-06-16 18:07:32 - SPEA2 - INFO - 1744º Individual: {'ar': '44100', 'sample_fmt': 's32p', 'compression_level': '5', 'reservoir': '1', 'b:a': '167k', 'abr': 'True'}
2025-06-16 18:07:32 - SPEA2 - INFO -  >> Metrics: {'time': 0.7520633999956772, 'size': 232028, 'peaq': -2.66, 'im': -0.78}
2025-06-16 18:07:32 - SPEA2 - INFO - 1745º Individual: {'ar': '44100', 'sample_fmt': 's32p', 'compression_level': '7', 'reservoir': '1', 'b:a': '267k'}
2025-06-16 18:07:33 - SPEA2 - INFO -  >> Metrics: {'time': 0.8244012040086091, 'size': 365375, 'peaq': -2.604, 'im': -0.719}
2025-06-16 18:07:33 - SPEA2 - INFO - 1746º Individual: {'ar': '8000', 'sample_fmt': 's16p', 'compression_level': '2', 'reservoir': '1', 'aq': '9'}
2025-06-16 18:07:34 - SPEA2 - INFO -  >> Metrics: {'time': 0.5335167229932267, 'size': 36728, 'peaq': -3.85, 'im': -3.44}
2025-06-16 18:07:34 - SPEA2 - INFO - 1747º Individual: {'ar': '44100', 'sample_fmt': 'fltp', 'compression_level': '3', 'reservoir': '1', 'b:a': '96k', 'abr': 'True'}
2025-06-16 18:07:34 - SPEA2 - INFO -  >> Metrics: {'time': 0.701570417964831, 'size': 129790, 'peaq': -3.382, 'im': -1.795}
2025-06-16 18:07:34 - SPEA2 - INFO - 1748º Individual: {'ar': '44100', 'sample_fmt': 'fltp', 'compression_level': '7', 'reservoir': '1', 'b:a': '169k', 'abr': 'True'}
2025-06-16 18:07:35 - SPEA2 - INFO -  >> Metrics: {'time': 0.7430785000033211, 'size': 233706, 'peaq': -2.681, 'im': -0.803}
2025-06-16 18:07:35 - SPEA2 - INFO - 1749º Individual: {'ar': '44100', 'sample_fmt': 'fltp', 'compression_level': '0', 'reservoir': '1', 'b:a': '37k', 'abr': 'True'}
2025-06-16 18:07:37 - SPEA2 - INFO -  >> Metrics: {'time': 1.414416732994141, 'size': 55903, 'peaq': -3.124, 'im': -1.362}
2025-06-16 18:07:37 - SPEA2 - INFO - 1750º Individual: {'ar': '32000', 'sample_fmt': 'fltp', 'compression_level': '7', 'reservoir': '0', 'b:a': '168k'}
2025-06-16 18:07:37 - SPEA2 - INFO -  >> Metrics: {'time': 0.7255676109925844, 'size': 229040, 'peaq': -3.202, 'im': -1.481}
2025-06-16 18:07:37 - SPEA2 - INFO - 1751º Individual: {'ar': '16000', 'sample_fmt': 's32p', 'compression_level': '8', 'reservoir': '1', 'b:a': '32k', 'abr': 'True'}
2025-06-16 18:07:38 - SPEA2 - INFO -  >> Metrics: {'time': 0.5690520739881322, 'size': 43856, 'peaq': -3.448, 'im': -1.93}
2025-06-16 18:07:38 - SPEA2 - INFO - 1752º Individual: {'ar': '32000', 'sample_fmt': 'fltp', 'compression_level': '3', 'reservoir': '0', 'b:a': '255k', 'abr': 'True'}
2025-06-16 18:07:39 - SPEA2 - INFO -  >> Metrics: {'time': 1.081147417979082, 'size': 369008, 'peaq': -3.175, 'im': -1.439}
2025-06-16 18:07:39 - SPEA2 - INFO - 1753º Individual: {'ar': '44100', 'sample_fmt': 's16p', 'compression_level': '7', 'reservoir': '1', 'b:a': '254k', 'abr': 'True'}
2025-06-16 18:07:40 - SPEA2 - INFO -  >> Metrics: {'time': 0.7792751480010338, 'size': 358855, 'peaq': -2.599, 'im': -0.714}
2025-06-16 18:07:40 - SPEA2 - INFO - 1754º Individual: {'ar': '44100', 'sample_fmt': 's16p', 'compression_level': '5', 'reservoir': '1', 'b:a': '103k', 'abr': 'True'}
2025-06-16 18:07:41 - SPEA2 - INFO -  >> Metrics: {'time': 0.7673679790168535, 'size': 140451, 'peaq': -3.161, 'im': -1.418}
2025-06-16 18:07:41 - SPEA2 - INFO - 1755º Individual: {'ar': '44100', 'sample_fmt': 's32p', 'compression_level': '9', 'reservoir': '1', 'b:a': '110k', 'abr': 'True'}
2025-06-16 18:07:41 - SPEA2 - INFO -  >> Metrics: {'time': 0.6060271070164163, 'size': 147056, 'peaq': -3.215, 'im': -1.502}
2025-06-16 18:07:41 - SPEA2 - INFO - 1756º Individual: {'ar': '44100', 'sample_fmt': 's32p', 'compression_level': '0', 'reservoir': '1', 'b:a': '139k', 'abr': 'True'}
2025-06-16 18:07:42 - SPEA2 - INFO -  >> Metrics: {'time': 1.2603369479766116, 'size': 186766, 'peaq': -2.881, 'im': -1.038}
2025-06-16 18:07:42 - SPEA2 - INFO - 1757º Individual: {'ar': '44100', 'sample_fmt': 's16p', 'compression_level': '5', 'reservoir': '1', 'b:a': '104k', 'abr': 'True'}
2025-06-16 18:07:43 - SPEA2 - INFO -  >> Metrics: {'time': 0.6696423359971959, 'size': 141751, 'peaq': -3.161, 'im': -1.418}
2025-06-16 18:07:43 - SPEA2 - INFO - 1758º Individual: {'ar': '44100', 'sample_fmt': 'fltp', 'compression_level': '0', 'reservoir': '1', 'b:a': '32k', 'abr': 'True'}
2025-06-16 18:07:44 - SPEA2 - INFO -  >> Metrics: {'time': 1.031864921998931, 'size': 49402, 'peaq': -3.132, 'im': -1.375}
2025-06-16 18:07:44 - SPEA2 - INFO - 1759º Individual: {'ar': '44100', 'sample_fmt': 's16p', 'compression_level': '5', 'reservoir': '1', 'b:a': '107k', 'abr': 'True'}
2025-06-16 18:07:45 - SPEA2 - INFO -  >> Metrics: {'time': 0.6731402029690798, 'size': 145652, 'peaq': -3.095, 'im': -1.321}
2025-06-16 18:07:45 - SPEA2 - INFO - 1760º Individual: {'ar': '44100', 'sample_fmt': 's16p', 'compression_level': '5', 'reservoir': '1', 'b:a': '213k', 'abr': 'True'}
2025-06-16 18:07:46 - SPEA2 - INFO -  >> Metrics: {'time': 0.6833546529815067, 'size': 303336, 'peaq': -2.6, 'im': -0.715}
2025-06-16 18:07:46 - SPEA2 - INFO - 1761º Individual: {'ar': '44100', 'sample_fmt': 's32p', 'compression_level': '7', 'reservoir': '1', 'b:a': '132k', 'abr': 'True'}
2025-06-16 18:07:46 - SPEA2 - INFO -  >> Metrics: {'time': 0.5828388700028881, 'size': 179332, 'peaq': -2.907, 'im': -1.07}
2025-06-16 18:07:46 - SPEA2 - INFO - 1762º Individual: {'ar': '44100', 'sample_fmt': 'fltp', 'compression_level': '9', 'reservoir': '1', 'b:a': '129k', 'abr': 'True'}
2025-06-16 18:07:47 - SPEA2 - INFO -  >> Metrics: {'time': 0.5844574650400318, 'size': 175051, 'peaq': -2.922, 'im': -1.088}
2025-06-16 18:07:47 - SPEA2 - INFO - 1763º Individual: {'ar': '44100', 'sample_fmt': 'fltp', 'compression_level': '9', 'reservoir': '1', 'b:a': '266k', 'abr': 'True'}
2025-06-16 18:07:47 - SPEA2 - INFO -  >> Metrics: {'time': 0.615103279997129, 'size': 375776, 'peaq': -2.6, 'im': -0.714}
2025-06-16 18:07:47 - SPEA2 - INFO - 1764º Individual: {'ar': '44100', 'sample_fmt': 's32p', 'compression_level': '7', 'reservoir': '1', 'b:a': '107k'}
2025-06-16 18:07:48 - SPEA2 - INFO -  >> Metrics: {'time': 0.6486283380072564, 'size': 159896, 'peaq': -3.068, 'im': -1.283}
2025-06-16 18:07:48 - SPEA2 - INFO - 1765º Individual: {'ar': '44100', 'sample_fmt': 'fltp', 'compression_level': '0', 'reservoir': '1', 'b:a': '32k', 'abr': 'True'}
2025-06-16 18:07:49 - SPEA2 - INFO -  >> Metrics: {'time': 1.0575736619939562, 'size': 49402, 'peaq': -3.132, 'im': -1.375}
2025-06-16 18:07:49 - SPEA2 - INFO - 1766º Individual: {'ar': '44100', 'sample_fmt': 'fltp', 'compression_level': '0', 'reservoir': '1', 'b:a': '195k', 'abr': 'True'}
2025-06-16 18:07:50 - SPEA2 - INFO -  >> Metrics: {'time': 1.1002679060329683, 'size': 269192, 'peaq': -2.615, 'im': -0.73}
2025-06-16 18:07:50 - SPEA2 - INFO - 1767º Individual: {'ar': '44100', 'sample_fmt': 's32p', 'compression_level': '7', 'reservoir': '1', 'b:a': '108k', 'abr': 'True'}
2025-06-16 18:07:51 - SPEA2 - INFO -  >> Metrics: {'time': 0.6529758529795799, 'size': 144195, 'peaq': -3.236, 'im': -1.536}
2025-06-16 18:07:51 - SPEA2 - INFO - 1768º Individual: {'ar': '44100', 'sample_fmt': 'fltp', 'compression_level': '3', 'reservoir': '1', 'b:a': '192k', 'abr': 'True'}
2025-06-16 18:07:52 - SPEA2 - INFO -  >> Metrics: {'time': 0.9223814599972684, 'size': 267526, 'peaq': -2.618, 'im': -0.734}
2025-06-16 18:07:52 - SPEA2 - INFO - 1769º Individual: {'ar': '8000', 'sample_fmt': 's16p', 'compression_level': '2', 'reservoir': '1', 'aq': '9'}
2025-06-16 18:07:52 - SPEA2 - INFO -  >> Metrics: {'time': 0.5636421160015743, 'size': 36728, 'peaq': -3.85, 'im': -3.44}
2025-06-16 18:07:52 - SPEA2 - INFO - 1770º Individual: {'ar': '44100', 'sample_fmt': 'fltp', 'compression_level': '7', 'reservoir': '1', 'b:a': '169k'}
2025-06-16 18:07:53 - SPEA2 - INFO -  >> Metrics: {'time': 0.624661002017092, 'size': 228390, 'peaq': -2.691, 'im': -0.815}
2025-06-16 18:07:53 - SPEA2 - INFO - 1771º Individual: {'ar': '44100', 'sample_fmt': 's16p', 'compression_level': '9', 'reservoir': '1', 'b:a': '261k', 'abr': 'True'}
2025-06-16 18:07:54 - SPEA2 - INFO -  >> Metrics: {'time': 0.6053804270050023, 'size': 368865, 'peaq': -2.596, 'im': -0.71}
2025-06-16 18:07:54 - SPEA2 - INFO - 1772º Individual: {'ar': '44100', 'sample_fmt': 'fltp', 'compression_level': '5', 'reservoir': '1', 'b:a': '255k', 'abr': 'True'}
2025-06-16 18:07:54 - SPEA2 - INFO -  >> Metrics: {'time': 0.6981055730138905, 'size': 360519, 'peaq': -2.587, 'im': -0.701}
2025-06-16 18:07:54 - SPEA2 - INFO - 1773º Individual: {'ar': '44100', 'sample_fmt': 's32p', 'compression_level': '2', 'reservoir': '1', 'b:a': '168k', 'abr': 'True'}
2025-06-16 18:07:55 - SPEA2 - INFO -  >> Metrics: {'time': 0.899342485005036, 'size': 227484, 'peaq': -2.678, 'im': -0.8}
2025-06-16 18:07:55 - SPEA2 - INFO - 1774º Individual: {'ar': '44100', 'sample_fmt': 's32p', 'compression_level': '9', 'reservoir': '1', 'b:a': '143k', 'abr': 'True'}
2025-06-16 18:07:56 - SPEA2 - INFO -  >> Metrics: {'time': 0.6122002490155865, 'size': 195422, 'peaq': -2.805, 'im': -0.945}
2025-06-16 18:07:56 - SPEA2 - INFO - 1775º Individual: {'ar': '44100', 'sample_fmt': 's32p', 'compression_level': '7', 'reservoir': '1', 'b:a': '142k', 'abr': 'True'}
2025-06-16 18:07:56 - SPEA2 - INFO -  >> Metrics: {'time': 0.6348505320202094, 'size': 193843, 'peaq': -2.81, 'im': -0.951}
2025-06-16 18:07:56 - SPEA2 - INFO - 1776º Individual: {'ar': '44100', 'sample_fmt': 's32p', 'compression_level': '9', 'reservoir': '1', 'b:a': '139k', 'abr': 'True'}
2025-06-16 18:07:57 - SPEA2 - INFO -  >> Metrics: {'time': 0.6383642979781143, 'size': 189478, 'peaq': -2.844, 'im': -0.992}
2025-06-16 18:07:57 - SPEA2 - INFO - 1777º Individual: {'ar': '44100', 'sample_fmt': 'fltp', 'compression_level': '0', 'reservoir': '1', 'b:a': '191k', 'abr': 'True'}
2025-06-16 18:07:58 - SPEA2 - INFO -  >> Metrics: {'time': 1.0911571129981894, 'size': 264712, 'peaq': -2.628, 'im': -0.745}
2025-06-16 18:07:58 - SPEA2 - INFO - 1778º Individual: {'ar': '44100', 'sample_fmt': 'fltp', 'compression_level': '0', 'reservoir': '1', 'b:a': '107k', 'abr': 'True'}
2025-06-16 18:08:00 - SPEA2 - INFO -  >> Metrics: {'time': 1.637216385017382, 'size': 144455, 'peaq': -3.267, 'im': -1.587}
2025-06-16 18:08:00 - SPEA2 - INFO - 1779º Individual: {'ar': '44100', 'sample_fmt': 'fltp', 'compression_level': '0', 'reservoir': '1', 'b:a': '32k'}
2025-06-16 18:08:01 - SPEA2 - INFO -  >> Metrics: {'time': 1.1487841810157988, 'size': 45846, 'peaq': -3.12, 'im': -1.357}
2025-06-16 18:08:01 - SPEA2 - INFO - 1780º Individual: {'ar': '44100', 'sample_fmt': 'fltp', 'compression_level': '9', 'reservoir': '1', 'b:a': '210k', 'abr': 'True'}
2025-06-16 18:08:02 - SPEA2 - INFO -  >> Metrics: {'time': 0.7028521530155558, 'size': 295040, 'peaq': -2.608, 'im': -0.723}
2025-06-16 18:08:02 - SPEA2 - INFO - 1781º Individual: {'ar': '44100', 'sample_fmt': 'fltp', 'compression_level': '0', 'reservoir': '1', 'b:a': '37k', 'abr': 'True'}
2025-06-16 18:08:03 - SPEA2 - INFO -  >> Metrics: {'time': 1.1108008379815146, 'size': 55903, 'peaq': -3.124, 'im': -1.362}
2025-06-16 18:08:03 - SPEA2 - INFO - 1782º Individual: {'ar': '44100', 'sample_fmt': 'fltp', 'compression_level': '0', 'reservoir': '1', 'b:a': '32k', 'abr': 'True'}
2025-06-16 18:08:04 - SPEA2 - INFO -  >> Metrics: {'time': 1.053723033022834, 'size': 49402, 'peaq': -3.132, 'im': -1.375}
2025-06-16 18:08:04 - SPEA2 - INFO - 1783º Individual: {'ar': '44100', 'sample_fmt': 's32p', 'compression_level': '7', 'reservoir': '1', 'b:a': '138k', 'abr': 'True'}
2025-06-16 18:08:04 - SPEA2 - INFO -  >> Metrics: {'time': 0.5769856160040945, 'size': 188323, 'peaq': -2.852, 'im': -1.002}
2025-06-16 18:08:04 - SPEA2 - INFO - 1784º Individual: {'ar': '12000', 'sample_fmt': 'fltp', 'compression_level': '7', 'reservoir': '1', 'b:a': '32k', 'abr': 'True'}
2025-06-16 18:08:05 - SPEA2 - INFO -  >> Metrics: {'time': 0.6135925359849352, 'size': 43808, 'peaq': -3.777, 'im': -2.982}
2025-06-16 18:08:05 - SPEA2 - INFO - 1785º Individual: {'ar': '44100', 'sample_fmt': 'fltp', 'compression_level': '5', 'reservoir': '0', 'b:a': '107k'}
2025-06-16 18:08:06 - SPEA2 - INFO -  >> Metrics: {'time': 0.7699366360029671, 'size': 159896, 'peaq': -2.949, 'im': -1.123}
2025-06-16 18:08:06 - SPEA2 - INFO - 1786º Individual: {'ar': '44100', 'sample_fmt': 's32p', 'compression_level': '7', 'reservoir': '1', 'b:a': '107k', 'abr': 'True'}
2025-06-16 18:08:06 - SPEA2 - INFO -  >> Metrics: {'time': 0.6436082730069757, 'size': 142584, 'peaq': -3.248, 'im': -1.556}
2025-06-16 18:08:06 - SPEA2 - INFO - 1787º Individual: {'ar': '44100', 'sample_fmt': 's32p', 'compression_level': '9', 'reservoir': '1', 'b:a': '113k', 'abr': 'True'}
2025-06-16 18:08:07 - SPEA2 - INFO -  >> Metrics: {'time': 0.6465252979833167, 'size': 151164, 'peaq': -3.164, 'im': -1.423}
2025-06-16 18:08:07 - SPEA2 - INFO - 1788º Individual: {'ar': '44100', 'sample_fmt': 'fltp', 'compression_level': '9', 'reservoir': '1', 'b:a': '194k', 'abr': 'True'}
2025-06-16 18:08:08 - SPEA2 - INFO -  >> Metrics: {'time': 0.601445417967625, 'size': 271799, 'peaq': -2.623, 'im': -0.74}
2025-06-16 18:08:08 - SPEA2 - INFO - 1789º Individual: {'ar': '44100', 'sample_fmt': 'fltp', 'compression_level': '0', 'reservoir': '1', 'b:a': '195k', 'abr': 'True'}
2025-06-16 18:08:09 - SPEA2 - INFO -  >> Metrics: {'time': 1.0717752830241807, 'size': 269192, 'peaq': -2.615, 'im': -0.73}
2025-06-16 18:08:09 - SPEA2 - INFO - 1790º Individual: {'ar': '44100', 'sample_fmt': 's32p', 'compression_level': '9', 'reservoir': '1', 'b:a': '143k', 'abr': 'True'}
2025-06-16 18:08:09 - SPEA2 - INFO -  >> Metrics: {'time': 0.5854170059901662, 'size': 195422, 'peaq': -2.805, 'im': -0.945}
2025-06-16 18:08:09 - SPEA2 - INFO - 1791º Individual: {'ar': '32000', 'sample_fmt': 'fltp', 'compression_level': '5', 'reservoir': '1', 'b:a': '143k'}
2025-06-16 18:08:10 - SPEA2 - INFO -  >> Metrics: {'time': 0.7032406849612016, 'size': 183248, 'peaq': -3.264, 'im': -1.582}
2025-06-16 18:08:10 - SPEA2 - INFO - 1792º Individual: {'ar': '44100', 'sample_fmt': 'fltp', 'compression_level': '7', 'reservoir': '1', 'b:a': '112k', 'abr': 'True'}
2025-06-16 18:08:11 - SPEA2 - INFO -  >> Metrics: {'time': 0.5839433450018987, 'size': 149760, 'peaq': -3.181, 'im': -1.449}
2025-06-16 18:08:11 - SPEA2 - INFO - 1793º Individual: {'ar': '32000', 'sample_fmt': 'fltp', 'compression_level': '7', 'reservoir': '0', 'b:a': '168k'}
2025-06-16 18:08:11 - SPEA2 - INFO -  >> Metrics: {'time': 0.5969019980111625, 'size': 229040, 'peaq': -3.202, 'im': -1.481}
2025-06-16 18:08:11 - SPEA2 - INFO - 1794º Individual: {'ar': '32000', 'sample_fmt': 's16p', 'compression_level': '7', 'reservoir': '1', 'b:a': '254k', 'abr': 'True'}
2025-06-16 18:08:12 - SPEA2 - INFO -  >> Metrics: {'time': 0.6194336650078185, 'size': 360512, 'peaq': -3.172, 'im': -1.435}
2025-06-16 18:08:12 - SPEA2 - INFO - 1795º Individual: {'ar': '44100', 'sample_fmt': 'fltp', 'compression_level': '0', 'reservoir': '1', 'b:a': '266k', 'abr': 'True'}
2025-06-16 18:08:13 - SPEA2 - INFO -  >> Metrics: {'time': 1.2026275480166078, 'size': 356359, 'peaq': -2.592, 'im': -0.706}
2025-06-16 18:08:13 - SPEA2 - INFO - 1796º Individual: {'ar': '44100', 'sample_fmt': 'fltp', 'compression_level': '0', 'reservoir': '1', 'b:a': '32k', 'abr': 'True'}
2025-06-16 18:08:15 - SPEA2 - INFO -  >> Metrics: {'time': 1.3008781390090007, 'size': 49402, 'peaq': -3.132, 'im': -1.375}
2025-06-16 18:08:15 - SPEA2 - INFO - 1797º Individual: {'ar': '44100', 'sample_fmt': 'fltp', 'compression_level': '0', 'reservoir': '1', 'b:a': '32k', 'abr': 'True'}
2025-06-16 18:08:16 - SPEA2 - INFO -  >> Metrics: {'time': 1.0455223719764035, 'size': 49402, 'peaq': -3.132, 'im': -1.375}
2025-06-16 18:08:16 - SPEA2 - INFO - 1798º Individual: {'ar': '44100', 'sample_fmt': 's32p', 'compression_level': '5', 'reservoir': '0', 'b:a': '143k', 'abr': 'True'}
2025-06-16 18:08:16 - SPEA2 - INFO -  >> Metrics: {'time': 0.776738282002043, 'size': 227660, 'peaq': -2.772, 'im': -0.906}
2025-06-16 18:08:16 - SPEA2 - INFO - 1799º Individual: {'ar': '44100', 'sample_fmt': 's32p', 'compression_level': '5', 'reservoir': '1', 'b:a': '107k'}
2025-06-16 18:08:17 - SPEA2 - INFO -  >> Metrics: {'time': 0.7268975230108481, 'size': 159896, 'peaq': -2.963, 'im': -1.14}
2025-06-16 18:08:17 - SPEA2 - INFO - 1800º Individual: {'ar': '44100', 'sample_fmt': 's32p', 'compression_level': '0', 'reservoir': '1', 'b:a': '140k', 'abr': 'True'}
2025-06-16 18:08:19 - SPEA2 - INFO -  >> Metrics: {'time': 1.417982197017409, 'size': 187765, 'peaq': -2.862, 'im': -1.014}
2025-06-16 18:08:19 - SPEA2 - INFO - 1801º Individual: {'ar': '44100', 'sample_fmt': 'fltp', 'compression_level': '0', 'reservoir': '1', 'b:a': '168k', 'abr': 'True'}
2025-06-16 18:08:20 - SPEA2 - INFO -  >> Metrics: {'time': 1.3936337709892541, 'size': 227321, 'peaq': -2.707, 'im': -0.832}
2025-06-16 18:08:20 - SPEA2 - INFO - 1802º Individual: {'ar': '44100', 'sample_fmt': 's16p', 'compression_level': '9', 'reservoir': '1', 'b:a': '194k', 'abr': 'True'}
2025-06-16 18:08:21 - SPEA2 - INFO -  >> Metrics: {'time': 0.6536459990020376, 'size': 271695, 'peaq': -2.62, 'im': -0.736}
2025-06-16 18:08:21 - SPEA2 - INFO - 1803º Individual: {'ar': '44100', 'sample_fmt': 'fltp', 'compression_level': '0', 'reservoir': '1', 'b:a': '266k'}
2025-06-16 18:08:22 - SPEA2 - INFO -  >> Metrics: {'time': 1.2467238289827947, 'size': 365375, 'peaq': -2.591, 'im': -0.705}
2025-06-16 18:08:22 - SPEA2 - INFO - 1804º Individual: {'ar': '44100', 'sample_fmt': 's32p', 'compression_level': '2', 'reservoir': '1', 'b:a': '138k', 'abr': 'True'}
2025-06-16 18:08:23 - SPEA2 - INFO -  >> Metrics: {'time': 0.8349278880050406, 'size': 185605, 'peaq': -2.854, 'im': -1.005}
2025-06-16 18:08:23 - SPEA2 - INFO - 1805º Individual: {'ar': '44100', 'sample_fmt': 's16p', 'compression_level': '2', 'reservoir': '1', 'b:a': '255k'}
2025-06-16 18:08:24 - SPEA2 - INFO -  >> Metrics: {'time': 0.8884085160098039, 'size': 365375, 'peaq': -2.592, 'im': -0.706}
2025-06-16 18:08:24 - SPEA2 - INFO - 1806º Individual: {'ar': '44100', 'sample_fmt': 'fltp', 'compression_level': '0', 'reservoir': '1', 'b:a': '36k'}
2025-06-16 18:08:25 - SPEA2 - INFO -  >> Metrics: {'time': 1.0064004260057118, 'size': 45846, 'peaq': -3.107, 'im': -1.338}
2025-06-16 18:08:25 - SPEA2 - INFO - 1807º Individual: {'ar': '44100', 'sample_fmt': 's16p', 'compression_level': '7', 'reservoir': '1', 'b:a': '103k', 'abr': 'True'}
2025-06-16 18:08:25 - SPEA2 - INFO -  >> Metrics: {'time': 0.5815720889950171, 'size': 137435, 'peaq': -3.276, 'im': -1.603}
2025-06-16 18:08:25 - SPEA2 - INFO - 1808º Individual: {'ar': '8000', 'sample_fmt': 'fltp', 'compression_level': '9', 'reservoir': '1', 'b:a': '87k', 'abr': 'True'}
2025-06-16 18:08:26 - SPEA2 - INFO -  >> Metrics: {'time': 0.5037924929929432, 'size': 91664, 'peaq': -3.858, 'im': -3.51}
2025-06-16 18:08:26 - SPEA2 - INFO - 1809º Individual: {'ar': '32000', 'sample_fmt': 'fltp', 'compression_level': '9', 'reservoir': '1', 'b:a': '195k', 'abr': 'True'}
2025-06-16 18:08:26 - SPEA2 - INFO -  >> Metrics: {'time': 0.5868200249969959, 'size': 277856, 'peaq': -3.179, 'im': -1.446}
2025-06-16 18:08:26 - SPEA2 - INFO - 1810º Individual: {'ar': '44100', 'sample_fmt': 's16p', 'compression_level': '5', 'reservoir': '1', 'b:a': '107k', 'abr': 'True'}
2025-06-16 18:08:27 - SPEA2 - INFO -  >> Metrics: {'time': 0.6740439540008083, 'size': 145652, 'peaq': -3.095, 'im': -1.321}
2025-06-16 18:08:27 - SPEA2 - INFO - 1811º Individual: {'ar': '44100', 'sample_fmt': 'fltp', 'compression_level': '3', 'reservoir': '1', 'b:a': '194k', 'abr': 'True'}
2025-06-16 18:08:28 - SPEA2 - INFO -  >> Metrics: {'time': 0.7691151190083474, 'size': 270129, 'peaq': -2.621, 'im': -0.738}
2025-06-16 18:08:28 - SPEA2 - INFO - 1812º Individual: {'ar': '44100', 'sample_fmt': 'fltp', 'compression_level': '7', 'reservoir': '1', 'b:a': '32k', 'abr': 'True'}
2025-06-16 18:08:28 - SPEA2 - INFO -  >> Metrics: {'time': 0.6161771130282432, 'size': 49324, 'peaq': -3.35, 'im': -1.734}
2025-06-16 18:08:28 - SPEA2 - INFO - 1813º Individual: {'ar': '44100', 'sample_fmt': 's32p', 'compression_level': '0', 'reservoir': '0', 'aq': '9'}
2025-06-16 18:08:29 - SPEA2 - INFO -  >> Metrics: {'time': 0.6411455500056036, 'size': 115219, 'peaq': -3.343, 'im': -1.721}
2025-06-16 18:08:29 - SPEA2 - INFO - 1814º Individual: {'ar': '44100', 'sample_fmt': 's32p', 'compression_level': '7', 'reservoir': '1', 'b:a': '111k'}
2025-06-16 18:08:30 - SPEA2 - INFO -  >> Metrics: {'time': 0.6036171650048345, 'size': 159896, 'peaq': -3.068, 'im': -1.283}
2025-06-16 18:08:30 - SPEA2 - INFO - 1815º Individual: {'ar': '44100', 'sample_fmt': 'fltp', 'compression_level': '3', 'reservoir': '1', 'b:a': '167k', 'abr': 'True'}
2025-06-16 18:08:30 - SPEA2 - INFO -  >> Metrics: {'time': 0.7605103850073647, 'size': 230254, 'peaq': -2.667, 'im': -0.787}
2025-06-16 18:08:30 - SPEA2 - INFO - 1816º Individual: {'ar': '44100', 'sample_fmt': 'fltp', 'compression_level': '0', 'reservoir': '0', 'b:a': '32k', 'abr': 'True'}
2025-06-16 18:08:31 - SPEA2 - INFO -  >> Metrics: {'time': 1.036408172978554, 'size': 54394, 'peaq': -3.132, 'im': -1.375}
2025-06-16 18:08:31 - SPEA2 - INFO - 1817º Individual: {'ar': '44100', 'sample_fmt': 's32p', 'compression_level': '9', 'reservoir': '1', 'b:a': '141k', 'abr': 'True'}
2025-06-16 18:08:32 - SPEA2 - INFO -  >> Metrics: {'time': 0.6196105609997176, 'size': 192262, 'peaq': -2.823, 'im': -0.967}
2025-06-16 18:08:32 - SPEA2 - INFO - 1818º Individual: {'ar': '44100', 'sample_fmt': 's32p', 'compression_level': '8', 'reservoir': '1', 'b:a': '32k', 'abr': 'True'}
2025-06-16 18:08:33 - SPEA2 - INFO -  >> Metrics: {'time': 0.8712085879815277, 'size': 49324, 'peaq': -3.35, 'im': -1.734}
2025-06-16 18:08:33 - SPEA2 - INFO - 1819º Individual: {'ar': '44100', 'sample_fmt': 's32p', 'compression_level': '7', 'reservoir': '1', 'b:a': '140k', 'abr': 'True'}
2025-06-16 18:08:34 - SPEA2 - INFO -  >> Metrics: {'time': 0.595293069985928, 'size': 190797, 'peaq': -2.834, 'im': -0.98}
2025-06-16 18:08:34 - SPEA2 - INFO - 1820º Individual: {'ar': '44100', 'sample_fmt': 's32p', 'compression_level': '5', 'reservoir': '1', 'b:a': '167k', 'abr': 'True'}
2025-06-16 18:08:34 - SPEA2 - INFO -  >> Metrics: {'time': 0.7811144719889853, 'size': 232028, 'peaq': -2.66, 'im': -0.78}
2025-06-16 18:08:34 - SPEA2 - INFO - 1821º Individual: {'ar': '44100', 'sample_fmt': 'fltp', 'compression_level': '0', 'reservoir': '1', 'b:a': '253k', 'abr': 'True'}
2025-06-16 18:08:36 - SPEA2 - INFO -  >> Metrics: {'time': 1.2721610230219085, 'size': 348756, 'peaq': -2.593, 'im': -0.707}
2025-06-16 18:08:36 - SPEA2 - INFO - 1822º Individual: {'ar': '44100', 'sample_fmt': 'fltp', 'compression_level': '0', 'reservoir': '1', 'b:a': '126k'}
2025-06-16 18:08:37 - SPEA2 - INFO -  >> Metrics: {'time': 1.4706894069968257, 'size': 182727, 'peaq': -2.946, 'im': -1.119}
2025-06-16 18:08:37 - SPEA2 - INFO - 1823º Individual: {'ar': '44100', 'sample_fmt': 's16p', 'compression_level': '2', 'reservoir': '1', 'b:a': '254k', 'abr': 'True'}
2025-06-16 18:08:38 - SPEA2 - INFO -  >> Metrics: {'time': 0.8553771799779497, 'size': 350007, 'peaq': -2.59, 'im': -0.703}
2025-06-16 18:08:38 - SPEA2 - INFO - 1824º Individual: {'ar': '44100', 'sample_fmt': 'fltp', 'compression_level': '7', 'reservoir': '1', 'b:a': '137k', 'abr': 'True'}
2025-06-16 18:08:39 - SPEA2 - INFO -  >> Metrics: {'time': 0.6364025729999412, 'size': 186596, 'peaq': -2.864, 'im': -1.016}
2025-06-16 18:08:39 - SPEA2 - INFO - 1825º Individual: {'ar': '44100', 'sample_fmt': 's32p', 'compression_level': '7', 'reservoir': '1', 'b:a': '137k', 'abr': 'True'}
2025-06-16 18:08:39 - SPEA2 - INFO -  >> Metrics: {'time': 0.6861672380182426, 'size': 186596, 'peaq': -2.864, 'im': -1.016}
2025-06-16 18:08:39 - SPEA2 - INFO - 1826º Individual: {'ar': '44100', 'sample_fmt': 'fltp', 'compression_level': '7', 'reservoir': '1', 'b:a': '138k', 'abr': 'True'}
2025-06-16 18:08:40 - SPEA2 - INFO -  >> Metrics: {'time': 0.9895765429828316, 'size': 188323, 'peaq': -2.852, 'im': -1.002}
2025-06-16 18:08:40 - SPEA2 - INFO - 1827º Individual: {'ar': '44100', 'sample_fmt': 's32p', 'compression_level': '5', 'reservoir': '1', 'b:a': '107k', 'abr': 'True'}
2025-06-16 18:08:41 - SPEA2 - INFO -  >> Metrics: {'time': 0.7405526550137438, 'size': 145599, 'peaq': -3.107, 'im': -1.339}
2025-06-16 18:08:41 - SPEA2 - INFO - 1828º Individual: {'ar': '44100', 'sample_fmt': 's32p', 'compression_level': '2', 'reservoir': '1', 'b:a': '257k', 'abr': 'True'}
2025-06-16 18:08:42 - SPEA2 - INFO -  >> Metrics: {'time': 0.9003708749951329, 'size': 352713, 'peaq': -2.589, 'im': -0.703}
2025-06-16 18:08:42 - SPEA2 - INFO - 1829º Individual: {'ar': '32000', 'sample_fmt': 's16p', 'compression_level': '7', 'reservoir': '1', 'b:a': '255k', 'abr': 'True'}
2025-06-16 18:08:43 - SPEA2 - INFO -  >> Metrics: {'time': 0.5899129730241839, 'size': 361952, 'peaq': -3.172, 'im': -1.434}
2025-06-16 18:08:43 - SPEA2 - INFO - 1830º Individual: {'ar': '44100', 'sample_fmt': 's16p', 'compression_level': '5', 'reservoir': '1', 'b:a': '107k'}
2025-06-16 18:08:43 - SPEA2 - INFO -  >> Metrics: {'time': 0.7395254879957065, 'size': 159896, 'peaq': -2.956, 'im': -1.132}
2025-06-16 18:08:43 - SPEA2 - INFO - 1831º Individual: {'ar': '44100', 'sample_fmt': 's16p', 'compression_level': '5', 'reservoir': '1', 'b:a': '107k', 'abr': 'True'}
2025-06-16 18:08:44 - SPEA2 - INFO -  >> Metrics: {'time': 0.7751675239996985, 'size': 145652, 'peaq': -3.095, 'im': -1.321}
2025-06-16 18:08:44 - SPEA2 - INFO - 1832º Individual: {'ar': '44100', 'sample_fmt': 'fltp', 'compression_level': '7', 'reservoir': '1', 'b:a': '32k'}
2025-06-16 18:08:45 - SPEA2 - INFO -  >> Metrics: {'time': 0.6127139609889127, 'size': 45846, 'peaq': -3.286, 'im': -1.619}
2025-06-16 18:08:45 - SPEA2 - INFO - 1833º Individual: {'ar': '44100', 'sample_fmt': 'fltp', 'compression_level': '7', 'reservoir': '1', 'b:a': '165k', 'abr': 'True'}
2025-06-16 18:08:45 - SPEA2 - INFO -  >> Metrics: {'time': 0.6152760189725086, 'size': 227843, 'peaq': -2.697, 'im': -0.821}
2025-06-16 18:08:45 - SPEA2 - INFO - 1834º Individual: {'ar': '44100', 'sample_fmt': 's16p', 'compression_level': '5', 'reservoir': '1', 'b:a': '126k', 'abr': 'True'}
2025-06-16 18:08:46 - SPEA2 - INFO -  >> Metrics: {'time': 0.7544828379759565, 'size': 173441, 'peaq': -2.878, 'im': -1.034}
2025-06-16 18:08:46 - SPEA2 - INFO - 1835º Individual: {'ar': '12000', 'sample_fmt': 'fltp', 'compression_level': '7', 'reservoir': '1', 'b:a': '32k', 'abr': 'True'}
2025-06-16 18:08:47 - SPEA2 - INFO -  >> Metrics: {'time': 0.5333250530238729, 'size': 43808, 'peaq': -3.777, 'im': -2.982}
2025-06-16 18:08:47 - SPEA2 - INFO - 1836º Individual: {'ar': '44100', 'sample_fmt': 'fltp', 'compression_level': '7', 'reservoir': '1', 'b:a': '194k', 'abr': 'True'}
2025-06-16 18:08:47 - SPEA2 - INFO -  >> Metrics: {'time': 0.6431174679892138, 'size': 271799, 'peaq': -2.623, 'im': -0.74}
2025-06-16 18:08:47 - SPEA2 - INFO - 1837º Individual: {'ar': '44100', 'sample_fmt': 'fltp', 'compression_level': '8', 'reservoir': '0', 'b:a': '257k', 'abr': 'True'}
2025-06-16 18:08:48 - SPEA2 - INFO -  >> Metrics: {'time': 0.6622469580033794, 'size': 385039, 'peaq': -2.598, 'im': -0.713}
2025-06-16 18:08:48 - SPEA2 - INFO - 1838º Individual: {'ar': '44100', 'sample_fmt': 's16p', 'compression_level': '5', 'reservoir': '1', 'b:a': '103k', 'abr': 'True'}
2025-06-16 18:08:49 - SPEA2 - INFO -  >> Metrics: {'time': 0.9438186810002662, 'size': 140451, 'peaq': -3.161, 'im': -1.418}
2025-06-16 18:08:49 - SPEA2 - INFO - 1839º Individual: {'ar': '16000', 'sample_fmt': 's32p', 'compression_level': '8', 'reservoir': '1', 'b:a': '86k'}
2025-06-16 18:08:50 - SPEA2 - INFO -  >> Metrics: {'time': 0.6147226889734156, 'size': 114920, 'peaq': -3.74, 'im': -2.802}
2025-06-16 18:08:50 - SPEA2 - INFO - 1840º Individual: {'ar': '44100', 'sample_fmt': 's32p', 'compression_level': '7', 'reservoir': '1', 'b:a': '108k'}
2025-06-16 18:08:51 - SPEA2 - INFO -  >> Metrics: {'time': 1.1193108489969745, 'size': 159896, 'peaq': -3.068, 'im': -1.283}
2025-06-16 18:08:51 - SPEA2 - INFO - 1841º Individual: {'ar': '44100', 'sample_fmt': 's32p', 'compression_level': '7', 'reservoir': '1', 'b:a': '32k', 'abr': 'True'}
2025-06-16 18:08:52 - SPEA2 - INFO -  >> Metrics: {'time': 1.1960311729926616, 'size': 49324, 'peaq': -3.35, 'im': -1.734}
2025-06-16 18:08:52 - SPEA2 - INFO - 1842º Individual: {'ar': '8000', 'sample_fmt': 's16p', 'compression_level': '2', 'reservoir': '1', 'aq': '9'}
2025-06-16 18:08:53 - SPEA2 - INFO -  >> Metrics: {'time': 0.9040594470279757, 'size': 36728, 'peaq': -3.85, 'im': -3.44}
2025-06-16 18:08:53 - SPEA2 - INFO - 1843º Individual: {'ar': '44100', 'sample_fmt': 'fltp', 'compression_level': '7', 'reservoir': '1', 'b:a': '261k', 'abr': 'True'}
2025-06-16 18:08:53 - SPEA2 - INFO -  >> Metrics: {'time': 0.6348084139754064, 'size': 369068, 'peaq': -2.601, 'im': -0.716}
2025-06-16 18:08:53 - SPEA2 - INFO - 1844º Individual: {'ar': '44100', 'sample_fmt': 's16p', 'compression_level': '5', 'reservoir': '1', 'b:a': '143k', 'abr': 'True'}
2025-06-16 18:08:55 - SPEA2 - INFO -  >> Metrics: {'time': 1.2237916130106896, 'size': 196054, 'peaq': -2.768, 'im': -0.902}
2025-06-16 18:08:55 - SPEA2 - INFO - 1845º Individual: {'ar': '44100', 'sample_fmt': 's16p', 'compression_level': '7', 'reservoir': '1', 'b:a': '107k'}
2025-06-16 18:08:55 - SPEA2 - INFO -  >> Metrics: {'time': 0.7837910169910174, 'size': 159896, 'peaq': -3.065, 'im': -1.278}
2025-06-16 18:08:55 - SPEA2 - INFO - 1846º Individual: {'ar': '44100', 'sample_fmt': 's16p', 'compression_level': '9', 'reservoir': '1', 'b:a': '257k', 'abr': 'True'}
2025-06-16 18:08:56 - SPEA2 - INFO -  >> Metrics: {'time': 0.6909410629887134, 'size': 363332, 'peaq': -2.598, 'im': -0.713}
2025-06-16 18:08:56 - SPEA2 - INFO - 1847º Individual: {'ar': '44100', 'sample_fmt': 's32p', 'compression_level': '9', 'reservoir': '1', 'b:a': '166k', 'abr': 'True'}
2025-06-16 18:08:57 - SPEA2 - INFO -  >> Metrics: {'time': 0.6547365420265123, 'size': 229419, 'peaq': -2.692, 'im': -0.815}
2025-06-16 18:08:57 - SPEA2 - INFO - 1848º Individual: {'ar': '44100', 'sample_fmt': 'fltp', 'compression_level': '9', 'reservoir': '1', 'b:a': '141k', 'abr': 'True'}
2025-06-16 18:08:57 - SPEA2 - INFO -  >> Metrics: {'time': 0.6165076070174109, 'size': 192262, 'peaq': -2.823, 'im': -0.967}
2025-06-16 18:08:57 - SPEA2 - INFO - 1849º Individual: {'ar': '44100', 'sample_fmt': 's32p', 'compression_level': '5', 'reservoir': '1', 'b:a': '108k', 'abr': 'True'}
2025-06-16 18:08:58 - SPEA2 - INFO -  >> Metrics: {'time': 0.7395758329948876, 'size': 147315, 'peaq': -3.086, 'im': -1.308}
2025-06-16 18:08:58 - SPEA2 - INFO - 1850º Individual: {'ar': '44100', 'sample_fmt': 's32p', 'compression_level': '5', 'reservoir': '1', 'b:a': '141k', 'abr': 'True'}
2025-06-16 18:09:01 - SPEA2 - INFO -  >> Metrics: {'time': 2.6567018810019363, 'size': 193481, 'peaq': -2.791, 'im': -0.929}
2025-06-16 18:09:01 - SPEA2 - INFO - 1851º Individual: {'ar': '12000', 'sample_fmt': 'fltp', 'compression_level': '7', 'reservoir': '1', 'b:a': '32k', 'abr': 'True'}
2025-06-16 18:09:02 - SPEA2 - INFO -  >> Metrics: {'time': 0.9834082120214589, 'size': 43808, 'peaq': -3.777, 'im': -2.982}
2025-06-16 18:09:02 - SPEA2 - INFO - 1852º Individual: {'ar': '44100', 'sample_fmt': 'fltp', 'compression_level': '7', 'reservoir': '0', 'b:a': '32k'}
2025-06-16 18:09:03 - SPEA2 - INFO -  >> Metrics: {'time': 0.8252815439773258, 'size': 45846, 'peaq': -3.303, 'im': -1.649}
2025-06-16 18:09:03 - SPEA2 - INFO - 1853º Individual: {'ar': '44100', 'sample_fmt': 'fltp', 'compression_level': '2', 'reservoir': '1', 'b:a': '170k', 'abr': 'True'}
2025-06-16 18:09:04 - SPEA2 - INFO -  >> Metrics: {'time': 1.0216110089968424, 'size': 229151, 'peaq': -2.679, 'im': -0.801}
2025-06-16 18:09:04 - SPEA2 - INFO - 1854º Individual: {'ar': '12000', 'sample_fmt': 's32p', 'compression_level': '7', 'reservoir': '1', 'b:a': '107k'}
2025-06-16 18:09:04 - SPEA2 - INFO -  >> Metrics: {'time': 0.6389819930191152, 'size': 92528, 'peaq': -3.742, 'im': -2.811}
2025-06-16 18:09:04 - SPEA2 - INFO - 1855º Individual: {'ar': '44100', 'sample_fmt': 's16p', 'compression_level': '9', 'reservoir': '1', 'b:a': '194k', 'abr': 'True'}
2025-06-16 18:09:05 - SPEA2 - INFO -  >> Metrics: {'time': 0.6193449170095846, 'size': 271695, 'peaq': -2.62, 'im': -0.736}
2025-06-16 18:09:05 - SPEA2 - INFO - 1856º Individual: {'ar': '8000', 'sample_fmt': 'fltp', 'compression_level': '9', 'reservoir': '1', 'b:a': '128k', 'abr': 'True'}
2025-06-16 18:09:06 - SPEA2 - INFO -  >> Metrics: {'time': 0.5260293970059138, 'size': 92096, 'peaq': -3.858, 'im': -3.51}
2025-06-16 18:09:06 - SPEA2 - INFO - 1857º Individual: {'ar': '44100', 'sample_fmt': 's32p', 'compression_level': '8', 'reservoir': '1', 'b:a': '32k', 'abr': 'True'}
2025-06-16 18:09:06 - SPEA2 - INFO -  >> Metrics: {'time': 0.7973201959975995, 'size': 49324, 'peaq': -3.35, 'im': -1.734}
2025-06-16 18:09:06 - SPEA2 - INFO - 1858º Individual: {'ar': '44100', 'sample_fmt': 'fltp', 'compression_level': '0', 'reservoir': '0', 'b:a': '259k', 'abr': 'True'}
2025-06-16 18:09:08 - SPEA2 - INFO -  >> Metrics: {'time': 1.3087123960140161, 'size': 373023, 'peaq': -2.587, 'im': -0.701}
2025-06-16 18:09:08 - SPEA2 - INFO - 1859º Individual: {'ar': '32000', 'sample_fmt': 's16p', 'compression_level': '7', 'reservoir': '1', 'b:a': '254k', 'abr': 'True'}
2025-06-16 18:09:08 - SPEA2 - INFO -  >> Metrics: {'time': 0.672721875977004, 'size': 360512, 'peaq': -3.172, 'im': -1.435}
2025-06-16 18:09:08 - SPEA2 - INFO - 1860º Individual: {'ar': '44100', 'sample_fmt': 'fltp', 'compression_level': '3', 'reservoir': '1', 'b:a': '167k', 'abr': 'True'}
2025-06-16 18:09:09 - SPEA2 - INFO -  >> Metrics: {'time': 0.7719776849844493, 'size': 230254, 'peaq': -2.667, 'im': -0.787}
2025-06-16 18:09:09 - SPEA2 - INFO - 1861º Individual: {'ar': '44100', 'sample_fmt': 'fltp', 'compression_level': '5', 'reservoir': '1', 'b:a': '165k', 'abr': 'True'}
2025-06-16 18:09:10 - SPEA2 - INFO -  >> Metrics: {'time': 0.7375024809734896, 'size': 229523, 'peaq': -2.657, 'im': -0.777}
2025-06-16 18:09:10 - SPEA2 - INFO - 1862º Individual: {'ar': '44100', 'sample_fmt': 's32p', 'compression_level': '7', 'reservoir': '1', 'b:a': '168k', 'abr': 'True'}
2025-06-16 18:09:10 - SPEA2 - INFO -  >> Metrics: {'time': 0.5907809329801239, 'size': 232341, 'peaq': -2.684, 'im': -0.807}
2025-06-16 18:09:10 - SPEA2 - INFO - 1863º Individual: {'ar': '8000', 'sample_fmt': 'fltp', 'compression_level': '8', 'reservoir': '1', 'aq': '9'}
2025-06-16 18:09:11 - SPEA2 - INFO -  >> Metrics: {'time': 0.5398071490053553, 'size': 37736, 'peaq': -3.855, 'im': -3.486}
2025-06-16 18:09:11 - SPEA2 - INFO - 1864º Individual: {'ar': '44100', 'sample_fmt': 'fltp', 'compression_level': '7', 'reservoir': '1', 'b:a': '168k', 'abr': 'True'}
2025-06-16 18:09:12 - SPEA2 - INFO -  >> Metrics: {'time': 0.5945149049803149, 'size': 232341, 'peaq': -2.683, 'im': -0.806}
2025-06-16 18:09:12 - SPEA2 - INFO - 1865º Individual: {'ar': '44100', 'sample_fmt': 'fltp', 'compression_level': '0', 'reservoir': '1', 'b:a': '138k', 'abr': 'True'}
2025-06-16 18:09:13 - SPEA2 - INFO -  >> Metrics: {'time': 1.316345100000035, 'size': 185870, 'peaq': -2.879, 'im': -1.035}
2025-06-16 18:09:13 - SPEA2 - INFO - 1866º Individual: {'ar': '44100', 'sample_fmt': 's32p', 'compression_level': '9', 'reservoir': '1', 'b:a': '138k', 'abr': 'True'}
2025-06-16 18:09:14 - SPEA2 - INFO -  >> Metrics: {'time': 0.6358902519859839, 'size': 188323, 'peaq': -2.852, 'im': -1.002}
2025-06-16 18:09:14 - SPEA2 - INFO - 1867º Individual: {'ar': '44100', 'sample_fmt': 's32p', 'compression_level': '9', 'reservoir': '1', 'b:a': '102k', 'abr': 'True'}
2025-06-16 18:09:14 - SPEA2 - INFO -  >> Metrics: {'time': 0.6111937649548054, 'size': 136239, 'peaq': -3.288, 'im': -1.623}
2025-06-16 18:09:14 - SPEA2 - INFO - 1868º Individual: {'ar': '44100', 'sample_fmt': 'fltp', 'compression_level': '7', 'reservoir': '1', 'b:a': '114k'}
2025-06-16 18:09:15 - SPEA2 - INFO -  >> Metrics: {'time': 0.612044939014595, 'size': 159896, 'peaq': -3.068, 'im': -1.283}
2025-06-16 18:09:15 - SPEA2 - INFO - 1869º Individual: {'ar': '44100', 'sample_fmt': 's32p', 'compression_level': '5', 'reservoir': '1', 'b:a': '107k', 'abr': 'True'}
2025-06-16 18:09:16 - SPEA2 - INFO -  >> Metrics: {'time': 0.6996992269996554, 'size': 145599, 'peaq': -3.107, 'im': -1.339}
2025-06-16 18:09:16 - SPEA2 - INFO - 1870º Individual: {'ar': '44100', 'sample_fmt': 'fltp', 'compression_level': '7', 'reservoir': '1', 'b:a': '195k', 'abr': 'True'}
2025-06-16 18:09:16 - SPEA2 - INFO -  >> Metrics: {'time': 0.6411259770102333, 'size': 273256, 'peaq': -2.621, 'im': -0.737}
2025-06-16 18:09:16 - SPEA2 - INFO - 1871º Individual: {'ar': '44100', 'sample_fmt': 's32p', 'compression_level': '5', 'reservoir': '1', 'b:a': '107k'}
2025-06-16 18:09:17 - SPEA2 - INFO -  >> Metrics: {'time': 0.7100210320204496, 'size': 159896, 'peaq': -2.963, 'im': -1.14}
2025-06-16 18:09:17 - SPEA2 - INFO - 1872º Individual: {'ar': '44100', 'sample_fmt': 'fltp', 'compression_level': '9', 'reservoir': '1', 'b:a': '127k', 'abr': 'True'}
2025-06-16 18:09:18 - SPEA2 - INFO -  >> Metrics: {'time': 0.8562675499997567, 'size': 171880, 'peaq': -2.955, 'im': -1.131}
2025-06-16 18:09:18 - SPEA2 - INFO - 1873º Individual: {'ar': '44100', 'sample_fmt': 's32p', 'compression_level': '7', 'reservoir': '1', 'b:a': '143k', 'abr': 'True'}
2025-06-16 18:09:18 - SPEA2 - INFO -  >> Metrics: {'time': 0.6615570909925736, 'size': 195422, 'peaq': -2.805, 'im': -0.945}
2025-06-16 18:09:18 - SPEA2 - INFO - 1874º Individual: {'ar': '44100', 'sample_fmt': 's32p', 'compression_level': '8', 'reservoir': '1', 'b:a': '35k', 'abr': 'True'}
2025-06-16 18:09:19 - SPEA2 - INFO -  >> Metrics: {'time': 0.6324348140042275, 'size': 53302, 'peaq': -3.411, 'im': -1.854}
2025-06-16 18:09:19 - SPEA2 - INFO - 1875º Individual: {'ar': '44100', 'sample_fmt': 's16p', 'compression_level': '2', 'reservoir': '1', 'b:a': '254k', 'abr': 'True'}
2025-06-16 18:09:20 - SPEA2 - INFO -  >> Metrics: {'time': 0.8707792130298913, 'size': 350007, 'peaq': -2.59, 'im': -0.703}
2025-06-16 18:09:20 - SPEA2 - INFO - 1876º Individual: {'ar': '16000', 'sample_fmt': 'fltp', 'compression_level': '3', 'reservoir': '1', 'b:a': '167k', 'abr': 'True'}
2025-06-16 18:09:21 - SPEA2 - INFO -  >> Metrics: {'time': 0.6210846559843048, 'size': 212516, 'peaq': -3.763, 'im': -2.909}
2025-06-16 18:09:21 - SPEA2 - INFO - 1877º Individual: {'ar': '8000', 'sample_fmt': 's16p', 'compression_level': '2', 'reservoir': '1', 'aq': '9'}
2025-06-16 18:09:21 - SPEA2 - INFO -  >> Metrics: {'time': 0.7134089339815546, 'size': 36728, 'peaq': -3.85, 'im': -3.44}
2025-06-16 18:09:21 - SPEA2 - INFO - 1878º Individual: {'ar': '16000', 'sample_fmt': 's32p', 'compression_level': '5', 'reservoir': '1', 'b:a': '108k', 'abr': 'True'}
2025-06-16 18:09:22 - SPEA2 - INFO -  >> Metrics: {'time': 0.6528333999740425, 'size': 142604, 'peaq': -3.76, 'im': -2.893}
2025-06-16 18:09:22 - SPEA2 - INFO - 1879º Individual: {'ar': '44100', 'sample_fmt': 's32p', 'compression_level': '7', 'reservoir': '1', 'b:a': '107k', 'abr': 'True'}
2025-06-16 18:09:23 - SPEA2 - INFO -  >> Metrics: {'time': 0.5947332810028456, 'size': 142584, 'peaq': -3.248, 'im': -1.556}
2025-06-16 18:09:23 - SPEA2 - INFO - 1880º Individual: {'ar': '8000', 'sample_fmt': 's16p', 'compression_level': '2', 'reservoir': '1', 'aq': '9'}
2025-06-16 18:09:23 - SPEA2 - INFO -  >> Metrics: {'time': 0.6881481700402219, 'size': 36728, 'peaq': -3.85, 'im': -3.44}
2025-06-16 18:09:23 - SPEA2 - INFO - 1881º Individual: {'ar': '12000', 'sample_fmt': 'fltp', 'compression_level': '7', 'reservoir': '1', 'b:a': '32k', 'abr': 'True'}
2025-06-16 18:09:24 - SPEA2 - INFO -  >> Metrics: {'time': 0.6161457659909502, 'size': 43808, 'peaq': -3.777, 'im': -2.982}
2025-06-16 18:09:24 - SPEA2 - INFO - 1882º Individual: {'ar': '44100', 'sample_fmt': 'fltp', 'compression_level': '0', 'reservoir': '1', 'b:a': '261k', 'abr': 'True'}
2025-06-16 18:09:25 - SPEA2 - INFO -  >> Metrics: {'time': 1.226467191008851, 'size': 353754, 'peaq': -2.583, 'im': -0.697}
2025-06-16 18:09:25 - SPEA2 - INFO - 1883º Individual: {'ar': '44100', 'sample_fmt': 's32p', 'compression_level': '9', 'reservoir': '1', 'b:a': '141k', 'abr': 'True'}
2025-06-16 18:09:26 - SPEA2 - INFO -  >> Metrics: {'time': 0.6263106599799357, 'size': 192262, 'peaq': -2.823, 'im': -0.967}
2025-06-16 18:09:26 - SPEA2 - INFO - 1884º Individual: {'ar': '44100', 'sample_fmt': 'fltp', 'compression_level': '0', 'reservoir': '1', 'b:a': '261k', 'abr': 'True'}
2025-06-16 18:09:27 - SPEA2 - INFO -  >> Metrics: {'time': 1.5116785829595756, 'size': 353754, 'peaq': -2.583, 'im': -0.697}
2025-06-16 18:09:27 - SPEA2 - INFO - 1885º Individual: {'ar': '44100', 'sample_fmt': 'fltp', 'compression_level': '7', 'reservoir': '1', 'b:a': '113k', 'abr': 'True'}
2025-06-16 18:09:28 - SPEA2 - INFO -  >> Metrics: {'time': 0.6617421909759287, 'size': 151164, 'peaq': -3.164, 'im': -1.423}
2025-06-16 18:09:28 - SPEA2 - INFO - 1886º Individual: {'ar': '44100', 'sample_fmt': 'fltp', 'compression_level': '7', 'reservoir': '1', 'b:a': '164k', 'abr': 'True'}
2025-06-16 18:09:29 - SPEA2 - INFO -  >> Metrics: {'time': 0.7930683269805741, 'size': 226487, 'peaq': -2.699, 'im': -0.824}
2025-06-16 18:09:29 - SPEA2 - INFO - 1887º Individual: {'ar': '44100', 'sample_fmt': 'fltp', 'compression_level': '8', 'reservoir': '1', 'b:a': '257k', 'abr': 'True'}
2025-06-16 18:09:30 - SPEA2 - INFO -  >> Metrics: {'time': 0.7726658879837487, 'size': 363230, 'peaq': -2.599, 'im': -0.713}
2025-06-16 18:09:30 - SPEA2 - INFO - 1888º Individual: {'ar': '16000', 'sample_fmt': 's32p', 'compression_level': '7', 'reservoir': '0', 'aq': '9'}
2025-06-16 18:09:30 - SPEA2 - INFO -  >> Metrics: {'time': 0.6950842570222449, 'size': 68300, 'peaq': -3.805, 'im': -3.135}
2025-06-16 18:09:30 - SPEA2 - INFO - 1889º Individual: {'ar': '44100', 'sample_fmt': 's32p', 'compression_level': '2', 'reservoir': '1', 'b:a': '168k', 'abr': 'True'}
2025-06-16 18:09:32 - SPEA2 - INFO -  >> Metrics: {'time': 1.2144713409652468, 'size': 227484, 'peaq': -2.678, 'im': -0.8}
2025-06-16 18:09:32 - SPEA2 - INFO - 1890º Individual: {'ar': '32000', 'sample_fmt': 'fltp', 'compression_level': '5', 'reservoir': '1', 'b:a': '32k'}
2025-06-16 18:09:32 - SPEA2 - INFO -  >> Metrics: {'time': 0.6951763659890275, 'size': 45944, 'peaq': -3.43, 'im': -1.892}
2025-06-16 18:09:32 - SPEA2 - INFO - 1891º Individual: {'ar': '12000', 'sample_fmt': 'fltp', 'compression_level': '7', 'reservoir': '1', 'b:a': '32k', 'abr': 'True'}
2025-06-16 18:09:33 - SPEA2 - INFO -  >> Metrics: {'time': 0.5572353799943812, 'size': 43808, 'peaq': -3.777, 'im': -2.982}
2025-06-16 18:09:33 - SPEA2 - INFO - 1892º Individual: {'ar': '44100', 'sample_fmt': 'fltp', 'compression_level': '0', 'reservoir': '1', 'b:a': '32k', 'abr': 'True'}
2025-06-16 18:09:34 - SPEA2 - INFO -  >> Metrics: {'time': 1.1197547589836176, 'size': 49402, 'peaq': -3.132, 'im': -1.375}
2025-06-16 18:09:34 - SPEA2 - INFO - 1893º Individual: {'ar': '44100', 'sample_fmt': 's16p', 'compression_level': '9', 'reservoir': '1', 'b:a': '141k', 'abr': 'True'}
2025-06-16 18:09:35 - SPEA2 - INFO -  >> Metrics: {'time': 0.6231118779978715, 'size': 192111, 'peaq': -2.817, 'im': -0.96}
2025-06-16 18:09:35 - SPEA2 - INFO - 1894º Individual: {'ar': '44100', 'sample_fmt': 'fltp', 'compression_level': '0', 'reservoir': '1', 'b:a': '257k', 'abr': 'True'}
2025-06-16 18:09:36 - SPEA2 - INFO -  >> Metrics: {'time': 1.1686660739942454, 'size': 351775, 'peaq': -2.587, 'im': -0.7}
2025-06-16 18:09:36 - SPEA2 - INFO - 1895º Individual: {'ar': '16000', 'sample_fmt': 'fltp', 'compression_level': '7', 'reservoir': '1', 'b:a': '32k'}
2025-06-16 18:09:36 - SPEA2 - INFO -  >> Metrics: {'time': 0.6156423739739694, 'size': 46052, 'peaq': -3.442, 'im': -1.919}
2025-06-16 18:09:36 - SPEA2 - INFO - 1896º Individual: {'ar': '44100', 'sample_fmt': 's32p', 'compression_level': '3', 'reservoir': '1', 'b:a': '192k', 'abr': 'True'}
2025-06-16 18:09:37 - SPEA2 - INFO -  >> Metrics: {'time': 0.8339474019885529, 'size': 267526, 'peaq': -2.618, 'im': -0.734}
2025-06-16 18:09:37 - SPEA2 - INFO - 1897º Individual: {'ar': '44100', 'sample_fmt': 'fltp', 'compression_level': '7', 'reservoir': '1', 'b:a': '126k', 'abr': 'True'}
2025-06-16 18:09:38 - SPEA2 - INFO -  >> Metrics: {'time': 0.6675823529949412, 'size': 170628, 'peaq': -2.967, 'im': -1.147}
2025-06-16 18:09:38 - SPEA2 - INFO - 1898º Individual: {'ar': '16000', 'sample_fmt': 'fltp', 'compression_level': '7', 'reservoir': '1', 'b:a': '86k', 'abr': 'True'}
2025-06-16 18:09:38 - SPEA2 - INFO -  >> Metrics: {'time': 0.5924651549721602, 'size': 122588, 'peaq': -3.714, 'im': -2.693}
2025-06-16 18:09:38 - SPEA2 - INFO - 1899º Individual: {'ar': '44100', 'sample_fmt': 'fltp', 'compression_level': '5', 'reservoir': '1', 'b:a': '266k', 'abr': 'True'}
2025-06-16 18:09:39 - SPEA2 - INFO -  >> Metrics: {'time': 0.706701950985007, 'size': 369918, 'peaq': -2.584, 'im': -0.698}
2025-06-16 18:09:39 - SPEA2 - INFO - 1900º Individual: {'ar': '44100', 'sample_fmt': 's16p', 'compression_level': '5', 'reservoir': '1', 'b:a': '245k'}
2025-06-16 18:09:40 - SPEA2 - INFO -  >> Metrics: {'time': 0.7077858060074504, 'size': 365375, 'peaq': -2.595, 'im': -0.709}
2025-06-16 18:09:40 - SPEA2 - INFO - 1901º Individual: {'ar': '12000', 'sample_fmt': 's16p', 'compression_level': '7', 'reservoir': '1', 'b:a': '195k', 'abr': 'True'}
2025-06-16 18:09:40 - SPEA2 - INFO -  >> Metrics: {'time': 0.5280244669993408, 'size': 90704, 'peaq': -3.74, 'im': -2.803}
2025-06-16 18:09:40 - SPEA2 - INFO - 1902º Individual: {'ar': '44100', 'sample_fmt': 'fltp', 'compression_level': '8', 'reservoir': '1', 'b:a': '32k'}
2025-06-16 18:09:41 - SPEA2 - INFO -  >> Metrics: {'time': 0.6118724329862744, 'size': 45846, 'peaq': -3.286, 'im': -1.619}
2025-06-16 18:09:41 - SPEA2 - INFO - 1903º Individual: {'ar': '32000', 'sample_fmt': 's16p', 'compression_level': '7', 'reservoir': '1', 'b:a': '195k', 'abr': 'True'}
2025-06-16 18:09:42 - SPEA2 - INFO -  >> Metrics: {'time': 0.5834085399983451, 'size': 277784, 'peaq': -3.18, 'im': -1.447}
2025-06-16 18:09:42 - SPEA2 - INFO - 1904º Individual: {'ar': '44100', 'sample_fmt': 'fltp', 'compression_level': '0', 'reservoir': '1', 'b:a': '257k', 'abr': 'True'}
2025-06-16 18:09:43 - SPEA2 - INFO -  >> Metrics: {'time': 1.1470852920028847, 'size': 351775, 'peaq': -2.587, 'im': -0.7}
2025-06-16 18:09:43 - SPEA2 - INFO - 1905º Individual: {'ar': '44100', 'sample_fmt': 's32p', 'compression_level': '2', 'reservoir': '1', 'b:a': '138k', 'abr': 'True'}
2025-06-16 18:09:44 - SPEA2 - INFO -  >> Metrics: {'time': 1.0236792149953544, 'size': 185605, 'peaq': -2.854, 'im': -1.005}
2025-06-16 18:09:44 - SPEA2 - INFO - 1906º Individual: {'ar': '44100', 'sample_fmt': 's16p', 'compression_level': '0', 'reservoir': '1', 'b:a': '107k', 'abr': 'True'}
2025-06-16 18:09:45 - SPEA2 - INFO -  >> Metrics: {'time': 1.4386024060077034, 'size': 144507, 'peaq': -3.275, 'im': -1.601}
2025-06-16 18:09:45 - SPEA2 - INFO - 1907º Individual: {'ar': '44100', 'sample_fmt': 'fltp', 'compression_level': '3', 'reservoir': '1', 'b:a': '192k', 'abr': 'True'}
2025-06-16 18:09:46 - SPEA2 - INFO -  >> Metrics: {'time': 1.0015011349751148, 'size': 267526, 'peaq': -2.618, 'im': -0.734}
2025-06-16 18:09:46 - SPEA2 - INFO - 1908º Individual: {'ar': '44100', 'sample_fmt': 's32p', 'compression_level': '9', 'reservoir': '1', 'b:a': '114k', 'abr': 'True'}
2025-06-16 18:09:47 - SPEA2 - INFO -  >> Metrics: {'time': 0.8451362519990653, 'size': 153037, 'peaq': -3.139, 'im': -1.384}
2025-06-16 18:09:47 - SPEA2 - INFO - 1909º Individual: {'ar': '44100', 'sample_fmt': 'fltp', 'compression_level': '5', 'reservoir': '1', 'b:a': '143k', 'abr': 'True'}
2025-06-16 18:09:48 - SPEA2 - INFO -  >> Metrics: {'time': 1.190088379982626, 'size': 196055, 'peaq': -2.772, 'im': -0.907}
2025-06-16 18:09:48 - SPEA2 - INFO - 1910º Individual: {'ar': '44100', 'sample_fmt': 's32p', 'compression_level': '5', 'reservoir': '1', 'b:a': '141k', 'abr': 'True'}
2025-06-16 18:09:49 - SPEA2 - INFO -  >> Metrics: {'time': 0.8492689050035551, 'size': 193481, 'peaq': -2.791, 'im': -0.929}
2025-06-16 18:09:49 - SPEA2 - INFO - 1911º Individual: {'ar': '44100', 'sample_fmt': 's16p', 'compression_level': '2', 'reservoir': '1', 'aq': '9'}
2025-06-16 18:09:50 - SPEA2 - INFO -  >> Metrics: {'time': 0.746813243982615, 'size': 106308, 'peaq': -3.341, 'im': -1.719}
2025-06-16 18:09:50 - SPEA2 - INFO - 1912º Individual: {'ar': '44100', 'sample_fmt': 'fltp', 'compression_level': '0', 'reservoir': '1', 'b:a': '253k', 'abr': 'True'}
2025-06-16 18:09:51 - SPEA2 - INFO -  >> Metrics: {'time': 1.2545884319988545, 'size': 348756, 'peaq': -2.593, 'im': -0.707}
2025-06-16 18:09:51 - SPEA2 - INFO - 1913º Individual: {'ar': '8000', 'sample_fmt': 's16p', 'compression_level': '5', 'reservoir': '1', 'b:a': '107k'}
2025-06-16 18:09:52 - SPEA2 - INFO -  >> Metrics: {'time': 0.6294625020236708, 'size': 93248, 'peaq': -3.858, 'im': -3.511}
2025-06-16 18:09:52 - SPEA2 - INFO - 1914º Individual: {'ar': '12000', 'sample_fmt': 'fltp', 'compression_level': '7', 'reservoir': '1', 'b:a': '32k', 'abr': 'True'}
2025-06-16 18:09:52 - SPEA2 - INFO -  >> Metrics: {'time': 0.5223489119962323, 'size': 43808, 'peaq': -3.777, 'im': -2.982}
2025-06-16 18:09:52 - SPEA2 - INFO - 1915º Individual: {'ar': '12000', 'sample_fmt': 's32p', 'compression_level': '7', 'reservoir': '1', 'b:a': '86k', 'abr': 'True'}
2025-06-16 18:09:53 - SPEA2 - INFO -  >> Metrics: {'time': 0.5691884679836221, 'size': 90176, 'peaq': -3.742, 'im': -2.811}
2025-06-16 18:09:53 - SPEA2 - INFO - 1916º Individual: {'ar': '32000', 'sample_fmt': 's16p', 'compression_level': '7', 'reservoir': '1', 'b:a': '250k', 'abr': 'True'}
2025-06-16 18:09:54 - SPEA2 - INFO -  >> Metrics: {'time': 0.5861591839930043, 'size': 354896, 'peaq': -3.17, 'im': -1.431}
2025-06-16 18:09:54 - SPEA2 - INFO - 1917º Individual: {'ar': '44100', 'sample_fmt': 's32p', 'compression_level': '0', 'reservoir': '1', 'b:a': '194k', 'abr': 'True'}
2025-06-16 18:09:55 - SPEA2 - INFO -  >> Metrics: {'time': 1.0582223380042706, 'size': 268043, 'peaq': -2.621, 'im': -0.737}
2025-06-16 18:09:55 - SPEA2 - INFO - 1918º Individual: {'ar': '44100', 'sample_fmt': 's32p', 'compression_level': '7', 'reservoir': '1', 'b:a': '103k', 'abr': 'True'}
2025-06-16 18:09:55 - SPEA2 - INFO -  >> Metrics: {'time': 0.6039869159867521, 'size': 137435, 'peaq': -3.278, 'im': -1.606}
2025-06-16 18:09:55 - SPEA2 - INFO - 1919º Individual: {'ar': '44100', 'sample_fmt': 's32p', 'compression_level': '9', 'reservoir': '1', 'b:a': '143k', 'abr': 'True'}
2025-06-16 18:09:56 - SPEA2 - INFO -  >> Metrics: {'time': 0.622724645974813, 'size': 195422, 'peaq': -2.805, 'im': -0.945}
2025-06-16 18:09:56 - SPEA2 - INFO - 1920º Individual: {'ar': '44100', 'sample_fmt': 's32p', 'compression_level': '7', 'reservoir': '1', 'b:a': '103k'}
2025-06-16 18:09:56 - SPEA2 - INFO -  >> Metrics: {'time': 0.6320400089898612, 'size': 137066, 'peaq': -3.284, 'im': -1.617}
2025-06-16 18:09:57 - SPEA2 - INFO - 1921º Individual: {'ar': '16000', 'sample_fmt': 'fltp', 'compression_level': '8', 'reservoir': '0', 'aq': '9'}
2025-06-16 18:09:57 - SPEA2 - INFO -  >> Metrics: {'time': 0.5657965979771689, 'size': 68300, 'peaq': -3.805, 'im': -3.135}
2025-06-16 18:09:57 - SPEA2 - INFO - 1922º Individual: {'ar': '44100', 'sample_fmt': 's32p', 'compression_level': '2', 'reservoir': '1', 'b:a': '138k', 'abr': 'True'}
2025-06-16 18:09:58 - SPEA2 - INFO -  >> Metrics: {'time': 0.9049156080291141, 'size': 185605, 'peaq': -2.854, 'im': -1.005}
2025-06-16 18:09:58 - SPEA2 - INFO - 1923º Individual: {'ar': '44100', 'sample_fmt': 's32p', 'compression_level': '2', 'reservoir': '1', 'b:a': '143k', 'abr': 'True'}
2025-06-16 18:09:59 - SPEA2 - INFO -  >> Metrics: {'time': 0.9452983849914744, 'size': 190907, 'peaq': -2.837, 'im': -0.984}
2025-06-16 18:09:59 - SPEA2 - INFO - 1924º Individual: {'ar': '44100', 'sample_fmt': 's32p', 'compression_level': '7', 'reservoir': '1', 'b:a': '107k'}
2025-06-16 18:10:00 - SPEA2 - INFO -  >> Metrics: {'time': 0.6402557970141061, 'size': 159896, 'peaq': -3.068, 'im': -1.283}
2025-06-16 18:10:00 - SPEA2 - INFO - 1925º Individual: {'ar': '16000', 'sample_fmt': 'fltp', 'compression_level': '8', 'reservoir': '0', 'b:a': '75k', 'abr': 'True'}
2025-06-16 18:10:00 - SPEA2 - INFO -  >> Metrics: {'time': 0.6053978010022547, 'size': 116756, 'peaq': -3.759, 'im': -2.892}
2025-06-16 18:10:00 - SPEA2 - INFO - 1926º Individual: {'ar': '44100', 'sample_fmt': 'fltp', 'compression_level': '9', 'reservoir': '1', 'b:a': '194k', 'abr': 'True'}
2025-06-16 18:10:01 - SPEA2 - INFO -  >> Metrics: {'time': 0.7244183319853619, 'size': 271799, 'peaq': -2.623, 'im': -0.74}
2025-06-16 18:10:01 - SPEA2 - INFO - 1927º Individual: {'ar': '44100', 'sample_fmt': 'fltp', 'compression_level': '2', 'reservoir': '1', 'b:a': '167k', 'abr': 'True'}
2025-06-16 18:10:02 - SPEA2 - INFO -  >> Metrics: {'time': 1.0611307680082973, 'size': 226174, 'peaq': -2.698, 'im': -0.822}
2025-06-16 18:10:02 - SPEA2 - INFO - 1928º Individual: {'ar': '44100', 'sample_fmt': 'fltp', 'compression_level': '7', 'reservoir': '1', 'b:a': '195k', 'abr': 'True'}
2025-06-16 18:10:03 - SPEA2 - INFO -  >> Metrics: {'time': 0.7054948559671175, 'size': 273256, 'peaq': -2.621, 'im': -0.737}
2025-06-16 18:10:03 - SPEA2 - INFO - 1929º Individual: {'ar': '44100', 'sample_fmt': 's16p', 'compression_level': '9', 'reservoir': '1', 'b:a': '267k', 'abr': 'True'}
2025-06-16 18:10:04 - SPEA2 - INFO -  >> Metrics: {'time': 0.9899311070039403, 'size': 376721, 'peaq': -2.597, 'im': -0.712}
2025-06-16 18:10:04 - SPEA2 - INFO - 1930º Individual: {'ar': '44100', 'sample_fmt': 'fltp', 'compression_level': '7', 'reservoir': '1', 'b:a': '167k'}
2025-06-16 18:10:04 - SPEA2 - INFO -  >> Metrics: {'time': 0.6623251549899578, 'size': 228390, 'peaq': -2.691, 'im': -0.815}
2025-06-16 18:10:04 - SPEA2 - INFO - 1931º Individual: {'ar': '32000', 'sample_fmt': 's16p', 'compression_level': '7', 'reservoir': '1', 'b:a': '195k', 'abr': 'True'}
2025-06-16 18:10:05 - SPEA2 - INFO -  >> Metrics: {'time': 0.6004368560097646, 'size': 277784, 'peaq': -3.18, 'im': -1.447}
2025-06-16 18:10:05 - SPEA2 - INFO - 1932º Individual: {'ar': '44100', 'sample_fmt': 's32p', 'compression_level': '7', 'reservoir': '1', 'b:a': '267k'}
2025-06-16 18:10:06 - SPEA2 - INFO -  >> Metrics: {'time': 0.6964254390040878, 'size': 365375, 'peaq': -2.604, 'im': -0.719}
2025-06-16 18:10:06 - SPEA2 - INFO - 1933º Individual: {'ar': '32000', 'sample_fmt': 's16p', 'compression_level': '7', 'reservoir': '1', 'b:a': '254k', 'abr': 'True'}
2025-06-16 18:10:06 - SPEA2 - INFO -  >> Metrics: {'time': 0.786057744990103, 'size': 360512, 'peaq': -3.172, 'im': -1.435}
2025-06-16 18:10:07 - SPEA2 - INFO - 1934º Individual: {'ar': '44100', 'sample_fmt': 'fltp', 'compression_level': '7', 'reservoir': '1', 'b:a': '261k'}
2025-06-16 18:10:07 - SPEA2 - INFO -  >> Metrics: {'time': 0.7570514889666811, 'size': 365375, 'peaq': -2.605, 'im': -0.72}
2025-06-16 18:10:07 - SPEA2 - INFO - 1935º Individual: {'ar': '44100', 'sample_fmt': 's16p', 'compression_level': '9', 'reservoir': '1', 'b:a': '195k', 'abr': 'True'}
2025-06-16 18:10:08 - SPEA2 - INFO -  >> Metrics: {'time': 0.7429816650401335, 'size': 273258, 'peaq': -2.62, 'im': -0.736}
2025-06-16 18:10:08 - SPEA2 - INFO - 1936º Individual: {'ar': '44100', 'sample_fmt': 's16p', 'compression_level': '0', 'reservoir': '1', 'b:a': '103k', 'abr': 'True'}
2025-06-16 18:10:09 - SPEA2 - INFO -  >> Metrics: {'time': 1.1668970250175335, 'size': 139411, 'peaq': -3.306, 'im': -1.655}
2025-06-16 18:10:09 - SPEA2 - INFO - 1937º Individual: {'ar': '16000', 'sample_fmt': 'fltp', 'compression_level': '8', 'reservoir': '1', 'b:a': '137k', 'abr': 'True'}
2025-06-16 18:10:10 - SPEA2 - INFO -  >> Metrics: {'time': 0.5821261670207605, 'size': 195380, 'peaq': -3.768, 'im': -2.934}
2025-06-16 18:10:10 - SPEA2 - INFO - 1938º Individual: {'ar': '32000', 'sample_fmt': 'fltp', 'compression_level': '7', 'reservoir': '0', 'b:a': '251k'}
2025-06-16 18:10:10 - SPEA2 - INFO -  >> Metrics: {'time': 0.6500781959912274, 'size': 366416, 'peaq': -3.177, 'im': -1.442}
2025-06-16 18:10:10 - SPEA2 - INFO - 1939º Individual: {'ar': '44100', 'sample_fmt': 'fltp', 'compression_level': '5', 'reservoir': '1', 'b:a': '126k', 'abr': 'True'}
2025-06-16 18:10:11 - SPEA2 - INFO -  >> Metrics: {'time': 0.8286700949829537, 'size': 173439, 'peaq': -2.868, 'im': -1.022}
2025-06-16 18:10:11 - SPEA2 - INFO - 1940º Individual: {'ar': '44100', 'sample_fmt': 'fltp', 'compression_level': '5', 'reservoir': '1', 'b:a': '97k', 'abr': 'True'}
2025-06-16 18:10:12 - SPEA2 - INFO -  >> Metrics: {'time': 0.700221753999358, 'size': 132546, 'peaq': -3.279, 'im': -1.607}
2025-06-16 18:10:12 - SPEA2 - INFO - 1941º Individual: {'ar': '32000', 'sample_fmt': 's16p', 'compression_level': '7', 'reservoir': '1', 'b:a': '255k', 'abr': 'True'}
2025-06-16 18:10:13 - SPEA2 - INFO -  >> Metrics: {'time': 0.7479281749983784, 'size': 361952, 'peaq': -3.172, 'im': -1.434}
2025-06-16 18:10:13 - SPEA2 - INFO - 1942º Individual: {'ar': '32000', 'sample_fmt': 's32p', 'compression_level': '7', 'reservoir': '1', 'b:a': '103k'}
2025-06-16 18:10:13 - SPEA2 - INFO -  >> Metrics: {'time': 0.6446751430048607, 'size': 137456, 'peaq': -3.535, 'im': -2.133}
2025-06-16 18:10:13 - SPEA2 - INFO - 1943º Individual: {'ar': '44100', 'sample_fmt': 's32p', 'compression_level': '7', 'reservoir': '1', 'b:a': '107k'}
2025-06-16 18:10:14 - SPEA2 - INFO -  >> Metrics: {'time': 0.6609355280234013, 'size': 159896, 'peaq': -3.068, 'im': -1.283}
2025-06-16 18:10:14 - SPEA2 - INFO - 1944º Individual: {'ar': '44100', 'sample_fmt': 's32p', 'compression_level': '7', 'reservoir': '1', 'b:a': '107k'}
2025-06-16 18:10:15 - SPEA2 - INFO -  >> Metrics: {'time': 0.9226676190155558, 'size': 159896, 'peaq': -3.068, 'im': -1.283}
2025-06-16 18:10:15 - SPEA2 - INFO - 1945º Individual: {'ar': '44100', 'sample_fmt': 's16p', 'compression_level': '5', 'reservoir': '1', 'b:a': '104k', 'abr': 'True'}
2025-06-16 18:10:16 - SPEA2 - INFO -  >> Metrics: {'time': 0.7943289540125988, 'size': 141751, 'peaq': -3.161, 'im': -1.418}
2025-06-16 18:10:16 - SPEA2 - INFO - 1946º Individual: {'ar': '44100', 'sample_fmt': 'fltp', 'compression_level': '7', 'reservoir': '1', 'b:a': '168k', 'abr': 'True'}
2025-06-16 18:10:17 - SPEA2 - INFO -  >> Metrics: {'time': 1.1750585079716984, 'size': 232341, 'peaq': -2.683, 'im': -0.806}
2025-06-16 18:10:17 - SPEA2 - INFO - 1947º Individual: {'ar': '8000', 'sample_fmt': 's32p', 'compression_level': '9', 'reservoir': '1', 'b:a': '194k', 'abr': 'True'}
2025-06-16 18:10:18 - SPEA2 - INFO -  >> Metrics: {'time': 0.8189223200024571, 'size': 92384, 'peaq': -3.858, 'im': -3.51}
2025-06-16 18:10:18 - SPEA2 - INFO - 1948º Individual: {'ar': '44100', 'sample_fmt': 's32p', 'compression_level': '5', 'reservoir': '1', 'b:a': '107k'}
2025-06-16 18:10:19 - SPEA2 - INFO -  >> Metrics: {'time': 1.1667733769863844, 'size': 159896, 'peaq': -2.963, 'im': -1.14}
2025-06-16 18:10:19 - SPEA2 - INFO - 1949º Individual: {'ar': '44100', 'sample_fmt': 's16p', 'compression_level': '9', 'reservoir': '1', 'b:a': '32k', 'abr': 'True'}
2025-06-16 18:10:20 - SPEA2 - INFO -  >> Metrics: {'time': 1.0797851150273345, 'size': 49350, 'peaq': -3.355, 'im': -1.744}
2025-06-16 18:10:20 - SPEA2 - INFO - 1950º Individual: {'ar': '32000', 'sample_fmt': 'fltp', 'compression_level': '7', 'reservoir': '1', 'b:a': '32k'}
2025-06-16 18:10:21 - SPEA2 - INFO -  >> Metrics: {'time': 1.263659716991242, 'size': 45944, 'peaq': -3.434, 'im': -1.9}
2025-06-16 18:10:21 - SPEA2 - INFO - 1951º Individual: {'ar': '44100', 'sample_fmt': 's16p', 'compression_level': '7', 'reservoir': '1', 'b:a': '103k', 'abr': 'True'}
2025-06-16 18:10:22 - SPEA2 - INFO -  >> Metrics: {'time': 0.8826973860268481, 'size': 137435, 'peaq': -3.276, 'im': -1.603}
2025-06-16 18:10:22 - SPEA2 - INFO - 1952º Individual: {'ar': '44100', 'sample_fmt': 'fltp', 'compression_level': '0', 'reservoir': '1', 'b:a': '32k', 'abr': 'True'}
2025-06-16 18:10:24 - SPEA2 - INFO -  >> Metrics: {'time': 1.2982203899882734, 'size': 49402, 'peaq': -3.132, 'im': -1.375}
2025-06-16 18:10:24 - SPEA2 - INFO - 1953º Individual: {'ar': '44100', 'sample_fmt': 's32p', 'compression_level': '7', 'reservoir': '1', 'b:a': '107k', 'abr': 'True'}
2025-06-16 18:10:25 - SPEA2 - INFO -  >> Metrics: {'time': 1.0641210970061366, 'size': 142584, 'peaq': -3.248, 'im': -1.556}
2025-06-16 18:10:25 - SPEA2 - INFO - 1954º Individual: {'ar': '44100', 'sample_fmt': 's32p', 'compression_level': '7', 'reservoir': '1', 'b:a': '143k'}
2025-06-16 18:10:26 - SPEA2 - INFO -  >> Metrics: {'time': 0.7883358650142327, 'size': 182727, 'peaq': -2.916, 'im': -1.081}
2025-06-16 18:10:26 - SPEA2 - INFO - 1955º Individual: {'ar': '44100', 'sample_fmt': 's16p', 'compression_level': '9', 'reservoir': '1', 'b:a': '143k', 'abr': 'True'}
2025-06-16 18:10:26 - SPEA2 - INFO -  >> Metrics: {'time': 0.7681715769867878, 'size': 195471, 'peaq': -2.799, 'im': -0.939}
2025-06-16 18:10:26 - SPEA2 - INFO - 1956º Individual: {'ar': '44100', 'sample_fmt': 's16p', 'compression_level': '5', 'reservoir': '1', 'b:a': '107k', 'abr': 'True'}
2025-06-16 18:10:28 - SPEA2 - INFO -  >> Metrics: {'time': 1.3349221679964103, 'size': 145652, 'peaq': -3.095, 'im': -1.321}
2025-06-16 18:10:28 - SPEA2 - INFO - 1957º Individual: {'ar': '44100', 'sample_fmt': 'fltp', 'compression_level': '7', 'reservoir': '1', 'b:a': '252k', 'abr': 'True'}
2025-06-16 18:10:28 - SPEA2 - INFO -  >> Metrics: {'time': 0.7021794160245918, 'size': 355629, 'peaq': -2.604, 'im': -0.719}
2025-06-16 18:10:28 - SPEA2 - INFO - 1958º Individual: {'ar': '44100', 'sample_fmt': 's16p', 'compression_level': '9', 'reservoir': '1', 'b:a': '143k', 'abr': 'True'}
2025-06-16 18:10:29 - SPEA2 - INFO -  >> Metrics: {'time': 0.7241859400237445, 'size': 195471, 'peaq': -2.799, 'im': -0.939}
2025-06-16 18:10:29 - SPEA2 - INFO - 1959º Individual: {'ar': '44100', 'sample_fmt': 'fltp', 'compression_level': '5', 'reservoir': '1', 'b:a': '253k', 'abr': 'True'}
2025-06-16 18:10:30 - SPEA2 - INFO -  >> Metrics: {'time': 0.779139641992515, 'size': 358334, 'peaq': -2.586, 'im': -0.699}
2025-06-16 18:10:30 - SPEA2 - INFO - 1960º Individual: {'ar': '44100', 'sample_fmt': 'fltp', 'compression_level': '9', 'reservoir': '1', 'b:a': '128k', 'abr': 'True'}
2025-06-16 18:10:31 - SPEA2 - INFO -  >> Metrics: {'time': 0.6101284469768871, 'size': 173388, 'peaq': -2.937, 'im': -1.108}
2025-06-16 18:10:31 - SPEA2 - INFO - 1961º Individual: {'ar': '44100', 'sample_fmt': 's32p', 'compression_level': '7', 'reservoir': '1', 'b:a': '113k', 'abr': 'True'}
2025-06-16 18:10:31 - SPEA2 - INFO -  >> Metrics: {'time': 0.6365733470302075, 'size': 151164, 'peaq': -3.164, 'im': -1.423}
2025-06-16 18:10:31 - SPEA2 - INFO - 1962º Individual: {'ar': '44100', 'sample_fmt': 's32p', 'compression_level': '2', 'reservoir': '1', 'b:a': '138k', 'abr': 'True'}
2025-06-16 18:10:32 - SPEA2 - INFO -  >> Metrics: {'time': 0.9177380519977305, 'size': 185605, 'peaq': -2.854, 'im': -1.005}
2025-06-16 18:10:32 - SPEA2 - INFO - 1963º Individual: {'ar': '44100', 'sample_fmt': 's16p', 'compression_level': '5', 'reservoir': '1', 'b:a': '126k'}
2025-06-16 18:10:33 - SPEA2 - INFO -  >> Metrics: {'time': 0.9146338400023524, 'size': 182727, 'peaq': -2.851, 'im': -1.001}
2025-06-16 18:10:33 - SPEA2 - INFO - 1964º Individual: {'ar': '44100', 'sample_fmt': 's16p', 'compression_level': '5', 'reservoir': '1', 'b:a': '74k', 'abr': 'True'}
2025-06-16 18:10:34 - SPEA2 - INFO -  >> Metrics: {'time': 0.7595128340180963, 'size': 102532, 'peaq': -3.468, 'im': -1.974}
2025-06-16 18:10:34 - SPEA2 - INFO - 1965º Individual: {'ar': '44100', 'sample_fmt': 's16p', 'compression_level': '2', 'reservoir': '1', 'b:a': '168k', 'abr': 'True'}
2025-06-16 18:10:35 - SPEA2 - INFO -  >> Metrics: {'time': 1.0529851749888621, 'size': 227214, 'peaq': -2.679, 'im': -0.802}
2025-06-16 18:10:35 - SPEA2 - INFO - 1966º Individual: {'ar': '44100', 'sample_fmt': 'fltp', 'compression_level': '0', 'reservoir': '1', 'b:a': '195k', 'abr': 'True'}
2025-06-16 18:10:36 - SPEA2 - INFO -  >> Metrics: {'time': 1.2298955709848087, 'size': 269192, 'peaq': -2.615, 'im': -0.73}
2025-06-16 18:10:36 - SPEA2 - INFO - 1967º Individual: {'ar': '44100', 'sample_fmt': 'fltp', 'compression_level': '0', 'reservoir': '1', 'b:a': '32k', 'abr': 'True'}
2025-06-16 18:10:37 - SPEA2 - INFO -  >> Metrics: {'time': 1.2603547999751754, 'size': 49402, 'peaq': -3.132, 'im': -1.375}
2025-06-16 18:10:37 - SPEA2 - INFO - 1968º Individual: {'ar': '16000', 'sample_fmt': 's16p', 'compression_level': '9', 'reservoir': '1', 'b:a': '261k', 'abr': 'True'}
2025-06-16 18:10:38 - SPEA2 - INFO -  >> Metrics: {'time': 0.6371010129805654, 'size': 225980, 'peaq': -3.766, 'im': -2.926}
2025-06-16 18:10:38 - SPEA2 - INFO - 1969º Individual: {'ar': '32000', 'sample_fmt': 'fltp', 'compression_level': '7', 'reservoir': '0', 'b:a': '106k'}
2025-06-16 18:10:39 - SPEA2 - INFO -  >> Metrics: {'time': 0.85491543597891, 'size': 160352, 'peaq': -3.396, 'im': -1.823}
2025-06-16 18:10:39 - SPEA2 - INFO - 1970º Individual: {'ar': '44100', 'sample_fmt': 'fltp', 'compression_level': '7', 'reservoir': '1', 'b:a': '205k', 'abr': 'True'}
2025-06-16 18:10:40 - SPEA2 - INFO -  >> Metrics: {'time': 0.8724380559870042, 'size': 287168, 'peaq': -2.606, 'im': -0.721}
2025-06-16 18:10:40 - SPEA2 - INFO - 1971º Individual: {'ar': '16000', 'sample_fmt': 'fltp', 'compression_level': '0', 'reservoir': '0', 'aq': '9'}
2025-06-16 18:10:40 - SPEA2 - INFO -  >> Metrics: {'time': 0.7523858650238253, 'size': 66644, 'peaq': -3.818, 'im': -3.218}
2025-06-16 18:10:41 - SPEA2 - INFO - 1972º Individual: {'ar': '44100', 'sample_fmt': 's16p', 'compression_level': '2', 'reservoir': '1', 'b:a': '254k', 'abr': 'True'}
2025-06-16 18:10:42 - SPEA2 - INFO -  >> Metrics: {'time': 1.1952247599838302, 'size': 350007, 'peaq': -2.59, 'im': -0.703}
2025-06-16 18:10:42 - SPEA2 - INFO - 1973º Individual: {'ar': '44100', 'sample_fmt': 's16p', 'compression_level': '5', 'reservoir': '1', 'b:a': '144k', 'abr': 'True'}
2025-06-16 18:10:43 - SPEA2 - INFO -  >> Metrics: {'time': 0.8741139649937395, 'size': 201084, 'peaq': -2.719, 'im': -0.846}
2025-06-16 18:10:43 - SPEA2 - INFO - 1974º Individual: {'ar': '32000', 'sample_fmt': 'fltp', 'compression_level': '2', 'reservoir': '1', 'b:a': '32k'}
2025-06-16 18:10:43 - SPEA2 - INFO -  >> Metrics: {'time': 0.7210551640018821, 'size': 45944, 'peaq': -3.392, 'im': -1.815}
2025-06-16 18:10:43 - SPEA2 - INFO - 1975º Individual: {'ar': '44100', 'sample_fmt': 's32p', 'compression_level': '2', 'reservoir': '1', 'b:a': '142k', 'abr': 'True'}
2025-06-16 18:10:44 - SPEA2 - INFO -  >> Metrics: {'time': 1.135864556999877, 'size': 189863, 'peaq': -2.846, 'im': -0.995}
2025-06-16 18:10:44 - SPEA2 - INFO - 1976º Individual: {'ar': '32000', 'sample_fmt': 's16p', 'compression_level': '7', 'reservoir': '1', 'b:a': '195k', 'abr': 'True'}
2025-06-16 18:10:45 - SPEA2 - INFO -  >> Metrics: {'time': 0.5857709530100692, 'size': 277784, 'peaq': -3.18, 'im': -1.447}
2025-06-16 18:10:45 - SPEA2 - INFO - 1977º Individual: {'ar': '44100', 'sample_fmt': 'fltp', 'compression_level': '0', 'reservoir': '1', 'b:a': '32k', 'abr': 'True'}
2025-06-16 18:10:46 - SPEA2 - INFO -  >> Metrics: {'time': 1.3217383610026445, 'size': 49402, 'peaq': -3.132, 'im': -1.375}
2025-06-16 18:10:46 - SPEA2 - INFO - 1978º Individual: {'ar': '44100', 'sample_fmt': 'fltp', 'compression_level': '7', 'reservoir': '1', 'b:a': '113k', 'abr': 'True'}
2025-06-16 18:10:47 - SPEA2 - INFO -  >> Metrics: {'time': 0.8401117940084077, 'size': 151164, 'peaq': -3.164, 'im': -1.423}
2025-06-16 18:10:47 - SPEA2 - INFO - 1979º Individual: {'ar': '44100', 'sample_fmt': 's16p', 'compression_level': '5', 'reservoir': '1', 'b:a': '127k', 'abr': 'True'}
2025-06-16 18:10:48 - SPEA2 - INFO -  >> Metrics: {'time': 0.8578526850033086, 'size': 174901, 'peaq': -2.868, 'im': -1.022}
2025-06-16 18:10:48 - SPEA2 - INFO - 1980º Individual: {'ar': '32000', 'sample_fmt': 's32p', 'compression_level': '7', 'reservoir': '1', 'b:a': '195k', 'abr': 'True'}
2025-06-16 18:10:49 - SPEA2 - INFO -  >> Metrics: {'time': 0.6865047600003891, 'size': 277856, 'peaq': -3.179, 'im': -1.446}
2025-06-16 18:10:49 - SPEA2 - INFO - 1981º Individual: {'ar': '44100', 'sample_fmt': 's16p', 'compression_level': '2', 'reservoir': '1', 'b:a': '168k', 'abr': 'True'}
2025-06-16 18:10:50 - SPEA2 - INFO -  >> Metrics: {'time': 1.0473592900088988, 'size': 227214, 'peaq': -2.679, 'im': -0.802}
2025-06-16 18:10:50 - SPEA2 - INFO - 1982º Individual: {'ar': '16000', 'sample_fmt': 's32p', 'compression_level': '0', 'reservoir': '1', 'b:a': '141k', 'abr': 'True'}
2025-06-16 18:10:51 - SPEA2 - INFO -  >> Metrics: {'time': 1.1330937720194925, 'size': 117944, 'peaq': -3.765, 'im': -2.92}
2025-06-16 18:10:51 - SPEA2 - INFO - 1983º Individual: {'ar': '44100', 'sample_fmt': 'fltp', 'compression_level': '7', 'reservoir': '1', 'b:a': '32k', 'abr': 'True'}
2025-06-16 18:10:52 - SPEA2 - INFO -  >> Metrics: {'time': 1.1148561559966765, 'size': 49324, 'peaq': -3.35, 'im': -1.734}
2025-06-16 18:10:52 - SPEA2 - INFO - 1984º Individual: {'ar': '16000', 'sample_fmt': 'fltp', 'compression_level': '8', 'reservoir': '0', 'aq': '9'}
2025-06-16 18:10:53 - SPEA2 - INFO -  >> Metrics: {'time': 1.048853636981221, 'size': 68300, 'peaq': -3.805, 'im': -3.135}
2025-06-16 18:10:53 - SPEA2 - INFO - 1985º Individual: {'ar': '44100', 'sample_fmt': 'fltp', 'compression_level': '7', 'reservoir': '1', 'b:a': '195k'}
2025-06-16 18:10:54 - SPEA2 - INFO -  >> Metrics: {'time': 0.7556261420249939, 'size': 274051, 'peaq': -2.63, 'im': -0.747}
2025-06-16 18:10:54 - SPEA2 - INFO - 1986º Individual: {'ar': '16000', 'sample_fmt': 'fltp', 'compression_level': '7', 'reservoir': '0', 'aq': '9'}
2025-06-16 18:10:55 - SPEA2 - INFO -  >> Metrics: {'time': 1.0516799480246846, 'size': 68300, 'peaq': -3.805, 'im': -3.135}
2025-06-16 18:10:55 - SPEA2 - INFO - 1987º Individual: {'ar': '44100', 'sample_fmt': 'fltp', 'compression_level': '5', 'reservoir': '1', 'b:a': '247k', 'abr': 'True'}
2025-06-16 18:10:56 - SPEA2 - INFO -  >> Metrics: {'time': 1.0569876580266282, 'size': 351467, 'peaq': -2.593, 'im': -0.707}
2025-06-16 18:10:56 - SPEA2 - INFO - 1988º Individual: {'ar': '16000', 'sample_fmt': 'fltp', 'compression_level': '5', 'reservoir': '1', 'b:a': '32k', 'abr': 'True'}
2025-06-16 18:10:57 - SPEA2 - INFO -  >> Metrics: {'time': 0.8942250319814775, 'size': 44468, 'peaq': -3.404, 'im': -1.84}
2025-06-16 18:10:57 - SPEA2 - INFO - 1989º Individual: {'ar': '44100', 'sample_fmt': 's16p', 'compression_level': '9', 'reservoir': '1', 'b:a': '143k', 'abr': 'True'}
2025-06-16 18:10:58 - SPEA2 - INFO -  >> Metrics: {'time': 0.9329789140319917, 'size': 195471, 'peaq': -2.799, 'im': -0.939}
2025-06-16 18:10:58 - SPEA2 - INFO - 1990º Individual: {'ar': '44100', 'sample_fmt': 'fltp', 'compression_level': '7', 'reservoir': '1', 'b:a': '32k', 'abr': 'True'}
2025-06-16 18:10:59 - SPEA2 - INFO -  >> Metrics: {'time': 1.076082168990979, 'size': 49324, 'peaq': -3.35, 'im': -1.734}
2025-06-16 18:10:59 - SPEA2 - INFO - 1991º Individual: {'ar': '16000', 'sample_fmt': 'fltp', 'compression_level': '7', 'reservoir': '0', 'aq': '9'}
2025-06-16 18:11:00 - SPEA2 - INFO -  >> Metrics: {'time': 0.74752700998215, 'size': 68300, 'peaq': -3.805, 'im': -3.135}
2025-06-16 18:11:00 - SPEA2 - INFO - 1992º Individual: {'ar': '44100', 'sample_fmt': 'fltp', 'compression_level': '0', 'reservoir': '1', 'b:a': '193k', 'abr': 'True'}
2025-06-16 18:11:01 - SPEA2 - INFO -  >> Metrics: {'time': 1.2722262080060318, 'size': 266901, 'peaq': -2.621, 'im': -0.737}
2025-06-16 18:11:01 - SPEA2 - INFO - 1993º Individual: {'ar': '44100', 'sample_fmt': 'fltp', 'compression_level': '5', 'reservoir': '1', 'b:a': '126k', 'abr': 'True'}
2025-06-16 18:11:02 - SPEA2 - INFO -  >> Metrics: {'time': 1.3728768349974416, 'size': 173439, 'peaq': -2.868, 'im': -1.022}
2025-06-16 18:11:02 - SPEA2 - INFO - 1994º Individual: {'ar': '16000', 'sample_fmt': 'fltp', 'compression_level': '8', 'reservoir': '1', 'b:a': '32k', 'abr': 'True'}
2025-06-16 18:11:03 - SPEA2 - INFO -  >> Metrics: {'time': 0.9743867439974565, 'size': 43856, 'peaq': -3.448, 'im': -1.93}
2025-06-16 18:11:03 - SPEA2 - INFO - 1995º Individual: {'ar': '44100', 'sample_fmt': 'fltp', 'compression_level': '7', 'reservoir': '1', 'b:a': '137k', 'abr': 'True'}
2025-06-16 18:11:04 - SPEA2 - INFO -  >> Metrics: {'time': 0.9342551360023208, 'size': 186596, 'peaq': -2.864, 'im': -1.016}
2025-06-16 18:11:04 - SPEA2 - INFO - 1996º Individual: {'ar': '44100', 'sample_fmt': 'fltp', 'compression_level': '7', 'reservoir': '1', 'b:a': '261k', 'abr': 'True'}
2025-06-16 18:11:05 - SPEA2 - INFO -  >> Metrics: {'time': 1.0477413749904372, 'size': 369068, 'peaq': -2.601, 'im': -0.716}
2025-06-16 18:11:05 - SPEA2 - INFO - 1997º Individual: {'ar': '32000', 'sample_fmt': 's16p', 'compression_level': '7', 'reservoir': '1', 'b:a': '254k'}
2025-06-16 18:11:06 - SPEA2 - INFO -  >> Metrics: {'time': 0.7384163019887637, 'size': 366416, 'peaq': -3.175, 'im': -1.439}
2025-06-16 18:11:06 - SPEA2 - INFO - 1998º Individual: {'ar': '44100', 'sample_fmt': 's32p', 'compression_level': '9', 'reservoir': '1', 'b:a': '167k', 'abr': 'True'}
2025-06-16 18:11:07 - SPEA2 - INFO -  >> Metrics: {'time': 0.7466385939915199, 'size': 230668, 'peaq': -2.687, 'im': -0.81}
2025-06-16 18:11:07 - SPEA2 - INFO - 1999º Individual: {'ar': '44100', 'sample_fmt': 'fltp', 'compression_level': '0', 'reservoir': '1', 'b:a': '191k', 'abr': 'True'}
2025-06-16 18:11:08 - SPEA2 - INFO -  >> Metrics: {'time': 1.2227735279884655, 'size': 264712, 'peaq': -2.628, 'im': -0.745}
2025-06-16 18:11:08 - SPEA2 - INFO - 2000º Individual: {'ar': '44100', 'sample_fmt': 'fltp', 'compression_level': '0', 'reservoir': '1', 'b:a': '194k', 'abr': 'True'}
2025-06-16 18:11:09 - SPEA2 - INFO -  >> Metrics: {'time': 1.1324778989946935, 'size': 268043, 'peaq': -2.621, 'im': -0.737}
2025-06-16 18:11:09 - SPEA2 - INFO - 2001º Individual: {'ar': '32000', 'sample_fmt': 'fltp', 'compression_level': '7', 'reservoir': '1', 'b:a': '109k'}
2025-06-16 18:11:10 - SPEA2 - INFO -  >> Metrics: {'time': 0.6144682660233229, 'size': 160352, 'peaq': -3.405, 'im': -1.841}
2025-06-16 18:11:10 - SPEA2 - INFO - 2002º Individual: {'ar': '44100', 'sample_fmt': 's32p', 'compression_level': '0', 'reservoir': '1', 'b:a': '261k', 'abr': 'True'}
2025-06-16 18:11:11 - SPEA2 - INFO -  >> Metrics: {'time': 1.1455467689665966, 'size': 353754, 'peaq': -2.583, 'im': -0.697}
2025-06-16 18:11:11 - SPEA2 - INFO - 2003º Individual: {'ar': '12000', 'sample_fmt': 'fltp', 'compression_level': '9', 'reservoir': '1', 'b:a': '128k', 'abr': 'True'}
2025-06-16 18:11:12 - SPEA2 - INFO -  >> Metrics: {'time': 0.5679282939818222, 'size': 90464, 'peaq': -3.742, 'im': -2.811}
2025-06-16 18:11:12 - SPEA2 - INFO - 2004º Individual: {'ar': '44100', 'sample_fmt': 'fltp', 'compression_level': '9', 'reservoir': '1', 'b:a': '127k', 'abr': 'True'}
2025-06-16 18:11:12 - SPEA2 - INFO -  >> Metrics: {'time': 0.6111849259759765, 'size': 171880, 'peaq': -2.955, 'im': -1.131}
2025-06-16 18:11:12 - SPEA2 - INFO - 2005º Individual: {'ar': '44100', 'sample_fmt': 's32p', 'compression_level': '3', 'reservoir': '1', 'b:a': '192k', 'abr': 'True'}
2025-06-16 18:11:13 - SPEA2 - INFO -  >> Metrics: {'time': 0.7585065030143596, 'size': 267526, 'peaq': -2.618, 'im': -0.734}
2025-06-16 18:11:13 - SPEA2 - INFO - 2006º Individual: {'ar': '44100', 'sample_fmt': 'fltp', 'compression_level': '5', 'reservoir': '1', 'b:a': '253k', 'abr': 'True'}
2025-06-16 18:11:14 - SPEA2 - INFO -  >> Metrics: {'time': 0.709069916018052, 'size': 358334, 'peaq': -2.586, 'im': -0.699}
2025-06-16 18:11:14 - SPEA2 - INFO - 2007º Individual: {'ar': '44100', 'sample_fmt': 'fltp', 'compression_level': '0', 'reservoir': '1', 'b:a': '32k', 'abr': 'True'}
2025-06-16 18:11:15 - SPEA2 - INFO -  >> Metrics: {'time': 1.0860393490293063, 'size': 49402, 'peaq': -3.132, 'im': -1.375}
2025-06-16 18:11:15 - SPEA2 - INFO - 2008º Individual: {'ar': '44100', 'sample_fmt': 's32p', 'compression_level': '2', 'reservoir': '1', 'b:a': '168k', 'abr': 'True'}
2025-06-16 18:11:16 - SPEA2 - INFO -  >> Metrics: {'time': 0.953485152014764, 'size': 227484, 'peaq': -2.678, 'im': -0.8}
2025-06-16 18:11:16 - SPEA2 - INFO - 2009º Individual: {'ar': '32000', 'sample_fmt': 's16p', 'compression_level': '5', 'reservoir': '1', 'b:a': '102k', 'abr': 'True'}
2025-06-16 18:11:17 - SPEA2 - INFO -  >> Metrics: {'time': 0.6819590060040355, 'size': 141524, 'peaq': -3.38, 'im': -1.791}
2025-06-16 18:11:17 - SPEA2 - INFO - 2010º Individual: {'ar': '44100', 'sample_fmt': 's32p', 'compression_level': '5', 'reservoir': '1', 'b:a': '141k', 'abr': 'True'}
2025-06-16 18:11:17 - SPEA2 - INFO -  >> Metrics: {'time': 0.7538315989950206, 'size': 193481, 'peaq': -2.791, 'im': -0.929}
2025-06-16 18:11:17 - SPEA2 - INFO - 2011º Individual: {'ar': '44100', 'sample_fmt': 'fltp', 'compression_level': '7', 'reservoir': '1', 'b:a': '167k'}
2025-06-16 18:11:18 - SPEA2 - INFO -  >> Metrics: {'time': 0.6236698489810806, 'size': 228390, 'peaq': -2.691, 'im': -0.815}
2025-06-16 18:11:18 - SPEA2 - INFO - 2012º Individual: {'ar': '44100', 'sample_fmt': 's16p', 'compression_level': '2', 'reservoir': '1', 'b:a': '168k', 'abr': 'True'}
2025-06-16 18:11:19 - SPEA2 - INFO -  >> Metrics: {'time': 0.9246638719923794, 'size': 227214, 'peaq': -2.679, 'im': -0.802}
2025-06-16 18:11:19 - SPEA2 - INFO - 2013º Individual: {'ar': '44100', 'sample_fmt': 'fltp', 'compression_level': '8', 'reservoir': '0', 'aq': '9'}
2025-06-16 18:11:19 - SPEA2 - INFO -  >> Metrics: {'time': 0.6076253360079136, 'size': 106367, 'peaq': -3.314, 'im': -1.668}
2025-06-16 18:11:19 - SPEA2 - INFO - 2014º Individual: {'ar': '44100', 'sample_fmt': 'fltp', 'compression_level': '9', 'reservoir': '1', 'b:a': '128k', 'abr': 'True'}
2025-06-16 18:11:20 - SPEA2 - INFO -  >> Metrics: {'time': 0.6998898989986628, 'size': 173388, 'peaq': -2.937, 'im': -1.108}
2025-06-16 18:11:20 - SPEA2 - INFO - 2015º Individual: {'ar': '44100', 'sample_fmt': 's32p', 'compression_level': '7', 'reservoir': '1', 'b:a': '107k'}
2025-06-16 18:11:21 - SPEA2 - INFO -  >> Metrics: {'time': 0.770055547967786, 'size': 159896, 'peaq': -3.068, 'im': -1.283}
2025-06-16 18:11:21 - SPEA2 - INFO - 2016º Individual: {'ar': '32000', 'sample_fmt': 'fltp', 'compression_level': '7', 'reservoir': '1', 'b:a': '254k', 'abr': 'True'}
2025-06-16 18:11:22 - SPEA2 - INFO -  >> Metrics: {'time': 0.8341439599753357, 'size': 360512, 'peaq': -3.174, 'im': -1.437}
2025-06-16 18:11:22 - SPEA2 - INFO - 2017º Individual: {'ar': '44100', 'sample_fmt': 's16p', 'compression_level': '2', 'reservoir': '1', 'b:a': '32k', 'abr': 'True'}
2025-06-16 18:11:23 - SPEA2 - INFO -  >> Metrics: {'time': 0.7828329379844945, 'size': 48960, 'peaq': -3.293, 'im': -1.632}
2025-06-16 18:11:23 - SPEA2 - INFO - 2018º Individual: {'ar': '44100', 'sample_fmt': 's32p', 'compression_level': '0', 'reservoir': '1', 'b:a': '192k', 'abr': 'True'}
2025-06-16 18:11:24 - SPEA2 - INFO -  >> Metrics: {'time': 1.2399264109844808, 'size': 265650, 'peaq': -2.623, 'im': -0.74}
2025-06-16 18:11:24 - SPEA2 - INFO - 2019º Individual: {'ar': '44100', 'sample_fmt': 's16p', 'compression_level': '5', 'reservoir': '1', 'b:a': '32k'}
2025-06-16 18:11:25 - SPEA2 - INFO -  >> Metrics: {'time': 0.7062286479922477, 'size': 45846, 'peaq': -3.296, 'im': -1.637}
2025-06-16 18:11:25 - SPEA2 - INFO - 2020º Individual: {'ar': '44100', 'sample_fmt': 's32p', 'compression_level': '2', 'reservoir': '1', 'b:a': '103k', 'abr': 'True'}
2025-06-16 18:11:25 - SPEA2 - INFO -  >> Metrics: {'time': 0.8620249610103201, 'size': 138214, 'peaq': -3.327, 'im': -1.693}
2025-06-16 18:11:25 - SPEA2 - INFO - 2021º Individual: {'ar': '44100', 'sample_fmt': 's16p', 'compression_level': '5', 'reservoir': '1', 'b:a': '102k', 'abr': 'True'}
2025-06-16 18:11:26 - SPEA2 - INFO -  >> Metrics: {'time': 0.7315719719917979, 'size': 139099, 'peaq': -3.191, 'im': -1.465}
2025-06-16 18:11:26 - SPEA2 - INFO - 2022º Individual: {'ar': '44100', 'sample_fmt': 'fltp', 'compression_level': '5', 'reservoir': '1', 'b:a': '97k', 'abr': 'True'}
2025-06-16 18:11:27 - SPEA2 - INFO -  >> Metrics: {'time': 0.7241169910121243, 'size': 132546, 'peaq': -3.279, 'im': -1.607}
2025-06-16 18:11:27 - SPEA2 - INFO - 2023º Individual: {'ar': '44100', 'sample_fmt': 's16p', 'compression_level': '5', 'reservoir': '1', 'b:a': '108k', 'abr': 'True'}
2025-06-16 18:11:28 - SPEA2 - INFO -  >> Metrics: {'time': 0.7241796019952744, 'size': 147211, 'peaq': -3.095, 'im': -1.321}
2025-06-16 18:11:28 - SPEA2 - INFO - 2024º Individual: {'ar': '44100', 'sample_fmt': 's32p', 'compression_level': '7', 'reservoir': '1', 'b:a': '168k'}
2025-06-16 18:11:28 - SPEA2 - INFO -  >> Metrics: {'time': 0.6564182200236246, 'size': 228390, 'peaq': -2.692, 'im': -0.815}
2025-06-16 18:11:28 - SPEA2 - INFO - 2025º Individual: {'ar': '44100', 'sample_fmt': 's32p', 'compression_level': '7', 'reservoir': '1', 'b:a': '89k'}
2025-06-16 18:11:29 - SPEA2 - INFO -  >> Metrics: {'time': 0.6674879390047863, 'size': 137066, 'peaq': -3.284, 'im': -1.617}
2025-06-16 18:11:29 - SPEA2 - INFO - 2026º Individual: {'ar': '44100', 'sample_fmt': 's32p', 'compression_level': '2', 'reservoir': '1', 'b:a': '104k', 'abr': 'True'}
2025-06-16 18:11:30 - SPEA2 - INFO -  >> Metrics: {'time': 0.8637929990072735, 'size': 139671, 'peaq': -3.312, 'im': -1.666}
2025-06-16 18:11:30 - SPEA2 - INFO - 2027º Individual: {'ar': '44100', 'sample_fmt': 'fltp', 'compression_level': '5', 'reservoir': '1', 'b:a': '143k', 'abr': 'True'}
2025-06-16 18:11:31 - SPEA2 - INFO -  >> Metrics: {'time': 0.8220842499868013, 'size': 196055, 'peaq': -2.772, 'im': -0.907}
2025-06-16 18:11:31 - SPEA2 - INFO - 2028º Individual: {'ar': '32000', 'sample_fmt': 'fltp', 'compression_level': '7', 'reservoir': '1', 'b:a': '32k'}
2025-06-16 18:11:31 - SPEA2 - INFO -  >> Metrics: {'time': 0.6428071560221724, 'size': 45944, 'peaq': -3.434, 'im': -1.9}
2025-06-16 18:11:31 - SPEA2 - INFO - 2029º Individual: {'ar': '44100', 'sample_fmt': 's16p', 'compression_level': '7', 'reservoir': '1', 'b:a': '32k'}
2025-06-16 18:11:32 - SPEA2 - INFO -  >> Metrics: {'time': 0.7684299370157532, 'size': 45846, 'peaq': -3.291, 'im': -1.629}
2025-06-16 18:11:32 - SPEA2 - INFO - 2030º Individual: {'ar': '44100', 'sample_fmt': 's16p', 'compression_level': '5', 'reservoir': '1', 'b:a': '126k', 'abr': 'True'}
2025-06-16 18:11:33 - SPEA2 - INFO -  >> Metrics: {'time': 0.7945764460018836, 'size': 173441, 'peaq': -2.878, 'im': -1.034}
2025-06-16 18:11:33 - SPEA2 - INFO - 2031º Individual: {'ar': '44100', 'sample_fmt': 's16p', 'compression_level': '9', 'reservoir': '1', 'b:a': '261k', 'abr': 'True'}
2025-06-16 18:11:34 - SPEA2 - INFO -  >> Metrics: {'time': 0.6720656219695229, 'size': 368865, 'peaq': -2.596, 'im': -0.71}
2025-06-16 18:11:34 - SPEA2 - INFO - 2032º Individual: {'ar': '44100', 'sample_fmt': 'fltp', 'compression_level': '5', 'reservoir': '1', 'b:a': '143k', 'abr': 'True'}
2025-06-16 18:11:34 - SPEA2 - INFO -  >> Metrics: {'time': 0.7358421399840154, 'size': 196055, 'peaq': -2.772, 'im': -0.907}
2025-06-16 18:11:34 - SPEA2 - INFO - 2033º Individual: {'ar': '44100', 'sample_fmt': 's16p', 'compression_level': '2', 'reservoir': '1', 'b:a': '168k', 'abr': 'True'}
2025-06-16 18:11:35 - SPEA2 - INFO -  >> Metrics: {'time': 1.0378463500237558, 'size': 227214, 'peaq': -2.679, 'im': -0.802}
2025-06-16 18:11:35 - SPEA2 - INFO - 2034º Individual: {'ar': '32000', 'sample_fmt': 's16p', 'compression_level': '7', 'reservoir': '1', 'b:a': '251k', 'abr': 'True'}
2025-06-16 18:11:36 - SPEA2 - INFO -  >> Metrics: {'time': 0.7784858230152167, 'size': 356336, 'peaq': -3.171, 'im': -1.432}
2025-06-16 18:11:36 - SPEA2 - INFO - 2035º Individual: {'ar': '44100', 'sample_fmt': 'fltp', 'compression_level': '5', 'reservoir': '1', 'b:a': '97k', 'abr': 'True'}
2025-06-16 18:11:37 - SPEA2 - INFO -  >> Metrics: {'time': 0.8345923839951865, 'size': 132546, 'peaq': -3.279, 'im': -1.607}
2025-06-16 18:11:37 - SPEA2 - INFO - 2036º Individual: {'ar': '44100', 'sample_fmt': 'fltp', 'compression_level': '5', 'reservoir': '1', 'b:a': '253k', 'abr': 'True'}
2025-06-16 18:11:38 - SPEA2 - INFO -  >> Metrics: {'time': 0.7231851440155879, 'size': 358334, 'peaq': -2.586, 'im': -0.699}
2025-06-16 18:11:38 - SPEA2 - INFO - 2037º Individual: {'ar': '44100', 'sample_fmt': 's16p', 'compression_level': '9', 'reservoir': '1', 'b:a': '194k', 'abr': 'True'}
2025-06-16 18:11:38 - SPEA2 - INFO -  >> Metrics: {'time': 0.684753429988632, 'size': 271695, 'peaq': -2.62, 'im': -0.736}
2025-06-16 18:11:38 - SPEA2 - INFO - 2038º Individual: {'ar': '44100', 'sample_fmt': 'fltp', 'compression_level': '0', 'reservoir': '1', 'b:a': '32k', 'abr': 'True'}
2025-06-16 18:11:40 - SPEA2 - INFO -  >> Metrics: {'time': 1.154846265038941, 'size': 49402, 'peaq': -3.132, 'im': -1.375}
2025-06-16 18:11:40 - SPEA2 - INFO - 2039º Individual: {'ar': '44100', 'sample_fmt': 's32p', 'compression_level': '9', 'reservoir': '1', 'b:a': '194k', 'abr': 'True'}
2025-06-16 18:11:40 - SPEA2 - INFO -  >> Metrics: {'time': 0.6593350880139042, 'size': 271799, 'peaq': -2.623, 'im': -0.74}
2025-06-16 18:11:40 - SPEA2 - INFO - 2040º Individual: {'ar': '44100', 'sample_fmt': 's16p', 'compression_level': '2', 'reservoir': '1', 'b:a': '168k', 'abr': 'True'}
2025-06-16 18:11:41 - SPEA2 - INFO -  >> Metrics: {'time': 0.950690816011047, 'size': 227214, 'peaq': -2.679, 'im': -0.802}
2025-06-16 18:11:41 - SPEA2 - INFO - 2041º Individual: {'ar': '44100', 'sample_fmt': 's32p', 'compression_level': '9', 'reservoir': '1', 'b:a': '194k', 'abr': 'True'}
2025-06-16 18:11:42 - SPEA2 - INFO -  >> Metrics: {'time': 0.6314358770032413, 'size': 271799, 'peaq': -2.623, 'im': -0.74}
2025-06-16 18:11:42 - SPEA2 - INFO - 2042º Individual: {'ar': '44100', 'sample_fmt': 's32p', 'compression_level': '2', 'reservoir': '1', 'b:a': '143k', 'abr': 'True'}
2025-06-16 18:11:43 - SPEA2 - INFO -  >> Metrics: {'time': 0.8675846369878855, 'size': 190907, 'peaq': -2.837, 'im': -0.984}
2025-06-16 18:11:43 - SPEA2 - INFO - 2043º Individual: {'ar': '32000', 'sample_fmt': 'fltp', 'compression_level': '7', 'reservoir': '0', 'b:a': '168k'}
2025-06-16 18:11:43 - SPEA2 - INFO -  >> Metrics: {'time': 0.5792900430096779, 'size': 229040, 'peaq': -3.202, 'im': -1.481}
2025-06-16 18:11:43 - SPEA2 - INFO - 2044º Individual: {'ar': '44100', 'sample_fmt': 's16p', 'compression_level': '5', 'reservoir': '1', 'b:a': '103k', 'abr': 'True'}
2025-06-16 18:11:44 - SPEA2 - INFO -  >> Metrics: {'time': 0.7277023640053812, 'size': 140451, 'peaq': -3.161, 'im': -1.418}
2025-06-16 18:11:44 - SPEA2 - INFO - 2045º Individual: {'ar': '44100', 'sample_fmt': 's32p', 'compression_level': '0', 'reservoir': '1', 'b:a': '108k', 'abr': 'True'}
2025-06-16 18:11:45 - SPEA2 - INFO -  >> Metrics: {'time': 1.2496972930093762, 'size': 146119, 'peaq': -3.238, 'im': -1.539}
2025-06-16 18:11:45 - SPEA2 - INFO - 2046º Individual: {'ar': '16000', 'sample_fmt': 's32p', 'compression_level': '0', 'reservoir': '1', 'b:a': '92k', 'abr': 'True'}
2025-06-16 18:11:46 - SPEA2 - INFO -  >> Metrics: {'time': 0.9587344809842762, 'size': 92132, 'peaq': -3.813, 'im': -3.181}
2025-06-16 18:11:46 - SPEA2 - INFO - 2047º Individual: {'ar': '32000', 'sample_fmt': 'fltp', 'compression_level': '7', 'reservoir': '1', 'b:a': '164k', 'abr': 'True'}
2025-06-16 18:11:47 - SPEA2 - INFO -  >> Metrics: {'time': 0.5985418380296323, 'size': 231488, 'peaq': -3.194, 'im': -1.468}
2025-06-16 18:11:47 - SPEA2 - INFO - 2048º Individual: {'ar': '44100', 'sample_fmt': 's32p', 'compression_level': '7', 'reservoir': '1', 'b:a': '168k'}
2025-06-16 18:11:48 - SPEA2 - INFO -  >> Metrics: {'time': 0.6827125130221248, 'size': 228390, 'peaq': -2.692, 'im': -0.815}
2025-06-16 18:11:48 - SPEA2 - INFO - 2049º Individual: {'ar': '44100', 'sample_fmt': 'fltp', 'compression_level': '5', 'reservoir': '1', 'b:a': '126k', 'abr': 'True'}
2025-06-16 18:11:48 - SPEA2 - INFO -  >> Metrics: {'time': 0.731360151025001, 'size': 173439, 'peaq': -2.868, 'im': -1.022}
2025-06-16 18:11:48 - SPEA2 - INFO - 2050º Individual: {'ar': '44100', 'sample_fmt': 'fltp', 'compression_level': '5', 'reservoir': '1', 'b:a': '97k', 'abr': 'True'}
2025-06-16 18:11:49 - SPEA2 - INFO -  >> Metrics: {'time': 0.6861639049893711, 'size': 132546, 'peaq': -3.279, 'im': -1.607}
2025-06-16 18:11:49 - SPEA2 - INFO - 2051º Individual: {'ar': '16000', 'sample_fmt': 's32p', 'compression_level': '8', 'reservoir': '1', 'b:a': '86k', 'abr': 'True'}
2025-06-16 18:11:50 - SPEA2 - INFO -  >> Metrics: {'time': 0.5460948710097, 'size': 122588, 'peaq': -3.714, 'im': -2.693}
2025-06-16 18:11:50 - SPEA2 - INFO - 2052º Individual: {'ar': '12000', 'sample_fmt': 'fltp', 'compression_level': '7', 'reservoir': '1', 'b:a': '103k'}
2025-06-16 18:11:50 - SPEA2 - INFO -  >> Metrics: {'time': 0.5609885200101417, 'size': 92432, 'peaq': -3.742, 'im': -2.811}
2025-06-16 18:11:50 - SPEA2 - INFO - 2053º Individual: {'ar': '44100', 'sample_fmt': 'fltp', 'compression_level': '7', 'reservoir': '1', 'b:a': '164k'}
2025-06-16 18:11:51 - SPEA2 - INFO -  >> Metrics: {'time': 0.6992259720282163, 'size': 228390, 'peaq': -2.691, 'im': -0.815}
2025-06-16 18:11:51 - SPEA2 - INFO - 2054º Individual: {'ar': '44100', 'sample_fmt': 's32p', 'compression_level': '5', 'reservoir': '1', 'b:a': '141k', 'abr': 'True'}
2025-06-16 18:11:52 - SPEA2 - INFO -  >> Metrics: {'time': 0.8918302030069754, 'size': 193481, 'peaq': -2.791, 'im': -0.929}
2025-06-16 18:11:52 - SPEA2 - INFO - 2055º Individual: {'ar': '44100', 'sample_fmt': 'fltp', 'compression_level': '9', 'reservoir': '1', 'b:a': '264k'}
2025-06-16 18:11:52 - SPEA2 - INFO -  >> Metrics: {'time': 0.619286598986946, 'size': 365375, 'peaq': -2.605, 'im': -0.72}
2025-06-16 18:11:52 - SPEA2 - INFO - 2056º Individual: {'ar': '16000', 'sample_fmt': 's16p', 'compression_level': '8', 'reservoir': '1', 'b:a': '254k', 'abr': 'True'}
2025-06-16 18:11:53 - SPEA2 - INFO -  >> Metrics: {'time': 0.5324295440223068, 'size': 225980, 'peaq': -3.766, 'im': -2.926}
2025-06-16 18:11:53 - SPEA2 - INFO - 2057º Individual: {'ar': '44100', 'sample_fmt': 's16p', 'compression_level': '2', 'reservoir': '1', 'aq': '9'}
2025-06-16 18:11:54 - SPEA2 - INFO -  >> Metrics: {'time': 0.6314399639959447, 'size': 106308, 'peaq': -3.341, 'im': -1.719}
2025-06-16 18:11:54 - SPEA2 - INFO - 2058º Individual: {'ar': '44100', 'sample_fmt': 'fltp', 'compression_level': '7', 'reservoir': '1', 'b:a': '195k', 'abr': 'True'}
2025-06-16 18:11:54 - SPEA2 - INFO -  >> Metrics: {'time': 0.6520108850090764, 'size': 273256, 'peaq': -2.621, 'im': -0.737}
2025-06-16 18:11:54 - SPEA2 - INFO - 2059º Individual: {'ar': '44100', 'sample_fmt': 'fltp', 'compression_level': '9', 'reservoir': '1', 'b:a': '127k', 'abr': 'True'}
2025-06-16 18:11:55 - SPEA2 - INFO -  >> Metrics: {'time': 0.6041672359860968, 'size': 171880, 'peaq': -2.955, 'im': -1.131}
2025-06-16 18:11:55 - SPEA2 - INFO - 2060º Individual: {'ar': '44100', 'sample_fmt': 's16p', 'compression_level': '0', 'reservoir': '1', 'b:a': '195k', 'abr': 'True'}
2025-06-16 18:11:56 - SPEA2 - INFO -  >> Metrics: {'time': 1.1955085140070878, 'size': 269294, 'peaq': -2.623, 'im': -0.74}
2025-06-16 18:11:56 - SPEA2 - INFO - 2061º Individual: {'ar': '44100', 'sample_fmt': 'fltp', 'compression_level': '2', 'reservoir': '1', 'b:a': '254k', 'abr': 'True'}
2025-06-16 18:11:57 - SPEA2 - INFO -  >> Metrics: {'time': 0.863637907023076, 'size': 350320, 'peaq': -2.588, 'im': -0.701}
2025-06-16 18:11:57 - SPEA2 - INFO - 2062º Individual: {'ar': '16000', 'sample_fmt': 's32p', 'compression_level': '0', 'reservoir': '1', 'b:a': '143k', 'abr': 'True'}
2025-06-16 18:11:58 - SPEA2 - INFO -  >> Metrics: {'time': 0.9721050559892319, 'size': 120032, 'peaq': -3.765, 'im': -2.921}
2025-06-16 18:11:58 - SPEA2 - INFO - 2063º Individual: {'ar': '44100', 'sample_fmt': 's32p', 'compression_level': '7', 'reservoir': '1', 'b:a': '107k'}
2025-06-16 18:11:59 - SPEA2 - INFO -  >> Metrics: {'time': 0.7046226960083004, 'size': 159896, 'peaq': -3.068, 'im': -1.283}
2025-06-16 18:11:59 - SPEA2 - INFO - 2064º Individual: {'ar': '44100', 'sample_fmt': 's32p', 'compression_level': '5', 'reservoir': '1', 'b:a': '143k', 'abr': 'True'}
2025-06-16 18:11:59 - SPEA2 - INFO -  >> Metrics: {'time': 0.8979747300036252, 'size': 196003, 'peaq': -2.771, 'im': -0.906}
2025-06-16 18:11:59 - SPEA2 - INFO - 2065º Individual: {'ar': '16000', 'sample_fmt': 'fltp', 'compression_level': '0', 'reservoir': '0', 'aq': '9'}
2025-06-16 18:12:00 - SPEA2 - INFO -  >> Metrics: {'time': 0.7353514029819053, 'size': 66644, 'peaq': -3.818, 'im': -3.218}
2025-06-16 18:12:00 - SPEA2 - INFO - 2066º Individual: {'ar': '44100', 'sample_fmt': 's16p', 'compression_level': '5', 'reservoir': '1', 'b:a': '143k', 'abr': 'True'}
2025-06-16 18:12:02 - SPEA2 - INFO -  >> Metrics: {'time': 1.640147256985074, 'size': 196054, 'peaq': -2.768, 'im': -0.902}
2025-06-16 18:12:02 - SPEA2 - INFO - 2067º Individual: {'ar': '44100', 'sample_fmt': 's16p', 'compression_level': '5', 'reservoir': '1', 'b:a': '103k', 'abr': 'True'}
2025-06-16 18:12:03 - SPEA2 - INFO -  >> Metrics: {'time': 1.2382456600025762, 'size': 140451, 'peaq': -3.161, 'im': -1.418}
2025-06-16 18:12:03 - SPEA2 - INFO - 2068º Individual: {'ar': '44100', 'sample_fmt': 's32p', 'compression_level': '0', 'reservoir': '1', 'b:a': '32k', 'abr': 'True'}
2025-06-16 18:12:05 - SPEA2 - INFO -  >> Metrics: {'time': 1.427611603983678, 'size': 49402, 'peaq': -3.132, 'im': -1.375}
2025-06-16 18:12:05 - SPEA2 - INFO - 2069º Individual: {'ar': '44100', 'sample_fmt': 'fltp', 'compression_level': '1', 'reservoir': '1', 'b:a': '193k', 'abr': 'True'}
2025-06-16 18:12:06 - SPEA2 - INFO -  >> Metrics: {'time': 1.4575920960342046, 'size': 268568, 'peaq': -2.622, 'im': -0.739}
2025-06-16 18:12:06 - SPEA2 - INFO - 2070º Individual: {'ar': '16000', 'sample_fmt': 'fltp', 'compression_level': '5', 'reservoir': '1', 'b:a': '32k', 'abr': 'True'}
2025-06-16 18:12:07 - SPEA2 - INFO -  >> Metrics: {'time': 1.0799634229915682, 'size': 44468, 'peaq': -3.404, 'im': -1.84}
2025-06-16 18:12:07 - SPEA2 - INFO - 2071º Individual: {'ar': '44100', 'sample_fmt': 'fltp', 'compression_level': '7', 'reservoir': '1', 'b:a': '113k', 'abr': 'True'}
2025-06-16 18:12:08 - SPEA2 - INFO -  >> Metrics: {'time': 0.7298922269837931, 'size': 151164, 'peaq': -3.164, 'im': -1.423}
2025-06-16 18:12:08 - SPEA2 - INFO - 2072º Individual: {'ar': '48000', 'sample_fmt': 'fltp', 'compression_level': '9', 'reservoir': '1', 'b:a': '126k', 'abr': 'True'}
2025-06-16 18:12:09 - SPEA2 - INFO -  >> Metrics: {'time': 0.7472873910155613, 'size': 169520, 'peaq': -3.672, 'im': -2.536}
2025-06-16 18:12:09 - SPEA2 - INFO - 2073º Individual: {'ar': '44100', 'sample_fmt': 'fltp', 'compression_level': '5', 'reservoir': '1', 'b:a': '126k', 'abr': 'True'}
2025-06-16 18:12:09 - SPEA2 - INFO -  >> Metrics: {'time': 0.8781151850125752, 'size': 173439, 'peaq': -2.868, 'im': -1.022}
2025-06-16 18:12:09 - SPEA2 - INFO - 2074º Individual: {'ar': '44100', 'sample_fmt': 'fltp', 'compression_level': '0', 'reservoir': '1', 'b:a': '168k'}
2025-06-16 18:12:12 - SPEA2 - INFO -  >> Metrics: {'time': 2.2016329129983205, 'size': 228390, 'peaq': -2.7, 'im': -0.825}
2025-06-16 18:12:12 - SPEA2 - INFO - 2075º Individual: {'ar': '44100', 'sample_fmt': 'fltp', 'compression_level': '9', 'reservoir': '0', 'b:a': '127k', 'abr': 'True'}
2025-06-16 18:12:12 - SPEA2 - INFO -  >> Metrics: {'time': 0.7769802309921943, 'size': 187509, 'peaq': -2.955, 'im': -1.131}
2025-06-16 18:12:12 - SPEA2 - INFO - 2076º Individual: {'ar': '16000', 'sample_fmt': 'fltp', 'compression_level': '0', 'reservoir': '1', 'b:a': '32k', 'abr': 'True'}
2025-06-16 18:12:14 - SPEA2 - INFO -  >> Metrics: {'time': 1.404031234967988, 'size': 44972, 'peaq': -3.277, 'im': -1.605}
2025-06-16 18:12:14 - SPEA2 - INFO - 2077º Individual: {'ar': '44100', 'sample_fmt': 'fltp', 'compression_level': '7', 'reservoir': '0', 'b:a': '108k'}
2025-06-16 18:12:15 - SPEA2 - INFO -  >> Metrics: {'time': 0.8192463429586496, 'size': 159896, 'peaq': -3.098, 'im': -1.324}
2025-06-16 18:12:15 - SPEA2 - INFO - 2078º Individual: {'ar': '44100', 'sample_fmt': 's32p', 'compression_level': '2', 'reservoir': '1', 'b:a': '267k', 'abr': 'True'}
2025-06-16 18:12:16 - SPEA2 - INFO -  >> Metrics: {'time': 0.9975167080119718, 'size': 358438, 'peaq': -2.586, 'im': -0.7}
2025-06-16 18:12:16 - SPEA2 - INFO - 2079º Individual: {'ar': '44100', 'sample_fmt': 'fltp', 'compression_level': '7', 'reservoir': '1', 'b:a': '164k'}
2025-06-16 18:12:17 - SPEA2 - INFO -  >> Metrics: {'time': 0.7350389119819738, 'size': 228390, 'peaq': -2.691, 'im': -0.815}
2025-06-16 18:12:17 - SPEA2 - INFO - 2080º Individual: {'ar': '44100', 'sample_fmt': 's16p', 'compression_level': '5', 'reservoir': '1', 'b:a': '168k', 'abr': 'True'}
2025-06-16 18:12:17 - SPEA2 - INFO -  >> Metrics: {'time': 0.8134042320016306, 'size': 233596, 'peaq': -2.652, 'im': -0.771}
2025-06-16 18:12:17 - SPEA2 - INFO - 2081º Individual: {'ar': '12000', 'sample_fmt': 'fltp', 'compression_level': '7', 'reservoir': '0', 'b:a': '195k'}
2025-06-16 18:12:18 - SPEA2 - INFO -  >> Metrics: {'time': 0.5970447090221569, 'size': 92816, 'peaq': -3.74, 'im': -2.803}
2025-06-16 18:12:18 - SPEA2 - INFO - 2082º Individual: {'ar': '44100', 'sample_fmt': 'fltp', 'compression_level': '7', 'reservoir': '1', 'b:a': '104k'}
2025-06-16 18:12:19 - SPEA2 - INFO -  >> Metrics: {'time': 0.6520538599870633, 'size': 137066, 'peaq': -3.284, 'im': -1.617}
2025-06-16 18:12:19 - SPEA2 - INFO - 2083º Individual: {'ar': '44100', 'sample_fmt': 's32p', 'compression_level': '7', 'reservoir': '1', 'b:a': '168k'}
2025-06-16 18:12:19 - SPEA2 - INFO -  >> Metrics: {'time': 0.6971476540202275, 'size': 228390, 'peaq': -2.692, 'im': -0.815}
2025-06-16 18:12:19 - SPEA2 - INFO - 2084º Individual: {'ar': '44100', 'sample_fmt': 'fltp', 'compression_level': '5', 'reservoir': '1', 'b:a': '126k', 'abr': 'True'}
2025-06-16 18:12:20 - SPEA2 - INFO -  >> Metrics: {'time': 0.8647945339616854, 'size': 173439, 'peaq': -2.868, 'im': -1.022}
2025-06-16 18:12:20 - SPEA2 - INFO - 2085º Individual: {'ar': '44100', 'sample_fmt': 's16p', 'compression_level': '7', 'reservoir': '1', 'b:a': '143k', 'abr': 'True'}
2025-06-16 18:12:21 - SPEA2 - INFO -  >> Metrics: {'time': 0.7202322270022705, 'size': 195471, 'peaq': -2.799, 'im': -0.939}
2025-06-16 18:12:21 - SPEA2 - INFO - 2086º Individual: {'ar': '44100', 'sample_fmt': 'fltp', 'compression_level': '7', 'reservoir': '1', 'b:a': '261k', 'abr': 'True'}
2025-06-16 18:12:22 - SPEA2 - INFO -  >> Metrics: {'time': 0.7810741880093701, 'size': 369068, 'peaq': -2.601, 'im': -0.716}
2025-06-16 18:12:22 - SPEA2 - INFO - 2087º Individual: {'ar': '16000', 'sample_fmt': 'fltp', 'compression_level': '0', 'reservoir': '1', 'b:a': '32k', 'abr': 'True'}
2025-06-16 18:12:23 - SPEA2 - INFO -  >> Metrics: {'time': 1.1840971379715484, 'size': 44972, 'peaq': -3.277, 'im': -1.605}
2025-06-16 18:12:23 - SPEA2 - INFO - 2088º Individual: {'ar': '16000', 'sample_fmt': 'fltp', 'compression_level': '7', 'reservoir': '1', 'b:a': '32k', 'abr': 'True'}
2025-06-16 18:12:23 - SPEA2 - INFO -  >> Metrics: {'time': 0.6054201899969485, 'size': 43856, 'peaq': -3.448, 'im': -1.93}
2025-06-16 18:12:23 - SPEA2 - INFO - 2089º Individual: {'ar': '44100', 'sample_fmt': 'fltp', 'compression_level': '7', 'reservoir': '1', 'b:a': '164k'}
2025-06-16 18:12:24 - SPEA2 - INFO -  >> Metrics: {'time': 0.684864312002901, 'size': 228390, 'peaq': -2.691, 'im': -0.815}
2025-06-16 18:12:24 - SPEA2 - INFO - 2090º Individual: {'ar': '44100', 'sample_fmt': 's16p', 'compression_level': '5', 'reservoir': '1', 'b:a': '261k', 'abr': 'True'}
2025-06-16 18:12:25 - SPEA2 - INFO -  >> Metrics: {'time': 0.7703989360015839, 'size': 365737, 'peaq': -2.585, 'im': -0.698}
2025-06-16 18:12:25 - SPEA2 - INFO - 2091º Individual: {'ar': '44100', 'sample_fmt': 's16p', 'compression_level': '7', 'reservoir': '1', 'b:a': '103k', 'abr': 'True'}
2025-06-16 18:12:26 - SPEA2 - INFO -  >> Metrics: {'time': 0.6639193430019077, 'size': 137435, 'peaq': -3.276, 'im': -1.603}
2025-06-16 18:12:26 - SPEA2 - INFO - 2092º Individual: {'ar': '44100', 'sample_fmt': 'fltp', 'compression_level': '5', 'reservoir': '1', 'b:a': '113k', 'abr': 'True'}
2025-06-16 18:12:26 - SPEA2 - INFO -  >> Metrics: {'time': 0.7700163759873249, 'size': 154180, 'peaq': -2.991, 'im': -1.178}
2025-06-16 18:12:26 - SPEA2 - INFO - 2093º Individual: {'ar': '44100', 'sample_fmt': 's16p', 'compression_level': '5', 'reservoir': '1', 'b:a': '107k'}
2025-06-16 18:12:27 - SPEA2 - INFO -  >> Metrics: {'time': 0.8388445599994157, 'size': 159896, 'peaq': -2.956, 'im': -1.132}
2025-06-16 18:12:27 - SPEA2 - INFO - 2094º Individual: {'ar': '44100', 'sample_fmt': 'fltp', 'compression_level': '7', 'reservoir': '1', 'b:a': '164k', 'abr': 'True'}
2025-06-16 18:12:28 - SPEA2 - INFO -  >> Metrics: {'time': 0.7625375310017262, 'size': 226487, 'peaq': -2.699, 'im': -0.824}
2025-06-16 18:12:28 - SPEA2 - INFO - 2095º Individual: {'ar': '44100', 'sample_fmt': 's16p', 'compression_level': '5', 'reservoir': '1', 'b:a': '103k', 'abr': 'True'}
2025-06-16 18:12:29 - SPEA2 - INFO -  >> Metrics: {'time': 0.7866401260253042, 'size': 140451, 'peaq': -3.161, 'im': -1.418}
2025-06-16 18:12:29 - SPEA2 - INFO - 2096º Individual: {'ar': '44100', 'sample_fmt': 's32p', 'compression_level': '7', 'reservoir': '1', 'b:a': '167k'}
2025-06-16 18:12:30 - SPEA2 - INFO -  >> Metrics: {'time': 0.6949150229920633, 'size': 228390, 'peaq': -2.692, 'im': -0.815}
2025-06-16 18:12:30 - SPEA2 - INFO - 2097º Individual: {'ar': '32000', 'sample_fmt': 's16p', 'compression_level': '7', 'reservoir': '1', 'b:a': '195k'}
2025-06-16 18:12:30 - SPEA2 - INFO -  >> Metrics: {'time': 0.6551297139958479, 'size': 274832, 'peaq': -3.178, 'im': -1.444}
2025-06-16 18:12:30 - SPEA2 - INFO - 2098º Individual: {'ar': '16000', 'sample_fmt': 's32p', 'compression_level': '2', 'reservoir': '1', 'b:a': '142k', 'abr': 'True'}
2025-06-16 18:12:31 - SPEA2 - INFO -  >> Metrics: {'time': 0.7651051849825308, 'size': 162044, 'peaq': -3.751, 'im': -2.855}
2025-06-16 18:12:31 - SPEA2 - INFO - 2099º Individual: {'ar': '44100', 'sample_fmt': 's32p', 'compression_level': '9', 'reservoir': '1', 'b:a': '194k', 'abr': 'True'}
2025-06-16 18:12:32 - SPEA2 - INFO -  >> Metrics: {'time': 0.6691207489930093, 'size': 271799, 'peaq': -2.623, 'im': -0.74}
2025-06-16 18:12:32 - SPEA2 - INFO - 2100º Individual: {'ar': '44100', 'sample_fmt': 'fltp', 'compression_level': '7', 'reservoir': '1', 'b:a': '32k', 'abr': 'True'}
2025-06-16 18:12:32 - SPEA2 - INFO -  >> Metrics: {'time': 0.6422585220134351, 'size': 49324, 'peaq': -3.35, 'im': -1.734}
2025-06-16 18:12:32 - SPEA2 - INFO - 2101º Individual: {'ar': '12000', 'sample_fmt': 'fltp', 'compression_level': '7', 'reservoir': '0', 'b:a': '108k', 'abr': 'True'}
2025-06-16 18:12:33 - SPEA2 - INFO -  >> Metrics: {'time': 0.7863505860150326, 'size': 92528, 'peaq': -3.74, 'im': -2.804}
2025-06-16 18:12:33 - SPEA2 - INFO - 2102º Individual: {'ar': '44100', 'sample_fmt': 'fltp', 'compression_level': '7', 'reservoir': '1', 'b:a': '167k'}
2025-06-16 18:12:34 - SPEA2 - INFO -  >> Metrics: {'time': 0.8577251590031665, 'size': 228390, 'peaq': -2.691, 'im': -0.815}
2025-06-16 18:12:34 - SPEA2 - INFO - 2103º Individual: {'ar': '44100', 'sample_fmt': 's32p', 'compression_level': '5', 'reservoir': '1', 'b:a': '141k', 'abr': 'True'}
2025-06-16 18:12:35 - SPEA2 - INFO -  >> Metrics: {'time': 0.8593054859957192, 'size': 193481, 'peaq': -2.791, 'im': -0.929}
2025-06-16 18:12:35 - SPEA2 - INFO - 2104º Individual: {'ar': '44100', 'sample_fmt': 'fltp', 'compression_level': '7', 'reservoir': '1', 'b:a': '32k', 'abr': 'True'}
2025-06-16 18:12:36 - SPEA2 - INFO -  >> Metrics: {'time': 0.7120563649514224, 'size': 49324, 'peaq': -3.35, 'im': -1.734}
2025-06-16 18:12:36 - SPEA2 - INFO - 2105º Individual: {'ar': '44100', 'sample_fmt': 's32p', 'compression_level': '7', 'reservoir': '1', 'b:a': '126k'}
2025-06-16 18:12:37 - SPEA2 - INFO -  >> Metrics: {'time': 1.3128188879636582, 'size': 182727, 'peaq': -2.916, 'im': -1.081}
2025-06-16 18:12:37 - SPEA2 - INFO - 2106º Individual: {'ar': '32000', 'sample_fmt': 's16p', 'compression_level': '7', 'reservoir': '1', 'b:a': '257k', 'abr': 'True'}
2025-06-16 18:12:38 - SPEA2 - INFO -  >> Metrics: {'time': 0.7938262340321671, 'size': 363968, 'peaq': -3.17, 'im': -1.432}
2025-06-16 18:12:38 - SPEA2 - INFO - 2107º Individual: {'ar': '16000', 'sample_fmt': 'fltp', 'compression_level': '5', 'reservoir': '0', 'aq': '9'}
2025-06-16 18:12:38 - SPEA2 - INFO -  >> Metrics: {'time': 0.6657989870000165, 'size': 67184, 'peaq': -3.818, 'im': -3.218}
2025-06-16 18:12:38 - SPEA2 - INFO - 2108º Individual: {'ar': '44100', 'sample_fmt': 's32p', 'compression_level': '7', 'reservoir': '1', 'b:a': '144k', 'abr': 'True'}
2025-06-16 18:12:39 - SPEA2 - INFO -  >> Metrics: {'time': 0.6981786979886238, 'size': 197201, 'peaq': -2.807, 'im': -0.948}
2025-06-16 18:12:39 - SPEA2 - INFO - 2109º Individual: {'ar': '44100', 'sample_fmt': 'fltp', 'compression_level': '7', 'reservoir': '0', 'b:a': '110k'}
2025-06-16 18:12:40 - SPEA2 - INFO -  >> Metrics: {'time': 0.6964978190080728, 'size': 159896, 'peaq': -3.098, 'im': -1.324}
2025-06-16 18:12:40 - SPEA2 - INFO - 2110º Individual: {'ar': '16000', 'sample_fmt': 's32p', 'compression_level': '9', 'reservoir': '1', 'b:a': '145k', 'abr': 'True'}
2025-06-16 18:12:40 - SPEA2 - INFO -  >> Metrics: {'time': 0.6056358840141911, 'size': 205820, 'peaq': -3.764, 'im': -2.916}
2025-06-16 18:12:40 - SPEA2 - INFO - 2111º Individual: {'ar': '8000', 'sample_fmt': 's16p', 'compression_level': '5', 'reservoir': '1', 'b:a': '166k', 'abr': 'True'}
2025-06-16 18:12:41 - SPEA2 - INFO -  >> Metrics: {'time': 0.609429743984947, 'size': 87920, 'peaq': -3.858, 'im': -3.509}
2025-06-16 18:12:41 - SPEA2 - INFO - 2112º Individual: {'ar': '44100', 'sample_fmt': 's32p', 'compression_level': '9', 'reservoir': '1', 'b:a': '194k', 'abr': 'True'}
2025-06-16 18:12:42 - SPEA2 - INFO -  >> Metrics: {'time': 1.1088907170051243, 'size': 271799, 'peaq': -2.623, 'im': -0.74}
2025-06-16 18:12:42 - SPEA2 - INFO - 2113º Individual: {'ar': '16000', 'sample_fmt': 'fltp', 'compression_level': '7', 'reservoir': '1', 'b:a': '164k', 'abr': 'True'}
2025-06-16 18:12:44 - SPEA2 - INFO -  >> Metrics: {'time': 1.5718173460336402, 'size': 226052, 'peaq': -3.766, 'im': -2.925}
2025-06-16 18:12:44 - SPEA2 - INFO - 2114º Individual: {'ar': '44100', 'sample_fmt': 'fltp', 'compression_level': '7', 'reservoir': '1', 'b:a': '253k', 'abr': 'True'}
2025-06-16 18:12:45 - SPEA2 - INFO -  >> Metrics: {'time': 0.7845501700066961, 'size': 357500, 'peaq': -2.603, 'im': -0.717}
2025-06-16 18:12:45 - SPEA2 - INFO - 2115º Individual: {'ar': '44100', 'sample_fmt': 'fltp', 'compression_level': '9', 'reservoir': '1', 'b:a': '127k', 'abr': 'True'}
2025-06-16 18:12:45 - SPEA2 - INFO -  >> Metrics: {'time': 0.8987982630205806, 'size': 171880, 'peaq': -2.955, 'im': -1.131}
2025-06-16 18:12:45 - SPEA2 - INFO - 2116º Individual: {'ar': '44100', 'sample_fmt': 's32p', 'compression_level': '2', 'reservoir': '1', 'b:a': '106k', 'abr': 'True'}
2025-06-16 18:12:47 - SPEA2 - INFO -  >> Metrics: {'time': 1.0512705609726254, 'size': 142271, 'peaq': -3.293, 'im': -1.633}
2025-06-16 18:12:47 - SPEA2 - INFO - 2117º Individual: {'ar': '44100', 'sample_fmt': 'fltp', 'compression_level': '7', 'reservoir': '1', 'b:a': '126k'}
2025-06-16 18:12:48 - SPEA2 - INFO -  >> Metrics: {'time': 0.9968448050203733, 'size': 182727, 'peaq': -2.916, 'im': -1.081}
2025-06-16 18:12:48 - SPEA2 - INFO - 2118º Individual: {'ar': '8000', 'sample_fmt': 'fltp', 'compression_level': '9', 'reservoir': '1', 'b:a': '32k', 'abr': 'True'}
2025-06-16 18:12:48 - SPEA2 - INFO -  >> Metrics: {'time': 0.6335851389740128, 'size': 45512, 'peaq': -3.856, 'im': -3.492}
2025-06-16 18:12:48 - SPEA2 - INFO - 2119º Individual: {'ar': '32000', 'sample_fmt': 'fltp', 'compression_level': '7', 'reservoir': '1', 'b:a': '32k'}
2025-06-16 18:12:49 - SPEA2 - INFO -  >> Metrics: {'time': 0.6883333819860127, 'size': 45944, 'peaq': -3.434, 'im': -1.9}
2025-06-16 18:12:49 - SPEA2 - INFO - 2120º Individual: {'ar': '32000', 'sample_fmt': 'fltp', 'compression_level': '7', 'reservoir': '1', 'b:a': '107k'}
2025-06-16 18:12:50 - SPEA2 - INFO -  >> Metrics: {'time': 0.8155030409689061, 'size': 160352, 'peaq': -3.405, 'im': -1.841}
2025-06-16 18:12:50 - SPEA2 - INFO - 2121º Individual: {'ar': '32000', 'sample_fmt': 's16p', 'compression_level': '7', 'reservoir': '1', 'b:a': '98k', 'abr': 'True'}
2025-06-16 18:12:50 - SPEA2 - INFO -  >> Metrics: {'time': 0.6915359190024901, 'size': 134036, 'peaq': -3.556, 'im': -2.188}
2025-06-16 18:12:50 - SPEA2 - INFO - 2122º Individual: {'ar': '44100', 'sample_fmt': 'fltp', 'compression_level': '7', 'reservoir': '1', 'b:a': '190k', 'abr': 'True'}
2025-06-16 18:12:51 - SPEA2 - INFO -  >> Metrics: {'time': 0.7909546220034827, 'size': 265551, 'peaq': -2.638, 'im': -0.756}
2025-06-16 18:12:51 - SPEA2 - INFO - 2123º Individual: {'ar': '44100', 'sample_fmt': 'fltp', 'compression_level': '0', 'reservoir': '1', 'b:a': '142k', 'abr': 'True'}
2025-06-16 18:12:53 - SPEA2 - INFO -  >> Metrics: {'time': 1.664592510991497, 'size': 189597, 'peaq': -2.846, 'im': -0.994}
2025-06-16 18:12:53 - SPEA2 - INFO - 2124º Individual: {'ar': '44100', 'sample_fmt': 'fltp', 'compression_level': '7', 'reservoir': '1', 'b:a': '195k', 'abr': 'True'}
2025-06-16 18:12:54 - SPEA2 - INFO -  >> Metrics: {'time': 0.6350609619694296, 'size': 273256, 'peaq': -2.621, 'im': -0.737}
2025-06-16 18:12:54 - SPEA2 - INFO - 2125º Individual: {'ar': '44100', 'sample_fmt': 's32p', 'compression_level': '7', 'reservoir': '1', 'b:a': '168k', 'abr': 'True'}
2025-06-16 18:12:54 - SPEA2 - INFO -  >> Metrics: {'time': 0.6353514829825144, 'size': 232341, 'peaq': -2.684, 'im': -0.807}
2025-06-16 18:12:54 - SPEA2 - INFO - 2126º Individual: {'ar': '44100', 'sample_fmt': 's32p', 'compression_level': '7', 'reservoir': '1', 'b:a': '261k', 'abr': 'True'}
2025-06-16 18:12:55 - SPEA2 - INFO -  >> Metrics: {'time': 0.9449981450161431, 'size': 369068, 'peaq': -2.601, 'im': -0.716}
2025-06-16 18:12:55 - SPEA2 - INFO - 2127º Individual: {'ar': '44100', 'sample_fmt': 'fltp', 'compression_level': '0', 'reservoir': '1', 'b:a': '166k', 'abr': 'True'}
2025-06-16 18:12:57 - SPEA2 - INFO -  >> Metrics: {'time': 1.5409975839720573, 'size': 225282, 'peaq': -2.702, 'im': -0.827}
2025-06-16 18:12:57 - SPEA2 - INFO - 2128º Individual: {'ar': '44100', 'sample_fmt': 'fltp', 'compression_level': '5', 'reservoir': '1', 'b:a': '97k', 'abr': 'True'}
2025-06-16 18:12:57 - SPEA2 - INFO -  >> Metrics: {'time': 0.7910247879917733, 'size': 132546, 'peaq': -3.279, 'im': -1.607}
2025-06-16 18:12:58 - SPEA2 - INFO - 2129º Individual: {'ar': '44100', 'sample_fmt': 's32p', 'compression_level': '5', 'reservoir': '1', 'b:a': '143k', 'abr': 'True'}
2025-06-16 18:12:58 - SPEA2 - INFO -  >> Metrics: {'time': 0.8369122630101629, 'size': 196003, 'peaq': -2.771, 'im': -0.906}
2025-06-16 18:12:58 - SPEA2 - INFO - 2130º Individual: {'ar': '44100', 'sample_fmt': 's16p', 'compression_level': '5', 'reservoir': '1', 'b:a': '167k', 'abr': 'True'}
2025-06-16 18:13:00 - SPEA2 - INFO -  >> Metrics: {'time': 1.2200381300062872, 'size': 231922, 'peaq': -2.659, 'im': -0.779}
2025-06-16 18:13:00 - SPEA2 - INFO - 2131º Individual: {'ar': '44100', 'sample_fmt': 's32p', 'compression_level': '7', 'reservoir': '1', 'b:a': '143k', 'abr': 'True'}
2025-06-16 18:13:00 - SPEA2 - INFO -  >> Metrics: {'time': 0.8946114010177553, 'size': 195422, 'peaq': -2.805, 'im': -0.945}
2025-06-16 18:13:00 - SPEA2 - INFO - 2132º Individual: {'ar': '44100', 'sample_fmt': 's16p', 'compression_level': '5', 'reservoir': '1', 'b:a': '140k', 'abr': 'True'}
2025-06-16 18:13:01 - SPEA2 - INFO -  >> Metrics: {'time': 0.994765058014309, 'size': 192211, 'peaq': -2.792, 'im': -0.931}
2025-06-16 18:13:01 - SPEA2 - INFO - 2133º Individual: {'ar': '44100', 'sample_fmt': 's32p', 'compression_level': '9', 'reservoir': '0', 'b:a': '194k', 'abr': 'True'}
2025-06-16 18:13:03 - SPEA2 - INFO -  >> Metrics: {'time': 1.1691557859885506, 'size': 284227, 'peaq': -2.623, 'im': -0.739}
2025-06-16 18:13:03 - SPEA2 - INFO - 2134º Individual: {'ar': '44100', 'sample_fmt': 's32p', 'compression_level': '2', 'reservoir': '1', 'b:a': '32k', 'abr': 'True'}
2025-06-16 18:13:04 - SPEA2 - INFO -  >> Metrics: {'time': 0.8964239030028693, 'size': 48908, 'peaq': -3.294, 'im': -1.634}
2025-06-16 18:13:04 - SPEA2 - INFO - 2135º Individual: {'ar': '44100', 'sample_fmt': 'fltp', 'compression_level': '5', 'reservoir': '1', 'b:a': '253k', 'abr': 'True'}
2025-06-16 18:13:05 - SPEA2 - INFO -  >> Metrics: {'time': 0.9875787869968917, 'size': 358334, 'peaq': -2.586, 'im': -0.699}
2025-06-16 18:13:05 - SPEA2 - INFO - 2136º Individual: {'ar': '44100', 'sample_fmt': 'fltp', 'compression_level': '7', 'reservoir': '1', 'b:a': '101k', 'abr': 'True'}
2025-06-16 18:13:05 - SPEA2 - INFO -  >> Metrics: {'time': 0.8454274029936641, 'size': 134938, 'peaq': -3.317, 'im': -1.674}
2025-06-16 18:13:05 - SPEA2 - INFO - 2137º Individual: {'ar': '16000', 'sample_fmt': 'fltp', 'compression_level': '5', 'reservoir': '1', 'b:a': '32k', 'abr': 'True'}
2025-06-16 18:13:06 - SPEA2 - INFO -  >> Metrics: {'time': 0.7112997900112532, 'size': 44468, 'peaq': -3.404, 'im': -1.84}
2025-06-16 18:13:06 - SPEA2 - INFO - 2138º Individual: {'ar': '44100', 'sample_fmt': 's32p', 'compression_level': '5', 'reservoir': '1', 'b:a': '126k'}
2025-06-16 18:13:07 - SPEA2 - INFO -  >> Metrics: {'time': 0.8902771050052252, 'size': 182727, 'peaq': -2.832, 'im': -0.978}
2025-06-16 18:13:07 - SPEA2 - INFO - 2139º Individual: {'ar': '44100', 'sample_fmt': 's32p', 'compression_level': '9', 'reservoir': '1', 'b:a': '143k', 'abr': 'True'}
2025-06-16 18:13:08 - SPEA2 - INFO -  >> Metrics: {'time': 0.7306939370173495, 'size': 195422, 'peaq': -2.805, 'im': -0.945}
2025-06-16 18:13:08 - SPEA2 - INFO - 2140º Individual: {'ar': '44100', 'sample_fmt': 'fltp', 'compression_level': '0', 'reservoir': '1', 'b:a': '195k', 'abr': 'True'}
2025-06-16 18:13:09 - SPEA2 - INFO -  >> Metrics: {'time': 1.3351563370088115, 'size': 269192, 'peaq': -2.615, 'im': -0.73}
2025-06-16 18:13:09 - SPEA2 - INFO - 2141º Individual: {'ar': '44100', 'sample_fmt': 's32p', 'compression_level': '3', 'reservoir': '1', 'b:a': '140k', 'abr': 'True'}
2025-06-16 18:13:10 - SPEA2 - INFO -  >> Metrics: {'time': 0.9717082619899884, 'size': 191059, 'peaq': -2.824, 'im': -0.968}
2025-06-16 18:13:10 - SPEA2 - INFO - 2142º Individual: {'ar': '44100', 'sample_fmt': 's32p', 'compression_level': '2', 'reservoir': '1', 'b:a': '141k', 'abr': 'True'}
2025-06-16 18:13:11 - SPEA2 - INFO -  >> Metrics: {'time': 0.9944409950112458, 'size': 188914, 'peaq': -2.857, 'im': -1.008}
2025-06-16 18:13:11 - SPEA2 - INFO - 2143º Individual: {'ar': '8000', 'sample_fmt': 's32p', 'compression_level': '9', 'reservoir': '1', 'b:a': '128k'}
2025-06-16 18:13:12 - SPEA2 - INFO -  >> Metrics: {'time': 0.583757296029944, 'size': 93392, 'peaq': -3.858, 'im': -3.511}
2025-06-16 18:13:12 - SPEA2 - INFO - 2144º Individual: {'ar': '44100', 'sample_fmt': 'fltp', 'compression_level': '5', 'reservoir': '1', 'b:a': '107k', 'abr': 'True'}
2025-06-16 18:13:13 - SPEA2 - INFO -  >> Metrics: {'time': 0.9410997690283693, 'size': 145599, 'peaq': -3.108, 'im': -1.339}
2025-06-16 18:13:13 - SPEA2 - INFO - 2145º Individual: {'ar': '44100', 'sample_fmt': 'fltp', 'compression_level': '5', 'reservoir': '1', 'b:a': '168k', 'abr': 'True'}
2025-06-16 18:13:13 - SPEA2 - INFO -  >> Metrics: {'time': 0.8041244739724789, 'size': 233596, 'peaq': -2.654, 'im': -0.773}
2025-06-16 18:13:13 - SPEA2 - INFO - 2146º Individual: {'ar': '12000', 'sample_fmt': 'fltp', 'compression_level': '9', 'reservoir': '0', 'b:a': '108k'}
2025-06-16 18:13:14 - SPEA2 - INFO -  >> Metrics: {'time': 0.5854598409787286, 'size': 92528, 'peaq': -3.74, 'im': -2.803}
2025-06-16 18:13:14 - SPEA2 - INFO - 2147º Individual: {'ar': '44100', 'sample_fmt': 's32p', 'compression_level': '7', 'reservoir': '1', 'b:a': '135k'}
2025-06-16 18:13:15 - SPEA2 - INFO -  >> Metrics: {'time': 0.6274729679862503, 'size': 182727, 'peaq': -2.916, 'im': -1.081}
2025-06-16 18:13:15 - SPEA2 - INFO - 2148º Individual: {'ar': '44100', 'sample_fmt': 's32p', 'compression_level': '2', 'reservoir': '1', 'aq': '9'}
2025-06-16 18:13:15 - SPEA2 - INFO -  >> Metrics: {'time': 0.644238126988057, 'size': 106330, 'peaq': -3.343, 'im': -1.721}
2025-06-16 18:13:15 - SPEA2 - INFO - 2149º Individual: {'ar': '44100', 'sample_fmt': 's16p', 'compression_level': '9', 'reservoir': '1', 'b:a': '261k', 'abr': 'True'}
2025-06-16 18:13:16 - SPEA2 - INFO -  >> Metrics: {'time': 0.653369756997563, 'size': 368865, 'peaq': -2.596, 'im': -0.71}
2025-06-16 18:13:16 - SPEA2 - INFO - 2150º Individual: {'ar': '32000', 'sample_fmt': 'fltp', 'compression_level': '7', 'reservoir': '0', 'b:a': '168k'}
2025-06-16 18:13:17 - SPEA2 - INFO -  >> Metrics: {'time': 0.5277472879679408, 'size': 229040, 'peaq': -3.202, 'im': -1.481}
2025-06-16 18:13:17 - SPEA2 - INFO - 2151º Individual: {'ar': '16000', 'sample_fmt': 'fltp', 'compression_level': '0', 'reservoir': '1', 'b:a': '107k', 'abr': 'True'}
2025-06-16 18:13:17 - SPEA2 - INFO -  >> Metrics: {'time': 0.8304553610214498, 'size': 99944, 'peaq': -3.781, 'im': -3.003}
2025-06-16 18:13:17 - SPEA2 - INFO - 2152º Individual: {'ar': '44100', 'sample_fmt': 'fltp', 'compression_level': '5', 'reservoir': '1', 'b:a': '32k', 'abr': 'True'}
2025-06-16 18:13:18 - SPEA2 - INFO -  >> Metrics: {'time': 0.6306809429952409, 'size': 49350, 'peaq': -3.348, 'im': -1.73}
2025-06-16 18:13:18 - SPEA2 - INFO - 2153º Individual: {'ar': '12000', 'sample_fmt': 'fltp', 'compression_level': '7', 'reservoir': '1', 'b:a': '168k'}
2025-06-16 18:13:19 - SPEA2 - INFO -  >> Metrics: {'time': 0.5576884079782758, 'size': 92816, 'peaq': -3.742, 'im': -2.811}
2025-06-16 18:13:19 - SPEA2 - INFO - 2154º Individual: {'ar': '32000', 'sample_fmt': 'fltp', 'compression_level': '3', 'reservoir': '1', 'b:a': '192k', 'abr': 'True'}
2025-06-16 18:13:19 - SPEA2 - INFO -  >> Metrics: {'time': 0.6354409769701306, 'size': 263600, 'peaq': -3.181, 'im': -1.448}
2025-06-16 18:13:19 - SPEA2 - INFO - 2155º Individual: {'ar': '44100', 'sample_fmt': 's32p', 'compression_level': '7', 'reservoir': '1', 'b:a': '265k'}
2025-06-16 18:13:20 - SPEA2 - INFO -  >> Metrics: {'time': 0.6746385539881885, 'size': 365375, 'peaq': -2.604, 'im': -0.719}
2025-06-16 18:13:20 - SPEA2 - INFO - 2156º Individual: {'ar': '32000', 'sample_fmt': 'fltp', 'compression_level': '5', 'reservoir': '1', 'b:a': '97k', 'abr': 'True'}
2025-06-16 18:13:21 - SPEA2 - INFO -  >> Metrics: {'time': 0.642908843990881, 'size': 134288, 'peaq': -3.43, 'im': -1.893}
2025-06-16 18:13:21 - SPEA2 - INFO - 2157º Individual: {'ar': '44100', 'sample_fmt': 's32p', 'compression_level': '2', 'reservoir': '1', 'b:a': '143k', 'abr': 'True'}
2025-06-16 18:13:21 - SPEA2 - INFO -  >> Metrics: {'time': 0.9124964280345012, 'size': 190907, 'peaq': -2.837, 'im': -0.984}
2025-06-16 18:13:21 - SPEA2 - INFO - 2158º Individual: {'ar': '44100', 'sample_fmt': 's32p', 'compression_level': '7', 'reservoir': '1', 'b:a': '140k', 'abr': 'True'}
2025-06-16 18:13:22 - SPEA2 - INFO -  >> Metrics: {'time': 0.6704947290127166, 'size': 190797, 'peaq': -2.834, 'im': -0.98}
2025-06-16 18:13:22 - SPEA2 - INFO - 2159º Individual: {'ar': '8000', 'sample_fmt': 'fltp', 'compression_level': '0', 'reservoir': '1', 'b:a': '128k', 'abr': 'True'}
2025-06-16 18:13:23 - SPEA2 - INFO -  >> Metrics: {'time': 0.6898102249833755, 'size': 66968, 'peaq': -3.857, 'im': -3.5}
2025-06-16 18:13:23 - SPEA2 - INFO - 2160º Individual: {'ar': '44100', 'sample_fmt': 'fltp', 'compression_level': '9', 'reservoir': '1', 'b:a': '110k', 'abr': 'True'}
2025-06-16 18:13:24 - SPEA2 - INFO -  >> Metrics: {'time': 0.7714896299876273, 'size': 147056, 'peaq': -3.215, 'im': -1.502}
2025-06-16 18:13:24 - SPEA2 - INFO - 2161º Individual: {'ar': '16000', 'sample_fmt': 'fltp', 'compression_level': '8', 'reservoir': '0', 'aq': '9'}
2025-06-16 18:13:24 - SPEA2 - INFO -  >> Metrics: {'time': 0.5571823430072982, 'size': 68300, 'peaq': -3.805, 'im': -3.135}
2025-06-16 18:13:24 - SPEA2 - INFO - 2162º Individual: {'ar': '44100', 'sample_fmt': 's16p', 'compression_level': '9', 'reservoir': '1', 'b:a': '194k', 'abr': 'True'}
2025-06-16 18:13:25 - SPEA2 - INFO -  >> Metrics: {'time': 0.5981629909947515, 'size': 271695, 'peaq': -2.62, 'im': -0.736}
2025-06-16 18:13:25 - SPEA2 - INFO - 2163º Individual: {'ar': '12000', 'sample_fmt': 'fltp', 'compression_level': '7', 'reservoir': '0', 'b:a': '108k'}
2025-06-16 18:13:25 - SPEA2 - INFO -  >> Metrics: {'time': 0.516222485981416, 'size': 92528, 'peaq': -3.74, 'im': -2.803}
2025-06-16 18:13:25 - SPEA2 - INFO - 2164º Individual: {'ar': '44100', 'sample_fmt': 'fltp', 'compression_level': '0', 'reservoir': '1', 'b:a': '32k', 'abr': 'True'}
2025-06-16 18:13:26 - SPEA2 - INFO -  >> Metrics: {'time': 0.9407535820209887, 'size': 49402, 'peaq': -3.132, 'im': -1.375}
2025-06-16 18:13:26 - SPEA2 - INFO - 2165º Individual: {'ar': '44100', 'sample_fmt': 'fltp', 'compression_level': '2', 'reservoir': '1', 'b:a': '142k', 'abr': 'True'}
2025-06-16 18:13:27 - SPEA2 - INFO -  >> Metrics: {'time': 1.0760054839774966, 'size': 189797, 'peaq': -2.846, 'im': -0.995}
2025-06-16 18:13:27 - SPEA2 - INFO - 2166º Individual: {'ar': '8000', 'sample_fmt': 's16p', 'compression_level': '2', 'reservoir': '1', 'b:a': '126k', 'abr': 'True'}
2025-06-16 18:13:28 - SPEA2 - INFO -  >> Metrics: {'time': 0.7430250060278922, 'size': 76328, 'peaq': -3.858, 'im': -3.512}
2025-06-16 18:13:28 - SPEA2 - INFO - 2167º Individual: {'ar': '44100', 'sample_fmt': 'fltp', 'compression_level': '2', 'reservoir': '1', 'b:a': '193k', 'abr': 'True'}
2025-06-16 18:13:29 - SPEA2 - INFO -  >> Metrics: {'time': 1.2238571769848932, 'size': 266275, 'peaq': -2.621, 'im': -0.738}
2025-06-16 18:13:29 - SPEA2 - INFO - 2168º Individual: {'ar': '44100', 'sample_fmt': 's16p', 'compression_level': '9', 'reservoir': '1', 'b:a': '261k', 'abr': 'True'}
2025-06-16 18:13:30 - SPEA2 - INFO -  >> Metrics: {'time': 0.6257059919880703, 'size': 368865, 'peaq': -2.596, 'im': -0.71}
2025-06-16 18:13:30 - SPEA2 - INFO - 2169º Individual: {'ar': '12000', 'sample_fmt': 'fltp', 'compression_level': '7', 'reservoir': '1', 'b:a': '32k', 'abr': 'True'}
2025-06-16 18:13:31 - SPEA2 - INFO -  >> Metrics: {'time': 0.6779302759969141, 'size': 43808, 'peaq': -3.777, 'im': -2.982}
2025-06-16 18:13:31 - SPEA2 - INFO - 2170º Individual: {'ar': '44100', 'sample_fmt': 'fltp', 'compression_level': '7', 'reservoir': '1', 'b:a': '162k'}
2025-06-16 18:13:31 - SPEA2 - INFO -  >> Metrics: {'time': 0.7140918540244456, 'size': 228390, 'peaq': -2.691, 'im': -0.815}
2025-06-16 18:13:31 - SPEA2 - INFO - 2171º Individual: {'ar': '44100', 'sample_fmt': 'fltp', 'compression_level': '7', 'reservoir': '1', 'b:a': '267k'}
2025-06-16 18:13:32 - SPEA2 - INFO -  >> Metrics: {'time': 0.7715761090221349, 'size': 365375, 'peaq': -2.605, 'im': -0.72}
2025-06-16 18:13:32 - SPEA2 - INFO - 2172º Individual: {'ar': '8000', 'sample_fmt': 'fltp', 'compression_level': '2', 'reservoir': '1', 'b:a': '167k'}
2025-06-16 18:13:33 - SPEA2 - INFO -  >> Metrics: {'time': 0.6686141920217779, 'size': 93680, 'peaq': -3.859, 'im': -3.517}
2025-06-16 18:13:33 - SPEA2 - INFO - 2173º Individual: {'ar': '44100', 'sample_fmt': 's32p', 'compression_level': '7', 'reservoir': '1', 'b:a': '103k'}
2025-06-16 18:13:34 - SPEA2 - INFO -  >> Metrics: {'time': 0.7206920670287218, 'size': 137066, 'peaq': -3.284, 'im': -1.617}
2025-06-16 18:13:34 - SPEA2 - INFO - 2174º Individual: {'ar': '44100', 'sample_fmt': 'fltp', 'compression_level': '7', 'reservoir': '1', 'b:a': '113k', 'abr': 'True'}
2025-06-16 18:13:34 - SPEA2 - INFO -  >> Metrics: {'time': 0.5898099129844923, 'size': 151164, 'peaq': -3.164, 'im': -1.423}
2025-06-16 18:13:34 - SPEA2 - INFO - 2175º Individual: {'ar': '8000', 'sample_fmt': 'fltp', 'compression_level': '7', 'reservoir': '1', 'b:a': '132k', 'abr': 'True'}
2025-06-16 18:13:35 - SPEA2 - INFO -  >> Metrics: {'time': 0.736739289975958, 'size': 92096, 'peaq': -3.858, 'im': -3.51}
2025-06-16 18:13:35 - SPEA2 - INFO - 2176º Individual: {'ar': '44100', 'sample_fmt': 'fltp', 'compression_level': '7', 'reservoir': '1', 'b:a': '137k', 'abr': 'True'}
2025-06-16 18:13:36 - SPEA2 - INFO -  >> Metrics: {'time': 0.6246162409952376, 'size': 186596, 'peaq': -2.864, 'im': -1.016}
2025-06-16 18:13:36 - SPEA2 - INFO - 2177º Individual: {'ar': '12000', 'sample_fmt': 'fltp', 'compression_level': '7', 'reservoir': '1', 'b:a': '108k'}
2025-06-16 18:13:36 - SPEA2 - INFO -  >> Metrics: {'time': 0.5299135789973661, 'size': 92528, 'peaq': -3.742, 'im': -2.811}
2025-06-16 18:13:36 - SPEA2 - INFO - 2178º Individual: {'ar': '44100', 'sample_fmt': 'fltp', 'compression_level': '5', 'reservoir': '1', 'b:a': '107k', 'abr': 'True'}
2025-06-16 18:13:37 - SPEA2 - INFO -  >> Metrics: {'time': 0.7449823129863944, 'size': 145599, 'peaq': -3.108, 'im': -1.339}
2025-06-16 18:13:37 - SPEA2 - INFO - 2179º Individual: {'ar': '32000', 'sample_fmt': 'fltp', 'compression_level': '7', 'reservoir': '1', 'b:a': '254k', 'abr': 'True'}
2025-06-16 18:13:38 - SPEA2 - INFO -  >> Metrics: {'time': 0.8939249629620463, 'size': 360512, 'peaq': -3.174, 'im': -1.437}
2025-06-16 18:13:38 - SPEA2 - INFO - 2180º Individual: {'ar': '44100', 'sample_fmt': 's32p', 'compression_level': '7', 'reservoir': '1', 'b:a': '143k'}
